-- MySQL dump 10.13  Distrib 8.0.32, for Win64 (x86_64)
--
-- Host: localhost    Database: autowscs
-- ------------------------------------------------------
-- Server version	8.0.32

/*!40101 SET @OLD_CHARACTER_SET_CLIENT=@@CHARACTER_SET_CLIENT */;
/*!40101 SET @OLD_CHARACTER_SET_RESULTS=@@CHARACTER_SET_RESULTS */;
/*!40101 SET @OLD_COLLATION_CONNECTION=@@COLLATION_CONNECTION */;
/*!50503 SET NAMES utf8mb4 */;
/*!40103 SET @OLD_TIME_ZONE=@@TIME_ZONE */;
/*!40103 SET TIME_ZONE='+00:00' */;
/*!40014 SET @OLD_UNIQUE_CHECKS=@@UNIQUE_CHECKS, UNIQUE_CHECKS=0 */;
/*!40014 SET @OLD_FOREIGN_KEY_CHECKS=@@FOREIGN_KEY_CHECKS, FOREIGN_KEY_CHECKS=0 */;
/*!40101 SET @OLD_SQL_MODE=@@SQL_MODE, SQL_MODE='NO_AUTO_VALUE_ON_ZERO' */;
/*!40111 SET @OLD_SQL_NOTES=@@SQL_NOTES, SQL_NOTES=0 */;

--
-- Table structure for table `auth_group`
--

DROP TABLE IF EXISTS `auth_group`;
/*!40101 SET @saved_cs_client     = @@character_set_client */;
/*!50503 SET character_set_client = utf8mb4 */;
CREATE TABLE `auth_group` (
  `id` int NOT NULL AUTO_INCREMENT,
  `name` varchar(80) NOT NULL,
  PRIMARY KEY (`id`),
  UNIQUE KEY `name` (`name`)
) ENGINE=InnoDB DEFAULT CHARSET=latin1;
/*!40101 SET character_set_client = @saved_cs_client */;

--
-- Dumping data for table `auth_group`
--

LOCK TABLES `auth_group` WRITE;
/*!40000 ALTER TABLE `auth_group` DISABLE KEYS */;
/*!40000 ALTER TABLE `auth_group` ENABLE KEYS */;
UNLOCK TABLES;

--
-- Table structure for table `auth_group_permissions`
--

DROP TABLE IF EXISTS `auth_group_permissions`;
/*!40101 SET @saved_cs_client     = @@character_set_client */;
/*!50503 SET character_set_client = utf8mb4 */;
CREATE TABLE `auth_group_permissions` (
  `id` int NOT NULL AUTO_INCREMENT,
  `group_id` int NOT NULL,
  `permission_id` int NOT NULL,
  PRIMARY KEY (`id`),
  UNIQUE KEY `auth_group_permissions_group_id_permission_id_0cd325b0_uniq` (`group_id`,`permission_id`),
  KEY `auth_group_permissio_permission_id_84c5c92e_fk_auth_perm` (`permission_id`),
  CONSTRAINT `auth_group_permissio_permission_id_84c5c92e_fk_auth_perm` FOREIGN KEY (`permission_id`) REFERENCES `auth_permission` (`id`),
  CONSTRAINT `auth_group_permissions_group_id_b120cbf9_fk_auth_group_id` FOREIGN KEY (`group_id`) REFERENCES `auth_group` (`id`)
) ENGINE=InnoDB DEFAULT CHARSET=latin1;
/*!40101 SET character_set_client = @saved_cs_client */;

--
-- Dumping data for table `auth_group_permissions`
--

LOCK TABLES `auth_group_permissions` WRITE;
/*!40000 ALTER TABLE `auth_group_permissions` DISABLE KEYS */;
/*!40000 ALTER TABLE `auth_group_permissions` ENABLE KEYS */;
UNLOCK TABLES;

--
-- Table structure for table `auth_permission`
--

DROP TABLE IF EXISTS `auth_permission`;
/*!40101 SET @saved_cs_client     = @@character_set_client */;
/*!50503 SET character_set_client = utf8mb4 */;
CREATE TABLE `auth_permission` (
  `id` int NOT NULL AUTO_INCREMENT,
  `name` varchar(255) NOT NULL,
  `content_type_id` int NOT NULL,
  `codename` varchar(100) NOT NULL,
  PRIMARY KEY (`id`),
  UNIQUE KEY `auth_permission_content_type_id_codename_01ab375a_uniq` (`content_type_id`,`codename`),
  CONSTRAINT `auth_permission_content_type_id_2f476e4b_fk_django_co` FOREIGN KEY (`content_type_id`) REFERENCES `django_content_type` (`id`)
) ENGINE=InnoDB AUTO_INCREMENT=25 DEFAULT CHARSET=latin1;
/*!40101 SET character_set_client = @saved_cs_client */;

--
-- Dumping data for table `auth_permission`
--

LOCK TABLES `auth_permission` WRITE;
/*!40000 ALTER TABLE `auth_permission` DISABLE KEYS */;
INSERT INTO `auth_permission` VALUES (1,'Can add log entry',1,'add_logentry'),(2,'Can change log entry',1,'change_logentry'),(3,'Can delete log entry',1,'delete_logentry'),(4,'Can view log entry',1,'view_logentry'),(5,'Can add permission',2,'add_permission'),(6,'Can change permission',2,'change_permission'),(7,'Can delete permission',2,'delete_permission'),(8,'Can view permission',2,'view_permission'),(9,'Can add group',3,'add_group'),(10,'Can change group',3,'change_group'),(11,'Can delete group',3,'delete_group'),(12,'Can view group',3,'view_group'),(13,'Can add user',4,'add_user'),(14,'Can change user',4,'change_user'),(15,'Can delete user',4,'delete_user'),(16,'Can view user',4,'view_user'),(17,'Can add content type',5,'add_contenttype'),(18,'Can change content type',5,'change_contenttype'),(19,'Can delete content type',5,'delete_contenttype'),(20,'Can view content type',5,'view_contenttype'),(21,'Can add session',6,'add_session'),(22,'Can change session',6,'change_session'),(23,'Can delete session',6,'delete_session'),(24,'Can view session',6,'view_session');
/*!40000 ALTER TABLE `auth_permission` ENABLE KEYS */;
UNLOCK TABLES;

--
-- Table structure for table `auth_user`
--

DROP TABLE IF EXISTS `auth_user`;
/*!40101 SET @saved_cs_client     = @@character_set_client */;
/*!50503 SET character_set_client = utf8mb4 */;
CREATE TABLE `auth_user` (
  `id` int NOT NULL AUTO_INCREMENT,
  `password` varchar(128) NOT NULL,
  `last_login` datetime(6) DEFAULT NULL,
  `is_superuser` tinyint(1) NOT NULL,
  `username` varchar(150) NOT NULL,
  `first_name` varchar(30) NOT NULL,
  `last_name` varchar(150) NOT NULL,
  `email` varchar(254) NOT NULL,
  `is_staff` tinyint(1) NOT NULL,
  `is_active` tinyint(1) NOT NULL,
  `date_joined` datetime(6) NOT NULL,
  PRIMARY KEY (`id`),
  UNIQUE KEY `username` (`username`)
) ENGINE=InnoDB AUTO_INCREMENT=2 DEFAULT CHARSET=latin1;
/*!40101 SET character_set_client = @saved_cs_client */;

--
-- Dumping data for table `auth_user`
--

LOCK TABLES `auth_user` WRITE;
/*!40000 ALTER TABLE `auth_user` DISABLE KEYS */;
INSERT INTO `auth_user` VALUES (1,'pbkdf2_sha256$120000$t1PV0MeFrM2P$mdFVt5O/PMrM6U6PP4ei7LDjVNuN0OJi97bq+oRxpQg=','2020-10-19 22:21:14.385392',0,'kgayke','','','k2gaike@gmail.com',0,1,'2020-10-19 22:21:13.589791');
/*!40000 ALTER TABLE `auth_user` ENABLE KEYS */;
UNLOCK TABLES;

--
-- Table structure for table `auth_user_groups`
--

DROP TABLE IF EXISTS `auth_user_groups`;
/*!40101 SET @saved_cs_client     = @@character_set_client */;
/*!50503 SET character_set_client = utf8mb4 */;
CREATE TABLE `auth_user_groups` (
  `id` int NOT NULL AUTO_INCREMENT,
  `user_id` int NOT NULL,
  `group_id` int NOT NULL,
  PRIMARY KEY (`id`),
  UNIQUE KEY `auth_user_groups_user_id_group_id_94350c0c_uniq` (`user_id`,`group_id`),
  KEY `auth_user_groups_group_id_97559544_fk_auth_group_id` (`group_id`),
  CONSTRAINT `auth_user_groups_group_id_97559544_fk_auth_group_id` FOREIGN KEY (`group_id`) REFERENCES `auth_group` (`id`),
  CONSTRAINT `auth_user_groups_user_id_6a12ed8b_fk_auth_user_id` FOREIGN KEY (`user_id`) REFERENCES `auth_user` (`id`)
) ENGINE=InnoDB DEFAULT CHARSET=latin1;
/*!40101 SET character_set_client = @saved_cs_client */;

--
-- Dumping data for table `auth_user_groups`
--

LOCK TABLES `auth_user_groups` WRITE;
/*!40000 ALTER TABLE `auth_user_groups` DISABLE KEYS */;
/*!40000 ALTER TABLE `auth_user_groups` ENABLE KEYS */;
UNLOCK TABLES;

--
-- Table structure for table `auth_user_user_permissions`
--

DROP TABLE IF EXISTS `auth_user_user_permissions`;
/*!40101 SET @saved_cs_client     = @@character_set_client */;
/*!50503 SET character_set_client = utf8mb4 */;
CREATE TABLE `auth_user_user_permissions` (
  `id` int NOT NULL AUTO_INCREMENT,
  `user_id` int NOT NULL,
  `permission_id` int NOT NULL,
  PRIMARY KEY (`id`),
  UNIQUE KEY `auth_user_user_permissions_user_id_permission_id_14a6b632_uniq` (`user_id`,`permission_id`),
  KEY `auth_user_user_permi_permission_id_1fbb5f2c_fk_auth_perm` (`permission_id`),
  CONSTRAINT `auth_user_user_permi_permission_id_1fbb5f2c_fk_auth_perm` FOREIGN KEY (`permission_id`) REFERENCES `auth_permission` (`id`),
  CONSTRAINT `auth_user_user_permissions_user_id_a95ead1b_fk_auth_user_id` FOREIGN KEY (`user_id`) REFERENCES `auth_user` (`id`)
) ENGINE=InnoDB DEFAULT CHARSET=latin1;
/*!40101 SET character_set_client = @saved_cs_client */;

--
-- Dumping data for table `auth_user_user_permissions`
--

LOCK TABLES `auth_user_user_permissions` WRITE;
/*!40000 ALTER TABLE `auth_user_user_permissions` DISABLE KEYS */;
/*!40000 ALTER TABLE `auth_user_user_permissions` ENABLE KEYS */;
UNLOCK TABLES;

--
-- Table structure for table `careerpath`
--

DROP TABLE IF EXISTS `careerpath`;
/*!40101 SET @saved_cs_client     = @@character_set_client */;
/*!50503 SET character_set_client = utf8mb4 */;
CREATE TABLE `careerpath` (
  `careerPathID` char(4) NOT NULL,
  `careerPathName` varchar(50) DEFAULT NULL,
  PRIMARY KEY (`careerPathID`)
) ENGINE=InnoDB DEFAULT CHARSET=latin1;
/*!40101 SET character_set_client = @saved_cs_client */;

--
-- Dumping data for table `careerpath`
--

LOCK TABLES `careerpath` WRITE;
/*!40000 ALTER TABLE `careerpath` DISABLE KEYS */;
INSERT INTO `careerpath` VALUES ('C100','Data Analyst');
/*!40000 ALTER TABLE `careerpath` ENABLE KEYS */;
UNLOCK TABLES;

--
-- Table structure for table `django_admin_log`
--

DROP TABLE IF EXISTS `django_admin_log`;
/*!40101 SET @saved_cs_client     = @@character_set_client */;
/*!50503 SET character_set_client = utf8mb4 */;
CREATE TABLE `django_admin_log` (
  `id` int NOT NULL AUTO_INCREMENT,
  `action_time` datetime(6) NOT NULL,
  `object_id` longtext,
  `object_repr` varchar(200) NOT NULL,
  `action_flag` smallint unsigned NOT NULL,
  `change_message` longtext NOT NULL,
  `content_type_id` int DEFAULT NULL,
  `user_id` int NOT NULL,
  PRIMARY KEY (`id`),
  KEY `django_admin_log_content_type_id_c4bce8eb_fk_django_co` (`content_type_id`),
  KEY `django_admin_log_user_id_c564eba6_fk_auth_user_id` (`user_id`),
  CONSTRAINT `django_admin_log_content_type_id_c4bce8eb_fk_django_co` FOREIGN KEY (`content_type_id`) REFERENCES `django_content_type` (`id`),
  CONSTRAINT `django_admin_log_user_id_c564eba6_fk_auth_user_id` FOREIGN KEY (`user_id`) REFERENCES `auth_user` (`id`)
) ENGINE=InnoDB DEFAULT CHARSET=latin1;
/*!40101 SET character_set_client = @saved_cs_client */;

--
-- Dumping data for table `django_admin_log`
--

LOCK TABLES `django_admin_log` WRITE;
/*!40000 ALTER TABLE `django_admin_log` DISABLE KEYS */;
/*!40000 ALTER TABLE `django_admin_log` ENABLE KEYS */;
UNLOCK TABLES;

--
-- Table structure for table `django_content_type`
--

DROP TABLE IF EXISTS `django_content_type`;
/*!40101 SET @saved_cs_client     = @@character_set_client */;
/*!50503 SET character_set_client = utf8mb4 */;
CREATE TABLE `django_content_type` (
  `id` int NOT NULL AUTO_INCREMENT,
  `app_label` varchar(100) NOT NULL,
  `model` varchar(100) NOT NULL,
  PRIMARY KEY (`id`),
  UNIQUE KEY `django_content_type_app_label_model_76bd3d3b_uniq` (`app_label`,`model`)
) ENGINE=InnoDB AUTO_INCREMENT=7 DEFAULT CHARSET=latin1;
/*!40101 SET character_set_client = @saved_cs_client */;

--
-- Dumping data for table `django_content_type`
--

LOCK TABLES `django_content_type` WRITE;
/*!40000 ALTER TABLE `django_content_type` DISABLE KEYS */;
INSERT INTO `django_content_type` VALUES (1,'admin','logentry'),(3,'auth','group'),(2,'auth','permission'),(4,'auth','user'),(5,'contenttypes','contenttype'),(6,'sessions','session');
/*!40000 ALTER TABLE `django_content_type` ENABLE KEYS */;
UNLOCK TABLES;

--
-- Table structure for table `django_migrations`
--

DROP TABLE IF EXISTS `django_migrations`;
/*!40101 SET @saved_cs_client     = @@character_set_client */;
/*!50503 SET character_set_client = utf8mb4 */;
CREATE TABLE `django_migrations` (
  `id` int NOT NULL AUTO_INCREMENT,
  `app` varchar(255) NOT NULL,
  `name` varchar(255) NOT NULL,
  `applied` datetime(6) NOT NULL,
  PRIMARY KEY (`id`)
) ENGINE=InnoDB AUTO_INCREMENT=16 DEFAULT CHARSET=latin1;
/*!40101 SET character_set_client = @saved_cs_client */;

--
-- Dumping data for table `django_migrations`
--

LOCK TABLES `django_migrations` WRITE;
/*!40000 ALTER TABLE `django_migrations` DISABLE KEYS */;
INSERT INTO `django_migrations` VALUES (1,'contenttypes','0001_initial','2020-03-09 23:45:06.538733'),(2,'auth','0001_initial','2020-03-09 23:45:10.018233'),(3,'admin','0001_initial','2020-03-09 23:45:11.118233'),(4,'admin','0002_logentry_remove_auto_add','2020-03-09 23:45:11.139233'),(5,'admin','0003_logentry_add_action_flag_choices','2020-03-09 23:45:11.169233'),(6,'contenttypes','0002_remove_content_type_name','2020-03-09 23:45:11.498233'),(7,'auth','0002_alter_permission_name_max_length','2020-03-09 23:45:11.539233'),(8,'auth','0003_alter_user_email_max_length','2020-03-09 23:45:11.619233'),(9,'auth','0004_alter_user_username_opts','2020-03-09 23:45:11.629233'),(10,'auth','0005_alter_user_last_login_null','2020-03-09 23:45:11.770233'),(11,'auth','0006_require_contenttypes_0002','2020-03-09 23:45:11.810233'),(12,'auth','0007_alter_validators_add_error_messages','2020-03-09 23:45:11.820233'),(13,'auth','0008_alter_user_username_max_length','2020-03-09 23:45:11.831233'),(14,'auth','0009_alter_user_last_name_max_length','2020-03-09 23:45:11.949233'),(15,'sessions','0001_initial','2020-03-09 23:45:12.140233');
/*!40000 ALTER TABLE `django_migrations` ENABLE KEYS */;
UNLOCK TABLES;

--
-- Table structure for table `django_session`
--

DROP TABLE IF EXISTS `django_session`;
/*!40101 SET @saved_cs_client     = @@character_set_client */;
/*!50503 SET character_set_client = utf8mb4 */;
CREATE TABLE `django_session` (
  `session_key` varchar(40) NOT NULL,
  `session_data` longtext NOT NULL,
  `expire_date` datetime(6) NOT NULL,
  PRIMARY KEY (`session_key`),
  KEY `django_session_expire_date_a5c62663` (`expire_date`)
) ENGINE=InnoDB DEFAULT CHARSET=latin1;
/*!40101 SET character_set_client = @saved_cs_client */;

--
-- Dumping data for table `django_session`
--

LOCK TABLES `django_session` WRITE;
/*!40000 ALTER TABLE `django_session` DISABLE KEYS */;
INSERT INTO `django_session` VALUES ('tyl1c5xdi2x8x2jwg76rgv4m7k8zrh9f','Y2FhMTEwYWE3NTdhZjlkMTFkYzhlMDM0OGM4NTU4YzVjZGQwZDM0Njp7Il9hdXRoX3VzZXJfaWQiOiIxIiwiX2F1dGhfdXNlcl9iYWNrZW5kIjoiZGphbmdvLmNvbnRyaWIuYXV0aC5iYWNrZW5kcy5Nb2RlbEJhY2tlbmQiLCJfYXV0aF91c2VyX2hhc2giOiJmMzIyNjA4ZWY3OTQ5MWYwMTUwOGMyMDFlMDIzZmRjNjI3MTU4N2IzIn0=','2020-11-02 22:21:14.400992');
/*!40000 ALTER TABLE `django_session` ENABLE KEYS */;
UNLOCK TABLES;

--
-- Table structure for table `initialgoalparameter`
--

DROP TABLE IF EXISTS `initialgoalparameter`;
/*!40101 SET @saved_cs_client     = @@character_set_client */;
/*!50503 SET character_set_client = utf8mb4 */;
CREATE TABLE `initialgoalparameter` (
  `transactionID` bigint NOT NULL,
  `iorg` varchar(10) NOT NULL,
  `parameterID` varchar(10) NOT NULL,
  PRIMARY KEY (`transactionID`,`iorg`,`parameterID`),
  KEY `knowledgeID` (`parameterID`),
  CONSTRAINT `initialgoalparameter_ibfk_1` FOREIGN KEY (`parameterID`) REFERENCES `parameterlist` (`parameterID`)
) ENGINE=InnoDB DEFAULT CHARSET=latin1;
/*!40101 SET character_set_client = @saved_cs_client */;

--
-- Dumping data for table `initialgoalparameter`
--

LOCK TABLES `initialgoalparameter` WRITE;
/*!40000 ALTER TABLE `initialgoalparameter` DISABLE KEYS */;
INSERT INTO `initialgoalparameter` VALUES (1,'I','p1'),(2,'I','p1'),(3,'I','p1'),(4,'I','p1'),(9,'I','p1'),(10,'I','p1'),(11,'G','p1'),(14,'G','p1'),(15,'I','p1'),(17,'I','p1'),(20,'G','p1'),(24,'G','p1'),(26,'G','p1'),(28,'I','p1'),(29,'G','p1'),(30,'I','p1'),(2,'I','p10'),(4,'G','p10'),(6,'I','p10'),(10,'G','p10'),(14,'G','p10'),(16,'I','p10'),(21,'I','p10'),(22,'G','p10'),(25,'I','p10'),(28,'G','p10'),(30,'I','p10'),(1,'I','p11'),(3,'G','p11'),(4,'I','p11'),(5,'I','p11'),(7,'G','p11'),(8,'G','p11'),(13,'I','p11'),(14,'I','p11'),(16,'G','p11'),(18,'I','p11'),(19,'G','p11'),(22,'I','p11'),(24,'G','p11'),(26,'G','p11'),(28,'G','p11'),(29,'G','p11'),(1,'I','p12'),(2,'G','p12'),(4,'G','p12'),(5,'I','p12'),(7,'G','p12'),(9,'I','p12'),(13,'I','p12'),(20,'I','p12'),(24,'G','p12'),(26,'G','p12'),(1,'G','p13'),(5,'G','p13'),(9,'I','p13'),(11,'G','p13'),(15,'I','p13'),(16,'G','p13'),(17,'I','p13'),(22,'G','p13'),(27,'G','p13'),(28,'I','p13'),(3,'G','p14'),(4,'I','p14'),(6,'G','p14'),(7,'G','p14'),(8,'G','p14'),(13,'I','p14'),(16,'I','p14'),(21,'I','p14'),(22,'G','p14'),(25,'G','p14'),(26,'G','p14'),(29,'G','p14'),(1,'I','p15'),(2,'I','p15'),(3,'I','p15'),(5,'G','p15'),(6,'G','p15'),(8,'G','p15'),(12,'I','p15'),(15,'G','p15'),(17,'G','p15'),(18,'I','p15'),(19,'I','p15'),(20,'G','p15'),(22,'I','p15'),(24,'I','p15'),(25,'I','p15'),(26,'G','p15'),(27,'I','p15'),(1,'G','p16'),(3,'I','p16'),(6,'G','p16'),(7,'I','p16'),(9,'I','p16'),(10,'I','p16'),(11,'I','p16'),(12,'G','p16'),(14,'I','p16'),(15,'I','p16'),(17,'G','p16'),(18,'G','p16'),(19,'I','p16'),(20,'I','p16'),(23,'G','p16'),(26,'I','p16'),(28,'I','p16'),(29,'I','p16'),(30,'G','p16'),(1,'I','p17'),(2,'I','p17'),(10,'I','p17'),(15,'I','p17'),(18,'I','p17'),(19,'G','p17'),(21,'I','p17'),(23,'I','p17'),(24,'I','p17'),(25,'G','p17'),(30,'I','p17'),(6,'G','p18'),(7,'I','p18'),(8,'I','p18'),(9,'G','p18'),(11,'I','p18'),(12,'I','p18'),(13,'G','p18'),(15,'I','p18'),(16,'G','p18'),(17,'I','p18'),(19,'G','p18'),(21,'G','p18'),(23,'G','p18'),(25,'G','p18'),(26,'I','p18'),(27,'G','p18'),(3,'I','p19'),(4,'I','p19'),(5,'I','p19'),(6,'I','p19'),(7,'I','p19'),(8,'I','p19'),(10,'I','p19'),(11,'G','p19'),(12,'I','p19'),(17,'I','p19'),(19,'I','p19'),(22,'I','p19'),(23,'G','p19'),(28,'I','p19'),(30,'G','p19'),(2,'I','p2'),(4,'I','p2'),(5,'G','p2'),(6,'I','p2'),(8,'I','p2'),(9,'I','p2'),(11,'I','p2'),(12,'I','p2'),(13,'I','p2'),(15,'I','p2'),(16,'I','p2'),(18,'I','p2'),(25,'I','p2'),(27,'I','p2'),(1,'I','p20'),(2,'G','p20'),(3,'G','p20'),(5,'I','p20'),(6,'I','p20'),(7,'G','p20'),(8,'I','p20'),(9,'I','p20'),(10,'I','p20'),(14,'I','p20'),(17,'G','p20'),(20,'G','p20'),(22,'I','p20'),(23,'G','p20'),(28,'I','p20'),(1,'G','p21'),(3,'I','p21'),(8,'I','p21'),(9,'G','p21'),(11,'I','p21'),(12,'G','p21'),(16,'G','p21'),(20,'I','p21'),(21,'I','p21'),(23,'G','p21'),(24,'G','p21'),(25,'I','p21'),(29,'G','p21'),(1,'I','p22'),(2,'I','p22'),(5,'G','p22'),(6,'I','p22'),(7,'I','p22'),(8,'I','p22'),(10,'G','p22'),(11,'I','p22'),(21,'G','p22'),(22,'I','p22'),(23,'I','p22'),(24,'G','p22'),(25,'I','p22'),(26,'I','p22'),(28,'G','p22'),(29,'G','p22'),(30,'G','p22'),(1,'G','p23'),(2,'I','p23'),(7,'I','p23'),(10,'G','p23'),(11,'I','p23'),(12,'I','p23'),(14,'G','p23'),(15,'G','p23'),(16,'I','p23'),(21,'I','p23'),(25,'I','p23'),(26,'G','p23'),(27,'I','p23'),(28,'I','p23'),(30,'I','p23'),(4,'I','p24'),(5,'I','p24'),(6,'G','p24'),(8,'I','p24'),(12,'I','p24'),(13,'G','p24'),(14,'I','p24'),(16,'G','p24'),(17,'G','p24'),(19,'I','p24'),(20,'I','p24'),(21,'G','p24'),(24,'I','p24'),(25,'G','p24'),(27,'G','p24'),(28,'I','p24'),(3,'I','p25'),(4,'I','p25'),(9,'G','p25'),(11,'I','p25'),(14,'I','p25'),(15,'G','p25'),(18,'G','p25'),(19,'G','p25'),(22,'I','p25'),(28,'G','p25'),(29,'I','p25'),(2,'G','p26'),(6,'I','p26'),(9,'G','p26'),(10,'I','p26'),(12,'G','p26'),(13,'I','p26'),(14,'I','p26'),(21,'I','p26'),(22,'G','p26'),(23,'I','p26'),(24,'I','p26'),(26,'I','p26'),(27,'G','p26'),(28,'I','p26'),(29,'I','p26'),(30,'G','p26'),(1,'I','p27'),(2,'G','p27'),(3,'G','p27'),(4,'G','p27'),(5,'I','p27'),(8,'I','p27'),(9,'G','p27'),(10,'G','p27'),(11,'G','p27'),(13,'G','p27'),(15,'G','p27'),(19,'I','p27'),(20,'I','p27'),(21,'G','p27'),(24,'G','p27'),(25,'I','p27'),(26,'I','p27'),(27,'I','p27'),(28,'G','p27'),(1,'G','p28'),(7,'I','p28'),(8,'G','p28'),(10,'I','p28'),(12,'I','p28'),(13,'G','p28'),(16,'I','p28'),(18,'G','p28'),(20,'G','p28'),(23,'G','p28'),(29,'G','p28'),(30,'G','p28'),(1,'G','p29'),(2,'G','p29'),(3,'I','p29'),(4,'G','p29'),(5,'I','p29'),(6,'G','p29'),(12,'I','p29'),(13,'G','p29'),(14,'G','p29'),(16,'I','p29'),(17,'G','p29'),(18,'I','p29'),(20,'G','p29'),(24,'I','p29'),(27,'I','p29'),(30,'I','p29'),(2,'G','p3'),(3,'G','p3'),(7,'I','p3'),(15,'G','p3'),(16,'G','p3'),(17,'G','p3'),(18,'G','p3'),(20,'I','p3'),(22,'I','p3'),(23,'I','p3'),(24,'I','p3'),(25,'G','p3'),(26,'I','p3'),(27,'G','p3'),(5,'I','p30'),(6,'I','p30'),(7,'G','p30'),(9,'I','p30'),(11,'G','p30'),(14,'I','p30'),(16,'I','p30'),(18,'I','p30'),(19,'G','p30'),(20,'I','p30'),(21,'G','p30'),(23,'I','p30'),(27,'I','p30'),(29,'I','p30'),(10,'I','p4'),(11,'G','p4'),(15,'G','p4'),(17,'I','p4'),(18,'I','p4'),(19,'G','p4'),(22,'G','p4'),(23,'I','p4'),(27,'I','p4'),(5,'G','p5'),(8,'G','p5'),(10,'G','p5'),(11,'I','p5'),(12,'G','p5'),(13,'I','p5'),(14,'I','p5'),(17,'I','p5'),(18,'I','p5'),(19,'I','p5'),(21,'G','p5'),(22,'I','p5'),(24,'I','p5'),(25,'G','p5'),(27,'I','p5'),(29,'I','p5'),(3,'G','p6'),(5,'G','p6'),(7,'I','p6'),(14,'G','p6'),(15,'I','p6'),(18,'G','p6'),(19,'I','p6'),(21,'I','p6'),(23,'I','p6'),(29,'I','p6'),(30,'I','p6'),(3,'I','p7'),(4,'G','p7'),(7,'G','p7'),(9,'I','p7'),(12,'G','p7'),(13,'I','p7'),(15,'I','p7'),(17,'I','p7'),(18,'G','p7'),(19,'I','p7'),(21,'I','p7'),(23,'I','p7'),(24,'I','p7'),(25,'I','p7'),(26,'I','p7'),(27,'G','p7'),(29,'I','p7'),(30,'G','p7'),(2,'I','p8'),(4,'I','p8'),(9,'G','p8'),(12,'G','p8'),(13,'G','p8'),(16,'I','p8'),(20,'G','p8'),(29,'I','p8'),(30,'I','p8'),(4,'G','p9'),(6,'I','p9'),(8,'G','p9'),(10,'G','p9'),(13,'I','p9'),(14,'G','p9'),(17,'I','p9'),(20,'I','p9'),(22,'G','p9'),(26,'I','p9'),(28,'G','p9'),(30,'I','p9');
/*!40000 ALTER TABLE `initialgoalparameter` ENABLE KEYS */;
UNLOCK TABLES;

--
-- Table structure for table `inputparameter`
--

DROP TABLE IF EXISTS `inputparameter`;
/*!40101 SET @saved_cs_client     = @@character_set_client */;
/*!50503 SET character_set_client = utf8mb4 */;
CREATE TABLE `inputparameter` (
  `webServiceID` varchar(10) NOT NULL,
  `parameterID` varchar(10) NOT NULL,
  PRIMARY KEY (`webServiceID`,`parameterID`),
  KEY `knowledgeID` (`parameterID`)
) ENGINE=InnoDB DEFAULT CHARSET=latin1;
/*!40101 SET character_set_client = @saved_cs_client */;

--
-- Dumping data for table `inputparameter`
--

LOCK TABLES `inputparameter` WRITE;
/*!40000 ALTER TABLE `inputparameter` DISABLE KEYS */;
INSERT INTO `inputparameter` VALUES ('WSS142','p1'),('WSS153','p1'),('WSS175','p1'),('WSS204','p1'),('WSS216','p1'),('WSS219','p1'),('WSS225','p1'),('WSS252','p1'),('WSS255','p1'),('WSS256','p1'),('WSS275','p1'),('WSS3','p1'),('WSS311','p1'),('WSS314','p1'),('WSS318','p1'),('WSS32','p1'),('WSS324','p1'),('WSS325','p1'),('WSS353','p1'),('WSS364','p1'),('WSS365','p1'),('WSS370','p1'),('WSS378','p1'),('WSS400','p1'),('WSS405','p1'),('WSS415','p1'),('WSS428','p1'),('WSS453','p1'),('WSS84','p1'),('WSS88','p1'),('WSS9','p1'),('WSS94','p1'),('WSS105','p10'),('WSS126','p10'),('WSS133','p10'),('WSS144','p10'),('WSS163','p10'),('WSS165','p10'),('WSS167','p10'),('WSS190','p10'),('WSS194','p10'),('WSS213','p10'),('WSS230','p10'),('WSS234','p10'),('WSS244','p10'),('WSS250','p10'),('WSS251','p10'),('WSS275','p10'),('WSS325','p10'),('WSS346','p10'),('WSS364','p10'),('WSS368','p10'),('WSS387','p10'),('WSS390','p10'),('WSS395','p10'),('WSS402','p10'),('WSS418','p10'),('WSS434','p10'),('WSS458','p10'),('WSS476','p10'),('WSS489','p10'),('WSS86','p10'),('WSS93','p10'),('WSS96','p10'),('WSS215','p11'),('WSS222','p11'),('WSS239','p11'),('WSS261','p11'),('WSS279','p11'),('WSS286','p11'),('WSS288','p11'),('WSS301','p11'),('WSS304','p11'),('WSS350','p11'),('WSS372','p11'),('WSS381','p11'),('WSS42','p11'),('WSS450','p11'),('WSS463','p11'),('WSS469','p11'),('WSS479','p11'),('WSS480','p11'),('WSS492','p11'),('WSS57','p11'),('WSS60','p11'),('WSS79','p11'),('WSS101','p12'),('WSS120','p12'),('WSS126','p12'),('WSS133','p12'),('WSS143','p12'),('WSS158','p12'),('WSS159','p12'),('WSS162','p12'),('WSS166','p12'),('WSS18','p12'),('WSS198','p12'),('WSS203','p12'),('WSS209','p12'),('WSS21','p12'),('WSS229','p12'),('WSS23','p12'),('WSS277','p12'),('WSS279','p12'),('WSS285','p12'),('WSS293','p12'),('WSS305','p12'),('WSS315','p12'),('WSS319','p12'),('WSS329','p12'),('WSS351','p12'),('WSS355','p12'),('WSS376','p12'),('WSS398','p12'),('WSS45','p12'),('WSS452','p12'),('WSS47','p12'),('WSS475','p12'),('WSS496','p12'),('WSS64','p12'),('WSS77','p12'),('WSS91','p12'),('WSS95','p12'),('WSS105','p13'),('WSS108','p13'),('WSS116','p13'),('WSS14','p13'),('WSS145','p13'),('WSS148','p13'),('WSS152','p13'),('WSS164','p13'),('WSS170','p13'),('WSS184','p13'),('WSS202','p13'),('WSS208','p13'),('WSS213','p13'),('WSS214','p13'),('WSS225','p13'),('WSS28','p13'),('WSS312','p13'),('WSS323','p13'),('WSS324','p13'),('WSS361','p13'),('WSS394','p13'),('WSS4','p13'),('WSS411','p13'),('WSS43','p13'),('WSS446','p13'),('WSS457','p13'),('WSS477','p13'),('WSS485','p13'),('WSS496','p13'),('WSS499','p13'),('WSS7','p13'),('WSS73','p13'),('WSS77','p13'),('WSS92','p13'),('WSS98','p13'),('WSS104','p14'),('WSS127','p14'),('WSS137','p14'),('WSS143','p14'),('WSS185','p14'),('WSS190','p14'),('WSS211','p14'),('WSS216','p14'),('WSS227','p14'),('WSS260','p14'),('WSS285','p14'),('WSS305','p14'),('WSS313','p14'),('WSS333','p14'),('WSS334','p14'),('WSS348','p14'),('WSS44','p14'),('WSS445','p14'),('WSS456','p14'),('WSS46','p14'),('WSS494','p14'),('WSS56','p14'),('WSS71','p14'),('WSS72','p14'),('WSS97','p14'),('WSS98','p14'),('WSS11','p15'),('WSS13','p15'),('WSS156','p15'),('WSS209','p15'),('WSS220','p15'),('WSS221','p15'),('WSS243','p15'),('WSS282','p15'),('WSS292','p15'),('WSS297','p15'),('WSS314','p15'),('WSS336','p15'),('WSS340','p15'),('WSS354','p15'),('WSS36','p15'),('WSS367','p15'),('WSS375','p15'),('WSS386','p15'),('WSS391','p15'),('WSS399','p15'),('WSS41','p15'),('WSS482','p15'),('WSS495','p15'),('WSS60','p15'),('WSS74','p15'),('WSS8','p15'),('WSS83','p15'),('WSS85','p15'),('WSS10','p16'),('WSS102','p16'),('WSS110','p16'),('WSS116','p16'),('WSS12','p16'),('WSS141','p16'),('WSS162','p16'),('WSS218','p16'),('WSS236','p16'),('WSS237','p16'),('WSS257','p16'),('WSS290','p16'),('WSS313','p16'),('WSS321','p16'),('WSS345','p16'),('WSS346','p16'),('WSS359','p16'),('WSS367','p16'),('WSS417','p16'),('WSS438','p16'),('WSS459','p16'),('WSS481','p16'),('WSS482','p16'),('WSS487','p16'),('WSS491','p16'),('WSS494','p16'),('WSS87','p16'),('WSS89','p16'),('WSS107','p17'),('WSS125','p17'),('WSS16','p17'),('WSS179','p17'),('WSS183','p17'),('WSS192','p17'),('WSS229','p17'),('WSS261','p17'),('WSS270','p17'),('WSS289','p17'),('WSS337','p17'),('WSS34','p17'),('WSS383','p17'),('WSS386','p17'),('WSS389','p17'),('WSS399','p17'),('WSS411','p17'),('WSS412','p17'),('WSS423','p17'),('WSS426','p17'),('WSS429','p17'),('WSS433','p17'),('WSS439','p17'),('WSS45','p17'),('WSS464','p17'),('WSS55','p17'),('WSS83','p17'),('WSS91','p17'),('WSS103','p18'),('WSS112','p18'),('WSS118','p18'),('WSS12','p18'),('WSS130','p18'),('WSS136','p18'),('WSS14','p18'),('WSS152','p18'),('WSS153','p18'),('WSS169','p18'),('WSS173','p18'),('WSS189','p18'),('WSS193','p18'),('WSS207','p18'),('WSS212','p18'),('WSS220','p18'),('WSS242','p18'),('WSS269','p18'),('WSS274','p18'),('WSS29','p18'),('WSS298','p18'),('WSS299','p18'),('WSS310','p18'),('WSS316','p18'),('WSS321','p18'),('WSS332','p18'),('WSS338','p18'),('WSS344','p18'),('WSS369','p18'),('WSS38','p18'),('WSS398','p18'),('WSS413','p18'),('WSS415','p18'),('WSS420','p18'),('WSS424','p18'),('WSS425','p18'),('WSS472','p18'),('WSS488','p18'),('WSS490','p18'),('WSS67','p18'),('WSS106','p19'),('WSS112','p19'),('WSS121','p19'),('WSS129','p19'),('WSS142','p19'),('WSS149','p19'),('WSS15','p19'),('WSS16','p19'),('WSS181','p19'),('WSS183','p19'),('WSS2','p19'),('WSS222','p19'),('WSS223','p19'),('WSS224','p19'),('WSS232','p19'),('WSS245','p19'),('WSS247','p19'),('WSS252','p19'),('WSS257','p19'),('WSS258','p19'),('WSS271','p19'),('WSS272','p19'),('WSS281','p19'),('WSS294','p19'),('WSS296','p19'),('WSS329','p19'),('WSS355','p19'),('WSS371','p19'),('WSS376','p19'),('WSS380','p19'),('WSS404','p19'),('WSS408','p19'),('WSS414','p19'),('WSS427','p19'),('WSS432','p19'),('WSS460','p19'),('WSS492','p19'),('WSS493','p19'),('WSS51','p19'),('WSS99','p19'),('WSS111','p2'),('WSS117','p2'),('WSS188','p2'),('WSS203','p2'),('WSS267','p2'),('WSS282','p2'),('WSS286','p2'),('WSS289','p2'),('WSS347','p2'),('WSS349','p2'),('WSS35','p2'),('WSS353','p2'),('WSS363','p2'),('WSS384','p2'),('WSS397','p2'),('WSS410','p2'),('WSS444','p2'),('WSS449','p2'),('WSS453','p2'),('WSS461','p2'),('WSS5','p2'),('WSS52','p2'),('WSS53','p2'),('WSS64','p2'),('WSS66','p2'),('WSS76','p2'),('WSS85','p2'),('WSS1','p20'),('WSS113','p20'),('WSS165','p20'),('WSS169','p20'),('WSS181','p20'),('WSS197','p20'),('WSS2','p20'),('WSS219','p20'),('WSS25','p20'),('WSS255','p20'),('WSS26','p20'),('WSS266','p20'),('WSS268','p20'),('WSS32','p20'),('WSS342','p20'),('WSS362','p20'),('WSS370','p20'),('WSS374','p20'),('WSS38','p20'),('WSS418','p20'),('WSS42','p20'),('WSS44','p20'),('WSS446','p20'),('WSS451','p20'),('WSS454','p20'),('WSS466','p20'),('WSS468','p20'),('WSS470','p20'),('WSS480','p20'),('WSS487','p20'),('WSS498','p20'),('WSS70','p20'),('WSS82','p20'),('WSS97','p20'),('WSS114','p21'),('WSS118','p21'),('WSS123','p21'),('WSS135','p21'),('WSS140','p21'),('WSS151','p21'),('WSS158','p21'),('WSS163','p21'),('WSS168','p21'),('WSS174','p21'),('WSS176','p21'),('WSS180','p21'),('WSS191','p21'),('WSS193','p21'),('WSS201','p21'),('WSS204','p21'),('WSS265','p21'),('WSS269','p21'),('WSS274','p21'),('WSS284','p21'),('WSS302','p21'),('WSS306','p21'),('WSS317','p21'),('WSS330','p21'),('WSS343','p21'),('WSS366','p21'),('WSS380','p21'),('WSS383','p21'),('WSS406','p21'),('WSS421','p21'),('WSS430','p21'),('WSS449','p21'),('WSS463','p21'),('WSS484','p21'),('WSS486','p21'),('WSS500','p21'),('WSS58','p21'),('WSS62','p21'),('WSS68','p21'),('WSS69','p21'),('WSS90','p21'),('WSS109','p22'),('WSS113','p22'),('WSS122','p22'),('WSS127','p22'),('WSS128','p22'),('WSS132','p22'),('WSS151','p22'),('WSS155','p22'),('WSS170','p22'),('WSS185','p22'),('WSS196','p22'),('WSS20','p22'),('WSS226','p22'),('WSS232','p22'),('WSS235','p22'),('WSS254','p22'),('WSS263','p22'),('WSS270','p22'),('WSS271','p22'),('WSS283','p22'),('WSS308','p22'),('WSS317','p22'),('WSS327','p22'),('WSS340','p22'),('WSS345','p22'),('WSS347','p22'),('WSS382','p22'),('WSS395','p22'),('WSS407','p22'),('WSS409','p22'),('WSS41','p22'),('WSS413','p22'),('WSS422','p22'),('WSS468','p22'),('WSS488','p22'),('WSS59','p22'),('WSS73','p22'),('WSS10','p23'),('WSS117','p23'),('WSS130','p23'),('WSS138','p23'),('WSS187','p23'),('WSS19','p23'),('WSS191','p23'),('WSS217','p23'),('WSS218','p23'),('WSS231','p23'),('WSS239','p23'),('WSS249','p23'),('WSS283','p23'),('WSS287','p23'),('WSS297','p23'),('WSS298','p23'),('WSS307','p23'),('WSS320','p23'),('WSS372','p23'),('WSS373','p23'),('WSS390','p23'),('WSS393','p23'),('WSS447','p23'),('WSS465','p23'),('WSS477','p23'),('WSS479','p23'),('WSS48','p23'),('WSS5','p23'),('WSS67','p23'),('WSS78','p23'),('WSS88','p23'),('WSS1','p24'),('WSS115','p24'),('WSS168','p24'),('WSS172','p24'),('WSS175','p24'),('WSS177','p24'),('WSS184','p24'),('WSS21','p24'),('WSS214','p24'),('WSS236','p24'),('WSS264','p24'),('WSS293','p24'),('WSS309','p24'),('WSS371','p24'),('WSS388','p24'),('WSS393','p24'),('WSS40','p24'),('WSS401','p24'),('WSS410','p24'),('WSS422','p24'),('WSS423','p24'),('WSS434','p24'),('WSS435','p24'),('WSS437','p24'),('WSS439','p24'),('WSS447','p24'),('WSS462','p24'),('WSS467','p24'),('WSS473','p24'),('WSS493','p24'),('WSS498','p24'),('WSS50','p24'),('WSS62','p24'),('WSS69','p24'),('WSS75','p24'),('WSS8','p24'),('WSS106','p25'),('WSS11','p25'),('WSS114','p25'),('WSS125','p25'),('WSS128','p25'),('WSS139','p25'),('WSS157','p25'),('WSS166','p25'),('WSS189','p25'),('WSS199','p25'),('WSS231','p25'),('WSS245','p25'),('WSS26','p25'),('WSS267','p25'),('WSS277','p25'),('WSS280','p25'),('WSS299','p25'),('WSS30','p25'),('WSS304','p25'),('WSS315','p25'),('WSS323','p25'),('WSS331','p25'),('WSS341','p25'),('WSS363','p25'),('WSS385','p25'),('WSS397','p25'),('WSS4','p25'),('WSS400','p25'),('WSS448','p25'),('WSS471','p25'),('WSS473','p25'),('WSS474','p25'),('WSS61','p25'),('WSS63','p25'),('WSS145','p26'),('WSS156','p26'),('WSS176','p26'),('WSS186','p26'),('WSS199','p26'),('WSS200','p26'),('WSS205','p26'),('WSS210','p26'),('WSS242','p26'),('WSS243','p26'),('WSS246','p26'),('WSS265','p26'),('WSS3','p26'),('WSS331','p26'),('WSS332','p26'),('WSS334','p26'),('WSS337','p26'),('WSS339','p26'),('WSS356','p26'),('WSS369','p26'),('WSS392','p26'),('WSS403','p26'),('WSS407','p26'),('WSS43','p26'),('WSS432','p26'),('WSS46','p26'),('WSS465','p26'),('WSS474','p26'),('WSS476','p26'),('WSS49','p26'),('WSS497','p26'),('WSS54','p26'),('WSS57','p26'),('WSS59','p26'),('WSS124','p27'),('WSS134','p27'),('WSS138','p27'),('WSS146','p27'),('WSS161','p27'),('WSS178','p27'),('WSS18','p27'),('WSS228','p27'),('WSS248','p27'),('WSS25','p27'),('WSS254','p27'),('WSS262','p27'),('WSS284','p27'),('WSS29','p27'),('WSS292','p27'),('WSS30','p27'),('WSS301','p27'),('WSS303','p27'),('WSS33','p27'),('WSS344','p27'),('WSS351','p27'),('WSS365','p27'),('WSS387','p27'),('WSS401','p27'),('WSS416','p27'),('WSS427','p27'),('WSS435','p27'),('WSS452','p27'),('WSS460','p27'),('WSS466','p27'),('WSS469','p27'),('WSS491','p27'),('WSS51','p27'),('WSS68','p27'),('WSS74','p27'),('WSS80','p27'),('WSS94','p27'),('WSS95','p27'),('WSS121','p28'),('WSS13','p28'),('WSS132','p28'),('WSS188','p28'),('WSS237','p28'),('WSS259','p28'),('WSS268','p28'),('WSS281','p28'),('WSS295','p28'),('WSS310','p28'),('WSS335','p28'),('WSS338','p28'),('WSS348','p28'),('WSS357','p28'),('WSS385','p28'),('WSS39','p28'),('WSS396','p28'),('WSS40','p28'),('WSS450','p28'),('WSS455','p28'),('WSS486','p28'),('WSS71','p28'),('WSS89','p28'),('WSS99','p28'),('WSS103','p29'),('WSS136','p29'),('WSS147','p29'),('WSS157','p29'),('WSS17','p29'),('WSS171','p29'),('WSS186','p29'),('WSS22','p29'),('WSS256','p29'),('WSS27','p29'),('WSS288','p29'),('WSS290','p29'),('WSS294','p29'),('WSS300','p29'),('WSS309','p29'),('WSS31','p29'),('WSS336','p29'),('WSS349','p29'),('WSS361','p29'),('WSS384','p29'),('WSS436','p29'),('WSS438','p29'),('WSS457','p29'),('WSS48','p29'),('WSS70','p29'),('WSS82','p29'),('WSS100','p3'),('WSS102','p3'),('WSS104','p3'),('WSS122','p3'),('WSS131','p3'),('WSS15','p3'),('WSS182','p3'),('WSS200','p3'),('WSS211','p3'),('WSS215','p3'),('WSS230','p3'),('WSS24','p3'),('WSS241','p3'),('WSS247','p3'),('WSS248','p3'),('WSS302','p3'),('WSS316','p3'),('WSS322','p3'),('WSS328','p3'),('WSS343','p3'),('WSS359','p3'),('WSS368','p3'),('WSS37','p3'),('WSS375','p3'),('WSS378','p3'),('WSS382','p3'),('WSS388','p3'),('WSS389','p3'),('WSS39','p3'),('WSS409','p3'),('WSS414','p3'),('WSS424','p3'),('WSS433','p3'),('WSS445','p3'),('WSS454','p3'),('WSS462','p3'),('WSS485','p3'),('WSS490','p3'),('WSS495','p3'),('WSS65','p3'),('WSS78','p3'),('WSS93','p3'),('WSS109','p30'),('WSS119','p30'),('WSS131','p30'),('WSS150','p30'),('WSS164','p30'),('WSS173','p30'),('WSS182','p30'),('WSS19','p30'),('WSS195','p30'),('WSS205','p30'),('WSS206','p30'),('WSS208','p30'),('WSS228','p30'),('WSS23','p30'),('WSS240','p30'),('WSS253','p30'),('WSS258','p30'),('WSS291','p30'),('WSS295','p30'),('WSS31','p30'),('WSS327','p30'),('WSS333','p30'),('WSS339','p30'),('WSS342','p30'),('WSS357','p30'),('WSS373','p30'),('WSS377','p30'),('WSS394','p30'),('WSS412','p30'),('WSS419','p30'),('WSS431','p30'),('WSS437','p30'),('WSS440','p30'),('WSS442','p30'),('WSS448','p30'),('WSS461','p30'),('WSS483','p30'),('WSS66','p30'),('WSS75','p30'),('WSS80','p30'),('WSS81','p30'),('WSS100','p4'),('WSS111','p4'),('WSS129','p4'),('WSS135','p4'),('WSS141','p4'),('WSS161','p4'),('WSS210','p4'),('WSS238','p4'),('WSS253','p4'),('WSS260','p4'),('WSS264','p4'),('WSS273','p4'),('WSS276','p4'),('WSS291','p4'),('WSS303','p4'),('WSS308','p4'),('WSS322','p4'),('WSS352','p4'),('WSS392','p4'),('WSS406','p4'),('WSS408','p4'),('WSS417','p4'),('WSS420','p4'),('WSS442','p4'),('WSS478','p4'),('WSS50','p4'),('WSS58','p4'),('WSS79','p4'),('WSS81','p4'),('WSS90','p4'),('WSS110','p5'),('WSS119','p5'),('WSS134','p5'),('WSS160','p5'),('WSS167','p5'),('WSS172','p5'),('WSS178','p5'),('WSS20','p5'),('WSS206','p5'),('WSS212','p5'),('WSS227','p5'),('WSS240','p5'),('WSS241','p5'),('WSS259','p5'),('WSS272','p5'),('WSS278','p5'),('WSS280','p5'),('WSS300','p5'),('WSS312','p5'),('WSS328','p5'),('WSS34','p5'),('WSS354','p5'),('WSS379','p5'),('WSS396','p5'),('WSS403','p5'),('WSS404','p5'),('WSS425','p5'),('WSS426','p5'),('WSS441','p5'),('WSS455','p5'),('WSS458','p5'),('WSS464','p5'),('WSS470','p5'),('WSS484','p5'),('WSS54','p5'),('WSS63','p5'),('WSS72','p5'),('WSS9','p5'),('WSS115','p6'),('WSS120','p6'),('WSS123','p6'),('WSS146','p6'),('WSS155','p6'),('WSS179','p6'),('WSS195','p6'),('WSS22','p6'),('WSS24','p6'),('WSS28','p6'),('WSS287','p6'),('WSS311','p6'),('WSS326','p6'),('WSS341','p6'),('WSS35','p6'),('WSS356','p6'),('WSS358','p6'),('WSS37','p6'),('WSS374','p6'),('WSS377','p6'),('WSS391','p6'),('WSS405','p6'),('WSS428','p6'),('WSS436','p6'),('WSS441','p6'),('WSS443','p6'),('WSS451','p6'),('WSS47','p6'),('WSS481','p6'),('WSS497','p6'),('WSS65','p6'),('WSS7','p6'),('WSS92','p6'),('WSS139','p7'),('WSS144','p7'),('WSS159','p7'),('WSS17','p7'),('WSS171','p7'),('WSS196','p7'),('WSS207','p7'),('WSS223','p7'),('WSS224','p7'),('WSS226','p7'),('WSS233','p7'),('WSS238','p7'),('WSS244','p7'),('WSS246','p7'),('WSS276','p7'),('WSS307','p7'),('WSS330','p7'),('WSS335','p7'),('WSS36','p7'),('WSS360','p7'),('WSS379','p7'),('WSS402','p7'),('WSS459','p7'),('WSS471','p7'),('WSS489','p7'),('WSS500','p7'),('WSS53','p7'),('WSS84','p7'),('WSS107','p8'),('WSS108','p8'),('WSS124','p8'),('WSS149','p8'),('WSS154','p8'),('WSS174','p8'),('WSS180','p8'),('WSS233','p8'),('WSS250','p8'),('WSS263','p8'),('WSS266','p8'),('WSS27','p8'),('WSS306','p8'),('WSS318','p8'),('WSS352','p8'),('WSS360','p8'),('WSS419','p8'),('WSS430','p8'),('WSS431','p8'),('WSS444','p8'),('WSS472','p8'),('WSS499','p8'),('WSS76','p8'),('WSS86','p8'),('WSS96','p8'),('WSS101','p9'),('WSS137','p9'),('WSS140','p9'),('WSS147','p9'),('WSS148','p9'),('WSS150','p9'),('WSS154','p9'),('WSS177','p9'),('WSS192','p9'),('WSS194','p9'),('WSS202','p9'),('WSS217','p9'),('WSS221','p9'),('WSS234','p9'),('WSS235','p9'),('WSS249','p9'),('WSS251','p9'),('WSS273','p9'),('WSS326','p9'),('WSS350','p9'),('WSS362','p9'),('WSS366','p9'),('WSS421','p9'),('WSS429','p9'),('WSS440','p9'),('WSS443','p9'),('WSS467','p9'),('WSS483','p9'),('WSS52','p9'),('WSS55','p9'),('WSS56','p9'),('WSS6','p9'),('WSS61','p9'),('WSS87','p9');
/*!40000 ALTER TABLE `inputparameter` ENABLE KEYS */;
UNLOCK TABLES;

--
-- Table structure for table `knowledgeforcareerpath`
--

DROP TABLE IF EXISTS `knowledgeforcareerpath`;
/*!40101 SET @saved_cs_client     = @@character_set_client */;
/*!50503 SET character_set_client = utf8mb4 */;
CREATE TABLE `knowledgeforcareerpath` (
  `careerPathID` char(4) NOT NULL,
  `knowledgeID` char(6) NOT NULL,
  PRIMARY KEY (`careerPathID`,`knowledgeID`)
) ENGINE=InnoDB DEFAULT CHARSET=latin1;
/*!40101 SET character_set_client = @saved_cs_client */;

--
-- Dumping data for table `knowledgeforcareerpath`
--

LOCK TABLES `knowledgeforcareerpath` WRITE;
/*!40000 ALTER TABLE `knowledgeforcareerpath` DISABLE KEYS */;
INSERT INTO `knowledgeforcareerpath` VALUES ('C100','k1C311'),('C100','k1C412'),('C100','k1C469'),('C100','k1C500');
/*!40000 ALTER TABLE `knowledgeforcareerpath` ENABLE KEYS */;
UNLOCK TABLES;

--
-- Table structure for table `lhs`
--

DROP TABLE IF EXISTS `lhs`;
/*!40101 SET @saved_cs_client     = @@character_set_client */;
/*!50503 SET character_set_client = utf8mb4 */;
CREATE TABLE `lhs` (
  `ruleid` int NOT NULL,
  `courseid` varchar(10) NOT NULL,
  PRIMARY KEY (`ruleid`,`courseid`)
) ENGINE=InnoDB DEFAULT CHARSET=latin1;
/*!40101 SET character_set_client = @saved_cs_client */;

--
-- Dumping data for table `lhs`
--

LOCK TABLES `lhs` WRITE;
/*!40000 ALTER TABLE `lhs` DISABLE KEYS */;
INSERT INTO `lhs` VALUES (1,'ICP006'),(2,'ICP006'),(3,'ICP006'),(4,'ICP110'),(5,'ICP110'),(6,'ICP311'),(7,'ICP006'),(7,'ICP110'),(8,'ICP006'),(8,'ICP110'),(9,'ICP006'),(9,'ICP311'),(10,'ICP110'),(10,'ICP311'),(11,'ICP006'),(11,'ICP110'),(11,'ICP311');
/*!40000 ALTER TABLE `lhs` ENABLE KEYS */;
UNLOCK TABLES;

--
-- Table structure for table `outputparameter`
--

DROP TABLE IF EXISTS `outputparameter`;
/*!40101 SET @saved_cs_client     = @@character_set_client */;
/*!50503 SET character_set_client = utf8mb4 */;
CREATE TABLE `outputparameter` (
  `webServiceID` varchar(10) NOT NULL,
  `parameterID` varchar(10) NOT NULL,
  PRIMARY KEY (`webServiceID`,`parameterID`),
  KEY `knowledgeID` (`parameterID`)
) ENGINE=InnoDB DEFAULT CHARSET=latin1;
/*!40101 SET character_set_client = @saved_cs_client */;

--
-- Dumping data for table `outputparameter`
--

LOCK TABLES `outputparameter` WRITE;
/*!40000 ALTER TABLE `outputparameter` DISABLE KEYS */;
INSERT INTO `outputparameter` VALUES ('WSS1','p1'),('WSS10','p1'),('WSS100','p1'),('WSS104','p1'),('WSS106','p1'),('WSS113','p1'),('WSS118','p1'),('WSS12','p1'),('WSS120','p1'),('WSS122','p1'),('WSS124','p1'),('WSS126','p1'),('WSS131','p1'),('WSS134','p1'),('WSS140','p1'),('WSS141','p1'),('WSS148','p1'),('WSS152','p1'),('WSS153','p1'),('WSS16','p1'),('WSS160','p1'),('WSS169','p1'),('WSS17','p1'),('WSS172','p1'),('WSS175','p1'),('WSS177','p1'),('WSS178','p1'),('WSS181','p1'),('WSS182','p1'),('WSS189','p1'),('WSS19','p1'),('WSS191','p1'),('WSS195','p1'),('WSS196','p1'),('WSS202','p1'),('WSS208','p1'),('WSS21','p1'),('WSS221','p1'),('WSS227','p1'),('WSS230','p1'),('WSS235','p1'),('WSS236','p1'),('WSS239','p1'),('WSS242','p1'),('WSS252','p1'),('WSS256','p1'),('WSS267','p1'),('WSS268','p1'),('WSS27','p1'),('WSS270','p1'),('WSS271','p1'),('WSS275','p1'),('WSS279','p1'),('WSS289','p1'),('WSS290','p1'),('WSS295','p1'),('WSS298','p1'),('WSS304','p1'),('WSS305','p1'),('WSS307','p1'),('WSS313','p1'),('WSS316','p1'),('WSS320','p1'),('WSS324','p1'),('WSS335','p1'),('WSS338','p1'),('WSS342','p1'),('WSS343','p1'),('WSS35','p1'),('WSS353','p1'),('WSS356','p1'),('WSS360','p1'),('WSS368','p1'),('WSS369','p1'),('WSS37','p1'),('WSS385','p1'),('WSS389','p1'),('WSS39','p1'),('WSS391','p1'),('WSS4','p1'),('WSS40','p1'),('WSS401','p1'),('WSS410','p1'),('WSS411','p1'),('WSS42','p1'),('WSS429','p1'),('WSS435','p1'),('WSS437','p1'),('WSS453','p1'),('WSS465','p1'),('WSS47','p1'),('WSS470','p1'),('WSS473','p1'),('WSS474','p1'),('WSS475','p1'),('WSS477','p1'),('WSS478','p1'),('WSS480','p1'),('WSS481','p1'),('WSS488','p1'),('WSS491','p1'),('WSS5','p1'),('WSS57','p1'),('WSS64','p1'),('WSS65','p1'),('WSS7','p1'),('WSS70','p1'),('WSS74','p1'),('WSS76','p1'),('WSS79','p1'),('WSS83','p1'),('WSS90','p1'),('WSS93','p1'),('WSS95','p1'),('WSS96','p1'),('WSS10','p10'),('WSS101','p10'),('WSS109','p10'),('WSS116','p10'),('WSS123','p10'),('WSS135','p10'),('WSS137','p10'),('WSS138','p10'),('WSS139','p10'),('WSS141','p10'),('WSS142','p10'),('WSS143','p10'),('WSS148','p10'),('WSS149','p10'),('WSS151','p10'),('WSS152','p10'),('WSS155','p10'),('WSS158','p10'),('WSS159','p10'),('WSS16','p10'),('WSS162','p10'),('WSS163','p10'),('WSS170','p10'),('WSS172','p10'),('WSS173','p10'),('WSS174','p10'),('WSS178','p10'),('WSS186','p10'),('WSS188','p10'),('WSS191','p10'),('WSS192','p10'),('WSS198','p10'),('WSS200','p10'),('WSS203','p10'),('WSS204','p10'),('WSS205','p10'),('WSS207','p10'),('WSS209','p10'),('WSS21','p10'),('WSS214','p10'),('WSS222','p10'),('WSS223','p10'),('WSS229','p10'),('WSS230','p10'),('WSS236','p10'),('WSS243','p10'),('WSS244','p10'),('WSS25','p10'),('WSS256','p10'),('WSS257','p10'),('WSS259','p10'),('WSS264','p10'),('WSS266','p10'),('WSS267','p10'),('WSS269','p10'),('WSS270','p10'),('WSS272','p10'),('WSS273','p10'),('WSS277','p10'),('WSS278','p10'),('WSS282','p10'),('WSS284','p10'),('WSS288','p10'),('WSS292','p10'),('WSS295','p10'),('WSS3','p10'),('WSS306','p10'),('WSS308','p10'),('WSS309','p10'),('WSS313','p10'),('WSS317','p10'),('WSS323','p10'),('WSS328','p10'),('WSS335','p10'),('WSS339','p10'),('WSS340','p10'),('WSS342','p10'),('WSS345','p10'),('WSS347','p10'),('WSS356','p10'),('WSS357','p10'),('WSS364','p10'),('WSS365','p10'),('WSS367','p10'),('WSS376','p10'),('WSS379','p10'),('WSS381','p10'),('WSS385','p10'),('WSS389','p10'),('WSS390','p10'),('WSS392','p10'),('WSS393','p10'),('WSS397','p10'),('WSS403','p10'),('WSS411','p10'),('WSS413','p10'),('WSS417','p10'),('WSS418','p10'),('WSS419','p10'),('WSS420','p10'),('WSS421','p10'),('WSS424','p10'),('WSS431','p10'),('WSS433','p10'),('WSS436','p10'),('WSS446','p10'),('WSS447','p10'),('WSS452','p10'),('WSS458','p10'),('WSS46','p10'),('WSS467','p10'),('WSS470','p10'),('WSS473','p10'),('WSS474','p10'),('WSS475','p10'),('WSS480','p10'),('WSS485','p10'),('WSS491','p10'),('WSS497','p10'),('WSS499','p10'),('WSS500','p10'),('WSS59','p10'),('WSS60','p10'),('WSS63','p10'),('WSS66','p10'),('WSS68','p10'),('WSS71','p10'),('WSS74','p10'),('WSS79','p10'),('WSS93','p10'),('WSS94','p10'),('WSS102','p11'),('WSS103','p11'),('WSS104','p11'),('WSS108','p11'),('WSS115','p11'),('WSS117','p11'),('WSS120','p11'),('WSS125','p11'),('WSS126','p11'),('WSS128','p11'),('WSS129','p11'),('WSS133','p11'),('WSS134','p11'),('WSS135','p11'),('WSS14','p11'),('WSS141','p11'),('WSS142','p11'),('WSS15','p11'),('WSS158','p11'),('WSS168','p11'),('WSS170','p11'),('WSS18','p11'),('WSS180','p11'),('WSS184','p11'),('WSS190','p11'),('WSS192','p11'),('WSS197','p11'),('WSS198','p11'),('WSS2','p11'),('WSS200','p11'),('WSS207','p11'),('WSS214','p11'),('WSS216','p11'),('WSS218','p11'),('WSS221','p11'),('WSS231','p11'),('WSS232','p11'),('WSS237','p11'),('WSS240','p11'),('WSS241','p11'),('WSS244','p11'),('WSS247','p11'),('WSS254','p11'),('WSS265','p11'),('WSS27','p11'),('WSS271','p11'),('WSS272','p11'),('WSS276','p11'),('WSS277','p11'),('WSS287','p11'),('WSS290','p11'),('WSS291','p11'),('WSS293','p11'),('WSS298','p11'),('WSS300','p11'),('WSS301','p11'),('WSS304','p11'),('WSS308','p11'),('WSS312','p11'),('WSS318','p11'),('WSS321','p11'),('WSS325','p11'),('WSS330','p11'),('WSS346','p11'),('WSS347','p11'),('WSS349','p11'),('WSS364','p11'),('WSS388','p11'),('WSS39','p11'),('WSS390','p11'),('WSS394','p11'),('WSS401','p11'),('WSS403','p11'),('WSS406','p11'),('WSS408','p11'),('WSS412','p11'),('WSS417','p11'),('WSS419','p11'),('WSS424','p11'),('WSS426','p11'),('WSS429','p11'),('WSS432','p11'),('WSS434','p11'),('WSS442','p11'),('WSS444','p11'),('WSS453','p11'),('WSS455','p11'),('WSS456','p11'),('WSS460','p11'),('WSS463','p11'),('WSS477','p11'),('WSS483','p11'),('WSS487','p11'),('WSS488','p11'),('WSS490','p11'),('WSS495','p11'),('WSS498','p11'),('WSS52','p11'),('WSS60','p11'),('WSS61','p11'),('WSS72','p11'),('WSS74','p11'),('WSS76','p11'),('WSS77','p11'),('WSS78','p11'),('WSS79','p11'),('WSS84','p11'),('WSS9','p11'),('WSS90','p11'),('WSS92','p11'),('WSS97','p11'),('WSS98','p11'),('WSS10','p12'),('WSS108','p12'),('WSS11','p12'),('WSS110','p12'),('WSS118','p12'),('WSS119','p12'),('WSS120','p12'),('WSS121','p12'),('WSS128','p12'),('WSS132','p12'),('WSS135','p12'),('WSS136','p12'),('WSS139','p12'),('WSS145','p12'),('WSS151','p12'),('WSS155','p12'),('WSS156','p12'),('WSS159','p12'),('WSS166','p12'),('WSS17','p12'),('WSS178','p12'),('WSS185','p12'),('WSS191','p12'),('WSS20','p12'),('WSS200','p12'),('WSS202','p12'),('WSS205','p12'),('WSS21','p12'),('WSS210','p12'),('WSS213','p12'),('WSS215','p12'),('WSS218','p12'),('WSS221','p12'),('WSS226','p12'),('WSS227','p12'),('WSS231','p12'),('WSS236','p12'),('WSS239','p12'),('WSS241','p12'),('WSS25','p12'),('WSS256','p12'),('WSS258','p12'),('WSS259','p12'),('WSS271','p12'),('WSS276','p12'),('WSS285','p12'),('WSS290','p12'),('WSS3','p12'),('WSS30','p12'),('WSS305','p12'),('WSS313','p12'),('WSS314','p12'),('WSS321','p12'),('WSS322','p12'),('WSS327','p12'),('WSS331','p12'),('WSS334','p12'),('WSS336','p12'),('WSS339','p12'),('WSS341','p12'),('WSS349','p12'),('WSS35','p12'),('WSS351','p12'),('WSS352','p12'),('WSS353','p12'),('WSS354','p12'),('WSS359','p12'),('WSS36','p12'),('WSS365','p12'),('WSS368','p12'),('WSS375','p12'),('WSS378','p12'),('WSS385','p12'),('WSS389','p12'),('WSS390','p12'),('WSS399','p12'),('WSS400','p12'),('WSS404','p12'),('WSS406','p12'),('WSS414','p12'),('WSS416','p12'),('WSS419','p12'),('WSS420','p12'),('WSS422','p12'),('WSS424','p12'),('WSS426','p12'),('WSS427','p12'),('WSS429','p12'),('WSS430','p12'),('WSS437','p12'),('WSS439','p12'),('WSS440','p12'),('WSS441','p12'),('WSS447','p12'),('WSS450','p12'),('WSS452','p12'),('WSS459','p12'),('WSS46','p12'),('WSS461','p12'),('WSS469','p12'),('WSS472','p12'),('WSS473','p12'),('WSS474','p12'),('WSS48','p12'),('WSS480','p12'),('WSS485','p12'),('WSS486','p12'),('WSS488','p12'),('WSS490','p12'),('WSS493','p12'),('WSS498','p12'),('WSS499','p12'),('WSS50','p12'),('WSS53','p12'),('WSS58','p12'),('WSS59','p12'),('WSS64','p12'),('WSS67','p12'),('WSS69','p12'),('WSS70','p12'),('WSS72','p12'),('WSS78','p12'),('WSS8','p12'),('WSS82','p12'),('WSS85','p12'),('WSS88','p12'),('WSS91','p12'),('WSS103','p13'),('WSS113','p13'),('WSS120','p13'),('WSS124','p13'),('WSS135','p13'),('WSS141','p13'),('WSS156','p13'),('WSS157','p13'),('WSS164','p13'),('WSS168','p13'),('WSS169','p13'),('WSS175','p13'),('WSS181','p13'),('WSS184','p13'),('WSS186','p13'),('WSS19','p13'),('WSS190','p13'),('WSS195','p13'),('WSS196','p13'),('WSS199','p13'),('WSS2','p13'),('WSS20','p13'),('WSS204','p13'),('WSS206','p13'),('WSS207','p13'),('WSS213','p13'),('WSS217','p13'),('WSS22','p13'),('WSS220','p13'),('WSS23','p13'),('WSS235','p13'),('WSS237','p13'),('WSS24','p13'),('WSS243','p13'),('WSS247','p13'),('WSS254','p13'),('WSS26','p13'),('WSS261','p13'),('WSS269','p13'),('WSS272','p13'),('WSS277','p13'),('WSS278','p13'),('WSS279','p13'),('WSS281','p13'),('WSS298','p13'),('WSS299','p13'),('WSS302','p13'),('WSS311','p13'),('WSS315','p13'),('WSS327','p13'),('WSS329','p13'),('WSS338','p13'),('WSS345','p13'),('WSS349','p13'),('WSS355','p13'),('WSS356','p13'),('WSS359','p13'),('WSS364','p13'),('WSS367','p13'),('WSS37','p13'),('WSS379','p13'),('WSS388','p13'),('WSS395','p13'),('WSS399','p13'),('WSS401','p13'),('WSS402','p13'),('WSS403','p13'),('WSS408','p13'),('WSS420','p13'),('WSS421','p13'),('WSS422','p13'),('WSS428','p13'),('WSS431','p13'),('WSS433','p13'),('WSS439','p13'),('WSS441','p13'),('WSS442','p13'),('WSS444','p13'),('WSS447','p13'),('WSS454','p13'),('WSS459','p13'),('WSS47','p13'),('WSS471','p13'),('WSS479','p13'),('WSS486','p13'),('WSS488','p13'),('WSS491','p13'),('WSS494','p13'),('WSS496','p13'),('WSS51','p13'),('WSS58','p13'),('WSS64','p13'),('WSS67','p13'),('WSS68','p13'),('WSS69','p13'),('WSS72','p13'),('WSS75','p13'),('WSS78','p13'),('WSS87','p13'),('WSS9','p13'),('WSS106','p14'),('WSS112','p14'),('WSS113','p14'),('WSS119','p14'),('WSS124','p14'),('WSS129','p14'),('WSS134','p14'),('WSS140','p14'),('WSS143','p14'),('WSS147','p14'),('WSS149','p14'),('WSS150','p14'),('WSS154','p14'),('WSS156','p14'),('WSS161','p14'),('WSS165','p14'),('WSS170','p14'),('WSS171','p14'),('WSS173','p14'),('WSS176','p14'),('WSS179','p14'),('WSS189','p14'),('WSS192','p14'),('WSS194','p14'),('WSS198','p14'),('WSS199','p14'),('WSS201','p14'),('WSS205','p14'),('WSS206','p14'),('WSS21','p14'),('WSS211','p14'),('WSS215','p14'),('WSS216','p14'),('WSS22','p14'),('WSS230','p14'),('WSS231','p14'),('WSS232','p14'),('WSS233','p14'),('WSS242','p14'),('WSS249','p14'),('WSS251','p14'),('WSS253','p14'),('WSS266','p14'),('WSS27','p14'),('WSS281','p14'),('WSS283','p14'),('WSS288','p14'),('WSS294','p14'),('WSS296','p14'),('WSS300','p14'),('WSS308','p14'),('WSS317','p14'),('WSS320','p14'),('WSS322','p14'),('WSS325','p14'),('WSS331','p14'),('WSS334','p14'),('WSS335','p14'),('WSS337','p14'),('WSS348','p14'),('WSS349','p14'),('WSS35','p14'),('WSS350','p14'),('WSS351','p14'),('WSS356','p14'),('WSS36','p14'),('WSS361','p14'),('WSS363','p14'),('WSS364','p14'),('WSS375','p14'),('WSS383','p14'),('WSS389','p14'),('WSS40','p14'),('WSS409','p14'),('WSS410','p14'),('WSS411','p14'),('WSS413','p14'),('WSS416','p14'),('WSS422','p14'),('WSS424','p14'),('WSS429','p14'),('WSS433','p14'),('WSS440','p14'),('WSS443','p14'),('WSS445','p14'),('WSS450','p14'),('WSS453','p14'),('WSS46','p14'),('WSS461','p14'),('WSS462','p14'),('WSS467','p14'),('WSS472','p14'),('WSS475','p14'),('WSS476','p14'),('WSS477','p14'),('WSS478','p14'),('WSS480','p14'),('WSS483','p14'),('WSS486','p14'),('WSS494','p14'),('WSS50','p14'),('WSS500','p14'),('WSS54','p14'),('WSS60','p14'),('WSS63','p14'),('WSS7','p14'),('WSS70','p14'),('WSS81','p14'),('WSS85','p14'),('WSS90','p14'),('WSS93','p14'),('WSS96','p14'),('WSS97','p14'),('WSS1','p15'),('WSS102','p15'),('WSS103','p15'),('WSS110','p15'),('WSS113','p15'),('WSS115','p15'),('WSS117','p15'),('WSS119','p15'),('WSS120','p15'),('WSS130','p15'),('WSS131','p15'),('WSS136','p15'),('WSS14','p15'),('WSS140','p15'),('WSS147','p15'),('WSS148','p15'),('WSS152','p15'),('WSS170','p15'),('WSS171','p15'),('WSS172','p15'),('WSS174','p15'),('WSS182','p15'),('WSS183','p15'),('WSS185','p15'),('WSS191','p15'),('WSS202','p15'),('WSS233','p15'),('WSS239','p15'),('WSS240','p15'),('WSS246','p15'),('WSS250','p15'),('WSS252','p15'),('WSS258','p15'),('WSS260','p15'),('WSS262','p15'),('WSS276','p15'),('WSS287','p15'),('WSS29','p15'),('WSS294','p15'),('WSS30','p15'),('WSS308','p15'),('WSS310','p15'),('WSS311','p15'),('WSS323','p15'),('WSS325','p15'),('WSS326','p15'),('WSS343','p15'),('WSS347','p15'),('WSS357','p15'),('WSS36','p15'),('WSS360','p15'),('WSS361','p15'),('WSS366','p15'),('WSS368','p15'),('WSS370','p15'),('WSS373','p15'),('WSS374','p15'),('WSS38','p15'),('WSS387','p15'),('WSS391','p15'),('WSS393','p15'),('WSS394','p15'),('WSS397','p15'),('WSS407','p15'),('WSS415','p15'),('WSS418','p15'),('WSS42','p15'),('WSS428','p15'),('WSS431','p15'),('WSS432','p15'),('WSS434','p15'),('WSS437','p15'),('WSS443','p15'),('WSS450','p15'),('WSS459','p15'),('WSS460','p15'),('WSS462','p15'),('WSS463','p15'),('WSS464','p15'),('WSS465','p15'),('WSS477','p15'),('WSS479','p15'),('WSS48','p15'),('WSS480','p15'),('WSS481','p15'),('WSS483','p15'),('WSS487','p15'),('WSS49','p15'),('WSS493','p15'),('WSS498','p15'),('WSS499','p15'),('WSS69','p15'),('WSS77','p15'),('WSS80','p15'),('WSS93','p15'),('WSS94','p15'),('WSS95','p15'),('WSS1','p16'),('WSS107','p16'),('WSS108','p16'),('WSS110','p16'),('WSS111','p16'),('WSS116','p16'),('WSS119','p16'),('WSS121','p16'),('WSS125','p16'),('WSS127','p16'),('WSS13','p16'),('WSS137','p16'),('WSS145','p16'),('WSS154','p16'),('WSS161','p16'),('WSS164','p16'),('WSS170','p16'),('WSS172','p16'),('WSS173','p16'),('WSS177','p16'),('WSS18','p16'),('WSS183','p16'),('WSS184','p16'),('WSS186','p16'),('WSS194','p16'),('WSS201','p16'),('WSS21','p16'),('WSS219','p16'),('WSS220','p16'),('WSS224','p16'),('WSS225','p16'),('WSS230','p16'),('WSS231','p16'),('WSS238','p16'),('WSS240','p16'),('WSS244','p16'),('WSS246','p16'),('WSS250','p16'),('WSS254','p16'),('WSS259','p16'),('WSS262','p16'),('WSS263','p16'),('WSS265','p16'),('WSS268','p16'),('WSS272','p16'),('WSS273','p16'),('WSS282','p16'),('WSS285','p16'),('WSS286','p16'),('WSS287','p16'),('WSS288','p16'),('WSS29','p16'),('WSS296','p16'),('WSS297','p16'),('WSS304','p16'),('WSS305','p16'),('WSS306','p16'),('WSS308','p16'),('WSS310','p16'),('WSS33','p16'),('WSS339','p16'),('WSS345','p16'),('WSS357','p16'),('WSS364','p16'),('WSS365','p16'),('WSS370','p16'),('WSS372','p16'),('WSS377','p16'),('WSS380','p16'),('WSS388','p16'),('WSS39','p16'),('WSS395','p16'),('WSS396','p16'),('WSS397','p16'),('WSS398','p16'),('WSS4','p16'),('WSS401','p16'),('WSS402','p16'),('WSS416','p16'),('WSS419','p16'),('WSS427','p16'),('WSS429','p16'),('WSS430','p16'),('WSS438','p16'),('WSS442','p16'),('WSS445','p16'),('WSS450','p16'),('WSS456','p16'),('WSS460','p16'),('WSS466','p16'),('WSS467','p16'),('WSS47','p16'),('WSS475','p16'),('WSS484','p16'),('WSS486','p16'),('WSS493','p16'),('WSS51','p16'),('WSS55','p16'),('WSS56','p16'),('WSS57','p16'),('WSS6','p16'),('WSS72','p16'),('WSS77','p16'),('WSS78','p16'),('WSS80','p16'),('WSS83','p16'),('WSS84','p16'),('WSS88','p16'),('WSS89','p16'),('WSS95','p16'),('WSS97','p16'),('WSS10','p17'),('WSS100','p17'),('WSS101','p17'),('WSS105','p17'),('WSS114','p17'),('WSS121','p17'),('WSS13','p17'),('WSS131','p17'),('WSS139','p17'),('WSS142','p17'),('WSS145','p17'),('WSS151','p17'),('WSS158','p17'),('WSS160','p17'),('WSS161','p17'),('WSS163','p17'),('WSS164','p17'),('WSS182','p17'),('WSS193','p17'),('WSS20','p17'),('WSS201','p17'),('WSS204','p17'),('WSS205','p17'),('WSS211','p17'),('WSS216','p17'),('WSS218','p17'),('WSS22','p17'),('WSS226','p17'),('WSS228','p17'),('WSS232','p17'),('WSS234','p17'),('WSS245','p17'),('WSS248','p17'),('WSS249','p17'),('WSS250','p17'),('WSS254','p17'),('WSS259','p17'),('WSS273','p17'),('WSS274','p17'),('WSS281','p17'),('WSS282','p17'),('WSS283','p17'),('WSS29','p17'),('WSS293','p17'),('WSS296','p17'),('WSS298','p17'),('WSS299','p17'),('WSS301','p17'),('WSS305','p17'),('WSS314','p17'),('WSS316','p17'),('WSS318','p17'),('WSS327','p17'),('WSS329','p17'),('WSS344','p17'),('WSS347','p17'),('WSS349','p17'),('WSS35','p17'),('WSS350','p17'),('WSS356','p17'),('WSS360','p17'),('WSS373','p17'),('WSS376','p17'),('WSS377','p17'),('WSS378','p17'),('WSS385','p17'),('WSS386','p17'),('WSS392','p17'),('WSS397','p17'),('WSS4','p17'),('WSS40','p17'),('WSS405','p17'),('WSS409','p17'),('WSS412','p17'),('WSS416','p17'),('WSS420','p17'),('WSS421','p17'),('WSS43','p17'),('WSS430','p17'),('WSS436','p17'),('WSS439','p17'),('WSS440','p17'),('WSS446','p17'),('WSS449','p17'),('WSS450','p17'),('WSS456','p17'),('WSS461','p17'),('WSS468','p17'),('WSS478','p17'),('WSS480','p17'),('WSS485','p17'),('WSS486','p17'),('WSS487','p17'),('WSS49','p17'),('WSS495','p17'),('WSS499','p17'),('WSS5','p17'),('WSS54','p17'),('WSS55','p17'),('WSS56','p17'),('WSS63','p17'),('WSS64','p17'),('WSS75','p17'),('WSS79','p17'),('WSS81','p17'),('WSS94','p17'),('WSS99','p17'),('WSS103','p18'),('WSS109','p18'),('WSS122','p18'),('WSS139','p18'),('WSS147','p18'),('WSS149','p18'),('WSS150','p18'),('WSS154','p18'),('WSS162','p18'),('WSS169','p18'),('WSS17','p18'),('WSS174','p18'),('WSS179','p18'),('WSS183','p18'),('WSS193','p18'),('WSS198','p18'),('WSS199','p18'),('WSS20','p18'),('WSS202','p18'),('WSS203','p18'),('WSS208','p18'),('WSS214','p18'),('WSS215','p18'),('WSS216','p18'),('WSS22','p18'),('WSS221','p18'),('WSS23','p18'),('WSS232','p18'),('WSS240','p18'),('WSS243','p18'),('WSS244','p18'),('WSS248','p18'),('WSS251','p18'),('WSS256','p18'),('WSS258','p18'),('WSS262','p18'),('WSS267','p18'),('WSS269','p18'),('WSS273','p18'),('WSS276','p18'),('WSS279','p18'),('WSS280','p18'),('WSS288','p18'),('WSS291','p18'),('WSS292','p18'),('WSS295','p18'),('WSS297','p18'),('WSS302','p18'),('WSS303','p18'),('WSS310','p18'),('WSS313','p18'),('WSS319','p18'),('WSS323','p18'),('WSS324','p18'),('WSS330','p18'),('WSS332','p18'),('WSS333','p18'),('WSS334','p18'),('WSS336','p18'),('WSS339','p18'),('WSS340','p18'),('WSS342','p18'),('WSS343','p18'),('WSS344','p18'),('WSS349','p18'),('WSS35','p18'),('WSS351','p18'),('WSS352','p18'),('WSS360','p18'),('WSS361','p18'),('WSS363','p18'),('WSS380','p18'),('WSS384','p18'),('WSS386','p18'),('WSS393','p18'),('WSS403','p18'),('WSS405','p18'),('WSS41','p18'),('WSS413','p18'),('WSS414','p18'),('WSS415','p18'),('WSS418','p18'),('WSS425','p18'),('WSS430','p18'),('WSS442','p18'),('WSS446','p18'),('WSS449','p18'),('WSS45','p18'),('WSS455','p18'),('WSS456','p18'),('WSS461','p18'),('WSS463','p18'),('WSS466','p18'),('WSS467','p18'),('WSS469','p18'),('WSS47','p18'),('WSS476','p18'),('WSS482','p18'),('WSS489','p18'),('WSS490','p18'),('WSS491','p18'),('WSS493','p18'),('WSS494','p18'),('WSS495','p18'),('WSS497','p18'),('WSS51','p18'),('WSS54','p18'),('WSS55','p18'),('WSS58','p18'),('WSS59','p18'),('WSS62','p18'),('WSS64','p18'),('WSS65','p18'),('WSS73','p18'),('WSS76','p18'),('WSS8','p18'),('WSS87','p18'),('WSS88','p18'),('WSS92','p18'),('WSS96','p18'),('WSS97','p18'),('WSS99','p18'),('WSS101','p19'),('WSS102','p19'),('WSS107','p19'),('WSS108','p19'),('WSS114','p19'),('WSS123','p19'),('WSS124','p19'),('WSS129','p19'),('WSS130','p19'),('WSS132','p19'),('WSS133','p19'),('WSS137','p19'),('WSS144','p19'),('WSS145','p19'),('WSS153','p19'),('WSS165','p19'),('WSS166','p19'),('WSS171','p19'),('WSS173','p19'),('WSS179','p19'),('WSS185','p19'),('WSS188','p19'),('WSS194','p19'),('WSS195','p19'),('WSS196','p19'),('WSS203','p19'),('WSS209','p19'),('WSS210','p19'),('WSS211','p19'),('WSS212','p19'),('WSS215','p19'),('WSS22','p19'),('WSS220','p19'),('WSS224','p19'),('WSS229','p19'),('WSS23','p19'),('WSS236','p19'),('WSS245','p19'),('WSS247','p19'),('WSS249','p19'),('WSS255','p19'),('WSS260','p19'),('WSS261','p19'),('WSS264','p19'),('WSS266','p19'),('WSS267','p19'),('WSS270','p19'),('WSS271','p19'),('WSS274','p19'),('WSS276','p19'),('WSS279','p19'),('WSS281','p19'),('WSS290','p19'),('WSS298','p19'),('WSS3','p19'),('WSS303','p19'),('WSS306','p19'),('WSS31','p19'),('WSS310','p19'),('WSS312','p19'),('WSS317','p19'),('WSS32','p19'),('WSS320','p19'),('WSS329','p19'),('WSS342','p19'),('WSS348','p19'),('WSS351','p19'),('WSS354','p19'),('WSS356','p19'),('WSS369','p19'),('WSS37','p19'),('WSS372','p19'),('WSS373','p19'),('WSS382','p19'),('WSS383','p19'),('WSS390','p19'),('WSS391','p19'),('WSS4','p19'),('WSS40','p19'),('WSS403','p19'),('WSS404','p19'),('WSS405','p19'),('WSS411','p19'),('WSS413','p19'),('WSS415','p19'),('WSS418','p19'),('WSS42','p19'),('WSS420','p19'),('WSS421','p19'),('WSS424','p19'),('WSS431','p19'),('WSS435','p19'),('WSS438','p19'),('WSS439','p19'),('WSS45','p19'),('WSS451','p19'),('WSS453','p19'),('WSS454','p19'),('WSS46','p19'),('WSS460','p19'),('WSS464','p19'),('WSS468','p19'),('WSS47','p19'),('WSS476','p19'),('WSS483','p19'),('WSS489','p19'),('WSS49','p19'),('WSS492','p19'),('WSS495','p19'),('WSS497','p19'),('WSS5','p19'),('WSS50','p19'),('WSS500','p19'),('WSS53','p19'),('WSS54','p19'),('WSS55','p19'),('WSS57','p19'),('WSS58','p19'),('WSS59','p19'),('WSS60','p19'),('WSS63','p19'),('WSS65','p19'),('WSS66','p19'),('WSS70','p19'),('WSS73','p19'),('WSS76','p19'),('WSS8','p19'),('WSS82','p19'),('WSS87','p19'),('WSS92','p19'),('WSS96','p19'),('WSS1','p2'),('WSS100','p2'),('WSS103','p2'),('WSS104','p2'),('WSS105','p2'),('WSS107','p2'),('WSS113','p2'),('WSS12','p2'),('WSS121','p2'),('WSS141','p2'),('WSS145','p2'),('WSS146','p2'),('WSS158','p2'),('WSS159','p2'),('WSS163','p2'),('WSS165','p2'),('WSS169','p2'),('WSS177','p2'),('WSS180','p2'),('WSS183','p2'),('WSS184','p2'),('WSS186','p2'),('WSS189','p2'),('WSS19','p2'),('WSS190','p2'),('WSS193','p2'),('WSS195','p2'),('WSS197','p2'),('WSS2','p2'),('WSS202','p2'),('WSS208','p2'),('WSS210','p2'),('WSS212','p2'),('WSS215','p2'),('WSS218','p2'),('WSS219','p2'),('WSS223','p2'),('WSS226','p2'),('WSS228','p2'),('WSS233','p2'),('WSS239','p2'),('WSS240','p2'),('WSS242','p2'),('WSS246','p2'),('WSS249','p2'),('WSS25','p2'),('WSS251','p2'),('WSS253','p2'),('WSS255','p2'),('WSS26','p2'),('WSS260','p2'),('WSS261','p2'),('WSS265','p2'),('WSS269','p2'),('WSS271','p2'),('WSS274','p2'),('WSS277','p2'),('WSS278','p2'),('WSS279','p2'),('WSS280','p2'),('WSS289','p2'),('WSS304','p2'),('WSS31','p2'),('WSS311','p2'),('WSS318','p2'),('WSS325','p2'),('WSS326','p2'),('WSS332','p2'),('WSS342','p2'),('WSS343','p2'),('WSS344','p2'),('WSS350','p2'),('WSS353','p2'),('WSS359','p2'),('WSS362','p2'),('WSS367','p2'),('WSS37','p2'),('WSS370','p2'),('WSS371','p2'),('WSS373','p2'),('WSS375','p2'),('WSS378','p2'),('WSS38','p2'),('WSS380','p2'),('WSS381','p2'),('WSS384','p2'),('WSS389','p2'),('WSS39','p2'),('WSS396','p2'),('WSS399','p2'),('WSS400','p2'),('WSS402','p2'),('WSS406','p2'),('WSS407','p2'),('WSS417','p2'),('WSS42','p2'),('WSS423','p2'),('WSS428','p2'),('WSS43','p2'),('WSS436','p2'),('WSS438','p2'),('WSS441','p2'),('WSS445','p2'),('WSS448','p2'),('WSS453','p2'),('WSS463','p2'),('WSS468','p2'),('WSS470','p2'),('WSS477','p2'),('WSS479','p2'),('WSS48','p2'),('WSS481','p2'),('WSS482','p2'),('WSS492','p2'),('WSS495','p2'),('WSS497','p2'),('WSS5','p2'),('WSS54','p2'),('WSS60','p2'),('WSS65','p2'),('WSS66','p2'),('WSS68','p2'),('WSS75','p2'),('WSS77','p2'),('WSS78','p2'),('WSS80','p2'),('WSS82','p2'),('WSS96','p2'),('WSS1','p20'),('WSS101','p20'),('WSS111','p20'),('WSS114','p20'),('WSS117','p20'),('WSS128','p20'),('WSS129','p20'),('WSS13','p20'),('WSS132','p20'),('WSS14','p20'),('WSS141','p20'),('WSS142','p20'),('WSS143','p20'),('WSS149','p20'),('WSS150','p20'),('WSS151','p20'),('WSS152','p20'),('WSS161','p20'),('WSS164','p20'),('WSS167','p20'),('WSS175','p20'),('WSS178','p20'),('WSS181','p20'),('WSS182','p20'),('WSS187','p20'),('WSS188','p20'),('WSS192','p20'),('WSS193','p20'),('WSS195','p20'),('WSS198','p20'),('WSS199','p20'),('WSS200','p20'),('WSS203','p20'),('WSS211','p20'),('WSS214','p20'),('WSS215','p20'),('WSS218','p20'),('WSS219','p20'),('WSS221','p20'),('WSS224','p20'),('WSS23','p20'),('WSS232','p20'),('WSS233','p20'),('WSS238','p20'),('WSS242','p20'),('WSS245','p20'),('WSS248','p20'),('WSS252','p20'),('WSS254','p20'),('WSS26','p20'),('WSS264','p20'),('WSS273','p20'),('WSS277','p20'),('WSS281','p20'),('WSS284','p20'),('WSS287','p20'),('WSS294','p20'),('WSS297','p20'),('WSS299','p20'),('WSS300','p20'),('WSS308','p20'),('WSS310','p20'),('WSS315','p20'),('WSS327','p20'),('WSS329','p20'),('WSS33','p20'),('WSS34','p20'),('WSS341','p20'),('WSS345','p20'),('WSS358','p20'),('WSS361','p20'),('WSS367','p20'),('WSS368','p20'),('WSS382','p20'),('WSS390','p20'),('WSS396','p20'),('WSS398','p20'),('WSS40','p20'),('WSS400','p20'),('WSS409','p20'),('WSS41','p20'),('WSS410','p20'),('WSS412','p20'),('WSS415','p20'),('WSS42','p20'),('WSS423','p20'),('WSS425','p20'),('WSS426','p20'),('WSS431','p20'),('WSS435','p20'),('WSS437','p20'),('WSS440','p20'),('WSS450','p20'),('WSS451','p20'),('WSS452','p20'),('WSS456','p20'),('WSS462','p20'),('WSS463','p20'),('WSS465','p20'),('WSS469','p20'),('WSS476','p20'),('WSS478','p20'),('WSS485','p20'),('WSS487','p20'),('WSS49','p20'),('WSS490','p20'),('WSS494','p20'),('WSS54','p20'),('WSS55','p20'),('WSS56','p20'),('WSS61','p20'),('WSS62','p20'),('WSS72','p20'),('WSS79','p20'),('WSS89','p20'),('WSS91','p20'),('WSS92','p20'),('WSS95','p20'),('WSS97','p20'),('WSS102','p21'),('WSS116','p21'),('WSS117','p21'),('WSS118','p21'),('WSS121','p21'),('WSS123','p21'),('WSS126','p21'),('WSS131','p21'),('WSS143','p21'),('WSS146','p21'),('WSS15','p21'),('WSS150','p21'),('WSS153','p21'),('WSS154','p21'),('WSS155','p21'),('WSS162','p21'),('WSS163','p21'),('WSS167','p21'),('WSS179','p21'),('WSS18','p21'),('WSS181','p21'),('WSS182','p21'),('WSS187','p21'),('WSS190','p21'),('WSS191','p21'),('WSS197','p21'),('WSS199','p21'),('WSS200','p21'),('WSS201','p21'),('WSS207','p21'),('WSS209','p21'),('WSS212','p21'),('WSS221','p21'),('WSS228','p21'),('WSS233','p21'),('WSS24','p21'),('WSS245','p21'),('WSS249','p21'),('WSS253','p21'),('WSS262','p21'),('WSS264','p21'),('WSS266','p21'),('WSS268','p21'),('WSS271','p21'),('WSS286','p21'),('WSS290','p21'),('WSS295','p21'),('WSS299','p21'),('WSS301','p21'),('WSS309','p21'),('WSS310','p21'),('WSS312','p21'),('WSS314','p21'),('WSS324','p21'),('WSS325','p21'),('WSS33','p21'),('WSS330','p21'),('WSS333','p21'),('WSS336','p21'),('WSS338','p21'),('WSS341','p21'),('WSS353','p21'),('WSS356','p21'),('WSS36','p21'),('WSS364','p21'),('WSS368','p21'),('WSS369','p21'),('WSS374','p21'),('WSS384','p21'),('WSS386','p21'),('WSS387','p21'),('WSS388','p21'),('WSS389','p21'),('WSS393','p21'),('WSS394','p21'),('WSS396','p21'),('WSS397','p21'),('WSS402','p21'),('WSS404','p21'),('WSS41','p21'),('WSS410','p21'),('WSS414','p21'),('WSS417','p21'),('WSS419','p21'),('WSS42','p21'),('WSS420','p21'),('WSS426','p21'),('WSS432','p21'),('WSS44','p21'),('WSS447','p21'),('WSS448','p21'),('WSS469','p21'),('WSS471','p21'),('WSS475','p21'),('WSS476','p21'),('WSS483','p21'),('WSS485','p21'),('WSS491','p21'),('WSS50','p21'),('WSS53','p21'),('WSS57','p21'),('WSS59','p21'),('WSS6','p21'),('WSS61','p21'),('WSS64','p21'),('WSS69','p21'),('WSS7','p21'),('WSS73','p21'),('WSS77','p21'),('WSS8','p21'),('WSS80','p21'),('WSS84','p21'),('WSS85','p21'),('WSS86','p21'),('WSS87','p21'),('WSS92','p21'),('WSS96','p21'),('WSS97','p21'),('WSS104','p22'),('WSS105','p22'),('WSS106','p22'),('WSS112','p22'),('WSS115','p22'),('WSS117','p22'),('WSS118','p22'),('WSS122','p22'),('WSS125','p22'),('WSS127','p22'),('WSS131','p22'),('WSS136','p22'),('WSS138','p22'),('WSS140','p22'),('WSS148','p22'),('WSS154','p22'),('WSS155','p22'),('WSS156','p22'),('WSS157','p22'),('WSS16','p22'),('WSS162','p22'),('WSS163','p22'),('WSS167','p22'),('WSS169','p22'),('WSS17','p22'),('WSS171','p22'),('WSS172','p22'),('WSS173','p22'),('WSS18','p22'),('WSS185','p22'),('WSS186','p22'),('WSS190','p22'),('WSS20','p22'),('WSS203','p22'),('WSS209','p22'),('WSS210','p22'),('WSS212','p22'),('WSS217','p22'),('WSS225','p22'),('WSS231','p22'),('WSS238','p22'),('WSS241','p22'),('WSS251','p22'),('WSS252','p22'),('WSS258','p22'),('WSS259','p22'),('WSS266','p22'),('WSS271','p22'),('WSS280','p22'),('WSS284','p22'),('WSS287','p22'),('WSS289','p22'),('WSS292','p22'),('WSS293','p22'),('WSS295','p22'),('WSS297','p22'),('WSS302','p22'),('WSS313','p22'),('WSS315','p22'),('WSS318','p22'),('WSS319','p22'),('WSS320','p22'),('WSS335','p22'),('WSS337','p22'),('WSS338','p22'),('WSS340','p22'),('WSS344','p22'),('WSS351','p22'),('WSS352','p22'),('WSS354','p22'),('WSS362','p22'),('WSS366','p22'),('WSS368','p22'),('WSS369','p22'),('WSS372','p22'),('WSS382','p22'),('WSS387','p22'),('WSS388','p22'),('WSS4','p22'),('WSS40','p22'),('WSS401','p22'),('WSS402','p22'),('WSS404','p22'),('WSS41','p22'),('WSS412','p22'),('WSS414','p22'),('WSS423','p22'),('WSS428','p22'),('WSS43','p22'),('WSS434','p22'),('WSS435','p22'),('WSS439','p22'),('WSS44','p22'),('WSS445','p22'),('WSS448','p22'),('WSS454','p22'),('WSS455','p22'),('WSS459','p22'),('WSS461','p22'),('WSS471','p22'),('WSS474','p22'),('WSS475','p22'),('WSS479','p22'),('WSS481','p22'),('WSS484','p22'),('WSS487','p22'),('WSS491','p22'),('WSS496','p22'),('WSS51','p22'),('WSS52','p22'),('WSS57','p22'),('WSS62','p22'),('WSS69','p22'),('WSS73','p22'),('WSS77','p22'),('WSS83','p22'),('WSS84','p22'),('WSS86','p22'),('WSS97','p22'),('WSS10','p23'),('WSS104','p23'),('WSS115','p23'),('WSS126','p23'),('WSS130','p23'),('WSS133','p23'),('WSS136','p23'),('WSS138','p23'),('WSS144','p23'),('WSS146','p23'),('WSS149','p23'),('WSS15','p23'),('WSS153','p23'),('WSS160','p23'),('WSS162','p23'),('WSS164','p23'),('WSS165','p23'),('WSS171','p23'),('WSS180','p23'),('WSS184','p23'),('WSS188','p23'),('WSS192','p23'),('WSS196','p23'),('WSS199','p23'),('WSS20','p23'),('WSS200','p23'),('WSS202','p23'),('WSS206','p23'),('WSS21','p23'),('WSS217','p23'),('WSS219','p23'),('WSS22','p23'),('WSS227','p23'),('WSS229','p23'),('WSS236','p23'),('WSS247','p23'),('WSS252','p23'),('WSS260','p23'),('WSS261','p23'),('WSS263','p23'),('WSS265','p23'),('WSS268','p23'),('WSS280','p23'),('WSS281','p23'),('WSS288','p23'),('WSS291','p23'),('WSS294','p23'),('WSS297','p23'),('WSS298','p23'),('WSS30','p23'),('WSS306','p23'),('WSS307','p23'),('WSS311','p23'),('WSS316','p23'),('WSS327','p23'),('WSS328','p23'),('WSS33','p23'),('WSS334','p23'),('WSS335','p23'),('WSS336','p23'),('WSS339','p23'),('WSS343','p23'),('WSS348','p23'),('WSS35','p23'),('WSS350','p23'),('WSS357','p23'),('WSS359','p23'),('WSS368','p23'),('WSS37','p23'),('WSS376','p23'),('WSS379','p23'),('WSS381','p23'),('WSS386','p23'),('WSS391','p23'),('WSS401','p23'),('WSS410','p23'),('WSS413','p23'),('WSS415','p23'),('WSS416','p23'),('WSS425','p23'),('WSS426','p23'),('WSS427','p23'),('WSS43','p23'),('WSS432','p23'),('WSS433','p23'),('WSS434','p23'),('WSS442','p23'),('WSS443','p23'),('WSS446','p23'),('WSS448','p23'),('WSS45','p23'),('WSS454','p23'),('WSS455','p23'),('WSS457','p23'),('WSS458','p23'),('WSS467','p23'),('WSS468','p23'),('WSS469','p23'),('WSS47','p23'),('WSS471','p23'),('WSS482','p23'),('WSS489','p23'),('WSS497','p23'),('WSS52','p23'),('WSS6','p23'),('WSS76','p23'),('WSS81','p23'),('WSS84','p23'),('WSS86','p23'),('WSS88','p23'),('WSS91','p23'),('WSS94','p23'),('WSS98','p23'),('WSS1','p24'),('WSS10','p24'),('WSS103','p24'),('WSS105','p24'),('WSS106','p24'),('WSS109','p24'),('WSS112','p24'),('WSS114','p24'),('WSS126','p24'),('WSS128','p24'),('WSS155','p24'),('WSS157','p24'),('WSS16','p24'),('WSS163','p24'),('WSS166','p24'),('WSS169','p24'),('WSS17','p24'),('WSS172','p24'),('WSS174','p24'),('WSS178','p24'),('WSS179','p24'),('WSS180','p24'),('WSS189','p24'),('WSS192','p24'),('WSS201','p24'),('WSS203','p24'),('WSS205','p24'),('WSS208','p24'),('WSS217','p24'),('WSS218','p24'),('WSS22','p24'),('WSS220','p24'),('WSS224','p24'),('WSS227','p24'),('WSS228','p24'),('WSS230','p24'),('WSS231','p24'),('WSS234','p24'),('WSS240','p24'),('WSS258','p24'),('WSS262','p24'),('WSS263','p24'),('WSS27','p24'),('WSS273','p24'),('WSS279','p24'),('WSS28','p24'),('WSS283','p24'),('WSS284','p24'),('WSS285','p24'),('WSS286','p24'),('WSS291','p24'),('WSS296','p24'),('WSS30','p24'),('WSS308','p24'),('WSS309','p24'),('WSS31','p24'),('WSS321','p24'),('WSS323','p24'),('WSS324','p24'),('WSS327','p24'),('WSS328','p24'),('WSS336','p24'),('WSS347','p24'),('WSS354','p24'),('WSS355','p24'),('WSS358','p24'),('WSS359','p24'),('WSS362','p24'),('WSS366','p24'),('WSS37','p24'),('WSS376','p24'),('WSS38','p24'),('WSS385','p24'),('WSS39','p24'),('WSS395','p24'),('WSS404','p24'),('WSS405','p24'),('WSS41','p24'),('WSS412','p24'),('WSS418','p24'),('WSS424','p24'),('WSS426','p24'),('WSS427','p24'),('WSS430','p24'),('WSS438','p24'),('WSS44','p24'),('WSS440','p24'),('WSS449','p24'),('WSS451','p24'),('WSS453','p24'),('WSS455','p24'),('WSS462','p24'),('WSS466','p24'),('WSS468','p24'),('WSS470','p24'),('WSS474','p24'),('WSS477','p24'),('WSS478','p24'),('WSS480','p24'),('WSS482','p24'),('WSS489','p24'),('WSS49','p24'),('WSS50','p24'),('WSS500','p24'),('WSS52','p24'),('WSS55','p24'),('WSS56','p24'),('WSS59','p24'),('WSS67','p24'),('WSS69','p24'),('WSS72','p24'),('WSS8','p24'),('WSS81','p24'),('WSS84','p24'),('WSS86','p24'),('WSS87','p24'),('WSS88','p24'),('WSS89','p24'),('WSS99','p24'),('WSS10','p25'),('WSS101','p25'),('WSS103','p25'),('WSS105','p25'),('WSS107','p25'),('WSS108','p25'),('WSS110','p25'),('WSS111','p25'),('WSS112','p25'),('WSS113','p25'),('WSS121','p25'),('WSS125','p25'),('WSS130','p25'),('WSS139','p25'),('WSS143','p25'),('WSS149','p25'),('WSS157','p25'),('WSS158','p25'),('WSS161','p25'),('WSS168','p25'),('WSS170','p25'),('WSS175','p25'),('WSS177','p25'),('WSS186','p25'),('WSS187','p25'),('WSS19','p25'),('WSS191','p25'),('WSS192','p25'),('WSS198','p25'),('WSS201','p25'),('WSS204','p25'),('WSS205','p25'),('WSS211','p25'),('WSS212','p25'),('WSS215','p25'),('WSS219','p25'),('WSS222','p25'),('WSS224','p25'),('WSS233','p25'),('WSS237','p25'),('WSS239','p25'),('WSS247','p25'),('WSS249','p25'),('WSS250','p25'),('WSS262','p25'),('WSS263','p25'),('WSS272','p25'),('WSS274','p25'),('WSS275','p25'),('WSS277','p25'),('WSS288','p25'),('WSS289','p25'),('WSS297','p25'),('WSS299','p25'),('WSS30','p25'),('WSS307','p25'),('WSS31','p25'),('WSS310','p25'),('WSS312','p25'),('WSS317','p25'),('WSS321','p25'),('WSS322','p25'),('WSS323','p25'),('WSS326','p25'),('WSS33','p25'),('WSS333','p25'),('WSS337','p25'),('WSS338','p25'),('WSS339','p25'),('WSS34','p25'),('WSS342','p25'),('WSS348','p25'),('WSS35','p25'),('WSS358','p25'),('WSS361','p25'),('WSS366','p25'),('WSS368','p25'),('WSS369','p25'),('WSS383','p25'),('WSS392','p25'),('WSS393','p25'),('WSS397','p25'),('WSS398','p25'),('WSS4','p25'),('WSS400','p25'),('WSS407','p25'),('WSS408','p25'),('WSS414','p25'),('WSS415','p25'),('WSS417','p25'),('WSS422','p25'),('WSS425','p25'),('WSS434','p25'),('WSS436','p25'),('WSS442','p25'),('WSS445','p25'),('WSS447','p25'),('WSS45','p25'),('WSS452','p25'),('WSS454','p25'),('WSS462','p25'),('WSS465','p25'),('WSS468','p25'),('WSS471','p25'),('WSS492','p25'),('WSS494','p25'),('WSS497','p25'),('WSS499','p25'),('WSS500','p25'),('WSS55','p25'),('WSS61','p25'),('WSS62','p25'),('WSS63','p25'),('WSS75','p25'),('WSS79','p25'),('WSS8','p25'),('WSS83','p25'),('WSS87','p25'),('WSS9','p25'),('WSS90','p25'),('WSS95','p25'),('WSS98','p25'),('WSS100','p26'),('WSS108','p26'),('WSS111','p26'),('WSS114','p26'),('WSS116','p26'),('WSS117','p26'),('WSS12','p26'),('WSS124','p26'),('WSS13','p26'),('WSS131','p26'),('WSS134','p26'),('WSS138','p26'),('WSS14','p26'),('WSS147','p26'),('WSS149','p26'),('WSS168','p26'),('WSS170','p26'),('WSS174','p26'),('WSS176','p26'),('WSS177','p26'),('WSS178','p26'),('WSS180','p26'),('WSS181','p26'),('WSS183','p26'),('WSS190','p26'),('WSS193','p26'),('WSS194','p26'),('WSS2','p26'),('WSS210','p26'),('WSS212','p26'),('WSS213','p26'),('WSS214','p26'),('WSS217','p26'),('WSS220','p26'),('WSS222','p26'),('WSS223','p26'),('WSS229','p26'),('WSS237','p26'),('WSS239','p26'),('WSS243','p26'),('WSS255','p26'),('WSS265','p26'),('WSS270','p26'),('WSS272','p26'),('WSS277','p26'),('WSS279','p26'),('WSS280','p26'),('WSS289','p26'),('WSS292','p26'),('WSS294','p26'),('WSS296','p26'),('WSS302','p26'),('WSS306','p26'),('WSS309','p26'),('WSS311','p26'),('WSS313','p26'),('WSS314','p26'),('WSS315','p26'),('WSS317','p26'),('WSS319','p26'),('WSS32','p26'),('WSS336','p26'),('WSS337','p26'),('WSS34','p26'),('WSS341','p26'),('WSS343','p26'),('WSS344','p26'),('WSS352','p26'),('WSS353','p26'),('WSS362','p26'),('WSS363','p26'),('WSS365','p26'),('WSS37','p26'),('WSS372','p26'),('WSS377','p26'),('WSS379','p26'),('WSS380','p26'),('WSS386','p26'),('WSS388','p26'),('WSS389','p26'),('WSS396','p26'),('WSS403','p26'),('WSS405','p26'),('WSS408','p26'),('WSS411','p26'),('WSS420','p26'),('WSS425','p26'),('WSS426','p26'),('WSS427','p26'),('WSS432','p26'),('WSS436','p26'),('WSS44','p26'),('WSS445','p26'),('WSS448','p26'),('WSS454','p26'),('WSS457','p26'),('WSS458','p26'),('WSS469','p26'),('WSS47','p26'),('WSS470','p26'),('WSS473','p26'),('WSS476','p26'),('WSS484','p26'),('WSS485','p26'),('WSS487','p26'),('WSS492','p26'),('WSS496','p26'),('WSS52','p26'),('WSS53','p26'),('WSS54','p26'),('WSS58','p26'),('WSS61','p26'),('WSS63','p26'),('WSS75','p26'),('WSS83','p26'),('WSS86','p26'),('WSS97','p26'),('WSS101','p27'),('WSS108','p27'),('WSS12','p27'),('WSS125','p27'),('WSS128','p27'),('WSS129','p27'),('WSS130','p27'),('WSS132','p27'),('WSS137','p27'),('WSS141','p27'),('WSS142','p27'),('WSS144','p27'),('WSS146','p27'),('WSS16','p27'),('WSS160','p27'),('WSS164','p27'),('WSS167','p27'),('WSS173','p27'),('WSS175','p27'),('WSS179','p27'),('WSS18','p27'),('WSS180','p27'),('WSS184','p27'),('WSS189','p27'),('WSS191','p27'),('WSS193','p27'),('WSS198','p27'),('WSS205','p27'),('WSS215','p27'),('WSS216','p27'),('WSS221','p27'),('WSS222','p27'),('WSS226','p27'),('WSS23','p27'),('WSS230','p27'),('WSS234','p27'),('WSS237','p27'),('WSS238','p27'),('WSS24','p27'),('WSS244','p27'),('WSS252','p27'),('WSS257','p27'),('WSS263','p27'),('WSS279','p27'),('WSS28','p27'),('WSS281','p27'),('WSS282','p27'),('WSS283','p27'),('WSS29','p27'),('WSS290','p27'),('WSS291','p27'),('WSS296','p27'),('WSS300','p27'),('WSS302','p27'),('WSS303','p27'),('WSS307','p27'),('WSS317','p27'),('WSS32','p27'),('WSS323','p27'),('WSS325','p27'),('WSS331','p27'),('WSS332','p27'),('WSS341','p27'),('WSS355','p27'),('WSS357','p27'),('WSS363','p27'),('WSS369','p27'),('WSS370','p27'),('WSS371','p27'),('WSS38','p27'),('WSS381','p27'),('WSS382','p27'),('WSS383','p27'),('WSS384','p27'),('WSS395','p27'),('WSS406','p27'),('WSS408','p27'),('WSS413','p27'),('WSS415','p27'),('WSS423','p27'),('WSS428','p27'),('WSS449','p27'),('WSS451','p27'),('WSS452','p27'),('WSS457','p27'),('WSS459','p27'),('WSS461','p27'),('WSS464','p27'),('WSS466','p27'),('WSS470','p27'),('WSS472','p27'),('WSS474','p27'),('WSS477','p27'),('WSS48','p27'),('WSS482','p27'),('WSS490','p27'),('WSS491','p27'),('WSS494','p27'),('WSS60','p27'),('WSS62','p27'),('WSS68','p27'),('WSS69','p27'),('WSS7','p27'),('WSS70','p27'),('WSS74','p27'),('WSS75','p27'),('WSS80','p27'),('WSS85','p27'),('WSS87','p27'),('WSS88','p27'),('WSS94','p27'),('WSS98','p27'),('WSS99','p27'),('WSS104','p28'),('WSS109','p28'),('WSS114','p28'),('WSS120','p28'),('WSS122','p28'),('WSS127','p28'),('WSS129','p28'),('WSS133','p28'),('WSS138','p28'),('WSS143','p28'),('WSS147','p28'),('WSS148','p28'),('WSS151','p28'),('WSS152','p28'),('WSS153','p28'),('WSS154','p28'),('WSS158','p28'),('WSS16','p28'),('WSS160','p28'),('WSS171','p28'),('WSS174','p28'),('WSS176','p28'),('WSS179','p28'),('WSS180','p28'),('WSS181','p28'),('WSS183','p28'),('WSS185','p28'),('WSS186','p28'),('WSS187','p28'),('WSS193','p28'),('WSS195','p28'),('WSS207','p28'),('WSS210','p28'),('WSS217','p28'),('WSS218','p28'),('WSS220','p28'),('WSS224','p28'),('WSS227','p28'),('WSS234','p28'),('WSS236','p28'),('WSS237','p28'),('WSS238','p28'),('WSS24','p28'),('WSS244','p28'),('WSS246','p28'),('WSS249','p28'),('WSS252','p28'),('WSS261','p28'),('WSS262','p28'),('WSS265','p28'),('WSS267','p28'),('WSS268','p28'),('WSS273','p28'),('WSS275','p28'),('WSS280','p28'),('WSS282','p28'),('WSS286','p28'),('WSS288','p28'),('WSS292','p28'),('WSS294','p28'),('WSS295','p28'),('WSS297','p28'),('WSS3','p28'),('WSS301','p28'),('WSS31','p28'),('WSS314','p28'),('WSS315','p28'),('WSS319','p28'),('WSS32','p28'),('WSS324','p28'),('WSS328','p28'),('WSS331','p28'),('WSS333','p28'),('WSS342','p28'),('WSS348','p28'),('WSS353','p28'),('WSS355','p28'),('WSS357','p28'),('WSS36','p28'),('WSS365','p28'),('WSS367','p28'),('WSS371','p28'),('WSS373','p28'),('WSS374','p28'),('WSS376','p28'),('WSS378','p28'),('WSS382','p28'),('WSS386','p28'),('WSS388','p28'),('WSS393','p28'),('WSS398','p28'),('WSS4','p28'),('WSS408','p28'),('WSS410','p28'),('WSS414','p28'),('WSS416','p28'),('WSS421','p28'),('WSS427','p28'),('WSS428','p28'),('WSS436','p28'),('WSS437','p28'),('WSS439','p28'),('WSS44','p28'),('WSS441','p28'),('WSS451','p28'),('WSS453','p28'),('WSS455','p28'),('WSS458','p28'),('WSS460','p28'),('WSS465','p28'),('WSS466','p28'),('WSS469','p28'),('WSS470','p28'),('WSS481','p28'),('WSS484','p28'),('WSS490','p28'),('WSS491','p28'),('WSS496','p28'),('WSS497','p28'),('WSS50','p28'),('WSS51','p28'),('WSS54','p28'),('WSS56','p28'),('WSS67','p28'),('WSS70','p28'),('WSS76','p28'),('WSS80','p28'),('WSS81','p28'),('WSS90','p28'),('WSS91','p28'),('WSS95','p28'),('WSS101','p29'),('WSS104','p29'),('WSS105','p29'),('WSS107','p29'),('WSS11','p29'),('WSS110','p29'),('WSS111','p29'),('WSS113','p29'),('WSS121','p29'),('WSS122','p29'),('WSS130','p29'),('WSS134','p29'),('WSS144','p29'),('WSS145','p29'),('WSS146','p29'),('WSS150','p29'),('WSS156','p29'),('WSS157','p29'),('WSS162','p29'),('WSS163','p29'),('WSS167','p29'),('WSS171','p29'),('WSS177','p29'),('WSS184','p29'),('WSS188','p29'),('WSS19','p29'),('WSS194','p29'),('WSS197','p29'),('WSS20','p29'),('WSS203','p29'),('WSS206','p29'),('WSS212','p29'),('WSS213','p29'),('WSS221','p29'),('WSS222','p29'),('WSS223','p29'),('WSS225','p29'),('WSS226','p29'),('WSS228','p29'),('WSS233','p29'),('WSS241','p29'),('WSS243','p29'),('WSS244','p29'),('WSS245','p29'),('WSS25','p29'),('WSS255','p29'),('WSS256','p29'),('WSS258','p29'),('WSS261','p29'),('WSS268','p29'),('WSS274','p29'),('WSS278','p29'),('WSS280','p29'),('WSS283','p29'),('WSS285','p29'),('WSS286','p29'),('WSS290','p29'),('WSS292','p29'),('WSS293','p29'),('WSS30','p29'),('WSS314','p29'),('WSS315','p29'),('WSS316','p29'),('WSS319','p29'),('WSS321','p29'),('WSS322','p29'),('WSS331','p29'),('WSS332','p29'),('WSS333','p29'),('WSS334','p29'),('WSS344','p29'),('WSS345','p29'),('WSS351','p29'),('WSS352','p29'),('WSS353','p29'),('WSS359','p29'),('WSS367','p29'),('WSS371','p29'),('WSS374','p29'),('WSS38','p29'),('WSS380','p29'),('WSS381','p29'),('WSS384','p29'),('WSS387','p29'),('WSS398','p29'),('WSS400','p29'),('WSS411','p29'),('WSS412','p29'),('WSS413','p29'),('WSS414','p29'),('WSS431','p29'),('WSS435','p29'),('WSS436','p29'),('WSS438','p29'),('WSS441','p29'),('WSS444','p29'),('WSS449','p29'),('WSS458','p29'),('WSS468','p29'),('WSS472','p29'),('WSS478','p29'),('WSS484','p29'),('WSS487','p29'),('WSS489','p29'),('WSS492','p29'),('WSS497','p29'),('WSS499','p29'),('WSS6','p29'),('WSS60','p29'),('WSS65','p29'),('WSS67','p29'),('WSS68','p29'),('WSS76','p29'),('WSS77','p29'),('WSS81','p29'),('WSS89','p29'),('WSS9','p29'),('WSS92','p29'),('WSS1','p3'),('WSS100','p3'),('WSS102','p3'),('WSS109','p3'),('WSS110','p3'),('WSS112','p3'),('WSS115','p3'),('WSS123','p3'),('WSS131','p3'),('WSS132','p3'),('WSS137','p3'),('WSS142','p3'),('WSS144','p3'),('WSS146','p3'),('WSS150','p3'),('WSS151','p3'),('WSS156','p3'),('WSS157','p3'),('WSS161','p3'),('WSS165','p3'),('WSS169','p3'),('WSS17','p3'),('WSS170','p3'),('WSS174','p3'),('WSS176','p3'),('WSS178','p3'),('WSS180','p3'),('WSS181','p3'),('WSS182','p3'),('WSS185','p3'),('WSS187','p3'),('WSS192','p3'),('WSS194','p3'),('WSS196','p3'),('WSS2','p3'),('WSS201','p3'),('WSS204','p3'),('WSS21','p3'),('WSS213','p3'),('WSS22','p3'),('WSS220','p3'),('WSS223','p3'),('WSS235','p3'),('WSS236','p3'),('WSS239','p3'),('WSS241','p3'),('WSS242','p3'),('WSS25','p3'),('WSS250','p3'),('WSS255','p3'),('WSS257','p3'),('WSS259','p3'),('WSS264','p3'),('WSS266','p3'),('WSS274','p3'),('WSS276','p3'),('WSS284','p3'),('WSS292','p3'),('WSS299','p3'),('WSS3','p3'),('WSS300','p3'),('WSS301','p3'),('WSS304','p3'),('WSS306','p3'),('WSS317','p3'),('WSS326','p3'),('WSS327','p3'),('WSS329','p3'),('WSS336','p3'),('WSS338','p3'),('WSS34','p3'),('WSS345','p3'),('WSS346','p3'),('WSS347','p3'),('WSS348','p3'),('WSS349','p3'),('WSS351','p3'),('WSS360','p3'),('WSS361','p3'),('WSS362','p3'),('WSS366','p3'),('WSS369','p3'),('WSS373','p3'),('WSS378','p3'),('WSS379','p3'),('WSS386','p3'),('WSS387','p3'),('WSS394','p3'),('WSS400','p3'),('WSS406','p3'),('WSS409','p3'),('WSS410','p3'),('WSS426','p3'),('WSS427','p3'),('WSS429','p3'),('WSS439','p3'),('WSS440','p3'),('WSS441','p3'),('WSS443','p3'),('WSS444','p3'),('WSS447','p3'),('WSS45','p3'),('WSS452','p3'),('WSS456','p3'),('WSS458','p3'),('WSS459','p3'),('WSS46','p3'),('WSS462','p3'),('WSS464','p3'),('WSS471','p3'),('WSS472','p3'),('WSS475','p3'),('WSS479','p3'),('WSS48','p3'),('WSS487','p3'),('WSS49','p3'),('WSS5','p3'),('WSS52','p3'),('WSS56','p3'),('WSS66','p3'),('WSS71','p3'),('WSS73','p3'),('WSS85','p3'),('WSS9','p3'),('WSS90','p3'),('WSS91','p3'),('WSS92','p3'),('WSS98','p3'),('WSS10','p30'),('WSS106','p30'),('WSS110','p30'),('WSS122','p30'),('WSS124','p30'),('WSS126','p30'),('WSS127','p30'),('WSS13','p30'),('WSS133','p30'),('WSS138','p30'),('WSS14','p30'),('WSS151','p30'),('WSS159','p30'),('WSS160','p30'),('WSS165','p30'),('WSS166','p30'),('WSS167','p30'),('WSS168','p30'),('WSS176','p30'),('WSS182','p30'),('WSS187','p30'),('WSS188','p30'),('WSS190','p30'),('WSS194','p30'),('WSS20','p30'),('WSS201','p30'),('WSS208','p30'),('WSS209','p30'),('WSS225','p30'),('WSS227','p30'),('WSS238','p30'),('WSS239','p30'),('WSS241','p30'),('WSS25','p30'),('WSS255','p30'),('WSS256','p30'),('WSS267','p30'),('WSS269','p30'),('WSS276','p30'),('WSS28','p30'),('WSS282','p30'),('WSS283','p30'),('WSS285','p30'),('WSS286','p30'),('WSS291','p30'),('WSS293','p30'),('WSS298','p30'),('WSS3','p30'),('WSS309','p30'),('WSS311','p30'),('WSS312','p30'),('WSS316','p30'),('WSS318','p30'),('WSS319','p30'),('WSS326','p30'),('WSS33','p30'),('WSS331','p30'),('WSS332','p30'),('WSS333','p30'),('WSS337','p30'),('WSS343','p30'),('WSS346','p30'),('WSS35','p30'),('WSS350','p30'),('WSS363','p30'),('WSS366','p30'),('WSS375','p30'),('WSS378','p30'),('WSS381','p30'),('WSS385','p30'),('WSS39','p30'),('WSS392','p30'),('WSS396','p30'),('WSS401','p30'),('WSS405','p30'),('WSS41','p30'),('WSS417','p30'),('WSS42','p30'),('WSS421','p30'),('WSS422','p30'),('WSS425','p30'),('WSS427','p30'),('WSS43','p30'),('WSS430','p30'),('WSS435','p30'),('WSS437','p30'),('WSS438','p30'),('WSS443','p30'),('WSS445','p30'),('WSS450','p30'),('WSS455','p30'),('WSS457','p30'),('WSS46','p30'),('WSS466','p30'),('WSS476','p30'),('WSS479','p30'),('WSS482','p30'),('WSS485','p30'),('WSS492','p30'),('WSS493','p30'),('WSS494','p30'),('WSS498','p30'),('WSS499','p30'),('WSS51','p30'),('WSS53','p30'),('WSS57','p30'),('WSS6','p30'),('WSS61','p30'),('WSS64','p30'),('WSS66','p30'),('WSS69','p30'),('WSS7','p30'),('WSS71','p30'),('WSS75','p30'),('WSS82','p30'),('WSS90','p30'),('WSS91','p30'),('WSS93','p30'),('WSS98','p30'),('WSS99','p30'),('WSS101','p4'),('WSS106','p4'),('WSS11','p4'),('WSS112','p4'),('WSS115','p4'),('WSS118','p4'),('WSS120','p4'),('WSS124','p4'),('WSS125','p4'),('WSS126','p4'),('WSS129','p4'),('WSS135','p4'),('WSS138','p4'),('WSS15','p4'),('WSS150','p4'),('WSS154','p4'),('WSS166','p4'),('WSS172','p4'),('WSS173','p4'),('WSS181','p4'),('WSS182','p4'),('WSS194','p4'),('WSS195','p4'),('WSS200','p4'),('WSS209','p4'),('WSS211','p4'),('WSS216','p4'),('WSS219','p4'),('WSS222','p4'),('WSS227','p4'),('WSS228','p4'),('WSS23','p4'),('WSS232','p4'),('WSS233','p4'),('WSS235','p4'),('WSS24','p4'),('WSS240','p4'),('WSS249','p4'),('WSS25','p4'),('WSS250','p4'),('WSS251','p4'),('WSS253','p4'),('WSS257','p4'),('WSS26','p4'),('WSS260','p4'),('WSS27','p4'),('WSS270','p4'),('WSS275','p4'),('WSS28','p4'),('WSS283','p4'),('WSS284','p4'),('WSS290','p4'),('WSS293','p4'),('WSS30','p4'),('WSS316','p4'),('WSS318','p4'),('WSS324','p4'),('WSS331','p4'),('WSS336','p4'),('WSS341','p4'),('WSS36','p4'),('WSS360','p4'),('WSS367','p4'),('WSS375','p4'),('WSS377','p4'),('WSS379','p4'),('WSS38','p4'),('WSS380','p4'),('WSS384','p4'),('WSS39','p4'),('WSS392','p4'),('WSS394','p4'),('WSS398','p4'),('WSS399','p4'),('WSS400','p4'),('WSS404','p4'),('WSS409','p4'),('WSS410','p4'),('WSS415','p4'),('WSS416','p4'),('WSS418','p4'),('WSS419','p4'),('WSS420','p4'),('WSS43','p4'),('WSS44','p4'),('WSS440','p4'),('WSS441','p4'),('WSS444','p4'),('WSS446','p4'),('WSS449','p4'),('WSS458','p4'),('WSS460','p4'),('WSS463','p4'),('WSS464','p4'),('WSS465','p4'),('WSS469','p4'),('WSS471','p4'),('WSS477','p4'),('WSS485','p4'),('WSS488','p4'),('WSS489','p4'),('WSS498','p4'),('WSS50','p4'),('WSS55','p4'),('WSS57','p4'),('WSS59','p4'),('WSS66','p4'),('WSS67','p4'),('WSS68','p4'),('WSS71','p4'),('WSS73','p4'),('WSS75','p4'),('WSS78','p4'),('WSS79','p4'),('WSS80','p4'),('WSS89','p4'),('WSS91','p4'),('WSS94','p4'),('WSS99','p4'),('WSS103','p5'),('WSS109','p5'),('WSS11','p5'),('WSS114','p5'),('WSS116','p5'),('WSS118','p5'),('WSS12','p5'),('WSS135','p5'),('WSS144','p5'),('WSS155','p5'),('WSS161','p5'),('WSS167','p5'),('WSS168','p5'),('WSS169','p5'),('WSS173','p5'),('WSS18','p5'),('WSS186','p5'),('WSS196','p5'),('WSS197','p5'),('WSS198','p5'),('WSS199','p5'),('WSS202','p5'),('WSS204','p5'),('WSS206','p5'),('WSS207','p5'),('WSS210','p5'),('WSS211','p5'),('WSS219','p5'),('WSS223','p5'),('WSS231','p5'),('WSS232','p5'),('WSS234','p5'),('WSS235','p5'),('WSS241','p5'),('WSS246','p5'),('WSS247','p5'),('WSS248','p5'),('WSS250','p5'),('WSS251','p5'),('WSS253','p5'),('WSS255','p5'),('WSS256','p5'),('WSS257','p5'),('WSS263','p5'),('WSS274','p5'),('WSS275','p5'),('WSS282','p5'),('WSS284','p5'),('WSS286','p5'),('WSS287','p5'),('WSS294','p5'),('WSS299','p5'),('WSS30','p5'),('WSS302','p5'),('WSS303','p5'),('WSS32','p5'),('WSS326','p5'),('WSS327','p5'),('WSS329','p5'),('WSS331','p5'),('WSS334','p5'),('WSS337','p5'),('WSS341','p5'),('WSS346','p5'),('WSS348','p5'),('WSS350','p5'),('WSS353','p5'),('WSS355','p5'),('WSS358','p5'),('WSS370','p5'),('WSS372','p5'),('WSS379','p5'),('WSS38','p5'),('WSS381','p5'),('WSS383','p5'),('WSS384','p5'),('WSS392','p5'),('WSS395','p5'),('WSS397','p5'),('WSS399','p5'),('WSS4','p5'),('WSS40','p5'),('WSS407','p5'),('WSS409','p5'),('WSS421','p5'),('WSS422','p5'),('WSS428','p5'),('WSS433','p5'),('WSS435','p5'),('WSS438','p5'),('WSS441','p5'),('WSS447','p5'),('WSS451','p5'),('WSS454','p5'),('WSS456','p5'),('WSS473','p5'),('WSS475','p5'),('WSS478','p5'),('WSS48','p5'),('WSS488','p5'),('WSS496','p5'),('WSS499','p5'),('WSS500','p5'),('WSS51','p5'),('WSS52','p5'),('WSS53','p5'),('WSS71','p5'),('WSS72','p5'),('WSS73','p5'),('WSS78','p5'),('WSS82','p5'),('WSS85','p5'),('WSS93','p5'),('WSS98','p5'),('WSS100','p6'),('WSS105','p6'),('WSS112','p6'),('WSS115','p6'),('WSS117','p6'),('WSS119','p6'),('WSS12','p6'),('WSS120','p6'),('WSS122','p6'),('WSS123','p6'),('WSS127','p6'),('WSS128','p6'),('WSS13','p6'),('WSS137','p6'),('WSS145','p6'),('WSS146','p6'),('WSS151','p6'),('WSS152','p6'),('WSS153','p6'),('WSS154','p6'),('WSS156','p6'),('WSS159','p6'),('WSS16','p6'),('WSS164','p6'),('WSS166','p6'),('WSS175','p6'),('WSS176','p6'),('WSS177','p6'),('WSS178','p6'),('WSS189','p6'),('WSS196','p6'),('WSS200','p6'),('WSS207','p6'),('WSS208','p6'),('WSS21','p6'),('WSS225','p6'),('WSS226','p6'),('WSS229','p6'),('WSS24','p6'),('WSS246','p6'),('WSS253','p6'),('WSS257','p6'),('WSS259','p6'),('WSS261','p6'),('WSS263','p6'),('WSS267','p6'),('WSS283','p6'),('WSS284','p6'),('WSS285','p6'),('WSS29','p6'),('WSS294','p6'),('WSS295','p6'),('WSS302','p6'),('WSS303','p6'),('WSS304','p6'),('WSS306','p6'),('WSS307','p6'),('WSS311','p6'),('WSS314','p6'),('WSS32','p6'),('WSS325','p6'),('WSS326','p6'),('WSS328','p6'),('WSS329','p6'),('WSS330','p6'),('WSS338','p6'),('WSS34','p6'),('WSS340','p6'),('WSS346','p6'),('WSS355','p6'),('WSS359','p6'),('WSS36','p6'),('WSS363','p6'),('WSS369','p6'),('WSS370','p6'),('WSS371','p6'),('WSS372','p6'),('WSS379','p6'),('WSS383','p6'),('WSS385','p6'),('WSS389','p6'),('WSS394','p6'),('WSS396','p6'),('WSS398','p6'),('WSS399','p6'),('WSS401','p6'),('WSS405','p6'),('WSS407','p6'),('WSS409','p6'),('WSS411','p6'),('WSS412','p6'),('WSS413','p6'),('WSS421','p6'),('WSS43','p6'),('WSS430','p6'),('WSS442','p6'),('WSS448','p6'),('WSS451','p6'),('WSS454','p6'),('WSS455','p6'),('WSS457','p6'),('WSS464','p6'),('WSS466','p6'),('WSS480','p6'),('WSS483','p6'),('WSS488','p6'),('WSS490','p6'),('WSS492','p6'),('WSS493','p6'),('WSS495','p6'),('WSS496','p6'),('WSS498','p6'),('WSS5','p6'),('WSS58','p6'),('WSS59','p6'),('WSS6','p6'),('WSS61','p6'),('WSS62','p6'),('WSS63','p6'),('WSS71','p6'),('WSS74','p6'),('WSS8','p6'),('WSS81','p6'),('WSS82','p6'),('WSS83','p6'),('WSS85','p6'),('WSS86','p6'),('WSS88','p6'),('WSS89','p6'),('WSS9','p6'),('WSS95','p6'),('WSS113','p7'),('WSS116','p7'),('WSS117','p7'),('WSS12','p7'),('WSS123','p7'),('WSS127','p7'),('WSS13','p7'),('WSS130','p7'),('WSS136','p7'),('WSS137','p7'),('WSS141','p7'),('WSS142','p7'),('WSS147','p7'),('WSS148','p7'),('WSS15','p7'),('WSS156','p7'),('WSS175','p7'),('WSS18','p7'),('WSS183','p7'),('WSS185','p7'),('WSS187','p7'),('WSS191','p7'),('WSS205','p7'),('WSS208','p7'),('WSS209','p7'),('WSS210','p7'),('WSS214','p7'),('WSS217','p7'),('WSS225','p7'),('WSS226','p7'),('WSS227','p7'),('WSS228','p7'),('WSS229','p7'),('WSS232','p7'),('WSS234','p7'),('WSS243','p7'),('WSS247','p7'),('WSS251','p7'),('WSS252','p7'),('WSS257','p7'),('WSS26','p7'),('WSS264','p7'),('WSS269','p7'),('WSS270','p7'),('WSS271','p7'),('WSS28','p7'),('WSS280','p7'),('WSS281','p7'),('WSS291','p7'),('WSS300','p7'),('WSS301','p7'),('WSS302','p7'),('WSS303','p7'),('WSS305','p7'),('WSS309','p7'),('WSS31','p7'),('WSS320','p7'),('WSS321','p7'),('WSS322','p7'),('WSS323','p7'),('WSS33','p7'),('WSS330','p7'),('WSS339','p7'),('WSS34','p7'),('WSS350','p7'),('WSS352','p7'),('WSS354','p7'),('WSS357','p7'),('WSS358','p7'),('WSS36','p7'),('WSS364','p7'),('WSS365','p7'),('WSS366','p7'),('WSS374','p7'),('WSS376','p7'),('WSS377','p7'),('WSS38','p7'),('WSS381','p7'),('WSS382','p7'),('WSS387','p7'),('WSS390','p7'),('WSS400','p7'),('WSS404','p7'),('WSS407','p7'),('WSS408','p7'),('WSS409','p7'),('WSS418','p7'),('WSS422','p7'),('WSS423','p7'),('WSS425','p7'),('WSS432','p7'),('WSS433','p7'),('WSS442','p7'),('WSS443','p7'),('WSS446','p7'),('WSS45','p7'),('WSS452','p7'),('WSS457','p7'),('WSS460','p7'),('WSS463','p7'),('WSS465','p7'),('WSS473','p7'),('WSS474','p7'),('WSS482','p7'),('WSS486','p7'),('WSS493','p7'),('WSS50','p7'),('WSS52','p7'),('WSS57','p7'),('WSS6','p7'),('WSS74','p7'),('WSS89','p7'),('WSS9','p7'),('WSS90','p7'),('WSS1','p8'),('WSS106','p8'),('WSS107','p8'),('WSS109','p8'),('WSS110','p8'),('WSS111','p8'),('WSS115','p8'),('WSS119','p8'),('WSS124','p8'),('WSS132','p8'),('WSS133','p8'),('WSS137','p8'),('WSS14','p8'),('WSS147','p8'),('WSS15','p8'),('WSS152','p8'),('WSS159','p8'),('WSS160','p8'),('WSS164','p8'),('WSS167','p8'),('WSS171','p8'),('WSS185','p8'),('WSS188','p8'),('WSS189','p8'),('WSS195','p8'),('WSS197','p8'),('WSS199','p8'),('WSS2','p8'),('WSS213','p8'),('WSS222','p8'),('WSS23','p8'),('WSS230','p8'),('WSS234','p8'),('WSS244','p8'),('WSS248','p8'),('WSS254','p8'),('WSS26','p8'),('WSS260','p8'),('WSS263','p8'),('WSS265','p8'),('WSS269','p8'),('WSS270','p8'),('WSS287','p8'),('WSS29','p8'),('WSS292','p8'),('WSS293','p8'),('WSS298','p8'),('WSS3','p8'),('WSS301','p8'),('WSS303','p8'),('WSS304','p8'),('WSS307','p8'),('WSS311','p8'),('WSS313','p8'),('WSS316','p8'),('WSS318','p8'),('WSS319','p8'),('WSS328','p8'),('WSS334','p8'),('WSS335','p8'),('WSS34','p8'),('WSS340','p8'),('WSS344','p8'),('WSS346','p8'),('WSS355','p8'),('WSS356','p8'),('WSS361','p8'),('WSS362','p8'),('WSS364','p8'),('WSS376','p8'),('WSS380','p8'),('WSS383','p8'),('WSS387','p8'),('WSS39','p8'),('WSS390','p8'),('WSS391','p8'),('WSS394','p8'),('WSS397','p8'),('WSS408','p8'),('WSS417','p8'),('WSS419','p8'),('WSS423','p8'),('WSS424','p8'),('WSS433','p8'),('WSS434','p8'),('WSS440','p8'),('WSS45','p8'),('WSS457','p8'),('WSS459','p8'),('WSS461','p8'),('WSS462','p8'),('WSS465','p8'),('WSS466','p8'),('WSS467','p8'),('WSS472','p8'),('WSS473','p8'),('WSS478','p8'),('WSS479','p8'),('WSS490','p8'),('WSS493','p8'),('WSS53','p8'),('WSS56','p8'),('WSS6','p8'),('WSS65','p8'),('WSS66','p8'),('WSS71','p8'),('WSS82','p8'),('WSS94','p8'),('WSS95','p8'),('WSS100','p9'),('WSS102','p9'),('WSS105','p9'),('WSS109','p9'),('WSS11','p9'),('WSS114','p9'),('WSS119','p9'),('WSS123','p9'),('WSS125','p9'),('WSS128','p9'),('WSS129','p9'),('WSS132','p9'),('WSS133','p9'),('WSS134','p9'),('WSS139','p9'),('WSS144','p9'),('WSS150','p9'),('WSS152','p9'),('WSS155','p9'),('WSS158','p9'),('WSS160','p9'),('WSS168','p9'),('WSS176','p9'),('WSS19','p9'),('WSS2','p9'),('WSS209','p9'),('WSS216','p9'),('WSS218','p9'),('WSS222','p9'),('WSS225','p9'),('WSS226','p9'),('WSS229','p9'),('WSS230','p9'),('WSS235','p9'),('WSS240','p9'),('WSS243','p9'),('WSS245','p9'),('WSS248','p9'),('WSS250','p9'),('WSS254','p9'),('WSS256','p9'),('WSS268','p9'),('WSS273','p9'),('WSS275','p9'),('WSS276','p9'),('WSS277','p9'),('WSS278','p9'),('WSS28','p9'),('WSS285','p9'),('WSS287','p9'),('WSS288','p9'),('WSS289','p9'),('WSS299','p9'),('WSS303','p9'),('WSS305','p9'),('WSS314','p9'),('WSS315','p9'),('WSS317','p9'),('WSS32','p9'),('WSS320','p9'),('WSS321','p9'),('WSS328','p9'),('WSS339','p9'),('WSS345','p9'),('WSS348','p9'),('WSS354','p9'),('WSS365','p9'),('WSS367','p9'),('WSS370','p9'),('WSS371','p9'),('WSS372','p9'),('WSS375','p9'),('WSS380','p9'),('WSS383','p9'),('WSS384','p9'),('WSS388','p9'),('WSS391','p9'),('WSS393','p9'),('WSS406','p9'),('WSS407','p9'),('WSS431','p9'),('WSS434','p9'),('WSS443','p9'),('WSS446','p9'),('WSS448','p9'),('WSS458','p9'),('WSS459','p9'),('WSS463','p9'),('WSS464','p9'),('WSS48','p9'),('WSS483','p9'),('WSS484','p9'),('WSS486','p9'),('WSS488','p9'),('WSS492','p9'),('WSS494','p9'),('WSS498','p9'),('WSS500','p9'),('WSS68','p9'),('WSS7','p9'),('WSS70','p9'),('WSS71','p9'),('WSS83','p9'),('WSS85','p9'),('WSS89','p9'),('WSS93','p9'),('WSS99','p9');
/*!40000 ALTER TABLE `outputparameter` ENABLE KEYS */;
UNLOCK TABLES;

--
-- Table structure for table `parameterhierarchy`
--

DROP TABLE IF EXISTS `parameterhierarchy`;
/*!40101 SET @saved_cs_client     = @@character_set_client */;
/*!50503 SET character_set_client = utf8mb4 */;
CREATE TABLE `parameterhierarchy` (
  `parentParameterID` varchar(10) NOT NULL,
  `childParameterID` varchar(10) NOT NULL,
  PRIMARY KEY (`parentParameterID`,`childParameterID`)
) ENGINE=InnoDB DEFAULT CHARSET=latin1;
/*!40101 SET character_set_client = @saved_cs_client */;

--
-- Dumping data for table `parameterhierarchy`
--

LOCK TABLES `parameterhierarchy` WRITE;
/*!40000 ALTER TABLE `parameterhierarchy` DISABLE KEYS */;
/*!40000 ALTER TABLE `parameterhierarchy` ENABLE KEYS */;
UNLOCK TABLES;

--
-- Table structure for table `parameterlist`
--

DROP TABLE IF EXISTS `parameterlist`;
/*!40101 SET @saved_cs_client     = @@character_set_client */;
/*!50503 SET character_set_client = utf8mb4 */;
CREATE TABLE `parameterlist` (
  `parameterID` varchar(10) NOT NULL,
  `parameterName` varchar(100) DEFAULT NULL,
  PRIMARY KEY (`parameterID`)
) ENGINE=InnoDB DEFAULT CHARSET=latin1;
/*!40101 SET character_set_client = @saved_cs_client */;

--
-- Dumping data for table `parameterlist`
--

LOCK TABLES `parameterlist` WRITE;
/*!40000 ALTER TABLE `parameterlist` DISABLE KEYS */;
INSERT INTO `parameterlist` VALUES ('p1','p1name'),('p10','p10name'),('p11','p11name'),('p12','p12name'),('p13','p13name'),('p14','p14name'),('p15','p15name'),('p16','p16name'),('p17','p17name'),('p18','p18name'),('p19','p19name'),('p2','p2name'),('p20','p20name'),('p21','p21name'),('p22','p22name'),('p23','p23name'),('p24','p24name'),('p25','p25name'),('p26','p26name'),('p27','p27name'),('p28','p28name'),('p29','p29name'),('p3','p3name'),('p30','p30name'),('p4','p4name'),('p5','p5name'),('p6','p6name'),('p7','p7name'),('p8','p8name'),('p9','p9name');
/*!40000 ALTER TABLE `parameterlist` ENABLE KEYS */;
UNLOCK TABLES;

--
-- Table structure for table `result`
--

DROP TABLE IF EXISTS `result`;
/*!40101 SET @saved_cs_client     = @@character_set_client */;
/*!50503 SET character_set_client = utf8mb4 */;
CREATE TABLE `result` (
  `transactionID` bigint NOT NULL,
  `stage` int NOT NULL,
  `webServiceID` varchar(10) NOT NULL,
  PRIMARY KEY (`transactionID`,`stage`,`webServiceID`)
) ENGINE=InnoDB DEFAULT CHARSET=latin1;
/*!40101 SET character_set_client = @saved_cs_client */;

--
-- Dumping data for table `result`
--

LOCK TABLES `result` WRITE;
/*!40000 ALTER TABLE `result` DISABLE KEYS */;
INSERT INTO `result` VALUES (1,1,'WSS37'),(1,2,'WSS321'),(1,3,'WSS452'),(2,1,'WSS40'),(2,2,'WSS299'),(2,3,'WSS277'),(3,1,'WSS488'),(3,2,'WSS308'),(3,3,'WSS375'),(4,1,'WSS385'),(4,2,'WSS40'),(4,3,'WSS39'),(5,1,'WSS255'),(5,2,'WSS452'),(5,3,'WSS263'),(6,1,'WSS48'),(6,2,'WSS104'),(6,3,'WSS33'),(7,1,'WSS158'),(7,2,'WSS167'),(7,2,'WSS452'),(8,1,'WSS404'),(8,2,'WSS374'),(8,3,'WSS372'),(9,1,'WSS371'),(9,1,'WSS457'),(9,2,'WSS339'),(10,1,'WSS273'),(10,2,'WSS42'),(10,2,'WSS443'),(11,1,'WSS105'),(11,1,'WSS430'),(11,2,'WSS31'),(12,1,'WSS6'),(12,2,'WSS457'),(13,1,'WSS361'),(13,1,'WSS47'),(13,2,'WSS412'),(14,1,'WSS25'),(14,2,'WSS427'),(14,3,'WSS35'),(15,1,'WSS451'),(15,2,'WSS34'),(15,3,'WSS390'),(16,1,'WSS419'),(16,2,'WSS352'),(16,3,'WSS346'),(17,1,'WSS417'),(17,1,'WSS450'),(17,2,'WSS430'),(18,1,'WSS17'),(18,2,'WSS458'),(18,3,'WSS103'),(19,1,'WSS197'),(19,2,'WSS103'),(19,3,'WSS337'),(20,1,'WSS213'),(20,2,'WSS428'),(20,3,'WSS105'),(21,1,'WSS305'),(21,2,'WSS255'),(21,3,'WSS452'),(22,1,'WSS451'),(22,2,'WSS103'),(22,2,'WSS394'),(23,1,'WSS348'),(23,2,'WSS100'),(23,3,'WSS445'),(24,1,'WSS374'),(24,2,'WSS436'),(24,3,'WSS424'),(25,1,'WSS403'),(25,1,'WSS429'),(25,2,'WSS459'),(26,1,'WSS448'),(26,2,'WSS47'),(26,3,'WSS328'),(27,1,'WSS351'),(27,2,'WSS434'),(27,3,'WSS40'),(28,1,'WSS104'),(28,1,'WSS37'),(28,2,'WSS428'),(29,1,'WSS28'),(29,2,'WSS396'),(29,3,'WSS404'),(30,1,'WSS244'),(30,2,'WSS410'),(30,3,'WSS397'),(1031,1,'ICP006'),(1031,1,'ICP110'),(1031,1,'ICP311'),(1031,2,'ICP500'),(1035,1,'ICP386'),(1035,2,'ICP466'),(1133,1,'ICP103'),(1133,2,'ICP341'),(1133,3,'ICP395'),(1136,1,'ICP110'),(1136,2,'ICP710'),(1141,1,'ICP311'),(1141,2,'ICP422'),(1288,1,'ICP001'),(1288,2,'ICP110'),(1291,1,'ICP110'),(1291,2,'ICP720'),(1293,1,'ICP110'),(1293,1,'ICP311'),(1293,2,'ICP500'),(1296,1,'ICP006'),(1296,1,'ICP103'),(1296,1,'ICP110'),(1296,1,'ICP311'),(1296,1,'ICP313'),(1296,2,'ICP341'),(1296,2,'ICP500'),(1296,3,'ICP395'),(1325,1,'ICP110'),(1325,2,'ICP680'),(1355,1,'ICP110'),(1355,2,'ICP469'),(1406,1,'ICP110'),(1435,1,'ICP006'),(1435,1,'ICP110'),(1435,1,'ICP311'),(1435,2,'ICP500'),(1509,1,'ICP001'),(1509,1,'ICP006'),(1509,2,'ICP002'),(1509,2,'ICP110'),(1509,3,'ICP311'),(1509,4,'ICP500'),(1572,1,'ICP103'),(1572,1,'ICP110'),(1572,1,'ICP386'),(1572,2,'ICP341'),(1572,2,'ICP395'),(1572,2,'ICP466'),(1572,2,'ICP620'),(1572,2,'ICP720'),(1572,3,'ICP445'),(1583,1,'ICP386'),(1583,2,'ICP466'),(1607,1,'ICP301'),(1607,1,'ICP341'),(1607,1,'ICP386'),(1607,2,'ICP481'),(1620,1,'ICP006'),(1620,1,'ICP110'),(1620,1,'ICP311'),(1620,2,'ICP500'),(1646,1,'ICP006'),(1646,1,'ICP110'),(1646,1,'ICP311'),(1646,2,'ICP469'),(1646,2,'ICP500'),(1733,1,'ICP311'),(1733,2,'ICP422'),(1797,1,'ICP386'),(1797,2,'ICP466'),(1851,1,'ICP003'),(1851,1,'ICP311'),(1851,2,'ICP313'),(1851,3,'ICP486'),(1981,1,'ICP110'),(1981,1,'ICP311'),(1981,2,'ICP500'),(2015,1,'ICP006'),(2015,1,'ICP110'),(2015,1,'ICP311'),(2015,2,'ICP500'),(2026,1,'ICP386'),(2026,2,'ICP466'),(2114,1,'ICP341'),(2114,2,'ICP395'),(2114,3,'ICP445'),(2280,1,'ICP103'),(2280,1,'ICP386'),(2280,2,'ICP341'),(2280,2,'ICP395'),(2280,2,'ICP466'),(2280,3,'ICP495'),(2317,1,'ICP313'),(2317,1,'ICP341'),(2317,1,'ICP680'),(2317,2,'ICP395'),(2317,3,'ICP445'),(2474,1,'ICP003'),(2474,1,'ICP311'),(2474,2,'ICP313'),(2474,3,'ICP486'),(2565,1,'ICP313'),(2565,1,'ICP341'),(2565,2,'ICP395'),(2565,3,'ICP445'),(2598,1,'ICP006'),(2598,1,'ICP110'),(2598,1,'ICP311'),(2598,1,'ICP313'),(2598,1,'ICP331'),(2598,2,'ICP500'),(2610,1,'ICP003'),(2610,1,'ICP311'),(2610,2,'ICP313'),(2610,3,'ICP486'),(2659,1,'ICP006'),(2659,1,'ICP110'),(2659,1,'ICP311'),(2659,2,'ICP469'),(2659,2,'ICP500'),(2675,1,'ICP386'),(2675,2,'ICP466'),(2711,1,'ICP103'),(2711,1,'ICP386'),(2711,2,'ICP341'),(2711,3,'ICP481'),(2779,1,'ICP003'),(2779,1,'ICP311'),(2779,2,'ICP313'),(2779,3,'ICP486'),(2985,1,'ICP103'),(3021,1,'ICP006'),(3021,1,'ICP110'),(3021,1,'ICP302'),(3021,2,'ICP500'),(3075,1,'ICP006'),(3075,1,'ICP110'),(3075,1,'ICP311'),(3075,2,'ICP500'),(3226,1,'ICP110'),(3226,2,'ICP818'),(3286,1,'ICP006'),(3286,1,'ICP110'),(3286,1,'ICP311'),(3286,2,'ICP500'),(3357,1,'ICP006'),(3357,1,'ICP110'),(3357,1,'ICP311'),(3357,2,'ICP500'),(3667,1,'ICP103'),(3667,1,'ICP301'),(3667,1,'ICP386'),(3667,2,'ICP341'),(3667,3,'ICP481'),(3668,1,'ICP103'),(3668,1,'ICP301'),(3668,1,'ICP386'),(3668,2,'ICP341'),(3668,3,'ICP481'),(3705,1,'ICP103'),(3705,1,'ICP301'),(3705,1,'ICP386'),(3705,2,'ICP341'),(3705,3,'ICP481'),(3718,1,'ICP001'),(3718,2,'ICP002'),(3718,2,'ICP110'),(3718,3,'ICP311'),(3718,4,'ICP819'),(3877,1,'ICP386'),(3948,1,'ICP006'),(3948,1,'ICP110'),(3948,1,'ICP311'),(3948,2,'ICP500'),(3969,1,'ICP301'),(3969,1,'ICP341'),(3969,1,'ICP386'),(3969,2,'ICP481'),(3971,1,'ICP386'),(3971,2,'ICP466'),(4112,1,'ICP006'),(4112,1,'ICP110'),(4112,1,'ICP311'),(4112,2,'ICP469'),(4112,2,'ICP500'),(4178,1,'ICP002'),(4178,1,'ICP110'),(4178,2,'ICP311'),(4178,3,'ICP819'),(4281,1,'ICP110'),(4281,2,'ICP469'),(4296,1,'ICP006'),(4296,1,'ICP110'),(4296,1,'ICP311'),(4296,2,'ICP469'),(4296,2,'ICP500'),(4375,1,'ICP003'),(4375,1,'ICP311'),(4375,2,'ICP313'),(4375,3,'ICP486'),(4589,1,'ICP006'),(4589,1,'ICP110'),(4589,1,'ICP311'),(4589,2,'ICP469'),(4589,2,'ICP500'),(4607,1,'ICP006'),(4607,1,'ICP110'),(4607,1,'ICP302'),(4607,2,'ICP500'),(4747,1,'ICP311'),(4747,1,'ICP313'),(4747,2,'ICP486'),(4775,1,'ICP110'),(4775,2,'ICP500'),(4934,1,'ICP103'),(4934,2,'ICP341'),(4978,1,'ICP103'),(4980,1,'ICP006'),(4980,1,'ICP110'),(4980,1,'ICP311'),(4980,2,'ICP469'),(4980,2,'ICP500'),(4980,2,'ICP720'),(4980,3,'ICP740'),(5049,1,'ICP006'),(5049,1,'ICP110'),(5049,1,'ICP311'),(5049,2,'ICP500'),(5417,1,'ICP301'),(5417,1,'ICP341'),(5417,1,'ICP386'),(5417,2,'ICP481'),(5448,1,'ICP386'),(5448,2,'ICP466'),(5450,1,'ICP103'),(5450,1,'ICP110'),(5450,1,'ICP386'),(5450,1,'ICP817'),(5450,2,'ICP341'),(5450,2,'ICP395'),(5450,2,'ICP466'),(5450,2,'ICP620'),(5450,2,'ICP720'),(5450,3,'ICP445'),(5450,3,'ICP815'),(5461,1,'ICP002'),(5461,1,'ICP006'),(5461,1,'ICP110'),(5461,1,'ICP302'),(5461,2,'ICP500'),(5461,2,'ICP720'),(5461,3,'ICP740'),(5472,1,'ICP110'),(5472,2,'ICP818'),(5497,1,'ICP103'),(5497,2,'ICP341'),(5569,1,'ICP386'),(5569,2,'ICP466'),(5571,1,'ICP103'),(5571,2,'ICP810'),(5757,1,'ICP386'),(5757,2,'ICP466'),(5779,1,'ICP006'),(5779,1,'ICP110'),(5779,1,'ICP302'),(5779,2,'ICP500'),(5814,1,'ICP006'),(5814,1,'ICP110'),(5814,1,'ICP311'),(5814,2,'ICP500'),(5897,1,'ICP110'),(5897,2,'ICP710'),(5966,1,'ICP103'),(5966,1,'ICP301'),(5966,1,'ICP386'),(5966,2,'ICP341'),(5966,3,'ICP481'),(6032,1,'ICP386'),(6032,2,'ICP466'),(6279,1,'ICP006'),(6279,1,'ICP110'),(6279,1,'ICP311'),(6279,2,'ICP469'),(6279,2,'ICP500'),(6294,1,'ICP006'),(6294,1,'ICP110'),(6294,1,'ICP311'),(6294,2,'ICP500'),(6325,1,'ICP002'),(6325,2,'ICP003'),(6363,1,'ICP006'),(6363,1,'ICP110'),(6363,1,'ICP311'),(6363,2,'ICP469'),(6363,2,'ICP500'),(6437,1,'ICP103'),(6437,1,'ICP301'),(6437,1,'ICP386'),(6437,2,'ICP341'),(6437,3,'ICP481'),(6533,1,'ICP006'),(6533,1,'ICP110'),(6533,1,'ICP311'),(6533,2,'ICP469'),(6533,2,'ICP500'),(6574,1,'ICP002'),(6574,1,'ICP110'),(6574,2,'ICP311'),(6574,3,'ICP819'),(6604,1,'ICP103'),(6604,1,'ICP386'),(6604,2,'ICP341'),(6604,3,'ICP481'),(6679,1,'ICP003'),(6679,1,'ICP311'),(6679,2,'ICP313'),(6679,3,'ICP486'),(6692,1,'ICP103'),(6692,1,'ICP386'),(6692,1,'ICP465'),(6692,2,'ICP341'),(6692,3,'ICP481'),(6874,1,'ICP467'),(6898,1,'ICP103'),(6898,1,'ICP386'),(6898,2,'ICP341'),(6898,3,'ICP481'),(6922,1,'ICP313'),(6922,1,'ICP341'),(6922,2,'ICP395'),(6974,1,'ICP110'),(6974,2,'ICP469'),(7056,1,'ICP006'),(7056,1,'ICP110'),(7056,1,'ICP311'),(7056,1,'ICP341'),(7056,2,'ICP395'),(7056,2,'ICP500'),(7056,2,'ICP720'),(7056,3,'ICP445'),(7056,3,'ICP740'),(7107,1,'ICP311'),(7107,1,'ICP313'),(7107,2,'ICP486'),(7159,1,'ICP311'),(7159,2,'ICP422'),(7196,1,'ICP103'),(7196,2,'ICP341'),(7196,2,'ICP395'),(7196,3,'ICP495'),(7227,1,'ICP103'),(7227,1,'ICP110'),(7227,1,'ICP301'),(7227,1,'ICP311'),(7227,1,'ICP386'),(7227,2,'ICP341'),(7227,2,'ICP500'),(7227,3,'ICP481'),(7297,1,'ICP386'),(7297,2,'ICP466'),(7326,1,'ICP006'),(7326,1,'ICP110'),(7326,1,'ICP311'),(7326,2,'ICP500'),(7398,1,'ICP002'),(7398,1,'ICP006'),(7398,1,'ICP103'),(7398,1,'ICP110'),(7398,2,'ICP311'),(7398,2,'ICP720'),(7398,2,'ICP810'),(7398,3,'ICP500'),(7398,3,'ICP819'),(7398,4,'ICP740'),(7420,1,'ICP006'),(7420,1,'ICP311'),(7420,2,'ICP500'),(7484,1,'ICP006'),(7484,1,'ICP110'),(7484,1,'ICP311'),(7484,2,'ICP469'),(7484,2,'ICP500'),(7515,1,'ICP006'),(7515,1,'ICP110'),(7515,1,'ICP311'),(7515,2,'ICP469'),(7515,2,'ICP500'),(7593,1,'ICP301'),(7593,1,'ICP341'),(7593,1,'ICP386'),(7593,2,'ICP481'),(7645,1,'ICP001'),(7645,1,'ICP006'),(7645,2,'ICP002'),(7645,2,'ICP110'),(7645,3,'ICP311'),(7645,4,'ICP500'),(7720,1,'ICP006'),(7720,1,'ICP311'),(7720,1,'ICP720'),(7720,2,'ICP500'),(7720,3,'ICP740'),(7769,1,'ICP103'),(7769,2,'ICP341'),(7797,1,'ICP006'),(7797,1,'ICP110'),(7797,1,'ICP302'),(7797,2,'ICP500'),(7797,2,'ICP720'),(7817,1,'ICP006'),(7817,1,'ICP311'),(7817,2,'ICP500'),(7821,1,'ICP006'),(7821,1,'ICP110'),(7821,1,'ICP311'),(7821,2,'ICP500'),(7831,1,'ICP006'),(7831,1,'ICP311'),(7831,2,'ICP500'),(7832,1,'ICP006'),(7832,1,'ICP110'),(7832,1,'ICP311'),(7832,2,'ICP500'),(8030,1,'ICP386'),(8030,2,'ICP466'),(8062,1,'ICP006'),(8062,1,'ICP110'),(8062,1,'ICP311'),(8062,2,'ICP500'),(8155,1,'ICP006'),(8155,1,'ICP110'),(8155,1,'ICP311'),(8155,2,'ICP469'),(8155,2,'ICP500'),(8306,1,'ICP006'),(8306,1,'ICP110'),(8306,1,'ICP311'),(8306,2,'ICP500'),(8509,1,'ICP467'),(8527,1,'ICP110'),(8527,2,'ICP500'),(8628,1,'ICP103'),(8628,1,'ICP301'),(8628,1,'ICP386'),(8628,2,'ICP341'),(8628,3,'ICP481'),(8647,1,'ICP103'),(8647,2,'ICP341'),(8688,1,'ICP103'),(8688,1,'ICP301'),(8688,1,'ICP386'),(8688,2,'ICP341'),(8688,3,'ICP481'),(8877,1,'ICP386'),(8877,2,'ICP466'),(8889,1,'ICP110'),(8889,2,'ICP620'),(8941,1,'ICP103'),(8941,2,'ICP341'),(8941,2,'ICP395'),(8941,3,'ICP495'),(8952,1,'ICP103'),(8952,1,'ICP386'),(8952,2,'ICP341'),(8952,3,'ICP481'),(8959,1,'ICP103'),(8959,2,'ICP341'),(9050,1,'ICP006'),(9050,1,'ICP110'),(9050,1,'ICP311'),(9050,2,'ICP500'),(9076,1,'ICP004'),(9076,2,'ICP005'),(9076,3,'ICP331'),(9117,1,'ICP110'),(9117,2,'ICP469'),(9185,1,'ICP341'),(9185,2,'ICP395'),(9185,3,'ICP445'),(9249,1,'ICP006'),(9249,1,'ICP110'),(9249,1,'ICP311'),(9249,2,'ICP500'),(9249,2,'ICP720'),(9306,1,'ICP006'),(9306,1,'ICP110'),(9306,1,'ICP302'),(9306,2,'ICP500'),(9325,1,'ICP386'),(9422,1,'ICP110'),(9422,2,'ICP469'),(9451,1,'ICP006'),(9451,1,'ICP110'),(9451,1,'ICP311'),(9451,1,'ICP341'),(9451,2,'ICP395'),(9451,2,'ICP500'),(9451,2,'ICP720'),(9451,3,'ICP445'),(9451,3,'ICP740'),(9524,1,'ICP001'),(9524,1,'ICP006'),(9524,2,'ICP002'),(9524,2,'ICP110'),(9524,3,'ICP311'),(9524,4,'ICP500'),(9784,1,'ICP110'),(9784,2,'ICP469'),(9797,1,'ICP103'),(9797,2,'ICP341'),(9812,1,'ICP311'),(9812,1,'ICP313'),(9812,2,'ICP486'),(9814,1,'ICP006'),(9814,1,'ICP110'),(9814,1,'ICP311'),(9814,2,'ICP500'),(9868,1,'ICP006'),(9868,1,'ICP110'),(9868,1,'ICP311'),(9868,2,'ICP500'),(9968,1,'ICP103'),(9968,1,'ICP301'),(9968,1,'ICP386'),(9968,2,'ICP341'),(9968,3,'ICP481'),(9978,1,'ICP311'),(9978,1,'ICP313'),(9978,2,'ICP486'),(111174351,1,'ICP001'),(111174351,2,'ICP002'),(111174351,3,'ICP003'),(111174351,3,'ICP311'),(111174351,4,'ICP313'),(111174351,5,'ICP486'),(112793854,1,'ICP006'),(112793854,1,'ICP110'),(112793854,1,'ICP311'),(112793854,2,'ICP500'),(125202274,1,'ICP001'),(125202274,1,'ICP103'),(125202274,2,'ICP301'),(125202274,2,'ICP341'),(125202274,2,'ICP386'),(125202274,3,'ICP481'),(137852438,1,'ICP006'),(137852438,1,'ICP110'),(137852438,1,'ICP311'),(137852438,2,'ICP500'),(141922012,1,'ICP002'),(141922012,2,'ICP003'),(141922012,2,'ICP311'),(141922012,3,'ICP313'),(141922012,4,'ICP486'),(164821430,1,'ICP001'),(164821430,2,'ICP002'),(164821430,3,'ICP003'),(164821430,3,'ICP311'),(164821430,4,'ICP313'),(164821430,5,'ICP486'),(166203121,1,'ICP001'),(166203121,1,'ICP006'),(166203121,1,'ICP200'),(166203121,2,'ICP002'),(166203121,2,'ICP110'),(166203121,2,'ICP720'),(166203121,3,'ICP311'),(166203121,4,'ICP500'),(166203121,4,'ICP819'),(166203121,5,'ICP740'),(178957047,1,'ICP110'),(178957047,2,'ICP469'),(192081592,1,'ICP006'),(192081592,1,'ICP200'),(192081592,1,'ICP311'),(192081592,2,'ICP500'),(192081592,2,'ICP720'),(192081592,3,'ICP740'),(196046272,1,'ICP002'),(196046272,1,'ICP006'),(196046272,1,'ICP110'),(196046272,2,'ICP311'),(196046272,2,'ICP469'),(196046272,3,'ICP500'),(222936116,1,'ICP006'),(222936116,1,'ICP200'),(222936116,1,'ICP311'),(222936116,2,'ICP500'),(222936116,2,'ICP720'),(222936116,2,'ICP819'),(222936116,3,'ICP740'),(258370250,1,'ICP006'),(258370250,1,'ICP200'),(258370250,1,'ICP311'),(258370250,2,'ICP500'),(258370250,2,'ICP720'),(258370250,2,'ICP818'),(258370250,2,'ICP819'),(258370250,3,'ICP740'),(285611992,1,'ICP006'),(285611992,1,'ICP110'),(285611992,1,'ICP200'),(285611992,1,'ICP311'),(285611992,2,'ICP500'),(285611992,2,'ICP720'),(285611992,3,'ICP740'),(287034437,1,'ICP006'),(287034437,1,'ICP200'),(287034437,1,'ICP311'),(287034437,2,'ICP500'),(287034437,2,'ICP720'),(287034437,2,'ICP819'),(287034437,3,'ICP740'),(291687847,1,'ICP006'),(291687847,1,'ICP200'),(291687847,1,'ICP311'),(291687847,2,'ICP500'),(291687847,2,'ICP720'),(291687847,2,'ICP819'),(291687847,3,'ICP740'),(292870227,1,'ICP001'),(292870227,1,'ICP006'),(292870227,1,'ICP720'),(292870227,2,'ICP002'),(292870227,2,'ICP110'),(292870227,3,'ICP311'),(292870227,4,'ICP500'),(292870227,5,'ICP740'),(316379525,1,'ICP110'),(316379525,1,'ICP311'),(316379525,2,'ICP361'),(316379525,3,'ICP461'),(324432052,1,'ICP001'),(324432052,2,'ICP002'),(324432052,3,'ICP003'),(324432052,3,'ICP311'),(324432052,4,'ICP313'),(324432052,5,'ICP486'),(348444351,1,'ICP311'),(348444351,1,'ICP313'),(348444351,2,'ICP486'),(356640298,1,'ICP469'),(356640298,1,'ICP818'),(356640298,2,'ICP660'),(362849335,1,'ICP006'),(362849335,1,'ICP200'),(362849335,1,'ICP311'),(362849335,2,'ICP500'),(362849335,2,'ICP720'),(362849335,2,'ICP818'),(362849335,3,'ICP740'),(370058038,1,'ICP006'),(370058038,1,'ICP110'),(370058038,1,'ICP311'),(370058038,2,'ICP469'),(370058038,2,'ICP500'),(410309476,1,'ICP001'),(410309476,1,'ICP006'),(410309476,1,'ICP200'),(410309476,2,'ICP002'),(410309476,2,'ICP720'),(410309476,3,'ICP311'),(410309476,4,'ICP500'),(410309476,4,'ICP819'),(410309476,5,'ICP740'),(411681300,1,'ICP006'),(411681300,1,'ICP200'),(411681300,1,'ICP311'),(411681300,2,'ICP500'),(411681300,2,'ICP720'),(411681300,2,'ICP819'),(411681300,3,'ICP740'),(413889315,1,'ICP002'),(413889315,2,'ICP003'),(413889315,2,'ICP311'),(413889315,3,'ICP313'),(413889315,4,'ICP486'),(435075950,1,'ICP002'),(435075950,1,'ICP006'),(435075950,1,'ICP110'),(435075950,1,'ICP720'),(435075950,2,'ICP311'),(435075950,3,'ICP500'),(435075950,4,'ICP740'),(442506203,1,'ICP006'),(442506203,1,'ICP110'),(442506203,1,'ICP311'),(442506203,2,'ICP469'),(442506203,2,'ICP500'),(448741355,1,'ICP001'),(448741355,2,'ICP002'),(448741355,3,'ICP003'),(448741355,3,'ICP311'),(448741355,4,'ICP313'),(448741355,5,'ICP486'),(452470039,1,'ICP006'),(452470039,1,'ICP110'),(452470039,1,'ICP311'),(452470039,2,'ICP500'),(495404878,1,'ICP006'),(495404878,1,'ICP110'),(495404878,1,'ICP200'),(495404878,1,'ICP302'),(495404878,2,'ICP500'),(495404878,2,'ICP720'),(495404878,3,'ICP740'),(496776246,1,'ICP103'),(496776246,2,'ICP341'),(496776246,3,'ICP403'),(497270695,1,'ICP001'),(497270695,1,'ICP103'),(497270695,2,'ICP301'),(497270695,2,'ICP341'),(497270695,2,'ICP386'),(497270695,3,'ICP481'),(506023024,1,'ICP680'),(516484914,1,'ICP006'),(516484914,1,'ICP200'),(516484914,1,'ICP311'),(516484914,2,'ICP500'),(516484914,2,'ICP720'),(516484914,3,'ICP740'),(524497078,1,'ICP006'),(524497078,1,'ICP200'),(524497078,1,'ICP311'),(524497078,2,'ICP500'),(524497078,2,'ICP720'),(524497078,2,'ICP819'),(524497078,3,'ICP740'),(532135187,1,'ICP200'),(532135187,2,'ICP720'),(532135187,3,'ICP811'),(532135187,4,'ICP813'),(561361210,1,'ICP006'),(561361210,1,'ICP200'),(561361210,1,'ICP311'),(561361210,2,'ICP500'),(561361210,2,'ICP720'),(561361210,2,'ICP819'),(561361210,3,'ICP740'),(578460210,1,'ICP110'),(578460210,2,'ICP469'),(601145152,1,'ICP006'),(601145152,1,'ICP200'),(601145152,1,'ICP311'),(601145152,2,'ICP500'),(601145152,2,'ICP720'),(601145152,2,'ICP819'),(601145152,3,'ICP740'),(630767823,1,'ICP006'),(630767823,1,'ICP200'),(630767823,1,'ICP311'),(630767823,2,'ICP500'),(630767823,2,'ICP720'),(630767823,2,'ICP819'),(630767823,3,'ICP740'),(658685554,1,'ICP006'),(658685554,1,'ICP200'),(658685554,1,'ICP311'),(658685554,2,'ICP500'),(658685554,2,'ICP720'),(658685554,3,'ICP740'),(659691843,1,'ICP006'),(659691843,1,'ICP200'),(659691843,1,'ICP311'),(659691843,2,'ICP500'),(659691843,2,'ICP720'),(659691843,3,'ICP740'),(664758087,1,'ICP006'),(664758087,1,'ICP200'),(664758087,1,'ICP311'),(664758087,2,'ICP500'),(664758087,2,'ICP720'),(664758087,2,'ICP819'),(664758087,3,'ICP740'),(669457938,1,'ICP006'),(669457938,1,'ICP200'),(669457938,1,'ICP311'),(669457938,2,'ICP500'),(669457938,2,'ICP720'),(669457938,3,'ICP740'),(683869712,1,'ICP006'),(683869712,1,'ICP200'),(683869712,1,'ICP311'),(683869712,2,'ICP500'),(683869712,2,'ICP720'),(683869712,2,'ICP819'),(683869712,3,'ICP740'),(716407017,1,'ICP006'),(716407017,1,'ICP110'),(716407017,1,'ICP311'),(716407017,1,'ICP720'),(716407017,2,'ICP500'),(716407017,2,'ICP811'),(716407017,3,'ICP813'),(726508464,1,'ICP006'),(726508464,1,'ICP110'),(726508464,1,'ICP311'),(726508464,2,'ICP469'),(726508464,2,'ICP500'),(739074091,1,'ICP006'),(739074091,1,'ICP200'),(739074091,1,'ICP311'),(739074091,2,'ICP500'),(739074091,2,'ICP720'),(739074091,3,'ICP740'),(739546796,1,'ICP006'),(739546796,1,'ICP200'),(739546796,1,'ICP311'),(739546796,2,'ICP500'),(739546796,2,'ICP720'),(739546796,3,'ICP740'),(742695516,1,'ICP001'),(742695516,2,'ICP110'),(742695516,2,'ICP302'),(742695516,3,'ICP500'),(749479466,1,'ICP103'),(749479466,1,'ICP301'),(749479466,1,'ICP386'),(749479466,2,'ICP341'),(749479466,3,'ICP481'),(759784803,1,'ICP001'),(759784803,1,'ICP006'),(759784803,2,'ICP110'),(759784803,2,'ICP302'),(759784803,3,'ICP500'),(784019298,1,'ICP001'),(784019298,1,'ICP103'),(784019298,2,'ICP301'),(784019298,2,'ICP341'),(784019298,2,'ICP386'),(784019298,3,'ICP481'),(809869431,1,'ICP006'),(809869431,1,'ICP110'),(809869431,1,'ICP311'),(809869431,2,'ICP500'),(833064024,1,'ICP001'),(833064024,1,'ICP006'),(833064024,1,'ICP720'),(833064024,2,'ICP002'),(833064024,2,'ICP110'),(833064024,3,'ICP311'),(833064024,4,'ICP500'),(833064024,5,'ICP740'),(882961008,1,'ICP006'),(882961008,1,'ICP110'),(882961008,1,'ICP311'),(882961008,2,'ICP500'),(916025637,1,'ICP001'),(916025637,2,'ICP110'),(916025637,3,'ICP469'),(960676621,1,'ICP006'),(960676621,1,'ICP200'),(960676621,1,'ICP311'),(960676621,2,'ICP500'),(960676621,2,'ICP720'),(960676621,3,'ICP740'),(971245096,1,'ICP006'),(971245096,1,'ICP110'),(971245096,1,'ICP311'),(971245096,2,'ICP469'),(971245096,2,'ICP500');
/*!40000 ALTER TABLE `result` ENABLE KEYS */;
UNLOCK TABLES;

--
-- Table structure for table `rhs`
--

DROP TABLE IF EXISTS `rhs`;
/*!40101 SET @saved_cs_client     = @@character_set_client */;
/*!50503 SET character_set_client = utf8mb4 */;
CREATE TABLE `rhs` (
  `ruleid` int NOT NULL,
  `courseid` varchar(10) NOT NULL,
  PRIMARY KEY (`ruleid`,`courseid`)
) ENGINE=InnoDB DEFAULT CHARSET=latin1;
/*!40101 SET character_set_client = @saved_cs_client */;

--
-- Dumping data for table `rhs`
--

LOCK TABLES `rhs` WRITE;
/*!40000 ALTER TABLE `rhs` DISABLE KEYS */;
INSERT INTO `rhs` VALUES (1,'ICP110'),(2,'ICP311'),(3,'ICP500'),(4,'ICP311'),(5,'ICP500'),(6,'ICP500'),(7,'ICP311'),(8,'ICP500'),(9,'ICP500'),(10,'ICP500'),(11,'ICP500');
/*!40000 ALTER TABLE `rhs` ENABLE KEYS */;
UNLOCK TABLES;

--
-- Table structure for table `ruleinfo`
--

DROP TABLE IF EXISTS `ruleinfo`;
/*!40101 SET @saved_cs_client     = @@character_set_client */;
/*!50503 SET character_set_client = utf8mb4 */;
CREATE TABLE `ruleinfo` (
  `ruleid` int NOT NULL,
  `support` float DEFAULT NULL,
  `confidence` float DEFAULT NULL,
  `lift` float DEFAULT NULL,
  `count` int DEFAULT NULL,
  PRIMARY KEY (`ruleid`)
) ENGINE=InnoDB DEFAULT CHARSET=latin1;
/*!40101 SET character_set_client = @saved_cs_client */;

--
-- Dumping data for table `ruleinfo`
--

LOCK TABLES `ruleinfo` WRITE;
/*!40000 ALTER TABLE `ruleinfo` DISABLE KEYS */;
INSERT INTO `ruleinfo` VALUES (1,0.2,0.719101,1.53765,3),(2,0.2,0.910112,1.69382,3),(3,0.2,1,2.11579,3),(4,0.2,0.670213,1.24734,3),(5,0.2,0.744681,1.57559,3),(6,0.2,0.777778,1.64561,3),(7,0.2,0.875,1.62847,3),(8,0.2,1,2.11579,3),(9,0.2,1,2.11579,3),(10,0.2,0.936508,1.98145,3),(11,0.2,1,2.11579,3);
/*!40000 ALTER TABLE `ruleinfo` ENABLE KEYS */;
UNLOCK TABLES;

--
-- Table structure for table `webservicelist`
--

DROP TABLE IF EXISTS `webservicelist`;
/*!40101 SET @saved_cs_client     = @@character_set_client */;
/*!50503 SET character_set_client = utf8mb4 */;
CREATE TABLE `webservicelist` (
  `webServiceID` varchar(10) NOT NULL,
  `webServiceName` varchar(100) DEFAULT NULL,
  `reputation` float DEFAULT NULL,
  `price` float DEFAULT NULL,
  `duration` int DEFAULT NULL,
  `provider` varchar(50) DEFAULT NULL,
  `url` varchar(100) DEFAULT NULL,
  PRIMARY KEY (`webServiceID`)
) ENGINE=InnoDB DEFAULT CHARSET=latin1;
/*!40101 SET character_set_client = @saved_cs_client */;

--
-- Dumping data for table `webservicelist`
--

LOCK TABLES `webservicelist` WRITE;
/*!40000 ALTER TABLE `webservicelist` DISABLE KEYS */;
INSERT INTO `webservicelist` VALUES ('WSS1','WSS1Name',3,1,3,'serviceprovider','https://serviceprovider.com'),('WSS10','WSS10Name',3,1,3,'serviceprovider','https://serviceprovider.com'),('WSS100','WSS100Name',3,1,3,'serviceprovider','https://serviceprovider.com'),('WSS101','WSS101Name',3,1,3,'serviceprovider','https://serviceprovider.com'),('WSS102','WSS102Name',3,1,3,'serviceprovider','https://serviceprovider.com'),('WSS103','WSS103Name',3,1,3,'serviceprovider','https://serviceprovider.com'),('WSS104','WSS104Name',3,1,3,'serviceprovider','https://serviceprovider.com'),('WSS105','WSS105Name',3,1,3,'serviceprovider','https://serviceprovider.com'),('WSS106','WSS106Name',3,1,3,'serviceprovider','https://serviceprovider.com'),('WSS107','WSS107Name',3,1,3,'serviceprovider','https://serviceprovider.com'),('WSS108','WSS108Name',3,1,3,'serviceprovider','https://serviceprovider.com'),('WSS109','WSS109Name',3,1,3,'serviceprovider','https://serviceprovider.com'),('WSS11','WSS11Name',3,1,3,'serviceprovider','https://serviceprovider.com'),('WSS110','WSS110Name',3,1,3,'serviceprovider','https://serviceprovider.com'),('WSS111','WSS111Name',3,1,3,'serviceprovider','https://serviceprovider.com'),('WSS112','WSS112Name',3,1,3,'serviceprovider','https://serviceprovider.com'),('WSS113','WSS113Name',3,1,3,'serviceprovider','https://serviceprovider.com'),('WSS114','WSS114Name',3,1,3,'serviceprovider','https://serviceprovider.com'),('WSS115','WSS115Name',3,1,3,'serviceprovider','https://serviceprovider.com'),('WSS116','WSS116Name',3,1,3,'serviceprovider','https://serviceprovider.com'),('WSS117','WSS117Name',3,1,3,'serviceprovider','https://serviceprovider.com'),('WSS118','WSS118Name',3,1,3,'serviceprovider','https://serviceprovider.com'),('WSS119','WSS119Name',3,1,3,'serviceprovider','https://serviceprovider.com'),('WSS12','WSS12Name',3,1,3,'serviceprovider','https://serviceprovider.com'),('WSS120','WSS120Name',3,1,3,'serviceprovider','https://serviceprovider.com'),('WSS121','WSS121Name',3,1,3,'serviceprovider','https://serviceprovider.com'),('WSS122','WSS122Name',3,1,3,'serviceprovider','https://serviceprovider.com'),('WSS123','WSS123Name',3,1,3,'serviceprovider','https://serviceprovider.com'),('WSS124','WSS124Name',3,1,3,'serviceprovider','https://serviceprovider.com'),('WSS125','WSS125Name',3,1,3,'serviceprovider','https://serviceprovider.com'),('WSS126','WSS126Name',3,1,3,'serviceprovider','https://serviceprovider.com'),('WSS127','WSS127Name',3,1,3,'serviceprovider','https://serviceprovider.com'),('WSS128','WSS128Name',3,1,3,'serviceprovider','https://serviceprovider.com'),('WSS129','WSS129Name',3,1,3,'serviceprovider','https://serviceprovider.com'),('WSS13','WSS13Name',3,1,3,'serviceprovider','https://serviceprovider.com'),('WSS130','WSS130Name',3,1,3,'serviceprovider','https://serviceprovider.com'),('WSS131','WSS131Name',3,1,3,'serviceprovider','https://serviceprovider.com'),('WSS132','WSS132Name',3,1,3,'serviceprovider','https://serviceprovider.com'),('WSS133','WSS133Name',3,1,3,'serviceprovider','https://serviceprovider.com'),('WSS134','WSS134Name',3,1,3,'serviceprovider','https://serviceprovider.com'),('WSS135','WSS135Name',3,1,3,'serviceprovider','https://serviceprovider.com'),('WSS136','WSS136Name',3,1,3,'serviceprovider','https://serviceprovider.com'),('WSS137','WSS137Name',3,1,3,'serviceprovider','https://serviceprovider.com'),('WSS138','WSS138Name',3,1,3,'serviceprovider','https://serviceprovider.com'),('WSS139','WSS139Name',3,1,3,'serviceprovider','https://serviceprovider.com'),('WSS14','WSS14Name',3,1,3,'serviceprovider','https://serviceprovider.com'),('WSS140','WSS140Name',3,1,3,'serviceprovider','https://serviceprovider.com'),('WSS141','WSS141Name',3,1,3,'serviceprovider','https://serviceprovider.com'),('WSS142','WSS142Name',3,1,3,'serviceprovider','https://serviceprovider.com'),('WSS143','WSS143Name',3,1,3,'serviceprovider','https://serviceprovider.com'),('WSS144','WSS144Name',3,1,3,'serviceprovider','https://serviceprovider.com'),('WSS145','WSS145Name',3,1,3,'serviceprovider','https://serviceprovider.com'),('WSS146','WSS146Name',3,1,3,'serviceprovider','https://serviceprovider.com'),('WSS147','WSS147Name',3,1,3,'serviceprovider','https://serviceprovider.com'),('WSS148','WSS148Name',3,1,3,'serviceprovider','https://serviceprovider.com'),('WSS149','WSS149Name',3,1,3,'serviceprovider','https://serviceprovider.com'),('WSS15','WSS15Name',3,1,3,'serviceprovider','https://serviceprovider.com'),('WSS150','WSS150Name',3,1,3,'serviceprovider','https://serviceprovider.com'),('WSS151','WSS151Name',3,1,3,'serviceprovider','https://serviceprovider.com'),('WSS152','WSS152Name',3,1,3,'serviceprovider','https://serviceprovider.com'),('WSS153','WSS153Name',3,1,3,'serviceprovider','https://serviceprovider.com'),('WSS154','WSS154Name',3,1,3,'serviceprovider','https://serviceprovider.com'),('WSS155','WSS155Name',3,1,3,'serviceprovider','https://serviceprovider.com'),('WSS156','WSS156Name',3,1,3,'serviceprovider','https://serviceprovider.com'),('WSS157','WSS157Name',3,1,3,'serviceprovider','https://serviceprovider.com'),('WSS158','WSS158Name',3,1,3,'serviceprovider','https://serviceprovider.com'),('WSS159','WSS159Name',3,1,3,'serviceprovider','https://serviceprovider.com'),('WSS16','WSS16Name',3,1,3,'serviceprovider','https://serviceprovider.com'),('WSS160','WSS160Name',3,1,3,'serviceprovider','https://serviceprovider.com'),('WSS161','WSS161Name',3,1,3,'serviceprovider','https://serviceprovider.com'),('WSS162','WSS162Name',3,1,3,'serviceprovider','https://serviceprovider.com'),('WSS163','WSS163Name',3,1,3,'serviceprovider','https://serviceprovider.com'),('WSS164','WSS164Name',3,1,3,'serviceprovider','https://serviceprovider.com'),('WSS165','WSS165Name',3,1,3,'serviceprovider','https://serviceprovider.com'),('WSS166','WSS166Name',3,1,3,'serviceprovider','https://serviceprovider.com'),('WSS167','WSS167Name',3,1,3,'serviceprovider','https://serviceprovider.com'),('WSS168','WSS168Name',3,1,3,'serviceprovider','https://serviceprovider.com'),('WSS169','WSS169Name',3,1,3,'serviceprovider','https://serviceprovider.com'),('WSS17','WSS17Name',3,1,3,'serviceprovider','https://serviceprovider.com'),('WSS170','WSS170Name',3,1,3,'serviceprovider','https://serviceprovider.com'),('WSS171','WSS171Name',3,1,3,'serviceprovider','https://serviceprovider.com'),('WSS172','WSS172Name',3,1,3,'serviceprovider','https://serviceprovider.com'),('WSS173','WSS173Name',3,1,3,'serviceprovider','https://serviceprovider.com'),('WSS174','WSS174Name',3,1,3,'serviceprovider','https://serviceprovider.com'),('WSS175','WSS175Name',3,1,3,'serviceprovider','https://serviceprovider.com'),('WSS176','WSS176Name',3,1,3,'serviceprovider','https://serviceprovider.com'),('WSS177','WSS177Name',3,1,3,'serviceprovider','https://serviceprovider.com'),('WSS178','WSS178Name',3,1,3,'serviceprovider','https://serviceprovider.com'),('WSS179','WSS179Name',3,1,3,'serviceprovider','https://serviceprovider.com'),('WSS18','WSS18Name',3,1,3,'serviceprovider','https://serviceprovider.com'),('WSS180','WSS180Name',3,1,3,'serviceprovider','https://serviceprovider.com'),('WSS181','WSS181Name',3,1,3,'serviceprovider','https://serviceprovider.com'),('WSS182','WSS182Name',3,1,3,'serviceprovider','https://serviceprovider.com'),('WSS183','WSS183Name',3,1,3,'serviceprovider','https://serviceprovider.com'),('WSS184','WSS184Name',3,1,3,'serviceprovider','https://serviceprovider.com'),('WSS185','WSS185Name',3,1,3,'serviceprovider','https://serviceprovider.com'),('WSS186','WSS186Name',3,1,3,'serviceprovider','https://serviceprovider.com'),('WSS187','WSS187Name',3,1,3,'serviceprovider','https://serviceprovider.com'),('WSS188','WSS188Name',3,1,3,'serviceprovider','https://serviceprovider.com'),('WSS189','WSS189Name',3,1,3,'serviceprovider','https://serviceprovider.com'),('WSS19','WSS19Name',3,1,3,'serviceprovider','https://serviceprovider.com'),('WSS190','WSS190Name',3,1,3,'serviceprovider','https://serviceprovider.com'),('WSS191','WSS191Name',3,1,3,'serviceprovider','https://serviceprovider.com'),('WSS192','WSS192Name',3,1,3,'serviceprovider','https://serviceprovider.com'),('WSS193','WSS193Name',3,1,3,'serviceprovider','https://serviceprovider.com'),('WSS194','WSS194Name',3,1,3,'serviceprovider','https://serviceprovider.com'),('WSS195','WSS195Name',3,1,3,'serviceprovider','https://serviceprovider.com'),('WSS196','WSS196Name',3,1,3,'serviceprovider','https://serviceprovider.com'),('WSS197','WSS197Name',3,1,3,'serviceprovider','https://serviceprovider.com'),('WSS198','WSS198Name',3,1,3,'serviceprovider','https://serviceprovider.com'),('WSS199','WSS199Name',3,1,3,'serviceprovider','https://serviceprovider.com'),('WSS2','WSS2Name',3,1,3,'serviceprovider','https://serviceprovider.com'),('WSS20','WSS20Name',3,1,3,'serviceprovider','https://serviceprovider.com'),('WSS200','WSS200Name',3,1,3,'serviceprovider','https://serviceprovider.com'),('WSS201','WSS201Name',3,1,3,'serviceprovider','https://serviceprovider.com'),('WSS202','WSS202Name',3,1,3,'serviceprovider','https://serviceprovider.com'),('WSS203','WSS203Name',3,1,3,'serviceprovider','https://serviceprovider.com'),('WSS204','WSS204Name',3,1,3,'serviceprovider','https://serviceprovider.com'),('WSS205','WSS205Name',3,1,3,'serviceprovider','https://serviceprovider.com'),('WSS206','WSS206Name',3,1,3,'serviceprovider','https://serviceprovider.com'),('WSS207','WSS207Name',3,1,3,'serviceprovider','https://serviceprovider.com'),('WSS208','WSS208Name',3,1,3,'serviceprovider','https://serviceprovider.com'),('WSS209','WSS209Name',3,1,3,'serviceprovider','https://serviceprovider.com'),('WSS21','WSS21Name',3,1,3,'serviceprovider','https://serviceprovider.com'),('WSS210','WSS210Name',3,1,3,'serviceprovider','https://serviceprovider.com'),('WSS211','WSS211Name',3,1,3,'serviceprovider','https://serviceprovider.com'),('WSS212','WSS212Name',3,1,3,'serviceprovider','https://serviceprovider.com'),('WSS213','WSS213Name',3,1,3,'serviceprovider','https://serviceprovider.com'),('WSS214','WSS214Name',3,1,3,'serviceprovider','https://serviceprovider.com'),('WSS215','WSS215Name',3,1,3,'serviceprovider','https://serviceprovider.com'),('WSS216','WSS216Name',3,1,3,'serviceprovider','https://serviceprovider.com'),('WSS217','WSS217Name',3,1,3,'serviceprovider','https://serviceprovider.com'),('WSS218','WSS218Name',3,1,3,'serviceprovider','https://serviceprovider.com'),('WSS219','WSS219Name',3,1,3,'serviceprovider','https://serviceprovider.com'),('WSS22','WSS22Name',3,1,3,'serviceprovider','https://serviceprovider.com'),('WSS220','WSS220Name',3,1,3,'serviceprovider','https://serviceprovider.com'),('WSS221','WSS221Name',3,1,3,'serviceprovider','https://serviceprovider.com'),('WSS222','WSS222Name',3,1,3,'serviceprovider','https://serviceprovider.com'),('WSS223','WSS223Name',3,1,3,'serviceprovider','https://serviceprovider.com'),('WSS224','WSS224Name',3,1,3,'serviceprovider','https://serviceprovider.com'),('WSS225','WSS225Name',3,1,3,'serviceprovider','https://serviceprovider.com'),('WSS226','WSS226Name',3,1,3,'serviceprovider','https://serviceprovider.com'),('WSS227','WSS227Name',3,1,3,'serviceprovider','https://serviceprovider.com'),('WSS228','WSS228Name',3,1,3,'serviceprovider','https://serviceprovider.com'),('WSS229','WSS229Name',3,1,3,'serviceprovider','https://serviceprovider.com'),('WSS23','WSS23Name',3,1,3,'serviceprovider','https://serviceprovider.com'),('WSS230','WSS230Name',3,1,3,'serviceprovider','https://serviceprovider.com'),('WSS231','WSS231Name',3,1,3,'serviceprovider','https://serviceprovider.com'),('WSS232','WSS232Name',3,1,3,'serviceprovider','https://serviceprovider.com'),('WSS233','WSS233Name',3,1,3,'serviceprovider','https://serviceprovider.com'),('WSS234','WSS234Name',3,1,3,'serviceprovider','https://serviceprovider.com'),('WSS235','WSS235Name',3,1,3,'serviceprovider','https://serviceprovider.com'),('WSS236','WSS236Name',3,1,3,'serviceprovider','https://serviceprovider.com'),('WSS237','WSS237Name',3,1,3,'serviceprovider','https://serviceprovider.com'),('WSS238','WSS238Name',3,1,3,'serviceprovider','https://serviceprovider.com'),('WSS239','WSS239Name',3,1,3,'serviceprovider','https://serviceprovider.com'),('WSS24','WSS24Name',3,1,3,'serviceprovider','https://serviceprovider.com'),('WSS240','WSS240Name',3,1,3,'serviceprovider','https://serviceprovider.com'),('WSS241','WSS241Name',3,1,3,'serviceprovider','https://serviceprovider.com'),('WSS242','WSS242Name',3,1,3,'serviceprovider','https://serviceprovider.com'),('WSS243','WSS243Name',3,1,3,'serviceprovider','https://serviceprovider.com'),('WSS244','WSS244Name',3,1,3,'serviceprovider','https://serviceprovider.com'),('WSS245','WSS245Name',3,1,3,'serviceprovider','https://serviceprovider.com'),('WSS246','WSS246Name',3,1,3,'serviceprovider','https://serviceprovider.com'),('WSS247','WSS247Name',3,1,3,'serviceprovider','https://serviceprovider.com'),('WSS248','WSS248Name',3,1,3,'serviceprovider','https://serviceprovider.com'),('WSS249','WSS249Name',3,1,3,'serviceprovider','https://serviceprovider.com'),('WSS25','WSS25Name',3,1,3,'serviceprovider','https://serviceprovider.com'),('WSS250','WSS250Name',3,1,3,'serviceprovider','https://serviceprovider.com'),('WSS251','WSS251Name',3,1,3,'serviceprovider','https://serviceprovider.com'),('WSS252','WSS252Name',3,1,3,'serviceprovider','https://serviceprovider.com'),('WSS253','WSS253Name',3,1,3,'serviceprovider','https://serviceprovider.com'),('WSS254','WSS254Name',3,1,3,'serviceprovider','https://serviceprovider.com'),('WSS255','WSS255Name',3,1,3,'serviceprovider','https://serviceprovider.com'),('WSS256','WSS256Name',3,1,3,'serviceprovider','https://serviceprovider.com'),('WSS257','WSS257Name',3,1,3,'serviceprovider','https://serviceprovider.com'),('WSS258','WSS258Name',3,1,3,'serviceprovider','https://serviceprovider.com'),('WSS259','WSS259Name',3,1,3,'serviceprovider','https://serviceprovider.com'),('WSS26','WSS26Name',3,1,3,'serviceprovider','https://serviceprovider.com'),('WSS260','WSS260Name',3,1,3,'serviceprovider','https://serviceprovider.com'),('WSS261','WSS261Name',3,1,3,'serviceprovider','https://serviceprovider.com'),('WSS262','WSS262Name',3,1,3,'serviceprovider','https://serviceprovider.com'),('WSS263','WSS263Name',3,1,3,'serviceprovider','https://serviceprovider.com'),('WSS264','WSS264Name',3,1,3,'serviceprovider','https://serviceprovider.com'),('WSS265','WSS265Name',3,1,3,'serviceprovider','https://serviceprovider.com'),('WSS266','WSS266Name',3,1,3,'serviceprovider','https://serviceprovider.com'),('WSS267','WSS267Name',3,1,3,'serviceprovider','https://serviceprovider.com'),('WSS268','WSS268Name',3,1,3,'serviceprovider','https://serviceprovider.com'),('WSS269','WSS269Name',3,1,3,'serviceprovider','https://serviceprovider.com'),('WSS27','WSS27Name',3,1,3,'serviceprovider','https://serviceprovider.com'),('WSS270','WSS270Name',3,1,3,'serviceprovider','https://serviceprovider.com'),('WSS271','WSS271Name',3,1,3,'serviceprovider','https://serviceprovider.com'),('WSS272','WSS272Name',3,1,3,'serviceprovider','https://serviceprovider.com'),('WSS273','WSS273Name',3,1,3,'serviceprovider','https://serviceprovider.com'),('WSS274','WSS274Name',3,1,3,'serviceprovider','https://serviceprovider.com'),('WSS275','WSS275Name',3,1,3,'serviceprovider','https://serviceprovider.com'),('WSS276','WSS276Name',3,1,3,'serviceprovider','https://serviceprovider.com'),('WSS277','WSS277Name',3,1,3,'serviceprovider','https://serviceprovider.com'),('WSS278','WSS278Name',3,1,3,'serviceprovider','https://serviceprovider.com'),('WSS279','WSS279Name',3,1,3,'serviceprovider','https://serviceprovider.com'),('WSS28','WSS28Name',3,1,3,'serviceprovider','https://serviceprovider.com'),('WSS280','WSS280Name',3,1,3,'serviceprovider','https://serviceprovider.com'),('WSS281','WSS281Name',3,1,3,'serviceprovider','https://serviceprovider.com'),('WSS282','WSS282Name',3,1,3,'serviceprovider','https://serviceprovider.com'),('WSS283','WSS283Name',3,1,3,'serviceprovider','https://serviceprovider.com'),('WSS284','WSS284Name',3,1,3,'serviceprovider','https://serviceprovider.com'),('WSS285','WSS285Name',3,1,3,'serviceprovider','https://serviceprovider.com'),('WSS286','WSS286Name',3,1,3,'serviceprovider','https://serviceprovider.com'),('WSS287','WSS287Name',3,1,3,'serviceprovider','https://serviceprovider.com'),('WSS288','WSS288Name',3,1,3,'serviceprovider','https://serviceprovider.com'),('WSS289','WSS289Name',3,1,3,'serviceprovider','https://serviceprovider.com'),('WSS29','WSS29Name',3,1,3,'serviceprovider','https://serviceprovider.com'),('WSS290','WSS290Name',3,1,3,'serviceprovider','https://serviceprovider.com'),('WSS291','WSS291Name',3,1,3,'serviceprovider','https://serviceprovider.com'),('WSS292','WSS292Name',3,1,3,'serviceprovider','https://serviceprovider.com'),('WSS293','WSS293Name',3,1,3,'serviceprovider','https://serviceprovider.com'),('WSS294','WSS294Name',3,1,3,'serviceprovider','https://serviceprovider.com'),('WSS295','WSS295Name',3,1,3,'serviceprovider','https://serviceprovider.com'),('WSS296','WSS296Name',3,1,3,'serviceprovider','https://serviceprovider.com'),('WSS297','WSS297Name',3,1,3,'serviceprovider','https://serviceprovider.com'),('WSS298','WSS298Name',3,1,3,'serviceprovider','https://serviceprovider.com'),('WSS299','WSS299Name',3,1,3,'serviceprovider','https://serviceprovider.com'),('WSS3','WSS3Name',3,1,3,'serviceprovider','https://serviceprovider.com'),('WSS30','WSS30Name',3,1,3,'serviceprovider','https://serviceprovider.com'),('WSS300','WSS300Name',3,1,3,'serviceprovider','https://serviceprovider.com'),('WSS301','WSS301Name',3,1,3,'serviceprovider','https://serviceprovider.com'),('WSS302','WSS302Name',3,1,3,'serviceprovider','https://serviceprovider.com'),('WSS303','WSS303Name',3,1,3,'serviceprovider','https://serviceprovider.com'),('WSS304','WSS304Name',3,1,3,'serviceprovider','https://serviceprovider.com'),('WSS305','WSS305Name',3,1,3,'serviceprovider','https://serviceprovider.com'),('WSS306','WSS306Name',3,1,3,'serviceprovider','https://serviceprovider.com'),('WSS307','WSS307Name',3,1,3,'serviceprovider','https://serviceprovider.com'),('WSS308','WSS308Name',3,1,3,'serviceprovider','https://serviceprovider.com'),('WSS309','WSS309Name',3,1,3,'serviceprovider','https://serviceprovider.com'),('WSS31','WSS31Name',3,1,3,'serviceprovider','https://serviceprovider.com'),('WSS310','WSS310Name',3,1,3,'serviceprovider','https://serviceprovider.com'),('WSS311','WSS311Name',3,1,3,'serviceprovider','https://serviceprovider.com'),('WSS312','WSS312Name',3,1,3,'serviceprovider','https://serviceprovider.com'),('WSS313','WSS313Name',3,1,3,'serviceprovider','https://serviceprovider.com'),('WSS314','WSS314Name',3,1,3,'serviceprovider','https://serviceprovider.com'),('WSS315','WSS315Name',3,1,3,'serviceprovider','https://serviceprovider.com'),('WSS316','WSS316Name',3,1,3,'serviceprovider','https://serviceprovider.com'),('WSS317','WSS317Name',3,1,3,'serviceprovider','https://serviceprovider.com'),('WSS318','WSS318Name',3,1,3,'serviceprovider','https://serviceprovider.com'),('WSS319','WSS319Name',3,1,3,'serviceprovider','https://serviceprovider.com'),('WSS32','WSS32Name',3,1,3,'serviceprovider','https://serviceprovider.com'),('WSS320','WSS320Name',3,1,3,'serviceprovider','https://serviceprovider.com'),('WSS321','WSS321Name',3,1,3,'serviceprovider','https://serviceprovider.com'),('WSS322','WSS322Name',3,1,3,'serviceprovider','https://serviceprovider.com'),('WSS323','WSS323Name',3,1,3,'serviceprovider','https://serviceprovider.com'),('WSS324','WSS324Name',3,1,3,'serviceprovider','https://serviceprovider.com'),('WSS325','WSS325Name',3,1,3,'serviceprovider','https://serviceprovider.com'),('WSS326','WSS326Name',3,1,3,'serviceprovider','https://serviceprovider.com'),('WSS327','WSS327Name',3,1,3,'serviceprovider','https://serviceprovider.com'),('WSS328','WSS328Name',3,1,3,'serviceprovider','https://serviceprovider.com'),('WSS329','WSS329Name',3,1,3,'serviceprovider','https://serviceprovider.com'),('WSS33','WSS33Name',3,1,3,'serviceprovider','https://serviceprovider.com'),('WSS330','WSS330Name',3,1,3,'serviceprovider','https://serviceprovider.com'),('WSS331','WSS331Name',3,1,3,'serviceprovider','https://serviceprovider.com'),('WSS332','WSS332Name',3,1,3,'serviceprovider','https://serviceprovider.com'),('WSS333','WSS333Name',3,1,3,'serviceprovider','https://serviceprovider.com'),('WSS334','WSS334Name',3,1,3,'serviceprovider','https://serviceprovider.com'),('WSS335','WSS335Name',3,1,3,'serviceprovider','https://serviceprovider.com'),('WSS336','WSS336Name',3,1,3,'serviceprovider','https://serviceprovider.com'),('WSS337','WSS337Name',3,1,3,'serviceprovider','https://serviceprovider.com'),('WSS338','WSS338Name',3,1,3,'serviceprovider','https://serviceprovider.com'),('WSS339','WSS339Name',3,1,3,'serviceprovider','https://serviceprovider.com'),('WSS34','WSS34Name',3,1,3,'serviceprovider','https://serviceprovider.com'),('WSS340','WSS340Name',3,1,3,'serviceprovider','https://serviceprovider.com'),('WSS341','WSS341Name',3,1,3,'serviceprovider','https://serviceprovider.com'),('WSS342','WSS342Name',3,1,3,'serviceprovider','https://serviceprovider.com'),('WSS343','WSS343Name',3,1,3,'serviceprovider','https://serviceprovider.com'),('WSS344','WSS344Name',3,1,3,'serviceprovider','https://serviceprovider.com'),('WSS345','WSS345Name',3,1,3,'serviceprovider','https://serviceprovider.com'),('WSS346','WSS346Name',3,1,3,'serviceprovider','https://serviceprovider.com'),('WSS347','WSS347Name',3,1,3,'serviceprovider','https://serviceprovider.com'),('WSS348','WSS348Name',3,1,3,'serviceprovider','https://serviceprovider.com'),('WSS349','WSS349Name',3,1,3,'serviceprovider','https://serviceprovider.com'),('WSS35','WSS35Name',3,1,3,'serviceprovider','https://serviceprovider.com'),('WSS350','WSS350Name',3,1,3,'serviceprovider','https://serviceprovider.com'),('WSS351','WSS351Name',3,1,3,'serviceprovider','https://serviceprovider.com'),('WSS352','WSS352Name',3,1,3,'serviceprovider','https://serviceprovider.com'),('WSS353','WSS353Name',3,1,3,'serviceprovider','https://serviceprovider.com'),('WSS354','WSS354Name',3,1,3,'serviceprovider','https://serviceprovider.com'),('WSS355','WSS355Name',3,1,3,'serviceprovider','https://serviceprovider.com'),('WSS356','WSS356Name',3,1,3,'serviceprovider','https://serviceprovider.com'),('WSS357','WSS357Name',3,1,3,'serviceprovider','https://serviceprovider.com'),('WSS358','WSS358Name',3,1,3,'serviceprovider','https://serviceprovider.com'),('WSS359','WSS359Name',3,1,3,'serviceprovider','https://serviceprovider.com'),('WSS36','WSS36Name',3,1,3,'serviceprovider','https://serviceprovider.com'),('WSS360','WSS360Name',3,1,3,'serviceprovider','https://serviceprovider.com'),('WSS361','WSS361Name',3,1,3,'serviceprovider','https://serviceprovider.com'),('WSS362','WSS362Name',3,1,3,'serviceprovider','https://serviceprovider.com'),('WSS363','WSS363Name',3,1,3,'serviceprovider','https://serviceprovider.com'),('WSS364','WSS364Name',3,1,3,'serviceprovider','https://serviceprovider.com'),('WSS365','WSS365Name',3,1,3,'serviceprovider','https://serviceprovider.com'),('WSS366','WSS366Name',3,1,3,'serviceprovider','https://serviceprovider.com'),('WSS367','WSS367Name',3,1,3,'serviceprovider','https://serviceprovider.com'),('WSS368','WSS368Name',3,1,3,'serviceprovider','https://serviceprovider.com'),('WSS369','WSS369Name',3,1,3,'serviceprovider','https://serviceprovider.com'),('WSS37','WSS37Name',3,1,3,'serviceprovider','https://serviceprovider.com'),('WSS370','WSS370Name',3,1,3,'serviceprovider','https://serviceprovider.com'),('WSS371','WSS371Name',3,1,3,'serviceprovider','https://serviceprovider.com'),('WSS372','WSS372Name',3,1,3,'serviceprovider','https://serviceprovider.com'),('WSS373','WSS373Name',3,1,3,'serviceprovider','https://serviceprovider.com'),('WSS374','WSS374Name',3,1,3,'serviceprovider','https://serviceprovider.com'),('WSS375','WSS375Name',3,1,3,'serviceprovider','https://serviceprovider.com'),('WSS376','WSS376Name',3,1,3,'serviceprovider','https://serviceprovider.com'),('WSS377','WSS377Name',3,1,3,'serviceprovider','https://serviceprovider.com'),('WSS378','WSS378Name',3,1,3,'serviceprovider','https://serviceprovider.com'),('WSS379','WSS379Name',3,1,3,'serviceprovider','https://serviceprovider.com'),('WSS38','WSS38Name',3,1,3,'serviceprovider','https://serviceprovider.com'),('WSS380','WSS380Name',3,1,3,'serviceprovider','https://serviceprovider.com'),('WSS381','WSS381Name',3,1,3,'serviceprovider','https://serviceprovider.com'),('WSS382','WSS382Name',3,1,3,'serviceprovider','https://serviceprovider.com'),('WSS383','WSS383Name',3,1,3,'serviceprovider','https://serviceprovider.com'),('WSS384','WSS384Name',3,1,3,'serviceprovider','https://serviceprovider.com'),('WSS385','WSS385Name',3,1,3,'serviceprovider','https://serviceprovider.com'),('WSS386','WSS386Name',3,1,3,'serviceprovider','https://serviceprovider.com'),('WSS387','WSS387Name',3,1,3,'serviceprovider','https://serviceprovider.com'),('WSS388','WSS388Name',3,1,3,'serviceprovider','https://serviceprovider.com'),('WSS389','WSS389Name',3,1,3,'serviceprovider','https://serviceprovider.com'),('WSS39','WSS39Name',3,1,3,'serviceprovider','https://serviceprovider.com'),('WSS390','WSS390Name',3,1,3,'serviceprovider','https://serviceprovider.com'),('WSS391','WSS391Name',3,1,3,'serviceprovider','https://serviceprovider.com'),('WSS392','WSS392Name',3,1,3,'serviceprovider','https://serviceprovider.com'),('WSS393','WSS393Name',3,1,3,'serviceprovider','https://serviceprovider.com'),('WSS394','WSS394Name',3,1,3,'serviceprovider','https://serviceprovider.com'),('WSS395','WSS395Name',3,1,3,'serviceprovider','https://serviceprovider.com'),('WSS396','WSS396Name',3,1,3,'serviceprovider','https://serviceprovider.com'),('WSS397','WSS397Name',3,1,3,'serviceprovider','https://serviceprovider.com'),('WSS398','WSS398Name',3,1,3,'serviceprovider','https://serviceprovider.com'),('WSS399','WSS399Name',3,1,3,'serviceprovider','https://serviceprovider.com'),('WSS4','WSS4Name',3,1,3,'serviceprovider','https://serviceprovider.com'),('WSS40','WSS40Name',3,1,3,'serviceprovider','https://serviceprovider.com'),('WSS400','WSS400Name',3,1,3,'serviceprovider','https://serviceprovider.com'),('WSS401','WSS401Name',3,1,3,'serviceprovider','https://serviceprovider.com'),('WSS402','WSS402Name',3,1,3,'serviceprovider','https://serviceprovider.com'),('WSS403','WSS403Name',3,1,3,'serviceprovider','https://serviceprovider.com'),('WSS404','WSS404Name',3,1,3,'serviceprovider','https://serviceprovider.com'),('WSS405','WSS405Name',3,1,3,'serviceprovider','https://serviceprovider.com'),('WSS406','WSS406Name',3,1,3,'serviceprovider','https://serviceprovider.com'),('WSS407','WSS407Name',3,1,3,'serviceprovider','https://serviceprovider.com'),('WSS408','WSS408Name',3,1,3,'serviceprovider','https://serviceprovider.com'),('WSS409','WSS409Name',3,1,3,'serviceprovider','https://serviceprovider.com'),('WSS41','WSS41Name',3,1,3,'serviceprovider','https://serviceprovider.com'),('WSS410','WSS410Name',3,1,3,'serviceprovider','https://serviceprovider.com'),('WSS411','WSS411Name',3,1,3,'serviceprovider','https://serviceprovider.com'),('WSS412','WSS412Name',3,1,3,'serviceprovider','https://serviceprovider.com'),('WSS413','WSS413Name',3,1,3,'serviceprovider','https://serviceprovider.com'),('WSS414','WSS414Name',3,1,3,'serviceprovider','https://serviceprovider.com'),('WSS415','WSS415Name',3,1,3,'serviceprovider','https://serviceprovider.com'),('WSS416','WSS416Name',3,1,3,'serviceprovider','https://serviceprovider.com'),('WSS417','WSS417Name',3,1,3,'serviceprovider','https://serviceprovider.com'),('WSS418','WSS418Name',3,1,3,'serviceprovider','https://serviceprovider.com'),('WSS419','WSS419Name',3,1,3,'serviceprovider','https://serviceprovider.com'),('WSS42','WSS42Name',3,1,3,'serviceprovider','https://serviceprovider.com'),('WSS420','WSS420Name',3,1,3,'serviceprovider','https://serviceprovider.com'),('WSS421','WSS421Name',3,1,3,'serviceprovider','https://serviceprovider.com'),('WSS422','WSS422Name',3,1,3,'serviceprovider','https://serviceprovider.com'),('WSS423','WSS423Name',3,1,3,'serviceprovider','https://serviceprovider.com'),('WSS424','WSS424Name',3,1,3,'serviceprovider','https://serviceprovider.com'),('WSS425','WSS425Name',3,1,3,'serviceprovider','https://serviceprovider.com'),('WSS426','WSS426Name',3,1,3,'serviceprovider','https://serviceprovider.com'),('WSS427','WSS427Name',3,1,3,'serviceprovider','https://serviceprovider.com'),('WSS428','WSS428Name',3,1,3,'serviceprovider','https://serviceprovider.com'),('WSS429','WSS429Name',3,1,3,'serviceprovider','https://serviceprovider.com'),('WSS43','WSS43Name',3,1,3,'serviceprovider','https://serviceprovider.com'),('WSS430','WSS430Name',3,1,3,'serviceprovider','https://serviceprovider.com'),('WSS431','WSS431Name',3,1,3,'serviceprovider','https://serviceprovider.com'),('WSS432','WSS432Name',3,1,3,'serviceprovider','https://serviceprovider.com'),('WSS433','WSS433Name',3,1,3,'serviceprovider','https://serviceprovider.com'),('WSS434','WSS434Name',3,1,3,'serviceprovider','https://serviceprovider.com'),('WSS435','WSS435Name',3,1,3,'serviceprovider','https://serviceprovider.com'),('WSS436','WSS436Name',3,1,3,'serviceprovider','https://serviceprovider.com'),('WSS437','WSS437Name',3,1,3,'serviceprovider','https://serviceprovider.com'),('WSS438','WSS438Name',3,1,3,'serviceprovider','https://serviceprovider.com'),('WSS439','WSS439Name',3,1,3,'serviceprovider','https://serviceprovider.com'),('WSS44','WSS44Name',3,1,3,'serviceprovider','https://serviceprovider.com'),('WSS440','WSS440Name',3,1,3,'serviceprovider','https://serviceprovider.com'),('WSS441','WSS441Name',3,1,3,'serviceprovider','https://serviceprovider.com'),('WSS442','WSS442Name',3,1,3,'serviceprovider','https://serviceprovider.com'),('WSS443','WSS443Name',3,1,3,'serviceprovider','https://serviceprovider.com'),('WSS444','WSS444Name',3,1,3,'serviceprovider','https://serviceprovider.com'),('WSS445','WSS445Name',3,1,3,'serviceprovider','https://serviceprovider.com'),('WSS446','WSS446Name',3,1,3,'serviceprovider','https://serviceprovider.com'),('WSS447','WSS447Name',3,1,3,'serviceprovider','https://serviceprovider.com'),('WSS448','WSS448Name',3,1,3,'serviceprovider','https://serviceprovider.com'),('WSS449','WSS449Name',3,1,3,'serviceprovider','https://serviceprovider.com'),('WSS45','WSS45Name',3,1,3,'serviceprovider','https://serviceprovider.com'),('WSS450','WSS450Name',3,1,3,'serviceprovider','https://serviceprovider.com'),('WSS451','WSS451Name',3,1,3,'serviceprovider','https://serviceprovider.com'),('WSS452','WSS452Name',3,1,3,'serviceprovider','https://serviceprovider.com'),('WSS453','WSS453Name',3,1,3,'serviceprovider','https://serviceprovider.com'),('WSS454','WSS454Name',3,1,3,'serviceprovider','https://serviceprovider.com'),('WSS455','WSS455Name',3,1,3,'serviceprovider','https://serviceprovider.com'),('WSS456','WSS456Name',3,1,3,'serviceprovider','https://serviceprovider.com'),('WSS457','WSS457Name',3,1,3,'serviceprovider','https://serviceprovider.com'),('WSS458','WSS458Name',3,1,3,'serviceprovider','https://serviceprovider.com'),('WSS459','WSS459Name',3,1,3,'serviceprovider','https://serviceprovider.com'),('WSS46','WSS46Name',3,1,3,'serviceprovider','https://serviceprovider.com'),('WSS460','WSS460Name',3,1,3,'serviceprovider','https://serviceprovider.com'),('WSS461','WSS461Name',3,1,3,'serviceprovider','https://serviceprovider.com'),('WSS462','WSS462Name',3,1,3,'serviceprovider','https://serviceprovider.com'),('WSS463','WSS463Name',3,1,3,'serviceprovider','https://serviceprovider.com'),('WSS464','WSS464Name',3,1,3,'serviceprovider','https://serviceprovider.com'),('WSS465','WSS465Name',3,1,3,'serviceprovider','https://serviceprovider.com'),('WSS466','WSS466Name',3,1,3,'serviceprovider','https://serviceprovider.com'),('WSS467','WSS467Name',3,1,3,'serviceprovider','https://serviceprovider.com'),('WSS468','WSS468Name',3,1,3,'serviceprovider','https://serviceprovider.com'),('WSS469','WSS469Name',3,1,3,'serviceprovider','https://serviceprovider.com'),('WSS47','WSS47Name',3,1,3,'serviceprovider','https://serviceprovider.com'),('WSS470','WSS470Name',3,1,3,'serviceprovider','https://serviceprovider.com'),('WSS471','WSS471Name',3,1,3,'serviceprovider','https://serviceprovider.com'),('WSS472','WSS472Name',3,1,3,'serviceprovider','https://serviceprovider.com'),('WSS473','WSS473Name',3,1,3,'serviceprovider','https://serviceprovider.com'),('WSS474','WSS474Name',3,1,3,'serviceprovider','https://serviceprovider.com'),('WSS475','WSS475Name',3,1,3,'serviceprovider','https://serviceprovider.com'),('WSS476','WSS476Name',3,1,3,'serviceprovider','https://serviceprovider.com'),('WSS477','WSS477Name',3,1,3,'serviceprovider','https://serviceprovider.com'),('WSS478','WSS478Name',3,1,3,'serviceprovider','https://serviceprovider.com'),('WSS479','WSS479Name',3,1,3,'serviceprovider','https://serviceprovider.com'),('WSS48','WSS48Name',3,1,3,'serviceprovider','https://serviceprovider.com'),('WSS480','WSS480Name',3,1,3,'serviceprovider','https://serviceprovider.com'),('WSS481','WSS481Name',3,1,3,'serviceprovider','https://serviceprovider.com'),('WSS482','WSS482Name',3,1,3,'serviceprovider','https://serviceprovider.com'),('WSS483','WSS483Name',3,1,3,'serviceprovider','https://serviceprovider.com'),('WSS484','WSS484Name',3,1,3,'serviceprovider','https://serviceprovider.com'),('WSS485','WSS485Name',3,1,3,'serviceprovider','https://serviceprovider.com'),('WSS486','WSS486Name',3,1,3,'serviceprovider','https://serviceprovider.com'),('WSS487','WSS487Name',3,1,3,'serviceprovider','https://serviceprovider.com'),('WSS488','WSS488Name',3,1,3,'serviceprovider','https://serviceprovider.com'),('WSS489','WSS489Name',3,1,3,'serviceprovider','https://serviceprovider.com'),('WSS49','WSS49Name',3,1,3,'serviceprovider','https://serviceprovider.com'),('WSS490','WSS490Name',3,1,3,'serviceprovider','https://serviceprovider.com'),('WSS491','WSS491Name',3,1,3,'serviceprovider','https://serviceprovider.com'),('WSS492','WSS492Name',3,1,3,'serviceprovider','https://serviceprovider.com'),('WSS493','WSS493Name',3,1,3,'serviceprovider','https://serviceprovider.com'),('WSS494','WSS494Name',3,1,3,'serviceprovider','https://serviceprovider.com'),('WSS495','WSS495Name',3,1,3,'serviceprovider','https://serviceprovider.com'),('WSS496','WSS496Name',3,1,3,'serviceprovider','https://serviceprovider.com'),('WSS497','WSS497Name',3,1,3,'serviceprovider','https://serviceprovider.com'),('WSS498','WSS498Name',3,1,3,'serviceprovider','https://serviceprovider.com'),('WSS499','WSS499Name',3,1,3,'serviceprovider','https://serviceprovider.com'),('WSS5','WSS5Name',3,1,3,'serviceprovider','https://serviceprovider.com'),('WSS50','WSS50Name',3,1,3,'serviceprovider','https://serviceprovider.com'),('WSS500','WSS500Name',3,1,3,'serviceprovider','https://serviceprovider.com'),('WSS51','WSS51Name',3,1,3,'serviceprovider','https://serviceprovider.com'),('WSS52','WSS52Name',3,1,3,'serviceprovider','https://serviceprovider.com'),('WSS53','WSS53Name',3,1,3,'serviceprovider','https://serviceprovider.com'),('WSS54','WSS54Name',3,1,3,'serviceprovider','https://serviceprovider.com'),('WSS55','WSS55Name',3,1,3,'serviceprovider','https://serviceprovider.com'),('WSS56','WSS56Name',3,1,3,'serviceprovider','https://serviceprovider.com'),('WSS57','WSS57Name',3,1,3,'serviceprovider','https://serviceprovider.com'),('WSS58','WSS58Name',3,1,3,'serviceprovider','https://serviceprovider.com'),('WSS59','WSS59Name',3,1,3,'serviceprovider','https://serviceprovider.com'),('WSS6','WSS6Name',3,1,3,'serviceprovider','https://serviceprovider.com'),('WSS60','WSS60Name',3,1,3,'serviceprovider','https://serviceprovider.com'),('WSS61','WSS61Name',3,1,3,'serviceprovider','https://serviceprovider.com'),('WSS62','WSS62Name',3,1,3,'serviceprovider','https://serviceprovider.com'),('WSS63','WSS63Name',3,1,3,'serviceprovider','https://serviceprovider.com'),('WSS64','WSS64Name',3,1,3,'serviceprovider','https://serviceprovider.com'),('WSS65','WSS65Name',3,1,3,'serviceprovider','https://serviceprovider.com'),('WSS66','WSS66Name',3,1,3,'serviceprovider','https://serviceprovider.com'),('WSS67','WSS67Name',3,1,3,'serviceprovider','https://serviceprovider.com'),('WSS68','WSS68Name',3,1,3,'serviceprovider','https://serviceprovider.com'),('WSS69','WSS69Name',3,1,3,'serviceprovider','https://serviceprovider.com'),('WSS7','WSS7Name',3,1,3,'serviceprovider','https://serviceprovider.com'),('WSS70','WSS70Name',3,1,3,'serviceprovider','https://serviceprovider.com'),('WSS71','WSS71Name',3,1,3,'serviceprovider','https://serviceprovider.com'),('WSS72','WSS72Name',3,1,3,'serviceprovider','https://serviceprovider.com'),('WSS73','WSS73Name',3,1,3,'serviceprovider','https://serviceprovider.com'),('WSS74','WSS74Name',3,1,3,'serviceprovider','https://serviceprovider.com'),('WSS75','WSS75Name',3,1,3,'serviceprovider','https://serviceprovider.com'),('WSS76','WSS76Name',3,1,3,'serviceprovider','https://serviceprovider.com'),('WSS77','WSS77Name',3,1,3,'serviceprovider','https://serviceprovider.com'),('WSS78','WSS78Name',3,1,3,'serviceprovider','https://serviceprovider.com'),('WSS79','WSS79Name',3,1,3,'serviceprovider','https://serviceprovider.com'),('WSS8','WSS8Name',3,1,3,'serviceprovider','https://serviceprovider.com'),('WSS80','WSS80Name',3,1,3,'serviceprovider','https://serviceprovider.com'),('WSS81','WSS81Name',3,1,3,'serviceprovider','https://serviceprovider.com'),('WSS82','WSS82Name',3,1,3,'serviceprovider','https://serviceprovider.com'),('WSS83','WSS83Name',3,1,3,'serviceprovider','https://serviceprovider.com'),('WSS84','WSS84Name',3,1,3,'serviceprovider','https://serviceprovider.com'),('WSS85','WSS85Name',3,1,3,'serviceprovider','https://serviceprovider.com'),('WSS86','WSS86Name',3,1,3,'serviceprovider','https://serviceprovider.com'),('WSS87','WSS87Name',3,1,3,'serviceprovider','https://serviceprovider.com'),('WSS88','WSS88Name',3,1,3,'serviceprovider','https://serviceprovider.com'),('WSS89','WSS89Name',3,1,3,'serviceprovider','https://serviceprovider.com'),('WSS9','WSS9Name',3,1,3,'serviceprovider','https://serviceprovider.com'),('WSS90','WSS90Name',3,1,3,'serviceprovider','https://serviceprovider.com'),('WSS91','WSS91Name',3,1,3,'serviceprovider','https://serviceprovider.com'),('WSS92','WSS92Name',3,1,3,'serviceprovider','https://serviceprovider.com'),('WSS93','WSS93Name',3,1,3,'serviceprovider','https://serviceprovider.com'),('WSS94','WSS94Name',3,1,3,'serviceprovider','https://serviceprovider.com'),('WSS95','WSS95Name',3,1,3,'serviceprovider','https://serviceprovider.com'),('WSS96','WSS96Name',3,1,3,'serviceprovider','https://serviceprovider.com'),('WSS97','WSS97Name',3,1,3,'serviceprovider','https://serviceprovider.com'),('WSS98','WSS98Name',3,1,3,'serviceprovider','https://serviceprovider.com'),('WSS99','WSS99Name',3,1,3,'serviceprovider','https://serviceprovider.com');
/*!40000 ALTER TABLE `webservicelist` ENABLE KEYS */;
UNLOCK TABLES;
/*!40103 SET TIME_ZONE=@OLD_TIME_ZONE */;

/*!40101 SET SQL_MODE=@OLD_SQL_MODE */;
/*!40014 SET FOREIGN_KEY_CHECKS=@OLD_FOREIGN_KEY_CHECKS */;
/*!40014 SET UNIQUE_CHECKS=@OLD_UNIQUE_CHECKS */;
/*!40101 SET CHARACTER_SET_CLIENT=@OLD_CHARACTER_SET_CLIENT */;
/*!40101 SET CHARACTER_SET_RESULTS=@OLD_CHARACTER_SET_RESULTS */;
/*!40101 SET COLLATION_CONNECTION=@OLD_COLLATION_CONNECTION */;
/*!40111 SET SQL_NOTES=@OLD_SQL_NOTES */;

-- Dump completed on 2023-06-30 10:29:14
