-- MySQL dump 10.13  Distrib 8.0.32, for Win64 (x86_64)
--
-- Host: localhost    Database: autowscs
-- ------------------------------------------------------
-- Server version	8.0.32

/*!40101 SET @OLD_CHARACTER_SET_CLIENT=@@CHARACTER_SET_CLIENT */;
/*!40101 SET @OLD_CHARACTER_SET_RESULTS=@@CHARACTER_SET_RESULTS */;
/*!40101 SET @OLD_COLLATION_CONNECTION=@@COLLATION_CONNECTION */;
/*!50503 SET NAMES utf8mb4 */;
/*!40103 SET @OLD_TIME_ZONE=@@TIME_ZONE */;
/*!40103 SET TIME_ZONE='+00:00' */;
/*!40014 SET @OLD_UNIQUE_CHECKS=@@UNIQUE_CHECKS, UNIQUE_CHECKS=0 */;
/*!40014 SET @OLD_FOREIGN_KEY_CHECKS=@@FOREIGN_KEY_CHECKS, FOREIGN_KEY_CHECKS=0 */;
/*!40101 SET @OLD_SQL_MODE=@@SQL_MODE, SQL_MODE='NO_AUTO_VALUE_ON_ZERO' */;
/*!40111 SET @OLD_SQL_NOTES=@@SQL_NOTES, SQL_NOTES=0 */;

--
-- Table structure for table `auth_group`
--

DROP TABLE IF EXISTS `auth_group`;
/*!40101 SET @saved_cs_client     = @@character_set_client */;
/*!50503 SET character_set_client = utf8mb4 */;
CREATE TABLE `auth_group` (
  `id` int NOT NULL AUTO_INCREMENT,
  `name` varchar(80) NOT NULL,
  PRIMARY KEY (`id`),
  UNIQUE KEY `name` (`name`)
) ENGINE=InnoDB DEFAULT CHARSET=latin1;
/*!40101 SET character_set_client = @saved_cs_client */;

--
-- Dumping data for table `auth_group`
--

LOCK TABLES `auth_group` WRITE;
/*!40000 ALTER TABLE `auth_group` DISABLE KEYS */;
/*!40000 ALTER TABLE `auth_group` ENABLE KEYS */;
UNLOCK TABLES;

--
-- Table structure for table `auth_group_permissions`
--

DROP TABLE IF EXISTS `auth_group_permissions`;
/*!40101 SET @saved_cs_client     = @@character_set_client */;
/*!50503 SET character_set_client = utf8mb4 */;
CREATE TABLE `auth_group_permissions` (
  `id` int NOT NULL AUTO_INCREMENT,
  `group_id` int NOT NULL,
  `permission_id` int NOT NULL,
  PRIMARY KEY (`id`),
  UNIQUE KEY `auth_group_permissions_group_id_permission_id_0cd325b0_uniq` (`group_id`,`permission_id`),
  KEY `auth_group_permissio_permission_id_84c5c92e_fk_auth_perm` (`permission_id`),
  CONSTRAINT `auth_group_permissio_permission_id_84c5c92e_fk_auth_perm` FOREIGN KEY (`permission_id`) REFERENCES `auth_permission` (`id`),
  CONSTRAINT `auth_group_permissions_group_id_b120cbf9_fk_auth_group_id` FOREIGN KEY (`group_id`) REFERENCES `auth_group` (`id`)
) ENGINE=InnoDB DEFAULT CHARSET=latin1;
/*!40101 SET character_set_client = @saved_cs_client */;

--
-- Dumping data for table `auth_group_permissions`
--

LOCK TABLES `auth_group_permissions` WRITE;
/*!40000 ALTER TABLE `auth_group_permissions` DISABLE KEYS */;
/*!40000 ALTER TABLE `auth_group_permissions` ENABLE KEYS */;
UNLOCK TABLES;

--
-- Table structure for table `auth_permission`
--

DROP TABLE IF EXISTS `auth_permission`;
/*!40101 SET @saved_cs_client     = @@character_set_client */;
/*!50503 SET character_set_client = utf8mb4 */;
CREATE TABLE `auth_permission` (
  `id` int NOT NULL AUTO_INCREMENT,
  `name` varchar(255) NOT NULL,
  `content_type_id` int NOT NULL,
  `codename` varchar(100) NOT NULL,
  PRIMARY KEY (`id`),
  UNIQUE KEY `auth_permission_content_type_id_codename_01ab375a_uniq` (`content_type_id`,`codename`),
  CONSTRAINT `auth_permission_content_type_id_2f476e4b_fk_django_co` FOREIGN KEY (`content_type_id`) REFERENCES `django_content_type` (`id`)
) ENGINE=InnoDB AUTO_INCREMENT=25 DEFAULT CHARSET=latin1;
/*!40101 SET character_set_client = @saved_cs_client */;

--
-- Dumping data for table `auth_permission`
--

LOCK TABLES `auth_permission` WRITE;
/*!40000 ALTER TABLE `auth_permission` DISABLE KEYS */;
INSERT INTO `auth_permission` VALUES (1,'Can add log entry',1,'add_logentry'),(2,'Can change log entry',1,'change_logentry'),(3,'Can delete log entry',1,'delete_logentry'),(4,'Can view log entry',1,'view_logentry'),(5,'Can add permission',2,'add_permission'),(6,'Can change permission',2,'change_permission'),(7,'Can delete permission',2,'delete_permission'),(8,'Can view permission',2,'view_permission'),(9,'Can add group',3,'add_group'),(10,'Can change group',3,'change_group'),(11,'Can delete group',3,'delete_group'),(12,'Can view group',3,'view_group'),(13,'Can add user',4,'add_user'),(14,'Can change user',4,'change_user'),(15,'Can delete user',4,'delete_user'),(16,'Can view user',4,'view_user'),(17,'Can add content type',5,'add_contenttype'),(18,'Can change content type',5,'change_contenttype'),(19,'Can delete content type',5,'delete_contenttype'),(20,'Can view content type',5,'view_contenttype'),(21,'Can add session',6,'add_session'),(22,'Can change session',6,'change_session'),(23,'Can delete session',6,'delete_session'),(24,'Can view session',6,'view_session');
/*!40000 ALTER TABLE `auth_permission` ENABLE KEYS */;
UNLOCK TABLES;

--
-- Table structure for table `auth_user`
--

DROP TABLE IF EXISTS `auth_user`;
/*!40101 SET @saved_cs_client     = @@character_set_client */;
/*!50503 SET character_set_client = utf8mb4 */;
CREATE TABLE `auth_user` (
  `id` int NOT NULL AUTO_INCREMENT,
  `password` varchar(128) NOT NULL,
  `last_login` datetime(6) DEFAULT NULL,
  `is_superuser` tinyint(1) NOT NULL,
  `username` varchar(150) NOT NULL,
  `first_name` varchar(30) NOT NULL,
  `last_name` varchar(150) NOT NULL,
  `email` varchar(254) NOT NULL,
  `is_staff` tinyint(1) NOT NULL,
  `is_active` tinyint(1) NOT NULL,
  `date_joined` datetime(6) NOT NULL,
  PRIMARY KEY (`id`),
  UNIQUE KEY `username` (`username`)
) ENGINE=InnoDB AUTO_INCREMENT=2 DEFAULT CHARSET=latin1;
/*!40101 SET character_set_client = @saved_cs_client */;

--
-- Dumping data for table `auth_user`
--

LOCK TABLES `auth_user` WRITE;
/*!40000 ALTER TABLE `auth_user` DISABLE KEYS */;
INSERT INTO `auth_user` VALUES (1,'pbkdf2_sha256$120000$t1PV0MeFrM2P$mdFVt5O/PMrM6U6PP4ei7LDjVNuN0OJi97bq+oRxpQg=','2020-10-19 22:21:14.385392',0,'kgayke','','','k2gaike@gmail.com',0,1,'2020-10-19 22:21:13.589791');
/*!40000 ALTER TABLE `auth_user` ENABLE KEYS */;
UNLOCK TABLES;

--
-- Table structure for table `auth_user_groups`
--

DROP TABLE IF EXISTS `auth_user_groups`;
/*!40101 SET @saved_cs_client     = @@character_set_client */;
/*!50503 SET character_set_client = utf8mb4 */;
CREATE TABLE `auth_user_groups` (
  `id` int NOT NULL AUTO_INCREMENT,
  `user_id` int NOT NULL,
  `group_id` int NOT NULL,
  PRIMARY KEY (`id`),
  UNIQUE KEY `auth_user_groups_user_id_group_id_94350c0c_uniq` (`user_id`,`group_id`),
  KEY `auth_user_groups_group_id_97559544_fk_auth_group_id` (`group_id`),
  CONSTRAINT `auth_user_groups_group_id_97559544_fk_auth_group_id` FOREIGN KEY (`group_id`) REFERENCES `auth_group` (`id`),
  CONSTRAINT `auth_user_groups_user_id_6a12ed8b_fk_auth_user_id` FOREIGN KEY (`user_id`) REFERENCES `auth_user` (`id`)
) ENGINE=InnoDB DEFAULT CHARSET=latin1;
/*!40101 SET character_set_client = @saved_cs_client */;

--
-- Dumping data for table `auth_user_groups`
--

LOCK TABLES `auth_user_groups` WRITE;
/*!40000 ALTER TABLE `auth_user_groups` DISABLE KEYS */;
/*!40000 ALTER TABLE `auth_user_groups` ENABLE KEYS */;
UNLOCK TABLES;

--
-- Table structure for table `auth_user_user_permissions`
--

DROP TABLE IF EXISTS `auth_user_user_permissions`;
/*!40101 SET @saved_cs_client     = @@character_set_client */;
/*!50503 SET character_set_client = utf8mb4 */;
CREATE TABLE `auth_user_user_permissions` (
  `id` int NOT NULL AUTO_INCREMENT,
  `user_id` int NOT NULL,
  `permission_id` int NOT NULL,
  PRIMARY KEY (`id`),
  UNIQUE KEY `auth_user_user_permissions_user_id_permission_id_14a6b632_uniq` (`user_id`,`permission_id`),
  KEY `auth_user_user_permi_permission_id_1fbb5f2c_fk_auth_perm` (`permission_id`),
  CONSTRAINT `auth_user_user_permi_permission_id_1fbb5f2c_fk_auth_perm` FOREIGN KEY (`permission_id`) REFERENCES `auth_permission` (`id`),
  CONSTRAINT `auth_user_user_permissions_user_id_a95ead1b_fk_auth_user_id` FOREIGN KEY (`user_id`) REFERENCES `auth_user` (`id`)
) ENGINE=InnoDB DEFAULT CHARSET=latin1;
/*!40101 SET character_set_client = @saved_cs_client */;

--
-- Dumping data for table `auth_user_user_permissions`
--

LOCK TABLES `auth_user_user_permissions` WRITE;
/*!40000 ALTER TABLE `auth_user_user_permissions` DISABLE KEYS */;
/*!40000 ALTER TABLE `auth_user_user_permissions` ENABLE KEYS */;
UNLOCK TABLES;

--
-- Table structure for table `careerpath`
--

DROP TABLE IF EXISTS `careerpath`;
/*!40101 SET @saved_cs_client     = @@character_set_client */;
/*!50503 SET character_set_client = utf8mb4 */;
CREATE TABLE `careerpath` (
  `careerPathID` char(4) NOT NULL,
  `careerPathName` varchar(50) DEFAULT NULL,
  PRIMARY KEY (`careerPathID`)
) ENGINE=InnoDB DEFAULT CHARSET=latin1;
/*!40101 SET character_set_client = @saved_cs_client */;

--
-- Dumping data for table `careerpath`
--

LOCK TABLES `careerpath` WRITE;
/*!40000 ALTER TABLE `careerpath` DISABLE KEYS */;
INSERT INTO `careerpath` VALUES ('C100','Data Analyst');
/*!40000 ALTER TABLE `careerpath` ENABLE KEYS */;
UNLOCK TABLES;

--
-- Table structure for table `django_admin_log`
--

DROP TABLE IF EXISTS `django_admin_log`;
/*!40101 SET @saved_cs_client     = @@character_set_client */;
/*!50503 SET character_set_client = utf8mb4 */;
CREATE TABLE `django_admin_log` (
  `id` int NOT NULL AUTO_INCREMENT,
  `action_time` datetime(6) NOT NULL,
  `object_id` longtext,
  `object_repr` varchar(200) NOT NULL,
  `action_flag` smallint unsigned NOT NULL,
  `change_message` longtext NOT NULL,
  `content_type_id` int DEFAULT NULL,
  `user_id` int NOT NULL,
  PRIMARY KEY (`id`),
  KEY `django_admin_log_content_type_id_c4bce8eb_fk_django_co` (`content_type_id`),
  KEY `django_admin_log_user_id_c564eba6_fk_auth_user_id` (`user_id`),
  CONSTRAINT `django_admin_log_content_type_id_c4bce8eb_fk_django_co` FOREIGN KEY (`content_type_id`) REFERENCES `django_content_type` (`id`),
  CONSTRAINT `django_admin_log_user_id_c564eba6_fk_auth_user_id` FOREIGN KEY (`user_id`) REFERENCES `auth_user` (`id`)
) ENGINE=InnoDB DEFAULT CHARSET=latin1;
/*!40101 SET character_set_client = @saved_cs_client */;

--
-- Dumping data for table `django_admin_log`
--

LOCK TABLES `django_admin_log` WRITE;
/*!40000 ALTER TABLE `django_admin_log` DISABLE KEYS */;
/*!40000 ALTER TABLE `django_admin_log` ENABLE KEYS */;
UNLOCK TABLES;

--
-- Table structure for table `django_content_type`
--

DROP TABLE IF EXISTS `django_content_type`;
/*!40101 SET @saved_cs_client     = @@character_set_client */;
/*!50503 SET character_set_client = utf8mb4 */;
CREATE TABLE `django_content_type` (
  `id` int NOT NULL AUTO_INCREMENT,
  `app_label` varchar(100) NOT NULL,
  `model` varchar(100) NOT NULL,
  PRIMARY KEY (`id`),
  UNIQUE KEY `django_content_type_app_label_model_76bd3d3b_uniq` (`app_label`,`model`)
) ENGINE=InnoDB AUTO_INCREMENT=7 DEFAULT CHARSET=latin1;
/*!40101 SET character_set_client = @saved_cs_client */;

--
-- Dumping data for table `django_content_type`
--

LOCK TABLES `django_content_type` WRITE;
/*!40000 ALTER TABLE `django_content_type` DISABLE KEYS */;
INSERT INTO `django_content_type` VALUES (1,'admin','logentry'),(3,'auth','group'),(2,'auth','permission'),(4,'auth','user'),(5,'contenttypes','contenttype'),(6,'sessions','session');
/*!40000 ALTER TABLE `django_content_type` ENABLE KEYS */;
UNLOCK TABLES;

--
-- Table structure for table `django_migrations`
--

DROP TABLE IF EXISTS `django_migrations`;
/*!40101 SET @saved_cs_client     = @@character_set_client */;
/*!50503 SET character_set_client = utf8mb4 */;
CREATE TABLE `django_migrations` (
  `id` int NOT NULL AUTO_INCREMENT,
  `app` varchar(255) NOT NULL,
  `name` varchar(255) NOT NULL,
  `applied` datetime(6) NOT NULL,
  PRIMARY KEY (`id`)
) ENGINE=InnoDB AUTO_INCREMENT=16 DEFAULT CHARSET=latin1;
/*!40101 SET character_set_client = @saved_cs_client */;

--
-- Dumping data for table `django_migrations`
--

LOCK TABLES `django_migrations` WRITE;
/*!40000 ALTER TABLE `django_migrations` DISABLE KEYS */;
INSERT INTO `django_migrations` VALUES (1,'contenttypes','0001_initial','2020-03-09 23:45:06.538733'),(2,'auth','0001_initial','2020-03-09 23:45:10.018233'),(3,'admin','0001_initial','2020-03-09 23:45:11.118233'),(4,'admin','0002_logentry_remove_auto_add','2020-03-09 23:45:11.139233'),(5,'admin','0003_logentry_add_action_flag_choices','2020-03-09 23:45:11.169233'),(6,'contenttypes','0002_remove_content_type_name','2020-03-09 23:45:11.498233'),(7,'auth','0002_alter_permission_name_max_length','2020-03-09 23:45:11.539233'),(8,'auth','0003_alter_user_email_max_length','2020-03-09 23:45:11.619233'),(9,'auth','0004_alter_user_username_opts','2020-03-09 23:45:11.629233'),(10,'auth','0005_alter_user_last_login_null','2020-03-09 23:45:11.770233'),(11,'auth','0006_require_contenttypes_0002','2020-03-09 23:45:11.810233'),(12,'auth','0007_alter_validators_add_error_messages','2020-03-09 23:45:11.820233'),(13,'auth','0008_alter_user_username_max_length','2020-03-09 23:45:11.831233'),(14,'auth','0009_alter_user_last_name_max_length','2020-03-09 23:45:11.949233'),(15,'sessions','0001_initial','2020-03-09 23:45:12.140233');
/*!40000 ALTER TABLE `django_migrations` ENABLE KEYS */;
UNLOCK TABLES;

--
-- Table structure for table `django_session`
--

DROP TABLE IF EXISTS `django_session`;
/*!40101 SET @saved_cs_client     = @@character_set_client */;
/*!50503 SET character_set_client = utf8mb4 */;
CREATE TABLE `django_session` (
  `session_key` varchar(40) NOT NULL,
  `session_data` longtext NOT NULL,
  `expire_date` datetime(6) NOT NULL,
  PRIMARY KEY (`session_key`),
  KEY `django_session_expire_date_a5c62663` (`expire_date`)
) ENGINE=InnoDB DEFAULT CHARSET=latin1;
/*!40101 SET character_set_client = @saved_cs_client */;

--
-- Dumping data for table `django_session`
--

LOCK TABLES `django_session` WRITE;
/*!40000 ALTER TABLE `django_session` DISABLE KEYS */;
INSERT INTO `django_session` VALUES ('tyl1c5xdi2x8x2jwg76rgv4m7k8zrh9f','Y2FhMTEwYWE3NTdhZjlkMTFkYzhlMDM0OGM4NTU4YzVjZGQwZDM0Njp7Il9hdXRoX3VzZXJfaWQiOiIxIiwiX2F1dGhfdXNlcl9iYWNrZW5kIjoiZGphbmdvLmNvbnRyaWIuYXV0aC5iYWNrZW5kcy5Nb2RlbEJhY2tlbmQiLCJfYXV0aF91c2VyX2hhc2giOiJmMzIyNjA4ZWY3OTQ5MWYwMTUwOGMyMDFlMDIzZmRjNjI3MTU4N2IzIn0=','2020-11-02 22:21:14.400992');
/*!40000 ALTER TABLE `django_session` ENABLE KEYS */;
UNLOCK TABLES;

--
-- Table structure for table `initialgoalparameter`
--

DROP TABLE IF EXISTS `initialgoalparameter`;
/*!40101 SET @saved_cs_client     = @@character_set_client */;
/*!50503 SET character_set_client = utf8mb4 */;
CREATE TABLE `initialgoalparameter` (
  `transactionID` bigint NOT NULL,
  `iorg` varchar(10) NOT NULL,
  `parameterID` varchar(10) NOT NULL,
  PRIMARY KEY (`transactionID`,`iorg`,`parameterID`),
  KEY `knowledgeID` (`parameterID`),
  CONSTRAINT `initialgoalparameter_ibfk_1` FOREIGN KEY (`parameterID`) REFERENCES `parameterlist` (`parameterID`)
) ENGINE=InnoDB DEFAULT CHARSET=latin1;
/*!40101 SET character_set_client = @saved_cs_client */;

--
-- Dumping data for table `initialgoalparameter`
--

LOCK TABLES `initialgoalparameter` WRITE;
/*!40000 ALTER TABLE `initialgoalparameter` DISABLE KEYS */;
INSERT INTO `initialgoalparameter` VALUES (1,'I','p1'),(3,'G','p1'),(7,'G','p1'),(11,'I','p1'),(14,'I','p1'),(15,'I','p1'),(17,'G','p1'),(19,'I','p1'),(21,'G','p1'),(22,'I','p1'),(27,'G','p1'),(28,'I','p1'),(1,'G','p10'),(5,'G','p10'),(6,'G','p10'),(7,'G','p10'),(8,'G','p10'),(9,'I','p10'),(10,'G','p10'),(12,'G','p10'),(13,'G','p10'),(14,'I','p10'),(18,'I','p10'),(20,'I','p10'),(22,'I','p10'),(25,'G','p10'),(26,'G','p10'),(29,'G','p10'),(30,'I','p10'),(1,'I','p11'),(2,'I','p11'),(4,'I','p11'),(5,'I','p11'),(8,'G','p11'),(10,'G','p11'),(14,'G','p11'),(18,'I','p11'),(19,'I','p11'),(20,'G','p11'),(21,'G','p11'),(22,'G','p11'),(24,'G','p11'),(25,'I','p11'),(28,'G','p11'),(1,'I','p12'),(2,'I','p12'),(6,'I','p12'),(8,'I','p12'),(9,'I','p12'),(11,'G','p12'),(12,'I','p12'),(13,'I','p12'),(14,'I','p12'),(15,'I','p12'),(16,'G','p12'),(21,'I','p12'),(22,'G','p12'),(24,'I','p12'),(25,'G','p12'),(26,'I','p12'),(28,'G','p12'),(30,'G','p12'),(1,'G','p13'),(3,'I','p13'),(5,'G','p13'),(6,'G','p13'),(7,'G','p13'),(9,'G','p13'),(11,'I','p13'),(12,'I','p13'),(13,'G','p13'),(17,'G','p13'),(21,'G','p13'),(23,'I','p13'),(26,'I','p13'),(28,'G','p13'),(29,'I','p13'),(30,'I','p13'),(8,'G','p14'),(11,'I','p14'),(12,'I','p14'),(14,'I','p14'),(16,'I','p14'),(18,'I','p14'),(19,'G','p14'),(20,'G','p14'),(24,'I','p14'),(25,'I','p14'),(26,'G','p14'),(28,'I','p14'),(29,'I','p14'),(30,'G','p14'),(1,'I','p15'),(3,'G','p15'),(10,'I','p15'),(11,'I','p15'),(13,'I','p15'),(15,'I','p15'),(16,'I','p15'),(17,'G','p15'),(18,'G','p15'),(19,'G','p15'),(20,'I','p15'),(23,'G','p15'),(24,'I','p15'),(2,'I','p16'),(6,'I','p16'),(7,'I','p16'),(9,'G','p16'),(12,'G','p16'),(18,'G','p16'),(19,'I','p16'),(21,'G','p16'),(24,'I','p16'),(25,'I','p16'),(27,'G','p16'),(29,'G','p16'),(30,'G','p16'),(2,'I','p17'),(3,'I','p17'),(10,'G','p17'),(13,'G','p17'),(14,'G','p17'),(17,'I','p17'),(23,'I','p17'),(25,'I','p17'),(26,'I','p17'),(3,'G','p18'),(5,'I','p18'),(8,'I','p18'),(10,'G','p18'),(11,'G','p18'),(15,'I','p18'),(16,'I','p18'),(17,'G','p18'),(19,'G','p18'),(20,'G','p18'),(25,'G','p18'),(26,'I','p18'),(27,'I','p18'),(30,'I','p18'),(2,'G','p19'),(3,'I','p19'),(5,'G','p19'),(6,'G','p19'),(7,'G','p19'),(13,'I','p19'),(15,'I','p19'),(16,'I','p19'),(17,'G','p19'),(21,'I','p19'),(25,'G','p19'),(1,'I','p2'),(2,'G','p2'),(4,'I','p2'),(5,'I','p2'),(6,'I','p2'),(9,'I','p2'),(10,'I','p2'),(16,'I','p2'),(17,'I','p2'),(18,'I','p2'),(21,'I','p2'),(23,'I','p2'),(25,'I','p2'),(28,'I','p2'),(1,'I','p20'),(2,'G','p20'),(3,'I','p20'),(4,'G','p20'),(6,'I','p20'),(7,'G','p20'),(10,'I','p20'),(15,'I','p20'),(19,'G','p20'),(20,'I','p20'),(21,'I','p20'),(22,'G','p20'),(23,'I','p20'),(24,'G','p20'),(27,'G','p20'),(28,'I','p20'),(1,'G','p21'),(5,'G','p21'),(7,'G','p21'),(10,'I','p21'),(12,'I','p21'),(15,'G','p21'),(16,'I','p21'),(20,'I','p21'),(21,'G','p21'),(22,'G','p21'),(23,'I','p21'),(24,'I','p21'),(26,'I','p21'),(27,'G','p21'),(29,'I','p21'),(1,'G','p22'),(2,'G','p22'),(4,'I','p22'),(5,'I','p22'),(6,'I','p22'),(8,'I','p22'),(9,'G','p22'),(11,'I','p22'),(12,'G','p22'),(19,'I','p22'),(20,'G','p22'),(22,'I','p22'),(28,'G','p22'),(29,'G','p22'),(4,'I','p23'),(7,'I','p23'),(8,'I','p23'),(9,'I','p23'),(12,'G','p23'),(13,'G','p23'),(15,'I','p23'),(16,'G','p23'),(17,'G','p23'),(18,'I','p23'),(19,'I','p23'),(22,'I','p23'),(23,'I','p23'),(26,'G','p23'),(28,'I','p23'),(29,'G','p23'),(1,'G','p24'),(3,'I','p24'),(4,'G','p24'),(6,'I','p24'),(8,'G','p24'),(9,'I','p24'),(10,'G','p24'),(11,'I','p24'),(13,'I','p24'),(14,'I','p24'),(17,'I','p24'),(20,'I','p24'),(24,'G','p24'),(27,'I','p24'),(28,'G','p24'),(29,'G','p24'),(30,'I','p24'),(3,'G','p25'),(4,'I','p25'),(5,'I','p25'),(7,'I','p25'),(10,'I','p25'),(14,'G','p25'),(16,'I','p25'),(19,'G','p25'),(22,'I','p25'),(23,'I','p25'),(27,'I','p25'),(29,'I','p25'),(30,'G','p25'),(3,'G','p26'),(6,'G','p26'),(7,'I','p26'),(8,'I','p26'),(11,'I','p26'),(12,'I','p26'),(14,'G','p26'),(16,'G','p26'),(17,'I','p26'),(22,'I','p26'),(25,'I','p26'),(29,'I','p26'),(2,'I','p27'),(3,'G','p27'),(7,'I','p27'),(9,'G','p27'),(10,'G','p27'),(11,'G','p27'),(13,'G','p27'),(14,'I','p27'),(15,'G','p27'),(16,'G','p27'),(18,'G','p27'),(19,'I','p27'),(20,'G','p27'),(24,'I','p27'),(27,'I','p27'),(28,'G','p27'),(1,'I','p28'),(4,'I','p28'),(6,'I','p28'),(7,'I','p28'),(8,'I','p28'),(13,'I','p28'),(15,'G','p28'),(18,'G','p28'),(19,'G','p28'),(20,'I','p28'),(21,'I','p28'),(24,'I','p28'),(25,'G','p28'),(26,'G','p28'),(27,'I','p28'),(28,'I','p28'),(2,'I','p29'),(4,'G','p29'),(11,'I','p29'),(13,'I','p29'),(17,'I','p29'),(18,'I','p29'),(19,'I','p29'),(20,'I','p29'),(21,'I','p29'),(23,'G','p29'),(24,'I','p29'),(27,'I','p29'),(29,'G','p29'),(30,'I','p29'),(2,'G','p3'),(5,'I','p3'),(6,'I','p3'),(7,'I','p3'),(8,'I','p3'),(9,'I','p3'),(10,'I','p3'),(11,'G','p3'),(17,'I','p3'),(26,'G','p3'),(5,'G','p30'),(6,'G','p30'),(8,'G','p30'),(9,'G','p30'),(13,'G','p30'),(14,'G','p30'),(16,'G','p30'),(21,'I','p30'),(29,'I','p30'),(30,'I','p30'),(2,'I','p4'),(3,'I','p4'),(4,'G','p4'),(8,'I','p4'),(12,'G','p4'),(15,'G','p4'),(18,'G','p4'),(22,'G','p4'),(23,'I','p4'),(24,'G','p4'),(27,'I','p4'),(30,'I','p4'),(1,'I','p5'),(4,'I','p5'),(10,'I','p5'),(11,'G','p5'),(12,'I','p5'),(13,'I','p5'),(18,'I','p5'),(20,'G','p5'),(21,'G','p5'),(23,'G','p5'),(24,'G','p5'),(25,'I','p5'),(26,'G','p5'),(29,'I','p5'),(30,'I','p5'),(2,'G','p6'),(3,'I','p6'),(4,'I','p6'),(5,'I','p6'),(8,'G','p6'),(11,'G','p6'),(12,'I','p6'),(14,'G','p6'),(15,'I','p6'),(16,'G','p6'),(17,'I','p6'),(18,'G','p6'),(21,'I','p6'),(22,'I','p6'),(23,'G','p6'),(26,'I','p6'),(27,'I','p6'),(28,'I','p6'),(29,'I','p6'),(30,'G','p6'),(1,'G','p7'),(9,'I','p7'),(14,'I','p7'),(15,'G','p7'),(18,'I','p7'),(19,'I','p7'),(23,'G','p7'),(4,'G','p8'),(5,'G','p8'),(6,'G','p8'),(9,'G','p8'),(10,'I','p8'),(12,'G','p8'),(16,'I','p8'),(22,'I','p8'),(25,'G','p8'),(26,'I','p8'),(27,'G','p8'),(28,'I','p8'),(30,'G','p8'),(2,'I','p9'),(3,'I','p9'),(4,'G','p9'),(5,'I','p9'),(7,'I','p9'),(9,'I','p9'),(12,'I','p9'),(13,'I','p9'),(14,'I','p9'),(15,'G','p9'),(17,'I','p9'),(20,'I','p9'),(22,'G','p9'),(23,'G','p9'),(24,'G','p9'),(25,'I','p9'),(26,'I','p9'),(27,'G','p9');
/*!40000 ALTER TABLE `initialgoalparameter` ENABLE KEYS */;
UNLOCK TABLES;

--
-- Table structure for table `inputparameter`
--

DROP TABLE IF EXISTS `inputparameter`;
/*!40101 SET @saved_cs_client     = @@character_set_client */;
/*!50503 SET character_set_client = utf8mb4 */;
CREATE TABLE `inputparameter` (
  `webServiceID` varchar(10) NOT NULL,
  `parameterID` varchar(10) NOT NULL,
  PRIMARY KEY (`webServiceID`,`parameterID`),
  KEY `knowledgeID` (`parameterID`)
) ENGINE=InnoDB DEFAULT CHARSET=latin1;
/*!40101 SET character_set_client = @saved_cs_client */;

--
-- Dumping data for table `inputparameter`
--

LOCK TABLES `inputparameter` WRITE;
/*!40000 ALTER TABLE `inputparameter` DISABLE KEYS */;
INSERT INTO `inputparameter` VALUES ('WSS104','p1'),('WSS120','p1'),('WSS133','p1'),('WSS161','p1'),('WSS169','p1'),('WSS181','p1'),('WSS194','p1'),('WSS228','p1'),('WSS241','p1'),('WSS259','p1'),('WSS311','p1'),('WSS324','p1'),('WSS360','p1'),('WSS37','p1'),('WSS379','p1'),('WSS391','p1'),('WSS412','p1'),('WSS427','p1'),('WSS477','p1'),('WSS7','p1'),('WSS71','p1'),('WSS91','p1'),('WSS92','p1'),('WSS93','p1'),('WSS97','p1'),('WSS110','p10'),('WSS115','p10'),('WSS116','p10'),('WSS153','p10'),('WSS159','p10'),('WSS167','p10'),('WSS168','p10'),('WSS170','p10'),('WSS173','p10'),('WSS178','p10'),('WSS179','p10'),('WSS19','p10'),('WSS206','p10'),('WSS214','p10'),('WSS218','p10'),('WSS22','p10'),('WSS244','p10'),('WSS249','p10'),('WSS276','p10'),('WSS321','p10'),('WSS331','p10'),('WSS340','p10'),('WSS350','p10'),('WSS371','p10'),('WSS389','p10'),('WSS394','p10'),('WSS401','p10'),('WSS418','p10'),('WSS423','p10'),('WSS425','p10'),('WSS428','p10'),('WSS452','p10'),('WSS461','p10'),('WSS50','p10'),('WSS55','p10'),('WSS56','p10'),('WSS60','p10'),('WSS73','p10'),('WSS84','p10'),('WSS88','p10'),('WSS113','p11'),('WSS145','p11'),('WSS171','p11'),('WSS174','p11'),('WSS199','p11'),('WSS230','p11'),('WSS242','p11'),('WSS243','p11'),('WSS26','p11'),('WSS271','p11'),('WSS29','p11'),('WSS310','p11'),('WSS340','p11'),('WSS363','p11'),('WSS364','p11'),('WSS395','p11'),('WSS399','p11'),('WSS40','p11'),('WSS403','p11'),('WSS446','p11'),('WSS460','p11'),('WSS476','p11'),('WSS495','p11'),('WSS1','p12'),('WSS102','p12'),('WSS118','p12'),('WSS146','p12'),('WSS190','p12'),('WSS205','p12'),('WSS216','p12'),('WSS225','p12'),('WSS250','p12'),('WSS261','p12'),('WSS266','p12'),('WSS272','p12'),('WSS288','p12'),('WSS330','p12'),('WSS361','p12'),('WSS372','p12'),('WSS374','p12'),('WSS378','p12'),('WSS4','p12'),('WSS410','p12'),('WSS423','p12'),('WSS436','p12'),('WSS438','p12'),('WSS442','p12'),('WSS457','p12'),('WSS470','p12'),('WSS53','p12'),('WSS58','p12'),('WSS77','p12'),('WSS82','p12'),('WSS89','p12'),('WSS100','p13'),('WSS112','p13'),('WSS113','p13'),('WSS12','p13'),('WSS123','p13'),('WSS124','p13'),('WSS133','p13'),('WSS157','p13'),('WSS160','p13'),('WSS165','p13'),('WSS193','p13'),('WSS196','p13'),('WSS204','p13'),('WSS217','p13'),('WSS247','p13'),('WSS263','p13'),('WSS284','p13'),('WSS300','p13'),('WSS316','p13'),('WSS331','p13'),('WSS366','p13'),('WSS370','p13'),('WSS398','p13'),('WSS402','p13'),('WSS434','p13'),('WSS437','p13'),('WSS441','p13'),('WSS444','p13'),('WSS455','p13'),('WSS464','p13'),('WSS468','p13'),('WSS471','p13'),('WSS480','p13'),('WSS484','p13'),('WSS488','p13'),('WSS493','p13'),('WSS51','p13'),('WSS52','p13'),('WSS59','p13'),('WSS89','p13'),('WSS97','p13'),('WSS111','p14'),('WSS117','p14'),('WSS119','p14'),('WSS13','p14'),('WSS132','p14'),('WSS137','p14'),('WSS144','p14'),('WSS15','p14'),('WSS17','p14'),('WSS180','p14'),('WSS215','p14'),('WSS224','p14'),('WSS226','p14'),('WSS254','p14'),('WSS271','p14'),('WSS284','p14'),('WSS288','p14'),('WSS303','p14'),('WSS310','p14'),('WSS328','p14'),('WSS329','p14'),('WSS334','p14'),('WSS344','p14'),('WSS374','p14'),('WSS375','p14'),('WSS414','p14'),('WSS428','p14'),('WSS430','p14'),('WSS447','p14'),('WSS49','p14'),('WSS498','p14'),('WSS57','p14'),('WSS58','p14'),('WSS107','p15'),('WSS135','p15'),('WSS148','p15'),('WSS150','p15'),('WSS152','p15'),('WSS177','p15'),('WSS220','p15'),('WSS224','p15'),('WSS237','p15'),('WSS246','p15'),('WSS248','p15'),('WSS264','p15'),('WSS293','p15'),('WSS308','p15'),('WSS31','p15'),('WSS318','p15'),('WSS327','p15'),('WSS345','p15'),('WSS352','p15'),('WSS378','p15'),('WSS381','p15'),('WSS397','p15'),('WSS406','p15'),('WSS41','p15'),('WSS419','p15'),('WSS424','p15'),('WSS453','p15'),('WSS456','p15'),('WSS473','p15'),('WSS495','p15'),('WSS51','p15'),('WSS72','p15'),('WSS84','p15'),('WSS92','p15'),('WSS96','p15'),('WSS10','p16'),('WSS139','p16'),('WSS151','p16'),('WSS162','p16'),('WSS172','p16'),('WSS197','p16'),('WSS24','p16'),('WSS243','p16'),('WSS251','p16'),('WSS293','p16'),('WSS318','p16'),('WSS324','p16'),('WSS353','p16'),('WSS364','p16'),('WSS402','p16'),('WSS453','p16'),('WSS454','p16'),('WSS468','p16'),('WSS469','p16'),('WSS482','p16'),('WSS483','p16'),('WSS497','p16'),('WSS76','p16'),('WSS10','p17'),('WSS142','p17'),('WSS15','p17'),('WSS164','p17'),('WSS173','p17'),('WSS176','p17'),('WSS184','p17'),('WSS198','p17'),('WSS206','p17'),('WSS212','p17'),('WSS23','p17'),('WSS24','p17'),('WSS242','p17'),('WSS297','p17'),('WSS311','p17'),('WSS322','p17'),('WSS326','p17'),('WSS335','p17'),('WSS348','p17'),('WSS349','p17'),('WSS38','p17'),('WSS383','p17'),('WSS392','p17'),('WSS403','p17'),('WSS408','p17'),('WSS42','p17'),('WSS421','p17'),('WSS422','p17'),('WSS427','p17'),('WSS429','p17'),('WSS44','p17'),('WSS441','p17'),('WSS448','p17'),('WSS450','p17'),('WSS485','p17'),('WSS491','p17'),('WSS65','p17'),('WSS70','p17'),('WSS109','p18'),('WSS123','p18'),('WSS131','p18'),('WSS137','p18'),('WSS157','p18'),('WSS192','p18'),('WSS2','p18'),('WSS207','p18'),('WSS215','p18'),('WSS227','p18'),('WSS228','p18'),('WSS23','p18'),('WSS234','p18'),('WSS238','p18'),('WSS258','p18'),('WSS259','p18'),('WSS265','p18'),('WSS290','p18'),('WSS31','p18'),('WSS313','p18'),('WSS346','p18'),('WSS388','p18'),('WSS420','p18'),('WSS422','p18'),('WSS445','p18'),('WSS455','p18'),('WSS464','p18'),('WSS475','p18'),('WSS483','p18'),('WSS63','p18'),('WSS75','p18'),('WSS79','p18'),('WSS8','p18'),('WSS9','p18'),('WSS99','p18'),('WSS126','p19'),('WSS13','p19'),('WSS130','p19'),('WSS136','p19'),('WSS177','p19'),('WSS18','p19'),('WSS205','p19'),('WSS219','p19'),('WSS22','p19'),('WSS236','p19'),('WSS245','p19'),('WSS254','p19'),('WSS266','p19'),('WSS267','p19'),('WSS275','p19'),('WSS277','p19'),('WSS278','p19'),('WSS286','p19'),('WSS307','p19'),('WSS34','p19'),('WSS356','p19'),('WSS359','p19'),('WSS368','p19'),('WSS382','p19'),('WSS401','p19'),('WSS407','p19'),('WSS416','p19'),('WSS431','p19'),('WSS442','p19'),('WSS466','p19'),('WSS467','p19'),('WSS47','p19'),('WSS489','p19'),('WSS83','p19'),('WSS101','p2'),('WSS102','p2'),('WSS11','p2'),('WSS117','p2'),('WSS122','p2'),('WSS14','p2'),('WSS150','p2'),('WSS166','p2'),('WSS171','p2'),('WSS174','p2'),('WSS181','p2'),('WSS189','p2'),('WSS208','p2'),('WSS250','p2'),('WSS280','p2'),('WSS282','p2'),('WSS3','p2'),('WSS304','p2'),('WSS305','p2'),('WSS333','p2'),('WSS338','p2'),('WSS341','p2'),('WSS367','p2'),('WSS37','p2'),('WSS371','p2'),('WSS376','p2'),('WSS384','p2'),('WSS396','p2'),('WSS417','p2'),('WSS418','p2'),('WSS420','p2'),('WSS435','p2'),('WSS445','p2'),('WSS450','p2'),('WSS459','p2'),('WSS462','p2'),('WSS463','p2'),('WSS48','p2'),('WSS480','p2'),('WSS481','p2'),('WSS54','p2'),('WSS61','p2'),('WSS130','p20'),('WSS155','p20'),('WSS16','p20'),('WSS160','p20'),('WSS183','p20'),('WSS211','p20'),('WSS221','p20'),('WSS223','p20'),('WSS233','p20'),('WSS240','p20'),('WSS257','p20'),('WSS262','p20'),('WSS268','p20'),('WSS297','p20'),('WSS332','p20'),('WSS339','p20'),('WSS341','p20'),('WSS36','p20'),('WSS388','p20'),('WSS39','p20'),('WSS390','p20'),('WSS454','p20'),('WSS458','p20'),('WSS474','p20'),('WSS487','p20'),('WSS488','p20'),('WSS489','p20'),('WSS492','p20'),('WSS497','p20'),('WSS50','p20'),('WSS57','p20'),('WSS95','p20'),('WSS108','p21'),('WSS115','p21'),('WSS129','p21'),('WSS142','p21'),('WSS187','p21'),('WSS200','p21'),('WSS202','p21'),('WSS238','p21'),('WSS247','p21'),('WSS256','p21'),('WSS26','p21'),('WSS270','p21'),('WSS273','p21'),('WSS287','p21'),('WSS302','p21'),('WSS325','p21'),('WSS326','p21'),('WSS383','p21'),('WSS392','p21'),('WSS395','p21'),('WSS416','p21'),('WSS43','p21'),('WSS440','p21'),('WSS460','p21'),('WSS478','p21'),('WSS494','p21'),('WSS76','p21'),('WSS94','p21'),('WSS105','p22'),('WSS106','p22'),('WSS138','p22'),('WSS163','p22'),('WSS18','p22'),('WSS191','p22'),('WSS197','p22'),('WSS2','p22'),('WSS217','p22'),('WSS232','p22'),('WSS236','p22'),('WSS240','p22'),('WSS248','p22'),('WSS270','p22'),('WSS274','p22'),('WSS285','p22'),('WSS296','p22'),('WSS330','p22'),('WSS344','p22'),('WSS347','p22'),('WSS359','p22'),('WSS367','p22'),('WSS377','p22'),('WSS405','p22'),('WSS411','p22'),('WSS413','p22'),('WSS435','p22'),('WSS439','p22'),('WSS440','p22'),('WSS449','p22'),('WSS467','p22'),('WSS485','p22'),('WSS53','p22'),('WSS63','p22'),('WSS73','p22'),('WSS87','p22'),('WSS162','p23'),('WSS175','p23'),('WSS182','p23'),('WSS186','p23'),('WSS192','p23'),('WSS208','p23'),('WSS219','p23'),('WSS225','p23'),('WSS231','p23'),('WSS252','p23'),('WSS279','p23'),('WSS287','p23'),('WSS315','p23'),('WSS317','p23'),('WSS32','p23'),('WSS325','p23'),('WSS332','p23'),('WSS342','p23'),('WSS404','p23'),('WSS425','p23'),('WSS426','p23'),('WSS43','p23'),('WSS451','p23'),('WSS46','p23'),('WSS472','p23'),('WSS67','p23'),('WSS77','p23'),('WSS94','p23'),('WSS98','p23'),('WSS101','p24'),('WSS107','p24'),('WSS119','p24'),('WSS131','p24'),('WSS153','p24'),('WSS155','p24'),('WSS183','p24'),('WSS213','p24'),('WSS221','p24'),('WSS223','p24'),('WSS229','p24'),('WSS260','p24'),('WSS265','p24'),('WSS27','p24'),('WSS299','p24'),('WSS300','p24'),('WSS301','p24'),('WSS312','p24'),('WSS316','p24'),('WSS317','p24'),('WSS32','p24'),('WSS335','p24'),('WSS357','p24'),('WSS373','p24'),('WSS380','p24'),('WSS381','p24'),('WSS382','p24'),('WSS409','p24'),('WSS430','p24'),('WSS432','p24'),('WSS449','p24'),('WSS459','p24'),('WSS476','p24'),('WSS48','p24'),('WSS499','p24'),('WSS64','p24'),('WSS66','p24'),('WSS68','p24'),('WSS72','p24'),('WSS87','p24'),('WSS91','p24'),('WSS93','p24'),('WSS1','p25'),('WSS103','p25'),('WSS121','p25'),('WSS143','p25'),('WSS149','p25'),('WSS163','p25'),('WSS187','p25'),('WSS188','p25'),('WSS251','p25'),('WSS261','p25'),('WSS264','p25'),('WSS268','p25'),('WSS27','p25'),('WSS272','p25'),('WSS28','p25'),('WSS291','p25'),('WSS338','p25'),('WSS351','p25'),('WSS353','p25'),('WSS41','p25'),('WSS419','p25'),('WSS434','p25'),('WSS470','p25'),('WSS479','p25'),('WSS62','p25'),('WSS67','p25'),('WSS71','p25'),('WSS81','p25'),('WSS82','p25'),('WSS96','p25'),('WSS147','p26'),('WSS149','p26'),('WSS156','p26'),('WSS172','p26'),('WSS190','p26'),('WSS28','p26'),('WSS280','p26'),('WSS285','p26'),('WSS289','p26'),('WSS294','p26'),('WSS298','p26'),('WSS304','p26'),('WSS306','p26'),('WSS312','p26'),('WSS314','p26'),('WSS323','p26'),('WSS336','p26'),('WSS35','p26'),('WSS357','p26'),('WSS358','p26'),('WSS377','p26'),('WSS386','p26'),('WSS400','p26'),('WSS406','p26'),('WSS411','p26'),('WSS424','p26'),('WSS432','p26'),('WSS478','p26'),('WSS482','p26'),('WSS490','p26'),('WSS5','p26'),('WSS64','p26'),('WSS69','p26'),('WSS78','p26'),('WSS85','p26'),('WSS86','p26'),('WSS103','p27'),('WSS114','p27'),('WSS122','p27'),('WSS128','p27'),('WSS19','p27'),('WSS203','p27'),('WSS207','p27'),('WSS209','p27'),('WSS232','p27'),('WSS234','p27'),('WSS237','p27'),('WSS25','p27'),('WSS256','p27'),('WSS258','p27'),('WSS278','p27'),('WSS281','p27'),('WSS314','p27'),('WSS322','p27'),('WSS33','p27'),('WSS34','p27'),('WSS346','p27'),('WSS355','p27'),('WSS376','p27'),('WSS443','p27'),('WSS446','p27'),('WSS492','p27'),('WSS68','p27'),('WSS74','p27'),('WSS104','p28'),('WSS136','p28'),('WSS14','p28'),('WSS141','p28'),('WSS154','p28'),('WSS158','p28'),('WSS186','p28'),('WSS200','p28'),('WSS213','p28'),('WSS214','p28'),('WSS222','p28'),('WSS230','p28'),('WSS233','p28'),('WSS274','p28'),('WSS283','p28'),('WSS289','p28'),('WSS3','p28'),('WSS30','p28'),('WSS319','p28'),('WSS333','p28'),('WSS369','p28'),('WSS387','p28'),('WSS393','p28'),('WSS404','p28'),('WSS405','p28'),('WSS469','p28'),('WSS47','p28'),('WSS474','p28'),('WSS481','p28'),('WSS491','p28'),('WSS494','p28'),('WSS52','p28'),('WSS65','p28'),('WSS79','p28'),('WSS83','p28'),('WSS85','p28'),('WSS88','p28'),('WSS105','p29'),('WSS112','p29'),('WSS12','p29'),('WSS120','p29'),('WSS127','p29'),('WSS141','p29'),('WSS175','p29'),('WSS199','p29'),('WSS20','p29'),('WSS239','p29'),('WSS253','p29'),('WSS260','p29'),('WSS267','p29'),('WSS30','p29'),('WSS323','p29'),('WSS337','p29'),('WSS379','p29'),('WSS386','p29'),('WSS393','p29'),('WSS398','p29'),('WSS408','p29'),('WSS413','p29'),('WSS433','p29'),('WSS458','p29'),('WSS490','p29'),('WSS500','p29'),('WSS61','p29'),('WSS9','p29'),('WSS114','p3'),('WSS139','p3'),('WSS151','p3'),('WSS158','p3'),('WSS159','p3'),('WSS16','p3'),('WSS168','p3'),('WSS193','p3'),('WSS194','p3'),('WSS195','p3'),('WSS201','p3'),('WSS203','p3'),('WSS227','p3'),('WSS283','p3'),('WSS292','p3'),('WSS306','p3'),('WSS309','p3'),('WSS320','p3'),('WSS33','p3'),('WSS343','p3'),('WSS369','p3'),('WSS370','p3'),('WSS391','p3'),('WSS417','p3'),('WSS431','p3'),('WSS437','p3'),('WSS438','p3'),('WSS443','p3'),('WSS45','p3'),('WSS457','p3'),('WSS472','p3'),('WSS484','p3'),('WSS486','p3'),('WSS500','p3'),('WSS70','p3'),('WSS95','p3'),('WSS99','p3'),('WSS109','p30'),('WSS110','p30'),('WSS118','p30'),('WSS121','p30'),('WSS140','p30'),('WSS144','p30'),('WSS146','p30'),('WSS156','p30'),('WSS166','p30'),('WSS167','p30'),('WSS180','p30'),('WSS185','p30'),('WSS204','p30'),('WSS209','p30'),('WSS226','p30'),('WSS241','p30'),('WSS244','p30'),('WSS262','p30'),('WSS298','p30'),('WSS303','p30'),('WSS320','p30'),('WSS339','p30'),('WSS345','p30'),('WSS356','p30'),('WSS373','p30'),('WSS375','p30'),('WSS390','p30'),('WSS396','p30'),('WSS399','p30'),('WSS407','p30'),('WSS426','p30'),('WSS471','p30'),('WSS473','p30'),('WSS5','p30'),('WSS55','p30'),('WSS8','p30'),('WSS90','p30'),('WSS134','p4'),('WSS140','p4'),('WSS154','p4'),('WSS182','p4'),('WSS188','p4'),('WSS196','p4'),('WSS212','p4'),('WSS216','p4'),('WSS235','p4'),('WSS249','p4'),('WSS252','p4'),('WSS286','p4'),('WSS302','p4'),('WSS307','p4'),('WSS309','p4'),('WSS337','p4'),('WSS349','p4'),('WSS350','p4'),('WSS351','p4'),('WSS354','p4'),('WSS355','p4'),('WSS362','p4'),('WSS366','p4'),('WSS40','p4'),('WSS439','p4'),('WSS465','p4'),('WSS466','p4'),('WSS479','p4'),('WSS69','p4'),('WSS74','p4'),('WSS126','p5'),('WSS127','p5'),('WSS129','p5'),('WSS132','p5'),('WSS169','p5'),('WSS17','p5'),('WSS170','p5'),('WSS198','p5'),('WSS21','p5'),('WSS222','p5'),('WSS229','p5'),('WSS231','p5'),('WSS239','p5'),('WSS273','p5'),('WSS275','p5'),('WSS282','p5'),('WSS29','p5'),('WSS292','p5'),('WSS296','p5'),('WSS301','p5'),('WSS319','p5'),('WSS321','p5'),('WSS336','p5'),('WSS347','p5'),('WSS361','p5'),('WSS365','p5'),('WSS372','p5'),('WSS38','p5'),('WSS389','p5'),('WSS4','p5'),('WSS409','p5'),('WSS412','p5'),('WSS429','p5'),('WSS436','p5'),('WSS499','p5'),('WSS6','p5'),('WSS7','p5'),('WSS124','p6'),('WSS125','p6'),('WSS152','p6'),('WSS195','p6'),('WSS202','p6'),('WSS210','p6'),('WSS218','p6'),('WSS245','p6'),('WSS255','p6'),('WSS269','p6'),('WSS279','p6'),('WSS295','p6'),('WSS305','p6'),('WSS308','p6'),('WSS313','p6'),('WSS315','p6'),('WSS328','p6'),('WSS352','p6'),('WSS358','p6'),('WSS36','p6'),('WSS380','p6'),('WSS385','p6'),('WSS39','p6'),('WSS397','p6'),('WSS400','p6'),('WSS433','p6'),('WSS448','p6'),('WSS463','p6'),('WSS486','p6'),('WSS493','p6'),('WSS496','p6'),('WSS6','p6'),('WSS78','p6'),('WSS80','p6'),('WSS100','p7'),('WSS145','p7'),('WSS147','p7'),('WSS148','p7'),('WSS164','p7'),('WSS165','p7'),('WSS184','p7'),('WSS20','p7'),('WSS21','p7'),('WSS210','p7'),('WSS257','p7'),('WSS290','p7'),('WSS295','p7'),('WSS334','p7'),('WSS354','p7'),('WSS360','p7'),('WSS365','p7'),('WSS368','p7'),('WSS415','p7'),('WSS44','p7'),('WSS444','p7'),('WSS452','p7'),('WSS46','p7'),('WSS461','p7'),('WSS465','p7'),('WSS498','p7'),('WSS106','p8'),('WSS108','p8'),('WSS11','p8'),('WSS111','p8'),('WSS116','p8'),('WSS125','p8'),('WSS128','p8'),('WSS134','p8'),('WSS135','p8'),('WSS178','p8'),('WSS179','p8'),('WSS191','p8'),('WSS201','p8'),('WSS220','p8'),('WSS246','p8'),('WSS253','p8'),('WSS269','p8'),('WSS276','p8'),('WSS277','p8'),('WSS363','p8'),('WSS384','p8'),('WSS415','p8'),('WSS421','p8'),('WSS447','p8'),('WSS45','p8'),('WSS456','p8'),('WSS496','p8'),('WSS59','p8'),('WSS60','p8'),('WSS80','p8'),('WSS81','p8'),('WSS90','p8'),('WSS98','p8'),('WSS143','p9'),('WSS189','p9'),('WSS25','p9'),('WSS255','p9'),('WSS291','p9'),('WSS294','p9'),('WSS327','p9'),('WSS329','p9'),('WSS342','p9'),('WSS343','p9'),('WSS35','p9'),('WSS394','p9'),('WSS410','p9'),('WSS414','p9'),('WSS462','p9'),('WSS475','p9'),('WSS477','p9'),('WSS487','p9'),('WSS56','p9'),('WSS62','p9'),('WSS66','p9'),('WSS75','p9'),('WSS86','p9');
/*!40000 ALTER TABLE `inputparameter` ENABLE KEYS */;
UNLOCK TABLES;

--
-- Table structure for table `knowledgeforcareerpath`
--

DROP TABLE IF EXISTS `knowledgeforcareerpath`;
/*!40101 SET @saved_cs_client     = @@character_set_client */;
/*!50503 SET character_set_client = utf8mb4 */;
CREATE TABLE `knowledgeforcareerpath` (
  `careerPathID` char(4) NOT NULL,
  `knowledgeID` char(6) NOT NULL,
  PRIMARY KEY (`careerPathID`,`knowledgeID`)
) ENGINE=InnoDB DEFAULT CHARSET=latin1;
/*!40101 SET character_set_client = @saved_cs_client */;

--
-- Dumping data for table `knowledgeforcareerpath`
--

LOCK TABLES `knowledgeforcareerpath` WRITE;
/*!40000 ALTER TABLE `knowledgeforcareerpath` DISABLE KEYS */;
INSERT INTO `knowledgeforcareerpath` VALUES ('C100','k1C311'),('C100','k1C412'),('C100','k1C469'),('C100','k1C500');
/*!40000 ALTER TABLE `knowledgeforcareerpath` ENABLE KEYS */;
UNLOCK TABLES;

--
-- Table structure for table `lhs`
--

DROP TABLE IF EXISTS `lhs`;
/*!40101 SET @saved_cs_client     = @@character_set_client */;
/*!50503 SET character_set_client = utf8mb4 */;
CREATE TABLE `lhs` (
  `ruleid` int NOT NULL,
  `courseid` varchar(10) NOT NULL,
  PRIMARY KEY (`ruleid`,`courseid`)
) ENGINE=InnoDB DEFAULT CHARSET=latin1;
/*!40101 SET character_set_client = @saved_cs_client */;

--
-- Dumping data for table `lhs`
--

LOCK TABLES `lhs` WRITE;
/*!40000 ALTER TABLE `lhs` DISABLE KEYS */;
INSERT INTO `lhs` VALUES (1,'ICP006'),(2,'ICP006'),(3,'ICP006'),(4,'ICP110'),(5,'ICP110'),(6,'ICP311'),(7,'ICP006'),(7,'ICP110'),(8,'ICP006'),(8,'ICP110'),(9,'ICP006'),(9,'ICP311'),(10,'ICP110'),(10,'ICP311'),(11,'ICP006'),(11,'ICP110'),(11,'ICP311');
/*!40000 ALTER TABLE `lhs` ENABLE KEYS */;
UNLOCK TABLES;

--
-- Table structure for table `outputparameter`
--

DROP TABLE IF EXISTS `outputparameter`;
/*!40101 SET @saved_cs_client     = @@character_set_client */;
/*!50503 SET character_set_client = utf8mb4 */;
CREATE TABLE `outputparameter` (
  `webServiceID` varchar(10) NOT NULL,
  `parameterID` varchar(10) NOT NULL,
  PRIMARY KEY (`webServiceID`,`parameterID`),
  KEY `knowledgeID` (`parameterID`)
) ENGINE=InnoDB DEFAULT CHARSET=latin1;
/*!40101 SET character_set_client = @saved_cs_client */;

--
-- Dumping data for table `outputparameter`
--

LOCK TABLES `outputparameter` WRITE;
/*!40000 ALTER TABLE `outputparameter` DISABLE KEYS */;
INSERT INTO `outputparameter` VALUES ('WSS119','p1'),('WSS120','p1'),('WSS125','p1'),('WSS139','p1'),('WSS143','p1'),('WSS146','p1'),('WSS147','p1'),('WSS150','p1'),('WSS157','p1'),('WSS167','p1'),('WSS175','p1'),('WSS177','p1'),('WSS183','p1'),('WSS190','p1'),('WSS2','p1'),('WSS216','p1'),('WSS232','p1'),('WSS238','p1'),('WSS242','p1'),('WSS248','p1'),('WSS249','p1'),('WSS255','p1'),('WSS270','p1'),('WSS272','p1'),('WSS282','p1'),('WSS287','p1'),('WSS29','p1'),('WSS308','p1'),('WSS309','p1'),('WSS315','p1'),('WSS319','p1'),('WSS329','p1'),('WSS340','p1'),('WSS344','p1'),('WSS345','p1'),('WSS346','p1'),('WSS351','p1'),('WSS353','p1'),('WSS354','p1'),('WSS359','p1'),('WSS361','p1'),('WSS373','p1'),('WSS374','p1'),('WSS382','p1'),('WSS389','p1'),('WSS390','p1'),('WSS399','p1'),('WSS41','p1'),('WSS410','p1'),('WSS414','p1'),('WSS417','p1'),('WSS420','p1'),('WSS426','p1'),('WSS449','p1'),('WSS453','p1'),('WSS455','p1'),('WSS46','p1'),('WSS48','p1'),('WSS482','p1'),('WSS484','p1'),('WSS485','p1'),('WSS491','p1'),('WSS495','p1'),('WSS60','p1'),('WSS61','p1'),('WSS63','p1'),('WSS84','p1'),('WSS89','p1'),('WSS90','p1'),('WSS96','p1'),('WSS107','p10'),('WSS130','p10'),('WSS138','p10'),('WSS147','p10'),('WSS151','p10'),('WSS153','p10'),('WSS158','p10'),('WSS159','p10'),('WSS162','p10'),('WSS179','p10'),('WSS193','p10'),('WSS215','p10'),('WSS216','p10'),('WSS233','p10'),('WSS241','p10'),('WSS242','p10'),('WSS245','p10'),('WSS255','p10'),('WSS256','p10'),('WSS266','p10'),('WSS267','p10'),('WSS272','p10'),('WSS281','p10'),('WSS292','p10'),('WSS294','p10'),('WSS305','p10'),('WSS311','p10'),('WSS315','p10'),('WSS320','p10'),('WSS326','p10'),('WSS327','p10'),('WSS328','p10'),('WSS329','p10'),('WSS33','p10'),('WSS350','p10'),('WSS37','p10'),('WSS38','p10'),('WSS381','p10'),('WSS388','p10'),('WSS393','p10'),('WSS402','p10'),('WSS403','p10'),('WSS404','p10'),('WSS407','p10'),('WSS408','p10'),('WSS412','p10'),('WSS42','p10'),('WSS455','p10'),('WSS456','p10'),('WSS457','p10'),('WSS463','p10'),('WSS51','p10'),('WSS53','p10'),('WSS57','p10'),('WSS58','p10'),('WSS64','p10'),('WSS70','p10'),('WSS9','p10'),('WSS90','p10'),('WSS11','p11'),('WSS113','p11'),('WSS121','p11'),('WSS136','p11'),('WSS139','p11'),('WSS146','p11'),('WSS161','p11'),('WSS163','p11'),('WSS170','p11'),('WSS187','p11'),('WSS206','p11'),('WSS209','p11'),('WSS223','p11'),('WSS237','p11'),('WSS25','p11'),('WSS253','p11'),('WSS269','p11'),('WSS276','p11'),('WSS288','p11'),('WSS290','p11'),('WSS293','p11'),('WSS30','p11'),('WSS307','p11'),('WSS308','p11'),('WSS310','p11'),('WSS318','p11'),('WSS326','p11'),('WSS337','p11'),('WSS342','p11'),('WSS350','p11'),('WSS363','p11'),('WSS372','p11'),('WSS394','p11'),('WSS401','p11'),('WSS420','p11'),('WSS428','p11'),('WSS434','p11'),('WSS436','p11'),('WSS443','p11'),('WSS445','p11'),('WSS452','p11'),('WSS454','p11'),('WSS462','p11'),('WSS463','p11'),('WSS474','p11'),('WSS477','p11'),('WSS482','p11'),('WSS483','p11'),('WSS484','p11'),('WSS498','p11'),('WSS56','p11'),('WSS61','p11'),('WSS75','p11'),('WSS99','p11'),('WSS1','p12'),('WSS103','p12'),('WSS104','p12'),('WSS108','p12'),('WSS116','p12'),('WSS118','p12'),('WSS123','p12'),('WSS132','p12'),('WSS143','p12'),('WSS150','p12'),('WSS154','p12'),('WSS157','p12'),('WSS168','p12'),('WSS178','p12'),('WSS195','p12'),('WSS199','p12'),('WSS2','p12'),('WSS203','p12'),('WSS208','p12'),('WSS225','p12'),('WSS232','p12'),('WSS233','p12'),('WSS239','p12'),('WSS244','p12'),('WSS258','p12'),('WSS260','p12'),('WSS266','p12'),('WSS271','p12'),('WSS282','p12'),('WSS283','p12'),('WSS286','p12'),('WSS287','p12'),('WSS290','p12'),('WSS292','p12'),('WSS307','p12'),('WSS324','p12'),('WSS339','p12'),('WSS343','p12'),('WSS344','p12'),('WSS346','p12'),('WSS347','p12'),('WSS365','p12'),('WSS380','p12'),('WSS381','p12'),('WSS390','p12'),('WSS397','p12'),('WSS400','p12'),('WSS403','p12'),('WSS405','p12'),('WSS41','p12'),('WSS413','p12'),('WSS414','p12'),('WSS422','p12'),('WSS43','p12'),('WSS430','p12'),('WSS431','p12'),('WSS462','p12'),('WSS468','p12'),('WSS476','p12'),('WSS483','p12'),('WSS485','p12'),('WSS494','p12'),('WSS496','p12'),('WSS499','p12'),('WSS53','p12'),('WSS63','p12'),('WSS66','p12'),('WSS69','p12'),('WSS72','p12'),('WSS73','p12'),('WSS80','p12'),('WSS87','p12'),('WSS90','p12'),('WSS104','p13'),('WSS106','p13'),('WSS11','p13'),('WSS130','p13'),('WSS131','p13'),('WSS148','p13'),('WSS15','p13'),('WSS151','p13'),('WSS169','p13'),('WSS175','p13'),('WSS176','p13'),('WSS182','p13'),('WSS200','p13'),('WSS201','p13'),('WSS213','p13'),('WSS220','p13'),('WSS228','p13'),('WSS229','p13'),('WSS231','p13'),('WSS24','p13'),('WSS245','p13'),('WSS26','p13'),('WSS261','p13'),('WSS288','p13'),('WSS3','p13'),('WSS301','p13'),('WSS330','p13'),('WSS334','p13'),('WSS351','p13'),('WSS355','p13'),('WSS362','p13'),('WSS371','p13'),('WSS386','p13'),('WSS406','p13'),('WSS428','p13'),('WSS430','p13'),('WSS441','p13'),('WSS452','p13'),('WSS464','p13'),('WSS47','p13'),('WSS496','p13'),('WSS54','p13'),('WSS57','p13'),('WSS65','p13'),('WSS75','p13'),('WSS79','p13'),('WSS8','p13'),('WSS88','p13'),('WSS94','p13'),('WSS10','p14'),('WSS102','p14'),('WSS107','p14'),('WSS113','p14'),('WSS115','p14'),('WSS119','p14'),('WSS127','p14'),('WSS141','p14'),('WSS153','p14'),('WSS155','p14'),('WSS174','p14'),('WSS176','p14'),('WSS178','p14'),('WSS18','p14'),('WSS196','p14'),('WSS204','p14'),('WSS208','p14'),('WSS210','p14'),('WSS213','p14'),('WSS222','p14'),('WSS226','p14'),('WSS227','p14'),('WSS229','p14'),('WSS25','p14'),('WSS254','p14'),('WSS26','p14'),('WSS260','p14'),('WSS264','p14'),('WSS269','p14'),('WSS277','p14'),('WSS28','p14'),('WSS288','p14'),('WSS332','p14'),('WSS335','p14'),('WSS336','p14'),('WSS337','p14'),('WSS34','p14'),('WSS356','p14'),('WSS358','p14'),('WSS370','p14'),('WSS383','p14'),('WSS397','p14'),('WSS398','p14'),('WSS404','p14'),('WSS413','p14'),('WSS427','p14'),('WSS432','p14'),('WSS439','p14'),('WSS44','p14'),('WSS449','p14'),('WSS45','p14'),('WSS450','p14'),('WSS458','p14'),('WSS46','p14'),('WSS469','p14'),('WSS47','p14'),('WSS48','p14'),('WSS488','p14'),('WSS494','p14'),('WSS499','p14'),('WSS50','p14'),('WSS69','p14'),('WSS86','p14'),('WSS1','p15'),('WSS110','p15'),('WSS111','p15'),('WSS112','p15'),('WSS116','p15'),('WSS123','p15'),('WSS127','p15'),('WSS13','p15'),('WSS136','p15'),('WSS139','p15'),('WSS144','p15'),('WSS159','p15'),('WSS161','p15'),('WSS17','p15'),('WSS179','p15'),('WSS187','p15'),('WSS188','p15'),('WSS189','p15'),('WSS194','p15'),('WSS198','p15'),('WSS209','p15'),('WSS210','p15'),('WSS212','p15'),('WSS214','p15'),('WSS221','p15'),('WSS245','p15'),('WSS259','p15'),('WSS27','p15'),('WSS278','p15'),('WSS285','p15'),('WSS32','p15'),('WSS320','p15'),('WSS330','p15'),('WSS334','p15'),('WSS336','p15'),('WSS337','p15'),('WSS338','p15'),('WSS341','p15'),('WSS342','p15'),('WSS354','p15'),('WSS357','p15'),('WSS373','p15'),('WSS377','p15'),('WSS378','p15'),('WSS396','p15'),('WSS399','p15'),('WSS410','p15'),('WSS411','p15'),('WSS422','p15'),('WSS43','p15'),('WSS438','p15'),('WSS444','p15'),('WSS445','p15'),('WSS450','p15'),('WSS452','p15'),('WSS453','p15'),('WSS467','p15'),('WSS470','p15'),('WSS474','p15'),('WSS476','p15'),('WSS479','p15'),('WSS488','p15'),('WSS489','p15'),('WSS49','p15'),('WSS5','p15'),('WSS500','p15'),('WSS61','p15'),('WSS76','p15'),('WSS79','p15'),('WSS94','p15'),('WSS1','p16'),('WSS108','p16'),('WSS12','p16'),('WSS122','p16'),('WSS124','p16'),('WSS125','p16'),('WSS129','p16'),('WSS133','p16'),('WSS148','p16'),('WSS160','p16'),('WSS166','p16'),('WSS169','p16'),('WSS170','p16'),('WSS171','p16'),('WSS195','p16'),('WSS2','p16'),('WSS200','p16'),('WSS202','p16'),('WSS208','p16'),('WSS211','p16'),('WSS234','p16'),('WSS239','p16'),('WSS24','p16'),('WSS247','p16'),('WSS248','p16'),('WSS262','p16'),('WSS269','p16'),('WSS270','p16'),('WSS283','p16'),('WSS293','p16'),('WSS295','p16'),('WSS296','p16'),('WSS305','p16'),('WSS311','p16'),('WSS318','p16'),('WSS329','p16'),('WSS333','p16'),('WSS341','p16'),('WSS344','p16'),('WSS351','p16'),('WSS36','p16'),('WSS368','p16'),('WSS370','p16'),('WSS371','p16'),('WSS373','p16'),('WSS385','p16'),('WSS392','p16'),('WSS396','p16'),('WSS397','p16'),('WSS407','p16'),('WSS409','p16'),('WSS414','p16'),('WSS416','p16'),('WSS419','p16'),('WSS43','p16'),('WSS430','p16'),('WSS440','p16'),('WSS455','p16'),('WSS456','p16'),('WSS458','p16'),('WSS46','p16'),('WSS464','p16'),('WSS472','p16'),('WSS493','p16'),('WSS500','p16'),('WSS52','p16'),('WSS54','p16'),('WSS56','p16'),('WSS59','p16'),('WSS6','p16'),('WSS60','p16'),('WSS62','p16'),('WSS69','p16'),('WSS74','p16'),('WSS76','p16'),('WSS83','p16'),('WSS93','p16'),('WSS101','p17'),('WSS107','p17'),('WSS108','p17'),('WSS120','p17'),('WSS129','p17'),('WSS13','p17'),('WSS131','p17'),('WSS140','p17'),('WSS148','p17'),('WSS15','p17'),('WSS18','p17'),('WSS185','p17'),('WSS187','p17'),('WSS188','p17'),('WSS19','p17'),('WSS192','p17'),('WSS193','p17'),('WSS202','p17'),('WSS203','p17'),('WSS205','p17'),('WSS212','p17'),('WSS214','p17'),('WSS216','p17'),('WSS219','p17'),('WSS22','p17'),('WSS226','p17'),('WSS227','p17'),('WSS228','p17'),('WSS231','p17'),('WSS239','p17'),('WSS242','p17'),('WSS243','p17'),('WSS244','p17'),('WSS247','p17'),('WSS25','p17'),('WSS257','p17'),('WSS273','p17'),('WSS296','p17'),('WSS300','p17'),('WSS302','p17'),('WSS31','p17'),('WSS315','p17'),('WSS317','p17'),('WSS330','p17'),('WSS343','p17'),('WSS347','p17'),('WSS358','p17'),('WSS359','p17'),('WSS361','p17'),('WSS366','p17'),('WSS372','p17'),('WSS380','p17'),('WSS391','p17'),('WSS392','p17'),('WSS411','p17'),('WSS414','p17'),('WSS428','p17'),('WSS431','p17'),('WSS44','p17'),('WSS440','p17'),('WSS442','p17'),('WSS45','p17'),('WSS465','p17'),('WSS473','p17'),('WSS479','p17'),('WSS482','p17'),('WSS497','p17'),('WSS66','p17'),('WSS81','p17'),('WSS82','p17'),('WSS83','p17'),('WSS9','p17'),('WSS92','p17'),('WSS95','p17'),('WSS10','p18'),('WSS100','p18'),('WSS103','p18'),('WSS105','p18'),('WSS107','p18'),('WSS118','p18'),('WSS122','p18'),('WSS127','p18'),('WSS133','p18'),('WSS140','p18'),('WSS16','p18'),('WSS169','p18'),('WSS170','p18'),('WSS172','p18'),('WSS176','p18'),('WSS184','p18'),('WSS187','p18'),('WSS19','p18'),('WSS196','p18'),('WSS203','p18'),('WSS218','p18'),('WSS222','p18'),('WSS225','p18'),('WSS243','p18'),('WSS248','p18'),('WSS249','p18'),('WSS251','p18'),('WSS253','p18'),('WSS257','p18'),('WSS264','p18'),('WSS271','p18'),('WSS290','p18'),('WSS291','p18'),('WSS30','p18'),('WSS302','p18'),('WSS309','p18'),('WSS316','p18'),('WSS317','p18'),('WSS320','p18'),('WSS325','p18'),('WSS326','p18'),('WSS35','p18'),('WSS36','p18'),('WSS360','p18'),('WSS363','p18'),('WSS365','p18'),('WSS370','p18'),('WSS375','p18'),('WSS383','p18'),('WSS385','p18'),('WSS388','p18'),('WSS394','p18'),('WSS4','p18'),('WSS415','p18'),('WSS416','p18'),('WSS417','p18'),('WSS429','p18'),('WSS43','p18'),('WSS439','p18'),('WSS442','p18'),('WSS443','p18'),('WSS454','p18'),('WSS459','p18'),('WSS472','p18'),('WSS481','p18'),('WSS59','p18'),('WSS69','p18'),('WSS74','p18'),('WSS81','p18'),('WSS84','p18'),('WSS89','p18'),('WSS9','p18'),('WSS104','p19'),('WSS110','p19'),('WSS120','p19'),('WSS122','p19'),('WSS126','p19'),('WSS13','p19'),('WSS131','p19'),('WSS132','p19'),('WSS137','p19'),('WSS14','p19'),('WSS140','p19'),('WSS141','p19'),('WSS148','p19'),('WSS152','p19'),('WSS156','p19'),('WSS166','p19'),('WSS167','p19'),('WSS181','p19'),('WSS206','p19'),('WSS21','p19'),('WSS213','p19'),('WSS214','p19'),('WSS217','p19'),('WSS227','p19'),('WSS230','p19'),('WSS234','p19'),('WSS235','p19'),('WSS248','p19'),('WSS251','p19'),('WSS255','p19'),('WSS256','p19'),('WSS258','p19'),('WSS259','p19'),('WSS260','p19'),('WSS267','p19'),('WSS270','p19'),('WSS274','p19'),('WSS280','p19'),('WSS297','p19'),('WSS299','p19'),('WSS3','p19'),('WSS303','p19'),('WSS306','p19'),('WSS312','p19'),('WSS323','p19'),('WSS328','p19'),('WSS331','p19'),('WSS333','p19'),('WSS337','p19'),('WSS342','p19'),('WSS357','p19'),('WSS364','p19'),('WSS38','p19'),('WSS384','p19'),('WSS387','p19'),('WSS4','p19'),('WSS401','p19'),('WSS407','p19'),('WSS408','p19'),('WSS418','p19'),('WSS419','p19'),('WSS421','p19'),('WSS429','p19'),('WSS439','p19'),('WSS448','p19'),('WSS450','p19'),('WSS460','p19'),('WSS464','p19'),('WSS465','p19'),('WSS472','p19'),('WSS486','p19'),('WSS491','p19'),('WSS492','p19'),('WSS52','p19'),('WSS62','p19'),('WSS63','p19'),('WSS65','p19'),('WSS73','p19'),('WSS77','p19'),('WSS86','p19'),('WSS9','p19'),('WSS114','p2'),('WSS116','p2'),('WSS130','p2'),('WSS134','p2'),('WSS135','p2'),('WSS137','p2'),('WSS146','p2'),('WSS168','p2'),('WSS177','p2'),('WSS178','p2'),('WSS180','p2'),('WSS238','p2'),('WSS245','p2'),('WSS246','p2'),('WSS247','p2'),('WSS249','p2'),('WSS252','p2'),('WSS271','p2'),('WSS277','p2'),('WSS278','p2'),('WSS28','p2'),('WSS293','p2'),('WSS314','p2'),('WSS323','p2'),('WSS334','p2'),('WSS335','p2'),('WSS347','p2'),('WSS348','p2'),('WSS357','p2'),('WSS382','p2'),('WSS384','p2'),('WSS391','p2'),('WSS395','p2'),('WSS402','p2'),('WSS407','p2'),('WSS415','p2'),('WSS422','p2'),('WSS433','p2'),('WSS444','p2'),('WSS449','p2'),('WSS45','p2'),('WSS460','p2'),('WSS461','p2'),('WSS463','p2'),('WSS466','p2'),('WSS471','p2'),('WSS489','p2'),('WSS500','p2'),('WSS76','p2'),('WSS82','p2'),('WSS91','p2'),('WSS111','p20'),('WSS117','p20'),('WSS129','p20'),('WSS136','p20'),('WSS139','p20'),('WSS141','p20'),('WSS142','p20'),('WSS143','p20'),('WSS158','p20'),('WSS162','p20'),('WSS17','p20'),('WSS173','p20'),('WSS174','p20'),('WSS177','p20'),('WSS178','p20'),('WSS191','p20'),('WSS197','p20'),('WSS199','p20'),('WSS212','p20'),('WSS22','p20'),('WSS23','p20'),('WSS236','p20'),('WSS243','p20'),('WSS263','p20'),('WSS267','p20'),('WSS268','p20'),('WSS298','p20'),('WSS30','p20'),('WSS301','p20'),('WSS331','p20'),('WSS333','p20'),('WSS339','p20'),('WSS340','p20'),('WSS341','p20'),('WSS36','p20'),('WSS366','p20'),('WSS371','p20'),('WSS378','p20'),('WSS383','p20'),('WSS384','p20'),('WSS394','p20'),('WSS40','p20'),('WSS400','p20'),('WSS42','p20'),('WSS423','p20'),('WSS436','p20'),('WSS437','p20'),('WSS446','p20'),('WSS447','p20'),('WSS465','p20'),('WSS472','p20'),('WSS477','p20'),('WSS479','p20'),('WSS48','p20'),('WSS498','p20'),('WSS59','p20'),('WSS73','p20'),('WSS77','p20'),('WSS80','p20'),('WSS93','p20'),('WSS96','p20'),('WSS98','p20'),('WSS13','p21'),('WSS137','p21'),('WSS138','p21'),('WSS145','p21'),('WSS163','p21'),('WSS165','p21'),('WSS189','p21'),('WSS19','p21'),('WSS199','p21'),('WSS20','p21'),('WSS207','p21'),('WSS21','p21'),('WSS217','p21'),('WSS221','p21'),('WSS225','p21'),('WSS23','p21'),('WSS230','p21'),('WSS239','p21'),('WSS246','p21'),('WSS250','p21'),('WSS254','p21'),('WSS284','p21'),('WSS302','p21'),('WSS306','p21'),('WSS312','p21'),('WSS314','p21'),('WSS317','p21'),('WSS318','p21'),('WSS32','p21'),('WSS323','p21'),('WSS328','p21'),('WSS34','p21'),('WSS342','p21'),('WSS382','p21'),('WSS394','p21'),('WSS395','p21'),('WSS398','p21'),('WSS424','p21'),('WSS434','p21'),('WSS435','p21'),('WSS438','p21'),('WSS449','p21'),('WSS452','p21'),('WSS453','p21'),('WSS462','p21'),('WSS467','p21'),('WSS469','p21'),('WSS471','p21'),('WSS478','p21'),('WSS483','p21'),('WSS490','p21'),('WSS497','p21'),('WSS500','p21'),('WSS51','p21'),('WSS7','p21'),('WSS77','p21'),('WSS8','p21'),('WSS86','p21'),('WSS1','p22'),('WSS126','p22'),('WSS129','p22'),('WSS143','p22'),('WSS155','p22'),('WSS156','p22'),('WSS159','p22'),('WSS161','p22'),('WSS179','p22'),('WSS18','p22'),('WSS183','p22'),('WSS195','p22'),('WSS197','p22'),('WSS205','p22'),('WSS212','p22'),('WSS231','p22'),('WSS235','p22'),('WSS250','p22'),('WSS280','p22'),('WSS281','p22'),('WSS282','p22'),('WSS284','p22'),('WSS294','p22'),('WSS299','p22'),('WSS309','p22'),('WSS310','p22'),('WSS313','p22'),('WSS321','p22'),('WSS327','p22'),('WSS343','p22'),('WSS357','p22'),('WSS367','p22'),('WSS39','p22'),('WSS398','p22'),('WSS404','p22'),('WSS405','p22'),('WSS406','p22'),('WSS409','p22'),('WSS422','p22'),('WSS427','p22'),('WSS428','p22'),('WSS432','p22'),('WSS433','p22'),('WSS437','p22'),('WSS438','p22'),('WSS443','p22'),('WSS444','p22'),('WSS456','p22'),('WSS457','p22'),('WSS47','p22'),('WSS475','p22'),('WSS486','p22'),('WSS491','p22'),('WSS5','p22'),('WSS62','p22'),('WSS70','p22'),('WSS73','p22'),('WSS78','p22'),('WSS82','p22'),('WSS85','p22'),('WSS92','p22'),('WSS106','p23'),('WSS111','p23'),('WSS115','p23'),('WSS119','p23'),('WSS123','p23'),('WSS15','p23'),('WSS151','p23'),('WSS155','p23'),('WSS160','p23'),('WSS182','p23'),('WSS184','p23'),('WSS20','p23'),('WSS200','p23'),('WSS209','p23'),('WSS217','p23'),('WSS220','p23'),('WSS223','p23'),('WSS235','p23'),('WSS26','p23'),('WSS261','p23'),('WSS27','p23'),('WSS272','p23'),('WSS274','p23'),('WSS276','p23'),('WSS298','p23'),('WSS3','p23'),('WSS312','p23'),('WSS315','p23'),('WSS333','p23'),('WSS335','p23'),('WSS338','p23'),('WSS340','p23'),('WSS35','p23'),('WSS351','p23'),('WSS353','p23'),('WSS369','p23'),('WSS380','p23'),('WSS382','p23'),('WSS396','p23'),('WSS4','p23'),('WSS415','p23'),('WSS417','p23'),('WSS419','p23'),('WSS421','p23'),('WSS425','p23'),('WSS431','p23'),('WSS433','p23'),('WSS457','p23'),('WSS460','p23'),('WSS47','p23'),('WSS470','p23'),('WSS471','p23'),('WSS474','p23'),('WSS479','p23'),('WSS48','p23'),('WSS483','p23'),('WSS484','p23'),('WSS496','p23'),('WSS497','p23'),('WSS498','p23'),('WSS499','p23'),('WSS5','p23'),('WSS62','p23'),('WSS65','p23'),('WSS75','p23'),('WSS87','p23'),('WSS88','p23'),('WSS93','p23'),('WSS95','p23'),('WSS97','p23'),('WSS102','p24'),('WSS111','p24'),('WSS116','p24'),('WSS132','p24'),('WSS149','p24'),('WSS173','p24'),('WSS176','p24'),('WSS179','p24'),('WSS183','p24'),('WSS188','p24'),('WSS191','p24'),('WSS194','p24'),('WSS195','p24'),('WSS196','p24'),('WSS204','p24'),('WSS224','p24'),('WSS233','p24'),('WSS236','p24'),('WSS238','p24'),('WSS28','p24'),('WSS280','p24'),('WSS307','p24'),('WSS316','p24'),('WSS327','p24'),('WSS335','p24'),('WSS349','p24'),('WSS37','p24'),('WSS370','p24'),('WSS387','p24'),('WSS391','p24'),('WSS40','p24'),('WSS400','p24'),('WSS404','p24'),('WSS406','p24'),('WSS41','p24'),('WSS42','p24'),('WSS420','p24'),('WSS424','p24'),('WSS429','p24'),('WSS435','p24'),('WSS437','p24'),('WSS441','p24'),('WSS444','p24'),('WSS457','p24'),('WSS461','p24'),('WSS470','p24'),('WSS480','p24'),('WSS488','p24'),('WSS492','p24'),('WSS493','p24'),('WSS495','p24'),('WSS56','p24'),('WSS80','p24'),('WSS85','p24'),('WSS105','p25'),('WSS120','p25'),('WSS125','p25'),('WSS135','p25'),('WSS142','p25'),('WSS146','p25'),('WSS153','p25'),('WSS171','p25'),('WSS180','p25'),('WSS184','p25'),('WSS186','p25'),('WSS19','p25'),('WSS190','p25'),('WSS197','p25'),('WSS20','p25'),('WSS201','p25'),('WSS206','p25'),('WSS23','p25'),('WSS237','p25'),('WSS250','p25'),('WSS253','p25'),('WSS259','p25'),('WSS264','p25'),('WSS277','p25'),('WSS278','p25'),('WSS282','p25'),('WSS284','p25'),('WSS289','p25'),('WSS304','p25'),('WSS31','p25'),('WSS313','p25'),('WSS314','p25'),('WSS316','p25'),('WSS322','p25'),('WSS332','p25'),('WSS338','p25'),('WSS348','p25'),('WSS35','p25'),('WSS355','p25'),('WSS360','p25'),('WSS369','p25'),('WSS375','p25'),('WSS378','p25'),('WSS383','p25'),('WSS39','p25'),('WSS397','p25'),('WSS408','p25'),('WSS41','p25'),('WSS421','p25'),('WSS425','p25'),('WSS440','p25'),('WSS458','p25'),('WSS473','p25'),('WSS474','p25'),('WSS475','p25'),('WSS478','p25'),('WSS480','p25'),('WSS481','p25'),('WSS490','p25'),('WSS58','p25'),('WSS64','p25'),('WSS67','p25'),('WSS71','p25'),('WSS72','p25'),('WSS76','p25'),('WSS99','p25'),('WSS115','p26'),('WSS134','p26'),('WSS138','p26'),('WSS14','p26'),('WSS167','p26'),('WSS189','p26'),('WSS193','p26'),('WSS209','p26'),('WSS218','p26'),('WSS22','p26'),('WSS220','p26'),('WSS226','p26'),('WSS23','p26'),('WSS249','p26'),('WSS252','p26'),('WSS258','p26'),('WSS262','p26'),('WSS268','p26'),('WSS273','p26'),('WSS274','p26'),('WSS276','p26'),('WSS291','p26'),('WSS294','p26'),('WSS295','p26'),('WSS33','p26'),('WSS330','p26'),('WSS336','p26'),('WSS343','p26'),('WSS344','p26'),('WSS352','p26'),('WSS354','p26'),('WSS375','p26'),('WSS377','p26'),('WSS389','p26'),('WSS427','p26'),('WSS434','p26'),('WSS435','p26'),('WSS436','p26'),('WSS439','p26'),('WSS44','p26'),('WSS462','p26'),('WSS468','p26'),('WSS49','p26'),('WSS490','p26'),('WSS493','p26'),('WSS64','p26'),('WSS65','p26'),('WSS66','p26'),('WSS82','p26'),('WSS83','p26'),('WSS87','p26'),('WSS104','p27'),('WSS105','p27'),('WSS108','p27'),('WSS110','p27'),('WSS12','p27'),('WSS142','p27'),('WSS144','p27'),('WSS147','p27'),('WSS166','p27'),('WSS17','p27'),('WSS172','p27'),('WSS174','p27'),('WSS192','p27'),('WSS205','p27'),('WSS24','p27'),('WSS240','p27'),('WSS243','p27'),('WSS246','p27'),('WSS256','p27'),('WSS267','p27'),('WSS273','p27'),('WSS275','p27'),('WSS279','p27'),('WSS285','p27'),('WSS286','p27'),('WSS289','p27'),('WSS29','p27'),('WSS295','p27'),('WSS301','p27'),('WSS302','p27'),('WSS332','p27'),('WSS339','p27'),('WSS345','p27'),('WSS352','p27'),('WSS356','p27'),('WSS364','p27'),('WSS366','p27'),('WSS367','p27'),('WSS389','p27'),('WSS403','p27'),('WSS412','p27'),('WSS424','p27'),('WSS426','p27'),('WSS451','p27'),('WSS464','p27'),('WSS466','p27'),('WSS468','p27'),('WSS480','p27'),('WSS481','p27'),('WSS487','p27'),('WSS488','p27'),('WSS51','p27'),('WSS55','p27'),('WSS57','p27'),('WSS63','p27'),('WSS68','p27'),('WSS7','p27'),('WSS103','p28'),('WSS109','p28'),('WSS113','p28'),('WSS121','p28'),('WSS126','p28'),('WSS134','p28'),('WSS145','p28'),('WSS151','p28'),('WSS160','p28'),('WSS161','p28'),('WSS163','p28'),('WSS175','p28'),('WSS181','p28'),('WSS185','p28'),('WSS186','p28'),('WSS191','p28'),('WSS205','p28'),('WSS216','p28'),('WSS220','p28'),('WSS232','p28'),('WSS25','p28'),('WSS257','p28'),('WSS261','p28'),('WSS265','p28'),('WSS272','p28'),('WSS28','p28'),('WSS281','p28'),('WSS29','p28'),('WSS297','p28'),('WSS299','p28'),('WSS304','p28'),('WSS312','p28'),('WSS321','p28'),('WSS322','p28'),('WSS329','p28'),('WSS338','p28'),('WSS340','p28'),('WSS352','p28'),('WSS353','p28'),('WSS358','p28'),('WSS362','p28'),('WSS369','p28'),('WSS390','p28'),('WSS399','p28'),('WSS405','p28'),('WSS409','p28'),('WSS416','p28'),('WSS420','p28'),('WSS447','p28'),('WSS448','p28'),('WSS45','p28'),('WSS459','p28'),('WSS461','p28'),('WSS463','p28'),('WSS466','p28'),('WSS475','p28'),('WSS476','p28'),('WSS477','p28'),('WSS485','p28'),('WSS486','p28'),('WSS5','p28'),('WSS50','p28'),('WSS58','p28'),('WSS7','p28'),('WSS70','p28'),('WSS90','p28'),('WSS93','p28'),('WSS99','p28'),('WSS10','p29'),('WSS109','p29'),('WSS110','p29'),('WSS113','p29'),('WSS117','p29'),('WSS118','p29'),('WSS121','p29'),('WSS123','p29'),('WSS144','p29'),('WSS149','p29'),('WSS150','p29'),('WSS152','p29'),('WSS154','p29'),('WSS155','p29'),('WSS169','p29'),('WSS171','p29'),('WSS180','p29'),('WSS182','p29'),('WSS2','p29'),('WSS215','p29'),('WSS22','p29'),('WSS223','p29'),('WSS225','p29'),('WSS238','p29'),('WSS240','p29'),('WSS251','p29'),('WSS259','p29'),('WSS265','p29'),('WSS266','p29'),('WSS274','p29'),('WSS275','p29'),('WSS283','p29'),('WSS295','p29'),('WSS300','p29'),('WSS316','p29'),('WSS319','p29'),('WSS321','p29'),('WSS324','p29'),('WSS345','p29'),('WSS356','p29'),('WSS366','p29'),('WSS376','p29'),('WSS39','p29'),('WSS396','p29'),('WSS398','p29'),('WSS401','p29'),('WSS411','p29'),('WSS42','p29'),('WSS426','p29'),('WSS432','p29'),('WSS436','p29'),('WSS442','p29'),('WSS445','p29'),('WSS446','p29'),('WSS458','p29'),('WSS469','p29'),('WSS471','p29'),('WSS52','p29'),('WSS53','p29'),('WSS56','p29'),('WSS68','p29'),('WSS71','p29'),('WSS78','p29'),('WSS92','p29'),('WSS96','p29'),('WSS97','p29'),('WSS101','p3'),('WSS112','p3'),('WSS114','p3'),('WSS117','p3'),('WSS125','p3'),('WSS141','p3'),('WSS157','p3'),('WSS166','p3'),('WSS168','p3'),('WSS185','p3'),('WSS192','p3'),('WSS199','p3'),('WSS206','p3'),('WSS219','p3'),('WSS221','p3'),('WSS222','p3'),('WSS226','p3'),('WSS227','p3'),('WSS237','p3'),('WSS241','p3'),('WSS254','p3'),('WSS260','p3'),('WSS27','p3'),('WSS277','p3'),('WSS285','p3'),('WSS287','p3'),('WSS296','p3'),('WSS301','p3'),('WSS31','p3'),('WSS310','p3'),('WSS317','p3'),('WSS328','p3'),('WSS341','p3'),('WSS347','p3'),('WSS349','p3'),('WSS354','p3'),('WSS355','p3'),('WSS367','p3'),('WSS368','p3'),('WSS385','p3'),('WSS388','p3'),('WSS393','p3'),('WSS395','p3'),('WSS399','p3'),('WSS412','p3'),('WSS417','p3'),('WSS418','p3'),('WSS425','p3'),('WSS467','p3'),('WSS476','p3'),('WSS482','p3'),('WSS484','p3'),('WSS49','p3'),('WSS493','p3'),('WSS494','p3'),('WSS6','p3'),('WSS70','p3'),('WSS72','p3'),('WSS8','p3'),('WSS81','p3'),('WSS86','p3'),('WSS91','p3'),('WSS92','p3'),('WSS96','p3'),('WSS100','p30'),('WSS101','p30'),('WSS114','p30'),('WSS117','p30'),('WSS12','p30'),('WSS121','p30'),('WSS154','p30'),('WSS158','p30'),('WSS164','p30'),('WSS177','p30'),('WSS182','p30'),('WSS193','p30'),('WSS201','p30'),('WSS207','p30'),('WSS218','p30'),('WSS224','p30'),('WSS233','p30'),('WSS234','p30'),('WSS236','p30'),('WSS240','p30'),('WSS250','p30'),('WSS254','p30'),('WSS263','p30'),('WSS264','p30'),('WSS265','p30'),('WSS269','p30'),('WSS271','p30'),('WSS273','p30'),('WSS283','p30'),('WSS293','p30'),('WSS308','p30'),('WSS324','p30'),('WSS325','p30'),('WSS33','p30'),('WSS34','p30'),('WSS346','p30'),('WSS349','p30'),('WSS35','p30'),('WSS359','p30'),('WSS361','p30'),('WSS362','p30'),('WSS368','p30'),('WSS37','p30'),('WSS371','p30'),('WSS374','p30'),('WSS378','p30'),('WSS379','p30'),('WSS38','p30'),('WSS401','p30'),('WSS413','p30'),('WSS441','p30'),('WSS446','p30'),('WSS454','p30'),('WSS456','p30'),('WSS465','p30'),('WSS466','p30'),('WSS473','p30'),('WSS480','p30'),('WSS487','p30'),('WSS498','p30'),('WSS50','p30'),('WSS53','p30'),('WSS60','p30'),('WSS71','p30'),('WSS74','p30'),('WSS79','p30'),('WSS84','p30'),('WSS91','p30'),('WSS95','p30'),('WSS97','p30'),('WSS103','p4'),('WSS124','p4'),('WSS135','p4'),('WSS144','p4'),('WSS150','p4'),('WSS156','p4'),('WSS180','p4'),('WSS198','p4'),('WSS204','p4'),('WSS211','p4'),('WSS218','p4'),('WSS221','p4'),('WSS232','p4'),('WSS235','p4'),('WSS24','p4'),('WSS251','p4'),('WSS253','p4'),('WSS287','p4'),('WSS291','p4'),('WSS32','p4'),('WSS331','p4'),('WSS336','p4'),('WSS349','p4'),('WSS352','p4'),('WSS359','p4'),('WSS362','p4'),('WSS364','p4'),('WSS365','p4'),('WSS368','p4'),('WSS377','p4'),('WSS379','p4'),('WSS384','p4'),('WSS385','p4'),('WSS390','p4'),('WSS393','p4'),('WSS418','p4'),('WSS424','p4'),('WSS442','p4'),('WSS453','p4'),('WSS459','p4'),('WSS460','p4'),('WSS485','p4'),('WSS496','p4'),('WSS54','p4'),('WSS6','p4'),('WSS61','p4'),('WSS67','p4'),('WSS89','p4'),('WSS100','p5'),('WSS101','p5'),('WSS102','p5'),('WSS11','p5'),('WSS112','p5'),('WSS119','p5'),('WSS122','p5'),('WSS128','p5'),('WSS131','p5'),('WSS132','p5'),('WSS14','p5'),('WSS140','p5'),('WSS145','p5'),('WSS149','p5'),('WSS152','p5'),('WSS16','p5'),('WSS162','p5'),('WSS165','p5'),('WSS167','p5'),('WSS171','p5'),('WSS172','p5'),('WSS173','p5'),('WSS175','p5'),('WSS181','p5'),('WSS186','p5'),('WSS194','p5'),('WSS198','p5'),('WSS202','p5'),('WSS210','p5'),('WSS213','p5'),('WSS217','p5'),('WSS228','p5'),('WSS234','p5'),('WSS237','p5'),('WSS240','p5'),('WSS244','p5'),('WSS258','p5'),('WSS261','p5'),('WSS265','p5'),('WSS266','p5'),('WSS27','p5'),('WSS270','p5'),('WSS278','p5'),('WSS279','p5'),('WSS280','p5'),('WSS285','p5'),('WSS286','p5'),('WSS29','p5'),('WSS291','p5'),('WSS298','p5'),('WSS303','p5'),('WSS305','p5'),('WSS314','p5'),('WSS32','p5'),('WSS334','p5'),('WSS350','p5'),('WSS363','p5'),('WSS369','p5'),('WSS372','p5'),('WSS374','p5'),('WSS377','p5'),('WSS386','p5'),('WSS391','p5'),('WSS416','p5'),('WSS423','p5'),('WSS430','p5'),('WSS435','p5'),('WSS438','p5'),('WSS440','p5'),('WSS448','p5'),('WSS451','p5'),('WSS461','p5'),('WSS469','p5'),('WSS481','p5'),('WSS489','p5'),('WSS490','p5'),('WSS492','p5'),('WSS52','p5'),('WSS55','p5'),('WSS58','p5'),('WSS67','p5'),('WSS80','p5'),('WSS85','p5'),('WSS88','p5'),('WSS95','p5'),('WSS98','p5'),('WSS112','p6'),('WSS128','p6'),('WSS133','p6'),('WSS136','p6'),('WSS154','p6'),('WSS156','p6'),('WSS164','p6'),('WSS17','p6'),('WSS170','p6'),('WSS20','p6'),('WSS207','p6'),('WSS224','p6'),('WSS229','p6'),('WSS230','p6'),('WSS241','p6'),('WSS252','p6'),('WSS257','p6'),('WSS26','p6'),('WSS262','p6'),('WSS275','p6'),('WSS286','p6'),('WSS288','p6'),('WSS289','p6'),('WSS299','p6'),('WSS300','p6'),('WSS31','p6'),('WSS311','p6'),('WSS313','p6'),('WSS318','p6'),('WSS320','p6'),('WSS327','p6'),('WSS332','p6'),('WSS355','p6'),('WSS360','p6'),('WSS361','p6'),('WSS37','p6'),('WSS372','p6'),('WSS379','p6'),('WSS381','p6'),('WSS389','p6'),('WSS406','p6'),('WSS410','p6'),('WSS419','p6'),('WSS423','p6'),('WSS426','p6'),('WSS427','p6'),('WSS433','p6'),('WSS443','p6'),('WSS445','p6'),('WSS447','p6'),('WSS448','p6'),('WSS467','p6'),('WSS478','p6'),('WSS487','p6'),('WSS494','p6'),('WSS54','p6'),('WSS59','p6'),('WSS64','p6'),('WSS66','p6'),('WSS68','p6'),('WSS71','p6'),('WSS74','p6'),('WSS78','p6'),('WSS84','p6'),('WSS98','p6'),('WSS102','p7'),('WSS126','p7'),('WSS134','p7'),('WSS15','p7'),('WSS157','p7'),('WSS158','p7'),('WSS165','p7'),('WSS173','p7'),('WSS190','p7'),('WSS192','p7'),('WSS203','p7'),('WSS211','p7'),('WSS215','p7'),('WSS222','p7'),('WSS236','p7'),('WSS255','p7'),('WSS263','p7'),('WSS268','p7'),('WSS297','p7'),('WSS303','p7'),('WSS304','p7'),('WSS306','p7'),('WSS309','p7'),('WSS321','p7'),('WSS325','p7'),('WSS34','p7'),('WSS348','p7'),('WSS356','p7'),('WSS358','p7'),('WSS364','p7'),('WSS376','p7'),('WSS386','p7'),('WSS388','p7'),('WSS40','p7'),('WSS411','p7'),('WSS418','p7'),('WSS423','p7'),('WSS432','p7'),('WSS486','p7'),('WSS491','p7'),('WSS57','p7'),('WSS60','p7'),('WSS78','p7'),('WSS106','p8'),('WSS127','p8'),('WSS128','p8'),('WSS133','p8'),('WSS14','p8'),('WSS16','p8'),('WSS183','p8'),('WSS197','p8'),('WSS201','p8'),('WSS202','p8'),('WSS21','p8'),('WSS211','p8'),('WSS215','p8'),('WSS228','p8'),('WSS242','p8'),('WSS246','p8'),('WSS262','p8'),('WSS263','p8'),('WSS276','p8'),('WSS279','p8'),('WSS281','p8'),('WSS289','p8'),('WSS290','p8'),('WSS307','p8'),('WSS310','p8'),('WSS319','p8'),('WSS322','p8'),('WSS325','p8'),('WSS33','p8'),('WSS339','p8'),('WSS353','p8'),('WSS380','p8'),('WSS40','p8'),('WSS403','p8'),('WSS410','p8'),('WSS412','p8'),('WSS421','p8'),('WSS431','p8'),('WSS446','p8'),('WSS447','p8'),('WSS455','p8'),('WSS46','p8'),('WSS470','p8'),('WSS473','p8'),('WSS489','p8'),('WSS49','p8'),('WSS497','p8'),('WSS6','p8'),('WSS7','p8'),('WSS87','p8'),('WSS94','p8'),('WSS98','p8'),('WSS99','p8'),('WSS100','p9'),('WSS105','p9'),('WSS106','p9'),('WSS109','p9'),('WSS118','p9'),('WSS12','p9'),('WSS135','p9'),('WSS138','p9'),('WSS145','p9'),('WSS147','p9'),('WSS149','p9'),('WSS153','p9'),('WSS16','p9'),('WSS160','p9'),('WSS164','p9'),('WSS168','p9'),('WSS172','p9'),('WSS18','p9'),('WSS181','p9'),('WSS185','p9'),('WSS190','p9'),('WSS194','p9'),('WSS204','p9'),('WSS207','p9'),('WSS21','p9'),('WSS210','p9'),('WSS219','p9'),('WSS224','p9'),('WSS230','p9'),('WSS244','p9'),('WSS247','p9'),('WSS275','p9'),('WSS279','p9'),('WSS292','p9'),('WSS3','p9'),('WSS303','p9'),('WSS304','p9'),('WSS305','p9'),('WSS308','p9'),('WSS319','p9'),('WSS322','p9'),('WSS326','p9'),('WSS348','p9'),('WSS365','p9'),('WSS367','p9'),('WSS374','p9'),('WSS375','p9'),('WSS376','p9'),('WSS386','p9'),('WSS387','p9'),('WSS39','p9'),('WSS392','p9'),('WSS400','p9'),('WSS413','p9'),('WSS429','p9'),('WSS434','p9'),('WSS437','p9'),('WSS44','p9'),('WSS441','p9'),('WSS450','p9'),('WSS451','p9'),('WSS475','p9'),('WSS477','p9'),('WSS495','p9'),('WSS55','p9'),('WSS67','p9'),('WSS68','p9'),('WSS75','p9'),('WSS77','p9'),('WSS79','p9'),('WSS97','p9');
/*!40000 ALTER TABLE `outputparameter` ENABLE KEYS */;
UNLOCK TABLES;

--
-- Table structure for table `parameterhierarchy`
--

DROP TABLE IF EXISTS `parameterhierarchy`;
/*!40101 SET @saved_cs_client     = @@character_set_client */;
/*!50503 SET character_set_client = utf8mb4 */;
CREATE TABLE `parameterhierarchy` (
  `parentParameterID` varchar(10) NOT NULL,
  `childParameterID` varchar(10) NOT NULL,
  PRIMARY KEY (`parentParameterID`,`childParameterID`)
) ENGINE=InnoDB DEFAULT CHARSET=latin1;
/*!40101 SET character_set_client = @saved_cs_client */;

--
-- Dumping data for table `parameterhierarchy`
--

LOCK TABLES `parameterhierarchy` WRITE;
/*!40000 ALTER TABLE `parameterhierarchy` DISABLE KEYS */;
/*!40000 ALTER TABLE `parameterhierarchy` ENABLE KEYS */;
UNLOCK TABLES;

--
-- Table structure for table `parameterlist`
--

DROP TABLE IF EXISTS `parameterlist`;
/*!40101 SET @saved_cs_client     = @@character_set_client */;
/*!50503 SET character_set_client = utf8mb4 */;
CREATE TABLE `parameterlist` (
  `parameterID` varchar(10) NOT NULL,
  `parameterName` varchar(100) DEFAULT NULL,
  PRIMARY KEY (`parameterID`)
) ENGINE=InnoDB DEFAULT CHARSET=latin1;
/*!40101 SET character_set_client = @saved_cs_client */;

--
-- Dumping data for table `parameterlist`
--

LOCK TABLES `parameterlist` WRITE;
/*!40000 ALTER TABLE `parameterlist` DISABLE KEYS */;
INSERT INTO `parameterlist` VALUES ('p1','p1name'),('p10','p10name'),('p11','p11name'),('p12','p12name'),('p13','p13name'),('p14','p14name'),('p15','p15name'),('p16','p16name'),('p17','p17name'),('p18','p18name'),('p19','p19name'),('p2','p2name'),('p20','p20name'),('p21','p21name'),('p22','p22name'),('p23','p23name'),('p24','p24name'),('p25','p25name'),('p26','p26name'),('p27','p27name'),('p28','p28name'),('p29','p29name'),('p3','p3name'),('p30','p30name'),('p4','p4name'),('p5','p5name'),('p6','p6name'),('p7','p7name'),('p8','p8name'),('p9','p9name');
/*!40000 ALTER TABLE `parameterlist` ENABLE KEYS */;
UNLOCK TABLES;

--
-- Table structure for table `result`
--

DROP TABLE IF EXISTS `result`;
/*!40101 SET @saved_cs_client     = @@character_set_client */;
/*!50503 SET character_set_client = utf8mb4 */;
CREATE TABLE `result` (
  `transactionID` bigint NOT NULL,
  `stage` int NOT NULL,
  `webServiceID` varchar(10) NOT NULL,
  PRIMARY KEY (`transactionID`,`stage`,`webServiceID`)
) ENGINE=InnoDB DEFAULT CHARSET=latin1;
/*!40101 SET character_set_client = @saved_cs_client */;

--
-- Dumping data for table `result`
--

LOCK TABLES `result` WRITE;
/*!40000 ALTER TABLE `result` DISABLE KEYS */;
INSERT INTO `result` VALUES (1,1,'WSS219'),(1,2,'WSS33'),(2,1,'WSS112'),(2,1,'WSS389'),(3,1,'WSS459'),(3,1,'WSS49'),(3,2,'WSS31'),(4,1,'WSS121'),(4,2,'WSS436'),(5,1,'WSS456'),(5,2,'WSS424'),(6,1,'WSS105'),(6,2,'WSS463'),(6,2,'WSS47'),(7,1,'WSS434'),(7,2,'WSS374'),(7,3,'WSS455'),(8,1,'WSS441'),(8,2,'WSS398'),(8,3,'WSS453'),(9,1,'WSS493'),(9,2,'WSS231'),(10,1,'WSS458'),(10,2,'WSS392'),(10,3,'WSS49'),(11,1,'WSS327'),(11,2,'WSS435'),(12,1,'WSS478'),(12,2,'WSS103'),(13,1,'WSS250'),(13,2,'WSS393'),(14,1,'WSS389'),(14,2,'WSS457'),(15,1,'WSS294'),(15,2,'WSS304'),(16,1,'WSS441'),(16,2,'WSS67'),(17,1,'WSS347'),(17,2,'WSS256'),(18,1,'WSS143'),(18,2,'WSS46'),(19,1,'WSS13'),(19,2,'WSS26'),(20,1,'WSS448'),(20,2,'WSS380'),(20,2,'WSS442'),(21,1,'WSS23'),(21,2,'WSS452'),(21,3,'WSS463'),(22,1,'WSS27'),(22,2,'WSS150'),(23,1,'WSS458'),(23,2,'WSS148'),(24,1,'WSS356'),(24,2,'WSS483'),(25,1,'WSS391'),(25,1,'WSS439'),(25,2,'WSS399'),(26,1,'WSS458'),(26,2,'WSS460'),(26,3,'WSS48'),(27,1,'WSS373'),(27,2,'WSS441'),(27,3,'WSS384'),(28,1,'WSS332'),(28,2,'WSS16'),(28,3,'WSS344'),(29,1,'WSS103'),(29,2,'WSS37'),(29,3,'WSS442'),(30,1,'WSS347'),(30,2,'WSS390'),(30,3,'WSS276'),(1031,1,'ICP006'),(1031,1,'ICP110'),(1031,1,'ICP311'),(1031,2,'ICP500'),(1035,1,'ICP386'),(1035,2,'ICP466'),(1133,1,'ICP103'),(1133,2,'ICP341'),(1133,3,'ICP395'),(1136,1,'ICP110'),(1136,2,'ICP710'),(1141,1,'ICP311'),(1141,2,'ICP422'),(1288,1,'ICP001'),(1288,2,'ICP110'),(1291,1,'ICP110'),(1291,2,'ICP720'),(1293,1,'ICP110'),(1293,1,'ICP311'),(1293,2,'ICP500'),(1296,1,'ICP006'),(1296,1,'ICP103'),(1296,1,'ICP110'),(1296,1,'ICP311'),(1296,1,'ICP313'),(1296,2,'ICP341'),(1296,2,'ICP500'),(1296,3,'ICP395'),(1325,1,'ICP110'),(1325,2,'ICP680'),(1355,1,'ICP110'),(1355,2,'ICP469'),(1406,1,'ICP110'),(1435,1,'ICP006'),(1435,1,'ICP110'),(1435,1,'ICP311'),(1435,2,'ICP500'),(1509,1,'ICP001'),(1509,1,'ICP006'),(1509,2,'ICP002'),(1509,2,'ICP110'),(1509,3,'ICP311'),(1509,4,'ICP500'),(1572,1,'ICP103'),(1572,1,'ICP110'),(1572,1,'ICP386'),(1572,2,'ICP341'),(1572,2,'ICP395'),(1572,2,'ICP466'),(1572,2,'ICP620'),(1572,2,'ICP720'),(1572,3,'ICP445'),(1583,1,'ICP386'),(1583,2,'ICP466'),(1607,1,'ICP301'),(1607,1,'ICP341'),(1607,1,'ICP386'),(1607,2,'ICP481'),(1620,1,'ICP006'),(1620,1,'ICP110'),(1620,1,'ICP311'),(1620,2,'ICP500'),(1646,1,'ICP006'),(1646,1,'ICP110'),(1646,1,'ICP311'),(1646,2,'ICP469'),(1646,2,'ICP500'),(1733,1,'ICP311'),(1733,2,'ICP422'),(1797,1,'ICP386'),(1797,2,'ICP466'),(1851,1,'ICP003'),(1851,1,'ICP311'),(1851,2,'ICP313'),(1851,3,'ICP486'),(1981,1,'ICP110'),(1981,1,'ICP311'),(1981,2,'ICP500'),(2015,1,'ICP006'),(2015,1,'ICP110'),(2015,1,'ICP311'),(2015,2,'ICP500'),(2026,1,'ICP386'),(2026,2,'ICP466'),(2114,1,'ICP341'),(2114,2,'ICP395'),(2114,3,'ICP445'),(2280,1,'ICP103'),(2280,1,'ICP386'),(2280,2,'ICP341'),(2280,2,'ICP395'),(2280,2,'ICP466'),(2280,3,'ICP495'),(2317,1,'ICP313'),(2317,1,'ICP341'),(2317,1,'ICP680'),(2317,2,'ICP395'),(2317,3,'ICP445'),(2474,1,'ICP003'),(2474,1,'ICP311'),(2474,2,'ICP313'),(2474,3,'ICP486'),(2565,1,'ICP313'),(2565,1,'ICP341'),(2565,2,'ICP395'),(2565,3,'ICP445'),(2598,1,'ICP006'),(2598,1,'ICP110'),(2598,1,'ICP311'),(2598,1,'ICP313'),(2598,1,'ICP331'),(2598,2,'ICP500'),(2610,1,'ICP003'),(2610,1,'ICP311'),(2610,2,'ICP313'),(2610,3,'ICP486'),(2659,1,'ICP006'),(2659,1,'ICP110'),(2659,1,'ICP311'),(2659,2,'ICP469'),(2659,2,'ICP500'),(2675,1,'ICP386'),(2675,2,'ICP466'),(2711,1,'ICP103'),(2711,1,'ICP386'),(2711,2,'ICP341'),(2711,3,'ICP481'),(2779,1,'ICP003'),(2779,1,'ICP311'),(2779,2,'ICP313'),(2779,3,'ICP486'),(2985,1,'ICP103'),(3021,1,'ICP006'),(3021,1,'ICP110'),(3021,1,'ICP302'),(3021,2,'ICP500'),(3075,1,'ICP006'),(3075,1,'ICP110'),(3075,1,'ICP311'),(3075,2,'ICP500'),(3226,1,'ICP110'),(3226,2,'ICP818'),(3286,1,'ICP006'),(3286,1,'ICP110'),(3286,1,'ICP311'),(3286,2,'ICP500'),(3357,1,'ICP006'),(3357,1,'ICP110'),(3357,1,'ICP311'),(3357,2,'ICP500'),(3667,1,'ICP103'),(3667,1,'ICP301'),(3667,1,'ICP386'),(3667,2,'ICP341'),(3667,3,'ICP481'),(3668,1,'ICP103'),(3668,1,'ICP301'),(3668,1,'ICP386'),(3668,2,'ICP341'),(3668,3,'ICP481'),(3705,1,'ICP103'),(3705,1,'ICP301'),(3705,1,'ICP386'),(3705,2,'ICP341'),(3705,3,'ICP481'),(3718,1,'ICP001'),(3718,2,'ICP002'),(3718,2,'ICP110'),(3718,3,'ICP311'),(3718,4,'ICP819'),(3877,1,'ICP386'),(3948,1,'ICP006'),(3948,1,'ICP110'),(3948,1,'ICP311'),(3948,2,'ICP500'),(3969,1,'ICP301'),(3969,1,'ICP341'),(3969,1,'ICP386'),(3969,2,'ICP481'),(3971,1,'ICP386'),(3971,2,'ICP466'),(4112,1,'ICP006'),(4112,1,'ICP110'),(4112,1,'ICP311'),(4112,2,'ICP469'),(4112,2,'ICP500'),(4178,1,'ICP002'),(4178,1,'ICP110'),(4178,2,'ICP311'),(4178,3,'ICP819'),(4281,1,'ICP110'),(4281,2,'ICP469'),(4296,1,'ICP006'),(4296,1,'ICP110'),(4296,1,'ICP311'),(4296,2,'ICP469'),(4296,2,'ICP500'),(4375,1,'ICP003'),(4375,1,'ICP311'),(4375,2,'ICP313'),(4375,3,'ICP486'),(4589,1,'ICP006'),(4589,1,'ICP110'),(4589,1,'ICP311'),(4589,2,'ICP469'),(4589,2,'ICP500'),(4607,1,'ICP006'),(4607,1,'ICP110'),(4607,1,'ICP302'),(4607,2,'ICP500'),(4747,1,'ICP311'),(4747,1,'ICP313'),(4747,2,'ICP486'),(4775,1,'ICP110'),(4775,2,'ICP500'),(4934,1,'ICP103'),(4934,2,'ICP341'),(4978,1,'ICP103'),(4980,1,'ICP006'),(4980,1,'ICP110'),(4980,1,'ICP311'),(4980,2,'ICP469'),(4980,2,'ICP500'),(4980,2,'ICP720'),(4980,3,'ICP740'),(5049,1,'ICP006'),(5049,1,'ICP110'),(5049,1,'ICP311'),(5049,2,'ICP500'),(5417,1,'ICP301'),(5417,1,'ICP341'),(5417,1,'ICP386'),(5417,2,'ICP481'),(5448,1,'ICP386'),(5448,2,'ICP466'),(5450,1,'ICP103'),(5450,1,'ICP110'),(5450,1,'ICP386'),(5450,1,'ICP817'),(5450,2,'ICP341'),(5450,2,'ICP395'),(5450,2,'ICP466'),(5450,2,'ICP620'),(5450,2,'ICP720'),(5450,3,'ICP445'),(5450,3,'ICP815'),(5461,1,'ICP002'),(5461,1,'ICP006'),(5461,1,'ICP110'),(5461,1,'ICP302'),(5461,2,'ICP500'),(5461,2,'ICP720'),(5461,3,'ICP740'),(5472,1,'ICP110'),(5472,2,'ICP818'),(5497,1,'ICP103'),(5497,2,'ICP341'),(5569,1,'ICP386'),(5569,2,'ICP466'),(5571,1,'ICP103'),(5571,2,'ICP810'),(5757,1,'ICP386'),(5757,2,'ICP466'),(5779,1,'ICP006'),(5779,1,'ICP110'),(5779,1,'ICP302'),(5779,2,'ICP500'),(5814,1,'ICP006'),(5814,1,'ICP110'),(5814,1,'ICP311'),(5814,2,'ICP500'),(5897,1,'ICP110'),(5897,2,'ICP710'),(5966,1,'ICP103'),(5966,1,'ICP301'),(5966,1,'ICP386'),(5966,2,'ICP341'),(5966,3,'ICP481'),(6032,1,'ICP386'),(6032,2,'ICP466'),(6279,1,'ICP006'),(6279,1,'ICP110'),(6279,1,'ICP311'),(6279,2,'ICP469'),(6279,2,'ICP500'),(6294,1,'ICP006'),(6294,1,'ICP110'),(6294,1,'ICP311'),(6294,2,'ICP500'),(6325,1,'ICP002'),(6325,2,'ICP003'),(6363,1,'ICP006'),(6363,1,'ICP110'),(6363,1,'ICP311'),(6363,2,'ICP469'),(6363,2,'ICP500'),(6437,1,'ICP103'),(6437,1,'ICP301'),(6437,1,'ICP386'),(6437,2,'ICP341'),(6437,3,'ICP481'),(6533,1,'ICP006'),(6533,1,'ICP110'),(6533,1,'ICP311'),(6533,2,'ICP469'),(6533,2,'ICP500'),(6574,1,'ICP002'),(6574,1,'ICP110'),(6574,2,'ICP311'),(6574,3,'ICP819'),(6604,1,'ICP103'),(6604,1,'ICP386'),(6604,2,'ICP341'),(6604,3,'ICP481'),(6679,1,'ICP003'),(6679,1,'ICP311'),(6679,2,'ICP313'),(6679,3,'ICP486'),(6692,1,'ICP103'),(6692,1,'ICP386'),(6692,1,'ICP465'),(6692,2,'ICP341'),(6692,3,'ICP481'),(6874,1,'ICP467'),(6898,1,'ICP103'),(6898,1,'ICP386'),(6898,2,'ICP341'),(6898,3,'ICP481'),(6922,1,'ICP313'),(6922,1,'ICP341'),(6922,2,'ICP395'),(6974,1,'ICP110'),(6974,2,'ICP469'),(7056,1,'ICP006'),(7056,1,'ICP110'),(7056,1,'ICP311'),(7056,1,'ICP341'),(7056,2,'ICP395'),(7056,2,'ICP500'),(7056,2,'ICP720'),(7056,3,'ICP445'),(7056,3,'ICP740'),(7107,1,'ICP311'),(7107,1,'ICP313'),(7107,2,'ICP486'),(7159,1,'ICP311'),(7159,2,'ICP422'),(7196,1,'ICP103'),(7196,2,'ICP341'),(7196,2,'ICP395'),(7196,3,'ICP495'),(7227,1,'ICP103'),(7227,1,'ICP110'),(7227,1,'ICP301'),(7227,1,'ICP311'),(7227,1,'ICP386'),(7227,2,'ICP341'),(7227,2,'ICP500'),(7227,3,'ICP481'),(7297,1,'ICP386'),(7297,2,'ICP466'),(7326,1,'ICP006'),(7326,1,'ICP110'),(7326,1,'ICP311'),(7326,2,'ICP500'),(7398,1,'ICP002'),(7398,1,'ICP006'),(7398,1,'ICP103'),(7398,1,'ICP110'),(7398,2,'ICP311'),(7398,2,'ICP720'),(7398,2,'ICP810'),(7398,3,'ICP500'),(7398,3,'ICP819'),(7398,4,'ICP740'),(7420,1,'ICP006'),(7420,1,'ICP311'),(7420,2,'ICP500'),(7484,1,'ICP006'),(7484,1,'ICP110'),(7484,1,'ICP311'),(7484,2,'ICP469'),(7484,2,'ICP500'),(7515,1,'ICP006'),(7515,1,'ICP110'),(7515,1,'ICP311'),(7515,2,'ICP469'),(7515,2,'ICP500'),(7593,1,'ICP301'),(7593,1,'ICP341'),(7593,1,'ICP386'),(7593,2,'ICP481'),(7645,1,'ICP001'),(7645,1,'ICP006'),(7645,2,'ICP002'),(7645,2,'ICP110'),(7645,3,'ICP311'),(7645,4,'ICP500'),(7720,1,'ICP006'),(7720,1,'ICP311'),(7720,1,'ICP720'),(7720,2,'ICP500'),(7720,3,'ICP740'),(7769,1,'ICP103'),(7769,2,'ICP341'),(7797,1,'ICP006'),(7797,1,'ICP110'),(7797,1,'ICP302'),(7797,2,'ICP500'),(7797,2,'ICP720'),(7817,1,'ICP006'),(7817,1,'ICP311'),(7817,2,'ICP500'),(7821,1,'ICP006'),(7821,1,'ICP110'),(7821,1,'ICP311'),(7821,2,'ICP500'),(7831,1,'ICP006'),(7831,1,'ICP311'),(7831,2,'ICP500'),(7832,1,'ICP006'),(7832,1,'ICP110'),(7832,1,'ICP311'),(7832,2,'ICP500'),(8030,1,'ICP386'),(8030,2,'ICP466'),(8062,1,'ICP006'),(8062,1,'ICP110'),(8062,1,'ICP311'),(8062,2,'ICP500'),(8155,1,'ICP006'),(8155,1,'ICP110'),(8155,1,'ICP311'),(8155,2,'ICP469'),(8155,2,'ICP500'),(8306,1,'ICP006'),(8306,1,'ICP110'),(8306,1,'ICP311'),(8306,2,'ICP500'),(8509,1,'ICP467'),(8527,1,'ICP110'),(8527,2,'ICP500'),(8628,1,'ICP103'),(8628,1,'ICP301'),(8628,1,'ICP386'),(8628,2,'ICP341'),(8628,3,'ICP481'),(8647,1,'ICP103'),(8647,2,'ICP341'),(8688,1,'ICP103'),(8688,1,'ICP301'),(8688,1,'ICP386'),(8688,2,'ICP341'),(8688,3,'ICP481'),(8877,1,'ICP386'),(8877,2,'ICP466'),(8889,1,'ICP110'),(8889,2,'ICP620'),(8941,1,'ICP103'),(8941,2,'ICP341'),(8941,2,'ICP395'),(8941,3,'ICP495'),(8952,1,'ICP103'),(8952,1,'ICP386'),(8952,2,'ICP341'),(8952,3,'ICP481'),(8959,1,'ICP103'),(8959,2,'ICP341'),(9050,1,'ICP006'),(9050,1,'ICP110'),(9050,1,'ICP311'),(9050,2,'ICP500'),(9076,1,'ICP004'),(9076,2,'ICP005'),(9076,3,'ICP331'),(9117,1,'ICP110'),(9117,2,'ICP469'),(9185,1,'ICP341'),(9185,2,'ICP395'),(9185,3,'ICP445'),(9249,1,'ICP006'),(9249,1,'ICP110'),(9249,1,'ICP311'),(9249,2,'ICP500'),(9249,2,'ICP720'),(9306,1,'ICP006'),(9306,1,'ICP110'),(9306,1,'ICP302'),(9306,2,'ICP500'),(9325,1,'ICP386'),(9422,1,'ICP110'),(9422,2,'ICP469'),(9451,1,'ICP006'),(9451,1,'ICP110'),(9451,1,'ICP311'),(9451,1,'ICP341'),(9451,2,'ICP395'),(9451,2,'ICP500'),(9451,2,'ICP720'),(9451,3,'ICP445'),(9451,3,'ICP740'),(9524,1,'ICP001'),(9524,1,'ICP006'),(9524,2,'ICP002'),(9524,2,'ICP110'),(9524,3,'ICP311'),(9524,4,'ICP500'),(9784,1,'ICP110'),(9784,2,'ICP469'),(9797,1,'ICP103'),(9797,2,'ICP341'),(9812,1,'ICP311'),(9812,1,'ICP313'),(9812,2,'ICP486'),(9814,1,'ICP006'),(9814,1,'ICP110'),(9814,1,'ICP311'),(9814,2,'ICP500'),(9868,1,'ICP006'),(9868,1,'ICP110'),(9868,1,'ICP311'),(9868,2,'ICP500'),(9968,1,'ICP103'),(9968,1,'ICP301'),(9968,1,'ICP386'),(9968,2,'ICP341'),(9968,3,'ICP481'),(9978,1,'ICP311'),(9978,1,'ICP313'),(9978,2,'ICP486'),(111174351,1,'ICP001'),(111174351,2,'ICP002'),(111174351,3,'ICP003'),(111174351,3,'ICP311'),(111174351,4,'ICP313'),(111174351,5,'ICP486'),(112793854,1,'ICP006'),(112793854,1,'ICP110'),(112793854,1,'ICP311'),(112793854,2,'ICP500'),(125202274,1,'ICP001'),(125202274,1,'ICP103'),(125202274,2,'ICP301'),(125202274,2,'ICP341'),(125202274,2,'ICP386'),(125202274,3,'ICP481'),(137852438,1,'ICP006'),(137852438,1,'ICP110'),(137852438,1,'ICP311'),(137852438,2,'ICP500'),(141922012,1,'ICP002'),(141922012,2,'ICP003'),(141922012,2,'ICP311'),(141922012,3,'ICP313'),(141922012,4,'ICP486'),(164821430,1,'ICP001'),(164821430,2,'ICP002'),(164821430,3,'ICP003'),(164821430,3,'ICP311'),(164821430,4,'ICP313'),(164821430,5,'ICP486'),(166203121,1,'ICP001'),(166203121,1,'ICP006'),(166203121,1,'ICP200'),(166203121,2,'ICP002'),(166203121,2,'ICP110'),(166203121,2,'ICP720'),(166203121,3,'ICP311'),(166203121,4,'ICP500'),(166203121,4,'ICP819'),(166203121,5,'ICP740'),(178957047,1,'ICP110'),(178957047,2,'ICP469'),(192081592,1,'ICP006'),(192081592,1,'ICP200'),(192081592,1,'ICP311'),(192081592,2,'ICP500'),(192081592,2,'ICP720'),(192081592,3,'ICP740'),(196046272,1,'ICP002'),(196046272,1,'ICP006'),(196046272,1,'ICP110'),(196046272,2,'ICP311'),(196046272,2,'ICP469'),(196046272,3,'ICP500'),(222936116,1,'ICP006'),(222936116,1,'ICP200'),(222936116,1,'ICP311'),(222936116,2,'ICP500'),(222936116,2,'ICP720'),(222936116,2,'ICP819'),(222936116,3,'ICP740'),(258370250,1,'ICP006'),(258370250,1,'ICP200'),(258370250,1,'ICP311'),(258370250,2,'ICP500'),(258370250,2,'ICP720'),(258370250,2,'ICP818'),(258370250,2,'ICP819'),(258370250,3,'ICP740'),(285611992,1,'ICP006'),(285611992,1,'ICP110'),(285611992,1,'ICP200'),(285611992,1,'ICP311'),(285611992,2,'ICP500'),(285611992,2,'ICP720'),(285611992,3,'ICP740'),(287034437,1,'ICP006'),(287034437,1,'ICP200'),(287034437,1,'ICP311'),(287034437,2,'ICP500'),(287034437,2,'ICP720'),(287034437,2,'ICP819'),(287034437,3,'ICP740'),(291687847,1,'ICP006'),(291687847,1,'ICP200'),(291687847,1,'ICP311'),(291687847,2,'ICP500'),(291687847,2,'ICP720'),(291687847,2,'ICP819'),(291687847,3,'ICP740'),(292870227,1,'ICP001'),(292870227,1,'ICP006'),(292870227,1,'ICP720'),(292870227,2,'ICP002'),(292870227,2,'ICP110'),(292870227,3,'ICP311'),(292870227,4,'ICP500'),(292870227,5,'ICP740'),(316379525,1,'ICP110'),(316379525,1,'ICP311'),(316379525,2,'ICP361'),(316379525,3,'ICP461'),(324432052,1,'ICP001'),(324432052,2,'ICP002'),(324432052,3,'ICP003'),(324432052,3,'ICP311'),(324432052,4,'ICP313'),(324432052,5,'ICP486'),(348444351,1,'ICP311'),(348444351,1,'ICP313'),(348444351,2,'ICP486'),(356640298,1,'ICP469'),(356640298,1,'ICP818'),(356640298,2,'ICP660'),(362849335,1,'ICP006'),(362849335,1,'ICP200'),(362849335,1,'ICP311'),(362849335,2,'ICP500'),(362849335,2,'ICP720'),(362849335,2,'ICP818'),(362849335,3,'ICP740'),(370058038,1,'ICP006'),(370058038,1,'ICP110'),(370058038,1,'ICP311'),(370058038,2,'ICP469'),(370058038,2,'ICP500'),(410309476,1,'ICP001'),(410309476,1,'ICP006'),(410309476,1,'ICP200'),(410309476,2,'ICP002'),(410309476,2,'ICP720'),(410309476,3,'ICP311'),(410309476,4,'ICP500'),(410309476,4,'ICP819'),(410309476,5,'ICP740'),(411681300,1,'ICP006'),(411681300,1,'ICP200'),(411681300,1,'ICP311'),(411681300,2,'ICP500'),(411681300,2,'ICP720'),(411681300,2,'ICP819'),(411681300,3,'ICP740'),(413889315,1,'ICP002'),(413889315,2,'ICP003'),(413889315,2,'ICP311'),(413889315,3,'ICP313'),(413889315,4,'ICP486'),(435075950,1,'ICP002'),(435075950,1,'ICP006'),(435075950,1,'ICP110'),(435075950,1,'ICP720'),(435075950,2,'ICP311'),(435075950,3,'ICP500'),(435075950,4,'ICP740'),(442506203,1,'ICP006'),(442506203,1,'ICP110'),(442506203,1,'ICP311'),(442506203,2,'ICP469'),(442506203,2,'ICP500'),(448741355,1,'ICP001'),(448741355,2,'ICP002'),(448741355,3,'ICP003'),(448741355,3,'ICP311'),(448741355,4,'ICP313'),(448741355,5,'ICP486'),(452470039,1,'ICP006'),(452470039,1,'ICP110'),(452470039,1,'ICP311'),(452470039,2,'ICP500'),(495404878,1,'ICP006'),(495404878,1,'ICP110'),(495404878,1,'ICP200'),(495404878,1,'ICP302'),(495404878,2,'ICP500'),(495404878,2,'ICP720'),(495404878,3,'ICP740'),(496776246,1,'ICP103'),(496776246,2,'ICP341'),(496776246,3,'ICP403'),(497270695,1,'ICP001'),(497270695,1,'ICP103'),(497270695,2,'ICP301'),(497270695,2,'ICP341'),(497270695,2,'ICP386'),(497270695,3,'ICP481'),(506023024,1,'ICP680'),(516484914,1,'ICP006'),(516484914,1,'ICP200'),(516484914,1,'ICP311'),(516484914,2,'ICP500'),(516484914,2,'ICP720'),(516484914,3,'ICP740'),(524497078,1,'ICP006'),(524497078,1,'ICP200'),(524497078,1,'ICP311'),(524497078,2,'ICP500'),(524497078,2,'ICP720'),(524497078,2,'ICP819'),(524497078,3,'ICP740'),(532135187,1,'ICP200'),(532135187,2,'ICP720'),(532135187,3,'ICP811'),(532135187,4,'ICP813'),(561361210,1,'ICP006'),(561361210,1,'ICP200'),(561361210,1,'ICP311'),(561361210,2,'ICP500'),(561361210,2,'ICP720'),(561361210,2,'ICP819'),(561361210,3,'ICP740'),(578460210,1,'ICP110'),(578460210,2,'ICP469'),(601145152,1,'ICP006'),(601145152,1,'ICP200'),(601145152,1,'ICP311'),(601145152,2,'ICP500'),(601145152,2,'ICP720'),(601145152,2,'ICP819'),(601145152,3,'ICP740'),(630767823,1,'ICP006'),(630767823,1,'ICP200'),(630767823,1,'ICP311'),(630767823,2,'ICP500'),(630767823,2,'ICP720'),(630767823,2,'ICP819'),(630767823,3,'ICP740'),(658685554,1,'ICP006'),(658685554,1,'ICP200'),(658685554,1,'ICP311'),(658685554,2,'ICP500'),(658685554,2,'ICP720'),(658685554,3,'ICP740'),(659691843,1,'ICP006'),(659691843,1,'ICP200'),(659691843,1,'ICP311'),(659691843,2,'ICP500'),(659691843,2,'ICP720'),(659691843,3,'ICP740'),(664758087,1,'ICP006'),(664758087,1,'ICP200'),(664758087,1,'ICP311'),(664758087,2,'ICP500'),(664758087,2,'ICP720'),(664758087,2,'ICP819'),(664758087,3,'ICP740'),(669457938,1,'ICP006'),(669457938,1,'ICP200'),(669457938,1,'ICP311'),(669457938,2,'ICP500'),(669457938,2,'ICP720'),(669457938,3,'ICP740'),(683869712,1,'ICP006'),(683869712,1,'ICP200'),(683869712,1,'ICP311'),(683869712,2,'ICP500'),(683869712,2,'ICP720'),(683869712,2,'ICP819'),(683869712,3,'ICP740'),(716407017,1,'ICP006'),(716407017,1,'ICP110'),(716407017,1,'ICP311'),(716407017,1,'ICP720'),(716407017,2,'ICP500'),(716407017,2,'ICP811'),(716407017,3,'ICP813'),(726508464,1,'ICP006'),(726508464,1,'ICP110'),(726508464,1,'ICP311'),(726508464,2,'ICP469'),(726508464,2,'ICP500'),(739074091,1,'ICP006'),(739074091,1,'ICP200'),(739074091,1,'ICP311'),(739074091,2,'ICP500'),(739074091,2,'ICP720'),(739074091,3,'ICP740'),(739546796,1,'ICP006'),(739546796,1,'ICP200'),(739546796,1,'ICP311'),(739546796,2,'ICP500'),(739546796,2,'ICP720'),(739546796,3,'ICP740'),(742695516,1,'ICP001'),(742695516,2,'ICP110'),(742695516,2,'ICP302'),(742695516,3,'ICP500'),(749479466,1,'ICP103'),(749479466,1,'ICP301'),(749479466,1,'ICP386'),(749479466,2,'ICP341'),(749479466,3,'ICP481'),(759784803,1,'ICP001'),(759784803,1,'ICP006'),(759784803,2,'ICP110'),(759784803,2,'ICP302'),(759784803,3,'ICP500'),(784019298,1,'ICP001'),(784019298,1,'ICP103'),(784019298,2,'ICP301'),(784019298,2,'ICP341'),(784019298,2,'ICP386'),(784019298,3,'ICP481'),(809869431,1,'ICP006'),(809869431,1,'ICP110'),(809869431,1,'ICP311'),(809869431,2,'ICP500'),(833064024,1,'ICP001'),(833064024,1,'ICP006'),(833064024,1,'ICP720'),(833064024,2,'ICP002'),(833064024,2,'ICP110'),(833064024,3,'ICP311'),(833064024,4,'ICP500'),(833064024,5,'ICP740'),(882961008,1,'ICP006'),(882961008,1,'ICP110'),(882961008,1,'ICP311'),(882961008,2,'ICP500'),(916025637,1,'ICP001'),(916025637,2,'ICP110'),(916025637,3,'ICP469'),(960676621,1,'ICP006'),(960676621,1,'ICP200'),(960676621,1,'ICP311'),(960676621,2,'ICP500'),(960676621,2,'ICP720'),(960676621,3,'ICP740'),(971245096,1,'ICP006'),(971245096,1,'ICP110'),(971245096,1,'ICP311'),(971245096,2,'ICP469'),(971245096,2,'ICP500');
/*!40000 ALTER TABLE `result` ENABLE KEYS */;
UNLOCK TABLES;

--
-- Table structure for table `rhs`
--

DROP TABLE IF EXISTS `rhs`;
/*!40101 SET @saved_cs_client     = @@character_set_client */;
/*!50503 SET character_set_client = utf8mb4 */;
CREATE TABLE `rhs` (
  `ruleid` int NOT NULL,
  `courseid` varchar(10) NOT NULL,
  PRIMARY KEY (`ruleid`,`courseid`)
) ENGINE=InnoDB DEFAULT CHARSET=latin1;
/*!40101 SET character_set_client = @saved_cs_client */;

--
-- Dumping data for table `rhs`
--

LOCK TABLES `rhs` WRITE;
/*!40000 ALTER TABLE `rhs` DISABLE KEYS */;
INSERT INTO `rhs` VALUES (1,'ICP110'),(2,'ICP311'),(3,'ICP500'),(4,'ICP311'),(5,'ICP500'),(6,'ICP500'),(7,'ICP311'),(8,'ICP500'),(9,'ICP500'),(10,'ICP500'),(11,'ICP500');
/*!40000 ALTER TABLE `rhs` ENABLE KEYS */;
UNLOCK TABLES;

--
-- Table structure for table `ruleinfo`
--

DROP TABLE IF EXISTS `ruleinfo`;
/*!40101 SET @saved_cs_client     = @@character_set_client */;
/*!50503 SET character_set_client = utf8mb4 */;
CREATE TABLE `ruleinfo` (
  `ruleid` int NOT NULL,
  `support` float DEFAULT NULL,
  `confidence` float DEFAULT NULL,
  `lift` float DEFAULT NULL,
  `count` int DEFAULT NULL,
  PRIMARY KEY (`ruleid`)
) ENGINE=InnoDB DEFAULT CHARSET=latin1;
/*!40101 SET character_set_client = @saved_cs_client */;

--
-- Dumping data for table `ruleinfo`
--

LOCK TABLES `ruleinfo` WRITE;
/*!40000 ALTER TABLE `ruleinfo` DISABLE KEYS */;
INSERT INTO `ruleinfo` VALUES (1,0.2,0.719101,1.53765,3),(2,0.2,0.910112,1.69382,3),(3,0.2,1,2.11579,3),(4,0.2,0.670213,1.24734,3),(5,0.2,0.744681,1.57559,3),(6,0.2,0.777778,1.64561,3),(7,0.2,0.875,1.62847,3),(8,0.2,1,2.11579,3),(9,0.2,1,2.11579,3),(10,0.2,0.936508,1.98145,3),(11,0.2,1,2.11579,3);
/*!40000 ALTER TABLE `ruleinfo` ENABLE KEYS */;
UNLOCK TABLES;

--
-- Table structure for table `webservicelist`
--

DROP TABLE IF EXISTS `webservicelist`;
/*!40101 SET @saved_cs_client     = @@character_set_client */;
/*!50503 SET character_set_client = utf8mb4 */;
CREATE TABLE `webservicelist` (
  `webServiceID` varchar(10) NOT NULL,
  `webServiceName` varchar(100) DEFAULT NULL,
  `reputation` float DEFAULT NULL,
  `price` float DEFAULT NULL,
  `duration` int DEFAULT NULL,
  `provider` varchar(50) DEFAULT NULL,
  `url` varchar(100) DEFAULT NULL,
  PRIMARY KEY (`webServiceID`)
) ENGINE=InnoDB DEFAULT CHARSET=latin1;
/*!40101 SET character_set_client = @saved_cs_client */;

--
-- Dumping data for table `webservicelist`
--

LOCK TABLES `webservicelist` WRITE;
/*!40000 ALTER TABLE `webservicelist` DISABLE KEYS */;
INSERT INTO `webservicelist` VALUES ('WSS1','WSS1Name',3,1,3,'serviceprovider','https://serviceprovider.com'),('WSS10','WSS10Name',3,1,3,'serviceprovider','https://serviceprovider.com'),('WSS100','WSS100Name',3,1,3,'serviceprovider','https://serviceprovider.com'),('WSS101','WSS101Name',3,1,3,'serviceprovider','https://serviceprovider.com'),('WSS102','WSS102Name',3,1,3,'serviceprovider','https://serviceprovider.com'),('WSS103','WSS103Name',3,1,3,'serviceprovider','https://serviceprovider.com'),('WSS104','WSS104Name',3,1,3,'serviceprovider','https://serviceprovider.com'),('WSS105','WSS105Name',3,1,3,'serviceprovider','https://serviceprovider.com'),('WSS106','WSS106Name',3,1,3,'serviceprovider','https://serviceprovider.com'),('WSS107','WSS107Name',3,1,3,'serviceprovider','https://serviceprovider.com'),('WSS108','WSS108Name',3,1,3,'serviceprovider','https://serviceprovider.com'),('WSS109','WSS109Name',3,1,3,'serviceprovider','https://serviceprovider.com'),('WSS11','WSS11Name',3,1,3,'serviceprovider','https://serviceprovider.com'),('WSS110','WSS110Name',3,1,3,'serviceprovider','https://serviceprovider.com'),('WSS111','WSS111Name',3,1,3,'serviceprovider','https://serviceprovider.com'),('WSS112','WSS112Name',3,1,3,'serviceprovider','https://serviceprovider.com'),('WSS113','WSS113Name',3,1,3,'serviceprovider','https://serviceprovider.com'),('WSS114','WSS114Name',3,1,3,'serviceprovider','https://serviceprovider.com'),('WSS115','WSS115Name',3,1,3,'serviceprovider','https://serviceprovider.com'),('WSS116','WSS116Name',3,1,3,'serviceprovider','https://serviceprovider.com'),('WSS117','WSS117Name',3,1,3,'serviceprovider','https://serviceprovider.com'),('WSS118','WSS118Name',3,1,3,'serviceprovider','https://serviceprovider.com'),('WSS119','WSS119Name',3,1,3,'serviceprovider','https://serviceprovider.com'),('WSS12','WSS12Name',3,1,3,'serviceprovider','https://serviceprovider.com'),('WSS120','WSS120Name',3,1,3,'serviceprovider','https://serviceprovider.com'),('WSS121','WSS121Name',3,1,3,'serviceprovider','https://serviceprovider.com'),('WSS122','WSS122Name',3,1,3,'serviceprovider','https://serviceprovider.com'),('WSS123','WSS123Name',3,1,3,'serviceprovider','https://serviceprovider.com'),('WSS124','WSS124Name',3,1,3,'serviceprovider','https://serviceprovider.com'),('WSS125','WSS125Name',3,1,3,'serviceprovider','https://serviceprovider.com'),('WSS126','WSS126Name',3,1,3,'serviceprovider','https://serviceprovider.com'),('WSS127','WSS127Name',3,1,3,'serviceprovider','https://serviceprovider.com'),('WSS128','WSS128Name',3,1,3,'serviceprovider','https://serviceprovider.com'),('WSS129','WSS129Name',3,1,3,'serviceprovider','https://serviceprovider.com'),('WSS13','WSS13Name',3,1,3,'serviceprovider','https://serviceprovider.com'),('WSS130','WSS130Name',3,1,3,'serviceprovider','https://serviceprovider.com'),('WSS131','WSS131Name',3,1,3,'serviceprovider','https://serviceprovider.com'),('WSS132','WSS132Name',3,1,3,'serviceprovider','https://serviceprovider.com'),('WSS133','WSS133Name',3,1,3,'serviceprovider','https://serviceprovider.com'),('WSS134','WSS134Name',3,1,3,'serviceprovider','https://serviceprovider.com'),('WSS135','WSS135Name',3,1,3,'serviceprovider','https://serviceprovider.com'),('WSS136','WSS136Name',3,1,3,'serviceprovider','https://serviceprovider.com'),('WSS137','WSS137Name',3,1,3,'serviceprovider','https://serviceprovider.com'),('WSS138','WSS138Name',3,1,3,'serviceprovider','https://serviceprovider.com'),('WSS139','WSS139Name',3,1,3,'serviceprovider','https://serviceprovider.com'),('WSS14','WSS14Name',3,1,3,'serviceprovider','https://serviceprovider.com'),('WSS140','WSS140Name',3,1,3,'serviceprovider','https://serviceprovider.com'),('WSS141','WSS141Name',3,1,3,'serviceprovider','https://serviceprovider.com'),('WSS142','WSS142Name',3,1,3,'serviceprovider','https://serviceprovider.com'),('WSS143','WSS143Name',3,1,3,'serviceprovider','https://serviceprovider.com'),('WSS144','WSS144Name',3,1,3,'serviceprovider','https://serviceprovider.com'),('WSS145','WSS145Name',3,1,3,'serviceprovider','https://serviceprovider.com'),('WSS146','WSS146Name',3,1,3,'serviceprovider','https://serviceprovider.com'),('WSS147','WSS147Name',3,1,3,'serviceprovider','https://serviceprovider.com'),('WSS148','WSS148Name',3,1,3,'serviceprovider','https://serviceprovider.com'),('WSS149','WSS149Name',3,1,3,'serviceprovider','https://serviceprovider.com'),('WSS15','WSS15Name',3,1,3,'serviceprovider','https://serviceprovider.com'),('WSS150','WSS150Name',3,1,3,'serviceprovider','https://serviceprovider.com'),('WSS151','WSS151Name',3,1,3,'serviceprovider','https://serviceprovider.com'),('WSS152','WSS152Name',3,1,3,'serviceprovider','https://serviceprovider.com'),('WSS153','WSS153Name',3,1,3,'serviceprovider','https://serviceprovider.com'),('WSS154','WSS154Name',3,1,3,'serviceprovider','https://serviceprovider.com'),('WSS155','WSS155Name',3,1,3,'serviceprovider','https://serviceprovider.com'),('WSS156','WSS156Name',3,1,3,'serviceprovider','https://serviceprovider.com'),('WSS157','WSS157Name',3,1,3,'serviceprovider','https://serviceprovider.com'),('WSS158','WSS158Name',3,1,3,'serviceprovider','https://serviceprovider.com'),('WSS159','WSS159Name',3,1,3,'serviceprovider','https://serviceprovider.com'),('WSS16','WSS16Name',3,1,3,'serviceprovider','https://serviceprovider.com'),('WSS160','WSS160Name',3,1,3,'serviceprovider','https://serviceprovider.com'),('WSS161','WSS161Name',3,1,3,'serviceprovider','https://serviceprovider.com'),('WSS162','WSS162Name',3,1,3,'serviceprovider','https://serviceprovider.com'),('WSS163','WSS163Name',3,1,3,'serviceprovider','https://serviceprovider.com'),('WSS164','WSS164Name',3,1,3,'serviceprovider','https://serviceprovider.com'),('WSS165','WSS165Name',3,1,3,'serviceprovider','https://serviceprovider.com'),('WSS166','WSS166Name',3,1,3,'serviceprovider','https://serviceprovider.com'),('WSS167','WSS167Name',3,1,3,'serviceprovider','https://serviceprovider.com'),('WSS168','WSS168Name',3,1,3,'serviceprovider','https://serviceprovider.com'),('WSS169','WSS169Name',3,1,3,'serviceprovider','https://serviceprovider.com'),('WSS17','WSS17Name',3,1,3,'serviceprovider','https://serviceprovider.com'),('WSS170','WSS170Name',3,1,3,'serviceprovider','https://serviceprovider.com'),('WSS171','WSS171Name',3,1,3,'serviceprovider','https://serviceprovider.com'),('WSS172','WSS172Name',3,1,3,'serviceprovider','https://serviceprovider.com'),('WSS173','WSS173Name',3,1,3,'serviceprovider','https://serviceprovider.com'),('WSS174','WSS174Name',3,1,3,'serviceprovider','https://serviceprovider.com'),('WSS175','WSS175Name',3,1,3,'serviceprovider','https://serviceprovider.com'),('WSS176','WSS176Name',3,1,3,'serviceprovider','https://serviceprovider.com'),('WSS177','WSS177Name',3,1,3,'serviceprovider','https://serviceprovider.com'),('WSS178','WSS178Name',3,1,3,'serviceprovider','https://serviceprovider.com'),('WSS179','WSS179Name',3,1,3,'serviceprovider','https://serviceprovider.com'),('WSS18','WSS18Name',3,1,3,'serviceprovider','https://serviceprovider.com'),('WSS180','WSS180Name',3,1,3,'serviceprovider','https://serviceprovider.com'),('WSS181','WSS181Name',3,1,3,'serviceprovider','https://serviceprovider.com'),('WSS182','WSS182Name',3,1,3,'serviceprovider','https://serviceprovider.com'),('WSS183','WSS183Name',3,1,3,'serviceprovider','https://serviceprovider.com'),('WSS184','WSS184Name',3,1,3,'serviceprovider','https://serviceprovider.com'),('WSS185','WSS185Name',3,1,3,'serviceprovider','https://serviceprovider.com'),('WSS186','WSS186Name',3,1,3,'serviceprovider','https://serviceprovider.com'),('WSS187','WSS187Name',3,1,3,'serviceprovider','https://serviceprovider.com'),('WSS188','WSS188Name',3,1,3,'serviceprovider','https://serviceprovider.com'),('WSS189','WSS189Name',3,1,3,'serviceprovider','https://serviceprovider.com'),('WSS19','WSS19Name',3,1,3,'serviceprovider','https://serviceprovider.com'),('WSS190','WSS190Name',3,1,3,'serviceprovider','https://serviceprovider.com'),('WSS191','WSS191Name',3,1,3,'serviceprovider','https://serviceprovider.com'),('WSS192','WSS192Name',3,1,3,'serviceprovider','https://serviceprovider.com'),('WSS193','WSS193Name',3,1,3,'serviceprovider','https://serviceprovider.com'),('WSS194','WSS194Name',3,1,3,'serviceprovider','https://serviceprovider.com'),('WSS195','WSS195Name',3,1,3,'serviceprovider','https://serviceprovider.com'),('WSS196','WSS196Name',3,1,3,'serviceprovider','https://serviceprovider.com'),('WSS197','WSS197Name',3,1,3,'serviceprovider','https://serviceprovider.com'),('WSS198','WSS198Name',3,1,3,'serviceprovider','https://serviceprovider.com'),('WSS199','WSS199Name',3,1,3,'serviceprovider','https://serviceprovider.com'),('WSS2','WSS2Name',3,1,3,'serviceprovider','https://serviceprovider.com'),('WSS20','WSS20Name',3,1,3,'serviceprovider','https://serviceprovider.com'),('WSS200','WSS200Name',3,1,3,'serviceprovider','https://serviceprovider.com'),('WSS201','WSS201Name',3,1,3,'serviceprovider','https://serviceprovider.com'),('WSS202','WSS202Name',3,1,3,'serviceprovider','https://serviceprovider.com'),('WSS203','WSS203Name',3,1,3,'serviceprovider','https://serviceprovider.com'),('WSS204','WSS204Name',3,1,3,'serviceprovider','https://serviceprovider.com'),('WSS205','WSS205Name',3,1,3,'serviceprovider','https://serviceprovider.com'),('WSS206','WSS206Name',3,1,3,'serviceprovider','https://serviceprovider.com'),('WSS207','WSS207Name',3,1,3,'serviceprovider','https://serviceprovider.com'),('WSS208','WSS208Name',3,1,3,'serviceprovider','https://serviceprovider.com'),('WSS209','WSS209Name',3,1,3,'serviceprovider','https://serviceprovider.com'),('WSS21','WSS21Name',3,1,3,'serviceprovider','https://serviceprovider.com'),('WSS210','WSS210Name',3,1,3,'serviceprovider','https://serviceprovider.com'),('WSS211','WSS211Name',3,1,3,'serviceprovider','https://serviceprovider.com'),('WSS212','WSS212Name',3,1,3,'serviceprovider','https://serviceprovider.com'),('WSS213','WSS213Name',3,1,3,'serviceprovider','https://serviceprovider.com'),('WSS214','WSS214Name',3,1,3,'serviceprovider','https://serviceprovider.com'),('WSS215','WSS215Name',3,1,3,'serviceprovider','https://serviceprovider.com'),('WSS216','WSS216Name',3,1,3,'serviceprovider','https://serviceprovider.com'),('WSS217','WSS217Name',3,1,3,'serviceprovider','https://serviceprovider.com'),('WSS218','WSS218Name',3,1,3,'serviceprovider','https://serviceprovider.com'),('WSS219','WSS219Name',3,1,3,'serviceprovider','https://serviceprovider.com'),('WSS22','WSS22Name',3,1,3,'serviceprovider','https://serviceprovider.com'),('WSS220','WSS220Name',3,1,3,'serviceprovider','https://serviceprovider.com'),('WSS221','WSS221Name',3,1,3,'serviceprovider','https://serviceprovider.com'),('WSS222','WSS222Name',3,1,3,'serviceprovider','https://serviceprovider.com'),('WSS223','WSS223Name',3,1,3,'serviceprovider','https://serviceprovider.com'),('WSS224','WSS224Name',3,1,3,'serviceprovider','https://serviceprovider.com'),('WSS225','WSS225Name',3,1,3,'serviceprovider','https://serviceprovider.com'),('WSS226','WSS226Name',3,1,3,'serviceprovider','https://serviceprovider.com'),('WSS227','WSS227Name',3,1,3,'serviceprovider','https://serviceprovider.com'),('WSS228','WSS228Name',3,1,3,'serviceprovider','https://serviceprovider.com'),('WSS229','WSS229Name',3,1,3,'serviceprovider','https://serviceprovider.com'),('WSS23','WSS23Name',3,1,3,'serviceprovider','https://serviceprovider.com'),('WSS230','WSS230Name',3,1,3,'serviceprovider','https://serviceprovider.com'),('WSS231','WSS231Name',3,1,3,'serviceprovider','https://serviceprovider.com'),('WSS232','WSS232Name',3,1,3,'serviceprovider','https://serviceprovider.com'),('WSS233','WSS233Name',3,1,3,'serviceprovider','https://serviceprovider.com'),('WSS234','WSS234Name',3,1,3,'serviceprovider','https://serviceprovider.com'),('WSS235','WSS235Name',3,1,3,'serviceprovider','https://serviceprovider.com'),('WSS236','WSS236Name',3,1,3,'serviceprovider','https://serviceprovider.com'),('WSS237','WSS237Name',3,1,3,'serviceprovider','https://serviceprovider.com'),('WSS238','WSS238Name',3,1,3,'serviceprovider','https://serviceprovider.com'),('WSS239','WSS239Name',3,1,3,'serviceprovider','https://serviceprovider.com'),('WSS24','WSS24Name',3,1,3,'serviceprovider','https://serviceprovider.com'),('WSS240','WSS240Name',3,1,3,'serviceprovider','https://serviceprovider.com'),('WSS241','WSS241Name',3,1,3,'serviceprovider','https://serviceprovider.com'),('WSS242','WSS242Name',3,1,3,'serviceprovider','https://serviceprovider.com'),('WSS243','WSS243Name',3,1,3,'serviceprovider','https://serviceprovider.com'),('WSS244','WSS244Name',3,1,3,'serviceprovider','https://serviceprovider.com'),('WSS245','WSS245Name',3,1,3,'serviceprovider','https://serviceprovider.com'),('WSS246','WSS246Name',3,1,3,'serviceprovider','https://serviceprovider.com'),('WSS247','WSS247Name',3,1,3,'serviceprovider','https://serviceprovider.com'),('WSS248','WSS248Name',3,1,3,'serviceprovider','https://serviceprovider.com'),('WSS249','WSS249Name',3,1,3,'serviceprovider','https://serviceprovider.com'),('WSS25','WSS25Name',3,1,3,'serviceprovider','https://serviceprovider.com'),('WSS250','WSS250Name',3,1,3,'serviceprovider','https://serviceprovider.com'),('WSS251','WSS251Name',3,1,3,'serviceprovider','https://serviceprovider.com'),('WSS252','WSS252Name',3,1,3,'serviceprovider','https://serviceprovider.com'),('WSS253','WSS253Name',3,1,3,'serviceprovider','https://serviceprovider.com'),('WSS254','WSS254Name',3,1,3,'serviceprovider','https://serviceprovider.com'),('WSS255','WSS255Name',3,1,3,'serviceprovider','https://serviceprovider.com'),('WSS256','WSS256Name',3,1,3,'serviceprovider','https://serviceprovider.com'),('WSS257','WSS257Name',3,1,3,'serviceprovider','https://serviceprovider.com'),('WSS258','WSS258Name',3,1,3,'serviceprovider','https://serviceprovider.com'),('WSS259','WSS259Name',3,1,3,'serviceprovider','https://serviceprovider.com'),('WSS26','WSS26Name',3,1,3,'serviceprovider','https://serviceprovider.com'),('WSS260','WSS260Name',3,1,3,'serviceprovider','https://serviceprovider.com'),('WSS261','WSS261Name',3,1,3,'serviceprovider','https://serviceprovider.com'),('WSS262','WSS262Name',3,1,3,'serviceprovider','https://serviceprovider.com'),('WSS263','WSS263Name',3,1,3,'serviceprovider','https://serviceprovider.com'),('WSS264','WSS264Name',3,1,3,'serviceprovider','https://serviceprovider.com'),('WSS265','WSS265Name',3,1,3,'serviceprovider','https://serviceprovider.com'),('WSS266','WSS266Name',3,1,3,'serviceprovider','https://serviceprovider.com'),('WSS267','WSS267Name',3,1,3,'serviceprovider','https://serviceprovider.com'),('WSS268','WSS268Name',3,1,3,'serviceprovider','https://serviceprovider.com'),('WSS269','WSS269Name',3,1,3,'serviceprovider','https://serviceprovider.com'),('WSS27','WSS27Name',3,1,3,'serviceprovider','https://serviceprovider.com'),('WSS270','WSS270Name',3,1,3,'serviceprovider','https://serviceprovider.com'),('WSS271','WSS271Name',3,1,3,'serviceprovider','https://serviceprovider.com'),('WSS272','WSS272Name',3,1,3,'serviceprovider','https://serviceprovider.com'),('WSS273','WSS273Name',3,1,3,'serviceprovider','https://serviceprovider.com'),('WSS274','WSS274Name',3,1,3,'serviceprovider','https://serviceprovider.com'),('WSS275','WSS275Name',3,1,3,'serviceprovider','https://serviceprovider.com'),('WSS276','WSS276Name',3,1,3,'serviceprovider','https://serviceprovider.com'),('WSS277','WSS277Name',3,1,3,'serviceprovider','https://serviceprovider.com'),('WSS278','WSS278Name',3,1,3,'serviceprovider','https://serviceprovider.com'),('WSS279','WSS279Name',3,1,3,'serviceprovider','https://serviceprovider.com'),('WSS28','WSS28Name',3,1,3,'serviceprovider','https://serviceprovider.com'),('WSS280','WSS280Name',3,1,3,'serviceprovider','https://serviceprovider.com'),('WSS281','WSS281Name',3,1,3,'serviceprovider','https://serviceprovider.com'),('WSS282','WSS282Name',3,1,3,'serviceprovider','https://serviceprovider.com'),('WSS283','WSS283Name',3,1,3,'serviceprovider','https://serviceprovider.com'),('WSS284','WSS284Name',3,1,3,'serviceprovider','https://serviceprovider.com'),('WSS285','WSS285Name',3,1,3,'serviceprovider','https://serviceprovider.com'),('WSS286','WSS286Name',3,1,3,'serviceprovider','https://serviceprovider.com'),('WSS287','WSS287Name',3,1,3,'serviceprovider','https://serviceprovider.com'),('WSS288','WSS288Name',3,1,3,'serviceprovider','https://serviceprovider.com'),('WSS289','WSS289Name',3,1,3,'serviceprovider','https://serviceprovider.com'),('WSS29','WSS29Name',3,1,3,'serviceprovider','https://serviceprovider.com'),('WSS290','WSS290Name',3,1,3,'serviceprovider','https://serviceprovider.com'),('WSS291','WSS291Name',3,1,3,'serviceprovider','https://serviceprovider.com'),('WSS292','WSS292Name',3,1,3,'serviceprovider','https://serviceprovider.com'),('WSS293','WSS293Name',3,1,3,'serviceprovider','https://serviceprovider.com'),('WSS294','WSS294Name',3,1,3,'serviceprovider','https://serviceprovider.com'),('WSS295','WSS295Name',3,1,3,'serviceprovider','https://serviceprovider.com'),('WSS296','WSS296Name',3,1,3,'serviceprovider','https://serviceprovider.com'),('WSS297','WSS297Name',3,1,3,'serviceprovider','https://serviceprovider.com'),('WSS298','WSS298Name',3,1,3,'serviceprovider','https://serviceprovider.com'),('WSS299','WSS299Name',3,1,3,'serviceprovider','https://serviceprovider.com'),('WSS3','WSS3Name',3,1,3,'serviceprovider','https://serviceprovider.com'),('WSS30','WSS30Name',3,1,3,'serviceprovider','https://serviceprovider.com'),('WSS300','WSS300Name',3,1,3,'serviceprovider','https://serviceprovider.com'),('WSS301','WSS301Name',3,1,3,'serviceprovider','https://serviceprovider.com'),('WSS302','WSS302Name',3,1,3,'serviceprovider','https://serviceprovider.com'),('WSS303','WSS303Name',3,1,3,'serviceprovider','https://serviceprovider.com'),('WSS304','WSS304Name',3,1,3,'serviceprovider','https://serviceprovider.com'),('WSS305','WSS305Name',3,1,3,'serviceprovider','https://serviceprovider.com'),('WSS306','WSS306Name',3,1,3,'serviceprovider','https://serviceprovider.com'),('WSS307','WSS307Name',3,1,3,'serviceprovider','https://serviceprovider.com'),('WSS308','WSS308Name',3,1,3,'serviceprovider','https://serviceprovider.com'),('WSS309','WSS309Name',3,1,3,'serviceprovider','https://serviceprovider.com'),('WSS31','WSS31Name',3,1,3,'serviceprovider','https://serviceprovider.com'),('WSS310','WSS310Name',3,1,3,'serviceprovider','https://serviceprovider.com'),('WSS311','WSS311Name',3,1,3,'serviceprovider','https://serviceprovider.com'),('WSS312','WSS312Name',3,1,3,'serviceprovider','https://serviceprovider.com'),('WSS313','WSS313Name',3,1,3,'serviceprovider','https://serviceprovider.com'),('WSS314','WSS314Name',3,1,3,'serviceprovider','https://serviceprovider.com'),('WSS315','WSS315Name',3,1,3,'serviceprovider','https://serviceprovider.com'),('WSS316','WSS316Name',3,1,3,'serviceprovider','https://serviceprovider.com'),('WSS317','WSS317Name',3,1,3,'serviceprovider','https://serviceprovider.com'),('WSS318','WSS318Name',3,1,3,'serviceprovider','https://serviceprovider.com'),('WSS319','WSS319Name',3,1,3,'serviceprovider','https://serviceprovider.com'),('WSS32','WSS32Name',3,1,3,'serviceprovider','https://serviceprovider.com'),('WSS320','WSS320Name',3,1,3,'serviceprovider','https://serviceprovider.com'),('WSS321','WSS321Name',3,1,3,'serviceprovider','https://serviceprovider.com'),('WSS322','WSS322Name',3,1,3,'serviceprovider','https://serviceprovider.com'),('WSS323','WSS323Name',3,1,3,'serviceprovider','https://serviceprovider.com'),('WSS324','WSS324Name',3,1,3,'serviceprovider','https://serviceprovider.com'),('WSS325','WSS325Name',3,1,3,'serviceprovider','https://serviceprovider.com'),('WSS326','WSS326Name',3,1,3,'serviceprovider','https://serviceprovider.com'),('WSS327','WSS327Name',3,1,3,'serviceprovider','https://serviceprovider.com'),('WSS328','WSS328Name',3,1,3,'serviceprovider','https://serviceprovider.com'),('WSS329','WSS329Name',3,1,3,'serviceprovider','https://serviceprovider.com'),('WSS33','WSS33Name',3,1,3,'serviceprovider','https://serviceprovider.com'),('WSS330','WSS330Name',3,1,3,'serviceprovider','https://serviceprovider.com'),('WSS331','WSS331Name',3,1,3,'serviceprovider','https://serviceprovider.com'),('WSS332','WSS332Name',3,1,3,'serviceprovider','https://serviceprovider.com'),('WSS333','WSS333Name',3,1,3,'serviceprovider','https://serviceprovider.com'),('WSS334','WSS334Name',3,1,3,'serviceprovider','https://serviceprovider.com'),('WSS335','WSS335Name',3,1,3,'serviceprovider','https://serviceprovider.com'),('WSS336','WSS336Name',3,1,3,'serviceprovider','https://serviceprovider.com'),('WSS337','WSS337Name',3,1,3,'serviceprovider','https://serviceprovider.com'),('WSS338','WSS338Name',3,1,3,'serviceprovider','https://serviceprovider.com'),('WSS339','WSS339Name',3,1,3,'serviceprovider','https://serviceprovider.com'),('WSS34','WSS34Name',3,1,3,'serviceprovider','https://serviceprovider.com'),('WSS340','WSS340Name',3,1,3,'serviceprovider','https://serviceprovider.com'),('WSS341','WSS341Name',3,1,3,'serviceprovider','https://serviceprovider.com'),('WSS342','WSS342Name',3,1,3,'serviceprovider','https://serviceprovider.com'),('WSS343','WSS343Name',3,1,3,'serviceprovider','https://serviceprovider.com'),('WSS344','WSS344Name',3,1,3,'serviceprovider','https://serviceprovider.com'),('WSS345','WSS345Name',3,1,3,'serviceprovider','https://serviceprovider.com'),('WSS346','WSS346Name',3,1,3,'serviceprovider','https://serviceprovider.com'),('WSS347','WSS347Name',3,1,3,'serviceprovider','https://serviceprovider.com'),('WSS348','WSS348Name',3,1,3,'serviceprovider','https://serviceprovider.com'),('WSS349','WSS349Name',3,1,3,'serviceprovider','https://serviceprovider.com'),('WSS35','WSS35Name',3,1,3,'serviceprovider','https://serviceprovider.com'),('WSS350','WSS350Name',3,1,3,'serviceprovider','https://serviceprovider.com'),('WSS351','WSS351Name',3,1,3,'serviceprovider','https://serviceprovider.com'),('WSS352','WSS352Name',3,1,3,'serviceprovider','https://serviceprovider.com'),('WSS353','WSS353Name',3,1,3,'serviceprovider','https://serviceprovider.com'),('WSS354','WSS354Name',3,1,3,'serviceprovider','https://serviceprovider.com'),('WSS355','WSS355Name',3,1,3,'serviceprovider','https://serviceprovider.com'),('WSS356','WSS356Name',3,1,3,'serviceprovider','https://serviceprovider.com'),('WSS357','WSS357Name',3,1,3,'serviceprovider','https://serviceprovider.com'),('WSS358','WSS358Name',3,1,3,'serviceprovider','https://serviceprovider.com'),('WSS359','WSS359Name',3,1,3,'serviceprovider','https://serviceprovider.com'),('WSS36','WSS36Name',3,1,3,'serviceprovider','https://serviceprovider.com'),('WSS360','WSS360Name',3,1,3,'serviceprovider','https://serviceprovider.com'),('WSS361','WSS361Name',3,1,3,'serviceprovider','https://serviceprovider.com'),('WSS362','WSS362Name',3,1,3,'serviceprovider','https://serviceprovider.com'),('WSS363','WSS363Name',3,1,3,'serviceprovider','https://serviceprovider.com'),('WSS364','WSS364Name',3,1,3,'serviceprovider','https://serviceprovider.com'),('WSS365','WSS365Name',3,1,3,'serviceprovider','https://serviceprovider.com'),('WSS366','WSS366Name',3,1,3,'serviceprovider','https://serviceprovider.com'),('WSS367','WSS367Name',3,1,3,'serviceprovider','https://serviceprovider.com'),('WSS368','WSS368Name',3,1,3,'serviceprovider','https://serviceprovider.com'),('WSS369','WSS369Name',3,1,3,'serviceprovider','https://serviceprovider.com'),('WSS37','WSS37Name',3,1,3,'serviceprovider','https://serviceprovider.com'),('WSS370','WSS370Name',3,1,3,'serviceprovider','https://serviceprovider.com'),('WSS371','WSS371Name',3,1,3,'serviceprovider','https://serviceprovider.com'),('WSS372','WSS372Name',3,1,3,'serviceprovider','https://serviceprovider.com'),('WSS373','WSS373Name',3,1,3,'serviceprovider','https://serviceprovider.com'),('WSS374','WSS374Name',3,1,3,'serviceprovider','https://serviceprovider.com'),('WSS375','WSS375Name',3,1,3,'serviceprovider','https://serviceprovider.com'),('WSS376','WSS376Name',3,1,3,'serviceprovider','https://serviceprovider.com'),('WSS377','WSS377Name',3,1,3,'serviceprovider','https://serviceprovider.com'),('WSS378','WSS378Name',3,1,3,'serviceprovider','https://serviceprovider.com'),('WSS379','WSS379Name',3,1,3,'serviceprovider','https://serviceprovider.com'),('WSS38','WSS38Name',3,1,3,'serviceprovider','https://serviceprovider.com'),('WSS380','WSS380Name',3,1,3,'serviceprovider','https://serviceprovider.com'),('WSS381','WSS381Name',3,1,3,'serviceprovider','https://serviceprovider.com'),('WSS382','WSS382Name',3,1,3,'serviceprovider','https://serviceprovider.com'),('WSS383','WSS383Name',3,1,3,'serviceprovider','https://serviceprovider.com'),('WSS384','WSS384Name',3,1,3,'serviceprovider','https://serviceprovider.com'),('WSS385','WSS385Name',3,1,3,'serviceprovider','https://serviceprovider.com'),('WSS386','WSS386Name',3,1,3,'serviceprovider','https://serviceprovider.com'),('WSS387','WSS387Name',3,1,3,'serviceprovider','https://serviceprovider.com'),('WSS388','WSS388Name',3,1,3,'serviceprovider','https://serviceprovider.com'),('WSS389','WSS389Name',3,1,3,'serviceprovider','https://serviceprovider.com'),('WSS39','WSS39Name',3,1,3,'serviceprovider','https://serviceprovider.com'),('WSS390','WSS390Name',3,1,3,'serviceprovider','https://serviceprovider.com'),('WSS391','WSS391Name',3,1,3,'serviceprovider','https://serviceprovider.com'),('WSS392','WSS392Name',3,1,3,'serviceprovider','https://serviceprovider.com'),('WSS393','WSS393Name',3,1,3,'serviceprovider','https://serviceprovider.com'),('WSS394','WSS394Name',3,1,3,'serviceprovider','https://serviceprovider.com'),('WSS395','WSS395Name',3,1,3,'serviceprovider','https://serviceprovider.com'),('WSS396','WSS396Name',3,1,3,'serviceprovider','https://serviceprovider.com'),('WSS397','WSS397Name',3,1,3,'serviceprovider','https://serviceprovider.com'),('WSS398','WSS398Name',3,1,3,'serviceprovider','https://serviceprovider.com'),('WSS399','WSS399Name',3,1,3,'serviceprovider','https://serviceprovider.com'),('WSS4','WSS4Name',3,1,3,'serviceprovider','https://serviceprovider.com'),('WSS40','WSS40Name',3,1,3,'serviceprovider','https://serviceprovider.com'),('WSS400','WSS400Name',3,1,3,'serviceprovider','https://serviceprovider.com'),('WSS401','WSS401Name',3,1,3,'serviceprovider','https://serviceprovider.com'),('WSS402','WSS402Name',3,1,3,'serviceprovider','https://serviceprovider.com'),('WSS403','WSS403Name',3,1,3,'serviceprovider','https://serviceprovider.com'),('WSS404','WSS404Name',3,1,3,'serviceprovider','https://serviceprovider.com'),('WSS405','WSS405Name',3,1,3,'serviceprovider','https://serviceprovider.com'),('WSS406','WSS406Name',3,1,3,'serviceprovider','https://serviceprovider.com'),('WSS407','WSS407Name',3,1,3,'serviceprovider','https://serviceprovider.com'),('WSS408','WSS408Name',3,1,3,'serviceprovider','https://serviceprovider.com'),('WSS409','WSS409Name',3,1,3,'serviceprovider','https://serviceprovider.com'),('WSS41','WSS41Name',3,1,3,'serviceprovider','https://serviceprovider.com'),('WSS410','WSS410Name',3,1,3,'serviceprovider','https://serviceprovider.com'),('WSS411','WSS411Name',3,1,3,'serviceprovider','https://serviceprovider.com'),('WSS412','WSS412Name',3,1,3,'serviceprovider','https://serviceprovider.com'),('WSS413','WSS413Name',3,1,3,'serviceprovider','https://serviceprovider.com'),('WSS414','WSS414Name',3,1,3,'serviceprovider','https://serviceprovider.com'),('WSS415','WSS415Name',3,1,3,'serviceprovider','https://serviceprovider.com'),('WSS416','WSS416Name',3,1,3,'serviceprovider','https://serviceprovider.com'),('WSS417','WSS417Name',3,1,3,'serviceprovider','https://serviceprovider.com'),('WSS418','WSS418Name',3,1,3,'serviceprovider','https://serviceprovider.com'),('WSS419','WSS419Name',3,1,3,'serviceprovider','https://serviceprovider.com'),('WSS42','WSS42Name',3,1,3,'serviceprovider','https://serviceprovider.com'),('WSS420','WSS420Name',3,1,3,'serviceprovider','https://serviceprovider.com'),('WSS421','WSS421Name',3,1,3,'serviceprovider','https://serviceprovider.com'),('WSS422','WSS422Name',3,1,3,'serviceprovider','https://serviceprovider.com'),('WSS423','WSS423Name',3,1,3,'serviceprovider','https://serviceprovider.com'),('WSS424','WSS424Name',3,1,3,'serviceprovider','https://serviceprovider.com'),('WSS425','WSS425Name',3,1,3,'serviceprovider','https://serviceprovider.com'),('WSS426','WSS426Name',3,1,3,'serviceprovider','https://serviceprovider.com'),('WSS427','WSS427Name',3,1,3,'serviceprovider','https://serviceprovider.com'),('WSS428','WSS428Name',3,1,3,'serviceprovider','https://serviceprovider.com'),('WSS429','WSS429Name',3,1,3,'serviceprovider','https://serviceprovider.com'),('WSS43','WSS43Name',3,1,3,'serviceprovider','https://serviceprovider.com'),('WSS430','WSS430Name',3,1,3,'serviceprovider','https://serviceprovider.com'),('WSS431','WSS431Name',3,1,3,'serviceprovider','https://serviceprovider.com'),('WSS432','WSS432Name',3,1,3,'serviceprovider','https://serviceprovider.com'),('WSS433','WSS433Name',3,1,3,'serviceprovider','https://serviceprovider.com'),('WSS434','WSS434Name',3,1,3,'serviceprovider','https://serviceprovider.com'),('WSS435','WSS435Name',3,1,3,'serviceprovider','https://serviceprovider.com'),('WSS436','WSS436Name',3,1,3,'serviceprovider','https://serviceprovider.com'),('WSS437','WSS437Name',3,1,3,'serviceprovider','https://serviceprovider.com'),('WSS438','WSS438Name',3,1,3,'serviceprovider','https://serviceprovider.com'),('WSS439','WSS439Name',3,1,3,'serviceprovider','https://serviceprovider.com'),('WSS44','WSS44Name',3,1,3,'serviceprovider','https://serviceprovider.com'),('WSS440','WSS440Name',3,1,3,'serviceprovider','https://serviceprovider.com'),('WSS441','WSS441Name',3,1,3,'serviceprovider','https://serviceprovider.com'),('WSS442','WSS442Name',3,1,3,'serviceprovider','https://serviceprovider.com'),('WSS443','WSS443Name',3,1,3,'serviceprovider','https://serviceprovider.com'),('WSS444','WSS444Name',3,1,3,'serviceprovider','https://serviceprovider.com'),('WSS445','WSS445Name',3,1,3,'serviceprovider','https://serviceprovider.com'),('WSS446','WSS446Name',3,1,3,'serviceprovider','https://serviceprovider.com'),('WSS447','WSS447Name',3,1,3,'serviceprovider','https://serviceprovider.com'),('WSS448','WSS448Name',3,1,3,'serviceprovider','https://serviceprovider.com'),('WSS449','WSS449Name',3,1,3,'serviceprovider','https://serviceprovider.com'),('WSS45','WSS45Name',3,1,3,'serviceprovider','https://serviceprovider.com'),('WSS450','WSS450Name',3,1,3,'serviceprovider','https://serviceprovider.com'),('WSS451','WSS451Name',3,1,3,'serviceprovider','https://serviceprovider.com'),('WSS452','WSS452Name',3,1,3,'serviceprovider','https://serviceprovider.com'),('WSS453','WSS453Name',3,1,3,'serviceprovider','https://serviceprovider.com'),('WSS454','WSS454Name',3,1,3,'serviceprovider','https://serviceprovider.com'),('WSS455','WSS455Name',3,1,3,'serviceprovider','https://serviceprovider.com'),('WSS456','WSS456Name',3,1,3,'serviceprovider','https://serviceprovider.com'),('WSS457','WSS457Name',3,1,3,'serviceprovider','https://serviceprovider.com'),('WSS458','WSS458Name',3,1,3,'serviceprovider','https://serviceprovider.com'),('WSS459','WSS459Name',3,1,3,'serviceprovider','https://serviceprovider.com'),('WSS46','WSS46Name',3,1,3,'serviceprovider','https://serviceprovider.com'),('WSS460','WSS460Name',3,1,3,'serviceprovider','https://serviceprovider.com'),('WSS461','WSS461Name',3,1,3,'serviceprovider','https://serviceprovider.com'),('WSS462','WSS462Name',3,1,3,'serviceprovider','https://serviceprovider.com'),('WSS463','WSS463Name',3,1,3,'serviceprovider','https://serviceprovider.com'),('WSS464','WSS464Name',3,1,3,'serviceprovider','https://serviceprovider.com'),('WSS465','WSS465Name',3,1,3,'serviceprovider','https://serviceprovider.com'),('WSS466','WSS466Name',3,1,3,'serviceprovider','https://serviceprovider.com'),('WSS467','WSS467Name',3,1,3,'serviceprovider','https://serviceprovider.com'),('WSS468','WSS468Name',3,1,3,'serviceprovider','https://serviceprovider.com'),('WSS469','WSS469Name',3,1,3,'serviceprovider','https://serviceprovider.com'),('WSS47','WSS47Name',3,1,3,'serviceprovider','https://serviceprovider.com'),('WSS470','WSS470Name',3,1,3,'serviceprovider','https://serviceprovider.com'),('WSS471','WSS471Name',3,1,3,'serviceprovider','https://serviceprovider.com'),('WSS472','WSS472Name',3,1,3,'serviceprovider','https://serviceprovider.com'),('WSS473','WSS473Name',3,1,3,'serviceprovider','https://serviceprovider.com'),('WSS474','WSS474Name',3,1,3,'serviceprovider','https://serviceprovider.com'),('WSS475','WSS475Name',3,1,3,'serviceprovider','https://serviceprovider.com'),('WSS476','WSS476Name',3,1,3,'serviceprovider','https://serviceprovider.com'),('WSS477','WSS477Name',3,1,3,'serviceprovider','https://serviceprovider.com'),('WSS478','WSS478Name',3,1,3,'serviceprovider','https://serviceprovider.com'),('WSS479','WSS479Name',3,1,3,'serviceprovider','https://serviceprovider.com'),('WSS48','WSS48Name',3,1,3,'serviceprovider','https://serviceprovider.com'),('WSS480','WSS480Name',3,1,3,'serviceprovider','https://serviceprovider.com'),('WSS481','WSS481Name',3,1,3,'serviceprovider','https://serviceprovider.com'),('WSS482','WSS482Name',3,1,3,'serviceprovider','https://serviceprovider.com'),('WSS483','WSS483Name',3,1,3,'serviceprovider','https://serviceprovider.com'),('WSS484','WSS484Name',3,1,3,'serviceprovider','https://serviceprovider.com'),('WSS485','WSS485Name',3,1,3,'serviceprovider','https://serviceprovider.com'),('WSS486','WSS486Name',3,1,3,'serviceprovider','https://serviceprovider.com'),('WSS487','WSS487Name',3,1,3,'serviceprovider','https://serviceprovider.com'),('WSS488','WSS488Name',3,1,3,'serviceprovider','https://serviceprovider.com'),('WSS489','WSS489Name',3,1,3,'serviceprovider','https://serviceprovider.com'),('WSS49','WSS49Name',3,1,3,'serviceprovider','https://serviceprovider.com'),('WSS490','WSS490Name',3,1,3,'serviceprovider','https://serviceprovider.com'),('WSS491','WSS491Name',3,1,3,'serviceprovider','https://serviceprovider.com'),('WSS492','WSS492Name',3,1,3,'serviceprovider','https://serviceprovider.com'),('WSS493','WSS493Name',3,1,3,'serviceprovider','https://serviceprovider.com'),('WSS494','WSS494Name',3,1,3,'serviceprovider','https://serviceprovider.com'),('WSS495','WSS495Name',3,1,3,'serviceprovider','https://serviceprovider.com'),('WSS496','WSS496Name',3,1,3,'serviceprovider','https://serviceprovider.com'),('WSS497','WSS497Name',3,1,3,'serviceprovider','https://serviceprovider.com'),('WSS498','WSS498Name',3,1,3,'serviceprovider','https://serviceprovider.com'),('WSS499','WSS499Name',3,1,3,'serviceprovider','https://serviceprovider.com'),('WSS5','WSS5Name',3,1,3,'serviceprovider','https://serviceprovider.com'),('WSS50','WSS50Name',3,1,3,'serviceprovider','https://serviceprovider.com'),('WSS500','WSS500Name',3,1,3,'serviceprovider','https://serviceprovider.com'),('WSS51','WSS51Name',3,1,3,'serviceprovider','https://serviceprovider.com'),('WSS52','WSS52Name',3,1,3,'serviceprovider','https://serviceprovider.com'),('WSS53','WSS53Name',3,1,3,'serviceprovider','https://serviceprovider.com'),('WSS54','WSS54Name',3,1,3,'serviceprovider','https://serviceprovider.com'),('WSS55','WSS55Name',3,1,3,'serviceprovider','https://serviceprovider.com'),('WSS56','WSS56Name',3,1,3,'serviceprovider','https://serviceprovider.com'),('WSS57','WSS57Name',3,1,3,'serviceprovider','https://serviceprovider.com'),('WSS58','WSS58Name',3,1,3,'serviceprovider','https://serviceprovider.com'),('WSS59','WSS59Name',3,1,3,'serviceprovider','https://serviceprovider.com'),('WSS6','WSS6Name',3,1,3,'serviceprovider','https://serviceprovider.com'),('WSS60','WSS60Name',3,1,3,'serviceprovider','https://serviceprovider.com'),('WSS61','WSS61Name',3,1,3,'serviceprovider','https://serviceprovider.com'),('WSS62','WSS62Name',3,1,3,'serviceprovider','https://serviceprovider.com'),('WSS63','WSS63Name',3,1,3,'serviceprovider','https://serviceprovider.com'),('WSS64','WSS64Name',3,1,3,'serviceprovider','https://serviceprovider.com'),('WSS65','WSS65Name',3,1,3,'serviceprovider','https://serviceprovider.com'),('WSS66','WSS66Name',3,1,3,'serviceprovider','https://serviceprovider.com'),('WSS67','WSS67Name',3,1,3,'serviceprovider','https://serviceprovider.com'),('WSS68','WSS68Name',3,1,3,'serviceprovider','https://serviceprovider.com'),('WSS69','WSS69Name',3,1,3,'serviceprovider','https://serviceprovider.com'),('WSS7','WSS7Name',3,1,3,'serviceprovider','https://serviceprovider.com'),('WSS70','WSS70Name',3,1,3,'serviceprovider','https://serviceprovider.com'),('WSS71','WSS71Name',3,1,3,'serviceprovider','https://serviceprovider.com'),('WSS72','WSS72Name',3,1,3,'serviceprovider','https://serviceprovider.com'),('WSS73','WSS73Name',3,1,3,'serviceprovider','https://serviceprovider.com'),('WSS74','WSS74Name',3,1,3,'serviceprovider','https://serviceprovider.com'),('WSS75','WSS75Name',3,1,3,'serviceprovider','https://serviceprovider.com'),('WSS76','WSS76Name',3,1,3,'serviceprovider','https://serviceprovider.com'),('WSS77','WSS77Name',3,1,3,'serviceprovider','https://serviceprovider.com'),('WSS78','WSS78Name',3,1,3,'serviceprovider','https://serviceprovider.com'),('WSS79','WSS79Name',3,1,3,'serviceprovider','https://serviceprovider.com'),('WSS8','WSS8Name',3,1,3,'serviceprovider','https://serviceprovider.com'),('WSS80','WSS80Name',3,1,3,'serviceprovider','https://serviceprovider.com'),('WSS81','WSS81Name',3,1,3,'serviceprovider','https://serviceprovider.com'),('WSS82','WSS82Name',3,1,3,'serviceprovider','https://serviceprovider.com'),('WSS83','WSS83Name',3,1,3,'serviceprovider','https://serviceprovider.com'),('WSS84','WSS84Name',3,1,3,'serviceprovider','https://serviceprovider.com'),('WSS85','WSS85Name',3,1,3,'serviceprovider','https://serviceprovider.com'),('WSS86','WSS86Name',3,1,3,'serviceprovider','https://serviceprovider.com'),('WSS87','WSS87Name',3,1,3,'serviceprovider','https://serviceprovider.com'),('WSS88','WSS88Name',3,1,3,'serviceprovider','https://serviceprovider.com'),('WSS89','WSS89Name',3,1,3,'serviceprovider','https://serviceprovider.com'),('WSS9','WSS9Name',3,1,3,'serviceprovider','https://serviceprovider.com'),('WSS90','WSS90Name',3,1,3,'serviceprovider','https://serviceprovider.com'),('WSS91','WSS91Name',3,1,3,'serviceprovider','https://serviceprovider.com'),('WSS92','WSS92Name',3,1,3,'serviceprovider','https://serviceprovider.com'),('WSS93','WSS93Name',3,1,3,'serviceprovider','https://serviceprovider.com'),('WSS94','WSS94Name',3,1,3,'serviceprovider','https://serviceprovider.com'),('WSS95','WSS95Name',3,1,3,'serviceprovider','https://serviceprovider.com'),('WSS96','WSS96Name',3,1,3,'serviceprovider','https://serviceprovider.com'),('WSS97','WSS97Name',3,1,3,'serviceprovider','https://serviceprovider.com'),('WSS98','WSS98Name',3,1,3,'serviceprovider','https://serviceprovider.com'),('WSS99','WSS99Name',3,1,3,'serviceprovider','https://serviceprovider.com');
/*!40000 ALTER TABLE `webservicelist` ENABLE KEYS */;
UNLOCK TABLES;
/*!40103 SET TIME_ZONE=@OLD_TIME_ZONE */;

/*!40101 SET SQL_MODE=@OLD_SQL_MODE */;
/*!40014 SET FOREIGN_KEY_CHECKS=@OLD_FOREIGN_KEY_CHECKS */;
/*!40014 SET UNIQUE_CHECKS=@OLD_UNIQUE_CHECKS */;
/*!40101 SET CHARACTER_SET_CLIENT=@OLD_CHARACTER_SET_CLIENT */;
/*!40101 SET CHARACTER_SET_RESULTS=@OLD_CHARACTER_SET_RESULTS */;
/*!40101 SET COLLATION_CONNECTION=@OLD_COLLATION_CONNECTION */;
/*!40111 SET SQL_NOTES=@OLD_SQL_NOTES */;

-- Dump completed on 2023-06-30 10:21:40
