-- MySQL dump 10.13  Distrib 8.0.32, for Win64 (x86_64)
--
-- Host: localhost    Database: autowscs
-- ------------------------------------------------------
-- Server version	8.0.32

/*!40101 SET @OLD_CHARACTER_SET_CLIENT=@@CHARACTER_SET_CLIENT */;
/*!40101 SET @OLD_CHARACTER_SET_RESULTS=@@CHARACTER_SET_RESULTS */;
/*!40101 SET @OLD_COLLATION_CONNECTION=@@COLLATION_CONNECTION */;
/*!50503 SET NAMES utf8mb4 */;
/*!40103 SET @OLD_TIME_ZONE=@@TIME_ZONE */;
/*!40103 SET TIME_ZONE='+00:00' */;
/*!40014 SET @OLD_UNIQUE_CHECKS=@@UNIQUE_CHECKS, UNIQUE_CHECKS=0 */;
/*!40014 SET @OLD_FOREIGN_KEY_CHECKS=@@FOREIGN_KEY_CHECKS, FOREIGN_KEY_CHECKS=0 */;
/*!40101 SET @OLD_SQL_MODE=@@SQL_MODE, SQL_MODE='NO_AUTO_VALUE_ON_ZERO' */;
/*!40111 SET @OLD_SQL_NOTES=@@SQL_NOTES, SQL_NOTES=0 */;

--
-- Table structure for table `auth_group`
--

DROP TABLE IF EXISTS `auth_group`;
/*!40101 SET @saved_cs_client     = @@character_set_client */;
/*!50503 SET character_set_client = utf8mb4 */;
CREATE TABLE `auth_group` (
  `id` int NOT NULL AUTO_INCREMENT,
  `name` varchar(80) NOT NULL,
  PRIMARY KEY (`id`),
  UNIQUE KEY `name` (`name`)
) ENGINE=InnoDB DEFAULT CHARSET=latin1;
/*!40101 SET character_set_client = @saved_cs_client */;

--
-- Dumping data for table `auth_group`
--

LOCK TABLES `auth_group` WRITE;
/*!40000 ALTER TABLE `auth_group` DISABLE KEYS */;
/*!40000 ALTER TABLE `auth_group` ENABLE KEYS */;
UNLOCK TABLES;

--
-- Table structure for table `auth_group_permissions`
--

DROP TABLE IF EXISTS `auth_group_permissions`;
/*!40101 SET @saved_cs_client     = @@character_set_client */;
/*!50503 SET character_set_client = utf8mb4 */;
CREATE TABLE `auth_group_permissions` (
  `id` int NOT NULL AUTO_INCREMENT,
  `group_id` int NOT NULL,
  `permission_id` int NOT NULL,
  PRIMARY KEY (`id`),
  UNIQUE KEY `auth_group_permissions_group_id_permission_id_0cd325b0_uniq` (`group_id`,`permission_id`),
  KEY `auth_group_permissio_permission_id_84c5c92e_fk_auth_perm` (`permission_id`),
  CONSTRAINT `auth_group_permissio_permission_id_84c5c92e_fk_auth_perm` FOREIGN KEY (`permission_id`) REFERENCES `auth_permission` (`id`),
  CONSTRAINT `auth_group_permissions_group_id_b120cbf9_fk_auth_group_id` FOREIGN KEY (`group_id`) REFERENCES `auth_group` (`id`)
) ENGINE=InnoDB DEFAULT CHARSET=latin1;
/*!40101 SET character_set_client = @saved_cs_client */;

--
-- Dumping data for table `auth_group_permissions`
--

LOCK TABLES `auth_group_permissions` WRITE;
/*!40000 ALTER TABLE `auth_group_permissions` DISABLE KEYS */;
/*!40000 ALTER TABLE `auth_group_permissions` ENABLE KEYS */;
UNLOCK TABLES;

--
-- Table structure for table `auth_permission`
--

DROP TABLE IF EXISTS `auth_permission`;
/*!40101 SET @saved_cs_client     = @@character_set_client */;
/*!50503 SET character_set_client = utf8mb4 */;
CREATE TABLE `auth_permission` (
  `id` int NOT NULL AUTO_INCREMENT,
  `name` varchar(255) NOT NULL,
  `content_type_id` int NOT NULL,
  `codename` varchar(100) NOT NULL,
  PRIMARY KEY (`id`),
  UNIQUE KEY `auth_permission_content_type_id_codename_01ab375a_uniq` (`content_type_id`,`codename`),
  CONSTRAINT `auth_permission_content_type_id_2f476e4b_fk_django_co` FOREIGN KEY (`content_type_id`) REFERENCES `django_content_type` (`id`)
) ENGINE=InnoDB AUTO_INCREMENT=25 DEFAULT CHARSET=latin1;
/*!40101 SET character_set_client = @saved_cs_client */;

--
-- Dumping data for table `auth_permission`
--

LOCK TABLES `auth_permission` WRITE;
/*!40000 ALTER TABLE `auth_permission` DISABLE KEYS */;
INSERT INTO `auth_permission` VALUES (1,'Can add log entry',1,'add_logentry'),(2,'Can change log entry',1,'change_logentry'),(3,'Can delete log entry',1,'delete_logentry'),(4,'Can view log entry',1,'view_logentry'),(5,'Can add permission',2,'add_permission'),(6,'Can change permission',2,'change_permission'),(7,'Can delete permission',2,'delete_permission'),(8,'Can view permission',2,'view_permission'),(9,'Can add group',3,'add_group'),(10,'Can change group',3,'change_group'),(11,'Can delete group',3,'delete_group'),(12,'Can view group',3,'view_group'),(13,'Can add user',4,'add_user'),(14,'Can change user',4,'change_user'),(15,'Can delete user',4,'delete_user'),(16,'Can view user',4,'view_user'),(17,'Can add content type',5,'add_contenttype'),(18,'Can change content type',5,'change_contenttype'),(19,'Can delete content type',5,'delete_contenttype'),(20,'Can view content type',5,'view_contenttype'),(21,'Can add session',6,'add_session'),(22,'Can change session',6,'change_session'),(23,'Can delete session',6,'delete_session'),(24,'Can view session',6,'view_session');
/*!40000 ALTER TABLE `auth_permission` ENABLE KEYS */;
UNLOCK TABLES;

--
-- Table structure for table `auth_user`
--

DROP TABLE IF EXISTS `auth_user`;
/*!40101 SET @saved_cs_client     = @@character_set_client */;
/*!50503 SET character_set_client = utf8mb4 */;
CREATE TABLE `auth_user` (
  `id` int NOT NULL AUTO_INCREMENT,
  `password` varchar(128) NOT NULL,
  `last_login` datetime(6) DEFAULT NULL,
  `is_superuser` tinyint(1) NOT NULL,
  `username` varchar(150) NOT NULL,
  `first_name` varchar(30) NOT NULL,
  `last_name` varchar(150) NOT NULL,
  `email` varchar(254) NOT NULL,
  `is_staff` tinyint(1) NOT NULL,
  `is_active` tinyint(1) NOT NULL,
  `date_joined` datetime(6) NOT NULL,
  PRIMARY KEY (`id`),
  UNIQUE KEY `username` (`username`)
) ENGINE=InnoDB AUTO_INCREMENT=2 DEFAULT CHARSET=latin1;
/*!40101 SET character_set_client = @saved_cs_client */;

--
-- Dumping data for table `auth_user`
--

LOCK TABLES `auth_user` WRITE;
/*!40000 ALTER TABLE `auth_user` DISABLE KEYS */;
INSERT INTO `auth_user` VALUES (1,'pbkdf2_sha256$120000$t1PV0MeFrM2P$mdFVt5O/PMrM6U6PP4ei7LDjVNuN0OJi97bq+oRxpQg=','2020-10-19 22:21:14.385392',0,'kgayke','','','k2gaike@gmail.com',0,1,'2020-10-19 22:21:13.589791');
/*!40000 ALTER TABLE `auth_user` ENABLE KEYS */;
UNLOCK TABLES;

--
-- Table structure for table `auth_user_groups`
--

DROP TABLE IF EXISTS `auth_user_groups`;
/*!40101 SET @saved_cs_client     = @@character_set_client */;
/*!50503 SET character_set_client = utf8mb4 */;
CREATE TABLE `auth_user_groups` (
  `id` int NOT NULL AUTO_INCREMENT,
  `user_id` int NOT NULL,
  `group_id` int NOT NULL,
  PRIMARY KEY (`id`),
  UNIQUE KEY `auth_user_groups_user_id_group_id_94350c0c_uniq` (`user_id`,`group_id`),
  KEY `auth_user_groups_group_id_97559544_fk_auth_group_id` (`group_id`),
  CONSTRAINT `auth_user_groups_group_id_97559544_fk_auth_group_id` FOREIGN KEY (`group_id`) REFERENCES `auth_group` (`id`),
  CONSTRAINT `auth_user_groups_user_id_6a12ed8b_fk_auth_user_id` FOREIGN KEY (`user_id`) REFERENCES `auth_user` (`id`)
) ENGINE=InnoDB DEFAULT CHARSET=latin1;
/*!40101 SET character_set_client = @saved_cs_client */;

--
-- Dumping data for table `auth_user_groups`
--

LOCK TABLES `auth_user_groups` WRITE;
/*!40000 ALTER TABLE `auth_user_groups` DISABLE KEYS */;
/*!40000 ALTER TABLE `auth_user_groups` ENABLE KEYS */;
UNLOCK TABLES;

--
-- Table structure for table `auth_user_user_permissions`
--

DROP TABLE IF EXISTS `auth_user_user_permissions`;
/*!40101 SET @saved_cs_client     = @@character_set_client */;
/*!50503 SET character_set_client = utf8mb4 */;
CREATE TABLE `auth_user_user_permissions` (
  `id` int NOT NULL AUTO_INCREMENT,
  `user_id` int NOT NULL,
  `permission_id` int NOT NULL,
  PRIMARY KEY (`id`),
  UNIQUE KEY `auth_user_user_permissions_user_id_permission_id_14a6b632_uniq` (`user_id`,`permission_id`),
  KEY `auth_user_user_permi_permission_id_1fbb5f2c_fk_auth_perm` (`permission_id`),
  CONSTRAINT `auth_user_user_permi_permission_id_1fbb5f2c_fk_auth_perm` FOREIGN KEY (`permission_id`) REFERENCES `auth_permission` (`id`),
  CONSTRAINT `auth_user_user_permissions_user_id_a95ead1b_fk_auth_user_id` FOREIGN KEY (`user_id`) REFERENCES `auth_user` (`id`)
) ENGINE=InnoDB DEFAULT CHARSET=latin1;
/*!40101 SET character_set_client = @saved_cs_client */;

--
-- Dumping data for table `auth_user_user_permissions`
--

LOCK TABLES `auth_user_user_permissions` WRITE;
/*!40000 ALTER TABLE `auth_user_user_permissions` DISABLE KEYS */;
/*!40000 ALTER TABLE `auth_user_user_permissions` ENABLE KEYS */;
UNLOCK TABLES;

--
-- Table structure for table `careerpath`
--

DROP TABLE IF EXISTS `careerpath`;
/*!40101 SET @saved_cs_client     = @@character_set_client */;
/*!50503 SET character_set_client = utf8mb4 */;
CREATE TABLE `careerpath` (
  `careerPathID` char(4) NOT NULL,
  `careerPathName` varchar(50) DEFAULT NULL,
  PRIMARY KEY (`careerPathID`)
) ENGINE=InnoDB DEFAULT CHARSET=latin1;
/*!40101 SET character_set_client = @saved_cs_client */;

--
-- Dumping data for table `careerpath`
--

LOCK TABLES `careerpath` WRITE;
/*!40000 ALTER TABLE `careerpath` DISABLE KEYS */;
INSERT INTO `careerpath` VALUES ('C100','Data Analyst');
/*!40000 ALTER TABLE `careerpath` ENABLE KEYS */;
UNLOCK TABLES;

--
-- Table structure for table `django_admin_log`
--

DROP TABLE IF EXISTS `django_admin_log`;
/*!40101 SET @saved_cs_client     = @@character_set_client */;
/*!50503 SET character_set_client = utf8mb4 */;
CREATE TABLE `django_admin_log` (
  `id` int NOT NULL AUTO_INCREMENT,
  `action_time` datetime(6) NOT NULL,
  `object_id` longtext,
  `object_repr` varchar(200) NOT NULL,
  `action_flag` smallint unsigned NOT NULL,
  `change_message` longtext NOT NULL,
  `content_type_id` int DEFAULT NULL,
  `user_id` int NOT NULL,
  PRIMARY KEY (`id`),
  KEY `django_admin_log_content_type_id_c4bce8eb_fk_django_co` (`content_type_id`),
  KEY `django_admin_log_user_id_c564eba6_fk_auth_user_id` (`user_id`),
  CONSTRAINT `django_admin_log_content_type_id_c4bce8eb_fk_django_co` FOREIGN KEY (`content_type_id`) REFERENCES `django_content_type` (`id`),
  CONSTRAINT `django_admin_log_user_id_c564eba6_fk_auth_user_id` FOREIGN KEY (`user_id`) REFERENCES `auth_user` (`id`)
) ENGINE=InnoDB DEFAULT CHARSET=latin1;
/*!40101 SET character_set_client = @saved_cs_client */;

--
-- Dumping data for table `django_admin_log`
--

LOCK TABLES `django_admin_log` WRITE;
/*!40000 ALTER TABLE `django_admin_log` DISABLE KEYS */;
/*!40000 ALTER TABLE `django_admin_log` ENABLE KEYS */;
UNLOCK TABLES;

--
-- Table structure for table `django_content_type`
--

DROP TABLE IF EXISTS `django_content_type`;
/*!40101 SET @saved_cs_client     = @@character_set_client */;
/*!50503 SET character_set_client = utf8mb4 */;
CREATE TABLE `django_content_type` (
  `id` int NOT NULL AUTO_INCREMENT,
  `app_label` varchar(100) NOT NULL,
  `model` varchar(100) NOT NULL,
  PRIMARY KEY (`id`),
  UNIQUE KEY `django_content_type_app_label_model_76bd3d3b_uniq` (`app_label`,`model`)
) ENGINE=InnoDB AUTO_INCREMENT=7 DEFAULT CHARSET=latin1;
/*!40101 SET character_set_client = @saved_cs_client */;

--
-- Dumping data for table `django_content_type`
--

LOCK TABLES `django_content_type` WRITE;
/*!40000 ALTER TABLE `django_content_type` DISABLE KEYS */;
INSERT INTO `django_content_type` VALUES (1,'admin','logentry'),(3,'auth','group'),(2,'auth','permission'),(4,'auth','user'),(5,'contenttypes','contenttype'),(6,'sessions','session');
/*!40000 ALTER TABLE `django_content_type` ENABLE KEYS */;
UNLOCK TABLES;

--
-- Table structure for table `django_migrations`
--

DROP TABLE IF EXISTS `django_migrations`;
/*!40101 SET @saved_cs_client     = @@character_set_client */;
/*!50503 SET character_set_client = utf8mb4 */;
CREATE TABLE `django_migrations` (
  `id` int NOT NULL AUTO_INCREMENT,
  `app` varchar(255) NOT NULL,
  `name` varchar(255) NOT NULL,
  `applied` datetime(6) NOT NULL,
  PRIMARY KEY (`id`)
) ENGINE=InnoDB AUTO_INCREMENT=16 DEFAULT CHARSET=latin1;
/*!40101 SET character_set_client = @saved_cs_client */;

--
-- Dumping data for table `django_migrations`
--

LOCK TABLES `django_migrations` WRITE;
/*!40000 ALTER TABLE `django_migrations` DISABLE KEYS */;
INSERT INTO `django_migrations` VALUES (1,'contenttypes','0001_initial','2020-03-09 23:45:06.538733'),(2,'auth','0001_initial','2020-03-09 23:45:10.018233'),(3,'admin','0001_initial','2020-03-09 23:45:11.118233'),(4,'admin','0002_logentry_remove_auto_add','2020-03-09 23:45:11.139233'),(5,'admin','0003_logentry_add_action_flag_choices','2020-03-09 23:45:11.169233'),(6,'contenttypes','0002_remove_content_type_name','2020-03-09 23:45:11.498233'),(7,'auth','0002_alter_permission_name_max_length','2020-03-09 23:45:11.539233'),(8,'auth','0003_alter_user_email_max_length','2020-03-09 23:45:11.619233'),(9,'auth','0004_alter_user_username_opts','2020-03-09 23:45:11.629233'),(10,'auth','0005_alter_user_last_login_null','2020-03-09 23:45:11.770233'),(11,'auth','0006_require_contenttypes_0002','2020-03-09 23:45:11.810233'),(12,'auth','0007_alter_validators_add_error_messages','2020-03-09 23:45:11.820233'),(13,'auth','0008_alter_user_username_max_length','2020-03-09 23:45:11.831233'),(14,'auth','0009_alter_user_last_name_max_length','2020-03-09 23:45:11.949233'),(15,'sessions','0001_initial','2020-03-09 23:45:12.140233');
/*!40000 ALTER TABLE `django_migrations` ENABLE KEYS */;
UNLOCK TABLES;

--
-- Table structure for table `django_session`
--

DROP TABLE IF EXISTS `django_session`;
/*!40101 SET @saved_cs_client     = @@character_set_client */;
/*!50503 SET character_set_client = utf8mb4 */;
CREATE TABLE `django_session` (
  `session_key` varchar(40) NOT NULL,
  `session_data` longtext NOT NULL,
  `expire_date` datetime(6) NOT NULL,
  PRIMARY KEY (`session_key`),
  KEY `django_session_expire_date_a5c62663` (`expire_date`)
) ENGINE=InnoDB DEFAULT CHARSET=latin1;
/*!40101 SET character_set_client = @saved_cs_client */;

--
-- Dumping data for table `django_session`
--

LOCK TABLES `django_session` WRITE;
/*!40000 ALTER TABLE `django_session` DISABLE KEYS */;
INSERT INTO `django_session` VALUES ('tyl1c5xdi2x8x2jwg76rgv4m7k8zrh9f','Y2FhMTEwYWE3NTdhZjlkMTFkYzhlMDM0OGM4NTU4YzVjZGQwZDM0Njp7Il9hdXRoX3VzZXJfaWQiOiIxIiwiX2F1dGhfdXNlcl9iYWNrZW5kIjoiZGphbmdvLmNvbnRyaWIuYXV0aC5iYWNrZW5kcy5Nb2RlbEJhY2tlbmQiLCJfYXV0aF91c2VyX2hhc2giOiJmMzIyNjA4ZWY3OTQ5MWYwMTUwOGMyMDFlMDIzZmRjNjI3MTU4N2IzIn0=','2020-11-02 22:21:14.400992');
/*!40000 ALTER TABLE `django_session` ENABLE KEYS */;
UNLOCK TABLES;

--
-- Table structure for table `initialgoalparameter`
--

DROP TABLE IF EXISTS `initialgoalparameter`;
/*!40101 SET @saved_cs_client     = @@character_set_client */;
/*!50503 SET character_set_client = utf8mb4 */;
CREATE TABLE `initialgoalparameter` (
  `transactionID` bigint NOT NULL,
  `iorg` varchar(10) NOT NULL,
  `parameterID` varchar(10) NOT NULL,
  PRIMARY KEY (`transactionID`,`iorg`,`parameterID`),
  KEY `knowledgeID` (`parameterID`),
  CONSTRAINT `initialgoalparameter_ibfk_1` FOREIGN KEY (`parameterID`) REFERENCES `parameterlist` (`parameterID`)
) ENGINE=InnoDB DEFAULT CHARSET=latin1;
/*!40101 SET character_set_client = @saved_cs_client */;

--
-- Dumping data for table `initialgoalparameter`
--

LOCK TABLES `initialgoalparameter` WRITE;
/*!40000 ALTER TABLE `initialgoalparameter` DISABLE KEYS */;
INSERT INTO `initialgoalparameter` VALUES (1,'I','p1'),(2,'G','p1'),(3,'G','p1'),(4,'G','p1'),(5,'G','p1'),(6,'G','p1'),(7,'G','p1'),(11,'G','p1'),(12,'G','p1'),(14,'G','p1'),(17,'G','p1'),(19,'I','p1'),(22,'I','p1'),(23,'G','p1'),(24,'I','p1'),(25,'G','p1'),(26,'G','p1'),(27,'G','p1'),(28,'I','p1'),(29,'I','p1'),(1,'G','p10'),(2,'I','p10'),(5,'G','p10'),(6,'I','p10'),(7,'G','p10'),(8,'I','p10'),(9,'I','p10'),(10,'I','p10'),(11,'G','p10'),(13,'G','p10'),(14,'I','p10'),(17,'G','p10'),(18,'G','p10'),(19,'G','p10'),(20,'G','p10'),(23,'G','p10'),(24,'G','p10'),(27,'G','p10'),(2,'G','p11'),(3,'G','p11'),(6,'G','p11'),(7,'G','p11'),(8,'G','p11'),(9,'I','p11'),(10,'G','p11'),(11,'G','p11'),(12,'I','p11'),(13,'G','p11'),(14,'G','p11'),(15,'I','p11'),(16,'G','p11'),(17,'I','p11'),(20,'G','p11'),(21,'G','p11'),(22,'G','p11'),(23,'I','p11'),(24,'G','p11'),(26,'G','p11'),(28,'G','p11'),(30,'G','p11'),(2,'G','p12'),(5,'I','p12'),(10,'I','p12'),(14,'I','p12'),(15,'I','p12'),(16,'I','p12'),(17,'G','p12'),(20,'G','p12'),(21,'G','p12'),(22,'G','p12'),(25,'G','p12'),(27,'G','p12'),(29,'I','p12'),(30,'I','p12'),(1,'I','p13'),(5,'G','p13'),(6,'I','p13'),(7,'G','p13'),(10,'G','p13'),(12,'G','p13'),(14,'G','p13'),(16,'I','p13'),(17,'G','p13'),(19,'I','p13'),(20,'I','p13'),(22,'G','p13'),(23,'G','p13'),(25,'G','p13'),(27,'G','p13'),(28,'G','p13'),(29,'I','p13'),(30,'I','p13'),(1,'G','p14'),(2,'G','p14'),(4,'G','p14'),(5,'G','p14'),(6,'G','p14'),(8,'G','p14'),(9,'I','p14'),(10,'G','p14'),(11,'G','p14'),(12,'I','p14'),(13,'I','p14'),(15,'G','p14'),(16,'G','p14'),(18,'G','p14'),(20,'I','p14'),(23,'G','p14'),(24,'G','p14'),(25,'G','p14'),(26,'G','p14'),(27,'G','p14'),(29,'G','p14'),(4,'G','p15'),(5,'I','p15'),(6,'G','p15'),(8,'I','p15'),(9,'G','p15'),(10,'G','p15'),(11,'I','p15'),(12,'G','p15'),(13,'G','p15'),(14,'G','p15'),(15,'I','p15'),(16,'G','p15'),(17,'G','p15'),(18,'I','p15'),(19,'G','p15'),(20,'G','p15'),(21,'I','p15'),(23,'G','p15'),(24,'I','p15'),(25,'G','p15'),(26,'G','p15'),(28,'I','p15'),(1,'G','p16'),(3,'G','p16'),(4,'I','p16'),(6,'G','p16'),(8,'I','p16'),(9,'G','p16'),(11,'G','p16'),(12,'G','p16'),(13,'G','p16'),(17,'I','p16'),(18,'G','p16'),(19,'G','p16'),(20,'G','p16'),(21,'G','p16'),(22,'I','p16'),(24,'G','p16'),(25,'G','p16'),(27,'I','p16'),(28,'I','p16'),(29,'G','p16'),(30,'G','p16'),(2,'I','p17'),(3,'G','p17'),(4,'I','p17'),(5,'I','p17'),(8,'I','p17'),(10,'G','p17'),(12,'I','p17'),(13,'G','p17'),(14,'G','p17'),(15,'G','p17'),(18,'G','p17'),(20,'I','p17'),(22,'I','p17'),(23,'I','p17'),(28,'G','p17'),(29,'G','p17'),(30,'I','p17'),(2,'G','p18'),(3,'I','p18'),(4,'G','p18'),(6,'I','p18'),(7,'G','p18'),(8,'G','p18'),(9,'G','p18'),(12,'G','p18'),(15,'I','p18'),(16,'I','p18'),(17,'I','p18'),(18,'I','p18'),(19,'G','p18'),(20,'G','p18'),(24,'G','p18'),(25,'G','p18'),(27,'G','p18'),(28,'G','p18'),(30,'G','p18'),(1,'G','p19'),(2,'G','p19'),(3,'I','p19'),(4,'G','p19'),(7,'I','p19'),(9,'G','p19'),(11,'G','p19'),(13,'I','p19'),(14,'G','p19'),(15,'G','p19'),(16,'G','p19'),(19,'G','p19'),(21,'G','p19'),(22,'G','p19'),(23,'G','p19'),(24,'G','p19'),(25,'I','p19'),(26,'I','p19'),(28,'G','p19'),(29,'G','p19'),(5,'I','p2'),(9,'G','p2'),(10,'I','p2'),(15,'G','p2'),(16,'I','p2'),(18,'G','p2'),(20,'I','p2'),(22,'G','p2'),(26,'I','p2'),(27,'I','p2'),(28,'I','p2'),(29,'G','p2'),(30,'G','p2'),(1,'G','p20'),(6,'G','p20'),(7,'I','p20'),(11,'I','p20'),(13,'G','p20'),(16,'G','p20'),(17,'G','p20'),(18,'G','p20'),(19,'G','p20'),(20,'G','p20'),(23,'I','p20'),(26,'G','p20'),(27,'I','p20'),(30,'G','p20'),(1,'G','p3'),(3,'G','p3'),(4,'G','p3'),(5,'G','p3'),(11,'G','p3'),(12,'G','p3'),(13,'G','p3'),(15,'G','p3'),(16,'G','p3'),(17,'I','p3'),(21,'G','p3'),(23,'G','p3'),(24,'G','p3'),(26,'I','p3'),(29,'I','p3'),(2,'G','p4'),(3,'G','p4'),(4,'I','p4'),(7,'G','p4'),(8,'G','p4'),(9,'I','p4'),(10,'I','p4'),(11,'G','p4'),(19,'G','p4'),(21,'G','p4'),(22,'G','p4'),(24,'I','p4'),(27,'G','p4'),(30,'G','p4'),(2,'I','p5'),(3,'G','p5'),(5,'G','p5'),(6,'I','p5'),(7,'I','p5'),(8,'G','p5'),(9,'G','p5'),(12,'I','p5'),(13,'G','p5'),(18,'I','p5'),(21,'G','p5'),(22,'I','p5'),(24,'G','p5'),(25,'G','p5'),(26,'G','p5'),(30,'I','p5'),(1,'G','p6'),(3,'I','p6'),(7,'I','p6'),(8,'G','p6'),(9,'G','p6'),(11,'I','p6'),(13,'I','p6'),(14,'I','p6'),(15,'G','p6'),(17,'G','p6'),(18,'G','p6'),(19,'I','p6'),(21,'G','p6'),(22,'G','p6'),(25,'I','p6'),(26,'G','p6'),(27,'I','p6'),(28,'G','p6'),(29,'G','p6'),(1,'G','p7'),(2,'G','p7'),(3,'I','p7'),(4,'G','p7'),(5,'G','p7'),(6,'G','p7'),(10,'G','p7'),(14,'G','p7'),(15,'G','p7'),(17,'G','p7'),(21,'I','p7'),(23,'I','p7'),(26,'I','p7'),(28,'G','p7'),(29,'G','p7'),(30,'G','p7'),(1,'I','p8'),(4,'G','p8'),(6,'G','p8'),(7,'G','p8'),(8,'G','p8'),(10,'G','p8'),(12,'G','p8'),(14,'I','p8'),(15,'G','p8'),(16,'G','p8'),(18,'G','p8'),(19,'G','p8'),(21,'I','p8'),(23,'G','p8'),(25,'I','p8'),(26,'G','p8'),(27,'G','p8'),(1,'I','p9'),(2,'I','p9'),(3,'G','p9'),(4,'I','p9'),(5,'G','p9'),(7,'G','p9'),(8,'G','p9'),(9,'G','p9'),(10,'G','p9'),(11,'I','p9'),(12,'G','p9'),(13,'I','p9'),(14,'G','p9'),(16,'G','p9'),(18,'I','p9'),(19,'I','p9'),(20,'G','p9'),(21,'I','p9'),(22,'G','p9'),(24,'I','p9'),(25,'I','p9'),(28,'G','p9'),(29,'G','p9'),(30,'G','p9');
/*!40000 ALTER TABLE `initialgoalparameter` ENABLE KEYS */;
UNLOCK TABLES;

--
-- Table structure for table `inputparameter`
--

DROP TABLE IF EXISTS `inputparameter`;
/*!40101 SET @saved_cs_client     = @@character_set_client */;
/*!50503 SET character_set_client = utf8mb4 */;
CREATE TABLE `inputparameter` (
  `webServiceID` varchar(10) NOT NULL,
  `parameterID` varchar(10) NOT NULL,
  PRIMARY KEY (`webServiceID`,`parameterID`),
  KEY `knowledgeID` (`parameterID`)
) ENGINE=InnoDB DEFAULT CHARSET=latin1;
/*!40101 SET character_set_client = @saved_cs_client */;

--
-- Dumping data for table `inputparameter`
--

LOCK TABLES `inputparameter` WRITE;
/*!40000 ALTER TABLE `inputparameter` DISABLE KEYS */;
INSERT INTO `inputparameter` VALUES ('WSS101','p1'),('WSS105','p1'),('WSS110','p1'),('WSS131','p1'),('WSS140','p1'),('WSS142','p1'),('WSS171','p1'),('WSS172','p1'),('WSS173','p1'),('WSS201','p1'),('WSS202','p1'),('WSS209','p1'),('WSS236','p1'),('WSS237','p1'),('WSS248','p1'),('WSS273','p1'),('WSS283','p1'),('WSS312','p1'),('WSS316','p1'),('WSS326','p1'),('WSS328','p1'),('WSS331','p1'),('WSS334','p1'),('WSS348','p1'),('WSS363','p1'),('WSS372','p1'),('WSS38','p1'),('WSS386','p1'),('WSS398','p1'),('WSS417','p1'),('WSS424','p1'),('WSS428','p1'),('WSS434','p1'),('WSS435','p1'),('WSS44','p1'),('WSS444','p1'),('WSS449','p1'),('WSS464','p1'),('WSS47','p1'),('WSS472','p1'),('WSS474','p1'),('WSS489','p1'),('WSS49','p1'),('WSS5','p1'),('WSS508','p1'),('WSS513','p1'),('WSS517','p1'),('WSS526','p1'),('WSS532','p1'),('WSS566','p1'),('WSS575','p1'),('WSS577','p1'),('WSS578','p1'),('WSS580','p1'),('WSS597','p1'),('WSS599','p1'),('WSS64','p1'),('WSS65','p1'),('WSS76','p1'),('WSS9','p1'),('WSS92','p1'),('WSS93','p1'),('WSS102','p10'),('WSS104','p10'),('WSS111','p10'),('WSS113','p10'),('WSS12','p10'),('WSS121','p10'),('WSS130','p10'),('WSS138','p10'),('WSS143','p10'),('WSS152','p10'),('WSS154','p10'),('WSS155','p10'),('WSS157','p10'),('WSS158','p10'),('WSS16','p10'),('WSS193','p10'),('WSS199','p10'),('WSS217','p10'),('WSS23','p10'),('WSS233','p10'),('WSS235','p10'),('WSS237','p10'),('WSS239','p10'),('WSS242','p10'),('WSS257','p10'),('WSS26','p10'),('WSS264','p10'),('WSS268','p10'),('WSS275','p10'),('WSS285','p10'),('WSS303','p10'),('WSS307','p10'),('WSS315','p10'),('WSS338','p10'),('WSS345','p10'),('WSS346','p10'),('WSS347','p10'),('WSS361','p10'),('WSS370','p10'),('WSS379','p10'),('WSS380','p10'),('WSS383','p10'),('WSS396','p10'),('WSS401','p10'),('WSS405','p10'),('WSS411','p10'),('WSS414','p10'),('WSS420','p10'),('WSS455','p10'),('WSS456','p10'),('WSS458','p10'),('WSS468','p10'),('WSS48','p10'),('WSS496','p10'),('WSS502','p10'),('WSS51','p10'),('WSS511','p10'),('WSS52','p10'),('WSS526','p10'),('WSS53','p10'),('WSS542','p10'),('WSS555','p10'),('WSS560','p10'),('WSS573','p10'),('WSS595','p10'),('WSS80','p10'),('WSS94','p10'),('WSS100','p11'),('WSS116','p11'),('WSS117','p11'),('WSS129','p11'),('WSS135','p11'),('WSS137','p11'),('WSS138','p11'),('WSS139','p11'),('WSS140','p11'),('WSS15','p11'),('WSS165','p11'),('WSS190','p11'),('WSS204','p11'),('WSS214','p11'),('WSS218','p11'),('WSS222','p11'),('WSS226','p11'),('WSS227','p11'),('WSS228','p11'),('WSS247','p11'),('WSS248','p11'),('WSS249','p11'),('WSS251','p11'),('WSS262','p11'),('WSS263','p11'),('WSS303','p11'),('WSS309','p11'),('WSS320','p11'),('WSS342','p11'),('WSS343','p11'),('WSS351','p11'),('WSS369','p11'),('WSS374','p11'),('WSS385','p11'),('WSS401','p11'),('WSS423','p11'),('WSS426','p11'),('WSS433','p11'),('WSS438','p11'),('WSS439','p11'),('WSS446','p11'),('WSS452','p11'),('WSS463','p11'),('WSS464','p11'),('WSS5','p11'),('WSS50','p11'),('WSS522','p11'),('WSS533','p11'),('WSS535','p11'),('WSS555','p11'),('WSS559','p11'),('WSS565','p11'),('WSS591','p11'),('WSS6','p11'),('WSS70','p11'),('WSS73','p11'),('WSS81','p11'),('WSS84','p11'),('WSS11','p12'),('WSS112','p12'),('WSS126','p12'),('WSS147','p12'),('WSS159','p12'),('WSS160','p12'),('WSS161','p12'),('WSS163','p12'),('WSS170','p12'),('WSS19','p12'),('WSS195','p12'),('WSS230','p12'),('WSS236','p12'),('WSS247','p12'),('WSS264','p12'),('WSS28','p12'),('WSS284','p12'),('WSS295','p12'),('WSS299','p12'),('WSS302','p12'),('WSS305','p12'),('WSS308','p12'),('WSS321','p12'),('WSS327','p12'),('WSS330','p12'),('WSS336','p12'),('WSS341','p12'),('WSS354','p12'),('WSS362','p12'),('WSS368','p12'),('WSS375','p12'),('WSS383','p12'),('WSS389','p12'),('WSS4','p12'),('WSS404','p12'),('WSS416','p12'),('WSS418','p12'),('WSS427','p12'),('WSS456','p12'),('WSS466','p12'),('WSS473','p12'),('WSS483','p12'),('WSS488','p12'),('WSS491','p12'),('WSS495','p12'),('WSS507','p12'),('WSS51','p12'),('WSS513','p12'),('WSS532','p12'),('WSS550','p12'),('WSS558','p12'),('WSS590','p12'),('WSS74','p12'),('WSS75','p12'),('WSS88','p12'),('WSS90','p12'),('WSS92','p12'),('WSS93','p12'),('WSS108','p13'),('WSS114','p13'),('WSS118','p13'),('WSS125','p13'),('WSS154','p13'),('WSS18','p13'),('WSS182','p13'),('WSS186','p13'),('WSS19','p13'),('WSS209','p13'),('WSS21','p13'),('WSS233','p13'),('WSS244','p13'),('WSS259','p13'),('WSS260','p13'),('WSS287','p13'),('WSS294','p13'),('WSS312','p13'),('WSS316','p13'),('WSS333','p13'),('WSS34','p13'),('WSS356','p13'),('WSS379','p13'),('WSS38','p13'),('WSS381','p13'),('WSS382','p13'),('WSS387','p13'),('WSS39','p13'),('WSS394','p13'),('WSS437','p13'),('WSS442','p13'),('WSS443','p13'),('WSS45','p13'),('WSS450','p13'),('WSS461','p13'),('WSS471','p13'),('WSS509','p13'),('WSS514','p13'),('WSS517','p13'),('WSS529','p13'),('WSS541','p13'),('WSS543','p13'),('WSS547','p13'),('WSS562','p13'),('WSS564','p13'),('WSS569','p13'),('WSS588','p13'),('WSS598','p13'),('WSS7','p13'),('WSS71','p13'),('WSS86','p13'),('WSS91','p13'),('WSS95','p13'),('WSS98','p13'),('WSS107','p14'),('WSS119','p14'),('WSS14','p14'),('WSS153','p14'),('WSS155','p14'),('WSS156','p14'),('WSS16','p14'),('WSS164','p14'),('WSS174','p14'),('WSS176','p14'),('WSS197','p14'),('WSS198','p14'),('WSS203','p14'),('WSS207','p14'),('WSS22','p14'),('WSS225','p14'),('WSS245','p14'),('WSS249','p14'),('WSS274','p14'),('WSS30','p14'),('WSS310','p14'),('WSS327','p14'),('WSS328','p14'),('WSS336','p14'),('WSS34','p14'),('WSS350','p14'),('WSS367','p14'),('WSS371','p14'),('WSS389','p14'),('WSS398','p14'),('WSS399','p14'),('WSS4','p14'),('WSS413','p14'),('WSS428','p14'),('WSS429','p14'),('WSS431','p14'),('WSS440','p14'),('WSS453','p14'),('WSS454','p14'),('WSS46','p14'),('WSS477','p14'),('WSS485','p14'),('WSS497','p14'),('WSS50','p14'),('WSS501','p14'),('WSS506','p14'),('WSS515','p14'),('WSS52','p14'),('WSS524','p14'),('WSS541','p14'),('WSS55','p14'),('WSS556','p14'),('WSS585','p14'),('WSS597','p14'),('WSS61','p14'),('WSS66','p14'),('WSS68','p14'),('WSS69','p14'),('WSS79','p14'),('WSS8','p14'),('WSS91','p14'),('WSS99','p14'),('WSS124','p15'),('WSS133','p15'),('WSS149','p15'),('WSS153','p15'),('WSS168','p15'),('WSS17','p15'),('WSS174','p15'),('WSS177','p15'),('WSS190','p15'),('WSS210','p15'),('WSS215','p15'),('WSS223','p15'),('WSS263','p15'),('WSS27','p15'),('WSS270','p15'),('WSS276','p15'),('WSS299','p15'),('WSS300','p15'),('WSS313','p15'),('WSS314','p15'),('WSS315','p15'),('WSS322','p15'),('WSS323','p15'),('WSS358','p15'),('WSS39','p15'),('WSS391','p15'),('WSS393','p15'),('WSS406','p15'),('WSS41','p15'),('WSS416','p15'),('WSS42','p15'),('WSS422','p15'),('WSS431','p15'),('WSS460','p15'),('WSS462','p15'),('WSS465','p15'),('WSS466','p15'),('WSS469','p15'),('WSS473','p15'),('WSS497','p15'),('WSS502','p15'),('WSS514','p15'),('WSS523','p15'),('WSS527','p15'),('WSS552','p15'),('WSS561','p15'),('WSS579','p15'),('WSS58','p15'),('WSS581','p15'),('WSS583','p15'),('WSS70','p15'),('WSS75','p15'),('WSS78','p15'),('WSS82','p15'),('WSS96','p15'),('WSS101','p16'),('WSS128','p16'),('WSS141','p16'),('WSS151','p16'),('WSS169','p16'),('WSS187','p16'),('WSS2','p16'),('WSS200','p16'),('WSS206','p16'),('WSS207','p16'),('WSS213','p16'),('WSS220','p16'),('WSS225','p16'),('WSS226','p16'),('WSS269','p16'),('WSS271','p16'),('WSS285','p16'),('WSS286','p16'),('WSS292','p16'),('WSS297','p16'),('WSS3','p16'),('WSS301','p16'),('WSS339','p16'),('WSS340','p16'),('WSS343','p16'),('WSS344','p16'),('WSS351','p16'),('WSS357','p16'),('WSS360','p16'),('WSS375','p16'),('WSS376','p16'),('WSS380','p16'),('WSS385','p16'),('WSS406','p16'),('WSS41','p16'),('WSS419','p16'),('WSS447','p16'),('WSS457','p16'),('WSS486','p16'),('WSS494','p16'),('WSS515','p16'),('WSS518','p16'),('WSS531','p16'),('WSS549','p16'),('WSS55','p16'),('WSS580','p16'),('WSS594','p16'),('WSS64','p16'),('WSS65','p16'),('WSS71','p16'),('WSS72','p16'),('WSS83','p16'),('WSS89','p16'),('WSS10','p17'),('WSS114','p17'),('WSS120','p17'),('WSS13','p17'),('WSS134','p17'),('WSS136','p17'),('WSS145','p17'),('WSS149','p17'),('WSS184','p17'),('WSS185','p17'),('WSS187','p17'),('WSS203','p17'),('WSS205','p17'),('WSS215','p17'),('WSS216','p17'),('WSS240','p17'),('WSS244','p17'),('WSS245','p17'),('WSS262','p17'),('WSS265','p17'),('WSS27','p17'),('WSS292','p17'),('WSS307','p17'),('WSS317','p17'),('WSS326','p17'),('WSS329','p17'),('WSS330','p17'),('WSS355','p17'),('WSS360','p17'),('WSS361','p17'),('WSS394','p17'),('WSS395','p17'),('WSS40','p17'),('WSS420','p17'),('WSS445','p17'),('WSS449','p17'),('WSS454','p17'),('WSS455','p17'),('WSS459','p17'),('WSS47','p17'),('WSS475','p17'),('WSS480','p17'),('WSS534','p17'),('WSS537','p17'),('WSS54','p17'),('WSS552','p17'),('WSS556','p17'),('WSS56','p17'),('WSS57','p17'),('WSS570','p17'),('WSS584','p17'),('WSS586','p17'),('WSS6','p17'),('WSS60','p17'),('WSS67','p17'),('WSS69','p17'),('WSS79','p17'),('WSS94','p17'),('WSS115','p18'),('WSS122','p18'),('WSS123','p18'),('WSS145','p18'),('WSS175','p18'),('WSS177','p18'),('WSS180','p18'),('WSS189','p18'),('WSS20','p18'),('WSS208','p18'),('WSS212','p18'),('WSS218','p18'),('WSS221','p18'),('WSS228','p18'),('WSS229','p18'),('WSS24','p18'),('WSS252','p18'),('WSS272','p18'),('WSS287','p18'),('WSS297','p18'),('WSS3','p18'),('WSS320','p18'),('WSS331','p18'),('WSS354','p18'),('WSS359','p18'),('WSS37','p18'),('WSS371','p18'),('WSS373','p18'),('WSS374','p18'),('WSS376','p18'),('WSS378','p18'),('WSS386','p18'),('WSS393','p18'),('WSS402','p18'),('WSS409','p18'),('WSS44','p18'),('WSS443','p18'),('WSS452','p18'),('WSS467','p18'),('WSS469','p18'),('WSS480','p18'),('WSS482','p18'),('WSS492','p18'),('WSS493','p18'),('WSS494','p18'),('WSS495','p18'),('WSS501','p18'),('WSS509','p18'),('WSS520','p18'),('WSS53','p18'),('WSS534','p18'),('WSS535','p18'),('WSS539','p18'),('WSS547','p18'),('WSS548','p18'),('WSS549','p18'),('WSS559','p18'),('WSS574','p18'),('WSS593','p18'),('WSS596','p18'),('WSS66','p18'),('WSS85','p18'),('WSS95','p18'),('WSS106','p19'),('WSS115','p19'),('WSS137','p19'),('WSS148','p19'),('WSS160','p19'),('WSS165','p19'),('WSS166','p19'),('WSS171','p19'),('WSS181','p19'),('WSS192','p19'),('WSS211','p19'),('WSS221','p19'),('WSS238','p19'),('WSS239','p19'),('WSS251','p19'),('WSS255','p19'),('WSS277','p19'),('WSS279','p19'),('WSS286','p19'),('WSS288','p19'),('WSS296','p19'),('WSS302','p19'),('WSS313','p19'),('WSS325','p19'),('WSS333','p19'),('WSS334','p19'),('WSS344','p19'),('WSS357','p19'),('WSS36','p19'),('WSS382','p19'),('WSS395','p19'),('WSS404','p19'),('WSS407','p19'),('WSS413','p19'),('WSS42','p19'),('WSS421','p19'),('WSS429','p19'),('WSS430','p19'),('WSS442','p19'),('WSS451','p19'),('WSS468','p19'),('WSS470','p19'),('WSS487','p19'),('WSS510','p19'),('WSS512','p19'),('WSS529','p19'),('WSS531','p19'),('WSS539','p19'),('WSS542','p19'),('WSS557','p19'),('WSS565','p19'),('WSS567','p19'),('WSS589','p19'),('WSS592','p19'),('WSS596','p19'),('WSS60','p19'),('WSS61','p19'),('WSS76','p19'),('WSS81','p19'),('WSS85','p19'),('WSS89','p19'),('WSS1','p2'),('WSS103','p2'),('WSS11','p2'),('WSS120','p2'),('WSS122','p2'),('WSS131','p2'),('WSS139','p2'),('WSS150','p2'),('WSS183','p2'),('WSS193','p2'),('WSS199','p2'),('WSS212','p2'),('WSS213','p2'),('WSS232','p2'),('WSS256','p2'),('WSS258','p2'),('WSS261','p2'),('WSS269','p2'),('WSS270','p2'),('WSS277','p2'),('WSS282','p2'),('WSS290','p2'),('WSS306','p2'),('WSS318','p2'),('WSS32','p2'),('WSS342','p2'),('WSS352','p2'),('WSS358','p2'),('WSS373','p2'),('WSS390','p2'),('WSS392','p2'),('WSS40','p2'),('WSS402','p2'),('WSS415','p2'),('WSS425','p2'),('WSS436','p2'),('WSS448','p2'),('WSS45','p2'),('WSS458','p2'),('WSS49','p2'),('WSS496','p2'),('WSS500','p2'),('WSS503','p2'),('WSS512','p2'),('WSS521','p2'),('WSS525','p2'),('WSS533','p2'),('WSS538','p2'),('WSS558','p2'),('WSS577','p2'),('WSS587','p2'),('WSS589','p2'),('WSS63','p2'),('WSS88','p2'),('WSS119','p20'),('WSS134','p20'),('WSS141','p20'),('WSS156','p20'),('WSS162','p20'),('WSS163','p20'),('WSS167','p20'),('WSS18','p20'),('WSS182','p20'),('WSS192','p20'),('WSS194','p20'),('WSS197','p20'),('WSS198','p20'),('WSS2','p20'),('WSS21','p20'),('WSS238','p20'),('WSS24','p20'),('WSS241','p20'),('WSS242','p20'),('WSS246','p20'),('WSS25','p20'),('WSS250','p20'),('WSS254','p20'),('WSS255','p20'),('WSS26','p20'),('WSS268','p20'),('WSS281','p20'),('WSS298','p20'),('WSS306','p20'),('WSS311','p20'),('WSS321','p20'),('WSS322','p20'),('WSS329','p20'),('WSS332','p20'),('WSS345','p20'),('WSS35','p20'),('WSS359','p20'),('WSS365','p20'),('WSS370','p20'),('WSS377','p20'),('WSS392','p20'),('WSS403','p20'),('WSS411','p20'),('WSS422','p20'),('WSS453','p20'),('WSS459','p20'),('WSS472','p20'),('WSS481','p20'),('WSS493','p20'),('WSS510','p20'),('WSS530','p20'),('WSS546','p20'),('WSS550','p20'),('WSS553','p20'),('WSS568','p20'),('WSS571','p20'),('WSS575','p20'),('WSS594','p20'),('WSS599','p20'),('WSS7','p20'),('WSS87','p20'),('WSS9','p20'),('WSS100','p3'),('WSS104','p3'),('WSS113','p3'),('WSS169','p3'),('WSS173','p3'),('WSS186','p3'),('WSS196','p3'),('WSS205','p3'),('WSS234','p3'),('WSS252','p3'),('WSS254','p3'),('WSS266','p3'),('WSS279','p3'),('WSS282','p3'),('WSS283','p3'),('WSS289','p3'),('WSS293','p3'),('WSS325','p3'),('WSS338','p3'),('WSS353','p3'),('WSS364','p3'),('WSS367','p3'),('WSS372','p3'),('WSS378','p3'),('WSS384','p3'),('WSS390','p3'),('WSS412','p3'),('WSS414','p3'),('WSS423','p3'),('WSS432','p3'),('WSS434','p3'),('WSS439','p3'),('WSS444','p3'),('WSS475','p3'),('WSS478','p3'),('WSS488','p3'),('WSS490','p3'),('WSS498','p3'),('WSS499','p3'),('WSS519','p3'),('WSS520','p3'),('WSS523','p3'),('WSS548','p3'),('WSS554','p3'),('WSS56','p3'),('WSS566','p3'),('WSS573','p3'),('WSS576','p3'),('WSS585','p3'),('WSS591','p3'),('WSS600','p3'),('WSS72','p3'),('WSS73','p3'),('WSS84','p3'),('WSS86','p3'),('WSS106','p4'),('WSS109','p4'),('WSS12','p4'),('WSS127','p4'),('WSS152','p4'),('WSS157','p4'),('WSS168','p4'),('WSS172','p4'),('WSS179','p4'),('WSS189','p4'),('WSS191','p4'),('WSS220','p4'),('WSS223','p4'),('WSS243','p4'),('WSS260','p4'),('WSS274','p4'),('WSS280','p4'),('WSS288','p4'),('WSS318','p4'),('WSS347','p4'),('WSS355','p4'),('WSS364','p4'),('WSS387','p4'),('WSS397','p4'),('WSS412','p4'),('WSS427','p4'),('WSS435','p4'),('WSS437','p4'),('WSS441','p4'),('WSS463','p4'),('WSS476','p4'),('WSS482','p4'),('WSS489','p4'),('WSS505','p4'),('WSS530','p4'),('WSS538','p4'),('WSS540','p4'),('WSS543','p4'),('WSS545','p4'),('WSS551','p4'),('WSS557','p4'),('WSS563','p4'),('WSS572','p4'),('WSS574','p4'),('WSS74','p4'),('WSS97','p4'),('WSS98','p4'),('WSS118','p5'),('WSS121','p5'),('WSS128','p5'),('WSS130','p5'),('WSS143','p5'),('WSS146','p5'),('WSS151','p5'),('WSS159','p5'),('WSS194','p5'),('WSS195','p5'),('WSS208','p5'),('WSS229','p5'),('WSS231','p5'),('WSS232','p5'),('WSS235','p5'),('WSS241','p5'),('WSS243','p5'),('WSS253','p5'),('WSS265','p5'),('WSS266','p5'),('WSS267','p5'),('WSS272','p5'),('WSS29','p5'),('WSS290','p5'),('WSS304','p5'),('WSS309','p5'),('WSS31','p5'),('WSS317','p5'),('WSS319','p5'),('WSS335','p5'),('WSS340','p5'),('WSS349','p5'),('WSS363','p5'),('WSS368','p5'),('WSS369','p5'),('WSS377','p5'),('WSS399','p5'),('WSS405','p5'),('WSS425','p5'),('WSS430','p5'),('WSS448','p5'),('WSS460','p5'),('WSS462','p5'),('WSS467','p5'),('WSS486','p5'),('WSS507','p5'),('WSS508','p5'),('WSS516','p5'),('WSS527','p5'),('WSS569','p5'),('WSS570','p5'),('WSS572','p5'),('WSS582','p5'),('WSS593','p5'),('WSS62','p5'),('WSS68','p5'),('WSS82','p5'),('WSS87','p5'),('WSS96','p5'),('WSS103','p6'),('WSS108','p6'),('WSS129','p6'),('WSS133','p6'),('WSS135','p6'),('WSS14','p6'),('WSS164','p6'),('WSS224','p6'),('WSS230','p6'),('WSS246','p6'),('WSS253','p6'),('WSS256','p6'),('WSS258','p6'),('WSS278','p6'),('WSS280','p6'),('WSS296','p6'),('WSS310','p6'),('WSS319','p6'),('WSS323','p6'),('WSS337','p6'),('WSS339','p6'),('WSS353','p6'),('WSS37','p6'),('WSS400','p6'),('WSS407','p6'),('WSS415','p6'),('WSS43','p6'),('WSS471','p6'),('WSS478','p6'),('WSS479','p6'),('WSS48','p6'),('WSS487','p6'),('WSS498','p6'),('WSS504','p6'),('WSS518','p6'),('WSS519','p6'),('WSS524','p6'),('WSS537','p6'),('WSS544','p6'),('WSS553','p6'),('WSS563','p6'),('WSS567','p6'),('WSS579','p6'),('WSS587','p6'),('WSS588','p6'),('WSS63','p6'),('WSS67','p6'),('WSS83','p6'),('WSS99','p6'),('WSS109','p7'),('WSS112','p7'),('WSS127','p7'),('WSS142','p7'),('WSS144','p7'),('WSS15','p7'),('WSS162','p7'),('WSS170','p7'),('WSS179','p7'),('WSS180','p7'),('WSS183','p7'),('WSS188','p7'),('WSS20','p7'),('WSS200','p7'),('WSS202','p7'),('WSS211','p7'),('WSS216','p7'),('WSS219','p7'),('WSS227','p7'),('WSS267','p7'),('WSS278','p7'),('WSS29','p7'),('WSS305','p7'),('WSS308','p7'),('WSS31','p7'),('WSS314','p7'),('WSS324','p7'),('WSS33','p7'),('WSS335','p7'),('WSS349','p7'),('WSS35','p7'),('WSS356','p7'),('WSS362','p7'),('WSS366','p7'),('WSS388','p7'),('WSS408','p7'),('WSS410','p7'),('WSS421','p7'),('WSS426','p7'),('WSS476','p7'),('WSS477','p7'),('WSS479','p7'),('WSS499','p7'),('WSS504','p7'),('WSS521','p7'),('WSS525','p7'),('WSS536','p7'),('WSS540','p7'),('WSS544','p7'),('WSS554','p7'),('WSS584','p7'),('WSS598','p7'),('WSS62','p7'),('WSS90','p7'),('WSS97','p7'),('WSS1','p8'),('WSS102','p8'),('WSS105','p8'),('WSS107','p8'),('WSS123','p8'),('WSS126','p8'),('WSS132','p8'),('WSS136','p8'),('WSS144','p8'),('WSS146','p8'),('WSS148','p8'),('WSS158','p8'),('WSS166','p8'),('WSS17','p8'),('WSS178','p8'),('WSS188','p8'),('WSS206','p8'),('WSS210','p8'),('WSS214','p8'),('WSS219','p8'),('WSS250','p8'),('WSS273','p8'),('WSS281','p8'),('WSS284','p8'),('WSS289','p8'),('WSS291','p8'),('WSS30','p8'),('WSS300','p8'),('WSS311','p8'),('WSS33','p8'),('WSS332','p8'),('WSS352','p8'),('WSS381','p8'),('WSS384','p8'),('WSS388','p8'),('WSS396','p8'),('WSS400','p8'),('WSS408','p8'),('WSS409','p8'),('WSS410','p8'),('WSS418','p8'),('WSS419','p8'),('WSS43','p8'),('WSS441','p8'),('WSS457','p8'),('WSS46','p8'),('WSS461','p8'),('WSS470','p8'),('WSS484','p8'),('WSS485','p8'),('WSS506','p8'),('WSS516','p8'),('WSS528','p8'),('WSS546','p8'),('WSS562','p8'),('WSS568','p8'),('WSS578','p8'),('WSS59','p8'),('WSS590','p8'),('WSS600','p8'),('WSS77','p8'),('WSS8','p8'),('WSS10','p9'),('WSS110','p9'),('WSS111','p9'),('WSS116','p9'),('WSS117','p9'),('WSS124','p9'),('WSS125','p9'),('WSS13','p9'),('WSS132','p9'),('WSS147','p9'),('WSS161','p9'),('WSS167','p9'),('WSS175','p9'),('WSS178','p9'),('WSS181','p9'),('WSS184','p9'),('WSS185','p9'),('WSS191','p9'),('WSS201','p9'),('WSS217','p9'),('WSS22','p9'),('WSS222','p9'),('WSS224','p9'),('WSS23','p9'),('WSS231','p9'),('WSS240','p9'),('WSS259','p9'),('WSS261','p9'),('WSS271','p9'),('WSS275','p9'),('WSS28','p9'),('WSS291','p9'),('WSS293','p9'),('WSS294','p9'),('WSS295','p9'),('WSS298','p9'),('WSS304','p9'),('WSS32','p9'),('WSS324','p9'),('WSS337','p9'),('WSS341','p9'),('WSS346','p9'),('WSS348','p9'),('WSS36','p9'),('WSS366','p9'),('WSS403','p9'),('WSS433','p9'),('WSS436','p9'),('WSS438','p9'),('WSS440','p9'),('WSS445','p9'),('WSS447','p9'),('WSS450','p9'),('WSS451','p9'),('WSS474','p9'),('WSS481','p9'),('WSS483','p9'),('WSS484','p9'),('WSS491','p9'),('WSS505','p9'),('WSS528','p9'),('WSS536','p9'),('WSS54','p9'),('WSS545','p9'),('WSS561','p9'),('WSS571','p9'),('WSS576','p9'),('WSS58','p9'),('WSS581','p9'),('WSS583','p9'),('WSS586','p9'),('WSS77','p9'),('WSS78','p9');
/*!40000 ALTER TABLE `inputparameter` ENABLE KEYS */;
UNLOCK TABLES;

--
-- Table structure for table `knowledgeforcareerpath`
--

DROP TABLE IF EXISTS `knowledgeforcareerpath`;
/*!40101 SET @saved_cs_client     = @@character_set_client */;
/*!50503 SET character_set_client = utf8mb4 */;
CREATE TABLE `knowledgeforcareerpath` (
  `careerPathID` char(4) NOT NULL,
  `knowledgeID` char(6) NOT NULL,
  PRIMARY KEY (`careerPathID`,`knowledgeID`)
) ENGINE=InnoDB DEFAULT CHARSET=latin1;
/*!40101 SET character_set_client = @saved_cs_client */;

--
-- Dumping data for table `knowledgeforcareerpath`
--

LOCK TABLES `knowledgeforcareerpath` WRITE;
/*!40000 ALTER TABLE `knowledgeforcareerpath` DISABLE KEYS */;
INSERT INTO `knowledgeforcareerpath` VALUES ('C100','k1C311'),('C100','k1C412'),('C100','k1C469'),('C100','k1C500');
/*!40000 ALTER TABLE `knowledgeforcareerpath` ENABLE KEYS */;
UNLOCK TABLES;

--
-- Table structure for table `lhs`
--

DROP TABLE IF EXISTS `lhs`;
/*!40101 SET @saved_cs_client     = @@character_set_client */;
/*!50503 SET character_set_client = utf8mb4 */;
CREATE TABLE `lhs` (
  `ruleid` int NOT NULL,
  `courseid` varchar(10) NOT NULL,
  PRIMARY KEY (`ruleid`,`courseid`)
) ENGINE=InnoDB DEFAULT CHARSET=latin1;
/*!40101 SET character_set_client = @saved_cs_client */;

--
-- Dumping data for table `lhs`
--

LOCK TABLES `lhs` WRITE;
/*!40000 ALTER TABLE `lhs` DISABLE KEYS */;
INSERT INTO `lhs` VALUES (1,'ICP006'),(2,'ICP006'),(3,'ICP006'),(4,'ICP110'),(5,'ICP110'),(6,'ICP311'),(7,'ICP006'),(7,'ICP110'),(8,'ICP006'),(8,'ICP110'),(9,'ICP006'),(9,'ICP311'),(10,'ICP110'),(10,'ICP311'),(11,'ICP006'),(11,'ICP110'),(11,'ICP311');
/*!40000 ALTER TABLE `lhs` ENABLE KEYS */;
UNLOCK TABLES;

--
-- Table structure for table `outputparameter`
--

DROP TABLE IF EXISTS `outputparameter`;
/*!40101 SET @saved_cs_client     = @@character_set_client */;
/*!50503 SET character_set_client = utf8mb4 */;
CREATE TABLE `outputparameter` (
  `webServiceID` varchar(10) NOT NULL,
  `parameterID` varchar(10) NOT NULL,
  PRIMARY KEY (`webServiceID`,`parameterID`),
  KEY `knowledgeID` (`parameterID`)
) ENGINE=InnoDB DEFAULT CHARSET=latin1;
/*!40101 SET character_set_client = @saved_cs_client */;

--
-- Dumping data for table `outputparameter`
--

LOCK TABLES `outputparameter` WRITE;
/*!40000 ALTER TABLE `outputparameter` DISABLE KEYS */;
INSERT INTO `outputparameter` VALUES ('WSS10','p1'),('WSS106','p1'),('WSS12','p1'),('WSS121','p1'),('WSS134','p1'),('WSS139','p1'),('WSS143','p1'),('WSS144','p1'),('WSS147','p1'),('WSS148','p1'),('WSS149','p1'),('WSS152','p1'),('WSS158','p1'),('WSS159','p1'),('WSS17','p1'),('WSS172','p1'),('WSS175','p1'),('WSS176','p1'),('WSS18','p1'),('WSS180','p1'),('WSS190','p1'),('WSS191','p1'),('WSS2','p1'),('WSS200','p1'),('WSS202','p1'),('WSS203','p1'),('WSS210','p1'),('WSS212','p1'),('WSS213','p1'),('WSS214','p1'),('WSS215','p1'),('WSS216','p1'),('WSS218','p1'),('WSS22','p1'),('WSS228','p1'),('WSS229','p1'),('WSS240','p1'),('WSS241','p1'),('WSS249','p1'),('WSS252','p1'),('WSS256','p1'),('WSS257','p1'),('WSS260','p1'),('WSS261','p1'),('WSS27','p1'),('WSS273','p1'),('WSS275','p1'),('WSS277','p1'),('WSS279','p1'),('WSS28','p1'),('WSS281','p1'),('WSS285','p1'),('WSS289','p1'),('WSS290','p1'),('WSS291','p1'),('WSS292','p1'),('WSS295','p1'),('WSS298','p1'),('WSS300','p1'),('WSS308','p1'),('WSS311','p1'),('WSS312','p1'),('WSS322','p1'),('WSS326','p1'),('WSS331','p1'),('WSS334','p1'),('WSS338','p1'),('WSS34','p1'),('WSS340','p1'),('WSS342','p1'),('WSS348','p1'),('WSS36','p1'),('WSS362','p1'),('WSS368','p1'),('WSS370','p1'),('WSS374','p1'),('WSS375','p1'),('WSS377','p1'),('WSS381','p1'),('WSS385','p1'),('WSS389','p1'),('WSS392','p1'),('WSS402','p1'),('WSS407','p1'),('WSS408','p1'),('WSS409','p1'),('WSS414','p1'),('WSS415','p1'),('WSS416','p1'),('WSS42','p1'),('WSS420','p1'),('WSS423','p1'),('WSS424','p1'),('WSS432','p1'),('WSS439','p1'),('WSS441','p1'),('WSS442','p1'),('WSS449','p1'),('WSS453','p1'),('WSS454','p1'),('WSS462','p1'),('WSS463','p1'),('WSS467','p1'),('WSS468','p1'),('WSS469','p1'),('WSS470','p1'),('WSS475','p1'),('WSS476','p1'),('WSS479','p1'),('WSS487','p1'),('WSS494','p1'),('WSS495','p1'),('WSS498','p1'),('WSS501','p1'),('WSS503','p1'),('WSS505','p1'),('WSS508','p1'),('WSS509','p1'),('WSS510','p1'),('WSS517','p1'),('WSS522','p1'),('WSS525','p1'),('WSS527','p1'),('WSS53','p1'),('WSS534','p1'),('WSS537','p1'),('WSS540','p1'),('WSS541','p1'),('WSS544','p1'),('WSS545','p1'),('WSS548','p1'),('WSS553','p1'),('WSS556','p1'),('WSS560','p1'),('WSS562','p1'),('WSS565','p1'),('WSS569','p1'),('WSS572','p1'),('WSS574','p1'),('WSS577','p1'),('WSS58','p1'),('WSS580','p1'),('WSS582','p1'),('WSS588','p1'),('WSS594','p1'),('WSS598','p1'),('WSS62','p1'),('WSS65','p1'),('WSS68','p1'),('WSS70','p1'),('WSS71','p1'),('WSS76','p1'),('WSS79','p1'),('WSS8','p1'),('WSS82','p1'),('WSS83','p1'),('WSS86','p1'),('WSS90','p1'),('WSS93','p1'),('WSS95','p1'),('WSS98','p1'),('WSS1','p10'),('WSS104','p10'),('WSS105','p10'),('WSS113','p10'),('WSS114','p10'),('WSS115','p10'),('WSS116','p10'),('WSS130','p10'),('WSS133','p10'),('WSS141','p10'),('WSS142','p10'),('WSS152','p10'),('WSS154','p10'),('WSS158','p10'),('WSS160','p10'),('WSS162','p10'),('WSS164','p10'),('WSS165','p10'),('WSS169','p10'),('WSS172','p10'),('WSS173','p10'),('WSS178','p10'),('WSS180','p10'),('WSS181','p10'),('WSS182','p10'),('WSS188','p10'),('WSS190','p10'),('WSS196','p10'),('WSS200','p10'),('WSS201','p10'),('WSS208','p10'),('WSS215','p10'),('WSS216','p10'),('WSS222','p10'),('WSS224','p10'),('WSS23','p10'),('WSS230','p10'),('WSS237','p10'),('WSS24','p10'),('WSS240','p10'),('WSS241','p10'),('WSS242','p10'),('WSS243','p10'),('WSS245','p10'),('WSS25','p10'),('WSS251','p10'),('WSS252','p10'),('WSS264','p10'),('WSS268','p10'),('WSS269','p10'),('WSS272','p10'),('WSS278','p10'),('WSS28','p10'),('WSS280','p10'),('WSS281','p10'),('WSS282','p10'),('WSS283','p10'),('WSS285','p10'),('WSS286','p10'),('WSS296','p10'),('WSS297','p10'),('WSS299','p10'),('WSS3','p10'),('WSS30','p10'),('WSS302','p10'),('WSS304','p10'),('WSS306','p10'),('WSS309','p10'),('WSS312','p10'),('WSS319','p10'),('WSS320','p10'),('WSS321','p10'),('WSS333','p10'),('WSS335','p10'),('WSS339','p10'),('WSS342','p10'),('WSS343','p10'),('WSS344','p10'),('WSS35','p10'),('WSS351','p10'),('WSS352','p10'),('WSS36','p10'),('WSS361','p10'),('WSS368','p10'),('WSS371','p10'),('WSS378','p10'),('WSS38','p10'),('WSS380','p10'),('WSS382','p10'),('WSS386','p10'),('WSS387','p10'),('WSS391','p10'),('WSS393','p10'),('WSS395','p10'),('WSS399','p10'),('WSS404','p10'),('WSS405','p10'),('WSS408','p10'),('WSS414','p10'),('WSS418','p10'),('WSS420','p10'),('WSS425','p10'),('WSS430','p10'),('WSS431','p10'),('WSS432','p10'),('WSS437','p10'),('WSS44','p10'),('WSS444','p10'),('WSS447','p10'),('WSS448','p10'),('WSS451','p10'),('WSS455','p10'),('WSS456','p10'),('WSS458','p10'),('WSS460','p10'),('WSS47','p10'),('WSS472','p10'),('WSS475','p10'),('WSS479','p10'),('WSS489','p10'),('WSS49','p10'),('WSS490','p10'),('WSS492','p10'),('WSS496','p10'),('WSS504','p10'),('WSS505','p10'),('WSS515','p10'),('WSS521','p10'),('WSS530','p10'),('WSS537','p10'),('WSS538','p10'),('WSS54','p10'),('WSS543','p10'),('WSS546','p10'),('WSS553','p10'),('WSS564','p10'),('WSS570','p10'),('WSS576','p10'),('WSS585','p10'),('WSS589','p10'),('WSS594','p10'),('WSS596','p10'),('WSS599','p10'),('WSS60','p10'),('WSS65','p10'),('WSS7','p10'),('WSS70','p10'),('WSS75','p10'),('WSS90','p10'),('WSS96','p10'),('WSS101','p11'),('WSS105','p11'),('WSS106','p11'),('WSS11','p11'),('WSS111','p11'),('WSS114','p11'),('WSS121','p11'),('WSS123','p11'),('WSS124','p11'),('WSS127','p11'),('WSS128','p11'),('WSS129','p11'),('WSS131','p11'),('WSS132','p11'),('WSS134','p11'),('WSS137','p11'),('WSS138','p11'),('WSS140','p11'),('WSS143','p11'),('WSS144','p11'),('WSS149','p11'),('WSS150','p11'),('WSS151','p11'),('WSS153','p11'),('WSS154','p11'),('WSS155','p11'),('WSS157','p11'),('WSS16','p11'),('WSS160','p11'),('WSS17','p11'),('WSS170','p11'),('WSS172','p11'),('WSS173','p11'),('WSS174','p11'),('WSS178','p11'),('WSS197','p11'),('WSS198','p11'),('WSS2','p11'),('WSS200','p11'),('WSS202','p11'),('WSS203','p11'),('WSS207','p11'),('WSS212','p11'),('WSS215','p11'),('WSS22','p11'),('WSS221','p11'),('WSS223','p11'),('WSS225','p11'),('WSS231','p11'),('WSS238','p11'),('WSS239','p11'),('WSS249','p11'),('WSS253','p11'),('WSS256','p11'),('WSS260','p11'),('WSS261','p11'),('WSS262','p11'),('WSS264','p11'),('WSS265','p11'),('WSS267','p11'),('WSS27','p11'),('WSS273','p11'),('WSS277','p11'),('WSS282','p11'),('WSS284','p11'),('WSS295','p11'),('WSS298','p11'),('WSS301','p11'),('WSS311','p11'),('WSS316','p11'),('WSS317','p11'),('WSS324','p11'),('WSS330','p11'),('WSS331','p11'),('WSS337','p11'),('WSS339','p11'),('WSS34','p11'),('WSS348','p11'),('WSS349','p11'),('WSS35','p11'),('WSS350','p11'),('WSS356','p11'),('WSS359','p11'),('WSS370','p11'),('WSS372','p11'),('WSS373','p11'),('WSS376','p11'),('WSS379','p11'),('WSS38','p11'),('WSS383','p11'),('WSS393','p11'),('WSS398','p11'),('WSS408','p11'),('WSS410','p11'),('WSS415','p11'),('WSS418','p11'),('WSS430','p11'),('WSS431','p11'),('WSS434','p11'),('WSS437','p11'),('WSS449','p11'),('WSS451','p11'),('WSS459','p11'),('WSS465','p11'),('WSS466','p11'),('WSS480','p11'),('WSS482','p11'),('WSS483','p11'),('WSS491','p11'),('WSS494','p11'),('WSS498','p11'),('WSS502','p11'),('WSS507','p11'),('WSS511','p11'),('WSS514','p11'),('WSS521','p11'),('WSS522','p11'),('WSS524','p11'),('WSS528','p11'),('WSS530','p11'),('WSS531','p11'),('WSS532','p11'),('WSS536','p11'),('WSS54','p11'),('WSS541','p11'),('WSS548','p11'),('WSS549','p11'),('WSS554','p11'),('WSS557','p11'),('WSS560','p11'),('WSS567','p11'),('WSS569','p11'),('WSS575','p11'),('WSS579','p11'),('WSS58','p11'),('WSS584','p11'),('WSS586','p11'),('WSS594','p11'),('WSS595','p11'),('WSS597','p11'),('WSS599','p11'),('WSS61','p11'),('WSS62','p11'),('WSS63','p11'),('WSS64','p11'),('WSS65','p11'),('WSS70','p11'),('WSS72','p11'),('WSS75','p11'),('WSS8','p11'),('WSS81','p11'),('WSS82','p11'),('WSS83','p11'),('WSS87','p11'),('WSS94','p11'),('WSS101','p12'),('WSS102','p12'),('WSS106','p12'),('WSS109','p12'),('WSS11','p12'),('WSS114','p12'),('WSS116','p12'),('WSS119','p12'),('WSS12','p12'),('WSS122','p12'),('WSS123','p12'),('WSS129','p12'),('WSS130','p12'),('WSS133','p12'),('WSS139','p12'),('WSS143','p12'),('WSS146','p12'),('WSS15','p12'),('WSS156','p12'),('WSS16','p12'),('WSS162','p12'),('WSS163','p12'),('WSS164','p12'),('WSS168','p12'),('WSS172','p12'),('WSS18','p12'),('WSS180','p12'),('WSS185','p12'),('WSS190','p12'),('WSS192','p12'),('WSS195','p12'),('WSS2','p12'),('WSS200','p12'),('WSS206','p12'),('WSS21','p12'),('WSS211','p12'),('WSS213','p12'),('WSS22','p12'),('WSS220','p12'),('WSS221','p12'),('WSS224','p12'),('WSS231','p12'),('WSS233','p12'),('WSS235','p12'),('WSS237','p12'),('WSS24','p12'),('WSS241','p12'),('WSS243','p12'),('WSS252','p12'),('WSS256','p12'),('WSS258','p12'),('WSS259','p12'),('WSS262','p12'),('WSS270','p12'),('WSS271','p12'),('WSS275','p12'),('WSS28','p12'),('WSS290','p12'),('WSS291','p12'),('WSS292','p12'),('WSS296','p12'),('WSS299','p12'),('WSS303','p12'),('WSS304','p12'),('WSS305','p12'),('WSS306','p12'),('WSS310','p12'),('WSS313','p12'),('WSS315','p12'),('WSS316','p12'),('WSS317','p12'),('WSS318','p12'),('WSS32','p12'),('WSS321','p12'),('WSS322','p12'),('WSS325','p12'),('WSS328','p12'),('WSS33','p12'),('WSS333','p12'),('WSS341','p12'),('WSS345','p12'),('WSS348','p12'),('WSS352','p12'),('WSS356','p12'),('WSS361','p12'),('WSS366','p12'),('WSS37','p12'),('WSS373','p12'),('WSS375','p12'),('WSS376','p12'),('WSS377','p12'),('WSS378','p12'),('WSS379','p12'),('WSS381','p12'),('WSS382','p12'),('WSS386','p12'),('WSS396','p12'),('WSS399','p12'),('WSS4','p12'),('WSS411','p12'),('WSS413','p12'),('WSS414','p12'),('WSS417','p12'),('WSS420','p12'),('WSS422','p12'),('WSS423','p12'),('WSS426','p12'),('WSS428','p12'),('WSS433','p12'),('WSS436','p12'),('WSS438','p12'),('WSS439','p12'),('WSS440','p12'),('WSS448','p12'),('WSS452','p12'),('WSS461','p12'),('WSS462','p12'),('WSS466','p12'),('WSS470','p12'),('WSS478','p12'),('WSS487','p12'),('WSS489','p12'),('WSS492','p12'),('WSS493','p12'),('WSS494','p12'),('WSS495','p12'),('WSS497','p12'),('WSS50','p12'),('WSS500','p12'),('WSS508','p12'),('WSS513','p12'),('WSS521','p12'),('WSS525','p12'),('WSS53','p12'),('WSS530','p12'),('WSS537','p12'),('WSS542','p12'),('WSS544','p12'),('WSS548','p12'),('WSS549','p12'),('WSS552','p12'),('WSS553','p12'),('WSS56','p12'),('WSS560','p12'),('WSS564','p12'),('WSS571','p12'),('WSS576','p12'),('WSS582','p12'),('WSS586','p12'),('WSS587','p12'),('WSS592','p12'),('WSS598','p12'),('WSS6','p12'),('WSS65','p12'),('WSS69','p12'),('WSS70','p12'),('WSS73','p12'),('WSS83','p12'),('WSS89','p12'),('WSS100','p13'),('WSS107','p13'),('WSS110','p13'),('WSS118','p13'),('WSS12','p13'),('WSS123','p13'),('WSS124','p13'),('WSS127','p13'),('WSS13','p13'),('WSS131','p13'),('WSS133','p13'),('WSS137','p13'),('WSS140','p13'),('WSS15','p13'),('WSS159','p13'),('WSS161','p13'),('WSS162','p13'),('WSS166','p13'),('WSS169','p13'),('WSS189','p13'),('WSS191','p13'),('WSS192','p13'),('WSS196','p13'),('WSS198','p13'),('WSS20','p13'),('WSS205','p13'),('WSS208','p13'),('WSS209','p13'),('WSS211','p13'),('WSS214','p13'),('WSS218','p13'),('WSS22','p13'),('WSS226','p13'),('WSS227','p13'),('WSS234','p13'),('WSS240','p13'),('WSS241','p13'),('WSS243','p13'),('WSS245','p13'),('WSS246','p13'),('WSS248','p13'),('WSS25','p13'),('WSS255','p13'),('WSS257','p13'),('WSS259','p13'),('WSS260','p13'),('WSS265','p13'),('WSS266','p13'),('WSS269','p13'),('WSS270','p13'),('WSS278','p13'),('WSS282','p13'),('WSS285','p13'),('WSS287','p13'),('WSS29','p13'),('WSS296','p13'),('WSS303','p13'),('WSS305','p13'),('WSS307','p13'),('WSS31','p13'),('WSS319','p13'),('WSS324','p13'),('WSS334','p13'),('WSS343','p13'),('WSS345','p13'),('WSS346','p13'),('WSS35','p13'),('WSS350','p13'),('WSS351','p13'),('WSS356','p13'),('WSS357','p13'),('WSS365','p13'),('WSS367','p13'),('WSS371','p13'),('WSS372','p13'),('WSS374','p13'),('WSS375','p13'),('WSS377','p13'),('WSS378','p13'),('WSS380','p13'),('WSS383','p13'),('WSS398','p13'),('WSS400','p13'),('WSS402','p13'),('WSS406','p13'),('WSS408','p13'),('WSS41','p13'),('WSS410','p13'),('WSS412','p13'),('WSS421','p13'),('WSS430','p13'),('WSS432','p13'),('WSS439','p13'),('WSS442','p13'),('WSS444','p13'),('WSS446','p13'),('WSS447','p13'),('WSS45','p13'),('WSS450','p13'),('WSS453','p13'),('WSS458','p13'),('WSS460','p13'),('WSS462','p13'),('WSS464','p13'),('WSS467','p13'),('WSS47','p13'),('WSS471','p13'),('WSS472','p13'),('WSS488','p13'),('WSS491','p13'),('WSS499','p13'),('WSS506','p13'),('WSS51','p13'),('WSS519','p13'),('WSS530','p13'),('WSS531','p13'),('WSS538','p13'),('WSS543','p13'),('WSS547','p13'),('WSS552','p13'),('WSS554','p13'),('WSS555','p13'),('WSS557','p13'),('WSS563','p13'),('WSS570','p13'),('WSS571','p13'),('WSS572','p13'),('WSS573','p13'),('WSS58','p13'),('WSS583','p13'),('WSS585','p13'),('WSS587','p13'),('WSS588','p13'),('WSS59','p13'),('WSS596','p13'),('WSS60','p13'),('WSS61','p13'),('WSS63','p13'),('WSS64','p13'),('WSS66','p13'),('WSS7','p13'),('WSS74','p13'),('WSS75','p13'),('WSS77','p13'),('WSS78','p13'),('WSS87','p13'),('WSS88','p13'),('WSS89','p13'),('WSS9','p13'),('WSS94','p13'),('WSS98','p13'),('WSS99','p13'),('WSS10','p14'),('WSS101','p14'),('WSS104','p14'),('WSS107','p14'),('WSS110','p14'),('WSS12','p14'),('WSS121','p14'),('WSS126','p14'),('WSS134','p14'),('WSS136','p14'),('WSS140','p14'),('WSS151','p14'),('WSS153','p14'),('WSS154','p14'),('WSS158','p14'),('WSS16','p14'),('WSS164','p14'),('WSS165','p14'),('WSS167','p14'),('WSS170','p14'),('WSS180','p14'),('WSS183','p14'),('WSS185','p14'),('WSS186','p14'),('WSS188','p14'),('WSS189','p14'),('WSS193','p14'),('WSS196','p14'),('WSS199','p14'),('WSS203','p14'),('WSS205','p14'),('WSS206','p14'),('WSS208','p14'),('WSS209','p14'),('WSS21','p14'),('WSS219','p14'),('WSS220','p14'),('WSS232','p14'),('WSS233','p14'),('WSS235','p14'),('WSS238','p14'),('WSS239','p14'),('WSS24','p14'),('WSS247','p14'),('WSS249','p14'),('WSS254','p14'),('WSS258','p14'),('WSS261','p14'),('WSS265','p14'),('WSS267','p14'),('WSS277','p14'),('WSS283','p14'),('WSS285','p14'),('WSS290','p14'),('WSS297','p14'),('WSS30','p14'),('WSS301','p14'),('WSS309','p14'),('WSS314','p14'),('WSS315','p14'),('WSS317','p14'),('WSS319','p14'),('WSS320','p14'),('WSS321','p14'),('WSS322','p14'),('WSS330','p14'),('WSS339','p14'),('WSS35','p14'),('WSS353','p14'),('WSS357','p14'),('WSS359','p14'),('WSS36','p14'),('WSS370','p14'),('WSS385','p14'),('WSS388','p14'),('WSS391','p14'),('WSS395','p14'),('WSS4','p14'),('WSS40','p14'),('WSS402','p14'),('WSS403','p14'),('WSS405','p14'),('WSS406','p14'),('WSS407','p14'),('WSS410','p14'),('WSS411','p14'),('WSS414','p14'),('WSS417','p14'),('WSS419','p14'),('WSS42','p14'),('WSS423','p14'),('WSS425','p14'),('WSS427','p14'),('WSS43','p14'),('WSS434','p14'),('WSS439','p14'),('WSS440','p14'),('WSS443','p14'),('WSS445','p14'),('WSS446','p14'),('WSS447','p14'),('WSS449','p14'),('WSS45','p14'),('WSS450','p14'),('WSS453','p14'),('WSS462','p14'),('WSS463','p14'),('WSS467','p14'),('WSS468','p14'),('WSS470','p14'),('WSS473','p14'),('WSS475','p14'),('WSS478','p14'),('WSS485','p14'),('WSS498','p14'),('WSS509','p14'),('WSS517','p14'),('WSS524','p14'),('WSS525','p14'),('WSS529','p14'),('WSS535','p14'),('WSS538','p14'),('WSS544','p14'),('WSS547','p14'),('WSS549','p14'),('WSS55','p14'),('WSS550','p14'),('WSS553','p14'),('WSS56','p14'),('WSS561','p14'),('WSS564','p14'),('WSS569','p14'),('WSS57','p14'),('WSS571','p14'),('WSS574','p14'),('WSS577','p14'),('WSS578','p14'),('WSS581','p14'),('WSS584','p14'),('WSS587','p14'),('WSS590','p14'),('WSS591','p14'),('WSS64','p14'),('WSS66','p14'),('WSS78','p14'),('WSS82','p14'),('WSS84','p14'),('WSS90','p14'),('WSS92','p14'),('WSS97','p14'),('WSS10','p15'),('WSS100','p15'),('WSS103','p15'),('WSS118','p15'),('WSS120','p15'),('WSS121','p15'),('WSS122','p15'),('WSS126','p15'),('WSS129','p15'),('WSS131','p15'),('WSS136','p15'),('WSS138','p15'),('WSS14','p15'),('WSS150','p15'),('WSS156','p15'),('WSS158','p15'),('WSS165','p15'),('WSS168','p15'),('WSS177','p15'),('WSS178','p15'),('WSS180','p15'),('WSS181','p15'),('WSS185','p15'),('WSS188','p15'),('WSS189','p15'),('WSS19','p15'),('WSS191','p15'),('WSS192','p15'),('WSS195','p15'),('WSS198','p15'),('WSS201','p15'),('WSS202','p15'),('WSS210','p15'),('WSS218','p15'),('WSS222','p15'),('WSS226','p15'),('WSS23','p15'),('WSS230','p15'),('WSS232','p15'),('WSS235','p15'),('WSS238','p15'),('WSS248','p15'),('WSS249','p15'),('WSS252','p15'),('WSS253','p15'),('WSS254','p15'),('WSS258','p15'),('WSS259','p15'),('WSS262','p15'),('WSS263','p15'),('WSS265','p15'),('WSS268','p15'),('WSS271','p15'),('WSS276','p15'),('WSS279','p15'),('WSS281','p15'),('WSS283','p15'),('WSS284','p15'),('WSS287','p15'),('WSS288','p15'),('WSS29','p15'),('WSS293','p15'),('WSS296','p15'),('WSS301','p15'),('WSS302','p15'),('WSS306','p15'),('WSS307','p15'),('WSS308','p15'),('WSS31','p15'),('WSS316','p15'),('WSS320','p15'),('WSS323','p15'),('WSS326','p15'),('WSS33','p15'),('WSS334','p15'),('WSS337','p15'),('WSS342','p15'),('WSS347','p15'),('WSS350','p15'),('WSS351','p15'),('WSS352','p15'),('WSS353','p15'),('WSS361','p15'),('WSS365','p15'),('WSS366','p15'),('WSS368','p15'),('WSS369','p15'),('WSS37','p15'),('WSS386','p15'),('WSS387','p15'),('WSS388','p15'),('WSS389','p15'),('WSS4','p15'),('WSS404','p15'),('WSS409','p15'),('WSS41','p15'),('WSS413','p15'),('WSS417','p15'),('WSS426','p15'),('WSS428','p15'),('WSS43','p15'),('WSS430','p15'),('WSS432','p15'),('WSS433','p15'),('WSS436','p15'),('WSS443','p15'),('WSS444','p15'),('WSS447','p15'),('WSS448','p15'),('WSS451','p15'),('WSS454','p15'),('WSS46','p15'),('WSS463','p15'),('WSS465','p15'),('WSS47','p15'),('WSS471','p15'),('WSS474','p15'),('WSS477','p15'),('WSS479','p15'),('WSS481','p15'),('WSS483','p15'),('WSS487','p15'),('WSS497','p15'),('WSS5','p15'),('WSS500','p15'),('WSS503','p15'),('WSS504','p15'),('WSS515','p15'),('WSS518','p15'),('WSS52','p15'),('WSS523','p15'),('WSS525','p15'),('WSS526','p15'),('WSS527','p15'),('WSS53','p15'),('WSS532','p15'),('WSS54','p15'),('WSS541','p15'),('WSS547','p15'),('WSS554','p15'),('WSS560','p15'),('WSS562','p15'),('WSS564','p15'),('WSS566','p15'),('WSS571','p15'),('WSS573','p15'),('WSS578','p15'),('WSS580','p15'),('WSS583','p15'),('WSS585','p15'),('WSS586','p15'),('WSS588','p15'),('WSS589','p15'),('WSS59','p15'),('WSS591','p15'),('WSS592','p15'),('WSS595','p15'),('WSS68','p15'),('WSS7','p15'),('WSS80','p15'),('WSS82','p15'),('WSS83','p15'),('WSS87','p15'),('WSS90','p15'),('WSS95','p15'),('WSS1','p16'),('WSS100','p16'),('WSS101','p16'),('WSS108','p16'),('WSS109','p16'),('WSS112','p16'),('WSS116','p16'),('WSS117','p16'),('WSS12','p16'),('WSS120','p16'),('WSS121','p16'),('WSS125','p16'),('WSS127','p16'),('WSS130','p16'),('WSS132','p16'),('WSS14','p16'),('WSS142','p16'),('WSS148','p16'),('WSS151','p16'),('WSS152','p16'),('WSS154','p16'),('WSS159','p16'),('WSS162','p16'),('WSS171','p16'),('WSS179','p16'),('WSS182','p16'),('WSS184','p16'),('WSS188','p16'),('WSS19','p16'),('WSS194','p16'),('WSS195','p16'),('WSS2','p16'),('WSS201','p16'),('WSS21','p16'),('WSS212','p16'),('WSS214','p16'),('WSS227','p16'),('WSS228','p16'),('WSS240','p16'),('WSS244','p16'),('WSS247','p16'),('WSS25','p16'),('WSS250','p16'),('WSS253','p16'),('WSS260','p16'),('WSS261','p16'),('WSS263','p16'),('WSS267','p16'),('WSS269','p16'),('WSS271','p16'),('WSS273','p16'),('WSS28','p16'),('WSS286','p16'),('WSS291','p16'),('WSS294','p16'),('WSS297','p16'),('WSS3','p16'),('WSS304','p16'),('WSS309','p16'),('WSS32','p16'),('WSS320','p16'),('WSS324','p16'),('WSS325','p16'),('WSS327','p16'),('WSS330','p16'),('WSS332','p16'),('WSS336','p16'),('WSS337','p16'),('WSS343','p16'),('WSS345','p16'),('WSS346','p16'),('WSS347','p16'),('WSS349','p16'),('WSS359','p16'),('WSS36','p16'),('WSS362','p16'),('WSS363','p16'),('WSS364','p16'),('WSS37','p16'),('WSS371','p16'),('WSS372','p16'),('WSS373','p16'),('WSS378','p16'),('WSS381','p16'),('WSS389','p16'),('WSS39','p16'),('WSS396','p16'),('WSS40','p16'),('WSS403','p16'),('WSS406','p16'),('WSS409','p16'),('WSS41','p16'),('WSS415','p16'),('WSS416','p16'),('WSS418','p16'),('WSS422','p16'),('WSS426','p16'),('WSS431','p16'),('WSS435','p16'),('WSS44','p16'),('WSS440','p16'),('WSS448','p16'),('WSS451','p16'),('WSS456','p16'),('WSS457','p16'),('WSS458','p16'),('WSS461','p16'),('WSS464','p16'),('WSS472','p16'),('WSS475','p16'),('WSS476','p16'),('WSS481','p16'),('WSS484','p16'),('WSS486','p16'),('WSS489','p16'),('WSS492','p16'),('WSS496','p16'),('WSS5','p16'),('WSS50','p16'),('WSS500','p16'),('WSS502','p16'),('WSS504','p16'),('WSS507','p16'),('WSS510','p16'),('WSS512','p16'),('WSS520','p16'),('WSS522','p16'),('WSS527','p16'),('WSS531','p16'),('WSS534','p16'),('WSS535','p16'),('WSS55','p16'),('WSS550','p16'),('WSS552','p16'),('WSS555','p16'),('WSS567','p16'),('WSS570','p16'),('WSS572','p16'),('WSS579','p16'),('WSS580','p16'),('WSS582','p16'),('WSS585','p16'),('WSS586','p16'),('WSS592','p16'),('WSS597','p16'),('WSS64','p16'),('WSS66','p16'),('WSS67','p16'),('WSS68','p16'),('WSS69','p16'),('WSS71','p16'),('WSS72','p16'),('WSS77','p16'),('WSS84','p16'),('WSS9','p16'),('WSS91','p16'),('WSS92','p16'),('WSS96','p16'),('WSS99','p16'),('WSS10','p17'),('WSS100','p17'),('WSS103','p17'),('WSS109','p17'),('WSS111','p17'),('WSS112','p17'),('WSS113','p17'),('WSS115','p17'),('WSS117','p17'),('WSS119','p17'),('WSS12','p17'),('WSS122','p17'),('WSS123','p17'),('WSS130','p17'),('WSS135','p17'),('WSS144','p17'),('WSS146','p17'),('WSS150','p17'),('WSS151','p17'),('WSS153','p17'),('WSS158','p17'),('WSS159','p17'),('WSS168','p17'),('WSS174','p17'),('WSS175','p17'),('WSS177','p17'),('WSS182','p17'),('WSS185','p17'),('WSS197','p17'),('WSS199','p17'),('WSS204','p17'),('WSS209','p17'),('WSS211','p17'),('WSS213','p17'),('WSS214','p17'),('WSS224','p17'),('WSS226','p17'),('WSS227','p17'),('WSS228','p17'),('WSS231','p17'),('WSS233','p17'),('WSS235','p17'),('WSS239','p17'),('WSS24','p17'),('WSS242','p17'),('WSS244','p17'),('WSS245','p17'),('WSS246','p17'),('WSS248','p17'),('WSS249','p17'),('WSS251','p17'),('WSS252','p17'),('WSS253','p17'),('WSS258','p17'),('WSS259','p17'),('WSS26','p17'),('WSS260','p17'),('WSS263','p17'),('WSS266','p17'),('WSS268','p17'),('WSS27','p17'),('WSS272','p17'),('WSS273','p17'),('WSS279','p17'),('WSS283','p17'),('WSS286','p17'),('WSS289','p17'),('WSS29','p17'),('WSS293','p17'),('WSS294','p17'),('WSS298','p17'),('WSS3','p17'),('WSS30','p17'),('WSS305','p17'),('WSS307','p17'),('WSS308','p17'),('WSS309','p17'),('WSS310','p17'),('WSS312','p17'),('WSS318','p17'),('WSS321','p17'),('WSS323','p17'),('WSS327','p17'),('WSS329','p17'),('WSS333','p17'),('WSS336','p17'),('WSS34','p17'),('WSS347','p17'),('WSS35','p17'),('WSS350','p17'),('WSS354','p17'),('WSS357','p17'),('WSS363','p17'),('WSS365','p17'),('WSS372','p17'),('WSS374','p17'),('WSS381','p17'),('WSS384','p17'),('WSS394','p17'),('WSS397','p17'),('WSS40','p17'),('WSS401','p17'),('WSS402','p17'),('WSS404','p17'),('WSS413','p17'),('WSS416','p17'),('WSS417','p17'),('WSS42','p17'),('WSS421','p17'),('WSS422','p17'),('WSS424','p17'),('WSS427','p17'),('WSS434','p17'),('WSS435','p17'),('WSS439','p17'),('WSS44','p17'),('WSS449','p17'),('WSS453','p17'),('WSS454','p17'),('WSS457','p17'),('WSS460','p17'),('WSS461','p17'),('WSS471','p17'),('WSS476','p17'),('WSS477','p17'),('WSS479','p17'),('WSS484','p17'),('WSS485','p17'),('WSS486','p17'),('WSS494','p17'),('WSS495','p17'),('WSS497','p17'),('WSS50','p17'),('WSS505','p17'),('WSS511','p17'),('WSS513','p17'),('WSS514','p17'),('WSS518','p17'),('WSS519','p17'),('WSS52','p17'),('WSS522','p17'),('WSS526','p17'),('WSS528','p17'),('WSS530','p17'),('WSS531','p17'),('WSS533','p17'),('WSS538','p17'),('WSS54','p17'),('WSS545','p17'),('WSS549','p17'),('WSS550','p17'),('WSS555','p17'),('WSS556','p17'),('WSS557','p17'),('WSS565','p17'),('WSS569','p17'),('WSS575','p17'),('WSS576','p17'),('WSS581','p17'),('WSS588','p17'),('WSS589','p17'),('WSS59','p17'),('WSS595','p17'),('WSS599','p17'),('WSS600','p17'),('WSS72','p17'),('WSS76','p17'),('WSS79','p17'),('WSS81','p17'),('WSS87','p17'),('WSS88','p17'),('WSS98','p17'),('WSS10','p18'),('WSS103','p18'),('WSS105','p18'),('WSS116','p18'),('WSS125','p18'),('WSS127','p18'),('WSS129','p18'),('WSS132','p18'),('WSS133','p18'),('WSS136','p18'),('WSS137','p18'),('WSS141','p18'),('WSS145','p18'),('WSS146','p18'),('WSS147','p18'),('WSS15','p18'),('WSS155','p18'),('WSS157','p18'),('WSS166','p18'),('WSS171','p18'),('WSS175','p18'),('WSS18','p18'),('WSS186','p18'),('WSS19','p18'),('WSS190','p18'),('WSS193','p18'),('WSS194','p18'),('WSS198','p18'),('WSS199','p18'),('WSS202','p18'),('WSS203','p18'),('WSS206','p18'),('WSS209','p18'),('WSS213','p18'),('WSS215','p18'),('WSS217','p18'),('WSS218','p18'),('WSS221','p18'),('WSS225','p18'),('WSS228','p18'),('WSS229','p18'),('WSS23','p18'),('WSS230','p18'),('WSS237','p18'),('WSS239','p18'),('WSS242','p18'),('WSS243','p18'),('WSS244','p18'),('WSS248','p18'),('WSS254','p18'),('WSS256','p18'),('WSS257','p18'),('WSS26','p18'),('WSS270','p18'),('WSS276','p18'),('WSS28','p18'),('WSS280','p18'),('WSS281','p18'),('WSS285','p18'),('WSS289','p18'),('WSS290','p18'),('WSS292','p18'),('WSS299','p18'),('WSS307','p18'),('WSS31','p18'),('WSS314','p18'),('WSS326','p18'),('WSS327','p18'),('WSS328','p18'),('WSS329','p18'),('WSS33','p18'),('WSS34','p18'),('WSS341','p18'),('WSS342','p18'),('WSS349','p18'),('WSS352','p18'),('WSS353','p18'),('WSS354','p18'),('WSS359','p18'),('WSS360','p18'),('WSS363','p18'),('WSS364','p18'),('WSS367','p18'),('WSS369','p18'),('WSS371','p18'),('WSS383','p18'),('WSS385','p18'),('WSS387','p18'),('WSS388','p18'),('WSS39','p18'),('WSS390','p18'),('WSS395','p18'),('WSS396','p18'),('WSS400','p18'),('WSS401','p18'),('WSS407','p18'),('WSS414','p18'),('WSS419','p18'),('WSS420','p18'),('WSS426','p18'),('WSS428','p18'),('WSS435','p18'),('WSS444','p18'),('WSS446','p18'),('WSS45','p18'),('WSS455','p18'),('WSS459','p18'),('WSS463','p18'),('WSS464','p18'),('WSS465','p18'),('WSS466','p18'),('WSS470','p18'),('WSS472','p18'),('WSS474','p18'),('WSS476','p18'),('WSS477','p18'),('WSS479','p18'),('WSS482','p18'),('WSS488','p18'),('WSS5','p18'),('WSS500','p18'),('WSS51','p18'),('WSS513','p18'),('WSS516','p18'),('WSS52','p18'),('WSS520','p18'),('WSS527','p18'),('WSS528','p18'),('WSS529','p18'),('WSS54','p18'),('WSS540','p18'),('WSS543','p18'),('WSS546','p18'),('WSS55','p18'),('WSS555','p18'),('WSS558','p18'),('WSS562','p18'),('WSS567','p18'),('WSS568','p18'),('WSS570','p18'),('WSS573','p18'),('WSS574','p18'),('WSS576','p18'),('WSS578','p18'),('WSS579','p18'),('WSS583','p18'),('WSS590','p18'),('WSS596','p18'),('WSS6','p18'),('WSS61','p18'),('WSS62','p18'),('WSS63','p18'),('WSS66','p18'),('WSS67','p18'),('WSS70','p18'),('WSS71','p18'),('WSS74','p18'),('WSS80','p18'),('WSS91','p18'),('WSS95','p18'),('WSS97','p18'),('WSS99','p18'),('WSS105','p19'),('WSS107','p19'),('WSS109','p19'),('WSS112','p19'),('WSS114','p19'),('WSS115','p19'),('WSS118','p19'),('WSS120','p19'),('WSS121','p19'),('WSS122','p19'),('WSS125','p19'),('WSS126','p19'),('WSS129','p19'),('WSS146','p19'),('WSS149','p19'),('WSS150','p19'),('WSS152','p19'),('WSS156','p19'),('WSS159','p19'),('WSS160','p19'),('WSS163','p19'),('WSS173','p19'),('WSS177','p19'),('WSS18','p19'),('WSS184','p19'),('WSS185','p19'),('WSS186','p19'),('WSS187','p19'),('WSS19','p19'),('WSS195','p19'),('WSS20','p19'),('WSS202','p19'),('WSS208','p19'),('WSS210','p19'),('WSS211','p19'),('WSS217','p19'),('WSS220','p19'),('WSS225','p19'),('WSS232','p19'),('WSS233','p19'),('WSS237','p19'),('WSS24','p19'),('WSS244','p19'),('WSS245','p19'),('WSS258','p19'),('WSS264','p19'),('WSS274','p19'),('WSS275','p19'),('WSS277','p19'),('WSS287','p19'),('WSS302','p19'),('WSS305','p19'),('WSS306','p19'),('WSS308','p19'),('WSS313','p19'),('WSS318','p19'),('WSS323','p19'),('WSS326','p19'),('WSS329','p19'),('WSS331','p19'),('WSS335','p19'),('WSS336','p19'),('WSS337','p19'),('WSS338','p19'),('WSS339','p19'),('WSS341','p19'),('WSS344','p19'),('WSS347','p19'),('WSS352','p19'),('WSS354','p19'),('WSS355','p19'),('WSS358','p19'),('WSS360','p19'),('WSS366','p19'),('WSS370','p19'),('WSS372','p19'),('WSS374','p19'),('WSS375','p19'),('WSS380','p19'),('WSS382','p19'),('WSS384','p19'),('WSS387','p19'),('WSS388','p19'),('WSS389','p19'),('WSS40','p19'),('WSS401','p19'),('WSS403','p19'),('WSS405','p19'),('WSS411','p19'),('WSS413','p19'),('WSS419','p19'),('WSS427','p19'),('WSS429','p19'),('WSS43','p19'),('WSS430','p19'),('WSS436','p19'),('WSS442','p19'),('WSS452','p19'),('WSS460','p19'),('WSS465','p19'),('WSS468','p19'),('WSS48','p19'),('WSS480','p19'),('WSS482','p19'),('WSS483','p19'),('WSS484','p19'),('WSS486','p19'),('WSS487','p19'),('WSS488','p19'),('WSS499','p19'),('WSS506','p19'),('WSS508','p19'),('WSS509','p19'),('WSS51','p19'),('WSS514','p19'),('WSS517','p19'),('WSS519','p19'),('WSS524','p19'),('WSS531','p19'),('WSS534','p19'),('WSS536','p19'),('WSS539','p19'),('WSS545','p19'),('WSS558','p19'),('WSS561','p19'),('WSS565','p19'),('WSS58','p19'),('WSS581','p19'),('WSS584','p19'),('WSS585','p19'),('WSS593','p19'),('WSS600','p19'),('WSS61','p19'),('WSS67','p19'),('WSS69','p19'),('WSS71','p19'),('WSS79','p19'),('WSS8','p19'),('WSS80','p19'),('WSS84','p19'),('WSS86','p19'),('WSS87','p19'),('WSS9','p19'),('WSS95','p19'),('WSS96','p19'),('WSS97','p19'),('WSS1','p2'),('WSS102','p2'),('WSS108','p2'),('WSS109','p2'),('WSS113','p2'),('WSS117','p2'),('WSS119','p2'),('WSS120','p2'),('WSS124','p2'),('WSS126','p2'),('WSS13','p2'),('WSS130','p2'),('WSS131','p2'),('WSS132','p2'),('WSS135','p2'),('WSS138','p2'),('WSS142','p2'),('WSS148','p2'),('WSS153','p2'),('WSS158','p2'),('WSS163','p2'),('WSS168','p2'),('WSS169','p2'),('WSS17','p2'),('WSS174','p2'),('WSS183','p2'),('WSS184','p2'),('WSS2','p2'),('WSS20','p2'),('WSS202','p2'),('WSS21','p2'),('WSS217','p2'),('WSS219','p2'),('WSS220','p2'),('WSS222','p2'),('WSS224','p2'),('WSS23','p2'),('WSS232','p2'),('WSS242','p2'),('WSS246','p2'),('WSS247','p2'),('WSS253','p2'),('WSS255','p2'),('WSS269','p2'),('WSS272','p2'),('WSS274','p2'),('WSS278','p2'),('WSS280','p2'),('WSS282','p2'),('WSS288','p2'),('WSS300','p2'),('WSS301','p2'),('WSS309','p2'),('WSS311','p2'),('WSS312','p2'),('WSS315','p2'),('WSS317','p2'),('WSS322','p2'),('WSS323','p2'),('WSS326','p2'),('WSS328','p2'),('WSS329','p2'),('WSS330','p2'),('WSS333','p2'),('WSS336','p2'),('WSS340','p2'),('WSS341','p2'),('WSS344','p2'),('WSS353','p2'),('WSS364','p2'),('WSS368','p2'),('WSS369','p2'),('WSS374','p2'),('WSS377','p2'),('WSS379','p2'),('WSS382','p2'),('WSS386','p2'),('WSS39','p2'),('WSS390','p2'),('WSS392','p2'),('WSS394','p2'),('WSS398','p2'),('WSS409','p2'),('WSS410','p2'),('WSS411','p2'),('WSS413','p2'),('WSS416','p2'),('WSS422','p2'),('WSS423','p2'),('WSS425','p2'),('WSS43','p2'),('WSS434','p2'),('WSS435','p2'),('WSS436','p2'),('WSS44','p2'),('WSS440','p2'),('WSS441','p2'),('WSS442','p2'),('WSS443','p2'),('WSS445','p2'),('WSS451','p2'),('WSS457','p2'),('WSS459','p2'),('WSS460','p2'),('WSS461','p2'),('WSS469','p2'),('WSS47','p2'),('WSS474','p2'),('WSS476','p2'),('WSS482','p2'),('WSS483','p2'),('WSS49','p2'),('WSS495','p2'),('WSS497','p2'),('WSS500','p2'),('WSS501','p2'),('WSS504','p2'),('WSS506','p2'),('WSS508','p2'),('WSS51','p2'),('WSS510','p2'),('WSS512','p2'),('WSS515','p2'),('WSS516','p2'),('WSS517','p2'),('WSS518','p2'),('WSS519','p2'),('WSS523','p2'),('WSS524','p2'),('WSS526','p2'),('WSS528','p2'),('WSS53','p2'),('WSS531','p2'),('WSS533','p2'),('WSS535','p2'),('WSS536','p2'),('WSS537','p2'),('WSS539','p2'),('WSS541','p2'),('WSS543','p2'),('WSS546','p2'),('WSS548','p2'),('WSS559','p2'),('WSS562','p2'),('WSS565','p2'),('WSS566','p2'),('WSS568','p2'),('WSS57','p2'),('WSS571','p2'),('WSS575','p2'),('WSS593','p2'),('WSS598','p2'),('WSS60','p2'),('WSS600','p2'),('WSS7','p2'),('WSS71','p2'),('WSS73','p2'),('WSS81','p2'),('WSS82','p2'),('WSS84','p2'),('WSS85','p2'),('WSS88','p2'),('WSS96','p2'),('WSS102','p20'),('WSS107','p20'),('WSS110','p20'),('WSS111','p20'),('WSS113','p20'),('WSS119','p20'),('WSS128','p20'),('WSS135','p20'),('WSS139','p20'),('WSS140','p20'),('WSS144','p20'),('WSS145','p20'),('WSS147','p20'),('WSS159','p20'),('WSS16','p20'),('WSS169','p20'),('WSS172','p20'),('WSS177','p20'),('WSS179','p20'),('WSS180','p20'),('WSS183','p20'),('WSS188','p20'),('WSS19','p20'),('WSS193','p20'),('WSS195','p20'),('WSS196','p20'),('WSS200','p20'),('WSS211','p20'),('WSS214','p20'),('WSS216','p20'),('WSS217','p20'),('WSS223','p20'),('WSS233','p20'),('WSS234','p20'),('WSS235','p20'),('WSS240','p20'),('WSS241','p20'),('WSS242','p20'),('WSS247','p20'),('WSS249','p20'),('WSS250','p20'),('WSS263','p20'),('WSS270','p20'),('WSS271','p20'),('WSS272','p20'),('WSS282','p20'),('WSS283','p20'),('WSS284','p20'),('WSS286','p20'),('WSS293','p20'),('WSS294','p20'),('WSS298','p20'),('WSS3','p20'),('WSS304','p20'),('WSS312','p20'),('WSS314','p20'),('WSS317','p20'),('WSS318','p20'),('WSS319','p20'),('WSS322','p20'),('WSS324','p20'),('WSS325','p20'),('WSS33','p20'),('WSS335','p20'),('WSS340','p20'),('WSS341','p20'),('WSS344','p20'),('WSS351','p20'),('WSS358','p20'),('WSS36','p20'),('WSS364','p20'),('WSS369','p20'),('WSS370','p20'),('WSS376','p20'),('WSS387','p20'),('WSS390','p20'),('WSS392','p20'),('WSS395','p20'),('WSS396','p20'),('WSS397','p20'),('WSS399','p20'),('WSS407','p20'),('WSS408','p20'),('WSS41','p20'),('WSS412','p20'),('WSS424','p20'),('WSS426','p20'),('WSS43','p20'),('WSS435','p20'),('WSS439','p20'),('WSS442','p20'),('WSS443','p20'),('WSS444','p20'),('WSS446','p20'),('WSS448','p20'),('WSS45','p20'),('WSS454','p20'),('WSS455','p20'),('WSS462','p20'),('WSS464','p20'),('WSS469','p20'),('WSS485','p20'),('WSS487','p20'),('WSS488','p20'),('WSS490','p20'),('WSS491','p20'),('WSS492','p20'),('WSS493','p20'),('WSS50','p20'),('WSS501','p20'),('WSS507','p20'),('WSS508','p20'),('WSS513','p20'),('WSS52','p20'),('WSS520','p20'),('WSS525','p20'),('WSS529','p20'),('WSS53','p20'),('WSS540','p20'),('WSS542','p20'),('WSS545','p20'),('WSS546','p20'),('WSS550','p20'),('WSS551','p20'),('WSS559','p20'),('WSS56','p20'),('WSS560','p20'),('WSS561','p20'),('WSS563','p20'),('WSS564','p20'),('WSS565','p20'),('WSS566','p20'),('WSS567','p20'),('WSS568','p20'),('WSS570','p20'),('WSS574','p20'),('WSS578','p20'),('WSS579','p20'),('WSS583','p20'),('WSS584','p20'),('WSS589','p20'),('WSS59','p20'),('WSS590','p20'),('WSS591','p20'),('WSS592','p20'),('WSS593','p20'),('WSS595','p20'),('WSS599','p20'),('WSS60','p20'),('WSS600','p20'),('WSS61','p20'),('WSS62','p20'),('WSS77','p20'),('WSS78','p20'),('WSS85','p20'),('WSS86','p20'),('WSS88','p20'),('WSS89','p20'),('WSS93','p20'),('WSS96','p20'),('WSS1','p3'),('WSS102','p3'),('WSS108','p3'),('WSS11','p3'),('WSS112','p3'),('WSS113','p3'),('WSS123','p3'),('WSS124','p3'),('WSS125','p3'),('WSS133','p3'),('WSS135','p3'),('WSS139','p3'),('WSS14','p3'),('WSS141','p3'),('WSS142','p3'),('WSS146','p3'),('WSS148','p3'),('WSS156','p3'),('WSS161','p3'),('WSS164','p3'),('WSS165','p3'),('WSS166','p3'),('WSS167','p3'),('WSS17','p3'),('WSS171','p3'),('WSS173','p3'),('WSS18','p3'),('WSS181','p3'),('WSS186','p3'),('WSS193','p3'),('WSS205','p3'),('WSS208','p3'),('WSS21','p3'),('WSS210','p3'),('WSS213','p3'),('WSS216','p3'),('WSS222','p3'),('WSS225','p3'),('WSS229','p3'),('WSS234','p3'),('WSS236','p3'),('WSS238','p3'),('WSS243','p3'),('WSS251','p3'),('WSS254','p3'),('WSS256','p3'),('WSS266','p3'),('WSS271','p3'),('WSS272','p3'),('WSS274','p3'),('WSS279','p3'),('WSS28','p3'),('WSS280','p3'),('WSS288','p3'),('WSS293','p3'),('WSS295','p3'),('WSS298','p3'),('WSS300','p3'),('WSS303','p3'),('WSS304','p3'),('WSS311','p3'),('WSS316','p3'),('WSS33','p3'),('WSS331','p3'),('WSS334','p3'),('WSS34','p3'),('WSS346','p3'),('WSS354','p3'),('WSS355','p3'),('WSS357','p3'),('WSS360','p3'),('WSS362','p3'),('WSS365','p3'),('WSS367','p3'),('WSS368','p3'),('WSS371','p3'),('WSS373','p3'),('WSS384','p3'),('WSS389','p3'),('WSS39','p3'),('WSS391','p3'),('WSS393','p3'),('WSS394','p3'),('WSS395','p3'),('WSS398','p3'),('WSS40','p3'),('WSS404','p3'),('WSS406','p3'),('WSS41','p3'),('WSS412','p3'),('WSS416','p3'),('WSS417','p3'),('WSS419','p3'),('WSS421','p3'),('WSS424','p3'),('WSS426','p3'),('WSS427','p3'),('WSS429','p3'),('WSS431','p3'),('WSS433','p3'),('WSS436','p3'),('WSS446','p3'),('WSS450','p3'),('WSS452','p3'),('WSS458','p3'),('WSS463','p3'),('WSS468','p3'),('WSS47','p3'),('WSS475','p3'),('WSS48','p3'),('WSS481','p3'),('WSS486','p3'),('WSS488','p3'),('WSS490','p3'),('WSS498','p3'),('WSS5','p3'),('WSS502','p3'),('WSS506','p3'),('WSS51','p3'),('WSS510','p3'),('WSS52','p3'),('WSS521','p3'),('WSS533','p3'),('WSS538','p3'),('WSS541','p3'),('WSS542','p3'),('WSS545','p3'),('WSS546','p3'),('WSS550','p3'),('WSS551','p3'),('WSS552','p3'),('WSS556','p3'),('WSS559','p3'),('WSS570','p3'),('WSS572','p3'),('WSS575','p3'),('WSS590','p3'),('WSS593','p3'),('WSS597','p3'),('WSS598','p3'),('WSS6','p3'),('WSS600','p3'),('WSS62','p3'),('WSS63','p3'),('WSS64','p3'),('WSS67','p3'),('WSS72','p3'),('WSS74','p3'),('WSS76','p3'),('WSS78','p3'),('WSS85','p3'),('WSS9','p3'),('WSS93','p3'),('WSS94','p3'),('WSS97','p3'),('WSS98','p3'),('WSS1','p4'),('WSS104','p4'),('WSS108','p4'),('WSS110','p4'),('WSS111','p4'),('WSS112','p4'),('WSS116','p4'),('WSS123','p4'),('WSS124','p4'),('WSS127','p4'),('WSS128','p4'),('WSS131','p4'),('WSS133','p4'),('WSS140','p4'),('WSS144','p4'),('WSS150','p4'),('WSS153','p4'),('WSS154','p4'),('WSS155','p4'),('WSS157','p4'),('WSS161','p4'),('WSS17','p4'),('WSS170','p4'),('WSS173','p4'),('WSS175','p4'),('WSS176','p4'),('WSS179','p4'),('WSS183','p4'),('WSS191','p4'),('WSS196','p4'),('WSS2','p4'),('WSS204','p4'),('WSS205','p4'),('WSS213','p4'),('WSS216','p4'),('WSS219','p4'),('WSS221','p4'),('WSS228','p4'),('WSS229','p4'),('WSS23','p4'),('WSS231','p4'),('WSS236','p4'),('WSS239','p4'),('WSS240','p4'),('WSS250','p4'),('WSS255','p4'),('WSS26','p4'),('WSS267','p4'),('WSS27','p4'),('WSS281','p4'),('WSS289','p4'),('WSS29','p4'),('WSS290','p4'),('WSS292','p4'),('WSS294','p4'),('WSS3','p4'),('WSS301','p4'),('WSS302','p4'),('WSS305','p4'),('WSS309','p4'),('WSS31','p4'),('WSS311','p4'),('WSS313','p4'),('WSS318','p4'),('WSS319','p4'),('WSS323','p4'),('WSS326','p4'),('WSS336','p4'),('WSS339','p4'),('WSS342','p4'),('WSS343','p4'),('WSS345','p4'),('WSS349','p4'),('WSS350','p4'),('WSS353','p4'),('WSS355','p4'),('WSS358','p4'),('WSS359','p4'),('WSS360','p4'),('WSS365','p4'),('WSS366','p4'),('WSS367','p4'),('WSS380','p4'),('WSS384','p4'),('WSS386','p4'),('WSS389','p4'),('WSS390','p4'),('WSS394','p4'),('WSS396','p4'),('WSS397','p4'),('WSS4','p4'),('WSS40','p4'),('WSS408','p4'),('WSS415','p4'),('WSS429','p4'),('WSS432','p4'),('WSS437','p4'),('WSS438','p4'),('WSS444','p4'),('WSS447','p4'),('WSS452','p4'),('WSS453','p4'),('WSS456','p4'),('WSS457','p4'),('WSS458','p4'),('WSS459','p4'),('WSS46','p4'),('WSS460','p4'),('WSS461','p4'),('WSS467','p4'),('WSS468','p4'),('WSS47','p4'),('WSS471','p4'),('WSS474','p4'),('WSS478','p4'),('WSS48','p4'),('WSS481','p4'),('WSS489','p4'),('WSS491','p4'),('WSS493','p4'),('WSS495','p4'),('WSS50','p4'),('WSS505','p4'),('WSS508','p4'),('WSS509','p4'),('WSS511','p4'),('WSS514','p4'),('WSS523','p4'),('WSS526','p4'),('WSS532','p4'),('WSS533','p4'),('WSS539','p4'),('WSS540','p4'),('WSS543','p4'),('WSS547','p4'),('WSS548','p4'),('WSS549','p4'),('WSS550','p4'),('WSS552','p4'),('WSS554','p4'),('WSS557','p4'),('WSS558','p4'),('WSS561','p4'),('WSS562','p4'),('WSS563','p4'),('WSS57','p4'),('WSS573','p4'),('WSS574','p4'),('WSS576','p4'),('WSS579','p4'),('WSS58','p4'),('WSS580','p4'),('WSS582','p4'),('WSS584','p4'),('WSS588','p4'),('WSS589','p4'),('WSS59','p4'),('WSS590','p4'),('WSS596','p4'),('WSS66','p4'),('WSS67','p4'),('WSS68','p4'),('WSS74','p4'),('WSS76','p4'),('WSS77','p4'),('WSS83','p4'),('WSS85','p4'),('WSS92','p4'),('WSS93','p4'),('WSS95','p4'),('WSS96','p4'),('WSS107','p5'),('WSS115','p5'),('WSS120','p5'),('WSS127','p5'),('WSS13','p5'),('WSS131','p5'),('WSS135','p5'),('WSS137','p5'),('WSS138','p5'),('WSS141','p5'),('WSS149','p5'),('WSS152','p5'),('WSS154','p5'),('WSS155','p5'),('WSS166','p5'),('WSS169','p5'),('WSS170','p5'),('WSS176','p5'),('WSS177','p5'),('WSS178','p5'),('WSS181','p5'),('WSS182','p5'),('WSS185','p5'),('WSS186','p5'),('WSS189','p5'),('WSS190','p5'),('WSS194','p5'),('WSS197','p5'),('WSS199','p5'),('WSS20','p5'),('WSS206','p5'),('WSS214','p5'),('WSS217','p5'),('WSS224','p5'),('WSS227','p5'),('WSS230','p5'),('WSS237','p5'),('WSS239','p5'),('WSS245','p5'),('WSS246','p5'),('WSS250','p5'),('WSS257','p5'),('WSS26','p5'),('WSS262','p5'),('WSS263','p5'),('WSS266','p5'),('WSS270','p5'),('WSS276','p5'),('WSS286','p5'),('WSS288','p5'),('WSS292','p5'),('WSS293','p5'),('WSS295','p5'),('WSS296','p5'),('WSS299','p5'),('WSS300','p5'),('WSS303','p5'),('WSS306','p5'),('WSS307','p5'),('WSS308','p5'),('WSS31','p5'),('WSS313','p5'),('WSS314','p5'),('WSS321','p5'),('WSS322','p5'),('WSS328','p5'),('WSS329','p5'),('WSS330','p5'),('WSS331','p5'),('WSS336','p5'),('WSS338','p5'),('WSS340','p5'),('WSS343','p5'),('WSS344','p5'),('WSS346','p5'),('WSS347','p5'),('WSS351','p5'),('WSS354','p5'),('WSS361','p5'),('WSS362','p5'),('WSS37','p5'),('WSS373','p5'),('WSS375','p5'),('WSS377','p5'),('WSS379','p5'),('WSS382','p5'),('WSS384','p5'),('WSS390','p5'),('WSS4','p5'),('WSS401','p5'),('WSS409','p5'),('WSS415','p5'),('WSS418','p5'),('WSS420','p5'),('WSS428','p5'),('WSS432','p5'),('WSS434','p5'),('WSS44','p5'),('WSS454','p5'),('WSS464','p5'),('WSS466','p5'),('WSS467','p5'),('WSS472','p5'),('WSS473','p5'),('WSS477','p5'),('WSS478','p5'),('WSS480','p5'),('WSS481','p5'),('WSS482','p5'),('WSS483','p5'),('WSS484','p5'),('WSS489','p5'),('WSS490','p5'),('WSS492','p5'),('WSS493','p5'),('WSS494','p5'),('WSS499','p5'),('WSS501','p5'),('WSS502','p5'),('WSS503','p5'),('WSS504','p5'),('WSS511','p5'),('WSS513','p5'),('WSS515','p5'),('WSS519','p5'),('WSS52','p5'),('WSS539','p5'),('WSS544','p5'),('WSS547','p5'),('WSS551','p5'),('WSS558','p5'),('WSS559','p5'),('WSS56','p5'),('WSS562','p5'),('WSS563','p5'),('WSS566','p5'),('WSS569','p5'),('WSS57','p5'),('WSS581','p5'),('WSS586','p5'),('WSS59','p5'),('WSS591','p5'),('WSS595','p5'),('WSS60','p5'),('WSS61','p5'),('WSS62','p5'),('WSS67','p5'),('WSS68','p5'),('WSS69','p5'),('WSS71','p5'),('WSS73','p5'),('WSS76','p5'),('WSS79','p5'),('WSS80','p5'),('WSS81','p5'),('WSS83','p5'),('WSS87','p5'),('WSS89','p5'),('WSS91','p5'),('WSS92','p5'),('WSS93','p5'),('WSS98','p5'),('WSS99','p5'),('WSS102','p6'),('WSS105','p6'),('WSS106','p6'),('WSS11','p6'),('WSS112','p6'),('WSS114','p6'),('WSS115','p6'),('WSS13','p6'),('WSS130','p6'),('WSS137','p6'),('WSS149','p6'),('WSS15','p6'),('WSS157','p6'),('WSS16','p6'),('WSS161','p6'),('WSS163','p6'),('WSS167','p6'),('WSS168','p6'),('WSS171','p6'),('WSS174','p6'),('WSS176','p6'),('WSS182','p6'),('WSS184','p6'),('WSS189','p6'),('WSS193','p6'),('WSS197','p6'),('WSS204','p6'),('WSS207','p6'),('WSS221','p6'),('WSS222','p6'),('WSS230','p6'),('WSS231','p6'),('WSS236','p6'),('WSS245','p6'),('WSS250','p6'),('WSS254','p6'),('WSS26','p6'),('WSS263','p6'),('WSS268','p6'),('WSS274','p6'),('WSS276','p6'),('WSS277','p6'),('WSS278','p6'),('WSS280','p6'),('WSS286','p6'),('WSS288','p6'),('WSS289','p6'),('WSS291','p6'),('WSS298','p6'),('WSS300','p6'),('WSS301','p6'),('WSS305','p6'),('WSS311','p6'),('WSS313','p6'),('WSS32','p6'),('WSS327','p6'),('WSS33','p6'),('WSS338','p6'),('WSS346','p6'),('WSS352','p6'),('WSS353','p6'),('WSS354','p6'),('WSS355','p6'),('WSS360','p6'),('WSS362','p6'),('WSS364','p6'),('WSS367','p6'),('WSS378','p6'),('WSS38','p6'),('WSS383','p6'),('WSS385','p6'),('WSS39','p6'),('WSS391','p6'),('WSS400','p6'),('WSS401','p6'),('WSS410','p6'),('WSS411','p6'),('WSS413','p6'),('WSS416','p6'),('WSS417','p6'),('WSS419','p6'),('WSS42','p6'),('WSS425','p6'),('WSS427','p6'),('WSS428','p6'),('WSS435','p6'),('WSS436','p6'),('WSS438','p6'),('WSS445','p6'),('WSS450','p6'),('WSS451','p6'),('WSS452','p6'),('WSS456','p6'),('WSS458','p6'),('WSS46','p6'),('WSS464','p6'),('WSS466','p6'),('WSS467','p6'),('WSS475','p6'),('WSS483','p6'),('WSS484','p6'),('WSS485','p6'),('WSS487','p6'),('WSS494','p6'),('WSS496','p6'),('WSS501','p6'),('WSS511','p6'),('WSS512','p6'),('WSS517','p6'),('WSS521','p6'),('WSS522','p6'),('WSS534','p6'),('WSS537','p6'),('WSS538','p6'),('WSS539','p6'),('WSS542','p6'),('WSS548','p6'),('WSS55','p6'),('WSS553','p6'),('WSS559','p6'),('WSS564','p6'),('WSS565','p6'),('WSS579','p6'),('WSS58','p6'),('WSS581','p6'),('WSS587','p6'),('WSS589','p6'),('WSS590','p6'),('WSS591','p6'),('WSS592','p6'),('WSS593','p6'),('WSS600','p6'),('WSS63','p6'),('WSS7','p6'),('WSS72','p6'),('WSS73','p6'),('WSS8','p6'),('WSS84','p6'),('WSS88','p6'),('WSS92','p6'),('WSS93','p6'),('WSS103','p7'),('WSS104','p7'),('WSS106','p7'),('WSS108','p7'),('WSS11','p7'),('WSS110','p7'),('WSS111','p7'),('WSS113','p7'),('WSS116','p7'),('WSS117','p7'),('WSS134','p7'),('WSS136','p7'),('WSS14','p7'),('WSS142','p7'),('WSS146','p7'),('WSS153','p7'),('WSS156','p7'),('WSS160','p7'),('WSS162','p7'),('WSS165','p7'),('WSS166','p7'),('WSS17','p7'),('WSS170','p7'),('WSS172','p7'),('WSS173','p7'),('WSS178','p7'),('WSS187','p7'),('WSS199','p7'),('WSS201','p7'),('WSS204','p7'),('WSS210','p7'),('WSS211','p7'),('WSS212','p7'),('WSS215','p7'),('WSS218','p7'),('WSS219','p7'),('WSS22','p7'),('WSS220','p7'),('WSS222','p7'),('WSS223','p7'),('WSS225','p7'),('WSS227','p7'),('WSS24','p7'),('WSS241','p7'),('WSS244','p7'),('WSS246','p7'),('WSS247','p7'),('WSS248','p7'),('WSS251','p7'),('WSS253','p7'),('WSS256','p7'),('WSS257','p7'),('WSS264','p7'),('WSS267','p7'),('WSS268','p7'),('WSS269','p7'),('WSS27','p7'),('WSS273','p7'),('WSS275','p7'),('WSS279','p7'),('WSS282','p7'),('WSS284','p7'),('WSS291','p7'),('WSS294','p7'),('WSS295','p7'),('WSS297','p7'),('WSS30','p7'),('WSS302','p7'),('WSS303','p7'),('WSS304','p7'),('WSS307','p7'),('WSS312','p7'),('WSS314','p7'),('WSS316','p7'),('WSS317','p7'),('WSS318','p7'),('WSS32','p7'),('WSS332','p7'),('WSS334','p7'),('WSS338','p7'),('WSS340','p7'),('WSS348','p7'),('WSS357','p7'),('WSS363','p7'),('WSS365','p7'),('WSS368','p7'),('WSS37','p7'),('WSS371','p7'),('WSS377','p7'),('WSS379','p7'),('WSS38','p7'),('WSS380','p7'),('WSS381','p7'),('WSS383','p7'),('WSS384','p7'),('WSS391','p7'),('WSS392','p7'),('WSS399','p7'),('WSS400','p7'),('WSS402','p7'),('WSS403','p7'),('WSS405','p7'),('WSS407','p7'),('WSS410','p7'),('WSS418','p7'),('WSS42','p7'),('WSS420','p7'),('WSS421','p7'),('WSS431','p7'),('WSS434','p7'),('WSS438','p7'),('WSS441','p7'),('WSS442','p7'),('WSS445','p7'),('WSS449','p7'),('WSS453','p7'),('WSS465','p7'),('WSS466','p7'),('WSS468','p7'),('WSS469','p7'),('WSS476','p7'),('WSS48','p7'),('WSS481','p7'),('WSS486','p7'),('WSS49','p7'),('WSS493','p7'),('WSS496','p7'),('WSS497','p7'),('WSS500','p7'),('WSS507','p7'),('WSS512','p7'),('WSS515','p7'),('WSS516','p7'),('WSS518','p7'),('WSS523','p7'),('WSS524','p7'),('WSS526','p7'),('WSS529','p7'),('WSS532','p7'),('WSS534','p7'),('WSS536','p7'),('WSS543','p7'),('WSS557','p7'),('WSS559','p7'),('WSS563','p7'),('WSS57','p7'),('WSS573','p7'),('WSS575','p7'),('WSS577','p7'),('WSS582','p7'),('WSS583','p7'),('WSS588','p7'),('WSS593','p7'),('WSS594','p7'),('WSS598','p7'),('WSS6','p7'),('WSS7','p7'),('WSS74','p7'),('WSS75','p7'),('WSS76','p7'),('WSS77','p7'),('WSS80','p7'),('WSS81','p7'),('WSS85','p7'),('WSS89','p7'),('WSS91','p7'),('WSS94','p7'),('WSS97','p7'),('WSS100','p8'),('WSS101','p8'),('WSS103','p8'),('WSS108','p8'),('WSS110','p8'),('WSS114','p8'),('WSS115','p8'),('WSS118','p8'),('WSS124','p8'),('WSS125','p8'),('WSS13','p8'),('WSS132','p8'),('WSS136','p8'),('WSS138','p8'),('WSS139','p8'),('WSS14','p8'),('WSS143','p8'),('WSS145','p8'),('WSS147','p8'),('WSS149','p8'),('WSS155','p8'),('WSS157','p8'),('WSS160','p8'),('WSS164','p8'),('WSS167','p8'),('WSS168','p8'),('WSS175','p8'),('WSS177','p8'),('WSS18','p8'),('WSS181','p8'),('WSS183','p8'),('WSS184','p8'),('WSS191','p8'),('WSS192','p8'),('WSS197','p8'),('WSS20','p8'),('WSS201','p8'),('WSS204','p8'),('WSS206','p8'),('WSS207','p8'),('WSS219','p8'),('WSS220','p8'),('WSS223','p8'),('WSS226','p8'),('WSS230','p8'),('WSS234','p8'),('WSS236','p8'),('WSS238','p8'),('WSS25','p8'),('WSS252','p8'),('WSS255','p8'),('WSS257','p8'),('WSS26','p8'),('WSS260','p8'),('WSS261','p8'),('WSS262','p8'),('WSS265','p8'),('WSS266','p8'),('WSS267','p8'),('WSS27','p8'),('WSS270','p8'),('WSS274','p8'),('WSS275','p8'),('WSS276','p8'),('WSS278','p8'),('WSS279','p8'),('WSS280','p8'),('WSS284','p8'),('WSS287','p8'),('WSS288','p8'),('WSS294','p8'),('WSS296','p8'),('WSS30','p8'),('WSS300','p8'),('WSS302','p8'),('WSS310','p8'),('WSS313','p8'),('WSS321','p8'),('WSS324','p8'),('WSS325','p8'),('WSS327','p8'),('WSS332','p8'),('WSS334','p8'),('WSS335','p8'),('WSS337','p8'),('WSS34','p8'),('WSS345','p8'),('WSS349','p8'),('WSS350','p8'),('WSS358','p8'),('WSS359','p8'),('WSS36','p8'),('WSS366','p8'),('WSS367','p8'),('WSS37','p8'),('WSS376','p8'),('WSS380','p8'),('WSS382','p8'),('WSS383','p8'),('WSS386','p8'),('WSS393','p8'),('WSS394','p8'),('WSS400','p8'),('WSS403','p8'),('WSS405','p8'),('WSS406','p8'),('WSS407','p8'),('WSS414','p8'),('WSS419','p8'),('WSS423','p8'),('WSS428','p8'),('WSS429','p8'),('WSS43','p8'),('WSS437','p8'),('WSS441','p8'),('WSS450','p8'),('WSS452','p8'),('WSS455','p8'),('WSS456','p8'),('WSS457','p8'),('WSS462','p8'),('WSS470','p8'),('WSS471','p8'),('WSS472','p8'),('WSS473','p8'),('WSS474','p8'),('WSS477','p8'),('WSS478','p8'),('WSS48','p8'),('WSS484','p8'),('WSS49','p8'),('WSS490','p8'),('WSS491','p8'),('WSS493','p8'),('WSS496','p8'),('WSS497','p8'),('WSS498','p8'),('WSS499','p8'),('WSS5','p8'),('WSS503','p8'),('WSS51','p8'),('WSS510','p8'),('WSS511','p8'),('WSS515','p8'),('WSS516','p8'),('WSS517','p8'),('WSS519','p8'),('WSS525','p8'),('WSS526','p8'),('WSS528','p8'),('WSS529','p8'),('WSS535','p8'),('WSS541','p8'),('WSS545','p8'),('WSS552','p8'),('WSS556','p8'),('WSS558','p8'),('WSS56','p8'),('WSS561','p8'),('WSS567','p8'),('WSS577','p8'),('WSS578','p8'),('WSS581','p8'),('WSS586','p8'),('WSS587','p8'),('WSS591','p8'),('WSS594','p8'),('WSS66','p8'),('WSS69','p8'),('WSS70','p8'),('WSS75','p8'),('WSS78','p8'),('WSS79','p8'),('WSS8','p8'),('WSS80','p8'),('WSS86','p8'),('WSS90','p8'),('WSS91','p8'),('WSS99','p8'),('WSS1','p9'),('WSS100','p9'),('WSS102','p9'),('WSS107','p9'),('WSS118','p9'),('WSS119','p9'),('WSS13','p9'),('WSS140','p9'),('WSS151','p9'),('WSS152','p9'),('WSS155','p9'),('WSS160','p9'),('WSS161','p9'),('WSS163','p9'),('WSS166','p9'),('WSS167','p9'),('WSS174','p9'),('WSS178','p9'),('WSS181','p9'),('WSS183','p9'),('WSS187','p9'),('WSS188','p9'),('WSS19','p9'),('WSS192','p9'),('WSS194','p9'),('WSS195','p9'),('WSS197','p9'),('WSS199','p9'),('WSS212','p9'),('WSS219','p9'),('WSS224','p9'),('WSS226','p9'),('WSS228','p9'),('WSS229','p9'),('WSS232','p9'),('WSS244','p9'),('WSS246','p9'),('WSS248','p9'),('WSS25','p9'),('WSS250','p9'),('WSS254','p9'),('WSS255','p9'),('WSS262','p9'),('WSS268','p9'),('WSS274','p9'),('WSS275','p9'),('WSS276','p9'),('WSS283','p9'),('WSS284','p9'),('WSS287','p9'),('WSS289','p9'),('WSS29','p9'),('WSS290','p9'),('WSS291','p9'),('WSS293','p9'),('WSS306','p9'),('WSS316','p9'),('WSS319','p9'),('WSS32','p9'),('WSS320','p9'),('WSS324','p9'),('WSS325','p9'),('WSS329','p9'),('WSS331','p9'),('WSS333','p9'),('WSS335','p9'),('WSS337','p9'),('WSS342','p9'),('WSS347','p9'),('WSS348','p9'),('WSS349','p9'),('WSS355','p9'),('WSS356','p9'),('WSS363','p9'),('WSS364','p9'),('WSS374','p9'),('WSS376','p9'),('WSS378','p9'),('WSS381','p9'),('WSS387','p9'),('WSS391','p9'),('WSS393','p9'),('WSS394','p9'),('WSS395','p9'),('WSS397','p9'),('WSS399','p9'),('WSS405','p9'),('WSS412','p9'),('WSS421','p9'),('WSS423','p9'),('WSS424','p9'),('WSS433','p9'),('WSS438','p9'),('WSS441','p9'),('WSS443','p9'),('WSS445','p9'),('WSS449','p9'),('WSS455','p9'),('WSS459','p9'),('WSS46','p9'),('WSS463','p9'),('WSS465','p9'),('WSS473','p9'),('WSS474','p9'),('WSS48','p9'),('WSS480','p9'),('WSS485','p9'),('WSS488','p9'),('WSS49','p9'),('WSS50','p9'),('WSS503','p9'),('WSS504','p9'),('WSS505','p9'),('WSS506','p9'),('WSS510','p9'),('WSS513','p9'),('WSS514','p9'),('WSS516','p9'),('WSS521','p9'),('WSS522','p9'),('WSS523','p9'),('WSS527','p9'),('WSS528','p9'),('WSS530','p9'),('WSS532','p9'),('WSS540','p9'),('WSS542','p9'),('WSS55','p9'),('WSS554','p9'),('WSS556','p9'),('WSS561','p9'),('WSS563','p9'),('WSS566','p9'),('WSS571','p9'),('WSS572','p9'),('WSS573','p9'),('WSS575','p9'),('WSS584','p9'),('WSS597','p9'),('WSS599','p9'),('WSS6','p9'),('WSS63','p9'),('WSS64','p9'),('WSS65','p9'),('WSS68','p9'),('WSS74','p9'),('WSS78','p9'),('WSS8','p9'),('WSS84','p9'),('WSS88','p9'),('WSS91','p9'),('WSS92','p9'),('WSS94','p9'),('WSS99','p9');
/*!40000 ALTER TABLE `outputparameter` ENABLE KEYS */;
UNLOCK TABLES;

--
-- Table structure for table `parameterhierarchy`
--

DROP TABLE IF EXISTS `parameterhierarchy`;
/*!40101 SET @saved_cs_client     = @@character_set_client */;
/*!50503 SET character_set_client = utf8mb4 */;
CREATE TABLE `parameterhierarchy` (
  `parentParameterID` varchar(10) NOT NULL,
  `childParameterID` varchar(10) NOT NULL,
  PRIMARY KEY (`parentParameterID`,`childParameterID`)
) ENGINE=InnoDB DEFAULT CHARSET=latin1;
/*!40101 SET character_set_client = @saved_cs_client */;

--
-- Dumping data for table `parameterhierarchy`
--

LOCK TABLES `parameterhierarchy` WRITE;
/*!40000 ALTER TABLE `parameterhierarchy` DISABLE KEYS */;
/*!40000 ALTER TABLE `parameterhierarchy` ENABLE KEYS */;
UNLOCK TABLES;

--
-- Table structure for table `parameterlist`
--

DROP TABLE IF EXISTS `parameterlist`;
/*!40101 SET @saved_cs_client     = @@character_set_client */;
/*!50503 SET character_set_client = utf8mb4 */;
CREATE TABLE `parameterlist` (
  `parameterID` varchar(10) NOT NULL,
  `parameterName` varchar(100) DEFAULT NULL,
  PRIMARY KEY (`parameterID`)
) ENGINE=InnoDB DEFAULT CHARSET=latin1;
/*!40101 SET character_set_client = @saved_cs_client */;

--
-- Dumping data for table `parameterlist`
--

LOCK TABLES `parameterlist` WRITE;
/*!40000 ALTER TABLE `parameterlist` DISABLE KEYS */;
INSERT INTO `parameterlist` VALUES ('p1','p1name'),('p10','p10name'),('p11','p11name'),('p12','p12name'),('p13','p13name'),('p14','p14name'),('p15','p15name'),('p16','p16name'),('p17','p17name'),('p18','p18name'),('p19','p19name'),('p2','p2name'),('p20','p20name'),('p3','p3name'),('p4','p4name'),('p5','p5name'),('p6','p6name'),('p7','p7name'),('p8','p8name'),('p9','p9name');
/*!40000 ALTER TABLE `parameterlist` ENABLE KEYS */;
UNLOCK TABLES;

--
-- Table structure for table `result`
--

DROP TABLE IF EXISTS `result`;
/*!40101 SET @saved_cs_client     = @@character_set_client */;
/*!50503 SET character_set_client = utf8mb4 */;
CREATE TABLE `result` (
  `transactionID` bigint NOT NULL,
  `stage` int NOT NULL,
  `webServiceID` varchar(10) NOT NULL,
  PRIMARY KEY (`transactionID`,`stage`,`webServiceID`)
) ENGINE=InnoDB DEFAULT CHARSET=latin1;
/*!40101 SET character_set_client = @saved_cs_client */;

--
-- Dumping data for table `result`
--

LOCK TABLES `result` WRITE;
/*!40000 ALTER TABLE `result` DISABLE KEYS */;
INSERT INTO `result` VALUES (1,1,'WSS244'),(1,2,'WSS288'),(1,3,'WSS400'),(2,1,'WSS296'),(2,2,'WSS93'),(2,3,'WSS294'),(3,1,'WSS293'),(3,1,'WSS414'),(3,2,'WSS296'),(4,1,'WSS248'),(4,2,'WSS74'),(4,3,'WSS97'),(5,1,'WSS597'),(5,2,'WSS289'),(5,3,'WSS288'),(6,1,'WSS94'),(6,2,'WSS360'),(7,1,'WSS73'),(7,2,'WSS278'),(7,3,'WSS295'),(8,1,'WSS94'),(8,2,'WSS75'),(9,1,'WSS242'),(9,2,'WSS78'),(9,3,'WSS402'),(10,1,'WSS405'),(10,1,'WSS596'),(10,2,'WSS249'),(11,1,'WSS272'),(11,1,'WSS92'),(11,2,'WSS84'),(12,1,'WSS368'),(12,2,'WSS174'),(13,1,'WSS262'),(13,2,'WSS70'),(13,3,'WSS412'),(14,1,'WSS92'),(14,1,'WSS94'),(14,2,'WSS411'),(15,1,'WSS199'),(15,2,'WSS400'),(16,1,'WSS248'),(16,2,'WSS74'),(16,3,'WSS276'),(17,1,'WSS281'),(17,2,'WSS93'),(17,3,'WSS402'),(18,1,'WSS265'),(18,2,'WSS271'),(18,2,'WSS84'),(19,1,'WSS565'),(19,2,'WSS92'),(20,1,'WSS83'),(20,2,'WSS350'),(21,1,'WSS281'),(21,2,'WSS402'),(21,3,'WSS291'),(22,1,'WSS531'),(22,2,'WSS335'),(23,1,'WSS277'),(23,2,'WSS284'),(24,1,'WSS71'),(24,2,'WSS72'),(24,2,'WSS88'),(25,1,'WSS71'),(25,1,'WSS86'),(25,2,'WSS70'),(26,1,'WSS26'),(26,2,'WSS277'),(27,1,'WSS259'),(27,2,'WSS267'),(27,2,'WSS77'),(28,1,'WSS595'),(28,2,'WSS276'),(28,2,'WSS64'),(29,1,'WSS236'),(29,2,'WSS86'),(29,3,'WSS409'),(30,1,'WSS269'),(30,2,'WSS244'),(30,3,'WSS408'),(1031,1,'ICP006'),(1031,1,'ICP110'),(1031,1,'ICP311'),(1031,2,'ICP500'),(1035,1,'ICP386'),(1035,2,'ICP466'),(1133,1,'ICP103'),(1133,2,'ICP341'),(1133,3,'ICP395'),(1136,1,'ICP110'),(1136,2,'ICP710'),(1141,1,'ICP311'),(1141,2,'ICP422'),(1288,1,'ICP001'),(1288,2,'ICP110'),(1291,1,'ICP110'),(1291,2,'ICP720'),(1293,1,'ICP110'),(1293,1,'ICP311'),(1293,2,'ICP500'),(1296,1,'ICP006'),(1296,1,'ICP103'),(1296,1,'ICP110'),(1296,1,'ICP311'),(1296,1,'ICP313'),(1296,2,'ICP341'),(1296,2,'ICP500'),(1296,3,'ICP395'),(1325,1,'ICP110'),(1325,2,'ICP680'),(1355,1,'ICP110'),(1355,2,'ICP469'),(1406,1,'ICP110'),(1435,1,'ICP006'),(1435,1,'ICP110'),(1435,1,'ICP311'),(1435,2,'ICP500'),(1509,1,'ICP001'),(1509,1,'ICP006'),(1509,2,'ICP002'),(1509,2,'ICP110'),(1509,3,'ICP311'),(1509,4,'ICP500'),(1572,1,'ICP103'),(1572,1,'ICP110'),(1572,1,'ICP386'),(1572,2,'ICP341'),(1572,2,'ICP395'),(1572,2,'ICP466'),(1572,2,'ICP620'),(1572,2,'ICP720'),(1572,3,'ICP445'),(1583,1,'ICP386'),(1583,2,'ICP466'),(1607,1,'ICP301'),(1607,1,'ICP341'),(1607,1,'ICP386'),(1607,2,'ICP481'),(1620,1,'ICP006'),(1620,1,'ICP110'),(1620,1,'ICP311'),(1620,2,'ICP500'),(1646,1,'ICP006'),(1646,1,'ICP110'),(1646,1,'ICP311'),(1646,2,'ICP469'),(1646,2,'ICP500'),(1733,1,'ICP311'),(1733,2,'ICP422'),(1797,1,'ICP386'),(1797,2,'ICP466'),(1851,1,'ICP003'),(1851,1,'ICP311'),(1851,2,'ICP313'),(1851,3,'ICP486'),(1981,1,'ICP110'),(1981,1,'ICP311'),(1981,2,'ICP500'),(2015,1,'ICP006'),(2015,1,'ICP110'),(2015,1,'ICP311'),(2015,2,'ICP500'),(2026,1,'ICP386'),(2026,2,'ICP466'),(2114,1,'ICP341'),(2114,2,'ICP395'),(2114,3,'ICP445'),(2280,1,'ICP103'),(2280,1,'ICP386'),(2280,2,'ICP341'),(2280,2,'ICP395'),(2280,2,'ICP466'),(2280,3,'ICP495'),(2317,1,'ICP313'),(2317,1,'ICP341'),(2317,1,'ICP680'),(2317,2,'ICP395'),(2317,3,'ICP445'),(2474,1,'ICP003'),(2474,1,'ICP311'),(2474,2,'ICP313'),(2474,3,'ICP486'),(2565,1,'ICP313'),(2565,1,'ICP341'),(2565,2,'ICP395'),(2565,3,'ICP445'),(2598,1,'ICP006'),(2598,1,'ICP110'),(2598,1,'ICP311'),(2598,1,'ICP313'),(2598,1,'ICP331'),(2598,2,'ICP500'),(2610,1,'ICP003'),(2610,1,'ICP311'),(2610,2,'ICP313'),(2610,3,'ICP486'),(2659,1,'ICP006'),(2659,1,'ICP110'),(2659,1,'ICP311'),(2659,2,'ICP469'),(2659,2,'ICP500'),(2675,1,'ICP386'),(2675,2,'ICP466'),(2711,1,'ICP103'),(2711,1,'ICP386'),(2711,2,'ICP341'),(2711,3,'ICP481'),(2779,1,'ICP003'),(2779,1,'ICP311'),(2779,2,'ICP313'),(2779,3,'ICP486'),(2985,1,'ICP103'),(3021,1,'ICP006'),(3021,1,'ICP110'),(3021,1,'ICP302'),(3021,2,'ICP500'),(3075,1,'ICP006'),(3075,1,'ICP110'),(3075,1,'ICP311'),(3075,2,'ICP500'),(3226,1,'ICP110'),(3226,2,'ICP818'),(3286,1,'ICP006'),(3286,1,'ICP110'),(3286,1,'ICP311'),(3286,2,'ICP500'),(3357,1,'ICP006'),(3357,1,'ICP110'),(3357,1,'ICP311'),(3357,2,'ICP500'),(3667,1,'ICP103'),(3667,1,'ICP301'),(3667,1,'ICP386'),(3667,2,'ICP341'),(3667,3,'ICP481'),(3668,1,'ICP103'),(3668,1,'ICP301'),(3668,1,'ICP386'),(3668,2,'ICP341'),(3668,3,'ICP481'),(3705,1,'ICP103'),(3705,1,'ICP301'),(3705,1,'ICP386'),(3705,2,'ICP341'),(3705,3,'ICP481'),(3718,1,'ICP001'),(3718,2,'ICP002'),(3718,2,'ICP110'),(3718,3,'ICP311'),(3718,4,'ICP819'),(3877,1,'ICP386'),(3948,1,'ICP006'),(3948,1,'ICP110'),(3948,1,'ICP311'),(3948,2,'ICP500'),(3969,1,'ICP301'),(3969,1,'ICP341'),(3969,1,'ICP386'),(3969,2,'ICP481'),(3971,1,'ICP386'),(3971,2,'ICP466'),(4112,1,'ICP006'),(4112,1,'ICP110'),(4112,1,'ICP311'),(4112,2,'ICP469'),(4112,2,'ICP500'),(4178,1,'ICP002'),(4178,1,'ICP110'),(4178,2,'ICP311'),(4178,3,'ICP819'),(4281,1,'ICP110'),(4281,2,'ICP469'),(4296,1,'ICP006'),(4296,1,'ICP110'),(4296,1,'ICP311'),(4296,2,'ICP469'),(4296,2,'ICP500'),(4375,1,'ICP003'),(4375,1,'ICP311'),(4375,2,'ICP313'),(4375,3,'ICP486'),(4589,1,'ICP006'),(4589,1,'ICP110'),(4589,1,'ICP311'),(4589,2,'ICP469'),(4589,2,'ICP500'),(4607,1,'ICP006'),(4607,1,'ICP110'),(4607,1,'ICP302'),(4607,2,'ICP500'),(4747,1,'ICP311'),(4747,1,'ICP313'),(4747,2,'ICP486'),(4775,1,'ICP110'),(4775,2,'ICP500'),(4934,1,'ICP103'),(4934,2,'ICP341'),(4978,1,'ICP103'),(4980,1,'ICP006'),(4980,1,'ICP110'),(4980,1,'ICP311'),(4980,2,'ICP469'),(4980,2,'ICP500'),(4980,2,'ICP720'),(4980,3,'ICP740'),(5049,1,'ICP006'),(5049,1,'ICP110'),(5049,1,'ICP311'),(5049,2,'ICP500'),(5417,1,'ICP301'),(5417,1,'ICP341'),(5417,1,'ICP386'),(5417,2,'ICP481'),(5448,1,'ICP386'),(5448,2,'ICP466'),(5450,1,'ICP103'),(5450,1,'ICP110'),(5450,1,'ICP386'),(5450,1,'ICP817'),(5450,2,'ICP341'),(5450,2,'ICP395'),(5450,2,'ICP466'),(5450,2,'ICP620'),(5450,2,'ICP720'),(5450,3,'ICP445'),(5450,3,'ICP815'),(5461,1,'ICP002'),(5461,1,'ICP006'),(5461,1,'ICP110'),(5461,1,'ICP302'),(5461,2,'ICP500'),(5461,2,'ICP720'),(5461,3,'ICP740'),(5472,1,'ICP110'),(5472,2,'ICP818'),(5497,1,'ICP103'),(5497,2,'ICP341'),(5569,1,'ICP386'),(5569,2,'ICP466'),(5571,1,'ICP103'),(5571,2,'ICP810'),(5757,1,'ICP386'),(5757,2,'ICP466'),(5779,1,'ICP006'),(5779,1,'ICP110'),(5779,1,'ICP302'),(5779,2,'ICP500'),(5814,1,'ICP006'),(5814,1,'ICP110'),(5814,1,'ICP311'),(5814,2,'ICP500'),(5897,1,'ICP110'),(5897,2,'ICP710'),(5966,1,'ICP103'),(5966,1,'ICP301'),(5966,1,'ICP386'),(5966,2,'ICP341'),(5966,3,'ICP481'),(6032,1,'ICP386'),(6032,2,'ICP466'),(6279,1,'ICP006'),(6279,1,'ICP110'),(6279,1,'ICP311'),(6279,2,'ICP469'),(6279,2,'ICP500'),(6294,1,'ICP006'),(6294,1,'ICP110'),(6294,1,'ICP311'),(6294,2,'ICP500'),(6325,1,'ICP002'),(6325,2,'ICP003'),(6363,1,'ICP006'),(6363,1,'ICP110'),(6363,1,'ICP311'),(6363,2,'ICP469'),(6363,2,'ICP500'),(6437,1,'ICP103'),(6437,1,'ICP301'),(6437,1,'ICP386'),(6437,2,'ICP341'),(6437,3,'ICP481'),(6533,1,'ICP006'),(6533,1,'ICP110'),(6533,1,'ICP311'),(6533,2,'ICP469'),(6533,2,'ICP500'),(6574,1,'ICP002'),(6574,1,'ICP110'),(6574,2,'ICP311'),(6574,3,'ICP819'),(6604,1,'ICP103'),(6604,1,'ICP386'),(6604,2,'ICP341'),(6604,3,'ICP481'),(6679,1,'ICP003'),(6679,1,'ICP311'),(6679,2,'ICP313'),(6679,3,'ICP486'),(6692,1,'ICP103'),(6692,1,'ICP386'),(6692,1,'ICP465'),(6692,2,'ICP341'),(6692,3,'ICP481'),(6874,1,'ICP467'),(6898,1,'ICP103'),(6898,1,'ICP386'),(6898,2,'ICP341'),(6898,3,'ICP481'),(6922,1,'ICP313'),(6922,1,'ICP341'),(6922,2,'ICP395'),(6974,1,'ICP110'),(6974,2,'ICP469'),(7056,1,'ICP006'),(7056,1,'ICP110'),(7056,1,'ICP311'),(7056,1,'ICP341'),(7056,2,'ICP395'),(7056,2,'ICP500'),(7056,2,'ICP720'),(7056,3,'ICP445'),(7056,3,'ICP740'),(7107,1,'ICP311'),(7107,1,'ICP313'),(7107,2,'ICP486'),(7159,1,'ICP311'),(7159,2,'ICP422'),(7196,1,'ICP103'),(7196,2,'ICP341'),(7196,2,'ICP395'),(7196,3,'ICP495'),(7227,1,'ICP103'),(7227,1,'ICP110'),(7227,1,'ICP301'),(7227,1,'ICP311'),(7227,1,'ICP386'),(7227,2,'ICP341'),(7227,2,'ICP500'),(7227,3,'ICP481'),(7297,1,'ICP386'),(7297,2,'ICP466'),(7326,1,'ICP006'),(7326,1,'ICP110'),(7326,1,'ICP311'),(7326,2,'ICP500'),(7398,1,'ICP002'),(7398,1,'ICP006'),(7398,1,'ICP103'),(7398,1,'ICP110'),(7398,2,'ICP311'),(7398,2,'ICP720'),(7398,2,'ICP810'),(7398,3,'ICP500'),(7398,3,'ICP819'),(7398,4,'ICP740'),(7420,1,'ICP006'),(7420,1,'ICP311'),(7420,2,'ICP500'),(7484,1,'ICP006'),(7484,1,'ICP110'),(7484,1,'ICP311'),(7484,2,'ICP469'),(7484,2,'ICP500'),(7515,1,'ICP006'),(7515,1,'ICP110'),(7515,1,'ICP311'),(7515,2,'ICP469'),(7515,2,'ICP500'),(7593,1,'ICP301'),(7593,1,'ICP341'),(7593,1,'ICP386'),(7593,2,'ICP481'),(7645,1,'ICP001'),(7645,1,'ICP006'),(7645,2,'ICP002'),(7645,2,'ICP110'),(7645,3,'ICP311'),(7645,4,'ICP500'),(7720,1,'ICP006'),(7720,1,'ICP311'),(7720,1,'ICP720'),(7720,2,'ICP500'),(7720,3,'ICP740'),(7769,1,'ICP103'),(7769,2,'ICP341'),(7797,1,'ICP006'),(7797,1,'ICP110'),(7797,1,'ICP302'),(7797,2,'ICP500'),(7797,2,'ICP720'),(7817,1,'ICP006'),(7817,1,'ICP311'),(7817,2,'ICP500'),(7821,1,'ICP006'),(7821,1,'ICP110'),(7821,1,'ICP311'),(7821,2,'ICP500'),(7831,1,'ICP006'),(7831,1,'ICP311'),(7831,2,'ICP500'),(7832,1,'ICP006'),(7832,1,'ICP110'),(7832,1,'ICP311'),(7832,2,'ICP500'),(8030,1,'ICP386'),(8030,2,'ICP466'),(8062,1,'ICP006'),(8062,1,'ICP110'),(8062,1,'ICP311'),(8062,2,'ICP500'),(8155,1,'ICP006'),(8155,1,'ICP110'),(8155,1,'ICP311'),(8155,2,'ICP469'),(8155,2,'ICP500'),(8306,1,'ICP006'),(8306,1,'ICP110'),(8306,1,'ICP311'),(8306,2,'ICP500'),(8509,1,'ICP467'),(8527,1,'ICP110'),(8527,2,'ICP500'),(8628,1,'ICP103'),(8628,1,'ICP301'),(8628,1,'ICP386'),(8628,2,'ICP341'),(8628,3,'ICP481'),(8647,1,'ICP103'),(8647,2,'ICP341'),(8688,1,'ICP103'),(8688,1,'ICP301'),(8688,1,'ICP386'),(8688,2,'ICP341'),(8688,3,'ICP481'),(8877,1,'ICP386'),(8877,2,'ICP466'),(8889,1,'ICP110'),(8889,2,'ICP620'),(8941,1,'ICP103'),(8941,2,'ICP341'),(8941,2,'ICP395'),(8941,3,'ICP495'),(8952,1,'ICP103'),(8952,1,'ICP386'),(8952,2,'ICP341'),(8952,3,'ICP481'),(8959,1,'ICP103'),(8959,2,'ICP341'),(9050,1,'ICP006'),(9050,1,'ICP110'),(9050,1,'ICP311'),(9050,2,'ICP500'),(9076,1,'ICP004'),(9076,2,'ICP005'),(9076,3,'ICP331'),(9117,1,'ICP110'),(9117,2,'ICP469'),(9185,1,'ICP341'),(9185,2,'ICP395'),(9185,3,'ICP445'),(9249,1,'ICP006'),(9249,1,'ICP110'),(9249,1,'ICP311'),(9249,2,'ICP500'),(9249,2,'ICP720'),(9306,1,'ICP006'),(9306,1,'ICP110'),(9306,1,'ICP302'),(9306,2,'ICP500'),(9325,1,'ICP386'),(9422,1,'ICP110'),(9422,2,'ICP469'),(9451,1,'ICP006'),(9451,1,'ICP110'),(9451,1,'ICP311'),(9451,1,'ICP341'),(9451,2,'ICP395'),(9451,2,'ICP500'),(9451,2,'ICP720'),(9451,3,'ICP445'),(9451,3,'ICP740'),(9524,1,'ICP001'),(9524,1,'ICP006'),(9524,2,'ICP002'),(9524,2,'ICP110'),(9524,3,'ICP311'),(9524,4,'ICP500'),(9784,1,'ICP110'),(9784,2,'ICP469'),(9797,1,'ICP103'),(9797,2,'ICP341'),(9812,1,'ICP311'),(9812,1,'ICP313'),(9812,2,'ICP486'),(9814,1,'ICP006'),(9814,1,'ICP110'),(9814,1,'ICP311'),(9814,2,'ICP500'),(9868,1,'ICP006'),(9868,1,'ICP110'),(9868,1,'ICP311'),(9868,2,'ICP500'),(9968,1,'ICP103'),(9968,1,'ICP301'),(9968,1,'ICP386'),(9968,2,'ICP341'),(9968,3,'ICP481'),(9978,1,'ICP311'),(9978,1,'ICP313'),(9978,2,'ICP486'),(111174351,1,'ICP001'),(111174351,2,'ICP002'),(111174351,3,'ICP003'),(111174351,3,'ICP311'),(111174351,4,'ICP313'),(111174351,5,'ICP486'),(112793854,1,'ICP006'),(112793854,1,'ICP110'),(112793854,1,'ICP311'),(112793854,2,'ICP500'),(125202274,1,'ICP001'),(125202274,1,'ICP103'),(125202274,2,'ICP301'),(125202274,2,'ICP341'),(125202274,2,'ICP386'),(125202274,3,'ICP481'),(137852438,1,'ICP006'),(137852438,1,'ICP110'),(137852438,1,'ICP311'),(137852438,2,'ICP500'),(141922012,1,'ICP002'),(141922012,2,'ICP003'),(141922012,2,'ICP311'),(141922012,3,'ICP313'),(141922012,4,'ICP486'),(164821430,1,'ICP001'),(164821430,2,'ICP002'),(164821430,3,'ICP003'),(164821430,3,'ICP311'),(164821430,4,'ICP313'),(164821430,5,'ICP486'),(166203121,1,'ICP001'),(166203121,1,'ICP006'),(166203121,1,'ICP200'),(166203121,2,'ICP002'),(166203121,2,'ICP110'),(166203121,2,'ICP720'),(166203121,3,'ICP311'),(166203121,4,'ICP500'),(166203121,4,'ICP819'),(166203121,5,'ICP740'),(178957047,1,'ICP110'),(178957047,2,'ICP469'),(192081592,1,'ICP006'),(192081592,1,'ICP200'),(192081592,1,'ICP311'),(192081592,2,'ICP500'),(192081592,2,'ICP720'),(192081592,3,'ICP740'),(196046272,1,'ICP002'),(196046272,1,'ICP006'),(196046272,1,'ICP110'),(196046272,2,'ICP311'),(196046272,2,'ICP469'),(196046272,3,'ICP500'),(222936116,1,'ICP006'),(222936116,1,'ICP200'),(222936116,1,'ICP311'),(222936116,2,'ICP500'),(222936116,2,'ICP720'),(222936116,2,'ICP819'),(222936116,3,'ICP740'),(258370250,1,'ICP006'),(258370250,1,'ICP200'),(258370250,1,'ICP311'),(258370250,2,'ICP500'),(258370250,2,'ICP720'),(258370250,2,'ICP818'),(258370250,2,'ICP819'),(258370250,3,'ICP740'),(285611992,1,'ICP006'),(285611992,1,'ICP110'),(285611992,1,'ICP200'),(285611992,1,'ICP311'),(285611992,2,'ICP500'),(285611992,2,'ICP720'),(285611992,3,'ICP740'),(287034437,1,'ICP006'),(287034437,1,'ICP200'),(287034437,1,'ICP311'),(287034437,2,'ICP500'),(287034437,2,'ICP720'),(287034437,2,'ICP819'),(287034437,3,'ICP740'),(291687847,1,'ICP006'),(291687847,1,'ICP200'),(291687847,1,'ICP311'),(291687847,2,'ICP500'),(291687847,2,'ICP720'),(291687847,2,'ICP819'),(291687847,3,'ICP740'),(292870227,1,'ICP001'),(292870227,1,'ICP006'),(292870227,1,'ICP720'),(292870227,2,'ICP002'),(292870227,2,'ICP110'),(292870227,3,'ICP311'),(292870227,4,'ICP500'),(292870227,5,'ICP740'),(316379525,1,'ICP110'),(316379525,1,'ICP311'),(316379525,2,'ICP361'),(316379525,3,'ICP461'),(324432052,1,'ICP001'),(324432052,2,'ICP002'),(324432052,3,'ICP003'),(324432052,3,'ICP311'),(324432052,4,'ICP313'),(324432052,5,'ICP486'),(348444351,1,'ICP311'),(348444351,1,'ICP313'),(348444351,2,'ICP486'),(356640298,1,'ICP469'),(356640298,1,'ICP818'),(356640298,2,'ICP660'),(362849335,1,'ICP006'),(362849335,1,'ICP200'),(362849335,1,'ICP311'),(362849335,2,'ICP500'),(362849335,2,'ICP720'),(362849335,2,'ICP818'),(362849335,3,'ICP740'),(370058038,1,'ICP006'),(370058038,1,'ICP110'),(370058038,1,'ICP311'),(370058038,2,'ICP469'),(370058038,2,'ICP500'),(410309476,1,'ICP001'),(410309476,1,'ICP006'),(410309476,1,'ICP200'),(410309476,2,'ICP002'),(410309476,2,'ICP720'),(410309476,3,'ICP311'),(410309476,4,'ICP500'),(410309476,4,'ICP819'),(410309476,5,'ICP740'),(411681300,1,'ICP006'),(411681300,1,'ICP200'),(411681300,1,'ICP311'),(411681300,2,'ICP500'),(411681300,2,'ICP720'),(411681300,2,'ICP819'),(411681300,3,'ICP740'),(413889315,1,'ICP002'),(413889315,2,'ICP003'),(413889315,2,'ICP311'),(413889315,3,'ICP313'),(413889315,4,'ICP486'),(435075950,1,'ICP002'),(435075950,1,'ICP006'),(435075950,1,'ICP110'),(435075950,1,'ICP720'),(435075950,2,'ICP311'),(435075950,3,'ICP500'),(435075950,4,'ICP740'),(442506203,1,'ICP006'),(442506203,1,'ICP110'),(442506203,1,'ICP311'),(442506203,2,'ICP469'),(442506203,2,'ICP500'),(448741355,1,'ICP001'),(448741355,2,'ICP002'),(448741355,3,'ICP003'),(448741355,3,'ICP311'),(448741355,4,'ICP313'),(448741355,5,'ICP486'),(452470039,1,'ICP006'),(452470039,1,'ICP110'),(452470039,1,'ICP311'),(452470039,2,'ICP500'),(495404878,1,'ICP006'),(495404878,1,'ICP110'),(495404878,1,'ICP200'),(495404878,1,'ICP302'),(495404878,2,'ICP500'),(495404878,2,'ICP720'),(495404878,3,'ICP740'),(496776246,1,'ICP103'),(496776246,2,'ICP341'),(496776246,3,'ICP403'),(497270695,1,'ICP001'),(497270695,1,'ICP103'),(497270695,2,'ICP301'),(497270695,2,'ICP341'),(497270695,2,'ICP386'),(497270695,3,'ICP481'),(506023024,1,'ICP680'),(516484914,1,'ICP006'),(516484914,1,'ICP200'),(516484914,1,'ICP311'),(516484914,2,'ICP500'),(516484914,2,'ICP720'),(516484914,3,'ICP740'),(524497078,1,'ICP006'),(524497078,1,'ICP200'),(524497078,1,'ICP311'),(524497078,2,'ICP500'),(524497078,2,'ICP720'),(524497078,2,'ICP819'),(524497078,3,'ICP740'),(532135187,1,'ICP200'),(532135187,2,'ICP720'),(532135187,3,'ICP811'),(532135187,4,'ICP813'),(561361210,1,'ICP006'),(561361210,1,'ICP200'),(561361210,1,'ICP311'),(561361210,2,'ICP500'),(561361210,2,'ICP720'),(561361210,2,'ICP819'),(561361210,3,'ICP740'),(578460210,1,'ICP110'),(578460210,2,'ICP469'),(601145152,1,'ICP006'),(601145152,1,'ICP200'),(601145152,1,'ICP311'),(601145152,2,'ICP500'),(601145152,2,'ICP720'),(601145152,2,'ICP819'),(601145152,3,'ICP740'),(630767823,1,'ICP006'),(630767823,1,'ICP200'),(630767823,1,'ICP311'),(630767823,2,'ICP500'),(630767823,2,'ICP720'),(630767823,2,'ICP819'),(630767823,3,'ICP740'),(658685554,1,'ICP006'),(658685554,1,'ICP200'),(658685554,1,'ICP311'),(658685554,2,'ICP500'),(658685554,2,'ICP720'),(658685554,3,'ICP740'),(659691843,1,'ICP006'),(659691843,1,'ICP200'),(659691843,1,'ICP311'),(659691843,2,'ICP500'),(659691843,2,'ICP720'),(659691843,3,'ICP740'),(664758087,1,'ICP006'),(664758087,1,'ICP200'),(664758087,1,'ICP311'),(664758087,2,'ICP500'),(664758087,2,'ICP720'),(664758087,2,'ICP819'),(664758087,3,'ICP740'),(669457938,1,'ICP006'),(669457938,1,'ICP200'),(669457938,1,'ICP311'),(669457938,2,'ICP500'),(669457938,2,'ICP720'),(669457938,3,'ICP740'),(683869712,1,'ICP006'),(683869712,1,'ICP200'),(683869712,1,'ICP311'),(683869712,2,'ICP500'),(683869712,2,'ICP720'),(683869712,2,'ICP819'),(683869712,3,'ICP740'),(716407017,1,'ICP006'),(716407017,1,'ICP110'),(716407017,1,'ICP311'),(716407017,1,'ICP720'),(716407017,2,'ICP500'),(716407017,2,'ICP811'),(716407017,3,'ICP813'),(726508464,1,'ICP006'),(726508464,1,'ICP110'),(726508464,1,'ICP311'),(726508464,2,'ICP469'),(726508464,2,'ICP500'),(739074091,1,'ICP006'),(739074091,1,'ICP200'),(739074091,1,'ICP311'),(739074091,2,'ICP500'),(739074091,2,'ICP720'),(739074091,3,'ICP740'),(739546796,1,'ICP006'),(739546796,1,'ICP200'),(739546796,1,'ICP311'),(739546796,2,'ICP500'),(739546796,2,'ICP720'),(739546796,3,'ICP740'),(742695516,1,'ICP001'),(742695516,2,'ICP110'),(742695516,2,'ICP302'),(742695516,3,'ICP500'),(749479466,1,'ICP103'),(749479466,1,'ICP301'),(749479466,1,'ICP386'),(749479466,2,'ICP341'),(749479466,3,'ICP481'),(759784803,1,'ICP001'),(759784803,1,'ICP006'),(759784803,2,'ICP110'),(759784803,2,'ICP302'),(759784803,3,'ICP500'),(784019298,1,'ICP001'),(784019298,1,'ICP103'),(784019298,2,'ICP301'),(784019298,2,'ICP341'),(784019298,2,'ICP386'),(784019298,3,'ICP481'),(809869431,1,'ICP006'),(809869431,1,'ICP110'),(809869431,1,'ICP311'),(809869431,2,'ICP500'),(833064024,1,'ICP001'),(833064024,1,'ICP006'),(833064024,1,'ICP720'),(833064024,2,'ICP002'),(833064024,2,'ICP110'),(833064024,3,'ICP311'),(833064024,4,'ICP500'),(833064024,5,'ICP740'),(882961008,1,'ICP006'),(882961008,1,'ICP110'),(882961008,1,'ICP311'),(882961008,2,'ICP500'),(916025637,1,'ICP001'),(916025637,2,'ICP110'),(916025637,3,'ICP469'),(960676621,1,'ICP006'),(960676621,1,'ICP200'),(960676621,1,'ICP311'),(960676621,2,'ICP500'),(960676621,2,'ICP720'),(960676621,3,'ICP740'),(971245096,1,'ICP006'),(971245096,1,'ICP110'),(971245096,1,'ICP311'),(971245096,2,'ICP469'),(971245096,2,'ICP500');
/*!40000 ALTER TABLE `result` ENABLE KEYS */;
UNLOCK TABLES;

--
-- Table structure for table `rhs`
--

DROP TABLE IF EXISTS `rhs`;
/*!40101 SET @saved_cs_client     = @@character_set_client */;
/*!50503 SET character_set_client = utf8mb4 */;
CREATE TABLE `rhs` (
  `ruleid` int NOT NULL,
  `courseid` varchar(10) NOT NULL,
  PRIMARY KEY (`ruleid`,`courseid`)
) ENGINE=InnoDB DEFAULT CHARSET=latin1;
/*!40101 SET character_set_client = @saved_cs_client */;

--
-- Dumping data for table `rhs`
--

LOCK TABLES `rhs` WRITE;
/*!40000 ALTER TABLE `rhs` DISABLE KEYS */;
INSERT INTO `rhs` VALUES (1,'ICP110'),(2,'ICP311'),(3,'ICP500'),(4,'ICP311'),(5,'ICP500'),(6,'ICP500'),(7,'ICP311'),(8,'ICP500'),(9,'ICP500'),(10,'ICP500'),(11,'ICP500');
/*!40000 ALTER TABLE `rhs` ENABLE KEYS */;
UNLOCK TABLES;

--
-- Table structure for table `ruleinfo`
--

DROP TABLE IF EXISTS `ruleinfo`;
/*!40101 SET @saved_cs_client     = @@character_set_client */;
/*!50503 SET character_set_client = utf8mb4 */;
CREATE TABLE `ruleinfo` (
  `ruleid` int NOT NULL,
  `support` float DEFAULT NULL,
  `confidence` float DEFAULT NULL,
  `lift` float DEFAULT NULL,
  `count` int DEFAULT NULL,
  PRIMARY KEY (`ruleid`)
) ENGINE=InnoDB DEFAULT CHARSET=latin1;
/*!40101 SET character_set_client = @saved_cs_client */;

--
-- Dumping data for table `ruleinfo`
--

LOCK TABLES `ruleinfo` WRITE;
/*!40000 ALTER TABLE `ruleinfo` DISABLE KEYS */;
INSERT INTO `ruleinfo` VALUES (1,0.2,0.719101,1.53765,3),(2,0.2,0.910112,1.69382,3),(3,0.2,1,2.11579,3),(4,0.2,0.670213,1.24734,3),(5,0.2,0.744681,1.57559,3),(6,0.2,0.777778,1.64561,3),(7,0.2,0.875,1.62847,3),(8,0.2,1,2.11579,3),(9,0.2,1,2.11579,3),(10,0.2,0.936508,1.98145,3),(11,0.2,1,2.11579,3);
/*!40000 ALTER TABLE `ruleinfo` ENABLE KEYS */;
UNLOCK TABLES;

--
-- Table structure for table `webservicelist`
--

DROP TABLE IF EXISTS `webservicelist`;
/*!40101 SET @saved_cs_client     = @@character_set_client */;
/*!50503 SET character_set_client = utf8mb4 */;
CREATE TABLE `webservicelist` (
  `webServiceID` varchar(10) NOT NULL,
  `webServiceName` varchar(100) DEFAULT NULL,
  `reputation` float DEFAULT NULL,
  `price` float DEFAULT NULL,
  `duration` int DEFAULT NULL,
  `provider` varchar(50) DEFAULT NULL,
  `url` varchar(100) DEFAULT NULL,
  PRIMARY KEY (`webServiceID`)
) ENGINE=InnoDB DEFAULT CHARSET=latin1;
/*!40101 SET character_set_client = @saved_cs_client */;

--
-- Dumping data for table `webservicelist`
--

LOCK TABLES `webservicelist` WRITE;
/*!40000 ALTER TABLE `webservicelist` DISABLE KEYS */;
INSERT INTO `webservicelist` VALUES ('WSS1','WSS1Name',3,1,3,'serviceprovider','https://serviceprovider.com'),('WSS10','WSS10Name',3,1,3,'serviceprovider','https://serviceprovider.com'),('WSS100','WSS100Name',3,1,3,'serviceprovider','https://serviceprovider.com'),('WSS101','WSS101Name',3,1,3,'serviceprovider','https://serviceprovider.com'),('WSS102','WSS102Name',3,1,3,'serviceprovider','https://serviceprovider.com'),('WSS103','WSS103Name',3,1,3,'serviceprovider','https://serviceprovider.com'),('WSS104','WSS104Name',3,1,3,'serviceprovider','https://serviceprovider.com'),('WSS105','WSS105Name',3,1,3,'serviceprovider','https://serviceprovider.com'),('WSS106','WSS106Name',3,1,3,'serviceprovider','https://serviceprovider.com'),('WSS107','WSS107Name',3,1,3,'serviceprovider','https://serviceprovider.com'),('WSS108','WSS108Name',3,1,3,'serviceprovider','https://serviceprovider.com'),('WSS109','WSS109Name',3,1,3,'serviceprovider','https://serviceprovider.com'),('WSS11','WSS11Name',3,1,3,'serviceprovider','https://serviceprovider.com'),('WSS110','WSS110Name',3,1,3,'serviceprovider','https://serviceprovider.com'),('WSS111','WSS111Name',3,1,3,'serviceprovider','https://serviceprovider.com'),('WSS112','WSS112Name',3,1,3,'serviceprovider','https://serviceprovider.com'),('WSS113','WSS113Name',3,1,3,'serviceprovider','https://serviceprovider.com'),('WSS114','WSS114Name',3,1,3,'serviceprovider','https://serviceprovider.com'),('WSS115','WSS115Name',3,1,3,'serviceprovider','https://serviceprovider.com'),('WSS116','WSS116Name',3,1,3,'serviceprovider','https://serviceprovider.com'),('WSS117','WSS117Name',3,1,3,'serviceprovider','https://serviceprovider.com'),('WSS118','WSS118Name',3,1,3,'serviceprovider','https://serviceprovider.com'),('WSS119','WSS119Name',3,1,3,'serviceprovider','https://serviceprovider.com'),('WSS12','WSS12Name',3,1,3,'serviceprovider','https://serviceprovider.com'),('WSS120','WSS120Name',3,1,3,'serviceprovider','https://serviceprovider.com'),('WSS121','WSS121Name',3,1,3,'serviceprovider','https://serviceprovider.com'),('WSS122','WSS122Name',3,1,3,'serviceprovider','https://serviceprovider.com'),('WSS123','WSS123Name',3,1,3,'serviceprovider','https://serviceprovider.com'),('WSS124','WSS124Name',3,1,3,'serviceprovider','https://serviceprovider.com'),('WSS125','WSS125Name',3,1,3,'serviceprovider','https://serviceprovider.com'),('WSS126','WSS126Name',3,1,3,'serviceprovider','https://serviceprovider.com'),('WSS127','WSS127Name',3,1,3,'serviceprovider','https://serviceprovider.com'),('WSS128','WSS128Name',3,1,3,'serviceprovider','https://serviceprovider.com'),('WSS129','WSS129Name',3,1,3,'serviceprovider','https://serviceprovider.com'),('WSS13','WSS13Name',3,1,3,'serviceprovider','https://serviceprovider.com'),('WSS130','WSS130Name',3,1,3,'serviceprovider','https://serviceprovider.com'),('WSS131','WSS131Name',3,1,3,'serviceprovider','https://serviceprovider.com'),('WSS132','WSS132Name',3,1,3,'serviceprovider','https://serviceprovider.com'),('WSS133','WSS133Name',3,1,3,'serviceprovider','https://serviceprovider.com'),('WSS134','WSS134Name',3,1,3,'serviceprovider','https://serviceprovider.com'),('WSS135','WSS135Name',3,1,3,'serviceprovider','https://serviceprovider.com'),('WSS136','WSS136Name',3,1,3,'serviceprovider','https://serviceprovider.com'),('WSS137','WSS137Name',3,1,3,'serviceprovider','https://serviceprovider.com'),('WSS138','WSS138Name',3,1,3,'serviceprovider','https://serviceprovider.com'),('WSS139','WSS139Name',3,1,3,'serviceprovider','https://serviceprovider.com'),('WSS14','WSS14Name',3,1,3,'serviceprovider','https://serviceprovider.com'),('WSS140','WSS140Name',3,1,3,'serviceprovider','https://serviceprovider.com'),('WSS141','WSS141Name',3,1,3,'serviceprovider','https://serviceprovider.com'),('WSS142','WSS142Name',3,1,3,'serviceprovider','https://serviceprovider.com'),('WSS143','WSS143Name',3,1,3,'serviceprovider','https://serviceprovider.com'),('WSS144','WSS144Name',3,1,3,'serviceprovider','https://serviceprovider.com'),('WSS145','WSS145Name',3,1,3,'serviceprovider','https://serviceprovider.com'),('WSS146','WSS146Name',3,1,3,'serviceprovider','https://serviceprovider.com'),('WSS147','WSS147Name',3,1,3,'serviceprovider','https://serviceprovider.com'),('WSS148','WSS148Name',3,1,3,'serviceprovider','https://serviceprovider.com'),('WSS149','WSS149Name',3,1,3,'serviceprovider','https://serviceprovider.com'),('WSS15','WSS15Name',3,1,3,'serviceprovider','https://serviceprovider.com'),('WSS150','WSS150Name',3,1,3,'serviceprovider','https://serviceprovider.com'),('WSS151','WSS151Name',3,1,3,'serviceprovider','https://serviceprovider.com'),('WSS152','WSS152Name',3,1,3,'serviceprovider','https://serviceprovider.com'),('WSS153','WSS153Name',3,1,3,'serviceprovider','https://serviceprovider.com'),('WSS154','WSS154Name',3,1,3,'serviceprovider','https://serviceprovider.com'),('WSS155','WSS155Name',3,1,3,'serviceprovider','https://serviceprovider.com'),('WSS156','WSS156Name',3,1,3,'serviceprovider','https://serviceprovider.com'),('WSS157','WSS157Name',3,1,3,'serviceprovider','https://serviceprovider.com'),('WSS158','WSS158Name',3,1,3,'serviceprovider','https://serviceprovider.com'),('WSS159','WSS159Name',3,1,3,'serviceprovider','https://serviceprovider.com'),('WSS16','WSS16Name',3,1,3,'serviceprovider','https://serviceprovider.com'),('WSS160','WSS160Name',3,1,3,'serviceprovider','https://serviceprovider.com'),('WSS161','WSS161Name',3,1,3,'serviceprovider','https://serviceprovider.com'),('WSS162','WSS162Name',3,1,3,'serviceprovider','https://serviceprovider.com'),('WSS163','WSS163Name',3,1,3,'serviceprovider','https://serviceprovider.com'),('WSS164','WSS164Name',3,1,3,'serviceprovider','https://serviceprovider.com'),('WSS165','WSS165Name',3,1,3,'serviceprovider','https://serviceprovider.com'),('WSS166','WSS166Name',3,1,3,'serviceprovider','https://serviceprovider.com'),('WSS167','WSS167Name',3,1,3,'serviceprovider','https://serviceprovider.com'),('WSS168','WSS168Name',3,1,3,'serviceprovider','https://serviceprovider.com'),('WSS169','WSS169Name',3,1,3,'serviceprovider','https://serviceprovider.com'),('WSS17','WSS17Name',3,1,3,'serviceprovider','https://serviceprovider.com'),('WSS170','WSS170Name',3,1,3,'serviceprovider','https://serviceprovider.com'),('WSS171','WSS171Name',3,1,3,'serviceprovider','https://serviceprovider.com'),('WSS172','WSS172Name',3,1,3,'serviceprovider','https://serviceprovider.com'),('WSS173','WSS173Name',3,1,3,'serviceprovider','https://serviceprovider.com'),('WSS174','WSS174Name',3,1,3,'serviceprovider','https://serviceprovider.com'),('WSS175','WSS175Name',3,1,3,'serviceprovider','https://serviceprovider.com'),('WSS176','WSS176Name',3,1,3,'serviceprovider','https://serviceprovider.com'),('WSS177','WSS177Name',3,1,3,'serviceprovider','https://serviceprovider.com'),('WSS178','WSS178Name',3,1,3,'serviceprovider','https://serviceprovider.com'),('WSS179','WSS179Name',3,1,3,'serviceprovider','https://serviceprovider.com'),('WSS18','WSS18Name',3,1,3,'serviceprovider','https://serviceprovider.com'),('WSS180','WSS180Name',3,1,3,'serviceprovider','https://serviceprovider.com'),('WSS181','WSS181Name',3,1,3,'serviceprovider','https://serviceprovider.com'),('WSS182','WSS182Name',3,1,3,'serviceprovider','https://serviceprovider.com'),('WSS183','WSS183Name',3,1,3,'serviceprovider','https://serviceprovider.com'),('WSS184','WSS184Name',3,1,3,'serviceprovider','https://serviceprovider.com'),('WSS185','WSS185Name',3,1,3,'serviceprovider','https://serviceprovider.com'),('WSS186','WSS186Name',3,1,3,'serviceprovider','https://serviceprovider.com'),('WSS187','WSS187Name',3,1,3,'serviceprovider','https://serviceprovider.com'),('WSS188','WSS188Name',3,1,3,'serviceprovider','https://serviceprovider.com'),('WSS189','WSS189Name',3,1,3,'serviceprovider','https://serviceprovider.com'),('WSS19','WSS19Name',3,1,3,'serviceprovider','https://serviceprovider.com'),('WSS190','WSS190Name',3,1,3,'serviceprovider','https://serviceprovider.com'),('WSS191','WSS191Name',3,1,3,'serviceprovider','https://serviceprovider.com'),('WSS192','WSS192Name',3,1,3,'serviceprovider','https://serviceprovider.com'),('WSS193','WSS193Name',3,1,3,'serviceprovider','https://serviceprovider.com'),('WSS194','WSS194Name',3,1,3,'serviceprovider','https://serviceprovider.com'),('WSS195','WSS195Name',3,1,3,'serviceprovider','https://serviceprovider.com'),('WSS196','WSS196Name',3,1,3,'serviceprovider','https://serviceprovider.com'),('WSS197','WSS197Name',3,1,3,'serviceprovider','https://serviceprovider.com'),('WSS198','WSS198Name',3,1,3,'serviceprovider','https://serviceprovider.com'),('WSS199','WSS199Name',3,1,3,'serviceprovider','https://serviceprovider.com'),('WSS2','WSS2Name',3,1,3,'serviceprovider','https://serviceprovider.com'),('WSS20','WSS20Name',3,1,3,'serviceprovider','https://serviceprovider.com'),('WSS200','WSS200Name',3,1,3,'serviceprovider','https://serviceprovider.com'),('WSS201','WSS201Name',3,1,3,'serviceprovider','https://serviceprovider.com'),('WSS202','WSS202Name',3,1,3,'serviceprovider','https://serviceprovider.com'),('WSS203','WSS203Name',3,1,3,'serviceprovider','https://serviceprovider.com'),('WSS204','WSS204Name',3,1,3,'serviceprovider','https://serviceprovider.com'),('WSS205','WSS205Name',3,1,3,'serviceprovider','https://serviceprovider.com'),('WSS206','WSS206Name',3,1,3,'serviceprovider','https://serviceprovider.com'),('WSS207','WSS207Name',3,1,3,'serviceprovider','https://serviceprovider.com'),('WSS208','WSS208Name',3,1,3,'serviceprovider','https://serviceprovider.com'),('WSS209','WSS209Name',3,1,3,'serviceprovider','https://serviceprovider.com'),('WSS21','WSS21Name',3,1,3,'serviceprovider','https://serviceprovider.com'),('WSS210','WSS210Name',3,1,3,'serviceprovider','https://serviceprovider.com'),('WSS211','WSS211Name',3,1,3,'serviceprovider','https://serviceprovider.com'),('WSS212','WSS212Name',3,1,3,'serviceprovider','https://serviceprovider.com'),('WSS213','WSS213Name',3,1,3,'serviceprovider','https://serviceprovider.com'),('WSS214','WSS214Name',3,1,3,'serviceprovider','https://serviceprovider.com'),('WSS215','WSS215Name',3,1,3,'serviceprovider','https://serviceprovider.com'),('WSS216','WSS216Name',3,1,3,'serviceprovider','https://serviceprovider.com'),('WSS217','WSS217Name',3,1,3,'serviceprovider','https://serviceprovider.com'),('WSS218','WSS218Name',3,1,3,'serviceprovider','https://serviceprovider.com'),('WSS219','WSS219Name',3,1,3,'serviceprovider','https://serviceprovider.com'),('WSS22','WSS22Name',3,1,3,'serviceprovider','https://serviceprovider.com'),('WSS220','WSS220Name',3,1,3,'serviceprovider','https://serviceprovider.com'),('WSS221','WSS221Name',3,1,3,'serviceprovider','https://serviceprovider.com'),('WSS222','WSS222Name',3,1,3,'serviceprovider','https://serviceprovider.com'),('WSS223','WSS223Name',3,1,3,'serviceprovider','https://serviceprovider.com'),('WSS224','WSS224Name',3,1,3,'serviceprovider','https://serviceprovider.com'),('WSS225','WSS225Name',3,1,3,'serviceprovider','https://serviceprovider.com'),('WSS226','WSS226Name',3,1,3,'serviceprovider','https://serviceprovider.com'),('WSS227','WSS227Name',3,1,3,'serviceprovider','https://serviceprovider.com'),('WSS228','WSS228Name',3,1,3,'serviceprovider','https://serviceprovider.com'),('WSS229','WSS229Name',3,1,3,'serviceprovider','https://serviceprovider.com'),('WSS23','WSS23Name',3,1,3,'serviceprovider','https://serviceprovider.com'),('WSS230','WSS230Name',3,1,3,'serviceprovider','https://serviceprovider.com'),('WSS231','WSS231Name',3,1,3,'serviceprovider','https://serviceprovider.com'),('WSS232','WSS232Name',3,1,3,'serviceprovider','https://serviceprovider.com'),('WSS233','WSS233Name',3,1,3,'serviceprovider','https://serviceprovider.com'),('WSS234','WSS234Name',3,1,3,'serviceprovider','https://serviceprovider.com'),('WSS235','WSS235Name',3,1,3,'serviceprovider','https://serviceprovider.com'),('WSS236','WSS236Name',3,1,3,'serviceprovider','https://serviceprovider.com'),('WSS237','WSS237Name',3,1,3,'serviceprovider','https://serviceprovider.com'),('WSS238','WSS238Name',3,1,3,'serviceprovider','https://serviceprovider.com'),('WSS239','WSS239Name',3,1,3,'serviceprovider','https://serviceprovider.com'),('WSS24','WSS24Name',3,1,3,'serviceprovider','https://serviceprovider.com'),('WSS240','WSS240Name',3,1,3,'serviceprovider','https://serviceprovider.com'),('WSS241','WSS241Name',3,1,3,'serviceprovider','https://serviceprovider.com'),('WSS242','WSS242Name',3,1,3,'serviceprovider','https://serviceprovider.com'),('WSS243','WSS243Name',3,1,3,'serviceprovider','https://serviceprovider.com'),('WSS244','WSS244Name',3,1,3,'serviceprovider','https://serviceprovider.com'),('WSS245','WSS245Name',3,1,3,'serviceprovider','https://serviceprovider.com'),('WSS246','WSS246Name',3,1,3,'serviceprovider','https://serviceprovider.com'),('WSS247','WSS247Name',3,1,3,'serviceprovider','https://serviceprovider.com'),('WSS248','WSS248Name',3,1,3,'serviceprovider','https://serviceprovider.com'),('WSS249','WSS249Name',3,1,3,'serviceprovider','https://serviceprovider.com'),('WSS25','WSS25Name',3,1,3,'serviceprovider','https://serviceprovider.com'),('WSS250','WSS250Name',3,1,3,'serviceprovider','https://serviceprovider.com'),('WSS251','WSS251Name',3,1,3,'serviceprovider','https://serviceprovider.com'),('WSS252','WSS252Name',3,1,3,'serviceprovider','https://serviceprovider.com'),('WSS253','WSS253Name',3,1,3,'serviceprovider','https://serviceprovider.com'),('WSS254','WSS254Name',3,1,3,'serviceprovider','https://serviceprovider.com'),('WSS255','WSS255Name',3,1,3,'serviceprovider','https://serviceprovider.com'),('WSS256','WSS256Name',3,1,3,'serviceprovider','https://serviceprovider.com'),('WSS257','WSS257Name',3,1,3,'serviceprovider','https://serviceprovider.com'),('WSS258','WSS258Name',3,1,3,'serviceprovider','https://serviceprovider.com'),('WSS259','WSS259Name',3,1,3,'serviceprovider','https://serviceprovider.com'),('WSS26','WSS26Name',3,1,3,'serviceprovider','https://serviceprovider.com'),('WSS260','WSS260Name',3,1,3,'serviceprovider','https://serviceprovider.com'),('WSS261','WSS261Name',3,1,3,'serviceprovider','https://serviceprovider.com'),('WSS262','WSS262Name',3,1,3,'serviceprovider','https://serviceprovider.com'),('WSS263','WSS263Name',3,1,3,'serviceprovider','https://serviceprovider.com'),('WSS264','WSS264Name',3,1,3,'serviceprovider','https://serviceprovider.com'),('WSS265','WSS265Name',3,1,3,'serviceprovider','https://serviceprovider.com'),('WSS266','WSS266Name',3,1,3,'serviceprovider','https://serviceprovider.com'),('WSS267','WSS267Name',3,1,3,'serviceprovider','https://serviceprovider.com'),('WSS268','WSS268Name',3,1,3,'serviceprovider','https://serviceprovider.com'),('WSS269','WSS269Name',3,1,3,'serviceprovider','https://serviceprovider.com'),('WSS27','WSS27Name',3,1,3,'serviceprovider','https://serviceprovider.com'),('WSS270','WSS270Name',3,1,3,'serviceprovider','https://serviceprovider.com'),('WSS271','WSS271Name',3,1,3,'serviceprovider','https://serviceprovider.com'),('WSS272','WSS272Name',3,1,3,'serviceprovider','https://serviceprovider.com'),('WSS273','WSS273Name',3,1,3,'serviceprovider','https://serviceprovider.com'),('WSS274','WSS274Name',3,1,3,'serviceprovider','https://serviceprovider.com'),('WSS275','WSS275Name',3,1,3,'serviceprovider','https://serviceprovider.com'),('WSS276','WSS276Name',3,1,3,'serviceprovider','https://serviceprovider.com'),('WSS277','WSS277Name',3,1,3,'serviceprovider','https://serviceprovider.com'),('WSS278','WSS278Name',3,1,3,'serviceprovider','https://serviceprovider.com'),('WSS279','WSS279Name',3,1,3,'serviceprovider','https://serviceprovider.com'),('WSS28','WSS28Name',3,1,3,'serviceprovider','https://serviceprovider.com'),('WSS280','WSS280Name',3,1,3,'serviceprovider','https://serviceprovider.com'),('WSS281','WSS281Name',3,1,3,'serviceprovider','https://serviceprovider.com'),('WSS282','WSS282Name',3,1,3,'serviceprovider','https://serviceprovider.com'),('WSS283','WSS283Name',3,1,3,'serviceprovider','https://serviceprovider.com'),('WSS284','WSS284Name',3,1,3,'serviceprovider','https://serviceprovider.com'),('WSS285','WSS285Name',3,1,3,'serviceprovider','https://serviceprovider.com'),('WSS286','WSS286Name',3,1,3,'serviceprovider','https://serviceprovider.com'),('WSS287','WSS287Name',3,1,3,'serviceprovider','https://serviceprovider.com'),('WSS288','WSS288Name',3,1,3,'serviceprovider','https://serviceprovider.com'),('WSS289','WSS289Name',3,1,3,'serviceprovider','https://serviceprovider.com'),('WSS29','WSS29Name',3,1,3,'serviceprovider','https://serviceprovider.com'),('WSS290','WSS290Name',3,1,3,'serviceprovider','https://serviceprovider.com'),('WSS291','WSS291Name',3,1,3,'serviceprovider','https://serviceprovider.com'),('WSS292','WSS292Name',3,1,3,'serviceprovider','https://serviceprovider.com'),('WSS293','WSS293Name',3,1,3,'serviceprovider','https://serviceprovider.com'),('WSS294','WSS294Name',3,1,3,'serviceprovider','https://serviceprovider.com'),('WSS295','WSS295Name',3,1,3,'serviceprovider','https://serviceprovider.com'),('WSS296','WSS296Name',3,1,3,'serviceprovider','https://serviceprovider.com'),('WSS297','WSS297Name',3,1,3,'serviceprovider','https://serviceprovider.com'),('WSS298','WSS298Name',3,1,3,'serviceprovider','https://serviceprovider.com'),('WSS299','WSS299Name',3,1,3,'serviceprovider','https://serviceprovider.com'),('WSS3','WSS3Name',3,1,3,'serviceprovider','https://serviceprovider.com'),('WSS30','WSS30Name',3,1,3,'serviceprovider','https://serviceprovider.com'),('WSS300','WSS300Name',3,1,3,'serviceprovider','https://serviceprovider.com'),('WSS301','WSS301Name',3,1,3,'serviceprovider','https://serviceprovider.com'),('WSS302','WSS302Name',3,1,3,'serviceprovider','https://serviceprovider.com'),('WSS303','WSS303Name',3,1,3,'serviceprovider','https://serviceprovider.com'),('WSS304','WSS304Name',3,1,3,'serviceprovider','https://serviceprovider.com'),('WSS305','WSS305Name',3,1,3,'serviceprovider','https://serviceprovider.com'),('WSS306','WSS306Name',3,1,3,'serviceprovider','https://serviceprovider.com'),('WSS307','WSS307Name',3,1,3,'serviceprovider','https://serviceprovider.com'),('WSS308','WSS308Name',3,1,3,'serviceprovider','https://serviceprovider.com'),('WSS309','WSS309Name',3,1,3,'serviceprovider','https://serviceprovider.com'),('WSS31','WSS31Name',3,1,3,'serviceprovider','https://serviceprovider.com'),('WSS310','WSS310Name',3,1,3,'serviceprovider','https://serviceprovider.com'),('WSS311','WSS311Name',3,1,3,'serviceprovider','https://serviceprovider.com'),('WSS312','WSS312Name',3,1,3,'serviceprovider','https://serviceprovider.com'),('WSS313','WSS313Name',3,1,3,'serviceprovider','https://serviceprovider.com'),('WSS314','WSS314Name',3,1,3,'serviceprovider','https://serviceprovider.com'),('WSS315','WSS315Name',3,1,3,'serviceprovider','https://serviceprovider.com'),('WSS316','WSS316Name',3,1,3,'serviceprovider','https://serviceprovider.com'),('WSS317','WSS317Name',3,1,3,'serviceprovider','https://serviceprovider.com'),('WSS318','WSS318Name',3,1,3,'serviceprovider','https://serviceprovider.com'),('WSS319','WSS319Name',3,1,3,'serviceprovider','https://serviceprovider.com'),('WSS32','WSS32Name',3,1,3,'serviceprovider','https://serviceprovider.com'),('WSS320','WSS320Name',3,1,3,'serviceprovider','https://serviceprovider.com'),('WSS321','WSS321Name',3,1,3,'serviceprovider','https://serviceprovider.com'),('WSS322','WSS322Name',3,1,3,'serviceprovider','https://serviceprovider.com'),('WSS323','WSS323Name',3,1,3,'serviceprovider','https://serviceprovider.com'),('WSS324','WSS324Name',3,1,3,'serviceprovider','https://serviceprovider.com'),('WSS325','WSS325Name',3,1,3,'serviceprovider','https://serviceprovider.com'),('WSS326','WSS326Name',3,1,3,'serviceprovider','https://serviceprovider.com'),('WSS327','WSS327Name',3,1,3,'serviceprovider','https://serviceprovider.com'),('WSS328','WSS328Name',3,1,3,'serviceprovider','https://serviceprovider.com'),('WSS329','WSS329Name',3,1,3,'serviceprovider','https://serviceprovider.com'),('WSS33','WSS33Name',3,1,3,'serviceprovider','https://serviceprovider.com'),('WSS330','WSS330Name',3,1,3,'serviceprovider','https://serviceprovider.com'),('WSS331','WSS331Name',3,1,3,'serviceprovider','https://serviceprovider.com'),('WSS332','WSS332Name',3,1,3,'serviceprovider','https://serviceprovider.com'),('WSS333','WSS333Name',3,1,3,'serviceprovider','https://serviceprovider.com'),('WSS334','WSS334Name',3,1,3,'serviceprovider','https://serviceprovider.com'),('WSS335','WSS335Name',3,1,3,'serviceprovider','https://serviceprovider.com'),('WSS336','WSS336Name',3,1,3,'serviceprovider','https://serviceprovider.com'),('WSS337','WSS337Name',3,1,3,'serviceprovider','https://serviceprovider.com'),('WSS338','WSS338Name',3,1,3,'serviceprovider','https://serviceprovider.com'),('WSS339','WSS339Name',3,1,3,'serviceprovider','https://serviceprovider.com'),('WSS34','WSS34Name',3,1,3,'serviceprovider','https://serviceprovider.com'),('WSS340','WSS340Name',3,1,3,'serviceprovider','https://serviceprovider.com'),('WSS341','WSS341Name',3,1,3,'serviceprovider','https://serviceprovider.com'),('WSS342','WSS342Name',3,1,3,'serviceprovider','https://serviceprovider.com'),('WSS343','WSS343Name',3,1,3,'serviceprovider','https://serviceprovider.com'),('WSS344','WSS344Name',3,1,3,'serviceprovider','https://serviceprovider.com'),('WSS345','WSS345Name',3,1,3,'serviceprovider','https://serviceprovider.com'),('WSS346','WSS346Name',3,1,3,'serviceprovider','https://serviceprovider.com'),('WSS347','WSS347Name',3,1,3,'serviceprovider','https://serviceprovider.com'),('WSS348','WSS348Name',3,1,3,'serviceprovider','https://serviceprovider.com'),('WSS349','WSS349Name',3,1,3,'serviceprovider','https://serviceprovider.com'),('WSS35','WSS35Name',3,1,3,'serviceprovider','https://serviceprovider.com'),('WSS350','WSS350Name',3,1,3,'serviceprovider','https://serviceprovider.com'),('WSS351','WSS351Name',3,1,3,'serviceprovider','https://serviceprovider.com'),('WSS352','WSS352Name',3,1,3,'serviceprovider','https://serviceprovider.com'),('WSS353','WSS353Name',3,1,3,'serviceprovider','https://serviceprovider.com'),('WSS354','WSS354Name',3,1,3,'serviceprovider','https://serviceprovider.com'),('WSS355','WSS355Name',3,1,3,'serviceprovider','https://serviceprovider.com'),('WSS356','WSS356Name',3,1,3,'serviceprovider','https://serviceprovider.com'),('WSS357','WSS357Name',3,1,3,'serviceprovider','https://serviceprovider.com'),('WSS358','WSS358Name',3,1,3,'serviceprovider','https://serviceprovider.com'),('WSS359','WSS359Name',3,1,3,'serviceprovider','https://serviceprovider.com'),('WSS36','WSS36Name',3,1,3,'serviceprovider','https://serviceprovider.com'),('WSS360','WSS360Name',3,1,3,'serviceprovider','https://serviceprovider.com'),('WSS361','WSS361Name',3,1,3,'serviceprovider','https://serviceprovider.com'),('WSS362','WSS362Name',3,1,3,'serviceprovider','https://serviceprovider.com'),('WSS363','WSS363Name',3,1,3,'serviceprovider','https://serviceprovider.com'),('WSS364','WSS364Name',3,1,3,'serviceprovider','https://serviceprovider.com'),('WSS365','WSS365Name',3,1,3,'serviceprovider','https://serviceprovider.com'),('WSS366','WSS366Name',3,1,3,'serviceprovider','https://serviceprovider.com'),('WSS367','WSS367Name',3,1,3,'serviceprovider','https://serviceprovider.com'),('WSS368','WSS368Name',3,1,3,'serviceprovider','https://serviceprovider.com'),('WSS369','WSS369Name',3,1,3,'serviceprovider','https://serviceprovider.com'),('WSS37','WSS37Name',3,1,3,'serviceprovider','https://serviceprovider.com'),('WSS370','WSS370Name',3,1,3,'serviceprovider','https://serviceprovider.com'),('WSS371','WSS371Name',3,1,3,'serviceprovider','https://serviceprovider.com'),('WSS372','WSS372Name',3,1,3,'serviceprovider','https://serviceprovider.com'),('WSS373','WSS373Name',3,1,3,'serviceprovider','https://serviceprovider.com'),('WSS374','WSS374Name',3,1,3,'serviceprovider','https://serviceprovider.com'),('WSS375','WSS375Name',3,1,3,'serviceprovider','https://serviceprovider.com'),('WSS376','WSS376Name',3,1,3,'serviceprovider','https://serviceprovider.com'),('WSS377','WSS377Name',3,1,3,'serviceprovider','https://serviceprovider.com'),('WSS378','WSS378Name',3,1,3,'serviceprovider','https://serviceprovider.com'),('WSS379','WSS379Name',3,1,3,'serviceprovider','https://serviceprovider.com'),('WSS38','WSS38Name',3,1,3,'serviceprovider','https://serviceprovider.com'),('WSS380','WSS380Name',3,1,3,'serviceprovider','https://serviceprovider.com'),('WSS381','WSS381Name',3,1,3,'serviceprovider','https://serviceprovider.com'),('WSS382','WSS382Name',3,1,3,'serviceprovider','https://serviceprovider.com'),('WSS383','WSS383Name',3,1,3,'serviceprovider','https://serviceprovider.com'),('WSS384','WSS384Name',3,1,3,'serviceprovider','https://serviceprovider.com'),('WSS385','WSS385Name',3,1,3,'serviceprovider','https://serviceprovider.com'),('WSS386','WSS386Name',3,1,3,'serviceprovider','https://serviceprovider.com'),('WSS387','WSS387Name',3,1,3,'serviceprovider','https://serviceprovider.com'),('WSS388','WSS388Name',3,1,3,'serviceprovider','https://serviceprovider.com'),('WSS389','WSS389Name',3,1,3,'serviceprovider','https://serviceprovider.com'),('WSS39','WSS39Name',3,1,3,'serviceprovider','https://serviceprovider.com'),('WSS390','WSS390Name',3,1,3,'serviceprovider','https://serviceprovider.com'),('WSS391','WSS391Name',3,1,3,'serviceprovider','https://serviceprovider.com'),('WSS392','WSS392Name',3,1,3,'serviceprovider','https://serviceprovider.com'),('WSS393','WSS393Name',3,1,3,'serviceprovider','https://serviceprovider.com'),('WSS394','WSS394Name',3,1,3,'serviceprovider','https://serviceprovider.com'),('WSS395','WSS395Name',3,1,3,'serviceprovider','https://serviceprovider.com'),('WSS396','WSS396Name',3,1,3,'serviceprovider','https://serviceprovider.com'),('WSS397','WSS397Name',3,1,3,'serviceprovider','https://serviceprovider.com'),('WSS398','WSS398Name',3,1,3,'serviceprovider','https://serviceprovider.com'),('WSS399','WSS399Name',3,1,3,'serviceprovider','https://serviceprovider.com'),('WSS4','WSS4Name',3,1,3,'serviceprovider','https://serviceprovider.com'),('WSS40','WSS40Name',3,1,3,'serviceprovider','https://serviceprovider.com'),('WSS400','WSS400Name',3,1,3,'serviceprovider','https://serviceprovider.com'),('WSS401','WSS401Name',3,1,3,'serviceprovider','https://serviceprovider.com'),('WSS402','WSS402Name',3,1,3,'serviceprovider','https://serviceprovider.com'),('WSS403','WSS403Name',3,1,3,'serviceprovider','https://serviceprovider.com'),('WSS404','WSS404Name',3,1,3,'serviceprovider','https://serviceprovider.com'),('WSS405','WSS405Name',3,1,3,'serviceprovider','https://serviceprovider.com'),('WSS406','WSS406Name',3,1,3,'serviceprovider','https://serviceprovider.com'),('WSS407','WSS407Name',3,1,3,'serviceprovider','https://serviceprovider.com'),('WSS408','WSS408Name',3,1,3,'serviceprovider','https://serviceprovider.com'),('WSS409','WSS409Name',3,1,3,'serviceprovider','https://serviceprovider.com'),('WSS41','WSS41Name',3,1,3,'serviceprovider','https://serviceprovider.com'),('WSS410','WSS410Name',3,1,3,'serviceprovider','https://serviceprovider.com'),('WSS411','WSS411Name',3,1,3,'serviceprovider','https://serviceprovider.com'),('WSS412','WSS412Name',3,1,3,'serviceprovider','https://serviceprovider.com'),('WSS413','WSS413Name',3,1,3,'serviceprovider','https://serviceprovider.com'),('WSS414','WSS414Name',3,1,3,'serviceprovider','https://serviceprovider.com'),('WSS415','WSS415Name',3,1,3,'serviceprovider','https://serviceprovider.com'),('WSS416','WSS416Name',3,1,3,'serviceprovider','https://serviceprovider.com'),('WSS417','WSS417Name',3,1,3,'serviceprovider','https://serviceprovider.com'),('WSS418','WSS418Name',3,1,3,'serviceprovider','https://serviceprovider.com'),('WSS419','WSS419Name',3,1,3,'serviceprovider','https://serviceprovider.com'),('WSS42','WSS42Name',3,1,3,'serviceprovider','https://serviceprovider.com'),('WSS420','WSS420Name',3,1,3,'serviceprovider','https://serviceprovider.com'),('WSS421','WSS421Name',3,1,3,'serviceprovider','https://serviceprovider.com'),('WSS422','WSS422Name',3,1,3,'serviceprovider','https://serviceprovider.com'),('WSS423','WSS423Name',3,1,3,'serviceprovider','https://serviceprovider.com'),('WSS424','WSS424Name',3,1,3,'serviceprovider','https://serviceprovider.com'),('WSS425','WSS425Name',3,1,3,'serviceprovider','https://serviceprovider.com'),('WSS426','WSS426Name',3,1,3,'serviceprovider','https://serviceprovider.com'),('WSS427','WSS427Name',3,1,3,'serviceprovider','https://serviceprovider.com'),('WSS428','WSS428Name',3,1,3,'serviceprovider','https://serviceprovider.com'),('WSS429','WSS429Name',3,1,3,'serviceprovider','https://serviceprovider.com'),('WSS43','WSS43Name',3,1,3,'serviceprovider','https://serviceprovider.com'),('WSS430','WSS430Name',3,1,3,'serviceprovider','https://serviceprovider.com'),('WSS431','WSS431Name',3,1,3,'serviceprovider','https://serviceprovider.com'),('WSS432','WSS432Name',3,1,3,'serviceprovider','https://serviceprovider.com'),('WSS433','WSS433Name',3,1,3,'serviceprovider','https://serviceprovider.com'),('WSS434','WSS434Name',3,1,3,'serviceprovider','https://serviceprovider.com'),('WSS435','WSS435Name',3,1,3,'serviceprovider','https://serviceprovider.com'),('WSS436','WSS436Name',3,1,3,'serviceprovider','https://serviceprovider.com'),('WSS437','WSS437Name',3,1,3,'serviceprovider','https://serviceprovider.com'),('WSS438','WSS438Name',3,1,3,'serviceprovider','https://serviceprovider.com'),('WSS439','WSS439Name',3,1,3,'serviceprovider','https://serviceprovider.com'),('WSS44','WSS44Name',3,1,3,'serviceprovider','https://serviceprovider.com'),('WSS440','WSS440Name',3,1,3,'serviceprovider','https://serviceprovider.com'),('WSS441','WSS441Name',3,1,3,'serviceprovider','https://serviceprovider.com'),('WSS442','WSS442Name',3,1,3,'serviceprovider','https://serviceprovider.com'),('WSS443','WSS443Name',3,1,3,'serviceprovider','https://serviceprovider.com'),('WSS444','WSS444Name',3,1,3,'serviceprovider','https://serviceprovider.com'),('WSS445','WSS445Name',3,1,3,'serviceprovider','https://serviceprovider.com'),('WSS446','WSS446Name',3,1,3,'serviceprovider','https://serviceprovider.com'),('WSS447','WSS447Name',3,1,3,'serviceprovider','https://serviceprovider.com'),('WSS448','WSS448Name',3,1,3,'serviceprovider','https://serviceprovider.com'),('WSS449','WSS449Name',3,1,3,'serviceprovider','https://serviceprovider.com'),('WSS45','WSS45Name',3,1,3,'serviceprovider','https://serviceprovider.com'),('WSS450','WSS450Name',3,1,3,'serviceprovider','https://serviceprovider.com'),('WSS451','WSS451Name',3,1,3,'serviceprovider','https://serviceprovider.com'),('WSS452','WSS452Name',3,1,3,'serviceprovider','https://serviceprovider.com'),('WSS453','WSS453Name',3,1,3,'serviceprovider','https://serviceprovider.com'),('WSS454','WSS454Name',3,1,3,'serviceprovider','https://serviceprovider.com'),('WSS455','WSS455Name',3,1,3,'serviceprovider','https://serviceprovider.com'),('WSS456','WSS456Name',3,1,3,'serviceprovider','https://serviceprovider.com'),('WSS457','WSS457Name',3,1,3,'serviceprovider','https://serviceprovider.com'),('WSS458','WSS458Name',3,1,3,'serviceprovider','https://serviceprovider.com'),('WSS459','WSS459Name',3,1,3,'serviceprovider','https://serviceprovider.com'),('WSS46','WSS46Name',3,1,3,'serviceprovider','https://serviceprovider.com'),('WSS460','WSS460Name',3,1,3,'serviceprovider','https://serviceprovider.com'),('WSS461','WSS461Name',3,1,3,'serviceprovider','https://serviceprovider.com'),('WSS462','WSS462Name',3,1,3,'serviceprovider','https://serviceprovider.com'),('WSS463','WSS463Name',3,1,3,'serviceprovider','https://serviceprovider.com'),('WSS464','WSS464Name',3,1,3,'serviceprovider','https://serviceprovider.com'),('WSS465','WSS465Name',3,1,3,'serviceprovider','https://serviceprovider.com'),('WSS466','WSS466Name',3,1,3,'serviceprovider','https://serviceprovider.com'),('WSS467','WSS467Name',3,1,3,'serviceprovider','https://serviceprovider.com'),('WSS468','WSS468Name',3,1,3,'serviceprovider','https://serviceprovider.com'),('WSS469','WSS469Name',3,1,3,'serviceprovider','https://serviceprovider.com'),('WSS47','WSS47Name',3,1,3,'serviceprovider','https://serviceprovider.com'),('WSS470','WSS470Name',3,1,3,'serviceprovider','https://serviceprovider.com'),('WSS471','WSS471Name',3,1,3,'serviceprovider','https://serviceprovider.com'),('WSS472','WSS472Name',3,1,3,'serviceprovider','https://serviceprovider.com'),('WSS473','WSS473Name',3,1,3,'serviceprovider','https://serviceprovider.com'),('WSS474','WSS474Name',3,1,3,'serviceprovider','https://serviceprovider.com'),('WSS475','WSS475Name',3,1,3,'serviceprovider','https://serviceprovider.com'),('WSS476','WSS476Name',3,1,3,'serviceprovider','https://serviceprovider.com'),('WSS477','WSS477Name',3,1,3,'serviceprovider','https://serviceprovider.com'),('WSS478','WSS478Name',3,1,3,'serviceprovider','https://serviceprovider.com'),('WSS479','WSS479Name',3,1,3,'serviceprovider','https://serviceprovider.com'),('WSS48','WSS48Name',3,1,3,'serviceprovider','https://serviceprovider.com'),('WSS480','WSS480Name',3,1,3,'serviceprovider','https://serviceprovider.com'),('WSS481','WSS481Name',3,1,3,'serviceprovider','https://serviceprovider.com'),('WSS482','WSS482Name',3,1,3,'serviceprovider','https://serviceprovider.com'),('WSS483','WSS483Name',3,1,3,'serviceprovider','https://serviceprovider.com'),('WSS484','WSS484Name',3,1,3,'serviceprovider','https://serviceprovider.com'),('WSS485','WSS485Name',3,1,3,'serviceprovider','https://serviceprovider.com'),('WSS486','WSS486Name',3,1,3,'serviceprovider','https://serviceprovider.com'),('WSS487','WSS487Name',3,1,3,'serviceprovider','https://serviceprovider.com'),('WSS488','WSS488Name',3,1,3,'serviceprovider','https://serviceprovider.com'),('WSS489','WSS489Name',3,1,3,'serviceprovider','https://serviceprovider.com'),('WSS49','WSS49Name',3,1,3,'serviceprovider','https://serviceprovider.com'),('WSS490','WSS490Name',3,1,3,'serviceprovider','https://serviceprovider.com'),('WSS491','WSS491Name',3,1,3,'serviceprovider','https://serviceprovider.com'),('WSS492','WSS492Name',3,1,3,'serviceprovider','https://serviceprovider.com'),('WSS493','WSS493Name',3,1,3,'serviceprovider','https://serviceprovider.com'),('WSS494','WSS494Name',3,1,3,'serviceprovider','https://serviceprovider.com'),('WSS495','WSS495Name',3,1,3,'serviceprovider','https://serviceprovider.com'),('WSS496','WSS496Name',3,1,3,'serviceprovider','https://serviceprovider.com'),('WSS497','WSS497Name',3,1,3,'serviceprovider','https://serviceprovider.com'),('WSS498','WSS498Name',3,1,3,'serviceprovider','https://serviceprovider.com'),('WSS499','WSS499Name',3,1,3,'serviceprovider','https://serviceprovider.com'),('WSS5','WSS5Name',3,1,3,'serviceprovider','https://serviceprovider.com'),('WSS50','WSS50Name',3,1,3,'serviceprovider','https://serviceprovider.com'),('WSS500','WSS500Name',3,1,3,'serviceprovider','https://serviceprovider.com'),('WSS501','WSS501Name',3,1,3,'serviceprovider','https://serviceprovider.com'),('WSS502','WSS502Name',3,1,3,'serviceprovider','https://serviceprovider.com'),('WSS503','WSS503Name',3,1,3,'serviceprovider','https://serviceprovider.com'),('WSS504','WSS504Name',3,1,3,'serviceprovider','https://serviceprovider.com'),('WSS505','WSS505Name',3,1,3,'serviceprovider','https://serviceprovider.com'),('WSS506','WSS506Name',3,1,3,'serviceprovider','https://serviceprovider.com'),('WSS507','WSS507Name',3,1,3,'serviceprovider','https://serviceprovider.com'),('WSS508','WSS508Name',3,1,3,'serviceprovider','https://serviceprovider.com'),('WSS509','WSS509Name',3,1,3,'serviceprovider','https://serviceprovider.com'),('WSS51','WSS51Name',3,1,3,'serviceprovider','https://serviceprovider.com'),('WSS510','WSS510Name',3,1,3,'serviceprovider','https://serviceprovider.com'),('WSS511','WSS511Name',3,1,3,'serviceprovider','https://serviceprovider.com'),('WSS512','WSS512Name',3,1,3,'serviceprovider','https://serviceprovider.com'),('WSS513','WSS513Name',3,1,3,'serviceprovider','https://serviceprovider.com'),('WSS514','WSS514Name',3,1,3,'serviceprovider','https://serviceprovider.com'),('WSS515','WSS515Name',3,1,3,'serviceprovider','https://serviceprovider.com'),('WSS516','WSS516Name',3,1,3,'serviceprovider','https://serviceprovider.com'),('WSS517','WSS517Name',3,1,3,'serviceprovider','https://serviceprovider.com'),('WSS518','WSS518Name',3,1,3,'serviceprovider','https://serviceprovider.com'),('WSS519','WSS519Name',3,1,3,'serviceprovider','https://serviceprovider.com'),('WSS52','WSS52Name',3,1,3,'serviceprovider','https://serviceprovider.com'),('WSS520','WSS520Name',3,1,3,'serviceprovider','https://serviceprovider.com'),('WSS521','WSS521Name',3,1,3,'serviceprovider','https://serviceprovider.com'),('WSS522','WSS522Name',3,1,3,'serviceprovider','https://serviceprovider.com'),('WSS523','WSS523Name',3,1,3,'serviceprovider','https://serviceprovider.com'),('WSS524','WSS524Name',3,1,3,'serviceprovider','https://serviceprovider.com'),('WSS525','WSS525Name',3,1,3,'serviceprovider','https://serviceprovider.com'),('WSS526','WSS526Name',3,1,3,'serviceprovider','https://serviceprovider.com'),('WSS527','WSS527Name',3,1,3,'serviceprovider','https://serviceprovider.com'),('WSS528','WSS528Name',3,1,3,'serviceprovider','https://serviceprovider.com'),('WSS529','WSS529Name',3,1,3,'serviceprovider','https://serviceprovider.com'),('WSS53','WSS53Name',3,1,3,'serviceprovider','https://serviceprovider.com'),('WSS530','WSS530Name',3,1,3,'serviceprovider','https://serviceprovider.com'),('WSS531','WSS531Name',3,1,3,'serviceprovider','https://serviceprovider.com'),('WSS532','WSS532Name',3,1,3,'serviceprovider','https://serviceprovider.com'),('WSS533','WSS533Name',3,1,3,'serviceprovider','https://serviceprovider.com'),('WSS534','WSS534Name',3,1,3,'serviceprovider','https://serviceprovider.com'),('WSS535','WSS535Name',3,1,3,'serviceprovider','https://serviceprovider.com'),('WSS536','WSS536Name',3,1,3,'serviceprovider','https://serviceprovider.com'),('WSS537','WSS537Name',3,1,3,'serviceprovider','https://serviceprovider.com'),('WSS538','WSS538Name',3,1,3,'serviceprovider','https://serviceprovider.com'),('WSS539','WSS539Name',3,1,3,'serviceprovider','https://serviceprovider.com'),('WSS54','WSS54Name',3,1,3,'serviceprovider','https://serviceprovider.com'),('WSS540','WSS540Name',3,1,3,'serviceprovider','https://serviceprovider.com'),('WSS541','WSS541Name',3,1,3,'serviceprovider','https://serviceprovider.com'),('WSS542','WSS542Name',3,1,3,'serviceprovider','https://serviceprovider.com'),('WSS543','WSS543Name',3,1,3,'serviceprovider','https://serviceprovider.com'),('WSS544','WSS544Name',3,1,3,'serviceprovider','https://serviceprovider.com'),('WSS545','WSS545Name',3,1,3,'serviceprovider','https://serviceprovider.com'),('WSS546','WSS546Name',3,1,3,'serviceprovider','https://serviceprovider.com'),('WSS547','WSS547Name',3,1,3,'serviceprovider','https://serviceprovider.com'),('WSS548','WSS548Name',3,1,3,'serviceprovider','https://serviceprovider.com'),('WSS549','WSS549Name',3,1,3,'serviceprovider','https://serviceprovider.com'),('WSS55','WSS55Name',3,1,3,'serviceprovider','https://serviceprovider.com'),('WSS550','WSS550Name',3,1,3,'serviceprovider','https://serviceprovider.com'),('WSS551','WSS551Name',3,1,3,'serviceprovider','https://serviceprovider.com'),('WSS552','WSS552Name',3,1,3,'serviceprovider','https://serviceprovider.com'),('WSS553','WSS553Name',3,1,3,'serviceprovider','https://serviceprovider.com'),('WSS554','WSS554Name',3,1,3,'serviceprovider','https://serviceprovider.com'),('WSS555','WSS555Name',3,1,3,'serviceprovider','https://serviceprovider.com'),('WSS556','WSS556Name',3,1,3,'serviceprovider','https://serviceprovider.com'),('WSS557','WSS557Name',3,1,3,'serviceprovider','https://serviceprovider.com'),('WSS558','WSS558Name',3,1,3,'serviceprovider','https://serviceprovider.com'),('WSS559','WSS559Name',3,1,3,'serviceprovider','https://serviceprovider.com'),('WSS56','WSS56Name',3,1,3,'serviceprovider','https://serviceprovider.com'),('WSS560','WSS560Name',3,1,3,'serviceprovider','https://serviceprovider.com'),('WSS561','WSS561Name',3,1,3,'serviceprovider','https://serviceprovider.com'),('WSS562','WSS562Name',3,1,3,'serviceprovider','https://serviceprovider.com'),('WSS563','WSS563Name',3,1,3,'serviceprovider','https://serviceprovider.com'),('WSS564','WSS564Name',3,1,3,'serviceprovider','https://serviceprovider.com'),('WSS565','WSS565Name',3,1,3,'serviceprovider','https://serviceprovider.com'),('WSS566','WSS566Name',3,1,3,'serviceprovider','https://serviceprovider.com'),('WSS567','WSS567Name',3,1,3,'serviceprovider','https://serviceprovider.com'),('WSS568','WSS568Name',3,1,3,'serviceprovider','https://serviceprovider.com'),('WSS569','WSS569Name',3,1,3,'serviceprovider','https://serviceprovider.com'),('WSS57','WSS57Name',3,1,3,'serviceprovider','https://serviceprovider.com'),('WSS570','WSS570Name',3,1,3,'serviceprovider','https://serviceprovider.com'),('WSS571','WSS571Name',3,1,3,'serviceprovider','https://serviceprovider.com'),('WSS572','WSS572Name',3,1,3,'serviceprovider','https://serviceprovider.com'),('WSS573','WSS573Name',3,1,3,'serviceprovider','https://serviceprovider.com'),('WSS574','WSS574Name',3,1,3,'serviceprovider','https://serviceprovider.com'),('WSS575','WSS575Name',3,1,3,'serviceprovider','https://serviceprovider.com'),('WSS576','WSS576Name',3,1,3,'serviceprovider','https://serviceprovider.com'),('WSS577','WSS577Name',3,1,3,'serviceprovider','https://serviceprovider.com'),('WSS578','WSS578Name',3,1,3,'serviceprovider','https://serviceprovider.com'),('WSS579','WSS579Name',3,1,3,'serviceprovider','https://serviceprovider.com'),('WSS58','WSS58Name',3,1,3,'serviceprovider','https://serviceprovider.com'),('WSS580','WSS580Name',3,1,3,'serviceprovider','https://serviceprovider.com'),('WSS581','WSS581Name',3,1,3,'serviceprovider','https://serviceprovider.com'),('WSS582','WSS582Name',3,1,3,'serviceprovider','https://serviceprovider.com'),('WSS583','WSS583Name',3,1,3,'serviceprovider','https://serviceprovider.com'),('WSS584','WSS584Name',3,1,3,'serviceprovider','https://serviceprovider.com'),('WSS585','WSS585Name',3,1,3,'serviceprovider','https://serviceprovider.com'),('WSS586','WSS586Name',3,1,3,'serviceprovider','https://serviceprovider.com'),('WSS587','WSS587Name',3,1,3,'serviceprovider','https://serviceprovider.com'),('WSS588','WSS588Name',3,1,3,'serviceprovider','https://serviceprovider.com'),('WSS589','WSS589Name',3,1,3,'serviceprovider','https://serviceprovider.com'),('WSS59','WSS59Name',3,1,3,'serviceprovider','https://serviceprovider.com'),('WSS590','WSS590Name',3,1,3,'serviceprovider','https://serviceprovider.com'),('WSS591','WSS591Name',3,1,3,'serviceprovider','https://serviceprovider.com'),('WSS592','WSS592Name',3,1,3,'serviceprovider','https://serviceprovider.com'),('WSS593','WSS593Name',3,1,3,'serviceprovider','https://serviceprovider.com'),('WSS594','WSS594Name',3,1,3,'serviceprovider','https://serviceprovider.com'),('WSS595','WSS595Name',3,1,3,'serviceprovider','https://serviceprovider.com'),('WSS596','WSS596Name',3,1,3,'serviceprovider','https://serviceprovider.com'),('WSS597','WSS597Name',3,1,3,'serviceprovider','https://serviceprovider.com'),('WSS598','WSS598Name',3,1,3,'serviceprovider','https://serviceprovider.com'),('WSS599','WSS599Name',3,1,3,'serviceprovider','https://serviceprovider.com'),('WSS6','WSS6Name',3,1,3,'serviceprovider','https://serviceprovider.com'),('WSS60','WSS60Name',3,1,3,'serviceprovider','https://serviceprovider.com'),('WSS600','WSS600Name',3,1,3,'serviceprovider','https://serviceprovider.com'),('WSS61','WSS61Name',3,1,3,'serviceprovider','https://serviceprovider.com'),('WSS62','WSS62Name',3,1,3,'serviceprovider','https://serviceprovider.com'),('WSS63','WSS63Name',3,1,3,'serviceprovider','https://serviceprovider.com'),('WSS64','WSS64Name',3,1,3,'serviceprovider','https://serviceprovider.com'),('WSS65','WSS65Name',3,1,3,'serviceprovider','https://serviceprovider.com'),('WSS66','WSS66Name',3,1,3,'serviceprovider','https://serviceprovider.com'),('WSS67','WSS67Name',3,1,3,'serviceprovider','https://serviceprovider.com'),('WSS68','WSS68Name',3,1,3,'serviceprovider','https://serviceprovider.com'),('WSS69','WSS69Name',3,1,3,'serviceprovider','https://serviceprovider.com'),('WSS7','WSS7Name',3,1,3,'serviceprovider','https://serviceprovider.com'),('WSS70','WSS70Name',3,1,3,'serviceprovider','https://serviceprovider.com'),('WSS71','WSS71Name',3,1,3,'serviceprovider','https://serviceprovider.com'),('WSS72','WSS72Name',3,1,3,'serviceprovider','https://serviceprovider.com'),('WSS73','WSS73Name',3,1,3,'serviceprovider','https://serviceprovider.com'),('WSS74','WSS74Name',3,1,3,'serviceprovider','https://serviceprovider.com'),('WSS75','WSS75Name',3,1,3,'serviceprovider','https://serviceprovider.com'),('WSS76','WSS76Name',3,1,3,'serviceprovider','https://serviceprovider.com'),('WSS77','WSS77Name',3,1,3,'serviceprovider','https://serviceprovider.com'),('WSS78','WSS78Name',3,1,3,'serviceprovider','https://serviceprovider.com'),('WSS79','WSS79Name',3,1,3,'serviceprovider','https://serviceprovider.com'),('WSS8','WSS8Name',3,1,3,'serviceprovider','https://serviceprovider.com'),('WSS80','WSS80Name',3,1,3,'serviceprovider','https://serviceprovider.com'),('WSS81','WSS81Name',3,1,3,'serviceprovider','https://serviceprovider.com'),('WSS82','WSS82Name',3,1,3,'serviceprovider','https://serviceprovider.com'),('WSS83','WSS83Name',3,1,3,'serviceprovider','https://serviceprovider.com'),('WSS84','WSS84Name',3,1,3,'serviceprovider','https://serviceprovider.com'),('WSS85','WSS85Name',3,1,3,'serviceprovider','https://serviceprovider.com'),('WSS86','WSS86Name',3,1,3,'serviceprovider','https://serviceprovider.com'),('WSS87','WSS87Name',3,1,3,'serviceprovider','https://serviceprovider.com'),('WSS88','WSS88Name',3,1,3,'serviceprovider','https://serviceprovider.com'),('WSS89','WSS89Name',3,1,3,'serviceprovider','https://serviceprovider.com'),('WSS9','WSS9Name',3,1,3,'serviceprovider','https://serviceprovider.com'),('WSS90','WSS90Name',3,1,3,'serviceprovider','https://serviceprovider.com'),('WSS91','WSS91Name',3,1,3,'serviceprovider','https://serviceprovider.com'),('WSS92','WSS92Name',3,1,3,'serviceprovider','https://serviceprovider.com'),('WSS93','WSS93Name',3,1,3,'serviceprovider','https://serviceprovider.com'),('WSS94','WSS94Name',3,1,3,'serviceprovider','https://serviceprovider.com'),('WSS95','WSS95Name',3,1,3,'serviceprovider','https://serviceprovider.com'),('WSS96','WSS96Name',3,1,3,'serviceprovider','https://serviceprovider.com'),('WSS97','WSS97Name',3,1,3,'serviceprovider','https://serviceprovider.com'),('WSS98','WSS98Name',3,1,3,'serviceprovider','https://serviceprovider.com'),('WSS99','WSS99Name',3,1,3,'serviceprovider','https://serviceprovider.com');
/*!40000 ALTER TABLE `webservicelist` ENABLE KEYS */;
UNLOCK TABLES;
/*!40103 SET TIME_ZONE=@OLD_TIME_ZONE */;

/*!40101 SET SQL_MODE=@OLD_SQL_MODE */;
/*!40014 SET FOREIGN_KEY_CHECKS=@OLD_FOREIGN_KEY_CHECKS */;
/*!40014 SET UNIQUE_CHECKS=@OLD_UNIQUE_CHECKS */;
/*!40101 SET CHARACTER_SET_CLIENT=@OLD_CHARACTER_SET_CLIENT */;
/*!40101 SET CHARACTER_SET_RESULTS=@OLD_CHARACTER_SET_RESULTS */;
/*!40101 SET COLLATION_CONNECTION=@OLD_COLLATION_CONNECTION */;
/*!40111 SET SQL_NOTES=@OLD_SQL_NOTES */;

-- Dump completed on 2023-06-30 14:14:05
