-- MySQL dump 10.13  Distrib 8.0.32, for Win64 (x86_64)
--
-- Host: localhost    Database: autowscs
-- ------------------------------------------------------
-- Server version	8.0.32

/*!40101 SET @OLD_CHARACTER_SET_CLIENT=@@CHARACTER_SET_CLIENT */;
/*!40101 SET @OLD_CHARACTER_SET_RESULTS=@@CHARACTER_SET_RESULTS */;
/*!40101 SET @OLD_COLLATION_CONNECTION=@@COLLATION_CONNECTION */;
/*!50503 SET NAMES utf8mb4 */;
/*!40103 SET @OLD_TIME_ZONE=@@TIME_ZONE */;
/*!40103 SET TIME_ZONE='+00:00' */;
/*!40014 SET @OLD_UNIQUE_CHECKS=@@UNIQUE_CHECKS, UNIQUE_CHECKS=0 */;
/*!40014 SET @OLD_FOREIGN_KEY_CHECKS=@@FOREIGN_KEY_CHECKS, FOREIGN_KEY_CHECKS=0 */;
/*!40101 SET @OLD_SQL_MODE=@@SQL_MODE, SQL_MODE='NO_AUTO_VALUE_ON_ZERO' */;
/*!40111 SET @OLD_SQL_NOTES=@@SQL_NOTES, SQL_NOTES=0 */;

--
-- Table structure for table `auth_group`
--

DROP TABLE IF EXISTS `auth_group`;
/*!40101 SET @saved_cs_client     = @@character_set_client */;
/*!50503 SET character_set_client = utf8mb4 */;
CREATE TABLE `auth_group` (
  `id` int NOT NULL AUTO_INCREMENT,
  `name` varchar(80) NOT NULL,
  PRIMARY KEY (`id`),
  UNIQUE KEY `name` (`name`)
) ENGINE=InnoDB DEFAULT CHARSET=latin1;
/*!40101 SET character_set_client = @saved_cs_client */;

--
-- Dumping data for table `auth_group`
--

LOCK TABLES `auth_group` WRITE;
/*!40000 ALTER TABLE `auth_group` DISABLE KEYS */;
/*!40000 ALTER TABLE `auth_group` ENABLE KEYS */;
UNLOCK TABLES;

--
-- Table structure for table `auth_group_permissions`
--

DROP TABLE IF EXISTS `auth_group_permissions`;
/*!40101 SET @saved_cs_client     = @@character_set_client */;
/*!50503 SET character_set_client = utf8mb4 */;
CREATE TABLE `auth_group_permissions` (
  `id` int NOT NULL AUTO_INCREMENT,
  `group_id` int NOT NULL,
  `permission_id` int NOT NULL,
  PRIMARY KEY (`id`),
  UNIQUE KEY `auth_group_permissions_group_id_permission_id_0cd325b0_uniq` (`group_id`,`permission_id`),
  KEY `auth_group_permissio_permission_id_84c5c92e_fk_auth_perm` (`permission_id`),
  CONSTRAINT `auth_group_permissio_permission_id_84c5c92e_fk_auth_perm` FOREIGN KEY (`permission_id`) REFERENCES `auth_permission` (`id`),
  CONSTRAINT `auth_group_permissions_group_id_b120cbf9_fk_auth_group_id` FOREIGN KEY (`group_id`) REFERENCES `auth_group` (`id`)
) ENGINE=InnoDB DEFAULT CHARSET=latin1;
/*!40101 SET character_set_client = @saved_cs_client */;

--
-- Dumping data for table `auth_group_permissions`
--

LOCK TABLES `auth_group_permissions` WRITE;
/*!40000 ALTER TABLE `auth_group_permissions` DISABLE KEYS */;
/*!40000 ALTER TABLE `auth_group_permissions` ENABLE KEYS */;
UNLOCK TABLES;

--
-- Table structure for table `auth_permission`
--

DROP TABLE IF EXISTS `auth_permission`;
/*!40101 SET @saved_cs_client     = @@character_set_client */;
/*!50503 SET character_set_client = utf8mb4 */;
CREATE TABLE `auth_permission` (
  `id` int NOT NULL AUTO_INCREMENT,
  `name` varchar(255) NOT NULL,
  `content_type_id` int NOT NULL,
  `codename` varchar(100) NOT NULL,
  PRIMARY KEY (`id`),
  UNIQUE KEY `auth_permission_content_type_id_codename_01ab375a_uniq` (`content_type_id`,`codename`),
  CONSTRAINT `auth_permission_content_type_id_2f476e4b_fk_django_co` FOREIGN KEY (`content_type_id`) REFERENCES `django_content_type` (`id`)
) ENGINE=InnoDB AUTO_INCREMENT=25 DEFAULT CHARSET=latin1;
/*!40101 SET character_set_client = @saved_cs_client */;

--
-- Dumping data for table `auth_permission`
--

LOCK TABLES `auth_permission` WRITE;
/*!40000 ALTER TABLE `auth_permission` DISABLE KEYS */;
INSERT INTO `auth_permission` VALUES (1,'Can add log entry',1,'add_logentry'),(2,'Can change log entry',1,'change_logentry'),(3,'Can delete log entry',1,'delete_logentry'),(4,'Can view log entry',1,'view_logentry'),(5,'Can add permission',2,'add_permission'),(6,'Can change permission',2,'change_permission'),(7,'Can delete permission',2,'delete_permission'),(8,'Can view permission',2,'view_permission'),(9,'Can add group',3,'add_group'),(10,'Can change group',3,'change_group'),(11,'Can delete group',3,'delete_group'),(12,'Can view group',3,'view_group'),(13,'Can add user',4,'add_user'),(14,'Can change user',4,'change_user'),(15,'Can delete user',4,'delete_user'),(16,'Can view user',4,'view_user'),(17,'Can add content type',5,'add_contenttype'),(18,'Can change content type',5,'change_contenttype'),(19,'Can delete content type',5,'delete_contenttype'),(20,'Can view content type',5,'view_contenttype'),(21,'Can add session',6,'add_session'),(22,'Can change session',6,'change_session'),(23,'Can delete session',6,'delete_session'),(24,'Can view session',6,'view_session');
/*!40000 ALTER TABLE `auth_permission` ENABLE KEYS */;
UNLOCK TABLES;

--
-- Table structure for table `auth_user`
--

DROP TABLE IF EXISTS `auth_user`;
/*!40101 SET @saved_cs_client     = @@character_set_client */;
/*!50503 SET character_set_client = utf8mb4 */;
CREATE TABLE `auth_user` (
  `id` int NOT NULL AUTO_INCREMENT,
  `password` varchar(128) NOT NULL,
  `last_login` datetime(6) DEFAULT NULL,
  `is_superuser` tinyint(1) NOT NULL,
  `username` varchar(150) NOT NULL,
  `first_name` varchar(30) NOT NULL,
  `last_name` varchar(150) NOT NULL,
  `email` varchar(254) NOT NULL,
  `is_staff` tinyint(1) NOT NULL,
  `is_active` tinyint(1) NOT NULL,
  `date_joined` datetime(6) NOT NULL,
  PRIMARY KEY (`id`),
  UNIQUE KEY `username` (`username`)
) ENGINE=InnoDB AUTO_INCREMENT=2 DEFAULT CHARSET=latin1;
/*!40101 SET character_set_client = @saved_cs_client */;

--
-- Dumping data for table `auth_user`
--

LOCK TABLES `auth_user` WRITE;
/*!40000 ALTER TABLE `auth_user` DISABLE KEYS */;
INSERT INTO `auth_user` VALUES (1,'pbkdf2_sha256$120000$t1PV0MeFrM2P$mdFVt5O/PMrM6U6PP4ei7LDjVNuN0OJi97bq+oRxpQg=','2020-10-19 22:21:14.385392',0,'kgayke','','','k2gaike@gmail.com',0,1,'2020-10-19 22:21:13.589791');
/*!40000 ALTER TABLE `auth_user` ENABLE KEYS */;
UNLOCK TABLES;

--
-- Table structure for table `auth_user_groups`
--

DROP TABLE IF EXISTS `auth_user_groups`;
/*!40101 SET @saved_cs_client     = @@character_set_client */;
/*!50503 SET character_set_client = utf8mb4 */;
CREATE TABLE `auth_user_groups` (
  `id` int NOT NULL AUTO_INCREMENT,
  `user_id` int NOT NULL,
  `group_id` int NOT NULL,
  PRIMARY KEY (`id`),
  UNIQUE KEY `auth_user_groups_user_id_group_id_94350c0c_uniq` (`user_id`,`group_id`),
  KEY `auth_user_groups_group_id_97559544_fk_auth_group_id` (`group_id`),
  CONSTRAINT `auth_user_groups_group_id_97559544_fk_auth_group_id` FOREIGN KEY (`group_id`) REFERENCES `auth_group` (`id`),
  CONSTRAINT `auth_user_groups_user_id_6a12ed8b_fk_auth_user_id` FOREIGN KEY (`user_id`) REFERENCES `auth_user` (`id`)
) ENGINE=InnoDB DEFAULT CHARSET=latin1;
/*!40101 SET character_set_client = @saved_cs_client */;

--
-- Dumping data for table `auth_user_groups`
--

LOCK TABLES `auth_user_groups` WRITE;
/*!40000 ALTER TABLE `auth_user_groups` DISABLE KEYS */;
/*!40000 ALTER TABLE `auth_user_groups` ENABLE KEYS */;
UNLOCK TABLES;

--
-- Table structure for table `auth_user_user_permissions`
--

DROP TABLE IF EXISTS `auth_user_user_permissions`;
/*!40101 SET @saved_cs_client     = @@character_set_client */;
/*!50503 SET character_set_client = utf8mb4 */;
CREATE TABLE `auth_user_user_permissions` (
  `id` int NOT NULL AUTO_INCREMENT,
  `user_id` int NOT NULL,
  `permission_id` int NOT NULL,
  PRIMARY KEY (`id`),
  UNIQUE KEY `auth_user_user_permissions_user_id_permission_id_14a6b632_uniq` (`user_id`,`permission_id`),
  KEY `auth_user_user_permi_permission_id_1fbb5f2c_fk_auth_perm` (`permission_id`),
  CONSTRAINT `auth_user_user_permi_permission_id_1fbb5f2c_fk_auth_perm` FOREIGN KEY (`permission_id`) REFERENCES `auth_permission` (`id`),
  CONSTRAINT `auth_user_user_permissions_user_id_a95ead1b_fk_auth_user_id` FOREIGN KEY (`user_id`) REFERENCES `auth_user` (`id`)
) ENGINE=InnoDB DEFAULT CHARSET=latin1;
/*!40101 SET character_set_client = @saved_cs_client */;

--
-- Dumping data for table `auth_user_user_permissions`
--

LOCK TABLES `auth_user_user_permissions` WRITE;
/*!40000 ALTER TABLE `auth_user_user_permissions` DISABLE KEYS */;
/*!40000 ALTER TABLE `auth_user_user_permissions` ENABLE KEYS */;
UNLOCK TABLES;

--
-- Table structure for table `careerpath`
--

DROP TABLE IF EXISTS `careerpath`;
/*!40101 SET @saved_cs_client     = @@character_set_client */;
/*!50503 SET character_set_client = utf8mb4 */;
CREATE TABLE `careerpath` (
  `careerPathID` char(4) NOT NULL,
  `careerPathName` varchar(50) DEFAULT NULL,
  PRIMARY KEY (`careerPathID`)
) ENGINE=InnoDB DEFAULT CHARSET=latin1;
/*!40101 SET character_set_client = @saved_cs_client */;

--
-- Dumping data for table `careerpath`
--

LOCK TABLES `careerpath` WRITE;
/*!40000 ALTER TABLE `careerpath` DISABLE KEYS */;
INSERT INTO `careerpath` VALUES ('C100','Data Analyst');
/*!40000 ALTER TABLE `careerpath` ENABLE KEYS */;
UNLOCK TABLES;

--
-- Table structure for table `django_admin_log`
--

DROP TABLE IF EXISTS `django_admin_log`;
/*!40101 SET @saved_cs_client     = @@character_set_client */;
/*!50503 SET character_set_client = utf8mb4 */;
CREATE TABLE `django_admin_log` (
  `id` int NOT NULL AUTO_INCREMENT,
  `action_time` datetime(6) NOT NULL,
  `object_id` longtext,
  `object_repr` varchar(200) NOT NULL,
  `action_flag` smallint unsigned NOT NULL,
  `change_message` longtext NOT NULL,
  `content_type_id` int DEFAULT NULL,
  `user_id` int NOT NULL,
  PRIMARY KEY (`id`),
  KEY `django_admin_log_content_type_id_c4bce8eb_fk_django_co` (`content_type_id`),
  KEY `django_admin_log_user_id_c564eba6_fk_auth_user_id` (`user_id`),
  CONSTRAINT `django_admin_log_content_type_id_c4bce8eb_fk_django_co` FOREIGN KEY (`content_type_id`) REFERENCES `django_content_type` (`id`),
  CONSTRAINT `django_admin_log_user_id_c564eba6_fk_auth_user_id` FOREIGN KEY (`user_id`) REFERENCES `auth_user` (`id`)
) ENGINE=InnoDB DEFAULT CHARSET=latin1;
/*!40101 SET character_set_client = @saved_cs_client */;

--
-- Dumping data for table `django_admin_log`
--

LOCK TABLES `django_admin_log` WRITE;
/*!40000 ALTER TABLE `django_admin_log` DISABLE KEYS */;
/*!40000 ALTER TABLE `django_admin_log` ENABLE KEYS */;
UNLOCK TABLES;

--
-- Table structure for table `django_content_type`
--

DROP TABLE IF EXISTS `django_content_type`;
/*!40101 SET @saved_cs_client     = @@character_set_client */;
/*!50503 SET character_set_client = utf8mb4 */;
CREATE TABLE `django_content_type` (
  `id` int NOT NULL AUTO_INCREMENT,
  `app_label` varchar(100) NOT NULL,
  `model` varchar(100) NOT NULL,
  PRIMARY KEY (`id`),
  UNIQUE KEY `django_content_type_app_label_model_76bd3d3b_uniq` (`app_label`,`model`)
) ENGINE=InnoDB AUTO_INCREMENT=7 DEFAULT CHARSET=latin1;
/*!40101 SET character_set_client = @saved_cs_client */;

--
-- Dumping data for table `django_content_type`
--

LOCK TABLES `django_content_type` WRITE;
/*!40000 ALTER TABLE `django_content_type` DISABLE KEYS */;
INSERT INTO `django_content_type` VALUES (1,'admin','logentry'),(3,'auth','group'),(2,'auth','permission'),(4,'auth','user'),(5,'contenttypes','contenttype'),(6,'sessions','session');
/*!40000 ALTER TABLE `django_content_type` ENABLE KEYS */;
UNLOCK TABLES;

--
-- Table structure for table `django_migrations`
--

DROP TABLE IF EXISTS `django_migrations`;
/*!40101 SET @saved_cs_client     = @@character_set_client */;
/*!50503 SET character_set_client = utf8mb4 */;
CREATE TABLE `django_migrations` (
  `id` int NOT NULL AUTO_INCREMENT,
  `app` varchar(255) NOT NULL,
  `name` varchar(255) NOT NULL,
  `applied` datetime(6) NOT NULL,
  PRIMARY KEY (`id`)
) ENGINE=InnoDB AUTO_INCREMENT=16 DEFAULT CHARSET=latin1;
/*!40101 SET character_set_client = @saved_cs_client */;

--
-- Dumping data for table `django_migrations`
--

LOCK TABLES `django_migrations` WRITE;
/*!40000 ALTER TABLE `django_migrations` DISABLE KEYS */;
INSERT INTO `django_migrations` VALUES (1,'contenttypes','0001_initial','2020-03-09 23:45:06.538733'),(2,'auth','0001_initial','2020-03-09 23:45:10.018233'),(3,'admin','0001_initial','2020-03-09 23:45:11.118233'),(4,'admin','0002_logentry_remove_auto_add','2020-03-09 23:45:11.139233'),(5,'admin','0003_logentry_add_action_flag_choices','2020-03-09 23:45:11.169233'),(6,'contenttypes','0002_remove_content_type_name','2020-03-09 23:45:11.498233'),(7,'auth','0002_alter_permission_name_max_length','2020-03-09 23:45:11.539233'),(8,'auth','0003_alter_user_email_max_length','2020-03-09 23:45:11.619233'),(9,'auth','0004_alter_user_username_opts','2020-03-09 23:45:11.629233'),(10,'auth','0005_alter_user_last_login_null','2020-03-09 23:45:11.770233'),(11,'auth','0006_require_contenttypes_0002','2020-03-09 23:45:11.810233'),(12,'auth','0007_alter_validators_add_error_messages','2020-03-09 23:45:11.820233'),(13,'auth','0008_alter_user_username_max_length','2020-03-09 23:45:11.831233'),(14,'auth','0009_alter_user_last_name_max_length','2020-03-09 23:45:11.949233'),(15,'sessions','0001_initial','2020-03-09 23:45:12.140233');
/*!40000 ALTER TABLE `django_migrations` ENABLE KEYS */;
UNLOCK TABLES;

--
-- Table structure for table `django_session`
--

DROP TABLE IF EXISTS `django_session`;
/*!40101 SET @saved_cs_client     = @@character_set_client */;
/*!50503 SET character_set_client = utf8mb4 */;
CREATE TABLE `django_session` (
  `session_key` varchar(40) NOT NULL,
  `session_data` longtext NOT NULL,
  `expire_date` datetime(6) NOT NULL,
  PRIMARY KEY (`session_key`),
  KEY `django_session_expire_date_a5c62663` (`expire_date`)
) ENGINE=InnoDB DEFAULT CHARSET=latin1;
/*!40101 SET character_set_client = @saved_cs_client */;

--
-- Dumping data for table `django_session`
--

LOCK TABLES `django_session` WRITE;
/*!40000 ALTER TABLE `django_session` DISABLE KEYS */;
INSERT INTO `django_session` VALUES ('tyl1c5xdi2x8x2jwg76rgv4m7k8zrh9f','Y2FhMTEwYWE3NTdhZjlkMTFkYzhlMDM0OGM4NTU4YzVjZGQwZDM0Njp7Il9hdXRoX3VzZXJfaWQiOiIxIiwiX2F1dGhfdXNlcl9iYWNrZW5kIjoiZGphbmdvLmNvbnRyaWIuYXV0aC5iYWNrZW5kcy5Nb2RlbEJhY2tlbmQiLCJfYXV0aF91c2VyX2hhc2giOiJmMzIyNjA4ZWY3OTQ5MWYwMTUwOGMyMDFlMDIzZmRjNjI3MTU4N2IzIn0=','2020-11-02 22:21:14.400992');
/*!40000 ALTER TABLE `django_session` ENABLE KEYS */;
UNLOCK TABLES;

--
-- Table structure for table `initialgoalparameter`
--

DROP TABLE IF EXISTS `initialgoalparameter`;
/*!40101 SET @saved_cs_client     = @@character_set_client */;
/*!50503 SET character_set_client = utf8mb4 */;
CREATE TABLE `initialgoalparameter` (
  `transactionID` bigint NOT NULL,
  `iorg` varchar(10) NOT NULL,
  `parameterID` varchar(10) NOT NULL,
  PRIMARY KEY (`transactionID`,`iorg`,`parameterID`),
  KEY `knowledgeID` (`parameterID`),
  CONSTRAINT `initialgoalparameter_ibfk_1` FOREIGN KEY (`parameterID`) REFERENCES `parameterlist` (`parameterID`)
) ENGINE=InnoDB DEFAULT CHARSET=latin1;
/*!40101 SET character_set_client = @saved_cs_client */;

--
-- Dumping data for table `initialgoalparameter`
--

LOCK TABLES `initialgoalparameter` WRITE;
/*!40000 ALTER TABLE `initialgoalparameter` DISABLE KEYS */;
INSERT INTO `initialgoalparameter` VALUES (2,'I','p1'),(3,'I','p1'),(8,'I','p1'),(9,'G','p1'),(12,'G','p1'),(14,'I','p1'),(17,'I','p1'),(21,'I','p1'),(25,'G','p1'),(28,'G','p1'),(29,'I','p1'),(1,'G','p10'),(2,'G','p10'),(3,'G','p10'),(11,'G','p10'),(14,'G','p10'),(16,'G','p10'),(26,'I','p10'),(27,'I','p10'),(29,'G','p10'),(1,'I','p11'),(5,'G','p11'),(7,'G','p11'),(10,'G','p11'),(15,'I','p11'),(18,'I','p11'),(19,'I','p11'),(20,'G','p11'),(22,'G','p11'),(23,'I','p11'),(27,'G','p11'),(28,'I','p11'),(6,'I','p12'),(7,'I','p12'),(8,'I','p12'),(10,'I','p12'),(11,'I','p12'),(15,'I','p12'),(29,'I','p12'),(6,'I','p13'),(9,'G','p13'),(13,'G','p13'),(16,'I','p13'),(18,'I','p13'),(19,'G','p13'),(26,'G','p13'),(2,'I','p14'),(7,'I','p14'),(8,'I','p14'),(11,'G','p14'),(15,'G','p14'),(17,'I','p14'),(18,'G','p14'),(20,'G','p14'),(21,'I','p14'),(22,'G','p14'),(25,'G','p14'),(26,'G','p14'),(27,'I','p14'),(28,'G','p14'),(7,'I','p15'),(8,'I','p15'),(9,'I','p15'),(10,'G','p15'),(12,'G','p15'),(14,'G','p15'),(16,'G','p15'),(21,'G','p15'),(22,'G','p15'),(24,'I','p15'),(25,'I','p15'),(26,'I','p15'),(30,'G','p15'),(2,'G','p16'),(3,'I','p16'),(4,'G','p16'),(9,'I','p16'),(10,'I','p16'),(11,'G','p16'),(12,'I','p16'),(13,'G','p16'),(14,'I','p16'),(16,'G','p16'),(18,'I','p16'),(19,'G','p16'),(28,'I','p16'),(29,'I','p16'),(2,'G','p17'),(4,'G','p17'),(5,'I','p17'),(8,'I','p17'),(13,'I','p17'),(15,'I','p17'),(16,'I','p17'),(17,'G','p17'),(21,'I','p17'),(23,'I','p17'),(25,'I','p17'),(26,'I','p17'),(27,'I','p17'),(30,'I','p17'),(4,'G','p18'),(14,'I','p18'),(16,'I','p18'),(17,'I','p18'),(20,'I','p18'),(21,'G','p18'),(23,'I','p18'),(25,'I','p18'),(28,'I','p18'),(29,'G','p18'),(2,'G','p19'),(6,'G','p19'),(10,'I','p19'),(19,'I','p19'),(21,'G','p19'),(23,'G','p19'),(30,'G','p19'),(3,'G','p2'),(6,'I','p2'),(8,'G','p2'),(9,'I','p2'),(17,'I','p2'),(20,'G','p2'),(22,'I','p2'),(23,'G','p2'),(24,'I','p2'),(26,'G','p2'),(30,'I','p2'),(1,'I','p20'),(3,'I','p20'),(4,'I','p20'),(12,'I','p20'),(15,'G','p20'),(16,'I','p20'),(18,'I','p20'),(20,'G','p20'),(24,'G','p20'),(28,'G','p20'),(29,'I','p20'),(1,'G','p21'),(4,'I','p21'),(9,'G','p21'),(10,'G','p21'),(14,'I','p21'),(15,'I','p21'),(19,'G','p21'),(21,'I','p21'),(24,'I','p21'),(27,'I','p21'),(29,'G','p21'),(10,'I','p22'),(11,'I','p22'),(13,'I','p22'),(18,'G','p22'),(20,'I','p22'),(1,'G','p23'),(2,'I','p23'),(5,'I','p23'),(6,'G','p23'),(9,'I','p23'),(12,'I','p23'),(13,'G','p23'),(15,'I','p23'),(23,'I','p23'),(24,'I','p23'),(26,'I','p23'),(30,'I','p23'),(1,'I','p24'),(12,'I','p24'),(13,'G','p24'),(18,'I','p24'),(19,'I','p24'),(22,'I','p24'),(27,'G','p24'),(29,'I','p24'),(30,'I','p24'),(4,'I','p25'),(17,'I','p25'),(19,'G','p25'),(22,'I','p25'),(26,'I','p25'),(29,'G','p25'),(2,'I','p26'),(3,'I','p26'),(6,'I','p26'),(7,'I','p26'),(22,'I','p26'),(23,'I','p26'),(24,'G','p26'),(25,'G','p26'),(30,'G','p26'),(3,'G','p27'),(6,'G','p27'),(7,'I','p27'),(8,'I','p27'),(11,'I','p27'),(13,'I','p27'),(14,'I','p27'),(24,'G','p27'),(1,'G','p28'),(4,'I','p28'),(5,'I','p28'),(7,'G','p28'),(12,'G','p28'),(25,'I','p28'),(3,'I','p29'),(5,'I','p29'),(7,'G','p29'),(8,'G','p29'),(11,'I','p29'),(12,'I','p29'),(13,'I','p29'),(15,'G','p29'),(16,'G','p29'),(17,'G','p29'),(18,'G','p29'),(19,'I','p29'),(20,'I','p29'),(21,'G','p29'),(22,'I','p29'),(24,'I','p29'),(26,'G','p29'),(27,'I','p29'),(30,'G','p29'),(4,'G','p3'),(8,'G','p3'),(11,'I','p3'),(12,'I','p3'),(14,'G','p3'),(16,'I','p3'),(19,'I','p3'),(21,'I','p3'),(23,'G','p3'),(25,'I','p3'),(27,'I','p3'),(28,'G','p3'),(5,'I','p30'),(6,'G','p30'),(9,'I','p30'),(13,'I','p30'),(14,'G','p30'),(17,'G','p30'),(24,'I','p30'),(27,'G','p30'),(28,'I','p30'),(1,'I','p4'),(2,'I','p4'),(12,'G','p4'),(16,'I','p4'),(20,'I','p4'),(23,'I','p4'),(24,'G','p4'),(29,'I','p4'),(5,'G','p5'),(6,'I','p5'),(9,'G','p5'),(10,'G','p5'),(11,'G','p5'),(14,'I','p5'),(18,'I','p5'),(21,'I','p5'),(28,'I','p5'),(1,'I','p6'),(3,'I','p6'),(4,'I','p6'),(6,'I','p6'),(10,'I','p6'),(11,'I','p6'),(15,'I','p6'),(19,'I','p6'),(20,'I','p6'),(22,'I','p6'),(25,'I','p6'),(1,'I','p7'),(5,'I','p7'),(13,'I','p7'),(15,'G','p7'),(26,'I','p7'),(27,'G','p7'),(30,'I','p7'),(2,'I','p8'),(5,'G','p8'),(7,'G','p8'),(9,'I','p8'),(17,'G','p8'),(18,'G','p8'),(22,'G','p8'),(23,'G','p8'),(25,'G','p8'),(3,'G','p9'),(4,'I','p9'),(5,'G','p9'),(7,'I','p9'),(8,'G','p9'),(10,'I','p9'),(17,'I','p9'),(20,'I','p9'),(28,'I','p9'),(30,'I','p9');
/*!40000 ALTER TABLE `initialgoalparameter` ENABLE KEYS */;
UNLOCK TABLES;

--
-- Table structure for table `inputparameter`
--

DROP TABLE IF EXISTS `inputparameter`;
/*!40101 SET @saved_cs_client     = @@character_set_client */;
/*!50503 SET character_set_client = utf8mb4 */;
CREATE TABLE `inputparameter` (
  `webServiceID` varchar(10) NOT NULL,
  `parameterID` varchar(10) NOT NULL,
  PRIMARY KEY (`webServiceID`,`parameterID`),
  KEY `knowledgeID` (`parameterID`)
) ENGINE=InnoDB DEFAULT CHARSET=latin1;
/*!40101 SET character_set_client = @saved_cs_client */;

--
-- Dumping data for table `inputparameter`
--

LOCK TABLES `inputparameter` WRITE;
/*!40000 ALTER TABLE `inputparameter` DISABLE KEYS */;
INSERT INTO `inputparameter` VALUES ('WSS102','p1'),('WSS121','p1'),('WSS132','p1'),('WSS168','p1'),('WSS178','p1'),('WSS195','p1'),('WSS213','p1'),('WSS214','p1'),('WSS256','p1'),('WSS266','p1'),('WSS299','p1'),('WSS30','p1'),('WSS327','p1'),('WSS338','p1'),('WSS34','p1'),('WSS345','p1'),('WSS361','p1'),('WSS392','p1'),('WSS394','p1'),('WSS396','p1'),('WSS4','p1'),('WSS422','p1'),('WSS443','p1'),('WSS451','p1'),('WSS455','p1'),('WSS468','p1'),('WSS470','p1'),('WSS479','p1'),('WSS502','p1'),('WSS524','p1'),('WSS525','p1'),('WSS532','p1'),('WSS552','p1'),('WSS571','p1'),('WSS600','p1'),('WSS602','p1'),('WSS611','p1'),('WSS613','p1'),('WSS620','p1'),('WSS645','p1'),('WSS649','p1'),('WSS657','p1'),('WSS659','p1'),('WSS693','p1'),('WSS695','p1'),('WSS74','p1'),('WSS749','p1'),('WSS783','p1'),('WSS79','p1'),('WSS104','p10'),('WSS113','p10'),('WSS122','p10'),('WSS173','p10'),('WSS176','p10'),('WSS188','p10'),('WSS210','p10'),('WSS213','p10'),('WSS229','p10'),('WSS262','p10'),('WSS297','p10'),('WSS313','p10'),('WSS316','p10'),('WSS324','p10'),('WSS331','p10'),('WSS354','p10'),('WSS355','p10'),('WSS357','p10'),('WSS360','p10'),('WSS371','p10'),('WSS379','p10'),('WSS384','p10'),('WSS398','p10'),('WSS410','p10'),('WSS412','p10'),('WSS435','p10'),('WSS446','p10'),('WSS486','p10'),('WSS494','p10'),('WSS500','p10'),('WSS506','p10'),('WSS519','p10'),('WSS539','p10'),('WSS542','p10'),('WSS55','p10'),('WSS550','p10'),('WSS587','p10'),('WSS588','p10'),('WSS594','p10'),('WSS602','p10'),('WSS612','p10'),('WSS613','p10'),('WSS62','p10'),('WSS631','p10'),('WSS658','p10'),('WSS662','p10'),('WSS671','p10'),('WSS674','p10'),('WSS677','p10'),('WSS678','p10'),('WSS679','p10'),('WSS692','p10'),('WSS713','p10'),('WSS728','p10'),('WSS752','p10'),('WSS778','p10'),('WSS78','p10'),('WSS787','p10'),('WSS797','p10'),('WSS95','p10'),('WSS98','p10'),('WSS111','p11'),('WSS127','p11'),('WSS132','p11'),('WSS140','p11'),('WSS151','p11'),('WSS152','p11'),('WSS160','p11'),('WSS164','p11'),('WSS183','p11'),('WSS196','p11'),('WSS204','p11'),('WSS206','p11'),('WSS219','p11'),('WSS220','p11'),('WSS221','p11'),('WSS237','p11'),('WSS260','p11'),('WSS269','p11'),('WSS285','p11'),('WSS305','p11'),('WSS362','p11'),('WSS363','p11'),('WSS385','p11'),('WSS389','p11'),('WSS390','p11'),('WSS409','p11'),('WSS413','p11'),('WSS455','p11'),('WSS456','p11'),('WSS459','p11'),('WSS485','p11'),('WSS517','p11'),('WSS524','p11'),('WSS525','p11'),('WSS532','p11'),('WSS540','p11'),('WSS556','p11'),('WSS561','p11'),('WSS567','p11'),('WSS578','p11'),('WSS58','p11'),('WSS628','p11'),('WSS630','p11'),('WSS642','p11'),('WSS665','p11'),('WSS671','p11'),('WSS686','p11'),('WSS700','p11'),('WSS710','p11'),('WSS716','p11'),('WSS727','p11'),('WSS743','p11'),('WSS771','p11'),('WSS773','p11'),('WSS786','p11'),('WSS791','p11'),('WSS83','p11'),('WSS87','p11'),('WSS153','p12'),('WSS157','p12'),('WSS172','p12'),('WSS181','p12'),('WSS195','p12'),('WSS215','p12'),('WSS224','p12'),('WSS225','p12'),('WSS226','p12'),('WSS230','p12'),('WSS244','p12'),('WSS271','p12'),('WSS317','p12'),('WSS323','p12'),('WSS331','p12'),('WSS346','p12'),('WSS356','p12'),('WSS364','p12'),('WSS37','p12'),('WSS373','p12'),('WSS392','p12'),('WSS402','p12'),('WSS404','p12'),('WSS407','p12'),('WSS42','p12'),('WSS433','p12'),('WSS439','p12'),('WSS453','p12'),('WSS462','p12'),('WSS467','p12'),('WSS477','p12'),('WSS480','p12'),('WSS483','p12'),('WSS495','p12'),('WSS508','p12'),('WSS515','p12'),('WSS523','p12'),('WSS528','p12'),('WSS555','p12'),('WSS580','p12'),('WSS594','p12'),('WSS60','p12'),('WSS614','p12'),('WSS618','p12'),('WSS621','p12'),('WSS636','p12'),('WSS640','p12'),('WSS642','p12'),('WSS663','p12'),('WSS667','p12'),('WSS676','p12'),('WSS682','p12'),('WSS696','p12'),('WSS703','p12'),('WSS720','p12'),('WSS726','p12'),('WSS767','p12'),('WSS789','p12'),('WSS796','p12'),('WSS85','p12'),('WSS112','p13'),('WSS115','p13'),('WSS166','p13'),('WSS203','p13'),('WSS222','p13'),('WSS244','p13'),('WSS272','p13'),('WSS287','p13'),('WSS307','p13'),('WSS341','p13'),('WSS35','p13'),('WSS36','p13'),('WSS364','p13'),('WSS367','p13'),('WSS418','p13'),('WSS423','p13'),('WSS425','p13'),('WSS43','p13'),('WSS44','p13'),('WSS449','p13'),('WSS460','p13'),('WSS498','p13'),('WSS499','p13'),('WSS507','p13'),('WSS513','p13'),('WSS514','p13'),('WSS53','p13'),('WSS565','p13'),('WSS569','p13'),('WSS570','p13'),('WSS603','p13'),('WSS632','p13'),('WSS637','p13'),('WSS64','p13'),('WSS645','p13'),('WSS65','p13'),('WSS651','p13'),('WSS682','p13'),('WSS698','p13'),('WSS7','p13'),('WSS71','p13'),('WSS730','p13'),('WSS774','p13'),('WSS775','p13'),('WSS779','p13'),('WSS83','p13'),('WSS85','p13'),('WSS9','p13'),('WSS104','p14'),('WSS150','p14'),('WSS157','p14'),('WSS19','p14'),('WSS196','p14'),('WSS205','p14'),('WSS207','p14'),('WSS217','p14'),('WSS247','p14'),('WSS248','p14'),('WSS253','p14'),('WSS265','p14'),('WSS275','p14'),('WSS278','p14'),('WSS296','p14'),('WSS3','p14'),('WSS319','p14'),('WSS334','p14'),('WSS361','p14'),('WSS394','p14'),('WSS403','p14'),('WSS431','p14'),('WSS439','p14'),('WSS456','p14'),('WSS472','p14'),('WSS478','p14'),('WSS488','p14'),('WSS49','p14'),('WSS531','p14'),('WSS533','p14'),('WSS544','p14'),('WSS548','p14'),('WSS557','p14'),('WSS560','p14'),('WSS567','p14'),('WSS572','p14'),('WSS576','p14'),('WSS591','p14'),('WSS605','p14'),('WSS620','p14'),('WSS622','p14'),('WSS636','p14'),('WSS644','p14'),('WSS657','p14'),('WSS699','p14'),('WSS715','p14'),('WSS722','p14'),('WSS734','p14'),('WSS735','p14'),('WSS750','p14'),('WSS793','p14'),('WSS795','p14'),('WSS80','p14'),('WSS113','p15'),('WSS145','p15'),('WSS146','p15'),('WSS154','p15'),('WSS166','p15'),('WSS177','p15'),('WSS181','p15'),('WSS186','p15'),('WSS198','p15'),('WSS20','p15'),('WSS234','p15'),('WSS236','p15'),('WSS266','p15'),('WSS301','p15'),('WSS314','p15'),('WSS321','p15'),('WSS346','p15'),('WSS351','p15'),('WSS374','p15'),('WSS38','p15'),('WSS391','p15'),('WSS393','p15'),('WSS398','p15'),('WSS414','p15'),('WSS422','p15'),('WSS450','p15'),('WSS466','p15'),('WSS484','p15'),('WSS50','p15'),('WSS518','p15'),('WSS521','p15'),('WSS522','p15'),('WSS538','p15'),('WSS545','p15'),('WSS554','p15'),('WSS559','p15'),('WSS563','p15'),('WSS576','p15'),('WSS589','p15'),('WSS629','p15'),('WSS632','p15'),('WSS641','p15'),('WSS665','p15'),('WSS684','p15'),('WSS688','p15'),('WSS69','p15'),('WSS690','p15'),('WSS697','p15'),('WSS704','p15'),('WSS707','p15'),('WSS727','p15'),('WSS742','p15'),('WSS744','p15'),('WSS757','p15'),('WSS779','p15'),('WSS792','p15'),('WSS796','p15'),('WSS86','p15'),('WSS90','p15'),('WSS98','p15'),('WSS105','p16'),('WSS107','p16'),('WSS109','p16'),('WSS118','p16'),('WSS122','p16'),('WSS144','p16'),('WSS149','p16'),('WSS159','p16'),('WSS162','p16'),('WSS171','p16'),('WSS209','p16'),('WSS218','p16'),('WSS23','p16'),('WSS230','p16'),('WSS258','p16'),('WSS267','p16'),('WSS276','p16'),('WSS278','p16'),('WSS283','p16'),('WSS284','p16'),('WSS290','p16'),('WSS293','p16'),('WSS310','p16'),('WSS315','p16'),('WSS358','p16'),('WSS365','p16'),('WSS375','p16'),('WSS378','p16'),('WSS379','p16'),('WSS427','p16'),('WSS428','p16'),('WSS43','p16'),('WSS46','p16'),('WSS470','p16'),('WSS481','p16'),('WSS50','p16'),('WSS558','p16'),('WSS559','p16'),('WSS565','p16'),('WSS575','p16'),('WSS581','p16'),('WSS601','p16'),('WSS626','p16'),('WSS643','p16'),('WSS647','p16'),('WSS654','p16'),('WSS684','p16'),('WSS744','p16'),('WSS755','p16'),('WSS758','p16'),('WSS775','p16'),('WSS791','p16'),('WSS106','p17'),('WSS158','p17'),('WSS169','p17'),('WSS192','p17'),('WSS205','p17'),('WSS21','p17'),('WSS216','p17'),('WSS245','p17'),('WSS254','p17'),('WSS29','p17'),('WSS304','p17'),('WSS312','p17'),('WSS368','p17'),('WSS371','p17'),('WSS382','p17'),('WSS407','p17'),('WSS416','p17'),('WSS432','p17'),('WSS444','p17'),('WSS454','p17'),('WSS46','p17'),('WSS461','p17'),('WSS489','p17'),('WSS500','p17'),('WSS503','p17'),('WSS514','p17'),('WSS564','p17'),('WSS595','p17'),('WSS608','p17'),('WSS610','p17'),('WSS629','p17'),('WSS646','p17'),('WSS653','p17'),('WSS67','p17'),('WSS693','p17'),('WSS715','p17'),('WSS736','p17'),('WSS738','p17'),('WSS750','p17'),('WSS756','p17'),('WSS761','p17'),('WSS81','p17'),('WSS86','p17'),('WSS96','p17'),('WSS107','p18'),('WSS120','p18'),('WSS13','p18'),('WSS143','p18'),('WSS151','p18'),('WSS160','p18'),('WSS165','p18'),('WSS17','p18'),('WSS192','p18'),('WSS194','p18'),('WSS233','p18'),('WSS243','p18'),('WSS252','p18'),('WSS280','p18'),('WSS281','p18'),('WSS286','p18'),('WSS288','p18'),('WSS292','p18'),('WSS293','p18'),('WSS306','p18'),('WSS308','p18'),('WSS31','p18'),('WSS347','p18'),('WSS376','p18'),('WSS39','p18'),('WSS405','p18'),('WSS447','p18'),('WSS488','p18'),('WSS496','p18'),('WSS497','p18'),('WSS507','p18'),('WSS51','p18'),('WSS520','p18'),('WSS527','p18'),('WSS531','p18'),('WSS534','p18'),('WSS549','p18'),('WSS564','p18'),('WSS566','p18'),('WSS591','p18'),('WSS616','p18'),('WSS631','p18'),('WSS634','p18'),('WSS647','p18'),('WSS664','p18'),('WSS668','p18'),('WSS713','p18'),('WSS75','p18'),('WSS763','p18'),('WSS764','p18'),('WSS788','p18'),('WSS11','p19'),('WSS13','p19'),('WSS140','p19'),('WSS150','p19'),('WSS154','p19'),('WSS182','p19'),('WSS197','p19'),('WSS202','p19'),('WSS208','p19'),('WSS221','p19'),('WSS236','p19'),('WSS239','p19'),('WSS259','p19'),('WSS282','p19'),('WSS283','p19'),('WSS290','p19'),('WSS297','p19'),('WSS3','p19'),('WSS337','p19'),('WSS339','p19'),('WSS353','p19'),('WSS38','p19'),('WSS380','p19'),('WSS4','p19'),('WSS401','p19'),('WSS427','p19'),('WSS444','p19'),('WSS446','p19'),('WSS452','p19'),('WSS454','p19'),('WSS496','p19'),('WSS529','p19'),('WSS54','p19'),('WSS545','p19'),('WSS568','p19'),('WSS583','p19'),('WSS584','p19'),('WSS601','p19'),('WSS607','p19'),('WSS612','p19'),('WSS616','p19'),('WSS617','p19'),('WSS623','p19'),('WSS624','p19'),('WSS628','p19'),('WSS63','p19'),('WSS683','p19'),('WSS685','p19'),('WSS718','p19'),('WSS729','p19'),('WSS748','p19'),('WSS754','p19'),('WSS777','p19'),('WSS784','p19'),('WSS785','p19'),('WSS790','p19'),('WSS8','p19'),('WSS93','p19'),('WSS115','p2'),('WSS12','p2'),('WSS139','p2'),('WSS145','p2'),('WSS162','p2'),('WSS170','p2'),('WSS18','p2'),('WSS212','p2'),('WSS228','p2'),('WSS257','p2'),('WSS272','p2'),('WSS295','p2'),('WSS299','p2'),('WSS303','p2'),('WSS33','p2'),('WSS408','p2'),('WSS41','p2'),('WSS447','p2'),('WSS458','p2'),('WSS465','p2'),('WSS48','p2'),('WSS491','p2'),('WSS503','p2'),('WSS505','p2'),('WSS512','p2'),('WSS538','p2'),('WSS546','p2'),('WSS557','p2'),('WSS57','p2'),('WSS583','p2'),('WSS587','p2'),('WSS62','p2'),('WSS63','p2'),('WSS658','p2'),('WSS70','p2'),('WSS711','p2'),('WSS72','p2'),('WSS720','p2'),('WSS741','p2'),('WSS746','p2'),('WSS747','p2'),('WSS748','p2'),('WSS759','p2'),('WSS766','p2'),('WSS772','p2'),('WSS789','p2'),('WSS794','p2'),('WSS94','p2'),('WSS102','p20'),('WSS111','p20'),('WSS128','p20'),('WSS131','p20'),('WSS155','p20'),('WSS16','p20'),('WSS185','p20'),('WSS211','p20'),('WSS217','p20'),('WSS233','p20'),('WSS245','p20'),('WSS251','p20'),('WSS255','p20'),('WSS261','p20'),('WSS274','p20'),('WSS279','p20'),('WSS282','p20'),('WSS289','p20'),('WSS311','p20'),('WSS322','p20'),('WSS335','p20'),('WSS345','p20'),('WSS370','p20'),('WSS386','p20'),('WSS389','p20'),('WSS39','p20'),('WSS40','p20'),('WSS420','p20'),('WSS429','p20'),('WSS442','p20'),('WSS445','p20'),('WSS464','p20'),('WSS465','p20'),('WSS485','p20'),('WSS493','p20'),('WSS499','p20'),('WSS5','p20'),('WSS568','p20'),('WSS599','p20'),('WSS617','p20'),('WSS633','p20'),('WSS704','p20'),('WSS708','p20'),('WSS719','p20'),('WSS72','p20'),('WSS743','p20'),('WSS76','p20'),('WSS778','p20'),('WSS781','p20'),('WSS794','p20'),('WSS800','p20'),('WSS84','p20'),('WSS89','p20'),('WSS125','p21'),('WSS198','p21'),('WSS201','p21'),('WSS215','p21'),('WSS227','p21'),('WSS273','p21'),('WSS274','p21'),('WSS28','p21'),('WSS281','p21'),('WSS339','p21'),('WSS351','p21'),('WSS368','p21'),('WSS383','p21'),('WSS387','p21'),('WSS395','p21'),('WSS399','p21'),('WSS428','p21'),('WSS438','p21'),('WSS45','p21'),('WSS453','p21'),('WSS461','p21'),('WSS475','p21'),('WSS481','p21'),('WSS497','p21'),('WSS522','p21'),('WSS527','p21'),('WSS536','p21'),('WSS543','p21'),('WSS548','p21'),('WSS578','p21'),('WSS586','p21'),('WSS625','p21'),('WSS637','p21'),('WSS650','p21'),('WSS653','p21'),('WSS655','p21'),('WSS666','p21'),('WSS678','p21'),('WSS686','p21'),('WSS694','p21'),('WSS701','p21'),('WSS712','p21'),('WSS745','p21'),('WSS753','p21'),('WSS793','p21'),('WSS797','p21'),('WSS99','p21'),('WSS11','p22'),('WSS110','p22'),('WSS112','p22'),('WSS119','p22'),('WSS134','p22'),('WSS138','p22'),('WSS147','p22'),('WSS156','p22'),('WSS179','p22'),('WSS212','p22'),('WSS246','p22'),('WSS247','p22'),('WSS250','p22'),('WSS256','p22'),('WSS261','p22'),('WSS265','p22'),('WSS270','p22'),('WSS300','p22'),('WSS329','p22'),('WSS330','p22'),('WSS337','p22'),('WSS342','p22'),('WSS347','p22'),('WSS350','p22'),('WSS359','p22'),('WSS375','p22'),('WSS445','p22'),('WSS457','p22'),('WSS471','p22'),('WSS478','p22'),('WSS505','p22'),('WSS516','p22'),('WSS534','p22'),('WSS539','p22'),('WSS573','p22'),('WSS581','p22'),('WSS582','p22'),('WSS585','p22'),('WSS597','p22'),('WSS600','p22'),('WSS604','p22'),('WSS609','p22'),('WSS61','p22'),('WSS639','p22'),('WSS641','p22'),('WSS643','p22'),('WSS648','p22'),('WSS666','p22'),('WSS690','p22'),('WSS698','p22'),('WSS739','p22'),('WSS751','p22'),('WSS755','p22'),('WSS758','p22'),('WSS767','p22'),('WSS780','p22'),('WSS786','p22'),('WSS99','p22'),('WSS120','p23'),('WSS130','p23'),('WSS137','p23'),('WSS141','p23'),('WSS155','p23'),('WSS156','p23'),('WSS178','p23'),('WSS223','p23'),('WSS23','p23'),('WSS238','p23'),('WSS242','p23'),('WSS243','p23'),('WSS309','p23'),('WSS31','p23'),('WSS333','p23'),('WSS34','p23'),('WSS353','p23'),('WSS380','p23'),('WSS388','p23'),('WSS421','p23'),('WSS423','p23'),('WSS460','p23'),('WSS463','p23'),('WSS469','p23'),('WSS513','p23'),('WSS515','p23'),('WSS542','p23'),('WSS556','p23'),('WSS562','p23'),('WSS573','p23'),('WSS590','p23'),('WSS634','p23'),('WSS639','p23'),('WSS640','p23'),('WSS662','p23'),('WSS673','p23'),('WSS708','p23'),('WSS709','p23'),('WSS733','p23'),('WSS737','p23'),('WSS768','p23'),('WSS9','p23'),('WSS90','p23'),('WSS91','p23'),('WSS97','p23'),('WSS10','p24'),('WSS100','p24'),('WSS108','p24'),('WSS133','p24'),('WSS148','p24'),('WSS15','p24'),('WSS175','p24'),('WSS18','p24'),('WSS180','p24'),('WSS188','p24'),('WSS189','p24'),('WSS214','p24'),('WSS218','p24'),('WSS231','p24'),('WSS235','p24'),('WSS238','p24'),('WSS24','p24'),('WSS241','p24'),('WSS248','p24'),('WSS250','p24'),('WSS251','p24'),('WSS257','p24'),('WSS267','p24'),('WSS285','p24'),('WSS326','p24'),('WSS348','p24'),('WSS362','p24'),('WSS369','p24'),('WSS385','p24'),('WSS386','p24'),('WSS40','p24'),('WSS409','p24'),('WSS411','p24'),('WSS419','p24'),('WSS441','p24'),('WSS473','p24'),('WSS498','p24'),('WSS509','p24'),('WSS572','p24'),('WSS577','p24'),('WSS58','p24'),('WSS593','p24'),('WSS60','p24'),('WSS604','p24'),('WSS606','p24'),('WSS61','p24'),('WSS618','p24'),('WSS650','p24'),('WSS669','p24'),('WSS676','p24'),('WSS691','p24'),('WSS70','p24'),('WSS717','p24'),('WSS724','p24'),('WSS728','p24'),('WSS731','p24'),('WSS739','p24'),('WSS747','p24'),('WSS77','p24'),('WSS8','p24'),('WSS114','p25'),('WSS116','p25'),('WSS117','p25'),('WSS119','p25'),('WSS149','p25'),('WSS163','p25'),('WSS169','p25'),('WSS172','p25'),('WSS216','p25'),('WSS22','p25'),('WSS222','p25'),('WSS223','p25'),('WSS234','p25'),('WSS275','p25'),('WSS276','p25'),('WSS29','p25'),('WSS303','p25'),('WSS324','p25'),('WSS327','p25'),('WSS342','p25'),('WSS349','p25'),('WSS369','p25'),('WSS370','p25'),('WSS397','p25'),('WSS431','p25'),('WSS440','p25'),('WSS441','p25'),('WSS462','p25'),('WSS476','p25'),('WSS521','p25'),('WSS523','p25'),('WSS541','p25'),('WSS560','p25'),('WSS561','p25'),('WSS574','p25'),('WSS585','p25'),('WSS592','p25'),('WSS598','p25'),('WSS599','p25'),('WSS610','p25'),('WSS675','p25'),('WSS679','p25'),('WSS689','p25'),('WSS701','p25'),('WSS710','p25'),('WSS740','p25'),('WSS75','p25'),('WSS76','p25'),('WSS764','p25'),('WSS768','p25'),('WSS769','p25'),('WSS77','p25'),('WSS770','p25'),('WSS799','p25'),('WSS146','p26'),('WSS161','p26'),('WSS165','p26'),('WSS173','p26'),('WSS182','p26'),('WSS184','p26'),('WSS187','p26'),('WSS189','p26'),('WSS227','p26'),('WSS229','p26'),('WSS240','p26'),('WSS279','p26'),('WSS304','p26'),('WSS340','p26'),('WSS367','p26'),('WSS372','p26'),('WSS402','p26'),('WSS406','p26'),('WSS414','p26'),('WSS415','p26'),('WSS418','p26'),('WSS426','p26'),('WSS430','p26'),('WSS449','p26'),('WSS477','p26'),('WSS489','p26'),('WSS504','p26'),('WSS508','p26'),('WSS52','p26'),('WSS535','p26'),('WSS536','p26'),('WSS537','p26'),('WSS547','p26'),('WSS551','p26'),('WSS579','p26'),('WSS586','p26'),('WSS603','p26'),('WSS611','p26'),('WSS615','p26'),('WSS619','p26'),('WSS622','p26'),('WSS635','p26'),('WSS638','p26'),('WSS64','p26'),('WSS66','p26'),('WSS661','p26'),('WSS67','p26'),('WSS670','p26'),('WSS672','p26'),('WSS680','p26'),('WSS685','p26'),('WSS71','p26'),('WSS711','p26'),('WSS723','p26'),('WSS725','p26'),('WSS726','p26'),('WSS760','p26'),('WSS762','p26'),('WSS783','p26'),('WSS784','p26'),('WSS798','p26'),('WSS87','p26'),('WSS106','p27'),('WSS142','p27'),('WSS143','p27'),('WSS148','p27'),('WSS163','p27'),('WSS183','p27'),('WSS199','p27'),('WSS246','p27'),('WSS28','p27'),('WSS359','p27'),('WSS382','p27'),('WSS400','p27'),('WSS404','p27'),('WSS412','p27'),('WSS419','p27'),('WSS437','p27'),('WSS452','p27'),('WSS457','p27'),('WSS466','p27'),('WSS47','p27'),('WSS486','p27'),('WSS490','p27'),('WSS512','p27'),('WSS541','p27'),('WSS55','p27'),('WSS558','p27'),('WSS57','p27'),('WSS598','p27'),('WSS652','p27'),('WSS68','p27'),('WSS7','p27'),('WSS733','p27'),('WSS745','p27'),('WSS754','p27'),('WSS759','p27'),('WSS776','p27'),('WSS777','p27'),('WSS78','p27'),('WSS782','p27'),('WSS95','p27'),('WSS1','p28'),('WSS101','p28'),('WSS108','p28'),('WSS123','p28'),('WSS124','p28'),('WSS130','p28'),('WSS141','p28'),('WSS16','p28'),('WSS177','p28'),('WSS180','p28'),('WSS187','p28'),('WSS242','p28'),('WSS258','p28'),('WSS264','p28'),('WSS27','p28'),('WSS270','p28'),('WSS286','p28'),('WSS307','p28'),('WSS314','p28'),('WSS32','p28'),('WSS328','p28'),('WSS33','p28'),('WSS332','p28'),('WSS335','p28'),('WSS344','p28'),('WSS350','p28'),('WSS36','p28'),('WSS393','p28'),('WSS395','p28'),('WSS424','p28'),('WSS432','p28'),('WSS434','p28'),('WSS44','p28'),('WSS5','p28'),('WSS510','p28'),('WSS529','p28'),('WSS54','p28'),('WSS562','p28'),('WSS575','p28'),('WSS579','p28'),('WSS605','p28'),('WSS615','p28'),('WSS625','p28'),('WSS661','p28'),('WSS675','p28'),('WSS687','p28'),('WSS69','p28'),('WSS696','p28'),('WSS700','p28'),('WSS705','p28'),('WSS706','p28'),('WSS716','p28'),('WSS719','p28'),('WSS73','p28'),('WSS752','p28'),('WSS757','p28'),('WSS790','p28'),('WSS792','p28'),('WSS92','p28'),('WSS96','p28'),('WSS97','p28'),('WSS109','p29'),('WSS110','p29'),('WSS118','p29'),('WSS125','p29'),('WSS129','p29'),('WSS135','p29'),('WSS158','p29'),('WSS194','p29'),('WSS2','p29'),('WSS204','p29'),('WSS219','p29'),('WSS239','p29'),('WSS25','p29'),('WSS253','p29'),('WSS26','p29'),('WSS263','p29'),('WSS277','p29'),('WSS315','p29'),('WSS32','p29'),('WSS323','p29'),('WSS328','p29'),('WSS35','p29'),('WSS37','p29'),('WSS373','p29'),('WSS377','p29'),('WSS399','p29'),('WSS413','p29'),('WSS443','p29'),('WSS45','p29'),('WSS464','p29'),('WSS474','p29'),('WSS48','p29'),('WSS484','p29'),('WSS487','p29'),('WSS511','p29'),('WSS533','p29'),('WSS537','p29'),('WSS549','p29'),('WSS609','p29'),('WSS621','p29'),('WSS633','p29'),('WSS660','p29'),('WSS672','p29'),('WSS680','p29'),('WSS721','p29'),('WSS724','p29'),('WSS725','p29'),('WSS734','p29'),('WSS746','p29'),('WSS753','p29'),('WSS766','p29'),('WSS780','p29'),('WSS782','p29'),('WSS799','p29'),('WSS81','p29'),('WSS91','p29'),('WSS94','p29'),('WSS10','p3'),('WSS126','p3'),('WSS136','p3'),('WSS139','p3'),('WSS171','p3'),('WSS184','p3'),('WSS191','p3'),('WSS200','p3'),('WSS203','p3'),('WSS209','p3'),('WSS232','p3'),('WSS235','p3'),('WSS249','p3'),('WSS25','p3'),('WSS268','p3'),('WSS294','p3'),('WSS296','p3'),('WSS298','p3'),('WSS308','p3'),('WSS319','p3'),('WSS325','p3'),('WSS336','p3'),('WSS343','p3'),('WSS374','p3'),('WSS401','p3'),('WSS405','p3'),('WSS42','p3'),('WSS438','p3'),('WSS448','p3'),('WSS469','p3'),('WSS482','p3'),('WSS511','p3'),('WSS53','p3'),('WSS540','p3'),('WSS571','p3'),('WSS577','p3'),('WSS584','p3'),('WSS590','p3'),('WSS596','p3'),('WSS6','p3'),('WSS619','p3'),('WSS644','p3'),('WSS65','p3'),('WSS656','p3'),('WSS66','p3'),('WSS660','p3'),('WSS681','p3'),('WSS697','p3'),('WSS729','p3'),('WSS735','p3'),('WSS742','p3'),('WSS776','p3'),('WSS105','p30'),('WSS128','p30'),('WSS137','p30'),('WSS170','p30'),('WSS179','p30'),('WSS228','p30'),('WSS237','p30'),('WSS241','p30'),('WSS26','p30'),('WSS271','p30'),('WSS277','p30'),('WSS291','p30'),('WSS310','p30'),('WSS336','p30'),('WSS354','p30'),('WSS355','p30'),('WSS376','p30'),('WSS390','p30'),('WSS400','p30'),('WSS426','p30'),('WSS436','p30'),('WSS459','p30'),('WSS482','p30'),('WSS493','p30'),('WSS506','p30'),('WSS526','p30'),('WSS530','p30'),('WSS546','p30'),('WSS550','p30'),('WSS554','p30'),('WSS595','p30'),('WSS606','p30'),('WSS630','p30'),('WSS638','p30'),('WSS654','p30'),('WSS663','p30'),('WSS670','p30'),('WSS673','p30'),('WSS674','p30'),('WSS687','p30'),('WSS692','p30'),('WSS714','p30'),('WSS741','p30'),('WSS763','p30'),('WSS770','p30'),('WSS771','p30'),('WSS82','p30'),('WSS88','p30'),('WSS100','p4'),('WSS103','p4'),('WSS114','p4'),('WSS12','p4'),('WSS161','p4'),('WSS17','p4'),('WSS174','p4'),('WSS176','p4'),('WSS191','p4'),('WSS200','p4'),('WSS210','p4'),('WSS211','p4'),('WSS225','p4'),('WSS255','p4'),('WSS260','p4'),('WSS313','p4'),('WSS320','p4'),('WSS325','p4'),('WSS340','p4'),('WSS358','p4'),('WSS372','p4'),('WSS384','p4'),('WSS406','p4'),('WSS417','p4'),('WSS429','p4'),('WSS471','p4'),('WSS476','p4'),('WSS480','p4'),('WSS492','p4'),('WSS502','p4'),('WSS516','p4'),('WSS518','p4'),('WSS553','p4'),('WSS555','p4'),('WSS589','p4'),('WSS59','p4'),('WSS593','p4'),('WSS597','p4'),('WSS623','p4'),('WSS626','p4'),('WSS699','p4'),('WSS702','p4'),('WSS717','p4'),('WSS737','p4'),('WSS74','p4'),('WSS749','p4'),('WSS751','p4'),('WSS756','p4'),('WSS761','p4'),('WSS765','p4'),('WSS769','p4'),('WSS88','p4'),('WSS89','p4'),('WSS117','p5'),('WSS123','p5'),('WSS134','p5'),('WSS135','p5'),('WSS147','p5'),('WSS15','p5'),('WSS164','p5'),('WSS185','p5'),('WSS186','p5'),('WSS208','p5'),('WSS220','p5'),('WSS252','p5'),('WSS254','p5'),('WSS273','p5'),('WSS280','p5'),('WSS30','p5'),('WSS300','p5'),('WSS349','p5'),('WSS363','p5'),('WSS381','p5'),('WSS410','p5'),('WSS417','p5'),('WSS433','p5'),('WSS448','p5'),('WSS468','p5'),('WSS473','p5'),('WSS479','p5'),('WSS517','p5'),('WSS52','p5'),('WSS528','p5'),('WSS530','p5'),('WSS553','p5'),('WSS56','p5'),('WSS588','p5'),('WSS608','p5'),('WSS646','p5'),('WSS669','p5'),('WSS681','p5'),('WSS694','p5'),('WSS707','p5'),('WSS731','p5'),('WSS93','p5'),('WSS103','p6'),('WSS129','p6'),('WSS133','p6'),('WSS142','p6'),('WSS159','p6'),('WSS190','p6'),('WSS197','p6'),('WSS20','p6'),('WSS201','p6'),('WSS21','p6'),('WSS231','p6'),('WSS24','p6'),('WSS240','p6'),('WSS249','p6'),('WSS259','p6'),('WSS288','p6'),('WSS292','p6'),('WSS302','p6'),('WSS317','p6'),('WSS318','p6'),('WSS321','p6'),('WSS322','p6'),('WSS332','p6'),('WSS334','p6'),('WSS356','p6'),('WSS360','p6'),('WSS377','p6'),('WSS378','p6'),('WSS396','p6'),('WSS424','p6'),('WSS474','p6'),('WSS49','p6'),('WSS51','p6'),('WSS510','p6'),('WSS551','p6'),('WSS566','p6'),('WSS570','p6'),('WSS627','p6'),('WSS651','p6'),('WSS655','p6'),('WSS656','p6'),('WSS667','p6'),('WSS668','p6'),('WSS703','p6'),('WSS706','p6'),('WSS714','p6'),('WSS722','p6'),('WSS723','p6'),('WSS732','p6'),('WSS765','p6'),('WSS772','p6'),('WSS788','p6'),('WSS131','p7'),('WSS153','p7'),('WSS167','p7'),('WSS193','p7'),('WSS206','p7'),('WSS22','p7'),('WSS224','p7'),('WSS226','p7'),('WSS264','p7'),('WSS284','p7'),('WSS287','p7'),('WSS294','p7'),('WSS309','p7'),('WSS312','p7'),('WSS316','p7'),('WSS320','p7'),('WSS333','p7'),('WSS338','p7'),('WSS343','p7'),('WSS352','p7'),('WSS381','p7'),('WSS383','p7'),('WSS387','p7'),('WSS411','p7'),('WSS415','p7'),('WSS420','p7'),('WSS421','p7'),('WSS434','p7'),('WSS451','p7'),('WSS472','p7'),('WSS475','p7'),('WSS494','p7'),('WSS501','p7'),('WSS547','p7'),('WSS563','p7'),('WSS569','p7'),('WSS574','p7'),('WSS592','p7'),('WSS6','p7'),('WSS607','p7'),('WSS614','p7'),('WSS635','p7'),('WSS649','p7'),('WSS659','p7'),('WSS664','p7'),('WSS68','p7'),('WSS683','p7'),('WSS689','p7'),('WSS702','p7'),('WSS736','p7'),('WSS760','p7'),('WSS781','p7'),('WSS787','p7'),('WSS1','p8'),('WSS116','p8'),('WSS121','p8'),('WSS124','p8'),('WSS126','p8'),('WSS14','p8'),('WSS144','p8'),('WSS152','p8'),('WSS175','p8'),('WSS199','p8'),('WSS207','p8'),('WSS263','p8'),('WSS268','p8'),('WSS269','p8'),('WSS298','p8'),('WSS311','p8'),('WSS318','p8'),('WSS330','p8'),('WSS348','p8'),('WSS366','p8'),('WSS403','p8'),('WSS408','p8'),('WSS416','p8'),('WSS425','p8'),('WSS435','p8'),('WSS436','p8'),('WSS437','p8'),('WSS440','p8'),('WSS463','p8'),('WSS483','p8'),('WSS487','p8'),('WSS495','p8'),('WSS504','p8'),('WSS519','p8'),('WSS520','p8'),('WSS535','p8'),('WSS582','p8'),('WSS627','p8'),('WSS705','p8'),('WSS712','p8'),('WSS73','p8'),('WSS730','p8'),('WSS738','p8'),('WSS795','p8'),('WSS800','p8'),('WSS82','p8'),('WSS101','p9'),('WSS136','p9'),('WSS14','p9'),('WSS167','p9'),('WSS168','p9'),('WSS174','p9'),('WSS190','p9'),('WSS2','p9'),('WSS262','p9'),('WSS27','p9'),('WSS291','p9'),('WSS295','p9'),('WSS301','p9'),('WSS302','p9'),('WSS305','p9'),('WSS329','p9'),('WSS341','p9'),('WSS344','p9'),('WSS352','p9'),('WSS357','p9'),('WSS366','p9'),('WSS397','p9'),('WSS41','p9'),('WSS430','p9'),('WSS442','p9'),('WSS458','p9'),('WSS467','p9'),('WSS47','p9'),('WSS490','p9'),('WSS491','p9'),('WSS492','p9'),('WSS501','p9'),('WSS509','p9'),('WSS544','p9'),('WSS552','p9'),('WSS56','p9'),('WSS580','p9'),('WSS596','p9'),('WSS624','p9'),('WSS648','p9'),('WSS652','p9'),('WSS688','p9'),('WSS695','p9'),('WSS709','p9'),('WSS718','p9'),('WSS721','p9'),('WSS732','p9'),('WSS762','p9'),('WSS774','p9'),('WSS785','p9'),('WSS798','p9'),('WSS80','p9'),('WSS84','p9'),('WSS92','p9');
/*!40000 ALTER TABLE `inputparameter` ENABLE KEYS */;
UNLOCK TABLES;

--
-- Table structure for table `knowledgeforcareerpath`
--

DROP TABLE IF EXISTS `knowledgeforcareerpath`;
/*!40101 SET @saved_cs_client     = @@character_set_client */;
/*!50503 SET character_set_client = utf8mb4 */;
CREATE TABLE `knowledgeforcareerpath` (
  `careerPathID` char(4) NOT NULL,
  `knowledgeID` char(6) NOT NULL,
  PRIMARY KEY (`careerPathID`,`knowledgeID`)
) ENGINE=InnoDB DEFAULT CHARSET=latin1;
/*!40101 SET character_set_client = @saved_cs_client */;

--
-- Dumping data for table `knowledgeforcareerpath`
--

LOCK TABLES `knowledgeforcareerpath` WRITE;
/*!40000 ALTER TABLE `knowledgeforcareerpath` DISABLE KEYS */;
INSERT INTO `knowledgeforcareerpath` VALUES ('C100','k1C311'),('C100','k1C412'),('C100','k1C469'),('C100','k1C500');
/*!40000 ALTER TABLE `knowledgeforcareerpath` ENABLE KEYS */;
UNLOCK TABLES;

--
-- Table structure for table `lhs`
--

DROP TABLE IF EXISTS `lhs`;
/*!40101 SET @saved_cs_client     = @@character_set_client */;
/*!50503 SET character_set_client = utf8mb4 */;
CREATE TABLE `lhs` (
  `ruleid` int NOT NULL,
  `courseid` varchar(10) NOT NULL,
  PRIMARY KEY (`ruleid`,`courseid`)
) ENGINE=InnoDB DEFAULT CHARSET=latin1;
/*!40101 SET character_set_client = @saved_cs_client */;

--
-- Dumping data for table `lhs`
--

LOCK TABLES `lhs` WRITE;
/*!40000 ALTER TABLE `lhs` DISABLE KEYS */;
INSERT INTO `lhs` VALUES (1,'ICP006'),(2,'ICP006'),(3,'ICP006'),(4,'ICP110'),(5,'ICP110'),(6,'ICP311'),(7,'ICP006'),(7,'ICP110'),(8,'ICP006'),(8,'ICP110'),(9,'ICP006'),(9,'ICP311'),(10,'ICP110'),(10,'ICP311'),(11,'ICP006'),(11,'ICP110'),(11,'ICP311');
/*!40000 ALTER TABLE `lhs` ENABLE KEYS */;
UNLOCK TABLES;

--
-- Table structure for table `outputparameter`
--

DROP TABLE IF EXISTS `outputparameter`;
/*!40101 SET @saved_cs_client     = @@character_set_client */;
/*!50503 SET character_set_client = utf8mb4 */;
CREATE TABLE `outputparameter` (
  `webServiceID` varchar(10) NOT NULL,
  `parameterID` varchar(10) NOT NULL,
  PRIMARY KEY (`webServiceID`,`parameterID`),
  KEY `knowledgeID` (`parameterID`)
) ENGINE=InnoDB DEFAULT CHARSET=latin1;
/*!40101 SET character_set_client = @saved_cs_client */;

--
-- Dumping data for table `outputparameter`
--

LOCK TABLES `outputparameter` WRITE;
/*!40000 ALTER TABLE `outputparameter` DISABLE KEYS */;
INSERT INTO `outputparameter` VALUES ('WSS115','p1'),('WSS120','p1'),('WSS123','p1'),('WSS127','p1'),('WSS129','p1'),('WSS135','p1'),('WSS141','p1'),('WSS145','p1'),('WSS146','p1'),('WSS149','p1'),('WSS158','p1'),('WSS161','p1'),('WSS166','p1'),('WSS179','p1'),('WSS184','p1'),('WSS191','p1'),('WSS192','p1'),('WSS194','p1'),('WSS20','p1'),('WSS202','p1'),('WSS205','p1'),('WSS215','p1'),('WSS216','p1'),('WSS222','p1'),('WSS231','p1'),('WSS239','p1'),('WSS244','p1'),('WSS249','p1'),('WSS263','p1'),('WSS268','p1'),('WSS29','p1'),('WSS290','p1'),('WSS293','p1'),('WSS295','p1'),('WSS299','p1'),('WSS301','p1'),('WSS302','p1'),('WSS303','p1'),('WSS305','p1'),('WSS336','p1'),('WSS338','p1'),('WSS341','p1'),('WSS342','p1'),('WSS361','p1'),('WSS363','p1'),('WSS377','p1'),('WSS378','p1'),('WSS387','p1'),('WSS390','p1'),('WSS394','p1'),('WSS40','p1'),('WSS401','p1'),('WSS428','p1'),('WSS431','p1'),('WSS432','p1'),('WSS438','p1'),('WSS455','p1'),('WSS461','p1'),('WSS467','p1'),('WSS477','p1'),('WSS488','p1'),('WSS506','p1'),('WSS524','p1'),('WSS539','p1'),('WSS54','p1'),('WSS543','p1'),('WSS559','p1'),('WSS561','p1'),('WSS569','p1'),('WSS570','p1'),('WSS583','p1'),('WSS585','p1'),('WSS588','p1'),('WSS591','p1'),('WSS603','p1'),('WSS609','p1'),('WSS620','p1'),('WSS640','p1'),('WSS645','p1'),('WSS663','p1'),('WSS664','p1'),('WSS704','p1'),('WSS71','p1'),('WSS718','p1'),('WSS726','p1'),('WSS727','p1'),('WSS732','p1'),('WSS735','p1'),('WSS743','p1'),('WSS747','p1'),('WSS776','p1'),('WSS781','p1'),('WSS782','p1'),('WSS783','p1'),('WSS784','p1'),('WSS795','p1'),('WSS86','p1'),('WSS9','p1'),('WSS106','p10'),('WSS107','p10'),('WSS110','p10'),('WSS112','p10'),('WSS113','p10'),('WSS115','p10'),('WSS128','p10'),('WSS129','p10'),('WSS139','p10'),('WSS152','p10'),('WSS154','p10'),('WSS155','p10'),('WSS158','p10'),('WSS167','p10'),('WSS177','p10'),('WSS182','p10'),('WSS186','p10'),('WSS188','p10'),('WSS190','p10'),('WSS210','p10'),('WSS22','p10'),('WSS220','p10'),('WSS228','p10'),('WSS230','p10'),('WSS233','p10'),('WSS254','p10'),('WSS256','p10'),('WSS260','p10'),('WSS262','p10'),('WSS264','p10'),('WSS268','p10'),('WSS272','p10'),('WSS28','p10'),('WSS282','p10'),('WSS297','p10'),('WSS300','p10'),('WSS306','p10'),('WSS309','p10'),('WSS315','p10'),('WSS317','p10'),('WSS329','p10'),('WSS346','p10'),('WSS350','p10'),('WSS358','p10'),('WSS359','p10'),('WSS363','p10'),('WSS370','p10'),('WSS372','p10'),('WSS373','p10'),('WSS384','p10'),('WSS390','p10'),('WSS402','p10'),('WSS408','p10'),('WSS410','p10'),('WSS412','p10'),('WSS413','p10'),('WSS414','p10'),('WSS419','p10'),('WSS429','p10'),('WSS438','p10'),('WSS446','p10'),('WSS449','p10'),('WSS450','p10'),('WSS454','p10'),('WSS465','p10'),('WSS484','p10'),('WSS494','p10'),('WSS498','p10'),('WSS499','p10'),('WSS512','p10'),('WSS520','p10'),('WSS534','p10'),('WSS540','p10'),('WSS543','p10'),('WSS554','p10'),('WSS559','p10'),('WSS561','p10'),('WSS573','p10'),('WSS579','p10'),('WSS581','p10'),('WSS589','p10'),('WSS594','p10'),('WSS595','p10'),('WSS599','p10'),('WSS60','p10'),('WSS600','p10'),('WSS602','p10'),('WSS616','p10'),('WSS627','p10'),('WSS636','p10'),('WSS653','p10'),('WSS654','p10'),('WSS657','p10'),('WSS665','p10'),('WSS685','p10'),('WSS689','p10'),('WSS690','p10'),('WSS695','p10'),('WSS700','p10'),('WSS708','p10'),('WSS711','p10'),('WSS716','p10'),('WSS730','p10'),('WSS732','p10'),('WSS767','p10'),('WSS769','p10'),('WSS781','p10'),('WSS784','p10'),('WSS794','p10'),('WSS800','p10'),('WSS84','p10'),('WSS90','p10'),('WSS93','p10'),('WSS94','p10'),('WSS95','p10'),('WSS1','p11'),('WSS103','p11'),('WSS104','p11'),('WSS108','p11'),('WSS115','p11'),('WSS136','p11'),('WSS144','p11'),('WSS152','p11'),('WSS169','p11'),('WSS171','p11'),('WSS180','p11'),('WSS184','p11'),('WSS190','p11'),('WSS191','p11'),('WSS195','p11'),('WSS218','p11'),('WSS228','p11'),('WSS231','p11'),('WSS26','p11'),('WSS273','p11'),('WSS292','p11'),('WSS300','p11'),('WSS307','p11'),('WSS324','p11'),('WSS325','p11'),('WSS329','p11'),('WSS340','p11'),('WSS344','p11'),('WSS346','p11'),('WSS348','p11'),('WSS349','p11'),('WSS37','p11'),('WSS383','p11'),('WSS388','p11'),('WSS394','p11'),('WSS398','p11'),('WSS403','p11'),('WSS411','p11'),('WSS416','p11'),('WSS430','p11'),('WSS449','p11'),('WSS459','p11'),('WSS464','p11'),('WSS467','p11'),('WSS468','p11'),('WSS482','p11'),('WSS484','p11'),('WSS49','p11'),('WSS497','p11'),('WSS511','p11'),('WSS533','p11'),('WSS54','p11'),('WSS541','p11'),('WSS570','p11'),('WSS571','p11'),('WSS577','p11'),('WSS581','p11'),('WSS591','p11'),('WSS598','p11'),('WSS602','p11'),('WSS609','p11'),('WSS612','p11'),('WSS613','p11'),('WSS614','p11'),('WSS615','p11'),('WSS626','p11'),('WSS629','p11'),('WSS633','p11'),('WSS656','p11'),('WSS659','p11'),('WSS67','p11'),('WSS673','p11'),('WSS676','p11'),('WSS680','p11'),('WSS684','p11'),('WSS693','p11'),('WSS698','p11'),('WSS718','p11'),('WSS734','p11'),('WSS737','p11'),('WSS742','p11'),('WSS745','p11'),('WSS775','p11'),('WSS778','p11'),('WSS787','p11'),('WSS790','p11'),('WSS793','p11'),('WSS8','p11'),('WSS85','p11'),('WSS87','p11'),('WSS88','p11'),('WSS9','p11'),('WSS99','p11'),('WSS100','p12'),('WSS102','p12'),('WSS110','p12'),('WSS117','p12'),('WSS124','p12'),('WSS135','p12'),('WSS143','p12'),('WSS155','p12'),('WSS166','p12'),('WSS17','p12'),('WSS178','p12'),('WSS183','p12'),('WSS197','p12'),('WSS205','p12'),('WSS217','p12'),('WSS221','p12'),('WSS242','p12'),('WSS244','p12'),('WSS254','p12'),('WSS27','p12'),('WSS288','p12'),('WSS289','p12'),('WSS297','p12'),('WSS30','p12'),('WSS302','p12'),('WSS309','p12'),('WSS310','p12'),('WSS321','p12'),('WSS325','p12'),('WSS340','p12'),('WSS342','p12'),('WSS348','p12'),('WSS352','p12'),('WSS354','p12'),('WSS364','p12'),('WSS365','p12'),('WSS376','p12'),('WSS379','p12'),('WSS404','p12'),('WSS410','p12'),('WSS414','p12'),('WSS416','p12'),('WSS417','p12'),('WSS431','p12'),('WSS433','p12'),('WSS435','p12'),('WSS437','p12'),('WSS453','p12'),('WSS458','p12'),('WSS46','p12'),('WSS460','p12'),('WSS466','p12'),('WSS478','p12'),('WSS519','p12'),('WSS522','p12'),('WSS558','p12'),('WSS56','p12'),('WSS563','p12'),('WSS566','p12'),('WSS569','p12'),('WSS588','p12'),('WSS590','p12'),('WSS621','p12'),('WSS626','p12'),('WSS645','p12'),('WSS651','p12'),('WSS653','p12'),('WSS655','p12'),('WSS656','p12'),('WSS659','p12'),('WSS684','p12'),('WSS71','p12'),('WSS713','p12'),('WSS717','p12'),('WSS721','p12'),('WSS722','p12'),('WSS724','p12'),('WSS726','p12'),('WSS731','p12'),('WSS733','p12'),('WSS738','p12'),('WSS739','p12'),('WSS740','p12'),('WSS741','p12'),('WSS766','p12'),('WSS772','p12'),('WSS779','p12'),('WSS96','p12'),('WSS129','p13'),('WSS131','p13'),('WSS140','p13'),('WSS149','p13'),('WSS163','p13'),('WSS180','p13'),('WSS20','p13'),('WSS210','p13'),('WSS219','p13'),('WSS22','p13'),('WSS222','p13'),('WSS225','p13'),('WSS23','p13'),('WSS231','p13'),('WSS232','p13'),('WSS235','p13'),('WSS251','p13'),('WSS265','p13'),('WSS28','p13'),('WSS283','p13'),('WSS287','p13'),('WSS313','p13'),('WSS323','p13'),('WSS326','p13'),('WSS328','p13'),('WSS347','p13'),('WSS351','p13'),('WSS359','p13'),('WSS361','p13'),('WSS367','p13'),('WSS39','p13'),('WSS393','p13'),('WSS394','p13'),('WSS418','p13'),('WSS421','p13'),('WSS430','p13'),('WSS432','p13'),('WSS439','p13'),('WSS447','p13'),('WSS45','p13'),('WSS454','p13'),('WSS471','p13'),('WSS497','p13'),('WSS5','p13'),('WSS50','p13'),('WSS510','p13'),('WSS513','p13'),('WSS523','p13'),('WSS524','p13'),('WSS525','p13'),('WSS533','p13'),('WSS538','p13'),('WSS547','p13'),('WSS55','p13'),('WSS56','p13'),('WSS565','p13'),('WSS571','p13'),('WSS575','p13'),('WSS583','p13'),('WSS588','p13'),('WSS597','p13'),('WSS601','p13'),('WSS619','p13'),('WSS622','p13'),('WSS640','p13'),('WSS648','p13'),('WSS650','p13'),('WSS667','p13'),('WSS677','p13'),('WSS681','p13'),('WSS689','p13'),('WSS69','p13'),('WSS705','p13'),('WSS711','p13'),('WSS723','p13'),('WSS73','p13'),('WSS731','p13'),('WSS735','p13'),('WSS742','p13'),('WSS743','p13'),('WSS744','p13'),('WSS752','p13'),('WSS754','p13'),('WSS783','p13'),('WSS787','p13'),('WSS795','p13'),('WSS83','p13'),('WSS87','p13'),('WSS95','p13'),('WSS105','p14'),('WSS130','p14'),('WSS131','p14'),('WSS132','p14'),('WSS152','p14'),('WSS154','p14'),('WSS16','p14'),('WSS167','p14'),('WSS170','p14'),('WSS176','p14'),('WSS18','p14'),('WSS182','p14'),('WSS191','p14'),('WSS198','p14'),('WSS2','p14'),('WSS204','p14'),('WSS228','p14'),('WSS236','p14'),('WSS244','p14'),('WSS25','p14'),('WSS26','p14'),('WSS274','p14'),('WSS275','p14'),('WSS279','p14'),('WSS281','p14'),('WSS283','p14'),('WSS286','p14'),('WSS293','p14'),('WSS298','p14'),('WSS299','p14'),('WSS3','p14'),('WSS302','p14'),('WSS306','p14'),('WSS315','p14'),('WSS321','p14'),('WSS341','p14'),('WSS343','p14'),('WSS348','p14'),('WSS356','p14'),('WSS357','p14'),('WSS362','p14'),('WSS385','p14'),('WSS391','p14'),('WSS392','p14'),('WSS395','p14'),('WSS398','p14'),('WSS40','p14'),('WSS425','p14'),('WSS427','p14'),('WSS450','p14'),('WSS496','p14'),('WSS503','p14'),('WSS511','p14'),('WSS521','p14'),('WSS536','p14'),('WSS541','p14'),('WSS545','p14'),('WSS549','p14'),('WSS557','p14'),('WSS559','p14'),('WSS573','p14'),('WSS577','p14'),('WSS599','p14'),('WSS618','p14'),('WSS621','p14'),('WSS622','p14'),('WSS635','p14'),('WSS652','p14'),('WSS655','p14'),('WSS661','p14'),('WSS665','p14'),('WSS681','p14'),('WSS687','p14'),('WSS69','p14'),('WSS709','p14'),('WSS718','p14'),('WSS719','p14'),('WSS726','p14'),('WSS730','p14'),('WSS733','p14'),('WSS74','p14'),('WSS742','p14'),('WSS747','p14'),('WSS749','p14'),('WSS762','p14'),('WSS766','p14'),('WSS767','p14'),('WSS770','p14'),('WSS788','p14'),('WSS793','p14'),('WSS794','p14'),('WSS96','p14'),('WSS98','p14'),('WSS101','p15'),('WSS103','p15'),('WSS106','p15'),('WSS115','p15'),('WSS118','p15'),('WSS138','p15'),('WSS139','p15'),('WSS14','p15'),('WSS173','p15'),('WSS181','p15'),('WSS185','p15'),('WSS190','p15'),('WSS192','p15'),('WSS200','p15'),('WSS201','p15'),('WSS204','p15'),('WSS208','p15'),('WSS21','p15'),('WSS212','p15'),('WSS216','p15'),('WSS222','p15'),('WSS225','p15'),('WSS245','p15'),('WSS250','p15'),('WSS251','p15'),('WSS252','p15'),('WSS259','p15'),('WSS26','p15'),('WSS270','p15'),('WSS286','p15'),('WSS291','p15'),('WSS298','p15'),('WSS30','p15'),('WSS308','p15'),('WSS317','p15'),('WSS318','p15'),('WSS321','p15'),('WSS326','p15'),('WSS345','p15'),('WSS346','p15'),('WSS35','p15'),('WSS353','p15'),('WSS36','p15'),('WSS371','p15'),('WSS390','p15'),('WSS391','p15'),('WSS401','p15'),('WSS406','p15'),('WSS408','p15'),('WSS409','p15'),('WSS416','p15'),('WSS422','p15'),('WSS426','p15'),('WSS429','p15'),('WSS437','p15'),('WSS445','p15'),('WSS467','p15'),('WSS469','p15'),('WSS476','p15'),('WSS477','p15'),('WSS486','p15'),('WSS490','p15'),('WSS491','p15'),('WSS500','p15'),('WSS503','p15'),('WSS508','p15'),('WSS51','p15'),('WSS513','p15'),('WSS528','p15'),('WSS541','p15'),('WSS544','p15'),('WSS546','p15'),('WSS55','p15'),('WSS565','p15'),('WSS586','p15'),('WSS590','p15'),('WSS594','p15'),('WSS607','p15'),('WSS613','p15'),('WSS623','p15'),('WSS624','p15'),('WSS633','p15'),('WSS646','p15'),('WSS650','p15'),('WSS652','p15'),('WSS672','p15'),('WSS675','p15'),('WSS697','p15'),('WSS705','p15'),('WSS708','p15'),('WSS719','p15'),('WSS728','p15'),('WSS761','p15'),('WSS767','p15'),('WSS77','p15'),('WSS776','p15'),('WSS779','p15'),('WSS78','p15'),('WSS82','p15'),('WSS92','p15'),('WSS95','p15'),('WSS97','p15'),('WSS10','p16'),('WSS108','p16'),('WSS114','p16'),('WSS119','p16'),('WSS12','p16'),('WSS122','p16'),('WSS124','p16'),('WSS128','p16'),('WSS137','p16'),('WSS158','p16'),('WSS162','p16'),('WSS165','p16'),('WSS168','p16'),('WSS175','p16'),('WSS177','p16'),('WSS178','p16'),('WSS180','p16'),('WSS189','p16'),('WSS192','p16'),('WSS211','p16'),('WSS224','p16'),('WSS230','p16'),('WSS262','p16'),('WSS271','p16'),('WSS28','p16'),('WSS287','p16'),('WSS298','p16'),('WSS303','p16'),('WSS306','p16'),('WSS309','p16'),('WSS31','p16'),('WSS322','p16'),('WSS329','p16'),('WSS330','p16'),('WSS338','p16'),('WSS34','p16'),('WSS341','p16'),('WSS345','p16'),('WSS351','p16'),('WSS357','p16'),('WSS361','p16'),('WSS380','p16'),('WSS381','p16'),('WSS387','p16'),('WSS391','p16'),('WSS395','p16'),('WSS397','p16'),('WSS399','p16'),('WSS407','p16'),('WSS426','p16'),('WSS435','p16'),('WSS441','p16'),('WSS449','p16'),('WSS451','p16'),('WSS457','p16'),('WSS458','p16'),('WSS462','p16'),('WSS465','p16'),('WSS47','p16'),('WSS48','p16'),('WSS480','p16'),('WSS504','p16'),('WSS507','p16'),('WSS518','p16'),('WSS520','p16'),('WSS526','p16'),('WSS534','p16'),('WSS539','p16'),('WSS552','p16'),('WSS585','p16'),('WSS591','p16'),('WSS596','p16'),('WSS60','p16'),('WSS600','p16'),('WSS633','p16'),('WSS635','p16'),('WSS637','p16'),('WSS649','p16'),('WSS668','p16'),('WSS674','p16'),('WSS677','p16'),('WSS690','p16'),('WSS693','p16'),('WSS707','p16'),('WSS708','p16'),('WSS746','p16'),('WSS749','p16'),('WSS751','p16'),('WSS764','p16'),('WSS778','p16'),('WSS779','p16'),('WSS797','p16'),('WSS81','p16'),('WSS86','p16'),('WSS90','p16'),('WSS91','p16'),('WSS110','p17'),('WSS117','p17'),('WSS119','p17'),('WSS121','p17'),('WSS122','p17'),('WSS139','p17'),('WSS14','p17'),('WSS141','p17'),('WSS144','p17'),('WSS151','p17'),('WSS158','p17'),('WSS161','p17'),('WSS17','p17'),('WSS172','p17'),('WSS177','p17'),('WSS18','p17'),('WSS183','p17'),('WSS190','p17'),('WSS2','p17'),('WSS20','p17'),('WSS211','p17'),('WSS219','p17'),('WSS226','p17'),('WSS238','p17'),('WSS24','p17'),('WSS25','p17'),('WSS253','p17'),('WSS254','p17'),('WSS264','p17'),('WSS269','p17'),('WSS273','p17'),('WSS282','p17'),('WSS283','p17'),('WSS299','p17'),('WSS30','p17'),('WSS305','p17'),('WSS307','p17'),('WSS320','p17'),('WSS333','p17'),('WSS338','p17'),('WSS339','p17'),('WSS354','p17'),('WSS355','p17'),('WSS356','p17'),('WSS365','p17'),('WSS370','p17'),('WSS371','p17'),('WSS377','p17'),('WSS380','p17'),('WSS388','p17'),('WSS411','p17'),('WSS424','p17'),('WSS443','p17'),('WSS45','p17'),('WSS461','p17'),('WSS462','p17'),('WSS474','p17'),('WSS480','p17'),('WSS485','p17'),('WSS486','p17'),('WSS494','p17'),('WSS502','p17'),('WSS507','p17'),('WSS527','p17'),('WSS530','p17'),('WSS532','p17'),('WSS538','p17'),('WSS558','p17'),('WSS567','p17'),('WSS578','p17'),('WSS580','p17'),('WSS603','p17'),('WSS62','p17'),('WSS627','p17'),('WSS630','p17'),('WSS637','p17'),('WSS646','p17'),('WSS662','p17'),('WSS670','p17'),('WSS682','p17'),('WSS683','p17'),('WSS690','p17'),('WSS702','p17'),('WSS707','p17'),('WSS714','p17'),('WSS716','p17'),('WSS720','p17'),('WSS721','p17'),('WSS722','p17'),('WSS723','p17'),('WSS727','p17'),('WSS746','p17'),('WSS751','p17'),('WSS755','p17'),('WSS764','p17'),('WSS765','p17'),('WSS77','p17'),('WSS775','p17'),('WSS788','p17'),('WSS799','p17'),('WSS80','p17'),('WSS82','p17'),('WSS10','p18'),('WSS111','p18'),('WSS119','p18'),('WSS125','p18'),('WSS133','p18'),('WSS134','p18'),('WSS142','p18'),('WSS148','p18'),('WSS150','p18'),('WSS157','p18'),('WSS159','p18'),('WSS172','p18'),('WSS173','p18'),('WSS174','p18'),('WSS188','p18'),('WSS195','p18'),('WSS196','p18'),('WSS202','p18'),('WSS207','p18'),('WSS211','p18'),('WSS245','p18'),('WSS266','p18'),('WSS268','p18'),('WSS279','p18'),('WSS291','p18'),('WSS296','p18'),('WSS313','p18'),('WSS319','p18'),('WSS333','p18'),('WSS338','p18'),('WSS34','p18'),('WSS353','p18'),('WSS355','p18'),('WSS367','p18'),('WSS374','p18'),('WSS385','p18'),('WSS413','p18'),('WSS416','p18'),('WSS425','p18'),('WSS43','p18'),('WSS437','p18'),('WSS439','p18'),('WSS44','p18'),('WSS442','p18'),('WSS463','p18'),('WSS464','p18'),('WSS466','p18'),('WSS474','p18'),('WSS479','p18'),('WSS487','p18'),('WSS49','p18'),('WSS494','p18'),('WSS505','p18'),('WSS518','p18'),('WSS523','p18'),('WSS525','p18'),('WSS526','p18'),('WSS533','p18'),('WSS535','p18'),('WSS545','p18'),('WSS548','p18'),('WSS552','p18'),('WSS555','p18'),('WSS568','p18'),('WSS583','p18'),('WSS599','p18'),('WSS609','p18'),('WSS61','p18'),('WSS612','p18'),('WSS614','p18'),('WSS620','p18'),('WSS641','p18'),('WSS648','p18'),('WSS674','p18'),('WSS679','p18'),('WSS696','p18'),('WSS70','p18'),('WSS716','p18'),('WSS717','p18'),('WSS723','p18'),('WSS73','p18'),('WSS730','p18'),('WSS735','p18'),('WSS736','p18'),('WSS746','p18'),('WSS764','p18'),('WSS765','p18'),('WSS766','p18'),('WSS788','p18'),('WSS789','p18'),('WSS79','p18'),('WSS794','p18'),('WSS93','p18'),('WSS98','p18'),('WSS116','p19'),('WSS118','p19'),('WSS120','p19'),('WSS127','p19'),('WSS137','p19'),('WSS138','p19'),('WSS14','p19'),('WSS142','p19'),('WSS153','p19'),('WSS156','p19'),('WSS178','p19'),('WSS180','p19'),('WSS186','p19'),('WSS202','p19'),('WSS218','p19'),('WSS224','p19'),('WSS23','p19'),('WSS241','p19'),('WSS243','p19'),('WSS250','p19'),('WSS252','p19'),('WSS253','p19'),('WSS288','p19'),('WSS301','p19'),('WSS305','p19'),('WSS314','p19'),('WSS316','p19'),('WSS333','p19'),('WSS335','p19'),('WSS349','p19'),('WSS366','p19'),('WSS369','p19'),('WSS371','p19'),('WSS382','p19'),('WSS383','p19'),('WSS389','p19'),('WSS399','p19'),('WSS406','p19'),('WSS415','p19'),('WSS424','p19'),('WSS430','p19'),('WSS44','p19'),('WSS455','p19'),('WSS464','p19'),('WSS471','p19'),('WSS472','p19'),('WSS478','p19'),('WSS48','p19'),('WSS481','p19'),('WSS484','p19'),('WSS487','p19'),('WSS492','p19'),('WSS499','p19'),('WSS5','p19'),('WSS504','p19'),('WSS507','p19'),('WSS508','p19'),('WSS509','p19'),('WSS515','p19'),('WSS517','p19'),('WSS52','p19'),('WSS521','p19'),('WSS526','p19'),('WSS536','p19'),('WSS544','p19'),('WSS546','p19'),('WSS563','p19'),('WSS564','p19'),('WSS567','p19'),('WSS569','p19'),('WSS585','p19'),('WSS586','p19'),('WSS587','p19'),('WSS594','p19'),('WSS598','p19'),('WSS599','p19'),('WSS600','p19'),('WSS605','p19'),('WSS615','p19'),('WSS617','p19'),('WSS62','p19'),('WSS625','p19'),('WSS626','p19'),('WSS634','p19'),('WSS642','p19'),('WSS646','p19'),('WSS649','p19'),('WSS658','p19'),('WSS66','p19'),('WSS663','p19'),('WSS669','p19'),('WSS676','p19'),('WSS677','p19'),('WSS69','p19'),('WSS694','p19'),('WSS70','p19'),('WSS700','p19'),('WSS716','p19'),('WSS733','p19'),('WSS738','p19'),('WSS741','p19'),('WSS748','p19'),('WSS760','p19'),('WSS763','p19'),('WSS764','p19'),('WSS77','p19'),('WSS78','p19'),('WSS785','p19'),('WSS79','p19'),('WSS792','p19'),('WSS795','p19'),('WSS80','p19'),('WSS91','p19'),('WSS92','p19'),('WSS121','p2'),('WSS133','p2'),('WSS149','p2'),('WSS150','p2'),('WSS156','p2'),('WSS19','p2'),('WSS193','p2'),('WSS196','p2'),('WSS203','p2'),('WSS204','p2'),('WSS207','p2'),('WSS234','p2'),('WSS246','p2'),('WSS257','p2'),('WSS265','p2'),('WSS275','p2'),('WSS278','p2'),('WSS281','p2'),('WSS282','p2'),('WSS285','p2'),('WSS29','p2'),('WSS3','p2'),('WSS307','p2'),('WSS32','p2'),('WSS332','p2'),('WSS333','p2'),('WSS339','p2'),('WSS343','p2'),('WSS368','p2'),('WSS37','p2'),('WSS382','p2'),('WSS388','p2'),('WSS393','p2'),('WSS40','p2'),('WSS404','p2'),('WSS408','p2'),('WSS412','p2'),('WSS417','p2'),('WSS418','p2'),('WSS434','p2'),('WSS440','p2'),('WSS457','p2'),('WSS46','p2'),('WSS460','p2'),('WSS47','p2'),('WSS473','p2'),('WSS495','p2'),('WSS496','p2'),('WSS501','p2'),('WSS513','p2'),('WSS528','p2'),('WSS532','p2'),('WSS548','p2'),('WSS554','p2'),('WSS556','p2'),('WSS580','p2'),('WSS582','p2'),('WSS593','p2'),('WSS597','p2'),('WSS60','p2'),('WSS601','p2'),('WSS608','p2'),('WSS612','p2'),('WSS619','p2'),('WSS625','p2'),('WSS638','p2'),('WSS639','p2'),('WSS64','p2'),('WSS644','p2'),('WSS65','p2'),('WSS664','p2'),('WSS68','p2'),('WSS697','p2'),('WSS703','p2'),('WSS714','p2'),('WSS725','p2'),('WSS728','p2'),('WSS741','p2'),('WSS745','p2'),('WSS75','p2'),('WSS753','p2'),('WSS762','p2'),('WSS776','p2'),('WSS777','p2'),('WSS780','p2'),('WSS781','p2'),('WSS95','p2'),('WSS135','p20'),('WSS140','p20'),('WSS141','p20'),('WSS155','p20'),('WSS166','p20'),('WSS186','p20'),('WSS188','p20'),('WSS195','p20'),('WSS2','p20'),('WSS212','p20'),('WSS22','p20'),('WSS23','p20'),('WSS236','p20'),('WSS240','p20'),('WSS242','p20'),('WSS247','p20'),('WSS272','p20'),('WSS276','p20'),('WSS284','p20'),('WSS291','p20'),('WSS308','p20'),('WSS312','p20'),('WSS313','p20'),('WSS325','p20'),('WSS337','p20'),('WSS345','p20'),('WSS351','p20'),('WSS358','p20'),('WSS370','p20'),('WSS374','p20'),('WSS377','p20'),('WSS388','p20'),('WSS389','p20'),('WSS41','p20'),('WSS410','p20'),('WSS418','p20'),('WSS423','p20'),('WSS424','p20'),('WSS429','p20'),('WSS43','p20'),('WSS430','p20'),('WSS433','p20'),('WSS439','p20'),('WSS440','p20'),('WSS443','p20'),('WSS450','p20'),('WSS451','p20'),('WSS462','p20'),('WSS466','p20'),('WSS468','p20'),('WSS473','p20'),('WSS481','p20'),('WSS486','p20'),('WSS492','p20'),('WSS498','p20'),('WSS499','p20'),('WSS505','p20'),('WSS511','p20'),('WSS514','p20'),('WSS517','p20'),('WSS524','p20'),('WSS529','p20'),('WSS538','p20'),('WSS550','p20'),('WSS552','p20'),('WSS557','p20'),('WSS560','p20'),('WSS566','p20'),('WSS578','p20'),('WSS58','p20'),('WSS583','p20'),('WSS584','p20'),('WSS587','p20'),('WSS596','p20'),('WSS6','p20'),('WSS626','p20'),('WSS628','p20'),('WSS631','p20'),('WSS634','p20'),('WSS635','p20'),('WSS638','p20'),('WSS64','p20'),('WSS642','p20'),('WSS66','p20'),('WSS661','p20'),('WSS666','p20'),('WSS675','p20'),('WSS683','p20'),('WSS692','p20'),('WSS695','p20'),('WSS696','p20'),('WSS70','p20'),('WSS706','p20'),('WSS712','p20'),('WSS717','p20'),('WSS724','p20'),('WSS73','p20'),('WSS736','p20'),('WSS74','p20'),('WSS740','p20'),('WSS748','p20'),('WSS758','p20'),('WSS761','p20'),('WSS777','p20'),('WSS780','p20'),('WSS790','p20'),('WSS799','p20'),('WSS98','p20'),('WSS104','p21'),('WSS112','p21'),('WSS116','p21'),('WSS120','p21'),('WSS121','p21'),('WSS14','p21'),('WSS147','p21'),('WSS159','p21'),('WSS170','p21'),('WSS174','p21'),('WSS175','p21'),('WSS184','p21'),('WSS194','p21'),('WSS206','p21'),('WSS207','p21'),('WSS227','p21'),('WSS252','p21'),('WSS255','p21'),('WSS256','p21'),('WSS259','p21'),('WSS277','p21'),('WSS283','p21'),('WSS295','p21'),('WSS297','p21'),('WSS299','p21'),('WSS3','p21'),('WSS31','p21'),('WSS311','p21'),('WSS331','p21'),('WSS340','p21'),('WSS347','p21'),('WSS348','p21'),('WSS360','p21'),('WSS379','p21'),('WSS39','p21'),('WSS394','p21'),('WSS397','p21'),('WSS403','p21'),('WSS417','p21'),('WSS42','p21'),('WSS43','p21'),('WSS436','p21'),('WSS452','p21'),('WSS457','p21'),('WSS470','p21'),('WSS471','p21'),('WSS472','p21'),('WSS476','p21'),('WSS480','p21'),('WSS481','p21'),('WSS490','p21'),('WSS493','p21'),('WSS500','p21'),('WSS501','p21'),('WSS506','p21'),('WSS529','p21'),('WSS53','p21'),('WSS535','p21'),('WSS540','p21'),('WSS544','p21'),('WSS547','p21'),('WSS551','p21'),('WSS553','p21'),('WSS554','p21'),('WSS556','p21'),('WSS565','p21'),('WSS566','p21'),('WSS568','p21'),('WSS569','p21'),('WSS570','p21'),('WSS575','p21'),('WSS577','p21'),('WSS581','p21'),('WSS592','p21'),('WSS608','p21'),('WSS610','p21'),('WSS621','p21'),('WSS623','p21'),('WSS625','p21'),('WSS636','p21'),('WSS639','p21'),('WSS641','p21'),('WSS643','p21'),('WSS648','p21'),('WSS653','p21'),('WSS660','p21'),('WSS671','p21'),('WSS675','p21'),('WSS677','p21'),('WSS683','p21'),('WSS686','p21'),('WSS689','p21'),('WSS69','p21'),('WSS691','p21'),('WSS703','p21'),('WSS706','p21'),('WSS709','p21'),('WSS712','p21'),('WSS720','p21'),('WSS732','p21'),('WSS734','p21'),('WSS745','p21'),('WSS748','p21'),('WSS749','p21'),('WSS750','p21'),('WSS758','p21'),('WSS769','p21'),('WSS770','p21'),('WSS780','p21'),('WSS781','p21'),('WSS786','p21'),('WSS789','p21'),('WSS791','p21'),('WSS80','p21'),('WSS81','p21'),('WSS83','p21'),('WSS84','p21'),('WSS85','p21'),('WSS89','p21'),('WSS10','p22'),('WSS100','p22'),('WSS105','p22'),('WSS112','p22'),('WSS113','p22'),('WSS12','p22'),('WSS131','p22'),('WSS143','p22'),('WSS147','p22'),('WSS153','p22'),('WSS163','p22'),('WSS164','p22'),('WSS17','p22'),('WSS181','p22'),('WSS183','p22'),('WSS187','p22'),('WSS216','p22'),('WSS22','p22'),('WSS223','p22'),('WSS224','p22'),('WSS230','p22'),('WSS241','p22'),('WSS243','p22'),('WSS267','p22'),('WSS268','p22'),('WSS275','p22'),('WSS278','p22'),('WSS280','p22'),('WSS287','p22'),('WSS292','p22'),('WSS293','p22'),('WSS312','p22'),('WSS322','p22'),('WSS323','p22'),('WSS330','p22'),('WSS332','p22'),('WSS349','p22'),('WSS357','p22'),('WSS369','p22'),('WSS371','p22'),('WSS373','p22'),('WSS375','p22'),('WSS377','p22'),('WSS380','p22'),('WSS386','p22'),('WSS393','p22'),('WSS400','p22'),('WSS415','p22'),('WSS423','p22'),('WSS449','p22'),('WSS454','p22'),('WSS456','p22'),('WSS459','p22'),('WSS470','p22'),('WSS477','p22'),('WSS515','p22'),('WSS516','p22'),('WSS531','p22'),('WSS536','p22'),('WSS539','p22'),('WSS542','p22'),('WSS547','p22'),('WSS549','p22'),('WSS558','p22'),('WSS57','p22'),('WSS576','p22'),('WSS578','p22'),('WSS587','p22'),('WSS59','p22'),('WSS617','p22'),('WSS630','p22'),('WSS631','p22'),('WSS643','p22'),('WSS650','p22'),('WSS651','p22'),('WSS657','p22'),('WSS670','p22'),('WSS673','p22'),('WSS680','p22'),('WSS693','p22'),('WSS725','p22'),('WSS728','p22'),('WSS743','p22'),('WSS745','p22'),('WSS756','p22'),('WSS760','p22'),('WSS777','p22'),('WSS785','p22'),('WSS790','p22'),('WSS799','p22'),('WSS82','p22'),('WSS94','p22'),('WSS96','p22'),('WSS99','p22'),('WSS133','p23'),('WSS138','p23'),('WSS139','p23'),('WSS140','p23'),('WSS147','p23'),('WSS148','p23'),('WSS150','p23'),('WSS156','p23'),('WSS169','p23'),('WSS173','p23'),('WSS181','p23'),('WSS183','p23'),('WSS199','p23'),('WSS203','p23'),('WSS210','p23'),('WSS221','p23'),('WSS227','p23'),('WSS232','p23'),('WSS238','p23'),('WSS243','p23'),('WSS25','p23'),('WSS253','p23'),('WSS263','p23'),('WSS265','p23'),('WSS270','p23'),('WSS277','p23'),('WSS278','p23'),('WSS279','p23'),('WSS284','p23'),('WSS291','p23'),('WSS304','p23'),('WSS314','p23'),('WSS33','p23'),('WSS334','p23'),('WSS337','p23'),('WSS352','p23'),('WSS360','p23'),('WSS367','p23'),('WSS368','p23'),('WSS373','p23'),('WSS375','p23'),('WSS383','p23'),('WSS385','p23'),('WSS389','p23'),('WSS393','p23'),('WSS396','p23'),('WSS400','p23'),('WSS402','p23'),('WSS438','p23'),('WSS44','p23'),('WSS442','p23'),('WSS448','p23'),('WSS452','p23'),('WSS466','p23'),('WSS469','p23'),('WSS47','p23'),('WSS474','p23'),('WSS478','p23'),('WSS497','p23'),('WSS50','p23'),('WSS503','p23'),('WSS504','p23'),('WSS507','p23'),('WSS534','p23'),('WSS552','p23'),('WSS561','p23'),('WSS585','p23'),('WSS593','p23'),('WSS60','p23'),('WSS607','p23'),('WSS61','p23'),('WSS610','p23'),('WSS613','p23'),('WSS618','p23'),('WSS664','p23'),('WSS667','p23'),('WSS668','p23'),('WSS672','p23'),('WSS673','p23'),('WSS686','p23'),('WSS688','p23'),('WSS695','p23'),('WSS700','p23'),('WSS701','p23'),('WSS704','p23'),('WSS719','p23'),('WSS720','p23'),('WSS721','p23'),('WSS726','p23'),('WSS729','p23'),('WSS737','p23'),('WSS738','p23'),('WSS748','p23'),('WSS760','p23'),('WSS765','p23'),('WSS772','p23'),('WSS792','p23'),('WSS797','p23'),('WSS798','p23'),('WSS799','p23'),('WSS92','p23'),('WSS97','p23'),('WSS102','p24'),('WSS104','p24'),('WSS108','p24'),('WSS113','p24'),('WSS123','p24'),('WSS125','p24'),('WSS126','p24'),('WSS132','p24'),('WSS144','p24'),('WSS15','p24'),('WSS160','p24'),('WSS168','p24'),('WSS171','p24'),('WSS176','p24'),('WSS179','p24'),('WSS185','p24'),('WSS189','p24'),('WSS200','p24'),('WSS21','p24'),('WSS225','p24'),('WSS233','p24'),('WSS237','p24'),('WSS242','p24'),('WSS243','p24'),('WSS245','p24'),('WSS249','p24'),('WSS260','p24'),('WSS267','p24'),('WSS272','p24'),('WSS28','p24'),('WSS280','p24'),('WSS288','p24'),('WSS289','p24'),('WSS295','p24'),('WSS3','p24'),('WSS301','p24'),('WSS316','p24'),('WSS321','p24'),('WSS327','p24'),('WSS33','p24'),('WSS334','p24'),('WSS335','p24'),('WSS341','p24'),('WSS343','p24'),('WSS344','p24'),('WSS358','p24'),('WSS360','p24'),('WSS362','p24'),('WSS372','p24'),('WSS376','p24'),('WSS381','p24'),('WSS382','p24'),('WSS392','p24'),('WSS397','p24'),('WSS401','p24'),('WSS412','p24'),('WSS423','p24'),('WSS43','p24'),('WSS431','p24'),('WSS435','p24'),('WSS444','p24'),('WSS451','p24'),('WSS455','p24'),('WSS461','p24'),('WSS465','p24'),('WSS50','p24'),('WSS502','p24'),('WSS506','p24'),('WSS511','p24'),('WSS523','p24'),('WSS525','p24'),('WSS528','p24'),('WSS53','p24'),('WSS542','p24'),('WSS549','p24'),('WSS551','p24'),('WSS565','p24'),('WSS579','p24'),('WSS582','p24'),('WSS586','p24'),('WSS587','p24'),('WSS589','p24'),('WSS592','p24'),('WSS602','p24'),('WSS603','p24'),('WSS605','p24'),('WSS62','p24'),('WSS628','p24'),('WSS639','p24'),('WSS646','p24'),('WSS647','p24'),('WSS649','p24'),('WSS65','p24'),('WSS652','p24'),('WSS661','p24'),('WSS663','p24'),('WSS67','p24'),('WSS684','p24'),('WSS688','p24'),('WSS695','p24'),('WSS699','p24'),('WSS7','p24'),('WSS709','p24'),('WSS714','p24'),('WSS715','p24'),('WSS718','p24'),('WSS740','p24'),('WSS744','p24'),('WSS750','p24'),('WSS753','p24'),('WSS759','p24'),('WSS76','p24'),('WSS789','p24'),('WSS796','p24'),('WSS800','p24'),('WSS85','p24'),('WSS96','p24'),('WSS116','p25'),('WSS126','p25'),('WSS142','p25'),('WSS146','p25'),('WSS15','p25'),('WSS164','p25'),('WSS175','p25'),('WSS182','p25'),('WSS185','p25'),('WSS199','p25'),('WSS205','p25'),('WSS218','p25'),('WSS220','p25'),('WSS227','p25'),('WSS234','p25'),('WSS236','p25'),('WSS246','p25'),('WSS257','p25'),('WSS286','p25'),('WSS290','p25'),('WSS296','p25'),('WSS297','p25'),('WSS30','p25'),('WSS312','p25'),('WSS319','p25'),('WSS32','p25'),('WSS320','p25'),('WSS328','p25'),('WSS337','p25'),('WSS35','p25'),('WSS352','p25'),('WSS356','p25'),('WSS361','p25'),('WSS366','p25'),('WSS367','p25'),('WSS372','p25'),('WSS373','p25'),('WSS378','p25'),('WSS391','p25'),('WSS396','p25'),('WSS400','p25'),('WSS409','p25'),('WSS422','p25'),('WSS425','p25'),('WSS427','p25'),('WSS428','p25'),('WSS433','p25'),('WSS438','p25'),('WSS44','p25'),('WSS442','p25'),('WSS444','p25'),('WSS447','p25'),('WSS453','p25'),('WSS471','p25'),('WSS473','p25'),('WSS480','p25'),('WSS488','p25'),('WSS508','p25'),('WSS52','p25'),('WSS522','p25'),('WSS527','p25'),('WSS537','p25'),('WSS538','p25'),('WSS545','p25'),('WSS55','p25'),('WSS555','p25'),('WSS57','p25'),('WSS578','p25'),('WSS580','p25'),('WSS584','p25'),('WSS59','p25'),('WSS592','p25'),('WSS596','p25'),('WSS63','p25'),('WSS632','p25'),('WSS645','p25'),('WSS647','p25'),('WSS655','p25'),('WSS660','p25'),('WSS688','p25'),('WSS72','p25'),('WSS729','p25'),('WSS739','p25'),('WSS742','p25'),('WSS750','p25'),('WSS772','p25'),('WSS788','p25'),('WSS798','p25'),('WSS80','p25'),('WSS800','p25'),('WSS89','p25'),('WSS90','p25'),('WSS105','p26'),('WSS109','p26'),('WSS113','p26'),('WSS12','p26'),('WSS125','p26'),('WSS126','p26'),('WSS134','p26'),('WSS142','p26'),('WSS143','p26'),('WSS157','p26'),('WSS159','p26'),('WSS161','p26'),('WSS171','p26'),('WSS184','p26'),('WSS192','p26'),('WSS194','p26'),('WSS197','p26'),('WSS201','p26'),('WSS214','p26'),('WSS224','p26'),('WSS234','p26'),('WSS245','p26'),('WSS247','p26'),('WSS248','p26'),('WSS257','p26'),('WSS259','p26'),('WSS266','p26'),('WSS27','p26'),('WSS271','p26'),('WSS273','p26'),('WSS286','p26'),('WSS289','p26'),('WSS290','p26'),('WSS292','p26'),('WSS31','p26'),('WSS317','p26'),('WSS323','p26'),('WSS331','p26'),('WSS335','p26'),('WSS343','p26'),('WSS356','p26'),('WSS362','p26'),('WSS375','p26'),('WSS376','p26'),('WSS379','p26'),('WSS381','p26'),('WSS386','p26'),('WSS4','p26'),('WSS402','p26'),('WSS407','p26'),('WSS41','p26'),('WSS411','p26'),('WSS414','p26'),('WSS418','p26'),('WSS420','p26'),('WSS427','p26'),('WSS432','p26'),('WSS45','p26'),('WSS452','p26'),('WSS459','p26'),('WSS463','p26'),('WSS48','p26'),('WSS483','p26'),('WSS491','p26'),('WSS498','p26'),('WSS501','p26'),('WSS502','p26'),('WSS512','p26'),('WSS530','p26'),('WSS553','p26'),('WSS562','p26'),('WSS563','p26'),('WSS57','p26'),('WSS601','p26'),('WSS61','p26'),('WSS612','p26'),('WSS614','p26'),('WSS616','p26'),('WSS627','p26'),('WSS631','p26'),('WSS638','p26'),('WSS64','p26'),('WSS652','p26'),('WSS654','p26'),('WSS659','p26'),('WSS66','p26'),('WSS660','p26'),('WSS665','p26'),('WSS67','p26'),('WSS672','p26'),('WSS679','p26'),('WSS685','p26'),('WSS687','p26'),('WSS701','p26'),('WSS71','p26'),('WSS710','p26'),('WSS72','p26'),('WSS73','p26'),('WSS734','p26'),('WSS737','p26'),('WSS771','p26'),('WSS774','p26'),('WSS782','p26'),('WSS783','p26'),('WSS790','p26'),('WSS793','p26'),('WSS796','p26'),('WSS800','p26'),('WSS84','p26'),('WSS9','p26'),('WSS94','p26'),('WSS110','p27'),('WSS111','p27'),('WSS112','p27'),('WSS118','p27'),('WSS128','p27'),('WSS138','p27'),('WSS162','p27'),('WSS163','p27'),('WSS176','p27'),('WSS181','p27'),('WSS187','p27'),('WSS191','p27'),('WSS194','p27'),('WSS200','p27'),('WSS201','p27'),('WSS208','p27'),('WSS213','p27'),('WSS220','p27'),('WSS232','p27'),('WSS237','p27'),('WSS238','p27'),('WSS239','p27'),('WSS24','p27'),('WSS242','p27'),('WSS257','p27'),('WSS265','p27'),('WSS272','p27'),('WSS274','p27'),('WSS276','p27'),('WSS281','p27'),('WSS29','p27'),('WSS294','p27'),('WSS304','p27'),('WSS311','p27'),('WSS316','p27'),('WSS317','p27'),('WSS32','p27'),('WSS322','p27'),('WSS326','p27'),('WSS330','p27'),('WSS332','p27'),('WSS336','p27'),('WSS359','p27'),('WSS363','p27'),('WSS368','p27'),('WSS374','p27'),('WSS375','p27'),('WSS378','p27'),('WSS38','p27'),('WSS384','p27'),('WSS390','p27'),('WSS40','p27'),('WSS415','p27'),('WSS42','p27'),('WSS422','p27'),('WSS428','p27'),('WSS440','p27'),('WSS450','p27'),('WSS456','p27'),('WSS475','p27'),('WSS476','p27'),('WSS48','p27'),('WSS481','p27'),('WSS489','p27'),('WSS492','p27'),('WSS493','p27'),('WSS495','p27'),('WSS501','p27'),('WSS509','p27'),('WSS533','p27'),('WSS542','p27'),('WSS551','p27'),('WSS554','p27'),('WSS567','p27'),('WSS57','p27'),('WSS574','p27'),('WSS576','p27'),('WSS58','p27'),('WSS589','p27'),('WSS590','p27'),('WSS593','p27'),('WSS595','p27'),('WSS604','p27'),('WSS605','p27'),('WSS617','p27'),('WSS620','p27'),('WSS630','p27'),('WSS639','p27'),('WSS650','p27'),('WSS656','p27'),('WSS658','p27'),('WSS668','p27'),('WSS679','p27'),('WSS683','p27'),('WSS694','p27'),('WSS70','p27'),('WSS706','p27'),('WSS725','p27'),('WSS734','p27'),('WSS744','p27'),('WSS757','p27'),('WSS770','p27'),('WSS78','p27'),('WSS87','p27'),('WSS89','p27'),('WSS101','p28'),('WSS11','p28'),('WSS123','p28'),('WSS127','p28'),('WSS13','p28'),('WSS146','p28'),('WSS147','p28'),('WSS151','p28'),('WSS16','p28'),('WSS160','p28'),('WSS162','p28'),('WSS178','p28'),('WSS200','p28'),('WSS206','p28'),('WSS207','p28'),('WSS26','p28'),('WSS260','p28'),('WSS266','p28'),('WSS267','p28'),('WSS271','p28'),('WSS274','p28'),('WSS275','p28'),('WSS281','p28'),('WSS302','p28'),('WSS307','p28'),('WSS318','p28'),('WSS323','p28'),('WSS327','p28'),('WSS330','p28'),('WSS332','p28'),('WSS347','p28'),('WSS35','p28'),('WSS350','p28'),('WSS354','p28'),('WSS355','p28'),('WSS360','p28'),('WSS366','p28'),('WSS376','p28'),('WSS381','p28'),('WSS386','p28'),('WSS395','p28'),('WSS396','p28'),('WSS401','p28'),('WSS406','p28'),('WSS419','p28'),('WSS421','p28'),('WSS426','p28'),('WSS435','p28'),('WSS453','p28'),('WSS456','p28'),('WSS468','p28'),('WSS483','p28'),('WSS505','p28'),('WSS517','p28'),('WSS518','p28'),('WSS53','p28'),('WSS532','p28'),('WSS540','p28'),('WSS560','p28'),('WSS564','p28'),('WSS571','p28'),('WSS572','p28'),('WSS574','p28'),('WSS575','p28'),('WSS579','p28'),('WSS597','p28'),('WSS601','p28'),('WSS609','p28'),('WSS610','p28'),('WSS624','p28'),('WSS628','p28'),('WSS63','p28'),('WSS630','p28'),('WSS632','p28'),('WSS636','p28'),('WSS649','p28'),('WSS659','p28'),('WSS66','p28'),('WSS669','p28'),('WSS678','p28'),('WSS682','p28'),('WSS685','p28'),('WSS7','p28'),('WSS705','p28'),('WSS712','p28'),('WSS729','p28'),('WSS740','p28'),('WSS75','p28'),('WSS757','p28'),('WSS763','p28'),('WSS771','p28'),('WSS772','p28'),('WSS774','p28'),('WSS81','p28'),('WSS83','p28'),('WSS84','p28'),('WSS86','p28'),('WSS88','p28'),('WSS1','p29'),('WSS106','p29'),('WSS107','p29'),('WSS108','p29'),('WSS109','p29'),('WSS121','p29'),('WSS122','p29'),('WSS126','p29'),('WSS132','p29'),('WSS144','p29'),('WSS151','p29'),('WSS170','p29'),('WSS171','p29'),('WSS195','p29'),('WSS196','p29'),('WSS198','p29'),('WSS2','p29'),('WSS204','p29'),('WSS215','p29'),('WSS222','p29'),('WSS237','p29'),('WSS241','p29'),('WSS246','p29'),('WSS248','p29'),('WSS249','p29'),('WSS250','p29'),('WSS258','p29'),('WSS277','p29'),('WSS280','p29'),('WSS284','p29'),('WSS303','p29'),('WSS311','p29'),('WSS314','p29'),('WSS318','p29'),('WSS319','p29'),('WSS320','p29'),('WSS325','p29'),('WSS328','p29'),('WSS342','p29'),('WSS355','p29'),('WSS358','p29'),('WSS37','p29'),('WSS382','p29'),('WSS384','p29'),('WSS385','p29'),('WSS39','p29'),('WSS402','p29'),('WSS409','p29'),('WSS413','p29'),('WSS42','p29'),('WSS421','p29'),('WSS425','p29'),('WSS440','p29'),('WSS445','p29'),('WSS446','p29'),('WSS453','p29'),('WSS455','p29'),('WSS458','p29'),('WSS475','p29'),('WSS489','p29'),('WSS516','p29'),('WSS525','p29'),('WSS53','p29'),('WSS537','p29'),('WSS544','p29'),('WSS567','p29'),('WSS568','p29'),('WSS571','p29'),('WSS573','p29'),('WSS581','p29'),('WSS607','p29'),('WSS611','p29'),('WSS613','p29'),('WSS615','p29'),('WSS619','p29'),('WSS622','p29'),('WSS623','p29'),('WSS634','p29'),('WSS637','p29'),('WSS644','p29'),('WSS648','p29'),('WSS658','p29'),('WSS666','p29'),('WSS669','p29'),('WSS67','p29'),('WSS671','p29'),('WSS672','p29'),('WSS678','p29'),('WSS680','p29'),('WSS682','p29'),('WSS693','p29'),('WSS698','p29'),('WSS701','p29'),('WSS703','p29'),('WSS713','p29'),('WSS714','p29'),('WSS715','p29'),('WSS728','p29'),('WSS74','p29'),('WSS75','p29'),('WSS751','p29'),('WSS756','p29'),('WSS761','p29'),('WSS767','p29'),('WSS769','p29'),('WSS775','p29'),('WSS778','p29'),('WSS791','p29'),('WSS798','p29'),('WSS87','p29'),('WSS89','p29'),('WSS93','p29'),('WSS94','p29'),('WSS145','p3'),('WSS149','p3'),('WSS15','p3'),('WSS154','p3'),('WSS160','p3'),('WSS179','p3'),('WSS188','p3'),('WSS201','p3'),('WSS203','p3'),('WSS211','p3'),('WSS218','p3'),('WSS247','p3'),('WSS25','p3'),('WSS255','p3'),('WSS256','p3'),('WSS259','p3'),('WSS261','p3'),('WSS263','p3'),('WSS279','p3'),('WSS284','p3'),('WSS294','p3'),('WSS296','p3'),('WSS308','p3'),('WSS311','p3'),('WSS328','p3'),('WSS340','p3'),('WSS352','p3'),('WSS389','p3'),('WSS39','p3'),('WSS397','p3'),('WSS398','p3'),('WSS4','p3'),('WSS406','p3'),('WSS407','p3'),('WSS415','p3'),('WSS420','p3'),('WSS426','p3'),('WSS432','p3'),('WSS434','p3'),('WSS443','p3'),('WSS444','p3'),('WSS446','p3'),('WSS447','p3'),('WSS458','p3'),('WSS474','p3'),('WSS475','p3'),('WSS482','p3'),('WSS483','p3'),('WSS485','p3'),('WSS486','p3'),('WSS488','p3'),('WSS495','p3'),('WSS500','p3'),('WSS510','p3'),('WSS516','p3'),('WSS537','p3'),('WSS546','p3'),('WSS559','p3'),('WSS56','p3'),('WSS560','p3'),('WSS574','p3'),('WSS58','p3'),('WSS582','p3'),('WSS584','p3'),('WSS608','p3'),('WSS631','p3'),('WSS65','p3'),('WSS675','p3'),('WSS680','p3'),('WSS687','p3'),('WSS688','p3'),('WSS689','p3'),('WSS690','p3'),('WSS697','p3'),('WSS699','p3'),('WSS712','p3'),('WSS749','p3'),('WSS753','p3'),('WSS755','p3'),('WSS758','p3'),('WSS773','p3'),('WSS776','p3'),('WSS783','p3'),('WSS786','p3'),('WSS88','p3'),('WSS103','p30'),('WSS107','p30'),('WSS11','p30'),('WSS124','p30'),('WSS128','p30'),('WSS13','p30'),('WSS146','p30'),('WSS148','p30'),('WSS157','p30'),('WSS159','p30'),('WSS162','p30'),('WSS165','p30'),('WSS168','p30'),('WSS170','p30'),('WSS173','p30'),('WSS174','p30'),('WSS208','p30'),('WSS213','p30'),('WSS221','p30'),('WSS226','p30'),('WSS229','p30'),('WSS23','p30'),('WSS232','p30'),('WSS239','p30'),('WSS246','p30'),('WSS261','p30'),('WSS264','p30'),('WSS285','p30'),('WSS306','p30'),('WSS310','p30'),('WSS316','p30'),('WSS320','p30'),('WSS324','p30'),('WSS350','p30'),('WSS36','p30'),('WSS362','p30'),('WSS364','p30'),('WSS369','p30'),('WSS372','p30'),('WSS398','p30'),('WSS399','p30'),('WSS4','p30'),('WSS410','p30'),('WSS419','p30'),('WSS420','p30'),('WSS421','p30'),('WSS427','p30'),('WSS454','p30'),('WSS46','p30'),('WSS460','p30'),('WSS465','p30'),('WSS469','p30'),('WSS493','p30'),('WSS497','p30'),('WSS498','p30'),('WSS5','p30'),('WSS50','p30'),('WSS505','p30'),('WSS508','p30'),('WSS512','p30'),('WSS514','p30'),('WSS520','p30'),('WSS521','p30'),('WSS522','p30'),('WSS527','p30'),('WSS532','p30'),('WSS535','p30'),('WSS54','p30'),('WSS542','p30'),('WSS56','p30'),('WSS58','p30'),('WSS59','p30'),('WSS590','p30'),('WSS591','p30'),('WSS592','p30'),('WSS597','p30'),('WSS606','p30'),('WSS610','p30'),('WSS611','p30'),('WSS614','p30'),('WSS624','p30'),('WSS629','p30'),('WSS640','p30'),('WSS661','p30'),('WSS664','p30'),('WSS669','p30'),('WSS670','p30'),('WSS681','p30'),('WSS691','p30'),('WSS692','p30'),('WSS696','p30'),('WSS697','p30'),('WSS698','p30'),('WSS7','p30'),('WSS700','p30'),('WSS710','p30'),('WSS729','p30'),('WSS736','p30'),('WSS744','p30'),('WSS752','p30'),('WSS756','p30'),('WSS763','p30'),('WSS779','p30'),('WSS784','p30'),('WSS789','p30'),('WSS8','p30'),('WSS86','p30'),('WSS91','p30'),('WSS97','p30'),('WSS1','p4'),('WSS101','p4'),('WSS118','p4'),('WSS129','p4'),('WSS136','p4'),('WSS151','p4'),('WSS160','p4'),('WSS163','p4'),('WSS164','p4'),('WSS167','p4'),('WSS169','p4'),('WSS18','p4'),('WSS193','p4'),('WSS199','p4'),('WSS217','p4'),('WSS223','p4'),('WSS234','p4'),('WSS24','p4'),('WSS247','p4'),('WSS269','p4'),('WSS273','p4'),('WSS276','p4'),('WSS298','p4'),('WSS305','p4'),('WSS319','p4'),('WSS33','p4'),('WSS331','p4'),('WSS345','p4'),('WSS365','p4'),('WSS369','p4'),('WSS4','p4'),('WSS404','p4'),('WSS405','p4'),('WSS407','p4'),('WSS408','p4'),('WSS41','p4'),('WSS424','p4'),('WSS431','p4'),('WSS452','p4'),('WSS459','p4'),('WSS472','p4'),('WSS476','p4'),('WSS479','p4'),('WSS482','p4'),('WSS485','p4'),('WSS487','p4'),('WSS49','p4'),('WSS491','p4'),('WSS503','p4'),('WSS527','p4'),('WSS529','p4'),('WSS531','p4'),('WSS535','p4'),('WSS537','p4'),('WSS539','p4'),('WSS540','p4'),('WSS545','p4'),('WSS546','p4'),('WSS553','p4'),('WSS557','p4'),('WSS560','p4'),('WSS573','p4'),('WSS575','p4'),('WSS576','p4'),('WSS604','p4'),('WSS607','p4'),('WSS611','p4'),('WSS616','p4'),('WSS618','p4'),('WSS633','p4'),('WSS635','p4'),('WSS644','p4'),('WSS647','p4'),('WSS662','p4'),('WSS666','p4'),('WSS673','p4'),('WSS678','p4'),('WSS68','p4'),('WSS694','p4'),('WSS704','p4'),('WSS715','p4'),('WSS724','p4'),('WSS759','p4'),('WSS760','p4'),('WSS762','p4'),('WSS768','p4'),('WSS771','p4'),('WSS773','p4'),('WSS785','p4'),('WSS791','p4'),('WSS795','p4'),('WSS797','p4'),('WSS100','p5'),('WSS104','p5'),('WSS111','p5'),('WSS114','p5'),('WSS130','p5'),('WSS131','p5'),('WSS136','p5'),('WSS137','p5'),('WSS166','p5'),('WSS174','p5'),('WSS187','p5'),('WSS19','p5'),('WSS208','p5'),('WSS209','p5'),('WSS210','p5'),('WSS214','p5'),('WSS227','p5'),('WSS235','p5'),('WSS236','p5'),('WSS258','p5'),('WSS261','p5'),('WSS262','p5'),('WSS274','p5'),('WSS292','p5'),('WSS294','p5'),('WSS31','p5'),('WSS310','p5'),('WSS315','p5'),('WSS327','p5'),('WSS329','p5'),('WSS334','p5'),('WSS339','p5'),('WSS34','p5'),('WSS347','p5'),('WSS364','p5'),('WSS366','p5'),('WSS378','p5'),('WSS384','p5'),('WSS392','p5'),('WSS405','p5'),('WSS41','p5'),('WSS412','p5'),('WSS429','p5'),('WSS434','p5'),('WSS436','p5'),('WSS45','p5'),('WSS46','p5'),('WSS490','p5'),('WSS495','p5'),('WSS499','p5'),('WSS502','p5'),('WSS506','p5'),('WSS509','p5'),('WSS512','p5'),('WSS519','p5'),('WSS522','p5'),('WSS530','p5'),('WSS531','p5'),('WSS548','p5'),('WSS557','p5'),('WSS558','p5'),('WSS574','p5'),('WSS580','p5'),('WSS600','p5'),('WSS606','p5'),('WSS61','p5'),('WSS628','p5'),('WSS643','p5'),('WSS644','p5'),('WSS645','p5'),('WSS654','p5'),('WSS655','p5'),('WSS662','p5'),('WSS665','p5'),('WSS676','p5'),('WSS679','p5'),('WSS692','p5'),('WSS694','p5'),('WSS699','p5'),('WSS7','p5'),('WSS701','p5'),('WSS702','p5'),('WSS709','p5'),('WSS710','p5'),('WSS713','p5'),('WSS715','p5'),('WSS717','p5'),('WSS727','p5'),('WSS730','p5'),('WSS736','p5'),('WSS753','p5'),('WSS754','p5'),('WSS759','p5'),('WSS76','p5'),('WSS768','p5'),('WSS769','p5'),('WSS78','p5'),('WSS796','p5'),('WSS10','p6'),('WSS109','p6'),('WSS114','p6'),('WSS119','p6'),('WSS133','p6'),('WSS15','p6'),('WSS165','p6'),('WSS168','p6'),('WSS17','p6'),('WSS175','p6'),('WSS177','p6'),('WSS185','p6'),('WSS189','p6'),('WSS19','p6'),('WSS197','p6'),('WSS202','p6'),('WSS209','p6'),('WSS21','p6'),('WSS212','p6'),('WSS213','p6'),('WSS214','p6'),('WSS235','p6'),('WSS238','p6'),('WSS240','p6'),('WSS244','p6'),('WSS248','p6'),('WSS250','p6'),('WSS252','p6'),('WSS256','p6'),('WSS260','p6'),('WSS266','p6'),('WSS267','p6'),('WSS27','p6'),('WSS270','p6'),('WSS276','p6'),('WSS282','p6'),('WSS285','p6'),('WSS287','p6'),('WSS296','p6'),('WSS32','p6'),('WSS326','p6'),('WSS34','p6'),('WSS342','p6'),('WSS344','p6'),('WSS353','p6'),('WSS36','p6'),('WSS364','p6'),('WSS368','p6'),('WSS38','p6'),('WSS395','p6'),('WSS403','p6'),('WSS419','p6'),('WSS420','p6'),('WSS441','p6'),('WSS443','p6'),('WSS444','p6'),('WSS456','p6'),('WSS460','p6'),('WSS461','p6'),('WSS462','p6'),('WSS47','p6'),('WSS477','p6'),('WSS479','p6'),('WSS489','p6'),('WSS491','p6'),('WSS514','p6'),('WSS517','p6'),('WSS518','p6'),('WSS520','p6'),('WSS526','p6'),('WSS528','p6'),('WSS530','p6'),('WSS556','p6'),('WSS562','p6'),('WSS564','p6'),('WSS577','p6'),('WSS59','p6'),('WSS595','p6'),('WSS598','p6'),('WSS6','p6'),('WSS606','p6'),('WSS611','p6'),('WSS619','p6'),('WSS621','p6'),('WSS623','p6'),('WSS632','p6'),('WSS637','p6'),('WSS641','p6'),('WSS642','p6'),('WSS654','p6'),('WSS657','p6'),('WSS667','p6'),('WSS676','p6'),('WSS68','p6'),('WSS691','p6'),('WSS703','p6'),('WSS704','p6'),('WSS705','p6'),('WSS711','p6'),('WSS713','p6'),('WSS725','p6'),('WSS731','p6'),('WSS732','p6'),('WSS735','p6'),('WSS739','p6'),('WSS750','p6'),('WSS754','p6'),('WSS757','p6'),('WSS77','p6'),('WSS774','p6'),('WSS785','p6'),('WSS787','p6'),('WSS79','p6'),('WSS792','p6'),('WSS796','p6'),('WSS797','p6'),('WSS798','p6'),('WSS8','p6'),('WSS99','p6'),('WSS102','p7'),('WSS103','p7'),('WSS106','p7'),('WSS111','p7'),('WSS116','p7'),('WSS117','p7'),('WSS12','p7'),('WSS13','p7'),('WSS148','p7'),('WSS150','p7'),('WSS152','p7'),('WSS164','p7'),('WSS172','p7'),('WSS176','p7'),('WSS18','p7'),('WSS198','p7'),('WSS199','p7'),('WSS206','p7'),('WSS209','p7'),('WSS217','p7'),('WSS221','p7'),('WSS223','p7'),('WSS226','p7'),('WSS237','p7'),('WSS240','p7'),('WSS249','p7'),('WSS254','p7'),('WSS258','p7'),('WSS264','p7'),('WSS269','p7'),('WSS27','p7'),('WSS270','p7'),('WSS280','p7'),('WSS300','p7'),('WSS303','p7'),('WSS313','p7'),('WSS322','p7'),('WSS336','p7'),('WSS339','p7'),('WSS354','p7'),('WSS36','p7'),('WSS363','p7'),('WSS370','p7'),('WSS379','p7'),('WSS38','p7'),('WSS383','p7'),('WSS386','p7'),('WSS387','p7'),('WSS392','p7'),('WSS409','p7'),('WSS436','p7'),('WSS441','p7'),('WSS448','p7'),('WSS451','p7'),('WSS457','p7'),('WSS463','p7'),('WSS468','p7'),('WSS469','p7'),('WSS478','p7'),('WSS510','p7'),('WSS519','p7'),('WSS524','p7'),('WSS547','p7'),('WSS550','p7'),('WSS551','p7'),('WSS564','p7'),('WSS566','p7'),('WSS598','p7'),('WSS602','p7'),('WSS616','p7'),('WSS622','p7'),('WSS629','p7'),('WSS636','p7'),('WSS640','p7'),('WSS656','p7'),('WSS671','p7'),('WSS685','p7'),('WSS691','p7'),('WSS692','p7'),('WSS699','p7'),('WSS711','p7'),('WSS723','p7'),('WSS733','p7'),('WSS747','p7'),('WSS755','p7'),('WSS757','p7'),('WSS758','p7'),('WSS762','p7'),('WSS766','p7'),('WSS771','p7'),('WSS774','p7'),('WSS782','p7'),('WSS8','p7'),('WSS81','p7'),('WSS82','p7'),('WSS9','p7'),('WSS90','p7'),('WSS93','p7'),('WSS107','p8'),('WSS11','p8'),('WSS114','p8'),('WSS122','p8'),('WSS125','p8'),('WSS13','p8'),('WSS130','p8'),('WSS134','p8'),('WSS145','p8'),('WSS153','p8'),('WSS156','p8'),('WSS157','p8'),('WSS16','p8'),('WSS187','p8'),('WSS193','p8'),('WSS203','p8'),('WSS206','p8'),('WSS21','p8'),('WSS215','p8'),('WSS219','p8'),('WSS225','p8'),('WSS229','p8'),('WSS241','p8'),('WSS251','p8'),('WSS255','p8'),('WSS262','p8'),('WSS263','p8'),('WSS278','p8'),('WSS285','p8'),('WSS290','p8'),('WSS294','p8'),('WSS300','p8'),('WSS301','p8'),('WSS309','p8'),('WSS315','p8'),('WSS324','p8'),('WSS335','p8'),('WSS336','p8'),('WSS346','p8'),('WSS359','p8'),('WSS365','p8'),('WSS399','p8'),('WSS403','p8'),('WSS411','p8'),('WSS423','p8'),('WSS428','p8'),('WSS433','p8'),('WSS434','p8'),('WSS439','p8'),('WSS441','p8'),('WSS445','p8'),('WSS446','p8'),('WSS448','p8'),('WSS463','p8'),('WSS470','p8'),('WSS479','p8'),('WSS484','p8'),('WSS49','p8'),('WSS490','p8'),('WSS492','p8'),('WSS500','p8'),('WSS509','p8'),('WSS51','p8'),('WSS510','p8'),('WSS513','p8'),('WSS521','p8'),('WSS549','p8'),('WSS55','p8'),('WSS550','p8'),('WSS553','p8'),('WSS555','p8'),('WSS556','p8'),('WSS561','p8'),('WSS562','p8'),('WSS563','p8'),('WSS570','p8'),('WSS572','p8'),('WSS576','p8'),('WSS584','p8'),('WSS588','p8'),('WSS589','p8'),('WSS593','p8'),('WSS594','p8'),('WSS603','p8'),('WSS606','p8'),('WSS620','p8'),('WSS63','p8'),('WSS632','p8'),('WSS638','p8'),('WSS64','p8'),('WSS643','p8'),('WSS657','p8'),('WSS663','p8'),('WSS670','p8'),('WSS674','p8'),('WSS681','p8'),('WSS696','p8'),('WSS706','p8'),('WSS710','p8'),('WSS719','p8'),('WSS72','p8'),('WSS720','p8'),('WSS722','p8'),('WSS737','p8'),('WSS741','p8'),('WSS746','p8'),('WSS75','p8'),('WSS755','p8'),('WSS763','p8'),('WSS773','p8'),('WSS778','p8'),('WSS782','p8'),('WSS784','p8'),('WSS786','p8'),('WSS787','p8'),('WSS793','p8'),('WSS794','p8'),('WSS85','p8'),('WSS91','p8'),('WSS92','p8'),('WSS1','p9'),('WSS105','p9'),('WSS117','p9'),('WSS130','p9'),('WSS135','p9'),('WSS136','p9'),('WSS137','p9'),('WSS143','p9'),('WSS153','p9'),('WSS167','p9'),('WSS172','p9'),('WSS179','p9'),('WSS186','p9'),('WSS19','p9'),('WSS193','p9'),('WSS197','p9'),('WSS209','p9'),('WSS212','p9'),('WSS213','p9'),('WSS215','p9'),('WSS216','p9'),('WSS217','p9'),('WSS219','p9'),('WSS223','p9'),('WSS228','p9'),('WSS229','p9'),('WSS231','p9'),('WSS233','p9'),('WSS239','p9'),('WSS24','p9'),('WSS240','p9'),('WSS271','p9'),('WSS289','p9'),('WSS295','p9'),('WSS304','p9'),('WSS312','p9'),('WSS314','p9'),('WSS318','p9'),('WSS324','p9'),('WSS331','p9'),('WSS344','p9'),('WSS35','p9'),('WSS353','p9'),('WSS37','p9'),('WSS38','p9'),('WSS400','p9'),('WSS405','p9'),('WSS42','p9'),('WSS422','p9'),('WSS436','p9'),('WSS472','p9'),('WSS489','p9'),('WSS493','p9'),('WSS496','p9'),('WSS5','p9'),('WSS51','p9'),('WSS515','p9'),('WSS519','p9'),('WSS52','p9'),('WSS531','p9'),('WSS536','p9'),('WSS54','p9'),('WSS541','p9'),('WSS555','p9'),('WSS579','p9'),('WSS586','p9'),('WSS595','p9'),('WSS6','p9'),('WSS604','p9'),('WSS618','p9'),('WSS624','p9'),('WSS642','p9'),('WSS647','p9'),('WSS651','p9'),('WSS653','p9'),('WSS658','p9'),('WSS671','p9'),('WSS684','p9'),('WSS686','p9'),('WSS687','p9'),('WSS702','p9'),('WSS707','p9'),('WSS708','p9'),('WSS721','p9'),('WSS738','p9'),('WSS739','p9'),('WSS743','p9'),('WSS76','p9'),('WSS765','p9'),('WSS768','p9'),('WSS770','p9'),('WSS773','p9'),('WSS775','p9'),('WSS777','p9'),('WSS780','p9'),('WSS786','p9'),('WSS79','p9'),('WSS791','p9'),('WSS792','p9'),('WSS83','p9');
/*!40000 ALTER TABLE `outputparameter` ENABLE KEYS */;
UNLOCK TABLES;

--
-- Table structure for table `parameterhierarchy`
--

DROP TABLE IF EXISTS `parameterhierarchy`;
/*!40101 SET @saved_cs_client     = @@character_set_client */;
/*!50503 SET character_set_client = utf8mb4 */;
CREATE TABLE `parameterhierarchy` (
  `parentParameterID` varchar(10) NOT NULL,
  `childParameterID` varchar(10) NOT NULL,
  PRIMARY KEY (`parentParameterID`,`childParameterID`)
) ENGINE=InnoDB DEFAULT CHARSET=latin1;
/*!40101 SET character_set_client = @saved_cs_client */;

--
-- Dumping data for table `parameterhierarchy`
--

LOCK TABLES `parameterhierarchy` WRITE;
/*!40000 ALTER TABLE `parameterhierarchy` DISABLE KEYS */;
/*!40000 ALTER TABLE `parameterhierarchy` ENABLE KEYS */;
UNLOCK TABLES;

--
-- Table structure for table `parameterlist`
--

DROP TABLE IF EXISTS `parameterlist`;
/*!40101 SET @saved_cs_client     = @@character_set_client */;
/*!50503 SET character_set_client = utf8mb4 */;
CREATE TABLE `parameterlist` (
  `parameterID` varchar(10) NOT NULL,
  `parameterName` varchar(100) DEFAULT NULL,
  PRIMARY KEY (`parameterID`)
) ENGINE=InnoDB DEFAULT CHARSET=latin1;
/*!40101 SET character_set_client = @saved_cs_client */;

--
-- Dumping data for table `parameterlist`
--

LOCK TABLES `parameterlist` WRITE;
/*!40000 ALTER TABLE `parameterlist` DISABLE KEYS */;
INSERT INTO `parameterlist` VALUES ('p1','p1name'),('p10','p10name'),('p11','p11name'),('p12','p12name'),('p13','p13name'),('p14','p14name'),('p15','p15name'),('p16','p16name'),('p17','p17name'),('p18','p18name'),('p19','p19name'),('p2','p2name'),('p20','p20name'),('p21','p21name'),('p22','p22name'),('p23','p23name'),('p24','p24name'),('p25','p25name'),('p26','p26name'),('p27','p27name'),('p28','p28name'),('p29','p29name'),('p3','p3name'),('p30','p30name'),('p4','p4name'),('p5','p5name'),('p6','p6name'),('p7','p7name'),('p8','p8name'),('p9','p9name');
/*!40000 ALTER TABLE `parameterlist` ENABLE KEYS */;
UNLOCK TABLES;

--
-- Table structure for table `result`
--

DROP TABLE IF EXISTS `result`;
/*!40101 SET @saved_cs_client     = @@character_set_client */;
/*!50503 SET character_set_client = utf8mb4 */;
CREATE TABLE `result` (
  `transactionID` bigint NOT NULL,
  `stage` int NOT NULL,
  `webServiceID` varchar(10) NOT NULL,
  PRIMARY KEY (`transactionID`,`stage`,`webServiceID`)
) ENGINE=InnoDB DEFAULT CHARSET=latin1;
/*!40101 SET character_set_client = @saved_cs_client */;

--
-- Dumping data for table `result`
--

LOCK TABLES `result` WRITE;
/*!40000 ALTER TABLE `result` DISABLE KEYS */;
INSERT INTO `result` VALUES (1,1,'WSS229'),(1,2,'WSS543'),(2,1,'WSS264'),(2,1,'WSS293'),(3,1,'WSS273'),(3,1,'WSS280'),(4,1,'WSS271'),(4,2,'WSS293'),(5,1,'WSS237'),(5,2,'WSS409'),(6,1,'WSS409'),(6,2,'WSS282'),(7,1,'WSS42'),(7,2,'WSS401'),(8,1,'WSS81'),(8,2,'WSS412'),(9,1,'WSS403'),(9,2,'WSS74'),(10,1,'WSS409'),(10,2,'WSS402'),(11,1,'WSS415'),(11,2,'WSS299'),(12,1,'WSS216'),(12,1,'WSS225'),(13,1,'WSS86'),(13,2,'WSS284'),(14,1,'WSS571'),(14,2,'WSS99'),(15,1,'WSS88'),(15,2,'WSS92'),(16,1,'WSS75'),(16,2,'WSS238'),(17,1,'WSS55'),(17,2,'WSS77'),(18,1,'WSS595'),(18,2,'WSS88'),(19,1,'WSS290'),(19,1,'WSS415'),(20,1,'WSS563'),(20,2,'WSS290'),(21,1,'WSS201'),(21,2,'WSS95'),(22,1,'WSS51'),(22,2,'WSS585'),(23,1,'WSS23'),(23,2,'WSS249'),(24,1,'WSS272'),(24,2,'WSS592'),(25,1,'WSS245'),(25,2,'WSS299'),(26,1,'WSS251'),(26,2,'WSS265'),(27,1,'WSS285'),(27,2,'WSS411'),(28,1,'WSS562'),(28,2,'WSS282'),(29,1,'WSS590'),(29,2,'WSS69'),(30,1,'WSS259'),(30,2,'WSS273'),(1031,1,'ICP006'),(1031,1,'ICP110'),(1031,1,'ICP311'),(1031,2,'ICP500'),(1035,1,'ICP386'),(1035,2,'ICP466'),(1133,1,'ICP103'),(1133,2,'ICP341'),(1133,3,'ICP395'),(1136,1,'ICP110'),(1136,2,'ICP710'),(1141,1,'ICP311'),(1141,2,'ICP422'),(1288,1,'ICP001'),(1288,2,'ICP110'),(1291,1,'ICP110'),(1291,2,'ICP720'),(1293,1,'ICP110'),(1293,1,'ICP311'),(1293,2,'ICP500'),(1296,1,'ICP006'),(1296,1,'ICP103'),(1296,1,'ICP110'),(1296,1,'ICP311'),(1296,1,'ICP313'),(1296,2,'ICP341'),(1296,2,'ICP500'),(1296,3,'ICP395'),(1325,1,'ICP110'),(1325,2,'ICP680'),(1355,1,'ICP110'),(1355,2,'ICP469'),(1406,1,'ICP110'),(1435,1,'ICP006'),(1435,1,'ICP110'),(1435,1,'ICP311'),(1435,2,'ICP500'),(1509,1,'ICP001'),(1509,1,'ICP006'),(1509,2,'ICP002'),(1509,2,'ICP110'),(1509,3,'ICP311'),(1509,4,'ICP500'),(1572,1,'ICP103'),(1572,1,'ICP110'),(1572,1,'ICP386'),(1572,2,'ICP341'),(1572,2,'ICP395'),(1572,2,'ICP466'),(1572,2,'ICP620'),(1572,2,'ICP720'),(1572,3,'ICP445'),(1583,1,'ICP386'),(1583,2,'ICP466'),(1607,1,'ICP301'),(1607,1,'ICP341'),(1607,1,'ICP386'),(1607,2,'ICP481'),(1620,1,'ICP006'),(1620,1,'ICP110'),(1620,1,'ICP311'),(1620,2,'ICP500'),(1646,1,'ICP006'),(1646,1,'ICP110'),(1646,1,'ICP311'),(1646,2,'ICP469'),(1646,2,'ICP500'),(1733,1,'ICP311'),(1733,2,'ICP422'),(1797,1,'ICP386'),(1797,2,'ICP466'),(1851,1,'ICP003'),(1851,1,'ICP311'),(1851,2,'ICP313'),(1851,3,'ICP486'),(1981,1,'ICP110'),(1981,1,'ICP311'),(1981,2,'ICP500'),(2015,1,'ICP006'),(2015,1,'ICP110'),(2015,1,'ICP311'),(2015,2,'ICP500'),(2026,1,'ICP386'),(2026,2,'ICP466'),(2114,1,'ICP341'),(2114,2,'ICP395'),(2114,3,'ICP445'),(2280,1,'ICP103'),(2280,1,'ICP386'),(2280,2,'ICP341'),(2280,2,'ICP395'),(2280,2,'ICP466'),(2280,3,'ICP495'),(2317,1,'ICP313'),(2317,1,'ICP341'),(2317,1,'ICP680'),(2317,2,'ICP395'),(2317,3,'ICP445'),(2474,1,'ICP003'),(2474,1,'ICP311'),(2474,2,'ICP313'),(2474,3,'ICP486'),(2565,1,'ICP313'),(2565,1,'ICP341'),(2565,2,'ICP395'),(2565,3,'ICP445'),(2598,1,'ICP006'),(2598,1,'ICP110'),(2598,1,'ICP311'),(2598,1,'ICP313'),(2598,1,'ICP331'),(2598,2,'ICP500'),(2610,1,'ICP003'),(2610,1,'ICP311'),(2610,2,'ICP313'),(2610,3,'ICP486'),(2659,1,'ICP006'),(2659,1,'ICP110'),(2659,1,'ICP311'),(2659,2,'ICP469'),(2659,2,'ICP500'),(2675,1,'ICP386'),(2675,2,'ICP466'),(2711,1,'ICP103'),(2711,1,'ICP386'),(2711,2,'ICP341'),(2711,3,'ICP481'),(2779,1,'ICP003'),(2779,1,'ICP311'),(2779,2,'ICP313'),(2779,3,'ICP486'),(2985,1,'ICP103'),(3021,1,'ICP006'),(3021,1,'ICP110'),(3021,1,'ICP302'),(3021,2,'ICP500'),(3075,1,'ICP006'),(3075,1,'ICP110'),(3075,1,'ICP311'),(3075,2,'ICP500'),(3226,1,'ICP110'),(3226,2,'ICP818'),(3286,1,'ICP006'),(3286,1,'ICP110'),(3286,1,'ICP311'),(3286,2,'ICP500'),(3357,1,'ICP006'),(3357,1,'ICP110'),(3357,1,'ICP311'),(3357,2,'ICP500'),(3667,1,'ICP103'),(3667,1,'ICP301'),(3667,1,'ICP386'),(3667,2,'ICP341'),(3667,3,'ICP481'),(3668,1,'ICP103'),(3668,1,'ICP301'),(3668,1,'ICP386'),(3668,2,'ICP341'),(3668,3,'ICP481'),(3705,1,'ICP103'),(3705,1,'ICP301'),(3705,1,'ICP386'),(3705,2,'ICP341'),(3705,3,'ICP481'),(3718,1,'ICP001'),(3718,2,'ICP002'),(3718,2,'ICP110'),(3718,3,'ICP311'),(3718,4,'ICP819'),(3877,1,'ICP386'),(3948,1,'ICP006'),(3948,1,'ICP110'),(3948,1,'ICP311'),(3948,2,'ICP500'),(3969,1,'ICP301'),(3969,1,'ICP341'),(3969,1,'ICP386'),(3969,2,'ICP481'),(3971,1,'ICP386'),(3971,2,'ICP466'),(4112,1,'ICP006'),(4112,1,'ICP110'),(4112,1,'ICP311'),(4112,2,'ICP469'),(4112,2,'ICP500'),(4178,1,'ICP002'),(4178,1,'ICP110'),(4178,2,'ICP311'),(4178,3,'ICP819'),(4281,1,'ICP110'),(4281,2,'ICP469'),(4296,1,'ICP006'),(4296,1,'ICP110'),(4296,1,'ICP311'),(4296,2,'ICP469'),(4296,2,'ICP500'),(4375,1,'ICP003'),(4375,1,'ICP311'),(4375,2,'ICP313'),(4375,3,'ICP486'),(4589,1,'ICP006'),(4589,1,'ICP110'),(4589,1,'ICP311'),(4589,2,'ICP469'),(4589,2,'ICP500'),(4607,1,'ICP006'),(4607,1,'ICP110'),(4607,1,'ICP302'),(4607,2,'ICP500'),(4747,1,'ICP311'),(4747,1,'ICP313'),(4747,2,'ICP486'),(4775,1,'ICP110'),(4775,2,'ICP500'),(4934,1,'ICP103'),(4934,2,'ICP341'),(4978,1,'ICP103'),(4980,1,'ICP006'),(4980,1,'ICP110'),(4980,1,'ICP311'),(4980,2,'ICP469'),(4980,2,'ICP500'),(4980,2,'ICP720'),(4980,3,'ICP740'),(5049,1,'ICP006'),(5049,1,'ICP110'),(5049,1,'ICP311'),(5049,2,'ICP500'),(5417,1,'ICP301'),(5417,1,'ICP341'),(5417,1,'ICP386'),(5417,2,'ICP481'),(5448,1,'ICP386'),(5448,2,'ICP466'),(5450,1,'ICP103'),(5450,1,'ICP110'),(5450,1,'ICP386'),(5450,1,'ICP817'),(5450,2,'ICP341'),(5450,2,'ICP395'),(5450,2,'ICP466'),(5450,2,'ICP620'),(5450,2,'ICP720'),(5450,3,'ICP445'),(5450,3,'ICP815'),(5461,1,'ICP002'),(5461,1,'ICP006'),(5461,1,'ICP110'),(5461,1,'ICP302'),(5461,2,'ICP500'),(5461,2,'ICP720'),(5461,3,'ICP740'),(5472,1,'ICP110'),(5472,2,'ICP818'),(5497,1,'ICP103'),(5497,2,'ICP341'),(5569,1,'ICP386'),(5569,2,'ICP466'),(5571,1,'ICP103'),(5571,2,'ICP810'),(5757,1,'ICP386'),(5757,2,'ICP466'),(5779,1,'ICP006'),(5779,1,'ICP110'),(5779,1,'ICP302'),(5779,2,'ICP500'),(5814,1,'ICP006'),(5814,1,'ICP110'),(5814,1,'ICP311'),(5814,2,'ICP500'),(5897,1,'ICP110'),(5897,2,'ICP710'),(5966,1,'ICP103'),(5966,1,'ICP301'),(5966,1,'ICP386'),(5966,2,'ICP341'),(5966,3,'ICP481'),(6032,1,'ICP386'),(6032,2,'ICP466'),(6279,1,'ICP006'),(6279,1,'ICP110'),(6279,1,'ICP311'),(6279,2,'ICP469'),(6279,2,'ICP500'),(6294,1,'ICP006'),(6294,1,'ICP110'),(6294,1,'ICP311'),(6294,2,'ICP500'),(6325,1,'ICP002'),(6325,2,'ICP003'),(6363,1,'ICP006'),(6363,1,'ICP110'),(6363,1,'ICP311'),(6363,2,'ICP469'),(6363,2,'ICP500'),(6437,1,'ICP103'),(6437,1,'ICP301'),(6437,1,'ICP386'),(6437,2,'ICP341'),(6437,3,'ICP481'),(6533,1,'ICP006'),(6533,1,'ICP110'),(6533,1,'ICP311'),(6533,2,'ICP469'),(6533,2,'ICP500'),(6574,1,'ICP002'),(6574,1,'ICP110'),(6574,2,'ICP311'),(6574,3,'ICP819'),(6604,1,'ICP103'),(6604,1,'ICP386'),(6604,2,'ICP341'),(6604,3,'ICP481'),(6679,1,'ICP003'),(6679,1,'ICP311'),(6679,2,'ICP313'),(6679,3,'ICP486'),(6692,1,'ICP103'),(6692,1,'ICP386'),(6692,1,'ICP465'),(6692,2,'ICP341'),(6692,3,'ICP481'),(6874,1,'ICP467'),(6898,1,'ICP103'),(6898,1,'ICP386'),(6898,2,'ICP341'),(6898,3,'ICP481'),(6922,1,'ICP313'),(6922,1,'ICP341'),(6922,2,'ICP395'),(6974,1,'ICP110'),(6974,2,'ICP469'),(7056,1,'ICP006'),(7056,1,'ICP110'),(7056,1,'ICP311'),(7056,1,'ICP341'),(7056,2,'ICP395'),(7056,2,'ICP500'),(7056,2,'ICP720'),(7056,3,'ICP445'),(7056,3,'ICP740'),(7107,1,'ICP311'),(7107,1,'ICP313'),(7107,2,'ICP486'),(7159,1,'ICP311'),(7159,2,'ICP422'),(7196,1,'ICP103'),(7196,2,'ICP341'),(7196,2,'ICP395'),(7196,3,'ICP495'),(7227,1,'ICP103'),(7227,1,'ICP110'),(7227,1,'ICP301'),(7227,1,'ICP311'),(7227,1,'ICP386'),(7227,2,'ICP341'),(7227,2,'ICP500'),(7227,3,'ICP481'),(7297,1,'ICP386'),(7297,2,'ICP466'),(7326,1,'ICP006'),(7326,1,'ICP110'),(7326,1,'ICP311'),(7326,2,'ICP500'),(7398,1,'ICP002'),(7398,1,'ICP006'),(7398,1,'ICP103'),(7398,1,'ICP110'),(7398,2,'ICP311'),(7398,2,'ICP720'),(7398,2,'ICP810'),(7398,3,'ICP500'),(7398,3,'ICP819'),(7398,4,'ICP740'),(7420,1,'ICP006'),(7420,1,'ICP311'),(7420,2,'ICP500'),(7484,1,'ICP006'),(7484,1,'ICP110'),(7484,1,'ICP311'),(7484,2,'ICP469'),(7484,2,'ICP500'),(7515,1,'ICP006'),(7515,1,'ICP110'),(7515,1,'ICP311'),(7515,2,'ICP469'),(7515,2,'ICP500'),(7593,1,'ICP301'),(7593,1,'ICP341'),(7593,1,'ICP386'),(7593,2,'ICP481'),(7645,1,'ICP001'),(7645,1,'ICP006'),(7645,2,'ICP002'),(7645,2,'ICP110'),(7645,3,'ICP311'),(7645,4,'ICP500'),(7720,1,'ICP006'),(7720,1,'ICP311'),(7720,1,'ICP720'),(7720,2,'ICP500'),(7720,3,'ICP740'),(7769,1,'ICP103'),(7769,2,'ICP341'),(7797,1,'ICP006'),(7797,1,'ICP110'),(7797,1,'ICP302'),(7797,2,'ICP500'),(7797,2,'ICP720'),(7817,1,'ICP006'),(7817,1,'ICP311'),(7817,2,'ICP500'),(7821,1,'ICP006'),(7821,1,'ICP110'),(7821,1,'ICP311'),(7821,2,'ICP500'),(7831,1,'ICP006'),(7831,1,'ICP311'),(7831,2,'ICP500'),(7832,1,'ICP006'),(7832,1,'ICP110'),(7832,1,'ICP311'),(7832,2,'ICP500'),(8030,1,'ICP386'),(8030,2,'ICP466'),(8062,1,'ICP006'),(8062,1,'ICP110'),(8062,1,'ICP311'),(8062,2,'ICP500'),(8155,1,'ICP006'),(8155,1,'ICP110'),(8155,1,'ICP311'),(8155,2,'ICP469'),(8155,2,'ICP500'),(8306,1,'ICP006'),(8306,1,'ICP110'),(8306,1,'ICP311'),(8306,2,'ICP500'),(8509,1,'ICP467'),(8527,1,'ICP110'),(8527,2,'ICP500'),(8628,1,'ICP103'),(8628,1,'ICP301'),(8628,1,'ICP386'),(8628,2,'ICP341'),(8628,3,'ICP481'),(8647,1,'ICP103'),(8647,2,'ICP341'),(8688,1,'ICP103'),(8688,1,'ICP301'),(8688,1,'ICP386'),(8688,2,'ICP341'),(8688,3,'ICP481'),(8877,1,'ICP386'),(8877,2,'ICP466'),(8889,1,'ICP110'),(8889,2,'ICP620'),(8941,1,'ICP103'),(8941,2,'ICP341'),(8941,2,'ICP395'),(8941,3,'ICP495'),(8952,1,'ICP103'),(8952,1,'ICP386'),(8952,2,'ICP341'),(8952,3,'ICP481'),(8959,1,'ICP103'),(8959,2,'ICP341'),(9050,1,'ICP006'),(9050,1,'ICP110'),(9050,1,'ICP311'),(9050,2,'ICP500'),(9076,1,'ICP004'),(9076,2,'ICP005'),(9076,3,'ICP331'),(9117,1,'ICP110'),(9117,2,'ICP469'),(9185,1,'ICP341'),(9185,2,'ICP395'),(9185,3,'ICP445'),(9249,1,'ICP006'),(9249,1,'ICP110'),(9249,1,'ICP311'),(9249,2,'ICP500'),(9249,2,'ICP720'),(9306,1,'ICP006'),(9306,1,'ICP110'),(9306,1,'ICP302'),(9306,2,'ICP500'),(9325,1,'ICP386'),(9422,1,'ICP110'),(9422,2,'ICP469'),(9451,1,'ICP006'),(9451,1,'ICP110'),(9451,1,'ICP311'),(9451,1,'ICP341'),(9451,2,'ICP395'),(9451,2,'ICP500'),(9451,2,'ICP720'),(9451,3,'ICP445'),(9451,3,'ICP740'),(9524,1,'ICP001'),(9524,1,'ICP006'),(9524,2,'ICP002'),(9524,2,'ICP110'),(9524,3,'ICP311'),(9524,4,'ICP500'),(9784,1,'ICP110'),(9784,2,'ICP469'),(9797,1,'ICP103'),(9797,2,'ICP341'),(9812,1,'ICP311'),(9812,1,'ICP313'),(9812,2,'ICP486'),(9814,1,'ICP006'),(9814,1,'ICP110'),(9814,1,'ICP311'),(9814,2,'ICP500'),(9868,1,'ICP006'),(9868,1,'ICP110'),(9868,1,'ICP311'),(9868,2,'ICP500'),(9968,1,'ICP103'),(9968,1,'ICP301'),(9968,1,'ICP386'),(9968,2,'ICP341'),(9968,3,'ICP481'),(9978,1,'ICP311'),(9978,1,'ICP313'),(9978,2,'ICP486'),(111174351,1,'ICP001'),(111174351,2,'ICP002'),(111174351,3,'ICP003'),(111174351,3,'ICP311'),(111174351,4,'ICP313'),(111174351,5,'ICP486'),(112793854,1,'ICP006'),(112793854,1,'ICP110'),(112793854,1,'ICP311'),(112793854,2,'ICP500'),(125202274,1,'ICP001'),(125202274,1,'ICP103'),(125202274,2,'ICP301'),(125202274,2,'ICP341'),(125202274,2,'ICP386'),(125202274,3,'ICP481'),(137852438,1,'ICP006'),(137852438,1,'ICP110'),(137852438,1,'ICP311'),(137852438,2,'ICP500'),(141922012,1,'ICP002'),(141922012,2,'ICP003'),(141922012,2,'ICP311'),(141922012,3,'ICP313'),(141922012,4,'ICP486'),(164821430,1,'ICP001'),(164821430,2,'ICP002'),(164821430,3,'ICP003'),(164821430,3,'ICP311'),(164821430,4,'ICP313'),(164821430,5,'ICP486'),(166203121,1,'ICP001'),(166203121,1,'ICP006'),(166203121,1,'ICP200'),(166203121,2,'ICP002'),(166203121,2,'ICP110'),(166203121,2,'ICP720'),(166203121,3,'ICP311'),(166203121,4,'ICP500'),(166203121,4,'ICP819'),(166203121,5,'ICP740'),(178957047,1,'ICP110'),(178957047,2,'ICP469'),(192081592,1,'ICP006'),(192081592,1,'ICP200'),(192081592,1,'ICP311'),(192081592,2,'ICP500'),(192081592,2,'ICP720'),(192081592,3,'ICP740'),(196046272,1,'ICP002'),(196046272,1,'ICP006'),(196046272,1,'ICP110'),(196046272,2,'ICP311'),(196046272,2,'ICP469'),(196046272,3,'ICP500'),(222936116,1,'ICP006'),(222936116,1,'ICP200'),(222936116,1,'ICP311'),(222936116,2,'ICP500'),(222936116,2,'ICP720'),(222936116,2,'ICP819'),(222936116,3,'ICP740'),(258370250,1,'ICP006'),(258370250,1,'ICP200'),(258370250,1,'ICP311'),(258370250,2,'ICP500'),(258370250,2,'ICP720'),(258370250,2,'ICP818'),(258370250,2,'ICP819'),(258370250,3,'ICP740'),(285611992,1,'ICP006'),(285611992,1,'ICP110'),(285611992,1,'ICP200'),(285611992,1,'ICP311'),(285611992,2,'ICP500'),(285611992,2,'ICP720'),(285611992,3,'ICP740'),(287034437,1,'ICP006'),(287034437,1,'ICP200'),(287034437,1,'ICP311'),(287034437,2,'ICP500'),(287034437,2,'ICP720'),(287034437,2,'ICP819'),(287034437,3,'ICP740'),(291687847,1,'ICP006'),(291687847,1,'ICP200'),(291687847,1,'ICP311'),(291687847,2,'ICP500'),(291687847,2,'ICP720'),(291687847,2,'ICP819'),(291687847,3,'ICP740'),(292870227,1,'ICP001'),(292870227,1,'ICP006'),(292870227,1,'ICP720'),(292870227,2,'ICP002'),(292870227,2,'ICP110'),(292870227,3,'ICP311'),(292870227,4,'ICP500'),(292870227,5,'ICP740'),(316379525,1,'ICP110'),(316379525,1,'ICP311'),(316379525,2,'ICP361'),(316379525,3,'ICP461'),(324432052,1,'ICP001'),(324432052,2,'ICP002'),(324432052,3,'ICP003'),(324432052,3,'ICP311'),(324432052,4,'ICP313'),(324432052,5,'ICP486'),(348444351,1,'ICP311'),(348444351,1,'ICP313'),(348444351,2,'ICP486'),(356640298,1,'ICP469'),(356640298,1,'ICP818'),(356640298,2,'ICP660'),(362849335,1,'ICP006'),(362849335,1,'ICP200'),(362849335,1,'ICP311'),(362849335,2,'ICP500'),(362849335,2,'ICP720'),(362849335,2,'ICP818'),(362849335,3,'ICP740'),(370058038,1,'ICP006'),(370058038,1,'ICP110'),(370058038,1,'ICP311'),(370058038,2,'ICP469'),(370058038,2,'ICP500'),(410309476,1,'ICP001'),(410309476,1,'ICP006'),(410309476,1,'ICP200'),(410309476,2,'ICP002'),(410309476,2,'ICP720'),(410309476,3,'ICP311'),(410309476,4,'ICP500'),(410309476,4,'ICP819'),(410309476,5,'ICP740'),(411681300,1,'ICP006'),(411681300,1,'ICP200'),(411681300,1,'ICP311'),(411681300,2,'ICP500'),(411681300,2,'ICP720'),(411681300,2,'ICP819'),(411681300,3,'ICP740'),(413889315,1,'ICP002'),(413889315,2,'ICP003'),(413889315,2,'ICP311'),(413889315,3,'ICP313'),(413889315,4,'ICP486'),(435075950,1,'ICP002'),(435075950,1,'ICP006'),(435075950,1,'ICP110'),(435075950,1,'ICP720'),(435075950,2,'ICP311'),(435075950,3,'ICP500'),(435075950,4,'ICP740'),(442506203,1,'ICP006'),(442506203,1,'ICP110'),(442506203,1,'ICP311'),(442506203,2,'ICP469'),(442506203,2,'ICP500'),(448741355,1,'ICP001'),(448741355,2,'ICP002'),(448741355,3,'ICP003'),(448741355,3,'ICP311'),(448741355,4,'ICP313'),(448741355,5,'ICP486'),(452470039,1,'ICP006'),(452470039,1,'ICP110'),(452470039,1,'ICP311'),(452470039,2,'ICP500'),(495404878,1,'ICP006'),(495404878,1,'ICP110'),(495404878,1,'ICP200'),(495404878,1,'ICP302'),(495404878,2,'ICP500'),(495404878,2,'ICP720'),(495404878,3,'ICP740'),(496776246,1,'ICP103'),(496776246,2,'ICP341'),(496776246,3,'ICP403'),(497270695,1,'ICP001'),(497270695,1,'ICP103'),(497270695,2,'ICP301'),(497270695,2,'ICP341'),(497270695,2,'ICP386'),(497270695,3,'ICP481'),(506023024,1,'ICP680'),(516484914,1,'ICP006'),(516484914,1,'ICP200'),(516484914,1,'ICP311'),(516484914,2,'ICP500'),(516484914,2,'ICP720'),(516484914,3,'ICP740'),(524497078,1,'ICP006'),(524497078,1,'ICP200'),(524497078,1,'ICP311'),(524497078,2,'ICP500'),(524497078,2,'ICP720'),(524497078,2,'ICP819'),(524497078,3,'ICP740'),(532135187,1,'ICP200'),(532135187,2,'ICP720'),(532135187,3,'ICP811'),(532135187,4,'ICP813'),(561361210,1,'ICP006'),(561361210,1,'ICP200'),(561361210,1,'ICP311'),(561361210,2,'ICP500'),(561361210,2,'ICP720'),(561361210,2,'ICP819'),(561361210,3,'ICP740'),(578460210,1,'ICP110'),(578460210,2,'ICP469'),(601145152,1,'ICP006'),(601145152,1,'ICP200'),(601145152,1,'ICP311'),(601145152,2,'ICP500'),(601145152,2,'ICP720'),(601145152,2,'ICP819'),(601145152,3,'ICP740'),(630767823,1,'ICP006'),(630767823,1,'ICP200'),(630767823,1,'ICP311'),(630767823,2,'ICP500'),(630767823,2,'ICP720'),(630767823,2,'ICP819'),(630767823,3,'ICP740'),(658685554,1,'ICP006'),(658685554,1,'ICP200'),(658685554,1,'ICP311'),(658685554,2,'ICP500'),(658685554,2,'ICP720'),(658685554,3,'ICP740'),(659691843,1,'ICP006'),(659691843,1,'ICP200'),(659691843,1,'ICP311'),(659691843,2,'ICP500'),(659691843,2,'ICP720'),(659691843,3,'ICP740'),(664758087,1,'ICP006'),(664758087,1,'ICP200'),(664758087,1,'ICP311'),(664758087,2,'ICP500'),(664758087,2,'ICP720'),(664758087,2,'ICP819'),(664758087,3,'ICP740'),(669457938,1,'ICP006'),(669457938,1,'ICP200'),(669457938,1,'ICP311'),(669457938,2,'ICP500'),(669457938,2,'ICP720'),(669457938,3,'ICP740'),(683869712,1,'ICP006'),(683869712,1,'ICP200'),(683869712,1,'ICP311'),(683869712,2,'ICP500'),(683869712,2,'ICP720'),(683869712,2,'ICP819'),(683869712,3,'ICP740'),(716407017,1,'ICP006'),(716407017,1,'ICP110'),(716407017,1,'ICP311'),(716407017,1,'ICP720'),(716407017,2,'ICP500'),(716407017,2,'ICP811'),(716407017,3,'ICP813'),(726508464,1,'ICP006'),(726508464,1,'ICP110'),(726508464,1,'ICP311'),(726508464,2,'ICP469'),(726508464,2,'ICP500'),(739074091,1,'ICP006'),(739074091,1,'ICP200'),(739074091,1,'ICP311'),(739074091,2,'ICP500'),(739074091,2,'ICP720'),(739074091,3,'ICP740'),(739546796,1,'ICP006'),(739546796,1,'ICP200'),(739546796,1,'ICP311'),(739546796,2,'ICP500'),(739546796,2,'ICP720'),(739546796,3,'ICP740'),(742695516,1,'ICP001'),(742695516,2,'ICP110'),(742695516,2,'ICP302'),(742695516,3,'ICP500'),(749479466,1,'ICP103'),(749479466,1,'ICP301'),(749479466,1,'ICP386'),(749479466,2,'ICP341'),(749479466,3,'ICP481'),(759784803,1,'ICP001'),(759784803,1,'ICP006'),(759784803,2,'ICP110'),(759784803,2,'ICP302'),(759784803,3,'ICP500'),(784019298,1,'ICP001'),(784019298,1,'ICP103'),(784019298,2,'ICP301'),(784019298,2,'ICP341'),(784019298,2,'ICP386'),(784019298,3,'ICP481'),(809869431,1,'ICP006'),(809869431,1,'ICP110'),(809869431,1,'ICP311'),(809869431,2,'ICP500'),(833064024,1,'ICP001'),(833064024,1,'ICP006'),(833064024,1,'ICP720'),(833064024,2,'ICP002'),(833064024,2,'ICP110'),(833064024,3,'ICP311'),(833064024,4,'ICP500'),(833064024,5,'ICP740'),(882961008,1,'ICP006'),(882961008,1,'ICP110'),(882961008,1,'ICP311'),(882961008,2,'ICP500'),(916025637,1,'ICP001'),(916025637,2,'ICP110'),(916025637,3,'ICP469'),(960676621,1,'ICP006'),(960676621,1,'ICP200'),(960676621,1,'ICP311'),(960676621,2,'ICP500'),(960676621,2,'ICP720'),(960676621,3,'ICP740'),(971245096,1,'ICP006'),(971245096,1,'ICP110'),(971245096,1,'ICP311'),(971245096,2,'ICP469'),(971245096,2,'ICP500');
/*!40000 ALTER TABLE `result` ENABLE KEYS */;
UNLOCK TABLES;

--
-- Table structure for table `rhs`
--

DROP TABLE IF EXISTS `rhs`;
/*!40101 SET @saved_cs_client     = @@character_set_client */;
/*!50503 SET character_set_client = utf8mb4 */;
CREATE TABLE `rhs` (
  `ruleid` int NOT NULL,
  `courseid` varchar(10) NOT NULL,
  PRIMARY KEY (`ruleid`,`courseid`)
) ENGINE=InnoDB DEFAULT CHARSET=latin1;
/*!40101 SET character_set_client = @saved_cs_client */;

--
-- Dumping data for table `rhs`
--

LOCK TABLES `rhs` WRITE;
/*!40000 ALTER TABLE `rhs` DISABLE KEYS */;
INSERT INTO `rhs` VALUES (1,'ICP110'),(2,'ICP311'),(3,'ICP500'),(4,'ICP311'),(5,'ICP500'),(6,'ICP500'),(7,'ICP311'),(8,'ICP500'),(9,'ICP500'),(10,'ICP500'),(11,'ICP500');
/*!40000 ALTER TABLE `rhs` ENABLE KEYS */;
UNLOCK TABLES;

--
-- Table structure for table `ruleinfo`
--

DROP TABLE IF EXISTS `ruleinfo`;
/*!40101 SET @saved_cs_client     = @@character_set_client */;
/*!50503 SET character_set_client = utf8mb4 */;
CREATE TABLE `ruleinfo` (
  `ruleid` int NOT NULL,
  `support` float DEFAULT NULL,
  `confidence` float DEFAULT NULL,
  `lift` float DEFAULT NULL,
  `count` int DEFAULT NULL,
  PRIMARY KEY (`ruleid`)
) ENGINE=InnoDB DEFAULT CHARSET=latin1;
/*!40101 SET character_set_client = @saved_cs_client */;

--
-- Dumping data for table `ruleinfo`
--

LOCK TABLES `ruleinfo` WRITE;
/*!40000 ALTER TABLE `ruleinfo` DISABLE KEYS */;
INSERT INTO `ruleinfo` VALUES (1,0.2,0.719101,1.53765,3),(2,0.2,0.910112,1.69382,3),(3,0.2,1,2.11579,3),(4,0.2,0.670213,1.24734,3),(5,0.2,0.744681,1.57559,3),(6,0.2,0.777778,1.64561,3),(7,0.2,0.875,1.62847,3),(8,0.2,1,2.11579,3),(9,0.2,1,2.11579,3),(10,0.2,0.936508,1.98145,3),(11,0.2,1,2.11579,3);
/*!40000 ALTER TABLE `ruleinfo` ENABLE KEYS */;
UNLOCK TABLES;

--
-- Table structure for table `webservicelist`
--

DROP TABLE IF EXISTS `webservicelist`;
/*!40101 SET @saved_cs_client     = @@character_set_client */;
/*!50503 SET character_set_client = utf8mb4 */;
CREATE TABLE `webservicelist` (
  `webServiceID` varchar(10) NOT NULL,
  `webServiceName` varchar(100) DEFAULT NULL,
  `reputation` float DEFAULT NULL,
  `price` float DEFAULT NULL,
  `duration` int DEFAULT NULL,
  `provider` varchar(50) DEFAULT NULL,
  `url` varchar(100) DEFAULT NULL,
  PRIMARY KEY (`webServiceID`)
) ENGINE=InnoDB DEFAULT CHARSET=latin1;
/*!40101 SET character_set_client = @saved_cs_client */;

--
-- Dumping data for table `webservicelist`
--

LOCK TABLES `webservicelist` WRITE;
/*!40000 ALTER TABLE `webservicelist` DISABLE KEYS */;
INSERT INTO `webservicelist` VALUES ('WSS1','WSS1Name',3,1,3,'serviceprovider','https://serviceprovider.com'),('WSS10','WSS10Name',3,1,3,'serviceprovider','https://serviceprovider.com'),('WSS100','WSS100Name',3,1,3,'serviceprovider','https://serviceprovider.com'),('WSS101','WSS101Name',3,1,3,'serviceprovider','https://serviceprovider.com'),('WSS102','WSS102Name',3,1,3,'serviceprovider','https://serviceprovider.com'),('WSS103','WSS103Name',3,1,3,'serviceprovider','https://serviceprovider.com'),('WSS104','WSS104Name',3,1,3,'serviceprovider','https://serviceprovider.com'),('WSS105','WSS105Name',3,1,3,'serviceprovider','https://serviceprovider.com'),('WSS106','WSS106Name',3,1,3,'serviceprovider','https://serviceprovider.com'),('WSS107','WSS107Name',3,1,3,'serviceprovider','https://serviceprovider.com'),('WSS108','WSS108Name',3,1,3,'serviceprovider','https://serviceprovider.com'),('WSS109','WSS109Name',3,1,3,'serviceprovider','https://serviceprovider.com'),('WSS11','WSS11Name',3,1,3,'serviceprovider','https://serviceprovider.com'),('WSS110','WSS110Name',3,1,3,'serviceprovider','https://serviceprovider.com'),('WSS111','WSS111Name',3,1,3,'serviceprovider','https://serviceprovider.com'),('WSS112','WSS112Name',3,1,3,'serviceprovider','https://serviceprovider.com'),('WSS113','WSS113Name',3,1,3,'serviceprovider','https://serviceprovider.com'),('WSS114','WSS114Name',3,1,3,'serviceprovider','https://serviceprovider.com'),('WSS115','WSS115Name',3,1,3,'serviceprovider','https://serviceprovider.com'),('WSS116','WSS116Name',3,1,3,'serviceprovider','https://serviceprovider.com'),('WSS117','WSS117Name',3,1,3,'serviceprovider','https://serviceprovider.com'),('WSS118','WSS118Name',3,1,3,'serviceprovider','https://serviceprovider.com'),('WSS119','WSS119Name',3,1,3,'serviceprovider','https://serviceprovider.com'),('WSS12','WSS12Name',3,1,3,'serviceprovider','https://serviceprovider.com'),('WSS120','WSS120Name',3,1,3,'serviceprovider','https://serviceprovider.com'),('WSS121','WSS121Name',3,1,3,'serviceprovider','https://serviceprovider.com'),('WSS122','WSS122Name',3,1,3,'serviceprovider','https://serviceprovider.com'),('WSS123','WSS123Name',3,1,3,'serviceprovider','https://serviceprovider.com'),('WSS124','WSS124Name',3,1,3,'serviceprovider','https://serviceprovider.com'),('WSS125','WSS125Name',3,1,3,'serviceprovider','https://serviceprovider.com'),('WSS126','WSS126Name',3,1,3,'serviceprovider','https://serviceprovider.com'),('WSS127','WSS127Name',3,1,3,'serviceprovider','https://serviceprovider.com'),('WSS128','WSS128Name',3,1,3,'serviceprovider','https://serviceprovider.com'),('WSS129','WSS129Name',3,1,3,'serviceprovider','https://serviceprovider.com'),('WSS13','WSS13Name',3,1,3,'serviceprovider','https://serviceprovider.com'),('WSS130','WSS130Name',3,1,3,'serviceprovider','https://serviceprovider.com'),('WSS131','WSS131Name',3,1,3,'serviceprovider','https://serviceprovider.com'),('WSS132','WSS132Name',3,1,3,'serviceprovider','https://serviceprovider.com'),('WSS133','WSS133Name',3,1,3,'serviceprovider','https://serviceprovider.com'),('WSS134','WSS134Name',3,1,3,'serviceprovider','https://serviceprovider.com'),('WSS135','WSS135Name',3,1,3,'serviceprovider','https://serviceprovider.com'),('WSS136','WSS136Name',3,1,3,'serviceprovider','https://serviceprovider.com'),('WSS137','WSS137Name',3,1,3,'serviceprovider','https://serviceprovider.com'),('WSS138','WSS138Name',3,1,3,'serviceprovider','https://serviceprovider.com'),('WSS139','WSS139Name',3,1,3,'serviceprovider','https://serviceprovider.com'),('WSS14','WSS14Name',3,1,3,'serviceprovider','https://serviceprovider.com'),('WSS140','WSS140Name',3,1,3,'serviceprovider','https://serviceprovider.com'),('WSS141','WSS141Name',3,1,3,'serviceprovider','https://serviceprovider.com'),('WSS142','WSS142Name',3,1,3,'serviceprovider','https://serviceprovider.com'),('WSS143','WSS143Name',3,1,3,'serviceprovider','https://serviceprovider.com'),('WSS144','WSS144Name',3,1,3,'serviceprovider','https://serviceprovider.com'),('WSS145','WSS145Name',3,1,3,'serviceprovider','https://serviceprovider.com'),('WSS146','WSS146Name',3,1,3,'serviceprovider','https://serviceprovider.com'),('WSS147','WSS147Name',3,1,3,'serviceprovider','https://serviceprovider.com'),('WSS148','WSS148Name',3,1,3,'serviceprovider','https://serviceprovider.com'),('WSS149','WSS149Name',3,1,3,'serviceprovider','https://serviceprovider.com'),('WSS15','WSS15Name',3,1,3,'serviceprovider','https://serviceprovider.com'),('WSS150','WSS150Name',3,1,3,'serviceprovider','https://serviceprovider.com'),('WSS151','WSS151Name',3,1,3,'serviceprovider','https://serviceprovider.com'),('WSS152','WSS152Name',3,1,3,'serviceprovider','https://serviceprovider.com'),('WSS153','WSS153Name',3,1,3,'serviceprovider','https://serviceprovider.com'),('WSS154','WSS154Name',3,1,3,'serviceprovider','https://serviceprovider.com'),('WSS155','WSS155Name',3,1,3,'serviceprovider','https://serviceprovider.com'),('WSS156','WSS156Name',3,1,3,'serviceprovider','https://serviceprovider.com'),('WSS157','WSS157Name',3,1,3,'serviceprovider','https://serviceprovider.com'),('WSS158','WSS158Name',3,1,3,'serviceprovider','https://serviceprovider.com'),('WSS159','WSS159Name',3,1,3,'serviceprovider','https://serviceprovider.com'),('WSS16','WSS16Name',3,1,3,'serviceprovider','https://serviceprovider.com'),('WSS160','WSS160Name',3,1,3,'serviceprovider','https://serviceprovider.com'),('WSS161','WSS161Name',3,1,3,'serviceprovider','https://serviceprovider.com'),('WSS162','WSS162Name',3,1,3,'serviceprovider','https://serviceprovider.com'),('WSS163','WSS163Name',3,1,3,'serviceprovider','https://serviceprovider.com'),('WSS164','WSS164Name',3,1,3,'serviceprovider','https://serviceprovider.com'),('WSS165','WSS165Name',3,1,3,'serviceprovider','https://serviceprovider.com'),('WSS166','WSS166Name',3,1,3,'serviceprovider','https://serviceprovider.com'),('WSS167','WSS167Name',3,1,3,'serviceprovider','https://serviceprovider.com'),('WSS168','WSS168Name',3,1,3,'serviceprovider','https://serviceprovider.com'),('WSS169','WSS169Name',3,1,3,'serviceprovider','https://serviceprovider.com'),('WSS17','WSS17Name',3,1,3,'serviceprovider','https://serviceprovider.com'),('WSS170','WSS170Name',3,1,3,'serviceprovider','https://serviceprovider.com'),('WSS171','WSS171Name',3,1,3,'serviceprovider','https://serviceprovider.com'),('WSS172','WSS172Name',3,1,3,'serviceprovider','https://serviceprovider.com'),('WSS173','WSS173Name',3,1,3,'serviceprovider','https://serviceprovider.com'),('WSS174','WSS174Name',3,1,3,'serviceprovider','https://serviceprovider.com'),('WSS175','WSS175Name',3,1,3,'serviceprovider','https://serviceprovider.com'),('WSS176','WSS176Name',3,1,3,'serviceprovider','https://serviceprovider.com'),('WSS177','WSS177Name',3,1,3,'serviceprovider','https://serviceprovider.com'),('WSS178','WSS178Name',3,1,3,'serviceprovider','https://serviceprovider.com'),('WSS179','WSS179Name',3,1,3,'serviceprovider','https://serviceprovider.com'),('WSS18','WSS18Name',3,1,3,'serviceprovider','https://serviceprovider.com'),('WSS180','WSS180Name',3,1,3,'serviceprovider','https://serviceprovider.com'),('WSS181','WSS181Name',3,1,3,'serviceprovider','https://serviceprovider.com'),('WSS182','WSS182Name',3,1,3,'serviceprovider','https://serviceprovider.com'),('WSS183','WSS183Name',3,1,3,'serviceprovider','https://serviceprovider.com'),('WSS184','WSS184Name',3,1,3,'serviceprovider','https://serviceprovider.com'),('WSS185','WSS185Name',3,1,3,'serviceprovider','https://serviceprovider.com'),('WSS186','WSS186Name',3,1,3,'serviceprovider','https://serviceprovider.com'),('WSS187','WSS187Name',3,1,3,'serviceprovider','https://serviceprovider.com'),('WSS188','WSS188Name',3,1,3,'serviceprovider','https://serviceprovider.com'),('WSS189','WSS189Name',3,1,3,'serviceprovider','https://serviceprovider.com'),('WSS19','WSS19Name',3,1,3,'serviceprovider','https://serviceprovider.com'),('WSS190','WSS190Name',3,1,3,'serviceprovider','https://serviceprovider.com'),('WSS191','WSS191Name',3,1,3,'serviceprovider','https://serviceprovider.com'),('WSS192','WSS192Name',3,1,3,'serviceprovider','https://serviceprovider.com'),('WSS193','WSS193Name',3,1,3,'serviceprovider','https://serviceprovider.com'),('WSS194','WSS194Name',3,1,3,'serviceprovider','https://serviceprovider.com'),('WSS195','WSS195Name',3,1,3,'serviceprovider','https://serviceprovider.com'),('WSS196','WSS196Name',3,1,3,'serviceprovider','https://serviceprovider.com'),('WSS197','WSS197Name',3,1,3,'serviceprovider','https://serviceprovider.com'),('WSS198','WSS198Name',3,1,3,'serviceprovider','https://serviceprovider.com'),('WSS199','WSS199Name',3,1,3,'serviceprovider','https://serviceprovider.com'),('WSS2','WSS2Name',3,1,3,'serviceprovider','https://serviceprovider.com'),('WSS20','WSS20Name',3,1,3,'serviceprovider','https://serviceprovider.com'),('WSS200','WSS200Name',3,1,3,'serviceprovider','https://serviceprovider.com'),('WSS201','WSS201Name',3,1,3,'serviceprovider','https://serviceprovider.com'),('WSS202','WSS202Name',3,1,3,'serviceprovider','https://serviceprovider.com'),('WSS203','WSS203Name',3,1,3,'serviceprovider','https://serviceprovider.com'),('WSS204','WSS204Name',3,1,3,'serviceprovider','https://serviceprovider.com'),('WSS205','WSS205Name',3,1,3,'serviceprovider','https://serviceprovider.com'),('WSS206','WSS206Name',3,1,3,'serviceprovider','https://serviceprovider.com'),('WSS207','WSS207Name',3,1,3,'serviceprovider','https://serviceprovider.com'),('WSS208','WSS208Name',3,1,3,'serviceprovider','https://serviceprovider.com'),('WSS209','WSS209Name',3,1,3,'serviceprovider','https://serviceprovider.com'),('WSS21','WSS21Name',3,1,3,'serviceprovider','https://serviceprovider.com'),('WSS210','WSS210Name',3,1,3,'serviceprovider','https://serviceprovider.com'),('WSS211','WSS211Name',3,1,3,'serviceprovider','https://serviceprovider.com'),('WSS212','WSS212Name',3,1,3,'serviceprovider','https://serviceprovider.com'),('WSS213','WSS213Name',3,1,3,'serviceprovider','https://serviceprovider.com'),('WSS214','WSS214Name',3,1,3,'serviceprovider','https://serviceprovider.com'),('WSS215','WSS215Name',3,1,3,'serviceprovider','https://serviceprovider.com'),('WSS216','WSS216Name',3,1,3,'serviceprovider','https://serviceprovider.com'),('WSS217','WSS217Name',3,1,3,'serviceprovider','https://serviceprovider.com'),('WSS218','WSS218Name',3,1,3,'serviceprovider','https://serviceprovider.com'),('WSS219','WSS219Name',3,1,3,'serviceprovider','https://serviceprovider.com'),('WSS22','WSS22Name',3,1,3,'serviceprovider','https://serviceprovider.com'),('WSS220','WSS220Name',3,1,3,'serviceprovider','https://serviceprovider.com'),('WSS221','WSS221Name',3,1,3,'serviceprovider','https://serviceprovider.com'),('WSS222','WSS222Name',3,1,3,'serviceprovider','https://serviceprovider.com'),('WSS223','WSS223Name',3,1,3,'serviceprovider','https://serviceprovider.com'),('WSS224','WSS224Name',3,1,3,'serviceprovider','https://serviceprovider.com'),('WSS225','WSS225Name',3,1,3,'serviceprovider','https://serviceprovider.com'),('WSS226','WSS226Name',3,1,3,'serviceprovider','https://serviceprovider.com'),('WSS227','WSS227Name',3,1,3,'serviceprovider','https://serviceprovider.com'),('WSS228','WSS228Name',3,1,3,'serviceprovider','https://serviceprovider.com'),('WSS229','WSS229Name',3,1,3,'serviceprovider','https://serviceprovider.com'),('WSS23','WSS23Name',3,1,3,'serviceprovider','https://serviceprovider.com'),('WSS230','WSS230Name',3,1,3,'serviceprovider','https://serviceprovider.com'),('WSS231','WSS231Name',3,1,3,'serviceprovider','https://serviceprovider.com'),('WSS232','WSS232Name',3,1,3,'serviceprovider','https://serviceprovider.com'),('WSS233','WSS233Name',3,1,3,'serviceprovider','https://serviceprovider.com'),('WSS234','WSS234Name',3,1,3,'serviceprovider','https://serviceprovider.com'),('WSS235','WSS235Name',3,1,3,'serviceprovider','https://serviceprovider.com'),('WSS236','WSS236Name',3,1,3,'serviceprovider','https://serviceprovider.com'),('WSS237','WSS237Name',3,1,3,'serviceprovider','https://serviceprovider.com'),('WSS238','WSS238Name',3,1,3,'serviceprovider','https://serviceprovider.com'),('WSS239','WSS239Name',3,1,3,'serviceprovider','https://serviceprovider.com'),('WSS24','WSS24Name',3,1,3,'serviceprovider','https://serviceprovider.com'),('WSS240','WSS240Name',3,1,3,'serviceprovider','https://serviceprovider.com'),('WSS241','WSS241Name',3,1,3,'serviceprovider','https://serviceprovider.com'),('WSS242','WSS242Name',3,1,3,'serviceprovider','https://serviceprovider.com'),('WSS243','WSS243Name',3,1,3,'serviceprovider','https://serviceprovider.com'),('WSS244','WSS244Name',3,1,3,'serviceprovider','https://serviceprovider.com'),('WSS245','WSS245Name',3,1,3,'serviceprovider','https://serviceprovider.com'),('WSS246','WSS246Name',3,1,3,'serviceprovider','https://serviceprovider.com'),('WSS247','WSS247Name',3,1,3,'serviceprovider','https://serviceprovider.com'),('WSS248','WSS248Name',3,1,3,'serviceprovider','https://serviceprovider.com'),('WSS249','WSS249Name',3,1,3,'serviceprovider','https://serviceprovider.com'),('WSS25','WSS25Name',3,1,3,'serviceprovider','https://serviceprovider.com'),('WSS250','WSS250Name',3,1,3,'serviceprovider','https://serviceprovider.com'),('WSS251','WSS251Name',3,1,3,'serviceprovider','https://serviceprovider.com'),('WSS252','WSS252Name',3,1,3,'serviceprovider','https://serviceprovider.com'),('WSS253','WSS253Name',3,1,3,'serviceprovider','https://serviceprovider.com'),('WSS254','WSS254Name',3,1,3,'serviceprovider','https://serviceprovider.com'),('WSS255','WSS255Name',3,1,3,'serviceprovider','https://serviceprovider.com'),('WSS256','WSS256Name',3,1,3,'serviceprovider','https://serviceprovider.com'),('WSS257','WSS257Name',3,1,3,'serviceprovider','https://serviceprovider.com'),('WSS258','WSS258Name',3,1,3,'serviceprovider','https://serviceprovider.com'),('WSS259','WSS259Name',3,1,3,'serviceprovider','https://serviceprovider.com'),('WSS26','WSS26Name',3,1,3,'serviceprovider','https://serviceprovider.com'),('WSS260','WSS260Name',3,1,3,'serviceprovider','https://serviceprovider.com'),('WSS261','WSS261Name',3,1,3,'serviceprovider','https://serviceprovider.com'),('WSS262','WSS262Name',3,1,3,'serviceprovider','https://serviceprovider.com'),('WSS263','WSS263Name',3,1,3,'serviceprovider','https://serviceprovider.com'),('WSS264','WSS264Name',3,1,3,'serviceprovider','https://serviceprovider.com'),('WSS265','WSS265Name',3,1,3,'serviceprovider','https://serviceprovider.com'),('WSS266','WSS266Name',3,1,3,'serviceprovider','https://serviceprovider.com'),('WSS267','WSS267Name',3,1,3,'serviceprovider','https://serviceprovider.com'),('WSS268','WSS268Name',3,1,3,'serviceprovider','https://serviceprovider.com'),('WSS269','WSS269Name',3,1,3,'serviceprovider','https://serviceprovider.com'),('WSS27','WSS27Name',3,1,3,'serviceprovider','https://serviceprovider.com'),('WSS270','WSS270Name',3,1,3,'serviceprovider','https://serviceprovider.com'),('WSS271','WSS271Name',3,1,3,'serviceprovider','https://serviceprovider.com'),('WSS272','WSS272Name',3,1,3,'serviceprovider','https://serviceprovider.com'),('WSS273','WSS273Name',3,1,3,'serviceprovider','https://serviceprovider.com'),('WSS274','WSS274Name',3,1,3,'serviceprovider','https://serviceprovider.com'),('WSS275','WSS275Name',3,1,3,'serviceprovider','https://serviceprovider.com'),('WSS276','WSS276Name',3,1,3,'serviceprovider','https://serviceprovider.com'),('WSS277','WSS277Name',3,1,3,'serviceprovider','https://serviceprovider.com'),('WSS278','WSS278Name',3,1,3,'serviceprovider','https://serviceprovider.com'),('WSS279','WSS279Name',3,1,3,'serviceprovider','https://serviceprovider.com'),('WSS28','WSS28Name',3,1,3,'serviceprovider','https://serviceprovider.com'),('WSS280','WSS280Name',3,1,3,'serviceprovider','https://serviceprovider.com'),('WSS281','WSS281Name',3,1,3,'serviceprovider','https://serviceprovider.com'),('WSS282','WSS282Name',3,1,3,'serviceprovider','https://serviceprovider.com'),('WSS283','WSS283Name',3,1,3,'serviceprovider','https://serviceprovider.com'),('WSS284','WSS284Name',3,1,3,'serviceprovider','https://serviceprovider.com'),('WSS285','WSS285Name',3,1,3,'serviceprovider','https://serviceprovider.com'),('WSS286','WSS286Name',3,1,3,'serviceprovider','https://serviceprovider.com'),('WSS287','WSS287Name',3,1,3,'serviceprovider','https://serviceprovider.com'),('WSS288','WSS288Name',3,1,3,'serviceprovider','https://serviceprovider.com'),('WSS289','WSS289Name',3,1,3,'serviceprovider','https://serviceprovider.com'),('WSS29','WSS29Name',3,1,3,'serviceprovider','https://serviceprovider.com'),('WSS290','WSS290Name',3,1,3,'serviceprovider','https://serviceprovider.com'),('WSS291','WSS291Name',3,1,3,'serviceprovider','https://serviceprovider.com'),('WSS292','WSS292Name',3,1,3,'serviceprovider','https://serviceprovider.com'),('WSS293','WSS293Name',3,1,3,'serviceprovider','https://serviceprovider.com'),('WSS294','WSS294Name',3,1,3,'serviceprovider','https://serviceprovider.com'),('WSS295','WSS295Name',3,1,3,'serviceprovider','https://serviceprovider.com'),('WSS296','WSS296Name',3,1,3,'serviceprovider','https://serviceprovider.com'),('WSS297','WSS297Name',3,1,3,'serviceprovider','https://serviceprovider.com'),('WSS298','WSS298Name',3,1,3,'serviceprovider','https://serviceprovider.com'),('WSS299','WSS299Name',3,1,3,'serviceprovider','https://serviceprovider.com'),('WSS3','WSS3Name',3,1,3,'serviceprovider','https://serviceprovider.com'),('WSS30','WSS30Name',3,1,3,'serviceprovider','https://serviceprovider.com'),('WSS300','WSS300Name',3,1,3,'serviceprovider','https://serviceprovider.com'),('WSS301','WSS301Name',3,1,3,'serviceprovider','https://serviceprovider.com'),('WSS302','WSS302Name',3,1,3,'serviceprovider','https://serviceprovider.com'),('WSS303','WSS303Name',3,1,3,'serviceprovider','https://serviceprovider.com'),('WSS304','WSS304Name',3,1,3,'serviceprovider','https://serviceprovider.com'),('WSS305','WSS305Name',3,1,3,'serviceprovider','https://serviceprovider.com'),('WSS306','WSS306Name',3,1,3,'serviceprovider','https://serviceprovider.com'),('WSS307','WSS307Name',3,1,3,'serviceprovider','https://serviceprovider.com'),('WSS308','WSS308Name',3,1,3,'serviceprovider','https://serviceprovider.com'),('WSS309','WSS309Name',3,1,3,'serviceprovider','https://serviceprovider.com'),('WSS31','WSS31Name',3,1,3,'serviceprovider','https://serviceprovider.com'),('WSS310','WSS310Name',3,1,3,'serviceprovider','https://serviceprovider.com'),('WSS311','WSS311Name',3,1,3,'serviceprovider','https://serviceprovider.com'),('WSS312','WSS312Name',3,1,3,'serviceprovider','https://serviceprovider.com'),('WSS313','WSS313Name',3,1,3,'serviceprovider','https://serviceprovider.com'),('WSS314','WSS314Name',3,1,3,'serviceprovider','https://serviceprovider.com'),('WSS315','WSS315Name',3,1,3,'serviceprovider','https://serviceprovider.com'),('WSS316','WSS316Name',3,1,3,'serviceprovider','https://serviceprovider.com'),('WSS317','WSS317Name',3,1,3,'serviceprovider','https://serviceprovider.com'),('WSS318','WSS318Name',3,1,3,'serviceprovider','https://serviceprovider.com'),('WSS319','WSS319Name',3,1,3,'serviceprovider','https://serviceprovider.com'),('WSS32','WSS32Name',3,1,3,'serviceprovider','https://serviceprovider.com'),('WSS320','WSS320Name',3,1,3,'serviceprovider','https://serviceprovider.com'),('WSS321','WSS321Name',3,1,3,'serviceprovider','https://serviceprovider.com'),('WSS322','WSS322Name',3,1,3,'serviceprovider','https://serviceprovider.com'),('WSS323','WSS323Name',3,1,3,'serviceprovider','https://serviceprovider.com'),('WSS324','WSS324Name',3,1,3,'serviceprovider','https://serviceprovider.com'),('WSS325','WSS325Name',3,1,3,'serviceprovider','https://serviceprovider.com'),('WSS326','WSS326Name',3,1,3,'serviceprovider','https://serviceprovider.com'),('WSS327','WSS327Name',3,1,3,'serviceprovider','https://serviceprovider.com'),('WSS328','WSS328Name',3,1,3,'serviceprovider','https://serviceprovider.com'),('WSS329','WSS329Name',3,1,3,'serviceprovider','https://serviceprovider.com'),('WSS33','WSS33Name',3,1,3,'serviceprovider','https://serviceprovider.com'),('WSS330','WSS330Name',3,1,3,'serviceprovider','https://serviceprovider.com'),('WSS331','WSS331Name',3,1,3,'serviceprovider','https://serviceprovider.com'),('WSS332','WSS332Name',3,1,3,'serviceprovider','https://serviceprovider.com'),('WSS333','WSS333Name',3,1,3,'serviceprovider','https://serviceprovider.com'),('WSS334','WSS334Name',3,1,3,'serviceprovider','https://serviceprovider.com'),('WSS335','WSS335Name',3,1,3,'serviceprovider','https://serviceprovider.com'),('WSS336','WSS336Name',3,1,3,'serviceprovider','https://serviceprovider.com'),('WSS337','WSS337Name',3,1,3,'serviceprovider','https://serviceprovider.com'),('WSS338','WSS338Name',3,1,3,'serviceprovider','https://serviceprovider.com'),('WSS339','WSS339Name',3,1,3,'serviceprovider','https://serviceprovider.com'),('WSS34','WSS34Name',3,1,3,'serviceprovider','https://serviceprovider.com'),('WSS340','WSS340Name',3,1,3,'serviceprovider','https://serviceprovider.com'),('WSS341','WSS341Name',3,1,3,'serviceprovider','https://serviceprovider.com'),('WSS342','WSS342Name',3,1,3,'serviceprovider','https://serviceprovider.com'),('WSS343','WSS343Name',3,1,3,'serviceprovider','https://serviceprovider.com'),('WSS344','WSS344Name',3,1,3,'serviceprovider','https://serviceprovider.com'),('WSS345','WSS345Name',3,1,3,'serviceprovider','https://serviceprovider.com'),('WSS346','WSS346Name',3,1,3,'serviceprovider','https://serviceprovider.com'),('WSS347','WSS347Name',3,1,3,'serviceprovider','https://serviceprovider.com'),('WSS348','WSS348Name',3,1,3,'serviceprovider','https://serviceprovider.com'),('WSS349','WSS349Name',3,1,3,'serviceprovider','https://serviceprovider.com'),('WSS35','WSS35Name',3,1,3,'serviceprovider','https://serviceprovider.com'),('WSS350','WSS350Name',3,1,3,'serviceprovider','https://serviceprovider.com'),('WSS351','WSS351Name',3,1,3,'serviceprovider','https://serviceprovider.com'),('WSS352','WSS352Name',3,1,3,'serviceprovider','https://serviceprovider.com'),('WSS353','WSS353Name',3,1,3,'serviceprovider','https://serviceprovider.com'),('WSS354','WSS354Name',3,1,3,'serviceprovider','https://serviceprovider.com'),('WSS355','WSS355Name',3,1,3,'serviceprovider','https://serviceprovider.com'),('WSS356','WSS356Name',3,1,3,'serviceprovider','https://serviceprovider.com'),('WSS357','WSS357Name',3,1,3,'serviceprovider','https://serviceprovider.com'),('WSS358','WSS358Name',3,1,3,'serviceprovider','https://serviceprovider.com'),('WSS359','WSS359Name',3,1,3,'serviceprovider','https://serviceprovider.com'),('WSS36','WSS36Name',3,1,3,'serviceprovider','https://serviceprovider.com'),('WSS360','WSS360Name',3,1,3,'serviceprovider','https://serviceprovider.com'),('WSS361','WSS361Name',3,1,3,'serviceprovider','https://serviceprovider.com'),('WSS362','WSS362Name',3,1,3,'serviceprovider','https://serviceprovider.com'),('WSS363','WSS363Name',3,1,3,'serviceprovider','https://serviceprovider.com'),('WSS364','WSS364Name',3,1,3,'serviceprovider','https://serviceprovider.com'),('WSS365','WSS365Name',3,1,3,'serviceprovider','https://serviceprovider.com'),('WSS366','WSS366Name',3,1,3,'serviceprovider','https://serviceprovider.com'),('WSS367','WSS367Name',3,1,3,'serviceprovider','https://serviceprovider.com'),('WSS368','WSS368Name',3,1,3,'serviceprovider','https://serviceprovider.com'),('WSS369','WSS369Name',3,1,3,'serviceprovider','https://serviceprovider.com'),('WSS37','WSS37Name',3,1,3,'serviceprovider','https://serviceprovider.com'),('WSS370','WSS370Name',3,1,3,'serviceprovider','https://serviceprovider.com'),('WSS371','WSS371Name',3,1,3,'serviceprovider','https://serviceprovider.com'),('WSS372','WSS372Name',3,1,3,'serviceprovider','https://serviceprovider.com'),('WSS373','WSS373Name',3,1,3,'serviceprovider','https://serviceprovider.com'),('WSS374','WSS374Name',3,1,3,'serviceprovider','https://serviceprovider.com'),('WSS375','WSS375Name',3,1,3,'serviceprovider','https://serviceprovider.com'),('WSS376','WSS376Name',3,1,3,'serviceprovider','https://serviceprovider.com'),('WSS377','WSS377Name',3,1,3,'serviceprovider','https://serviceprovider.com'),('WSS378','WSS378Name',3,1,3,'serviceprovider','https://serviceprovider.com'),('WSS379','WSS379Name',3,1,3,'serviceprovider','https://serviceprovider.com'),('WSS38','WSS38Name',3,1,3,'serviceprovider','https://serviceprovider.com'),('WSS380','WSS380Name',3,1,3,'serviceprovider','https://serviceprovider.com'),('WSS381','WSS381Name',3,1,3,'serviceprovider','https://serviceprovider.com'),('WSS382','WSS382Name',3,1,3,'serviceprovider','https://serviceprovider.com'),('WSS383','WSS383Name',3,1,3,'serviceprovider','https://serviceprovider.com'),('WSS384','WSS384Name',3,1,3,'serviceprovider','https://serviceprovider.com'),('WSS385','WSS385Name',3,1,3,'serviceprovider','https://serviceprovider.com'),('WSS386','WSS386Name',3,1,3,'serviceprovider','https://serviceprovider.com'),('WSS387','WSS387Name',3,1,3,'serviceprovider','https://serviceprovider.com'),('WSS388','WSS388Name',3,1,3,'serviceprovider','https://serviceprovider.com'),('WSS389','WSS389Name',3,1,3,'serviceprovider','https://serviceprovider.com'),('WSS39','WSS39Name',3,1,3,'serviceprovider','https://serviceprovider.com'),('WSS390','WSS390Name',3,1,3,'serviceprovider','https://serviceprovider.com'),('WSS391','WSS391Name',3,1,3,'serviceprovider','https://serviceprovider.com'),('WSS392','WSS392Name',3,1,3,'serviceprovider','https://serviceprovider.com'),('WSS393','WSS393Name',3,1,3,'serviceprovider','https://serviceprovider.com'),('WSS394','WSS394Name',3,1,3,'serviceprovider','https://serviceprovider.com'),('WSS395','WSS395Name',3,1,3,'serviceprovider','https://serviceprovider.com'),('WSS396','WSS396Name',3,1,3,'serviceprovider','https://serviceprovider.com'),('WSS397','WSS397Name',3,1,3,'serviceprovider','https://serviceprovider.com'),('WSS398','WSS398Name',3,1,3,'serviceprovider','https://serviceprovider.com'),('WSS399','WSS399Name',3,1,3,'serviceprovider','https://serviceprovider.com'),('WSS4','WSS4Name',3,1,3,'serviceprovider','https://serviceprovider.com'),('WSS40','WSS40Name',3,1,3,'serviceprovider','https://serviceprovider.com'),('WSS400','WSS400Name',3,1,3,'serviceprovider','https://serviceprovider.com'),('WSS401','WSS401Name',3,1,3,'serviceprovider','https://serviceprovider.com'),('WSS402','WSS402Name',3,1,3,'serviceprovider','https://serviceprovider.com'),('WSS403','WSS403Name',3,1,3,'serviceprovider','https://serviceprovider.com'),('WSS404','WSS404Name',3,1,3,'serviceprovider','https://serviceprovider.com'),('WSS405','WSS405Name',3,1,3,'serviceprovider','https://serviceprovider.com'),('WSS406','WSS406Name',3,1,3,'serviceprovider','https://serviceprovider.com'),('WSS407','WSS407Name',3,1,3,'serviceprovider','https://serviceprovider.com'),('WSS408','WSS408Name',3,1,3,'serviceprovider','https://serviceprovider.com'),('WSS409','WSS409Name',3,1,3,'serviceprovider','https://serviceprovider.com'),('WSS41','WSS41Name',3,1,3,'serviceprovider','https://serviceprovider.com'),('WSS410','WSS410Name',3,1,3,'serviceprovider','https://serviceprovider.com'),('WSS411','WSS411Name',3,1,3,'serviceprovider','https://serviceprovider.com'),('WSS412','WSS412Name',3,1,3,'serviceprovider','https://serviceprovider.com'),('WSS413','WSS413Name',3,1,3,'serviceprovider','https://serviceprovider.com'),('WSS414','WSS414Name',3,1,3,'serviceprovider','https://serviceprovider.com'),('WSS415','WSS415Name',3,1,3,'serviceprovider','https://serviceprovider.com'),('WSS416','WSS416Name',3,1,3,'serviceprovider','https://serviceprovider.com'),('WSS417','WSS417Name',3,1,3,'serviceprovider','https://serviceprovider.com'),('WSS418','WSS418Name',3,1,3,'serviceprovider','https://serviceprovider.com'),('WSS419','WSS419Name',3,1,3,'serviceprovider','https://serviceprovider.com'),('WSS42','WSS42Name',3,1,3,'serviceprovider','https://serviceprovider.com'),('WSS420','WSS420Name',3,1,3,'serviceprovider','https://serviceprovider.com'),('WSS421','WSS421Name',3,1,3,'serviceprovider','https://serviceprovider.com'),('WSS422','WSS422Name',3,1,3,'serviceprovider','https://serviceprovider.com'),('WSS423','WSS423Name',3,1,3,'serviceprovider','https://serviceprovider.com'),('WSS424','WSS424Name',3,1,3,'serviceprovider','https://serviceprovider.com'),('WSS425','WSS425Name',3,1,3,'serviceprovider','https://serviceprovider.com'),('WSS426','WSS426Name',3,1,3,'serviceprovider','https://serviceprovider.com'),('WSS427','WSS427Name',3,1,3,'serviceprovider','https://serviceprovider.com'),('WSS428','WSS428Name',3,1,3,'serviceprovider','https://serviceprovider.com'),('WSS429','WSS429Name',3,1,3,'serviceprovider','https://serviceprovider.com'),('WSS43','WSS43Name',3,1,3,'serviceprovider','https://serviceprovider.com'),('WSS430','WSS430Name',3,1,3,'serviceprovider','https://serviceprovider.com'),('WSS431','WSS431Name',3,1,3,'serviceprovider','https://serviceprovider.com'),('WSS432','WSS432Name',3,1,3,'serviceprovider','https://serviceprovider.com'),('WSS433','WSS433Name',3,1,3,'serviceprovider','https://serviceprovider.com'),('WSS434','WSS434Name',3,1,3,'serviceprovider','https://serviceprovider.com'),('WSS435','WSS435Name',3,1,3,'serviceprovider','https://serviceprovider.com'),('WSS436','WSS436Name',3,1,3,'serviceprovider','https://serviceprovider.com'),('WSS437','WSS437Name',3,1,3,'serviceprovider','https://serviceprovider.com'),('WSS438','WSS438Name',3,1,3,'serviceprovider','https://serviceprovider.com'),('WSS439','WSS439Name',3,1,3,'serviceprovider','https://serviceprovider.com'),('WSS44','WSS44Name',3,1,3,'serviceprovider','https://serviceprovider.com'),('WSS440','WSS440Name',3,1,3,'serviceprovider','https://serviceprovider.com'),('WSS441','WSS441Name',3,1,3,'serviceprovider','https://serviceprovider.com'),('WSS442','WSS442Name',3,1,3,'serviceprovider','https://serviceprovider.com'),('WSS443','WSS443Name',3,1,3,'serviceprovider','https://serviceprovider.com'),('WSS444','WSS444Name',3,1,3,'serviceprovider','https://serviceprovider.com'),('WSS445','WSS445Name',3,1,3,'serviceprovider','https://serviceprovider.com'),('WSS446','WSS446Name',3,1,3,'serviceprovider','https://serviceprovider.com'),('WSS447','WSS447Name',3,1,3,'serviceprovider','https://serviceprovider.com'),('WSS448','WSS448Name',3,1,3,'serviceprovider','https://serviceprovider.com'),('WSS449','WSS449Name',3,1,3,'serviceprovider','https://serviceprovider.com'),('WSS45','WSS45Name',3,1,3,'serviceprovider','https://serviceprovider.com'),('WSS450','WSS450Name',3,1,3,'serviceprovider','https://serviceprovider.com'),('WSS451','WSS451Name',3,1,3,'serviceprovider','https://serviceprovider.com'),('WSS452','WSS452Name',3,1,3,'serviceprovider','https://serviceprovider.com'),('WSS453','WSS453Name',3,1,3,'serviceprovider','https://serviceprovider.com'),('WSS454','WSS454Name',3,1,3,'serviceprovider','https://serviceprovider.com'),('WSS455','WSS455Name',3,1,3,'serviceprovider','https://serviceprovider.com'),('WSS456','WSS456Name',3,1,3,'serviceprovider','https://serviceprovider.com'),('WSS457','WSS457Name',3,1,3,'serviceprovider','https://serviceprovider.com'),('WSS458','WSS458Name',3,1,3,'serviceprovider','https://serviceprovider.com'),('WSS459','WSS459Name',3,1,3,'serviceprovider','https://serviceprovider.com'),('WSS46','WSS46Name',3,1,3,'serviceprovider','https://serviceprovider.com'),('WSS460','WSS460Name',3,1,3,'serviceprovider','https://serviceprovider.com'),('WSS461','WSS461Name',3,1,3,'serviceprovider','https://serviceprovider.com'),('WSS462','WSS462Name',3,1,3,'serviceprovider','https://serviceprovider.com'),('WSS463','WSS463Name',3,1,3,'serviceprovider','https://serviceprovider.com'),('WSS464','WSS464Name',3,1,3,'serviceprovider','https://serviceprovider.com'),('WSS465','WSS465Name',3,1,3,'serviceprovider','https://serviceprovider.com'),('WSS466','WSS466Name',3,1,3,'serviceprovider','https://serviceprovider.com'),('WSS467','WSS467Name',3,1,3,'serviceprovider','https://serviceprovider.com'),('WSS468','WSS468Name',3,1,3,'serviceprovider','https://serviceprovider.com'),('WSS469','WSS469Name',3,1,3,'serviceprovider','https://serviceprovider.com'),('WSS47','WSS47Name',3,1,3,'serviceprovider','https://serviceprovider.com'),('WSS470','WSS470Name',3,1,3,'serviceprovider','https://serviceprovider.com'),('WSS471','WSS471Name',3,1,3,'serviceprovider','https://serviceprovider.com'),('WSS472','WSS472Name',3,1,3,'serviceprovider','https://serviceprovider.com'),('WSS473','WSS473Name',3,1,3,'serviceprovider','https://serviceprovider.com'),('WSS474','WSS474Name',3,1,3,'serviceprovider','https://serviceprovider.com'),('WSS475','WSS475Name',3,1,3,'serviceprovider','https://serviceprovider.com'),('WSS476','WSS476Name',3,1,3,'serviceprovider','https://serviceprovider.com'),('WSS477','WSS477Name',3,1,3,'serviceprovider','https://serviceprovider.com'),('WSS478','WSS478Name',3,1,3,'serviceprovider','https://serviceprovider.com'),('WSS479','WSS479Name',3,1,3,'serviceprovider','https://serviceprovider.com'),('WSS48','WSS48Name',3,1,3,'serviceprovider','https://serviceprovider.com'),('WSS480','WSS480Name',3,1,3,'serviceprovider','https://serviceprovider.com'),('WSS481','WSS481Name',3,1,3,'serviceprovider','https://serviceprovider.com'),('WSS482','WSS482Name',3,1,3,'serviceprovider','https://serviceprovider.com'),('WSS483','WSS483Name',3,1,3,'serviceprovider','https://serviceprovider.com'),('WSS484','WSS484Name',3,1,3,'serviceprovider','https://serviceprovider.com'),('WSS485','WSS485Name',3,1,3,'serviceprovider','https://serviceprovider.com'),('WSS486','WSS486Name',3,1,3,'serviceprovider','https://serviceprovider.com'),('WSS487','WSS487Name',3,1,3,'serviceprovider','https://serviceprovider.com'),('WSS488','WSS488Name',3,1,3,'serviceprovider','https://serviceprovider.com'),('WSS489','WSS489Name',3,1,3,'serviceprovider','https://serviceprovider.com'),('WSS49','WSS49Name',3,1,3,'serviceprovider','https://serviceprovider.com'),('WSS490','WSS490Name',3,1,3,'serviceprovider','https://serviceprovider.com'),('WSS491','WSS491Name',3,1,3,'serviceprovider','https://serviceprovider.com'),('WSS492','WSS492Name',3,1,3,'serviceprovider','https://serviceprovider.com'),('WSS493','WSS493Name',3,1,3,'serviceprovider','https://serviceprovider.com'),('WSS494','WSS494Name',3,1,3,'serviceprovider','https://serviceprovider.com'),('WSS495','WSS495Name',3,1,3,'serviceprovider','https://serviceprovider.com'),('WSS496','WSS496Name',3,1,3,'serviceprovider','https://serviceprovider.com'),('WSS497','WSS497Name',3,1,3,'serviceprovider','https://serviceprovider.com'),('WSS498','WSS498Name',3,1,3,'serviceprovider','https://serviceprovider.com'),('WSS499','WSS499Name',3,1,3,'serviceprovider','https://serviceprovider.com'),('WSS5','WSS5Name',3,1,3,'serviceprovider','https://serviceprovider.com'),('WSS50','WSS50Name',3,1,3,'serviceprovider','https://serviceprovider.com'),('WSS500','WSS500Name',3,1,3,'serviceprovider','https://serviceprovider.com'),('WSS501','WSS501Name',3,1,3,'serviceprovider','https://serviceprovider.com'),('WSS502','WSS502Name',3,1,3,'serviceprovider','https://serviceprovider.com'),('WSS503','WSS503Name',3,1,3,'serviceprovider','https://serviceprovider.com'),('WSS504','WSS504Name',3,1,3,'serviceprovider','https://serviceprovider.com'),('WSS505','WSS505Name',3,1,3,'serviceprovider','https://serviceprovider.com'),('WSS506','WSS506Name',3,1,3,'serviceprovider','https://serviceprovider.com'),('WSS507','WSS507Name',3,1,3,'serviceprovider','https://serviceprovider.com'),('WSS508','WSS508Name',3,1,3,'serviceprovider','https://serviceprovider.com'),('WSS509','WSS509Name',3,1,3,'serviceprovider','https://serviceprovider.com'),('WSS51','WSS51Name',3,1,3,'serviceprovider','https://serviceprovider.com'),('WSS510','WSS510Name',3,1,3,'serviceprovider','https://serviceprovider.com'),('WSS511','WSS511Name',3,1,3,'serviceprovider','https://serviceprovider.com'),('WSS512','WSS512Name',3,1,3,'serviceprovider','https://serviceprovider.com'),('WSS513','WSS513Name',3,1,3,'serviceprovider','https://serviceprovider.com'),('WSS514','WSS514Name',3,1,3,'serviceprovider','https://serviceprovider.com'),('WSS515','WSS515Name',3,1,3,'serviceprovider','https://serviceprovider.com'),('WSS516','WSS516Name',3,1,3,'serviceprovider','https://serviceprovider.com'),('WSS517','WSS517Name',3,1,3,'serviceprovider','https://serviceprovider.com'),('WSS518','WSS518Name',3,1,3,'serviceprovider','https://serviceprovider.com'),('WSS519','WSS519Name',3,1,3,'serviceprovider','https://serviceprovider.com'),('WSS52','WSS52Name',3,1,3,'serviceprovider','https://serviceprovider.com'),('WSS520','WSS520Name',3,1,3,'serviceprovider','https://serviceprovider.com'),('WSS521','WSS521Name',3,1,3,'serviceprovider','https://serviceprovider.com'),('WSS522','WSS522Name',3,1,3,'serviceprovider','https://serviceprovider.com'),('WSS523','WSS523Name',3,1,3,'serviceprovider','https://serviceprovider.com'),('WSS524','WSS524Name',3,1,3,'serviceprovider','https://serviceprovider.com'),('WSS525','WSS525Name',3,1,3,'serviceprovider','https://serviceprovider.com'),('WSS526','WSS526Name',3,1,3,'serviceprovider','https://serviceprovider.com'),('WSS527','WSS527Name',3,1,3,'serviceprovider','https://serviceprovider.com'),('WSS528','WSS528Name',3,1,3,'serviceprovider','https://serviceprovider.com'),('WSS529','WSS529Name',3,1,3,'serviceprovider','https://serviceprovider.com'),('WSS53','WSS53Name',3,1,3,'serviceprovider','https://serviceprovider.com'),('WSS530','WSS530Name',3,1,3,'serviceprovider','https://serviceprovider.com'),('WSS531','WSS531Name',3,1,3,'serviceprovider','https://serviceprovider.com'),('WSS532','WSS532Name',3,1,3,'serviceprovider','https://serviceprovider.com'),('WSS533','WSS533Name',3,1,3,'serviceprovider','https://serviceprovider.com'),('WSS534','WSS534Name',3,1,3,'serviceprovider','https://serviceprovider.com'),('WSS535','WSS535Name',3,1,3,'serviceprovider','https://serviceprovider.com'),('WSS536','WSS536Name',3,1,3,'serviceprovider','https://serviceprovider.com'),('WSS537','WSS537Name',3,1,3,'serviceprovider','https://serviceprovider.com'),('WSS538','WSS538Name',3,1,3,'serviceprovider','https://serviceprovider.com'),('WSS539','WSS539Name',3,1,3,'serviceprovider','https://serviceprovider.com'),('WSS54','WSS54Name',3,1,3,'serviceprovider','https://serviceprovider.com'),('WSS540','WSS540Name',3,1,3,'serviceprovider','https://serviceprovider.com'),('WSS541','WSS541Name',3,1,3,'serviceprovider','https://serviceprovider.com'),('WSS542','WSS542Name',3,1,3,'serviceprovider','https://serviceprovider.com'),('WSS543','WSS543Name',3,1,3,'serviceprovider','https://serviceprovider.com'),('WSS544','WSS544Name',3,1,3,'serviceprovider','https://serviceprovider.com'),('WSS545','WSS545Name',3,1,3,'serviceprovider','https://serviceprovider.com'),('WSS546','WSS546Name',3,1,3,'serviceprovider','https://serviceprovider.com'),('WSS547','WSS547Name',3,1,3,'serviceprovider','https://serviceprovider.com'),('WSS548','WSS548Name',3,1,3,'serviceprovider','https://serviceprovider.com'),('WSS549','WSS549Name',3,1,3,'serviceprovider','https://serviceprovider.com'),('WSS55','WSS55Name',3,1,3,'serviceprovider','https://serviceprovider.com'),('WSS550','WSS550Name',3,1,3,'serviceprovider','https://serviceprovider.com'),('WSS551','WSS551Name',3,1,3,'serviceprovider','https://serviceprovider.com'),('WSS552','WSS552Name',3,1,3,'serviceprovider','https://serviceprovider.com'),('WSS553','WSS553Name',3,1,3,'serviceprovider','https://serviceprovider.com'),('WSS554','WSS554Name',3,1,3,'serviceprovider','https://serviceprovider.com'),('WSS555','WSS555Name',3,1,3,'serviceprovider','https://serviceprovider.com'),('WSS556','WSS556Name',3,1,3,'serviceprovider','https://serviceprovider.com'),('WSS557','WSS557Name',3,1,3,'serviceprovider','https://serviceprovider.com'),('WSS558','WSS558Name',3,1,3,'serviceprovider','https://serviceprovider.com'),('WSS559','WSS559Name',3,1,3,'serviceprovider','https://serviceprovider.com'),('WSS56','WSS56Name',3,1,3,'serviceprovider','https://serviceprovider.com'),('WSS560','WSS560Name',3,1,3,'serviceprovider','https://serviceprovider.com'),('WSS561','WSS561Name',3,1,3,'serviceprovider','https://serviceprovider.com'),('WSS562','WSS562Name',3,1,3,'serviceprovider','https://serviceprovider.com'),('WSS563','WSS563Name',3,1,3,'serviceprovider','https://serviceprovider.com'),('WSS564','WSS564Name',3,1,3,'serviceprovider','https://serviceprovider.com'),('WSS565','WSS565Name',3,1,3,'serviceprovider','https://serviceprovider.com'),('WSS566','WSS566Name',3,1,3,'serviceprovider','https://serviceprovider.com'),('WSS567','WSS567Name',3,1,3,'serviceprovider','https://serviceprovider.com'),('WSS568','WSS568Name',3,1,3,'serviceprovider','https://serviceprovider.com'),('WSS569','WSS569Name',3,1,3,'serviceprovider','https://serviceprovider.com'),('WSS57','WSS57Name',3,1,3,'serviceprovider','https://serviceprovider.com'),('WSS570','WSS570Name',3,1,3,'serviceprovider','https://serviceprovider.com'),('WSS571','WSS571Name',3,1,3,'serviceprovider','https://serviceprovider.com'),('WSS572','WSS572Name',3,1,3,'serviceprovider','https://serviceprovider.com'),('WSS573','WSS573Name',3,1,3,'serviceprovider','https://serviceprovider.com'),('WSS574','WSS574Name',3,1,3,'serviceprovider','https://serviceprovider.com'),('WSS575','WSS575Name',3,1,3,'serviceprovider','https://serviceprovider.com'),('WSS576','WSS576Name',3,1,3,'serviceprovider','https://serviceprovider.com'),('WSS577','WSS577Name',3,1,3,'serviceprovider','https://serviceprovider.com'),('WSS578','WSS578Name',3,1,3,'serviceprovider','https://serviceprovider.com'),('WSS579','WSS579Name',3,1,3,'serviceprovider','https://serviceprovider.com'),('WSS58','WSS58Name',3,1,3,'serviceprovider','https://serviceprovider.com'),('WSS580','WSS580Name',3,1,3,'serviceprovider','https://serviceprovider.com'),('WSS581','WSS581Name',3,1,3,'serviceprovider','https://serviceprovider.com'),('WSS582','WSS582Name',3,1,3,'serviceprovider','https://serviceprovider.com'),('WSS583','WSS583Name',3,1,3,'serviceprovider','https://serviceprovider.com'),('WSS584','WSS584Name',3,1,3,'serviceprovider','https://serviceprovider.com'),('WSS585','WSS585Name',3,1,3,'serviceprovider','https://serviceprovider.com'),('WSS586','WSS586Name',3,1,3,'serviceprovider','https://serviceprovider.com'),('WSS587','WSS587Name',3,1,3,'serviceprovider','https://serviceprovider.com'),('WSS588','WSS588Name',3,1,3,'serviceprovider','https://serviceprovider.com'),('WSS589','WSS589Name',3,1,3,'serviceprovider','https://serviceprovider.com'),('WSS59','WSS59Name',3,1,3,'serviceprovider','https://serviceprovider.com'),('WSS590','WSS590Name',3,1,3,'serviceprovider','https://serviceprovider.com'),('WSS591','WSS591Name',3,1,3,'serviceprovider','https://serviceprovider.com'),('WSS592','WSS592Name',3,1,3,'serviceprovider','https://serviceprovider.com'),('WSS593','WSS593Name',3,1,3,'serviceprovider','https://serviceprovider.com'),('WSS594','WSS594Name',3,1,3,'serviceprovider','https://serviceprovider.com'),('WSS595','WSS595Name',3,1,3,'serviceprovider','https://serviceprovider.com'),('WSS596','WSS596Name',3,1,3,'serviceprovider','https://serviceprovider.com'),('WSS597','WSS597Name',3,1,3,'serviceprovider','https://serviceprovider.com'),('WSS598','WSS598Name',3,1,3,'serviceprovider','https://serviceprovider.com'),('WSS599','WSS599Name',3,1,3,'serviceprovider','https://serviceprovider.com'),('WSS6','WSS6Name',3,1,3,'serviceprovider','https://serviceprovider.com'),('WSS60','WSS60Name',3,1,3,'serviceprovider','https://serviceprovider.com'),('WSS600','WSS600Name',3,1,3,'serviceprovider','https://serviceprovider.com'),('WSS601','WSS601Name',3,1,3,'serviceprovider','https://serviceprovider.com'),('WSS602','WSS602Name',3,1,3,'serviceprovider','https://serviceprovider.com'),('WSS603','WSS603Name',3,1,3,'serviceprovider','https://serviceprovider.com'),('WSS604','WSS604Name',3,1,3,'serviceprovider','https://serviceprovider.com'),('WSS605','WSS605Name',3,1,3,'serviceprovider','https://serviceprovider.com'),('WSS606','WSS606Name',3,1,3,'serviceprovider','https://serviceprovider.com'),('WSS607','WSS607Name',3,1,3,'serviceprovider','https://serviceprovider.com'),('WSS608','WSS608Name',3,1,3,'serviceprovider','https://serviceprovider.com'),('WSS609','WSS609Name',3,1,3,'serviceprovider','https://serviceprovider.com'),('WSS61','WSS61Name',3,1,3,'serviceprovider','https://serviceprovider.com'),('WSS610','WSS610Name',3,1,3,'serviceprovider','https://serviceprovider.com'),('WSS611','WSS611Name',3,1,3,'serviceprovider','https://serviceprovider.com'),('WSS612','WSS612Name',3,1,3,'serviceprovider','https://serviceprovider.com'),('WSS613','WSS613Name',3,1,3,'serviceprovider','https://serviceprovider.com'),('WSS614','WSS614Name',3,1,3,'serviceprovider','https://serviceprovider.com'),('WSS615','WSS615Name',3,1,3,'serviceprovider','https://serviceprovider.com'),('WSS616','WSS616Name',3,1,3,'serviceprovider','https://serviceprovider.com'),('WSS617','WSS617Name',3,1,3,'serviceprovider','https://serviceprovider.com'),('WSS618','WSS618Name',3,1,3,'serviceprovider','https://serviceprovider.com'),('WSS619','WSS619Name',3,1,3,'serviceprovider','https://serviceprovider.com'),('WSS62','WSS62Name',3,1,3,'serviceprovider','https://serviceprovider.com'),('WSS620','WSS620Name',3,1,3,'serviceprovider','https://serviceprovider.com'),('WSS621','WSS621Name',3,1,3,'serviceprovider','https://serviceprovider.com'),('WSS622','WSS622Name',3,1,3,'serviceprovider','https://serviceprovider.com'),('WSS623','WSS623Name',3,1,3,'serviceprovider','https://serviceprovider.com'),('WSS624','WSS624Name',3,1,3,'serviceprovider','https://serviceprovider.com'),('WSS625','WSS625Name',3,1,3,'serviceprovider','https://serviceprovider.com'),('WSS626','WSS626Name',3,1,3,'serviceprovider','https://serviceprovider.com'),('WSS627','WSS627Name',3,1,3,'serviceprovider','https://serviceprovider.com'),('WSS628','WSS628Name',3,1,3,'serviceprovider','https://serviceprovider.com'),('WSS629','WSS629Name',3,1,3,'serviceprovider','https://serviceprovider.com'),('WSS63','WSS63Name',3,1,3,'serviceprovider','https://serviceprovider.com'),('WSS630','WSS630Name',3,1,3,'serviceprovider','https://serviceprovider.com'),('WSS631','WSS631Name',3,1,3,'serviceprovider','https://serviceprovider.com'),('WSS632','WSS632Name',3,1,3,'serviceprovider','https://serviceprovider.com'),('WSS633','WSS633Name',3,1,3,'serviceprovider','https://serviceprovider.com'),('WSS634','WSS634Name',3,1,3,'serviceprovider','https://serviceprovider.com'),('WSS635','WSS635Name',3,1,3,'serviceprovider','https://serviceprovider.com'),('WSS636','WSS636Name',3,1,3,'serviceprovider','https://serviceprovider.com'),('WSS637','WSS637Name',3,1,3,'serviceprovider','https://serviceprovider.com'),('WSS638','WSS638Name',3,1,3,'serviceprovider','https://serviceprovider.com'),('WSS639','WSS639Name',3,1,3,'serviceprovider','https://serviceprovider.com'),('WSS64','WSS64Name',3,1,3,'serviceprovider','https://serviceprovider.com'),('WSS640','WSS640Name',3,1,3,'serviceprovider','https://serviceprovider.com'),('WSS641','WSS641Name',3,1,3,'serviceprovider','https://serviceprovider.com'),('WSS642','WSS642Name',3,1,3,'serviceprovider','https://serviceprovider.com'),('WSS643','WSS643Name',3,1,3,'serviceprovider','https://serviceprovider.com'),('WSS644','WSS644Name',3,1,3,'serviceprovider','https://serviceprovider.com'),('WSS645','WSS645Name',3,1,3,'serviceprovider','https://serviceprovider.com'),('WSS646','WSS646Name',3,1,3,'serviceprovider','https://serviceprovider.com'),('WSS647','WSS647Name',3,1,3,'serviceprovider','https://serviceprovider.com'),('WSS648','WSS648Name',3,1,3,'serviceprovider','https://serviceprovider.com'),('WSS649','WSS649Name',3,1,3,'serviceprovider','https://serviceprovider.com'),('WSS65','WSS65Name',3,1,3,'serviceprovider','https://serviceprovider.com'),('WSS650','WSS650Name',3,1,3,'serviceprovider','https://serviceprovider.com'),('WSS651','WSS651Name',3,1,3,'serviceprovider','https://serviceprovider.com'),('WSS652','WSS652Name',3,1,3,'serviceprovider','https://serviceprovider.com'),('WSS653','WSS653Name',3,1,3,'serviceprovider','https://serviceprovider.com'),('WSS654','WSS654Name',3,1,3,'serviceprovider','https://serviceprovider.com'),('WSS655','WSS655Name',3,1,3,'serviceprovider','https://serviceprovider.com'),('WSS656','WSS656Name',3,1,3,'serviceprovider','https://serviceprovider.com'),('WSS657','WSS657Name',3,1,3,'serviceprovider','https://serviceprovider.com'),('WSS658','WSS658Name',3,1,3,'serviceprovider','https://serviceprovider.com'),('WSS659','WSS659Name',3,1,3,'serviceprovider','https://serviceprovider.com'),('WSS66','WSS66Name',3,1,3,'serviceprovider','https://serviceprovider.com'),('WSS660','WSS660Name',3,1,3,'serviceprovider','https://serviceprovider.com'),('WSS661','WSS661Name',3,1,3,'serviceprovider','https://serviceprovider.com'),('WSS662','WSS662Name',3,1,3,'serviceprovider','https://serviceprovider.com'),('WSS663','WSS663Name',3,1,3,'serviceprovider','https://serviceprovider.com'),('WSS664','WSS664Name',3,1,3,'serviceprovider','https://serviceprovider.com'),('WSS665','WSS665Name',3,1,3,'serviceprovider','https://serviceprovider.com'),('WSS666','WSS666Name',3,1,3,'serviceprovider','https://serviceprovider.com'),('WSS667','WSS667Name',3,1,3,'serviceprovider','https://serviceprovider.com'),('WSS668','WSS668Name',3,1,3,'serviceprovider','https://serviceprovider.com'),('WSS669','WSS669Name',3,1,3,'serviceprovider','https://serviceprovider.com'),('WSS67','WSS67Name',3,1,3,'serviceprovider','https://serviceprovider.com'),('WSS670','WSS670Name',3,1,3,'serviceprovider','https://serviceprovider.com'),('WSS671','WSS671Name',3,1,3,'serviceprovider','https://serviceprovider.com'),('WSS672','WSS672Name',3,1,3,'serviceprovider','https://serviceprovider.com'),('WSS673','WSS673Name',3,1,3,'serviceprovider','https://serviceprovider.com'),('WSS674','WSS674Name',3,1,3,'serviceprovider','https://serviceprovider.com'),('WSS675','WSS675Name',3,1,3,'serviceprovider','https://serviceprovider.com'),('WSS676','WSS676Name',3,1,3,'serviceprovider','https://serviceprovider.com'),('WSS677','WSS677Name',3,1,3,'serviceprovider','https://serviceprovider.com'),('WSS678','WSS678Name',3,1,3,'serviceprovider','https://serviceprovider.com'),('WSS679','WSS679Name',3,1,3,'serviceprovider','https://serviceprovider.com'),('WSS68','WSS68Name',3,1,3,'serviceprovider','https://serviceprovider.com'),('WSS680','WSS680Name',3,1,3,'serviceprovider','https://serviceprovider.com'),('WSS681','WSS681Name',3,1,3,'serviceprovider','https://serviceprovider.com'),('WSS682','WSS682Name',3,1,3,'serviceprovider','https://serviceprovider.com'),('WSS683','WSS683Name',3,1,3,'serviceprovider','https://serviceprovider.com'),('WSS684','WSS684Name',3,1,3,'serviceprovider','https://serviceprovider.com'),('WSS685','WSS685Name',3,1,3,'serviceprovider','https://serviceprovider.com'),('WSS686','WSS686Name',3,1,3,'serviceprovider','https://serviceprovider.com'),('WSS687','WSS687Name',3,1,3,'serviceprovider','https://serviceprovider.com'),('WSS688','WSS688Name',3,1,3,'serviceprovider','https://serviceprovider.com'),('WSS689','WSS689Name',3,1,3,'serviceprovider','https://serviceprovider.com'),('WSS69','WSS69Name',3,1,3,'serviceprovider','https://serviceprovider.com'),('WSS690','WSS690Name',3,1,3,'serviceprovider','https://serviceprovider.com'),('WSS691','WSS691Name',3,1,3,'serviceprovider','https://serviceprovider.com'),('WSS692','WSS692Name',3,1,3,'serviceprovider','https://serviceprovider.com'),('WSS693','WSS693Name',3,1,3,'serviceprovider','https://serviceprovider.com'),('WSS694','WSS694Name',3,1,3,'serviceprovider','https://serviceprovider.com'),('WSS695','WSS695Name',3,1,3,'serviceprovider','https://serviceprovider.com'),('WSS696','WSS696Name',3,1,3,'serviceprovider','https://serviceprovider.com'),('WSS697','WSS697Name',3,1,3,'serviceprovider','https://serviceprovider.com'),('WSS698','WSS698Name',3,1,3,'serviceprovider','https://serviceprovider.com'),('WSS699','WSS699Name',3,1,3,'serviceprovider','https://serviceprovider.com'),('WSS7','WSS7Name',3,1,3,'serviceprovider','https://serviceprovider.com'),('WSS70','WSS70Name',3,1,3,'serviceprovider','https://serviceprovider.com'),('WSS700','WSS700Name',3,1,3,'serviceprovider','https://serviceprovider.com'),('WSS701','WSS701Name',3,1,3,'serviceprovider','https://serviceprovider.com'),('WSS702','WSS702Name',3,1,3,'serviceprovider','https://serviceprovider.com'),('WSS703','WSS703Name',3,1,3,'serviceprovider','https://serviceprovider.com'),('WSS704','WSS704Name',3,1,3,'serviceprovider','https://serviceprovider.com'),('WSS705','WSS705Name',3,1,3,'serviceprovider','https://serviceprovider.com'),('WSS706','WSS706Name',3,1,3,'serviceprovider','https://serviceprovider.com'),('WSS707','WSS707Name',3,1,3,'serviceprovider','https://serviceprovider.com'),('WSS708','WSS708Name',3,1,3,'serviceprovider','https://serviceprovider.com'),('WSS709','WSS709Name',3,1,3,'serviceprovider','https://serviceprovider.com'),('WSS71','WSS71Name',3,1,3,'serviceprovider','https://serviceprovider.com'),('WSS710','WSS710Name',3,1,3,'serviceprovider','https://serviceprovider.com'),('WSS711','WSS711Name',3,1,3,'serviceprovider','https://serviceprovider.com'),('WSS712','WSS712Name',3,1,3,'serviceprovider','https://serviceprovider.com'),('WSS713','WSS713Name',3,1,3,'serviceprovider','https://serviceprovider.com'),('WSS714','WSS714Name',3,1,3,'serviceprovider','https://serviceprovider.com'),('WSS715','WSS715Name',3,1,3,'serviceprovider','https://serviceprovider.com'),('WSS716','WSS716Name',3,1,3,'serviceprovider','https://serviceprovider.com'),('WSS717','WSS717Name',3,1,3,'serviceprovider','https://serviceprovider.com'),('WSS718','WSS718Name',3,1,3,'serviceprovider','https://serviceprovider.com'),('WSS719','WSS719Name',3,1,3,'serviceprovider','https://serviceprovider.com'),('WSS72','WSS72Name',3,1,3,'serviceprovider','https://serviceprovider.com'),('WSS720','WSS720Name',3,1,3,'serviceprovider','https://serviceprovider.com'),('WSS721','WSS721Name',3,1,3,'serviceprovider','https://serviceprovider.com'),('WSS722','WSS722Name',3,1,3,'serviceprovider','https://serviceprovider.com'),('WSS723','WSS723Name',3,1,3,'serviceprovider','https://serviceprovider.com'),('WSS724','WSS724Name',3,1,3,'serviceprovider','https://serviceprovider.com'),('WSS725','WSS725Name',3,1,3,'serviceprovider','https://serviceprovider.com'),('WSS726','WSS726Name',3,1,3,'serviceprovider','https://serviceprovider.com'),('WSS727','WSS727Name',3,1,3,'serviceprovider','https://serviceprovider.com'),('WSS728','WSS728Name',3,1,3,'serviceprovider','https://serviceprovider.com'),('WSS729','WSS729Name',3,1,3,'serviceprovider','https://serviceprovider.com'),('WSS73','WSS73Name',3,1,3,'serviceprovider','https://serviceprovider.com'),('WSS730','WSS730Name',3,1,3,'serviceprovider','https://serviceprovider.com'),('WSS731','WSS731Name',3,1,3,'serviceprovider','https://serviceprovider.com'),('WSS732','WSS732Name',3,1,3,'serviceprovider','https://serviceprovider.com'),('WSS733','WSS733Name',3,1,3,'serviceprovider','https://serviceprovider.com'),('WSS734','WSS734Name',3,1,3,'serviceprovider','https://serviceprovider.com'),('WSS735','WSS735Name',3,1,3,'serviceprovider','https://serviceprovider.com'),('WSS736','WSS736Name',3,1,3,'serviceprovider','https://serviceprovider.com'),('WSS737','WSS737Name',3,1,3,'serviceprovider','https://serviceprovider.com'),('WSS738','WSS738Name',3,1,3,'serviceprovider','https://serviceprovider.com'),('WSS739','WSS739Name',3,1,3,'serviceprovider','https://serviceprovider.com'),('WSS74','WSS74Name',3,1,3,'serviceprovider','https://serviceprovider.com'),('WSS740','WSS740Name',3,1,3,'serviceprovider','https://serviceprovider.com'),('WSS741','WSS741Name',3,1,3,'serviceprovider','https://serviceprovider.com'),('WSS742','WSS742Name',3,1,3,'serviceprovider','https://serviceprovider.com'),('WSS743','WSS743Name',3,1,3,'serviceprovider','https://serviceprovider.com'),('WSS744','WSS744Name',3,1,3,'serviceprovider','https://serviceprovider.com'),('WSS745','WSS745Name',3,1,3,'serviceprovider','https://serviceprovider.com'),('WSS746','WSS746Name',3,1,3,'serviceprovider','https://serviceprovider.com'),('WSS747','WSS747Name',3,1,3,'serviceprovider','https://serviceprovider.com'),('WSS748','WSS748Name',3,1,3,'serviceprovider','https://serviceprovider.com'),('WSS749','WSS749Name',3,1,3,'serviceprovider','https://serviceprovider.com'),('WSS75','WSS75Name',3,1,3,'serviceprovider','https://serviceprovider.com'),('WSS750','WSS750Name',3,1,3,'serviceprovider','https://serviceprovider.com'),('WSS751','WSS751Name',3,1,3,'serviceprovider','https://serviceprovider.com'),('WSS752','WSS752Name',3,1,3,'serviceprovider','https://serviceprovider.com'),('WSS753','WSS753Name',3,1,3,'serviceprovider','https://serviceprovider.com'),('WSS754','WSS754Name',3,1,3,'serviceprovider','https://serviceprovider.com'),('WSS755','WSS755Name',3,1,3,'serviceprovider','https://serviceprovider.com'),('WSS756','WSS756Name',3,1,3,'serviceprovider','https://serviceprovider.com'),('WSS757','WSS757Name',3,1,3,'serviceprovider','https://serviceprovider.com'),('WSS758','WSS758Name',3,1,3,'serviceprovider','https://serviceprovider.com'),('WSS759','WSS759Name',3,1,3,'serviceprovider','https://serviceprovider.com'),('WSS76','WSS76Name',3,1,3,'serviceprovider','https://serviceprovider.com'),('WSS760','WSS760Name',3,1,3,'serviceprovider','https://serviceprovider.com'),('WSS761','WSS761Name',3,1,3,'serviceprovider','https://serviceprovider.com'),('WSS762','WSS762Name',3,1,3,'serviceprovider','https://serviceprovider.com'),('WSS763','WSS763Name',3,1,3,'serviceprovider','https://serviceprovider.com'),('WSS764','WSS764Name',3,1,3,'serviceprovider','https://serviceprovider.com'),('WSS765','WSS765Name',3,1,3,'serviceprovider','https://serviceprovider.com'),('WSS766','WSS766Name',3,1,3,'serviceprovider','https://serviceprovider.com'),('WSS767','WSS767Name',3,1,3,'serviceprovider','https://serviceprovider.com'),('WSS768','WSS768Name',3,1,3,'serviceprovider','https://serviceprovider.com'),('WSS769','WSS769Name',3,1,3,'serviceprovider','https://serviceprovider.com'),('WSS77','WSS77Name',3,1,3,'serviceprovider','https://serviceprovider.com'),('WSS770','WSS770Name',3,1,3,'serviceprovider','https://serviceprovider.com'),('WSS771','WSS771Name',3,1,3,'serviceprovider','https://serviceprovider.com'),('WSS772','WSS772Name',3,1,3,'serviceprovider','https://serviceprovider.com'),('WSS773','WSS773Name',3,1,3,'serviceprovider','https://serviceprovider.com'),('WSS774','WSS774Name',3,1,3,'serviceprovider','https://serviceprovider.com'),('WSS775','WSS775Name',3,1,3,'serviceprovider','https://serviceprovider.com'),('WSS776','WSS776Name',3,1,3,'serviceprovider','https://serviceprovider.com'),('WSS777','WSS777Name',3,1,3,'serviceprovider','https://serviceprovider.com'),('WSS778','WSS778Name',3,1,3,'serviceprovider','https://serviceprovider.com'),('WSS779','WSS779Name',3,1,3,'serviceprovider','https://serviceprovider.com'),('WSS78','WSS78Name',3,1,3,'serviceprovider','https://serviceprovider.com'),('WSS780','WSS780Name',3,1,3,'serviceprovider','https://serviceprovider.com'),('WSS781','WSS781Name',3,1,3,'serviceprovider','https://serviceprovider.com'),('WSS782','WSS782Name',3,1,3,'serviceprovider','https://serviceprovider.com'),('WSS783','WSS783Name',3,1,3,'serviceprovider','https://serviceprovider.com'),('WSS784','WSS784Name',3,1,3,'serviceprovider','https://serviceprovider.com'),('WSS785','WSS785Name',3,1,3,'serviceprovider','https://serviceprovider.com'),('WSS786','WSS786Name',3,1,3,'serviceprovider','https://serviceprovider.com'),('WSS787','WSS787Name',3,1,3,'serviceprovider','https://serviceprovider.com'),('WSS788','WSS788Name',3,1,3,'serviceprovider','https://serviceprovider.com'),('WSS789','WSS789Name',3,1,3,'serviceprovider','https://serviceprovider.com'),('WSS79','WSS79Name',3,1,3,'serviceprovider','https://serviceprovider.com'),('WSS790','WSS790Name',3,1,3,'serviceprovider','https://serviceprovider.com'),('WSS791','WSS791Name',3,1,3,'serviceprovider','https://serviceprovider.com'),('WSS792','WSS792Name',3,1,3,'serviceprovider','https://serviceprovider.com'),('WSS793','WSS793Name',3,1,3,'serviceprovider','https://serviceprovider.com'),('WSS794','WSS794Name',3,1,3,'serviceprovider','https://serviceprovider.com'),('WSS795','WSS795Name',3,1,3,'serviceprovider','https://serviceprovider.com'),('WSS796','WSS796Name',3,1,3,'serviceprovider','https://serviceprovider.com'),('WSS797','WSS797Name',3,1,3,'serviceprovider','https://serviceprovider.com'),('WSS798','WSS798Name',3,1,3,'serviceprovider','https://serviceprovider.com'),('WSS799','WSS799Name',3,1,3,'serviceprovider','https://serviceprovider.com'),('WSS8','WSS8Name',3,1,3,'serviceprovider','https://serviceprovider.com'),('WSS80','WSS80Name',3,1,3,'serviceprovider','https://serviceprovider.com'),('WSS800','WSS800Name',3,1,3,'serviceprovider','https://serviceprovider.com'),('WSS81','WSS81Name',3,1,3,'serviceprovider','https://serviceprovider.com'),('WSS82','WSS82Name',3,1,3,'serviceprovider','https://serviceprovider.com'),('WSS83','WSS83Name',3,1,3,'serviceprovider','https://serviceprovider.com'),('WSS84','WSS84Name',3,1,3,'serviceprovider','https://serviceprovider.com'),('WSS85','WSS85Name',3,1,3,'serviceprovider','https://serviceprovider.com'),('WSS86','WSS86Name',3,1,3,'serviceprovider','https://serviceprovider.com'),('WSS87','WSS87Name',3,1,3,'serviceprovider','https://serviceprovider.com'),('WSS88','WSS88Name',3,1,3,'serviceprovider','https://serviceprovider.com'),('WSS89','WSS89Name',3,1,3,'serviceprovider','https://serviceprovider.com'),('WSS9','WSS9Name',3,1,3,'serviceprovider','https://serviceprovider.com'),('WSS90','WSS90Name',3,1,3,'serviceprovider','https://serviceprovider.com'),('WSS91','WSS91Name',3,1,3,'serviceprovider','https://serviceprovider.com'),('WSS92','WSS92Name',3,1,3,'serviceprovider','https://serviceprovider.com'),('WSS93','WSS93Name',3,1,3,'serviceprovider','https://serviceprovider.com'),('WSS94','WSS94Name',3,1,3,'serviceprovider','https://serviceprovider.com'),('WSS95','WSS95Name',3,1,3,'serviceprovider','https://serviceprovider.com'),('WSS96','WSS96Name',3,1,3,'serviceprovider','https://serviceprovider.com'),('WSS97','WSS97Name',3,1,3,'serviceprovider','https://serviceprovider.com'),('WSS98','WSS98Name',3,1,3,'serviceprovider','https://serviceprovider.com'),('WSS99','WSS99Name',3,1,3,'serviceprovider','https://serviceprovider.com');
/*!40000 ALTER TABLE `webservicelist` ENABLE KEYS */;
UNLOCK TABLES;
/*!40103 SET TIME_ZONE=@OLD_TIME_ZONE */;

/*!40101 SET SQL_MODE=@OLD_SQL_MODE */;
/*!40014 SET FOREIGN_KEY_CHECKS=@OLD_FOREIGN_KEY_CHECKS */;
/*!40014 SET UNIQUE_CHECKS=@OLD_UNIQUE_CHECKS */;
/*!40101 SET CHARACTER_SET_CLIENT=@OLD_CHARACTER_SET_CLIENT */;
/*!40101 SET CHARACTER_SET_RESULTS=@OLD_CHARACTER_SET_RESULTS */;
/*!40101 SET COLLATION_CONNECTION=@OLD_COLLATION_CONNECTION */;
/*!40111 SET SQL_NOTES=@OLD_SQL_NOTES */;

-- Dump completed on 2023-07-06  9:55:09
