-- MySQL dump 10.13  Distrib 8.0.32, for Win64 (x86_64)
--
-- Host: localhost    Database: autowscs
-- ------------------------------------------------------
-- Server version	8.0.32

/*!40101 SET @OLD_CHARACTER_SET_CLIENT=@@CHARACTER_SET_CLIENT */;
/*!40101 SET @OLD_CHARACTER_SET_RESULTS=@@CHARACTER_SET_RESULTS */;
/*!40101 SET @OLD_COLLATION_CONNECTION=@@COLLATION_CONNECTION */;
/*!50503 SET NAMES utf8mb4 */;
/*!40103 SET @OLD_TIME_ZONE=@@TIME_ZONE */;
/*!40103 SET TIME_ZONE='+00:00' */;
/*!40014 SET @OLD_UNIQUE_CHECKS=@@UNIQUE_CHECKS, UNIQUE_CHECKS=0 */;
/*!40014 SET @OLD_FOREIGN_KEY_CHECKS=@@FOREIGN_KEY_CHECKS, FOREIGN_KEY_CHECKS=0 */;
/*!40101 SET @OLD_SQL_MODE=@@SQL_MODE, SQL_MODE='NO_AUTO_VALUE_ON_ZERO' */;
/*!40111 SET @OLD_SQL_NOTES=@@SQL_NOTES, SQL_NOTES=0 */;

--
-- Table structure for table `auth_group`
--

DROP TABLE IF EXISTS `auth_group`;
/*!40101 SET @saved_cs_client     = @@character_set_client */;
/*!50503 SET character_set_client = utf8mb4 */;
CREATE TABLE `auth_group` (
  `id` int NOT NULL AUTO_INCREMENT,
  `name` varchar(80) NOT NULL,
  PRIMARY KEY (`id`),
  UNIQUE KEY `name` (`name`)
) ENGINE=InnoDB DEFAULT CHARSET=latin1;
/*!40101 SET character_set_client = @saved_cs_client */;

--
-- Dumping data for table `auth_group`
--

LOCK TABLES `auth_group` WRITE;
/*!40000 ALTER TABLE `auth_group` DISABLE KEYS */;
/*!40000 ALTER TABLE `auth_group` ENABLE KEYS */;
UNLOCK TABLES;

--
-- Table structure for table `auth_group_permissions`
--

DROP TABLE IF EXISTS `auth_group_permissions`;
/*!40101 SET @saved_cs_client     = @@character_set_client */;
/*!50503 SET character_set_client = utf8mb4 */;
CREATE TABLE `auth_group_permissions` (
  `id` int NOT NULL AUTO_INCREMENT,
  `group_id` int NOT NULL,
  `permission_id` int NOT NULL,
  PRIMARY KEY (`id`),
  UNIQUE KEY `auth_group_permissions_group_id_permission_id_0cd325b0_uniq` (`group_id`,`permission_id`),
  KEY `auth_group_permissio_permission_id_84c5c92e_fk_auth_perm` (`permission_id`),
  CONSTRAINT `auth_group_permissio_permission_id_84c5c92e_fk_auth_perm` FOREIGN KEY (`permission_id`) REFERENCES `auth_permission` (`id`),
  CONSTRAINT `auth_group_permissions_group_id_b120cbf9_fk_auth_group_id` FOREIGN KEY (`group_id`) REFERENCES `auth_group` (`id`)
) ENGINE=InnoDB DEFAULT CHARSET=latin1;
/*!40101 SET character_set_client = @saved_cs_client */;

--
-- Dumping data for table `auth_group_permissions`
--

LOCK TABLES `auth_group_permissions` WRITE;
/*!40000 ALTER TABLE `auth_group_permissions` DISABLE KEYS */;
/*!40000 ALTER TABLE `auth_group_permissions` ENABLE KEYS */;
UNLOCK TABLES;

--
-- Table structure for table `auth_permission`
--

DROP TABLE IF EXISTS `auth_permission`;
/*!40101 SET @saved_cs_client     = @@character_set_client */;
/*!50503 SET character_set_client = utf8mb4 */;
CREATE TABLE `auth_permission` (
  `id` int NOT NULL AUTO_INCREMENT,
  `name` varchar(255) NOT NULL,
  `content_type_id` int NOT NULL,
  `codename` varchar(100) NOT NULL,
  PRIMARY KEY (`id`),
  UNIQUE KEY `auth_permission_content_type_id_codename_01ab375a_uniq` (`content_type_id`,`codename`),
  CONSTRAINT `auth_permission_content_type_id_2f476e4b_fk_django_co` FOREIGN KEY (`content_type_id`) REFERENCES `django_content_type` (`id`)
) ENGINE=InnoDB AUTO_INCREMENT=25 DEFAULT CHARSET=latin1;
/*!40101 SET character_set_client = @saved_cs_client */;

--
-- Dumping data for table `auth_permission`
--

LOCK TABLES `auth_permission` WRITE;
/*!40000 ALTER TABLE `auth_permission` DISABLE KEYS */;
INSERT INTO `auth_permission` VALUES (1,'Can add log entry',1,'add_logentry'),(2,'Can change log entry',1,'change_logentry'),(3,'Can delete log entry',1,'delete_logentry'),(4,'Can view log entry',1,'view_logentry'),(5,'Can add permission',2,'add_permission'),(6,'Can change permission',2,'change_permission'),(7,'Can delete permission',2,'delete_permission'),(8,'Can view permission',2,'view_permission'),(9,'Can add group',3,'add_group'),(10,'Can change group',3,'change_group'),(11,'Can delete group',3,'delete_group'),(12,'Can view group',3,'view_group'),(13,'Can add user',4,'add_user'),(14,'Can change user',4,'change_user'),(15,'Can delete user',4,'delete_user'),(16,'Can view user',4,'view_user'),(17,'Can add content type',5,'add_contenttype'),(18,'Can change content type',5,'change_contenttype'),(19,'Can delete content type',5,'delete_contenttype'),(20,'Can view content type',5,'view_contenttype'),(21,'Can add session',6,'add_session'),(22,'Can change session',6,'change_session'),(23,'Can delete session',6,'delete_session'),(24,'Can view session',6,'view_session');
/*!40000 ALTER TABLE `auth_permission` ENABLE KEYS */;
UNLOCK TABLES;

--
-- Table structure for table `auth_user`
--

DROP TABLE IF EXISTS `auth_user`;
/*!40101 SET @saved_cs_client     = @@character_set_client */;
/*!50503 SET character_set_client = utf8mb4 */;
CREATE TABLE `auth_user` (
  `id` int NOT NULL AUTO_INCREMENT,
  `password` varchar(128) NOT NULL,
  `last_login` datetime(6) DEFAULT NULL,
  `is_superuser` tinyint(1) NOT NULL,
  `username` varchar(150) NOT NULL,
  `first_name` varchar(30) NOT NULL,
  `last_name` varchar(150) NOT NULL,
  `email` varchar(254) NOT NULL,
  `is_staff` tinyint(1) NOT NULL,
  `is_active` tinyint(1) NOT NULL,
  `date_joined` datetime(6) NOT NULL,
  PRIMARY KEY (`id`),
  UNIQUE KEY `username` (`username`)
) ENGINE=InnoDB AUTO_INCREMENT=2 DEFAULT CHARSET=latin1;
/*!40101 SET character_set_client = @saved_cs_client */;

--
-- Dumping data for table `auth_user`
--

LOCK TABLES `auth_user` WRITE;
/*!40000 ALTER TABLE `auth_user` DISABLE KEYS */;
INSERT INTO `auth_user` VALUES (1,'pbkdf2_sha256$120000$t1PV0MeFrM2P$mdFVt5O/PMrM6U6PP4ei7LDjVNuN0OJi97bq+oRxpQg=','2020-10-19 22:21:14.385392',0,'kgayke','','','k2gaike@gmail.com',0,1,'2020-10-19 22:21:13.589791');
/*!40000 ALTER TABLE `auth_user` ENABLE KEYS */;
UNLOCK TABLES;

--
-- Table structure for table `auth_user_groups`
--

DROP TABLE IF EXISTS `auth_user_groups`;
/*!40101 SET @saved_cs_client     = @@character_set_client */;
/*!50503 SET character_set_client = utf8mb4 */;
CREATE TABLE `auth_user_groups` (
  `id` int NOT NULL AUTO_INCREMENT,
  `user_id` int NOT NULL,
  `group_id` int NOT NULL,
  PRIMARY KEY (`id`),
  UNIQUE KEY `auth_user_groups_user_id_group_id_94350c0c_uniq` (`user_id`,`group_id`),
  KEY `auth_user_groups_group_id_97559544_fk_auth_group_id` (`group_id`),
  CONSTRAINT `auth_user_groups_group_id_97559544_fk_auth_group_id` FOREIGN KEY (`group_id`) REFERENCES `auth_group` (`id`),
  CONSTRAINT `auth_user_groups_user_id_6a12ed8b_fk_auth_user_id` FOREIGN KEY (`user_id`) REFERENCES `auth_user` (`id`)
) ENGINE=InnoDB DEFAULT CHARSET=latin1;
/*!40101 SET character_set_client = @saved_cs_client */;

--
-- Dumping data for table `auth_user_groups`
--

LOCK TABLES `auth_user_groups` WRITE;
/*!40000 ALTER TABLE `auth_user_groups` DISABLE KEYS */;
/*!40000 ALTER TABLE `auth_user_groups` ENABLE KEYS */;
UNLOCK TABLES;

--
-- Table structure for table `auth_user_user_permissions`
--

DROP TABLE IF EXISTS `auth_user_user_permissions`;
/*!40101 SET @saved_cs_client     = @@character_set_client */;
/*!50503 SET character_set_client = utf8mb4 */;
CREATE TABLE `auth_user_user_permissions` (
  `id` int NOT NULL AUTO_INCREMENT,
  `user_id` int NOT NULL,
  `permission_id` int NOT NULL,
  PRIMARY KEY (`id`),
  UNIQUE KEY `auth_user_user_permissions_user_id_permission_id_14a6b632_uniq` (`user_id`,`permission_id`),
  KEY `auth_user_user_permi_permission_id_1fbb5f2c_fk_auth_perm` (`permission_id`),
  CONSTRAINT `auth_user_user_permi_permission_id_1fbb5f2c_fk_auth_perm` FOREIGN KEY (`permission_id`) REFERENCES `auth_permission` (`id`),
  CONSTRAINT `auth_user_user_permissions_user_id_a95ead1b_fk_auth_user_id` FOREIGN KEY (`user_id`) REFERENCES `auth_user` (`id`)
) ENGINE=InnoDB DEFAULT CHARSET=latin1;
/*!40101 SET character_set_client = @saved_cs_client */;

--
-- Dumping data for table `auth_user_user_permissions`
--

LOCK TABLES `auth_user_user_permissions` WRITE;
/*!40000 ALTER TABLE `auth_user_user_permissions` DISABLE KEYS */;
/*!40000 ALTER TABLE `auth_user_user_permissions` ENABLE KEYS */;
UNLOCK TABLES;

--
-- Table structure for table `careerpath`
--

DROP TABLE IF EXISTS `careerpath`;
/*!40101 SET @saved_cs_client     = @@character_set_client */;
/*!50503 SET character_set_client = utf8mb4 */;
CREATE TABLE `careerpath` (
  `careerPathID` char(4) NOT NULL,
  `careerPathName` varchar(50) DEFAULT NULL,
  PRIMARY KEY (`careerPathID`)
) ENGINE=InnoDB DEFAULT CHARSET=latin1;
/*!40101 SET character_set_client = @saved_cs_client */;

--
-- Dumping data for table `careerpath`
--

LOCK TABLES `careerpath` WRITE;
/*!40000 ALTER TABLE `careerpath` DISABLE KEYS */;
INSERT INTO `careerpath` VALUES ('C100','Data Analyst');
/*!40000 ALTER TABLE `careerpath` ENABLE KEYS */;
UNLOCK TABLES;

--
-- Table structure for table `django_admin_log`
--

DROP TABLE IF EXISTS `django_admin_log`;
/*!40101 SET @saved_cs_client     = @@character_set_client */;
/*!50503 SET character_set_client = utf8mb4 */;
CREATE TABLE `django_admin_log` (
  `id` int NOT NULL AUTO_INCREMENT,
  `action_time` datetime(6) NOT NULL,
  `object_id` longtext,
  `object_repr` varchar(200) NOT NULL,
  `action_flag` smallint unsigned NOT NULL,
  `change_message` longtext NOT NULL,
  `content_type_id` int DEFAULT NULL,
  `user_id` int NOT NULL,
  PRIMARY KEY (`id`),
  KEY `django_admin_log_content_type_id_c4bce8eb_fk_django_co` (`content_type_id`),
  KEY `django_admin_log_user_id_c564eba6_fk_auth_user_id` (`user_id`),
  CONSTRAINT `django_admin_log_content_type_id_c4bce8eb_fk_django_co` FOREIGN KEY (`content_type_id`) REFERENCES `django_content_type` (`id`),
  CONSTRAINT `django_admin_log_user_id_c564eba6_fk_auth_user_id` FOREIGN KEY (`user_id`) REFERENCES `auth_user` (`id`)
) ENGINE=InnoDB DEFAULT CHARSET=latin1;
/*!40101 SET character_set_client = @saved_cs_client */;

--
-- Dumping data for table `django_admin_log`
--

LOCK TABLES `django_admin_log` WRITE;
/*!40000 ALTER TABLE `django_admin_log` DISABLE KEYS */;
/*!40000 ALTER TABLE `django_admin_log` ENABLE KEYS */;
UNLOCK TABLES;

--
-- Table structure for table `django_content_type`
--

DROP TABLE IF EXISTS `django_content_type`;
/*!40101 SET @saved_cs_client     = @@character_set_client */;
/*!50503 SET character_set_client = utf8mb4 */;
CREATE TABLE `django_content_type` (
  `id` int NOT NULL AUTO_INCREMENT,
  `app_label` varchar(100) NOT NULL,
  `model` varchar(100) NOT NULL,
  PRIMARY KEY (`id`),
  UNIQUE KEY `django_content_type_app_label_model_76bd3d3b_uniq` (`app_label`,`model`)
) ENGINE=InnoDB AUTO_INCREMENT=7 DEFAULT CHARSET=latin1;
/*!40101 SET character_set_client = @saved_cs_client */;

--
-- Dumping data for table `django_content_type`
--

LOCK TABLES `django_content_type` WRITE;
/*!40000 ALTER TABLE `django_content_type` DISABLE KEYS */;
INSERT INTO `django_content_type` VALUES (1,'admin','logentry'),(3,'auth','group'),(2,'auth','permission'),(4,'auth','user'),(5,'contenttypes','contenttype'),(6,'sessions','session');
/*!40000 ALTER TABLE `django_content_type` ENABLE KEYS */;
UNLOCK TABLES;

--
-- Table structure for table `django_migrations`
--

DROP TABLE IF EXISTS `django_migrations`;
/*!40101 SET @saved_cs_client     = @@character_set_client */;
/*!50503 SET character_set_client = utf8mb4 */;
CREATE TABLE `django_migrations` (
  `id` int NOT NULL AUTO_INCREMENT,
  `app` varchar(255) NOT NULL,
  `name` varchar(255) NOT NULL,
  `applied` datetime(6) NOT NULL,
  PRIMARY KEY (`id`)
) ENGINE=InnoDB AUTO_INCREMENT=16 DEFAULT CHARSET=latin1;
/*!40101 SET character_set_client = @saved_cs_client */;

--
-- Dumping data for table `django_migrations`
--

LOCK TABLES `django_migrations` WRITE;
/*!40000 ALTER TABLE `django_migrations` DISABLE KEYS */;
INSERT INTO `django_migrations` VALUES (1,'contenttypes','0001_initial','2020-03-09 23:45:06.538733'),(2,'auth','0001_initial','2020-03-09 23:45:10.018233'),(3,'admin','0001_initial','2020-03-09 23:45:11.118233'),(4,'admin','0002_logentry_remove_auto_add','2020-03-09 23:45:11.139233'),(5,'admin','0003_logentry_add_action_flag_choices','2020-03-09 23:45:11.169233'),(6,'contenttypes','0002_remove_content_type_name','2020-03-09 23:45:11.498233'),(7,'auth','0002_alter_permission_name_max_length','2020-03-09 23:45:11.539233'),(8,'auth','0003_alter_user_email_max_length','2020-03-09 23:45:11.619233'),(9,'auth','0004_alter_user_username_opts','2020-03-09 23:45:11.629233'),(10,'auth','0005_alter_user_last_login_null','2020-03-09 23:45:11.770233'),(11,'auth','0006_require_contenttypes_0002','2020-03-09 23:45:11.810233'),(12,'auth','0007_alter_validators_add_error_messages','2020-03-09 23:45:11.820233'),(13,'auth','0008_alter_user_username_max_length','2020-03-09 23:45:11.831233'),(14,'auth','0009_alter_user_last_name_max_length','2020-03-09 23:45:11.949233'),(15,'sessions','0001_initial','2020-03-09 23:45:12.140233');
/*!40000 ALTER TABLE `django_migrations` ENABLE KEYS */;
UNLOCK TABLES;

--
-- Table structure for table `django_session`
--

DROP TABLE IF EXISTS `django_session`;
/*!40101 SET @saved_cs_client     = @@character_set_client */;
/*!50503 SET character_set_client = utf8mb4 */;
CREATE TABLE `django_session` (
  `session_key` varchar(40) NOT NULL,
  `session_data` longtext NOT NULL,
  `expire_date` datetime(6) NOT NULL,
  PRIMARY KEY (`session_key`),
  KEY `django_session_expire_date_a5c62663` (`expire_date`)
) ENGINE=InnoDB DEFAULT CHARSET=latin1;
/*!40101 SET character_set_client = @saved_cs_client */;

--
-- Dumping data for table `django_session`
--

LOCK TABLES `django_session` WRITE;
/*!40000 ALTER TABLE `django_session` DISABLE KEYS */;
INSERT INTO `django_session` VALUES ('tyl1c5xdi2x8x2jwg76rgv4m7k8zrh9f','Y2FhMTEwYWE3NTdhZjlkMTFkYzhlMDM0OGM4NTU4YzVjZGQwZDM0Njp7Il9hdXRoX3VzZXJfaWQiOiIxIiwiX2F1dGhfdXNlcl9iYWNrZW5kIjoiZGphbmdvLmNvbnRyaWIuYXV0aC5iYWNrZW5kcy5Nb2RlbEJhY2tlbmQiLCJfYXV0aF91c2VyX2hhc2giOiJmMzIyNjA4ZWY3OTQ5MWYwMTUwOGMyMDFlMDIzZmRjNjI3MTU4N2IzIn0=','2020-11-02 22:21:14.400992');
/*!40000 ALTER TABLE `django_session` ENABLE KEYS */;
UNLOCK TABLES;

--
-- Table structure for table `initialgoalparameter`
--

DROP TABLE IF EXISTS `initialgoalparameter`;
/*!40101 SET @saved_cs_client     = @@character_set_client */;
/*!50503 SET character_set_client = utf8mb4 */;
CREATE TABLE `initialgoalparameter` (
  `transactionID` bigint NOT NULL,
  `iorg` varchar(10) NOT NULL,
  `parameterID` varchar(10) NOT NULL,
  PRIMARY KEY (`transactionID`,`iorg`,`parameterID`),
  KEY `knowledgeID` (`parameterID`),
  CONSTRAINT `initialgoalparameter_ibfk_1` FOREIGN KEY (`parameterID`) REFERENCES `parameterlist` (`parameterID`)
) ENGINE=InnoDB DEFAULT CHARSET=latin1;
/*!40101 SET character_set_client = @saved_cs_client */;

--
-- Dumping data for table `initialgoalparameter`
--

LOCK TABLES `initialgoalparameter` WRITE;
/*!40000 ALTER TABLE `initialgoalparameter` DISABLE KEYS */;
INSERT INTO `initialgoalparameter` VALUES (1,'I','p1'),(7,'I','p1'),(9,'G','p1'),(10,'G','p1'),(14,'G','p1'),(16,'I','p1'),(18,'G','p1'),(19,'G','p1'),(21,'I','p1'),(23,'G','p1'),(24,'G','p1'),(25,'G','p1'),(29,'G','p1'),(30,'G','p1'),(1,'G','p10'),(2,'G','p10'),(3,'G','p10'),(4,'I','p10'),(5,'G','p10'),(6,'G','p10'),(8,'I','p10'),(11,'I','p10'),(12,'I','p10'),(13,'G','p10'),(15,'I','p10'),(16,'G','p10'),(17,'G','p10'),(18,'G','p10'),(22,'I','p10'),(23,'G','p10'),(25,'G','p10'),(26,'G','p10'),(28,'G','p10'),(30,'G','p10'),(2,'G','p11'),(4,'I','p11'),(5,'G','p11'),(6,'I','p11'),(8,'I','p11'),(9,'G','p11'),(11,'I','p11'),(12,'G','p11'),(14,'G','p11'),(16,'I','p11'),(17,'I','p11'),(18,'G','p11'),(19,'G','p11'),(23,'G','p11'),(24,'G','p11'),(26,'G','p11'),(27,'G','p11'),(28,'G','p11'),(29,'G','p11'),(30,'G','p11'),(1,'I','p12'),(3,'G','p12'),(4,'G','p12'),(6,'G','p12'),(8,'G','p12'),(9,'G','p12'),(10,'G','p12'),(11,'G','p12'),(15,'I','p12'),(22,'G','p12'),(23,'G','p12'),(25,'G','p12'),(30,'G','p12'),(2,'I','p13'),(3,'I','p13'),(7,'G','p13'),(8,'G','p13'),(10,'G','p13'),(12,'I','p13'),(13,'G','p13'),(15,'G','p13'),(19,'I','p13'),(20,'I','p13'),(21,'I','p13'),(22,'I','p13'),(24,'G','p13'),(25,'G','p13'),(26,'G','p13'),(27,'G','p13'),(28,'I','p13'),(30,'I','p13'),(2,'G','p14'),(4,'G','p14'),(6,'G','p14'),(7,'I','p14'),(10,'I','p14'),(11,'I','p14'),(14,'I','p14'),(15,'I','p14'),(17,'G','p14'),(18,'I','p14'),(19,'G','p14'),(20,'G','p14'),(22,'G','p14'),(24,'I','p14'),(25,'I','p14'),(28,'I','p14'),(29,'I','p14'),(2,'I','p15'),(3,'G','p15'),(4,'I','p15'),(7,'I','p15'),(11,'G','p15'),(12,'G','p15'),(16,'G','p15'),(17,'I','p15'),(18,'G','p15'),(19,'G','p15'),(20,'I','p15'),(21,'G','p15'),(22,'I','p15'),(23,'I','p15'),(24,'I','p15'),(25,'G','p15'),(28,'G','p15'),(30,'G','p15'),(5,'I','p16'),(6,'G','p16'),(8,'G','p16'),(9,'G','p16'),(10,'G','p16'),(11,'G','p16'),(12,'G','p16'),(13,'G','p16'),(14,'G','p16'),(16,'G','p16'),(18,'I','p16'),(19,'I','p16'),(20,'G','p16'),(21,'G','p16'),(22,'G','p16'),(23,'I','p16'),(26,'G','p16'),(27,'G','p16'),(28,'G','p16'),(29,'G','p16'),(30,'I','p16'),(1,'G','p17'),(5,'G','p17'),(6,'I','p17'),(7,'G','p17'),(8,'G','p17'),(9,'I','p17'),(10,'G','p17'),(12,'I','p17'),(13,'I','p17'),(17,'I','p17'),(20,'G','p17'),(22,'G','p17'),(23,'G','p17'),(26,'G','p17'),(27,'I','p17'),(28,'G','p17'),(29,'G','p17'),(30,'G','p17'),(2,'G','p18'),(4,'G','p18'),(5,'I','p18'),(6,'G','p18'),(8,'G','p18'),(10,'I','p18'),(13,'I','p18'),(14,'I','p18'),(15,'G','p18'),(16,'I','p18'),(17,'G','p18'),(18,'I','p18'),(22,'G','p18'),(23,'I','p18'),(24,'G','p18'),(25,'I','p18'),(26,'G','p18'),(27,'G','p18'),(28,'G','p18'),(30,'G','p18'),(1,'G','p19'),(3,'G','p19'),(5,'G','p19'),(7,'G','p19'),(8,'G','p19'),(10,'G','p19'),(11,'G','p19'),(13,'G','p19'),(14,'G','p19'),(15,'G','p19'),(16,'G','p19'),(19,'I','p19'),(20,'G','p19'),(21,'G','p19'),(24,'G','p19'),(25,'I','p19'),(27,'I','p19'),(28,'G','p19'),(29,'I','p19'),(30,'I','p19'),(1,'G','p2'),(2,'G','p2'),(5,'G','p2'),(6,'G','p2'),(8,'G','p2'),(9,'G','p2'),(10,'G','p2'),(12,'G','p2'),(13,'G','p2'),(14,'G','p2'),(15,'G','p2'),(16,'G','p2'),(17,'G','p2'),(18,'G','p2'),(19,'G','p2'),(20,'G','p2'),(21,'G','p2'),(26,'I','p2'),(29,'G','p2'),(30,'G','p2'),(1,'G','p20'),(3,'I','p20'),(4,'G','p20'),(5,'I','p20'),(11,'G','p20'),(12,'I','p20'),(13,'I','p20'),(14,'I','p20'),(15,'G','p20'),(16,'G','p20'),(18,'G','p20'),(20,'G','p20'),(22,'I','p20'),(23,'G','p20'),(24,'G','p20'),(25,'G','p20'),(26,'I','p20'),(27,'G','p20'),(29,'I','p20'),(1,'I','p3'),(3,'I','p3'),(4,'G','p3'),(5,'G','p3'),(6,'G','p3'),(7,'I','p3'),(8,'I','p3'),(10,'I','p3'),(13,'G','p3'),(14,'G','p3'),(15,'G','p3'),(16,'G','p3'),(17,'G','p3'),(18,'G','p3'),(19,'G','p3'),(20,'I','p3'),(21,'I','p3'),(22,'G','p3'),(24,'I','p3'),(25,'G','p3'),(26,'G','p3'),(27,'G','p3'),(28,'G','p3'),(29,'G','p3'),(1,'G','p4'),(3,'I','p4'),(4,'G','p4'),(7,'G','p4'),(9,'I','p4'),(10,'I','p4'),(11,'G','p4'),(12,'G','p4'),(13,'I','p4'),(15,'G','p4'),(17,'I','p4'),(18,'I','p4'),(19,'I','p4'),(20,'G','p4'),(21,'G','p4'),(22,'G','p4'),(29,'G','p4'),(2,'G','p5'),(3,'G','p5'),(4,'G','p5'),(6,'I','p5'),(7,'G','p5'),(9,'G','p5'),(11,'G','p5'),(12,'G','p5'),(14,'I','p5'),(15,'I','p5'),(19,'G','p5'),(21,'G','p5'),(26,'I','p5'),(27,'G','p5'),(29,'I','p5'),(1,'I','p6'),(2,'G','p6'),(4,'I','p6'),(7,'G','p6'),(8,'I','p6'),(9,'I','p6'),(12,'G','p6'),(13,'G','p6'),(14,'G','p6'),(16,'I','p6'),(18,'G','p6'),(21,'I','p6'),(23,'I','p6'),(24,'I','p6'),(25,'I','p6'),(28,'I','p6'),(30,'I','p6'),(2,'I','p7'),(3,'G','p7'),(4,'G','p7'),(5,'I','p7'),(6,'G','p7'),(7,'G','p7'),(9,'G','p7'),(10,'G','p7'),(14,'G','p7'),(15,'G','p7'),(17,'G','p7'),(24,'G','p7'),(25,'G','p7'),(27,'G','p7'),(28,'I','p7'),(29,'G','p7'),(1,'G','p8'),(2,'I','p8'),(3,'G','p8'),(5,'G','p8'),(7,'G','p8'),(9,'G','p8'),(11,'I','p8'),(13,'G','p8'),(16,'G','p8'),(17,'G','p8'),(20,'G','p8'),(21,'G','p8'),(23,'G','p8'),(24,'G','p8'),(26,'I','p8'),(27,'I','p8'),(1,'G','p9'),(2,'G','p9'),(3,'G','p9'),(5,'G','p9'),(6,'I','p9'),(8,'G','p9'),(9,'I','p9'),(11,'G','p9'),(12,'G','p9'),(17,'G','p9'),(19,'G','p9'),(20,'I','p9'),(21,'G','p9'),(22,'G','p9'),(23,'G','p9'),(26,'G','p9'),(27,'I','p9');
/*!40000 ALTER TABLE `initialgoalparameter` ENABLE KEYS */;
UNLOCK TABLES;

--
-- Table structure for table `inputparameter`
--

DROP TABLE IF EXISTS `inputparameter`;
/*!40101 SET @saved_cs_client     = @@character_set_client */;
/*!50503 SET character_set_client = utf8mb4 */;
CREATE TABLE `inputparameter` (
  `webServiceID` varchar(10) NOT NULL,
  `parameterID` varchar(10) NOT NULL,
  PRIMARY KEY (`webServiceID`,`parameterID`),
  KEY `knowledgeID` (`parameterID`)
) ENGINE=InnoDB DEFAULT CHARSET=latin1;
/*!40101 SET character_set_client = @saved_cs_client */;

--
-- Dumping data for table `inputparameter`
--

LOCK TABLES `inputparameter` WRITE;
/*!40000 ALTER TABLE `inputparameter` DISABLE KEYS */;
INSERT INTO `inputparameter` VALUES ('WSS107','p1'),('WSS109','p1'),('WSS118','p1'),('WSS120','p1'),('WSS127','p1'),('WSS131','p1'),('WSS145','p1'),('WSS151','p1'),('WSS184','p1'),('WSS189','p1'),('WSS202','p1'),('WSS209','p1'),('WSS229','p1'),('WSS230','p1'),('WSS263','p1'),('WSS266','p1'),('WSS282','p1'),('WSS284','p1'),('WSS292','p1'),('WSS297','p1'),('WSS299','p1'),('WSS300','p1'),('WSS301','p1'),('WSS310','p1'),('WSS317','p1'),('WSS319','p1'),('WSS36','p1'),('WSS363','p1'),('WSS374','p1'),('WSS393','p1'),('WSS399','p1'),('WSS401','p1'),('WSS419','p1'),('WSS421','p1'),('WSS425','p1'),('WSS447','p1'),('WSS457','p1'),('WSS477','p1'),('WSS487','p1'),('WSS498','p1'),('WSS510','p1'),('WSS514','p1'),('WSS515','p1'),('WSS52','p1'),('WSS525','p1'),('WSS527','p1'),('WSS53','p1'),('WSS536','p1'),('WSS559','p1'),('WSS560','p1'),('WSS565','p1'),('WSS581','p1'),('WSS586','p1'),('WSS67','p1'),('WSS77','p1'),('WSS79','p1'),('WSS80','p1'),('WSS111','p10'),('WSS119','p10'),('WSS132','p10'),('WSS139','p10'),('WSS141','p10'),('WSS143','p10'),('WSS147','p10'),('WSS148','p10'),('WSS154','p10'),('WSS169','p10'),('WSS171','p10'),('WSS182','p10'),('WSS186','p10'),('WSS200','p10'),('WSS228','p10'),('WSS241','p10'),('WSS249','p10'),('WSS252','p10'),('WSS254','p10'),('WSS264','p10'),('WSS268','p10'),('WSS283','p10'),('WSS293','p10'),('WSS305','p10'),('WSS311','p10'),('WSS322','p10'),('WSS337','p10'),('WSS347','p10'),('WSS351','p10'),('WSS354','p10'),('WSS373','p10'),('WSS396','p10'),('WSS410','p10'),('WSS415','p10'),('WSS416','p10'),('WSS438','p10'),('WSS439','p10'),('WSS447','p10'),('WSS45','p10'),('WSS467','p10'),('WSS503','p10'),('WSS509','p10'),('WSS535','p10'),('WSS539','p10'),('WSS547','p10'),('WSS551','p10'),('WSS562','p10'),('WSS573','p10'),('WSS588','p10'),('WSS590','p10'),('WSS63','p10'),('WSS8','p10'),('WSS84','p10'),('WSS85','p10'),('WSS86','p10'),('WSS90','p10'),('WSS93','p10'),('WSS95','p10'),('WSS10','p11'),('WSS104','p11'),('WSS107','p11'),('WSS125','p11'),('WSS168','p11'),('WSS173','p11'),('WSS176','p11'),('WSS19','p11'),('WSS203','p11'),('WSS217','p11'),('WSS254','p11'),('WSS273','p11'),('WSS28','p11'),('WSS311','p11'),('WSS314','p11'),('WSS320','p11'),('WSS328','p11'),('WSS338','p11'),('WSS35','p11'),('WSS357','p11'),('WSS361','p11'),('WSS380','p11'),('WSS381','p11'),('WSS39','p11'),('WSS406','p11'),('WSS426','p11'),('WSS429','p11'),('WSS43','p11'),('WSS433','p11'),('WSS436','p11'),('WSS448','p11'),('WSS452','p11'),('WSS453','p11'),('WSS465','p11'),('WSS466','p11'),('WSS48','p11'),('WSS504','p11'),('WSS505','p11'),('WSS517','p11'),('WSS520','p11'),('WSS521','p11'),('WSS523','p11'),('WSS526','p11'),('WSS539','p11'),('WSS574','p11'),('WSS589','p11'),('WSS592','p11'),('WSS597','p11'),('WSS6','p11'),('WSS72','p11'),('WSS76','p11'),('WSS82','p11'),('WSS108','p12'),('WSS11','p12'),('WSS112','p12'),('WSS113','p12'),('WSS114','p12'),('WSS118','p12'),('WSS119','p12'),('WSS135','p12'),('WSS16','p12'),('WSS160','p12'),('WSS172','p12'),('WSS180','p12'),('WSS191','p12'),('WSS196','p12'),('WSS20','p12'),('WSS205','p12'),('WSS210','p12'),('WSS218','p12'),('WSS225','p12'),('WSS227','p12'),('WSS23','p12'),('WSS230','p12'),('WSS240','p12'),('WSS250','p12'),('WSS265','p12'),('WSS304','p12'),('WSS31','p12'),('WSS316','p12'),('WSS324','p12'),('WSS327','p12'),('WSS33','p12'),('WSS332','p12'),('WSS353','p12'),('WSS391','p12'),('WSS415','p12'),('WSS454','p12'),('WSS458','p12'),('WSS472','p12'),('WSS478','p12'),('WSS498','p12'),('WSS509','p12'),('WSS530','p12'),('WSS532','p12'),('WSS534','p12'),('WSS535','p12'),('WSS538','p12'),('WSS562','p12'),('WSS563','p12'),('WSS575','p12'),('WSS581','p12'),('WSS589','p12'),('WSS595','p12'),('WSS598','p12'),('WSS63','p12'),('WSS7','p12'),('WSS94','p12'),('WSS1','p13'),('WSS101','p13'),('WSS109','p13'),('WSS129','p13'),('WSS14','p13'),('WSS162','p13'),('WSS190','p13'),('WSS194','p13'),('WSS202','p13'),('WSS206','p13'),('WSS224','p13'),('WSS232','p13'),('WSS234','p13'),('WSS236','p13'),('WSS242','p13'),('WSS246','p13'),('WSS248','p13'),('WSS251','p13'),('WSS255','p13'),('WSS257','p13'),('WSS29','p13'),('WSS290','p13'),('WSS291','p13'),('WSS293','p13'),('WSS295','p13'),('WSS303','p13'),('WSS320','p13'),('WSS332','p13'),('WSS334','p13'),('WSS335','p13'),('WSS352','p13'),('WSS355','p13'),('WSS358','p13'),('WSS364','p13'),('WSS365','p13'),('WSS376','p13'),('WSS388','p13'),('WSS389','p13'),('WSS399','p13'),('WSS411','p13'),('WSS425','p13'),('WSS439','p13'),('WSS44','p13'),('WSS440','p13'),('WSS443','p13'),('WSS446','p13'),('WSS448','p13'),('WSS459','p13'),('WSS46','p13'),('WSS462','p13'),('WSS473','p13'),('WSS476','p13'),('WSS489','p13'),('WSS490','p13'),('WSS492','p13'),('WSS495','p13'),('WSS501','p13'),('WSS502','p13'),('WSS534','p13'),('WSS569','p13'),('WSS576','p13'),('WSS583','p13'),('WSS596','p13'),('WSS6','p13'),('WSS60','p13'),('WSS69','p13'),('WSS88','p13'),('WSS98','p13'),('WSS100','p14'),('WSS12','p14'),('WSS122','p14'),('WSS123','p14'),('WSS125','p14'),('WSS154','p14'),('WSS157','p14'),('WSS166','p14'),('WSS169','p14'),('WSS201','p14'),('WSS208','p14'),('WSS211','p14'),('WSS231','p14'),('WSS26','p14'),('WSS27','p14'),('WSS270','p14'),('WSS278','p14'),('WSS285','p14'),('WSS30','p14'),('WSS314','p14'),('WSS32','p14'),('WSS329','p14'),('WSS333','p14'),('WSS337','p14'),('WSS349','p14'),('WSS354','p14'),('WSS360','p14'),('WSS385','p14'),('WSS408','p14'),('WSS412','p14'),('WSS431','p14'),('WSS457','p14'),('WSS49','p14'),('WSS499','p14'),('WSS524','p14'),('WSS529','p14'),('WSS549','p14'),('WSS552','p14'),('WSS564','p14'),('WSS567','p14'),('WSS583','p14'),('WSS584','p14'),('WSS593','p14'),('WSS64','p14'),('WSS73','p14'),('WSS81','p14'),('WSS85','p14'),('WSS88','p14'),('WSS134','p15'),('WSS136','p15'),('WSS137','p15'),('WSS144','p15'),('WSS151','p15'),('WSS161','p15'),('WSS165','p15'),('WSS166','p15'),('WSS183','p15'),('WSS191','p15'),('WSS210','p15'),('WSS216','p15'),('WSS227','p15'),('WSS237','p15'),('WSS262','p15'),('WSS267','p15'),('WSS287','p15'),('WSS289','p15'),('WSS296','p15'),('WSS30','p15'),('WSS303','p15'),('WSS31','p15'),('WSS315','p15'),('WSS323','p15'),('WSS329','p15'),('WSS338','p15'),('WSS390','p15'),('WSS393','p15'),('WSS394','p15'),('WSS398','p15'),('WSS406','p15'),('WSS418','p15'),('WSS42','p15'),('WSS420','p15'),('WSS435','p15'),('WSS437','p15'),('WSS446','p15'),('WSS464','p15'),('WSS47','p15'),('WSS470','p15'),('WSS491','p15'),('WSS496','p15'),('WSS499','p15'),('WSS506','p15'),('WSS545','p15'),('WSS558','p15'),('WSS573','p15'),('WSS579','p15'),('WSS58','p15'),('WSS61','p15'),('WSS9','p15'),('WSS90','p15'),('WSS101','p16'),('WSS13','p16'),('WSS140','p16'),('WSS156','p16'),('WSS157','p16'),('WSS181','p16'),('WSS190','p16'),('WSS195','p16'),('WSS198','p16'),('WSS2','p16'),('WSS201','p16'),('WSS21','p16'),('WSS212','p16'),('WSS219','p16'),('WSS229','p16'),('WSS245','p16'),('WSS248','p16'),('WSS269','p16'),('WSS27','p16'),('WSS273','p16'),('WSS287','p16'),('WSS288','p16'),('WSS3','p16'),('WSS300','p16'),('WSS312','p16'),('WSS321','p16'),('WSS33','p16'),('WSS330','p16'),('WSS358','p16'),('WSS367','p16'),('WSS371','p16'),('WSS378','p16'),('WSS379','p16'),('WSS383','p16'),('WSS395','p16'),('WSS397','p16'),('WSS398','p16'),('WSS411','p16'),('WSS413','p16'),('WSS416','p16'),('WSS427','p16'),('WSS429','p16'),('WSS432','p16'),('WSS468','p16'),('WSS473','p16'),('WSS474','p16'),('WSS479','p16'),('WSS497','p16'),('WSS511','p16'),('WSS513','p16'),('WSS528','p16'),('WSS531','p16'),('WSS546','p16'),('WSS556','p16'),('WSS561','p16'),('WSS572','p16'),('WSS588','p16'),('WSS599','p16'),('WSS66','p16'),('WSS75','p16'),('WSS96','p16'),('WSS99','p16'),('WSS113','p17'),('WSS124','p17'),('WSS126','p17'),('WSS130','p17'),('WSS142','p17'),('WSS146','p17'),('WSS162','p17'),('WSS167','p17'),('WSS171','p17'),('WSS177','p17'),('WSS188','p17'),('WSS197','p17'),('WSS199','p17'),('WSS200','p17'),('WSS206','p17'),('WSS207','p17'),('WSS21','p17'),('WSS215','p17'),('WSS217','p17'),('WSS228','p17'),('WSS236','p17'),('WSS258','p17'),('WSS259','p17'),('WSS263','p17'),('WSS268','p17'),('WSS271','p17'),('WSS283','p17'),('WSS284','p17'),('WSS291','p17'),('WSS307','p17'),('WSS321','p17'),('WSS325','p17'),('WSS345','p17'),('WSS346','p17'),('WSS362','p17'),('WSS37','p17'),('WSS373','p17'),('WSS384','p17'),('WSS397','p17'),('WSS402','p17'),('WSS408','p17'),('WSS41','p17'),('WSS424','p17'),('WSS431','p17'),('WSS450','p17'),('WSS458','p17'),('WSS462','p17'),('WSS471','p17'),('WSS481','p17'),('WSS531','p17'),('WSS533','p17'),('WSS557','p17'),('WSS563','p17'),('WSS566','p17'),('WSS567','p17'),('WSS568','p17'),('WSS585','p17'),('WSS62','p17'),('WSS64','p17'),('WSS65','p17'),('WSS71','p17'),('WSS74','p17'),('WSS77','p17'),('WSS8','p17'),('WSS103','p18'),('WSS105','p18'),('WSS116','p18'),('WSS127','p18'),('WSS147','p18'),('WSS184','p18'),('WSS192','p18'),('WSS198','p18'),('WSS221','p18'),('WSS244','p18'),('WSS247','p18'),('WSS275','p18'),('WSS281','p18'),('WSS286','p18'),('WSS306','p18'),('WSS310','p18'),('WSS323','p18'),('WSS341','p18'),('WSS371','p18'),('WSS377','p18'),('WSS40','p18'),('WSS414','p18'),('WSS417','p18'),('WSS440','p18'),('WSS444','p18'),('WSS455','p18'),('WSS459','p18'),('WSS469','p18'),('WSS483','p18'),('WSS486','p18'),('WSS493','p18'),('WSS494','p18'),('WSS501','p18'),('WSS507','p18'),('WSS514','p18'),('WSS518','p18'),('WSS529','p18'),('WSS54','p18'),('WSS543','p18'),('WSS55','p18'),('WSS550','p18'),('WSS561','p18'),('WSS582','p18'),('WSS59','p18'),('WSS600','p18'),('WSS83','p18'),('WSS89','p18'),('WSS102','p19'),('WSS106','p19'),('WSS120','p19'),('WSS133','p19'),('WSS149','p19'),('WSS15','p19'),('WSS150','p19'),('WSS159','p19'),('WSS170','p19'),('WSS174','p19'),('WSS175','p19'),('WSS178','p19'),('WSS188','p19'),('WSS192','p19'),('WSS222','p19'),('WSS233','p19'),('WSS243','p19'),('WSS253','p19'),('WSS270','p19'),('WSS271','p19'),('WSS274','p19'),('WSS289','p19'),('WSS292','p19'),('WSS301','p19'),('WSS32','p19'),('WSS325','p19'),('WSS333','p19'),('WSS342','p19'),('WSS343','p19'),('WSS356','p19'),('WSS360','p19'),('WSS369','p19'),('WSS37','p19'),('WSS370','p19'),('WSS375','p19'),('WSS382','p19'),('WSS386','p19'),('WSS389','p19'),('WSS390','p19'),('WSS392','p19'),('WSS4','p19'),('WSS417','p19'),('WSS42','p19'),('WSS422','p19'),('WSS435','p19'),('WSS450','p19'),('WSS463','p19'),('WSS48','p19'),('WSS500','p19'),('WSS502','p19'),('WSS523','p19'),('WSS537','p19'),('WSS542','p19'),('WSS548','p19'),('WSS549','p19'),('WSS554','p19'),('WSS565','p19'),('WSS568','p19'),('WSS57','p19'),('WSS587','p19'),('WSS598','p19'),('WSS599','p19'),('WSS67','p19'),('WSS7','p19'),('WSS72','p19'),('WSS74','p19'),('WSS79','p19'),('WSS83','p19'),('WSS9','p19'),('WSS10','p2'),('WSS100','p2'),('WSS132','p2'),('WSS153','p2'),('WSS163','p2'),('WSS168','p2'),('WSS174','p2'),('WSS176','p2'),('WSS18','p2'),('WSS199','p2'),('WSS212','p2'),('WSS223','p2'),('WSS225','p2'),('WSS226','p2'),('WSS231','p2'),('WSS232','p2'),('WSS237','p2'),('WSS241','p2'),('WSS249','p2'),('WSS25','p2'),('WSS251','p2'),('WSS264','p2'),('WSS272','p2'),('WSS294','p2'),('WSS295','p2'),('WSS297','p2'),('WSS298','p2'),('WSS308','p2'),('WSS313','p2'),('WSS316','p2'),('WSS339','p2'),('WSS341','p2'),('WSS346','p2'),('WSS353','p2'),('WSS356','p2'),('WSS38','p2'),('WSS381','p2'),('WSS387','p2'),('WSS396','p2'),('WSS407','p2'),('WSS428','p2'),('WSS436','p2'),('WSS44','p2'),('WSS455','p2'),('WSS463','p2'),('WSS467','p2'),('WSS47','p2'),('WSS471','p2'),('WSS484','p2'),('WSS486','p2'),('WSS487','p2'),('WSS489','p2'),('WSS51','p2'),('WSS512','p2'),('WSS513','p2'),('WSS517','p2'),('WSS556','p2'),('WSS576','p2'),('WSS578','p2'),('WSS591','p2'),('WSS70','p2'),('WSS73','p2'),('WSS76','p2'),('WSS123','p20'),('WSS124','p20'),('WSS131','p20'),('WSS138','p20'),('WSS142','p20'),('WSS16','p20'),('WSS164','p20'),('WSS172','p20'),('WSS175','p20'),('WSS179','p20'),('WSS213','p20'),('WSS24','p20'),('WSS25','p20'),('WSS252','p20'),('WSS258','p20'),('WSS260','p20'),('WSS282','p20'),('WSS299','p20'),('WSS304','p20'),('WSS309','p20'),('WSS331','p20'),('WSS34','p20'),('WSS344','p20'),('WSS347','p20'),('WSS350','p20'),('WSS359','p20'),('WSS366','p20'),('WSS382','p20'),('WSS384','p20'),('WSS401','p20'),('WSS405','p20'),('WSS41','p20'),('WSS414','p20'),('WSS418','p20'),('WSS420','p20'),('WSS426','p20'),('WSS442','p20'),('WSS451','p20'),('WSS456','p20'),('WSS466','p20'),('WSS477','p20'),('WSS481','p20'),('WSS482','p20'),('WSS485','p20'),('WSS491','p20'),('WSS5','p20'),('WSS50','p20'),('WSS53','p20'),('WSS541','p20'),('WSS542','p20'),('WSS544','p20'),('WSS55','p20'),('WSS555','p20'),('WSS557','p20'),('WSS564','p20'),('WSS569','p20'),('WSS571','p20'),('WSS572','p20'),('WSS580','p20'),('WSS582','p20'),('WSS585','p20'),('WSS81','p20'),('WSS87','p20'),('WSS93','p20'),('WSS103','p3'),('WSS114','p3'),('WSS115','p3'),('WSS117','p3'),('WSS128','p3'),('WSS133','p3'),('WSS140','p3'),('WSS163','p3'),('WSS179','p3'),('WSS185','p3'),('WSS189','p3'),('WSS204','p3'),('WSS207','p3'),('WSS214','p3'),('WSS226','p3'),('WSS238','p3'),('WSS239','p3'),('WSS257','p3'),('WSS261','p3'),('WSS272','p3'),('WSS275','p3'),('WSS279','p3'),('WSS285','p3'),('WSS29','p3'),('WSS298','p3'),('WSS306','p3'),('WSS312','p3'),('WSS326','p3'),('WSS328','p3'),('WSS336','p3'),('WSS345','p3'),('WSS355','p3'),('WSS372','p3'),('WSS374','p3'),('WSS376','p3'),('WSS404','p3'),('WSS407','p3'),('WSS409','p3'),('WSS412','p3'),('WSS422','p3'),('WSS441','p3'),('WSS445','p3'),('WSS451','p3'),('WSS456','p3'),('WSS469','p3'),('WSS475','p3'),('WSS479','p3'),('WSS484','p3'),('WSS5','p3'),('WSS503','p3'),('WSS506','p3'),('WSS515','p3'),('WSS518','p3'),('WSS519','p3'),('WSS528','p3'),('WSS54','p3'),('WSS540','p3'),('WSS541','p3'),('WSS553','p3'),('WSS558','p3'),('WSS559','p3'),('WSS56','p3'),('WSS68','p3'),('WSS71','p3'),('WSS80','p3'),('WSS121','p4'),('WSS128','p4'),('WSS144','p4'),('WSS146','p4'),('WSS158','p4'),('WSS161','p4'),('WSS220','p4'),('WSS242','p4'),('WSS243','p4'),('WSS250','p4'),('WSS267','p4'),('WSS276','p4'),('WSS279','p4'),('WSS286','p4'),('WSS302','p4'),('WSS309','p4'),('WSS324','p4'),('WSS334','p4'),('WSS340','p4'),('WSS344','p4'),('WSS35','p4'),('WSS36','p4'),('WSS363','p4'),('WSS365','p4'),('WSS368','p4'),('WSS378','p4'),('WSS40','p4'),('WSS402','p4'),('WSS404','p4'),('WSS421','p4'),('WSS428','p4'),('WSS432','p4'),('WSS449','p4'),('WSS45','p4'),('WSS452','p4'),('WSS474','p4'),('WSS51','p4'),('WSS527','p4'),('WSS532','p4'),('WSS554','p4'),('WSS566','p4'),('WSS577','p4'),('WSS579','p4'),('WSS584','p4'),('WSS586','p4'),('WSS595','p4'),('WSS75','p4'),('WSS84','p4'),('WSS87','p4'),('WSS91','p4'),('WSS97','p4'),('WSS98','p4'),('WSS102','p5'),('WSS105','p5'),('WSS106','p5'),('WSS11','p5'),('WSS110','p5'),('WSS115','p5'),('WSS129','p5'),('WSS130','p5'),('WSS143','p5'),('WSS148','p5'),('WSS15','p5'),('WSS150','p5'),('WSS152','p5'),('WSS160','p5'),('WSS165','p5'),('WSS17','p5'),('WSS193','p5'),('WSS2','p5'),('WSS20','p5'),('WSS203','p5'),('WSS208','p5'),('WSS216','p5'),('WSS22','p5'),('WSS221','p5'),('WSS223','p5'),('WSS224','p5'),('WSS23','p5'),('WSS235','p5'),('WSS238','p5'),('WSS247','p5'),('WSS261','p5'),('WSS274','p5'),('WSS290','p5'),('WSS305','p5'),('WSS335','p5'),('WSS336','p5'),('WSS352','p5'),('WSS359','p5'),('WSS379','p5'),('WSS38','p5'),('WSS385','p5'),('WSS387','p5'),('WSS391','p5'),('WSS410','p5'),('WSS413','p5'),('WSS43','p5'),('WSS437','p5'),('WSS454','p5'),('WSS465','p5'),('WSS475','p5'),('WSS488','p5'),('WSS494','p5'),('WSS50','p5'),('WSS520','p5'),('WSS530','p5'),('WSS537','p5'),('WSS538','p5'),('WSS540','p5'),('WSS553','p5'),('WSS555','p5'),('WSS571','p5'),('WSS580','p5'),('WSS587','p5'),('WSS592','p5'),('WSS597','p5'),('WSS70','p5'),('WSS78','p5'),('WSS99','p5'),('WSS117','p6'),('WSS121','p6'),('WSS149','p6'),('WSS155','p6'),('WSS177','p6'),('WSS183','p6'),('WSS186','p6'),('WSS194','p6'),('WSS222','p6'),('WSS234','p6'),('WSS253','p6'),('WSS26','p6'),('WSS265','p6'),('WSS281','p6'),('WSS294','p6'),('WSS307','p6'),('WSS315','p6'),('WSS327','p6'),('WSS331','p6'),('WSS342','p6'),('WSS348','p6'),('WSS350','p6'),('WSS370','p6'),('WSS380','p6'),('WSS395','p6'),('WSS423','p6'),('WSS427','p6'),('WSS430','p6'),('WSS441','p6'),('WSS442','p6'),('WSS444','p6'),('WSS472','p6'),('WSS482','p6'),('WSS488','p6'),('WSS516','p6'),('WSS533','p6'),('WSS543','p6'),('WSS544','p6'),('WSS546','p6'),('WSS552','p6'),('WSS570','p6'),('WSS574','p6'),('WSS594','p6'),('WSS69','p6'),('WSS78','p6'),('WSS122','p7'),('WSS138','p7'),('WSS152','p7'),('WSS159','p7'),('WSS182','p7'),('WSS187','p7'),('WSS204','p7'),('WSS205','p7'),('WSS211','p7'),('WSS213','p7'),('WSS22','p7'),('WSS220','p7'),('WSS235','p7'),('WSS239','p7'),('WSS24','p7'),('WSS240','p7'),('WSS246','p7'),('WSS266','p7'),('WSS277','p7'),('WSS278','p7'),('WSS296','p7'),('WSS3','p7'),('WSS308','p7'),('WSS317','p7'),('WSS322','p7'),('WSS339','p7'),('WSS340','p7'),('WSS343','p7'),('WSS348','p7'),('WSS362','p7'),('WSS364','p7'),('WSS372','p7'),('WSS388','p7'),('WSS405','p7'),('WSS409','p7'),('WSS433','p7'),('WSS434','p7'),('WSS438','p7'),('WSS443','p7'),('WSS46','p7'),('WSS461','p7'),('WSS493','p7'),('WSS500','p7'),('WSS504','p7'),('WSS510','p7'),('WSS511','p7'),('WSS516','p7'),('WSS52','p7'),('WSS522','p7'),('WSS526','p7'),('WSS550','p7'),('WSS551','p7'),('WSS560','p7'),('WSS57','p7'),('WSS570','p7'),('WSS58','p7'),('WSS59','p7'),('WSS590','p7'),('WSS594','p7'),('WSS596','p7'),('WSS66','p7'),('WSS68','p7'),('WSS91','p7'),('WSS97','p7'),('WSS108','p8'),('WSS116','p8'),('WSS12','p8'),('WSS126','p8'),('WSS13','p8'),('WSS137','p8'),('WSS139','p8'),('WSS141','p8'),('WSS155','p8'),('WSS164','p8'),('WSS17','p8'),('WSS185','p8'),('WSS196','p8'),('WSS197','p8'),('WSS215','p8'),('WSS218','p8'),('WSS233','p8'),('WSS245','p8'),('WSS255','p8'),('WSS256','p8'),('WSS269','p8'),('WSS276','p8'),('WSS280','p8'),('WSS326','p8'),('WSS349','p8'),('WSS366','p8'),('WSS368','p8'),('WSS369','p8'),('WSS377','p8'),('WSS386','p8'),('WSS394','p8'),('WSS4','p8'),('WSS400','p8'),('WSS403','p8'),('WSS423','p8'),('WSS445','p8'),('WSS453','p8'),('WSS461','p8'),('WSS470','p8'),('WSS476','p8'),('WSS480','p8'),('WSS49','p8'),('WSS490','p8'),('WSS495','p8'),('WSS497','p8'),('WSS505','p8'),('WSS508','p8'),('WSS536','p8'),('WSS545','p8'),('WSS548','p8'),('WSS575','p8'),('WSS577','p8'),('WSS578','p8'),('WSS593','p8'),('WSS82','p8'),('WSS86','p8'),('WSS89','p8'),('WSS92','p8'),('WSS94','p8'),('WSS1','p9'),('WSS104','p9'),('WSS110','p9'),('WSS112','p9'),('WSS134','p9'),('WSS136','p9'),('WSS153','p9'),('WSS156','p9'),('WSS158','p9'),('WSS167','p9'),('WSS170','p9'),('WSS173','p9'),('WSS18','p9'),('WSS180','p9'),('WSS181','p9'),('WSS187','p9'),('WSS19','p9'),('WSS193','p9'),('WSS209','p9'),('WSS214','p9'),('WSS244','p9'),('WSS259','p9'),('WSS260','p9'),('WSS277','p9'),('WSS28','p9'),('WSS288','p9'),('WSS302','p9'),('WSS313','p9'),('WSS318','p9'),('WSS319','p9'),('WSS367','p9'),('WSS375','p9'),('WSS383','p9'),('WSS39','p9'),('WSS392','p9'),('WSS400','p9'),('WSS419','p9'),('WSS424','p9'),('WSS434','p9'),('WSS449','p9'),('WSS460','p9'),('WSS464','p9'),('WSS468','p9'),('WSS480','p9'),('WSS483','p9'),('WSS507','p9'),('WSS508','p9'),('WSS512','p9'),('WSS519','p9'),('WSS524','p9'),('WSS525','p9'),('WSS547','p9'),('WSS591','p9'),('WSS92','p9'),('WSS95','p9'),('WSS96','p9');
/*!40000 ALTER TABLE `inputparameter` ENABLE KEYS */;
UNLOCK TABLES;

--
-- Table structure for table `knowledgeforcareerpath`
--

DROP TABLE IF EXISTS `knowledgeforcareerpath`;
/*!40101 SET @saved_cs_client     = @@character_set_client */;
/*!50503 SET character_set_client = utf8mb4 */;
CREATE TABLE `knowledgeforcareerpath` (
  `careerPathID` char(4) NOT NULL,
  `knowledgeID` char(6) NOT NULL,
  PRIMARY KEY (`careerPathID`,`knowledgeID`)
) ENGINE=InnoDB DEFAULT CHARSET=latin1;
/*!40101 SET character_set_client = @saved_cs_client */;

--
-- Dumping data for table `knowledgeforcareerpath`
--

LOCK TABLES `knowledgeforcareerpath` WRITE;
/*!40000 ALTER TABLE `knowledgeforcareerpath` DISABLE KEYS */;
INSERT INTO `knowledgeforcareerpath` VALUES ('C100','k1C311'),('C100','k1C412'),('C100','k1C469'),('C100','k1C500');
/*!40000 ALTER TABLE `knowledgeforcareerpath` ENABLE KEYS */;
UNLOCK TABLES;

--
-- Table structure for table `lhs`
--

DROP TABLE IF EXISTS `lhs`;
/*!40101 SET @saved_cs_client     = @@character_set_client */;
/*!50503 SET character_set_client = utf8mb4 */;
CREATE TABLE `lhs` (
  `ruleid` int NOT NULL,
  `courseid` varchar(10) NOT NULL,
  PRIMARY KEY (`ruleid`,`courseid`)
) ENGINE=InnoDB DEFAULT CHARSET=latin1;
/*!40101 SET character_set_client = @saved_cs_client */;

--
-- Dumping data for table `lhs`
--

LOCK TABLES `lhs` WRITE;
/*!40000 ALTER TABLE `lhs` DISABLE KEYS */;
INSERT INTO `lhs` VALUES (1,'ICP006'),(2,'ICP006'),(3,'ICP006'),(4,'ICP110'),(5,'ICP110'),(6,'ICP311'),(7,'ICP006'),(7,'ICP110'),(8,'ICP006'),(8,'ICP110'),(9,'ICP006'),(9,'ICP311'),(10,'ICP110'),(10,'ICP311'),(11,'ICP006'),(11,'ICP110'),(11,'ICP311');
/*!40000 ALTER TABLE `lhs` ENABLE KEYS */;
UNLOCK TABLES;

--
-- Table structure for table `outputparameter`
--

DROP TABLE IF EXISTS `outputparameter`;
/*!40101 SET @saved_cs_client     = @@character_set_client */;
/*!50503 SET character_set_client = utf8mb4 */;
CREATE TABLE `outputparameter` (
  `webServiceID` varchar(10) NOT NULL,
  `parameterID` varchar(10) NOT NULL,
  PRIMARY KEY (`webServiceID`,`parameterID`),
  KEY `knowledgeID` (`parameterID`)
) ENGINE=InnoDB DEFAULT CHARSET=latin1;
/*!40101 SET character_set_client = @saved_cs_client */;

--
-- Dumping data for table `outputparameter`
--

LOCK TABLES `outputparameter` WRITE;
/*!40000 ALTER TABLE `outputparameter` DISABLE KEYS */;
INSERT INTO `outputparameter` VALUES ('WSS10','p1'),('WSS101','p1'),('WSS102','p1'),('WSS103','p1'),('WSS106','p1'),('WSS11','p1'),('WSS111','p1'),('WSS116','p1'),('WSS118','p1'),('WSS119','p1'),('WSS126','p1'),('WSS127','p1'),('WSS131','p1'),('WSS132','p1'),('WSS133','p1'),('WSS135','p1'),('WSS136','p1'),('WSS140','p1'),('WSS142','p1'),('WSS143','p1'),('WSS150','p1'),('WSS151','p1'),('WSS154','p1'),('WSS155','p1'),('WSS16','p1'),('WSS160','p1'),('WSS161','p1'),('WSS167','p1'),('WSS168','p1'),('WSS169','p1'),('WSS17','p1'),('WSS175','p1'),('WSS184','p1'),('WSS194','p1'),('WSS197','p1'),('WSS198','p1'),('WSS199','p1'),('WSS2','p1'),('WSS208','p1'),('WSS209','p1'),('WSS214','p1'),('WSS220','p1'),('WSS221','p1'),('WSS225','p1'),('WSS228','p1'),('WSS232','p1'),('WSS233','p1'),('WSS234','p1'),('WSS237','p1'),('WSS238','p1'),('WSS239','p1'),('WSS241','p1'),('WSS246','p1'),('WSS247','p1'),('WSS248','p1'),('WSS249','p1'),('WSS250','p1'),('WSS257','p1'),('WSS258','p1'),('WSS259','p1'),('WSS26','p1'),('WSS261','p1'),('WSS262','p1'),('WSS265','p1'),('WSS269','p1'),('WSS27','p1'),('WSS270','p1'),('WSS272','p1'),('WSS275','p1'),('WSS277','p1'),('WSS279','p1'),('WSS290','p1'),('WSS291','p1'),('WSS295','p1'),('WSS298','p1'),('WSS3','p1'),('WSS304','p1'),('WSS307','p1'),('WSS311','p1'),('WSS318','p1'),('WSS323','p1'),('WSS324','p1'),('WSS325','p1'),('WSS326','p1'),('WSS329','p1'),('WSS333','p1'),('WSS337','p1'),('WSS34','p1'),('WSS341','p1'),('WSS345','p1'),('WSS347','p1'),('WSS348','p1'),('WSS355','p1'),('WSS36','p1'),('WSS372','p1'),('WSS373','p1'),('WSS380','p1'),('WSS383','p1'),('WSS388','p1'),('WSS389','p1'),('WSS39','p1'),('WSS394','p1'),('WSS396','p1'),('WSS398','p1'),('WSS40','p1'),('WSS404','p1'),('WSS411','p1'),('WSS412','p1'),('WSS414','p1'),('WSS42','p1'),('WSS422','p1'),('WSS425','p1'),('WSS427','p1'),('WSS428','p1'),('WSS430','p1'),('WSS431','p1'),('WSS434','p1'),('WSS436','p1'),('WSS437','p1'),('WSS438','p1'),('WSS442','p1'),('WSS443','p1'),('WSS445','p1'),('WSS45','p1'),('WSS456','p1'),('WSS457','p1'),('WSS460','p1'),('WSS465','p1'),('WSS466','p1'),('WSS467','p1'),('WSS473','p1'),('WSS475','p1'),('WSS476','p1'),('WSS478','p1'),('WSS484','p1'),('WSS49','p1'),('WSS491','p1'),('WSS492','p1'),('WSS494','p1'),('WSS498','p1'),('WSS5','p1'),('WSS50','p1'),('WSS500','p1'),('WSS504','p1'),('WSS509','p1'),('WSS510','p1'),('WSS512','p1'),('WSS515','p1'),('WSS516','p1'),('WSS520','p1'),('WSS521','p1'),('WSS522','p1'),('WSS523','p1'),('WSS524','p1'),('WSS528','p1'),('WSS532','p1'),('WSS536','p1'),('WSS540','p1'),('WSS542','p1'),('WSS544','p1'),('WSS549','p1'),('WSS55','p1'),('WSS551','p1'),('WSS555','p1'),('WSS556','p1'),('WSS557','p1'),('WSS560','p1'),('WSS562','p1'),('WSS564','p1'),('WSS565','p1'),('WSS567','p1'),('WSS568','p1'),('WSS57','p1'),('WSS570','p1'),('WSS573','p1'),('WSS577','p1'),('WSS579','p1'),('WSS582','p1'),('WSS584','p1'),('WSS589','p1'),('WSS595','p1'),('WSS597','p1'),('WSS60','p1'),('WSS61','p1'),('WSS69','p1'),('WSS7','p1'),('WSS74','p1'),('WSS75','p1'),('WSS78','p1'),('WSS82','p1'),('WSS88','p1'),('WSS89','p1'),('WSS9','p1'),('WSS90','p1'),('WSS93','p1'),('WSS97','p1'),('WSS100','p10'),('WSS101','p10'),('WSS103','p10'),('WSS104','p10'),('WSS106','p10'),('WSS107','p10'),('WSS110','p10'),('WSS112','p10'),('WSS118','p10'),('WSS12','p10'),('WSS121','p10'),('WSS123','p10'),('WSS124','p10'),('WSS129','p10'),('WSS13','p10'),('WSS133','p10'),('WSS135','p10'),('WSS137','p10'),('WSS14','p10'),('WSS143','p10'),('WSS144','p10'),('WSS146','p10'),('WSS153','p10'),('WSS162','p10'),('WSS164','p10'),('WSS165','p10'),('WSS168','p10'),('WSS169','p10'),('WSS171','p10'),('WSS179','p10'),('WSS18','p10'),('WSS180','p10'),('WSS182','p10'),('WSS184','p10'),('WSS187','p10'),('WSS19','p10'),('WSS195','p10'),('WSS2','p10'),('WSS202','p10'),('WSS203','p10'),('WSS212','p10'),('WSS220','p10'),('WSS222','p10'),('WSS224','p10'),('WSS225','p10'),('WSS227','p10'),('WSS232','p10'),('WSS233','p10'),('WSS234','p10'),('WSS235','p10'),('WSS236','p10'),('WSS237','p10'),('WSS243','p10'),('WSS244','p10'),('WSS247','p10'),('WSS250','p10'),('WSS254','p10'),('WSS263','p10'),('WSS264','p10'),('WSS266','p10'),('WSS268','p10'),('WSS272','p10'),('WSS273','p10'),('WSS277','p10'),('WSS278','p10'),('WSS279','p10'),('WSS28','p10'),('WSS281','p10'),('WSS282','p10'),('WSS284','p10'),('WSS285','p10'),('WSS287','p10'),('WSS288','p10'),('WSS289','p10'),('WSS292','p10'),('WSS294','p10'),('WSS295','p10'),('WSS298','p10'),('WSS299','p10'),('WSS300','p10'),('WSS301','p10'),('WSS303','p10'),('WSS304','p10'),('WSS308','p10'),('WSS31','p10'),('WSS312','p10'),('WSS313','p10'),('WSS316','p10'),('WSS317','p10'),('WSS319','p10'),('WSS321','p10'),('WSS323','p10'),('WSS326','p10'),('WSS329','p10'),('WSS330','p10'),('WSS34','p10'),('WSS344','p10'),('WSS351','p10'),('WSS352','p10'),('WSS357','p10'),('WSS358','p10'),('WSS361','p10'),('WSS366','p10'),('WSS367','p10'),('WSS371','p10'),('WSS373','p10'),('WSS375','p10'),('WSS378','p10'),('WSS379','p10'),('WSS38','p10'),('WSS388','p10'),('WSS389','p10'),('WSS391','p10'),('WSS392','p10'),('WSS393','p10'),('WSS396','p10'),('WSS397','p10'),('WSS398','p10'),('WSS399','p10'),('WSS4','p10'),('WSS401','p10'),('WSS403','p10'),('WSS405','p10'),('WSS406','p10'),('WSS407','p10'),('WSS408','p10'),('WSS412','p10'),('WSS413','p10'),('WSS414','p10'),('WSS416','p10'),('WSS419','p10'),('WSS420','p10'),('WSS426','p10'),('WSS43','p10'),('WSS430','p10'),('WSS432','p10'),('WSS437','p10'),('WSS439','p10'),('WSS443','p10'),('WSS449','p10'),('WSS45','p10'),('WSS450','p10'),('WSS451','p10'),('WSS452','p10'),('WSS455','p10'),('WSS457','p10'),('WSS459','p10'),('WSS469','p10'),('WSS473','p10'),('WSS478','p10'),('WSS480','p10'),('WSS489','p10'),('WSS492','p10'),('WSS493','p10'),('WSS494','p10'),('WSS495','p10'),('WSS496','p10'),('WSS5','p10'),('WSS50','p10'),('WSS500','p10'),('WSS51','p10'),('WSS510','p10'),('WSS516','p10'),('WSS523','p10'),('WSS524','p10'),('WSS528','p10'),('WSS529','p10'),('WSS53','p10'),('WSS530','p10'),('WSS531','p10'),('WSS532','p10'),('WSS534','p10'),('WSS535','p10'),('WSS536','p10'),('WSS538','p10'),('WSS539','p10'),('WSS541','p10'),('WSS551','p10'),('WSS556','p10'),('WSS565','p10'),('WSS566','p10'),('WSS574','p10'),('WSS580','p10'),('WSS585','p10'),('WSS586','p10'),('WSS588','p10'),('WSS59','p10'),('WSS590','p10'),('WSS592','p10'),('WSS596','p10'),('WSS599','p10'),('WSS65','p10'),('WSS67','p10'),('WSS7','p10'),('WSS70','p10'),('WSS71','p10'),('WSS74','p10'),('WSS76','p10'),('WSS80','p10'),('WSS81','p10'),('WSS82','p10'),('WSS83','p10'),('WSS88','p10'),('WSS90','p10'),('WSS92','p10'),('WSS1','p11'),('WSS102','p11'),('WSS106','p11'),('WSS112','p11'),('WSS113','p11'),('WSS114','p11'),('WSS12','p11'),('WSS121','p11'),('WSS122','p11'),('WSS126','p11'),('WSS132','p11'),('WSS141','p11'),('WSS144','p11'),('WSS145','p11'),('WSS147','p11'),('WSS148','p11'),('WSS150','p11'),('WSS152','p11'),('WSS153','p11'),('WSS155','p11'),('WSS159','p11'),('WSS161','p11'),('WSS164','p11'),('WSS165','p11'),('WSS170','p11'),('WSS172','p11'),('WSS173','p11'),('WSS174','p11'),('WSS178','p11'),('WSS180','p11'),('WSS181','p11'),('WSS183','p11'),('WSS186','p11'),('WSS188','p11'),('WSS19','p11'),('WSS197','p11'),('WSS198','p11'),('WSS20','p11'),('WSS200','p11'),('WSS201','p11'),('WSS202','p11'),('WSS208','p11'),('WSS210','p11'),('WSS211','p11'),('WSS212','p11'),('WSS214','p11'),('WSS216','p11'),('WSS217','p11'),('WSS218','p11'),('WSS220','p11'),('WSS221','p11'),('WSS23','p11'),('WSS236','p11'),('WSS240','p11'),('WSS241','p11'),('WSS245','p11'),('WSS246','p11'),('WSS250','p11'),('WSS253','p11'),('WSS256','p11'),('WSS268','p11'),('WSS27','p11'),('WSS270','p11'),('WSS271','p11'),('WSS276','p11'),('WSS277','p11'),('WSS278','p11'),('WSS280','p11'),('WSS281','p11'),('WSS283','p11'),('WSS285','p11'),('WSS287','p11'),('WSS294','p11'),('WSS299','p11'),('WSS30','p11'),('WSS300','p11'),('WSS302','p11'),('WSS304','p11'),('WSS305','p11'),('WSS306','p11'),('WSS309','p11'),('WSS310','p11'),('WSS314','p11'),('WSS315','p11'),('WSS316','p11'),('WSS320','p11'),('WSS323','p11'),('WSS327','p11'),('WSS328','p11'),('WSS333','p11'),('WSS335','p11'),('WSS338','p11'),('WSS340','p11'),('WSS345','p11'),('WSS347','p11'),('WSS348','p11'),('WSS349','p11'),('WSS356','p11'),('WSS36','p11'),('WSS360','p11'),('WSS362','p11'),('WSS364','p11'),('WSS367','p11'),('WSS368','p11'),('WSS369','p11'),('WSS37','p11'),('WSS373','p11'),('WSS374','p11'),('WSS378','p11'),('WSS384','p11'),('WSS388','p11'),('WSS391','p11'),('WSS392','p11'),('WSS394','p11'),('WSS395','p11'),('WSS400','p11'),('WSS403','p11'),('WSS404','p11'),('WSS408','p11'),('WSS409','p11'),('WSS412','p11'),('WSS416','p11'),('WSS417','p11'),('WSS418','p11'),('WSS430','p11'),('WSS434','p11'),('WSS435','p11'),('WSS438','p11'),('WSS439','p11'),('WSS446','p11'),('WSS448','p11'),('WSS46','p11'),('WSS460','p11'),('WSS463','p11'),('WSS465','p11'),('WSS470','p11'),('WSS471','p11'),('WSS472','p11'),('WSS477','p11'),('WSS479','p11'),('WSS481','p11'),('WSS484','p11'),('WSS485','p11'),('WSS493','p11'),('WSS496','p11'),('WSS501','p11'),('WSS502','p11'),('WSS505','p11'),('WSS509','p11'),('WSS515','p11'),('WSS517','p11'),('WSS519','p11'),('WSS520','p11'),('WSS522','p11'),('WSS526','p11'),('WSS527','p11'),('WSS529','p11'),('WSS530','p11'),('WSS534','p11'),('WSS536','p11'),('WSS538','p11'),('WSS539','p11'),('WSS54','p11'),('WSS541','p11'),('WSS542','p11'),('WSS543','p11'),('WSS544','p11'),('WSS545','p11'),('WSS549','p11'),('WSS550','p11'),('WSS552','p11'),('WSS554','p11'),('WSS556','p11'),('WSS557','p11'),('WSS559','p11'),('WSS56','p11'),('WSS560','p11'),('WSS561','p11'),('WSS563','p11'),('WSS57','p11'),('WSS572','p11'),('WSS573','p11'),('WSS574','p11'),('WSS578','p11'),('WSS579','p11'),('WSS582','p11'),('WSS583','p11'),('WSS585','p11'),('WSS586','p11'),('WSS590','p11'),('WSS591','p11'),('WSS595','p11'),('WSS597','p11'),('WSS598','p11'),('WSS600','p11'),('WSS61','p11'),('WSS66','p11'),('WSS69','p11'),('WSS71','p11'),('WSS72','p11'),('WSS73','p11'),('WSS75','p11'),('WSS78','p11'),('WSS80','p11'),('WSS87','p11'),('WSS89','p11'),('WSS92','p11'),('WSS98','p11'),('WSS99','p11'),('WSS10','p12'),('WSS101','p12'),('WSS105','p12'),('WSS106','p12'),('WSS109','p12'),('WSS122','p12'),('WSS123','p12'),('WSS125','p12'),('WSS126','p12'),('WSS13','p12'),('WSS130','p12'),('WSS131','p12'),('WSS132','p12'),('WSS133','p12'),('WSS136','p12'),('WSS138','p12'),('WSS139','p12'),('WSS14','p12'),('WSS145','p12'),('WSS146','p12'),('WSS15','p12'),('WSS151','p12'),('WSS153','p12'),('WSS162','p12'),('WSS163','p12'),('WSS164','p12'),('WSS169','p12'),('WSS17','p12'),('WSS176','p12'),('WSS177','p12'),('WSS18','p12'),('WSS180','p12'),('WSS184','p12'),('WSS187','p12'),('WSS188','p12'),('WSS190','p12'),('WSS191','p12'),('WSS192','p12'),('WSS193','p12'),('WSS196','p12'),('WSS198','p12'),('WSS200','p12'),('WSS202','p12'),('WSS210','p12'),('WSS211','p12'),('WSS214','p12'),('WSS220','p12'),('WSS221','p12'),('WSS224','p12'),('WSS225','p12'),('WSS228','p12'),('WSS23','p12'),('WSS230','p12'),('WSS234','p12'),('WSS235','p12'),('WSS236','p12'),('WSS237','p12'),('WSS239','p12'),('WSS24','p12'),('WSS242','p12'),('WSS243','p12'),('WSS245','p12'),('WSS246','p12'),('WSS247','p12'),('WSS248','p12'),('WSS249','p12'),('WSS250','p12'),('WSS251','p12'),('WSS253','p12'),('WSS254','p12'),('WSS255','p12'),('WSS256','p12'),('WSS257','p12'),('WSS26','p12'),('WSS260','p12'),('WSS261','p12'),('WSS263','p12'),('WSS264','p12'),('WSS265','p12'),('WSS268','p12'),('WSS271','p12'),('WSS273','p12'),('WSS274','p12'),('WSS275','p12'),('WSS287','p12'),('WSS288','p12'),('WSS289','p12'),('WSS291','p12'),('WSS293','p12'),('WSS296','p12'),('WSS3','p12'),('WSS300','p12'),('WSS303','p12'),('WSS305','p12'),('WSS310','p12'),('WSS313','p12'),('WSS315','p12'),('WSS32','p12'),('WSS322','p12'),('WSS326','p12'),('WSS327','p12'),('WSS334','p12'),('WSS34','p12'),('WSS342','p12'),('WSS343','p12'),('WSS345','p12'),('WSS348','p12'),('WSS35','p12'),('WSS354','p12'),('WSS359','p12'),('WSS366','p12'),('WSS37','p12'),('WSS372','p12'),('WSS377','p12'),('WSS386','p12'),('WSS387','p12'),('WSS39','p12'),('WSS393','p12'),('WSS394','p12'),('WSS396','p12'),('WSS401','p12'),('WSS403','p12'),('WSS404','p12'),('WSS405','p12'),('WSS406','p12'),('WSS407','p12'),('WSS411','p12'),('WSS412','p12'),('WSS416','p12'),('WSS417','p12'),('WSS42','p12'),('WSS423','p12'),('WSS427','p12'),('WSS428','p12'),('WSS429','p12'),('WSS43','p12'),('WSS430','p12'),('WSS431','p12'),('WSS432','p12'),('WSS436','p12'),('WSS437','p12'),('WSS439','p12'),('WSS44','p12'),('WSS440','p12'),('WSS443','p12'),('WSS445','p12'),('WSS450','p12'),('WSS454','p12'),('WSS455','p12'),('WSS459','p12'),('WSS46','p12'),('WSS460','p12'),('WSS461','p12'),('WSS463','p12'),('WSS468','p12'),('WSS47','p12'),('WSS471','p12'),('WSS472','p12'),('WSS476','p12'),('WSS478','p12'),('WSS479','p12'),('WSS480','p12'),('WSS486','p12'),('WSS490','p12'),('WSS492','p12'),('WSS496','p12'),('WSS5','p12'),('WSS50','p12'),('WSS503','p12'),('WSS505','p12'),('WSS506','p12'),('WSS509','p12'),('WSS51','p12'),('WSS511','p12'),('WSS516','p12'),('WSS519','p12'),('WSS523','p12'),('WSS525','p12'),('WSS527','p12'),('WSS53','p12'),('WSS533','p12'),('WSS541','p12'),('WSS548','p12'),('WSS549','p12'),('WSS55','p12'),('WSS550','p12'),('WSS551','p12'),('WSS557','p12'),('WSS57','p12'),('WSS58','p12'),('WSS588','p12'),('WSS59','p12'),('WSS591','p12'),('WSS593','p12'),('WSS597','p12'),('WSS598','p12'),('WSS61','p12'),('WSS62','p12'),('WSS63','p12'),('WSS64','p12'),('WSS65','p12'),('WSS71','p12'),('WSS73','p12'),('WSS74','p12'),('WSS77','p12'),('WSS82','p12'),('WSS87','p12'),('WSS98','p12'),('WSS100','p13'),('WSS101','p13'),('WSS108','p13'),('WSS116','p13'),('WSS117','p13'),('WSS118','p13'),('WSS119','p13'),('WSS120','p13'),('WSS129','p13'),('WSS130','p13'),('WSS131','p13'),('WSS134','p13'),('WSS135','p13'),('WSS138','p13'),('WSS141','p13'),('WSS144','p13'),('WSS155','p13'),('WSS16','p13'),('WSS160','p13'),('WSS163','p13'),('WSS164','p13'),('WSS167','p13'),('WSS168','p13'),('WSS175','p13'),('WSS177','p13'),('WSS178','p13'),('WSS186','p13'),('WSS189','p13'),('WSS194','p13'),('WSS195','p13'),('WSS196','p13'),('WSS199','p13'),('WSS201','p13'),('WSS204','p13'),('WSS205','p13'),('WSS206','p13'),('WSS209','p13'),('WSS21','p13'),('WSS210','p13'),('WSS211','p13'),('WSS22','p13'),('WSS221','p13'),('WSS226','p13'),('WSS23','p13'),('WSS230','p13'),('WSS237','p13'),('WSS238','p13'),('WSS24','p13'),('WSS240','p13'),('WSS241','p13'),('WSS256','p13'),('WSS257','p13'),('WSS26','p13'),('WSS266','p13'),('WSS267','p13'),('WSS274','p13'),('WSS286','p13'),('WSS289','p13'),('WSS294','p13'),('WSS299','p13'),('WSS30','p13'),('WSS304','p13'),('WSS307','p13'),('WSS309','p13'),('WSS312','p13'),('WSS314','p13'),('WSS315','p13'),('WSS319','p13'),('WSS32','p13'),('WSS320','p13'),('WSS329','p13'),('WSS33','p13'),('WSS331','p13'),('WSS332','p13'),('WSS333','p13'),('WSS334','p13'),('WSS337','p13'),('WSS338','p13'),('WSS339','p13'),('WSS340','p13'),('WSS35','p13'),('WSS353','p13'),('WSS355','p13'),('WSS356','p13'),('WSS357','p13'),('WSS360','p13'),('WSS362','p13'),('WSS37','p13'),('WSS374','p13'),('WSS375','p13'),('WSS376','p13'),('WSS378','p13'),('WSS38','p13'),('WSS384','p13'),('WSS385','p13'),('WSS386','p13'),('WSS387','p13'),('WSS390','p13'),('WSS391','p13'),('WSS394','p13'),('WSS4','p13'),('WSS400','p13'),('WSS402','p13'),('WSS405','p13'),('WSS407','p13'),('WSS41','p13'),('WSS410','p13'),('WSS411','p13'),('WSS412','p13'),('WSS415','p13'),('WSS416','p13'),('WSS42','p13'),('WSS420','p13'),('WSS421','p13'),('WSS423','p13'),('WSS424','p13'),('WSS425','p13'),('WSS431','p13'),('WSS433','p13'),('WSS44','p13'),('WSS442','p13'),('WSS448','p13'),('WSS451','p13'),('WSS453','p13'),('WSS454','p13'),('WSS455','p13'),('WSS456','p13'),('WSS460','p13'),('WSS461','p13'),('WSS462','p13'),('WSS465','p13'),('WSS472','p13'),('WSS474','p13'),('WSS483','p13'),('WSS489','p13'),('WSS49','p13'),('WSS491','p13'),('WSS495','p13'),('WSS499','p13'),('WSS503','p13'),('WSS505','p13'),('WSS508','p13'),('WSS511','p13'),('WSS513','p13'),('WSS514','p13'),('WSS516','p13'),('WSS52','p13'),('WSS522','p13'),('WSS524','p13'),('WSS525','p13'),('WSS537','p13'),('WSS539','p13'),('WSS541','p13'),('WSS545','p13'),('WSS546','p13'),('WSS549','p13'),('WSS550','p13'),('WSS552','p13'),('WSS554','p13'),('WSS556','p13'),('WSS558','p13'),('WSS563','p13'),('WSS564','p13'),('WSS568','p13'),('WSS570','p13'),('WSS571','p13'),('WSS575','p13'),('WSS576','p13'),('WSS579','p13'),('WSS58','p13'),('WSS581','p13'),('WSS588','p13'),('WSS590','p13'),('WSS593','p13'),('WSS60','p13'),('WSS600','p13'),('WSS63','p13'),('WSS66','p13'),('WSS70','p13'),('WSS76','p13'),('WSS78','p13'),('WSS79','p13'),('WSS8','p13'),('WSS86','p13'),('WSS91','p13'),('WSS94','p13'),('WSS95','p13'),('WSS102','p14'),('WSS106','p14'),('WSS107','p14'),('WSS113','p14'),('WSS114','p14'),('WSS120','p14'),('WSS125','p14'),('WSS126','p14'),('WSS127','p14'),('WSS129','p14'),('WSS132','p14'),('WSS133','p14'),('WSS14','p14'),('WSS140','p14'),('WSS141','p14'),('WSS145','p14'),('WSS146','p14'),('WSS152','p14'),('WSS154','p14'),('WSS155','p14'),('WSS160','p14'),('WSS161','p14'),('WSS179','p14'),('WSS181','p14'),('WSS185','p14'),('WSS19','p14'),('WSS193','p14'),('WSS195','p14'),('WSS198','p14'),('WSS208','p14'),('WSS21','p14'),('WSS210','p14'),('WSS214','p14'),('WSS215','p14'),('WSS216','p14'),('WSS22','p14'),('WSS223','p14'),('WSS226','p14'),('WSS229','p14'),('WSS232','p14'),('WSS243','p14'),('WSS244','p14'),('WSS248','p14'),('WSS249','p14'),('WSS25','p14'),('WSS254','p14'),('WSS255','p14'),('WSS260','p14'),('WSS261','p14'),('WSS263','p14'),('WSS266','p14'),('WSS27','p14'),('WSS270','p14'),('WSS272','p14'),('WSS274','p14'),('WSS277','p14'),('WSS278','p14'),('WSS28','p14'),('WSS283','p14'),('WSS284','p14'),('WSS288','p14'),('WSS289','p14'),('WSS29','p14'),('WSS293','p14'),('WSS294','p14'),('WSS298','p14'),('WSS30','p14'),('WSS301','p14'),('WSS307','p14'),('WSS31','p14'),('WSS316','p14'),('WSS325','p14'),('WSS327','p14'),('WSS328','p14'),('WSS33','p14'),('WSS330','p14'),('WSS331','p14'),('WSS341','p14'),('WSS354','p14'),('WSS356','p14'),('WSS359','p14'),('WSS361','p14'),('WSS362','p14'),('WSS363','p14'),('WSS368','p14'),('WSS371','p14'),('WSS380','p14'),('WSS382','p14'),('WSS384','p14'),('WSS389','p14'),('WSS394','p14'),('WSS396','p14'),('WSS398','p14'),('WSS401','p14'),('WSS406','p14'),('WSS41','p14'),('WSS410','p14'),('WSS412','p14'),('WSS414','p14'),('WSS415','p14'),('WSS419','p14'),('WSS420','p14'),('WSS422','p14'),('WSS425','p14'),('WSS429','p14'),('WSS430','p14'),('WSS433','p14'),('WSS434','p14'),('WSS438','p14'),('WSS44','p14'),('WSS443','p14'),('WSS444','p14'),('WSS446','p14'),('WSS447','p14'),('WSS45','p14'),('WSS450','p14'),('WSS453','p14'),('WSS459','p14'),('WSS465','p14'),('WSS473','p14'),('WSS476','p14'),('WSS479','p14'),('WSS48','p14'),('WSS487','p14'),('WSS493','p14'),('WSS494','p14'),('WSS497','p14'),('WSS498','p14'),('WSS500','p14'),('WSS502','p14'),('WSS506','p14'),('WSS509','p14'),('WSS512','p14'),('WSS513','p14'),('WSS514','p14'),('WSS518','p14'),('WSS520','p14'),('WSS524','p14'),('WSS525','p14'),('WSS529','p14'),('WSS53','p14'),('WSS531','p14'),('WSS534','p14'),('WSS543','p14'),('WSS546','p14'),('WSS548','p14'),('WSS552','p14'),('WSS553','p14'),('WSS561','p14'),('WSS564','p14'),('WSS567','p14'),('WSS568','p14'),('WSS569','p14'),('WSS57','p14'),('WSS570','p14'),('WSS575','p14'),('WSS579','p14'),('WSS580','p14'),('WSS587','p14'),('WSS590','p14'),('WSS595','p14'),('WSS596','p14'),('WSS599','p14'),('WSS60','p14'),('WSS61','p14'),('WSS62','p14'),('WSS63','p14'),('WSS64','p14'),('WSS67','p14'),('WSS68','p14'),('WSS70','p14'),('WSS72','p14'),('WSS75','p14'),('WSS77','p14'),('WSS8','p14'),('WSS81','p14'),('WSS82','p14'),('WSS87','p14'),('WSS88','p14'),('WSS89','p14'),('WSS91','p14'),('WSS93','p14'),('WSS94','p14'),('WSS96','p14'),('WSS1','p15'),('WSS104','p15'),('WSS11','p15'),('WSS111','p15'),('WSS113','p15'),('WSS114','p15'),('WSS115','p15'),('WSS119','p15'),('WSS120','p15'),('WSS122','p15'),('WSS128','p15'),('WSS129','p15'),('WSS136','p15'),('WSS140','p15'),('WSS142','p15'),('WSS143','p15'),('WSS147','p15'),('WSS149','p15'),('WSS153','p15'),('WSS156','p15'),('WSS159','p15'),('WSS163','p15'),('WSS169','p15'),('WSS171','p15'),('WSS177','p15'),('WSS178','p15'),('WSS182','p15'),('WSS184','p15'),('WSS188','p15'),('WSS19','p15'),('WSS190','p15'),('WSS193','p15'),('WSS197','p15'),('WSS198','p15'),('WSS20','p15'),('WSS200','p15'),('WSS204','p15'),('WSS205','p15'),('WSS211','p15'),('WSS212','p15'),('WSS215','p15'),('WSS217','p15'),('WSS218','p15'),('WSS22','p15'),('WSS222','p15'),('WSS225','p15'),('WSS23','p15'),('WSS230','p15'),('WSS238','p15'),('WSS240','p15'),('WSS242','p15'),('WSS25','p15'),('WSS253','p15'),('WSS258','p15'),('WSS259','p15'),('WSS261','p15'),('WSS264','p15'),('WSS265','p15'),('WSS268','p15'),('WSS271','p15'),('WSS280','p15'),('WSS281','p15'),('WSS283','p15'),('WSS290','p15'),('WSS291','p15'),('WSS293','p15'),('WSS299','p15'),('WSS30','p15'),('WSS301','p15'),('WSS302','p15'),('WSS307','p15'),('WSS308','p15'),('WSS311','p15'),('WSS312','p15'),('WSS316','p15'),('WSS318','p15'),('WSS32','p15'),('WSS325','p15'),('WSS327','p15'),('WSS328','p15'),('WSS335','p15'),('WSS339','p15'),('WSS341','p15'),('WSS345','p15'),('WSS346','p15'),('WSS347','p15'),('WSS349','p15'),('WSS350','p15'),('WSS353','p15'),('WSS359','p15'),('WSS36','p15'),('WSS363','p15'),('WSS365','p15'),('WSS367','p15'),('WSS369','p15'),('WSS371','p15'),('WSS372','p15'),('WSS375','p15'),('WSS376','p15'),('WSS378','p15'),('WSS381','p15'),('WSS383','p15'),('WSS388','p15'),('WSS391','p15'),('WSS397','p15'),('WSS398','p15'),('WSS40','p15'),('WSS402','p15'),('WSS404','p15'),('WSS407','p15'),('WSS409','p15'),('WSS411','p15'),('WSS415','p15'),('WSS42','p15'),('WSS420','p15'),('WSS421','p15'),('WSS422','p15'),('WSS423','p15'),('WSS424','p15'),('WSS426','p15'),('WSS434','p15'),('WSS440','p15'),('WSS442','p15'),('WSS444','p15'),('WSS446','p15'),('WSS447','p15'),('WSS448','p15'),('WSS449','p15'),('WSS457','p15'),('WSS462','p15'),('WSS464','p15'),('WSS466','p15'),('WSS468','p15'),('WSS469','p15'),('WSS471','p15'),('WSS479','p15'),('WSS483','p15'),('WSS485','p15'),('WSS489','p15'),('WSS497','p15'),('WSS5','p15'),('WSS502','p15'),('WSS503','p15'),('WSS508','p15'),('WSS510','p15'),('WSS511','p15'),('WSS512','p15'),('WSS524','p15'),('WSS526','p15'),('WSS528','p15'),('WSS534','p15'),('WSS535','p15'),('WSS536','p15'),('WSS540','p15'),('WSS541','p15'),('WSS543','p15'),('WSS545','p15'),('WSS547','p15'),('WSS548','p15'),('WSS549','p15'),('WSS55','p15'),('WSS550','p15'),('WSS551','p15'),('WSS553','p15'),('WSS555','p15'),('WSS556','p15'),('WSS559','p15'),('WSS56','p15'),('WSS562','p15'),('WSS567','p15'),('WSS568','p15'),('WSS569','p15'),('WSS57','p15'),('WSS574','p15'),('WSS576','p15'),('WSS579','p15'),('WSS581','p15'),('WSS59','p15'),('WSS591','p15'),('WSS594','p15'),('WSS598','p15'),('WSS67','p15'),('WSS70','p15'),('WSS74','p15'),('WSS78','p15'),('WSS84','p15'),('WSS86','p15'),('WSS89','p15'),('WSS90','p15'),('WSS91','p15'),('WSS93','p15'),('WSS96','p15'),('WSS99','p15'),('WSS10','p16'),('WSS101','p16'),('WSS107','p16'),('WSS108','p16'),('WSS109','p16'),('WSS11','p16'),('WSS116','p16'),('WSS118','p16'),('WSS12','p16'),('WSS123','p16'),('WSS124','p16'),('WSS125','p16'),('WSS131','p16'),('WSS133','p16'),('WSS137','p16'),('WSS139','p16'),('WSS140','p16'),('WSS142','p16'),('WSS145','p16'),('WSS146','p16'),('WSS148','p16'),('WSS151','p16'),('WSS153','p16'),('WSS154','p16'),('WSS157','p16'),('WSS162','p16'),('WSS165','p16'),('WSS167','p16'),('WSS170','p16'),('WSS172','p16'),('WSS177','p16'),('WSS181','p16'),('WSS183','p16'),('WSS186','p16'),('WSS187','p16'),('WSS189','p16'),('WSS191','p16'),('WSS192','p16'),('WSS2','p16'),('WSS20','p16'),('WSS200','p16'),('WSS203','p16'),('WSS205','p16'),('WSS209','p16'),('WSS210','p16'),('WSS212','p16'),('WSS214','p16'),('WSS215','p16'),('WSS219','p16'),('WSS220','p16'),('WSS221','p16'),('WSS224','p16'),('WSS23','p16'),('WSS236','p16'),('WSS240','p16'),('WSS241','p16'),('WSS242','p16'),('WSS243','p16'),('WSS244','p16'),('WSS252','p16'),('WSS253','p16'),('WSS254','p16'),('WSS258','p16'),('WSS263','p16'),('WSS264','p16'),('WSS265','p16'),('WSS267','p16'),('WSS282','p16'),('WSS284','p16'),('WSS286','p16'),('WSS289','p16'),('WSS298','p16'),('WSS3','p16'),('WSS301','p16'),('WSS309','p16'),('WSS31','p16'),('WSS311','p16'),('WSS313','p16'),('WSS315','p16'),('WSS319','p16'),('WSS32','p16'),('WSS320','p16'),('WSS324','p16'),('WSS326','p16'),('WSS329','p16'),('WSS332','p16'),('WSS338','p16'),('WSS339','p16'),('WSS343','p16'),('WSS345','p16'),('WSS347','p16'),('WSS349','p16'),('WSS352','p16'),('WSS356','p16'),('WSS357','p16'),('WSS359','p16'),('WSS360','p16'),('WSS369','p16'),('WSS370','p16'),('WSS371','p16'),('WSS372','p16'),('WSS375','p16'),('WSS377','p16'),('WSS38','p16'),('WSS380','p16'),('WSS382','p16'),('WSS383','p16'),('WSS384','p16'),('WSS386','p16'),('WSS387','p16'),('WSS388','p16'),('WSS395','p16'),('WSS398','p16'),('WSS399','p16'),('WSS4','p16'),('WSS401','p16'),('WSS403','p16'),('WSS404','p16'),('WSS405','p16'),('WSS406','p16'),('WSS41','p16'),('WSS412','p16'),('WSS415','p16'),('WSS417','p16'),('WSS418','p16'),('WSS419','p16'),('WSS420','p16'),('WSS421','p16'),('WSS422','p16'),('WSS424','p16'),('WSS430','p16'),('WSS431','p16'),('WSS432','p16'),('WSS436','p16'),('WSS437','p16'),('WSS438','p16'),('WSS440','p16'),('WSS441','p16'),('WSS442','p16'),('WSS445','p16'),('WSS448','p16'),('WSS449','p16'),('WSS45','p16'),('WSS455','p16'),('WSS459','p16'),('WSS461','p16'),('WSS464','p16'),('WSS467','p16'),('WSS468','p16'),('WSS469','p16'),('WSS47','p16'),('WSS476','p16'),('WSS477','p16'),('WSS485','p16'),('WSS488','p16'),('WSS491','p16'),('WSS492','p16'),('WSS493','p16'),('WSS496','p16'),('WSS498','p16'),('WSS501','p16'),('WSS503','p16'),('WSS504','p16'),('WSS505','p16'),('WSS506','p16'),('WSS512','p16'),('WSS518','p16'),('WSS519','p16'),('WSS520','p16'),('WSS521','p16'),('WSS530','p16'),('WSS531','p16'),('WSS533','p16'),('WSS536','p16'),('WSS537','p16'),('WSS542','p16'),('WSS543','p16'),('WSS546','p16'),('WSS548','p16'),('WSS551','p16'),('WSS554','p16'),('WSS559','p16'),('WSS560','p16'),('WSS574','p16'),('WSS576','p16'),('WSS578','p16'),('WSS580','p16'),('WSS581','p16'),('WSS582','p16'),('WSS583','p16'),('WSS584','p16'),('WSS587','p16'),('WSS589','p16'),('WSS592','p16'),('WSS593','p16'),('WSS598','p16'),('WSS6','p16'),('WSS61','p16'),('WSS62','p16'),('WSS65','p16'),('WSS69','p16'),('WSS71','p16'),('WSS72','p16'),('WSS76','p16'),('WSS81','p16'),('WSS83','p16'),('WSS84','p16'),('WSS85','p16'),('WSS90','p16'),('WSS92','p16'),('WSS96','p16'),('WSS97','p16'),('WSS99','p16'),('WSS100','p17'),('WSS109','p17'),('WSS118','p17'),('WSS119','p17'),('WSS12','p17'),('WSS124','p17'),('WSS129','p17'),('WSS130','p17'),('WSS134','p17'),('WSS136','p17'),('WSS137','p17'),('WSS142','p17'),('WSS144','p17'),('WSS148','p17'),('WSS15','p17'),('WSS150','p17'),('WSS154','p17'),('WSS156','p17'),('WSS157','p17'),('WSS16','p17'),('WSS162','p17'),('WSS166','p17'),('WSS167','p17'),('WSS168','p17'),('WSS169','p17'),('WSS17','p17'),('WSS170','p17'),('WSS173','p17'),('WSS177','p17'),('WSS178','p17'),('WSS183','p17'),('WSS189','p17'),('WSS192','p17'),('WSS196','p17'),('WSS199','p17'),('WSS20','p17'),('WSS201','p17'),('WSS204','p17'),('WSS205','p17'),('WSS206','p17'),('WSS207','p17'),('WSS209','p17'),('WSS212','p17'),('WSS214','p17'),('WSS224','p17'),('WSS225','p17'),('WSS229','p17'),('WSS230','p17'),('WSS233','p17'),('WSS235','p17'),('WSS239','p17'),('WSS245','p17'),('WSS247','p17'),('WSS25','p17'),('WSS251','p17'),('WSS255','p17'),('WSS258','p17'),('WSS260','p17'),('WSS261','p17'),('WSS262','p17'),('WSS266','p17'),('WSS267','p17'),('WSS268','p17'),('WSS273','p17'),('WSS275','p17'),('WSS279','p17'),('WSS281','p17'),('WSS282','p17'),('WSS284','p17'),('WSS285','p17'),('WSS286','p17'),('WSS287','p17'),('WSS288','p17'),('WSS291','p17'),('WSS292','p17'),('WSS294','p17'),('WSS298','p17'),('WSS30','p17'),('WSS300','p17'),('WSS306','p17'),('WSS307','p17'),('WSS308','p17'),('WSS313','p17'),('WSS318','p17'),('WSS32','p17'),('WSS329','p17'),('WSS33','p17'),('WSS331','p17'),('WSS332','p17'),('WSS336','p17'),('WSS338','p17'),('WSS34','p17'),('WSS340','p17'),('WSS341','p17'),('WSS344','p17'),('WSS345','p17'),('WSS346','p17'),('WSS347','p17'),('WSS350','p17'),('WSS352','p17'),('WSS355','p17'),('WSS356','p17'),('WSS358','p17'),('WSS36','p17'),('WSS360','p17'),('WSS364','p17'),('WSS367','p17'),('WSS368','p17'),('WSS370','p17'),('WSS371','p17'),('WSS372','p17'),('WSS375','p17'),('WSS377','p17'),('WSS378','p17'),('WSS382','p17'),('WSS383','p17'),('WSS393','p17'),('WSS395','p17'),('WSS399','p17'),('WSS405','p17'),('WSS406','p17'),('WSS408','p17'),('WSS410','p17'),('WSS413','p17'),('WSS416','p17'),('WSS417','p17'),('WSS421','p17'),('WSS428','p17'),('WSS429','p17'),('WSS43','p17'),('WSS430','p17'),('WSS435','p17'),('WSS440','p17'),('WSS442','p17'),('WSS447','p17'),('WSS448','p17'),('WSS449','p17'),('WSS450','p17'),('WSS454','p17'),('WSS455','p17'),('WSS456','p17'),('WSS457','p17'),('WSS458','p17'),('WSS460','p17'),('WSS466','p17'),('WSS468','p17'),('WSS47','p17'),('WSS470','p17'),('WSS471','p17'),('WSS473','p17'),('WSS476','p17'),('WSS477','p17'),('WSS48','p17'),('WSS482','p17'),('WSS486','p17'),('WSS488','p17'),('WSS490','p17'),('WSS491','p17'),('WSS492','p17'),('WSS494','p17'),('WSS497','p17'),('WSS498','p17'),('WSS500','p17'),('WSS513','p17'),('WSS515','p17'),('WSS517','p17'),('WSS519','p17'),('WSS520','p17'),('WSS524','p17'),('WSS528','p17'),('WSS529','p17'),('WSS531','p17'),('WSS532','p17'),('WSS533','p17'),('WSS534','p17'),('WSS537','p17'),('WSS539','p17'),('WSS543','p17'),('WSS546','p17'),('WSS551','p17'),('WSS553','p17'),('WSS554','p17'),('WSS556','p17'),('WSS558','p17'),('WSS559','p17'),('WSS56','p17'),('WSS560','p17'),('WSS562','p17'),('WSS572','p17'),('WSS575','p17'),('WSS583','p17'),('WSS584','p17'),('WSS585','p17'),('WSS587','p17'),('WSS591','p17'),('WSS594','p17'),('WSS597','p17'),('WSS60','p17'),('WSS600','p17'),('WSS61','p17'),('WSS62','p17'),('WSS64','p17'),('WSS65','p17'),('WSS68','p17'),('WSS74','p17'),('WSS79','p17'),('WSS81','p17'),('WSS85','p17'),('WSS92','p17'),('WSS94','p17'),('WSS96','p17'),('WSS97','p17'),('WSS104','p18'),('WSS105','p18'),('WSS107','p18'),('WSS109','p18'),('WSS113','p18'),('WSS115','p18'),('WSS118','p18'),('WSS12','p18'),('WSS135','p18'),('WSS138','p18'),('WSS140','p18'),('WSS141','p18'),('WSS143','p18'),('WSS144','p18'),('WSS146','p18'),('WSS149','p18'),('WSS15','p18'),('WSS150','p18'),('WSS151','p18'),('WSS152','p18'),('WSS156','p18'),('WSS157','p18'),('WSS16','p18'),('WSS161','p18'),('WSS164','p18'),('WSS166','p18'),('WSS169','p18'),('WSS172','p18'),('WSS173','p18'),('WSS174','p18'),('WSS176','p18'),('WSS18','p18'),('WSS180','p18'),('WSS182','p18'),('WSS186','p18'),('WSS196','p18'),('WSS201','p18'),('WSS202','p18'),('WSS203','p18'),('WSS205','p18'),('WSS208','p18'),('WSS209','p18'),('WSS212','p18'),('WSS213','p18'),('WSS218','p18'),('WSS225','p18'),('WSS23','p18'),('WSS231','p18'),('WSS239','p18'),('WSS246','p18'),('WSS25','p18'),('WSS252','p18'),('WSS253','p18'),('WSS255','p18'),('WSS258','p18'),('WSS26','p18'),('WSS262','p18'),('WSS269','p18'),('WSS274','p18'),('WSS275','p18'),('WSS276','p18'),('WSS28','p18'),('WSS283','p18'),('WSS284','p18'),('WSS285','p18'),('WSS291','p18'),('WSS292','p18'),('WSS297','p18'),('WSS298','p18'),('WSS305','p18'),('WSS306','p18'),('WSS317','p18'),('WSS32','p18'),('WSS321','p18'),('WSS322','p18'),('WSS325','p18'),('WSS328','p18'),('WSS332','p18'),('WSS335','p18'),('WSS340','p18'),('WSS342','p18'),('WSS343','p18'),('WSS348','p18'),('WSS349','p18'),('WSS35','p18'),('WSS353','p18'),('WSS358','p18'),('WSS365','p18'),('WSS369','p18'),('WSS37','p18'),('WSS370','p18'),('WSS373','p18'),('WSS376','p18'),('WSS377','p18'),('WSS384','p18'),('WSS385','p18'),('WSS391','p18'),('WSS392','p18'),('WSS394','p18'),('WSS398','p18'),('WSS40','p18'),('WSS400','p18'),('WSS403','p18'),('WSS410','p18'),('WSS414','p18'),('WSS42','p18'),('WSS424','p18'),('WSS437','p18'),('WSS439','p18'),('WSS440','p18'),('WSS442','p18'),('WSS445','p18'),('WSS448','p18'),('WSS454','p18'),('WSS457','p18'),('WSS463','p18'),('WSS464','p18'),('WSS466','p18'),('WSS467','p18'),('WSS47','p18'),('WSS471','p18'),('WSS474','p18'),('WSS478','p18'),('WSS482','p18'),('WSS484','p18'),('WSS485','p18'),('WSS497','p18'),('WSS499','p18'),('WSS501','p18'),('WSS503','p18'),('WSS504','p18'),('WSS507','p18'),('WSS510','p18'),('WSS511','p18'),('WSS512','p18'),('WSS516','p18'),('WSS518','p18'),('WSS519','p18'),('WSS522','p18'),('WSS523','p18'),('WSS526','p18'),('WSS528','p18'),('WSS53','p18'),('WSS530','p18'),('WSS532','p18'),('WSS534','p18'),('WSS537','p18'),('WSS538','p18'),('WSS545','p18'),('WSS555','p18'),('WSS558','p18'),('WSS560','p18'),('WSS561','p18'),('WSS565','p18'),('WSS566','p18'),('WSS567','p18'),('WSS57','p18'),('WSS570','p18'),('WSS571','p18'),('WSS576','p18'),('WSS580','p18'),('WSS581','p18'),('WSS586','p18'),('WSS588','p18'),('WSS589','p18'),('WSS592','p18'),('WSS593','p18'),('WSS596','p18'),('WSS597','p18'),('WSS600','p18'),('WSS63','p18'),('WSS64','p18'),('WSS67','p18'),('WSS68','p18'),('WSS7','p18'),('WSS72','p18'),('WSS74','p18'),('WSS75','p18'),('WSS76','p18'),('WSS8','p18'),('WSS80','p18'),('WSS82','p18'),('WSS88','p18'),('WSS89','p18'),('WSS97','p18'),('WSS100','p19'),('WSS102','p19'),('WSS105','p19'),('WSS106','p19'),('WSS109','p19'),('WSS110','p19'),('WSS112','p19'),('WSS114','p19'),('WSS117','p19'),('WSS119','p19'),('WSS121','p19'),('WSS125','p19'),('WSS127','p19'),('WSS128','p19'),('WSS13','p19'),('WSS145','p19'),('WSS153','p19'),('WSS155','p19'),('WSS158','p19'),('WSS159','p19'),('WSS16','p19'),('WSS160','p19'),('WSS162','p19'),('WSS163','p19'),('WSS165','p19'),('WSS166','p19'),('WSS173','p19'),('WSS174','p19'),('WSS176','p19'),('WSS18','p19'),('WSS180','p19'),('WSS184','p19'),('WSS186','p19'),('WSS187','p19'),('WSS189','p19'),('WSS190','p19'),('WSS192','p19'),('WSS193','p19'),('WSS197','p19'),('WSS198','p19'),('WSS2','p19'),('WSS202','p19'),('WSS203','p19'),('WSS204','p19'),('WSS207','p19'),('WSS209','p19'),('WSS21','p19'),('WSS213','p19'),('WSS217','p19'),('WSS219','p19'),('WSS22','p19'),('WSS229','p19'),('WSS230','p19'),('WSS237','p19'),('WSS24','p19'),('WSS240','p19'),('WSS246','p19'),('WSS248','p19'),('WSS249','p19'),('WSS25','p19'),('WSS253','p19'),('WSS254','p19'),('WSS257','p19'),('WSS262','p19'),('WSS266','p19'),('WSS268','p19'),('WSS270','p19'),('WSS272','p19'),('WSS273','p19'),('WSS277','p19'),('WSS278','p19'),('WSS28','p19'),('WSS282','p19'),('WSS284','p19'),('WSS285','p19'),('WSS286','p19'),('WSS288','p19'),('WSS29','p19'),('WSS292','p19'),('WSS293','p19'),('WSS295','p19'),('WSS306','p19'),('WSS316','p19'),('WSS318','p19'),('WSS321','p19'),('WSS324','p19'),('WSS326','p19'),('WSS33','p19'),('WSS330','p19'),('WSS334','p19'),('WSS335','p19'),('WSS34','p19'),('WSS342','p19'),('WSS347','p19'),('WSS35','p19'),('WSS353','p19'),('WSS355','p19'),('WSS356','p19'),('WSS358','p19'),('WSS359','p19'),('WSS361','p19'),('WSS363','p19'),('WSS367','p19'),('WSS369','p19'),('WSS371','p19'),('WSS381','p19'),('WSS382','p19'),('WSS385','p19'),('WSS390','p19'),('WSS393','p19'),('WSS395','p19'),('WSS400','p19'),('WSS403','p19'),('WSS405','p19'),('WSS41','p19'),('WSS410','p19'),('WSS411','p19'),('WSS419','p19'),('WSS420','p19'),('WSS424','p19'),('WSS425','p19'),('WSS433','p19'),('WSS434','p19'),('WSS436','p19'),('WSS448','p19'),('WSS451','p19'),('WSS454','p19'),('WSS455','p19'),('WSS456','p19'),('WSS458','p19'),('WSS459','p19'),('WSS46','p19'),('WSS462','p19'),('WSS471','p19'),('WSS472','p19'),('WSS474','p19'),('WSS477','p19'),('WSS480','p19'),('WSS481','p19'),('WSS487','p19'),('WSS489','p19'),('WSS49','p19'),('WSS490','p19'),('WSS50','p19'),('WSS500','p19'),('WSS502','p19'),('WSS506','p19'),('WSS512','p19'),('WSS513','p19'),('WSS514','p19'),('WSS517','p19'),('WSS519','p19'),('WSS52','p19'),('WSS522','p19'),('WSS526','p19'),('WSS527','p19'),('WSS53','p19'),('WSS533','p19'),('WSS536','p19'),('WSS540','p19'),('WSS542','p19'),('WSS544','p19'),('WSS545','p19'),('WSS546','p19'),('WSS547','p19'),('WSS549','p19'),('WSS553','p19'),('WSS555','p19'),('WSS558','p19'),('WSS564','p19'),('WSS566','p19'),('WSS567','p19'),('WSS569','p19'),('WSS572','p19'),('WSS577','p19'),('WSS578','p19'),('WSS581','p19'),('WSS583','p19'),('WSS584','p19'),('WSS585','p19'),('WSS591','p19'),('WSS595','p19'),('WSS598','p19'),('WSS69','p19'),('WSS7','p19'),('WSS75','p19'),('WSS79','p19'),('WSS80','p19'),('WSS82','p19'),('WSS83','p19'),('WSS84','p19'),('WSS85','p19'),('WSS86','p19'),('WSS89','p19'),('WSS91','p19'),('WSS94','p19'),('WSS99','p19'),('WSS10','p2'),('WSS105','p2'),('WSS107','p2'),('WSS109','p2'),('WSS114','p2'),('WSS115','p2'),('WSS117','p2'),('WSS118','p2'),('WSS120','p2'),('WSS121','p2'),('WSS124','p2'),('WSS125','p2'),('WSS126','p2'),('WSS129','p2'),('WSS13','p2'),('WSS130','p2'),('WSS134','p2'),('WSS136','p2'),('WSS137','p2'),('WSS138','p2'),('WSS139','p2'),('WSS146','p2'),('WSS147','p2'),('WSS148','p2'),('WSS150','p2'),('WSS151','p2'),('WSS158','p2'),('WSS161','p2'),('WSS166','p2'),('WSS171','p2'),('WSS173','p2'),('WSS175','p2'),('WSS177','p2'),('WSS178','p2'),('WSS179','p2'),('WSS18','p2'),('WSS182','p2'),('WSS183','p2'),('WSS185','p2'),('WSS189','p2'),('WSS191','p2'),('WSS194','p2'),('WSS195','p2'),('WSS2','p2'),('WSS206','p2'),('WSS207','p2'),('WSS208','p2'),('WSS210','p2'),('WSS211','p2'),('WSS214','p2'),('WSS216','p2'),('WSS218','p2'),('WSS219','p2'),('WSS229','p2'),('WSS230','p2'),('WSS231','p2'),('WSS232','p2'),('WSS233','p2'),('WSS236','p2'),('WSS239','p2'),('WSS24','p2'),('WSS242','p2'),('WSS245','p2'),('WSS246','p2'),('WSS247','p2'),('WSS257','p2'),('WSS259','p2'),('WSS260','p2'),('WSS261','p2'),('WSS267','p2'),('WSS269','p2'),('WSS27','p2'),('WSS271','p2'),('WSS276','p2'),('WSS28','p2'),('WSS282','p2'),('WSS29','p2'),('WSS290','p2'),('WSS293','p2'),('WSS295','p2'),('WSS297','p2'),('WSS30','p2'),('WSS304','p2'),('WSS308','p2'),('WSS311','p2'),('WSS312','p2'),('WSS313','p2'),('WSS318','p2'),('WSS32','p2'),('WSS325','p2'),('WSS326','p2'),('WSS331','p2'),('WSS332','p2'),('WSS334','p2'),('WSS335','p2'),('WSS343','p2'),('WSS345','p2'),('WSS349','p2'),('WSS352','p2'),('WSS358','p2'),('WSS36','p2'),('WSS360','p2'),('WSS369','p2'),('WSS371','p2'),('WSS372','p2'),('WSS378','p2'),('WSS380','p2'),('WSS381','p2'),('WSS385','p2'),('WSS386','p2'),('WSS39','p2'),('WSS390','p2'),('WSS391','p2'),('WSS397','p2'),('WSS403','p2'),('WSS406','p2'),('WSS411','p2'),('WSS413','p2'),('WSS415','p2'),('WSS42','p2'),('WSS422','p2'),('WSS424','p2'),('WSS426','p2'),('WSS427','p2'),('WSS428','p2'),('WSS43','p2'),('WSS435','p2'),('WSS44','p2'),('WSS441','p2'),('WSS444','p2'),('WSS445','p2'),('WSS446','p2'),('WSS447','p2'),('WSS450','p2'),('WSS452','p2'),('WSS460','p2'),('WSS461','p2'),('WSS462','p2'),('WSS463','p2'),('WSS464','p2'),('WSS466','p2'),('WSS47','p2'),('WSS473','p2'),('WSS475','p2'),('WSS483','p2'),('WSS488','p2'),('WSS489','p2'),('WSS495','p2'),('WSS497','p2'),('WSS5','p2'),('WSS502','p2'),('WSS505','p2'),('WSS507','p2'),('WSS514','p2'),('WSS515','p2'),('WSS517','p2'),('WSS518','p2'),('WSS520','p2'),('WSS525','p2'),('WSS526','p2'),('WSS530','p2'),('WSS532','p2'),('WSS538','p2'),('WSS543','p2'),('WSS55','p2'),('WSS552','p2'),('WSS554','p2'),('WSS563','p2'),('WSS565','p2'),('WSS566','p2'),('WSS567','p2'),('WSS569','p2'),('WSS575','p2'),('WSS578','p2'),('WSS581','p2'),('WSS584','p2'),('WSS585','p2'),('WSS586','p2'),('WSS588','p2'),('WSS589','p2'),('WSS59','p2'),('WSS592','p2'),('WSS593','p2'),('WSS61','p2'),('WSS62','p2'),('WSS65','p2'),('WSS67','p2'),('WSS68','p2'),('WSS69','p2'),('WSS73','p2'),('WSS76','p2'),('WSS77','p2'),('WSS79','p2'),('WSS81','p2'),('WSS83','p2'),('WSS85','p2'),('WSS87','p2'),('WSS88','p2'),('WSS93','p2'),('WSS94','p2'),('WSS97','p2'),('WSS98','p2'),('WSS99','p2'),('WSS1','p20'),('WSS100','p20'),('WSS103','p20'),('WSS104','p20'),('WSS108','p20'),('WSS110','p20'),('WSS111','p20'),('WSS115','p20'),('WSS116','p20'),('WSS119','p20'),('WSS124','p20'),('WSS132','p20'),('WSS134','p20'),('WSS135','p20'),('WSS136','p20'),('WSS140','p20'),('WSS142','p20'),('WSS143','p20'),('WSS148','p20'),('WSS150','p20'),('WSS152','p20'),('WSS158','p20'),('WSS159','p20'),('WSS163','p20'),('WSS165','p20'),('WSS168','p20'),('WSS170','p20'),('WSS171','p20'),('WSS174','p20'),('WSS175','p20'),('WSS176','p20'),('WSS178','p20'),('WSS184','p20'),('WSS185','p20'),('WSS188','p20'),('WSS191','p20'),('WSS192','p20'),('WSS194','p20'),('WSS195','p20'),('WSS196','p20'),('WSS204','p20'),('WSS208','p20'),('WSS215','p20'),('WSS22','p20'),('WSS222','p20'),('WSS231','p20'),('WSS233','p20'),('WSS238','p20'),('WSS242','p20'),('WSS246','p20'),('WSS248','p20'),('WSS249','p20'),('WSS251','p20'),('WSS256','p20'),('WSS258','p20'),('WSS262','p20'),('WSS267','p20'),('WSS27','p20'),('WSS270','p20'),('WSS276','p20'),('WSS279','p20'),('WSS283','p20'),('WSS299','p20'),('WSS3','p20'),('WSS304','p20'),('WSS305','p20'),('WSS308','p20'),('WSS309','p20'),('WSS310','p20'),('WSS314','p20'),('WSS317','p20'),('WSS322','p20'),('WSS323','p20'),('WSS33','p20'),('WSS335','p20'),('WSS336','p20'),('WSS338','p20'),('WSS342','p20'),('WSS350','p20'),('WSS354','p20'),('WSS356','p20'),('WSS359','p20'),('WSS36','p20'),('WSS362','p20'),('WSS363','p20'),('WSS365','p20'),('WSS369','p20'),('WSS373','p20'),('WSS374','p20'),('WSS377','p20'),('WSS381','p20'),('WSS390','p20'),('WSS392','p20'),('WSS397','p20'),('WSS407','p20'),('WSS410','p20'),('WSS413','p20'),('WSS415','p20'),('WSS419','p20'),('WSS421','p20'),('WSS422','p20'),('WSS424','p20'),('WSS426','p20'),('WSS429','p20'),('WSS43','p20'),('WSS438','p20'),('WSS439','p20'),('WSS44','p20'),('WSS441','p20'),('WSS446','p20'),('WSS447','p20'),('WSS449','p20'),('WSS451','p20'),('WSS452','p20'),('WSS457','p20'),('WSS458','p20'),('WSS466','p20'),('WSS467','p20'),('WSS474','p20'),('WSS475','p20'),('WSS477','p20'),('WSS482','p20'),('WSS486','p20'),('WSS488','p20'),('WSS49','p20'),('WSS492','p20'),('WSS495','p20'),('WSS496','p20'),('WSS499','p20'),('WSS501','p20'),('WSS503','p20'),('WSS504','p20'),('WSS507','p20'),('WSS509','p20'),('WSS51','p20'),('WSS510','p20'),('WSS511','p20'),('WSS512','p20'),('WSS518','p20'),('WSS521','p20'),('WSS527','p20'),('WSS528','p20'),('WSS529','p20'),('WSS53','p20'),('WSS533','p20'),('WSS535','p20'),('WSS54','p20'),('WSS542','p20'),('WSS547','p20'),('WSS548','p20'),('WSS55','p20'),('WSS552','p20'),('WSS553','p20'),('WSS557','p20'),('WSS561','p20'),('WSS564','p20'),('WSS567','p20'),('WSS570','p20'),('WSS571','p20'),('WSS573','p20'),('WSS576','p20'),('WSS58','p20'),('WSS582','p20'),('WSS583','p20'),('WSS587','p20'),('WSS588','p20'),('WSS59','p20'),('WSS596','p20'),('WSS6','p20'),('WSS600','p20'),('WSS65','p20'),('WSS66','p20'),('WSS70','p20'),('WSS73','p20'),('WSS77','p20'),('WSS78','p20'),('WSS80','p20'),('WSS85','p20'),('WSS86','p20'),('WSS87','p20'),('WSS9','p20'),('WSS91','p20'),('WSS96','p20'),('WSS98','p20'),('WSS99','p20'),('WSS100','p3'),('WSS101','p3'),('WSS102','p3'),('WSS104','p3'),('WSS108','p3'),('WSS11','p3'),('WSS113','p3'),('WSS116','p3'),('WSS120','p3'),('WSS122','p3'),('WSS125','p3'),('WSS127','p3'),('WSS128','p3'),('WSS13','p3'),('WSS132','p3'),('WSS133','p3'),('WSS134','p3'),('WSS139','p3'),('WSS14','p3'),('WSS140','p3'),('WSS141','p3'),('WSS146','p3'),('WSS147','p3'),('WSS149','p3'),('WSS154','p3'),('WSS159','p3'),('WSS161','p3'),('WSS162','p3'),('WSS168','p3'),('WSS170','p3'),('WSS176','p3'),('WSS181','p3'),('WSS185','p3'),('WSS186','p3'),('WSS187','p3'),('WSS188','p3'),('WSS189','p3'),('WSS197','p3'),('WSS198','p3'),('WSS199','p3'),('WSS200','p3'),('WSS206','p3'),('WSS207','p3'),('WSS21','p3'),('WSS213','p3'),('WSS215','p3'),('WSS216','p3'),('WSS217','p3'),('WSS218','p3'),('WSS220','p3'),('WSS221','p3'),('WSS222','p3'),('WSS226','p3'),('WSS227','p3'),('WSS234','p3'),('WSS236','p3'),('WSS237','p3'),('WSS238','p3'),('WSS24','p3'),('WSS240','p3'),('WSS241','p3'),('WSS242','p3'),('WSS250','p3'),('WSS252','p3'),('WSS259','p3'),('WSS26','p3'),('WSS265','p3'),('WSS267','p3'),('WSS269','p3'),('WSS276','p3'),('WSS280','p3'),('WSS281','p3'),('WSS282','p3'),('WSS283','p3'),('WSS296','p3'),('WSS297','p3'),('WSS3','p3'),('WSS301','p3'),('WSS303','p3'),('WSS304','p3'),('WSS305','p3'),('WSS307','p3'),('WSS309','p3'),('WSS311','p3'),('WSS312','p3'),('WSS322','p3'),('WSS323','p3'),('WSS325','p3'),('WSS328','p3'),('WSS33','p3'),('WSS330','p3'),('WSS332','p3'),('WSS334','p3'),('WSS337','p3'),('WSS339','p3'),('WSS34','p3'),('WSS341','p3'),('WSS344','p3'),('WSS346','p3'),('WSS347','p3'),('WSS348','p3'),('WSS350','p3'),('WSS352','p3'),('WSS353','p3'),('WSS354','p3'),('WSS364','p3'),('WSS366','p3'),('WSS367','p3'),('WSS370','p3'),('WSS376','p3'),('WSS378','p3'),('WSS379','p3'),('WSS38','p3'),('WSS381','p3'),('WSS384','p3'),('WSS386','p3'),('WSS39','p3'),('WSS392','p3'),('WSS393','p3'),('WSS4','p3'),('WSS401','p3'),('WSS402','p3'),('WSS407','p3'),('WSS41','p3'),('WSS419','p3'),('WSS421','p3'),('WSS422','p3'),('WSS424','p3'),('WSS425','p3'),('WSS426','p3'),('WSS432','p3'),('WSS436','p3'),('WSS437','p3'),('WSS439','p3'),('WSS449','p3'),('WSS450','p3'),('WSS452','p3'),('WSS453','p3'),('WSS459','p3'),('WSS463','p3'),('WSS464','p3'),('WSS468','p3'),('WSS47','p3'),('WSS471','p3'),('WSS472','p3'),('WSS48','p3'),('WSS480','p3'),('WSS483','p3'),('WSS484','p3'),('WSS485','p3'),('WSS487','p3'),('WSS489','p3'),('WSS49','p3'),('WSS491','p3'),('WSS494','p3'),('WSS496','p3'),('WSS501','p3'),('WSS504','p3'),('WSS505','p3'),('WSS51','p3'),('WSS514','p3'),('WSS516','p3'),('WSS523','p3'),('WSS525','p3'),('WSS531','p3'),('WSS532','p3'),('WSS535','p3'),('WSS537','p3'),('WSS538','p3'),('WSS539','p3'),('WSS54','p3'),('WSS540','p3'),('WSS541','p3'),('WSS544','p3'),('WSS547','p3'),('WSS548','p3'),('WSS55','p3'),('WSS551','p3'),('WSS554','p3'),('WSS555','p3'),('WSS557','p3'),('WSS56','p3'),('WSS565','p3'),('WSS566','p3'),('WSS569','p3'),('WSS573','p3'),('WSS574','p3'),('WSS580','p3'),('WSS584','p3'),('WSS587','p3'),('WSS593','p3'),('WSS595','p3'),('WSS596','p3'),('WSS597','p3'),('WSS599','p3'),('WSS62','p3'),('WSS63','p3'),('WSS64','p3'),('WSS66','p3'),('WSS68','p3'),('WSS69','p3'),('WSS7','p3'),('WSS70','p3'),('WSS79','p3'),('WSS84','p3'),('WSS87','p3'),('WSS93','p3'),('WSS95','p3'),('WSS1','p4'),('WSS108','p4'),('WSS110','p4'),('WSS111','p4'),('WSS112','p4'),('WSS113','p4'),('WSS114','p4'),('WSS115','p4'),('WSS120','p4'),('WSS122','p4'),('WSS123','p4'),('WSS126','p4'),('WSS127','p4'),('WSS136','p4'),('WSS142','p4'),('WSS143','p4'),('WSS149','p4'),('WSS151','p4'),('WSS152','p4'),('WSS155','p4'),('WSS156','p4'),('WSS157','p4'),('WSS158','p4'),('WSS159','p4'),('WSS164','p4'),('WSS167','p4'),('WSS174','p4'),('WSS176','p4'),('WSS179','p4'),('WSS18','p4'),('WSS181','p4'),('WSS19','p4'),('WSS190','p4'),('WSS194','p4'),('WSS197','p4'),('WSS198','p4'),('WSS20','p4'),('WSS200','p4'),('WSS204','p4'),('WSS207','p4'),('WSS21','p4'),('WSS213','p4'),('WSS218','p4'),('WSS22','p4'),('WSS223','p4'),('WSS244','p4'),('WSS245','p4'),('WSS25','p4'),('WSS250','p4'),('WSS252','p4'),('WSS259','p4'),('WSS26','p4'),('WSS260','p4'),('WSS266','p4'),('WSS268','p4'),('WSS271','p4'),('WSS272','p4'),('WSS273','p4'),('WSS274','p4'),('WSS275','p4'),('WSS278','p4'),('WSS279','p4'),('WSS28','p4'),('WSS280','p4'),('WSS281','p4'),('WSS290','p4'),('WSS291','p4'),('WSS292','p4'),('WSS296','p4'),('WSS297','p4'),('WSS3','p4'),('WSS302','p4'),('WSS303','p4'),('WSS304','p4'),('WSS306','p4'),('WSS31','p4'),('WSS310','p4'),('WSS312','p4'),('WSS319','p4'),('WSS320','p4'),('WSS321','p4'),('WSS324','p4'),('WSS325','p4'),('WSS326','p4'),('WSS333','p4'),('WSS334','p4'),('WSS335','p4'),('WSS339','p4'),('WSS343','p4'),('WSS349','p4'),('WSS350','p4'),('WSS354','p4'),('WSS357','p4'),('WSS361','p4'),('WSS362','p4'),('WSS364','p4'),('WSS367','p4'),('WSS368','p4'),('WSS374','p4'),('WSS380','p4'),('WSS389','p4'),('WSS390','p4'),('WSS4','p4'),('WSS40','p4'),('WSS400','p4'),('WSS402','p4'),('WSS409','p4'),('WSS410','p4'),('WSS416','p4'),('WSS417','p4'),('WSS420','p4'),('WSS425','p4'),('WSS428','p4'),('WSS431','p4'),('WSS432','p4'),('WSS436','p4'),('WSS437','p4'),('WSS441','p4'),('WSS442','p4'),('WSS443','p4'),('WSS446','p4'),('WSS45','p4'),('WSS450','p4'),('WSS451','p4'),('WSS452','p4'),('WSS453','p4'),('WSS457','p4'),('WSS458','p4'),('WSS46','p4'),('WSS460','p4'),('WSS463','p4'),('WSS470','p4'),('WSS472','p4'),('WSS477','p4'),('WSS481','p4'),('WSS482','p4'),('WSS483','p4'),('WSS484','p4'),('WSS486','p4'),('WSS487','p4'),('WSS488','p4'),('WSS489','p4'),('WSS49','p4'),('WSS491','p4'),('WSS494','p4'),('WSS499','p4'),('WSS502','p4'),('WSS504','p4'),('WSS506','p4'),('WSS507','p4'),('WSS51','p4'),('WSS511','p4'),('WSS515','p4'),('WSS521','p4'),('WSS534','p4'),('WSS538','p4'),('WSS539','p4'),('WSS541','p4'),('WSS545','p4'),('WSS55','p4'),('WSS550','p4'),('WSS553','p4'),('WSS559','p4'),('WSS560','p4'),('WSS562','p4'),('WSS563','p4'),('WSS564','p4'),('WSS565','p4'),('WSS570','p4'),('WSS573','p4'),('WSS578','p4'),('WSS58','p4'),('WSS582','p4'),('WSS583','p4'),('WSS584','p4'),('WSS585','p4'),('WSS590','p4'),('WSS592','p4'),('WSS594','p4'),('WSS596','p4'),('WSS598','p4'),('WSS6','p4'),('WSS62','p4'),('WSS63','p4'),('WSS72','p4'),('WSS75','p4'),('WSS77','p4'),('WSS79','p4'),('WSS8','p4'),('WSS89','p4'),('WSS9','p4'),('WSS95','p4'),('WSS98','p4'),('WSS10','p5'),('WSS100','p5'),('WSS103','p5'),('WSS107','p5'),('WSS108','p5'),('WSS11','p5'),('WSS111','p5'),('WSS112','p5'),('WSS115','p5'),('WSS117','p5'),('WSS12','p5'),('WSS123','p5'),('WSS125','p5'),('WSS131','p5'),('WSS135','p5'),('WSS138','p5'),('WSS143','p5'),('WSS144','p5'),('WSS151','p5'),('WSS156','p5'),('WSS158','p5'),('WSS159','p5'),('WSS165','p5'),('WSS168','p5'),('WSS169','p5'),('WSS17','p5'),('WSS171','p5'),('WSS172','p5'),('WSS173','p5'),('WSS174','p5'),('WSS18','p5'),('WSS181','p5'),('WSS183','p5'),('WSS186','p5'),('WSS188','p5'),('WSS19','p5'),('WSS190','p5'),('WSS195','p5'),('WSS196','p5'),('WSS20','p5'),('WSS200','p5'),('WSS201','p5'),('WSS213','p5'),('WSS216','p5'),('WSS219','p5'),('WSS227','p5'),('WSS228','p5'),('WSS232','p5'),('WSS234','p5'),('WSS235','p5'),('WSS237','p5'),('WSS239','p5'),('WSS241','p5'),('WSS244','p5'),('WSS249','p5'),('WSS251','p5'),('WSS252','p5'),('WSS255','p5'),('WSS256','p5'),('WSS258','p5'),('WSS260','p5'),('WSS262','p5'),('WSS264','p5'),('WSS273','p5'),('WSS274','p5'),('WSS282','p5'),('WSS284','p5'),('WSS290','p5'),('WSS295','p5'),('WSS296','p5'),('WSS297','p5'),('WSS3','p5'),('WSS301','p5'),('WSS310','p5'),('WSS312','p5'),('WSS313','p5'),('WSS314','p5'),('WSS315','p5'),('WSS318','p5'),('WSS32','p5'),('WSS322','p5'),('WSS329','p5'),('WSS330','p5'),('WSS331','p5'),('WSS332','p5'),('WSS337','p5'),('WSS338','p5'),('WSS34','p5'),('WSS340','p5'),('WSS342','p5'),('WSS344','p5'),('WSS346','p5'),('WSS347','p5'),('WSS348','p5'),('WSS349','p5'),('WSS350','p5'),('WSS353','p5'),('WSS354','p5'),('WSS355','p5'),('WSS359','p5'),('WSS361','p5'),('WSS362','p5'),('WSS364','p5'),('WSS365','p5'),('WSS366','p5'),('WSS369','p5'),('WSS37','p5'),('WSS376','p5'),('WSS379','p5'),('WSS38','p5'),('WSS382','p5'),('WSS383','p5'),('WSS387','p5'),('WSS388','p5'),('WSS389','p5'),('WSS39','p5'),('WSS390','p5'),('WSS395','p5'),('WSS4','p5'),('WSS40','p5'),('WSS400','p5'),('WSS401','p5'),('WSS402','p5'),('WSS405','p5'),('WSS407','p5'),('WSS408','p5'),('WSS409','p5'),('WSS410','p5'),('WSS413','p5'),('WSS417','p5'),('WSS418','p5'),('WSS42','p5'),('WSS421','p5'),('WSS423','p5'),('WSS425','p5'),('WSS429','p5'),('WSS430','p5'),('WSS431','p5'),('WSS432','p5'),('WSS436','p5'),('WSS44','p5'),('WSS441','p5'),('WSS448','p5'),('WSS454','p5'),('WSS457','p5'),('WSS458','p5'),('WSS462','p5'),('WSS463','p5'),('WSS469','p5'),('WSS48','p5'),('WSS485','p5'),('WSS486','p5'),('WSS490','p5'),('WSS497','p5'),('WSS498','p5'),('WSS50','p5'),('WSS503','p5'),('WSS506','p5'),('WSS509','p5'),('WSS510','p5'),('WSS513','p5'),('WSS515','p5'),('WSS516','p5'),('WSS517','p5'),('WSS518','p5'),('WSS521','p5'),('WSS531','p5'),('WSS535','p5'),('WSS538','p5'),('WSS540','p5'),('WSS555','p5'),('WSS559','p5'),('WSS56','p5'),('WSS560','p5'),('WSS568','p5'),('WSS569','p5'),('WSS571','p5'),('WSS574','p5'),('WSS575','p5'),('WSS577','p5'),('WSS580','p5'),('WSS582','p5'),('WSS583','p5'),('WSS586','p5'),('WSS587','p5'),('WSS588','p5'),('WSS590','p5'),('WSS594','p5'),('WSS595','p5'),('WSS599','p5'),('WSS60','p5'),('WSS600','p5'),('WSS65','p5'),('WSS66','p5'),('WSS68','p5'),('WSS71','p5'),('WSS78','p5'),('WSS83','p5'),('WSS86','p5'),('WSS9','p5'),('WSS91','p5'),('WSS95','p5'),('WSS96','p5'),('WSS98','p5'),('WSS10','p6'),('WSS100','p6'),('WSS104','p6'),('WSS108','p6'),('WSS114','p6'),('WSS116','p6'),('WSS117','p6'),('WSS120','p6'),('WSS121','p6'),('WSS122','p6'),('WSS124','p6'),('WSS127','p6'),('WSS128','p6'),('WSS130','p6'),('WSS134','p6'),('WSS135','p6'),('WSS137','p6'),('WSS138','p6'),('WSS139','p6'),('WSS140','p6'),('WSS149','p6'),('WSS150','p6'),('WSS153','p6'),('WSS154','p6'),('WSS156','p6'),('WSS160','p6'),('WSS172','p6'),('WSS173','p6'),('WSS174','p6'),('WSS179','p6'),('WSS183','p6'),('WSS185','p6'),('WSS187','p6'),('WSS191','p6'),('WSS194','p6'),('WSS196','p6'),('WSS199','p6'),('WSS20','p6'),('WSS204','p6'),('WSS206','p6'),('WSS208','p6'),('WSS210','p6'),('WSS211','p6'),('WSS213','p6'),('WSS214','p6'),('WSS218','p6'),('WSS219','p6'),('WSS221','p6'),('WSS222','p6'),('WSS223','p6'),('WSS227','p6'),('WSS23','p6'),('WSS236','p6'),('WSS239','p6'),('WSS24','p6'),('WSS243','p6'),('WSS244','p6'),('WSS245','p6'),('WSS247','p6'),('WSS248','p6'),('WSS251','p6'),('WSS252','p6'),('WSS256','p6'),('WSS257','p6'),('WSS263','p6'),('WSS264','p6'),('WSS265','p6'),('WSS266','p6'),('WSS267','p6'),('WSS27','p6'),('WSS270','p6'),('WSS276','p6'),('WSS277','p6'),('WSS280','p6'),('WSS285','p6'),('WSS286','p6'),('WSS293','p6'),('WSS296','p6'),('WSS297','p6'),('WSS3','p6'),('WSS30','p6'),('WSS300','p6'),('WSS302','p6'),('WSS309','p6'),('WSS311','p6'),('WSS317','p6'),('WSS319','p6'),('WSS320','p6'),('WSS322','p6'),('WSS323','p6'),('WSS324','p6'),('WSS326','p6'),('WSS327','p6'),('WSS336','p6'),('WSS339','p6'),('WSS342','p6'),('WSS346','p6'),('WSS35','p6'),('WSS350','p6'),('WSS351','p6'),('WSS353','p6'),('WSS357','p6'),('WSS360','p6'),('WSS362','p6'),('WSS366','p6'),('WSS368','p6'),('WSS375','p6'),('WSS376','p6'),('WSS377','p6'),('WSS38','p6'),('WSS381','p6'),('WSS385','p6'),('WSS386','p6'),('WSS388','p6'),('WSS389','p6'),('WSS393','p6'),('WSS395','p6'),('WSS408','p6'),('WSS409','p6'),('WSS413','p6'),('WSS414','p6'),('WSS416','p6'),('WSS426','p6'),('WSS427','p6'),('WSS428','p6'),('WSS44','p6'),('WSS441','p6'),('WSS442','p6'),('WSS443','p6'),('WSS447','p6'),('WSS449','p6'),('WSS452','p6'),('WSS456','p6'),('WSS458','p6'),('WSS460','p6'),('WSS461','p6'),('WSS462','p6'),('WSS465','p6'),('WSS466','p6'),('WSS467','p6'),('WSS469','p6'),('WSS471','p6'),('WSS472','p6'),('WSS474','p6'),('WSS476','p6'),('WSS478','p6'),('WSS479','p6'),('WSS484','p6'),('WSS487','p6'),('WSS488','p6'),('WSS49','p6'),('WSS490','p6'),('WSS498','p6'),('WSS500','p6'),('WSS504','p6'),('WSS508','p6'),('WSS514','p6'),('WSS519','p6'),('WSS52','p6'),('WSS521','p6'),('WSS522','p6'),('WSS524','p6'),('WSS527','p6'),('WSS532','p6'),('WSS533','p6'),('WSS539','p6'),('WSS54','p6'),('WSS541','p6'),('WSS550','p6'),('WSS554','p6'),('WSS56','p6'),('WSS562','p6'),('WSS563','p6'),('WSS565','p6'),('WSS566','p6'),('WSS568','p6'),('WSS572','p6'),('WSS575','p6'),('WSS576','p6'),('WSS577','p6'),('WSS578','p6'),('WSS588','p6'),('WSS594','p6'),('WSS6','p6'),('WSS60','p6'),('WSS600','p6'),('WSS64','p6'),('WSS66','p6'),('WSS69','p6'),('WSS70','p6'),('WSS73','p6'),('WSS77','p6'),('WSS79','p6'),('WSS86','p6'),('WSS91','p6'),('WSS92','p6'),('WSS97','p6'),('WSS1','p7'),('WSS103','p7'),('WSS105','p7'),('WSS107','p7'),('WSS110','p7'),('WSS111','p7'),('WSS117','p7'),('WSS126','p7'),('WSS128','p7'),('WSS13','p7'),('WSS131','p7'),('WSS134','p7'),('WSS136','p7'),('WSS14','p7'),('WSS141','p7'),('WSS145','p7'),('WSS147','p7'),('WSS148','p7'),('WSS149','p7'),('WSS15','p7'),('WSS154','p7'),('WSS157','p7'),('WSS165','p7'),('WSS167','p7'),('WSS169','p7'),('WSS17','p7'),('WSS175','p7'),('WSS177','p7'),('WSS178','p7'),('WSS180','p7'),('WSS185','p7'),('WSS187','p7'),('WSS188','p7'),('WSS189','p7'),('WSS19','p7'),('WSS190','p7'),('WSS191','p7'),('WSS194','p7'),('WSS199','p7'),('WSS201','p7'),('WSS203','p7'),('WSS204','p7'),('WSS206','p7'),('WSS215','p7'),('WSS216','p7'),('WSS220','p7'),('WSS222','p7'),('WSS223','p7'),('WSS224','p7'),('WSS226','p7'),('WSS228','p7'),('WSS231','p7'),('WSS233','p7'),('WSS235','p7'),('WSS238','p7'),('WSS240','p7'),('WSS242','p7'),('WSS243','p7'),('WSS245','p7'),('WSS247','p7'),('WSS251','p7'),('WSS252','p7'),('WSS253','p7'),('WSS255','p7'),('WSS256','p7'),('WSS258','p7'),('WSS260','p7'),('WSS263','p7'),('WSS265','p7'),('WSS269','p7'),('WSS270','p7'),('WSS271','p7'),('WSS273','p7'),('WSS275','p7'),('WSS276','p7'),('WSS277','p7'),('WSS279','p7'),('WSS28','p7'),('WSS285','p7'),('WSS288','p7'),('WSS29','p7'),('WSS294','p7'),('WSS295','p7'),('WSS297','p7'),('WSS299','p7'),('WSS303','p7'),('WSS305','p7'),('WSS307','p7'),('WSS31','p7'),('WSS313','p7'),('WSS315','p7'),('WSS318','p7'),('WSS321','p7'),('WSS324','p7'),('WSS330','p7'),('WSS336','p7'),('WSS339','p7'),('WSS345','p7'),('WSS348','p7'),('WSS351','p7'),('WSS357','p7'),('WSS358','p7'),('WSS361','p7'),('WSS362','p7'),('WSS373','p7'),('WSS374','p7'),('WSS376','p7'),('WSS377','p7'),('WSS379','p7'),('WSS38','p7'),('WSS383','p7'),('WSS384','p7'),('WSS386','p7'),('WSS387','p7'),('WSS39','p7'),('WSS391','p7'),('WSS392','p7'),('WSS397','p7'),('WSS398','p7'),('WSS40','p7'),('WSS400','p7'),('WSS401','p7'),('WSS403','p7'),('WSS404','p7'),('WSS408','p7'),('WSS41','p7'),('WSS411','p7'),('WSS412','p7'),('WSS415','p7'),('WSS419','p7'),('WSS421','p7'),('WSS428','p7'),('WSS43','p7'),('WSS431','p7'),('WSS433','p7'),('WSS440','p7'),('WSS441','p7'),('WSS45','p7'),('WSS452','p7'),('WSS453','p7'),('WSS455','p7'),('WSS458','p7'),('WSS461','p7'),('WSS464','p7'),('WSS468','p7'),('WSS476','p7'),('WSS477','p7'),('WSS478','p7'),('WSS48','p7'),('WSS480','p7'),('WSS481','p7'),('WSS483','p7'),('WSS484','p7'),('WSS491','p7'),('WSS493','p7'),('WSS495','p7'),('WSS496','p7'),('WSS498','p7'),('WSS503','p7'),('WSS504','p7'),('WSS505','p7'),('WSS506','p7'),('WSS507','p7'),('WSS509','p7'),('WSS51','p7'),('WSS512','p7'),('WSS518','p7'),('WSS526','p7'),('WSS527','p7'),('WSS530','p7'),('WSS533','p7'),('WSS534','p7'),('WSS535','p7'),('WSS536','p7'),('WSS54','p7'),('WSS545','p7'),('WSS550','p7'),('WSS552','p7'),('WSS556','p7'),('WSS558','p7'),('WSS56','p7'),('WSS561','p7'),('WSS562','p7'),('WSS569','p7'),('WSS57','p7'),('WSS571','p7'),('WSS572','p7'),('WSS573','p7'),('WSS574','p7'),('WSS575','p7'),('WSS577','p7'),('WSS58','p7'),('WSS580','p7'),('WSS581','p7'),('WSS586','p7'),('WSS59','p7'),('WSS590','p7'),('WSS591','p7'),('WSS592','p7'),('WSS593','p7'),('WSS597','p7'),('WSS60','p7'),('WSS7','p7'),('WSS75','p7'),('WSS79','p7'),('WSS80','p7'),('WSS82','p7'),('WSS83','p7'),('WSS84','p7'),('WSS85','p7'),('WSS9','p7'),('WSS95','p7'),('WSS102','p8'),('WSS104','p8'),('WSS105','p8'),('WSS109','p8'),('WSS122','p8'),('WSS123','p8'),('WSS124','p8'),('WSS126','p8'),('WSS130','p8'),('WSS131','p8'),('WSS135','p8'),('WSS146','p8'),('WSS147','p8'),('WSS149','p8'),('WSS151','p8'),('WSS155','p8'),('WSS158','p8'),('WSS16','p8'),('WSS163','p8'),('WSS164','p8'),('WSS165','p8'),('WSS166','p8'),('WSS170','p8'),('WSS174','p8'),('WSS175','p8'),('WSS176','p8'),('WSS177','p8'),('WSS180','p8'),('WSS182','p8'),('WSS183','p8'),('WSS184','p8'),('WSS192','p8'),('WSS2','p8'),('WSS202','p8'),('WSS203','p8'),('WSS205','p8'),('WSS209','p8'),('WSS21','p8'),('WSS211','p8'),('WSS215','p8'),('WSS217','p8'),('WSS219','p8'),('WSS223','p8'),('WSS224','p8'),('WSS226','p8'),('WSS227','p8'),('WSS228','p8'),('WSS229','p8'),('WSS23','p8'),('WSS231','p8'),('WSS233','p8'),('WSS236','p8'),('WSS238','p8'),('WSS24','p8'),('WSS241','p8'),('WSS242','p8'),('WSS243','p8'),('WSS244','p8'),('WSS245','p8'),('WSS248','p8'),('WSS249','p8'),('WSS25','p8'),('WSS259','p8'),('WSS263','p8'),('WSS268','p8'),('WSS272','p8'),('WSS275','p8'),('WSS279','p8'),('WSS282','p8'),('WSS283','p8'),('WSS284','p8'),('WSS286','p8'),('WSS287','p8'),('WSS288','p8'),('WSS291','p8'),('WSS294','p8'),('WSS296','p8'),('WSS297','p8'),('WSS298','p8'),('WSS303','p8'),('WSS306','p8'),('WSS310','p8'),('WSS314','p8'),('WSS317','p8'),('WSS320','p8'),('WSS322','p8'),('WSS323','p8'),('WSS327','p8'),('WSS33','p8'),('WSS336','p8'),('WSS337','p8'),('WSS338','p8'),('WSS341','p8'),('WSS342','p8'),('WSS344','p8'),('WSS346','p8'),('WSS351','p8'),('WSS352','p8'),('WSS354','p8'),('WSS355','p8'),('WSS356','p8'),('WSS357','p8'),('WSS359','p8'),('WSS360','p8'),('WSS363','p8'),('WSS364','p8'),('WSS365','p8'),('WSS368','p8'),('WSS37','p8'),('WSS370','p8'),('WSS374','p8'),('WSS375','p8'),('WSS381','p8'),('WSS385','p8'),('WSS388','p8'),('WSS389','p8'),('WSS39','p8'),('WSS394','p8'),('WSS399','p8'),('WSS4','p8'),('WSS405','p8'),('WSS408','p8'),('WSS411','p8'),('WSS413','p8'),('WSS415','p8'),('WSS418','p8'),('WSS423','p8'),('WSS426','p8'),('WSS427','p8'),('WSS43','p8'),('WSS433','p8'),('WSS444','p8'),('WSS45','p8'),('WSS46','p8'),('WSS461','p8'),('WSS462','p8'),('WSS465','p8'),('WSS468','p8'),('WSS469','p8'),('WSS474','p8'),('WSS475','p8'),('WSS477','p8'),('WSS479','p8'),('WSS48','p8'),('WSS481','p8'),('WSS485','p8'),('WSS487','p8'),('WSS490','p8'),('WSS491','p8'),('WSS493','p8'),('WSS497','p8'),('WSS498','p8'),('WSS499','p8'),('WSS501','p8'),('WSS502','p8'),('WSS508','p8'),('WSS51','p8'),('WSS513','p8'),('WSS516','p8'),('WSS517','p8'),('WSS52','p8'),('WSS523','p8'),('WSS525','p8'),('WSS528','p8'),('WSS530','p8'),('WSS531','p8'),('WSS533','p8'),('WSS536','p8'),('WSS54','p8'),('WSS540','p8'),('WSS542','p8'),('WSS543','p8'),('WSS544','p8'),('WSS547','p8'),('WSS548','p8'),('WSS549','p8'),('WSS550','p8'),('WSS552','p8'),('WSS553','p8'),('WSS561','p8'),('WSS562','p8'),('WSS566','p8'),('WSS568','p8'),('WSS569','p8'),('WSS571','p8'),('WSS577','p8'),('WSS579','p8'),('WSS58','p8'),('WSS581','p8'),('WSS587','p8'),('WSS589','p8'),('WSS590','p8'),('WSS592','p8'),('WSS593','p8'),('WSS594','p8'),('WSS596','p8'),('WSS6','p8'),('WSS60','p8'),('WSS63','p8'),('WSS65','p8'),('WSS68','p8'),('WSS71','p8'),('WSS73','p8'),('WSS74','p8'),('WSS78','p8'),('WSS8','p8'),('WSS81','p8'),('WSS86','p8'),('WSS87','p8'),('WSS88','p8'),('WSS9','p8'),('WSS92','p8'),('WSS95','p8'),('WSS97','p8'),('WSS1','p9'),('WSS10','p9'),('WSS101','p9'),('WSS102','p9'),('WSS103','p9'),('WSS106','p9'),('WSS108','p9'),('WSS109','p9'),('WSS11','p9'),('WSS114','p9'),('WSS117','p9'),('WSS119','p9'),('WSS120','p9'),('WSS123','p9'),('WSS127','p9'),('WSS128','p9'),('WSS129','p9'),('WSS130','p9'),('WSS132','p9'),('WSS138','p9'),('WSS14','p9'),('WSS143','p9'),('WSS144','p9'),('WSS145','p9'),('WSS148','p9'),('WSS150','p9'),('WSS154','p9'),('WSS157','p9'),('WSS158','p9'),('WSS160','p9'),('WSS161','p9'),('WSS163','p9'),('WSS167','p9'),('WSS17','p9'),('WSS170','p9'),('WSS175','p9'),('WSS179','p9'),('WSS187','p9'),('WSS19','p9'),('WSS193','p9'),('WSS196','p9'),('WSS199','p9'),('WSS20','p9'),('WSS202','p9'),('WSS203','p9'),('WSS222','p9'),('WSS223','p9'),('WSS225','p9'),('WSS226','p9'),('WSS227','p9'),('WSS228','p9'),('WSS229','p9'),('WSS230','p9'),('WSS231','p9'),('WSS234','p9'),('WSS24','p9'),('WSS247','p9'),('WSS254','p9'),('WSS255','p9'),('WSS257','p9'),('WSS260','p9'),('WSS261','p9'),('WSS262','p9'),('WSS263','p9'),('WSS264','p9'),('WSS269','p9'),('WSS271','p9'),('WSS273','p9'),('WSS274','p9'),('WSS276','p9'),('WSS278','p9'),('WSS281','p9'),('WSS283','p9'),('WSS286','p9'),('WSS287','p9'),('WSS289','p9'),('WSS292','p9'),('WSS295','p9'),('WSS299','p9'),('WSS30','p9'),('WSS300','p9'),('WSS301','p9'),('WSS303','p9'),('WSS306','p9'),('WSS308','p9'),('WSS309','p9'),('WSS310','p9'),('WSS311','p9'),('WSS315','p9'),('WSS316','p9'),('WSS317','p9'),('WSS319','p9'),('WSS321','p9'),('WSS324','p9'),('WSS328','p9'),('WSS329','p9'),('WSS331','p9'),('WSS332','p9'),('WSS333','p9'),('WSS335','p9'),('WSS336','p9'),('WSS338','p9'),('WSS339','p9'),('WSS340','p9'),('WSS342','p9'),('WSS344','p9'),('WSS349','p9'),('WSS352','p9'),('WSS353','p9'),('WSS354','p9'),('WSS357','p9'),('WSS358','p9'),('WSS363','p9'),('WSS365','p9'),('WSS366','p9'),('WSS368','p9'),('WSS371','p9'),('WSS374','p9'),('WSS379','p9'),('WSS38','p9'),('WSS380','p9'),('WSS382','p9'),('WSS385','p9'),('WSS386','p9'),('WSS387','p9'),('WSS389','p9'),('WSS390','p9'),('WSS394','p9'),('WSS395','p9'),('WSS4','p9'),('WSS402','p9'),('WSS406','p9'),('WSS408','p9'),('WSS409','p9'),('WSS414','p9'),('WSS418','p9'),('WSS423','p9'),('WSS427','p9'),('WSS428','p9'),('WSS429','p9'),('WSS435','p9'),('WSS44','p9'),('WSS443','p9'),('WSS444','p9'),('WSS446','p9'),('WSS450','p9'),('WSS451','p9'),('WSS452','p9'),('WSS454','p9'),('WSS456','p9'),('WSS458','p9'),('WSS459','p9'),('WSS46','p9'),('WSS467','p9'),('WSS47','p9'),('WSS470','p9'),('WSS473','p9'),('WSS474','p9'),('WSS475','p9'),('WSS480','p9'),('WSS482','p9'),('WSS484','p9'),('WSS485','p9'),('WSS488','p9'),('WSS493','p9'),('WSS495','p9'),('WSS496','p9'),('WSS499','p9'),('WSS5','p9'),('WSS50','p9'),('WSS507','p9'),('WSS51','p9'),('WSS514','p9'),('WSS522','p9'),('WSS524','p9'),('WSS529','p9'),('WSS537','p9'),('WSS54','p9'),('WSS544','p9'),('WSS546','p9'),('WSS551','p9'),('WSS553','p9'),('WSS555','p9'),('WSS557','p9'),('WSS558','p9'),('WSS559','p9'),('WSS560','p9'),('WSS561','p9'),('WSS562','p9'),('WSS563','p9'),('WSS570','p9'),('WSS571','p9'),('WSS572','p9'),('WSS573','p9'),('WSS574','p9'),('WSS576','p9'),('WSS577','p9'),('WSS580','p9'),('WSS585','p9'),('WSS591','p9'),('WSS594','p9'),('WSS596','p9'),('WSS598','p9'),('WSS61','p9'),('WSS63','p9'),('WSS7','p9'),('WSS71','p9'),('WSS73','p9'),('WSS75','p9'),('WSS76','p9'),('WSS77','p9'),('WSS84','p9'),('WSS86','p9'),('WSS87','p9'),('WSS89','p9'),('WSS91','p9'),('WSS92','p9'),('WSS94','p9'),('WSS98','p9');
/*!40000 ALTER TABLE `outputparameter` ENABLE KEYS */;
UNLOCK TABLES;

--
-- Table structure for table `parameterhierarchy`
--

DROP TABLE IF EXISTS `parameterhierarchy`;
/*!40101 SET @saved_cs_client     = @@character_set_client */;
/*!50503 SET character_set_client = utf8mb4 */;
CREATE TABLE `parameterhierarchy` (
  `parentParameterID` varchar(10) NOT NULL,
  `childParameterID` varchar(10) NOT NULL,
  PRIMARY KEY (`parentParameterID`,`childParameterID`)
) ENGINE=InnoDB DEFAULT CHARSET=latin1;
/*!40101 SET character_set_client = @saved_cs_client */;

--
-- Dumping data for table `parameterhierarchy`
--

LOCK TABLES `parameterhierarchy` WRITE;
/*!40000 ALTER TABLE `parameterhierarchy` DISABLE KEYS */;
/*!40000 ALTER TABLE `parameterhierarchy` ENABLE KEYS */;
UNLOCK TABLES;

--
-- Table structure for table `parameterlist`
--

DROP TABLE IF EXISTS `parameterlist`;
/*!40101 SET @saved_cs_client     = @@character_set_client */;
/*!50503 SET character_set_client = utf8mb4 */;
CREATE TABLE `parameterlist` (
  `parameterID` varchar(10) NOT NULL,
  `parameterName` varchar(100) DEFAULT NULL,
  PRIMARY KEY (`parameterID`)
) ENGINE=InnoDB DEFAULT CHARSET=latin1;
/*!40101 SET character_set_client = @saved_cs_client */;

--
-- Dumping data for table `parameterlist`
--

LOCK TABLES `parameterlist` WRITE;
/*!40000 ALTER TABLE `parameterlist` DISABLE KEYS */;
INSERT INTO `parameterlist` VALUES ('p1','p1name'),('p10','p10name'),('p11','p11name'),('p12','p12name'),('p13','p13name'),('p14','p14name'),('p15','p15name'),('p16','p16name'),('p17','p17name'),('p18','p18name'),('p19','p19name'),('p2','p2name'),('p20','p20name'),('p3','p3name'),('p4','p4name'),('p5','p5name'),('p6','p6name'),('p7','p7name'),('p8','p8name'),('p9','p9name');
/*!40000 ALTER TABLE `parameterlist` ENABLE KEYS */;
UNLOCK TABLES;

--
-- Table structure for table `result`
--

DROP TABLE IF EXISTS `result`;
/*!40101 SET @saved_cs_client     = @@character_set_client */;
/*!50503 SET character_set_client = utf8mb4 */;
CREATE TABLE `result` (
  `transactionID` bigint NOT NULL,
  `stage` int NOT NULL,
  `webServiceID` varchar(10) NOT NULL,
  PRIMARY KEY (`transactionID`,`stage`,`webServiceID`)
) ENGINE=InnoDB DEFAULT CHARSET=latin1;
/*!40101 SET character_set_client = @saved_cs_client */;

--
-- Dumping data for table `result`
--

LOCK TABLES `result` WRITE;
/*!40000 ALTER TABLE `result` DISABLE KEYS */;
INSERT INTO `result` VALUES (1,1,'WSS260'),(1,2,'WSS284'),(1,3,'WSS81'),(2,1,'WSS268'),(2,2,'WSS269'),(2,3,'WSS279'),(3,1,'WSS259'),(3,1,'WSS350'),(4,1,'WSS291'),(4,2,'WSS294'),(4,3,'WSS285'),(5,1,'WSS50'),(5,2,'WSS176'),(6,1,'WSS54'),(6,2,'WSS408'),(6,3,'WSS411'),(7,1,'WSS445'),(7,2,'WSS379'),(8,1,'WSS30'),(8,2,'WSS166'),(9,1,'WSS465'),(9,2,'WSS82'),(10,1,'WSS67'),(10,2,'WSS413'),(10,3,'WSS265'),(11,1,'WSS237'),(11,2,'WSS273'),(12,1,'WSS76'),(12,2,'WSS582'),(12,3,'WSS72'),(13,1,'WSS283'),(13,1,'WSS81'),(13,2,'WSS410'),(14,1,'WSS165'),(14,2,'WSS520'),(15,1,'WSS244'),(15,2,'WSS265'),(16,1,'WSS92'),(16,2,'WSS406'),(16,3,'WSS282'),(17,1,'WSS414'),(17,2,'WSS284'),(17,3,'WSS98'),(18,1,'WSS184'),(18,2,'WSS247'),(19,1,'WSS372'),(19,2,'WSS137'),(20,1,'WSS487'),(20,2,'WSS281'),(21,1,'WSS254'),(21,2,'WSS253'),(21,3,'WSS257'),(22,1,'WSS128'),(22,2,'WSS117'),(23,1,'WSS147'),(23,2,'WSS24'),(24,1,'WSS264'),(24,1,'WSS90'),(24,2,'WSS415'),(25,1,'WSS466'),(25,2,'WSS499'),(26,1,'WSS56'),(26,2,'WSS284'),(27,1,'WSS480'),(27,2,'WSS459'),(28,1,'WSS259'),(28,2,'WSS401'),(28,3,'WSS296'),(29,1,'WSS402'),(29,2,'WSS412'),(29,3,'WSS415'),(30,1,'WSS296'),(30,2,'WSS400'),(30,2,'WSS407'),(1031,1,'ICP006'),(1031,1,'ICP110'),(1031,1,'ICP311'),(1031,2,'ICP500'),(1035,1,'ICP386'),(1035,2,'ICP466'),(1133,1,'ICP103'),(1133,2,'ICP341'),(1133,3,'ICP395'),(1136,1,'ICP110'),(1136,2,'ICP710'),(1141,1,'ICP311'),(1141,2,'ICP422'),(1288,1,'ICP001'),(1288,2,'ICP110'),(1291,1,'ICP110'),(1291,2,'ICP720'),(1293,1,'ICP110'),(1293,1,'ICP311'),(1293,2,'ICP500'),(1296,1,'ICP006'),(1296,1,'ICP103'),(1296,1,'ICP110'),(1296,1,'ICP311'),(1296,1,'ICP313'),(1296,2,'ICP341'),(1296,2,'ICP500'),(1296,3,'ICP395'),(1325,1,'ICP110'),(1325,2,'ICP680'),(1355,1,'ICP110'),(1355,2,'ICP469'),(1406,1,'ICP110'),(1435,1,'ICP006'),(1435,1,'ICP110'),(1435,1,'ICP311'),(1435,2,'ICP500'),(1509,1,'ICP001'),(1509,1,'ICP006'),(1509,2,'ICP002'),(1509,2,'ICP110'),(1509,3,'ICP311'),(1509,4,'ICP500'),(1572,1,'ICP103'),(1572,1,'ICP110'),(1572,1,'ICP386'),(1572,2,'ICP341'),(1572,2,'ICP395'),(1572,2,'ICP466'),(1572,2,'ICP620'),(1572,2,'ICP720'),(1572,3,'ICP445'),(1583,1,'ICP386'),(1583,2,'ICP466'),(1607,1,'ICP301'),(1607,1,'ICP341'),(1607,1,'ICP386'),(1607,2,'ICP481'),(1620,1,'ICP006'),(1620,1,'ICP110'),(1620,1,'ICP311'),(1620,2,'ICP500'),(1646,1,'ICP006'),(1646,1,'ICP110'),(1646,1,'ICP311'),(1646,2,'ICP469'),(1646,2,'ICP500'),(1733,1,'ICP311'),(1733,2,'ICP422'),(1797,1,'ICP386'),(1797,2,'ICP466'),(1851,1,'ICP003'),(1851,1,'ICP311'),(1851,2,'ICP313'),(1851,3,'ICP486'),(1981,1,'ICP110'),(1981,1,'ICP311'),(1981,2,'ICP500'),(2015,1,'ICP006'),(2015,1,'ICP110'),(2015,1,'ICP311'),(2015,2,'ICP500'),(2026,1,'ICP386'),(2026,2,'ICP466'),(2114,1,'ICP341'),(2114,2,'ICP395'),(2114,3,'ICP445'),(2280,1,'ICP103'),(2280,1,'ICP386'),(2280,2,'ICP341'),(2280,2,'ICP395'),(2280,2,'ICP466'),(2280,3,'ICP495'),(2317,1,'ICP313'),(2317,1,'ICP341'),(2317,1,'ICP680'),(2317,2,'ICP395'),(2317,3,'ICP445'),(2474,1,'ICP003'),(2474,1,'ICP311'),(2474,2,'ICP313'),(2474,3,'ICP486'),(2565,1,'ICP313'),(2565,1,'ICP341'),(2565,2,'ICP395'),(2565,3,'ICP445'),(2598,1,'ICP006'),(2598,1,'ICP110'),(2598,1,'ICP311'),(2598,1,'ICP313'),(2598,1,'ICP331'),(2598,2,'ICP500'),(2610,1,'ICP003'),(2610,1,'ICP311'),(2610,2,'ICP313'),(2610,3,'ICP486'),(2659,1,'ICP006'),(2659,1,'ICP110'),(2659,1,'ICP311'),(2659,2,'ICP469'),(2659,2,'ICP500'),(2675,1,'ICP386'),(2675,2,'ICP466'),(2711,1,'ICP103'),(2711,1,'ICP386'),(2711,2,'ICP341'),(2711,3,'ICP481'),(2779,1,'ICP003'),(2779,1,'ICP311'),(2779,2,'ICP313'),(2779,3,'ICP486'),(2985,1,'ICP103'),(3021,1,'ICP006'),(3021,1,'ICP110'),(3021,1,'ICP302'),(3021,2,'ICP500'),(3075,1,'ICP006'),(3075,1,'ICP110'),(3075,1,'ICP311'),(3075,2,'ICP500'),(3226,1,'ICP110'),(3226,2,'ICP818'),(3286,1,'ICP006'),(3286,1,'ICP110'),(3286,1,'ICP311'),(3286,2,'ICP500'),(3357,1,'ICP006'),(3357,1,'ICP110'),(3357,1,'ICP311'),(3357,2,'ICP500'),(3667,1,'ICP103'),(3667,1,'ICP301'),(3667,1,'ICP386'),(3667,2,'ICP341'),(3667,3,'ICP481'),(3668,1,'ICP103'),(3668,1,'ICP301'),(3668,1,'ICP386'),(3668,2,'ICP341'),(3668,3,'ICP481'),(3705,1,'ICP103'),(3705,1,'ICP301'),(3705,1,'ICP386'),(3705,2,'ICP341'),(3705,3,'ICP481'),(3718,1,'ICP001'),(3718,2,'ICP002'),(3718,2,'ICP110'),(3718,3,'ICP311'),(3718,4,'ICP819'),(3877,1,'ICP386'),(3948,1,'ICP006'),(3948,1,'ICP110'),(3948,1,'ICP311'),(3948,2,'ICP500'),(3969,1,'ICP301'),(3969,1,'ICP341'),(3969,1,'ICP386'),(3969,2,'ICP481'),(3971,1,'ICP386'),(3971,2,'ICP466'),(4112,1,'ICP006'),(4112,1,'ICP110'),(4112,1,'ICP311'),(4112,2,'ICP469'),(4112,2,'ICP500'),(4178,1,'ICP002'),(4178,1,'ICP110'),(4178,2,'ICP311'),(4178,3,'ICP819'),(4281,1,'ICP110'),(4281,2,'ICP469'),(4296,1,'ICP006'),(4296,1,'ICP110'),(4296,1,'ICP311'),(4296,2,'ICP469'),(4296,2,'ICP500'),(4375,1,'ICP003'),(4375,1,'ICP311'),(4375,2,'ICP313'),(4375,3,'ICP486'),(4589,1,'ICP006'),(4589,1,'ICP110'),(4589,1,'ICP311'),(4589,2,'ICP469'),(4589,2,'ICP500'),(4607,1,'ICP006'),(4607,1,'ICP110'),(4607,1,'ICP302'),(4607,2,'ICP500'),(4747,1,'ICP311'),(4747,1,'ICP313'),(4747,2,'ICP486'),(4775,1,'ICP110'),(4775,2,'ICP500'),(4934,1,'ICP103'),(4934,2,'ICP341'),(4978,1,'ICP103'),(4980,1,'ICP006'),(4980,1,'ICP110'),(4980,1,'ICP311'),(4980,2,'ICP469'),(4980,2,'ICP500'),(4980,2,'ICP720'),(4980,3,'ICP740'),(5049,1,'ICP006'),(5049,1,'ICP110'),(5049,1,'ICP311'),(5049,2,'ICP500'),(5417,1,'ICP301'),(5417,1,'ICP341'),(5417,1,'ICP386'),(5417,2,'ICP481'),(5448,1,'ICP386'),(5448,2,'ICP466'),(5450,1,'ICP103'),(5450,1,'ICP110'),(5450,1,'ICP386'),(5450,1,'ICP817'),(5450,2,'ICP341'),(5450,2,'ICP395'),(5450,2,'ICP466'),(5450,2,'ICP620'),(5450,2,'ICP720'),(5450,3,'ICP445'),(5450,3,'ICP815'),(5461,1,'ICP002'),(5461,1,'ICP006'),(5461,1,'ICP110'),(5461,1,'ICP302'),(5461,2,'ICP500'),(5461,2,'ICP720'),(5461,3,'ICP740'),(5472,1,'ICP110'),(5472,2,'ICP818'),(5497,1,'ICP103'),(5497,2,'ICP341'),(5569,1,'ICP386'),(5569,2,'ICP466'),(5571,1,'ICP103'),(5571,2,'ICP810'),(5757,1,'ICP386'),(5757,2,'ICP466'),(5779,1,'ICP006'),(5779,1,'ICP110'),(5779,1,'ICP302'),(5779,2,'ICP500'),(5814,1,'ICP006'),(5814,1,'ICP110'),(5814,1,'ICP311'),(5814,2,'ICP500'),(5897,1,'ICP110'),(5897,2,'ICP710'),(5966,1,'ICP103'),(5966,1,'ICP301'),(5966,1,'ICP386'),(5966,2,'ICP341'),(5966,3,'ICP481'),(6032,1,'ICP386'),(6032,2,'ICP466'),(6279,1,'ICP006'),(6279,1,'ICP110'),(6279,1,'ICP311'),(6279,2,'ICP469'),(6279,2,'ICP500'),(6294,1,'ICP006'),(6294,1,'ICP110'),(6294,1,'ICP311'),(6294,2,'ICP500'),(6325,1,'ICP002'),(6325,2,'ICP003'),(6363,1,'ICP006'),(6363,1,'ICP110'),(6363,1,'ICP311'),(6363,2,'ICP469'),(6363,2,'ICP500'),(6437,1,'ICP103'),(6437,1,'ICP301'),(6437,1,'ICP386'),(6437,2,'ICP341'),(6437,3,'ICP481'),(6533,1,'ICP006'),(6533,1,'ICP110'),(6533,1,'ICP311'),(6533,2,'ICP469'),(6533,2,'ICP500'),(6574,1,'ICP002'),(6574,1,'ICP110'),(6574,2,'ICP311'),(6574,3,'ICP819'),(6604,1,'ICP103'),(6604,1,'ICP386'),(6604,2,'ICP341'),(6604,3,'ICP481'),(6679,1,'ICP003'),(6679,1,'ICP311'),(6679,2,'ICP313'),(6679,3,'ICP486'),(6692,1,'ICP103'),(6692,1,'ICP386'),(6692,1,'ICP465'),(6692,2,'ICP341'),(6692,3,'ICP481'),(6874,1,'ICP467'),(6898,1,'ICP103'),(6898,1,'ICP386'),(6898,2,'ICP341'),(6898,3,'ICP481'),(6922,1,'ICP313'),(6922,1,'ICP341'),(6922,2,'ICP395'),(6974,1,'ICP110'),(6974,2,'ICP469'),(7056,1,'ICP006'),(7056,1,'ICP110'),(7056,1,'ICP311'),(7056,1,'ICP341'),(7056,2,'ICP395'),(7056,2,'ICP500'),(7056,2,'ICP720'),(7056,3,'ICP445'),(7056,3,'ICP740'),(7107,1,'ICP311'),(7107,1,'ICP313'),(7107,2,'ICP486'),(7159,1,'ICP311'),(7159,2,'ICP422'),(7196,1,'ICP103'),(7196,2,'ICP341'),(7196,2,'ICP395'),(7196,3,'ICP495'),(7227,1,'ICP103'),(7227,1,'ICP110'),(7227,1,'ICP301'),(7227,1,'ICP311'),(7227,1,'ICP386'),(7227,2,'ICP341'),(7227,2,'ICP500'),(7227,3,'ICP481'),(7297,1,'ICP386'),(7297,2,'ICP466'),(7326,1,'ICP006'),(7326,1,'ICP110'),(7326,1,'ICP311'),(7326,2,'ICP500'),(7398,1,'ICP002'),(7398,1,'ICP006'),(7398,1,'ICP103'),(7398,1,'ICP110'),(7398,2,'ICP311'),(7398,2,'ICP720'),(7398,2,'ICP810'),(7398,3,'ICP500'),(7398,3,'ICP819'),(7398,4,'ICP740'),(7420,1,'ICP006'),(7420,1,'ICP311'),(7420,2,'ICP500'),(7484,1,'ICP006'),(7484,1,'ICP110'),(7484,1,'ICP311'),(7484,2,'ICP469'),(7484,2,'ICP500'),(7515,1,'ICP006'),(7515,1,'ICP110'),(7515,1,'ICP311'),(7515,2,'ICP469'),(7515,2,'ICP500'),(7593,1,'ICP301'),(7593,1,'ICP341'),(7593,1,'ICP386'),(7593,2,'ICP481'),(7645,1,'ICP001'),(7645,1,'ICP006'),(7645,2,'ICP002'),(7645,2,'ICP110'),(7645,3,'ICP311'),(7645,4,'ICP500'),(7720,1,'ICP006'),(7720,1,'ICP311'),(7720,1,'ICP720'),(7720,2,'ICP500'),(7720,3,'ICP740'),(7769,1,'ICP103'),(7769,2,'ICP341'),(7797,1,'ICP006'),(7797,1,'ICP110'),(7797,1,'ICP302'),(7797,2,'ICP500'),(7797,2,'ICP720'),(7817,1,'ICP006'),(7817,1,'ICP311'),(7817,2,'ICP500'),(7821,1,'ICP006'),(7821,1,'ICP110'),(7821,1,'ICP311'),(7821,2,'ICP500'),(7831,1,'ICP006'),(7831,1,'ICP311'),(7831,2,'ICP500'),(7832,1,'ICP006'),(7832,1,'ICP110'),(7832,1,'ICP311'),(7832,2,'ICP500'),(8030,1,'ICP386'),(8030,2,'ICP466'),(8062,1,'ICP006'),(8062,1,'ICP110'),(8062,1,'ICP311'),(8062,2,'ICP500'),(8155,1,'ICP006'),(8155,1,'ICP110'),(8155,1,'ICP311'),(8155,2,'ICP469'),(8155,2,'ICP500'),(8306,1,'ICP006'),(8306,1,'ICP110'),(8306,1,'ICP311'),(8306,2,'ICP500'),(8509,1,'ICP467'),(8527,1,'ICP110'),(8527,2,'ICP500'),(8628,1,'ICP103'),(8628,1,'ICP301'),(8628,1,'ICP386'),(8628,2,'ICP341'),(8628,3,'ICP481'),(8647,1,'ICP103'),(8647,2,'ICP341'),(8688,1,'ICP103'),(8688,1,'ICP301'),(8688,1,'ICP386'),(8688,2,'ICP341'),(8688,3,'ICP481'),(8877,1,'ICP386'),(8877,2,'ICP466'),(8889,1,'ICP110'),(8889,2,'ICP620'),(8941,1,'ICP103'),(8941,2,'ICP341'),(8941,2,'ICP395'),(8941,3,'ICP495'),(8952,1,'ICP103'),(8952,1,'ICP386'),(8952,2,'ICP341'),(8952,3,'ICP481'),(8959,1,'ICP103'),(8959,2,'ICP341'),(9050,1,'ICP006'),(9050,1,'ICP110'),(9050,1,'ICP311'),(9050,2,'ICP500'),(9076,1,'ICP004'),(9076,2,'ICP005'),(9076,3,'ICP331'),(9117,1,'ICP110'),(9117,2,'ICP469'),(9185,1,'ICP341'),(9185,2,'ICP395'),(9185,3,'ICP445'),(9249,1,'ICP006'),(9249,1,'ICP110'),(9249,1,'ICP311'),(9249,2,'ICP500'),(9249,2,'ICP720'),(9306,1,'ICP006'),(9306,1,'ICP110'),(9306,1,'ICP302'),(9306,2,'ICP500'),(9325,1,'ICP386'),(9422,1,'ICP110'),(9422,2,'ICP469'),(9451,1,'ICP006'),(9451,1,'ICP110'),(9451,1,'ICP311'),(9451,1,'ICP341'),(9451,2,'ICP395'),(9451,2,'ICP500'),(9451,2,'ICP720'),(9451,3,'ICP445'),(9451,3,'ICP740'),(9524,1,'ICP001'),(9524,1,'ICP006'),(9524,2,'ICP002'),(9524,2,'ICP110'),(9524,3,'ICP311'),(9524,4,'ICP500'),(9784,1,'ICP110'),(9784,2,'ICP469'),(9797,1,'ICP103'),(9797,2,'ICP341'),(9812,1,'ICP311'),(9812,1,'ICP313'),(9812,2,'ICP486'),(9814,1,'ICP006'),(9814,1,'ICP110'),(9814,1,'ICP311'),(9814,2,'ICP500'),(9868,1,'ICP006'),(9868,1,'ICP110'),(9868,1,'ICP311'),(9868,2,'ICP500'),(9968,1,'ICP103'),(9968,1,'ICP301'),(9968,1,'ICP386'),(9968,2,'ICP341'),(9968,3,'ICP481'),(9978,1,'ICP311'),(9978,1,'ICP313'),(9978,2,'ICP486'),(111174351,1,'ICP001'),(111174351,2,'ICP002'),(111174351,3,'ICP003'),(111174351,3,'ICP311'),(111174351,4,'ICP313'),(111174351,5,'ICP486'),(112793854,1,'ICP006'),(112793854,1,'ICP110'),(112793854,1,'ICP311'),(112793854,2,'ICP500'),(125202274,1,'ICP001'),(125202274,1,'ICP103'),(125202274,2,'ICP301'),(125202274,2,'ICP341'),(125202274,2,'ICP386'),(125202274,3,'ICP481'),(137852438,1,'ICP006'),(137852438,1,'ICP110'),(137852438,1,'ICP311'),(137852438,2,'ICP500'),(141922012,1,'ICP002'),(141922012,2,'ICP003'),(141922012,2,'ICP311'),(141922012,3,'ICP313'),(141922012,4,'ICP486'),(164821430,1,'ICP001'),(164821430,2,'ICP002'),(164821430,3,'ICP003'),(164821430,3,'ICP311'),(164821430,4,'ICP313'),(164821430,5,'ICP486'),(166203121,1,'ICP001'),(166203121,1,'ICP006'),(166203121,1,'ICP200'),(166203121,2,'ICP002'),(166203121,2,'ICP110'),(166203121,2,'ICP720'),(166203121,3,'ICP311'),(166203121,4,'ICP500'),(166203121,4,'ICP819'),(166203121,5,'ICP740'),(178957047,1,'ICP110'),(178957047,2,'ICP469'),(192081592,1,'ICP006'),(192081592,1,'ICP200'),(192081592,1,'ICP311'),(192081592,2,'ICP500'),(192081592,2,'ICP720'),(192081592,3,'ICP740'),(196046272,1,'ICP002'),(196046272,1,'ICP006'),(196046272,1,'ICP110'),(196046272,2,'ICP311'),(196046272,2,'ICP469'),(196046272,3,'ICP500'),(222936116,1,'ICP006'),(222936116,1,'ICP200'),(222936116,1,'ICP311'),(222936116,2,'ICP500'),(222936116,2,'ICP720'),(222936116,2,'ICP819'),(222936116,3,'ICP740'),(258370250,1,'ICP006'),(258370250,1,'ICP200'),(258370250,1,'ICP311'),(258370250,2,'ICP500'),(258370250,2,'ICP720'),(258370250,2,'ICP818'),(258370250,2,'ICP819'),(258370250,3,'ICP740'),(285611992,1,'ICP006'),(285611992,1,'ICP110'),(285611992,1,'ICP200'),(285611992,1,'ICP311'),(285611992,2,'ICP500'),(285611992,2,'ICP720'),(285611992,3,'ICP740'),(287034437,1,'ICP006'),(287034437,1,'ICP200'),(287034437,1,'ICP311'),(287034437,2,'ICP500'),(287034437,2,'ICP720'),(287034437,2,'ICP819'),(287034437,3,'ICP740'),(291687847,1,'ICP006'),(291687847,1,'ICP200'),(291687847,1,'ICP311'),(291687847,2,'ICP500'),(291687847,2,'ICP720'),(291687847,2,'ICP819'),(291687847,3,'ICP740'),(292870227,1,'ICP001'),(292870227,1,'ICP006'),(292870227,1,'ICP720'),(292870227,2,'ICP002'),(292870227,2,'ICP110'),(292870227,3,'ICP311'),(292870227,4,'ICP500'),(292870227,5,'ICP740'),(316379525,1,'ICP110'),(316379525,1,'ICP311'),(316379525,2,'ICP361'),(316379525,3,'ICP461'),(324432052,1,'ICP001'),(324432052,2,'ICP002'),(324432052,3,'ICP003'),(324432052,3,'ICP311'),(324432052,4,'ICP313'),(324432052,5,'ICP486'),(348444351,1,'ICP311'),(348444351,1,'ICP313'),(348444351,2,'ICP486'),(356640298,1,'ICP469'),(356640298,1,'ICP818'),(356640298,2,'ICP660'),(362849335,1,'ICP006'),(362849335,1,'ICP200'),(362849335,1,'ICP311'),(362849335,2,'ICP500'),(362849335,2,'ICP720'),(362849335,2,'ICP818'),(362849335,3,'ICP740'),(370058038,1,'ICP006'),(370058038,1,'ICP110'),(370058038,1,'ICP311'),(370058038,2,'ICP469'),(370058038,2,'ICP500'),(410309476,1,'ICP001'),(410309476,1,'ICP006'),(410309476,1,'ICP200'),(410309476,2,'ICP002'),(410309476,2,'ICP720'),(410309476,3,'ICP311'),(410309476,4,'ICP500'),(410309476,4,'ICP819'),(410309476,5,'ICP740'),(411681300,1,'ICP006'),(411681300,1,'ICP200'),(411681300,1,'ICP311'),(411681300,2,'ICP500'),(411681300,2,'ICP720'),(411681300,2,'ICP819'),(411681300,3,'ICP740'),(413889315,1,'ICP002'),(413889315,2,'ICP003'),(413889315,2,'ICP311'),(413889315,3,'ICP313'),(413889315,4,'ICP486'),(435075950,1,'ICP002'),(435075950,1,'ICP006'),(435075950,1,'ICP110'),(435075950,1,'ICP720'),(435075950,2,'ICP311'),(435075950,3,'ICP500'),(435075950,4,'ICP740'),(442506203,1,'ICP006'),(442506203,1,'ICP110'),(442506203,1,'ICP311'),(442506203,2,'ICP469'),(442506203,2,'ICP500'),(448741355,1,'ICP001'),(448741355,2,'ICP002'),(448741355,3,'ICP003'),(448741355,3,'ICP311'),(448741355,4,'ICP313'),(448741355,5,'ICP486'),(452470039,1,'ICP006'),(452470039,1,'ICP110'),(452470039,1,'ICP311'),(452470039,2,'ICP500'),(495404878,1,'ICP006'),(495404878,1,'ICP110'),(495404878,1,'ICP200'),(495404878,1,'ICP302'),(495404878,2,'ICP500'),(495404878,2,'ICP720'),(495404878,3,'ICP740'),(496776246,1,'ICP103'),(496776246,2,'ICP341'),(496776246,3,'ICP403'),(497270695,1,'ICP001'),(497270695,1,'ICP103'),(497270695,2,'ICP301'),(497270695,2,'ICP341'),(497270695,2,'ICP386'),(497270695,3,'ICP481'),(506023024,1,'ICP680'),(516484914,1,'ICP006'),(516484914,1,'ICP200'),(516484914,1,'ICP311'),(516484914,2,'ICP500'),(516484914,2,'ICP720'),(516484914,3,'ICP740'),(524497078,1,'ICP006'),(524497078,1,'ICP200'),(524497078,1,'ICP311'),(524497078,2,'ICP500'),(524497078,2,'ICP720'),(524497078,2,'ICP819'),(524497078,3,'ICP740'),(532135187,1,'ICP200'),(532135187,2,'ICP720'),(532135187,3,'ICP811'),(532135187,4,'ICP813'),(561361210,1,'ICP006'),(561361210,1,'ICP200'),(561361210,1,'ICP311'),(561361210,2,'ICP500'),(561361210,2,'ICP720'),(561361210,2,'ICP819'),(561361210,3,'ICP740'),(578460210,1,'ICP110'),(578460210,2,'ICP469'),(601145152,1,'ICP006'),(601145152,1,'ICP200'),(601145152,1,'ICP311'),(601145152,2,'ICP500'),(601145152,2,'ICP720'),(601145152,2,'ICP819'),(601145152,3,'ICP740'),(630767823,1,'ICP006'),(630767823,1,'ICP200'),(630767823,1,'ICP311'),(630767823,2,'ICP500'),(630767823,2,'ICP720'),(630767823,2,'ICP819'),(630767823,3,'ICP740'),(658685554,1,'ICP006'),(658685554,1,'ICP200'),(658685554,1,'ICP311'),(658685554,2,'ICP500'),(658685554,2,'ICP720'),(658685554,3,'ICP740'),(659691843,1,'ICP006'),(659691843,1,'ICP200'),(659691843,1,'ICP311'),(659691843,2,'ICP500'),(659691843,2,'ICP720'),(659691843,3,'ICP740'),(664758087,1,'ICP006'),(664758087,1,'ICP200'),(664758087,1,'ICP311'),(664758087,2,'ICP500'),(664758087,2,'ICP720'),(664758087,2,'ICP819'),(664758087,3,'ICP740'),(669457938,1,'ICP006'),(669457938,1,'ICP200'),(669457938,1,'ICP311'),(669457938,2,'ICP500'),(669457938,2,'ICP720'),(669457938,3,'ICP740'),(683869712,1,'ICP006'),(683869712,1,'ICP200'),(683869712,1,'ICP311'),(683869712,2,'ICP500'),(683869712,2,'ICP720'),(683869712,2,'ICP819'),(683869712,3,'ICP740'),(716407017,1,'ICP006'),(716407017,1,'ICP110'),(716407017,1,'ICP311'),(716407017,1,'ICP720'),(716407017,2,'ICP500'),(716407017,2,'ICP811'),(716407017,3,'ICP813'),(726508464,1,'ICP006'),(726508464,1,'ICP110'),(726508464,1,'ICP311'),(726508464,2,'ICP469'),(726508464,2,'ICP500'),(739074091,1,'ICP006'),(739074091,1,'ICP200'),(739074091,1,'ICP311'),(739074091,2,'ICP500'),(739074091,2,'ICP720'),(739074091,3,'ICP740'),(739546796,1,'ICP006'),(739546796,1,'ICP200'),(739546796,1,'ICP311'),(739546796,2,'ICP500'),(739546796,2,'ICP720'),(739546796,3,'ICP740'),(742695516,1,'ICP001'),(742695516,2,'ICP110'),(742695516,2,'ICP302'),(742695516,3,'ICP500'),(749479466,1,'ICP103'),(749479466,1,'ICP301'),(749479466,1,'ICP386'),(749479466,2,'ICP341'),(749479466,3,'ICP481'),(759784803,1,'ICP001'),(759784803,1,'ICP006'),(759784803,2,'ICP110'),(759784803,2,'ICP302'),(759784803,3,'ICP500'),(784019298,1,'ICP001'),(784019298,1,'ICP103'),(784019298,2,'ICP301'),(784019298,2,'ICP341'),(784019298,2,'ICP386'),(784019298,3,'ICP481'),(809869431,1,'ICP006'),(809869431,1,'ICP110'),(809869431,1,'ICP311'),(809869431,2,'ICP500'),(833064024,1,'ICP001'),(833064024,1,'ICP006'),(833064024,1,'ICP720'),(833064024,2,'ICP002'),(833064024,2,'ICP110'),(833064024,3,'ICP311'),(833064024,4,'ICP500'),(833064024,5,'ICP740'),(882961008,1,'ICP006'),(882961008,1,'ICP110'),(882961008,1,'ICP311'),(882961008,2,'ICP500'),(916025637,1,'ICP001'),(916025637,2,'ICP110'),(916025637,3,'ICP469'),(960676621,1,'ICP006'),(960676621,1,'ICP200'),(960676621,1,'ICP311'),(960676621,2,'ICP500'),(960676621,2,'ICP720'),(960676621,3,'ICP740'),(971245096,1,'ICP006'),(971245096,1,'ICP110'),(971245096,1,'ICP311'),(971245096,2,'ICP469'),(971245096,2,'ICP500');
/*!40000 ALTER TABLE `result` ENABLE KEYS */;
UNLOCK TABLES;

--
-- Table structure for table `rhs`
--

DROP TABLE IF EXISTS `rhs`;
/*!40101 SET @saved_cs_client     = @@character_set_client */;
/*!50503 SET character_set_client = utf8mb4 */;
CREATE TABLE `rhs` (
  `ruleid` int NOT NULL,
  `courseid` varchar(10) NOT NULL,
  PRIMARY KEY (`ruleid`,`courseid`)
) ENGINE=InnoDB DEFAULT CHARSET=latin1;
/*!40101 SET character_set_client = @saved_cs_client */;

--
-- Dumping data for table `rhs`
--

LOCK TABLES `rhs` WRITE;
/*!40000 ALTER TABLE `rhs` DISABLE KEYS */;
INSERT INTO `rhs` VALUES (1,'ICP110'),(2,'ICP311'),(3,'ICP500'),(4,'ICP311'),(5,'ICP500'),(6,'ICP500'),(7,'ICP311'),(8,'ICP500'),(9,'ICP500'),(10,'ICP500'),(11,'ICP500');
/*!40000 ALTER TABLE `rhs` ENABLE KEYS */;
UNLOCK TABLES;

--
-- Table structure for table `ruleinfo`
--

DROP TABLE IF EXISTS `ruleinfo`;
/*!40101 SET @saved_cs_client     = @@character_set_client */;
/*!50503 SET character_set_client = utf8mb4 */;
CREATE TABLE `ruleinfo` (
  `ruleid` int NOT NULL,
  `support` float DEFAULT NULL,
  `confidence` float DEFAULT NULL,
  `lift` float DEFAULT NULL,
  `count` int DEFAULT NULL,
  PRIMARY KEY (`ruleid`)
) ENGINE=InnoDB DEFAULT CHARSET=latin1;
/*!40101 SET character_set_client = @saved_cs_client */;

--
-- Dumping data for table `ruleinfo`
--

LOCK TABLES `ruleinfo` WRITE;
/*!40000 ALTER TABLE `ruleinfo` DISABLE KEYS */;
INSERT INTO `ruleinfo` VALUES (1,0.2,0.719101,1.53765,3),(2,0.2,0.910112,1.69382,3),(3,0.2,1,2.11579,3),(4,0.2,0.670213,1.24734,3),(5,0.2,0.744681,1.57559,3),(6,0.2,0.777778,1.64561,3),(7,0.2,0.875,1.62847,3),(8,0.2,1,2.11579,3),(9,0.2,1,2.11579,3),(10,0.2,0.936508,1.98145,3),(11,0.2,1,2.11579,3);
/*!40000 ALTER TABLE `ruleinfo` ENABLE KEYS */;
UNLOCK TABLES;

--
-- Table structure for table `webservicelist`
--

DROP TABLE IF EXISTS `webservicelist`;
/*!40101 SET @saved_cs_client     = @@character_set_client */;
/*!50503 SET character_set_client = utf8mb4 */;
CREATE TABLE `webservicelist` (
  `webServiceID` varchar(10) NOT NULL,
  `webServiceName` varchar(100) DEFAULT NULL,
  `reputation` float DEFAULT NULL,
  `price` float DEFAULT NULL,
  `duration` int DEFAULT NULL,
  `provider` varchar(50) DEFAULT NULL,
  `url` varchar(100) DEFAULT NULL,
  PRIMARY KEY (`webServiceID`)
) ENGINE=InnoDB DEFAULT CHARSET=latin1;
/*!40101 SET character_set_client = @saved_cs_client */;

--
-- Dumping data for table `webservicelist`
--

LOCK TABLES `webservicelist` WRITE;
/*!40000 ALTER TABLE `webservicelist` DISABLE KEYS */;
INSERT INTO `webservicelist` VALUES ('WSS1','WSS1Name',3,1,3,'serviceprovider','https://serviceprovider.com'),('WSS10','WSS10Name',3,1,3,'serviceprovider','https://serviceprovider.com'),('WSS100','WSS100Name',3,1,3,'serviceprovider','https://serviceprovider.com'),('WSS101','WSS101Name',3,1,3,'serviceprovider','https://serviceprovider.com'),('WSS102','WSS102Name',3,1,3,'serviceprovider','https://serviceprovider.com'),('WSS103','WSS103Name',3,1,3,'serviceprovider','https://serviceprovider.com'),('WSS104','WSS104Name',3,1,3,'serviceprovider','https://serviceprovider.com'),('WSS105','WSS105Name',3,1,3,'serviceprovider','https://serviceprovider.com'),('WSS106','WSS106Name',3,1,3,'serviceprovider','https://serviceprovider.com'),('WSS107','WSS107Name',3,1,3,'serviceprovider','https://serviceprovider.com'),('WSS108','WSS108Name',3,1,3,'serviceprovider','https://serviceprovider.com'),('WSS109','WSS109Name',3,1,3,'serviceprovider','https://serviceprovider.com'),('WSS11','WSS11Name',3,1,3,'serviceprovider','https://serviceprovider.com'),('WSS110','WSS110Name',3,1,3,'serviceprovider','https://serviceprovider.com'),('WSS111','WSS111Name',3,1,3,'serviceprovider','https://serviceprovider.com'),('WSS112','WSS112Name',3,1,3,'serviceprovider','https://serviceprovider.com'),('WSS113','WSS113Name',3,1,3,'serviceprovider','https://serviceprovider.com'),('WSS114','WSS114Name',3,1,3,'serviceprovider','https://serviceprovider.com'),('WSS115','WSS115Name',3,1,3,'serviceprovider','https://serviceprovider.com'),('WSS116','WSS116Name',3,1,3,'serviceprovider','https://serviceprovider.com'),('WSS117','WSS117Name',3,1,3,'serviceprovider','https://serviceprovider.com'),('WSS118','WSS118Name',3,1,3,'serviceprovider','https://serviceprovider.com'),('WSS119','WSS119Name',3,1,3,'serviceprovider','https://serviceprovider.com'),('WSS12','WSS12Name',3,1,3,'serviceprovider','https://serviceprovider.com'),('WSS120','WSS120Name',3,1,3,'serviceprovider','https://serviceprovider.com'),('WSS121','WSS121Name',3,1,3,'serviceprovider','https://serviceprovider.com'),('WSS122','WSS122Name',3,1,3,'serviceprovider','https://serviceprovider.com'),('WSS123','WSS123Name',3,1,3,'serviceprovider','https://serviceprovider.com'),('WSS124','WSS124Name',3,1,3,'serviceprovider','https://serviceprovider.com'),('WSS125','WSS125Name',3,1,3,'serviceprovider','https://serviceprovider.com'),('WSS126','WSS126Name',3,1,3,'serviceprovider','https://serviceprovider.com'),('WSS127','WSS127Name',3,1,3,'serviceprovider','https://serviceprovider.com'),('WSS128','WSS128Name',3,1,3,'serviceprovider','https://serviceprovider.com'),('WSS129','WSS129Name',3,1,3,'serviceprovider','https://serviceprovider.com'),('WSS13','WSS13Name',3,1,3,'serviceprovider','https://serviceprovider.com'),('WSS130','WSS130Name',3,1,3,'serviceprovider','https://serviceprovider.com'),('WSS131','WSS131Name',3,1,3,'serviceprovider','https://serviceprovider.com'),('WSS132','WSS132Name',3,1,3,'serviceprovider','https://serviceprovider.com'),('WSS133','WSS133Name',3,1,3,'serviceprovider','https://serviceprovider.com'),('WSS134','WSS134Name',3,1,3,'serviceprovider','https://serviceprovider.com'),('WSS135','WSS135Name',3,1,3,'serviceprovider','https://serviceprovider.com'),('WSS136','WSS136Name',3,1,3,'serviceprovider','https://serviceprovider.com'),('WSS137','WSS137Name',3,1,3,'serviceprovider','https://serviceprovider.com'),('WSS138','WSS138Name',3,1,3,'serviceprovider','https://serviceprovider.com'),('WSS139','WSS139Name',3,1,3,'serviceprovider','https://serviceprovider.com'),('WSS14','WSS14Name',3,1,3,'serviceprovider','https://serviceprovider.com'),('WSS140','WSS140Name',3,1,3,'serviceprovider','https://serviceprovider.com'),('WSS141','WSS141Name',3,1,3,'serviceprovider','https://serviceprovider.com'),('WSS142','WSS142Name',3,1,3,'serviceprovider','https://serviceprovider.com'),('WSS143','WSS143Name',3,1,3,'serviceprovider','https://serviceprovider.com'),('WSS144','WSS144Name',3,1,3,'serviceprovider','https://serviceprovider.com'),('WSS145','WSS145Name',3,1,3,'serviceprovider','https://serviceprovider.com'),('WSS146','WSS146Name',3,1,3,'serviceprovider','https://serviceprovider.com'),('WSS147','WSS147Name',3,1,3,'serviceprovider','https://serviceprovider.com'),('WSS148','WSS148Name',3,1,3,'serviceprovider','https://serviceprovider.com'),('WSS149','WSS149Name',3,1,3,'serviceprovider','https://serviceprovider.com'),('WSS15','WSS15Name',3,1,3,'serviceprovider','https://serviceprovider.com'),('WSS150','WSS150Name',3,1,3,'serviceprovider','https://serviceprovider.com'),('WSS151','WSS151Name',3,1,3,'serviceprovider','https://serviceprovider.com'),('WSS152','WSS152Name',3,1,3,'serviceprovider','https://serviceprovider.com'),('WSS153','WSS153Name',3,1,3,'serviceprovider','https://serviceprovider.com'),('WSS154','WSS154Name',3,1,3,'serviceprovider','https://serviceprovider.com'),('WSS155','WSS155Name',3,1,3,'serviceprovider','https://serviceprovider.com'),('WSS156','WSS156Name',3,1,3,'serviceprovider','https://serviceprovider.com'),('WSS157','WSS157Name',3,1,3,'serviceprovider','https://serviceprovider.com'),('WSS158','WSS158Name',3,1,3,'serviceprovider','https://serviceprovider.com'),('WSS159','WSS159Name',3,1,3,'serviceprovider','https://serviceprovider.com'),('WSS16','WSS16Name',3,1,3,'serviceprovider','https://serviceprovider.com'),('WSS160','WSS160Name',3,1,3,'serviceprovider','https://serviceprovider.com'),('WSS161','WSS161Name',3,1,3,'serviceprovider','https://serviceprovider.com'),('WSS162','WSS162Name',3,1,3,'serviceprovider','https://serviceprovider.com'),('WSS163','WSS163Name',3,1,3,'serviceprovider','https://serviceprovider.com'),('WSS164','WSS164Name',3,1,3,'serviceprovider','https://serviceprovider.com'),('WSS165','WSS165Name',3,1,3,'serviceprovider','https://serviceprovider.com'),('WSS166','WSS166Name',3,1,3,'serviceprovider','https://serviceprovider.com'),('WSS167','WSS167Name',3,1,3,'serviceprovider','https://serviceprovider.com'),('WSS168','WSS168Name',3,1,3,'serviceprovider','https://serviceprovider.com'),('WSS169','WSS169Name',3,1,3,'serviceprovider','https://serviceprovider.com'),('WSS17','WSS17Name',3,1,3,'serviceprovider','https://serviceprovider.com'),('WSS170','WSS170Name',3,1,3,'serviceprovider','https://serviceprovider.com'),('WSS171','WSS171Name',3,1,3,'serviceprovider','https://serviceprovider.com'),('WSS172','WSS172Name',3,1,3,'serviceprovider','https://serviceprovider.com'),('WSS173','WSS173Name',3,1,3,'serviceprovider','https://serviceprovider.com'),('WSS174','WSS174Name',3,1,3,'serviceprovider','https://serviceprovider.com'),('WSS175','WSS175Name',3,1,3,'serviceprovider','https://serviceprovider.com'),('WSS176','WSS176Name',3,1,3,'serviceprovider','https://serviceprovider.com'),('WSS177','WSS177Name',3,1,3,'serviceprovider','https://serviceprovider.com'),('WSS178','WSS178Name',3,1,3,'serviceprovider','https://serviceprovider.com'),('WSS179','WSS179Name',3,1,3,'serviceprovider','https://serviceprovider.com'),('WSS18','WSS18Name',3,1,3,'serviceprovider','https://serviceprovider.com'),('WSS180','WSS180Name',3,1,3,'serviceprovider','https://serviceprovider.com'),('WSS181','WSS181Name',3,1,3,'serviceprovider','https://serviceprovider.com'),('WSS182','WSS182Name',3,1,3,'serviceprovider','https://serviceprovider.com'),('WSS183','WSS183Name',3,1,3,'serviceprovider','https://serviceprovider.com'),('WSS184','WSS184Name',3,1,3,'serviceprovider','https://serviceprovider.com'),('WSS185','WSS185Name',3,1,3,'serviceprovider','https://serviceprovider.com'),('WSS186','WSS186Name',3,1,3,'serviceprovider','https://serviceprovider.com'),('WSS187','WSS187Name',3,1,3,'serviceprovider','https://serviceprovider.com'),('WSS188','WSS188Name',3,1,3,'serviceprovider','https://serviceprovider.com'),('WSS189','WSS189Name',3,1,3,'serviceprovider','https://serviceprovider.com'),('WSS19','WSS19Name',3,1,3,'serviceprovider','https://serviceprovider.com'),('WSS190','WSS190Name',3,1,3,'serviceprovider','https://serviceprovider.com'),('WSS191','WSS191Name',3,1,3,'serviceprovider','https://serviceprovider.com'),('WSS192','WSS192Name',3,1,3,'serviceprovider','https://serviceprovider.com'),('WSS193','WSS193Name',3,1,3,'serviceprovider','https://serviceprovider.com'),('WSS194','WSS194Name',3,1,3,'serviceprovider','https://serviceprovider.com'),('WSS195','WSS195Name',3,1,3,'serviceprovider','https://serviceprovider.com'),('WSS196','WSS196Name',3,1,3,'serviceprovider','https://serviceprovider.com'),('WSS197','WSS197Name',3,1,3,'serviceprovider','https://serviceprovider.com'),('WSS198','WSS198Name',3,1,3,'serviceprovider','https://serviceprovider.com'),('WSS199','WSS199Name',3,1,3,'serviceprovider','https://serviceprovider.com'),('WSS2','WSS2Name',3,1,3,'serviceprovider','https://serviceprovider.com'),('WSS20','WSS20Name',3,1,3,'serviceprovider','https://serviceprovider.com'),('WSS200','WSS200Name',3,1,3,'serviceprovider','https://serviceprovider.com'),('WSS201','WSS201Name',3,1,3,'serviceprovider','https://serviceprovider.com'),('WSS202','WSS202Name',3,1,3,'serviceprovider','https://serviceprovider.com'),('WSS203','WSS203Name',3,1,3,'serviceprovider','https://serviceprovider.com'),('WSS204','WSS204Name',3,1,3,'serviceprovider','https://serviceprovider.com'),('WSS205','WSS205Name',3,1,3,'serviceprovider','https://serviceprovider.com'),('WSS206','WSS206Name',3,1,3,'serviceprovider','https://serviceprovider.com'),('WSS207','WSS207Name',3,1,3,'serviceprovider','https://serviceprovider.com'),('WSS208','WSS208Name',3,1,3,'serviceprovider','https://serviceprovider.com'),('WSS209','WSS209Name',3,1,3,'serviceprovider','https://serviceprovider.com'),('WSS21','WSS21Name',3,1,3,'serviceprovider','https://serviceprovider.com'),('WSS210','WSS210Name',3,1,3,'serviceprovider','https://serviceprovider.com'),('WSS211','WSS211Name',3,1,3,'serviceprovider','https://serviceprovider.com'),('WSS212','WSS212Name',3,1,3,'serviceprovider','https://serviceprovider.com'),('WSS213','WSS213Name',3,1,3,'serviceprovider','https://serviceprovider.com'),('WSS214','WSS214Name',3,1,3,'serviceprovider','https://serviceprovider.com'),('WSS215','WSS215Name',3,1,3,'serviceprovider','https://serviceprovider.com'),('WSS216','WSS216Name',3,1,3,'serviceprovider','https://serviceprovider.com'),('WSS217','WSS217Name',3,1,3,'serviceprovider','https://serviceprovider.com'),('WSS218','WSS218Name',3,1,3,'serviceprovider','https://serviceprovider.com'),('WSS219','WSS219Name',3,1,3,'serviceprovider','https://serviceprovider.com'),('WSS22','WSS22Name',3,1,3,'serviceprovider','https://serviceprovider.com'),('WSS220','WSS220Name',3,1,3,'serviceprovider','https://serviceprovider.com'),('WSS221','WSS221Name',3,1,3,'serviceprovider','https://serviceprovider.com'),('WSS222','WSS222Name',3,1,3,'serviceprovider','https://serviceprovider.com'),('WSS223','WSS223Name',3,1,3,'serviceprovider','https://serviceprovider.com'),('WSS224','WSS224Name',3,1,3,'serviceprovider','https://serviceprovider.com'),('WSS225','WSS225Name',3,1,3,'serviceprovider','https://serviceprovider.com'),('WSS226','WSS226Name',3,1,3,'serviceprovider','https://serviceprovider.com'),('WSS227','WSS227Name',3,1,3,'serviceprovider','https://serviceprovider.com'),('WSS228','WSS228Name',3,1,3,'serviceprovider','https://serviceprovider.com'),('WSS229','WSS229Name',3,1,3,'serviceprovider','https://serviceprovider.com'),('WSS23','WSS23Name',3,1,3,'serviceprovider','https://serviceprovider.com'),('WSS230','WSS230Name',3,1,3,'serviceprovider','https://serviceprovider.com'),('WSS231','WSS231Name',3,1,3,'serviceprovider','https://serviceprovider.com'),('WSS232','WSS232Name',3,1,3,'serviceprovider','https://serviceprovider.com'),('WSS233','WSS233Name',3,1,3,'serviceprovider','https://serviceprovider.com'),('WSS234','WSS234Name',3,1,3,'serviceprovider','https://serviceprovider.com'),('WSS235','WSS235Name',3,1,3,'serviceprovider','https://serviceprovider.com'),('WSS236','WSS236Name',3,1,3,'serviceprovider','https://serviceprovider.com'),('WSS237','WSS237Name',3,1,3,'serviceprovider','https://serviceprovider.com'),('WSS238','WSS238Name',3,1,3,'serviceprovider','https://serviceprovider.com'),('WSS239','WSS239Name',3,1,3,'serviceprovider','https://serviceprovider.com'),('WSS24','WSS24Name',3,1,3,'serviceprovider','https://serviceprovider.com'),('WSS240','WSS240Name',3,1,3,'serviceprovider','https://serviceprovider.com'),('WSS241','WSS241Name',3,1,3,'serviceprovider','https://serviceprovider.com'),('WSS242','WSS242Name',3,1,3,'serviceprovider','https://serviceprovider.com'),('WSS243','WSS243Name',3,1,3,'serviceprovider','https://serviceprovider.com'),('WSS244','WSS244Name',3,1,3,'serviceprovider','https://serviceprovider.com'),('WSS245','WSS245Name',3,1,3,'serviceprovider','https://serviceprovider.com'),('WSS246','WSS246Name',3,1,3,'serviceprovider','https://serviceprovider.com'),('WSS247','WSS247Name',3,1,3,'serviceprovider','https://serviceprovider.com'),('WSS248','WSS248Name',3,1,3,'serviceprovider','https://serviceprovider.com'),('WSS249','WSS249Name',3,1,3,'serviceprovider','https://serviceprovider.com'),('WSS25','WSS25Name',3,1,3,'serviceprovider','https://serviceprovider.com'),('WSS250','WSS250Name',3,1,3,'serviceprovider','https://serviceprovider.com'),('WSS251','WSS251Name',3,1,3,'serviceprovider','https://serviceprovider.com'),('WSS252','WSS252Name',3,1,3,'serviceprovider','https://serviceprovider.com'),('WSS253','WSS253Name',3,1,3,'serviceprovider','https://serviceprovider.com'),('WSS254','WSS254Name',3,1,3,'serviceprovider','https://serviceprovider.com'),('WSS255','WSS255Name',3,1,3,'serviceprovider','https://serviceprovider.com'),('WSS256','WSS256Name',3,1,3,'serviceprovider','https://serviceprovider.com'),('WSS257','WSS257Name',3,1,3,'serviceprovider','https://serviceprovider.com'),('WSS258','WSS258Name',3,1,3,'serviceprovider','https://serviceprovider.com'),('WSS259','WSS259Name',3,1,3,'serviceprovider','https://serviceprovider.com'),('WSS26','WSS26Name',3,1,3,'serviceprovider','https://serviceprovider.com'),('WSS260','WSS260Name',3,1,3,'serviceprovider','https://serviceprovider.com'),('WSS261','WSS261Name',3,1,3,'serviceprovider','https://serviceprovider.com'),('WSS262','WSS262Name',3,1,3,'serviceprovider','https://serviceprovider.com'),('WSS263','WSS263Name',3,1,3,'serviceprovider','https://serviceprovider.com'),('WSS264','WSS264Name',3,1,3,'serviceprovider','https://serviceprovider.com'),('WSS265','WSS265Name',3,1,3,'serviceprovider','https://serviceprovider.com'),('WSS266','WSS266Name',3,1,3,'serviceprovider','https://serviceprovider.com'),('WSS267','WSS267Name',3,1,3,'serviceprovider','https://serviceprovider.com'),('WSS268','WSS268Name',3,1,3,'serviceprovider','https://serviceprovider.com'),('WSS269','WSS269Name',3,1,3,'serviceprovider','https://serviceprovider.com'),('WSS27','WSS27Name',3,1,3,'serviceprovider','https://serviceprovider.com'),('WSS270','WSS270Name',3,1,3,'serviceprovider','https://serviceprovider.com'),('WSS271','WSS271Name',3,1,3,'serviceprovider','https://serviceprovider.com'),('WSS272','WSS272Name',3,1,3,'serviceprovider','https://serviceprovider.com'),('WSS273','WSS273Name',3,1,3,'serviceprovider','https://serviceprovider.com'),('WSS274','WSS274Name',3,1,3,'serviceprovider','https://serviceprovider.com'),('WSS275','WSS275Name',3,1,3,'serviceprovider','https://serviceprovider.com'),('WSS276','WSS276Name',3,1,3,'serviceprovider','https://serviceprovider.com'),('WSS277','WSS277Name',3,1,3,'serviceprovider','https://serviceprovider.com'),('WSS278','WSS278Name',3,1,3,'serviceprovider','https://serviceprovider.com'),('WSS279','WSS279Name',3,1,3,'serviceprovider','https://serviceprovider.com'),('WSS28','WSS28Name',3,1,3,'serviceprovider','https://serviceprovider.com'),('WSS280','WSS280Name',3,1,3,'serviceprovider','https://serviceprovider.com'),('WSS281','WSS281Name',3,1,3,'serviceprovider','https://serviceprovider.com'),('WSS282','WSS282Name',3,1,3,'serviceprovider','https://serviceprovider.com'),('WSS283','WSS283Name',3,1,3,'serviceprovider','https://serviceprovider.com'),('WSS284','WSS284Name',3,1,3,'serviceprovider','https://serviceprovider.com'),('WSS285','WSS285Name',3,1,3,'serviceprovider','https://serviceprovider.com'),('WSS286','WSS286Name',3,1,3,'serviceprovider','https://serviceprovider.com'),('WSS287','WSS287Name',3,1,3,'serviceprovider','https://serviceprovider.com'),('WSS288','WSS288Name',3,1,3,'serviceprovider','https://serviceprovider.com'),('WSS289','WSS289Name',3,1,3,'serviceprovider','https://serviceprovider.com'),('WSS29','WSS29Name',3,1,3,'serviceprovider','https://serviceprovider.com'),('WSS290','WSS290Name',3,1,3,'serviceprovider','https://serviceprovider.com'),('WSS291','WSS291Name',3,1,3,'serviceprovider','https://serviceprovider.com'),('WSS292','WSS292Name',3,1,3,'serviceprovider','https://serviceprovider.com'),('WSS293','WSS293Name',3,1,3,'serviceprovider','https://serviceprovider.com'),('WSS294','WSS294Name',3,1,3,'serviceprovider','https://serviceprovider.com'),('WSS295','WSS295Name',3,1,3,'serviceprovider','https://serviceprovider.com'),('WSS296','WSS296Name',3,1,3,'serviceprovider','https://serviceprovider.com'),('WSS297','WSS297Name',3,1,3,'serviceprovider','https://serviceprovider.com'),('WSS298','WSS298Name',3,1,3,'serviceprovider','https://serviceprovider.com'),('WSS299','WSS299Name',3,1,3,'serviceprovider','https://serviceprovider.com'),('WSS3','WSS3Name',3,1,3,'serviceprovider','https://serviceprovider.com'),('WSS30','WSS30Name',3,1,3,'serviceprovider','https://serviceprovider.com'),('WSS300','WSS300Name',3,1,3,'serviceprovider','https://serviceprovider.com'),('WSS301','WSS301Name',3,1,3,'serviceprovider','https://serviceprovider.com'),('WSS302','WSS302Name',3,1,3,'serviceprovider','https://serviceprovider.com'),('WSS303','WSS303Name',3,1,3,'serviceprovider','https://serviceprovider.com'),('WSS304','WSS304Name',3,1,3,'serviceprovider','https://serviceprovider.com'),('WSS305','WSS305Name',3,1,3,'serviceprovider','https://serviceprovider.com'),('WSS306','WSS306Name',3,1,3,'serviceprovider','https://serviceprovider.com'),('WSS307','WSS307Name',3,1,3,'serviceprovider','https://serviceprovider.com'),('WSS308','WSS308Name',3,1,3,'serviceprovider','https://serviceprovider.com'),('WSS309','WSS309Name',3,1,3,'serviceprovider','https://serviceprovider.com'),('WSS31','WSS31Name',3,1,3,'serviceprovider','https://serviceprovider.com'),('WSS310','WSS310Name',3,1,3,'serviceprovider','https://serviceprovider.com'),('WSS311','WSS311Name',3,1,3,'serviceprovider','https://serviceprovider.com'),('WSS312','WSS312Name',3,1,3,'serviceprovider','https://serviceprovider.com'),('WSS313','WSS313Name',3,1,3,'serviceprovider','https://serviceprovider.com'),('WSS314','WSS314Name',3,1,3,'serviceprovider','https://serviceprovider.com'),('WSS315','WSS315Name',3,1,3,'serviceprovider','https://serviceprovider.com'),('WSS316','WSS316Name',3,1,3,'serviceprovider','https://serviceprovider.com'),('WSS317','WSS317Name',3,1,3,'serviceprovider','https://serviceprovider.com'),('WSS318','WSS318Name',3,1,3,'serviceprovider','https://serviceprovider.com'),('WSS319','WSS319Name',3,1,3,'serviceprovider','https://serviceprovider.com'),('WSS32','WSS32Name',3,1,3,'serviceprovider','https://serviceprovider.com'),('WSS320','WSS320Name',3,1,3,'serviceprovider','https://serviceprovider.com'),('WSS321','WSS321Name',3,1,3,'serviceprovider','https://serviceprovider.com'),('WSS322','WSS322Name',3,1,3,'serviceprovider','https://serviceprovider.com'),('WSS323','WSS323Name',3,1,3,'serviceprovider','https://serviceprovider.com'),('WSS324','WSS324Name',3,1,3,'serviceprovider','https://serviceprovider.com'),('WSS325','WSS325Name',3,1,3,'serviceprovider','https://serviceprovider.com'),('WSS326','WSS326Name',3,1,3,'serviceprovider','https://serviceprovider.com'),('WSS327','WSS327Name',3,1,3,'serviceprovider','https://serviceprovider.com'),('WSS328','WSS328Name',3,1,3,'serviceprovider','https://serviceprovider.com'),('WSS329','WSS329Name',3,1,3,'serviceprovider','https://serviceprovider.com'),('WSS33','WSS33Name',3,1,3,'serviceprovider','https://serviceprovider.com'),('WSS330','WSS330Name',3,1,3,'serviceprovider','https://serviceprovider.com'),('WSS331','WSS331Name',3,1,3,'serviceprovider','https://serviceprovider.com'),('WSS332','WSS332Name',3,1,3,'serviceprovider','https://serviceprovider.com'),('WSS333','WSS333Name',3,1,3,'serviceprovider','https://serviceprovider.com'),('WSS334','WSS334Name',3,1,3,'serviceprovider','https://serviceprovider.com'),('WSS335','WSS335Name',3,1,3,'serviceprovider','https://serviceprovider.com'),('WSS336','WSS336Name',3,1,3,'serviceprovider','https://serviceprovider.com'),('WSS337','WSS337Name',3,1,3,'serviceprovider','https://serviceprovider.com'),('WSS338','WSS338Name',3,1,3,'serviceprovider','https://serviceprovider.com'),('WSS339','WSS339Name',3,1,3,'serviceprovider','https://serviceprovider.com'),('WSS34','WSS34Name',3,1,3,'serviceprovider','https://serviceprovider.com'),('WSS340','WSS340Name',3,1,3,'serviceprovider','https://serviceprovider.com'),('WSS341','WSS341Name',3,1,3,'serviceprovider','https://serviceprovider.com'),('WSS342','WSS342Name',3,1,3,'serviceprovider','https://serviceprovider.com'),('WSS343','WSS343Name',3,1,3,'serviceprovider','https://serviceprovider.com'),('WSS344','WSS344Name',3,1,3,'serviceprovider','https://serviceprovider.com'),('WSS345','WSS345Name',3,1,3,'serviceprovider','https://serviceprovider.com'),('WSS346','WSS346Name',3,1,3,'serviceprovider','https://serviceprovider.com'),('WSS347','WSS347Name',3,1,3,'serviceprovider','https://serviceprovider.com'),('WSS348','WSS348Name',3,1,3,'serviceprovider','https://serviceprovider.com'),('WSS349','WSS349Name',3,1,3,'serviceprovider','https://serviceprovider.com'),('WSS35','WSS35Name',3,1,3,'serviceprovider','https://serviceprovider.com'),('WSS350','WSS350Name',3,1,3,'serviceprovider','https://serviceprovider.com'),('WSS351','WSS351Name',3,1,3,'serviceprovider','https://serviceprovider.com'),('WSS352','WSS352Name',3,1,3,'serviceprovider','https://serviceprovider.com'),('WSS353','WSS353Name',3,1,3,'serviceprovider','https://serviceprovider.com'),('WSS354','WSS354Name',3,1,3,'serviceprovider','https://serviceprovider.com'),('WSS355','WSS355Name',3,1,3,'serviceprovider','https://serviceprovider.com'),('WSS356','WSS356Name',3,1,3,'serviceprovider','https://serviceprovider.com'),('WSS357','WSS357Name',3,1,3,'serviceprovider','https://serviceprovider.com'),('WSS358','WSS358Name',3,1,3,'serviceprovider','https://serviceprovider.com'),('WSS359','WSS359Name',3,1,3,'serviceprovider','https://serviceprovider.com'),('WSS36','WSS36Name',3,1,3,'serviceprovider','https://serviceprovider.com'),('WSS360','WSS360Name',3,1,3,'serviceprovider','https://serviceprovider.com'),('WSS361','WSS361Name',3,1,3,'serviceprovider','https://serviceprovider.com'),('WSS362','WSS362Name',3,1,3,'serviceprovider','https://serviceprovider.com'),('WSS363','WSS363Name',3,1,3,'serviceprovider','https://serviceprovider.com'),('WSS364','WSS364Name',3,1,3,'serviceprovider','https://serviceprovider.com'),('WSS365','WSS365Name',3,1,3,'serviceprovider','https://serviceprovider.com'),('WSS366','WSS366Name',3,1,3,'serviceprovider','https://serviceprovider.com'),('WSS367','WSS367Name',3,1,3,'serviceprovider','https://serviceprovider.com'),('WSS368','WSS368Name',3,1,3,'serviceprovider','https://serviceprovider.com'),('WSS369','WSS369Name',3,1,3,'serviceprovider','https://serviceprovider.com'),('WSS37','WSS37Name',3,1,3,'serviceprovider','https://serviceprovider.com'),('WSS370','WSS370Name',3,1,3,'serviceprovider','https://serviceprovider.com'),('WSS371','WSS371Name',3,1,3,'serviceprovider','https://serviceprovider.com'),('WSS372','WSS372Name',3,1,3,'serviceprovider','https://serviceprovider.com'),('WSS373','WSS373Name',3,1,3,'serviceprovider','https://serviceprovider.com'),('WSS374','WSS374Name',3,1,3,'serviceprovider','https://serviceprovider.com'),('WSS375','WSS375Name',3,1,3,'serviceprovider','https://serviceprovider.com'),('WSS376','WSS376Name',3,1,3,'serviceprovider','https://serviceprovider.com'),('WSS377','WSS377Name',3,1,3,'serviceprovider','https://serviceprovider.com'),('WSS378','WSS378Name',3,1,3,'serviceprovider','https://serviceprovider.com'),('WSS379','WSS379Name',3,1,3,'serviceprovider','https://serviceprovider.com'),('WSS38','WSS38Name',3,1,3,'serviceprovider','https://serviceprovider.com'),('WSS380','WSS380Name',3,1,3,'serviceprovider','https://serviceprovider.com'),('WSS381','WSS381Name',3,1,3,'serviceprovider','https://serviceprovider.com'),('WSS382','WSS382Name',3,1,3,'serviceprovider','https://serviceprovider.com'),('WSS383','WSS383Name',3,1,3,'serviceprovider','https://serviceprovider.com'),('WSS384','WSS384Name',3,1,3,'serviceprovider','https://serviceprovider.com'),('WSS385','WSS385Name',3,1,3,'serviceprovider','https://serviceprovider.com'),('WSS386','WSS386Name',3,1,3,'serviceprovider','https://serviceprovider.com'),('WSS387','WSS387Name',3,1,3,'serviceprovider','https://serviceprovider.com'),('WSS388','WSS388Name',3,1,3,'serviceprovider','https://serviceprovider.com'),('WSS389','WSS389Name',3,1,3,'serviceprovider','https://serviceprovider.com'),('WSS39','WSS39Name',3,1,3,'serviceprovider','https://serviceprovider.com'),('WSS390','WSS390Name',3,1,3,'serviceprovider','https://serviceprovider.com'),('WSS391','WSS391Name',3,1,3,'serviceprovider','https://serviceprovider.com'),('WSS392','WSS392Name',3,1,3,'serviceprovider','https://serviceprovider.com'),('WSS393','WSS393Name',3,1,3,'serviceprovider','https://serviceprovider.com'),('WSS394','WSS394Name',3,1,3,'serviceprovider','https://serviceprovider.com'),('WSS395','WSS395Name',3,1,3,'serviceprovider','https://serviceprovider.com'),('WSS396','WSS396Name',3,1,3,'serviceprovider','https://serviceprovider.com'),('WSS397','WSS397Name',3,1,3,'serviceprovider','https://serviceprovider.com'),('WSS398','WSS398Name',3,1,3,'serviceprovider','https://serviceprovider.com'),('WSS399','WSS399Name',3,1,3,'serviceprovider','https://serviceprovider.com'),('WSS4','WSS4Name',3,1,3,'serviceprovider','https://serviceprovider.com'),('WSS40','WSS40Name',3,1,3,'serviceprovider','https://serviceprovider.com'),('WSS400','WSS400Name',3,1,3,'serviceprovider','https://serviceprovider.com'),('WSS401','WSS401Name',3,1,3,'serviceprovider','https://serviceprovider.com'),('WSS402','WSS402Name',3,1,3,'serviceprovider','https://serviceprovider.com'),('WSS403','WSS403Name',3,1,3,'serviceprovider','https://serviceprovider.com'),('WSS404','WSS404Name',3,1,3,'serviceprovider','https://serviceprovider.com'),('WSS405','WSS405Name',3,1,3,'serviceprovider','https://serviceprovider.com'),('WSS406','WSS406Name',3,1,3,'serviceprovider','https://serviceprovider.com'),('WSS407','WSS407Name',3,1,3,'serviceprovider','https://serviceprovider.com'),('WSS408','WSS408Name',3,1,3,'serviceprovider','https://serviceprovider.com'),('WSS409','WSS409Name',3,1,3,'serviceprovider','https://serviceprovider.com'),('WSS41','WSS41Name',3,1,3,'serviceprovider','https://serviceprovider.com'),('WSS410','WSS410Name',3,1,3,'serviceprovider','https://serviceprovider.com'),('WSS411','WSS411Name',3,1,3,'serviceprovider','https://serviceprovider.com'),('WSS412','WSS412Name',3,1,3,'serviceprovider','https://serviceprovider.com'),('WSS413','WSS413Name',3,1,3,'serviceprovider','https://serviceprovider.com'),('WSS414','WSS414Name',3,1,3,'serviceprovider','https://serviceprovider.com'),('WSS415','WSS415Name',3,1,3,'serviceprovider','https://serviceprovider.com'),('WSS416','WSS416Name',3,1,3,'serviceprovider','https://serviceprovider.com'),('WSS417','WSS417Name',3,1,3,'serviceprovider','https://serviceprovider.com'),('WSS418','WSS418Name',3,1,3,'serviceprovider','https://serviceprovider.com'),('WSS419','WSS419Name',3,1,3,'serviceprovider','https://serviceprovider.com'),('WSS42','WSS42Name',3,1,3,'serviceprovider','https://serviceprovider.com'),('WSS420','WSS420Name',3,1,3,'serviceprovider','https://serviceprovider.com'),('WSS421','WSS421Name',3,1,3,'serviceprovider','https://serviceprovider.com'),('WSS422','WSS422Name',3,1,3,'serviceprovider','https://serviceprovider.com'),('WSS423','WSS423Name',3,1,3,'serviceprovider','https://serviceprovider.com'),('WSS424','WSS424Name',3,1,3,'serviceprovider','https://serviceprovider.com'),('WSS425','WSS425Name',3,1,3,'serviceprovider','https://serviceprovider.com'),('WSS426','WSS426Name',3,1,3,'serviceprovider','https://serviceprovider.com'),('WSS427','WSS427Name',3,1,3,'serviceprovider','https://serviceprovider.com'),('WSS428','WSS428Name',3,1,3,'serviceprovider','https://serviceprovider.com'),('WSS429','WSS429Name',3,1,3,'serviceprovider','https://serviceprovider.com'),('WSS43','WSS43Name',3,1,3,'serviceprovider','https://serviceprovider.com'),('WSS430','WSS430Name',3,1,3,'serviceprovider','https://serviceprovider.com'),('WSS431','WSS431Name',3,1,3,'serviceprovider','https://serviceprovider.com'),('WSS432','WSS432Name',3,1,3,'serviceprovider','https://serviceprovider.com'),('WSS433','WSS433Name',3,1,3,'serviceprovider','https://serviceprovider.com'),('WSS434','WSS434Name',3,1,3,'serviceprovider','https://serviceprovider.com'),('WSS435','WSS435Name',3,1,3,'serviceprovider','https://serviceprovider.com'),('WSS436','WSS436Name',3,1,3,'serviceprovider','https://serviceprovider.com'),('WSS437','WSS437Name',3,1,3,'serviceprovider','https://serviceprovider.com'),('WSS438','WSS438Name',3,1,3,'serviceprovider','https://serviceprovider.com'),('WSS439','WSS439Name',3,1,3,'serviceprovider','https://serviceprovider.com'),('WSS44','WSS44Name',3,1,3,'serviceprovider','https://serviceprovider.com'),('WSS440','WSS440Name',3,1,3,'serviceprovider','https://serviceprovider.com'),('WSS441','WSS441Name',3,1,3,'serviceprovider','https://serviceprovider.com'),('WSS442','WSS442Name',3,1,3,'serviceprovider','https://serviceprovider.com'),('WSS443','WSS443Name',3,1,3,'serviceprovider','https://serviceprovider.com'),('WSS444','WSS444Name',3,1,3,'serviceprovider','https://serviceprovider.com'),('WSS445','WSS445Name',3,1,3,'serviceprovider','https://serviceprovider.com'),('WSS446','WSS446Name',3,1,3,'serviceprovider','https://serviceprovider.com'),('WSS447','WSS447Name',3,1,3,'serviceprovider','https://serviceprovider.com'),('WSS448','WSS448Name',3,1,3,'serviceprovider','https://serviceprovider.com'),('WSS449','WSS449Name',3,1,3,'serviceprovider','https://serviceprovider.com'),('WSS45','WSS45Name',3,1,3,'serviceprovider','https://serviceprovider.com'),('WSS450','WSS450Name',3,1,3,'serviceprovider','https://serviceprovider.com'),('WSS451','WSS451Name',3,1,3,'serviceprovider','https://serviceprovider.com'),('WSS452','WSS452Name',3,1,3,'serviceprovider','https://serviceprovider.com'),('WSS453','WSS453Name',3,1,3,'serviceprovider','https://serviceprovider.com'),('WSS454','WSS454Name',3,1,3,'serviceprovider','https://serviceprovider.com'),('WSS455','WSS455Name',3,1,3,'serviceprovider','https://serviceprovider.com'),('WSS456','WSS456Name',3,1,3,'serviceprovider','https://serviceprovider.com'),('WSS457','WSS457Name',3,1,3,'serviceprovider','https://serviceprovider.com'),('WSS458','WSS458Name',3,1,3,'serviceprovider','https://serviceprovider.com'),('WSS459','WSS459Name',3,1,3,'serviceprovider','https://serviceprovider.com'),('WSS46','WSS46Name',3,1,3,'serviceprovider','https://serviceprovider.com'),('WSS460','WSS460Name',3,1,3,'serviceprovider','https://serviceprovider.com'),('WSS461','WSS461Name',3,1,3,'serviceprovider','https://serviceprovider.com'),('WSS462','WSS462Name',3,1,3,'serviceprovider','https://serviceprovider.com'),('WSS463','WSS463Name',3,1,3,'serviceprovider','https://serviceprovider.com'),('WSS464','WSS464Name',3,1,3,'serviceprovider','https://serviceprovider.com'),('WSS465','WSS465Name',3,1,3,'serviceprovider','https://serviceprovider.com'),('WSS466','WSS466Name',3,1,3,'serviceprovider','https://serviceprovider.com'),('WSS467','WSS467Name',3,1,3,'serviceprovider','https://serviceprovider.com'),('WSS468','WSS468Name',3,1,3,'serviceprovider','https://serviceprovider.com'),('WSS469','WSS469Name',3,1,3,'serviceprovider','https://serviceprovider.com'),('WSS47','WSS47Name',3,1,3,'serviceprovider','https://serviceprovider.com'),('WSS470','WSS470Name',3,1,3,'serviceprovider','https://serviceprovider.com'),('WSS471','WSS471Name',3,1,3,'serviceprovider','https://serviceprovider.com'),('WSS472','WSS472Name',3,1,3,'serviceprovider','https://serviceprovider.com'),('WSS473','WSS473Name',3,1,3,'serviceprovider','https://serviceprovider.com'),('WSS474','WSS474Name',3,1,3,'serviceprovider','https://serviceprovider.com'),('WSS475','WSS475Name',3,1,3,'serviceprovider','https://serviceprovider.com'),('WSS476','WSS476Name',3,1,3,'serviceprovider','https://serviceprovider.com'),('WSS477','WSS477Name',3,1,3,'serviceprovider','https://serviceprovider.com'),('WSS478','WSS478Name',3,1,3,'serviceprovider','https://serviceprovider.com'),('WSS479','WSS479Name',3,1,3,'serviceprovider','https://serviceprovider.com'),('WSS48','WSS48Name',3,1,3,'serviceprovider','https://serviceprovider.com'),('WSS480','WSS480Name',3,1,3,'serviceprovider','https://serviceprovider.com'),('WSS481','WSS481Name',3,1,3,'serviceprovider','https://serviceprovider.com'),('WSS482','WSS482Name',3,1,3,'serviceprovider','https://serviceprovider.com'),('WSS483','WSS483Name',3,1,3,'serviceprovider','https://serviceprovider.com'),('WSS484','WSS484Name',3,1,3,'serviceprovider','https://serviceprovider.com'),('WSS485','WSS485Name',3,1,3,'serviceprovider','https://serviceprovider.com'),('WSS486','WSS486Name',3,1,3,'serviceprovider','https://serviceprovider.com'),('WSS487','WSS487Name',3,1,3,'serviceprovider','https://serviceprovider.com'),('WSS488','WSS488Name',3,1,3,'serviceprovider','https://serviceprovider.com'),('WSS489','WSS489Name',3,1,3,'serviceprovider','https://serviceprovider.com'),('WSS49','WSS49Name',3,1,3,'serviceprovider','https://serviceprovider.com'),('WSS490','WSS490Name',3,1,3,'serviceprovider','https://serviceprovider.com'),('WSS491','WSS491Name',3,1,3,'serviceprovider','https://serviceprovider.com'),('WSS492','WSS492Name',3,1,3,'serviceprovider','https://serviceprovider.com'),('WSS493','WSS493Name',3,1,3,'serviceprovider','https://serviceprovider.com'),('WSS494','WSS494Name',3,1,3,'serviceprovider','https://serviceprovider.com'),('WSS495','WSS495Name',3,1,3,'serviceprovider','https://serviceprovider.com'),('WSS496','WSS496Name',3,1,3,'serviceprovider','https://serviceprovider.com'),('WSS497','WSS497Name',3,1,3,'serviceprovider','https://serviceprovider.com'),('WSS498','WSS498Name',3,1,3,'serviceprovider','https://serviceprovider.com'),('WSS499','WSS499Name',3,1,3,'serviceprovider','https://serviceprovider.com'),('WSS5','WSS5Name',3,1,3,'serviceprovider','https://serviceprovider.com'),('WSS50','WSS50Name',3,1,3,'serviceprovider','https://serviceprovider.com'),('WSS500','WSS500Name',3,1,3,'serviceprovider','https://serviceprovider.com'),('WSS501','WSS501Name',3,1,3,'serviceprovider','https://serviceprovider.com'),('WSS502','WSS502Name',3,1,3,'serviceprovider','https://serviceprovider.com'),('WSS503','WSS503Name',3,1,3,'serviceprovider','https://serviceprovider.com'),('WSS504','WSS504Name',3,1,3,'serviceprovider','https://serviceprovider.com'),('WSS505','WSS505Name',3,1,3,'serviceprovider','https://serviceprovider.com'),('WSS506','WSS506Name',3,1,3,'serviceprovider','https://serviceprovider.com'),('WSS507','WSS507Name',3,1,3,'serviceprovider','https://serviceprovider.com'),('WSS508','WSS508Name',3,1,3,'serviceprovider','https://serviceprovider.com'),('WSS509','WSS509Name',3,1,3,'serviceprovider','https://serviceprovider.com'),('WSS51','WSS51Name',3,1,3,'serviceprovider','https://serviceprovider.com'),('WSS510','WSS510Name',3,1,3,'serviceprovider','https://serviceprovider.com'),('WSS511','WSS511Name',3,1,3,'serviceprovider','https://serviceprovider.com'),('WSS512','WSS512Name',3,1,3,'serviceprovider','https://serviceprovider.com'),('WSS513','WSS513Name',3,1,3,'serviceprovider','https://serviceprovider.com'),('WSS514','WSS514Name',3,1,3,'serviceprovider','https://serviceprovider.com'),('WSS515','WSS515Name',3,1,3,'serviceprovider','https://serviceprovider.com'),('WSS516','WSS516Name',3,1,3,'serviceprovider','https://serviceprovider.com'),('WSS517','WSS517Name',3,1,3,'serviceprovider','https://serviceprovider.com'),('WSS518','WSS518Name',3,1,3,'serviceprovider','https://serviceprovider.com'),('WSS519','WSS519Name',3,1,3,'serviceprovider','https://serviceprovider.com'),('WSS52','WSS52Name',3,1,3,'serviceprovider','https://serviceprovider.com'),('WSS520','WSS520Name',3,1,3,'serviceprovider','https://serviceprovider.com'),('WSS521','WSS521Name',3,1,3,'serviceprovider','https://serviceprovider.com'),('WSS522','WSS522Name',3,1,3,'serviceprovider','https://serviceprovider.com'),('WSS523','WSS523Name',3,1,3,'serviceprovider','https://serviceprovider.com'),('WSS524','WSS524Name',3,1,3,'serviceprovider','https://serviceprovider.com'),('WSS525','WSS525Name',3,1,3,'serviceprovider','https://serviceprovider.com'),('WSS526','WSS526Name',3,1,3,'serviceprovider','https://serviceprovider.com'),('WSS527','WSS527Name',3,1,3,'serviceprovider','https://serviceprovider.com'),('WSS528','WSS528Name',3,1,3,'serviceprovider','https://serviceprovider.com'),('WSS529','WSS529Name',3,1,3,'serviceprovider','https://serviceprovider.com'),('WSS53','WSS53Name',3,1,3,'serviceprovider','https://serviceprovider.com'),('WSS530','WSS530Name',3,1,3,'serviceprovider','https://serviceprovider.com'),('WSS531','WSS531Name',3,1,3,'serviceprovider','https://serviceprovider.com'),('WSS532','WSS532Name',3,1,3,'serviceprovider','https://serviceprovider.com'),('WSS533','WSS533Name',3,1,3,'serviceprovider','https://serviceprovider.com'),('WSS534','WSS534Name',3,1,3,'serviceprovider','https://serviceprovider.com'),('WSS535','WSS535Name',3,1,3,'serviceprovider','https://serviceprovider.com'),('WSS536','WSS536Name',3,1,3,'serviceprovider','https://serviceprovider.com'),('WSS537','WSS537Name',3,1,3,'serviceprovider','https://serviceprovider.com'),('WSS538','WSS538Name',3,1,3,'serviceprovider','https://serviceprovider.com'),('WSS539','WSS539Name',3,1,3,'serviceprovider','https://serviceprovider.com'),('WSS54','WSS54Name',3,1,3,'serviceprovider','https://serviceprovider.com'),('WSS540','WSS540Name',3,1,3,'serviceprovider','https://serviceprovider.com'),('WSS541','WSS541Name',3,1,3,'serviceprovider','https://serviceprovider.com'),('WSS542','WSS542Name',3,1,3,'serviceprovider','https://serviceprovider.com'),('WSS543','WSS543Name',3,1,3,'serviceprovider','https://serviceprovider.com'),('WSS544','WSS544Name',3,1,3,'serviceprovider','https://serviceprovider.com'),('WSS545','WSS545Name',3,1,3,'serviceprovider','https://serviceprovider.com'),('WSS546','WSS546Name',3,1,3,'serviceprovider','https://serviceprovider.com'),('WSS547','WSS547Name',3,1,3,'serviceprovider','https://serviceprovider.com'),('WSS548','WSS548Name',3,1,3,'serviceprovider','https://serviceprovider.com'),('WSS549','WSS549Name',3,1,3,'serviceprovider','https://serviceprovider.com'),('WSS55','WSS55Name',3,1,3,'serviceprovider','https://serviceprovider.com'),('WSS550','WSS550Name',3,1,3,'serviceprovider','https://serviceprovider.com'),('WSS551','WSS551Name',3,1,3,'serviceprovider','https://serviceprovider.com'),('WSS552','WSS552Name',3,1,3,'serviceprovider','https://serviceprovider.com'),('WSS553','WSS553Name',3,1,3,'serviceprovider','https://serviceprovider.com'),('WSS554','WSS554Name',3,1,3,'serviceprovider','https://serviceprovider.com'),('WSS555','WSS555Name',3,1,3,'serviceprovider','https://serviceprovider.com'),('WSS556','WSS556Name',3,1,3,'serviceprovider','https://serviceprovider.com'),('WSS557','WSS557Name',3,1,3,'serviceprovider','https://serviceprovider.com'),('WSS558','WSS558Name',3,1,3,'serviceprovider','https://serviceprovider.com'),('WSS559','WSS559Name',3,1,3,'serviceprovider','https://serviceprovider.com'),('WSS56','WSS56Name',3,1,3,'serviceprovider','https://serviceprovider.com'),('WSS560','WSS560Name',3,1,3,'serviceprovider','https://serviceprovider.com'),('WSS561','WSS561Name',3,1,3,'serviceprovider','https://serviceprovider.com'),('WSS562','WSS562Name',3,1,3,'serviceprovider','https://serviceprovider.com'),('WSS563','WSS563Name',3,1,3,'serviceprovider','https://serviceprovider.com'),('WSS564','WSS564Name',3,1,3,'serviceprovider','https://serviceprovider.com'),('WSS565','WSS565Name',3,1,3,'serviceprovider','https://serviceprovider.com'),('WSS566','WSS566Name',3,1,3,'serviceprovider','https://serviceprovider.com'),('WSS567','WSS567Name',3,1,3,'serviceprovider','https://serviceprovider.com'),('WSS568','WSS568Name',3,1,3,'serviceprovider','https://serviceprovider.com'),('WSS569','WSS569Name',3,1,3,'serviceprovider','https://serviceprovider.com'),('WSS57','WSS57Name',3,1,3,'serviceprovider','https://serviceprovider.com'),('WSS570','WSS570Name',3,1,3,'serviceprovider','https://serviceprovider.com'),('WSS571','WSS571Name',3,1,3,'serviceprovider','https://serviceprovider.com'),('WSS572','WSS572Name',3,1,3,'serviceprovider','https://serviceprovider.com'),('WSS573','WSS573Name',3,1,3,'serviceprovider','https://serviceprovider.com'),('WSS574','WSS574Name',3,1,3,'serviceprovider','https://serviceprovider.com'),('WSS575','WSS575Name',3,1,3,'serviceprovider','https://serviceprovider.com'),('WSS576','WSS576Name',3,1,3,'serviceprovider','https://serviceprovider.com'),('WSS577','WSS577Name',3,1,3,'serviceprovider','https://serviceprovider.com'),('WSS578','WSS578Name',3,1,3,'serviceprovider','https://serviceprovider.com'),('WSS579','WSS579Name',3,1,3,'serviceprovider','https://serviceprovider.com'),('WSS58','WSS58Name',3,1,3,'serviceprovider','https://serviceprovider.com'),('WSS580','WSS580Name',3,1,3,'serviceprovider','https://serviceprovider.com'),('WSS581','WSS581Name',3,1,3,'serviceprovider','https://serviceprovider.com'),('WSS582','WSS582Name',3,1,3,'serviceprovider','https://serviceprovider.com'),('WSS583','WSS583Name',3,1,3,'serviceprovider','https://serviceprovider.com'),('WSS584','WSS584Name',3,1,3,'serviceprovider','https://serviceprovider.com'),('WSS585','WSS585Name',3,1,3,'serviceprovider','https://serviceprovider.com'),('WSS586','WSS586Name',3,1,3,'serviceprovider','https://serviceprovider.com'),('WSS587','WSS587Name',3,1,3,'serviceprovider','https://serviceprovider.com'),('WSS588','WSS588Name',3,1,3,'serviceprovider','https://serviceprovider.com'),('WSS589','WSS589Name',3,1,3,'serviceprovider','https://serviceprovider.com'),('WSS59','WSS59Name',3,1,3,'serviceprovider','https://serviceprovider.com'),('WSS590','WSS590Name',3,1,3,'serviceprovider','https://serviceprovider.com'),('WSS591','WSS591Name',3,1,3,'serviceprovider','https://serviceprovider.com'),('WSS592','WSS592Name',3,1,3,'serviceprovider','https://serviceprovider.com'),('WSS593','WSS593Name',3,1,3,'serviceprovider','https://serviceprovider.com'),('WSS594','WSS594Name',3,1,3,'serviceprovider','https://serviceprovider.com'),('WSS595','WSS595Name',3,1,3,'serviceprovider','https://serviceprovider.com'),('WSS596','WSS596Name',3,1,3,'serviceprovider','https://serviceprovider.com'),('WSS597','WSS597Name',3,1,3,'serviceprovider','https://serviceprovider.com'),('WSS598','WSS598Name',3,1,3,'serviceprovider','https://serviceprovider.com'),('WSS599','WSS599Name',3,1,3,'serviceprovider','https://serviceprovider.com'),('WSS6','WSS6Name',3,1,3,'serviceprovider','https://serviceprovider.com'),('WSS60','WSS60Name',3,1,3,'serviceprovider','https://serviceprovider.com'),('WSS600','WSS600Name',3,1,3,'serviceprovider','https://serviceprovider.com'),('WSS61','WSS61Name',3,1,3,'serviceprovider','https://serviceprovider.com'),('WSS62','WSS62Name',3,1,3,'serviceprovider','https://serviceprovider.com'),('WSS63','WSS63Name',3,1,3,'serviceprovider','https://serviceprovider.com'),('WSS64','WSS64Name',3,1,3,'serviceprovider','https://serviceprovider.com'),('WSS65','WSS65Name',3,1,3,'serviceprovider','https://serviceprovider.com'),('WSS66','WSS66Name',3,1,3,'serviceprovider','https://serviceprovider.com'),('WSS67','WSS67Name',3,1,3,'serviceprovider','https://serviceprovider.com'),('WSS68','WSS68Name',3,1,3,'serviceprovider','https://serviceprovider.com'),('WSS69','WSS69Name',3,1,3,'serviceprovider','https://serviceprovider.com'),('WSS7','WSS7Name',3,1,3,'serviceprovider','https://serviceprovider.com'),('WSS70','WSS70Name',3,1,3,'serviceprovider','https://serviceprovider.com'),('WSS71','WSS71Name',3,1,3,'serviceprovider','https://serviceprovider.com'),('WSS72','WSS72Name',3,1,3,'serviceprovider','https://serviceprovider.com'),('WSS73','WSS73Name',3,1,3,'serviceprovider','https://serviceprovider.com'),('WSS74','WSS74Name',3,1,3,'serviceprovider','https://serviceprovider.com'),('WSS75','WSS75Name',3,1,3,'serviceprovider','https://serviceprovider.com'),('WSS76','WSS76Name',3,1,3,'serviceprovider','https://serviceprovider.com'),('WSS77','WSS77Name',3,1,3,'serviceprovider','https://serviceprovider.com'),('WSS78','WSS78Name',3,1,3,'serviceprovider','https://serviceprovider.com'),('WSS79','WSS79Name',3,1,3,'serviceprovider','https://serviceprovider.com'),('WSS8','WSS8Name',3,1,3,'serviceprovider','https://serviceprovider.com'),('WSS80','WSS80Name',3,1,3,'serviceprovider','https://serviceprovider.com'),('WSS81','WSS81Name',3,1,3,'serviceprovider','https://serviceprovider.com'),('WSS82','WSS82Name',3,1,3,'serviceprovider','https://serviceprovider.com'),('WSS83','WSS83Name',3,1,3,'serviceprovider','https://serviceprovider.com'),('WSS84','WSS84Name',3,1,3,'serviceprovider','https://serviceprovider.com'),('WSS85','WSS85Name',3,1,3,'serviceprovider','https://serviceprovider.com'),('WSS86','WSS86Name',3,1,3,'serviceprovider','https://serviceprovider.com'),('WSS87','WSS87Name',3,1,3,'serviceprovider','https://serviceprovider.com'),('WSS88','WSS88Name',3,1,3,'serviceprovider','https://serviceprovider.com'),('WSS89','WSS89Name',3,1,3,'serviceprovider','https://serviceprovider.com'),('WSS9','WSS9Name',3,1,3,'serviceprovider','https://serviceprovider.com'),('WSS90','WSS90Name',3,1,3,'serviceprovider','https://serviceprovider.com'),('WSS91','WSS91Name',3,1,3,'serviceprovider','https://serviceprovider.com'),('WSS92','WSS92Name',3,1,3,'serviceprovider','https://serviceprovider.com'),('WSS93','WSS93Name',3,1,3,'serviceprovider','https://serviceprovider.com'),('WSS94','WSS94Name',3,1,3,'serviceprovider','https://serviceprovider.com'),('WSS95','WSS95Name',3,1,3,'serviceprovider','https://serviceprovider.com'),('WSS96','WSS96Name',3,1,3,'serviceprovider','https://serviceprovider.com'),('WSS97','WSS97Name',3,1,3,'serviceprovider','https://serviceprovider.com'),('WSS98','WSS98Name',3,1,3,'serviceprovider','https://serviceprovider.com'),('WSS99','WSS99Name',3,1,3,'serviceprovider','https://serviceprovider.com');
/*!40000 ALTER TABLE `webservicelist` ENABLE KEYS */;
UNLOCK TABLES;
/*!40103 SET TIME_ZONE=@OLD_TIME_ZONE */;

/*!40101 SET SQL_MODE=@OLD_SQL_MODE */;
/*!40014 SET FOREIGN_KEY_CHECKS=@OLD_FOREIGN_KEY_CHECKS */;
/*!40014 SET UNIQUE_CHECKS=@OLD_UNIQUE_CHECKS */;
/*!40101 SET CHARACTER_SET_CLIENT=@OLD_CHARACTER_SET_CLIENT */;
/*!40101 SET CHARACTER_SET_RESULTS=@OLD_CHARACTER_SET_RESULTS */;
/*!40101 SET COLLATION_CONNECTION=@OLD_COLLATION_CONNECTION */;
/*!40111 SET SQL_NOTES=@OLD_SQL_NOTES */;

-- Dump completed on 2023-07-06  9:45:14
