-- MySQL dump 10.13  Distrib 8.0.32, for Win64 (x86_64)
--
-- Host: localhost    Database: autowscs
-- ------------------------------------------------------
-- Server version	8.0.32

/*!40101 SET @OLD_CHARACTER_SET_CLIENT=@@CHARACTER_SET_CLIENT */;
/*!40101 SET @OLD_CHARACTER_SET_RESULTS=@@CHARACTER_SET_RESULTS */;
/*!40101 SET @OLD_COLLATION_CONNECTION=@@COLLATION_CONNECTION */;
/*!50503 SET NAMES utf8mb4 */;
/*!40103 SET @OLD_TIME_ZONE=@@TIME_ZONE */;
/*!40103 SET TIME_ZONE='+00:00' */;
/*!40014 SET @OLD_UNIQUE_CHECKS=@@UNIQUE_CHECKS, UNIQUE_CHECKS=0 */;
/*!40014 SET @OLD_FOREIGN_KEY_CHECKS=@@FOREIGN_KEY_CHECKS, FOREIGN_KEY_CHECKS=0 */;
/*!40101 SET @OLD_SQL_MODE=@@SQL_MODE, SQL_MODE='NO_AUTO_VALUE_ON_ZERO' */;
/*!40111 SET @OLD_SQL_NOTES=@@SQL_NOTES, SQL_NOTES=0 */;

--
-- Table structure for table `auth_group`
--

DROP TABLE IF EXISTS `auth_group`;
/*!40101 SET @saved_cs_client     = @@character_set_client */;
/*!50503 SET character_set_client = utf8mb4 */;
CREATE TABLE `auth_group` (
  `id` int NOT NULL AUTO_INCREMENT,
  `name` varchar(80) NOT NULL,
  PRIMARY KEY (`id`),
  UNIQUE KEY `name` (`name`)
) ENGINE=InnoDB DEFAULT CHARSET=latin1;
/*!40101 SET character_set_client = @saved_cs_client */;

--
-- Dumping data for table `auth_group`
--

LOCK TABLES `auth_group` WRITE;
/*!40000 ALTER TABLE `auth_group` DISABLE KEYS */;
/*!40000 ALTER TABLE `auth_group` ENABLE KEYS */;
UNLOCK TABLES;

--
-- Table structure for table `auth_group_permissions`
--

DROP TABLE IF EXISTS `auth_group_permissions`;
/*!40101 SET @saved_cs_client     = @@character_set_client */;
/*!50503 SET character_set_client = utf8mb4 */;
CREATE TABLE `auth_group_permissions` (
  `id` int NOT NULL AUTO_INCREMENT,
  `group_id` int NOT NULL,
  `permission_id` int NOT NULL,
  PRIMARY KEY (`id`),
  UNIQUE KEY `auth_group_permissions_group_id_permission_id_0cd325b0_uniq` (`group_id`,`permission_id`),
  KEY `auth_group_permissio_permission_id_84c5c92e_fk_auth_perm` (`permission_id`),
  CONSTRAINT `auth_group_permissio_permission_id_84c5c92e_fk_auth_perm` FOREIGN KEY (`permission_id`) REFERENCES `auth_permission` (`id`),
  CONSTRAINT `auth_group_permissions_group_id_b120cbf9_fk_auth_group_id` FOREIGN KEY (`group_id`) REFERENCES `auth_group` (`id`)
) ENGINE=InnoDB DEFAULT CHARSET=latin1;
/*!40101 SET character_set_client = @saved_cs_client */;

--
-- Dumping data for table `auth_group_permissions`
--

LOCK TABLES `auth_group_permissions` WRITE;
/*!40000 ALTER TABLE `auth_group_permissions` DISABLE KEYS */;
/*!40000 ALTER TABLE `auth_group_permissions` ENABLE KEYS */;
UNLOCK TABLES;

--
-- Table structure for table `auth_permission`
--

DROP TABLE IF EXISTS `auth_permission`;
/*!40101 SET @saved_cs_client     = @@character_set_client */;
/*!50503 SET character_set_client = utf8mb4 */;
CREATE TABLE `auth_permission` (
  `id` int NOT NULL AUTO_INCREMENT,
  `name` varchar(255) NOT NULL,
  `content_type_id` int NOT NULL,
  `codename` varchar(100) NOT NULL,
  PRIMARY KEY (`id`),
  UNIQUE KEY `auth_permission_content_type_id_codename_01ab375a_uniq` (`content_type_id`,`codename`),
  CONSTRAINT `auth_permission_content_type_id_2f476e4b_fk_django_co` FOREIGN KEY (`content_type_id`) REFERENCES `django_content_type` (`id`)
) ENGINE=InnoDB AUTO_INCREMENT=25 DEFAULT CHARSET=latin1;
/*!40101 SET character_set_client = @saved_cs_client */;

--
-- Dumping data for table `auth_permission`
--

LOCK TABLES `auth_permission` WRITE;
/*!40000 ALTER TABLE `auth_permission` DISABLE KEYS */;
INSERT INTO `auth_permission` VALUES (1,'Can add log entry',1,'add_logentry'),(2,'Can change log entry',1,'change_logentry'),(3,'Can delete log entry',1,'delete_logentry'),(4,'Can view log entry',1,'view_logentry'),(5,'Can add permission',2,'add_permission'),(6,'Can change permission',2,'change_permission'),(7,'Can delete permission',2,'delete_permission'),(8,'Can view permission',2,'view_permission'),(9,'Can add group',3,'add_group'),(10,'Can change group',3,'change_group'),(11,'Can delete group',3,'delete_group'),(12,'Can view group',3,'view_group'),(13,'Can add user',4,'add_user'),(14,'Can change user',4,'change_user'),(15,'Can delete user',4,'delete_user'),(16,'Can view user',4,'view_user'),(17,'Can add content type',5,'add_contenttype'),(18,'Can change content type',5,'change_contenttype'),(19,'Can delete content type',5,'delete_contenttype'),(20,'Can view content type',5,'view_contenttype'),(21,'Can add session',6,'add_session'),(22,'Can change session',6,'change_session'),(23,'Can delete session',6,'delete_session'),(24,'Can view session',6,'view_session');
/*!40000 ALTER TABLE `auth_permission` ENABLE KEYS */;
UNLOCK TABLES;

--
-- Table structure for table `auth_user`
--

DROP TABLE IF EXISTS `auth_user`;
/*!40101 SET @saved_cs_client     = @@character_set_client */;
/*!50503 SET character_set_client = utf8mb4 */;
CREATE TABLE `auth_user` (
  `id` int NOT NULL AUTO_INCREMENT,
  `password` varchar(128) NOT NULL,
  `last_login` datetime(6) DEFAULT NULL,
  `is_superuser` tinyint(1) NOT NULL,
  `username` varchar(150) NOT NULL,
  `first_name` varchar(30) NOT NULL,
  `last_name` varchar(150) NOT NULL,
  `email` varchar(254) NOT NULL,
  `is_staff` tinyint(1) NOT NULL,
  `is_active` tinyint(1) NOT NULL,
  `date_joined` datetime(6) NOT NULL,
  PRIMARY KEY (`id`),
  UNIQUE KEY `username` (`username`)
) ENGINE=InnoDB AUTO_INCREMENT=2 DEFAULT CHARSET=latin1;
/*!40101 SET character_set_client = @saved_cs_client */;

--
-- Dumping data for table `auth_user`
--

LOCK TABLES `auth_user` WRITE;
/*!40000 ALTER TABLE `auth_user` DISABLE KEYS */;
INSERT INTO `auth_user` VALUES (1,'pbkdf2_sha256$120000$t1PV0MeFrM2P$mdFVt5O/PMrM6U6PP4ei7LDjVNuN0OJi97bq+oRxpQg=','2020-10-19 22:21:14.385392',0,'kgayke','','','k2gaike@gmail.com',0,1,'2020-10-19 22:21:13.589791');
/*!40000 ALTER TABLE `auth_user` ENABLE KEYS */;
UNLOCK TABLES;

--
-- Table structure for table `auth_user_groups`
--

DROP TABLE IF EXISTS `auth_user_groups`;
/*!40101 SET @saved_cs_client     = @@character_set_client */;
/*!50503 SET character_set_client = utf8mb4 */;
CREATE TABLE `auth_user_groups` (
  `id` int NOT NULL AUTO_INCREMENT,
  `user_id` int NOT NULL,
  `group_id` int NOT NULL,
  PRIMARY KEY (`id`),
  UNIQUE KEY `auth_user_groups_user_id_group_id_94350c0c_uniq` (`user_id`,`group_id`),
  KEY `auth_user_groups_group_id_97559544_fk_auth_group_id` (`group_id`),
  CONSTRAINT `auth_user_groups_group_id_97559544_fk_auth_group_id` FOREIGN KEY (`group_id`) REFERENCES `auth_group` (`id`),
  CONSTRAINT `auth_user_groups_user_id_6a12ed8b_fk_auth_user_id` FOREIGN KEY (`user_id`) REFERENCES `auth_user` (`id`)
) ENGINE=InnoDB DEFAULT CHARSET=latin1;
/*!40101 SET character_set_client = @saved_cs_client */;

--
-- Dumping data for table `auth_user_groups`
--

LOCK TABLES `auth_user_groups` WRITE;
/*!40000 ALTER TABLE `auth_user_groups` DISABLE KEYS */;
/*!40000 ALTER TABLE `auth_user_groups` ENABLE KEYS */;
UNLOCK TABLES;

--
-- Table structure for table `auth_user_user_permissions`
--

DROP TABLE IF EXISTS `auth_user_user_permissions`;
/*!40101 SET @saved_cs_client     = @@character_set_client */;
/*!50503 SET character_set_client = utf8mb4 */;
CREATE TABLE `auth_user_user_permissions` (
  `id` int NOT NULL AUTO_INCREMENT,
  `user_id` int NOT NULL,
  `permission_id` int NOT NULL,
  PRIMARY KEY (`id`),
  UNIQUE KEY `auth_user_user_permissions_user_id_permission_id_14a6b632_uniq` (`user_id`,`permission_id`),
  KEY `auth_user_user_permi_permission_id_1fbb5f2c_fk_auth_perm` (`permission_id`),
  CONSTRAINT `auth_user_user_permi_permission_id_1fbb5f2c_fk_auth_perm` FOREIGN KEY (`permission_id`) REFERENCES `auth_permission` (`id`),
  CONSTRAINT `auth_user_user_permissions_user_id_a95ead1b_fk_auth_user_id` FOREIGN KEY (`user_id`) REFERENCES `auth_user` (`id`)
) ENGINE=InnoDB DEFAULT CHARSET=latin1;
/*!40101 SET character_set_client = @saved_cs_client */;

--
-- Dumping data for table `auth_user_user_permissions`
--

LOCK TABLES `auth_user_user_permissions` WRITE;
/*!40000 ALTER TABLE `auth_user_user_permissions` DISABLE KEYS */;
/*!40000 ALTER TABLE `auth_user_user_permissions` ENABLE KEYS */;
UNLOCK TABLES;

--
-- Table structure for table `careerpath`
--

DROP TABLE IF EXISTS `careerpath`;
/*!40101 SET @saved_cs_client     = @@character_set_client */;
/*!50503 SET character_set_client = utf8mb4 */;
CREATE TABLE `careerpath` (
  `careerPathID` char(4) NOT NULL,
  `careerPathName` varchar(50) DEFAULT NULL,
  PRIMARY KEY (`careerPathID`)
) ENGINE=InnoDB DEFAULT CHARSET=latin1;
/*!40101 SET character_set_client = @saved_cs_client */;

--
-- Dumping data for table `careerpath`
--

LOCK TABLES `careerpath` WRITE;
/*!40000 ALTER TABLE `careerpath` DISABLE KEYS */;
INSERT INTO `careerpath` VALUES ('C100','Data Analyst');
/*!40000 ALTER TABLE `careerpath` ENABLE KEYS */;
UNLOCK TABLES;

--
-- Table structure for table `django_admin_log`
--

DROP TABLE IF EXISTS `django_admin_log`;
/*!40101 SET @saved_cs_client     = @@character_set_client */;
/*!50503 SET character_set_client = utf8mb4 */;
CREATE TABLE `django_admin_log` (
  `id` int NOT NULL AUTO_INCREMENT,
  `action_time` datetime(6) NOT NULL,
  `object_id` longtext,
  `object_repr` varchar(200) NOT NULL,
  `action_flag` smallint unsigned NOT NULL,
  `change_message` longtext NOT NULL,
  `content_type_id` int DEFAULT NULL,
  `user_id` int NOT NULL,
  PRIMARY KEY (`id`),
  KEY `django_admin_log_content_type_id_c4bce8eb_fk_django_co` (`content_type_id`),
  KEY `django_admin_log_user_id_c564eba6_fk_auth_user_id` (`user_id`),
  CONSTRAINT `django_admin_log_content_type_id_c4bce8eb_fk_django_co` FOREIGN KEY (`content_type_id`) REFERENCES `django_content_type` (`id`),
  CONSTRAINT `django_admin_log_user_id_c564eba6_fk_auth_user_id` FOREIGN KEY (`user_id`) REFERENCES `auth_user` (`id`)
) ENGINE=InnoDB DEFAULT CHARSET=latin1;
/*!40101 SET character_set_client = @saved_cs_client */;

--
-- Dumping data for table `django_admin_log`
--

LOCK TABLES `django_admin_log` WRITE;
/*!40000 ALTER TABLE `django_admin_log` DISABLE KEYS */;
/*!40000 ALTER TABLE `django_admin_log` ENABLE KEYS */;
UNLOCK TABLES;

--
-- Table structure for table `django_content_type`
--

DROP TABLE IF EXISTS `django_content_type`;
/*!40101 SET @saved_cs_client     = @@character_set_client */;
/*!50503 SET character_set_client = utf8mb4 */;
CREATE TABLE `django_content_type` (
  `id` int NOT NULL AUTO_INCREMENT,
  `app_label` varchar(100) NOT NULL,
  `model` varchar(100) NOT NULL,
  PRIMARY KEY (`id`),
  UNIQUE KEY `django_content_type_app_label_model_76bd3d3b_uniq` (`app_label`,`model`)
) ENGINE=InnoDB AUTO_INCREMENT=7 DEFAULT CHARSET=latin1;
/*!40101 SET character_set_client = @saved_cs_client */;

--
-- Dumping data for table `django_content_type`
--

LOCK TABLES `django_content_type` WRITE;
/*!40000 ALTER TABLE `django_content_type` DISABLE KEYS */;
INSERT INTO `django_content_type` VALUES (1,'admin','logentry'),(3,'auth','group'),(2,'auth','permission'),(4,'auth','user'),(5,'contenttypes','contenttype'),(6,'sessions','session');
/*!40000 ALTER TABLE `django_content_type` ENABLE KEYS */;
UNLOCK TABLES;

--
-- Table structure for table `django_migrations`
--

DROP TABLE IF EXISTS `django_migrations`;
/*!40101 SET @saved_cs_client     = @@character_set_client */;
/*!50503 SET character_set_client = utf8mb4 */;
CREATE TABLE `django_migrations` (
  `id` int NOT NULL AUTO_INCREMENT,
  `app` varchar(255) NOT NULL,
  `name` varchar(255) NOT NULL,
  `applied` datetime(6) NOT NULL,
  PRIMARY KEY (`id`)
) ENGINE=InnoDB AUTO_INCREMENT=16 DEFAULT CHARSET=latin1;
/*!40101 SET character_set_client = @saved_cs_client */;

--
-- Dumping data for table `django_migrations`
--

LOCK TABLES `django_migrations` WRITE;
/*!40000 ALTER TABLE `django_migrations` DISABLE KEYS */;
INSERT INTO `django_migrations` VALUES (1,'contenttypes','0001_initial','2020-03-09 23:45:06.538733'),(2,'auth','0001_initial','2020-03-09 23:45:10.018233'),(3,'admin','0001_initial','2020-03-09 23:45:11.118233'),(4,'admin','0002_logentry_remove_auto_add','2020-03-09 23:45:11.139233'),(5,'admin','0003_logentry_add_action_flag_choices','2020-03-09 23:45:11.169233'),(6,'contenttypes','0002_remove_content_type_name','2020-03-09 23:45:11.498233'),(7,'auth','0002_alter_permission_name_max_length','2020-03-09 23:45:11.539233'),(8,'auth','0003_alter_user_email_max_length','2020-03-09 23:45:11.619233'),(9,'auth','0004_alter_user_username_opts','2020-03-09 23:45:11.629233'),(10,'auth','0005_alter_user_last_login_null','2020-03-09 23:45:11.770233'),(11,'auth','0006_require_contenttypes_0002','2020-03-09 23:45:11.810233'),(12,'auth','0007_alter_validators_add_error_messages','2020-03-09 23:45:11.820233'),(13,'auth','0008_alter_user_username_max_length','2020-03-09 23:45:11.831233'),(14,'auth','0009_alter_user_last_name_max_length','2020-03-09 23:45:11.949233'),(15,'sessions','0001_initial','2020-03-09 23:45:12.140233');
/*!40000 ALTER TABLE `django_migrations` ENABLE KEYS */;
UNLOCK TABLES;

--
-- Table structure for table `django_session`
--

DROP TABLE IF EXISTS `django_session`;
/*!40101 SET @saved_cs_client     = @@character_set_client */;
/*!50503 SET character_set_client = utf8mb4 */;
CREATE TABLE `django_session` (
  `session_key` varchar(40) NOT NULL,
  `session_data` longtext NOT NULL,
  `expire_date` datetime(6) NOT NULL,
  PRIMARY KEY (`session_key`),
  KEY `django_session_expire_date_a5c62663` (`expire_date`)
) ENGINE=InnoDB DEFAULT CHARSET=latin1;
/*!40101 SET character_set_client = @saved_cs_client */;

--
-- Dumping data for table `django_session`
--

LOCK TABLES `django_session` WRITE;
/*!40000 ALTER TABLE `django_session` DISABLE KEYS */;
INSERT INTO `django_session` VALUES ('tyl1c5xdi2x8x2jwg76rgv4m7k8zrh9f','Y2FhMTEwYWE3NTdhZjlkMTFkYzhlMDM0OGM4NTU4YzVjZGQwZDM0Njp7Il9hdXRoX3VzZXJfaWQiOiIxIiwiX2F1dGhfdXNlcl9iYWNrZW5kIjoiZGphbmdvLmNvbnRyaWIuYXV0aC5iYWNrZW5kcy5Nb2RlbEJhY2tlbmQiLCJfYXV0aF91c2VyX2hhc2giOiJmMzIyNjA4ZWY3OTQ5MWYwMTUwOGMyMDFlMDIzZmRjNjI3MTU4N2IzIn0=','2020-11-02 22:21:14.400992');
/*!40000 ALTER TABLE `django_session` ENABLE KEYS */;
UNLOCK TABLES;

--
-- Table structure for table `initialgoalparameter`
--

DROP TABLE IF EXISTS `initialgoalparameter`;
/*!40101 SET @saved_cs_client     = @@character_set_client */;
/*!50503 SET character_set_client = utf8mb4 */;
CREATE TABLE `initialgoalparameter` (
  `transactionID` bigint NOT NULL,
  `iorg` varchar(10) NOT NULL,
  `parameterID` varchar(10) NOT NULL,
  PRIMARY KEY (`transactionID`,`iorg`,`parameterID`),
  KEY `knowledgeID` (`parameterID`),
  CONSTRAINT `initialgoalparameter_ibfk_1` FOREIGN KEY (`parameterID`) REFERENCES `parameterlist` (`parameterID`)
) ENGINE=InnoDB DEFAULT CHARSET=latin1;
/*!40101 SET character_set_client = @saved_cs_client */;

--
-- Dumping data for table `initialgoalparameter`
--

LOCK TABLES `initialgoalparameter` WRITE;
/*!40000 ALTER TABLE `initialgoalparameter` DISABLE KEYS */;
INSERT INTO `initialgoalparameter` VALUES (1,'I','p1'),(4,'G','p1'),(7,'I','p1'),(8,'I','p1'),(9,'G','p1'),(10,'I','p1'),(11,'G','p1'),(12,'I','p1'),(15,'I','p1'),(17,'I','p1'),(18,'I','p1'),(20,'G','p1'),(24,'G','p1'),(4,'I','p10'),(5,'G','p10'),(7,'G','p10'),(12,'G','p10'),(13,'G','p10'),(15,'G','p10'),(18,'G','p10'),(21,'G','p10'),(22,'I','p10'),(23,'I','p10'),(24,'G','p10'),(28,'I','p10'),(2,'G','p11'),(3,'I','p11'),(5,'G','p11'),(6,'I','p11'),(11,'I','p11'),(12,'I','p11'),(17,'I','p11'),(18,'I','p11'),(22,'I','p11'),(23,'G','p11'),(25,'I','p11'),(27,'I','p11'),(29,'G','p11'),(30,'I','p11'),(1,'I','p12'),(2,'I','p12'),(11,'G','p12'),(14,'G','p12'),(15,'I','p12'),(16,'G','p12'),(17,'I','p12'),(20,'I','p12'),(22,'G','p12'),(1,'I','p13'),(2,'G','p13'),(3,'G','p13'),(7,'I','p13'),(8,'I','p13'),(10,'G','p13'),(12,'I','p13'),(14,'I','p13'),(16,'G','p13'),(20,'G','p13'),(21,'I','p13'),(24,'G','p13'),(27,'G','p13'),(2,'I','p14'),(3,'I','p14'),(5,'I','p14'),(8,'I','p14'),(9,'I','p14'),(10,'G','p14'),(13,'I','p14'),(14,'I','p14'),(15,'I','p14'),(18,'I','p14'),(19,'I','p14'),(20,'G','p14'),(23,'I','p14'),(26,'G','p14'),(29,'I','p14'),(30,'I','p14'),(1,'I','p15'),(4,'I','p15'),(6,'I','p15'),(7,'I','p15'),(8,'I','p15'),(10,'I','p15'),(14,'G','p15'),(19,'I','p15'),(20,'I','p15'),(21,'G','p15'),(23,'I','p15'),(25,'I','p15'),(29,'I','p15'),(30,'I','p15'),(1,'I','p16'),(2,'I','p16'),(5,'I','p16'),(6,'I','p16'),(7,'G','p16'),(8,'G','p16'),(9,'I','p16'),(12,'I','p16'),(14,'I','p16'),(19,'I','p16'),(20,'I','p16'),(22,'G','p16'),(24,'G','p16'),(25,'G','p16'),(28,'I','p16'),(30,'G','p16'),(2,'I','p17'),(4,'G','p17'),(7,'I','p17'),(8,'G','p17'),(9,'G','p17'),(11,'I','p17'),(13,'I','p17'),(15,'G','p17'),(16,'I','p17'),(19,'G','p17'),(20,'I','p17'),(22,'I','p17'),(23,'I','p17'),(24,'I','p17'),(26,'G','p17'),(27,'I','p17'),(29,'G','p17'),(4,'G','p18'),(5,'I','p18'),(6,'G','p18'),(9,'I','p18'),(10,'G','p18'),(14,'I','p18'),(15,'G','p18'),(19,'I','p18'),(21,'G','p18'),(22,'G','p18'),(24,'I','p18'),(26,'G','p18'),(28,'I','p18'),(29,'I','p18'),(30,'G','p18'),(2,'I','p19'),(5,'I','p19'),(7,'I','p19'),(10,'I','p19'),(11,'I','p19'),(13,'G','p19'),(21,'I','p19'),(23,'G','p19'),(24,'G','p19'),(25,'G','p19'),(26,'G','p19'),(27,'I','p19'),(30,'G','p19'),(3,'I','p2'),(6,'G','p2'),(8,'G','p2'),(9,'I','p2'),(10,'I','p2'),(13,'I','p2'),(17,'I','p2'),(18,'G','p2'),(19,'I','p2'),(20,'I','p2'),(22,'I','p2'),(25,'I','p2'),(27,'I','p2'),(29,'I','p2'),(30,'I','p2'),(2,'G','p20'),(3,'I','p20'),(16,'G','p20'),(19,'G','p20'),(24,'I','p20'),(25,'G','p20'),(28,'G','p20'),(30,'I','p20'),(1,'G','p21'),(3,'G','p21'),(4,'G','p21'),(5,'G','p21'),(6,'I','p21'),(9,'G','p21'),(10,'G','p21'),(11,'I','p21'),(12,'I','p21'),(15,'G','p21'),(16,'G','p21'),(19,'I','p21'),(20,'G','p21'),(21,'I','p21'),(22,'G','p21'),(23,'G','p21'),(24,'I','p21'),(2,'G','p22'),(4,'G','p22'),(5,'G','p22'),(6,'G','p22'),(8,'I','p22'),(9,'G','p22'),(10,'G','p22'),(12,'I','p22'),(13,'I','p22'),(15,'I','p22'),(17,'G','p22'),(18,'G','p22'),(20,'G','p22'),(21,'I','p22'),(23,'I','p22'),(26,'I','p22'),(28,'G','p22'),(2,'I','p23'),(7,'I','p23'),(9,'I','p23'),(10,'I','p23'),(11,'I','p23'),(13,'I','p23'),(15,'I','p23'),(16,'I','p23'),(17,'I','p23'),(18,'G','p23'),(20,'I','p23'),(21,'G','p23'),(24,'G','p23'),(27,'G','p23'),(28,'I','p23'),(29,'G','p23'),(3,'I','p24'),(4,'I','p24'),(5,'I','p24'),(7,'I','p24'),(8,'G','p24'),(14,'I','p24'),(25,'G','p24'),(26,'I','p24'),(3,'G','p25'),(4,'G','p25'),(6,'I','p25'),(9,'I','p25'),(11,'G','p25'),(18,'I','p25'),(21,'G','p25'),(24,'I','p25'),(26,'I','p25'),(28,'G','p25'),(29,'I','p25'),(1,'G','p26'),(5,'I','p26'),(6,'I','p26'),(7,'I','p26'),(8,'I','p26'),(11,'G','p26'),(12,'I','p26'),(14,'I','p26'),(15,'I','p26'),(16,'I','p26'),(18,'I','p26'),(21,'I','p26'),(22,'G','p26'),(26,'I','p26'),(27,'I','p26'),(28,'G','p26'),(29,'I','p26'),(30,'I','p26'),(1,'I','p27'),(3,'I','p27'),(4,'I','p27'),(12,'G','p27'),(13,'G','p27'),(15,'G','p27'),(16,'G','p27'),(17,'I','p27'),(19,'I','p27'),(21,'I','p27'),(22,'I','p27'),(23,'G','p27'),(26,'I','p27'),(27,'G','p27'),(28,'I','p27'),(29,'G','p27'),(2,'I','p28'),(3,'G','p28'),(4,'I','p28'),(9,'I','p28'),(10,'I','p28'),(11,'I','p28'),(12,'G','p28'),(17,'G','p28'),(19,'G','p28'),(20,'I','p28'),(22,'I','p28'),(23,'I','p28'),(24,'I','p28'),(25,'G','p28'),(26,'I','p28'),(27,'I','p28'),(28,'G','p28'),(29,'G','p28'),(2,'G','p29'),(3,'I','p29'),(6,'I','p29'),(7,'G','p29'),(9,'G','p29'),(11,'I','p29'),(13,'I','p29'),(16,'I','p29'),(18,'I','p29'),(19,'I','p29'),(20,'I','p29'),(23,'G','p29'),(27,'I','p29'),(1,'G','p3'),(4,'I','p3'),(5,'G','p3'),(8,'G','p3'),(9,'G','p3'),(13,'G','p3'),(14,'G','p3'),(15,'G','p3'),(16,'I','p3'),(22,'I','p3'),(24,'I','p3'),(27,'G','p3'),(29,'I','p3'),(30,'I','p3'),(2,'I','p30'),(6,'G','p30'),(7,'G','p30'),(8,'I','p30'),(11,'I','p30'),(15,'I','p30'),(16,'I','p30'),(17,'G','p30'),(18,'I','p30'),(23,'G','p30'),(25,'I','p30'),(26,'G','p30'),(28,'I','p30'),(1,'I','p4'),(2,'G','p4'),(3,'G','p4'),(8,'G','p4'),(10,'I','p4'),(12,'G','p4'),(13,'G','p4'),(14,'G','p4'),(16,'I','p4'),(17,'I','p4'),(18,'G','p4'),(19,'G','p4'),(25,'I','p4'),(26,'I','p4'),(28,'I','p4'),(29,'I','p4'),(30,'G','p4'),(1,'G','p5'),(4,'I','p5'),(7,'G','p5'),(10,'G','p5'),(11,'G','p5'),(13,'I','p5'),(14,'G','p5'),(18,'G','p5'),(19,'G','p5'),(20,'G','p5'),(21,'I','p5'),(23,'I','p5'),(25,'I','p5'),(27,'G','p5'),(30,'I','p5'),(1,'I','p6'),(3,'I','p6'),(6,'G','p6'),(7,'G','p6'),(9,'I','p6'),(12,'G','p6'),(14,'G','p6'),(16,'G','p6'),(17,'I','p6'),(22,'G','p6'),(25,'G','p6'),(26,'I','p6'),(27,'G','p6'),(28,'I','p6'),(30,'G','p6'),(1,'G','p7'),(4,'I','p7'),(5,'G','p7'),(8,'I','p7'),(13,'G','p7'),(14,'I','p7'),(16,'I','p7'),(17,'G','p7'),(18,'I','p7'),(19,'G','p7'),(21,'G','p7'),(22,'I','p7'),(23,'I','p7'),(24,'I','p7'),(25,'I','p7'),(26,'G','p7'),(27,'I','p7'),(29,'G','p7'),(30,'G','p7'),(1,'G','p8'),(3,'G','p8'),(5,'I','p8'),(6,'I','p8'),(12,'G','p8'),(14,'I','p8'),(17,'G','p8'),(21,'I','p8'),(28,'G','p8'),(5,'I','p9'),(6,'G','p9'),(10,'I','p9'),(11,'G','p9'),(12,'I','p9'),(13,'I','p9'),(15,'I','p9'),(17,'G','p9'),(25,'I','p9');
/*!40000 ALTER TABLE `initialgoalparameter` ENABLE KEYS */;
UNLOCK TABLES;

--
-- Table structure for table `inputparameter`
--

DROP TABLE IF EXISTS `inputparameter`;
/*!40101 SET @saved_cs_client     = @@character_set_client */;
/*!50503 SET character_set_client = utf8mb4 */;
CREATE TABLE `inputparameter` (
  `webServiceID` varchar(10) NOT NULL,
  `parameterID` varchar(10) NOT NULL,
  PRIMARY KEY (`webServiceID`,`parameterID`),
  KEY `knowledgeID` (`parameterID`)
) ENGINE=InnoDB DEFAULT CHARSET=latin1;
/*!40101 SET character_set_client = @saved_cs_client */;

--
-- Dumping data for table `inputparameter`
--

LOCK TABLES `inputparameter` WRITE;
/*!40000 ALTER TABLE `inputparameter` DISABLE KEYS */;
INSERT INTO `inputparameter` VALUES ('WSS109','p1'),('WSS116','p1'),('WSS147','p1'),('WSS17','p1'),('WSS186','p1'),('WSS206','p1'),('WSS211','p1'),('WSS224','p1'),('WSS227','p1'),('WSS247','p1'),('WSS250','p1'),('WSS283','p1'),('WSS317','p1'),('WSS327','p1'),('WSS330','p1'),('WSS34','p1'),('WSS340','p1'),('WSS397','p1'),('WSS42','p1'),('WSS426','p1'),('WSS428','p1'),('WSS429','p1'),('WSS431','p1'),('WSS462','p1'),('WSS466','p1'),('WSS498','p1'),('WSS6','p1'),('WSS63','p1'),('WSS69','p1'),('WSS7','p1'),('WSS8','p1'),('WSS99','p1'),('WSS112','p10'),('WSS115','p10'),('WSS129','p10'),('WSS134','p10'),('WSS135','p10'),('WSS162','p10'),('WSS188','p10'),('WSS196','p10'),('WSS197','p10'),('WSS203','p10'),('WSS205','p10'),('WSS236','p10'),('WSS28','p10'),('WSS287','p10'),('WSS288','p10'),('WSS292','p10'),('WSS301','p10'),('WSS316','p10'),('WSS371','p10'),('WSS383','p10'),('WSS394','p10'),('WSS396','p10'),('WSS399','p10'),('WSS449','p10'),('WSS461','p10'),('WSS467','p10'),('WSS470','p10'),('WSS475','p10'),('WSS491','p10'),('WSS496','p10'),('WSS5','p10'),('WSS86','p10'),('WSS97','p10'),('WSS110','p11'),('WSS127','p11'),('WSS140','p11'),('WSS161','p11'),('WSS194','p11'),('WSS2','p11'),('WSS204','p11'),('WSS207','p11'),('WSS218','p11'),('WSS224','p11'),('WSS228','p11'),('WSS229','p11'),('WSS23','p11'),('WSS246','p11'),('WSS252','p11'),('WSS257','p11'),('WSS26','p11'),('WSS277','p11'),('WSS310','p11'),('WSS313','p11'),('WSS374','p11'),('WSS375','p11'),('WSS387','p11'),('WSS391','p11'),('WSS392','p11'),('WSS399','p11'),('WSS431','p11'),('WSS463','p11'),('WSS482','p11'),('WSS493','p11'),('WSS495','p11'),('WSS500','p11'),('WSS53','p11'),('WSS76','p11'),('WSS88','p11'),('WSS120','p12'),('WSS13','p12'),('WSS15','p12'),('WSS164','p12'),('WSS166','p12'),('WSS192','p12'),('WSS20','p12'),('WSS200','p12'),('WSS221','p12'),('WSS275','p12'),('WSS290','p12'),('WSS296','p12'),('WSS298','p12'),('WSS3','p12'),('WSS326','p12'),('WSS328','p12'),('WSS34','p12'),('WSS351','p12'),('WSS354','p12'),('WSS376','p12'),('WSS379','p12'),('WSS409','p12'),('WSS423','p12'),('WSS454','p12'),('WSS489','p12'),('WSS52','p12'),('WSS61','p12'),('WSS7','p12'),('WSS74','p12'),('WSS80','p12'),('WSS114','p13'),('WSS122','p13'),('WSS153','p13'),('WSS175','p13'),('WSS184','p13'),('WSS193','p13'),('WSS212','p13'),('WSS219','p13'),('WSS223','p13'),('WSS266','p13'),('WSS304','p13'),('WSS324','p13'),('WSS340','p13'),('WSS345','p13'),('WSS382','p13'),('WSS387','p13'),('WSS405','p13'),('WSS408','p13'),('WSS42','p13'),('WSS427','p13'),('WSS432','p13'),('WSS433','p13'),('WSS442','p13'),('WSS449','p13'),('WSS487','p13'),('WSS490','p13'),('WSS51','p13'),('WSS6','p13'),('WSS89','p13'),('WSS93','p13'),('WSS110','p14'),('WSS131','p14'),('WSS144','p14'),('WSS170','p14'),('WSS21','p14'),('WSS219','p14'),('WSS226','p14'),('WSS239','p14'),('WSS252','p14'),('WSS259','p14'),('WSS300','p14'),('WSS310','p14'),('WSS326','p14'),('WSS335','p14'),('WSS351','p14'),('WSS359','p14'),('WSS378','p14'),('WSS404','p14'),('WSS422','p14'),('WSS450','p14'),('WSS460','p14'),('WSS462','p14'),('WSS464','p14'),('WSS484','p14'),('WSS492','p14'),('WSS50','p14'),('WSS93','p14'),('WSS102','p15'),('WSS103','p15'),('WSS111','p15'),('WSS156','p15'),('WSS174','p15'),('WSS178','p15'),('WSS194','p15'),('WSS195','p15'),('WSS209','p15'),('WSS238','p15'),('WSS265','p15'),('WSS279','p15'),('WSS284','p15'),('WSS289','p15'),('WSS293','p15'),('WSS3','p15'),('WSS303','p15'),('WSS320','p15'),('WSS342','p15'),('WSS354','p15'),('WSS365','p15'),('WSS370','p15'),('WSS373','p15'),('WSS395','p15'),('WSS397','p15'),('WSS403','p15'),('WSS415','p15'),('WSS418','p15'),('WSS439','p15'),('WSS451','p15'),('WSS455','p15'),('WSS463','p15'),('WSS485','p15'),('WSS66','p15'),('WSS68','p15'),('WSS79','p15'),('WSS101','p16'),('WSS106','p16'),('WSS107','p16'),('WSS118','p16'),('WSS119','p16'),('WSS13','p16'),('WSS146','p16'),('WSS155','p16'),('WSS182','p16'),('WSS19','p16'),('WSS195','p16'),('WSS20','p16'),('WSS207','p16'),('WSS234','p16'),('WSS240','p16'),('WSS245','p16'),('WSS246','p16'),('WSS263','p16'),('WSS264','p16'),('WSS271','p16'),('WSS286','p16'),('WSS309','p16'),('WSS324','p16'),('WSS348','p16'),('WSS360','p16'),('WSS377','p16'),('WSS382','p16'),('WSS407','p16'),('WSS410','p16'),('WSS413','p16'),('WSS414','p16'),('WSS435','p16'),('WSS437','p16'),('WSS446','p16'),('WSS465','p16'),('WSS468','p16'),('WSS472','p16'),('WSS474','p16'),('WSS481','p16'),('WSS486','p16'),('WSS77','p16'),('WSS78','p16'),('WSS85','p16'),('WSS117','p17'),('WSS127','p17'),('WSS132','p17'),('WSS145','p17'),('WSS152','p17'),('WSS175','p17'),('WSS191','p17'),('WSS2','p17'),('WSS201','p17'),('WSS216','p17'),('WSS218','p17'),('WSS220','p17'),('WSS228','p17'),('WSS232','p17'),('WSS233','p17'),('WSS245','p17'),('WSS263','p17'),('WSS264','p17'),('WSS272','p17'),('WSS284','p17'),('WSS29','p17'),('WSS298','p17'),('WSS300','p17'),('WSS309','p17'),('WSS322','p17'),('WSS333','p17'),('WSS339','p17'),('WSS355','p17'),('WSS362','p17'),('WSS367','p17'),('WSS374','p17'),('WSS376','p17'),('WSS389','p17'),('WSS39','p17'),('WSS406','p17'),('WSS416','p17'),('WSS444','p17'),('WSS483','p17'),('WSS485','p17'),('WSS494','p17'),('WSS58','p17'),('WSS65','p17'),('WSS68','p17'),('WSS72','p17'),('WSS100','p18'),('WSS105','p18'),('WSS118','p18'),('WSS124','p18'),('WSS126','p18'),('WSS131','p18'),('WSS163','p18'),('WSS18','p18'),('WSS184','p18'),('WSS190','p18'),('WSS200','p18'),('WSS213','p18'),('WSS214','p18'),('WSS221','p18'),('WSS229','p18'),('WSS261','p18'),('WSS283','p18'),('WSS294','p18'),('WSS315','p18'),('WSS318','p18'),('WSS338','p18'),('WSS347','p18'),('WSS349','p18'),('WSS366','p18'),('WSS40','p18'),('WSS43','p18'),('WSS490','p18'),('WSS500','p18'),('WSS52','p18'),('WSS78','p18'),('WSS11','p19'),('WSS133','p19'),('WSS15','p19'),('WSS163','p19'),('WSS165','p19'),('WSS196','p19'),('WSS199','p19'),('WSS205','p19'),('WSS206','p19'),('WSS215','p19'),('WSS255','p19'),('WSS323','p19'),('WSS329','p19'),('WSS332','p19'),('WSS346','p19'),('WSS369','p19'),('WSS383','p19'),('WSS385','p19'),('WSS4','p19'),('WSS428','p19'),('WSS429','p19'),('WSS435','p19'),('WSS44','p19'),('WSS445','p19'),('WSS473','p19'),('WSS497','p19'),('WSS55','p19'),('WSS71','p19'),('WSS85','p19'),('WSS1','p2'),('WSS14','p2'),('WSS147','p2'),('WSS177','p2'),('WSS179','p2'),('WSS185','p2'),('WSS187','p2'),('WSS201','p2'),('WSS211','p2'),('WSS227','p2'),('WSS232','p2'),('WSS233','p2'),('WSS251','p2'),('WSS257','p2'),('WSS262','p2'),('WSS296','p2'),('WSS297','p2'),('WSS331','p2'),('WSS336','p2'),('WSS352','p2'),('WSS36','p2'),('WSS361','p2'),('WSS364','p2'),('WSS375','p2'),('WSS389','p2'),('WSS400','p2'),('WSS403','p2'),('WSS408','p2'),('WSS415','p2'),('WSS416','p2'),('WSS417','p2'),('WSS450','p2'),('WSS453','p2'),('WSS455','p2'),('WSS457','p2'),('WSS458','p2'),('WSS46','p2'),('WSS471','p2'),('WSS480','p2'),('WSS483','p2'),('WSS86','p2'),('WSS10','p20'),('WSS107','p20'),('WSS117','p20'),('WSS186','p20'),('WSS198','p20'),('WSS202','p20'),('WSS208','p20'),('WSS216','p20'),('WSS217','p20'),('WSS220','p20'),('WSS243','p20'),('WSS268','p20'),('WSS281','p20'),('WSS290','p20'),('WSS299','p20'),('WSS319','p20'),('WSS321','p20'),('WSS323','p20'),('WSS335','p20'),('WSS36','p20'),('WSS361','p20'),('WSS364','p20'),('WSS371','p20'),('WSS372','p20'),('WSS392','p20'),('WSS423','p20'),('WSS424','p20'),('WSS425','p20'),('WSS434','p20'),('WSS445','p20'),('WSS45','p20'),('WSS454','p20'),('WSS459','p20'),('WSS477','p20'),('WSS53','p20'),('WSS8','p20'),('WSS84','p20'),('WSS103','p21'),('WSS108','p21'),('WSS113','p21'),('WSS126','p21'),('WSS128','p21'),('WSS143','p21'),('WSS151','p21'),('WSS160','p21'),('WSS21','p21'),('WSS210','p21'),('WSS22','p21'),('WSS223','p21'),('WSS23','p21'),('WSS24','p21'),('WSS273','p21'),('WSS276','p21'),('WSS287','p21'),('WSS292','p21'),('WSS295','p21'),('WSS30','p21'),('WSS32','p21'),('WSS328','p21'),('WSS332','p21'),('WSS350','p21'),('WSS356','p21'),('WSS357','p21'),('WSS365','p21'),('WSS367','p21'),('WSS39','p21'),('WSS406','p21'),('WSS411','p21'),('WSS452','p21'),('WSS465','p21'),('WSS474','p21'),('WSS476','p21'),('WSS482','p21'),('WSS60','p21'),('WSS71','p21'),('WSS73','p21'),('WSS74','p21'),('WSS90','p21'),('WSS134','p22'),('WSS144','p22'),('WSS157','p22'),('WSS230','p22'),('WSS235','p22'),('WSS242','p22'),('WSS244','p22'),('WSS25','p22'),('WSS256','p22'),('WSS274','p22'),('WSS278','p22'),('WSS294','p22'),('WSS299','p22'),('WSS307','p22'),('WSS312','p22'),('WSS325','p22'),('WSS333','p22'),('WSS345','p22'),('WSS346','p22'),('WSS390','p22'),('WSS407','p22'),('WSS424','p22'),('WSS438','p22'),('WSS458','p22'),('WSS47','p22'),('WSS475','p22'),('WSS481','p22'),('WSS49','p22'),('WSS499','p22'),('WSS54','p22'),('WSS58','p22'),('WSS64','p22'),('WSS70','p22'),('WSS75','p22'),('WSS87','p22'),('WSS104','p23'),('WSS12','p23'),('WSS137','p23'),('WSS142','p23'),('WSS148','p23'),('WSS150','p23'),('WSS154','p23'),('WSS156','p23'),('WSS161','p23'),('WSS171','p23'),('WSS176','p23'),('WSS181','p23'),('WSS209','p23'),('WSS214','p23'),('WSS235','p23'),('WSS237','p23'),('WSS239','p23'),('WSS253','p23'),('WSS279','p23'),('WSS285','p23'),('WSS327','p23'),('WSS377','p23'),('WSS380','p23'),('WSS388','p23'),('WSS390','p23'),('WSS447','p23'),('WSS76','p23'),('WSS81','p23'),('WSS87','p23'),('WSS97','p23'),('WSS136','p24'),('WSS159','p24'),('WSS165','p24'),('WSS191','p24'),('WSS22','p24'),('WSS222','p24'),('WSS250','p24'),('WSS254','p24'),('WSS26','p24'),('WSS269','p24'),('WSS27','p24'),('WSS270','p24'),('WSS28','p24'),('WSS282','p24'),('WSS297','p24'),('WSS306','p24'),('WSS316','p24'),('WSS336','p24'),('WSS339','p24'),('WSS348','p24'),('WSS35','p24'),('WSS378','p24'),('WSS38','p24'),('WSS381','p24'),('WSS391','p24'),('WSS393','p24'),('WSS394','p24'),('WSS398','p24'),('WSS4','p24'),('WSS420','p24'),('WSS451','p24'),('WSS456','p24'),('WSS498','p24'),('WSS50','p24'),('WSS92','p24'),('WSS94','p24'),('WSS116','p25'),('WSS129','p25'),('WSS136','p25'),('WSS138','p25'),('WSS154','p25'),('WSS162','p25'),('WSS173','p25'),('WSS210','p25'),('WSS225','p25'),('WSS25','p25'),('WSS253','p25'),('WSS271','p25'),('WSS288','p25'),('WSS314','p25'),('WSS322','p25'),('WSS33','p25'),('WSS405','p25'),('WSS412','p25'),('WSS414','p25'),('WSS441','p25'),('WSS443','p25'),('WSS453','p25'),('WSS479','p25'),('WSS488','p25'),('WSS56','p25'),('WSS88','p25'),('WSS98','p25'),('WSS99','p25'),('WSS105','p26'),('WSS108','p26'),('WSS113','p26'),('WSS130','p26'),('WSS132','p26'),('WSS138','p26'),('WSS146','p26'),('WSS152','p26'),('WSS153','p26'),('WSS155','p26'),('WSS158','p26'),('WSS16','p26'),('WSS169','p26'),('WSS177','p26'),('WSS189','p26'),('WSS238','p26'),('WSS241','p26'),('WSS282','p26'),('WSS286','p26'),('WSS289','p26'),('WSS303','p26'),('WSS343','p26'),('WSS353','p26'),('WSS356','p26'),('WSS357','p26'),('WSS363','p26'),('WSS409','p26'),('WSS469','p26'),('WSS49','p26'),('WSS491','p26'),('WSS496','p26'),('WSS62','p26'),('WSS63','p26'),('WSS64','p26'),('WSS65','p26'),('WSS77','p26'),('WSS95','p26'),('WSS12','p27'),('WSS16','p27'),('WSS173','p27'),('WSS179','p27'),('WSS180','p27'),('WSS240','p27'),('WSS251','p27'),('WSS267','p27'),('WSS27','p27'),('WSS321','p27'),('WSS353','p27'),('WSS380','p27'),('WSS396','p27'),('WSS436','p27'),('WSS44','p27'),('WSS440','p27'),('WSS460','p27'),('WSS473','p27'),('WSS478','p27'),('WSS492','p27'),('WSS494','p27'),('WSS5','p27'),('WSS69','p27'),('WSS73','p27'),('WSS83','p27'),('WSS101','p28'),('WSS183','p28'),('WSS203','p28'),('WSS266','p28'),('WSS274','p28'),('WSS280','p28'),('WSS37','p28'),('WSS400','p28'),('WSS432','p28'),('WSS447','p28'),('WSS470','p28'),('WSS54','p28'),('WSS82','p28'),('WSS9','p28'),('WSS92','p28'),('WSS95','p28'),('WSS168','p29'),('WSS172','p29'),('WSS204','p29'),('WSS217','p29'),('WSS248','p29'),('WSS249','p29'),('WSS254','p29'),('WSS256','p29'),('WSS258','p29'),('WSS265','p29'),('WSS308','p29'),('WSS360','p29'),('WSS373','p29'),('WSS379','p29'),('WSS381','p29'),('WSS412','p29'),('WSS421','p29'),('WSS426','p29'),('WSS433','p29'),('WSS448','p29'),('WSS48','p29'),('WSS499','p29'),('WSS51','p29'),('WSS57','p29'),('WSS79','p29'),('WSS91','p29'),('WSS94','p29'),('WSS96','p29'),('WSS100','p3'),('WSS225','p3'),('WSS234','p3'),('WSS24','p3'),('WSS242','p3'),('WSS269','p3'),('WSS273','p3'),('WSS278','p3'),('WSS308','p3'),('WSS32','p3'),('WSS33','p3'),('WSS334','p3'),('WSS337','p3'),('WSS355','p3'),('WSS359','p3'),('WSS372','p3'),('WSS41','p3'),('WSS410','p3'),('WSS425','p3'),('WSS430','p3'),('WSS438','p3'),('WSS486','p3'),('WSS56','p3'),('WSS66','p3'),('WSS67','p3'),('WSS70','p3'),('WSS115','p30'),('WSS121','p30'),('WSS122','p30'),('WSS130','p30'),('WSS135','p30'),('WSS142','p30'),('WSS176','p30'),('WSS202','p30'),('WSS215','p30'),('WSS222','p30'),('WSS236','p30'),('WSS244','p30'),('WSS249','p30'),('WSS30','p30'),('WSS302','p30'),('WSS311','p30'),('WSS318','p30'),('WSS320','p30'),('WSS343','p30'),('WSS352','p30'),('WSS370','p30'),('WSS395','p30'),('WSS40','p30'),('WSS411','p30'),('WSS418','p30'),('WSS43','p30'),('WSS442','p30'),('WSS466','p30'),('WSS477','p30'),('WSS75','p30'),('WSS96','p30'),('WSS10','p4'),('WSS104','p4'),('WSS109','p4'),('WSS119','p4'),('WSS120','p4'),('WSS121','p4'),('WSS133','p4'),('WSS139','p4'),('WSS140','p4'),('WSS141','p4'),('WSS158','p4'),('WSS197','p4'),('WSS268','p4'),('WSS272','p4'),('WSS280','p4'),('WSS312','p4'),('WSS317','p4'),('WSS347','p4'),('WSS368','p4'),('WSS402','p4'),('WSS421','p4'),('WSS45','p4'),('WSS457','p4'),('WSS487','p4'),('WSS495','p4'),('WSS55','p4'),('WSS67','p4'),('WSS83','p4'),('WSS9','p4'),('WSS11','p5'),('WSS124','p5'),('WSS14','p5'),('WSS148','p5'),('WSS149','p5'),('WSS160','p5'),('WSS167','p5'),('WSS171','p5'),('WSS174','p5'),('WSS180','p5'),('WSS188','p5'),('WSS190','p5'),('WSS243','p5'),('WSS276','p5'),('WSS285','p5'),('WSS29','p5'),('WSS291','p5'),('WSS307','p5'),('WSS31','p5'),('WSS331','p5'),('WSS338','p5'),('WSS341','p5'),('WSS342','p5'),('WSS344','p5'),('WSS349','p5'),('WSS368','p5'),('WSS38','p5'),('WSS384','p5'),('WSS385','p5'),('WSS388','p5'),('WSS419','p5'),('WSS430','p5'),('WSS441','p5'),('WSS46','p5'),('WSS468','p5'),('WSS472','p5'),('WSS476','p5'),('WSS484','p5'),('WSS497','p5'),('WSS59','p5'),('WSS60','p5'),('WSS81','p5'),('WSS82','p5'),('WSS89','p5'),('WSS90','p5'),('WSS106','p6'),('WSS112','p6'),('WSS114','p6'),('WSS125','p6'),('WSS145','p6'),('WSS168','p6'),('WSS172','p6'),('WSS18','p6'),('WSS185','p6'),('WSS193','p6'),('WSS198','p6'),('WSS208','p6'),('WSS248','p6'),('WSS260','p6'),('WSS262','p6'),('WSS270','p6'),('WSS275','p6'),('WSS277','p6'),('WSS281','p6'),('WSS293','p6'),('WSS295','p6'),('WSS311','p6'),('WSS314','p6'),('WSS329','p6'),('WSS334','p6'),('WSS358','p6'),('WSS363','p6'),('WSS386','p6'),('WSS398','p6'),('WSS401','p6'),('WSS404','p6'),('WSS41','p6'),('WSS420','p6'),('WSS422','p6'),('WSS434','p6'),('WSS443','p6'),('WSS446','p6'),('WSS448','p6'),('WSS47','p6'),('WSS489','p6'),('WSS102','p7'),('WSS128','p7'),('WSS149','p7'),('WSS150','p7'),('WSS151','p7'),('WSS159','p7'),('WSS167','p7'),('WSS170','p7'),('WSS181','p7'),('WSS183','p7'),('WSS192','p7'),('WSS212','p7'),('WSS213','p7'),('WSS231','p7'),('WSS304','p7'),('WSS305','p7'),('WSS325','p7'),('WSS341','p7'),('WSS366','p7'),('WSS386','p7'),('WSS401','p7'),('WSS402','p7'),('WSS417','p7'),('WSS440','p7'),('WSS456','p7'),('WSS464','p7'),('WSS84','p7'),('WSS111','p8'),('WSS123','p8'),('WSS137','p8'),('WSS141','p8'),('WSS143','p8'),('WSS166','p8'),('WSS182','p8'),('WSS302','p8'),('WSS319','p8'),('WSS330','p8'),('WSS337','p8'),('WSS344','p8'),('WSS358','p8'),('WSS362','p8'),('WSS393','p8'),('WSS419','p8'),('WSS427','p8'),('WSS436','p8'),('WSS439','p8'),('WSS459','p8'),('WSS478','p8'),('WSS480','p8'),('WSS493','p8'),('WSS72','p8'),('WSS80','p8'),('WSS98','p8'),('WSS125','p9'),('WSS169','p9'),('WSS17','p9'),('WSS189','p9'),('WSS19','p9'),('WSS199','p9'),('WSS226','p9'),('WSS230','p9'),('WSS231','p9'),('WSS237','p9'),('WSS247','p9'),('WSS255','p9'),('WSS258','p9'),('WSS260','p9'),('WSS291','p9'),('WSS301','p9'),('WSS305','p9'),('WSS306','p9'),('WSS31','p9'),('WSS35','p9'),('WSS350','p9'),('WSS37','p9'),('WSS384','p9'),('WSS413','p9'),('WSS444','p9'),('WSS452','p9'),('WSS469','p9'),('WSS471','p9'),('WSS479','p9'),('WSS48','p9'),('WSS488','p9'),('WSS57','p9'),('WSS59','p9'),('WSS61','p9'),('WSS91','p9');
/*!40000 ALTER TABLE `inputparameter` ENABLE KEYS */;
UNLOCK TABLES;

--
-- Table structure for table `knowledgeforcareerpath`
--

DROP TABLE IF EXISTS `knowledgeforcareerpath`;
/*!40101 SET @saved_cs_client     = @@character_set_client */;
/*!50503 SET character_set_client = utf8mb4 */;
CREATE TABLE `knowledgeforcareerpath` (
  `careerPathID` char(4) NOT NULL,
  `knowledgeID` char(6) NOT NULL,
  PRIMARY KEY (`careerPathID`,`knowledgeID`)
) ENGINE=InnoDB DEFAULT CHARSET=latin1;
/*!40101 SET character_set_client = @saved_cs_client */;

--
-- Dumping data for table `knowledgeforcareerpath`
--

LOCK TABLES `knowledgeforcareerpath` WRITE;
/*!40000 ALTER TABLE `knowledgeforcareerpath` DISABLE KEYS */;
INSERT INTO `knowledgeforcareerpath` VALUES ('C100','k1C311'),('C100','k1C412'),('C100','k1C469'),('C100','k1C500');
/*!40000 ALTER TABLE `knowledgeforcareerpath` ENABLE KEYS */;
UNLOCK TABLES;

--
-- Table structure for table `lhs`
--

DROP TABLE IF EXISTS `lhs`;
/*!40101 SET @saved_cs_client     = @@character_set_client */;
/*!50503 SET character_set_client = utf8mb4 */;
CREATE TABLE `lhs` (
  `ruleid` int NOT NULL,
  `courseid` varchar(10) NOT NULL,
  PRIMARY KEY (`ruleid`,`courseid`)
) ENGINE=InnoDB DEFAULT CHARSET=latin1;
/*!40101 SET character_set_client = @saved_cs_client */;

--
-- Dumping data for table `lhs`
--

LOCK TABLES `lhs` WRITE;
/*!40000 ALTER TABLE `lhs` DISABLE KEYS */;
INSERT INTO `lhs` VALUES (1,'ICP006'),(2,'ICP006'),(3,'ICP006'),(4,'ICP110'),(5,'ICP110'),(6,'ICP311'),(7,'ICP006'),(7,'ICP110'),(8,'ICP006'),(8,'ICP110'),(9,'ICP006'),(9,'ICP311'),(10,'ICP110'),(10,'ICP311'),(11,'ICP006'),(11,'ICP110'),(11,'ICP311');
/*!40000 ALTER TABLE `lhs` ENABLE KEYS */;
UNLOCK TABLES;

--
-- Table structure for table `outputparameter`
--

DROP TABLE IF EXISTS `outputparameter`;
/*!40101 SET @saved_cs_client     = @@character_set_client */;
/*!50503 SET character_set_client = utf8mb4 */;
CREATE TABLE `outputparameter` (
  `webServiceID` varchar(10) NOT NULL,
  `parameterID` varchar(10) NOT NULL,
  PRIMARY KEY (`webServiceID`,`parameterID`),
  KEY `knowledgeID` (`parameterID`)
) ENGINE=InnoDB DEFAULT CHARSET=latin1;
/*!40101 SET character_set_client = @saved_cs_client */;

--
-- Dumping data for table `outputparameter`
--

LOCK TABLES `outputparameter` WRITE;
/*!40000 ALTER TABLE `outputparameter` DISABLE KEYS */;
INSERT INTO `outputparameter` VALUES ('WSS1','p1'),('WSS115','p1'),('WSS121','p1'),('WSS122','p1'),('WSS127','p1'),('WSS128','p1'),('WSS131','p1'),('WSS133','p1'),('WSS144','p1'),('WSS151','p1'),('WSS162','p1'),('WSS163','p1'),('WSS164','p1'),('WSS168','p1'),('WSS169','p1'),('WSS170','p1'),('WSS179','p1'),('WSS189','p1'),('WSS19','p1'),('WSS191','p1'),('WSS196','p1'),('WSS197','p1'),('WSS202','p1'),('WSS204','p1'),('WSS206','p1'),('WSS21','p1'),('WSS215','p1'),('WSS216','p1'),('WSS220','p1'),('WSS225','p1'),('WSS227','p1'),('WSS228','p1'),('WSS229','p1'),('WSS232','p1'),('WSS238','p1'),('WSS240','p1'),('WSS245','p1'),('WSS252','p1'),('WSS258','p1'),('WSS259','p1'),('WSS265','p1'),('WSS27','p1'),('WSS274','p1'),('WSS277','p1'),('WSS279','p1'),('WSS286','p1'),('WSS289','p1'),('WSS29','p1'),('WSS291','p1'),('WSS295','p1'),('WSS305','p1'),('WSS306','p1'),('WSS308','p1'),('WSS310','p1'),('WSS311','p1'),('WSS316','p1'),('WSS325','p1'),('WSS327','p1'),('WSS333','p1'),('WSS337','p1'),('WSS345','p1'),('WSS349','p1'),('WSS35','p1'),('WSS350','p1'),('WSS354','p1'),('WSS357','p1'),('WSS359','p1'),('WSS362','p1'),('WSS365','p1'),('WSS367','p1'),('WSS371','p1'),('WSS373','p1'),('WSS374','p1'),('WSS376','p1'),('WSS380','p1'),('WSS381','p1'),('WSS384','p1'),('WSS385','p1'),('WSS39','p1'),('WSS391','p1'),('WSS393','p1'),('WSS395','p1'),('WSS40','p1'),('WSS405','p1'),('WSS412','p1'),('WSS424','p1'),('WSS431','p1'),('WSS432','p1'),('WSS435','p1'),('WSS437','p1'),('WSS438','p1'),('WSS439','p1'),('WSS44','p1'),('WSS444','p1'),('WSS445','p1'),('WSS449','p1'),('WSS453','p1'),('WSS459','p1'),('WSS46','p1'),('WSS460','p1'),('WSS463','p1'),('WSS47','p1'),('WSS470','p1'),('WSS474','p1'),('WSS478','p1'),('WSS480','p1'),('WSS484','p1'),('WSS485','p1'),('WSS492','p1'),('WSS494','p1'),('WSS497','p1'),('WSS5','p1'),('WSS50','p1'),('WSS500','p1'),('WSS51','p1'),('WSS52','p1'),('WSS56','p1'),('WSS57','p1'),('WSS63','p1'),('WSS69','p1'),('WSS76','p1'),('WSS77','p1'),('WSS82','p1'),('WSS86','p1'),('WSS89','p1'),('WSS9','p1'),('WSS90','p1'),('WSS91','p1'),('WSS93','p1'),('WSS100','p10'),('WSS101','p10'),('WSS104','p10'),('WSS109','p10'),('WSS113','p10'),('WSS131','p10'),('WSS134','p10'),('WSS137','p10'),('WSS140','p10'),('WSS141','p10'),('WSS143','p10'),('WSS145','p10'),('WSS149','p10'),('WSS15','p10'),('WSS155','p10'),('WSS156','p10'),('WSS160','p10'),('WSS161','p10'),('WSS163','p10'),('WSS164','p10'),('WSS168','p10'),('WSS170','p10'),('WSS174','p10'),('WSS175','p10'),('WSS180','p10'),('WSS182','p10'),('WSS184','p10'),('WSS185','p10'),('WSS193','p10'),('WSS198','p10'),('WSS20','p10'),('WSS203','p10'),('WSS205','p10'),('WSS206','p10'),('WSS213','p10'),('WSS214','p10'),('WSS224','p10'),('WSS237','p10'),('WSS240','p10'),('WSS243','p10'),('WSS247','p10'),('WSS257','p10'),('WSS258','p10'),('WSS263','p10'),('WSS265','p10'),('WSS271','p10'),('WSS273','p10'),('WSS276','p10'),('WSS278','p10'),('WSS284','p10'),('WSS293','p10'),('WSS294','p10'),('WSS296','p10'),('WSS297','p10'),('WSS314','p10'),('WSS318','p10'),('WSS319','p10'),('WSS32','p10'),('WSS333','p10'),('WSS338','p10'),('WSS340','p10'),('WSS341','p10'),('WSS344','p10'),('WSS348','p10'),('WSS37','p10'),('WSS373','p10'),('WSS380','p10'),('WSS383','p10'),('WSS384','p10'),('WSS388','p10'),('WSS39','p10'),('WSS390','p10'),('WSS391','p10'),('WSS40','p10'),('WSS400','p10'),('WSS402','p10'),('WSS404','p10'),('WSS411','p10'),('WSS415','p10'),('WSS417','p10'),('WSS422','p10'),('WSS427','p10'),('WSS428','p10'),('WSS43','p10'),('WSS432','p10'),('WSS435','p10'),('WSS44','p10'),('WSS448','p10'),('WSS460','p10'),('WSS463','p10'),('WSS464','p10'),('WSS466','p10'),('WSS467','p10'),('WSS468','p10'),('WSS470','p10'),('WSS471','p10'),('WSS473','p10'),('WSS475','p10'),('WSS486','p10'),('WSS487','p10'),('WSS488','p10'),('WSS490','p10'),('WSS499','p10'),('WSS54','p10'),('WSS57','p10'),('WSS59','p10'),('WSS62','p10'),('WSS65','p10'),('WSS70','p10'),('WSS71','p10'),('WSS75','p10'),('WSS76','p10'),('WSS8','p10'),('WSS87','p10'),('WSS9','p10'),('WSS90','p10'),('WSS91','p10'),('WSS94','p10'),('WSS99','p10'),('WSS108','p11'),('WSS109','p11'),('WSS11','p11'),('WSS111','p11'),('WSS113','p11'),('WSS117','p11'),('WSS118','p11'),('WSS121','p11'),('WSS127','p11'),('WSS129','p11'),('WSS130','p11'),('WSS134','p11'),('WSS137','p11'),('WSS14','p11'),('WSS141','p11'),('WSS146','p11'),('WSS151','p11'),('WSS154','p11'),('WSS156','p11'),('WSS160','p11'),('WSS161','p11'),('WSS162','p11'),('WSS163','p11'),('WSS169','p11'),('WSS17','p11'),('WSS171','p11'),('WSS178','p11'),('WSS179','p11'),('WSS181','p11'),('WSS187','p11'),('WSS197','p11'),('WSS198','p11'),('WSS200','p11'),('WSS217','p11'),('WSS22','p11'),('WSS223','p11'),('WSS23','p11'),('WSS230','p11'),('WSS235','p11'),('WSS240','p11'),('WSS247','p11'),('WSS250','p11'),('WSS259','p11'),('WSS26','p11'),('WSS266','p11'),('WSS268','p11'),('WSS270','p11'),('WSS271','p11'),('WSS277','p11'),('WSS280','p11'),('WSS281','p11'),('WSS285','p11'),('WSS286','p11'),('WSS288','p11'),('WSS290','p11'),('WSS291','p11'),('WSS295','p11'),('WSS299','p11'),('WSS306','p11'),('WSS307','p11'),('WSS309','p11'),('WSS311','p11'),('WSS312','p11'),('WSS313','p11'),('WSS324','p11'),('WSS326','p11'),('WSS327','p11'),('WSS33','p11'),('WSS331','p11'),('WSS333','p11'),('WSS337','p11'),('WSS343','p11'),('WSS346','p11'),('WSS351','p11'),('WSS352','p11'),('WSS353','p11'),('WSS356','p11'),('WSS359','p11'),('WSS361','p11'),('WSS363','p11'),('WSS364','p11'),('WSS365','p11'),('WSS370','p11'),('WSS378','p11'),('WSS379','p11'),('WSS387','p11'),('WSS389','p11'),('WSS390','p11'),('WSS394','p11'),('WSS395','p11'),('WSS397','p11'),('WSS4','p11'),('WSS406','p11'),('WSS410','p11'),('WSS414','p11'),('WSS415','p11'),('WSS423','p11'),('WSS431','p11'),('WSS434','p11'),('WSS438','p11'),('WSS439','p11'),('WSS444','p11'),('WSS452','p11'),('WSS458','p11'),('WSS461','p11'),('WSS471','p11'),('WSS479','p11'),('WSS480','p11'),('WSS483','p11'),('WSS487','p11'),('WSS499','p11'),('WSS500','p11'),('WSS51','p11'),('WSS52','p11'),('WSS56','p11'),('WSS59','p11'),('WSS60','p11'),('WSS64','p11'),('WSS70','p11'),('WSS82','p11'),('WSS85','p11'),('WSS88','p11'),('WSS91','p11'),('WSS97','p11'),('WSS10','p12'),('WSS101','p12'),('WSS104','p12'),('WSS108','p12'),('WSS110','p12'),('WSS111','p12'),('WSS12','p12'),('WSS123','p12'),('WSS125','p12'),('WSS143','p12'),('WSS15','p12'),('WSS154','p12'),('WSS155','p12'),('WSS158','p12'),('WSS160','p12'),('WSS161','p12'),('WSS165','p12'),('WSS169','p12'),('WSS17','p12'),('WSS181','p12'),('WSS182','p12'),('WSS184','p12'),('WSS189','p12'),('WSS195','p12'),('WSS196','p12'),('WSS197','p12'),('WSS199','p12'),('WSS20','p12'),('WSS201','p12'),('WSS21','p12'),('WSS210','p12'),('WSS212','p12'),('WSS213','p12'),('WSS215','p12'),('WSS218','p12'),('WSS22','p12'),('WSS221','p12'),('WSS223','p12'),('WSS228','p12'),('WSS233','p12'),('WSS239','p12'),('WSS245','p12'),('WSS246','p12'),('WSS25','p12'),('WSS250','p12'),('WSS254','p12'),('WSS257','p12'),('WSS26','p12'),('WSS266','p12'),('WSS267','p12'),('WSS27','p12'),('WSS273','p12'),('WSS274','p12'),('WSS275','p12'),('WSS277','p12'),('WSS280','p12'),('WSS294','p12'),('WSS299','p12'),('WSS301','p12'),('WSS304','p12'),('WSS313','p12'),('WSS315','p12'),('WSS32','p12'),('WSS321','p12'),('WSS329','p12'),('WSS330','p12'),('WSS336','p12'),('WSS35','p12'),('WSS351','p12'),('WSS353','p12'),('WSS355','p12'),('WSS358','p12'),('WSS365','p12'),('WSS366','p12'),('WSS369','p12'),('WSS377','p12'),('WSS380','p12'),('WSS381','p12'),('WSS382','p12'),('WSS385','p12'),('WSS386','p12'),('WSS393','p12'),('WSS394','p12'),('WSS395','p12'),('WSS400','p12'),('WSS403','p12'),('WSS404','p12'),('WSS405','p12'),('WSS407','p12'),('WSS408','p12'),('WSS412','p12'),('WSS414','p12'),('WSS416','p12'),('WSS424','p12'),('WSS425','p12'),('WSS428','p12'),('WSS429','p12'),('WSS433','p12'),('WSS437','p12'),('WSS440','p12'),('WSS443','p12'),('WSS444','p12'),('WSS445','p12'),('WSS449','p12'),('WSS452','p12'),('WSS453','p12'),('WSS454','p12'),('WSS458','p12'),('WSS464','p12'),('WSS466','p12'),('WSS469','p12'),('WSS477','p12'),('WSS48','p12'),('WSS481','p12'),('WSS482','p12'),('WSS485','p12'),('WSS494','p12'),('WSS496','p12'),('WSS497','p12'),('WSS57','p12'),('WSS69','p12'),('WSS70','p12'),('WSS71','p12'),('WSS72','p12'),('WSS78','p12'),('WSS79','p12'),('WSS85','p12'),('WSS86','p12'),('WSS88','p12'),('WSS96','p12'),('WSS98','p12'),('WSS99','p12'),('WSS10','p13'),('WSS102','p13'),('WSS112','p13'),('WSS117','p13'),('WSS119','p13'),('WSS120','p13'),('WSS122','p13'),('WSS128','p13'),('WSS132','p13'),('WSS134','p13'),('WSS135','p13'),('WSS142','p13'),('WSS167','p13'),('WSS169','p13'),('WSS174','p13'),('WSS176','p13'),('WSS178','p13'),('WSS179','p13'),('WSS18','p13'),('WSS183','p13'),('WSS185','p13'),('WSS188','p13'),('WSS198','p13'),('WSS199','p13'),('WSS206','p13'),('WSS208','p13'),('WSS221','p13'),('WSS222','p13'),('WSS224','p13'),('WSS226','p13'),('WSS241','p13'),('WSS244','p13'),('WSS246','p13'),('WSS247','p13'),('WSS248','p13'),('WSS262','p13'),('WSS264','p13'),('WSS266','p13'),('WSS267','p13'),('WSS268','p13'),('WSS270','p13'),('WSS278','p13'),('WSS279','p13'),('WSS280','p13'),('WSS281','p13'),('WSS30','p13'),('WSS302','p13'),('WSS303','p13'),('WSS307','p13'),('WSS311','p13'),('WSS313','p13'),('WSS322','p13'),('WSS326','p13'),('WSS329','p13'),('WSS339','p13'),('WSS347','p13'),('WSS356','p13'),('WSS358','p13'),('WSS363','p13'),('WSS370','p13'),('WSS373','p13'),('WSS385','p13'),('WSS386','p13'),('WSS388','p13'),('WSS390','p13'),('WSS392','p13'),('WSS395','p13'),('WSS398','p13'),('WSS403','p13'),('WSS406','p13'),('WSS409','p13'),('WSS414','p13'),('WSS415','p13'),('WSS42','p13'),('WSS424','p13'),('WSS425','p13'),('WSS433','p13'),('WSS434','p13'),('WSS446','p13'),('WSS450','p13'),('WSS456','p13'),('WSS459','p13'),('WSS465','p13'),('WSS466','p13'),('WSS47','p13'),('WSS471','p13'),('WSS472','p13'),('WSS477','p13'),('WSS482','p13'),('WSS485','p13'),('WSS489','p13'),('WSS49','p13'),('WSS495','p13'),('WSS496','p13'),('WSS498','p13'),('WSS499','p13'),('WSS5','p13'),('WSS51','p13'),('WSS54','p13'),('WSS58','p13'),('WSS6','p13'),('WSS60','p13'),('WSS61','p13'),('WSS63','p13'),('WSS66','p13'),('WSS67','p13'),('WSS7','p13'),('WSS77','p13'),('WSS86','p13'),('WSS91','p13'),('WSS92','p13'),('WSS103','p14'),('WSS105','p14'),('WSS107','p14'),('WSS109','p14'),('WSS11','p14'),('WSS112','p14'),('WSS114','p14'),('WSS12','p14'),('WSS120','p14'),('WSS136','p14'),('WSS141','p14'),('WSS142','p14'),('WSS148','p14'),('WSS16','p14'),('WSS160','p14'),('WSS167','p14'),('WSS168','p14'),('WSS17','p14'),('WSS170','p14'),('WSS175','p14'),('WSS176','p14'),('WSS177','p14'),('WSS179','p14'),('WSS187','p14'),('WSS2','p14'),('WSS20','p14'),('WSS204','p14'),('WSS21','p14'),('WSS212','p14'),('WSS219','p14'),('WSS22','p14'),('WSS220','p14'),('WSS227','p14'),('WSS229','p14'),('WSS232','p14'),('WSS235','p14'),('WSS236','p14'),('WSS241','p14'),('WSS247','p14'),('WSS249','p14'),('WSS251','p14'),('WSS252','p14'),('WSS26','p14'),('WSS267','p14'),('WSS271','p14'),('WSS274','p14'),('WSS282','p14'),('WSS288','p14'),('WSS29','p14'),('WSS290','p14'),('WSS297','p14'),('WSS303','p14'),('WSS308','p14'),('WSS310','p14'),('WSS316','p14'),('WSS321','p14'),('WSS323','p14'),('WSS330','p14'),('WSS331','p14'),('WSS335','p14'),('WSS347','p14'),('WSS349','p14'),('WSS350','p14'),('WSS352','p14'),('WSS357','p14'),('WSS366','p14'),('WSS373','p14'),('WSS377','p14'),('WSS379','p14'),('WSS380','p14'),('WSS383','p14'),('WSS389','p14'),('WSS391','p14'),('WSS396','p14'),('WSS398','p14'),('WSS40','p14'),('WSS400','p14'),('WSS402','p14'),('WSS409','p14'),('WSS41','p14'),('WSS418','p14'),('WSS42','p14'),('WSS420','p14'),('WSS426','p14'),('WSS43','p14'),('WSS430','p14'),('WSS435','p14'),('WSS446','p14'),('WSS452','p14'),('WSS453','p14'),('WSS458','p14'),('WSS474','p14'),('WSS480','p14'),('WSS488','p14'),('WSS489','p14'),('WSS493','p14'),('WSS497','p14'),('WSS5','p14'),('WSS53','p14'),('WSS6','p14'),('WSS62','p14'),('WSS66','p14'),('WSS72','p14'),('WSS76','p14'),('WSS77','p14'),('WSS81','p14'),('WSS85','p14'),('WSS87','p14'),('WSS89','p14'),('WSS95','p14'),('WSS96','p14'),('WSS97','p14'),('WSS10','p15'),('WSS100','p15'),('WSS102','p15'),('WSS103','p15'),('WSS104','p15'),('WSS105','p15'),('WSS116','p15'),('WSS119','p15'),('WSS124','p15'),('WSS128','p15'),('WSS131','p15'),('WSS132','p15'),('WSS134','p15'),('WSS135','p15'),('WSS136','p15'),('WSS137','p15'),('WSS138','p15'),('WSS140','p15'),('WSS145','p15'),('WSS147','p15'),('WSS152','p15'),('WSS157','p15'),('WSS159','p15'),('WSS162','p15'),('WSS167','p15'),('WSS170','p15'),('WSS171','p15'),('WSS175','p15'),('WSS183','p15'),('WSS185','p15'),('WSS191','p15'),('WSS2','p15'),('WSS205','p15'),('WSS206','p15'),('WSS207','p15'),('WSS208','p15'),('WSS213','p15'),('WSS217','p15'),('WSS220','p15'),('WSS221','p15'),('WSS231','p15'),('WSS235','p15'),('WSS239','p15'),('WSS24','p15'),('WSS244','p15'),('WSS245','p15'),('WSS247','p15'),('WSS25','p15'),('WSS250','p15'),('WSS254','p15'),('WSS255','p15'),('WSS267','p15'),('WSS273','p15'),('WSS276','p15'),('WSS277','p15'),('WSS28','p15'),('WSS280','p15'),('WSS281','p15'),('WSS283','p15'),('WSS284','p15'),('WSS293','p15'),('WSS295','p15'),('WSS296','p15'),('WSS298','p15'),('WSS299','p15'),('WSS300','p15'),('WSS304','p15'),('WSS305','p15'),('WSS306','p15'),('WSS309','p15'),('WSS31','p15'),('WSS313','p15'),('WSS317','p15'),('WSS318','p15'),('WSS320','p15'),('WSS322','p15'),('WSS323','p15'),('WSS349','p15'),('WSS362','p15'),('WSS364','p15'),('WSS369','p15'),('WSS372','p15'),('WSS375','p15'),('WSS377','p15'),('WSS38','p15'),('WSS388','p15'),('WSS390','p15'),('WSS391','p15'),('WSS392','p15'),('WSS393','p15'),('WSS394','p15'),('WSS395','p15'),('WSS397','p15'),('WSS400','p15'),('WSS401','p15'),('WSS404','p15'),('WSS405','p15'),('WSS410','p15'),('WSS413','p15'),('WSS417','p15'),('WSS421','p15'),('WSS425','p15'),('WSS429','p15'),('WSS432','p15'),('WSS44','p15'),('WSS442','p15'),('WSS443','p15'),('WSS450','p15'),('WSS452','p15'),('WSS454','p15'),('WSS456','p15'),('WSS461','p15'),('WSS463','p15'),('WSS465','p15'),('WSS468','p15'),('WSS47','p15'),('WSS470','p15'),('WSS475','p15'),('WSS477','p15'),('WSS48','p15'),('WSS482','p15'),('WSS486','p15'),('WSS488','p15'),('WSS493','p15'),('WSS494','p15'),('WSS496','p15'),('WSS51','p15'),('WSS54','p15'),('WSS59','p15'),('WSS6','p15'),('WSS62','p15'),('WSS7','p15'),('WSS70','p15'),('WSS74','p15'),('WSS77','p15'),('WSS95','p15'),('WSS105','p16'),('WSS106','p16'),('WSS11','p16'),('WSS110','p16'),('WSS111','p16'),('WSS112','p16'),('WSS123','p16'),('WSS130','p16'),('WSS133','p16'),('WSS136','p16'),('WSS139','p16'),('WSS141','p16'),('WSS148','p16'),('WSS15','p16'),('WSS154','p16'),('WSS158','p16'),('WSS159','p16'),('WSS161','p16'),('WSS168','p16'),('WSS170','p16'),('WSS178','p16'),('WSS181','p16'),('WSS182','p16'),('WSS194','p16'),('WSS196','p16'),('WSS199','p16'),('WSS200','p16'),('WSS203','p16'),('WSS204','p16'),('WSS208','p16'),('WSS209','p16'),('WSS210','p16'),('WSS215','p16'),('WSS217','p16'),('WSS219','p16'),('WSS223','p16'),('WSS23','p16'),('WSS231','p16'),('WSS234','p16'),('WSS241','p16'),('WSS254','p16'),('WSS255','p16'),('WSS259','p16'),('WSS273','p16'),('WSS274','p16'),('WSS275','p16'),('WSS278','p16'),('WSS281','p16'),('WSS282','p16'),('WSS286','p16'),('WSS290','p16'),('WSS295','p16'),('WSS299','p16'),('WSS304','p16'),('WSS31','p16'),('WSS314','p16'),('WSS315','p16'),('WSS318','p16'),('WSS327','p16'),('WSS328','p16'),('WSS329','p16'),('WSS33','p16'),('WSS332','p16'),('WSS333','p16'),('WSS337','p16'),('WSS344','p16'),('WSS349','p16'),('WSS355','p16'),('WSS357','p16'),('WSS358','p16'),('WSS36','p16'),('WSS360','p16'),('WSS362','p16'),('WSS364','p16'),('WSS383','p16'),('WSS384','p16'),('WSS386','p16'),('WSS387','p16'),('WSS39','p16'),('WSS392','p16'),('WSS393','p16'),('WSS396','p16'),('WSS397','p16'),('WSS417','p16'),('WSS418','p16'),('WSS421','p16'),('WSS422','p16'),('WSS43','p16'),('WSS432','p16'),('WSS434','p16'),('WSS439','p16'),('WSS440','p16'),('WSS445','p16'),('WSS446','p16'),('WSS447','p16'),('WSS456','p16'),('WSS462','p16'),('WSS464','p16'),('WSS473','p16'),('WSS475','p16'),('WSS477','p16'),('WSS479','p16'),('WSS481','p16'),('WSS483','p16'),('WSS484','p16'),('WSS49','p16'),('WSS490','p16'),('WSS493','p16'),('WSS494','p16'),('WSS497','p16'),('WSS50','p16'),('WSS55','p16'),('WSS62','p16'),('WSS69','p16'),('WSS72','p16'),('WSS73','p16'),('WSS8','p16'),('WSS80','p16'),('WSS82','p16'),('WSS83','p16'),('WSS89','p16'),('WSS90','p16'),('WSS93','p16'),('WSS96','p16'),('WSS98','p16'),('WSS10','p17'),('WSS102','p17'),('WSS104','p17'),('WSS107','p17'),('WSS108','p17'),('WSS110','p17'),('WSS122','p17'),('WSS126','p17'),('WSS128','p17'),('WSS129','p17'),('WSS133','p17'),('WSS139','p17'),('WSS144','p17'),('WSS147','p17'),('WSS153','p17'),('WSS154','p17'),('WSS157','p17'),('WSS16','p17'),('WSS161','p17'),('WSS163','p17'),('WSS165','p17'),('WSS171','p17'),('WSS172','p17'),('WSS188','p17'),('WSS212','p17'),('WSS213','p17'),('WSS217','p17'),('WSS22','p17'),('WSS222','p17'),('WSS225','p17'),('WSS226','p17'),('WSS230','p17'),('WSS232','p17'),('WSS234','p17'),('WSS236','p17'),('WSS238','p17'),('WSS242','p17'),('WSS244','p17'),('WSS245','p17'),('WSS248','p17'),('WSS249','p17'),('WSS254','p17'),('WSS255','p17'),('WSS272','p17'),('WSS275','p17'),('WSS28','p17'),('WSS281','p17'),('WSS282','p17'),('WSS283','p17'),('WSS288','p17'),('WSS29','p17'),('WSS3','p17'),('WSS30','p17'),('WSS300','p17'),('WSS305','p17'),('WSS307','p17'),('WSS308','p17'),('WSS312','p17'),('WSS314','p17'),('WSS323','p17'),('WSS33','p17'),('WSS34','p17'),('WSS342','p17'),('WSS343','p17'),('WSS349','p17'),('WSS35','p17'),('WSS361','p17'),('WSS362','p17'),('WSS363','p17'),('WSS365','p17'),('WSS366','p17'),('WSS367','p17'),('WSS368','p17'),('WSS372','p17'),('WSS378','p17'),('WSS382','p17'),('WSS389','p17'),('WSS39','p17'),('WSS390','p17'),('WSS396','p17'),('WSS403','p17'),('WSS404','p17'),('WSS406','p17'),('WSS41','p17'),('WSS430','p17'),('WSS44','p17'),('WSS448','p17'),('WSS449','p17'),('WSS45','p17'),('WSS451','p17'),('WSS454','p17'),('WSS456','p17'),('WSS465','p17'),('WSS477','p17'),('WSS480','p17'),('WSS498','p17'),('WSS499','p17'),('WSS51','p17'),('WSS55','p17'),('WSS57','p17'),('WSS61','p17'),('WSS63','p17'),('WSS64','p17'),('WSS65','p17'),('WSS68','p17'),('WSS69','p17'),('WSS70','p17'),('WSS88','p17'),('WSS90','p17'),('WSS93','p17'),('WSS97','p17'),('WSS98','p17'),('WSS1','p18'),('WSS102','p18'),('WSS104','p18'),('WSS106','p18'),('WSS113','p18'),('WSS114','p18'),('WSS118','p18'),('WSS125','p18'),('WSS131','p18'),('WSS132','p18'),('WSS137','p18'),('WSS142','p18'),('WSS148','p18'),('WSS152','p18'),('WSS155','p18'),('WSS156','p18'),('WSS164','p18'),('WSS166','p18'),('WSS174','p18'),('WSS18','p18'),('WSS19','p18'),('WSS192','p18'),('WSS195','p18'),('WSS2','p18'),('WSS201','p18'),('WSS21','p18'),('WSS210','p18'),('WSS211','p18'),('WSS215','p18'),('WSS217','p18'),('WSS218','p18'),('WSS221','p18'),('WSS224','p18'),('WSS227','p18'),('WSS229','p18'),('WSS232','p18'),('WSS233','p18'),('WSS238','p18'),('WSS241','p18'),('WSS247','p18'),('WSS249','p18'),('WSS253','p18'),('WSS257','p18'),('WSS259','p18'),('WSS261','p18'),('WSS264','p18'),('WSS265','p18'),('WSS269','p18'),('WSS272','p18'),('WSS279','p18'),('WSS283','p18'),('WSS288','p18'),('WSS290','p18'),('WSS297','p18'),('WSS303','p18'),('WSS312','p18'),('WSS316','p18'),('WSS317','p18'),('WSS318','p18'),('WSS320','p18'),('WSS324','p18'),('WSS328','p18'),('WSS335','p18'),('WSS34','p18'),('WSS345','p18'),('WSS346','p18'),('WSS350','p18'),('WSS356','p18'),('WSS358','p18'),('WSS36','p18'),('WSS361','p18'),('WSS363','p18'),('WSS371','p18'),('WSS374','p18'),('WSS375','p18'),('WSS376','p18'),('WSS378','p18'),('WSS379','p18'),('WSS38','p18'),('WSS381','p18'),('WSS397','p18'),('WSS401','p18'),('WSS408','p18'),('WSS41','p18'),('WSS410','p18'),('WSS420','p18'),('WSS421','p18'),('WSS427','p18'),('WSS432','p18'),('WSS434','p18'),('WSS435','p18'),('WSS456','p18'),('WSS459','p18'),('WSS46','p18'),('WSS466','p18'),('WSS479','p18'),('WSS482','p18'),('WSS490','p18'),('WSS492','p18'),('WSS495','p18'),('WSS498','p18'),('WSS52','p18'),('WSS53','p18'),('WSS57','p18'),('WSS59','p18'),('WSS60','p18'),('WSS67','p18'),('WSS71','p18'),('WSS80','p18'),('WSS82','p18'),('WSS87','p18'),('WSS91','p18'),('WSS1','p19'),('WSS103','p19'),('WSS107','p19'),('WSS108','p19'),('WSS115','p19'),('WSS118','p19'),('WSS120','p19'),('WSS121','p19'),('WSS125','p19'),('WSS135','p19'),('WSS142','p19'),('WSS143','p19'),('WSS15','p19'),('WSS152','p19'),('WSS153','p19'),('WSS157','p19'),('WSS158','p19'),('WSS16','p19'),('WSS164','p19'),('WSS166','p19'),('WSS168','p19'),('WSS175','p19'),('WSS186','p19'),('WSS187','p19'),('WSS19','p19'),('WSS190','p19'),('WSS191','p19'),('WSS193','p19'),('WSS194','p19'),('WSS206','p19'),('WSS207','p19'),('WSS209','p19'),('WSS215','p19'),('WSS216','p19'),('WSS218','p19'),('WSS22','p19'),('WSS220','p19'),('WSS222','p19'),('WSS226','p19'),('WSS227','p19'),('WSS228','p19'),('WSS233','p19'),('WSS234','p19'),('WSS235','p19'),('WSS244','p19'),('WSS245','p19'),('WSS248','p19'),('WSS25','p19'),('WSS256','p19'),('WSS258','p19'),('WSS259','p19'),('WSS260','p19'),('WSS262','p19'),('WSS27','p19'),('WSS279','p19'),('WSS28','p19'),('WSS284','p19'),('WSS300','p19'),('WSS302','p19'),('WSS304','p19'),('WSS31','p19'),('WSS313','p19'),('WSS316','p19'),('WSS32','p19'),('WSS320','p19'),('WSS326','p19'),('WSS328','p19'),('WSS329','p19'),('WSS33','p19'),('WSS331','p19'),('WSS332','p19'),('WSS347','p19'),('WSS348','p19'),('WSS350','p19'),('WSS354','p19'),('WSS368','p19'),('WSS375','p19'),('WSS379','p19'),('WSS380','p19'),('WSS383','p19'),('WSS387','p19'),('WSS4','p19'),('WSS404','p19'),('WSS405','p19'),('WSS411','p19'),('WSS420','p19'),('WSS421','p19'),('WSS422','p19'),('WSS425','p19'),('WSS426','p19'),('WSS427','p19'),('WSS43','p19'),('WSS434','p19'),('WSS437','p19'),('WSS443','p19'),('WSS450','p19'),('WSS454','p19'),('WSS463','p19'),('WSS464','p19'),('WSS465','p19'),('WSS471','p19'),('WSS473','p19'),('WSS476','p19'),('WSS478','p19'),('WSS480','p19'),('WSS481','p19'),('WSS485','p19'),('WSS486','p19'),('WSS488','p19'),('WSS491','p19'),('WSS493','p19'),('WSS496','p19'),('WSS499','p19'),('WSS5','p19'),('WSS500','p19'),('WSS53','p19'),('WSS57','p19'),('WSS63','p19'),('WSS7','p19'),('WSS70','p19'),('WSS83','p19'),('WSS90','p19'),('WSS92','p19'),('WSS101','p2'),('WSS11','p2'),('WSS116','p2'),('WSS117','p2'),('WSS120','p2'),('WSS124','p2'),('WSS125','p2'),('WSS129','p2'),('WSS130','p2'),('WSS140','p2'),('WSS144','p2'),('WSS151','p2'),('WSS155','p2'),('WSS157','p2'),('WSS159','p2'),('WSS167','p2'),('WSS172','p2'),('WSS176','p2'),('WSS177','p2'),('WSS179','p2'),('WSS18','p2'),('WSS180','p2'),('WSS181','p2'),('WSS185','p2'),('WSS191','p2'),('WSS193','p2'),('WSS195','p2'),('WSS203','p2'),('WSS204','p2'),('WSS205','p2'),('WSS209','p2'),('WSS210','p2'),('WSS217','p2'),('WSS22','p2'),('WSS221','p2'),('WSS223','p2'),('WSS225','p2'),('WSS238','p2'),('WSS242','p2'),('WSS243','p2'),('WSS246','p2'),('WSS257','p2'),('WSS258','p2'),('WSS259','p2'),('WSS261','p2'),('WSS263','p2'),('WSS264','p2'),('WSS277','p2'),('WSS278','p2'),('WSS284','p2'),('WSS289','p2'),('WSS292','p2'),('WSS294','p2'),('WSS302','p2'),('WSS303','p2'),('WSS307','p2'),('WSS310','p2'),('WSS312','p2'),('WSS317','p2'),('WSS318','p2'),('WSS325','p2'),('WSS331','p2'),('WSS332','p2'),('WSS338','p2'),('WSS343','p2'),('WSS345','p2'),('WSS356','p2'),('WSS357','p2'),('WSS358','p2'),('WSS361','p2'),('WSS365','p2'),('WSS37','p2'),('WSS372','p2'),('WSS375','p2'),('WSS376','p2'),('WSS379','p2'),('WSS384','p2'),('WSS385','p2'),('WSS387','p2'),('WSS393','p2'),('WSS394','p2'),('WSS399','p2'),('WSS401','p2'),('WSS407','p2'),('WSS422','p2'),('WSS425','p2'),('WSS427','p2'),('WSS429','p2'),('WSS438','p2'),('WSS440','p2'),('WSS449','p2'),('WSS450','p2'),('WSS452','p2'),('WSS457','p2'),('WSS463','p2'),('WSS467','p2'),('WSS471','p2'),('WSS474','p2'),('WSS479','p2'),('WSS48','p2'),('WSS488','p2'),('WSS490','p2'),('WSS492','p2'),('WSS496','p2'),('WSS55','p2'),('WSS56','p2'),('WSS58','p2'),('WSS66','p2'),('WSS68','p2'),('WSS8','p2'),('WSS80','p2'),('WSS81','p2'),('WSS89','p2'),('WSS1','p20'),('WSS10','p20'),('WSS101','p20'),('WSS103','p20'),('WSS104','p20'),('WSS106','p20'),('WSS11','p20'),('WSS12','p20'),('WSS125','p20'),('WSS126','p20'),('WSS127','p20'),('WSS130','p20'),('WSS134','p20'),('WSS14','p20'),('WSS141','p20'),('WSS146','p20'),('WSS148','p20'),('WSS150','p20'),('WSS158','p20'),('WSS159','p20'),('WSS16','p20'),('WSS165','p20'),('WSS17','p20'),('WSS173','p20'),('WSS174','p20'),('WSS175','p20'),('WSS184','p20'),('WSS187','p20'),('WSS188','p20'),('WSS19','p20'),('WSS190','p20'),('WSS195','p20'),('WSS20','p20'),('WSS200','p20'),('WSS203','p20'),('WSS209','p20'),('WSS216','p20'),('WSS218','p20'),('WSS219','p20'),('WSS227','p20'),('WSS234','p20'),('WSS237','p20'),('WSS239','p20'),('WSS24','p20'),('WSS242','p20'),('WSS243','p20'),('WSS246','p20'),('WSS251','p20'),('WSS253','p20'),('WSS256','p20'),('WSS26','p20'),('WSS262','p20'),('WSS263','p20'),('WSS282','p20'),('WSS289','p20'),('WSS292','p20'),('WSS294','p20'),('WSS297','p20'),('WSS301','p20'),('WSS304','p20'),('WSS308','p20'),('WSS31','p20'),('WSS319','p20'),('WSS327','p20'),('WSS329','p20'),('WSS33','p20'),('WSS337','p20'),('WSS338','p20'),('WSS339','p20'),('WSS344','p20'),('WSS347','p20'),('WSS35','p20'),('WSS354','p20'),('WSS357','p20'),('WSS363','p20'),('WSS369','p20'),('WSS382','p20'),('WSS383','p20'),('WSS39','p20'),('WSS390','p20'),('WSS391','p20'),('WSS394','p20'),('WSS396','p20'),('WSS399','p20'),('WSS405','p20'),('WSS406','p20'),('WSS408','p20'),('WSS413','p20'),('WSS417','p20'),('WSS42','p20'),('WSS423','p20'),('WSS424','p20'),('WSS43','p20'),('WSS431','p20'),('WSS436','p20'),('WSS44','p20'),('WSS441','p20'),('WSS445','p20'),('WSS45','p20'),('WSS452','p20'),('WSS459','p20'),('WSS46','p20'),('WSS470','p20'),('WSS474','p20'),('WSS478','p20'),('WSS479','p20'),('WSS482','p20'),('WSS484','p20'),('WSS485','p20'),('WSS495','p20'),('WSS5','p20'),('WSS58','p20'),('WSS68','p20'),('WSS70','p20'),('WSS81','p20'),('WSS84','p20'),('WSS85','p20'),('WSS88','p20'),('WSS9','p20'),('WSS93','p20'),('WSS95','p20'),('WSS97','p20'),('WSS111','p21'),('WSS114','p21'),('WSS124','p21'),('WSS13','p21'),('WSS133','p21'),('WSS137','p21'),('WSS14','p21'),('WSS141','p21'),('WSS150','p21'),('WSS152','p21'),('WSS156','p21'),('WSS157','p21'),('WSS161','p21'),('WSS163','p21'),('WSS167','p21'),('WSS170','p21'),('WSS176','p21'),('WSS181','p21'),('WSS184','p21'),('WSS186','p21'),('WSS187','p21'),('WSS188','p21'),('WSS189','p21'),('WSS19','p21'),('WSS192','p21'),('WSS197','p21'),('WSS212','p21'),('WSS214','p21'),('WSS222','p21'),('WSS23','p21'),('WSS235','p21'),('WSS238','p21'),('WSS24','p21'),('WSS242','p21'),('WSS247','p21'),('WSS249','p21'),('WSS253','p21'),('WSS255','p21'),('WSS266','p21'),('WSS267','p21'),('WSS276','p21'),('WSS284','p21'),('WSS285','p21'),('WSS298','p21'),('WSS3','p21'),('WSS310','p21'),('WSS314','p21'),('WSS319','p21'),('WSS320','p21'),('WSS323','p21'),('WSS324','p21'),('WSS326','p21'),('WSS328','p21'),('WSS340','p21'),('WSS341','p21'),('WSS342','p21'),('WSS344','p21'),('WSS345','p21'),('WSS346','p21'),('WSS361','p21'),('WSS366','p21'),('WSS369','p21'),('WSS370','p21'),('WSS372','p21'),('WSS376','p21'),('WSS377','p21'),('WSS399','p21'),('WSS400','p21'),('WSS402','p21'),('WSS404','p21'),('WSS407','p21'),('WSS411','p21'),('WSS412','p21'),('WSS414','p21'),('WSS420','p21'),('WSS425','p21'),('WSS426','p21'),('WSS429','p21'),('WSS431','p21'),('WSS441','p21'),('WSS445','p21'),('WSS447','p21'),('WSS451','p21'),('WSS455','p21'),('WSS46','p21'),('WSS463','p21'),('WSS48','p21'),('WSS480','p21'),('WSS489','p21'),('WSS49','p21'),('WSS492','p21'),('WSS494','p21'),('WSS497','p21'),('WSS500','p21'),('WSS51','p21'),('WSS52','p21'),('WSS54','p21'),('WSS58','p21'),('WSS60','p21'),('WSS65','p21'),('WSS66','p21'),('WSS67','p21'),('WSS7','p21'),('WSS73','p21'),('WSS78','p21'),('WSS83','p21'),('WSS91','p21'),('WSS95','p21'),('WSS100','p22'),('WSS101','p22'),('WSS108','p22'),('WSS110','p22'),('WSS112','p22'),('WSS113','p22'),('WSS116','p22'),('WSS12','p22'),('WSS120','p22'),('WSS125','p22'),('WSS140','p22'),('WSS153','p22'),('WSS165','p22'),('WSS172','p22'),('WSS173','p22'),('WSS177','p22'),('WSS183','p22'),('WSS196','p22'),('WSS202','p22'),('WSS206','p22'),('WSS216','p22'),('WSS217','p22'),('WSS223','p22'),('WSS224','p22'),('WSS228','p22'),('WSS229','p22'),('WSS232','p22'),('WSS239','p22'),('WSS241','p22'),('WSS243','p22'),('WSS250','p22'),('WSS253','p22'),('WSS254','p22'),('WSS256','p22'),('WSS261','p22'),('WSS262','p22'),('WSS265','p22'),('WSS270','p22'),('WSS271','p22'),('WSS289','p22'),('WSS29','p22'),('WSS291','p22'),('WSS292','p22'),('WSS294','p22'),('WSS295','p22'),('WSS296','p22'),('WSS298','p22'),('WSS299','p22'),('WSS3','p22'),('WSS30','p22'),('WSS306','p22'),('WSS311','p22'),('WSS312','p22'),('WSS320','p22'),('WSS324','p22'),('WSS328','p22'),('WSS331','p22'),('WSS335','p22'),('WSS336','p22'),('WSS337','p22'),('WSS338','p22'),('WSS346','p22'),('WSS349','p22'),('WSS350','p22'),('WSS354','p22'),('WSS355','p22'),('WSS359','p22'),('WSS36','p22'),('WSS368','p22'),('WSS374','p22'),('WSS377','p22'),('WSS380','p22'),('WSS388','p22'),('WSS392','p22'),('WSS398','p22'),('WSS399','p22'),('WSS4','p22'),('WSS401','p22'),('WSS402','p22'),('WSS403','p22'),('WSS409','p22'),('WSS411','p22'),('WSS417','p22'),('WSS420','p22'),('WSS421','p22'),('WSS424','p22'),('WSS430','p22'),('WSS431','p22'),('WSS439','p22'),('WSS442','p22'),('WSS457','p22'),('WSS459','p22'),('WSS461','p22'),('WSS468','p22'),('WSS469','p22'),('WSS47','p22'),('WSS478','p22'),('WSS479','p22'),('WSS492','p22'),('WSS497','p22'),('WSS498','p22'),('WSS50','p22'),('WSS54','p22'),('WSS56','p22'),('WSS64','p22'),('WSS66','p22'),('WSS68','p22'),('WSS71','p22'),('WSS72','p22'),('WSS73','p22'),('WSS76','p22'),('WSS89','p22'),('WSS102','p23'),('WSS103','p23'),('WSS107','p23'),('WSS118','p23'),('WSS122','p23'),('WSS127','p23'),('WSS129','p23'),('WSS13','p23'),('WSS137','p23'),('WSS138','p23'),('WSS139','p23'),('WSS14','p23'),('WSS141','p23'),('WSS144','p23'),('WSS147','p23'),('WSS153','p23'),('WSS159','p23'),('WSS160','p23'),('WSS164','p23'),('WSS169','p23'),('WSS17','p23'),('WSS170','p23'),('WSS173','p23'),('WSS174','p23'),('WSS179','p23'),('WSS185','p23'),('WSS193','p23'),('WSS198','p23'),('WSS202','p23'),('WSS207','p23'),('WSS211','p23'),('WSS218','p23'),('WSS226','p23'),('WSS230','p23'),('WSS235','p23'),('WSS236','p23'),('WSS24','p23'),('WSS240','p23'),('WSS252','p23'),('WSS260','p23'),('WSS261','p23'),('WSS266','p23'),('WSS267','p23'),('WSS271','p23'),('WSS273','p23'),('WSS278','p23'),('WSS283','p23'),('WSS285','p23'),('WSS287','p23'),('WSS293','p23'),('WSS294','p23'),('WSS297','p23'),('WSS298','p23'),('WSS30','p23'),('WSS31','p23'),('WSS310','p23'),('WSS315','p23'),('WSS316','p23'),('WSS324','p23'),('WSS327','p23'),('WSS331','p23'),('WSS334','p23'),('WSS335','p23'),('WSS34','p23'),('WSS348','p23'),('WSS358','p23'),('WSS359','p23'),('WSS36','p23'),('WSS367','p23'),('WSS37','p23'),('WSS374','p23'),('WSS376','p23'),('WSS389','p23'),('WSS395','p23'),('WSS396','p23'),('WSS406','p23'),('WSS407','p23'),('WSS413','p23'),('WSS415','p23'),('WSS416','p23'),('WSS422','p23'),('WSS423','p23'),('WSS426','p23'),('WSS427','p23'),('WSS429','p23'),('WSS434','p23'),('WSS435','p23'),('WSS436','p23'),('WSS442','p23'),('WSS444','p23'),('WSS454','p23'),('WSS456','p23'),('WSS457','p23'),('WSS46','p23'),('WSS462','p23'),('WSS466','p23'),('WSS467','p23'),('WSS471','p23'),('WSS472','p23'),('WSS473','p23'),('WSS475','p23'),('WSS481','p23'),('WSS483','p23'),('WSS495','p23'),('WSS499','p23'),('WSS500','p23'),('WSS52','p23'),('WSS53','p23'),('WSS54','p23'),('WSS67','p23'),('WSS69','p23'),('WSS72','p23'),('WSS74','p23'),('WSS77','p23'),('WSS78','p23'),('WSS8','p23'),('WSS82','p23'),('WSS83','p23'),('WSS86','p23'),('WSS95','p23'),('WSS103','p24'),('WSS116','p24'),('WSS118','p24'),('WSS119','p24'),('WSS128','p24'),('WSS13','p24'),('WSS130','p24'),('WSS135','p24'),('WSS147','p24'),('WSS164','p24'),('WSS166','p24'),('WSS186','p24'),('WSS192','p24'),('WSS197','p24'),('WSS199','p24'),('WSS2','p24'),('WSS207','p24'),('WSS208','p24'),('WSS210','p24'),('WSS213','p24'),('WSS214','p24'),('WSS216','p24'),('WSS218','p24'),('WSS219','p24'),('WSS225','p24'),('WSS226','p24'),('WSS229','p24'),('WSS237','p24'),('WSS246','p24'),('WSS250','p24'),('WSS255','p24'),('WSS256','p24'),('WSS258','p24'),('WSS26','p24'),('WSS270','p24'),('WSS276','p24'),('WSS277','p24'),('WSS279','p24'),('WSS280','p24'),('WSS283','p24'),('WSS287','p24'),('WSS291','p24'),('WSS293','p24'),('WSS298','p24'),('WSS3','p24'),('WSS300','p24'),('WSS305','p24'),('WSS31','p24'),('WSS327','p24'),('WSS328','p24'),('WSS33','p24'),('WSS330','p24'),('WSS334','p24'),('WSS34','p24'),('WSS341','p24'),('WSS344','p24'),('WSS347','p24'),('WSS351','p24'),('WSS353','p24'),('WSS355','p24'),('WSS362','p24'),('WSS366','p24'),('WSS368','p24'),('WSS369','p24'),('WSS378','p24'),('WSS381','p24'),('WSS385','p24'),('WSS387','p24'),('WSS388','p24'),('WSS389','p24'),('WSS400','p24'),('WSS402','p24'),('WSS413','p24'),('WSS415','p24'),('WSS419','p24'),('WSS422','p24'),('WSS428','p24'),('WSS432','p24'),('WSS437','p24'),('WSS445','p24'),('WSS446','p24'),('WSS45','p24'),('WSS453','p24'),('WSS457','p24'),('WSS460','p24'),('WSS468','p24'),('WSS473','p24'),('WSS48','p24'),('WSS487','p24'),('WSS491','p24'),('WSS492','p24'),('WSS5','p24'),('WSS500','p24'),('WSS55','p24'),('WSS6','p24'),('WSS61','p24'),('WSS62','p24'),('WSS64','p24'),('WSS65','p24'),('WSS68','p24'),('WSS74','p24'),('WSS79','p24'),('WSS80','p24'),('WSS83','p24'),('WSS86','p24'),('WSS87','p24'),('WSS91','p24'),('WSS93','p24'),('WSS97','p24'),('WSS98','p24'),('WSS109','p25'),('WSS11','p25'),('WSS112','p25'),('WSS113','p25'),('WSS12','p25'),('WSS122','p25'),('WSS123','p25'),('WSS126','p25'),('WSS132','p25'),('WSS133','p25'),('WSS139','p25'),('WSS140','p25'),('WSS142','p25'),('WSS147','p25'),('WSS150','p25'),('WSS151','p25'),('WSS162','p25'),('WSS169','p25'),('WSS171','p25'),('WSS173','p25'),('WSS175','p25'),('WSS179','p25'),('WSS180','p25'),('WSS181','p25'),('WSS188','p25'),('WSS190','p25'),('WSS191','p25'),('WSS194','p25'),('WSS202','p25'),('WSS206','p25'),('WSS220','p25'),('WSS224','p25'),('WSS228','p25'),('WSS23','p25'),('WSS236','p25'),('WSS237','p25'),('WSS240','p25'),('WSS243','p25'),('WSS246','p25'),('WSS249','p25'),('WSS25','p25'),('WSS251','p25'),('WSS263','p25'),('WSS265','p25'),('WSS268','p25'),('WSS269','p25'),('WSS275','p25'),('WSS281','p25'),('WSS286','p25'),('WSS287','p25'),('WSS293','p25'),('WSS298','p25'),('WSS30','p25'),('WSS302','p25'),('WSS306','p25'),('WSS308','p25'),('WSS309','p25'),('WSS311','p25'),('WSS319','p25'),('WSS32','p25'),('WSS320','p25'),('WSS325','p25'),('WSS326','p25'),('WSS328','p25'),('WSS329','p25'),('WSS335','p25'),('WSS336','p25'),('WSS339','p25'),('WSS34','p25'),('WSS340','p25'),('WSS341','p25'),('WSS342','p25'),('WSS35','p25'),('WSS353','p25'),('WSS355','p25'),('WSS363','p25'),('WSS365','p25'),('WSS369','p25'),('WSS370','p25'),('WSS378','p25'),('WSS381','p25'),('WSS382','p25'),('WSS388','p25'),('WSS392','p25'),('WSS395','p25'),('WSS400','p25'),('WSS401','p25'),('WSS404','p25'),('WSS405','p25'),('WSS409','p25'),('WSS412','p25'),('WSS419','p25'),('WSS420','p25'),('WSS426','p25'),('WSS433','p25'),('WSS437','p25'),('WSS438','p25'),('WSS443','p25'),('WSS446','p25'),('WSS447','p25'),('WSS448','p25'),('WSS451','p25'),('WSS453','p25'),('WSS454','p25'),('WSS460','p25'),('WSS465','p25'),('WSS470','p25'),('WSS479','p25'),('WSS481','p25'),('WSS483','p25'),('WSS491','p25'),('WSS493','p25'),('WSS496','p25'),('WSS498','p25'),('WSS50','p25'),('WSS51','p25'),('WSS53','p25'),('WSS55','p25'),('WSS64','p25'),('WSS66','p25'),('WSS69','p25'),('WSS7','p25'),('WSS73','p25'),('WSS76','p25'),('WSS77','p25'),('WSS78','p25'),('WSS79','p25'),('WSS9','p25'),('WSS92','p25'),('WSS94','p25'),('WSS96','p25'),('WSS99','p25'),('WSS1','p26'),('WSS101','p26'),('WSS102','p26'),('WSS103','p26'),('WSS107','p26'),('WSS108','p26'),('WSS110','p26'),('WSS115','p26'),('WSS116','p26'),('WSS119','p26'),('WSS131','p26'),('WSS132','p26'),('WSS133','p26'),('WSS134','p26'),('WSS138','p26'),('WSS142','p26'),('WSS145','p26'),('WSS147','p26'),('WSS149','p26'),('WSS151','p26'),('WSS152','p26'),('WSS153','p26'),('WSS156','p26'),('WSS158','p26'),('WSS16','p26'),('WSS169','p26'),('WSS17','p26'),('WSS171','p26'),('WSS172','p26'),('WSS174','p26'),('WSS175','p26'),('WSS176','p26'),('WSS178','p26'),('WSS189','p26'),('WSS19','p26'),('WSS197','p26'),('WSS2','p26'),('WSS203','p26'),('WSS205','p26'),('WSS208','p26'),('WSS211','p26'),('WSS220','p26'),('WSS226','p26'),('WSS227','p26'),('WSS23','p26'),('WSS231','p26'),('WSS235','p26'),('WSS239','p26'),('WSS245','p26'),('WSS257','p26'),('WSS260','p26'),('WSS262','p26'),('WSS263','p26'),('WSS268','p26'),('WSS271','p26'),('WSS272','p26'),('WSS274','p26'),('WSS277','p26'),('WSS286','p26'),('WSS288','p26'),('WSS289','p26'),('WSS299','p26'),('WSS300','p26'),('WSS305','p26'),('WSS308','p26'),('WSS312','p26'),('WSS314','p26'),('WSS315','p26'),('WSS317','p26'),('WSS323','p26'),('WSS324','p26'),('WSS326','p26'),('WSS330','p26'),('WSS334','p26'),('WSS339','p26'),('WSS340','p26'),('WSS341','p26'),('WSS345','p26'),('WSS346','p26'),('WSS348','p26'),('WSS35','p26'),('WSS352','p26'),('WSS359','p26'),('WSS369','p26'),('WSS370','p26'),('WSS371','p26'),('WSS374','p26'),('WSS380','p26'),('WSS386','p26'),('WSS389','p26'),('WSS400','p26'),('WSS401','p26'),('WSS408','p26'),('WSS412','p26'),('WSS414','p26'),('WSS416','p26'),('WSS419','p26'),('WSS42','p26'),('WSS420','p26'),('WSS427','p26'),('WSS430','p26'),('WSS435','p26'),('WSS440','p26'),('WSS446','p26'),('WSS449','p26'),('WSS459','p26'),('WSS46','p26'),('WSS461','p26'),('WSS464','p26'),('WSS465','p26'),('WSS467','p26'),('WSS48','p26'),('WSS480','p26'),('WSS485','p26'),('WSS488','p26'),('WSS490','p26'),('WSS491','p26'),('WSS500','p26'),('WSS51','p26'),('WSS59','p26'),('WSS60','p26'),('WSS65','p26'),('WSS7','p26'),('WSS75','p26'),('WSS78','p26'),('WSS80','p26'),('WSS81','p26'),('WSS82','p26'),('WSS85','p26'),('WSS90','p26'),('WSS91','p26'),('WSS92','p26'),('WSS93','p26'),('WSS95','p26'),('WSS1','p27'),('WSS110','p27'),('WSS116','p27'),('WSS119','p27'),('WSS120','p27'),('WSS121','p27'),('WSS122','p27'),('WSS144','p27'),('WSS154','p27'),('WSS16','p27'),('WSS162','p27'),('WSS165','p27'),('WSS166','p27'),('WSS168','p27'),('WSS172','p27'),('WSS177','p27'),('WSS185','p27'),('WSS190','p27'),('WSS192','p27'),('WSS199','p27'),('WSS200','p27'),('WSS207','p27'),('WSS21','p27'),('WSS211','p27'),('WSS214','p27'),('WSS22','p27'),('WSS223','p27'),('WSS224','p27'),('WSS225','p27'),('WSS227','p27'),('WSS231','p27'),('WSS232','p27'),('WSS238','p27'),('WSS246','p27'),('WSS249','p27'),('WSS25','p27'),('WSS257','p27'),('WSS260','p27'),('WSS266','p27'),('WSS273','p27'),('WSS276','p27'),('WSS283','p27'),('WSS285','p27'),('WSS293','p27'),('WSS297','p27'),('WSS3','p27'),('WSS305','p27'),('WSS309','p27'),('WSS315','p27'),('WSS317','p27'),('WSS319','p27'),('WSS322','p27'),('WSS326','p27'),('WSS329','p27'),('WSS331','p27'),('WSS332','p27'),('WSS336','p27'),('WSS342','p27'),('WSS343','p27'),('WSS345','p27'),('WSS350','p27'),('WSS352','p27'),('WSS353','p27'),('WSS354','p27'),('WSS36','p27'),('WSS360','p27'),('WSS366','p27'),('WSS375','p27'),('WSS38','p27'),('WSS387','p27'),('WSS390','p27'),('WSS403','p27'),('WSS409','p27'),('WSS41','p27'),('WSS414','p27'),('WSS416','p27'),('WSS433','p27'),('WSS436','p27'),('WSS437','p27'),('WSS438','p27'),('WSS446','p27'),('WSS452','p27'),('WSS455','p27'),('WSS457','p27'),('WSS464','p27'),('WSS468','p27'),('WSS469','p27'),('WSS471','p27'),('WSS48','p27'),('WSS482','p27'),('WSS483','p27'),('WSS489','p27'),('WSS49','p27'),('WSS495','p27'),('WSS499','p27'),('WSS50','p27'),('WSS56','p27'),('WSS57','p27'),('WSS6','p27'),('WSS61','p27'),('WSS66','p27'),('WSS8','p27'),('WSS86','p27'),('WSS92','p27'),('WSS97','p27'),('WSS98','p27'),('WSS99','p27'),('WSS10','p28'),('WSS100','p28'),('WSS106','p28'),('WSS108','p28'),('WSS12','p28'),('WSS123','p28'),('WSS124','p28'),('WSS127','p28'),('WSS135','p28'),('WSS136','p28'),('WSS138','p28'),('WSS14','p28'),('WSS140','p28'),('WSS143','p28'),('WSS145','p28'),('WSS146','p28'),('WSS148','p28'),('WSS149','p28'),('WSS150','p28'),('WSS17','p28'),('WSS173','p28'),('WSS177','p28'),('WSS18','p28'),('WSS186','p28'),('WSS187','p28'),('WSS189','p28'),('WSS195','p28'),('WSS20','p28'),('WSS201','p28'),('WSS203','p28'),('WSS21','p28'),('WSS211','p28'),('WSS214','p28'),('WSS215','p28'),('WSS222','p28'),('WSS232','p28'),('WSS247','p28'),('WSS248','p28'),('WSS251','p28'),('WSS253','p28'),('WSS263','p28'),('WSS264','p28'),('WSS269','p28'),('WSS270','p28'),('WSS279','p28'),('WSS280','p28'),('WSS282','p28'),('WSS298','p28'),('WSS304','p28'),('WSS310','p28'),('WSS313','p28'),('WSS314','p28'),('WSS315','p28'),('WSS326','p28'),('WSS331','p28'),('WSS337','p28'),('WSS339','p28'),('WSS342','p28'),('WSS351','p28'),('WSS353','p28'),('WSS359','p28'),('WSS36','p28'),('WSS361','p28'),('WSS367','p28'),('WSS371','p28'),('WSS377','p28'),('WSS399','p28'),('WSS40','p28'),('WSS401','p28'),('WSS410','p28'),('WSS411','p28'),('WSS417','p28'),('WSS418','p28'),('WSS419','p28'),('WSS422','p28'),('WSS423','p28'),('WSS441','p28'),('WSS446','p28'),('WSS447','p28'),('WSS449','p28'),('WSS450','p28'),('WSS451','p28'),('WSS457','p28'),('WSS461','p28'),('WSS466','p28'),('WSS468','p28'),('WSS469','p28'),('WSS47','p28'),('WSS475','p28'),('WSS476','p28'),('WSS477','p28'),('WSS487','p28'),('WSS489','p28'),('WSS493','p28'),('WSS52','p28'),('WSS57','p28'),('WSS63','p28'),('WSS65','p28'),('WSS71','p28'),('WSS73','p28'),('WSS79','p28'),('WSS87','p28'),('WSS88','p28'),('WSS94','p28'),('WSS100','p29'),('WSS101','p29'),('WSS102','p29'),('WSS110','p29'),('WSS115','p29'),('WSS117','p29'),('WSS121','p29'),('WSS124','p29'),('WSS125','p29'),('WSS127','p29'),('WSS129','p29'),('WSS13','p29'),('WSS131','p29'),('WSS138','p29'),('WSS142','p29'),('WSS143','p29'),('WSS144','p29'),('WSS146','p29'),('WSS152','p29'),('WSS157','p29'),('WSS16','p29'),('WSS160','p29'),('WSS172','p29'),('WSS173','p29'),('WSS175','p29'),('WSS176','p29'),('WSS18','p29'),('WSS183','p29'),('WSS186','p29'),('WSS190','p29'),('WSS192','p29'),('WSS195','p29'),('WSS196','p29'),('WSS198','p29'),('WSS203','p29'),('WSS204','p29'),('WSS209','p29'),('WSS214','p29'),('WSS216','p29'),('WSS221','p29'),('WSS229','p29'),('WSS230','p29'),('WSS234','p29'),('WSS236','p29'),('WSS242','p29'),('WSS248','p29'),('WSS25','p29'),('WSS250','p29'),('WSS26','p29'),('WSS260','p29'),('WSS263','p29'),('WSS268','p29'),('WSS28','p29'),('WSS282','p29'),('WSS284','p29'),('WSS29','p29'),('WSS291','p29'),('WSS292','p29'),('WSS296','p29'),('WSS301','p29'),('WSS307','p29'),('WSS31','p29'),('WSS314','p29'),('WSS315','p29'),('WSS317','p29'),('WSS319','p29'),('WSS320','p29'),('WSS321','p29'),('WSS336','p29'),('WSS338','p29'),('WSS341','p29'),('WSS346','p29'),('WSS35','p29'),('WSS351','p29'),('WSS352','p29'),('WSS357','p29'),('WSS360','p29'),('WSS37','p29'),('WSS384','p29'),('WSS388','p29'),('WSS397','p29'),('WSS398','p29'),('WSS408','p29'),('WSS415','p29'),('WSS416','p29'),('WSS421','p29'),('WSS430','p29'),('WSS436','p29'),('WSS439','p29'),('WSS44','p29'),('WSS441','p29'),('WSS442','p29'),('WSS443','p29'),('WSS444','p29'),('WSS445','p29'),('WSS451','p29'),('WSS460','p29'),('WSS462','p29'),('WSS467','p29'),('WSS47','p29'),('WSS472','p29'),('WSS475','p29'),('WSS478','p29'),('WSS481','p29'),('WSS486','p29'),('WSS490','p29'),('WSS496','p29'),('WSS5','p29'),('WSS52','p29'),('WSS54','p29'),('WSS60','p29'),('WSS68','p29'),('WSS75','p29'),('WSS78','p29'),('WSS8','p29'),('WSS83','p29'),('WSS86','p29'),('WSS9','p29'),('WSS96','p29'),('WSS98','p29'),('WSS104','p3'),('WSS106','p3'),('WSS107','p3'),('WSS11','p3'),('WSS110','p3'),('WSS111','p3'),('WSS119','p3'),('WSS128','p3'),('WSS13','p3'),('WSS130','p3'),('WSS133','p3'),('WSS135','p3'),('WSS139','p3'),('WSS148','p3'),('WSS154','p3'),('WSS159','p3'),('WSS171','p3'),('WSS172','p3'),('WSS173','p3'),('WSS178','p3'),('WSS180','p3'),('WSS182','p3'),('WSS188','p3'),('WSS194','p3'),('WSS195','p3'),('WSS199','p3'),('WSS200','p3'),('WSS202','p3'),('WSS210','p3'),('WSS212','p3'),('WSS219','p3'),('WSS22','p3'),('WSS225','p3'),('WSS228','p3'),('WSS230','p3'),('WSS231','p3'),('WSS241','p3'),('WSS244','p3'),('WSS251','p3'),('WSS252','p3'),('WSS257','p3'),('WSS261','p3'),('WSS264','p3'),('WSS270','p3'),('WSS273','p3'),('WSS277','p3'),('WSS28','p3'),('WSS280','p3'),('WSS281','p3'),('WSS285','p3'),('WSS286','p3'),('WSS287','p3'),('WSS288','p3'),('WSS289','p3'),('WSS290','p3'),('WSS292','p3'),('WSS293','p3'),('WSS295','p3'),('WSS296','p3'),('WSS307','p3'),('WSS312','p3'),('WSS318','p3'),('WSS322','p3'),('WSS323','p3'),('WSS325','p3'),('WSS330','p3'),('WSS332','p3'),('WSS334','p3'),('WSS338','p3'),('WSS34','p3'),('WSS340','p3'),('WSS343','p3'),('WSS348','p3'),('WSS350','p3'),('WSS36','p3'),('WSS360','p3'),('WSS364','p3'),('WSS365','p3'),('WSS375','p3'),('WSS376','p3'),('WSS38','p3'),('WSS382','p3'),('WSS386','p3'),('WSS392','p3'),('WSS399','p3'),('WSS4','p3'),('WSS401','p3'),('WSS402','p3'),('WSS403','p3'),('WSS404','p3'),('WSS405','p3'),('WSS407','p3'),('WSS408','p3'),('WSS415','p3'),('WSS419','p3'),('WSS42','p3'),('WSS421','p3'),('WSS426','p3'),('WSS430','p3'),('WSS431','p3'),('WSS439','p3'),('WSS444','p3'),('WSS451','p3'),('WSS455','p3'),('WSS459','p3'),('WSS460','p3'),('WSS461','p3'),('WSS462','p3'),('WSS469','p3'),('WSS470','p3'),('WSS473','p3'),('WSS484','p3'),('WSS486','p3'),('WSS487','p3'),('WSS491','p3'),('WSS492','p3'),('WSS494','p3'),('WSS496','p3'),('WSS54','p3'),('WSS6','p3'),('WSS61','p3'),('WSS62','p3'),('WSS64','p3'),('WSS69','p3'),('WSS74','p3'),('WSS75','p3'),('WSS76','p3'),('WSS78','p3'),('WSS8','p3'),('WSS84','p3'),('WSS9','p3'),('WSS94','p3'),('WSS95','p3'),('WSS96','p3'),('WSS10','p30'),('WSS106','p30'),('WSS109','p30'),('WSS111','p30'),('WSS114','p30'),('WSS116','p30'),('WSS117','p30'),('WSS12','p30'),('WSS124','p30'),('WSS130','p30'),('WSS131','p30'),('WSS14','p30'),('WSS140','p30'),('WSS145','p30'),('WSS147','p30'),('WSS148','p30'),('WSS149','p30'),('WSS150','p30'),('WSS152','p30'),('WSS153','p30'),('WSS155','p30'),('WSS159','p30'),('WSS162','p30'),('WSS164','p30'),('WSS167','p30'),('WSS17','p30'),('WSS171','p30'),('WSS177','p30'),('WSS18','p30'),('WSS182','p30'),('WSS183','p30'),('WSS189','p30'),('WSS193','p30'),('WSS194','p30'),('WSS2','p30'),('WSS202','p30'),('WSS203','p30'),('WSS204','p30'),('WSS205','p30'),('WSS207','p30'),('WSS208','p30'),('WSS212','p30'),('WSS213','p30'),('WSS221','p30'),('WSS233','p30'),('WSS237','p30'),('WSS24','p30'),('WSS243','p30'),('WSS256','p30'),('WSS262','p30'),('WSS265','p30'),('WSS268','p30'),('WSS269','p30'),('WSS27','p30'),('WSS284','p30'),('WSS285','p30'),('WSS286','p30'),('WSS287','p30'),('WSS290','p30'),('WSS295','p30'),('WSS296','p30'),('WSS3','p30'),('WSS304','p30'),('WSS311','p30'),('WSS316','p30'),('WSS319','p30'),('WSS321','p30'),('WSS325','p30'),('WSS332','p30'),('WSS339','p30'),('WSS340','p30'),('WSS348','p30'),('WSS351','p30'),('WSS352','p30'),('WSS354','p30'),('WSS356','p30'),('WSS36','p30'),('WSS362','p30'),('WSS363','p30'),('WSS367','p30'),('WSS37','p30'),('WSS38','p30'),('WSS381','p30'),('WSS385','p30'),('WSS39','p30'),('WSS409','p30'),('WSS410','p30'),('WSS418','p30'),('WSS427','p30'),('WSS431','p30'),('WSS432','p30'),('WSS441','p30'),('WSS444','p30'),('WSS447','p30'),('WSS448','p30'),('WSS45','p30'),('WSS451','p30'),('WSS453','p30'),('WSS457','p30'),('WSS458','p30'),('WSS464','p30'),('WSS467','p30'),('WSS469','p30'),('WSS476','p30'),('WSS48','p30'),('WSS484','p30'),('WSS488','p30'),('WSS489','p30'),('WSS491','p30'),('WSS493','p30'),('WSS494','p30'),('WSS5','p30'),('WSS53','p30'),('WSS55','p30'),('WSS56','p30'),('WSS58','p30'),('WSS70','p30'),('WSS71','p30'),('WSS74','p30'),('WSS79','p30'),('WSS81','p30'),('WSS84','p30'),('WSS89','p30'),('WSS93','p30'),('WSS94','p30'),('WSS99','p30'),('WSS1','p4'),('WSS105','p4'),('WSS107','p4'),('WSS115','p4'),('WSS119','p4'),('WSS122','p4'),('WSS126','p4'),('WSS129','p4'),('WSS139','p4'),('WSS140','p4'),('WSS145','p4'),('WSS15','p4'),('WSS167','p4'),('WSS177','p4'),('WSS178','p4'),('WSS184','p4'),('WSS189','p4'),('WSS196','p4'),('WSS197','p4'),('WSS20','p4'),('WSS200','p4'),('WSS201','p4'),('WSS205','p4'),('WSS221','p4'),('WSS222','p4'),('WSS223','p4'),('WSS227','p4'),('WSS233','p4'),('WSS239','p4'),('WSS240','p4'),('WSS243','p4'),('WSS251','p4'),('WSS252','p4'),('WSS253','p4'),('WSS254','p4'),('WSS26','p4'),('WSS265','p4'),('WSS269','p4'),('WSS270','p4'),('WSS273','p4'),('WSS275','p4'),('WSS276','p4'),('WSS28','p4'),('WSS280','p4'),('WSS297','p4'),('WSS299','p4'),('WSS3','p4'),('WSS30','p4'),('WSS300','p4'),('WSS303','p4'),('WSS310','p4'),('WSS313','p4'),('WSS32','p4'),('WSS322','p4'),('WSS332','p4'),('WSS333','p4'),('WSS343','p4'),('WSS344','p4'),('WSS348','p4'),('WSS349','p4'),('WSS353','p4'),('WSS354','p4'),('WSS363','p4'),('WSS364','p4'),('WSS366','p4'),('WSS367','p4'),('WSS371','p4'),('WSS376','p4'),('WSS377','p4'),('WSS389','p4'),('WSS391','p4'),('WSS393','p4'),('WSS394','p4'),('WSS398','p4'),('WSS399','p4'),('WSS403','p4'),('WSS407','p4'),('WSS41','p4'),('WSS411','p4'),('WSS412','p4'),('WSS416','p4'),('WSS42','p4'),('WSS433','p4'),('WSS438','p4'),('WSS442','p4'),('WSS450','p4'),('WSS452','p4'),('WSS455','p4'),('WSS458','p4'),('WSS474','p4'),('WSS476','p4'),('WSS477','p4'),('WSS481','p4'),('WSS485','p4'),('WSS487','p4'),('WSS49','p4'),('WSS495','p4'),('WSS499','p4'),('WSS53','p4'),('WSS58','p4'),('WSS60','p4'),('WSS61','p4'),('WSS62','p4'),('WSS73','p4'),('WSS74','p4'),('WSS75','p4'),('WSS80','p4'),('WSS84','p4'),('WSS89','p4'),('WSS92','p4'),('WSS108','p5'),('WSS109','p5'),('WSS114','p5'),('WSS115','p5'),('WSS116','p5'),('WSS117','p5'),('WSS126','p5'),('WSS13','p5'),('WSS133','p5'),('WSS136','p5'),('WSS137','p5'),('WSS138','p5'),('WSS144','p5'),('WSS146','p5'),('WSS151','p5'),('WSS153','p5'),('WSS156','p5'),('WSS161','p5'),('WSS166','p5'),('WSS180','p5'),('WSS183','p5'),('WSS184','p5'),('WSS19','p5'),('WSS190','p5'),('WSS191','p5'),('WSS201','p5'),('WSS202','p5'),('WSS207','p5'),('WSS209','p5'),('WSS222','p5'),('WSS224','p5'),('WSS225','p5'),('WSS230','p5'),('WSS234','p5'),('WSS236','p5'),('WSS240','p5'),('WSS241','p5'),('WSS249','p5'),('WSS25','p5'),('WSS256','p5'),('WSS260','p5'),('WSS262','p5'),('WSS264','p5'),('WSS266','p5'),('WSS271','p5'),('WSS274','p5'),('WSS275','p5'),('WSS278','p5'),('WSS28','p5'),('WSS285','p5'),('WSS289','p5'),('WSS291','p5'),('WSS300','p5'),('WSS301','p5'),('WSS305','p5'),('WSS317','p5'),('WSS318','p5'),('WSS321','p5'),('WSS327','p5'),('WSS33','p5'),('WSS330','p5'),('WSS334','p5'),('WSS338','p5'),('WSS340','p5'),('WSS342','p5'),('WSS344','p5'),('WSS347','p5'),('WSS370','p5'),('WSS371','p5'),('WSS372','p5'),('WSS374','p5'),('WSS376','p5'),('WSS379','p5'),('WSS383','p5'),('WSS387','p5'),('WSS388','p5'),('WSS39','p5'),('WSS390','p5'),('WSS394','p5'),('WSS396','p5'),('WSS397','p5'),('WSS4','p5'),('WSS408','p5'),('WSS417','p5'),('WSS418','p5'),('WSS426','p5'),('WSS43','p5'),('WSS436','p5'),('WSS440','p5'),('WSS442','p5'),('WSS45','p5'),('WSS456','p5'),('WSS457','p5'),('WSS461','p5'),('WSS462','p5'),('WSS466','p5'),('WSS469','p5'),('WSS474','p5'),('WSS478','p5'),('WSS481','p5'),('WSS487','p5'),('WSS490','p5'),('WSS495','p5'),('WSS497','p5'),('WSS58','p5'),('WSS59','p5'),('WSS69','p5'),('WSS71','p5'),('WSS72','p5'),('WSS74','p5'),('WSS75','p5'),('WSS87','p5'),('WSS9','p5'),('WSS106','p6'),('WSS107','p6'),('WSS111','p6'),('WSS113','p6'),('WSS114','p6'),('WSS117','p6'),('WSS120','p6'),('WSS123','p6'),('WSS124','p6'),('WSS13','p6'),('WSS134','p6'),('WSS143','p6'),('WSS145','p6'),('WSS146','p6'),('WSS149','p6'),('WSS151','p6'),('WSS157','p6'),('WSS163','p6'),('WSS166','p6'),('WSS176','p6'),('WSS182','p6'),('WSS191','p6'),('WSS194','p6'),('WSS199','p6'),('WSS204','p6'),('WSS208','p6'),('WSS211','p6'),('WSS212','p6'),('WSS213','p6'),('WSS219','p6'),('WSS23','p6'),('WSS231','p6'),('WSS232','p6'),('WSS242','p6'),('WSS243','p6'),('WSS244','p6'),('WSS248','p6'),('WSS250','p6'),('WSS252','p6'),('WSS263','p6'),('WSS264','p6'),('WSS269','p6'),('WSS272','p6'),('WSS274','p6'),('WSS278','p6'),('WSS288','p6'),('WSS29','p6'),('WSS292','p6'),('WSS297','p6'),('WSS30','p6'),('WSS302','p6'),('WSS306','p6'),('WSS310','p6'),('WSS314','p6'),('WSS32','p6'),('WSS330','p6'),('WSS334','p6'),('WSS339','p6'),('WSS341','p6'),('WSS342','p6'),('WSS344','p6'),('WSS351','p6'),('WSS354','p6'),('WSS355','p6'),('WSS360','p6'),('WSS364','p6'),('WSS366','p6'),('WSS367','p6'),('WSS368','p6'),('WSS369','p6'),('WSS378','p6'),('WSS379','p6'),('WSS383','p6'),('WSS387','p6'),('WSS389','p6'),('WSS406','p6'),('WSS409','p6'),('WSS410','p6'),('WSS413','p6'),('WSS419','p6'),('WSS428','p6'),('WSS429','p6'),('WSS430','p6'),('WSS432','p6'),('WSS434','p6'),('WSS436','p6'),('WSS441','p6'),('WSS447','p6'),('WSS45','p6'),('WSS455','p6'),('WSS458','p6'),('WSS460','p6'),('WSS462','p6'),('WSS468','p6'),('WSS473','p6'),('WSS478','p6'),('WSS480','p6'),('WSS486','p6'),('WSS488','p6'),('WSS498','p6'),('WSS50','p6'),('WSS60','p6'),('WSS67','p6'),('WSS68','p6'),('WSS73','p6'),('WSS81','p6'),('WSS84','p6'),('WSS87','p6'),('WSS96','p6'),('WSS98','p6'),('WSS99','p6'),('WSS106','p7'),('WSS109','p7'),('WSS113','p7'),('WSS115','p7'),('WSS129','p7'),('WSS137','p7'),('WSS149','p7'),('WSS15','p7'),('WSS150','p7'),('WSS155','p7'),('WSS159','p7'),('WSS179','p7'),('WSS181','p7'),('WSS184','p7'),('WSS185','p7'),('WSS186','p7'),('WSS188','p7'),('WSS190','p7'),('WSS192','p7'),('WSS2','p7'),('WSS20','p7'),('WSS200','p7'),('WSS201','p7'),('WSS205','p7'),('WSS207','p7'),('WSS211','p7'),('WSS212','p7'),('WSS214','p7'),('WSS217','p7'),('WSS218','p7'),('WSS230','p7'),('WSS233','p7'),('WSS234','p7'),('WSS238','p7'),('WSS239','p7'),('WSS250','p7'),('WSS255','p7'),('WSS258','p7'),('WSS260','p7'),('WSS266','p7'),('WSS272','p7'),('WSS275','p7'),('WSS276','p7'),('WSS278','p7'),('WSS287','p7'),('WSS288','p7'),('WSS29','p7'),('WSS291','p7'),('WSS292','p7'),('WSS30','p7'),('WSS303','p7'),('WSS306','p7'),('WSS308','p7'),('WSS311','p7'),('WSS322','p7'),('WSS325','p7'),('WSS327','p7'),('WSS333','p7'),('WSS337','p7'),('WSS347','p7'),('WSS348','p7'),('WSS357','p7'),('WSS360','p7'),('WSS371','p7'),('WSS372','p7'),('WSS373','p7'),('WSS375','p7'),('WSS38','p7'),('WSS382','p7'),('WSS383','p7'),('WSS384','p7'),('WSS385','p7'),('WSS386','p7'),('WSS393','p7'),('WSS395','p7'),('WSS402','p7'),('WSS403','p7'),('WSS406','p7'),('WSS408','p7'),('WSS41','p7'),('WSS411','p7'),('WSS412','p7'),('WSS418','p7'),('WSS423','p7'),('WSS425','p7'),('WSS433','p7'),('WSS435','p7'),('WSS436','p7'),('WSS440','p7'),('WSS442','p7'),('WSS443','p7'),('WSS448','p7'),('WSS449','p7'),('WSS455','p7'),('WSS47','p7'),('WSS470','p7'),('WSS472','p7'),('WSS476','p7'),('WSS478','p7'),('WSS498','p7'),('WSS63','p7'),('WSS67','p7'),('WSS71','p7'),('WSS75','p7'),('WSS79','p7'),('WSS80','p7'),('WSS82','p7'),('WSS83','p7'),('WSS84','p7'),('WSS85','p7'),('WSS87','p7'),('WSS92','p7'),('WSS1','p8'),('WSS101','p8'),('WSS105','p8'),('WSS111','p8'),('WSS115','p8'),('WSS121','p8'),('WSS123','p8'),('WSS124','p8'),('WSS128','p8'),('WSS129','p8'),('WSS14','p8'),('WSS143','p8'),('WSS146','p8'),('WSS149','p8'),('WSS15','p8'),('WSS151','p8'),('WSS154','p8'),('WSS155','p8'),('WSS158','p8'),('WSS160','p8'),('WSS163','p8'),('WSS165','p8'),('WSS168','p8'),('WSS170','p8'),('WSS173','p8'),('WSS174','p8'),('WSS180','p8'),('WSS181','p8'),('WSS186','p8'),('WSS189','p8'),('WSS192','p8'),('WSS196','p8'),('WSS197','p8'),('WSS198','p8'),('WSS199','p8'),('WSS210','p8'),('WSS215','p8'),('WSS216','p8'),('WSS23','p8'),('WSS231','p8'),('WSS235','p8'),('WSS236','p8'),('WSS244','p8'),('WSS248','p8'),('WSS249','p8'),('WSS251','p8'),('WSS255','p8'),('WSS26','p8'),('WSS260','p8'),('WSS264','p8'),('WSS27','p8'),('WSS272','p8'),('WSS274','p8'),('WSS282','p8'),('WSS283','p8'),('WSS287','p8'),('WSS29','p8'),('WSS294','p8'),('WSS300','p8'),('WSS301','p8'),('WSS306','p8'),('WSS307','p8'),('WSS308','p8'),('WSS309','p8'),('WSS315','p8'),('WSS317','p8'),('WSS318','p8'),('WSS319','p8'),('WSS321','p8'),('WSS322','p8'),('WSS325','p8'),('WSS333','p8'),('WSS335','p8'),('WSS336','p8'),('WSS339','p8'),('WSS34','p8'),('WSS345','p8'),('WSS351','p8'),('WSS368','p8'),('WSS37','p8'),('WSS373','p8'),('WSS375','p8'),('WSS38','p8'),('WSS385','p8'),('WSS386','p8'),('WSS392','p8'),('WSS398','p8'),('WSS4','p8'),('WSS40','p8'),('WSS406','p8'),('WSS41','p8'),('WSS411','p8'),('WSS413','p8'),('WSS416','p8'),('WSS419','p8'),('WSS424','p8'),('WSS428','p8'),('WSS43','p8'),('WSS44','p8'),('WSS440','p8'),('WSS441','p8'),('WSS442','p8'),('WSS443','p8'),('WSS447','p8'),('WSS458','p8'),('WSS459','p8'),('WSS47','p8'),('WSS470','p8'),('WSS475','p8'),('WSS482','p8'),('WSS483','p8'),('WSS484','p8'),('WSS489','p8'),('WSS61','p8'),('WSS64','p8'),('WSS67','p8'),('WSS7','p8'),('WSS72','p8'),('WSS76','p8'),('WSS77','p8'),('WSS79','p8'),('WSS8','p8'),('WSS80','p8'),('WSS81','p8'),('WSS83','p8'),('WSS84','p8'),('WSS88','p8'),('WSS94','p8'),('WSS99','p8'),('WSS102','p9'),('WSS112','p9'),('WSS117','p9'),('WSS118','p9'),('WSS123','p9'),('WSS126','p9'),('WSS127','p9'),('WSS132','p9'),('WSS136','p9'),('WSS141','p9'),('WSS145','p9'),('WSS146','p9'),('WSS165','p9'),('WSS171','p9'),('WSS176','p9'),('WSS178','p9'),('WSS180','p9'),('WSS182','p9'),('WSS184','p9'),('WSS185','p9'),('WSS188','p9'),('WSS19','p9'),('WSS191','p9'),('WSS193','p9'),('WSS194','p9'),('WSS20','p9'),('WSS204','p9'),('WSS216','p9'),('WSS220','p9'),('WSS224','p9'),('WSS228','p9'),('WSS233','p9'),('WSS237','p9'),('WSS238','p9'),('WSS241','p9'),('WSS268','p9'),('WSS269','p9'),('WSS27','p9'),('WSS272','p9'),('WSS279','p9'),('WSS301','p9'),('WSS304','p9'),('WSS307','p9'),('WSS31','p9'),('WSS311','p9'),('WSS325','p9'),('WSS337','p9'),('WSS338','p9'),('WSS341','p9'),('WSS345','p9'),('WSS352','p9'),('WSS357','p9'),('WSS359','p9'),('WSS360','p9'),('WSS362','p9'),('WSS368','p9'),('WSS374','p9'),('WSS377','p9'),('WSS392','p9'),('WSS393','p9'),('WSS397','p9'),('WSS40','p9'),('WSS41','p9'),('WSS410','p9'),('WSS417','p9'),('WSS422','p9'),('WSS424','p9'),('WSS426','p9'),('WSS427','p9'),('WSS429','p9'),('WSS438','p9'),('WSS439','p9'),('WSS448','p9'),('WSS451','p9'),('WSS453','p9'),('WSS454','p9'),('WSS46','p9'),('WSS460','p9'),('WSS461','p9'),('WSS466','p9'),('WSS472','p9'),('WSS476','p9'),('WSS483','p9'),('WSS486','p9'),('WSS49','p9'),('WSS491','p9'),('WSS495','p9'),('WSS50','p9'),('WSS52','p9'),('WSS6','p9'),('WSS62','p9'),('WSS65','p9'),('WSS66','p9'),('WSS72','p9'),('WSS74','p9'),('WSS76','p9'),('WSS94','p9');
/*!40000 ALTER TABLE `outputparameter` ENABLE KEYS */;
UNLOCK TABLES;

--
-- Table structure for table `parameterhierarchy`
--

DROP TABLE IF EXISTS `parameterhierarchy`;
/*!40101 SET @saved_cs_client     = @@character_set_client */;
/*!50503 SET character_set_client = utf8mb4 */;
CREATE TABLE `parameterhierarchy` (
  `parentParameterID` varchar(10) NOT NULL,
  `childParameterID` varchar(10) NOT NULL,
  PRIMARY KEY (`parentParameterID`,`childParameterID`)
) ENGINE=InnoDB DEFAULT CHARSET=latin1;
/*!40101 SET character_set_client = @saved_cs_client */;

--
-- Dumping data for table `parameterhierarchy`
--

LOCK TABLES `parameterhierarchy` WRITE;
/*!40000 ALTER TABLE `parameterhierarchy` DISABLE KEYS */;
/*!40000 ALTER TABLE `parameterhierarchy` ENABLE KEYS */;
UNLOCK TABLES;

--
-- Table structure for table `parameterlist`
--

DROP TABLE IF EXISTS `parameterlist`;
/*!40101 SET @saved_cs_client     = @@character_set_client */;
/*!50503 SET character_set_client = utf8mb4 */;
CREATE TABLE `parameterlist` (
  `parameterID` varchar(10) NOT NULL,
  `parameterName` varchar(100) DEFAULT NULL,
  PRIMARY KEY (`parameterID`)
) ENGINE=InnoDB DEFAULT CHARSET=latin1;
/*!40101 SET character_set_client = @saved_cs_client */;

--
-- Dumping data for table `parameterlist`
--

LOCK TABLES `parameterlist` WRITE;
/*!40000 ALTER TABLE `parameterlist` DISABLE KEYS */;
INSERT INTO `parameterlist` VALUES ('p1','p1name'),('p10','p10name'),('p11','p11name'),('p12','p12name'),('p13','p13name'),('p14','p14name'),('p15','p15name'),('p16','p16name'),('p17','p17name'),('p18','p18name'),('p19','p19name'),('p2','p2name'),('p20','p20name'),('p21','p21name'),('p22','p22name'),('p23','p23name'),('p24','p24name'),('p25','p25name'),('p26','p26name'),('p27','p27name'),('p28','p28name'),('p29','p29name'),('p3','p3name'),('p30','p30name'),('p4','p4name'),('p5','p5name'),('p6','p6name'),('p7','p7name'),('p8','p8name'),('p9','p9name');
/*!40000 ALTER TABLE `parameterlist` ENABLE KEYS */;
UNLOCK TABLES;

--
-- Table structure for table `result`
--

DROP TABLE IF EXISTS `result`;
/*!40101 SET @saved_cs_client     = @@character_set_client */;
/*!50503 SET character_set_client = utf8mb4 */;
CREATE TABLE `result` (
  `transactionID` bigint NOT NULL,
  `stage` int NOT NULL,
  `webServiceID` varchar(10) NOT NULL,
  PRIMARY KEY (`transactionID`,`stage`,`webServiceID`)
) ENGINE=InnoDB DEFAULT CHARSET=latin1;
/*!40101 SET character_set_client = @saved_cs_client */;

--
-- Dumping data for table `result`
--

LOCK TABLES `result` WRITE;
/*!40000 ALTER TABLE `result` DISABLE KEYS */;
INSERT INTO `result` VALUES (1,1,'WSS447'),(1,2,'WSS349'),(1,3,'WSS348'),(2,1,'WSS290'),(2,2,'WSS337'),(2,3,'WSS328'),(3,1,'WSS20'),(3,2,'WSS45'),(3,3,'WSS295'),(4,1,'WSS460'),(4,2,'WSS45'),(4,3,'WSS48'),(5,1,'WSS447'),(5,2,'WSS369'),(5,3,'WSS217'),(6,1,'WSS358'),(6,2,'WSS103'),(6,2,'WSS190'),(7,1,'WSS105'),(7,1,'WSS32'),(7,2,'WSS462'),(8,1,'WSS387'),(8,2,'WSS358'),(8,2,'WSS370'),(9,1,'WSS27'),(9,1,'WSS33'),(9,2,'WSS39'),(10,1,'WSS337'),(10,1,'WSS422'),(10,2,'WSS343'),(11,1,'WSS2'),(11,2,'WSS31'),(11,3,'WSS32'),(12,1,'WSS18'),(12,2,'WSS24'),(12,3,'WSS300'),(13,1,'WSS360'),(13,2,'WSS284'),(13,3,'WSS259'),(14,1,'WSS396'),(14,2,'WSS104'),(14,3,'WSS10'),(15,1,'WSS24'),(15,2,'WSS347'),(15,3,'WSS354'),(16,1,'WSS42'),(16,2,'WSS456'),(16,3,'WSS421'),(17,1,'WSS12'),(17,2,'WSS282'),(17,2,'WSS384'),(18,1,'WSS39'),(18,2,'WSS397'),(18,3,'WSS337'),(19,1,'WSS268'),(19,2,'WSS233'),(19,3,'WSS403'),(20,1,'WSS106'),(20,1,'WSS425'),(20,2,'WSS394'),(21,1,'WSS168'),(21,2,'WSS423'),(21,3,'WSS353'),(22,1,'WSS104'),(22,1,'WSS252'),(22,2,'WSS349'),(23,1,'WSS334'),(23,2,'WSS381'),(23,3,'WSS181'),(24,1,'WSS349'),(24,2,'WSS396'),(24,2,'WSS453'),(25,1,'WSS347'),(25,1,'WSS374'),(25,2,'WSS290'),(26,1,'WSS388'),(26,2,'WSS24'),(26,3,'WSS26'),(27,1,'WSS242'),(27,1,'WSS425'),(27,2,'WSS465'),(28,1,'WSS390'),(28,1,'WSS461'),(28,2,'WSS442'),(29,1,'WSS100'),(29,1,'WSS409'),(29,2,'WSS432'),(30,1,'WSS44'),(30,2,'WSS401'),(30,2,'WSS463'),(1031,1,'ICP006'),(1031,1,'ICP110'),(1031,1,'ICP311'),(1031,2,'ICP500'),(1035,1,'ICP386'),(1035,2,'ICP466'),(1133,1,'ICP103'),(1133,2,'ICP341'),(1133,3,'ICP395'),(1136,1,'ICP110'),(1136,2,'ICP710'),(1141,1,'ICP311'),(1141,2,'ICP422'),(1288,1,'ICP001'),(1288,2,'ICP110'),(1291,1,'ICP110'),(1291,2,'ICP720'),(1293,1,'ICP110'),(1293,1,'ICP311'),(1293,2,'ICP500'),(1296,1,'ICP006'),(1296,1,'ICP103'),(1296,1,'ICP110'),(1296,1,'ICP311'),(1296,1,'ICP313'),(1296,2,'ICP341'),(1296,2,'ICP500'),(1296,3,'ICP395'),(1325,1,'ICP110'),(1325,2,'ICP680'),(1355,1,'ICP110'),(1355,2,'ICP469'),(1406,1,'ICP110'),(1435,1,'ICP006'),(1435,1,'ICP110'),(1435,1,'ICP311'),(1435,2,'ICP500'),(1509,1,'ICP001'),(1509,1,'ICP006'),(1509,2,'ICP002'),(1509,2,'ICP110'),(1509,3,'ICP311'),(1509,4,'ICP500'),(1572,1,'ICP103'),(1572,1,'ICP110'),(1572,1,'ICP386'),(1572,2,'ICP341'),(1572,2,'ICP395'),(1572,2,'ICP466'),(1572,2,'ICP620'),(1572,2,'ICP720'),(1572,3,'ICP445'),(1583,1,'ICP386'),(1583,2,'ICP466'),(1607,1,'ICP301'),(1607,1,'ICP341'),(1607,1,'ICP386'),(1607,2,'ICP481'),(1620,1,'ICP006'),(1620,1,'ICP110'),(1620,1,'ICP311'),(1620,2,'ICP500'),(1646,1,'ICP006'),(1646,1,'ICP110'),(1646,1,'ICP311'),(1646,2,'ICP469'),(1646,2,'ICP500'),(1733,1,'ICP311'),(1733,2,'ICP422'),(1797,1,'ICP386'),(1797,2,'ICP466'),(1851,1,'ICP003'),(1851,1,'ICP311'),(1851,2,'ICP313'),(1851,3,'ICP486'),(1981,1,'ICP110'),(1981,1,'ICP311'),(1981,2,'ICP500'),(2015,1,'ICP006'),(2015,1,'ICP110'),(2015,1,'ICP311'),(2015,2,'ICP500'),(2026,1,'ICP386'),(2026,2,'ICP466'),(2114,1,'ICP341'),(2114,2,'ICP395'),(2114,3,'ICP445'),(2280,1,'ICP103'),(2280,1,'ICP386'),(2280,2,'ICP341'),(2280,2,'ICP395'),(2280,2,'ICP466'),(2280,3,'ICP495'),(2317,1,'ICP313'),(2317,1,'ICP341'),(2317,1,'ICP680'),(2317,2,'ICP395'),(2317,3,'ICP445'),(2474,1,'ICP003'),(2474,1,'ICP311'),(2474,2,'ICP313'),(2474,3,'ICP486'),(2565,1,'ICP313'),(2565,1,'ICP341'),(2565,2,'ICP395'),(2565,3,'ICP445'),(2598,1,'ICP006'),(2598,1,'ICP110'),(2598,1,'ICP311'),(2598,1,'ICP313'),(2598,1,'ICP331'),(2598,2,'ICP500'),(2610,1,'ICP003'),(2610,1,'ICP311'),(2610,2,'ICP313'),(2610,3,'ICP486'),(2659,1,'ICP006'),(2659,1,'ICP110'),(2659,1,'ICP311'),(2659,2,'ICP469'),(2659,2,'ICP500'),(2675,1,'ICP386'),(2675,2,'ICP466'),(2711,1,'ICP103'),(2711,1,'ICP386'),(2711,2,'ICP341'),(2711,3,'ICP481'),(2779,1,'ICP003'),(2779,1,'ICP311'),(2779,2,'ICP313'),(2779,3,'ICP486'),(2985,1,'ICP103'),(3021,1,'ICP006'),(3021,1,'ICP110'),(3021,1,'ICP302'),(3021,2,'ICP500'),(3075,1,'ICP006'),(3075,1,'ICP110'),(3075,1,'ICP311'),(3075,2,'ICP500'),(3226,1,'ICP110'),(3226,2,'ICP818'),(3286,1,'ICP006'),(3286,1,'ICP110'),(3286,1,'ICP311'),(3286,2,'ICP500'),(3357,1,'ICP006'),(3357,1,'ICP110'),(3357,1,'ICP311'),(3357,2,'ICP500'),(3667,1,'ICP103'),(3667,1,'ICP301'),(3667,1,'ICP386'),(3667,2,'ICP341'),(3667,3,'ICP481'),(3668,1,'ICP103'),(3668,1,'ICP301'),(3668,1,'ICP386'),(3668,2,'ICP341'),(3668,3,'ICP481'),(3705,1,'ICP103'),(3705,1,'ICP301'),(3705,1,'ICP386'),(3705,2,'ICP341'),(3705,3,'ICP481'),(3718,1,'ICP001'),(3718,2,'ICP002'),(3718,2,'ICP110'),(3718,3,'ICP311'),(3718,4,'ICP819'),(3877,1,'ICP386'),(3948,1,'ICP006'),(3948,1,'ICP110'),(3948,1,'ICP311'),(3948,2,'ICP500'),(3969,1,'ICP301'),(3969,1,'ICP341'),(3969,1,'ICP386'),(3969,2,'ICP481'),(3971,1,'ICP386'),(3971,2,'ICP466'),(4112,1,'ICP006'),(4112,1,'ICP110'),(4112,1,'ICP311'),(4112,2,'ICP469'),(4112,2,'ICP500'),(4178,1,'ICP002'),(4178,1,'ICP110'),(4178,2,'ICP311'),(4178,3,'ICP819'),(4281,1,'ICP110'),(4281,2,'ICP469'),(4296,1,'ICP006'),(4296,1,'ICP110'),(4296,1,'ICP311'),(4296,2,'ICP469'),(4296,2,'ICP500'),(4375,1,'ICP003'),(4375,1,'ICP311'),(4375,2,'ICP313'),(4375,3,'ICP486'),(4589,1,'ICP006'),(4589,1,'ICP110'),(4589,1,'ICP311'),(4589,2,'ICP469'),(4589,2,'ICP500'),(4607,1,'ICP006'),(4607,1,'ICP110'),(4607,1,'ICP302'),(4607,2,'ICP500'),(4747,1,'ICP311'),(4747,1,'ICP313'),(4747,2,'ICP486'),(4775,1,'ICP110'),(4775,2,'ICP500'),(4934,1,'ICP103'),(4934,2,'ICP341'),(4978,1,'ICP103'),(4980,1,'ICP006'),(4980,1,'ICP110'),(4980,1,'ICP311'),(4980,2,'ICP469'),(4980,2,'ICP500'),(4980,2,'ICP720'),(4980,3,'ICP740'),(5049,1,'ICP006'),(5049,1,'ICP110'),(5049,1,'ICP311'),(5049,2,'ICP500'),(5417,1,'ICP301'),(5417,1,'ICP341'),(5417,1,'ICP386'),(5417,2,'ICP481'),(5448,1,'ICP386'),(5448,2,'ICP466'),(5450,1,'ICP103'),(5450,1,'ICP110'),(5450,1,'ICP386'),(5450,1,'ICP817'),(5450,2,'ICP341'),(5450,2,'ICP395'),(5450,2,'ICP466'),(5450,2,'ICP620'),(5450,2,'ICP720'),(5450,3,'ICP445'),(5450,3,'ICP815'),(5461,1,'ICP002'),(5461,1,'ICP006'),(5461,1,'ICP110'),(5461,1,'ICP302'),(5461,2,'ICP500'),(5461,2,'ICP720'),(5461,3,'ICP740'),(5472,1,'ICP110'),(5472,2,'ICP818'),(5497,1,'ICP103'),(5497,2,'ICP341'),(5569,1,'ICP386'),(5569,2,'ICP466'),(5571,1,'ICP103'),(5571,2,'ICP810'),(5757,1,'ICP386'),(5757,2,'ICP466'),(5779,1,'ICP006'),(5779,1,'ICP110'),(5779,1,'ICP302'),(5779,2,'ICP500'),(5814,1,'ICP006'),(5814,1,'ICP110'),(5814,1,'ICP311'),(5814,2,'ICP500'),(5897,1,'ICP110'),(5897,2,'ICP710'),(5966,1,'ICP103'),(5966,1,'ICP301'),(5966,1,'ICP386'),(5966,2,'ICP341'),(5966,3,'ICP481'),(6032,1,'ICP386'),(6032,2,'ICP466'),(6279,1,'ICP006'),(6279,1,'ICP110'),(6279,1,'ICP311'),(6279,2,'ICP469'),(6279,2,'ICP500'),(6294,1,'ICP006'),(6294,1,'ICP110'),(6294,1,'ICP311'),(6294,2,'ICP500'),(6325,1,'ICP002'),(6325,2,'ICP003'),(6363,1,'ICP006'),(6363,1,'ICP110'),(6363,1,'ICP311'),(6363,2,'ICP469'),(6363,2,'ICP500'),(6437,1,'ICP103'),(6437,1,'ICP301'),(6437,1,'ICP386'),(6437,2,'ICP341'),(6437,3,'ICP481'),(6533,1,'ICP006'),(6533,1,'ICP110'),(6533,1,'ICP311'),(6533,2,'ICP469'),(6533,2,'ICP500'),(6574,1,'ICP002'),(6574,1,'ICP110'),(6574,2,'ICP311'),(6574,3,'ICP819'),(6604,1,'ICP103'),(6604,1,'ICP386'),(6604,2,'ICP341'),(6604,3,'ICP481'),(6679,1,'ICP003'),(6679,1,'ICP311'),(6679,2,'ICP313'),(6679,3,'ICP486'),(6692,1,'ICP103'),(6692,1,'ICP386'),(6692,1,'ICP465'),(6692,2,'ICP341'),(6692,3,'ICP481'),(6874,1,'ICP467'),(6898,1,'ICP103'),(6898,1,'ICP386'),(6898,2,'ICP341'),(6898,3,'ICP481'),(6922,1,'ICP313'),(6922,1,'ICP341'),(6922,2,'ICP395'),(6974,1,'ICP110'),(6974,2,'ICP469'),(7056,1,'ICP006'),(7056,1,'ICP110'),(7056,1,'ICP311'),(7056,1,'ICP341'),(7056,2,'ICP395'),(7056,2,'ICP500'),(7056,2,'ICP720'),(7056,3,'ICP445'),(7056,3,'ICP740'),(7107,1,'ICP311'),(7107,1,'ICP313'),(7107,2,'ICP486'),(7159,1,'ICP311'),(7159,2,'ICP422'),(7196,1,'ICP103'),(7196,2,'ICP341'),(7196,2,'ICP395'),(7196,3,'ICP495'),(7227,1,'ICP103'),(7227,1,'ICP110'),(7227,1,'ICP301'),(7227,1,'ICP311'),(7227,1,'ICP386'),(7227,2,'ICP341'),(7227,2,'ICP500'),(7227,3,'ICP481'),(7297,1,'ICP386'),(7297,2,'ICP466'),(7326,1,'ICP006'),(7326,1,'ICP110'),(7326,1,'ICP311'),(7326,2,'ICP500'),(7398,1,'ICP002'),(7398,1,'ICP006'),(7398,1,'ICP103'),(7398,1,'ICP110'),(7398,2,'ICP311'),(7398,2,'ICP720'),(7398,2,'ICP810'),(7398,3,'ICP500'),(7398,3,'ICP819'),(7398,4,'ICP740'),(7420,1,'ICP006'),(7420,1,'ICP311'),(7420,2,'ICP500'),(7484,1,'ICP006'),(7484,1,'ICP110'),(7484,1,'ICP311'),(7484,2,'ICP469'),(7484,2,'ICP500'),(7515,1,'ICP006'),(7515,1,'ICP110'),(7515,1,'ICP311'),(7515,2,'ICP469'),(7515,2,'ICP500'),(7593,1,'ICP301'),(7593,1,'ICP341'),(7593,1,'ICP386'),(7593,2,'ICP481'),(7645,1,'ICP001'),(7645,1,'ICP006'),(7645,2,'ICP002'),(7645,2,'ICP110'),(7645,3,'ICP311'),(7645,4,'ICP500'),(7720,1,'ICP006'),(7720,1,'ICP311'),(7720,1,'ICP720'),(7720,2,'ICP500'),(7720,3,'ICP740'),(7769,1,'ICP103'),(7769,2,'ICP341'),(7797,1,'ICP006'),(7797,1,'ICP110'),(7797,1,'ICP302'),(7797,2,'ICP500'),(7797,2,'ICP720'),(7817,1,'ICP006'),(7817,1,'ICP311'),(7817,2,'ICP500'),(7821,1,'ICP006'),(7821,1,'ICP110'),(7821,1,'ICP311'),(7821,2,'ICP500'),(7831,1,'ICP006'),(7831,1,'ICP311'),(7831,2,'ICP500'),(7832,1,'ICP006'),(7832,1,'ICP110'),(7832,1,'ICP311'),(7832,2,'ICP500'),(8030,1,'ICP386'),(8030,2,'ICP466'),(8062,1,'ICP006'),(8062,1,'ICP110'),(8062,1,'ICP311'),(8062,2,'ICP500'),(8155,1,'ICP006'),(8155,1,'ICP110'),(8155,1,'ICP311'),(8155,2,'ICP469'),(8155,2,'ICP500'),(8306,1,'ICP006'),(8306,1,'ICP110'),(8306,1,'ICP311'),(8306,2,'ICP500'),(8509,1,'ICP467'),(8527,1,'ICP110'),(8527,2,'ICP500'),(8628,1,'ICP103'),(8628,1,'ICP301'),(8628,1,'ICP386'),(8628,2,'ICP341'),(8628,3,'ICP481'),(8647,1,'ICP103'),(8647,2,'ICP341'),(8688,1,'ICP103'),(8688,1,'ICP301'),(8688,1,'ICP386'),(8688,2,'ICP341'),(8688,3,'ICP481'),(8877,1,'ICP386'),(8877,2,'ICP466'),(8889,1,'ICP110'),(8889,2,'ICP620'),(8941,1,'ICP103'),(8941,2,'ICP341'),(8941,2,'ICP395'),(8941,3,'ICP495'),(8952,1,'ICP103'),(8952,1,'ICP386'),(8952,2,'ICP341'),(8952,3,'ICP481'),(8959,1,'ICP103'),(8959,2,'ICP341'),(9050,1,'ICP006'),(9050,1,'ICP110'),(9050,1,'ICP311'),(9050,2,'ICP500'),(9076,1,'ICP004'),(9076,2,'ICP005'),(9076,3,'ICP331'),(9117,1,'ICP110'),(9117,2,'ICP469'),(9185,1,'ICP341'),(9185,2,'ICP395'),(9185,3,'ICP445'),(9249,1,'ICP006'),(9249,1,'ICP110'),(9249,1,'ICP311'),(9249,2,'ICP500'),(9249,2,'ICP720'),(9306,1,'ICP006'),(9306,1,'ICP110'),(9306,1,'ICP302'),(9306,2,'ICP500'),(9325,1,'ICP386'),(9422,1,'ICP110'),(9422,2,'ICP469'),(9451,1,'ICP006'),(9451,1,'ICP110'),(9451,1,'ICP311'),(9451,1,'ICP341'),(9451,2,'ICP395'),(9451,2,'ICP500'),(9451,2,'ICP720'),(9451,3,'ICP445'),(9451,3,'ICP740'),(9524,1,'ICP001'),(9524,1,'ICP006'),(9524,2,'ICP002'),(9524,2,'ICP110'),(9524,3,'ICP311'),(9524,4,'ICP500'),(9784,1,'ICP110'),(9784,2,'ICP469'),(9797,1,'ICP103'),(9797,2,'ICP341'),(9812,1,'ICP311'),(9812,1,'ICP313'),(9812,2,'ICP486'),(9814,1,'ICP006'),(9814,1,'ICP110'),(9814,1,'ICP311'),(9814,2,'ICP500'),(9868,1,'ICP006'),(9868,1,'ICP110'),(9868,1,'ICP311'),(9868,2,'ICP500'),(9968,1,'ICP103'),(9968,1,'ICP301'),(9968,1,'ICP386'),(9968,2,'ICP341'),(9968,3,'ICP481'),(9978,1,'ICP311'),(9978,1,'ICP313'),(9978,2,'ICP486'),(111174351,1,'ICP001'),(111174351,2,'ICP002'),(111174351,3,'ICP003'),(111174351,3,'ICP311'),(111174351,4,'ICP313'),(111174351,5,'ICP486'),(112793854,1,'ICP006'),(112793854,1,'ICP110'),(112793854,1,'ICP311'),(112793854,2,'ICP500'),(125202274,1,'ICP001'),(125202274,1,'ICP103'),(125202274,2,'ICP301'),(125202274,2,'ICP341'),(125202274,2,'ICP386'),(125202274,3,'ICP481'),(137852438,1,'ICP006'),(137852438,1,'ICP110'),(137852438,1,'ICP311'),(137852438,2,'ICP500'),(141922012,1,'ICP002'),(141922012,2,'ICP003'),(141922012,2,'ICP311'),(141922012,3,'ICP313'),(141922012,4,'ICP486'),(164821430,1,'ICP001'),(164821430,2,'ICP002'),(164821430,3,'ICP003'),(164821430,3,'ICP311'),(164821430,4,'ICP313'),(164821430,5,'ICP486'),(166203121,1,'ICP001'),(166203121,1,'ICP006'),(166203121,1,'ICP200'),(166203121,2,'ICP002'),(166203121,2,'ICP110'),(166203121,2,'ICP720'),(166203121,3,'ICP311'),(166203121,4,'ICP500'),(166203121,4,'ICP819'),(166203121,5,'ICP740'),(178957047,1,'ICP110'),(178957047,2,'ICP469'),(192081592,1,'ICP006'),(192081592,1,'ICP200'),(192081592,1,'ICP311'),(192081592,2,'ICP500'),(192081592,2,'ICP720'),(192081592,3,'ICP740'),(196046272,1,'ICP002'),(196046272,1,'ICP006'),(196046272,1,'ICP110'),(196046272,2,'ICP311'),(196046272,2,'ICP469'),(196046272,3,'ICP500'),(222936116,1,'ICP006'),(222936116,1,'ICP200'),(222936116,1,'ICP311'),(222936116,2,'ICP500'),(222936116,2,'ICP720'),(222936116,2,'ICP819'),(222936116,3,'ICP740'),(258370250,1,'ICP006'),(258370250,1,'ICP200'),(258370250,1,'ICP311'),(258370250,2,'ICP500'),(258370250,2,'ICP720'),(258370250,2,'ICP818'),(258370250,2,'ICP819'),(258370250,3,'ICP740'),(285611992,1,'ICP006'),(285611992,1,'ICP110'),(285611992,1,'ICP200'),(285611992,1,'ICP311'),(285611992,2,'ICP500'),(285611992,2,'ICP720'),(285611992,3,'ICP740'),(287034437,1,'ICP006'),(287034437,1,'ICP200'),(287034437,1,'ICP311'),(287034437,2,'ICP500'),(287034437,2,'ICP720'),(287034437,2,'ICP819'),(287034437,3,'ICP740'),(291687847,1,'ICP006'),(291687847,1,'ICP200'),(291687847,1,'ICP311'),(291687847,2,'ICP500'),(291687847,2,'ICP720'),(291687847,2,'ICP819'),(291687847,3,'ICP740'),(292870227,1,'ICP001'),(292870227,1,'ICP006'),(292870227,1,'ICP720'),(292870227,2,'ICP002'),(292870227,2,'ICP110'),(292870227,3,'ICP311'),(292870227,4,'ICP500'),(292870227,5,'ICP740'),(316379525,1,'ICP110'),(316379525,1,'ICP311'),(316379525,2,'ICP361'),(316379525,3,'ICP461'),(324432052,1,'ICP001'),(324432052,2,'ICP002'),(324432052,3,'ICP003'),(324432052,3,'ICP311'),(324432052,4,'ICP313'),(324432052,5,'ICP486'),(348444351,1,'ICP311'),(348444351,1,'ICP313'),(348444351,2,'ICP486'),(356640298,1,'ICP469'),(356640298,1,'ICP818'),(356640298,2,'ICP660'),(362849335,1,'ICP006'),(362849335,1,'ICP200'),(362849335,1,'ICP311'),(362849335,2,'ICP500'),(362849335,2,'ICP720'),(362849335,2,'ICP818'),(362849335,3,'ICP740'),(370058038,1,'ICP006'),(370058038,1,'ICP110'),(370058038,1,'ICP311'),(370058038,2,'ICP469'),(370058038,2,'ICP500'),(410309476,1,'ICP001'),(410309476,1,'ICP006'),(410309476,1,'ICP200'),(410309476,2,'ICP002'),(410309476,2,'ICP720'),(410309476,3,'ICP311'),(410309476,4,'ICP500'),(410309476,4,'ICP819'),(410309476,5,'ICP740'),(411681300,1,'ICP006'),(411681300,1,'ICP200'),(411681300,1,'ICP311'),(411681300,2,'ICP500'),(411681300,2,'ICP720'),(411681300,2,'ICP819'),(411681300,3,'ICP740'),(413889315,1,'ICP002'),(413889315,2,'ICP003'),(413889315,2,'ICP311'),(413889315,3,'ICP313'),(413889315,4,'ICP486'),(435075950,1,'ICP002'),(435075950,1,'ICP006'),(435075950,1,'ICP110'),(435075950,1,'ICP720'),(435075950,2,'ICP311'),(435075950,3,'ICP500'),(435075950,4,'ICP740'),(442506203,1,'ICP006'),(442506203,1,'ICP110'),(442506203,1,'ICP311'),(442506203,2,'ICP469'),(442506203,2,'ICP500'),(448741355,1,'ICP001'),(448741355,2,'ICP002'),(448741355,3,'ICP003'),(448741355,3,'ICP311'),(448741355,4,'ICP313'),(448741355,5,'ICP486'),(452470039,1,'ICP006'),(452470039,1,'ICP110'),(452470039,1,'ICP311'),(452470039,2,'ICP500'),(495404878,1,'ICP006'),(495404878,1,'ICP110'),(495404878,1,'ICP200'),(495404878,1,'ICP302'),(495404878,2,'ICP500'),(495404878,2,'ICP720'),(495404878,3,'ICP740'),(496776246,1,'ICP103'),(496776246,2,'ICP341'),(496776246,3,'ICP403'),(497270695,1,'ICP001'),(497270695,1,'ICP103'),(497270695,2,'ICP301'),(497270695,2,'ICP341'),(497270695,2,'ICP386'),(497270695,3,'ICP481'),(506023024,1,'ICP680'),(516484914,1,'ICP006'),(516484914,1,'ICP200'),(516484914,1,'ICP311'),(516484914,2,'ICP500'),(516484914,2,'ICP720'),(516484914,3,'ICP740'),(524497078,1,'ICP006'),(524497078,1,'ICP200'),(524497078,1,'ICP311'),(524497078,2,'ICP500'),(524497078,2,'ICP720'),(524497078,2,'ICP819'),(524497078,3,'ICP740'),(532135187,1,'ICP200'),(532135187,2,'ICP720'),(532135187,3,'ICP811'),(532135187,4,'ICP813'),(561361210,1,'ICP006'),(561361210,1,'ICP200'),(561361210,1,'ICP311'),(561361210,2,'ICP500'),(561361210,2,'ICP720'),(561361210,2,'ICP819'),(561361210,3,'ICP740'),(578460210,1,'ICP110'),(578460210,2,'ICP469'),(601145152,1,'ICP006'),(601145152,1,'ICP200'),(601145152,1,'ICP311'),(601145152,2,'ICP500'),(601145152,2,'ICP720'),(601145152,2,'ICP819'),(601145152,3,'ICP740'),(630767823,1,'ICP006'),(630767823,1,'ICP200'),(630767823,1,'ICP311'),(630767823,2,'ICP500'),(630767823,2,'ICP720'),(630767823,2,'ICP819'),(630767823,3,'ICP740'),(658685554,1,'ICP006'),(658685554,1,'ICP200'),(658685554,1,'ICP311'),(658685554,2,'ICP500'),(658685554,2,'ICP720'),(658685554,3,'ICP740'),(659691843,1,'ICP006'),(659691843,1,'ICP200'),(659691843,1,'ICP311'),(659691843,2,'ICP500'),(659691843,2,'ICP720'),(659691843,3,'ICP740'),(664758087,1,'ICP006'),(664758087,1,'ICP200'),(664758087,1,'ICP311'),(664758087,2,'ICP500'),(664758087,2,'ICP720'),(664758087,2,'ICP819'),(664758087,3,'ICP740'),(669457938,1,'ICP006'),(669457938,1,'ICP200'),(669457938,1,'ICP311'),(669457938,2,'ICP500'),(669457938,2,'ICP720'),(669457938,3,'ICP740'),(683869712,1,'ICP006'),(683869712,1,'ICP200'),(683869712,1,'ICP311'),(683869712,2,'ICP500'),(683869712,2,'ICP720'),(683869712,2,'ICP819'),(683869712,3,'ICP740'),(716407017,1,'ICP006'),(716407017,1,'ICP110'),(716407017,1,'ICP311'),(716407017,1,'ICP720'),(716407017,2,'ICP500'),(716407017,2,'ICP811'),(716407017,3,'ICP813'),(726508464,1,'ICP006'),(726508464,1,'ICP110'),(726508464,1,'ICP311'),(726508464,2,'ICP469'),(726508464,2,'ICP500'),(739074091,1,'ICP006'),(739074091,1,'ICP200'),(739074091,1,'ICP311'),(739074091,2,'ICP500'),(739074091,2,'ICP720'),(739074091,3,'ICP740'),(739546796,1,'ICP006'),(739546796,1,'ICP200'),(739546796,1,'ICP311'),(739546796,2,'ICP500'),(739546796,2,'ICP720'),(739546796,3,'ICP740'),(742695516,1,'ICP001'),(742695516,2,'ICP110'),(742695516,2,'ICP302'),(742695516,3,'ICP500'),(749479466,1,'ICP103'),(749479466,1,'ICP301'),(749479466,1,'ICP386'),(749479466,2,'ICP341'),(749479466,3,'ICP481'),(759784803,1,'ICP001'),(759784803,1,'ICP006'),(759784803,2,'ICP110'),(759784803,2,'ICP302'),(759784803,3,'ICP500'),(784019298,1,'ICP001'),(784019298,1,'ICP103'),(784019298,2,'ICP301'),(784019298,2,'ICP341'),(784019298,2,'ICP386'),(784019298,3,'ICP481'),(809869431,1,'ICP006'),(809869431,1,'ICP110'),(809869431,1,'ICP311'),(809869431,2,'ICP500'),(833064024,1,'ICP001'),(833064024,1,'ICP006'),(833064024,1,'ICP720'),(833064024,2,'ICP002'),(833064024,2,'ICP110'),(833064024,3,'ICP311'),(833064024,4,'ICP500'),(833064024,5,'ICP740'),(882961008,1,'ICP006'),(882961008,1,'ICP110'),(882961008,1,'ICP311'),(882961008,2,'ICP500'),(916025637,1,'ICP001'),(916025637,2,'ICP110'),(916025637,3,'ICP469'),(960676621,1,'ICP006'),(960676621,1,'ICP200'),(960676621,1,'ICP311'),(960676621,2,'ICP500'),(960676621,2,'ICP720'),(960676621,3,'ICP740'),(971245096,1,'ICP006'),(971245096,1,'ICP110'),(971245096,1,'ICP311'),(971245096,2,'ICP469'),(971245096,2,'ICP500');
/*!40000 ALTER TABLE `result` ENABLE KEYS */;
UNLOCK TABLES;

--
-- Table structure for table `rhs`
--

DROP TABLE IF EXISTS `rhs`;
/*!40101 SET @saved_cs_client     = @@character_set_client */;
/*!50503 SET character_set_client = utf8mb4 */;
CREATE TABLE `rhs` (
  `ruleid` int NOT NULL,
  `courseid` varchar(10) NOT NULL,
  PRIMARY KEY (`ruleid`,`courseid`)
) ENGINE=InnoDB DEFAULT CHARSET=latin1;
/*!40101 SET character_set_client = @saved_cs_client */;

--
-- Dumping data for table `rhs`
--

LOCK TABLES `rhs` WRITE;
/*!40000 ALTER TABLE `rhs` DISABLE KEYS */;
INSERT INTO `rhs` VALUES (1,'ICP110'),(2,'ICP311'),(3,'ICP500'),(4,'ICP311'),(5,'ICP500'),(6,'ICP500'),(7,'ICP311'),(8,'ICP500'),(9,'ICP500'),(10,'ICP500'),(11,'ICP500');
/*!40000 ALTER TABLE `rhs` ENABLE KEYS */;
UNLOCK TABLES;

--
-- Table structure for table `ruleinfo`
--

DROP TABLE IF EXISTS `ruleinfo`;
/*!40101 SET @saved_cs_client     = @@character_set_client */;
/*!50503 SET character_set_client = utf8mb4 */;
CREATE TABLE `ruleinfo` (
  `ruleid` int NOT NULL,
  `support` float DEFAULT NULL,
  `confidence` float DEFAULT NULL,
  `lift` float DEFAULT NULL,
  `count` int DEFAULT NULL,
  PRIMARY KEY (`ruleid`)
) ENGINE=InnoDB DEFAULT CHARSET=latin1;
/*!40101 SET character_set_client = @saved_cs_client */;

--
-- Dumping data for table `ruleinfo`
--

LOCK TABLES `ruleinfo` WRITE;
/*!40000 ALTER TABLE `ruleinfo` DISABLE KEYS */;
INSERT INTO `ruleinfo` VALUES (1,0.2,0.719101,1.53765,3),(2,0.2,0.910112,1.69382,3),(3,0.2,1,2.11579,3),(4,0.2,0.670213,1.24734,3),(5,0.2,0.744681,1.57559,3),(6,0.2,0.777778,1.64561,3),(7,0.2,0.875,1.62847,3),(8,0.2,1,2.11579,3),(9,0.2,1,2.11579,3),(10,0.2,0.936508,1.98145,3),(11,0.2,1,2.11579,3);
/*!40000 ALTER TABLE `ruleinfo` ENABLE KEYS */;
UNLOCK TABLES;

--
-- Table structure for table `webservicelist`
--

DROP TABLE IF EXISTS `webservicelist`;
/*!40101 SET @saved_cs_client     = @@character_set_client */;
/*!50503 SET character_set_client = utf8mb4 */;
CREATE TABLE `webservicelist` (
  `webServiceID` varchar(10) NOT NULL,
  `webServiceName` varchar(100) DEFAULT NULL,
  `reputation` float DEFAULT NULL,
  `price` float DEFAULT NULL,
  `duration` int DEFAULT NULL,
  `provider` varchar(50) DEFAULT NULL,
  `url` varchar(100) DEFAULT NULL,
  PRIMARY KEY (`webServiceID`)
) ENGINE=InnoDB DEFAULT CHARSET=latin1;
/*!40101 SET character_set_client = @saved_cs_client */;

--
-- Dumping data for table `webservicelist`
--

LOCK TABLES `webservicelist` WRITE;
/*!40000 ALTER TABLE `webservicelist` DISABLE KEYS */;
INSERT INTO `webservicelist` VALUES ('WSS1','WSS1Name',3,1,3,'serviceprovider','https://serviceprovider.com'),('WSS10','WSS10Name',3,1,3,'serviceprovider','https://serviceprovider.com'),('WSS100','WSS100Name',3,1,3,'serviceprovider','https://serviceprovider.com'),('WSS101','WSS101Name',3,1,3,'serviceprovider','https://serviceprovider.com'),('WSS102','WSS102Name',3,1,3,'serviceprovider','https://serviceprovider.com'),('WSS103','WSS103Name',3,1,3,'serviceprovider','https://serviceprovider.com'),('WSS104','WSS104Name',3,1,3,'serviceprovider','https://serviceprovider.com'),('WSS105','WSS105Name',3,1,3,'serviceprovider','https://serviceprovider.com'),('WSS106','WSS106Name',3,1,3,'serviceprovider','https://serviceprovider.com'),('WSS107','WSS107Name',3,1,3,'serviceprovider','https://serviceprovider.com'),('WSS108','WSS108Name',3,1,3,'serviceprovider','https://serviceprovider.com'),('WSS109','WSS109Name',3,1,3,'serviceprovider','https://serviceprovider.com'),('WSS11','WSS11Name',3,1,3,'serviceprovider','https://serviceprovider.com'),('WSS110','WSS110Name',3,1,3,'serviceprovider','https://serviceprovider.com'),('WSS111','WSS111Name',3,1,3,'serviceprovider','https://serviceprovider.com'),('WSS112','WSS112Name',3,1,3,'serviceprovider','https://serviceprovider.com'),('WSS113','WSS113Name',3,1,3,'serviceprovider','https://serviceprovider.com'),('WSS114','WSS114Name',3,1,3,'serviceprovider','https://serviceprovider.com'),('WSS115','WSS115Name',3,1,3,'serviceprovider','https://serviceprovider.com'),('WSS116','WSS116Name',3,1,3,'serviceprovider','https://serviceprovider.com'),('WSS117','WSS117Name',3,1,3,'serviceprovider','https://serviceprovider.com'),('WSS118','WSS118Name',3,1,3,'serviceprovider','https://serviceprovider.com'),('WSS119','WSS119Name',3,1,3,'serviceprovider','https://serviceprovider.com'),('WSS12','WSS12Name',3,1,3,'serviceprovider','https://serviceprovider.com'),('WSS120','WSS120Name',3,1,3,'serviceprovider','https://serviceprovider.com'),('WSS121','WSS121Name',3,1,3,'serviceprovider','https://serviceprovider.com'),('WSS122','WSS122Name',3,1,3,'serviceprovider','https://serviceprovider.com'),('WSS123','WSS123Name',3,1,3,'serviceprovider','https://serviceprovider.com'),('WSS124','WSS124Name',3,1,3,'serviceprovider','https://serviceprovider.com'),('WSS125','WSS125Name',3,1,3,'serviceprovider','https://serviceprovider.com'),('WSS126','WSS126Name',3,1,3,'serviceprovider','https://serviceprovider.com'),('WSS127','WSS127Name',3,1,3,'serviceprovider','https://serviceprovider.com'),('WSS128','WSS128Name',3,1,3,'serviceprovider','https://serviceprovider.com'),('WSS129','WSS129Name',3,1,3,'serviceprovider','https://serviceprovider.com'),('WSS13','WSS13Name',3,1,3,'serviceprovider','https://serviceprovider.com'),('WSS130','WSS130Name',3,1,3,'serviceprovider','https://serviceprovider.com'),('WSS131','WSS131Name',3,1,3,'serviceprovider','https://serviceprovider.com'),('WSS132','WSS132Name',3,1,3,'serviceprovider','https://serviceprovider.com'),('WSS133','WSS133Name',3,1,3,'serviceprovider','https://serviceprovider.com'),('WSS134','WSS134Name',3,1,3,'serviceprovider','https://serviceprovider.com'),('WSS135','WSS135Name',3,1,3,'serviceprovider','https://serviceprovider.com'),('WSS136','WSS136Name',3,1,3,'serviceprovider','https://serviceprovider.com'),('WSS137','WSS137Name',3,1,3,'serviceprovider','https://serviceprovider.com'),('WSS138','WSS138Name',3,1,3,'serviceprovider','https://serviceprovider.com'),('WSS139','WSS139Name',3,1,3,'serviceprovider','https://serviceprovider.com'),('WSS14','WSS14Name',3,1,3,'serviceprovider','https://serviceprovider.com'),('WSS140','WSS140Name',3,1,3,'serviceprovider','https://serviceprovider.com'),('WSS141','WSS141Name',3,1,3,'serviceprovider','https://serviceprovider.com'),('WSS142','WSS142Name',3,1,3,'serviceprovider','https://serviceprovider.com'),('WSS143','WSS143Name',3,1,3,'serviceprovider','https://serviceprovider.com'),('WSS144','WSS144Name',3,1,3,'serviceprovider','https://serviceprovider.com'),('WSS145','WSS145Name',3,1,3,'serviceprovider','https://serviceprovider.com'),('WSS146','WSS146Name',3,1,3,'serviceprovider','https://serviceprovider.com'),('WSS147','WSS147Name',3,1,3,'serviceprovider','https://serviceprovider.com'),('WSS148','WSS148Name',3,1,3,'serviceprovider','https://serviceprovider.com'),('WSS149','WSS149Name',3,1,3,'serviceprovider','https://serviceprovider.com'),('WSS15','WSS15Name',3,1,3,'serviceprovider','https://serviceprovider.com'),('WSS150','WSS150Name',3,1,3,'serviceprovider','https://serviceprovider.com'),('WSS151','WSS151Name',3,1,3,'serviceprovider','https://serviceprovider.com'),('WSS152','WSS152Name',3,1,3,'serviceprovider','https://serviceprovider.com'),('WSS153','WSS153Name',3,1,3,'serviceprovider','https://serviceprovider.com'),('WSS154','WSS154Name',3,1,3,'serviceprovider','https://serviceprovider.com'),('WSS155','WSS155Name',3,1,3,'serviceprovider','https://serviceprovider.com'),('WSS156','WSS156Name',3,1,3,'serviceprovider','https://serviceprovider.com'),('WSS157','WSS157Name',3,1,3,'serviceprovider','https://serviceprovider.com'),('WSS158','WSS158Name',3,1,3,'serviceprovider','https://serviceprovider.com'),('WSS159','WSS159Name',3,1,3,'serviceprovider','https://serviceprovider.com'),('WSS16','WSS16Name',3,1,3,'serviceprovider','https://serviceprovider.com'),('WSS160','WSS160Name',3,1,3,'serviceprovider','https://serviceprovider.com'),('WSS161','WSS161Name',3,1,3,'serviceprovider','https://serviceprovider.com'),('WSS162','WSS162Name',3,1,3,'serviceprovider','https://serviceprovider.com'),('WSS163','WSS163Name',3,1,3,'serviceprovider','https://serviceprovider.com'),('WSS164','WSS164Name',3,1,3,'serviceprovider','https://serviceprovider.com'),('WSS165','WSS165Name',3,1,3,'serviceprovider','https://serviceprovider.com'),('WSS166','WSS166Name',3,1,3,'serviceprovider','https://serviceprovider.com'),('WSS167','WSS167Name',3,1,3,'serviceprovider','https://serviceprovider.com'),('WSS168','WSS168Name',3,1,3,'serviceprovider','https://serviceprovider.com'),('WSS169','WSS169Name',3,1,3,'serviceprovider','https://serviceprovider.com'),('WSS17','WSS17Name',3,1,3,'serviceprovider','https://serviceprovider.com'),('WSS170','WSS170Name',3,1,3,'serviceprovider','https://serviceprovider.com'),('WSS171','WSS171Name',3,1,3,'serviceprovider','https://serviceprovider.com'),('WSS172','WSS172Name',3,1,3,'serviceprovider','https://serviceprovider.com'),('WSS173','WSS173Name',3,1,3,'serviceprovider','https://serviceprovider.com'),('WSS174','WSS174Name',3,1,3,'serviceprovider','https://serviceprovider.com'),('WSS175','WSS175Name',3,1,3,'serviceprovider','https://serviceprovider.com'),('WSS176','WSS176Name',3,1,3,'serviceprovider','https://serviceprovider.com'),('WSS177','WSS177Name',3,1,3,'serviceprovider','https://serviceprovider.com'),('WSS178','WSS178Name',3,1,3,'serviceprovider','https://serviceprovider.com'),('WSS179','WSS179Name',3,1,3,'serviceprovider','https://serviceprovider.com'),('WSS18','WSS18Name',3,1,3,'serviceprovider','https://serviceprovider.com'),('WSS180','WSS180Name',3,1,3,'serviceprovider','https://serviceprovider.com'),('WSS181','WSS181Name',3,1,3,'serviceprovider','https://serviceprovider.com'),('WSS182','WSS182Name',3,1,3,'serviceprovider','https://serviceprovider.com'),('WSS183','WSS183Name',3,1,3,'serviceprovider','https://serviceprovider.com'),('WSS184','WSS184Name',3,1,3,'serviceprovider','https://serviceprovider.com'),('WSS185','WSS185Name',3,1,3,'serviceprovider','https://serviceprovider.com'),('WSS186','WSS186Name',3,1,3,'serviceprovider','https://serviceprovider.com'),('WSS187','WSS187Name',3,1,3,'serviceprovider','https://serviceprovider.com'),('WSS188','WSS188Name',3,1,3,'serviceprovider','https://serviceprovider.com'),('WSS189','WSS189Name',3,1,3,'serviceprovider','https://serviceprovider.com'),('WSS19','WSS19Name',3,1,3,'serviceprovider','https://serviceprovider.com'),('WSS190','WSS190Name',3,1,3,'serviceprovider','https://serviceprovider.com'),('WSS191','WSS191Name',3,1,3,'serviceprovider','https://serviceprovider.com'),('WSS192','WSS192Name',3,1,3,'serviceprovider','https://serviceprovider.com'),('WSS193','WSS193Name',3,1,3,'serviceprovider','https://serviceprovider.com'),('WSS194','WSS194Name',3,1,3,'serviceprovider','https://serviceprovider.com'),('WSS195','WSS195Name',3,1,3,'serviceprovider','https://serviceprovider.com'),('WSS196','WSS196Name',3,1,3,'serviceprovider','https://serviceprovider.com'),('WSS197','WSS197Name',3,1,3,'serviceprovider','https://serviceprovider.com'),('WSS198','WSS198Name',3,1,3,'serviceprovider','https://serviceprovider.com'),('WSS199','WSS199Name',3,1,3,'serviceprovider','https://serviceprovider.com'),('WSS2','WSS2Name',3,1,3,'serviceprovider','https://serviceprovider.com'),('WSS20','WSS20Name',3,1,3,'serviceprovider','https://serviceprovider.com'),('WSS200','WSS200Name',3,1,3,'serviceprovider','https://serviceprovider.com'),('WSS201','WSS201Name',3,1,3,'serviceprovider','https://serviceprovider.com'),('WSS202','WSS202Name',3,1,3,'serviceprovider','https://serviceprovider.com'),('WSS203','WSS203Name',3,1,3,'serviceprovider','https://serviceprovider.com'),('WSS204','WSS204Name',3,1,3,'serviceprovider','https://serviceprovider.com'),('WSS205','WSS205Name',3,1,3,'serviceprovider','https://serviceprovider.com'),('WSS206','WSS206Name',3,1,3,'serviceprovider','https://serviceprovider.com'),('WSS207','WSS207Name',3,1,3,'serviceprovider','https://serviceprovider.com'),('WSS208','WSS208Name',3,1,3,'serviceprovider','https://serviceprovider.com'),('WSS209','WSS209Name',3,1,3,'serviceprovider','https://serviceprovider.com'),('WSS21','WSS21Name',3,1,3,'serviceprovider','https://serviceprovider.com'),('WSS210','WSS210Name',3,1,3,'serviceprovider','https://serviceprovider.com'),('WSS211','WSS211Name',3,1,3,'serviceprovider','https://serviceprovider.com'),('WSS212','WSS212Name',3,1,3,'serviceprovider','https://serviceprovider.com'),('WSS213','WSS213Name',3,1,3,'serviceprovider','https://serviceprovider.com'),('WSS214','WSS214Name',3,1,3,'serviceprovider','https://serviceprovider.com'),('WSS215','WSS215Name',3,1,3,'serviceprovider','https://serviceprovider.com'),('WSS216','WSS216Name',3,1,3,'serviceprovider','https://serviceprovider.com'),('WSS217','WSS217Name',3,1,3,'serviceprovider','https://serviceprovider.com'),('WSS218','WSS218Name',3,1,3,'serviceprovider','https://serviceprovider.com'),('WSS219','WSS219Name',3,1,3,'serviceprovider','https://serviceprovider.com'),('WSS22','WSS22Name',3,1,3,'serviceprovider','https://serviceprovider.com'),('WSS220','WSS220Name',3,1,3,'serviceprovider','https://serviceprovider.com'),('WSS221','WSS221Name',3,1,3,'serviceprovider','https://serviceprovider.com'),('WSS222','WSS222Name',3,1,3,'serviceprovider','https://serviceprovider.com'),('WSS223','WSS223Name',3,1,3,'serviceprovider','https://serviceprovider.com'),('WSS224','WSS224Name',3,1,3,'serviceprovider','https://serviceprovider.com'),('WSS225','WSS225Name',3,1,3,'serviceprovider','https://serviceprovider.com'),('WSS226','WSS226Name',3,1,3,'serviceprovider','https://serviceprovider.com'),('WSS227','WSS227Name',3,1,3,'serviceprovider','https://serviceprovider.com'),('WSS228','WSS228Name',3,1,3,'serviceprovider','https://serviceprovider.com'),('WSS229','WSS229Name',3,1,3,'serviceprovider','https://serviceprovider.com'),('WSS23','WSS23Name',3,1,3,'serviceprovider','https://serviceprovider.com'),('WSS230','WSS230Name',3,1,3,'serviceprovider','https://serviceprovider.com'),('WSS231','WSS231Name',3,1,3,'serviceprovider','https://serviceprovider.com'),('WSS232','WSS232Name',3,1,3,'serviceprovider','https://serviceprovider.com'),('WSS233','WSS233Name',3,1,3,'serviceprovider','https://serviceprovider.com'),('WSS234','WSS234Name',3,1,3,'serviceprovider','https://serviceprovider.com'),('WSS235','WSS235Name',3,1,3,'serviceprovider','https://serviceprovider.com'),('WSS236','WSS236Name',3,1,3,'serviceprovider','https://serviceprovider.com'),('WSS237','WSS237Name',3,1,3,'serviceprovider','https://serviceprovider.com'),('WSS238','WSS238Name',3,1,3,'serviceprovider','https://serviceprovider.com'),('WSS239','WSS239Name',3,1,3,'serviceprovider','https://serviceprovider.com'),('WSS24','WSS24Name',3,1,3,'serviceprovider','https://serviceprovider.com'),('WSS240','WSS240Name',3,1,3,'serviceprovider','https://serviceprovider.com'),('WSS241','WSS241Name',3,1,3,'serviceprovider','https://serviceprovider.com'),('WSS242','WSS242Name',3,1,3,'serviceprovider','https://serviceprovider.com'),('WSS243','WSS243Name',3,1,3,'serviceprovider','https://serviceprovider.com'),('WSS244','WSS244Name',3,1,3,'serviceprovider','https://serviceprovider.com'),('WSS245','WSS245Name',3,1,3,'serviceprovider','https://serviceprovider.com'),('WSS246','WSS246Name',3,1,3,'serviceprovider','https://serviceprovider.com'),('WSS247','WSS247Name',3,1,3,'serviceprovider','https://serviceprovider.com'),('WSS248','WSS248Name',3,1,3,'serviceprovider','https://serviceprovider.com'),('WSS249','WSS249Name',3,1,3,'serviceprovider','https://serviceprovider.com'),('WSS25','WSS25Name',3,1,3,'serviceprovider','https://serviceprovider.com'),('WSS250','WSS250Name',3,1,3,'serviceprovider','https://serviceprovider.com'),('WSS251','WSS251Name',3,1,3,'serviceprovider','https://serviceprovider.com'),('WSS252','WSS252Name',3,1,3,'serviceprovider','https://serviceprovider.com'),('WSS253','WSS253Name',3,1,3,'serviceprovider','https://serviceprovider.com'),('WSS254','WSS254Name',3,1,3,'serviceprovider','https://serviceprovider.com'),('WSS255','WSS255Name',3,1,3,'serviceprovider','https://serviceprovider.com'),('WSS256','WSS256Name',3,1,3,'serviceprovider','https://serviceprovider.com'),('WSS257','WSS257Name',3,1,3,'serviceprovider','https://serviceprovider.com'),('WSS258','WSS258Name',3,1,3,'serviceprovider','https://serviceprovider.com'),('WSS259','WSS259Name',3,1,3,'serviceprovider','https://serviceprovider.com'),('WSS26','WSS26Name',3,1,3,'serviceprovider','https://serviceprovider.com'),('WSS260','WSS260Name',3,1,3,'serviceprovider','https://serviceprovider.com'),('WSS261','WSS261Name',3,1,3,'serviceprovider','https://serviceprovider.com'),('WSS262','WSS262Name',3,1,3,'serviceprovider','https://serviceprovider.com'),('WSS263','WSS263Name',3,1,3,'serviceprovider','https://serviceprovider.com'),('WSS264','WSS264Name',3,1,3,'serviceprovider','https://serviceprovider.com'),('WSS265','WSS265Name',3,1,3,'serviceprovider','https://serviceprovider.com'),('WSS266','WSS266Name',3,1,3,'serviceprovider','https://serviceprovider.com'),('WSS267','WSS267Name',3,1,3,'serviceprovider','https://serviceprovider.com'),('WSS268','WSS268Name',3,1,3,'serviceprovider','https://serviceprovider.com'),('WSS269','WSS269Name',3,1,3,'serviceprovider','https://serviceprovider.com'),('WSS27','WSS27Name',3,1,3,'serviceprovider','https://serviceprovider.com'),('WSS270','WSS270Name',3,1,3,'serviceprovider','https://serviceprovider.com'),('WSS271','WSS271Name',3,1,3,'serviceprovider','https://serviceprovider.com'),('WSS272','WSS272Name',3,1,3,'serviceprovider','https://serviceprovider.com'),('WSS273','WSS273Name',3,1,3,'serviceprovider','https://serviceprovider.com'),('WSS274','WSS274Name',3,1,3,'serviceprovider','https://serviceprovider.com'),('WSS275','WSS275Name',3,1,3,'serviceprovider','https://serviceprovider.com'),('WSS276','WSS276Name',3,1,3,'serviceprovider','https://serviceprovider.com'),('WSS277','WSS277Name',3,1,3,'serviceprovider','https://serviceprovider.com'),('WSS278','WSS278Name',3,1,3,'serviceprovider','https://serviceprovider.com'),('WSS279','WSS279Name',3,1,3,'serviceprovider','https://serviceprovider.com'),('WSS28','WSS28Name',3,1,3,'serviceprovider','https://serviceprovider.com'),('WSS280','WSS280Name',3,1,3,'serviceprovider','https://serviceprovider.com'),('WSS281','WSS281Name',3,1,3,'serviceprovider','https://serviceprovider.com'),('WSS282','WSS282Name',3,1,3,'serviceprovider','https://serviceprovider.com'),('WSS283','WSS283Name',3,1,3,'serviceprovider','https://serviceprovider.com'),('WSS284','WSS284Name',3,1,3,'serviceprovider','https://serviceprovider.com'),('WSS285','WSS285Name',3,1,3,'serviceprovider','https://serviceprovider.com'),('WSS286','WSS286Name',3,1,3,'serviceprovider','https://serviceprovider.com'),('WSS287','WSS287Name',3,1,3,'serviceprovider','https://serviceprovider.com'),('WSS288','WSS288Name',3,1,3,'serviceprovider','https://serviceprovider.com'),('WSS289','WSS289Name',3,1,3,'serviceprovider','https://serviceprovider.com'),('WSS29','WSS29Name',3,1,3,'serviceprovider','https://serviceprovider.com'),('WSS290','WSS290Name',3,1,3,'serviceprovider','https://serviceprovider.com'),('WSS291','WSS291Name',3,1,3,'serviceprovider','https://serviceprovider.com'),('WSS292','WSS292Name',3,1,3,'serviceprovider','https://serviceprovider.com'),('WSS293','WSS293Name',3,1,3,'serviceprovider','https://serviceprovider.com'),('WSS294','WSS294Name',3,1,3,'serviceprovider','https://serviceprovider.com'),('WSS295','WSS295Name',3,1,3,'serviceprovider','https://serviceprovider.com'),('WSS296','WSS296Name',3,1,3,'serviceprovider','https://serviceprovider.com'),('WSS297','WSS297Name',3,1,3,'serviceprovider','https://serviceprovider.com'),('WSS298','WSS298Name',3,1,3,'serviceprovider','https://serviceprovider.com'),('WSS299','WSS299Name',3,1,3,'serviceprovider','https://serviceprovider.com'),('WSS3','WSS3Name',3,1,3,'serviceprovider','https://serviceprovider.com'),('WSS30','WSS30Name',3,1,3,'serviceprovider','https://serviceprovider.com'),('WSS300','WSS300Name',3,1,3,'serviceprovider','https://serviceprovider.com'),('WSS301','WSS301Name',3,1,3,'serviceprovider','https://serviceprovider.com'),('WSS302','WSS302Name',3,1,3,'serviceprovider','https://serviceprovider.com'),('WSS303','WSS303Name',3,1,3,'serviceprovider','https://serviceprovider.com'),('WSS304','WSS304Name',3,1,3,'serviceprovider','https://serviceprovider.com'),('WSS305','WSS305Name',3,1,3,'serviceprovider','https://serviceprovider.com'),('WSS306','WSS306Name',3,1,3,'serviceprovider','https://serviceprovider.com'),('WSS307','WSS307Name',3,1,3,'serviceprovider','https://serviceprovider.com'),('WSS308','WSS308Name',3,1,3,'serviceprovider','https://serviceprovider.com'),('WSS309','WSS309Name',3,1,3,'serviceprovider','https://serviceprovider.com'),('WSS31','WSS31Name',3,1,3,'serviceprovider','https://serviceprovider.com'),('WSS310','WSS310Name',3,1,3,'serviceprovider','https://serviceprovider.com'),('WSS311','WSS311Name',3,1,3,'serviceprovider','https://serviceprovider.com'),('WSS312','WSS312Name',3,1,3,'serviceprovider','https://serviceprovider.com'),('WSS313','WSS313Name',3,1,3,'serviceprovider','https://serviceprovider.com'),('WSS314','WSS314Name',3,1,3,'serviceprovider','https://serviceprovider.com'),('WSS315','WSS315Name',3,1,3,'serviceprovider','https://serviceprovider.com'),('WSS316','WSS316Name',3,1,3,'serviceprovider','https://serviceprovider.com'),('WSS317','WSS317Name',3,1,3,'serviceprovider','https://serviceprovider.com'),('WSS318','WSS318Name',3,1,3,'serviceprovider','https://serviceprovider.com'),('WSS319','WSS319Name',3,1,3,'serviceprovider','https://serviceprovider.com'),('WSS32','WSS32Name',3,1,3,'serviceprovider','https://serviceprovider.com'),('WSS320','WSS320Name',3,1,3,'serviceprovider','https://serviceprovider.com'),('WSS321','WSS321Name',3,1,3,'serviceprovider','https://serviceprovider.com'),('WSS322','WSS322Name',3,1,3,'serviceprovider','https://serviceprovider.com'),('WSS323','WSS323Name',3,1,3,'serviceprovider','https://serviceprovider.com'),('WSS324','WSS324Name',3,1,3,'serviceprovider','https://serviceprovider.com'),('WSS325','WSS325Name',3,1,3,'serviceprovider','https://serviceprovider.com'),('WSS326','WSS326Name',3,1,3,'serviceprovider','https://serviceprovider.com'),('WSS327','WSS327Name',3,1,3,'serviceprovider','https://serviceprovider.com'),('WSS328','WSS328Name',3,1,3,'serviceprovider','https://serviceprovider.com'),('WSS329','WSS329Name',3,1,3,'serviceprovider','https://serviceprovider.com'),('WSS33','WSS33Name',3,1,3,'serviceprovider','https://serviceprovider.com'),('WSS330','WSS330Name',3,1,3,'serviceprovider','https://serviceprovider.com'),('WSS331','WSS331Name',3,1,3,'serviceprovider','https://serviceprovider.com'),('WSS332','WSS332Name',3,1,3,'serviceprovider','https://serviceprovider.com'),('WSS333','WSS333Name',3,1,3,'serviceprovider','https://serviceprovider.com'),('WSS334','WSS334Name',3,1,3,'serviceprovider','https://serviceprovider.com'),('WSS335','WSS335Name',3,1,3,'serviceprovider','https://serviceprovider.com'),('WSS336','WSS336Name',3,1,3,'serviceprovider','https://serviceprovider.com'),('WSS337','WSS337Name',3,1,3,'serviceprovider','https://serviceprovider.com'),('WSS338','WSS338Name',3,1,3,'serviceprovider','https://serviceprovider.com'),('WSS339','WSS339Name',3,1,3,'serviceprovider','https://serviceprovider.com'),('WSS34','WSS34Name',3,1,3,'serviceprovider','https://serviceprovider.com'),('WSS340','WSS340Name',3,1,3,'serviceprovider','https://serviceprovider.com'),('WSS341','WSS341Name',3,1,3,'serviceprovider','https://serviceprovider.com'),('WSS342','WSS342Name',3,1,3,'serviceprovider','https://serviceprovider.com'),('WSS343','WSS343Name',3,1,3,'serviceprovider','https://serviceprovider.com'),('WSS344','WSS344Name',3,1,3,'serviceprovider','https://serviceprovider.com'),('WSS345','WSS345Name',3,1,3,'serviceprovider','https://serviceprovider.com'),('WSS346','WSS346Name',3,1,3,'serviceprovider','https://serviceprovider.com'),('WSS347','WSS347Name',3,1,3,'serviceprovider','https://serviceprovider.com'),('WSS348','WSS348Name',3,1,3,'serviceprovider','https://serviceprovider.com'),('WSS349','WSS349Name',3,1,3,'serviceprovider','https://serviceprovider.com'),('WSS35','WSS35Name',3,1,3,'serviceprovider','https://serviceprovider.com'),('WSS350','WSS350Name',3,1,3,'serviceprovider','https://serviceprovider.com'),('WSS351','WSS351Name',3,1,3,'serviceprovider','https://serviceprovider.com'),('WSS352','WSS352Name',3,1,3,'serviceprovider','https://serviceprovider.com'),('WSS353','WSS353Name',3,1,3,'serviceprovider','https://serviceprovider.com'),('WSS354','WSS354Name',3,1,3,'serviceprovider','https://serviceprovider.com'),('WSS355','WSS355Name',3,1,3,'serviceprovider','https://serviceprovider.com'),('WSS356','WSS356Name',3,1,3,'serviceprovider','https://serviceprovider.com'),('WSS357','WSS357Name',3,1,3,'serviceprovider','https://serviceprovider.com'),('WSS358','WSS358Name',3,1,3,'serviceprovider','https://serviceprovider.com'),('WSS359','WSS359Name',3,1,3,'serviceprovider','https://serviceprovider.com'),('WSS36','WSS36Name',3,1,3,'serviceprovider','https://serviceprovider.com'),('WSS360','WSS360Name',3,1,3,'serviceprovider','https://serviceprovider.com'),('WSS361','WSS361Name',3,1,3,'serviceprovider','https://serviceprovider.com'),('WSS362','WSS362Name',3,1,3,'serviceprovider','https://serviceprovider.com'),('WSS363','WSS363Name',3,1,3,'serviceprovider','https://serviceprovider.com'),('WSS364','WSS364Name',3,1,3,'serviceprovider','https://serviceprovider.com'),('WSS365','WSS365Name',3,1,3,'serviceprovider','https://serviceprovider.com'),('WSS366','WSS366Name',3,1,3,'serviceprovider','https://serviceprovider.com'),('WSS367','WSS367Name',3,1,3,'serviceprovider','https://serviceprovider.com'),('WSS368','WSS368Name',3,1,3,'serviceprovider','https://serviceprovider.com'),('WSS369','WSS369Name',3,1,3,'serviceprovider','https://serviceprovider.com'),('WSS37','WSS37Name',3,1,3,'serviceprovider','https://serviceprovider.com'),('WSS370','WSS370Name',3,1,3,'serviceprovider','https://serviceprovider.com'),('WSS371','WSS371Name',3,1,3,'serviceprovider','https://serviceprovider.com'),('WSS372','WSS372Name',3,1,3,'serviceprovider','https://serviceprovider.com'),('WSS373','WSS373Name',3,1,3,'serviceprovider','https://serviceprovider.com'),('WSS374','WSS374Name',3,1,3,'serviceprovider','https://serviceprovider.com'),('WSS375','WSS375Name',3,1,3,'serviceprovider','https://serviceprovider.com'),('WSS376','WSS376Name',3,1,3,'serviceprovider','https://serviceprovider.com'),('WSS377','WSS377Name',3,1,3,'serviceprovider','https://serviceprovider.com'),('WSS378','WSS378Name',3,1,3,'serviceprovider','https://serviceprovider.com'),('WSS379','WSS379Name',3,1,3,'serviceprovider','https://serviceprovider.com'),('WSS38','WSS38Name',3,1,3,'serviceprovider','https://serviceprovider.com'),('WSS380','WSS380Name',3,1,3,'serviceprovider','https://serviceprovider.com'),('WSS381','WSS381Name',3,1,3,'serviceprovider','https://serviceprovider.com'),('WSS382','WSS382Name',3,1,3,'serviceprovider','https://serviceprovider.com'),('WSS383','WSS383Name',3,1,3,'serviceprovider','https://serviceprovider.com'),('WSS384','WSS384Name',3,1,3,'serviceprovider','https://serviceprovider.com'),('WSS385','WSS385Name',3,1,3,'serviceprovider','https://serviceprovider.com'),('WSS386','WSS386Name',3,1,3,'serviceprovider','https://serviceprovider.com'),('WSS387','WSS387Name',3,1,3,'serviceprovider','https://serviceprovider.com'),('WSS388','WSS388Name',3,1,3,'serviceprovider','https://serviceprovider.com'),('WSS389','WSS389Name',3,1,3,'serviceprovider','https://serviceprovider.com'),('WSS39','WSS39Name',3,1,3,'serviceprovider','https://serviceprovider.com'),('WSS390','WSS390Name',3,1,3,'serviceprovider','https://serviceprovider.com'),('WSS391','WSS391Name',3,1,3,'serviceprovider','https://serviceprovider.com'),('WSS392','WSS392Name',3,1,3,'serviceprovider','https://serviceprovider.com'),('WSS393','WSS393Name',3,1,3,'serviceprovider','https://serviceprovider.com'),('WSS394','WSS394Name',3,1,3,'serviceprovider','https://serviceprovider.com'),('WSS395','WSS395Name',3,1,3,'serviceprovider','https://serviceprovider.com'),('WSS396','WSS396Name',3,1,3,'serviceprovider','https://serviceprovider.com'),('WSS397','WSS397Name',3,1,3,'serviceprovider','https://serviceprovider.com'),('WSS398','WSS398Name',3,1,3,'serviceprovider','https://serviceprovider.com'),('WSS399','WSS399Name',3,1,3,'serviceprovider','https://serviceprovider.com'),('WSS4','WSS4Name',3,1,3,'serviceprovider','https://serviceprovider.com'),('WSS40','WSS40Name',3,1,3,'serviceprovider','https://serviceprovider.com'),('WSS400','WSS400Name',3,1,3,'serviceprovider','https://serviceprovider.com'),('WSS401','WSS401Name',3,1,3,'serviceprovider','https://serviceprovider.com'),('WSS402','WSS402Name',3,1,3,'serviceprovider','https://serviceprovider.com'),('WSS403','WSS403Name',3,1,3,'serviceprovider','https://serviceprovider.com'),('WSS404','WSS404Name',3,1,3,'serviceprovider','https://serviceprovider.com'),('WSS405','WSS405Name',3,1,3,'serviceprovider','https://serviceprovider.com'),('WSS406','WSS406Name',3,1,3,'serviceprovider','https://serviceprovider.com'),('WSS407','WSS407Name',3,1,3,'serviceprovider','https://serviceprovider.com'),('WSS408','WSS408Name',3,1,3,'serviceprovider','https://serviceprovider.com'),('WSS409','WSS409Name',3,1,3,'serviceprovider','https://serviceprovider.com'),('WSS41','WSS41Name',3,1,3,'serviceprovider','https://serviceprovider.com'),('WSS410','WSS410Name',3,1,3,'serviceprovider','https://serviceprovider.com'),('WSS411','WSS411Name',3,1,3,'serviceprovider','https://serviceprovider.com'),('WSS412','WSS412Name',3,1,3,'serviceprovider','https://serviceprovider.com'),('WSS413','WSS413Name',3,1,3,'serviceprovider','https://serviceprovider.com'),('WSS414','WSS414Name',3,1,3,'serviceprovider','https://serviceprovider.com'),('WSS415','WSS415Name',3,1,3,'serviceprovider','https://serviceprovider.com'),('WSS416','WSS416Name',3,1,3,'serviceprovider','https://serviceprovider.com'),('WSS417','WSS417Name',3,1,3,'serviceprovider','https://serviceprovider.com'),('WSS418','WSS418Name',3,1,3,'serviceprovider','https://serviceprovider.com'),('WSS419','WSS419Name',3,1,3,'serviceprovider','https://serviceprovider.com'),('WSS42','WSS42Name',3,1,3,'serviceprovider','https://serviceprovider.com'),('WSS420','WSS420Name',3,1,3,'serviceprovider','https://serviceprovider.com'),('WSS421','WSS421Name',3,1,3,'serviceprovider','https://serviceprovider.com'),('WSS422','WSS422Name',3,1,3,'serviceprovider','https://serviceprovider.com'),('WSS423','WSS423Name',3,1,3,'serviceprovider','https://serviceprovider.com'),('WSS424','WSS424Name',3,1,3,'serviceprovider','https://serviceprovider.com'),('WSS425','WSS425Name',3,1,3,'serviceprovider','https://serviceprovider.com'),('WSS426','WSS426Name',3,1,3,'serviceprovider','https://serviceprovider.com'),('WSS427','WSS427Name',3,1,3,'serviceprovider','https://serviceprovider.com'),('WSS428','WSS428Name',3,1,3,'serviceprovider','https://serviceprovider.com'),('WSS429','WSS429Name',3,1,3,'serviceprovider','https://serviceprovider.com'),('WSS43','WSS43Name',3,1,3,'serviceprovider','https://serviceprovider.com'),('WSS430','WSS430Name',3,1,3,'serviceprovider','https://serviceprovider.com'),('WSS431','WSS431Name',3,1,3,'serviceprovider','https://serviceprovider.com'),('WSS432','WSS432Name',3,1,3,'serviceprovider','https://serviceprovider.com'),('WSS433','WSS433Name',3,1,3,'serviceprovider','https://serviceprovider.com'),('WSS434','WSS434Name',3,1,3,'serviceprovider','https://serviceprovider.com'),('WSS435','WSS435Name',3,1,3,'serviceprovider','https://serviceprovider.com'),('WSS436','WSS436Name',3,1,3,'serviceprovider','https://serviceprovider.com'),('WSS437','WSS437Name',3,1,3,'serviceprovider','https://serviceprovider.com'),('WSS438','WSS438Name',3,1,3,'serviceprovider','https://serviceprovider.com'),('WSS439','WSS439Name',3,1,3,'serviceprovider','https://serviceprovider.com'),('WSS44','WSS44Name',3,1,3,'serviceprovider','https://serviceprovider.com'),('WSS440','WSS440Name',3,1,3,'serviceprovider','https://serviceprovider.com'),('WSS441','WSS441Name',3,1,3,'serviceprovider','https://serviceprovider.com'),('WSS442','WSS442Name',3,1,3,'serviceprovider','https://serviceprovider.com'),('WSS443','WSS443Name',3,1,3,'serviceprovider','https://serviceprovider.com'),('WSS444','WSS444Name',3,1,3,'serviceprovider','https://serviceprovider.com'),('WSS445','WSS445Name',3,1,3,'serviceprovider','https://serviceprovider.com'),('WSS446','WSS446Name',3,1,3,'serviceprovider','https://serviceprovider.com'),('WSS447','WSS447Name',3,1,3,'serviceprovider','https://serviceprovider.com'),('WSS448','WSS448Name',3,1,3,'serviceprovider','https://serviceprovider.com'),('WSS449','WSS449Name',3,1,3,'serviceprovider','https://serviceprovider.com'),('WSS45','WSS45Name',3,1,3,'serviceprovider','https://serviceprovider.com'),('WSS450','WSS450Name',3,1,3,'serviceprovider','https://serviceprovider.com'),('WSS451','WSS451Name',3,1,3,'serviceprovider','https://serviceprovider.com'),('WSS452','WSS452Name',3,1,3,'serviceprovider','https://serviceprovider.com'),('WSS453','WSS453Name',3,1,3,'serviceprovider','https://serviceprovider.com'),('WSS454','WSS454Name',3,1,3,'serviceprovider','https://serviceprovider.com'),('WSS455','WSS455Name',3,1,3,'serviceprovider','https://serviceprovider.com'),('WSS456','WSS456Name',3,1,3,'serviceprovider','https://serviceprovider.com'),('WSS457','WSS457Name',3,1,3,'serviceprovider','https://serviceprovider.com'),('WSS458','WSS458Name',3,1,3,'serviceprovider','https://serviceprovider.com'),('WSS459','WSS459Name',3,1,3,'serviceprovider','https://serviceprovider.com'),('WSS46','WSS46Name',3,1,3,'serviceprovider','https://serviceprovider.com'),('WSS460','WSS460Name',3,1,3,'serviceprovider','https://serviceprovider.com'),('WSS461','WSS461Name',3,1,3,'serviceprovider','https://serviceprovider.com'),('WSS462','WSS462Name',3,1,3,'serviceprovider','https://serviceprovider.com'),('WSS463','WSS463Name',3,1,3,'serviceprovider','https://serviceprovider.com'),('WSS464','WSS464Name',3,1,3,'serviceprovider','https://serviceprovider.com'),('WSS465','WSS465Name',3,1,3,'serviceprovider','https://serviceprovider.com'),('WSS466','WSS466Name',3,1,3,'serviceprovider','https://serviceprovider.com'),('WSS467','WSS467Name',3,1,3,'serviceprovider','https://serviceprovider.com'),('WSS468','WSS468Name',3,1,3,'serviceprovider','https://serviceprovider.com'),('WSS469','WSS469Name',3,1,3,'serviceprovider','https://serviceprovider.com'),('WSS47','WSS47Name',3,1,3,'serviceprovider','https://serviceprovider.com'),('WSS470','WSS470Name',3,1,3,'serviceprovider','https://serviceprovider.com'),('WSS471','WSS471Name',3,1,3,'serviceprovider','https://serviceprovider.com'),('WSS472','WSS472Name',3,1,3,'serviceprovider','https://serviceprovider.com'),('WSS473','WSS473Name',3,1,3,'serviceprovider','https://serviceprovider.com'),('WSS474','WSS474Name',3,1,3,'serviceprovider','https://serviceprovider.com'),('WSS475','WSS475Name',3,1,3,'serviceprovider','https://serviceprovider.com'),('WSS476','WSS476Name',3,1,3,'serviceprovider','https://serviceprovider.com'),('WSS477','WSS477Name',3,1,3,'serviceprovider','https://serviceprovider.com'),('WSS478','WSS478Name',3,1,3,'serviceprovider','https://serviceprovider.com'),('WSS479','WSS479Name',3,1,3,'serviceprovider','https://serviceprovider.com'),('WSS48','WSS48Name',3,1,3,'serviceprovider','https://serviceprovider.com'),('WSS480','WSS480Name',3,1,3,'serviceprovider','https://serviceprovider.com'),('WSS481','WSS481Name',3,1,3,'serviceprovider','https://serviceprovider.com'),('WSS482','WSS482Name',3,1,3,'serviceprovider','https://serviceprovider.com'),('WSS483','WSS483Name',3,1,3,'serviceprovider','https://serviceprovider.com'),('WSS484','WSS484Name',3,1,3,'serviceprovider','https://serviceprovider.com'),('WSS485','WSS485Name',3,1,3,'serviceprovider','https://serviceprovider.com'),('WSS486','WSS486Name',3,1,3,'serviceprovider','https://serviceprovider.com'),('WSS487','WSS487Name',3,1,3,'serviceprovider','https://serviceprovider.com'),('WSS488','WSS488Name',3,1,3,'serviceprovider','https://serviceprovider.com'),('WSS489','WSS489Name',3,1,3,'serviceprovider','https://serviceprovider.com'),('WSS49','WSS49Name',3,1,3,'serviceprovider','https://serviceprovider.com'),('WSS490','WSS490Name',3,1,3,'serviceprovider','https://serviceprovider.com'),('WSS491','WSS491Name',3,1,3,'serviceprovider','https://serviceprovider.com'),('WSS492','WSS492Name',3,1,3,'serviceprovider','https://serviceprovider.com'),('WSS493','WSS493Name',3,1,3,'serviceprovider','https://serviceprovider.com'),('WSS494','WSS494Name',3,1,3,'serviceprovider','https://serviceprovider.com'),('WSS495','WSS495Name',3,1,3,'serviceprovider','https://serviceprovider.com'),('WSS496','WSS496Name',3,1,3,'serviceprovider','https://serviceprovider.com'),('WSS497','WSS497Name',3,1,3,'serviceprovider','https://serviceprovider.com'),('WSS498','WSS498Name',3,1,3,'serviceprovider','https://serviceprovider.com'),('WSS499','WSS499Name',3,1,3,'serviceprovider','https://serviceprovider.com'),('WSS5','WSS5Name',3,1,3,'serviceprovider','https://serviceprovider.com'),('WSS50','WSS50Name',3,1,3,'serviceprovider','https://serviceprovider.com'),('WSS500','WSS500Name',3,1,3,'serviceprovider','https://serviceprovider.com'),('WSS51','WSS51Name',3,1,3,'serviceprovider','https://serviceprovider.com'),('WSS52','WSS52Name',3,1,3,'serviceprovider','https://serviceprovider.com'),('WSS53','WSS53Name',3,1,3,'serviceprovider','https://serviceprovider.com'),('WSS54','WSS54Name',3,1,3,'serviceprovider','https://serviceprovider.com'),('WSS55','WSS55Name',3,1,3,'serviceprovider','https://serviceprovider.com'),('WSS56','WSS56Name',3,1,3,'serviceprovider','https://serviceprovider.com'),('WSS57','WSS57Name',3,1,3,'serviceprovider','https://serviceprovider.com'),('WSS58','WSS58Name',3,1,3,'serviceprovider','https://serviceprovider.com'),('WSS59','WSS59Name',3,1,3,'serviceprovider','https://serviceprovider.com'),('WSS6','WSS6Name',3,1,3,'serviceprovider','https://serviceprovider.com'),('WSS60','WSS60Name',3,1,3,'serviceprovider','https://serviceprovider.com'),('WSS61','WSS61Name',3,1,3,'serviceprovider','https://serviceprovider.com'),('WSS62','WSS62Name',3,1,3,'serviceprovider','https://serviceprovider.com'),('WSS63','WSS63Name',3,1,3,'serviceprovider','https://serviceprovider.com'),('WSS64','WSS64Name',3,1,3,'serviceprovider','https://serviceprovider.com'),('WSS65','WSS65Name',3,1,3,'serviceprovider','https://serviceprovider.com'),('WSS66','WSS66Name',3,1,3,'serviceprovider','https://serviceprovider.com'),('WSS67','WSS67Name',3,1,3,'serviceprovider','https://serviceprovider.com'),('WSS68','WSS68Name',3,1,3,'serviceprovider','https://serviceprovider.com'),('WSS69','WSS69Name',3,1,3,'serviceprovider','https://serviceprovider.com'),('WSS7','WSS7Name',3,1,3,'serviceprovider','https://serviceprovider.com'),('WSS70','WSS70Name',3,1,3,'serviceprovider','https://serviceprovider.com'),('WSS71','WSS71Name',3,1,3,'serviceprovider','https://serviceprovider.com'),('WSS72','WSS72Name',3,1,3,'serviceprovider','https://serviceprovider.com'),('WSS73','WSS73Name',3,1,3,'serviceprovider','https://serviceprovider.com'),('WSS74','WSS74Name',3,1,3,'serviceprovider','https://serviceprovider.com'),('WSS75','WSS75Name',3,1,3,'serviceprovider','https://serviceprovider.com'),('WSS76','WSS76Name',3,1,3,'serviceprovider','https://serviceprovider.com'),('WSS77','WSS77Name',3,1,3,'serviceprovider','https://serviceprovider.com'),('WSS78','WSS78Name',3,1,3,'serviceprovider','https://serviceprovider.com'),('WSS79','WSS79Name',3,1,3,'serviceprovider','https://serviceprovider.com'),('WSS8','WSS8Name',3,1,3,'serviceprovider','https://serviceprovider.com'),('WSS80','WSS80Name',3,1,3,'serviceprovider','https://serviceprovider.com'),('WSS81','WSS81Name',3,1,3,'serviceprovider','https://serviceprovider.com'),('WSS82','WSS82Name',3,1,3,'serviceprovider','https://serviceprovider.com'),('WSS83','WSS83Name',3,1,3,'serviceprovider','https://serviceprovider.com'),('WSS84','WSS84Name',3,1,3,'serviceprovider','https://serviceprovider.com'),('WSS85','WSS85Name',3,1,3,'serviceprovider','https://serviceprovider.com'),('WSS86','WSS86Name',3,1,3,'serviceprovider','https://serviceprovider.com'),('WSS87','WSS87Name',3,1,3,'serviceprovider','https://serviceprovider.com'),('WSS88','WSS88Name',3,1,3,'serviceprovider','https://serviceprovider.com'),('WSS89','WSS89Name',3,1,3,'serviceprovider','https://serviceprovider.com'),('WSS9','WSS9Name',3,1,3,'serviceprovider','https://serviceprovider.com'),('WSS90','WSS90Name',3,1,3,'serviceprovider','https://serviceprovider.com'),('WSS91','WSS91Name',3,1,3,'serviceprovider','https://serviceprovider.com'),('WSS92','WSS92Name',3,1,3,'serviceprovider','https://serviceprovider.com'),('WSS93','WSS93Name',3,1,3,'serviceprovider','https://serviceprovider.com'),('WSS94','WSS94Name',3,1,3,'serviceprovider','https://serviceprovider.com'),('WSS95','WSS95Name',3,1,3,'serviceprovider','https://serviceprovider.com'),('WSS96','WSS96Name',3,1,3,'serviceprovider','https://serviceprovider.com'),('WSS97','WSS97Name',3,1,3,'serviceprovider','https://serviceprovider.com'),('WSS98','WSS98Name',3,1,3,'serviceprovider','https://serviceprovider.com'),('WSS99','WSS99Name',3,1,3,'serviceprovider','https://serviceprovider.com');
/*!40000 ALTER TABLE `webservicelist` ENABLE KEYS */;
UNLOCK TABLES;
/*!40103 SET TIME_ZONE=@OLD_TIME_ZONE */;

/*!40101 SET SQL_MODE=@OLD_SQL_MODE */;
/*!40014 SET FOREIGN_KEY_CHECKS=@OLD_FOREIGN_KEY_CHECKS */;
/*!40014 SET UNIQUE_CHECKS=@OLD_UNIQUE_CHECKS */;
/*!40101 SET CHARACTER_SET_CLIENT=@OLD_CHARACTER_SET_CLIENT */;
/*!40101 SET CHARACTER_SET_RESULTS=@OLD_CHARACTER_SET_RESULTS */;
/*!40101 SET COLLATION_CONNECTION=@OLD_COLLATION_CONNECTION */;
/*!40111 SET SQL_NOTES=@OLD_SQL_NOTES */;

-- Dump completed on 2023-07-06  2:34:24
