-- MySQL dump 10.13  Distrib 8.0.32, for Win64 (x86_64)
--
-- Host: localhost    Database: autowscs
-- ------------------------------------------------------
-- Server version	8.0.32

/*!40101 SET @OLD_CHARACTER_SET_CLIENT=@@CHARACTER_SET_CLIENT */;
/*!40101 SET @OLD_CHARACTER_SET_RESULTS=@@CHARACTER_SET_RESULTS */;
/*!40101 SET @OLD_COLLATION_CONNECTION=@@COLLATION_CONNECTION */;
/*!50503 SET NAMES utf8mb4 */;
/*!40103 SET @OLD_TIME_ZONE=@@TIME_ZONE */;
/*!40103 SET TIME_ZONE='+00:00' */;
/*!40014 SET @OLD_UNIQUE_CHECKS=@@UNIQUE_CHECKS, UNIQUE_CHECKS=0 */;
/*!40014 SET @OLD_FOREIGN_KEY_CHECKS=@@FOREIGN_KEY_CHECKS, FOREIGN_KEY_CHECKS=0 */;
/*!40101 SET @OLD_SQL_MODE=@@SQL_MODE, SQL_MODE='NO_AUTO_VALUE_ON_ZERO' */;
/*!40111 SET @OLD_SQL_NOTES=@@SQL_NOTES, SQL_NOTES=0 */;

--
-- Table structure for table `auth_group`
--

DROP TABLE IF EXISTS `auth_group`;
/*!40101 SET @saved_cs_client     = @@character_set_client */;
/*!50503 SET character_set_client = utf8mb4 */;
CREATE TABLE `auth_group` (
  `id` int NOT NULL AUTO_INCREMENT,
  `name` varchar(80) NOT NULL,
  PRIMARY KEY (`id`),
  UNIQUE KEY `name` (`name`)
) ENGINE=InnoDB DEFAULT CHARSET=latin1;
/*!40101 SET character_set_client = @saved_cs_client */;

--
-- Dumping data for table `auth_group`
--

LOCK TABLES `auth_group` WRITE;
/*!40000 ALTER TABLE `auth_group` DISABLE KEYS */;
/*!40000 ALTER TABLE `auth_group` ENABLE KEYS */;
UNLOCK TABLES;

--
-- Table structure for table `auth_group_permissions`
--

DROP TABLE IF EXISTS `auth_group_permissions`;
/*!40101 SET @saved_cs_client     = @@character_set_client */;
/*!50503 SET character_set_client = utf8mb4 */;
CREATE TABLE `auth_group_permissions` (
  `id` int NOT NULL AUTO_INCREMENT,
  `group_id` int NOT NULL,
  `permission_id` int NOT NULL,
  PRIMARY KEY (`id`),
  UNIQUE KEY `auth_group_permissions_group_id_permission_id_0cd325b0_uniq` (`group_id`,`permission_id`),
  KEY `auth_group_permissio_permission_id_84c5c92e_fk_auth_perm` (`permission_id`),
  CONSTRAINT `auth_group_permissio_permission_id_84c5c92e_fk_auth_perm` FOREIGN KEY (`permission_id`) REFERENCES `auth_permission` (`id`),
  CONSTRAINT `auth_group_permissions_group_id_b120cbf9_fk_auth_group_id` FOREIGN KEY (`group_id`) REFERENCES `auth_group` (`id`)
) ENGINE=InnoDB DEFAULT CHARSET=latin1;
/*!40101 SET character_set_client = @saved_cs_client */;

--
-- Dumping data for table `auth_group_permissions`
--

LOCK TABLES `auth_group_permissions` WRITE;
/*!40000 ALTER TABLE `auth_group_permissions` DISABLE KEYS */;
/*!40000 ALTER TABLE `auth_group_permissions` ENABLE KEYS */;
UNLOCK TABLES;

--
-- Table structure for table `auth_permission`
--

DROP TABLE IF EXISTS `auth_permission`;
/*!40101 SET @saved_cs_client     = @@character_set_client */;
/*!50503 SET character_set_client = utf8mb4 */;
CREATE TABLE `auth_permission` (
  `id` int NOT NULL AUTO_INCREMENT,
  `name` varchar(255) NOT NULL,
  `content_type_id` int NOT NULL,
  `codename` varchar(100) NOT NULL,
  PRIMARY KEY (`id`),
  UNIQUE KEY `auth_permission_content_type_id_codename_01ab375a_uniq` (`content_type_id`,`codename`),
  CONSTRAINT `auth_permission_content_type_id_2f476e4b_fk_django_co` FOREIGN KEY (`content_type_id`) REFERENCES `django_content_type` (`id`)
) ENGINE=InnoDB AUTO_INCREMENT=25 DEFAULT CHARSET=latin1;
/*!40101 SET character_set_client = @saved_cs_client */;

--
-- Dumping data for table `auth_permission`
--

LOCK TABLES `auth_permission` WRITE;
/*!40000 ALTER TABLE `auth_permission` DISABLE KEYS */;
INSERT INTO `auth_permission` VALUES (1,'Can add log entry',1,'add_logentry'),(2,'Can change log entry',1,'change_logentry'),(3,'Can delete log entry',1,'delete_logentry'),(4,'Can view log entry',1,'view_logentry'),(5,'Can add permission',2,'add_permission'),(6,'Can change permission',2,'change_permission'),(7,'Can delete permission',2,'delete_permission'),(8,'Can view permission',2,'view_permission'),(9,'Can add group',3,'add_group'),(10,'Can change group',3,'change_group'),(11,'Can delete group',3,'delete_group'),(12,'Can view group',3,'view_group'),(13,'Can add user',4,'add_user'),(14,'Can change user',4,'change_user'),(15,'Can delete user',4,'delete_user'),(16,'Can view user',4,'view_user'),(17,'Can add content type',5,'add_contenttype'),(18,'Can change content type',5,'change_contenttype'),(19,'Can delete content type',5,'delete_contenttype'),(20,'Can view content type',5,'view_contenttype'),(21,'Can add session',6,'add_session'),(22,'Can change session',6,'change_session'),(23,'Can delete session',6,'delete_session'),(24,'Can view session',6,'view_session');
/*!40000 ALTER TABLE `auth_permission` ENABLE KEYS */;
UNLOCK TABLES;

--
-- Table structure for table `auth_user`
--

DROP TABLE IF EXISTS `auth_user`;
/*!40101 SET @saved_cs_client     = @@character_set_client */;
/*!50503 SET character_set_client = utf8mb4 */;
CREATE TABLE `auth_user` (
  `id` int NOT NULL AUTO_INCREMENT,
  `password` varchar(128) NOT NULL,
  `last_login` datetime(6) DEFAULT NULL,
  `is_superuser` tinyint(1) NOT NULL,
  `username` varchar(150) NOT NULL,
  `first_name` varchar(30) NOT NULL,
  `last_name` varchar(150) NOT NULL,
  `email` varchar(254) NOT NULL,
  `is_staff` tinyint(1) NOT NULL,
  `is_active` tinyint(1) NOT NULL,
  `date_joined` datetime(6) NOT NULL,
  PRIMARY KEY (`id`),
  UNIQUE KEY `username` (`username`)
) ENGINE=InnoDB AUTO_INCREMENT=2 DEFAULT CHARSET=latin1;
/*!40101 SET character_set_client = @saved_cs_client */;

--
-- Dumping data for table `auth_user`
--

LOCK TABLES `auth_user` WRITE;
/*!40000 ALTER TABLE `auth_user` DISABLE KEYS */;
INSERT INTO `auth_user` VALUES (1,'pbkdf2_sha256$120000$t1PV0MeFrM2P$mdFVt5O/PMrM6U6PP4ei7LDjVNuN0OJi97bq+oRxpQg=','2020-10-19 22:21:14.385392',0,'kgayke','','','k2gaike@gmail.com',0,1,'2020-10-19 22:21:13.589791');
/*!40000 ALTER TABLE `auth_user` ENABLE KEYS */;
UNLOCK TABLES;

--
-- Table structure for table `auth_user_groups`
--

DROP TABLE IF EXISTS `auth_user_groups`;
/*!40101 SET @saved_cs_client     = @@character_set_client */;
/*!50503 SET character_set_client = utf8mb4 */;
CREATE TABLE `auth_user_groups` (
  `id` int NOT NULL AUTO_INCREMENT,
  `user_id` int NOT NULL,
  `group_id` int NOT NULL,
  PRIMARY KEY (`id`),
  UNIQUE KEY `auth_user_groups_user_id_group_id_94350c0c_uniq` (`user_id`,`group_id`),
  KEY `auth_user_groups_group_id_97559544_fk_auth_group_id` (`group_id`),
  CONSTRAINT `auth_user_groups_group_id_97559544_fk_auth_group_id` FOREIGN KEY (`group_id`) REFERENCES `auth_group` (`id`),
  CONSTRAINT `auth_user_groups_user_id_6a12ed8b_fk_auth_user_id` FOREIGN KEY (`user_id`) REFERENCES `auth_user` (`id`)
) ENGINE=InnoDB DEFAULT CHARSET=latin1;
/*!40101 SET character_set_client = @saved_cs_client */;

--
-- Dumping data for table `auth_user_groups`
--

LOCK TABLES `auth_user_groups` WRITE;
/*!40000 ALTER TABLE `auth_user_groups` DISABLE KEYS */;
/*!40000 ALTER TABLE `auth_user_groups` ENABLE KEYS */;
UNLOCK TABLES;

--
-- Table structure for table `auth_user_user_permissions`
--

DROP TABLE IF EXISTS `auth_user_user_permissions`;
/*!40101 SET @saved_cs_client     = @@character_set_client */;
/*!50503 SET character_set_client = utf8mb4 */;
CREATE TABLE `auth_user_user_permissions` (
  `id` int NOT NULL AUTO_INCREMENT,
  `user_id` int NOT NULL,
  `permission_id` int NOT NULL,
  PRIMARY KEY (`id`),
  UNIQUE KEY `auth_user_user_permissions_user_id_permission_id_14a6b632_uniq` (`user_id`,`permission_id`),
  KEY `auth_user_user_permi_permission_id_1fbb5f2c_fk_auth_perm` (`permission_id`),
  CONSTRAINT `auth_user_user_permi_permission_id_1fbb5f2c_fk_auth_perm` FOREIGN KEY (`permission_id`) REFERENCES `auth_permission` (`id`),
  CONSTRAINT `auth_user_user_permissions_user_id_a95ead1b_fk_auth_user_id` FOREIGN KEY (`user_id`) REFERENCES `auth_user` (`id`)
) ENGINE=InnoDB DEFAULT CHARSET=latin1;
/*!40101 SET character_set_client = @saved_cs_client */;

--
-- Dumping data for table `auth_user_user_permissions`
--

LOCK TABLES `auth_user_user_permissions` WRITE;
/*!40000 ALTER TABLE `auth_user_user_permissions` DISABLE KEYS */;
/*!40000 ALTER TABLE `auth_user_user_permissions` ENABLE KEYS */;
UNLOCK TABLES;

--
-- Table structure for table `careerpath`
--

DROP TABLE IF EXISTS `careerpath`;
/*!40101 SET @saved_cs_client     = @@character_set_client */;
/*!50503 SET character_set_client = utf8mb4 */;
CREATE TABLE `careerpath` (
  `careerPathID` char(4) NOT NULL,
  `careerPathName` varchar(50) DEFAULT NULL,
  PRIMARY KEY (`careerPathID`)
) ENGINE=InnoDB DEFAULT CHARSET=latin1;
/*!40101 SET character_set_client = @saved_cs_client */;

--
-- Dumping data for table `careerpath`
--

LOCK TABLES `careerpath` WRITE;
/*!40000 ALTER TABLE `careerpath` DISABLE KEYS */;
INSERT INTO `careerpath` VALUES ('C100','Data Analyst');
/*!40000 ALTER TABLE `careerpath` ENABLE KEYS */;
UNLOCK TABLES;

--
-- Table structure for table `django_admin_log`
--

DROP TABLE IF EXISTS `django_admin_log`;
/*!40101 SET @saved_cs_client     = @@character_set_client */;
/*!50503 SET character_set_client = utf8mb4 */;
CREATE TABLE `django_admin_log` (
  `id` int NOT NULL AUTO_INCREMENT,
  `action_time` datetime(6) NOT NULL,
  `object_id` longtext,
  `object_repr` varchar(200) NOT NULL,
  `action_flag` smallint unsigned NOT NULL,
  `change_message` longtext NOT NULL,
  `content_type_id` int DEFAULT NULL,
  `user_id` int NOT NULL,
  PRIMARY KEY (`id`),
  KEY `django_admin_log_content_type_id_c4bce8eb_fk_django_co` (`content_type_id`),
  KEY `django_admin_log_user_id_c564eba6_fk_auth_user_id` (`user_id`),
  CONSTRAINT `django_admin_log_content_type_id_c4bce8eb_fk_django_co` FOREIGN KEY (`content_type_id`) REFERENCES `django_content_type` (`id`),
  CONSTRAINT `django_admin_log_user_id_c564eba6_fk_auth_user_id` FOREIGN KEY (`user_id`) REFERENCES `auth_user` (`id`)
) ENGINE=InnoDB DEFAULT CHARSET=latin1;
/*!40101 SET character_set_client = @saved_cs_client */;

--
-- Dumping data for table `django_admin_log`
--

LOCK TABLES `django_admin_log` WRITE;
/*!40000 ALTER TABLE `django_admin_log` DISABLE KEYS */;
/*!40000 ALTER TABLE `django_admin_log` ENABLE KEYS */;
UNLOCK TABLES;

--
-- Table structure for table `django_content_type`
--

DROP TABLE IF EXISTS `django_content_type`;
/*!40101 SET @saved_cs_client     = @@character_set_client */;
/*!50503 SET character_set_client = utf8mb4 */;
CREATE TABLE `django_content_type` (
  `id` int NOT NULL AUTO_INCREMENT,
  `app_label` varchar(100) NOT NULL,
  `model` varchar(100) NOT NULL,
  PRIMARY KEY (`id`),
  UNIQUE KEY `django_content_type_app_label_model_76bd3d3b_uniq` (`app_label`,`model`)
) ENGINE=InnoDB AUTO_INCREMENT=7 DEFAULT CHARSET=latin1;
/*!40101 SET character_set_client = @saved_cs_client */;

--
-- Dumping data for table `django_content_type`
--

LOCK TABLES `django_content_type` WRITE;
/*!40000 ALTER TABLE `django_content_type` DISABLE KEYS */;
INSERT INTO `django_content_type` VALUES (1,'admin','logentry'),(3,'auth','group'),(2,'auth','permission'),(4,'auth','user'),(5,'contenttypes','contenttype'),(6,'sessions','session');
/*!40000 ALTER TABLE `django_content_type` ENABLE KEYS */;
UNLOCK TABLES;

--
-- Table structure for table `django_migrations`
--

DROP TABLE IF EXISTS `django_migrations`;
/*!40101 SET @saved_cs_client     = @@character_set_client */;
/*!50503 SET character_set_client = utf8mb4 */;
CREATE TABLE `django_migrations` (
  `id` int NOT NULL AUTO_INCREMENT,
  `app` varchar(255) NOT NULL,
  `name` varchar(255) NOT NULL,
  `applied` datetime(6) NOT NULL,
  PRIMARY KEY (`id`)
) ENGINE=InnoDB AUTO_INCREMENT=16 DEFAULT CHARSET=latin1;
/*!40101 SET character_set_client = @saved_cs_client */;

--
-- Dumping data for table `django_migrations`
--

LOCK TABLES `django_migrations` WRITE;
/*!40000 ALTER TABLE `django_migrations` DISABLE KEYS */;
INSERT INTO `django_migrations` VALUES (1,'contenttypes','0001_initial','2020-03-09 23:45:06.538733'),(2,'auth','0001_initial','2020-03-09 23:45:10.018233'),(3,'admin','0001_initial','2020-03-09 23:45:11.118233'),(4,'admin','0002_logentry_remove_auto_add','2020-03-09 23:45:11.139233'),(5,'admin','0003_logentry_add_action_flag_choices','2020-03-09 23:45:11.169233'),(6,'contenttypes','0002_remove_content_type_name','2020-03-09 23:45:11.498233'),(7,'auth','0002_alter_permission_name_max_length','2020-03-09 23:45:11.539233'),(8,'auth','0003_alter_user_email_max_length','2020-03-09 23:45:11.619233'),(9,'auth','0004_alter_user_username_opts','2020-03-09 23:45:11.629233'),(10,'auth','0005_alter_user_last_login_null','2020-03-09 23:45:11.770233'),(11,'auth','0006_require_contenttypes_0002','2020-03-09 23:45:11.810233'),(12,'auth','0007_alter_validators_add_error_messages','2020-03-09 23:45:11.820233'),(13,'auth','0008_alter_user_username_max_length','2020-03-09 23:45:11.831233'),(14,'auth','0009_alter_user_last_name_max_length','2020-03-09 23:45:11.949233'),(15,'sessions','0001_initial','2020-03-09 23:45:12.140233');
/*!40000 ALTER TABLE `django_migrations` ENABLE KEYS */;
UNLOCK TABLES;

--
-- Table structure for table `django_session`
--

DROP TABLE IF EXISTS `django_session`;
/*!40101 SET @saved_cs_client     = @@character_set_client */;
/*!50503 SET character_set_client = utf8mb4 */;
CREATE TABLE `django_session` (
  `session_key` varchar(40) NOT NULL,
  `session_data` longtext NOT NULL,
  `expire_date` datetime(6) NOT NULL,
  PRIMARY KEY (`session_key`),
  KEY `django_session_expire_date_a5c62663` (`expire_date`)
) ENGINE=InnoDB DEFAULT CHARSET=latin1;
/*!40101 SET character_set_client = @saved_cs_client */;

--
-- Dumping data for table `django_session`
--

LOCK TABLES `django_session` WRITE;
/*!40000 ALTER TABLE `django_session` DISABLE KEYS */;
INSERT INTO `django_session` VALUES ('tyl1c5xdi2x8x2jwg76rgv4m7k8zrh9f','Y2FhMTEwYWE3NTdhZjlkMTFkYzhlMDM0OGM4NTU4YzVjZGQwZDM0Njp7Il9hdXRoX3VzZXJfaWQiOiIxIiwiX2F1dGhfdXNlcl9iYWNrZW5kIjoiZGphbmdvLmNvbnRyaWIuYXV0aC5iYWNrZW5kcy5Nb2RlbEJhY2tlbmQiLCJfYXV0aF91c2VyX2hhc2giOiJmMzIyNjA4ZWY3OTQ5MWYwMTUwOGMyMDFlMDIzZmRjNjI3MTU4N2IzIn0=','2020-11-02 22:21:14.400992');
/*!40000 ALTER TABLE `django_session` ENABLE KEYS */;
UNLOCK TABLES;

--
-- Table structure for table `initialgoalparameter`
--

DROP TABLE IF EXISTS `initialgoalparameter`;
/*!40101 SET @saved_cs_client     = @@character_set_client */;
/*!50503 SET character_set_client = utf8mb4 */;
CREATE TABLE `initialgoalparameter` (
  `transactionID` bigint NOT NULL,
  `iorg` varchar(10) NOT NULL,
  `parameterID` varchar(10) NOT NULL,
  PRIMARY KEY (`transactionID`,`iorg`,`parameterID`),
  KEY `knowledgeID` (`parameterID`),
  CONSTRAINT `initialgoalparameter_ibfk_1` FOREIGN KEY (`parameterID`) REFERENCES `parameterlist` (`parameterID`)
) ENGINE=InnoDB DEFAULT CHARSET=latin1;
/*!40101 SET character_set_client = @saved_cs_client */;

--
-- Dumping data for table `initialgoalparameter`
--

LOCK TABLES `initialgoalparameter` WRITE;
/*!40000 ALTER TABLE `initialgoalparameter` DISABLE KEYS */;
INSERT INTO `initialgoalparameter` VALUES (1,'I','p1'),(2,'I','p1'),(4,'G','p1'),(6,'I','p1'),(7,'G','p1'),(10,'G','p1'),(12,'G','p1'),(14,'I','p1'),(15,'G','p1'),(16,'G','p1'),(17,'G','p1'),(18,'G','p1'),(21,'I','p1'),(22,'G','p1'),(26,'G','p1'),(28,'G','p1'),(30,'G','p1'),(3,'G','p10'),(6,'G','p10'),(7,'I','p10'),(8,'I','p10'),(11,'G','p10'),(13,'I','p10'),(14,'I','p10'),(16,'G','p10'),(17,'I','p10'),(19,'I','p10'),(20,'G','p10'),(21,'I','p10'),(23,'G','p10'),(24,'I','p10'),(25,'G','p10'),(26,'I','p10'),(27,'I','p10'),(28,'I','p10'),(29,'G','p10'),(30,'G','p10'),(2,'G','p11'),(7,'I','p11'),(8,'G','p11'),(9,'G','p11'),(12,'G','p11'),(13,'I','p11'),(14,'G','p11'),(16,'I','p11'),(17,'I','p11'),(18,'G','p11'),(19,'G','p11'),(21,'I','p11'),(22,'G','p11'),(24,'I','p11'),(25,'G','p11'),(26,'I','p11'),(3,'G','p12'),(4,'I','p12'),(5,'I','p12'),(8,'G','p12'),(11,'I','p12'),(13,'G','p12'),(14,'G','p12'),(17,'G','p12'),(21,'G','p12'),(23,'I','p12'),(24,'G','p12'),(25,'I','p12'),(27,'G','p12'),(28,'I','p12'),(29,'G','p12'),(5,'I','p13'),(8,'G','p13'),(9,'I','p13'),(10,'I','p13'),(12,'G','p13'),(16,'I','p13'),(19,'G','p13'),(22,'I','p13'),(23,'I','p13'),(24,'G','p13'),(27,'G','p13'),(28,'G','p13'),(29,'I','p13'),(1,'G','p14'),(3,'I','p14'),(4,'G','p14'),(5,'G','p14'),(6,'I','p14'),(7,'G','p14'),(9,'I','p14'),(10,'G','p14'),(11,'G','p14'),(15,'I','p14'),(17,'G','p14'),(18,'G','p14'),(20,'I','p14'),(21,'I','p14'),(22,'G','p14'),(29,'G','p14'),(30,'I','p14'),(1,'G','p15'),(2,'I','p15'),(3,'I','p15'),(4,'G','p15'),(9,'G','p15'),(10,'I','p15'),(12,'G','p15'),(13,'G','p15'),(14,'I','p15'),(15,'G','p15'),(19,'I','p15'),(20,'G','p15'),(22,'G','p15'),(23,'G','p15'),(25,'G','p15'),(1,'G','p16'),(3,'G','p16'),(5,'I','p16'),(6,'G','p16'),(11,'G','p16'),(13,'G','p16'),(17,'G','p16'),(19,'I','p16'),(24,'I','p16'),(25,'G','p16'),(26,'G','p16'),(28,'G','p16'),(1,'I','p17'),(2,'G','p17'),(6,'G','p17'),(8,'G','p17'),(9,'I','p17'),(10,'G','p17'),(12,'I','p17'),(13,'G','p17'),(20,'G','p17'),(21,'G','p17'),(25,'G','p17'),(28,'G','p17'),(30,'G','p17'),(4,'G','p18'),(7,'G','p18'),(8,'I','p18'),(11,'I','p18'),(12,'I','p18'),(15,'G','p18'),(16,'G','p18'),(18,'I','p18'),(19,'G','p18'),(23,'I','p18'),(24,'I','p18'),(26,'G','p18'),(29,'G','p18'),(30,'G','p18'),(2,'I','p19'),(3,'G','p19'),(4,'G','p19'),(8,'G','p19'),(11,'G','p19'),(15,'I','p19'),(17,'G','p19'),(18,'I','p19'),(20,'I','p19'),(21,'G','p19'),(22,'G','p19'),(23,'G','p19'),(25,'I','p19'),(27,'I','p19'),(29,'I','p19'),(30,'G','p19'),(1,'I','p2'),(3,'I','p2'),(6,'G','p2'),(10,'G','p2'),(16,'G','p2'),(20,'G','p2'),(22,'I','p2'),(23,'I','p2'),(24,'G','p2'),(26,'I','p2'),(27,'I','p2'),(30,'I','p2'),(1,'G','p20'),(2,'G','p20'),(5,'G','p20'),(7,'G','p20'),(9,'G','p20'),(11,'G','p20'),(15,'G','p20'),(16,'G','p20'),(17,'G','p20'),(18,'I','p20'),(19,'G','p20'),(25,'I','p20'),(26,'G','p20'),(27,'I','p20'),(29,'I','p20'),(2,'I','p3'),(5,'I','p3'),(7,'I','p3'),(8,'G','p3'),(9,'G','p3'),(10,'G','p3'),(12,'G','p3'),(13,'G','p3'),(14,'G','p3'),(20,'I','p3'),(25,'G','p3'),(27,'G','p3'),(28,'G','p3'),(1,'G','p4'),(9,'G','p4'),(12,'I','p4'),(13,'I','p4'),(14,'G','p4'),(15,'G','p4'),(16,'I','p4'),(17,'I','p4'),(18,'G','p4'),(20,'G','p4'),(22,'I','p4'),(23,'G','p4'),(24,'G','p4'),(26,'G','p4'),(29,'G','p4'),(1,'I','p5'),(2,'G','p5'),(4,'I','p5'),(5,'G','p5'),(6,'I','p5'),(7,'G','p5'),(11,'I','p5'),(12,'G','p5'),(14,'G','p5'),(15,'G','p5'),(17,'I','p5'),(19,'G','p5'),(22,'I','p5'),(24,'G','p5'),(25,'I','p5'),(29,'I','p5'),(30,'I','p5'),(2,'G','p6'),(3,'G','p6'),(5,'G','p6'),(6,'I','p6'),(7,'I','p6'),(8,'I','p6'),(9,'G','p6'),(10,'I','p6'),(16,'G','p6'),(19,'G','p6'),(20,'G','p6'),(26,'G','p6'),(27,'G','p6'),(30,'G','p6'),(1,'G','p7'),(4,'G','p7'),(5,'G','p7'),(6,'G','p7'),(11,'G','p7'),(13,'I','p7'),(16,'I','p7'),(18,'G','p7'),(21,'G','p7'),(27,'G','p7'),(28,'G','p7'),(30,'I','p7'),(3,'G','p8'),(4,'I','p8'),(5,'G','p8'),(6,'G','p8'),(9,'I','p8'),(10,'I','p8'),(11,'I','p8'),(13,'G','p8'),(14,'G','p8'),(15,'I','p8'),(18,'G','p8'),(20,'I','p8'),(21,'G','p8'),(23,'G','p8'),(26,'I','p8'),(27,'G','p8'),(28,'I','p8'),(2,'G','p9'),(3,'I','p9'),(4,'I','p9'),(7,'G','p9'),(8,'I','p9'),(10,'G','p9'),(12,'I','p9'),(14,'I','p9'),(15,'I','p9'),(18,'I','p9'),(19,'I','p9'),(21,'G','p9'),(22,'G','p9'),(23,'G','p9'),(24,'G','p9'),(28,'I','p9'),(29,'G','p9');
/*!40000 ALTER TABLE `initialgoalparameter` ENABLE KEYS */;
UNLOCK TABLES;

--
-- Table structure for table `inputparameter`
--

DROP TABLE IF EXISTS `inputparameter`;
/*!40101 SET @saved_cs_client     = @@character_set_client */;
/*!50503 SET character_set_client = utf8mb4 */;
CREATE TABLE `inputparameter` (
  `webServiceID` varchar(10) NOT NULL,
  `parameterID` varchar(10) NOT NULL,
  PRIMARY KEY (`webServiceID`,`parameterID`),
  KEY `knowledgeID` (`parameterID`)
) ENGINE=InnoDB DEFAULT CHARSET=latin1;
/*!40101 SET character_set_client = @saved_cs_client */;

--
-- Dumping data for table `inputparameter`
--

LOCK TABLES `inputparameter` WRITE;
/*!40000 ALTER TABLE `inputparameter` DISABLE KEYS */;
INSERT INTO `inputparameter` VALUES ('WSS1','p1'),('WSS10','p1'),('WSS124','p1'),('WSS130','p1'),('WSS145','p1'),('WSS156','p1'),('WSS172','p1'),('WSS179','p1'),('WSS195','p1'),('WSS208','p1'),('WSS221','p1'),('WSS222','p1'),('WSS245','p1'),('WSS25','p1'),('WSS272','p1'),('WSS324','p1'),('WSS33','p1'),('WSS345','p1'),('WSS355','p1'),('WSS366','p1'),('WSS385','p1'),('WSS395','p1'),('WSS403','p1'),('WSS418','p1'),('WSS434','p1'),('WSS453','p1'),('WSS482','p1'),('WSS496','p1'),('WSS498','p1'),('WSS513','p1'),('WSS55','p1'),('WSS552','p1'),('WSS568','p1'),('WSS575','p1'),('WSS579','p1'),('WSS599','p1'),('WSS60','p1'),('WSS62','p1'),('WSS65','p1'),('WSS73','p1'),('WSS80','p1'),('WSS1','p10'),('WSS110','p10'),('WSS112','p10'),('WSS115','p10'),('WSS128','p10'),('WSS142','p10'),('WSS146','p10'),('WSS149','p10'),('WSS167','p10'),('WSS189','p10'),('WSS208','p10'),('WSS225','p10'),('WSS238','p10'),('WSS254','p10'),('WSS258','p10'),('WSS260','p10'),('WSS262','p10'),('WSS277','p10'),('WSS29','p10'),('WSS293','p10'),('WSS30','p10'),('WSS313','p10'),('WSS314','p10'),('WSS331','p10'),('WSS334','p10'),('WSS347','p10'),('WSS351','p10'),('WSS357','p10'),('WSS363','p10'),('WSS365','p10'),('WSS369','p10'),('WSS37','p10'),('WSS373','p10'),('WSS381','p10'),('WSS385','p10'),('WSS403','p10'),('WSS410','p10'),('WSS411','p10'),('WSS429','p10'),('WSS439','p10'),('WSS457','p10'),('WSS462','p10'),('WSS475','p10'),('WSS478','p10'),('WSS481','p10'),('WSS484','p10'),('WSS486','p10'),('WSS505','p10'),('WSS521','p10'),('WSS523','p10'),('WSS536','p10'),('WSS542','p10'),('WSS556','p10'),('WSS559','p10'),('WSS560','p10'),('WSS563','p10'),('WSS566','p10'),('WSS577','p10'),('WSS64','p10'),('WSS67','p10'),('WSS87','p10'),('WSS89','p10'),('WSS102','p11'),('WSS107','p11'),('WSS109','p11'),('WSS120','p11'),('WSS14','p11'),('WSS145','p11'),('WSS154','p11'),('WSS161','p11'),('WSS19','p11'),('WSS213','p11'),('WSS264','p11'),('WSS27','p11'),('WSS272','p11'),('WSS277','p11'),('WSS279','p11'),('WSS282','p11'),('WSS285','p11'),('WSS290','p11'),('WSS294','p11'),('WSS31','p11'),('WSS328','p11'),('WSS344','p11'),('WSS345','p11'),('WSS359','p11'),('WSS363','p11'),('WSS370','p11'),('WSS372','p11'),('WSS376','p11'),('WSS386','p11'),('WSS4','p11'),('WSS412','p11'),('WSS423','p11'),('WSS426','p11'),('WSS434','p11'),('WSS435','p11'),('WSS439','p11'),('WSS45','p11'),('WSS450','p11'),('WSS467','p11'),('WSS475','p11'),('WSS48','p11'),('WSS482','p11'),('WSS511','p11'),('WSS519','p11'),('WSS521','p11'),('WSS540','p11'),('WSS543','p11'),('WSS547','p11'),('WSS549','p11'),('WSS561','p11'),('WSS578','p11'),('WSS595','p11'),('WSS75','p11'),('WSS97','p11'),('WSS101','p12'),('WSS122','p12'),('WSS126','p12'),('WSS129','p12'),('WSS133','p12'),('WSS150','p12'),('WSS165','p12'),('WSS168','p12'),('WSS174','p12'),('WSS178','p12'),('WSS191','p12'),('WSS219','p12'),('WSS223','p12'),('WSS226','p12'),('WSS23','p12'),('WSS235','p12'),('WSS236','p12'),('WSS24','p12'),('WSS251','p12'),('WSS267','p12'),('WSS271','p12'),('WSS274','p12'),('WSS28','p12'),('WSS299','p12'),('WSS305','p12'),('WSS306','p12'),('WSS309','p12'),('WSS314','p12'),('WSS318','p12'),('WSS32','p12'),('WSS330','p12'),('WSS335','p12'),('WSS352','p12'),('WSS360','p12'),('WSS371','p12'),('WSS387','p12'),('WSS388','p12'),('WSS391','p12'),('WSS422','p12'),('WSS423','p12'),('WSS425','p12'),('WSS431','p12'),('WSS446','p12'),('WSS454','p12'),('WSS455','p12'),('WSS46','p12'),('WSS471','p12'),('WSS473','p12'),('WSS476','p12'),('WSS478','p12'),('WSS48','p12'),('WSS522','p12'),('WSS529','p12'),('WSS531','p12'),('WSS533','p12'),('WSS577','p12'),('WSS587','p12'),('WSS59','p12'),('WSS590','p12'),('WSS595','p12'),('WSS62','p12'),('WSS68','p12'),('WSS74','p12'),('WSS75','p12'),('WSS81','p12'),('WSS84','p12'),('WSS86','p12'),('WSS88','p12'),('WSS9','p12'),('WSS104','p13'),('WSS120','p13'),('WSS121','p13'),('WSS131','p13'),('WSS132','p13'),('WSS15','p13'),('WSS164','p13'),('WSS17','p13'),('WSS183','p13'),('WSS186','p13'),('WSS206','p13'),('WSS207','p13'),('WSS214','p13'),('WSS219','p13'),('WSS227','p13'),('WSS229','p13'),('WSS236','p13'),('WSS253','p13'),('WSS278','p13'),('WSS282','p13'),('WSS284','p13'),('WSS289','p13'),('WSS29','p13'),('WSS319','p13'),('WSS327','p13'),('WSS335','p13'),('WSS347','p13'),('WSS360','p13'),('WSS386','p13'),('WSS394','p13'),('WSS41','p13'),('WSS414','p13'),('WSS417','p13'),('WSS421','p13'),('WSS428','p13'),('WSS429','p13'),('WSS435','p13'),('WSS441','p13'),('WSS443','p13'),('WSS447','p13'),('WSS448','p13'),('WSS451','p13'),('WSS468','p13'),('WSS477','p13'),('WSS486','p13'),('WSS496','p13'),('WSS499','p13'),('WSS500','p13'),('WSS51','p13'),('WSS522','p13'),('WSS532','p13'),('WSS550','p13'),('WSS554','p13'),('WSS561','p13'),('WSS578','p13'),('WSS593','p13'),('WSS65','p13'),('WSS66','p13'),('WSS8','p13'),('WSS98','p13'),('WSS108','p14'),('WSS153','p14'),('WSS166','p14'),('WSS171','p14'),('WSS172','p14'),('WSS173','p14'),('WSS189','p14'),('WSS197','p14'),('WSS198','p14'),('WSS204','p14'),('WSS205','p14'),('WSS232','p14'),('WSS233','p14'),('WSS240','p14'),('WSS244','p14'),('WSS246','p14'),('WSS248','p14'),('WSS252','p14'),('WSS253','p14'),('WSS261','p14'),('WSS290','p14'),('WSS32','p14'),('WSS33','p14'),('WSS348','p14'),('WSS35','p14'),('WSS358','p14'),('WSS384','p14'),('WSS389','p14'),('WSS398','p14'),('WSS402','p14'),('WSS416','p14'),('WSS418','p14'),('WSS433','p14'),('WSS444','p14'),('WSS455','p14'),('WSS466','p14'),('WSS470','p14'),('WSS473','p14'),('WSS477','p14'),('WSS487','p14'),('WSS491','p14'),('WSS498','p14'),('WSS507','p14'),('WSS530','p14'),('WSS531','p14'),('WSS559','p14'),('WSS564','p14'),('WSS569','p14'),('WSS570','p14'),('WSS576','p14'),('WSS589','p14'),('WSS591','p14'),('WSS592','p14'),('WSS64','p14'),('WSS69','p14'),('WSS78','p14'),('WSS81','p14'),('WSS103','p15'),('WSS104','p15'),('WSS106','p15'),('WSS121','p15'),('WSS130','p15'),('WSS141','p15'),('WSS146','p15'),('WSS151','p15'),('WSS154','p15'),('WSS164','p15'),('WSS176','p15'),('WSS194','p15'),('WSS214','p15'),('WSS242','p15'),('WSS266','p15'),('WSS269','p15'),('WSS27','p15'),('WSS294','p15'),('WSS297','p15'),('WSS3','p15'),('WSS310','p15'),('WSS311','p15'),('WSS322','p15'),('WSS334','p15'),('WSS361','p15'),('WSS375','p15'),('WSS376','p15'),('WSS390','p15'),('WSS401','p15'),('WSS424','p15'),('WSS442','p15'),('WSS444','p15'),('WSS445','p15'),('WSS446','p15'),('WSS458','p15'),('WSS461','p15'),('WSS462','p15'),('WSS479','p15'),('WSS49','p15'),('WSS536','p15'),('WSS537','p15'),('WSS541','p15'),('WSS550','p15'),('WSS552','p15'),('WSS555','p15'),('WSS57','p15'),('WSS572','p15'),('WSS574','p15'),('WSS61','p15'),('WSS82','p15'),('WSS83','p15'),('WSS89','p15'),('WSS92','p15'),('WSS106','p16'),('WSS110','p16'),('WSS131','p16'),('WSS136','p16'),('WSS142','p16'),('WSS144','p16'),('WSS159','p16'),('WSS169','p16'),('WSS184','p16'),('WSS209','p16'),('WSS21','p16'),('WSS212','p16'),('WSS213','p16'),('WSS217','p16'),('WSS229','p16'),('WSS237','p16'),('WSS248','p16'),('WSS249','p16'),('WSS259','p16'),('WSS263','p16'),('WSS300','p16'),('WSS312','p16'),('WSS320','p16'),('WSS321','p16'),('WSS337','p16'),('WSS34','p16'),('WSS35','p16'),('WSS359','p16'),('WSS362','p16'),('WSS370','p16'),('WSS381','p16'),('WSS397','p16'),('WSS400','p16'),('WSS404','p16'),('WSS406','p16'),('WSS412','p16'),('WSS419','p16'),('WSS432','p16'),('WSS441','p16'),('WSS447','p16'),('WSS448','p16'),('WSS449','p16'),('WSS485','p16'),('WSS491','p16'),('WSS503','p16'),('WSS504','p16'),('WSS506','p16'),('WSS518','p16'),('WSS520','p16'),('WSS533','p16'),('WSS535','p16'),('WSS553','p16'),('WSS558','p16'),('WSS56','p16'),('WSS568','p16'),('WSS57','p16'),('WSS594','p16'),('WSS60','p16'),('WSS70','p16'),('WSS74','p16'),('WSS77','p16'),('WSS8','p16'),('WSS90','p16'),('WSS93','p16'),('WSS99','p16'),('WSS109','p17'),('WSS11','p17'),('WSS114','p17'),('WSS126','p17'),('WSS127','p17'),('WSS13','p17'),('WSS157','p17'),('WSS161','p17'),('WSS188','p17'),('WSS2','p17'),('WSS203','p17'),('WSS204','p17'),('WSS209','p17'),('WSS22','p17'),('WSS232','p17'),('WSS244','p17'),('WSS246','p17'),('WSS250','p17'),('WSS252','p17'),('WSS274','p17'),('WSS286','p17'),('WSS291','p17'),('WSS3','p17'),('WSS301','p17'),('WSS306','p17'),('WSS336','p17'),('WSS343','p17'),('WSS36','p17'),('WSS368','p17'),('WSS382','p17'),('WSS383','p17'),('WSS39','p17'),('WSS395','p17'),('WSS396','p17'),('WSS400','p17'),('WSS407','p17'),('WSS45','p17'),('WSS460','p17'),('WSS474','p17'),('WSS488','p17'),('WSS501','p17'),('WSS507','p17'),('WSS514','p17'),('WSS515','p17'),('WSS530','p17'),('WSS534','p17'),('WSS544','p17'),('WSS546','p17'),('WSS553','p17'),('WSS583','p17'),('WSS587','p17'),('WSS7','p17'),('WSS79','p17'),('WSS94','p17'),('WSS95','p17'),('WSS11','p18'),('WSS12','p18'),('WSS13','p18'),('WSS155','p18'),('WSS158','p18'),('WSS162','p18'),('WSS17','p18'),('WSS178','p18'),('WSS185','p18'),('WSS187','p18'),('WSS2','p18'),('WSS20','p18'),('WSS200','p18'),('WSS210','p18'),('WSS215','p18'),('WSS223','p18'),('WSS226','p18'),('WSS231','p18'),('WSS234','p18'),('WSS254','p18'),('WSS255','p18'),('WSS258','p18'),('WSS268','p18'),('WSS281','p18'),('WSS293','p18'),('WSS299','p18'),('WSS313','p18'),('WSS330','p18'),('WSS34','p18'),('WSS340','p18'),('WSS342','p18'),('WSS356','p18'),('WSS358','p18'),('WSS382','p18'),('WSS396','p18'),('WSS397','p18'),('WSS41','p18'),('WSS42','p18'),('WSS424','p18'),('WSS425','p18'),('WSS449','p18'),('WSS463','p18'),('WSS468','p18'),('WSS469','p18'),('WSS497','p18'),('WSS499','p18'),('WSS514','p18'),('WSS532','p18'),('WSS535','p18'),('WSS548','p18'),('WSS564','p18'),('WSS567','p18'),('WSS576','p18'),('WSS581','p18'),('WSS588','p18'),('WSS600','p18'),('WSS85','p18'),('WSS97','p18'),('WSS99','p18'),('WSS100','p19'),('WSS112','p19'),('WSS116','p19'),('WSS119','p19'),('WSS12','p19'),('WSS132','p19'),('WSS139','p19'),('WSS140','p19'),('WSS144','p19'),('WSS15','p19'),('WSS151','p19'),('WSS152','p19'),('WSS19','p19'),('WSS191','p19'),('WSS197','p19'),('WSS198','p19'),('WSS206','p19'),('WSS212','p19'),('WSS220','p19'),('WSS233','p19'),('WSS238','p19'),('WSS239','p19'),('WSS264','p19'),('WSS267','p19'),('WSS273','p19'),('WSS289','p19'),('WSS307','p19'),('WSS308','p19'),('WSS309','p19'),('WSS311','p19'),('WSS316','p19'),('WSS329','p19'),('WSS337','p19'),('WSS353','p19'),('WSS355','p19'),('WSS361','p19'),('WSS364','p19'),('WSS365','p19'),('WSS37','p19'),('WSS371','p19'),('WSS39','p19'),('WSS393','p19'),('WSS414','p19'),('WSS415','p19'),('WSS421','p19'),('WSS422','p19'),('WSS427','p19'),('WSS430','p19'),('WSS433','p19'),('WSS437','p19'),('WSS445','p19'),('WSS461','p19'),('WSS472','p19'),('WSS489','p19'),('WSS495','p19'),('WSS506','p19'),('WSS518','p19'),('WSS527','p19'),('WSS53','p19'),('WSS538','p19'),('WSS551','p19'),('WSS562','p19'),('WSS563','p19'),('WSS571','p19'),('WSS572','p19'),('WSS584','p19'),('WSS586','p19'),('WSS594','p19'),('WSS599','p19'),('WSS71','p19'),('WSS85','p19'),('WSS91','p19'),('WSS102','p2'),('WSS134','p2'),('WSS136','p2'),('WSS143','p2'),('WSS148','p2'),('WSS149','p2'),('WSS159','p2'),('WSS18','p2'),('WSS187','p2'),('WSS20','p2'),('WSS211','p2'),('WSS215','p2'),('WSS217','p2'),('WSS278','p2'),('WSS281','p2'),('WSS292','p2'),('WSS295','p2'),('WSS301','p2'),('WSS304','p2'),('WSS325','p2'),('WSS327','p2'),('WSS331','p2'),('WSS332','p2'),('WSS342','p2'),('WSS348','p2'),('WSS349','p2'),('WSS388','p2'),('WSS398','p2'),('WSS404','p2'),('WSS405','p2'),('WSS427','p2'),('WSS43','p2'),('WSS437','p2'),('WSS452','p2'),('WSS457','p2'),('WSS459','p2'),('WSS465','p2'),('WSS484','p2'),('WSS490','p2'),('WSS492','p2'),('WSS50','p2'),('WSS500','p2'),('WSS501','p2'),('WSS510','p2'),('WSS517','p2'),('WSS52','p2'),('WSS534','p2'),('WSS539','p2'),('WSS54','p2'),('WSS556','p2'),('WSS562','p2'),('WSS566','p2'),('WSS58','p2'),('WSS582','p2'),('WSS585','p2'),('WSS6','p2'),('WSS63','p2'),('WSS68','p2'),('WSS72','p2'),('WSS73','p2'),('WSS100','p20'),('WSS107','p20'),('WSS111','p20'),('WSS127','p20'),('WSS157','p20'),('WSS166','p20'),('WSS18','p20'),('WSS190','p20'),('WSS199','p20'),('WSS205','p20'),('WSS239','p20'),('WSS24','p20'),('WSS245','p20'),('WSS250','p20'),('WSS265','p20'),('WSS269','p20'),('WSS270','p20'),('WSS275','p20'),('WSS283','p20'),('WSS288','p20'),('WSS296','p20'),('WSS297','p20'),('WSS303','p20'),('WSS318','p20'),('WSS378','p20'),('WSS383','p20'),('WSS4','p20'),('WSS40','p20'),('WSS420','p20'),('WSS428','p20'),('WSS431','p20'),('WSS432','p20'),('WSS440','p20'),('WSS46','p20'),('WSS464','p20'),('WSS480','p20'),('WSS490','p20'),('WSS509','p20'),('WSS541','p20'),('WSS542','p20'),('WSS55','p20'),('WSS557','p20'),('WSS567','p20'),('WSS579','p20'),('WSS58','p20'),('WSS580','p20'),('WSS589','p20'),('WSS600','p20'),('WSS80','p20'),('WSS91','p20'),('WSS117','p3'),('WSS129','p3'),('WSS137','p3'),('WSS168','p3'),('WSS173','p3'),('WSS177','p3'),('WSS180','p3'),('WSS181','p3'),('WSS183','p3'),('WSS186','p3'),('WSS192','p3'),('WSS202','p3'),('WSS21','p3'),('WSS221','p3'),('WSS222','p3'),('WSS231','p3'),('WSS25','p3'),('WSS260','p3'),('WSS261','p3'),('WSS280','p3'),('WSS283','p3'),('WSS285','p3'),('WSS303','p3'),('WSS315','p3'),('WSS332','p3'),('WSS333','p3'),('WSS338','p3'),('WSS362','p3'),('WSS368','p3'),('WSS380','p3'),('WSS399','p3'),('WSS413','p3'),('WSS440','p3'),('WSS463','p3'),('WSS469','p3'),('WSS47','p3'),('WSS488','p3'),('WSS495','p3'),('WSS523','p3'),('WSS524','p3'),('WSS525','p3'),('WSS53','p3'),('WSS538','p3'),('WSS557','p3'),('WSS583','p3'),('WSS588','p3'),('WSS593','p3'),('WSS63','p3'),('WSS69','p3'),('WSS77','p3'),('WSS79','p3'),('WSS94','p3'),('WSS10','p4'),('WSS111','p4'),('WSS128','p4'),('WSS138','p4'),('WSS147','p4'),('WSS160','p4'),('WSS162','p4'),('WSS167','p4'),('WSS170','p4'),('WSS188','p4'),('WSS192','p4'),('WSS193','p4'),('WSS199','p4'),('WSS202','p4'),('WSS218','p4'),('WSS242','p4'),('WSS256','p4'),('WSS259','p4'),('WSS268','p4'),('WSS275','p4'),('WSS284','p4'),('WSS286','p4'),('WSS291','p4'),('WSS298','p4'),('WSS317','p4'),('WSS320','p4'),('WSS322','p4'),('WSS323','p4'),('WSS328','p4'),('WSS338','p4'),('WSS339','p4'),('WSS344','p4'),('WSS346','p4'),('WSS352','p4'),('WSS367','p4'),('WSS373','p4'),('WSS375','p4'),('WSS380','p4'),('WSS389','p4'),('WSS391','p4'),('WSS392','p4'),('WSS42','p4'),('WSS420','p4'),('WSS452','p4'),('WSS456','p4'),('WSS460','p4'),('WSS465','p4'),('WSS519','p4'),('WSS52','p4'),('WSS528','p4'),('WSS544','p4'),('WSS546','p4'),('WSS565','p4'),('WSS573','p4'),('WSS586','p4'),('WSS596','p4'),('WSS597','p4'),('WSS598','p4'),('WSS66','p4'),('WSS71','p4'),('WSS118','p5'),('WSS124','p5'),('WSS138','p5'),('WSS140','p5'),('WSS141','p5'),('WSS153','p5'),('WSS16','p5'),('WSS163','p5'),('WSS176','p5'),('WSS182','p5'),('WSS184','p5'),('WSS185','p5'),('WSS190','p5'),('WSS218','p5'),('WSS224','p5'),('WSS23','p5'),('WSS241','p5'),('WSS251','p5'),('WSS276','p5'),('WSS288','p5'),('WSS302','p5'),('WSS31','p5'),('WSS310','p5'),('WSS317','p5'),('WSS326','p5'),('WSS350','p5'),('WSS353','p5'),('WSS357','p5'),('WSS367','p5'),('WSS372','p5'),('WSS374','p5'),('WSS379','p5'),('WSS38','p5'),('WSS409','p5'),('WSS426','p5'),('WSS436','p5'),('WSS450','p5'),('WSS47','p5'),('WSS476','p5'),('WSS497','p5'),('WSS5','p5'),('WSS509','p5'),('WSS51','p5'),('WSS54','p5'),('WSS560','p5'),('WSS574','p5'),('WSS596','p5'),('WSS6','p5'),('WSS78','p5'),('WSS105','p6'),('WSS113','p6'),('WSS119','p6'),('WSS123','p6'),('WSS135','p6'),('WSS158','p6'),('WSS160','p6'),('WSS165','p6'),('WSS169','p6'),('WSS175','p6'),('WSS180','p6'),('WSS182','p6'),('WSS193','p6'),('WSS194','p6'),('WSS195','p6'),('WSS225','p6'),('WSS228','p6'),('WSS230','p6'),('WSS243','p6'),('WSS247','p6'),('WSS257','p6'),('WSS262','p6'),('WSS273','p6'),('WSS28','p6'),('WSS300','p6'),('WSS304','p6'),('WSS307','p6'),('WSS324','p6'),('WSS333','p6'),('WSS341','p6'),('WSS366','p6'),('WSS369','p6'),('WSS377','p6'),('WSS379','p6'),('WSS392','p6'),('WSS415','p6'),('WSS438','p6'),('WSS44','p6'),('WSS471','p6'),('WSS472','p6'),('WSS493','p6'),('WSS50','p6'),('WSS505','p6'),('WSS508','p6'),('WSS510','p6'),('WSS515','p6'),('WSS524','p6'),('WSS528','p6'),('WSS529','p6'),('WSS539','p6'),('WSS543','p6'),('WSS551','p6'),('WSS573','p6'),('WSS575','p6'),('WSS584','p6'),('WSS585','p6'),('WSS597','p6'),('WSS598','p6'),('WSS7','p6'),('WSS76','p6'),('WSS87','p6'),('WSS116','p7'),('WSS118','p7'),('WSS133','p7'),('WSS137','p7'),('WSS139','p7'),('WSS155','p7'),('WSS163','p7'),('WSS175','p7'),('WSS179','p7'),('WSS227','p7'),('WSS230','p7'),('WSS243','p7'),('WSS255','p7'),('WSS271','p7'),('WSS280','p7'),('WSS287','p7'),('WSS292','p7'),('WSS296','p7'),('WSS30','p7'),('WSS308','p7'),('WSS325','p7'),('WSS339','p7'),('WSS356','p7'),('WSS38','p7'),('WSS384','p7'),('WSS40','p7'),('WSS401','p7'),('WSS406','p7'),('WSS407','p7'),('WSS408','p7'),('WSS436','p7'),('WSS438','p7'),('WSS456','p7'),('WSS466','p7'),('WSS470','p7'),('WSS481','p7'),('WSS492','p7'),('WSS494','p7'),('WSS502','p7'),('WSS503','p7'),('WSS504','p7'),('WSS516','p7'),('WSS526','p7'),('WSS540','p7'),('WSS545','p7'),('WSS558','p7'),('WSS56','p7'),('WSS581','p7'),('WSS591','p7'),('WSS83','p7'),('WSS86','p7'),('WSS9','p7'),('WSS93','p7'),('WSS96','p7'),('WSS123','p8'),('WSS125','p8'),('WSS152','p8'),('WSS156','p8'),('WSS171','p8'),('WSS177','p8'),('WSS181','p8'),('WSS196','p8'),('WSS211','p8'),('WSS216','p8'),('WSS22','p8'),('WSS228','p8'),('WSS234','p8'),('WSS237','p8'),('WSS257','p8'),('WSS26','p8'),('WSS295','p8'),('WSS302','p8'),('WSS312','p8'),('WSS316','p8'),('WSS319','p8'),('WSS323','p8'),('WSS326','p8'),('WSS336','p8'),('WSS351','p8'),('WSS387','p8'),('WSS393','p8'),('WSS394','p8'),('WSS399','p8'),('WSS405','p8'),('WSS408','p8'),('WSS409','p8'),('WSS413','p8'),('WSS442','p8'),('WSS453','p8'),('WSS454','p8'),('WSS458','p8'),('WSS459','p8'),('WSS464','p8'),('WSS487','p8'),('WSS49','p8'),('WSS502','p8'),('WSS512','p8'),('WSS516','p8'),('WSS517','p8'),('WSS526','p8'),('WSS527','p8'),('WSS537','p8'),('WSS547','p8'),('WSS548','p8'),('WSS549','p8'),('WSS554','p8'),('WSS569','p8'),('WSS570','p8'),('WSS571','p8'),('WSS582','p8'),('WSS590','p8'),('WSS67','p8'),('WSS88','p8'),('WSS90','p8'),('WSS98','p8'),('WSS105','p9'),('WSS108','p9'),('WSS113','p9'),('WSS114','p9'),('WSS117','p9'),('WSS125','p9'),('WSS135','p9'),('WSS14','p9'),('WSS143','p9'),('WSS16','p9'),('WSS170','p9'),('WSS174','p9'),('WSS200','p9'),('WSS201','p9'),('WSS203','p9'),('WSS207','p9'),('WSS210','p9'),('WSS220','p9'),('WSS224','p9'),('WSS235','p9'),('WSS240','p9'),('WSS249','p9'),('WSS256','p9'),('WSS26','p9'),('WSS265','p9'),('WSS270','p9'),('WSS276','p9'),('WSS279','p9'),('WSS287','p9'),('WSS298','p9'),('WSS305','p9'),('WSS321','p9'),('WSS329','p9'),('WSS341','p9'),('WSS346','p9'),('WSS349','p9'),('WSS350','p9'),('WSS354','p9'),('WSS36','p9'),('WSS364','p9'),('WSS377','p9'),('WSS390','p9'),('WSS402','p9'),('WSS419','p9'),('WSS44','p9'),('WSS443','p9'),('WSS451','p9'),('WSS479','p9'),('WSS483','p9'),('WSS485','p9'),('WSS489','p9'),('WSS493','p9'),('WSS5','p9'),('WSS508','p9'),('WSS511','p9'),('WSS513','p9'),('WSS520','p9'),('WSS525','p9'),('WSS545','p9'),('WSS555','p9'),('WSS580','p9'),('WSS59','p9'),('WSS70','p9'),('WSS76','p9'),('WSS82','p9'),('WSS92','p9'),('WSS95','p9');
/*!40000 ALTER TABLE `inputparameter` ENABLE KEYS */;
UNLOCK TABLES;

--
-- Table structure for table `knowledgeforcareerpath`
--

DROP TABLE IF EXISTS `knowledgeforcareerpath`;
/*!40101 SET @saved_cs_client     = @@character_set_client */;
/*!50503 SET character_set_client = utf8mb4 */;
CREATE TABLE `knowledgeforcareerpath` (
  `careerPathID` char(4) NOT NULL,
  `knowledgeID` char(6) NOT NULL,
  PRIMARY KEY (`careerPathID`,`knowledgeID`)
) ENGINE=InnoDB DEFAULT CHARSET=latin1;
/*!40101 SET character_set_client = @saved_cs_client */;

--
-- Dumping data for table `knowledgeforcareerpath`
--

LOCK TABLES `knowledgeforcareerpath` WRITE;
/*!40000 ALTER TABLE `knowledgeforcareerpath` DISABLE KEYS */;
INSERT INTO `knowledgeforcareerpath` VALUES ('C100','k1C311'),('C100','k1C412'),('C100','k1C469'),('C100','k1C500');
/*!40000 ALTER TABLE `knowledgeforcareerpath` ENABLE KEYS */;
UNLOCK TABLES;

--
-- Table structure for table `lhs`
--

DROP TABLE IF EXISTS `lhs`;
/*!40101 SET @saved_cs_client     = @@character_set_client */;
/*!50503 SET character_set_client = utf8mb4 */;
CREATE TABLE `lhs` (
  `ruleid` int NOT NULL,
  `courseid` varchar(10) NOT NULL,
  PRIMARY KEY (`ruleid`,`courseid`)
) ENGINE=InnoDB DEFAULT CHARSET=latin1;
/*!40101 SET character_set_client = @saved_cs_client */;

--
-- Dumping data for table `lhs`
--

LOCK TABLES `lhs` WRITE;
/*!40000 ALTER TABLE `lhs` DISABLE KEYS */;
INSERT INTO `lhs` VALUES (1,'ICP006'),(2,'ICP006'),(3,'ICP006'),(4,'ICP110'),(5,'ICP110'),(6,'ICP311'),(7,'ICP006'),(7,'ICP110'),(8,'ICP006'),(8,'ICP110'),(9,'ICP006'),(9,'ICP311'),(10,'ICP110'),(10,'ICP311'),(11,'ICP006'),(11,'ICP110'),(11,'ICP311');
/*!40000 ALTER TABLE `lhs` ENABLE KEYS */;
UNLOCK TABLES;

--
-- Table structure for table `outputparameter`
--

DROP TABLE IF EXISTS `outputparameter`;
/*!40101 SET @saved_cs_client     = @@character_set_client */;
/*!50503 SET character_set_client = utf8mb4 */;
CREATE TABLE `outputparameter` (
  `webServiceID` varchar(10) NOT NULL,
  `parameterID` varchar(10) NOT NULL,
  PRIMARY KEY (`webServiceID`,`parameterID`),
  KEY `knowledgeID` (`parameterID`)
) ENGINE=InnoDB DEFAULT CHARSET=latin1;
/*!40101 SET character_set_client = @saved_cs_client */;

--
-- Dumping data for table `outputparameter`
--

LOCK TABLES `outputparameter` WRITE;
/*!40000 ALTER TABLE `outputparameter` DISABLE KEYS */;
INSERT INTO `outputparameter` VALUES ('WSS101','p1'),('WSS107','p1'),('WSS134','p1'),('WSS17','p1'),('WSS177','p1'),('WSS191','p1'),('WSS208','p1'),('WSS222','p1'),('WSS223','p1'),('WSS224','p1'),('WSS226','p1'),('WSS244','p1'),('WSS245','p1'),('WSS246','p1'),('WSS255','p1'),('WSS265','p1'),('WSS268','p1'),('WSS286','p1'),('WSS288','p1'),('WSS289','p1'),('WSS291','p1'),('WSS294','p1'),('WSS318','p1'),('WSS319','p1'),('WSS320','p1'),('WSS326','p1'),('WSS330','p1'),('WSS334','p1'),('WSS341','p1'),('WSS371','p1'),('WSS373','p1'),('WSS377','p1'),('WSS383','p1'),('WSS390','p1'),('WSS402','p1'),('WSS405','p1'),('WSS406','p1'),('WSS408','p1'),('WSS410','p1'),('WSS422','p1'),('WSS423','p1'),('WSS438','p1'),('WSS445','p1'),('WSS446','p1'),('WSS45','p1'),('WSS451','p1'),('WSS454','p1'),('WSS471','p1'),('WSS495','p1'),('WSS506','p1'),('WSS510','p1'),('WSS511','p1'),('WSS516','p1'),('WSS528','p1'),('WSS536','p1'),('WSS537','p1'),('WSS547','p1'),('WSS55','p1'),('WSS550','p1'),('WSS554','p1'),('WSS557','p1'),('WSS559','p1'),('WSS561','p1'),('WSS571','p1'),('WSS577','p1'),('WSS594','p1'),('WSS73','p1'),('WSS94','p1'),('WSS95','p1'),('WSS103','p10'),('WSS12','p10'),('WSS122','p10'),('WSS137','p10'),('WSS143','p10'),('WSS144','p10'),('WSS155','p10'),('WSS16','p10'),('WSS171','p10'),('WSS179','p10'),('WSS191','p10'),('WSS197','p10'),('WSS217','p10'),('WSS223','p10'),('WSS227','p10'),('WSS232','p10'),('WSS240','p10'),('WSS248','p10'),('WSS254','p10'),('WSS264','p10'),('WSS275','p10'),('WSS277','p10'),('WSS293','p10'),('WSS298','p10'),('WSS302','p10'),('WSS306','p10'),('WSS316','p10'),('WSS317','p10'),('WSS343','p10'),('WSS351','p10'),('WSS353','p10'),('WSS365','p10'),('WSS38','p10'),('WSS386','p10'),('WSS390','p10'),('WSS411','p10'),('WSS414','p10'),('WSS429','p10'),('WSS431','p10'),('WSS451','p10'),('WSS459','p10'),('WSS462','p10'),('WSS474','p10'),('WSS477','p10'),('WSS485','p10'),('WSS488','p10'),('WSS511','p10'),('WSS52','p10'),('WSS533','p10'),('WSS538','p10'),('WSS543','p10'),('WSS578','p10'),('WSS58','p10'),('WSS584','p10'),('WSS592','p10'),('WSS70','p10'),('WSS71','p10'),('WSS74','p10'),('WSS82','p10'),('WSS89','p10'),('WSS91','p10'),('WSS104','p11'),('WSS105','p11'),('WSS11','p11'),('WSS112','p11'),('WSS117','p11'),('WSS125','p11'),('WSS132','p11'),('WSS143','p11'),('WSS154','p11'),('WSS156','p11'),('WSS160','p11'),('WSS163','p11'),('WSS164','p11'),('WSS171','p11'),('WSS194','p11'),('WSS231','p11'),('WSS234','p11'),('WSS239','p11'),('WSS24','p11'),('WSS243','p11'),('WSS250','p11'),('WSS269','p11'),('WSS272','p11'),('WSS278','p11'),('WSS284','p11'),('WSS295','p11'),('WSS313','p11'),('WSS32','p11'),('WSS324','p11'),('WSS336','p11'),('WSS340','p11'),('WSS358','p11'),('WSS36','p11'),('WSS366','p11'),('WSS368','p11'),('WSS369','p11'),('WSS374','p11'),('WSS381','p11'),('WSS382','p11'),('WSS386','p11'),('WSS395','p11'),('WSS402','p11'),('WSS404','p11'),('WSS406','p11'),('WSS421','p11'),('WSS427','p11'),('WSS433','p11'),('WSS435','p11'),('WSS44','p11'),('WSS447','p11'),('WSS464','p11'),('WSS470','p11'),('WSS481','p11'),('WSS485','p11'),('WSS5','p11'),('WSS513','p11'),('WSS520','p11'),('WSS522','p11'),('WSS533','p11'),('WSS560','p11'),('WSS573','p11'),('WSS581','p11'),('WSS588','p11'),('WSS597','p11'),('WSS60','p11'),('WSS66','p11'),('WSS67','p11'),('WSS76','p11'),('WSS77','p11'),('WSS88','p11'),('WSS10','p12'),('WSS100','p12'),('WSS103','p12'),('WSS149','p12'),('WSS150','p12'),('WSS155','p12'),('WSS158','p12'),('WSS183','p12'),('WSS186','p12'),('WSS215','p12'),('WSS216','p12'),('WSS221','p12'),('WSS225','p12'),('WSS23','p12'),('WSS230','p12'),('WSS270','p12'),('WSS278','p12'),('WSS325','p12'),('WSS34','p12'),('WSS343','p12'),('WSS35','p12'),('WSS350','p12'),('WSS356','p12'),('WSS37','p12'),('WSS376','p12'),('WSS379','p12'),('WSS387','p12'),('WSS39','p12'),('WSS399','p12'),('WSS411','p12'),('WSS413','p12'),('WSS414','p12'),('WSS429','p12'),('WSS456','p12'),('WSS496','p12'),('WSS518','p12'),('WSS53','p12'),('WSS544','p12'),('WSS557','p12'),('WSS558','p12'),('WSS570','p12'),('WSS572','p12'),('WSS576','p12'),('WSS600','p12'),('WSS63','p12'),('WSS84','p12'),('WSS101','p13'),('WSS108','p13'),('WSS125','p13'),('WSS134','p13'),('WSS140','p13'),('WSS142','p13'),('WSS159','p13'),('WSS16','p13'),('WSS170','p13'),('WSS173','p13'),('WSS201','p13'),('WSS202','p13'),('WSS204','p13'),('WSS22','p13'),('WSS23','p13'),('WSS231','p13'),('WSS232','p13'),('WSS254','p13'),('WSS28','p13'),('WSS288','p13'),('WSS296','p13'),('WSS301','p13'),('WSS304','p13'),('WSS31','p13'),('WSS322','p13'),('WSS323','p13'),('WSS341','p13'),('WSS370','p13'),('WSS375','p13'),('WSS415','p13'),('WSS437','p13'),('WSS439','p13'),('WSS442','p13'),('WSS453','p13'),('WSS46','p13'),('WSS468','p13'),('WSS475','p13'),('WSS480','p13'),('WSS483','p13'),('WSS559','p13'),('WSS579','p13'),('WSS586','p13'),('WSS593','p13'),('WSS7','p13'),('WSS78','p13'),('WSS79','p13'),('WSS10','p14'),('WSS102','p14'),('WSS113','p14'),('WSS129','p14'),('WSS135','p14'),('WSS140','p14'),('WSS141','p14'),('WSS146','p14'),('WSS17','p14'),('WSS178','p14'),('WSS195','p14'),('WSS2','p14'),('WSS206','p14'),('WSS211','p14'),('WSS215','p14'),('WSS219','p14'),('WSS224','p14'),('WSS229','p14'),('WSS235','p14'),('WSS238','p14'),('WSS243','p14'),('WSS250','p14'),('WSS251','p14'),('WSS253','p14'),('WSS268','p14'),('WSS281','p14'),('WSS293','p14'),('WSS295','p14'),('WSS302','p14'),('WSS326','p14'),('WSS334','p14'),('WSS361','p14'),('WSS362','p14'),('WSS363','p14'),('WSS38','p14'),('WSS389','p14'),('WSS39','p14'),('WSS393','p14'),('WSS395','p14'),('WSS408','p14'),('WSS419','p14'),('WSS43','p14'),('WSS45','p14'),('WSS456','p14'),('WSS473','p14'),('WSS494','p14'),('WSS495','p14'),('WSS504','p14'),('WSS527','p14'),('WSS53','p14'),('WSS541','p14'),('WSS546','p14'),('WSS556','p14'),('WSS565','p14'),('WSS568','p14'),('WSS570','p14'),('WSS573','p14'),('WSS575','p14'),('WSS588','p14'),('WSS59','p14'),('WSS6','p14'),('WSS600','p14'),('WSS79','p14'),('WSS9','p14'),('WSS92','p14'),('WSS114','p15'),('WSS127','p15'),('WSS133','p15'),('WSS138','p15'),('WSS141','p15'),('WSS149','p15'),('WSS152','p15'),('WSS159','p15'),('WSS185','p15'),('WSS219','p15'),('WSS236','p15'),('WSS248','p15'),('WSS25','p15'),('WSS259','p15'),('WSS28','p15'),('WSS285','p15'),('WSS296','p15'),('WSS298','p15'),('WSS310','p15'),('WSS338','p15'),('WSS359','p15'),('WSS367','p15'),('WSS372','p15'),('WSS376','p15'),('WSS387','p15'),('WSS396','p15'),('WSS397','p15'),('WSS398','p15'),('WSS416','p15'),('WSS424','p15'),('WSS426','p15'),('WSS438','p15'),('WSS441','p15'),('WSS457','p15'),('WSS458','p15'),('WSS465','p15'),('WSS478','p15'),('WSS49','p15'),('WSS523','p15'),('WSS535','p15'),('WSS551','p15'),('WSS552','p15'),('WSS567','p15'),('WSS57','p15'),('WSS598','p15'),('WSS63','p15'),('WSS69','p15'),('WSS78','p15'),('WSS82','p15'),('WSS87','p15'),('WSS88','p15'),('WSS90','p15'),('WSS100','p16'),('WSS106','p16'),('WSS112','p16'),('WSS124','p16'),('WSS129','p16'),('WSS130','p16'),('WSS135','p16'),('WSS145','p16'),('WSS164','p16'),('WSS174','p16'),('WSS180','p16'),('WSS184','p16'),('WSS186','p16'),('WSS189','p16'),('WSS197','p16'),('WSS207','p16'),('WSS212','p16'),('WSS228','p16'),('WSS241','p16'),('WSS249','p16'),('WSS279','p16'),('WSS290','p16'),('WSS3','p16'),('WSS300','p16'),('WSS304','p16'),('WSS307','p16'),('WSS344','p16'),('WSS35','p16'),('WSS357','p16'),('WSS361','p16'),('WSS364','p16'),('WSS398','p16'),('WSS40','p16'),('WSS407','p16'),('WSS417','p16'),('WSS425','p16'),('WSS434','p16'),('WSS439','p16'),('WSS442','p16'),('WSS443','p16'),('WSS454','p16'),('WSS467','p16'),('WSS470','p16'),('WSS471','p16'),('WSS472','p16'),('WSS476','p16'),('WSS482','p16'),('WSS490','p16'),('WSS50','p16'),('WSS517','p16'),('WSS540','p16'),('WSS549','p16'),('WSS560','p16'),('WSS563','p16'),('WSS587','p16'),('WSS68','p16'),('WSS85','p16'),('WSS86','p16'),('WSS99','p16'),('WSS107','p17'),('WSS116','p17'),('WSS12','p17'),('WSS121','p17'),('WSS146','p17'),('WSS148','p17'),('WSS161','p17'),('WSS205','p17'),('WSS211','p17'),('WSS212','p17'),('WSS216','p17'),('WSS22','p17'),('WSS245','p17'),('WSS251','p17'),('WSS253','p17'),('WSS27','p17'),('WSS285','p17'),('WSS303','p17'),('WSS309','p17'),('WSS312','p17'),('WSS322','p17'),('WSS333','p17'),('WSS345','p17'),('WSS348','p17'),('WSS351','p17'),('WSS356','p17'),('WSS357','p17'),('WSS360','p17'),('WSS363','p17'),('WSS365','p17'),('WSS375','p17'),('WSS381','p17'),('WSS394','p17'),('WSS403','p17'),('WSS404','p17'),('WSS424','p17'),('WSS433','p17'),('WSS436','p17'),('WSS437','p17'),('WSS450','p17'),('WSS477','p17'),('WSS479','p17'),('WSS489','p17'),('WSS49','p17'),('WSS490','p17'),('WSS51','p17'),('WSS515','p17'),('WSS525','p17'),('WSS529','p17'),('WSS536','p17'),('WSS540','p17'),('WSS582','p17'),('WSS583','p17'),('WSS59','p17'),('WSS595','p17'),('WSS7','p17'),('WSS80','p17'),('WSS81','p17'),('WSS1','p18'),('WSS109','p18'),('WSS110','p18'),('WSS114','p18'),('WSS119','p18'),('WSS126','p18'),('WSS13','p18'),('WSS150','p18'),('WSS154','p18'),('WSS165','p18'),('WSS18','p18'),('WSS188','p18'),('WSS200','p18'),('WSS208','p18'),('WSS209','p18'),('WSS210','p18'),('WSS242','p18'),('WSS255','p18'),('WSS256','p18'),('WSS262','p18'),('WSS265','p18'),('WSS266','p18'),('WSS267','p18'),('WSS276','p18'),('WSS279','p18'),('WSS303','p18'),('WSS308','p18'),('WSS313','p18'),('WSS328','p18'),('WSS342','p18'),('WSS349','p18'),('WSS385','p18'),('WSS388','p18'),('WSS389','p18'),('WSS391','p18'),('WSS393','p18'),('WSS396','p18'),('WSS40','p18'),('WSS409','p18'),('WSS42','p18'),('WSS428','p18'),('WSS430','p18'),('WSS472','p18'),('WSS502','p18'),('WSS504','p18'),('WSS51','p18'),('WSS518','p18'),('WSS54','p18'),('WSS546','p18'),('WSS558','p18'),('WSS57','p18'),('WSS592','p18'),('WSS595','p18'),('WSS67','p18'),('WSS75','p18'),('WSS76','p18'),('WSS77','p18'),('WSS113','p19'),('WSS117','p19'),('WSS138','p19'),('WSS147','p19'),('WSS157','p19'),('WSS163','p19'),('WSS173','p19'),('WSS175','p19'),('WSS18','p19'),('WSS182','p19'),('WSS198','p19'),('WSS200','p19'),('WSS203','p19'),('WSS209','p19'),('WSS220','p19'),('WSS226','p19'),('WSS244','p19'),('WSS25','p19'),('WSS259','p19'),('WSS26','p19'),('WSS263','p19'),('WSS267','p19'),('WSS292','p19'),('WSS30','p19'),('WSS32','p19'),('WSS324','p19'),('WSS388','p19'),('WSS401','p19'),('WSS419','p19'),('WSS431','p19'),('WSS440','p19'),('WSS458','p19'),('WSS459','p19'),('WSS466','p19'),('WSS489','p19'),('WSS497','p19'),('WSS498','p19'),('WSS500','p19'),('WSS502','p19'),('WSS513','p19'),('WSS523','p19'),('WSS524','p19'),('WSS539','p19'),('WSS55','p19'),('WSS551','p19'),('WSS566','p19'),('WSS594','p19'),('WSS596','p19'),('WSS87','p19'),('WSS102','p2'),('WSS105','p2'),('WSS133','p2'),('WSS137','p2'),('WSS145','p2'),('WSS151','p2'),('WSS153','p2'),('WSS161','p2'),('WSS162','p2'),('WSS181','p2'),('WSS185','p2'),('WSS19','p2'),('WSS199','p2'),('WSS218','p2'),('WSS220','p2'),('WSS236','p2'),('WSS247','p2'),('WSS273','p2'),('WSS282','p2'),('WSS283','p2'),('WSS294','p2'),('WSS300','p2'),('WSS306','p2'),('WSS307','p2'),('WSS315','p2'),('WSS317','p2'),('WSS318','p2'),('WSS332','p2'),('WSS347','p2'),('WSS36','p2'),('WSS367','p2'),('WSS372','p2'),('WSS42','p2'),('WSS420','p2'),('WSS428','p2'),('WSS43','p2'),('WSS441','p2'),('WSS452','p2'),('WSS465','p2'),('WSS466','p2'),('WSS469','p2'),('WSS482','p2'),('WSS496','p2'),('WSS506','p2'),('WSS509','p2'),('WSS514','p2'),('WSS521','p2'),('WSS527','p2'),('WSS532','p2'),('WSS535','p2'),('WSS553','p2'),('WSS577','p2'),('WSS585','p2'),('WSS62','p2'),('WSS66','p2'),('WSS80','p2'),('WSS83','p2'),('WSS97','p2'),('WSS98','p2'),('WSS120','p20'),('WSS127','p20'),('WSS142','p20'),('WSS158','p20'),('WSS165','p20'),('WSS169','p20'),('WSS176','p20'),('WSS179','p20'),('WSS181','p20'),('WSS187','p20'),('WSS192','p20'),('WSS198','p20'),('WSS213','p20'),('WSS225','p20'),('WSS229','p20'),('WSS235','p20'),('WSS247','p20'),('WSS256','p20'),('WSS257','p20'),('WSS270','p20'),('WSS280','p20'),('WSS290','p20'),('WSS305','p20'),('WSS319','p20'),('WSS33','p20'),('WSS330','p20'),('WSS336','p20'),('WSS340','p20'),('WSS350','p20'),('WSS352','p20'),('WSS360','p20'),('WSS366','p20'),('WSS371','p20'),('WSS385','p20'),('WSS394','p20'),('WSS400','p20'),('WSS426','p20'),('WSS448','p20'),('WSS449','p20'),('WSS452','p20'),('WSS455','p20'),('WSS463','p20'),('WSS480','p20'),('WSS484','p20'),('WSS5','p20'),('WSS515','p20'),('WSS52','p20'),('WSS524','p20'),('WSS528','p20'),('WSS529','p20'),('WSS539','p20'),('WSS547','p20'),('WSS562','p20'),('WSS564','p20'),('WSS569','p20'),('WSS580','p20'),('WSS586','p20'),('WSS587','p20'),('WSS591','p20'),('WSS62','p20'),('WSS73','p20'),('WSS75','p20'),('WSS93','p20'),('WSS95','p20'),('WSS111','p3'),('WSS118','p3'),('WSS120','p3'),('WSS123','p3'),('WSS128','p3'),('WSS131','p3'),('WSS139','p3'),('WSS156','p3'),('WSS166','p3'),('WSS180','p3'),('WSS190','p3'),('WSS192','p3'),('WSS194','p3'),('WSS195','p3'),('WSS202','p3'),('WSS227','p3'),('WSS237','p3'),('WSS249','p3'),('WSS257','p3'),('WSS258','p3'),('WSS260','p3'),('WSS273','p3'),('WSS29','p3'),('WSS297','p3'),('WSS309','p3'),('WSS311','p3'),('WSS312','p3'),('WSS314','p3'),('WSS320','p3'),('WSS325','p3'),('WSS329','p3'),('WSS331','p3'),('WSS337','p3'),('WSS344','p3'),('WSS364','p3'),('WSS370','p3'),('WSS374','p3'),('WSS379','p3'),('WSS391','p3'),('WSS399','p3'),('WSS4','p3'),('WSS409','p3'),('WSS421','p3'),('WSS446','p3'),('WSS461','p3'),('WSS464','p3'),('WSS475','p3'),('WSS48','p3'),('WSS493','p3'),('WSS497','p3'),('WSS498','p3'),('WSS501','p3'),('WSS505','p3'),('WSS508','p3'),('WSS519','p3'),('WSS542','p3'),('WSS553','p3'),('WSS571','p3'),('WSS589','p3'),('WSS591','p3'),('WSS84','p3'),('WSS9','p3'),('WSS94','p3'),('WSS96','p3'),('WSS122','p4'),('WSS128','p4'),('WSS166','p4'),('WSS168','p4'),('WSS172','p4'),('WSS174','p4'),('WSS178','p4'),('WSS187','p4'),('WSS193','p4'),('WSS237','p4'),('WSS242','p4'),('WSS26','p4'),('WSS260','p4'),('WSS27','p4'),('WSS271','p4'),('WSS284','p4'),('WSS287','p4'),('WSS289','p4'),('WSS299','p4'),('WSS308','p4'),('WSS315','p4'),('WSS316','p4'),('WSS321','p4'),('WSS33','p4'),('WSS335','p4'),('WSS346','p4'),('WSS347','p4'),('WSS348','p4'),('WSS353','p4'),('WSS355','p4'),('WSS37','p4'),('WSS378','p4'),('WSS383','p4'),('WSS41','p4'),('WSS423','p4'),('WSS425','p4'),('WSS436','p4'),('WSS440','p4'),('WSS443','p4'),('WSS445','p4'),('WSS453','p4'),('WSS460','p4'),('WSS483','p4'),('WSS488','p4'),('WSS501','p4'),('WSS512','p4'),('WSS514','p4'),('WSS517','p4'),('WSS526','p4'),('WSS534','p4'),('WSS544','p4'),('WSS545','p4'),('WSS548','p4'),('WSS562','p4'),('WSS568','p4'),('WSS574','p4'),('WSS590','p4'),('WSS599','p4'),('WSS64','p4'),('WSS72','p4'),('WSS85','p4'),('WSS90','p4'),('WSS96','p4'),('WSS111','p5'),('WSS115','p5'),('WSS118','p5'),('WSS121','p5'),('WSS136','p5'),('WSS14','p5'),('WSS153','p5'),('WSS157','p5'),('WSS160','p5'),('WSS169','p5'),('WSS176','p5'),('WSS177','p5'),('WSS188','p5'),('WSS189','p5'),('WSS190','p5'),('WSS196','p5'),('WSS199','p5'),('WSS203','p5'),('WSS206','p5'),('WSS21','p5'),('WSS230','p5'),('WSS258','p5'),('WSS272','p5'),('WSS276','p5'),('WSS328','p5'),('WSS329','p5'),('WSS335','p5'),('WSS342','p5'),('WSS362','p5'),('WSS377','p5'),('WSS378','p5'),('WSS380','p5'),('WSS397','p5'),('WSS413','p5'),('WSS427','p5'),('WSS430','p5'),('WSS444','p5'),('WSS448','p5'),('WSS450','p5'),('WSS455','p5'),('WSS461','p5'),('WSS468','p5'),('WSS469','p5'),('WSS474','p5'),('WSS479','p5'),('WSS484','p5'),('WSS487','p5'),('WSS493','p5'),('WSS499','p5'),('WSS503','p5'),('WSS509','p5'),('WSS512','p5'),('WSS531','p5'),('WSS534','p5'),('WSS542','p5'),('WSS543','p5'),('WSS561','p5'),('WSS563','p5'),('WSS578','p5'),('WSS583','p5'),('WSS593','p5'),('WSS596','p5'),('WSS6','p5'),('WSS65','p5'),('WSS69','p5'),('WSS92','p5'),('WSS1','p6'),('WSS108','p6'),('WSS109','p6'),('WSS115','p6'),('WSS139','p6'),('WSS167','p6'),('WSS182','p6'),('WSS183','p6'),('WSS184','p6'),('WSS2','p6'),('WSS201','p6'),('WSS217','p6'),('WSS222','p6'),('WSS233','p6'),('WSS234','p6'),('WSS269','p6'),('WSS282','p6'),('WSS3','p6'),('WSS311','p6'),('WSS323','p6'),('WSS333','p6'),('WSS338','p6'),('WSS345','p6'),('WSS359','p6'),('WSS369','p6'),('WSS380','p6'),('WSS4','p6'),('WSS407','p6'),('WSS420','p6'),('WSS44','p6'),('WSS447','p6'),('WSS449','p6'),('WSS46','p6'),('WSS467','p6'),('WSS476','p6'),('WSS486','p6'),('WSS487','p6'),('WSS492','p6'),('WSS50','p6'),('WSS503','p6'),('WSS505','p6'),('WSS507','p6'),('WSS508','p6'),('WSS510','p6'),('WSS516','p6'),('WSS520','p6'),('WSS526','p6'),('WSS530','p6'),('WSS549','p6'),('WSS556','p6'),('WSS56','p6'),('WSS569','p6'),('WSS576','p6'),('WSS58','p6'),('WSS581','p6'),('WSS60','p6'),('WSS61','p6'),('WSS64','p6'),('WSS74','p6'),('WSS89','p6'),('WSS93','p6'),('WSS104','p7'),('WSS116','p7'),('WSS13','p7'),('WSS132','p7'),('WSS147','p7'),('WSS148','p7'),('WSS15','p7'),('WSS162','p7'),('WSS172','p7'),('WSS193','p7'),('WSS20','p7'),('WSS204','p7'),('WSS214','p7'),('WSS233','p7'),('WSS24','p7'),('WSS240','p7'),('WSS246','p7'),('WSS252','p7'),('WSS261','p7'),('WSS262','p7'),('WSS264','p7'),('WSS274','p7'),('WSS275','p7'),('WSS281','p7'),('WSS287','p7'),('WSS29','p7'),('WSS301','p7'),('WSS31','p7'),('WSS327','p7'),('WSS331','p7'),('WSS346','p7'),('WSS354','p7'),('WSS400','p7'),('WSS417','p7'),('WSS47','p7'),('WSS478','p7'),('WSS492','p7'),('WSS499','p7'),('WSS530','p7'),('WSS531','p7'),('WSS537','p7'),('WSS538','p7'),('WSS541','p7'),('WSS584','p7'),('WSS590','p7'),('WSS597','p7'),('WSS598','p7'),('WSS599','p7'),('WSS61','p7'),('WSS65','p7'),('WSS8','p7'),('WSS81','p7'),('WSS106','p8'),('WSS11','p8'),('WSS119','p8'),('WSS123','p8'),('WSS124','p8'),('WSS130','p8'),('WSS131','p8'),('WSS144','p8'),('WSS152','p8'),('WSS167','p8'),('WSS170','p8'),('WSS213','p8'),('WSS214','p8'),('WSS221','p8'),('WSS238','p8'),('WSS241','p8'),('WSS263','p8'),('WSS266','p8'),('WSS271','p8'),('WSS277','p8'),('WSS280','p8'),('WSS286','p8'),('WSS291','p8'),('WSS297','p8'),('WSS30','p8'),('WSS305','p8'),('WSS321','p8'),('WSS327','p8'),('WSS332','p8'),('WSS34','p8'),('WSS384','p8'),('WSS392','p8'),('WSS405','p8'),('WSS412','p8'),('WSS415','p8'),('WSS416','p8'),('WSS418','p8'),('WSS432','p8'),('WSS434','p8'),('WSS460','p8'),('WSS462','p8'),('WSS47','p8'),('WSS491','p8'),('WSS494','p8'),('WSS500','p8'),('WSS519','p8'),('WSS532','p8'),('WSS54','p8'),('WSS545','p8'),('WSS550','p8'),('WSS554','p8'),('WSS555','p8'),('WSS565','p8'),('WSS566','p8'),('WSS567','p8'),('WSS572','p8'),('WSS574','p8'),('WSS582','p8'),('WSS585','p8'),('WSS70','p8'),('WSS71','p8'),('WSS72','p8'),('WSS83','p8'),('WSS86','p8'),('WSS97','p8'),('WSS98','p8'),('WSS110','p9'),('WSS14','p9'),('WSS15','p9'),('WSS151','p9'),('WSS168','p9'),('WSS19','p9'),('WSS196','p9'),('WSS205','p9'),('WSS207','p9'),('WSS210','p9'),('WSS218','p9'),('WSS228','p9'),('WSS239','p9'),('WSS252','p9'),('WSS274','p9'),('WSS283','p9'),('WSS292','p9'),('WSS310','p9'),('WSS339','p9'),('WSS349','p9'),('WSS352','p9'),('WSS354','p9'),('WSS355','p9'),('WSS358','p9'),('WSS368','p9'),('WSS382','p9'),('WSS384','p9'),('WSS392','p9'),('WSS401','p9'),('WSS403','p9'),('WSS41','p9'),('WSS418','p9'),('WSS422','p9'),('WSS435','p9'),('WSS444','p9'),('WSS457','p9'),('WSS48','p9'),('WSS481','p9'),('WSS507','p9'),('WSS521','p9'),('WSS522','p9'),('WSS525','p9'),('WSS548','p9'),('WSS552','p9'),('WSS555','p9'),('WSS575','p9'),('WSS579','p9'),('WSS580','p9'),('WSS589','p9'),('WSS68','p9'),('WSS8','p9');
/*!40000 ALTER TABLE `outputparameter` ENABLE KEYS */;
UNLOCK TABLES;

--
-- Table structure for table `parameterhierarchy`
--

DROP TABLE IF EXISTS `parameterhierarchy`;
/*!40101 SET @saved_cs_client     = @@character_set_client */;
/*!50503 SET character_set_client = utf8mb4 */;
CREATE TABLE `parameterhierarchy` (
  `parentParameterID` varchar(10) NOT NULL,
  `childParameterID` varchar(10) NOT NULL,
  PRIMARY KEY (`parentParameterID`,`childParameterID`)
) ENGINE=InnoDB DEFAULT CHARSET=latin1;
/*!40101 SET character_set_client = @saved_cs_client */;

--
-- Dumping data for table `parameterhierarchy`
--

LOCK TABLES `parameterhierarchy` WRITE;
/*!40000 ALTER TABLE `parameterhierarchy` DISABLE KEYS */;
/*!40000 ALTER TABLE `parameterhierarchy` ENABLE KEYS */;
UNLOCK TABLES;

--
-- Table structure for table `parameterlist`
--

DROP TABLE IF EXISTS `parameterlist`;
/*!40101 SET @saved_cs_client     = @@character_set_client */;
/*!50503 SET character_set_client = utf8mb4 */;
CREATE TABLE `parameterlist` (
  `parameterID` varchar(10) NOT NULL,
  `parameterName` varchar(100) DEFAULT NULL,
  PRIMARY KEY (`parameterID`)
) ENGINE=InnoDB DEFAULT CHARSET=latin1;
/*!40101 SET character_set_client = @saved_cs_client */;

--
-- Dumping data for table `parameterlist`
--

LOCK TABLES `parameterlist` WRITE;
/*!40000 ALTER TABLE `parameterlist` DISABLE KEYS */;
INSERT INTO `parameterlist` VALUES ('p1','p1name'),('p10','p10name'),('p11','p11name'),('p12','p12name'),('p13','p13name'),('p14','p14name'),('p15','p15name'),('p16','p16name'),('p17','p17name'),('p18','p18name'),('p19','p19name'),('p2','p2name'),('p20','p20name'),('p3','p3name'),('p4','p4name'),('p5','p5name'),('p6','p6name'),('p7','p7name'),('p8','p8name'),('p9','p9name');
/*!40000 ALTER TABLE `parameterlist` ENABLE KEYS */;
UNLOCK TABLES;

--
-- Table structure for table `result`
--

DROP TABLE IF EXISTS `result`;
/*!40101 SET @saved_cs_client     = @@character_set_client */;
/*!50503 SET character_set_client = utf8mb4 */;
CREATE TABLE `result` (
  `transactionID` bigint NOT NULL,
  `stage` int NOT NULL,
  `webServiceID` varchar(10) NOT NULL,
  PRIMARY KEY (`transactionID`,`stage`,`webServiceID`)
) ENGINE=InnoDB DEFAULT CHARSET=latin1;
/*!40101 SET character_set_client = @saved_cs_client */;

--
-- Dumping data for table `result`
--

LOCK TABLES `result` WRITE;
/*!40000 ALTER TABLE `result` DISABLE KEYS */;
INSERT INTO `result` VALUES (1,1,'WSS340'),(1,2,'WSS41'),(2,1,'WSS239'),(2,2,'WSS268'),(3,1,'WSS26'),(3,2,'WSS326'),(4,1,'WSS451'),(4,2,'WSS350'),(5,1,'WSS306'),(5,2,'WSS404'),(6,1,'WSS289'),(6,2,'WSS410'),(7,1,'WSS284'),(7,2,'WSS383'),(8,1,'WSS343'),(8,2,'WSS387'),(9,1,'WSS314'),(9,2,'WSS295'),(10,1,'WSS247'),(10,2,'WSS461'),(11,1,'WSS369'),(11,1,'WSS374'),(12,1,'WSS146'),(12,2,'WSS276'),(13,1,'WSS333'),(13,2,'WSS375'),(14,1,'WSS393'),(14,2,'WSS462'),(15,1,'WSS49'),(15,2,'WSS104'),(16,1,'WSS176'),(16,2,'WSS452'),(17,1,'WSS489'),(17,2,'WSS311'),(18,1,'WSS310'),(18,2,'WSS417'),(19,1,'WSS403'),(19,2,'WSS417'),(20,1,'WSS376'),(20,2,'WSS120'),(21,1,'WSS113'),(21,1,'WSS267'),(22,1,'WSS355'),(22,2,'WSS420'),(23,1,'WSS464'),(23,2,'WSS346'),(24,1,'WSS273'),(24,2,'WSS5'),(25,1,'WSS368'),(25,1,'WSS417'),(26,1,'WSS363'),(26,2,'WSS347'),(27,1,'WSS374'),(27,2,'WSS199'),(28,1,'WSS446'),(28,2,'WSS101'),(29,1,'WSS359'),(29,1,'WSS403'),(30,1,'WSS455'),(30,2,'WSS434'),(1031,1,'ICP006'),(1031,1,'ICP110'),(1031,1,'ICP311'),(1031,2,'ICP500'),(1035,1,'ICP386'),(1035,2,'ICP466'),(1133,1,'ICP103'),(1133,2,'ICP341'),(1133,3,'ICP395'),(1136,1,'ICP110'),(1136,2,'ICP710'),(1141,1,'ICP311'),(1141,2,'ICP422'),(1288,1,'ICP001'),(1288,2,'ICP110'),(1291,1,'ICP110'),(1291,2,'ICP720'),(1293,1,'ICP110'),(1293,1,'ICP311'),(1293,2,'ICP500'),(1296,1,'ICP006'),(1296,1,'ICP103'),(1296,1,'ICP110'),(1296,1,'ICP311'),(1296,1,'ICP313'),(1296,2,'ICP341'),(1296,2,'ICP500'),(1296,3,'ICP395'),(1325,1,'ICP110'),(1325,2,'ICP680'),(1355,1,'ICP110'),(1355,2,'ICP469'),(1406,1,'ICP110'),(1435,1,'ICP006'),(1435,1,'ICP110'),(1435,1,'ICP311'),(1435,2,'ICP500'),(1509,1,'ICP001'),(1509,1,'ICP006'),(1509,2,'ICP002'),(1509,2,'ICP110'),(1509,3,'ICP311'),(1509,4,'ICP500'),(1572,1,'ICP103'),(1572,1,'ICP110'),(1572,1,'ICP386'),(1572,2,'ICP341'),(1572,2,'ICP395'),(1572,2,'ICP466'),(1572,2,'ICP620'),(1572,2,'ICP720'),(1572,3,'ICP445'),(1583,1,'ICP386'),(1583,2,'ICP466'),(1607,1,'ICP301'),(1607,1,'ICP341'),(1607,1,'ICP386'),(1607,2,'ICP481'),(1620,1,'ICP006'),(1620,1,'ICP110'),(1620,1,'ICP311'),(1620,2,'ICP500'),(1646,1,'ICP006'),(1646,1,'ICP110'),(1646,1,'ICP311'),(1646,2,'ICP469'),(1646,2,'ICP500'),(1733,1,'ICP311'),(1733,2,'ICP422'),(1797,1,'ICP386'),(1797,2,'ICP466'),(1851,1,'ICP003'),(1851,1,'ICP311'),(1851,2,'ICP313'),(1851,3,'ICP486'),(1981,1,'ICP110'),(1981,1,'ICP311'),(1981,2,'ICP500'),(2015,1,'ICP006'),(2015,1,'ICP110'),(2015,1,'ICP311'),(2015,2,'ICP500'),(2026,1,'ICP386'),(2026,2,'ICP466'),(2114,1,'ICP341'),(2114,2,'ICP395'),(2114,3,'ICP445'),(2280,1,'ICP103'),(2280,1,'ICP386'),(2280,2,'ICP341'),(2280,2,'ICP395'),(2280,2,'ICP466'),(2280,3,'ICP495'),(2317,1,'ICP313'),(2317,1,'ICP341'),(2317,1,'ICP680'),(2317,2,'ICP395'),(2317,3,'ICP445'),(2474,1,'ICP003'),(2474,1,'ICP311'),(2474,2,'ICP313'),(2474,3,'ICP486'),(2565,1,'ICP313'),(2565,1,'ICP341'),(2565,2,'ICP395'),(2565,3,'ICP445'),(2598,1,'ICP006'),(2598,1,'ICP110'),(2598,1,'ICP311'),(2598,1,'ICP313'),(2598,1,'ICP331'),(2598,2,'ICP500'),(2610,1,'ICP003'),(2610,1,'ICP311'),(2610,2,'ICP313'),(2610,3,'ICP486'),(2659,1,'ICP006'),(2659,1,'ICP110'),(2659,1,'ICP311'),(2659,2,'ICP469'),(2659,2,'ICP500'),(2675,1,'ICP386'),(2675,2,'ICP466'),(2711,1,'ICP103'),(2711,1,'ICP386'),(2711,2,'ICP341'),(2711,3,'ICP481'),(2779,1,'ICP003'),(2779,1,'ICP311'),(2779,2,'ICP313'),(2779,3,'ICP486'),(2985,1,'ICP103'),(3021,1,'ICP006'),(3021,1,'ICP110'),(3021,1,'ICP302'),(3021,2,'ICP500'),(3075,1,'ICP006'),(3075,1,'ICP110'),(3075,1,'ICP311'),(3075,2,'ICP500'),(3226,1,'ICP110'),(3226,2,'ICP818'),(3286,1,'ICP006'),(3286,1,'ICP110'),(3286,1,'ICP311'),(3286,2,'ICP500'),(3357,1,'ICP006'),(3357,1,'ICP110'),(3357,1,'ICP311'),(3357,2,'ICP500'),(3667,1,'ICP103'),(3667,1,'ICP301'),(3667,1,'ICP386'),(3667,2,'ICP341'),(3667,3,'ICP481'),(3668,1,'ICP103'),(3668,1,'ICP301'),(3668,1,'ICP386'),(3668,2,'ICP341'),(3668,3,'ICP481'),(3705,1,'ICP103'),(3705,1,'ICP301'),(3705,1,'ICP386'),(3705,2,'ICP341'),(3705,3,'ICP481'),(3718,1,'ICP001'),(3718,2,'ICP002'),(3718,2,'ICP110'),(3718,3,'ICP311'),(3718,4,'ICP819'),(3877,1,'ICP386'),(3948,1,'ICP006'),(3948,1,'ICP110'),(3948,1,'ICP311'),(3948,2,'ICP500'),(3969,1,'ICP301'),(3969,1,'ICP341'),(3969,1,'ICP386'),(3969,2,'ICP481'),(3971,1,'ICP386'),(3971,2,'ICP466'),(4112,1,'ICP006'),(4112,1,'ICP110'),(4112,1,'ICP311'),(4112,2,'ICP469'),(4112,2,'ICP500'),(4178,1,'ICP002'),(4178,1,'ICP110'),(4178,2,'ICP311'),(4178,3,'ICP819'),(4281,1,'ICP110'),(4281,2,'ICP469'),(4296,1,'ICP006'),(4296,1,'ICP110'),(4296,1,'ICP311'),(4296,2,'ICP469'),(4296,2,'ICP500'),(4375,1,'ICP003'),(4375,1,'ICP311'),(4375,2,'ICP313'),(4375,3,'ICP486'),(4589,1,'ICP006'),(4589,1,'ICP110'),(4589,1,'ICP311'),(4589,2,'ICP469'),(4589,2,'ICP500'),(4607,1,'ICP006'),(4607,1,'ICP110'),(4607,1,'ICP302'),(4607,2,'ICP500'),(4747,1,'ICP311'),(4747,1,'ICP313'),(4747,2,'ICP486'),(4775,1,'ICP110'),(4775,2,'ICP500'),(4934,1,'ICP103'),(4934,2,'ICP341'),(4978,1,'ICP103'),(4980,1,'ICP006'),(4980,1,'ICP110'),(4980,1,'ICP311'),(4980,2,'ICP469'),(4980,2,'ICP500'),(4980,2,'ICP720'),(4980,3,'ICP740'),(5049,1,'ICP006'),(5049,1,'ICP110'),(5049,1,'ICP311'),(5049,2,'ICP500'),(5417,1,'ICP301'),(5417,1,'ICP341'),(5417,1,'ICP386'),(5417,2,'ICP481'),(5448,1,'ICP386'),(5448,2,'ICP466'),(5450,1,'ICP103'),(5450,1,'ICP110'),(5450,1,'ICP386'),(5450,1,'ICP817'),(5450,2,'ICP341'),(5450,2,'ICP395'),(5450,2,'ICP466'),(5450,2,'ICP620'),(5450,2,'ICP720'),(5450,3,'ICP445'),(5450,3,'ICP815'),(5461,1,'ICP002'),(5461,1,'ICP006'),(5461,1,'ICP110'),(5461,1,'ICP302'),(5461,2,'ICP500'),(5461,2,'ICP720'),(5461,3,'ICP740'),(5472,1,'ICP110'),(5472,2,'ICP818'),(5497,1,'ICP103'),(5497,2,'ICP341'),(5569,1,'ICP386'),(5569,2,'ICP466'),(5571,1,'ICP103'),(5571,2,'ICP810'),(5757,1,'ICP386'),(5757,2,'ICP466'),(5779,1,'ICP006'),(5779,1,'ICP110'),(5779,1,'ICP302'),(5779,2,'ICP500'),(5814,1,'ICP006'),(5814,1,'ICP110'),(5814,1,'ICP311'),(5814,2,'ICP500'),(5897,1,'ICP110'),(5897,2,'ICP710'),(5966,1,'ICP103'),(5966,1,'ICP301'),(5966,1,'ICP386'),(5966,2,'ICP341'),(5966,3,'ICP481'),(6032,1,'ICP386'),(6032,2,'ICP466'),(6279,1,'ICP006'),(6279,1,'ICP110'),(6279,1,'ICP311'),(6279,2,'ICP469'),(6279,2,'ICP500'),(6294,1,'ICP006'),(6294,1,'ICP110'),(6294,1,'ICP311'),(6294,2,'ICP500'),(6325,1,'ICP002'),(6325,2,'ICP003'),(6363,1,'ICP006'),(6363,1,'ICP110'),(6363,1,'ICP311'),(6363,2,'ICP469'),(6363,2,'ICP500'),(6437,1,'ICP103'),(6437,1,'ICP301'),(6437,1,'ICP386'),(6437,2,'ICP341'),(6437,3,'ICP481'),(6533,1,'ICP006'),(6533,1,'ICP110'),(6533,1,'ICP311'),(6533,2,'ICP469'),(6533,2,'ICP500'),(6574,1,'ICP002'),(6574,1,'ICP110'),(6574,2,'ICP311'),(6574,3,'ICP819'),(6604,1,'ICP103'),(6604,1,'ICP386'),(6604,2,'ICP341'),(6604,3,'ICP481'),(6679,1,'ICP003'),(6679,1,'ICP311'),(6679,2,'ICP313'),(6679,3,'ICP486'),(6692,1,'ICP103'),(6692,1,'ICP386'),(6692,1,'ICP465'),(6692,2,'ICP341'),(6692,3,'ICP481'),(6874,1,'ICP467'),(6898,1,'ICP103'),(6898,1,'ICP386'),(6898,2,'ICP341'),(6898,3,'ICP481'),(6922,1,'ICP313'),(6922,1,'ICP341'),(6922,2,'ICP395'),(6974,1,'ICP110'),(6974,2,'ICP469'),(7056,1,'ICP006'),(7056,1,'ICP110'),(7056,1,'ICP311'),(7056,1,'ICP341'),(7056,2,'ICP395'),(7056,2,'ICP500'),(7056,2,'ICP720'),(7056,3,'ICP445'),(7056,3,'ICP740'),(7107,1,'ICP311'),(7107,1,'ICP313'),(7107,2,'ICP486'),(7159,1,'ICP311'),(7159,2,'ICP422'),(7196,1,'ICP103'),(7196,2,'ICP341'),(7196,2,'ICP395'),(7196,3,'ICP495'),(7227,1,'ICP103'),(7227,1,'ICP110'),(7227,1,'ICP301'),(7227,1,'ICP311'),(7227,1,'ICP386'),(7227,2,'ICP341'),(7227,2,'ICP500'),(7227,3,'ICP481'),(7297,1,'ICP386'),(7297,2,'ICP466'),(7326,1,'ICP006'),(7326,1,'ICP110'),(7326,1,'ICP311'),(7326,2,'ICP500'),(7398,1,'ICP002'),(7398,1,'ICP006'),(7398,1,'ICP103'),(7398,1,'ICP110'),(7398,2,'ICP311'),(7398,2,'ICP720'),(7398,2,'ICP810'),(7398,3,'ICP500'),(7398,3,'ICP819'),(7398,4,'ICP740'),(7420,1,'ICP006'),(7420,1,'ICP311'),(7420,2,'ICP500'),(7484,1,'ICP006'),(7484,1,'ICP110'),(7484,1,'ICP311'),(7484,2,'ICP469'),(7484,2,'ICP500'),(7515,1,'ICP006'),(7515,1,'ICP110'),(7515,1,'ICP311'),(7515,2,'ICP469'),(7515,2,'ICP500'),(7593,1,'ICP301'),(7593,1,'ICP341'),(7593,1,'ICP386'),(7593,2,'ICP481'),(7645,1,'ICP001'),(7645,1,'ICP006'),(7645,2,'ICP002'),(7645,2,'ICP110'),(7645,3,'ICP311'),(7645,4,'ICP500'),(7720,1,'ICP006'),(7720,1,'ICP311'),(7720,1,'ICP720'),(7720,2,'ICP500'),(7720,3,'ICP740'),(7769,1,'ICP103'),(7769,2,'ICP341'),(7797,1,'ICP006'),(7797,1,'ICP110'),(7797,1,'ICP302'),(7797,2,'ICP500'),(7797,2,'ICP720'),(7817,1,'ICP006'),(7817,1,'ICP311'),(7817,2,'ICP500'),(7821,1,'ICP006'),(7821,1,'ICP110'),(7821,1,'ICP311'),(7821,2,'ICP500'),(7831,1,'ICP006'),(7831,1,'ICP311'),(7831,2,'ICP500'),(7832,1,'ICP006'),(7832,1,'ICP110'),(7832,1,'ICP311'),(7832,2,'ICP500'),(8030,1,'ICP386'),(8030,2,'ICP466'),(8062,1,'ICP006'),(8062,1,'ICP110'),(8062,1,'ICP311'),(8062,2,'ICP500'),(8155,1,'ICP006'),(8155,1,'ICP110'),(8155,1,'ICP311'),(8155,2,'ICP469'),(8155,2,'ICP500'),(8306,1,'ICP006'),(8306,1,'ICP110'),(8306,1,'ICP311'),(8306,2,'ICP500'),(8509,1,'ICP467'),(8527,1,'ICP110'),(8527,2,'ICP500'),(8628,1,'ICP103'),(8628,1,'ICP301'),(8628,1,'ICP386'),(8628,2,'ICP341'),(8628,3,'ICP481'),(8647,1,'ICP103'),(8647,2,'ICP341'),(8688,1,'ICP103'),(8688,1,'ICP301'),(8688,1,'ICP386'),(8688,2,'ICP341'),(8688,3,'ICP481'),(8877,1,'ICP386'),(8877,2,'ICP466'),(8889,1,'ICP110'),(8889,2,'ICP620'),(8941,1,'ICP103'),(8941,2,'ICP341'),(8941,2,'ICP395'),(8941,3,'ICP495'),(8952,1,'ICP103'),(8952,1,'ICP386'),(8952,2,'ICP341'),(8952,3,'ICP481'),(8959,1,'ICP103'),(8959,2,'ICP341'),(9050,1,'ICP006'),(9050,1,'ICP110'),(9050,1,'ICP311'),(9050,2,'ICP500'),(9076,1,'ICP004'),(9076,2,'ICP005'),(9076,3,'ICP331'),(9117,1,'ICP110'),(9117,2,'ICP469'),(9185,1,'ICP341'),(9185,2,'ICP395'),(9185,3,'ICP445'),(9249,1,'ICP006'),(9249,1,'ICP110'),(9249,1,'ICP311'),(9249,2,'ICP500'),(9249,2,'ICP720'),(9306,1,'ICP006'),(9306,1,'ICP110'),(9306,1,'ICP302'),(9306,2,'ICP500'),(9325,1,'ICP386'),(9422,1,'ICP110'),(9422,2,'ICP469'),(9451,1,'ICP006'),(9451,1,'ICP110'),(9451,1,'ICP311'),(9451,1,'ICP341'),(9451,2,'ICP395'),(9451,2,'ICP500'),(9451,2,'ICP720'),(9451,3,'ICP445'),(9451,3,'ICP740'),(9524,1,'ICP001'),(9524,1,'ICP006'),(9524,2,'ICP002'),(9524,2,'ICP110'),(9524,3,'ICP311'),(9524,4,'ICP500'),(9784,1,'ICP110'),(9784,2,'ICP469'),(9797,1,'ICP103'),(9797,2,'ICP341'),(9812,1,'ICP311'),(9812,1,'ICP313'),(9812,2,'ICP486'),(9814,1,'ICP006'),(9814,1,'ICP110'),(9814,1,'ICP311'),(9814,2,'ICP500'),(9868,1,'ICP006'),(9868,1,'ICP110'),(9868,1,'ICP311'),(9868,2,'ICP500'),(9968,1,'ICP103'),(9968,1,'ICP301'),(9968,1,'ICP386'),(9968,2,'ICP341'),(9968,3,'ICP481'),(9978,1,'ICP311'),(9978,1,'ICP313'),(9978,2,'ICP486'),(111174351,1,'ICP001'),(111174351,2,'ICP002'),(111174351,3,'ICP003'),(111174351,3,'ICP311'),(111174351,4,'ICP313'),(111174351,5,'ICP486'),(112793854,1,'ICP006'),(112793854,1,'ICP110'),(112793854,1,'ICP311'),(112793854,2,'ICP500'),(125202274,1,'ICP001'),(125202274,1,'ICP103'),(125202274,2,'ICP301'),(125202274,2,'ICP341'),(125202274,2,'ICP386'),(125202274,3,'ICP481'),(137852438,1,'ICP006'),(137852438,1,'ICP110'),(137852438,1,'ICP311'),(137852438,2,'ICP500'),(141922012,1,'ICP002'),(141922012,2,'ICP003'),(141922012,2,'ICP311'),(141922012,3,'ICP313'),(141922012,4,'ICP486'),(164821430,1,'ICP001'),(164821430,2,'ICP002'),(164821430,3,'ICP003'),(164821430,3,'ICP311'),(164821430,4,'ICP313'),(164821430,5,'ICP486'),(166203121,1,'ICP001'),(166203121,1,'ICP006'),(166203121,1,'ICP200'),(166203121,2,'ICP002'),(166203121,2,'ICP110'),(166203121,2,'ICP720'),(166203121,3,'ICP311'),(166203121,4,'ICP500'),(166203121,4,'ICP819'),(166203121,5,'ICP740'),(178957047,1,'ICP110'),(178957047,2,'ICP469'),(192081592,1,'ICP006'),(192081592,1,'ICP200'),(192081592,1,'ICP311'),(192081592,2,'ICP500'),(192081592,2,'ICP720'),(192081592,3,'ICP740'),(196046272,1,'ICP002'),(196046272,1,'ICP006'),(196046272,1,'ICP110'),(196046272,2,'ICP311'),(196046272,2,'ICP469'),(196046272,3,'ICP500'),(222936116,1,'ICP006'),(222936116,1,'ICP200'),(222936116,1,'ICP311'),(222936116,2,'ICP500'),(222936116,2,'ICP720'),(222936116,2,'ICP819'),(222936116,3,'ICP740'),(258370250,1,'ICP006'),(258370250,1,'ICP200'),(258370250,1,'ICP311'),(258370250,2,'ICP500'),(258370250,2,'ICP720'),(258370250,2,'ICP818'),(258370250,2,'ICP819'),(258370250,3,'ICP740'),(285611992,1,'ICP006'),(285611992,1,'ICP110'),(285611992,1,'ICP200'),(285611992,1,'ICP311'),(285611992,2,'ICP500'),(285611992,2,'ICP720'),(285611992,3,'ICP740'),(287034437,1,'ICP006'),(287034437,1,'ICP200'),(287034437,1,'ICP311'),(287034437,2,'ICP500'),(287034437,2,'ICP720'),(287034437,2,'ICP819'),(287034437,3,'ICP740'),(291687847,1,'ICP006'),(291687847,1,'ICP200'),(291687847,1,'ICP311'),(291687847,2,'ICP500'),(291687847,2,'ICP720'),(291687847,2,'ICP819'),(291687847,3,'ICP740'),(292870227,1,'ICP001'),(292870227,1,'ICP006'),(292870227,1,'ICP720'),(292870227,2,'ICP002'),(292870227,2,'ICP110'),(292870227,3,'ICP311'),(292870227,4,'ICP500'),(292870227,5,'ICP740'),(316379525,1,'ICP110'),(316379525,1,'ICP311'),(316379525,2,'ICP361'),(316379525,3,'ICP461'),(324432052,1,'ICP001'),(324432052,2,'ICP002'),(324432052,3,'ICP003'),(324432052,3,'ICP311'),(324432052,4,'ICP313'),(324432052,5,'ICP486'),(348444351,1,'ICP311'),(348444351,1,'ICP313'),(348444351,2,'ICP486'),(356640298,1,'ICP469'),(356640298,1,'ICP818'),(356640298,2,'ICP660'),(362849335,1,'ICP006'),(362849335,1,'ICP200'),(362849335,1,'ICP311'),(362849335,2,'ICP500'),(362849335,2,'ICP720'),(362849335,2,'ICP818'),(362849335,3,'ICP740'),(370058038,1,'ICP006'),(370058038,1,'ICP110'),(370058038,1,'ICP311'),(370058038,2,'ICP469'),(370058038,2,'ICP500'),(410309476,1,'ICP001'),(410309476,1,'ICP006'),(410309476,1,'ICP200'),(410309476,2,'ICP002'),(410309476,2,'ICP720'),(410309476,3,'ICP311'),(410309476,4,'ICP500'),(410309476,4,'ICP819'),(410309476,5,'ICP740'),(411681300,1,'ICP006'),(411681300,1,'ICP200'),(411681300,1,'ICP311'),(411681300,2,'ICP500'),(411681300,2,'ICP720'),(411681300,2,'ICP819'),(411681300,3,'ICP740'),(413889315,1,'ICP002'),(413889315,2,'ICP003'),(413889315,2,'ICP311'),(413889315,3,'ICP313'),(413889315,4,'ICP486'),(435075950,1,'ICP002'),(435075950,1,'ICP006'),(435075950,1,'ICP110'),(435075950,1,'ICP720'),(435075950,2,'ICP311'),(435075950,3,'ICP500'),(435075950,4,'ICP740'),(442506203,1,'ICP006'),(442506203,1,'ICP110'),(442506203,1,'ICP311'),(442506203,2,'ICP469'),(442506203,2,'ICP500'),(448741355,1,'ICP001'),(448741355,2,'ICP002'),(448741355,3,'ICP003'),(448741355,3,'ICP311'),(448741355,4,'ICP313'),(448741355,5,'ICP486'),(452470039,1,'ICP006'),(452470039,1,'ICP110'),(452470039,1,'ICP311'),(452470039,2,'ICP500'),(495404878,1,'ICP006'),(495404878,1,'ICP110'),(495404878,1,'ICP200'),(495404878,1,'ICP302'),(495404878,2,'ICP500'),(495404878,2,'ICP720'),(495404878,3,'ICP740'),(496776246,1,'ICP103'),(496776246,2,'ICP341'),(496776246,3,'ICP403'),(497270695,1,'ICP001'),(497270695,1,'ICP103'),(497270695,2,'ICP301'),(497270695,2,'ICP341'),(497270695,2,'ICP386'),(497270695,3,'ICP481'),(506023024,1,'ICP680'),(516484914,1,'ICP006'),(516484914,1,'ICP200'),(516484914,1,'ICP311'),(516484914,2,'ICP500'),(516484914,2,'ICP720'),(516484914,3,'ICP740'),(524497078,1,'ICP006'),(524497078,1,'ICP200'),(524497078,1,'ICP311'),(524497078,2,'ICP500'),(524497078,2,'ICP720'),(524497078,2,'ICP819'),(524497078,3,'ICP740'),(532135187,1,'ICP200'),(532135187,2,'ICP720'),(532135187,3,'ICP811'),(532135187,4,'ICP813'),(561361210,1,'ICP006'),(561361210,1,'ICP200'),(561361210,1,'ICP311'),(561361210,2,'ICP500'),(561361210,2,'ICP720'),(561361210,2,'ICP819'),(561361210,3,'ICP740'),(578460210,1,'ICP110'),(578460210,2,'ICP469'),(601145152,1,'ICP006'),(601145152,1,'ICP200'),(601145152,1,'ICP311'),(601145152,2,'ICP500'),(601145152,2,'ICP720'),(601145152,2,'ICP819'),(601145152,3,'ICP740'),(630767823,1,'ICP006'),(630767823,1,'ICP200'),(630767823,1,'ICP311'),(630767823,2,'ICP500'),(630767823,2,'ICP720'),(630767823,2,'ICP819'),(630767823,3,'ICP740'),(658685554,1,'ICP006'),(658685554,1,'ICP200'),(658685554,1,'ICP311'),(658685554,2,'ICP500'),(658685554,2,'ICP720'),(658685554,3,'ICP740'),(659691843,1,'ICP006'),(659691843,1,'ICP200'),(659691843,1,'ICP311'),(659691843,2,'ICP500'),(659691843,2,'ICP720'),(659691843,3,'ICP740'),(664758087,1,'ICP006'),(664758087,1,'ICP200'),(664758087,1,'ICP311'),(664758087,2,'ICP500'),(664758087,2,'ICP720'),(664758087,2,'ICP819'),(664758087,3,'ICP740'),(669457938,1,'ICP006'),(669457938,1,'ICP200'),(669457938,1,'ICP311'),(669457938,2,'ICP500'),(669457938,2,'ICP720'),(669457938,3,'ICP740'),(683869712,1,'ICP006'),(683869712,1,'ICP200'),(683869712,1,'ICP311'),(683869712,2,'ICP500'),(683869712,2,'ICP720'),(683869712,2,'ICP819'),(683869712,3,'ICP740'),(716407017,1,'ICP006'),(716407017,1,'ICP110'),(716407017,1,'ICP311'),(716407017,1,'ICP720'),(716407017,2,'ICP500'),(716407017,2,'ICP811'),(716407017,3,'ICP813'),(726508464,1,'ICP006'),(726508464,1,'ICP110'),(726508464,1,'ICP311'),(726508464,2,'ICP469'),(726508464,2,'ICP500'),(739074091,1,'ICP006'),(739074091,1,'ICP200'),(739074091,1,'ICP311'),(739074091,2,'ICP500'),(739074091,2,'ICP720'),(739074091,3,'ICP740'),(739546796,1,'ICP006'),(739546796,1,'ICP200'),(739546796,1,'ICP311'),(739546796,2,'ICP500'),(739546796,2,'ICP720'),(739546796,3,'ICP740'),(742695516,1,'ICP001'),(742695516,2,'ICP110'),(742695516,2,'ICP302'),(742695516,3,'ICP500'),(749479466,1,'ICP103'),(749479466,1,'ICP301'),(749479466,1,'ICP386'),(749479466,2,'ICP341'),(749479466,3,'ICP481'),(759784803,1,'ICP001'),(759784803,1,'ICP006'),(759784803,2,'ICP110'),(759784803,2,'ICP302'),(759784803,3,'ICP500'),(784019298,1,'ICP001'),(784019298,1,'ICP103'),(784019298,2,'ICP301'),(784019298,2,'ICP341'),(784019298,2,'ICP386'),(784019298,3,'ICP481'),(809869431,1,'ICP006'),(809869431,1,'ICP110'),(809869431,1,'ICP311'),(809869431,2,'ICP500'),(833064024,1,'ICP001'),(833064024,1,'ICP006'),(833064024,1,'ICP720'),(833064024,2,'ICP002'),(833064024,2,'ICP110'),(833064024,3,'ICP311'),(833064024,4,'ICP500'),(833064024,5,'ICP740'),(882961008,1,'ICP006'),(882961008,1,'ICP110'),(882961008,1,'ICP311'),(882961008,2,'ICP500'),(916025637,1,'ICP001'),(916025637,2,'ICP110'),(916025637,3,'ICP469'),(960676621,1,'ICP006'),(960676621,1,'ICP200'),(960676621,1,'ICP311'),(960676621,2,'ICP500'),(960676621,2,'ICP720'),(960676621,3,'ICP740'),(971245096,1,'ICP006'),(971245096,1,'ICP110'),(971245096,1,'ICP311'),(971245096,2,'ICP469'),(971245096,2,'ICP500');
/*!40000 ALTER TABLE `result` ENABLE KEYS */;
UNLOCK TABLES;

--
-- Table structure for table `rhs`
--

DROP TABLE IF EXISTS `rhs`;
/*!40101 SET @saved_cs_client     = @@character_set_client */;
/*!50503 SET character_set_client = utf8mb4 */;
CREATE TABLE `rhs` (
  `ruleid` int NOT NULL,
  `courseid` varchar(10) NOT NULL,
  PRIMARY KEY (`ruleid`,`courseid`)
) ENGINE=InnoDB DEFAULT CHARSET=latin1;
/*!40101 SET character_set_client = @saved_cs_client */;

--
-- Dumping data for table `rhs`
--

LOCK TABLES `rhs` WRITE;
/*!40000 ALTER TABLE `rhs` DISABLE KEYS */;
INSERT INTO `rhs` VALUES (1,'ICP110'),(2,'ICP311'),(3,'ICP500'),(4,'ICP311'),(5,'ICP500'),(6,'ICP500'),(7,'ICP311'),(8,'ICP500'),(9,'ICP500'),(10,'ICP500'),(11,'ICP500');
/*!40000 ALTER TABLE `rhs` ENABLE KEYS */;
UNLOCK TABLES;

--
-- Table structure for table `ruleinfo`
--

DROP TABLE IF EXISTS `ruleinfo`;
/*!40101 SET @saved_cs_client     = @@character_set_client */;
/*!50503 SET character_set_client = utf8mb4 */;
CREATE TABLE `ruleinfo` (
  `ruleid` int NOT NULL,
  `support` float DEFAULT NULL,
  `confidence` float DEFAULT NULL,
  `lift` float DEFAULT NULL,
  `count` int DEFAULT NULL,
  PRIMARY KEY (`ruleid`)
) ENGINE=InnoDB DEFAULT CHARSET=latin1;
/*!40101 SET character_set_client = @saved_cs_client */;

--
-- Dumping data for table `ruleinfo`
--

LOCK TABLES `ruleinfo` WRITE;
/*!40000 ALTER TABLE `ruleinfo` DISABLE KEYS */;
INSERT INTO `ruleinfo` VALUES (1,0.2,0.719101,1.53765,3),(2,0.2,0.910112,1.69382,3),(3,0.2,1,2.11579,3),(4,0.2,0.670213,1.24734,3),(5,0.2,0.744681,1.57559,3),(6,0.2,0.777778,1.64561,3),(7,0.2,0.875,1.62847,3),(8,0.2,1,2.11579,3),(9,0.2,1,2.11579,3),(10,0.2,0.936508,1.98145,3),(11,0.2,1,2.11579,3);
/*!40000 ALTER TABLE `ruleinfo` ENABLE KEYS */;
UNLOCK TABLES;

--
-- Table structure for table `webservicelist`
--

DROP TABLE IF EXISTS `webservicelist`;
/*!40101 SET @saved_cs_client     = @@character_set_client */;
/*!50503 SET character_set_client = utf8mb4 */;
CREATE TABLE `webservicelist` (
  `webServiceID` varchar(10) NOT NULL,
  `webServiceName` varchar(100) DEFAULT NULL,
  `reputation` float DEFAULT NULL,
  `price` float DEFAULT NULL,
  `duration` int DEFAULT NULL,
  `provider` varchar(50) DEFAULT NULL,
  `url` varchar(100) DEFAULT NULL,
  PRIMARY KEY (`webServiceID`)
) ENGINE=InnoDB DEFAULT CHARSET=latin1;
/*!40101 SET character_set_client = @saved_cs_client */;

--
-- Dumping data for table `webservicelist`
--

LOCK TABLES `webservicelist` WRITE;
/*!40000 ALTER TABLE `webservicelist` DISABLE KEYS */;
INSERT INTO `webservicelist` VALUES ('WSS1','WSS1Name',3,1,3,'serviceprovider','https://serviceprovider.com'),('WSS10','WSS10Name',3,1,3,'serviceprovider','https://serviceprovider.com'),('WSS100','WSS100Name',3,1,3,'serviceprovider','https://serviceprovider.com'),('WSS101','WSS101Name',3,1,3,'serviceprovider','https://serviceprovider.com'),('WSS102','WSS102Name',3,1,3,'serviceprovider','https://serviceprovider.com'),('WSS103','WSS103Name',3,1,3,'serviceprovider','https://serviceprovider.com'),('WSS104','WSS104Name',3,1,3,'serviceprovider','https://serviceprovider.com'),('WSS105','WSS105Name',3,1,3,'serviceprovider','https://serviceprovider.com'),('WSS106','WSS106Name',3,1,3,'serviceprovider','https://serviceprovider.com'),('WSS107','WSS107Name',3,1,3,'serviceprovider','https://serviceprovider.com'),('WSS108','WSS108Name',3,1,3,'serviceprovider','https://serviceprovider.com'),('WSS109','WSS109Name',3,1,3,'serviceprovider','https://serviceprovider.com'),('WSS11','WSS11Name',3,1,3,'serviceprovider','https://serviceprovider.com'),('WSS110','WSS110Name',3,1,3,'serviceprovider','https://serviceprovider.com'),('WSS111','WSS111Name',3,1,3,'serviceprovider','https://serviceprovider.com'),('WSS112','WSS112Name',3,1,3,'serviceprovider','https://serviceprovider.com'),('WSS113','WSS113Name',3,1,3,'serviceprovider','https://serviceprovider.com'),('WSS114','WSS114Name',3,1,3,'serviceprovider','https://serviceprovider.com'),('WSS115','WSS115Name',3,1,3,'serviceprovider','https://serviceprovider.com'),('WSS116','WSS116Name',3,1,3,'serviceprovider','https://serviceprovider.com'),('WSS117','WSS117Name',3,1,3,'serviceprovider','https://serviceprovider.com'),('WSS118','WSS118Name',3,1,3,'serviceprovider','https://serviceprovider.com'),('WSS119','WSS119Name',3,1,3,'serviceprovider','https://serviceprovider.com'),('WSS12','WSS12Name',3,1,3,'serviceprovider','https://serviceprovider.com'),('WSS120','WSS120Name',3,1,3,'serviceprovider','https://serviceprovider.com'),('WSS121','WSS121Name',3,1,3,'serviceprovider','https://serviceprovider.com'),('WSS122','WSS122Name',3,1,3,'serviceprovider','https://serviceprovider.com'),('WSS123','WSS123Name',3,1,3,'serviceprovider','https://serviceprovider.com'),('WSS124','WSS124Name',3,1,3,'serviceprovider','https://serviceprovider.com'),('WSS125','WSS125Name',3,1,3,'serviceprovider','https://serviceprovider.com'),('WSS126','WSS126Name',3,1,3,'serviceprovider','https://serviceprovider.com'),('WSS127','WSS127Name',3,1,3,'serviceprovider','https://serviceprovider.com'),('WSS128','WSS128Name',3,1,3,'serviceprovider','https://serviceprovider.com'),('WSS129','WSS129Name',3,1,3,'serviceprovider','https://serviceprovider.com'),('WSS13','WSS13Name',3,1,3,'serviceprovider','https://serviceprovider.com'),('WSS130','WSS130Name',3,1,3,'serviceprovider','https://serviceprovider.com'),('WSS131','WSS131Name',3,1,3,'serviceprovider','https://serviceprovider.com'),('WSS132','WSS132Name',3,1,3,'serviceprovider','https://serviceprovider.com'),('WSS133','WSS133Name',3,1,3,'serviceprovider','https://serviceprovider.com'),('WSS134','WSS134Name',3,1,3,'serviceprovider','https://serviceprovider.com'),('WSS135','WSS135Name',3,1,3,'serviceprovider','https://serviceprovider.com'),('WSS136','WSS136Name',3,1,3,'serviceprovider','https://serviceprovider.com'),('WSS137','WSS137Name',3,1,3,'serviceprovider','https://serviceprovider.com'),('WSS138','WSS138Name',3,1,3,'serviceprovider','https://serviceprovider.com'),('WSS139','WSS139Name',3,1,3,'serviceprovider','https://serviceprovider.com'),('WSS14','WSS14Name',3,1,3,'serviceprovider','https://serviceprovider.com'),('WSS140','WSS140Name',3,1,3,'serviceprovider','https://serviceprovider.com'),('WSS141','WSS141Name',3,1,3,'serviceprovider','https://serviceprovider.com'),('WSS142','WSS142Name',3,1,3,'serviceprovider','https://serviceprovider.com'),('WSS143','WSS143Name',3,1,3,'serviceprovider','https://serviceprovider.com'),('WSS144','WSS144Name',3,1,3,'serviceprovider','https://serviceprovider.com'),('WSS145','WSS145Name',3,1,3,'serviceprovider','https://serviceprovider.com'),('WSS146','WSS146Name',3,1,3,'serviceprovider','https://serviceprovider.com'),('WSS147','WSS147Name',3,1,3,'serviceprovider','https://serviceprovider.com'),('WSS148','WSS148Name',3,1,3,'serviceprovider','https://serviceprovider.com'),('WSS149','WSS149Name',3,1,3,'serviceprovider','https://serviceprovider.com'),('WSS15','WSS15Name',3,1,3,'serviceprovider','https://serviceprovider.com'),('WSS150','WSS150Name',3,1,3,'serviceprovider','https://serviceprovider.com'),('WSS151','WSS151Name',3,1,3,'serviceprovider','https://serviceprovider.com'),('WSS152','WSS152Name',3,1,3,'serviceprovider','https://serviceprovider.com'),('WSS153','WSS153Name',3,1,3,'serviceprovider','https://serviceprovider.com'),('WSS154','WSS154Name',3,1,3,'serviceprovider','https://serviceprovider.com'),('WSS155','WSS155Name',3,1,3,'serviceprovider','https://serviceprovider.com'),('WSS156','WSS156Name',3,1,3,'serviceprovider','https://serviceprovider.com'),('WSS157','WSS157Name',3,1,3,'serviceprovider','https://serviceprovider.com'),('WSS158','WSS158Name',3,1,3,'serviceprovider','https://serviceprovider.com'),('WSS159','WSS159Name',3,1,3,'serviceprovider','https://serviceprovider.com'),('WSS16','WSS16Name',3,1,3,'serviceprovider','https://serviceprovider.com'),('WSS160','WSS160Name',3,1,3,'serviceprovider','https://serviceprovider.com'),('WSS161','WSS161Name',3,1,3,'serviceprovider','https://serviceprovider.com'),('WSS162','WSS162Name',3,1,3,'serviceprovider','https://serviceprovider.com'),('WSS163','WSS163Name',3,1,3,'serviceprovider','https://serviceprovider.com'),('WSS164','WSS164Name',3,1,3,'serviceprovider','https://serviceprovider.com'),('WSS165','WSS165Name',3,1,3,'serviceprovider','https://serviceprovider.com'),('WSS166','WSS166Name',3,1,3,'serviceprovider','https://serviceprovider.com'),('WSS167','WSS167Name',3,1,3,'serviceprovider','https://serviceprovider.com'),('WSS168','WSS168Name',3,1,3,'serviceprovider','https://serviceprovider.com'),('WSS169','WSS169Name',3,1,3,'serviceprovider','https://serviceprovider.com'),('WSS17','WSS17Name',3,1,3,'serviceprovider','https://serviceprovider.com'),('WSS170','WSS170Name',3,1,3,'serviceprovider','https://serviceprovider.com'),('WSS171','WSS171Name',3,1,3,'serviceprovider','https://serviceprovider.com'),('WSS172','WSS172Name',3,1,3,'serviceprovider','https://serviceprovider.com'),('WSS173','WSS173Name',3,1,3,'serviceprovider','https://serviceprovider.com'),('WSS174','WSS174Name',3,1,3,'serviceprovider','https://serviceprovider.com'),('WSS175','WSS175Name',3,1,3,'serviceprovider','https://serviceprovider.com'),('WSS176','WSS176Name',3,1,3,'serviceprovider','https://serviceprovider.com'),('WSS177','WSS177Name',3,1,3,'serviceprovider','https://serviceprovider.com'),('WSS178','WSS178Name',3,1,3,'serviceprovider','https://serviceprovider.com'),('WSS179','WSS179Name',3,1,3,'serviceprovider','https://serviceprovider.com'),('WSS18','WSS18Name',3,1,3,'serviceprovider','https://serviceprovider.com'),('WSS180','WSS180Name',3,1,3,'serviceprovider','https://serviceprovider.com'),('WSS181','WSS181Name',3,1,3,'serviceprovider','https://serviceprovider.com'),('WSS182','WSS182Name',3,1,3,'serviceprovider','https://serviceprovider.com'),('WSS183','WSS183Name',3,1,3,'serviceprovider','https://serviceprovider.com'),('WSS184','WSS184Name',3,1,3,'serviceprovider','https://serviceprovider.com'),('WSS185','WSS185Name',3,1,3,'serviceprovider','https://serviceprovider.com'),('WSS186','WSS186Name',3,1,3,'serviceprovider','https://serviceprovider.com'),('WSS187','WSS187Name',3,1,3,'serviceprovider','https://serviceprovider.com'),('WSS188','WSS188Name',3,1,3,'serviceprovider','https://serviceprovider.com'),('WSS189','WSS189Name',3,1,3,'serviceprovider','https://serviceprovider.com'),('WSS19','WSS19Name',3,1,3,'serviceprovider','https://serviceprovider.com'),('WSS190','WSS190Name',3,1,3,'serviceprovider','https://serviceprovider.com'),('WSS191','WSS191Name',3,1,3,'serviceprovider','https://serviceprovider.com'),('WSS192','WSS192Name',3,1,3,'serviceprovider','https://serviceprovider.com'),('WSS193','WSS193Name',3,1,3,'serviceprovider','https://serviceprovider.com'),('WSS194','WSS194Name',3,1,3,'serviceprovider','https://serviceprovider.com'),('WSS195','WSS195Name',3,1,3,'serviceprovider','https://serviceprovider.com'),('WSS196','WSS196Name',3,1,3,'serviceprovider','https://serviceprovider.com'),('WSS197','WSS197Name',3,1,3,'serviceprovider','https://serviceprovider.com'),('WSS198','WSS198Name',3,1,3,'serviceprovider','https://serviceprovider.com'),('WSS199','WSS199Name',3,1,3,'serviceprovider','https://serviceprovider.com'),('WSS2','WSS2Name',3,1,3,'serviceprovider','https://serviceprovider.com'),('WSS20','WSS20Name',3,1,3,'serviceprovider','https://serviceprovider.com'),('WSS200','WSS200Name',3,1,3,'serviceprovider','https://serviceprovider.com'),('WSS201','WSS201Name',3,1,3,'serviceprovider','https://serviceprovider.com'),('WSS202','WSS202Name',3,1,3,'serviceprovider','https://serviceprovider.com'),('WSS203','WSS203Name',3,1,3,'serviceprovider','https://serviceprovider.com'),('WSS204','WSS204Name',3,1,3,'serviceprovider','https://serviceprovider.com'),('WSS205','WSS205Name',3,1,3,'serviceprovider','https://serviceprovider.com'),('WSS206','WSS206Name',3,1,3,'serviceprovider','https://serviceprovider.com'),('WSS207','WSS207Name',3,1,3,'serviceprovider','https://serviceprovider.com'),('WSS208','WSS208Name',3,1,3,'serviceprovider','https://serviceprovider.com'),('WSS209','WSS209Name',3,1,3,'serviceprovider','https://serviceprovider.com'),('WSS21','WSS21Name',3,1,3,'serviceprovider','https://serviceprovider.com'),('WSS210','WSS210Name',3,1,3,'serviceprovider','https://serviceprovider.com'),('WSS211','WSS211Name',3,1,3,'serviceprovider','https://serviceprovider.com'),('WSS212','WSS212Name',3,1,3,'serviceprovider','https://serviceprovider.com'),('WSS213','WSS213Name',3,1,3,'serviceprovider','https://serviceprovider.com'),('WSS214','WSS214Name',3,1,3,'serviceprovider','https://serviceprovider.com'),('WSS215','WSS215Name',3,1,3,'serviceprovider','https://serviceprovider.com'),('WSS216','WSS216Name',3,1,3,'serviceprovider','https://serviceprovider.com'),('WSS217','WSS217Name',3,1,3,'serviceprovider','https://serviceprovider.com'),('WSS218','WSS218Name',3,1,3,'serviceprovider','https://serviceprovider.com'),('WSS219','WSS219Name',3,1,3,'serviceprovider','https://serviceprovider.com'),('WSS22','WSS22Name',3,1,3,'serviceprovider','https://serviceprovider.com'),('WSS220','WSS220Name',3,1,3,'serviceprovider','https://serviceprovider.com'),('WSS221','WSS221Name',3,1,3,'serviceprovider','https://serviceprovider.com'),('WSS222','WSS222Name',3,1,3,'serviceprovider','https://serviceprovider.com'),('WSS223','WSS223Name',3,1,3,'serviceprovider','https://serviceprovider.com'),('WSS224','WSS224Name',3,1,3,'serviceprovider','https://serviceprovider.com'),('WSS225','WSS225Name',3,1,3,'serviceprovider','https://serviceprovider.com'),('WSS226','WSS226Name',3,1,3,'serviceprovider','https://serviceprovider.com'),('WSS227','WSS227Name',3,1,3,'serviceprovider','https://serviceprovider.com'),('WSS228','WSS228Name',3,1,3,'serviceprovider','https://serviceprovider.com'),('WSS229','WSS229Name',3,1,3,'serviceprovider','https://serviceprovider.com'),('WSS23','WSS23Name',3,1,3,'serviceprovider','https://serviceprovider.com'),('WSS230','WSS230Name',3,1,3,'serviceprovider','https://serviceprovider.com'),('WSS231','WSS231Name',3,1,3,'serviceprovider','https://serviceprovider.com'),('WSS232','WSS232Name',3,1,3,'serviceprovider','https://serviceprovider.com'),('WSS233','WSS233Name',3,1,3,'serviceprovider','https://serviceprovider.com'),('WSS234','WSS234Name',3,1,3,'serviceprovider','https://serviceprovider.com'),('WSS235','WSS235Name',3,1,3,'serviceprovider','https://serviceprovider.com'),('WSS236','WSS236Name',3,1,3,'serviceprovider','https://serviceprovider.com'),('WSS237','WSS237Name',3,1,3,'serviceprovider','https://serviceprovider.com'),('WSS238','WSS238Name',3,1,3,'serviceprovider','https://serviceprovider.com'),('WSS239','WSS239Name',3,1,3,'serviceprovider','https://serviceprovider.com'),('WSS24','WSS24Name',3,1,3,'serviceprovider','https://serviceprovider.com'),('WSS240','WSS240Name',3,1,3,'serviceprovider','https://serviceprovider.com'),('WSS241','WSS241Name',3,1,3,'serviceprovider','https://serviceprovider.com'),('WSS242','WSS242Name',3,1,3,'serviceprovider','https://serviceprovider.com'),('WSS243','WSS243Name',3,1,3,'serviceprovider','https://serviceprovider.com'),('WSS244','WSS244Name',3,1,3,'serviceprovider','https://serviceprovider.com'),('WSS245','WSS245Name',3,1,3,'serviceprovider','https://serviceprovider.com'),('WSS246','WSS246Name',3,1,3,'serviceprovider','https://serviceprovider.com'),('WSS247','WSS247Name',3,1,3,'serviceprovider','https://serviceprovider.com'),('WSS248','WSS248Name',3,1,3,'serviceprovider','https://serviceprovider.com'),('WSS249','WSS249Name',3,1,3,'serviceprovider','https://serviceprovider.com'),('WSS25','WSS25Name',3,1,3,'serviceprovider','https://serviceprovider.com'),('WSS250','WSS250Name',3,1,3,'serviceprovider','https://serviceprovider.com'),('WSS251','WSS251Name',3,1,3,'serviceprovider','https://serviceprovider.com'),('WSS252','WSS252Name',3,1,3,'serviceprovider','https://serviceprovider.com'),('WSS253','WSS253Name',3,1,3,'serviceprovider','https://serviceprovider.com'),('WSS254','WSS254Name',3,1,3,'serviceprovider','https://serviceprovider.com'),('WSS255','WSS255Name',3,1,3,'serviceprovider','https://serviceprovider.com'),('WSS256','WSS256Name',3,1,3,'serviceprovider','https://serviceprovider.com'),('WSS257','WSS257Name',3,1,3,'serviceprovider','https://serviceprovider.com'),('WSS258','WSS258Name',3,1,3,'serviceprovider','https://serviceprovider.com'),('WSS259','WSS259Name',3,1,3,'serviceprovider','https://serviceprovider.com'),('WSS26','WSS26Name',3,1,3,'serviceprovider','https://serviceprovider.com'),('WSS260','WSS260Name',3,1,3,'serviceprovider','https://serviceprovider.com'),('WSS261','WSS261Name',3,1,3,'serviceprovider','https://serviceprovider.com'),('WSS262','WSS262Name',3,1,3,'serviceprovider','https://serviceprovider.com'),('WSS263','WSS263Name',3,1,3,'serviceprovider','https://serviceprovider.com'),('WSS264','WSS264Name',3,1,3,'serviceprovider','https://serviceprovider.com'),('WSS265','WSS265Name',3,1,3,'serviceprovider','https://serviceprovider.com'),('WSS266','WSS266Name',3,1,3,'serviceprovider','https://serviceprovider.com'),('WSS267','WSS267Name',3,1,3,'serviceprovider','https://serviceprovider.com'),('WSS268','WSS268Name',3,1,3,'serviceprovider','https://serviceprovider.com'),('WSS269','WSS269Name',3,1,3,'serviceprovider','https://serviceprovider.com'),('WSS27','WSS27Name',3,1,3,'serviceprovider','https://serviceprovider.com'),('WSS270','WSS270Name',3,1,3,'serviceprovider','https://serviceprovider.com'),('WSS271','WSS271Name',3,1,3,'serviceprovider','https://serviceprovider.com'),('WSS272','WSS272Name',3,1,3,'serviceprovider','https://serviceprovider.com'),('WSS273','WSS273Name',3,1,3,'serviceprovider','https://serviceprovider.com'),('WSS274','WSS274Name',3,1,3,'serviceprovider','https://serviceprovider.com'),('WSS275','WSS275Name',3,1,3,'serviceprovider','https://serviceprovider.com'),('WSS276','WSS276Name',3,1,3,'serviceprovider','https://serviceprovider.com'),('WSS277','WSS277Name',3,1,3,'serviceprovider','https://serviceprovider.com'),('WSS278','WSS278Name',3,1,3,'serviceprovider','https://serviceprovider.com'),('WSS279','WSS279Name',3,1,3,'serviceprovider','https://serviceprovider.com'),('WSS28','WSS28Name',3,1,3,'serviceprovider','https://serviceprovider.com'),('WSS280','WSS280Name',3,1,3,'serviceprovider','https://serviceprovider.com'),('WSS281','WSS281Name',3,1,3,'serviceprovider','https://serviceprovider.com'),('WSS282','WSS282Name',3,1,3,'serviceprovider','https://serviceprovider.com'),('WSS283','WSS283Name',3,1,3,'serviceprovider','https://serviceprovider.com'),('WSS284','WSS284Name',3,1,3,'serviceprovider','https://serviceprovider.com'),('WSS285','WSS285Name',3,1,3,'serviceprovider','https://serviceprovider.com'),('WSS286','WSS286Name',3,1,3,'serviceprovider','https://serviceprovider.com'),('WSS287','WSS287Name',3,1,3,'serviceprovider','https://serviceprovider.com'),('WSS288','WSS288Name',3,1,3,'serviceprovider','https://serviceprovider.com'),('WSS289','WSS289Name',3,1,3,'serviceprovider','https://serviceprovider.com'),('WSS29','WSS29Name',3,1,3,'serviceprovider','https://serviceprovider.com'),('WSS290','WSS290Name',3,1,3,'serviceprovider','https://serviceprovider.com'),('WSS291','WSS291Name',3,1,3,'serviceprovider','https://serviceprovider.com'),('WSS292','WSS292Name',3,1,3,'serviceprovider','https://serviceprovider.com'),('WSS293','WSS293Name',3,1,3,'serviceprovider','https://serviceprovider.com'),('WSS294','WSS294Name',3,1,3,'serviceprovider','https://serviceprovider.com'),('WSS295','WSS295Name',3,1,3,'serviceprovider','https://serviceprovider.com'),('WSS296','WSS296Name',3,1,3,'serviceprovider','https://serviceprovider.com'),('WSS297','WSS297Name',3,1,3,'serviceprovider','https://serviceprovider.com'),('WSS298','WSS298Name',3,1,3,'serviceprovider','https://serviceprovider.com'),('WSS299','WSS299Name',3,1,3,'serviceprovider','https://serviceprovider.com'),('WSS3','WSS3Name',3,1,3,'serviceprovider','https://serviceprovider.com'),('WSS30','WSS30Name',3,1,3,'serviceprovider','https://serviceprovider.com'),('WSS300','WSS300Name',3,1,3,'serviceprovider','https://serviceprovider.com'),('WSS301','WSS301Name',3,1,3,'serviceprovider','https://serviceprovider.com'),('WSS302','WSS302Name',3,1,3,'serviceprovider','https://serviceprovider.com'),('WSS303','WSS303Name',3,1,3,'serviceprovider','https://serviceprovider.com'),('WSS304','WSS304Name',3,1,3,'serviceprovider','https://serviceprovider.com'),('WSS305','WSS305Name',3,1,3,'serviceprovider','https://serviceprovider.com'),('WSS306','WSS306Name',3,1,3,'serviceprovider','https://serviceprovider.com'),('WSS307','WSS307Name',3,1,3,'serviceprovider','https://serviceprovider.com'),('WSS308','WSS308Name',3,1,3,'serviceprovider','https://serviceprovider.com'),('WSS309','WSS309Name',3,1,3,'serviceprovider','https://serviceprovider.com'),('WSS31','WSS31Name',3,1,3,'serviceprovider','https://serviceprovider.com'),('WSS310','WSS310Name',3,1,3,'serviceprovider','https://serviceprovider.com'),('WSS311','WSS311Name',3,1,3,'serviceprovider','https://serviceprovider.com'),('WSS312','WSS312Name',3,1,3,'serviceprovider','https://serviceprovider.com'),('WSS313','WSS313Name',3,1,3,'serviceprovider','https://serviceprovider.com'),('WSS314','WSS314Name',3,1,3,'serviceprovider','https://serviceprovider.com'),('WSS315','WSS315Name',3,1,3,'serviceprovider','https://serviceprovider.com'),('WSS316','WSS316Name',3,1,3,'serviceprovider','https://serviceprovider.com'),('WSS317','WSS317Name',3,1,3,'serviceprovider','https://serviceprovider.com'),('WSS318','WSS318Name',3,1,3,'serviceprovider','https://serviceprovider.com'),('WSS319','WSS319Name',3,1,3,'serviceprovider','https://serviceprovider.com'),('WSS32','WSS32Name',3,1,3,'serviceprovider','https://serviceprovider.com'),('WSS320','WSS320Name',3,1,3,'serviceprovider','https://serviceprovider.com'),('WSS321','WSS321Name',3,1,3,'serviceprovider','https://serviceprovider.com'),('WSS322','WSS322Name',3,1,3,'serviceprovider','https://serviceprovider.com'),('WSS323','WSS323Name',3,1,3,'serviceprovider','https://serviceprovider.com'),('WSS324','WSS324Name',3,1,3,'serviceprovider','https://serviceprovider.com'),('WSS325','WSS325Name',3,1,3,'serviceprovider','https://serviceprovider.com'),('WSS326','WSS326Name',3,1,3,'serviceprovider','https://serviceprovider.com'),('WSS327','WSS327Name',3,1,3,'serviceprovider','https://serviceprovider.com'),('WSS328','WSS328Name',3,1,3,'serviceprovider','https://serviceprovider.com'),('WSS329','WSS329Name',3,1,3,'serviceprovider','https://serviceprovider.com'),('WSS33','WSS33Name',3,1,3,'serviceprovider','https://serviceprovider.com'),('WSS330','WSS330Name',3,1,3,'serviceprovider','https://serviceprovider.com'),('WSS331','WSS331Name',3,1,3,'serviceprovider','https://serviceprovider.com'),('WSS332','WSS332Name',3,1,3,'serviceprovider','https://serviceprovider.com'),('WSS333','WSS333Name',3,1,3,'serviceprovider','https://serviceprovider.com'),('WSS334','WSS334Name',3,1,3,'serviceprovider','https://serviceprovider.com'),('WSS335','WSS335Name',3,1,3,'serviceprovider','https://serviceprovider.com'),('WSS336','WSS336Name',3,1,3,'serviceprovider','https://serviceprovider.com'),('WSS337','WSS337Name',3,1,3,'serviceprovider','https://serviceprovider.com'),('WSS338','WSS338Name',3,1,3,'serviceprovider','https://serviceprovider.com'),('WSS339','WSS339Name',3,1,3,'serviceprovider','https://serviceprovider.com'),('WSS34','WSS34Name',3,1,3,'serviceprovider','https://serviceprovider.com'),('WSS340','WSS340Name',3,1,3,'serviceprovider','https://serviceprovider.com'),('WSS341','WSS341Name',3,1,3,'serviceprovider','https://serviceprovider.com'),('WSS342','WSS342Name',3,1,3,'serviceprovider','https://serviceprovider.com'),('WSS343','WSS343Name',3,1,3,'serviceprovider','https://serviceprovider.com'),('WSS344','WSS344Name',3,1,3,'serviceprovider','https://serviceprovider.com'),('WSS345','WSS345Name',3,1,3,'serviceprovider','https://serviceprovider.com'),('WSS346','WSS346Name',3,1,3,'serviceprovider','https://serviceprovider.com'),('WSS347','WSS347Name',3,1,3,'serviceprovider','https://serviceprovider.com'),('WSS348','WSS348Name',3,1,3,'serviceprovider','https://serviceprovider.com'),('WSS349','WSS349Name',3,1,3,'serviceprovider','https://serviceprovider.com'),('WSS35','WSS35Name',3,1,3,'serviceprovider','https://serviceprovider.com'),('WSS350','WSS350Name',3,1,3,'serviceprovider','https://serviceprovider.com'),('WSS351','WSS351Name',3,1,3,'serviceprovider','https://serviceprovider.com'),('WSS352','WSS352Name',3,1,3,'serviceprovider','https://serviceprovider.com'),('WSS353','WSS353Name',3,1,3,'serviceprovider','https://serviceprovider.com'),('WSS354','WSS354Name',3,1,3,'serviceprovider','https://serviceprovider.com'),('WSS355','WSS355Name',3,1,3,'serviceprovider','https://serviceprovider.com'),('WSS356','WSS356Name',3,1,3,'serviceprovider','https://serviceprovider.com'),('WSS357','WSS357Name',3,1,3,'serviceprovider','https://serviceprovider.com'),('WSS358','WSS358Name',3,1,3,'serviceprovider','https://serviceprovider.com'),('WSS359','WSS359Name',3,1,3,'serviceprovider','https://serviceprovider.com'),('WSS36','WSS36Name',3,1,3,'serviceprovider','https://serviceprovider.com'),('WSS360','WSS360Name',3,1,3,'serviceprovider','https://serviceprovider.com'),('WSS361','WSS361Name',3,1,3,'serviceprovider','https://serviceprovider.com'),('WSS362','WSS362Name',3,1,3,'serviceprovider','https://serviceprovider.com'),('WSS363','WSS363Name',3,1,3,'serviceprovider','https://serviceprovider.com'),('WSS364','WSS364Name',3,1,3,'serviceprovider','https://serviceprovider.com'),('WSS365','WSS365Name',3,1,3,'serviceprovider','https://serviceprovider.com'),('WSS366','WSS366Name',3,1,3,'serviceprovider','https://serviceprovider.com'),('WSS367','WSS367Name',3,1,3,'serviceprovider','https://serviceprovider.com'),('WSS368','WSS368Name',3,1,3,'serviceprovider','https://serviceprovider.com'),('WSS369','WSS369Name',3,1,3,'serviceprovider','https://serviceprovider.com'),('WSS37','WSS37Name',3,1,3,'serviceprovider','https://serviceprovider.com'),('WSS370','WSS370Name',3,1,3,'serviceprovider','https://serviceprovider.com'),('WSS371','WSS371Name',3,1,3,'serviceprovider','https://serviceprovider.com'),('WSS372','WSS372Name',3,1,3,'serviceprovider','https://serviceprovider.com'),('WSS373','WSS373Name',3,1,3,'serviceprovider','https://serviceprovider.com'),('WSS374','WSS374Name',3,1,3,'serviceprovider','https://serviceprovider.com'),('WSS375','WSS375Name',3,1,3,'serviceprovider','https://serviceprovider.com'),('WSS376','WSS376Name',3,1,3,'serviceprovider','https://serviceprovider.com'),('WSS377','WSS377Name',3,1,3,'serviceprovider','https://serviceprovider.com'),('WSS378','WSS378Name',3,1,3,'serviceprovider','https://serviceprovider.com'),('WSS379','WSS379Name',3,1,3,'serviceprovider','https://serviceprovider.com'),('WSS38','WSS38Name',3,1,3,'serviceprovider','https://serviceprovider.com'),('WSS380','WSS380Name',3,1,3,'serviceprovider','https://serviceprovider.com'),('WSS381','WSS381Name',3,1,3,'serviceprovider','https://serviceprovider.com'),('WSS382','WSS382Name',3,1,3,'serviceprovider','https://serviceprovider.com'),('WSS383','WSS383Name',3,1,3,'serviceprovider','https://serviceprovider.com'),('WSS384','WSS384Name',3,1,3,'serviceprovider','https://serviceprovider.com'),('WSS385','WSS385Name',3,1,3,'serviceprovider','https://serviceprovider.com'),('WSS386','WSS386Name',3,1,3,'serviceprovider','https://serviceprovider.com'),('WSS387','WSS387Name',3,1,3,'serviceprovider','https://serviceprovider.com'),('WSS388','WSS388Name',3,1,3,'serviceprovider','https://serviceprovider.com'),('WSS389','WSS389Name',3,1,3,'serviceprovider','https://serviceprovider.com'),('WSS39','WSS39Name',3,1,3,'serviceprovider','https://serviceprovider.com'),('WSS390','WSS390Name',3,1,3,'serviceprovider','https://serviceprovider.com'),('WSS391','WSS391Name',3,1,3,'serviceprovider','https://serviceprovider.com'),('WSS392','WSS392Name',3,1,3,'serviceprovider','https://serviceprovider.com'),('WSS393','WSS393Name',3,1,3,'serviceprovider','https://serviceprovider.com'),('WSS394','WSS394Name',3,1,3,'serviceprovider','https://serviceprovider.com'),('WSS395','WSS395Name',3,1,3,'serviceprovider','https://serviceprovider.com'),('WSS396','WSS396Name',3,1,3,'serviceprovider','https://serviceprovider.com'),('WSS397','WSS397Name',3,1,3,'serviceprovider','https://serviceprovider.com'),('WSS398','WSS398Name',3,1,3,'serviceprovider','https://serviceprovider.com'),('WSS399','WSS399Name',3,1,3,'serviceprovider','https://serviceprovider.com'),('WSS4','WSS4Name',3,1,3,'serviceprovider','https://serviceprovider.com'),('WSS40','WSS40Name',3,1,3,'serviceprovider','https://serviceprovider.com'),('WSS400','WSS400Name',3,1,3,'serviceprovider','https://serviceprovider.com'),('WSS401','WSS401Name',3,1,3,'serviceprovider','https://serviceprovider.com'),('WSS402','WSS402Name',3,1,3,'serviceprovider','https://serviceprovider.com'),('WSS403','WSS403Name',3,1,3,'serviceprovider','https://serviceprovider.com'),('WSS404','WSS404Name',3,1,3,'serviceprovider','https://serviceprovider.com'),('WSS405','WSS405Name',3,1,3,'serviceprovider','https://serviceprovider.com'),('WSS406','WSS406Name',3,1,3,'serviceprovider','https://serviceprovider.com'),('WSS407','WSS407Name',3,1,3,'serviceprovider','https://serviceprovider.com'),('WSS408','WSS408Name',3,1,3,'serviceprovider','https://serviceprovider.com'),('WSS409','WSS409Name',3,1,3,'serviceprovider','https://serviceprovider.com'),('WSS41','WSS41Name',3,1,3,'serviceprovider','https://serviceprovider.com'),('WSS410','WSS410Name',3,1,3,'serviceprovider','https://serviceprovider.com'),('WSS411','WSS411Name',3,1,3,'serviceprovider','https://serviceprovider.com'),('WSS412','WSS412Name',3,1,3,'serviceprovider','https://serviceprovider.com'),('WSS413','WSS413Name',3,1,3,'serviceprovider','https://serviceprovider.com'),('WSS414','WSS414Name',3,1,3,'serviceprovider','https://serviceprovider.com'),('WSS415','WSS415Name',3,1,3,'serviceprovider','https://serviceprovider.com'),('WSS416','WSS416Name',3,1,3,'serviceprovider','https://serviceprovider.com'),('WSS417','WSS417Name',3,1,3,'serviceprovider','https://serviceprovider.com'),('WSS418','WSS418Name',3,1,3,'serviceprovider','https://serviceprovider.com'),('WSS419','WSS419Name',3,1,3,'serviceprovider','https://serviceprovider.com'),('WSS42','WSS42Name',3,1,3,'serviceprovider','https://serviceprovider.com'),('WSS420','WSS420Name',3,1,3,'serviceprovider','https://serviceprovider.com'),('WSS421','WSS421Name',3,1,3,'serviceprovider','https://serviceprovider.com'),('WSS422','WSS422Name',3,1,3,'serviceprovider','https://serviceprovider.com'),('WSS423','WSS423Name',3,1,3,'serviceprovider','https://serviceprovider.com'),('WSS424','WSS424Name',3,1,3,'serviceprovider','https://serviceprovider.com'),('WSS425','WSS425Name',3,1,3,'serviceprovider','https://serviceprovider.com'),('WSS426','WSS426Name',3,1,3,'serviceprovider','https://serviceprovider.com'),('WSS427','WSS427Name',3,1,3,'serviceprovider','https://serviceprovider.com'),('WSS428','WSS428Name',3,1,3,'serviceprovider','https://serviceprovider.com'),('WSS429','WSS429Name',3,1,3,'serviceprovider','https://serviceprovider.com'),('WSS43','WSS43Name',3,1,3,'serviceprovider','https://serviceprovider.com'),('WSS430','WSS430Name',3,1,3,'serviceprovider','https://serviceprovider.com'),('WSS431','WSS431Name',3,1,3,'serviceprovider','https://serviceprovider.com'),('WSS432','WSS432Name',3,1,3,'serviceprovider','https://serviceprovider.com'),('WSS433','WSS433Name',3,1,3,'serviceprovider','https://serviceprovider.com'),('WSS434','WSS434Name',3,1,3,'serviceprovider','https://serviceprovider.com'),('WSS435','WSS435Name',3,1,3,'serviceprovider','https://serviceprovider.com'),('WSS436','WSS436Name',3,1,3,'serviceprovider','https://serviceprovider.com'),('WSS437','WSS437Name',3,1,3,'serviceprovider','https://serviceprovider.com'),('WSS438','WSS438Name',3,1,3,'serviceprovider','https://serviceprovider.com'),('WSS439','WSS439Name',3,1,3,'serviceprovider','https://serviceprovider.com'),('WSS44','WSS44Name',3,1,3,'serviceprovider','https://serviceprovider.com'),('WSS440','WSS440Name',3,1,3,'serviceprovider','https://serviceprovider.com'),('WSS441','WSS441Name',3,1,3,'serviceprovider','https://serviceprovider.com'),('WSS442','WSS442Name',3,1,3,'serviceprovider','https://serviceprovider.com'),('WSS443','WSS443Name',3,1,3,'serviceprovider','https://serviceprovider.com'),('WSS444','WSS444Name',3,1,3,'serviceprovider','https://serviceprovider.com'),('WSS445','WSS445Name',3,1,3,'serviceprovider','https://serviceprovider.com'),('WSS446','WSS446Name',3,1,3,'serviceprovider','https://serviceprovider.com'),('WSS447','WSS447Name',3,1,3,'serviceprovider','https://serviceprovider.com'),('WSS448','WSS448Name',3,1,3,'serviceprovider','https://serviceprovider.com'),('WSS449','WSS449Name',3,1,3,'serviceprovider','https://serviceprovider.com'),('WSS45','WSS45Name',3,1,3,'serviceprovider','https://serviceprovider.com'),('WSS450','WSS450Name',3,1,3,'serviceprovider','https://serviceprovider.com'),('WSS451','WSS451Name',3,1,3,'serviceprovider','https://serviceprovider.com'),('WSS452','WSS452Name',3,1,3,'serviceprovider','https://serviceprovider.com'),('WSS453','WSS453Name',3,1,3,'serviceprovider','https://serviceprovider.com'),('WSS454','WSS454Name',3,1,3,'serviceprovider','https://serviceprovider.com'),('WSS455','WSS455Name',3,1,3,'serviceprovider','https://serviceprovider.com'),('WSS456','WSS456Name',3,1,3,'serviceprovider','https://serviceprovider.com'),('WSS457','WSS457Name',3,1,3,'serviceprovider','https://serviceprovider.com'),('WSS458','WSS458Name',3,1,3,'serviceprovider','https://serviceprovider.com'),('WSS459','WSS459Name',3,1,3,'serviceprovider','https://serviceprovider.com'),('WSS46','WSS46Name',3,1,3,'serviceprovider','https://serviceprovider.com'),('WSS460','WSS460Name',3,1,3,'serviceprovider','https://serviceprovider.com'),('WSS461','WSS461Name',3,1,3,'serviceprovider','https://serviceprovider.com'),('WSS462','WSS462Name',3,1,3,'serviceprovider','https://serviceprovider.com'),('WSS463','WSS463Name',3,1,3,'serviceprovider','https://serviceprovider.com'),('WSS464','WSS464Name',3,1,3,'serviceprovider','https://serviceprovider.com'),('WSS465','WSS465Name',3,1,3,'serviceprovider','https://serviceprovider.com'),('WSS466','WSS466Name',3,1,3,'serviceprovider','https://serviceprovider.com'),('WSS467','WSS467Name',3,1,3,'serviceprovider','https://serviceprovider.com'),('WSS468','WSS468Name',3,1,3,'serviceprovider','https://serviceprovider.com'),('WSS469','WSS469Name',3,1,3,'serviceprovider','https://serviceprovider.com'),('WSS47','WSS47Name',3,1,3,'serviceprovider','https://serviceprovider.com'),('WSS470','WSS470Name',3,1,3,'serviceprovider','https://serviceprovider.com'),('WSS471','WSS471Name',3,1,3,'serviceprovider','https://serviceprovider.com'),('WSS472','WSS472Name',3,1,3,'serviceprovider','https://serviceprovider.com'),('WSS473','WSS473Name',3,1,3,'serviceprovider','https://serviceprovider.com'),('WSS474','WSS474Name',3,1,3,'serviceprovider','https://serviceprovider.com'),('WSS475','WSS475Name',3,1,3,'serviceprovider','https://serviceprovider.com'),('WSS476','WSS476Name',3,1,3,'serviceprovider','https://serviceprovider.com'),('WSS477','WSS477Name',3,1,3,'serviceprovider','https://serviceprovider.com'),('WSS478','WSS478Name',3,1,3,'serviceprovider','https://serviceprovider.com'),('WSS479','WSS479Name',3,1,3,'serviceprovider','https://serviceprovider.com'),('WSS48','WSS48Name',3,1,3,'serviceprovider','https://serviceprovider.com'),('WSS480','WSS480Name',3,1,3,'serviceprovider','https://serviceprovider.com'),('WSS481','WSS481Name',3,1,3,'serviceprovider','https://serviceprovider.com'),('WSS482','WSS482Name',3,1,3,'serviceprovider','https://serviceprovider.com'),('WSS483','WSS483Name',3,1,3,'serviceprovider','https://serviceprovider.com'),('WSS484','WSS484Name',3,1,3,'serviceprovider','https://serviceprovider.com'),('WSS485','WSS485Name',3,1,3,'serviceprovider','https://serviceprovider.com'),('WSS486','WSS486Name',3,1,3,'serviceprovider','https://serviceprovider.com'),('WSS487','WSS487Name',3,1,3,'serviceprovider','https://serviceprovider.com'),('WSS488','WSS488Name',3,1,3,'serviceprovider','https://serviceprovider.com'),('WSS489','WSS489Name',3,1,3,'serviceprovider','https://serviceprovider.com'),('WSS49','WSS49Name',3,1,3,'serviceprovider','https://serviceprovider.com'),('WSS490','WSS490Name',3,1,3,'serviceprovider','https://serviceprovider.com'),('WSS491','WSS491Name',3,1,3,'serviceprovider','https://serviceprovider.com'),('WSS492','WSS492Name',3,1,3,'serviceprovider','https://serviceprovider.com'),('WSS493','WSS493Name',3,1,3,'serviceprovider','https://serviceprovider.com'),('WSS494','WSS494Name',3,1,3,'serviceprovider','https://serviceprovider.com'),('WSS495','WSS495Name',3,1,3,'serviceprovider','https://serviceprovider.com'),('WSS496','WSS496Name',3,1,3,'serviceprovider','https://serviceprovider.com'),('WSS497','WSS497Name',3,1,3,'serviceprovider','https://serviceprovider.com'),('WSS498','WSS498Name',3,1,3,'serviceprovider','https://serviceprovider.com'),('WSS499','WSS499Name',3,1,3,'serviceprovider','https://serviceprovider.com'),('WSS5','WSS5Name',3,1,3,'serviceprovider','https://serviceprovider.com'),('WSS50','WSS50Name',3,1,3,'serviceprovider','https://serviceprovider.com'),('WSS500','WSS500Name',3,1,3,'serviceprovider','https://serviceprovider.com'),('WSS501','WSS501Name',3,1,3,'serviceprovider','https://serviceprovider.com'),('WSS502','WSS502Name',3,1,3,'serviceprovider','https://serviceprovider.com'),('WSS503','WSS503Name',3,1,3,'serviceprovider','https://serviceprovider.com'),('WSS504','WSS504Name',3,1,3,'serviceprovider','https://serviceprovider.com'),('WSS505','WSS505Name',3,1,3,'serviceprovider','https://serviceprovider.com'),('WSS506','WSS506Name',3,1,3,'serviceprovider','https://serviceprovider.com'),('WSS507','WSS507Name',3,1,3,'serviceprovider','https://serviceprovider.com'),('WSS508','WSS508Name',3,1,3,'serviceprovider','https://serviceprovider.com'),('WSS509','WSS509Name',3,1,3,'serviceprovider','https://serviceprovider.com'),('WSS51','WSS51Name',3,1,3,'serviceprovider','https://serviceprovider.com'),('WSS510','WSS510Name',3,1,3,'serviceprovider','https://serviceprovider.com'),('WSS511','WSS511Name',3,1,3,'serviceprovider','https://serviceprovider.com'),('WSS512','WSS512Name',3,1,3,'serviceprovider','https://serviceprovider.com'),('WSS513','WSS513Name',3,1,3,'serviceprovider','https://serviceprovider.com'),('WSS514','WSS514Name',3,1,3,'serviceprovider','https://serviceprovider.com'),('WSS515','WSS515Name',3,1,3,'serviceprovider','https://serviceprovider.com'),('WSS516','WSS516Name',3,1,3,'serviceprovider','https://serviceprovider.com'),('WSS517','WSS517Name',3,1,3,'serviceprovider','https://serviceprovider.com'),('WSS518','WSS518Name',3,1,3,'serviceprovider','https://serviceprovider.com'),('WSS519','WSS519Name',3,1,3,'serviceprovider','https://serviceprovider.com'),('WSS52','WSS52Name',3,1,3,'serviceprovider','https://serviceprovider.com'),('WSS520','WSS520Name',3,1,3,'serviceprovider','https://serviceprovider.com'),('WSS521','WSS521Name',3,1,3,'serviceprovider','https://serviceprovider.com'),('WSS522','WSS522Name',3,1,3,'serviceprovider','https://serviceprovider.com'),('WSS523','WSS523Name',3,1,3,'serviceprovider','https://serviceprovider.com'),('WSS524','WSS524Name',3,1,3,'serviceprovider','https://serviceprovider.com'),('WSS525','WSS525Name',3,1,3,'serviceprovider','https://serviceprovider.com'),('WSS526','WSS526Name',3,1,3,'serviceprovider','https://serviceprovider.com'),('WSS527','WSS527Name',3,1,3,'serviceprovider','https://serviceprovider.com'),('WSS528','WSS528Name',3,1,3,'serviceprovider','https://serviceprovider.com'),('WSS529','WSS529Name',3,1,3,'serviceprovider','https://serviceprovider.com'),('WSS53','WSS53Name',3,1,3,'serviceprovider','https://serviceprovider.com'),('WSS530','WSS530Name',3,1,3,'serviceprovider','https://serviceprovider.com'),('WSS531','WSS531Name',3,1,3,'serviceprovider','https://serviceprovider.com'),('WSS532','WSS532Name',3,1,3,'serviceprovider','https://serviceprovider.com'),('WSS533','WSS533Name',3,1,3,'serviceprovider','https://serviceprovider.com'),('WSS534','WSS534Name',3,1,3,'serviceprovider','https://serviceprovider.com'),('WSS535','WSS535Name',3,1,3,'serviceprovider','https://serviceprovider.com'),('WSS536','WSS536Name',3,1,3,'serviceprovider','https://serviceprovider.com'),('WSS537','WSS537Name',3,1,3,'serviceprovider','https://serviceprovider.com'),('WSS538','WSS538Name',3,1,3,'serviceprovider','https://serviceprovider.com'),('WSS539','WSS539Name',3,1,3,'serviceprovider','https://serviceprovider.com'),('WSS54','WSS54Name',3,1,3,'serviceprovider','https://serviceprovider.com'),('WSS540','WSS540Name',3,1,3,'serviceprovider','https://serviceprovider.com'),('WSS541','WSS541Name',3,1,3,'serviceprovider','https://serviceprovider.com'),('WSS542','WSS542Name',3,1,3,'serviceprovider','https://serviceprovider.com'),('WSS543','WSS543Name',3,1,3,'serviceprovider','https://serviceprovider.com'),('WSS544','WSS544Name',3,1,3,'serviceprovider','https://serviceprovider.com'),('WSS545','WSS545Name',3,1,3,'serviceprovider','https://serviceprovider.com'),('WSS546','WSS546Name',3,1,3,'serviceprovider','https://serviceprovider.com'),('WSS547','WSS547Name',3,1,3,'serviceprovider','https://serviceprovider.com'),('WSS548','WSS548Name',3,1,3,'serviceprovider','https://serviceprovider.com'),('WSS549','WSS549Name',3,1,3,'serviceprovider','https://serviceprovider.com'),('WSS55','WSS55Name',3,1,3,'serviceprovider','https://serviceprovider.com'),('WSS550','WSS550Name',3,1,3,'serviceprovider','https://serviceprovider.com'),('WSS551','WSS551Name',3,1,3,'serviceprovider','https://serviceprovider.com'),('WSS552','WSS552Name',3,1,3,'serviceprovider','https://serviceprovider.com'),('WSS553','WSS553Name',3,1,3,'serviceprovider','https://serviceprovider.com'),('WSS554','WSS554Name',3,1,3,'serviceprovider','https://serviceprovider.com'),('WSS555','WSS555Name',3,1,3,'serviceprovider','https://serviceprovider.com'),('WSS556','WSS556Name',3,1,3,'serviceprovider','https://serviceprovider.com'),('WSS557','WSS557Name',3,1,3,'serviceprovider','https://serviceprovider.com'),('WSS558','WSS558Name',3,1,3,'serviceprovider','https://serviceprovider.com'),('WSS559','WSS559Name',3,1,3,'serviceprovider','https://serviceprovider.com'),('WSS56','WSS56Name',3,1,3,'serviceprovider','https://serviceprovider.com'),('WSS560','WSS560Name',3,1,3,'serviceprovider','https://serviceprovider.com'),('WSS561','WSS561Name',3,1,3,'serviceprovider','https://serviceprovider.com'),('WSS562','WSS562Name',3,1,3,'serviceprovider','https://serviceprovider.com'),('WSS563','WSS563Name',3,1,3,'serviceprovider','https://serviceprovider.com'),('WSS564','WSS564Name',3,1,3,'serviceprovider','https://serviceprovider.com'),('WSS565','WSS565Name',3,1,3,'serviceprovider','https://serviceprovider.com'),('WSS566','WSS566Name',3,1,3,'serviceprovider','https://serviceprovider.com'),('WSS567','WSS567Name',3,1,3,'serviceprovider','https://serviceprovider.com'),('WSS568','WSS568Name',3,1,3,'serviceprovider','https://serviceprovider.com'),('WSS569','WSS569Name',3,1,3,'serviceprovider','https://serviceprovider.com'),('WSS57','WSS57Name',3,1,3,'serviceprovider','https://serviceprovider.com'),('WSS570','WSS570Name',3,1,3,'serviceprovider','https://serviceprovider.com'),('WSS571','WSS571Name',3,1,3,'serviceprovider','https://serviceprovider.com'),('WSS572','WSS572Name',3,1,3,'serviceprovider','https://serviceprovider.com'),('WSS573','WSS573Name',3,1,3,'serviceprovider','https://serviceprovider.com'),('WSS574','WSS574Name',3,1,3,'serviceprovider','https://serviceprovider.com'),('WSS575','WSS575Name',3,1,3,'serviceprovider','https://serviceprovider.com'),('WSS576','WSS576Name',3,1,3,'serviceprovider','https://serviceprovider.com'),('WSS577','WSS577Name',3,1,3,'serviceprovider','https://serviceprovider.com'),('WSS578','WSS578Name',3,1,3,'serviceprovider','https://serviceprovider.com'),('WSS579','WSS579Name',3,1,3,'serviceprovider','https://serviceprovider.com'),('WSS58','WSS58Name',3,1,3,'serviceprovider','https://serviceprovider.com'),('WSS580','WSS580Name',3,1,3,'serviceprovider','https://serviceprovider.com'),('WSS581','WSS581Name',3,1,3,'serviceprovider','https://serviceprovider.com'),('WSS582','WSS582Name',3,1,3,'serviceprovider','https://serviceprovider.com'),('WSS583','WSS583Name',3,1,3,'serviceprovider','https://serviceprovider.com'),('WSS584','WSS584Name',3,1,3,'serviceprovider','https://serviceprovider.com'),('WSS585','WSS585Name',3,1,3,'serviceprovider','https://serviceprovider.com'),('WSS586','WSS586Name',3,1,3,'serviceprovider','https://serviceprovider.com'),('WSS587','WSS587Name',3,1,3,'serviceprovider','https://serviceprovider.com'),('WSS588','WSS588Name',3,1,3,'serviceprovider','https://serviceprovider.com'),('WSS589','WSS589Name',3,1,3,'serviceprovider','https://serviceprovider.com'),('WSS59','WSS59Name',3,1,3,'serviceprovider','https://serviceprovider.com'),('WSS590','WSS590Name',3,1,3,'serviceprovider','https://serviceprovider.com'),('WSS591','WSS591Name',3,1,3,'serviceprovider','https://serviceprovider.com'),('WSS592','WSS592Name',3,1,3,'serviceprovider','https://serviceprovider.com'),('WSS593','WSS593Name',3,1,3,'serviceprovider','https://serviceprovider.com'),('WSS594','WSS594Name',3,1,3,'serviceprovider','https://serviceprovider.com'),('WSS595','WSS595Name',3,1,3,'serviceprovider','https://serviceprovider.com'),('WSS596','WSS596Name',3,1,3,'serviceprovider','https://serviceprovider.com'),('WSS597','WSS597Name',3,1,3,'serviceprovider','https://serviceprovider.com'),('WSS598','WSS598Name',3,1,3,'serviceprovider','https://serviceprovider.com'),('WSS599','WSS599Name',3,1,3,'serviceprovider','https://serviceprovider.com'),('WSS6','WSS6Name',3,1,3,'serviceprovider','https://serviceprovider.com'),('WSS60','WSS60Name',3,1,3,'serviceprovider','https://serviceprovider.com'),('WSS600','WSS600Name',3,1,3,'serviceprovider','https://serviceprovider.com'),('WSS61','WSS61Name',3,1,3,'serviceprovider','https://serviceprovider.com'),('WSS62','WSS62Name',3,1,3,'serviceprovider','https://serviceprovider.com'),('WSS63','WSS63Name',3,1,3,'serviceprovider','https://serviceprovider.com'),('WSS64','WSS64Name',3,1,3,'serviceprovider','https://serviceprovider.com'),('WSS65','WSS65Name',3,1,3,'serviceprovider','https://serviceprovider.com'),('WSS66','WSS66Name',3,1,3,'serviceprovider','https://serviceprovider.com'),('WSS67','WSS67Name',3,1,3,'serviceprovider','https://serviceprovider.com'),('WSS68','WSS68Name',3,1,3,'serviceprovider','https://serviceprovider.com'),('WSS69','WSS69Name',3,1,3,'serviceprovider','https://serviceprovider.com'),('WSS7','WSS7Name',3,1,3,'serviceprovider','https://serviceprovider.com'),('WSS70','WSS70Name',3,1,3,'serviceprovider','https://serviceprovider.com'),('WSS71','WSS71Name',3,1,3,'serviceprovider','https://serviceprovider.com'),('WSS72','WSS72Name',3,1,3,'serviceprovider','https://serviceprovider.com'),('WSS73','WSS73Name',3,1,3,'serviceprovider','https://serviceprovider.com'),('WSS74','WSS74Name',3,1,3,'serviceprovider','https://serviceprovider.com'),('WSS75','WSS75Name',3,1,3,'serviceprovider','https://serviceprovider.com'),('WSS76','WSS76Name',3,1,3,'serviceprovider','https://serviceprovider.com'),('WSS77','WSS77Name',3,1,3,'serviceprovider','https://serviceprovider.com'),('WSS78','WSS78Name',3,1,3,'serviceprovider','https://serviceprovider.com'),('WSS79','WSS79Name',3,1,3,'serviceprovider','https://serviceprovider.com'),('WSS8','WSS8Name',3,1,3,'serviceprovider','https://serviceprovider.com'),('WSS80','WSS80Name',3,1,3,'serviceprovider','https://serviceprovider.com'),('WSS81','WSS81Name',3,1,3,'serviceprovider','https://serviceprovider.com'),('WSS82','WSS82Name',3,1,3,'serviceprovider','https://serviceprovider.com'),('WSS83','WSS83Name',3,1,3,'serviceprovider','https://serviceprovider.com'),('WSS84','WSS84Name',3,1,3,'serviceprovider','https://serviceprovider.com'),('WSS85','WSS85Name',3,1,3,'serviceprovider','https://serviceprovider.com'),('WSS86','WSS86Name',3,1,3,'serviceprovider','https://serviceprovider.com'),('WSS87','WSS87Name',3,1,3,'serviceprovider','https://serviceprovider.com'),('WSS88','WSS88Name',3,1,3,'serviceprovider','https://serviceprovider.com'),('WSS89','WSS89Name',3,1,3,'serviceprovider','https://serviceprovider.com'),('WSS9','WSS9Name',3,1,3,'serviceprovider','https://serviceprovider.com'),('WSS90','WSS90Name',3,1,3,'serviceprovider','https://serviceprovider.com'),('WSS91','WSS91Name',3,1,3,'serviceprovider','https://serviceprovider.com'),('WSS92','WSS92Name',3,1,3,'serviceprovider','https://serviceprovider.com'),('WSS93','WSS93Name',3,1,3,'serviceprovider','https://serviceprovider.com'),('WSS94','WSS94Name',3,1,3,'serviceprovider','https://serviceprovider.com'),('WSS95','WSS95Name',3,1,3,'serviceprovider','https://serviceprovider.com'),('WSS96','WSS96Name',3,1,3,'serviceprovider','https://serviceprovider.com'),('WSS97','WSS97Name',3,1,3,'serviceprovider','https://serviceprovider.com'),('WSS98','WSS98Name',3,1,3,'serviceprovider','https://serviceprovider.com'),('WSS99','WSS99Name',3,1,3,'serviceprovider','https://serviceprovider.com');
/*!40000 ALTER TABLE `webservicelist` ENABLE KEYS */;
UNLOCK TABLES;
/*!40103 SET TIME_ZONE=@OLD_TIME_ZONE */;

/*!40101 SET SQL_MODE=@OLD_SQL_MODE */;
/*!40014 SET FOREIGN_KEY_CHECKS=@OLD_FOREIGN_KEY_CHECKS */;
/*!40014 SET UNIQUE_CHECKS=@OLD_UNIQUE_CHECKS */;
/*!40101 SET CHARACTER_SET_CLIENT=@OLD_CHARACTER_SET_CLIENT */;
/*!40101 SET CHARACTER_SET_RESULTS=@OLD_CHARACTER_SET_RESULTS */;
/*!40101 SET COLLATION_CONNECTION=@OLD_COLLATION_CONNECTION */;
/*!40111 SET SQL_NOTES=@OLD_SQL_NOTES */;

-- Dump completed on 2023-07-06  2:36:27
