-- MySQL dump 10.13  Distrib 8.0.32, for Win64 (x86_64)
--
-- Host: localhost    Database: autowscs
-- ------------------------------------------------------
-- Server version	8.0.32

/*!40101 SET @OLD_CHARACTER_SET_CLIENT=@@CHARACTER_SET_CLIENT */;
/*!40101 SET @OLD_CHARACTER_SET_RESULTS=@@CHARACTER_SET_RESULTS */;
/*!40101 SET @OLD_COLLATION_CONNECTION=@@COLLATION_CONNECTION */;
/*!50503 SET NAMES utf8mb4 */;
/*!40103 SET @OLD_TIME_ZONE=@@TIME_ZONE */;
/*!40103 SET TIME_ZONE='+00:00' */;
/*!40014 SET @OLD_UNIQUE_CHECKS=@@UNIQUE_CHECKS, UNIQUE_CHECKS=0 */;
/*!40014 SET @OLD_FOREIGN_KEY_CHECKS=@@FOREIGN_KEY_CHECKS, FOREIGN_KEY_CHECKS=0 */;
/*!40101 SET @OLD_SQL_MODE=@@SQL_MODE, SQL_MODE='NO_AUTO_VALUE_ON_ZERO' */;
/*!40111 SET @OLD_SQL_NOTES=@@SQL_NOTES, SQL_NOTES=0 */;

--
-- Table structure for table `auth_group`
--

DROP TABLE IF EXISTS `auth_group`;
/*!40101 SET @saved_cs_client     = @@character_set_client */;
/*!50503 SET character_set_client = utf8mb4 */;
CREATE TABLE `auth_group` (
  `id` int NOT NULL AUTO_INCREMENT,
  `name` varchar(80) NOT NULL,
  PRIMARY KEY (`id`),
  UNIQUE KEY `name` (`name`)
) ENGINE=InnoDB DEFAULT CHARSET=latin1;
/*!40101 SET character_set_client = @saved_cs_client */;

--
-- Dumping data for table `auth_group`
--

LOCK TABLES `auth_group` WRITE;
/*!40000 ALTER TABLE `auth_group` DISABLE KEYS */;
/*!40000 ALTER TABLE `auth_group` ENABLE KEYS */;
UNLOCK TABLES;

--
-- Table structure for table `auth_group_permissions`
--

DROP TABLE IF EXISTS `auth_group_permissions`;
/*!40101 SET @saved_cs_client     = @@character_set_client */;
/*!50503 SET character_set_client = utf8mb4 */;
CREATE TABLE `auth_group_permissions` (
  `id` int NOT NULL AUTO_INCREMENT,
  `group_id` int NOT NULL,
  `permission_id` int NOT NULL,
  PRIMARY KEY (`id`),
  UNIQUE KEY `auth_group_permissions_group_id_permission_id_0cd325b0_uniq` (`group_id`,`permission_id`),
  KEY `auth_group_permissio_permission_id_84c5c92e_fk_auth_perm` (`permission_id`),
  CONSTRAINT `auth_group_permissio_permission_id_84c5c92e_fk_auth_perm` FOREIGN KEY (`permission_id`) REFERENCES `auth_permission` (`id`),
  CONSTRAINT `auth_group_permissions_group_id_b120cbf9_fk_auth_group_id` FOREIGN KEY (`group_id`) REFERENCES `auth_group` (`id`)
) ENGINE=InnoDB DEFAULT CHARSET=latin1;
/*!40101 SET character_set_client = @saved_cs_client */;

--
-- Dumping data for table `auth_group_permissions`
--

LOCK TABLES `auth_group_permissions` WRITE;
/*!40000 ALTER TABLE `auth_group_permissions` DISABLE KEYS */;
/*!40000 ALTER TABLE `auth_group_permissions` ENABLE KEYS */;
UNLOCK TABLES;

--
-- Table structure for table `auth_permission`
--

DROP TABLE IF EXISTS `auth_permission`;
/*!40101 SET @saved_cs_client     = @@character_set_client */;
/*!50503 SET character_set_client = utf8mb4 */;
CREATE TABLE `auth_permission` (
  `id` int NOT NULL AUTO_INCREMENT,
  `name` varchar(255) NOT NULL,
  `content_type_id` int NOT NULL,
  `codename` varchar(100) NOT NULL,
  PRIMARY KEY (`id`),
  UNIQUE KEY `auth_permission_content_type_id_codename_01ab375a_uniq` (`content_type_id`,`codename`),
  CONSTRAINT `auth_permission_content_type_id_2f476e4b_fk_django_co` FOREIGN KEY (`content_type_id`) REFERENCES `django_content_type` (`id`)
) ENGINE=InnoDB AUTO_INCREMENT=25 DEFAULT CHARSET=latin1;
/*!40101 SET character_set_client = @saved_cs_client */;

--
-- Dumping data for table `auth_permission`
--

LOCK TABLES `auth_permission` WRITE;
/*!40000 ALTER TABLE `auth_permission` DISABLE KEYS */;
INSERT INTO `auth_permission` VALUES (1,'Can add log entry',1,'add_logentry'),(2,'Can change log entry',1,'change_logentry'),(3,'Can delete log entry',1,'delete_logentry'),(4,'Can view log entry',1,'view_logentry'),(5,'Can add permission',2,'add_permission'),(6,'Can change permission',2,'change_permission'),(7,'Can delete permission',2,'delete_permission'),(8,'Can view permission',2,'view_permission'),(9,'Can add group',3,'add_group'),(10,'Can change group',3,'change_group'),(11,'Can delete group',3,'delete_group'),(12,'Can view group',3,'view_group'),(13,'Can add user',4,'add_user'),(14,'Can change user',4,'change_user'),(15,'Can delete user',4,'delete_user'),(16,'Can view user',4,'view_user'),(17,'Can add content type',5,'add_contenttype'),(18,'Can change content type',5,'change_contenttype'),(19,'Can delete content type',5,'delete_contenttype'),(20,'Can view content type',5,'view_contenttype'),(21,'Can add session',6,'add_session'),(22,'Can change session',6,'change_session'),(23,'Can delete session',6,'delete_session'),(24,'Can view session',6,'view_session');
/*!40000 ALTER TABLE `auth_permission` ENABLE KEYS */;
UNLOCK TABLES;

--
-- Table structure for table `auth_user`
--

DROP TABLE IF EXISTS `auth_user`;
/*!40101 SET @saved_cs_client     = @@character_set_client */;
/*!50503 SET character_set_client = utf8mb4 */;
CREATE TABLE `auth_user` (
  `id` int NOT NULL AUTO_INCREMENT,
  `password` varchar(128) NOT NULL,
  `last_login` datetime(6) DEFAULT NULL,
  `is_superuser` tinyint(1) NOT NULL,
  `username` varchar(150) NOT NULL,
  `first_name` varchar(30) NOT NULL,
  `last_name` varchar(150) NOT NULL,
  `email` varchar(254) NOT NULL,
  `is_staff` tinyint(1) NOT NULL,
  `is_active` tinyint(1) NOT NULL,
  `date_joined` datetime(6) NOT NULL,
  PRIMARY KEY (`id`),
  UNIQUE KEY `username` (`username`)
) ENGINE=InnoDB AUTO_INCREMENT=2 DEFAULT CHARSET=latin1;
/*!40101 SET character_set_client = @saved_cs_client */;

--
-- Dumping data for table `auth_user`
--

LOCK TABLES `auth_user` WRITE;
/*!40000 ALTER TABLE `auth_user` DISABLE KEYS */;
INSERT INTO `auth_user` VALUES (1,'pbkdf2_sha256$120000$t1PV0MeFrM2P$mdFVt5O/PMrM6U6PP4ei7LDjVNuN0OJi97bq+oRxpQg=','2020-10-19 22:21:14.385392',0,'kgayke','','','k2gaike@gmail.com',0,1,'2020-10-19 22:21:13.589791');
/*!40000 ALTER TABLE `auth_user` ENABLE KEYS */;
UNLOCK TABLES;

--
-- Table structure for table `auth_user_groups`
--

DROP TABLE IF EXISTS `auth_user_groups`;
/*!40101 SET @saved_cs_client     = @@character_set_client */;
/*!50503 SET character_set_client = utf8mb4 */;
CREATE TABLE `auth_user_groups` (
  `id` int NOT NULL AUTO_INCREMENT,
  `user_id` int NOT NULL,
  `group_id` int NOT NULL,
  PRIMARY KEY (`id`),
  UNIQUE KEY `auth_user_groups_user_id_group_id_94350c0c_uniq` (`user_id`,`group_id`),
  KEY `auth_user_groups_group_id_97559544_fk_auth_group_id` (`group_id`),
  CONSTRAINT `auth_user_groups_group_id_97559544_fk_auth_group_id` FOREIGN KEY (`group_id`) REFERENCES `auth_group` (`id`),
  CONSTRAINT `auth_user_groups_user_id_6a12ed8b_fk_auth_user_id` FOREIGN KEY (`user_id`) REFERENCES `auth_user` (`id`)
) ENGINE=InnoDB DEFAULT CHARSET=latin1;
/*!40101 SET character_set_client = @saved_cs_client */;

--
-- Dumping data for table `auth_user_groups`
--

LOCK TABLES `auth_user_groups` WRITE;
/*!40000 ALTER TABLE `auth_user_groups` DISABLE KEYS */;
/*!40000 ALTER TABLE `auth_user_groups` ENABLE KEYS */;
UNLOCK TABLES;

--
-- Table structure for table `auth_user_user_permissions`
--

DROP TABLE IF EXISTS `auth_user_user_permissions`;
/*!40101 SET @saved_cs_client     = @@character_set_client */;
/*!50503 SET character_set_client = utf8mb4 */;
CREATE TABLE `auth_user_user_permissions` (
  `id` int NOT NULL AUTO_INCREMENT,
  `user_id` int NOT NULL,
  `permission_id` int NOT NULL,
  PRIMARY KEY (`id`),
  UNIQUE KEY `auth_user_user_permissions_user_id_permission_id_14a6b632_uniq` (`user_id`,`permission_id`),
  KEY `auth_user_user_permi_permission_id_1fbb5f2c_fk_auth_perm` (`permission_id`),
  CONSTRAINT `auth_user_user_permi_permission_id_1fbb5f2c_fk_auth_perm` FOREIGN KEY (`permission_id`) REFERENCES `auth_permission` (`id`),
  CONSTRAINT `auth_user_user_permissions_user_id_a95ead1b_fk_auth_user_id` FOREIGN KEY (`user_id`) REFERENCES `auth_user` (`id`)
) ENGINE=InnoDB DEFAULT CHARSET=latin1;
/*!40101 SET character_set_client = @saved_cs_client */;

--
-- Dumping data for table `auth_user_user_permissions`
--

LOCK TABLES `auth_user_user_permissions` WRITE;
/*!40000 ALTER TABLE `auth_user_user_permissions` DISABLE KEYS */;
/*!40000 ALTER TABLE `auth_user_user_permissions` ENABLE KEYS */;
UNLOCK TABLES;

--
-- Table structure for table `careerpath`
--

DROP TABLE IF EXISTS `careerpath`;
/*!40101 SET @saved_cs_client     = @@character_set_client */;
/*!50503 SET character_set_client = utf8mb4 */;
CREATE TABLE `careerpath` (
  `careerPathID` char(4) NOT NULL,
  `careerPathName` varchar(50) DEFAULT NULL,
  PRIMARY KEY (`careerPathID`)
) ENGINE=InnoDB DEFAULT CHARSET=latin1;
/*!40101 SET character_set_client = @saved_cs_client */;

--
-- Dumping data for table `careerpath`
--

LOCK TABLES `careerpath` WRITE;
/*!40000 ALTER TABLE `careerpath` DISABLE KEYS */;
INSERT INTO `careerpath` VALUES ('C100','Data Analyst');
/*!40000 ALTER TABLE `careerpath` ENABLE KEYS */;
UNLOCK TABLES;

--
-- Table structure for table `django_admin_log`
--

DROP TABLE IF EXISTS `django_admin_log`;
/*!40101 SET @saved_cs_client     = @@character_set_client */;
/*!50503 SET character_set_client = utf8mb4 */;
CREATE TABLE `django_admin_log` (
  `id` int NOT NULL AUTO_INCREMENT,
  `action_time` datetime(6) NOT NULL,
  `object_id` longtext,
  `object_repr` varchar(200) NOT NULL,
  `action_flag` smallint unsigned NOT NULL,
  `change_message` longtext NOT NULL,
  `content_type_id` int DEFAULT NULL,
  `user_id` int NOT NULL,
  PRIMARY KEY (`id`),
  KEY `django_admin_log_content_type_id_c4bce8eb_fk_django_co` (`content_type_id`),
  KEY `django_admin_log_user_id_c564eba6_fk_auth_user_id` (`user_id`),
  CONSTRAINT `django_admin_log_content_type_id_c4bce8eb_fk_django_co` FOREIGN KEY (`content_type_id`) REFERENCES `django_content_type` (`id`),
  CONSTRAINT `django_admin_log_user_id_c564eba6_fk_auth_user_id` FOREIGN KEY (`user_id`) REFERENCES `auth_user` (`id`)
) ENGINE=InnoDB DEFAULT CHARSET=latin1;
/*!40101 SET character_set_client = @saved_cs_client */;

--
-- Dumping data for table `django_admin_log`
--

LOCK TABLES `django_admin_log` WRITE;
/*!40000 ALTER TABLE `django_admin_log` DISABLE KEYS */;
/*!40000 ALTER TABLE `django_admin_log` ENABLE KEYS */;
UNLOCK TABLES;

--
-- Table structure for table `django_content_type`
--

DROP TABLE IF EXISTS `django_content_type`;
/*!40101 SET @saved_cs_client     = @@character_set_client */;
/*!50503 SET character_set_client = utf8mb4 */;
CREATE TABLE `django_content_type` (
  `id` int NOT NULL AUTO_INCREMENT,
  `app_label` varchar(100) NOT NULL,
  `model` varchar(100) NOT NULL,
  PRIMARY KEY (`id`),
  UNIQUE KEY `django_content_type_app_label_model_76bd3d3b_uniq` (`app_label`,`model`)
) ENGINE=InnoDB AUTO_INCREMENT=7 DEFAULT CHARSET=latin1;
/*!40101 SET character_set_client = @saved_cs_client */;

--
-- Dumping data for table `django_content_type`
--

LOCK TABLES `django_content_type` WRITE;
/*!40000 ALTER TABLE `django_content_type` DISABLE KEYS */;
INSERT INTO `django_content_type` VALUES (1,'admin','logentry'),(3,'auth','group'),(2,'auth','permission'),(4,'auth','user'),(5,'contenttypes','contenttype'),(6,'sessions','session');
/*!40000 ALTER TABLE `django_content_type` ENABLE KEYS */;
UNLOCK TABLES;

--
-- Table structure for table `django_migrations`
--

DROP TABLE IF EXISTS `django_migrations`;
/*!40101 SET @saved_cs_client     = @@character_set_client */;
/*!50503 SET character_set_client = utf8mb4 */;
CREATE TABLE `django_migrations` (
  `id` int NOT NULL AUTO_INCREMENT,
  `app` varchar(255) NOT NULL,
  `name` varchar(255) NOT NULL,
  `applied` datetime(6) NOT NULL,
  PRIMARY KEY (`id`)
) ENGINE=InnoDB AUTO_INCREMENT=16 DEFAULT CHARSET=latin1;
/*!40101 SET character_set_client = @saved_cs_client */;

--
-- Dumping data for table `django_migrations`
--

LOCK TABLES `django_migrations` WRITE;
/*!40000 ALTER TABLE `django_migrations` DISABLE KEYS */;
INSERT INTO `django_migrations` VALUES (1,'contenttypes','0001_initial','2020-03-09 23:45:06.538733'),(2,'auth','0001_initial','2020-03-09 23:45:10.018233'),(3,'admin','0001_initial','2020-03-09 23:45:11.118233'),(4,'admin','0002_logentry_remove_auto_add','2020-03-09 23:45:11.139233'),(5,'admin','0003_logentry_add_action_flag_choices','2020-03-09 23:45:11.169233'),(6,'contenttypes','0002_remove_content_type_name','2020-03-09 23:45:11.498233'),(7,'auth','0002_alter_permission_name_max_length','2020-03-09 23:45:11.539233'),(8,'auth','0003_alter_user_email_max_length','2020-03-09 23:45:11.619233'),(9,'auth','0004_alter_user_username_opts','2020-03-09 23:45:11.629233'),(10,'auth','0005_alter_user_last_login_null','2020-03-09 23:45:11.770233'),(11,'auth','0006_require_contenttypes_0002','2020-03-09 23:45:11.810233'),(12,'auth','0007_alter_validators_add_error_messages','2020-03-09 23:45:11.820233'),(13,'auth','0008_alter_user_username_max_length','2020-03-09 23:45:11.831233'),(14,'auth','0009_alter_user_last_name_max_length','2020-03-09 23:45:11.949233'),(15,'sessions','0001_initial','2020-03-09 23:45:12.140233');
/*!40000 ALTER TABLE `django_migrations` ENABLE KEYS */;
UNLOCK TABLES;

--
-- Table structure for table `django_session`
--

DROP TABLE IF EXISTS `django_session`;
/*!40101 SET @saved_cs_client     = @@character_set_client */;
/*!50503 SET character_set_client = utf8mb4 */;
CREATE TABLE `django_session` (
  `session_key` varchar(40) NOT NULL,
  `session_data` longtext NOT NULL,
  `expire_date` datetime(6) NOT NULL,
  PRIMARY KEY (`session_key`),
  KEY `django_session_expire_date_a5c62663` (`expire_date`)
) ENGINE=InnoDB DEFAULT CHARSET=latin1;
/*!40101 SET character_set_client = @saved_cs_client */;

--
-- Dumping data for table `django_session`
--

LOCK TABLES `django_session` WRITE;
/*!40000 ALTER TABLE `django_session` DISABLE KEYS */;
INSERT INTO `django_session` VALUES ('tyl1c5xdi2x8x2jwg76rgv4m7k8zrh9f','Y2FhMTEwYWE3NTdhZjlkMTFkYzhlMDM0OGM4NTU4YzVjZGQwZDM0Njp7Il9hdXRoX3VzZXJfaWQiOiIxIiwiX2F1dGhfdXNlcl9iYWNrZW5kIjoiZGphbmdvLmNvbnRyaWIuYXV0aC5iYWNrZW5kcy5Nb2RlbEJhY2tlbmQiLCJfYXV0aF91c2VyX2hhc2giOiJmMzIyNjA4ZWY3OTQ5MWYwMTUwOGMyMDFlMDIzZmRjNjI3MTU4N2IzIn0=','2020-11-02 22:21:14.400992');
/*!40000 ALTER TABLE `django_session` ENABLE KEYS */;
UNLOCK TABLES;

--
-- Table structure for table `initialgoalparameter`
--

DROP TABLE IF EXISTS `initialgoalparameter`;
/*!40101 SET @saved_cs_client     = @@character_set_client */;
/*!50503 SET character_set_client = utf8mb4 */;
CREATE TABLE `initialgoalparameter` (
  `transactionID` bigint NOT NULL,
  `iorg` varchar(10) NOT NULL,
  `parameterID` varchar(10) NOT NULL,
  PRIMARY KEY (`transactionID`,`iorg`,`parameterID`),
  KEY `knowledgeID` (`parameterID`),
  CONSTRAINT `initialgoalparameter_ibfk_1` FOREIGN KEY (`parameterID`) REFERENCES `parameterlist` (`parameterID`)
) ENGINE=InnoDB DEFAULT CHARSET=latin1;
/*!40101 SET character_set_client = @saved_cs_client */;

--
-- Dumping data for table `initialgoalparameter`
--

LOCK TABLES `initialgoalparameter` WRITE;
/*!40000 ALTER TABLE `initialgoalparameter` DISABLE KEYS */;
INSERT INTO `initialgoalparameter` VALUES (1,'I','p1'),(2,'G','p1'),(3,'I','p1'),(8,'I','p1'),(12,'I','p1'),(13,'I','p1'),(16,'I','p1'),(19,'G','p1'),(22,'G','p1'),(29,'I','p1'),(1,'G','p10'),(6,'I','p10'),(7,'I','p10'),(8,'I','p10'),(9,'G','p10'),(10,'I','p10'),(12,'I','p10'),(14,'I','p10'),(19,'I','p10'),(20,'I','p10'),(29,'G','p10'),(30,'G','p10'),(2,'I','p11'),(6,'G','p11'),(7,'G','p11'),(9,'I','p11'),(15,'I','p11'),(21,'I','p11'),(24,'G','p11'),(26,'G','p11'),(29,'I','p11'),(30,'I','p11'),(2,'G','p12'),(3,'I','p12'),(7,'I','p12'),(13,'I','p12'),(16,'I','p12'),(20,'G','p12'),(22,'G','p12'),(23,'G','p12'),(25,'G','p12'),(7,'I','p13'),(10,'G','p13'),(14,'I','p13'),(18,'I','p13'),(20,'I','p13'),(25,'G','p13'),(29,'I','p13'),(2,'I','p14'),(3,'G','p14'),(4,'G','p14'),(5,'G','p14'),(9,'I','p14'),(17,'G','p14'),(18,'G','p14'),(21,'G','p14'),(24,'I','p14'),(25,'G','p14'),(27,'I','p14'),(28,'I','p14'),(5,'I','p15'),(10,'I','p15'),(11,'I','p15'),(12,'I','p15'),(16,'I','p15'),(17,'I','p15'),(19,'G','p15'),(22,'I','p15'),(28,'I','p15'),(29,'G','p15'),(4,'G','p16'),(6,'I','p16'),(9,'G','p16'),(10,'I','p16'),(11,'I','p16'),(16,'I','p16'),(21,'I','p16'),(23,'G','p16'),(26,'I','p16'),(28,'I','p16'),(29,'I','p16'),(3,'I','p17'),(4,'I','p17'),(5,'I','p17'),(9,'I','p17'),(10,'G','p17'),(11,'G','p17'),(13,'I','p17'),(21,'I','p17'),(23,'I','p17'),(24,'I','p17'),(27,'I','p17'),(28,'G','p17'),(4,'I','p18'),(5,'G','p18'),(9,'I','p18'),(12,'I','p18'),(18,'I','p18'),(20,'G','p18'),(23,'G','p18'),(24,'G','p18'),(26,'G','p18'),(30,'G','p18'),(2,'I','p19'),(7,'I','p19'),(10,'G','p19'),(11,'G','p19'),(14,'I','p19'),(15,'G','p19'),(18,'I','p19'),(20,'I','p19'),(21,'G','p19'),(25,'G','p19'),(27,'G','p19'),(1,'I','p2'),(3,'I','p2'),(8,'G','p2'),(14,'G','p2'),(15,'I','p2'),(16,'G','p2'),(17,'I','p2'),(20,'I','p2'),(23,'I','p2'),(26,'I','p2'),(28,'G','p2'),(3,'I','p20'),(6,'G','p20'),(8,'I','p20'),(11,'I','p20'),(12,'G','p20'),(18,'I','p20'),(19,'G','p20'),(22,'I','p20'),(30,'I','p20'),(1,'I','p21'),(2,'I','p21'),(4,'I','p21'),(5,'I','p21'),(8,'I','p21'),(14,'G','p21'),(15,'I','p21'),(18,'I','p21'),(21,'I','p21'),(23,'I','p21'),(24,'I','p21'),(28,'I','p21'),(1,'G','p22'),(7,'G','p22'),(8,'I','p22'),(9,'I','p22'),(16,'I','p22'),(18,'G','p22'),(19,'I','p22'),(29,'G','p22'),(30,'I','p22'),(2,'G','p23'),(3,'G','p23'),(5,'G','p23'),(6,'I','p23'),(9,'G','p23'),(11,'I','p23'),(12,'I','p23'),(15,'G','p23'),(16,'G','p23'),(18,'G','p23'),(22,'I','p23'),(24,'G','p23'),(26,'I','p23'),(27,'I','p23'),(30,'I','p23'),(5,'G','p24'),(6,'G','p24'),(8,'G','p24'),(10,'G','p24'),(15,'G','p24'),(19,'G','p24'),(21,'I','p24'),(22,'I','p24'),(24,'I','p24'),(26,'I','p24'),(28,'G','p24'),(2,'I','p25'),(7,'G','p25'),(11,'I','p25'),(13,'G','p25'),(17,'G','p25'),(19,'I','p25'),(20,'G','p25'),(21,'G','p25'),(22,'I','p25'),(26,'I','p25'),(1,'I','p26'),(5,'I','p26'),(11,'G','p26'),(12,'G','p26'),(17,'I','p26'),(27,'G','p26'),(29,'G','p26'),(11,'G','p27'),(13,'I','p27'),(14,'I','p27'),(23,'G','p27'),(24,'G','p27'),(25,'I','p27'),(4,'G','p28'),(5,'I','p28'),(6,'G','p28'),(7,'I','p28'),(8,'I','p28'),(13,'G','p28'),(17,'I','p28'),(18,'I','p28'),(19,'I','p28'),(27,'G','p28'),(1,'I','p29'),(4,'I','p29'),(11,'I','p29'),(12,'I','p29'),(13,'G','p29'),(14,'I','p29'),(15,'I','p29'),(17,'I','p29'),(20,'I','p29'),(23,'I','p29'),(30,'G','p29'),(2,'G','p3'),(3,'I','p3'),(10,'I','p3'),(14,'G','p3'),(16,'G','p3'),(24,'I','p3'),(25,'I','p3'),(26,'G','p3'),(29,'I','p3'),(1,'G','p30'),(4,'I','p30'),(8,'G','p30'),(15,'I','p30'),(18,'G','p30'),(25,'I','p30'),(27,'I','p30'),(1,'G','p4'),(2,'I','p4'),(3,'G','p4'),(6,'I','p4'),(10,'I','p4'),(13,'I','p4'),(14,'I','p4'),(15,'G','p4'),(17,'G','p4'),(20,'G','p4'),(24,'I','p4'),(27,'G','p4'),(1,'I','p5'),(9,'G','p5'),(10,'I','p5'),(13,'G','p5'),(16,'G','p5'),(25,'I','p5'),(28,'G','p5'),(29,'I','p5'),(30,'I','p5'),(4,'I','p6'),(6,'I','p6'),(7,'I','p6'),(9,'I','p6'),(17,'G','p6'),(20,'I','p6'),(22,'I','p6'),(23,'I','p6'),(28,'I','p6'),(30,'G','p6'),(8,'G','p7'),(12,'G','p7'),(15,'I','p7'),(16,'I','p7'),(17,'I','p7'),(19,'I','p7'),(21,'I','p7'),(22,'G','p7'),(27,'I','p7'),(3,'G','p8'),(6,'I','p8'),(13,'I','p8'),(14,'G','p8'),(21,'G','p8'),(25,'I','p8'),(26,'I','p8'),(28,'I','p8'),(4,'G','p9'),(5,'I','p9'),(7,'G','p9'),(12,'G','p9'),(19,'I','p9'),(22,'G','p9'),(23,'I','p9'),(25,'I','p9'),(26,'G','p9'),(27,'I','p9'),(30,'I','p9');
/*!40000 ALTER TABLE `initialgoalparameter` ENABLE KEYS */;
UNLOCK TABLES;

--
-- Table structure for table `inputparameter`
--

DROP TABLE IF EXISTS `inputparameter`;
/*!40101 SET @saved_cs_client     = @@character_set_client */;
/*!50503 SET character_set_client = utf8mb4 */;
CREATE TABLE `inputparameter` (
  `webServiceID` varchar(10) NOT NULL,
  `parameterID` varchar(10) NOT NULL,
  PRIMARY KEY (`webServiceID`,`parameterID`),
  KEY `knowledgeID` (`parameterID`)
) ENGINE=InnoDB DEFAULT CHARSET=latin1;
/*!40101 SET character_set_client = @saved_cs_client */;

--
-- Dumping data for table `inputparameter`
--

LOCK TABLES `inputparameter` WRITE;
/*!40000 ALTER TABLE `inputparameter` DISABLE KEYS */;
INSERT INTO `inputparameter` VALUES ('WSS10','p1'),('WSS112','p1'),('WSS152','p1'),('WSS153','p1'),('WSS178','p1'),('WSS20','p1'),('WSS213','p1'),('WSS223','p1'),('WSS238','p1'),('WSS264','p1'),('WSS268','p1'),('WSS280','p1'),('WSS285','p1'),('WSS294','p1'),('WSS301','p1'),('WSS323','p1'),('WSS337','p1'),('WSS343','p1'),('WSS359','p1'),('WSS38','p1'),('WSS380','p1'),('WSS39','p1'),('WSS398','p1'),('WSS4','p1'),('WSS400','p1'),('WSS401','p1'),('WSS419','p1'),('WSS434','p1'),('WSS454','p1'),('WSS463','p1'),('WSS470','p1'),('WSS487','p1'),('WSS496','p1'),('WSS502','p1'),('WSS51','p1'),('WSS522','p1'),('WSS548','p1'),('WSS581','p1'),('WSS585','p1'),('WSS599','p1'),('WSS62','p1'),('WSS63','p1'),('WSS632','p1'),('WSS643','p1'),('WSS647','p1'),('WSS678','p1'),('WSS689','p1'),('WSS69','p1'),('WSS693','p1'),('WSS70','p1'),('WSS76','p1'),('WSS88','p1'),('WSS10','p10'),('WSS119','p10'),('WSS138','p10'),('WSS143','p10'),('WSS206','p10'),('WSS230','p10'),('WSS242','p10'),('WSS257','p10'),('WSS263','p10'),('WSS275','p10'),('WSS299','p10'),('WSS31','p10'),('WSS321','p10'),('WSS335','p10'),('WSS367','p10'),('WSS369','p10'),('WSS370','p10'),('WSS375','p10'),('WSS395','p10'),('WSS407','p10'),('WSS456','p10'),('WSS458','p10'),('WSS469','p10'),('WSS493','p10'),('WSS526','p10'),('WSS53','p10'),('WSS531','p10'),('WSS542','p10'),('WSS585','p10'),('WSS609','p10'),('WSS627','p10'),('WSS679','p10'),('WSS698','p10'),('WSS96','p10'),('WSS98','p10'),('WSS111','p11'),('WSS142','p11'),('WSS144','p11'),('WSS150','p11'),('WSS155','p11'),('WSS184','p11'),('WSS194','p11'),('WSS206','p11'),('WSS233','p11'),('WSS242','p11'),('WSS249','p11'),('WSS271','p11'),('WSS277','p11'),('WSS278','p11'),('WSS287','p11'),('WSS292','p11'),('WSS3','p11'),('WSS302','p11'),('WSS312','p11'),('WSS336','p11'),('WSS364','p11'),('WSS390','p11'),('WSS394','p11'),('WSS398','p11'),('WSS402','p11'),('WSS408','p11'),('WSS416','p11'),('WSS42','p11'),('WSS420','p11'),('WSS424','p11'),('WSS427','p11'),('WSS436','p11'),('WSS457','p11'),('WSS469','p11'),('WSS483','p11'),('WSS497','p11'),('WSS56','p11'),('WSS567','p11'),('WSS571','p11'),('WSS58','p11'),('WSS6','p11'),('WSS605','p11'),('WSS613','p11'),('WSS621','p11'),('WSS630','p11'),('WSS64','p11'),('WSS653','p11'),('WSS675','p11'),('WSS678','p11'),('WSS689','p11'),('WSS700','p11'),('WSS75','p11'),('WSS76','p11'),('WSS92','p11'),('WSS104','p12'),('WSS129','p12'),('WSS170','p12'),('WSS179','p12'),('WSS183','p12'),('WSS187','p12'),('WSS203','p12'),('WSS211','p12'),('WSS221','p12'),('WSS239','p12'),('WSS25','p12'),('WSS262','p12'),('WSS272','p12'),('WSS315','p12'),('WSS325','p12'),('WSS346','p12'),('WSS357','p12'),('WSS368','p12'),('WSS402','p12'),('WSS404','p12'),('WSS408','p12'),('WSS412','p12'),('WSS437','p12'),('WSS476','p12'),('WSS490','p12'),('WSS497','p12'),('WSS507','p12'),('WSS534','p12'),('WSS540','p12'),('WSS547','p12'),('WSS582','p12'),('WSS598','p12'),('WSS61','p12'),('WSS619','p12'),('WSS653','p12'),('WSS659','p12'),('WSS660','p12'),('WSS68','p12'),('WSS71','p12'),('WSS73','p12'),('WSS74','p12'),('WSS77','p12'),('WSS110','p13'),('WSS133','p13'),('WSS143','p13'),('WSS172','p13'),('WSS173','p13'),('WSS180','p13'),('WSS191','p13'),('WSS201','p13'),('WSS202','p13'),('WSS203','p13'),('WSS210','p13'),('WSS224','p13'),('WSS228','p13'),('WSS229','p13'),('WSS245','p13'),('WSS253','p13'),('WSS28','p13'),('WSS322','p13'),('WSS353','p13'),('WSS355','p13'),('WSS361','p13'),('WSS411','p13'),('WSS42','p13'),('WSS446','p13'),('WSS454','p13'),('WSS468','p13'),('WSS494','p13'),('WSS50','p13'),('WSS501','p13'),('WSS52','p13'),('WSS534','p13'),('WSS561','p13'),('WSS586','p13'),('WSS616','p13'),('WSS622','p13'),('WSS626','p13'),('WSS63','p13'),('WSS661','p13'),('WSS668','p13'),('WSS669','p13'),('WSS681','p13'),('WSS685','p13'),('WSS687','p13'),('WSS697','p13'),('WSS87','p13'),('WSS113','p14'),('WSS139','p14'),('WSS151','p14'),('WSS171','p14'),('WSS175','p14'),('WSS209','p14'),('WSS218','p14'),('WSS252','p14'),('WSS266','p14'),('WSS279','p14'),('WSS293','p14'),('WSS307','p14'),('WSS322','p14'),('WSS341','p14'),('WSS349','p14'),('WSS352','p14'),('WSS37','p14'),('WSS392','p14'),('WSS395','p14'),('WSS415','p14'),('WSS425','p14'),('WSS435','p14'),('WSS459','p14'),('WSS475','p14'),('WSS492','p14'),('WSS499','p14'),('WSS522','p14'),('WSS54','p14'),('WSS540','p14'),('WSS553','p14'),('WSS559','p14'),('WSS573','p14'),('WSS574','p14'),('WSS581','p14'),('WSS594','p14'),('WSS604','p14'),('WSS61','p14'),('WSS620','p14'),('WSS627','p14'),('WSS66','p14'),('WSS670','p14'),('WSS91','p14'),('WSS118','p15'),('WSS15','p15'),('WSS171','p15'),('WSS180','p15'),('WSS181','p15'),('WSS240','p15'),('WSS260','p15'),('WSS274','p15'),('WSS297','p15'),('WSS315','p15'),('WSS326','p15'),('WSS332','p15'),('WSS363','p15'),('WSS375','p15'),('WSS376','p15'),('WSS380','p15'),('WSS388','p15'),('WSS392','p15'),('WSS393','p15'),('WSS400','p15'),('WSS414','p15'),('WSS437','p15'),('WSS441','p15'),('WSS458','p15'),('WSS460','p15'),('WSS461','p15'),('WSS478','p15'),('WSS480','p15'),('WSS487','p15'),('WSS525','p15'),('WSS551','p15'),('WSS564','p15'),('WSS582','p15'),('WSS587','p15'),('WSS614','p15'),('WSS628','p15'),('WSS637','p15'),('WSS64','p15'),('WSS640','p15'),('WSS642','p15'),('WSS644','p15'),('WSS649','p15'),('WSS664','p15'),('WSS667','p15'),('WSS674','p15'),('WSS7','p15'),('WSS70','p15'),('WSS80','p15'),('WSS107','p16'),('WSS108','p16'),('WSS128','p16'),('WSS136','p16'),('WSS145','p16'),('WSS15','p16'),('WSS156','p16'),('WSS177','p16'),('WSS188','p16'),('WSS24','p16'),('WSS243','p16'),('WSS278','p16'),('WSS296','p16'),('WSS305','p16'),('WSS313','p16'),('WSS33','p16'),('WSS338','p16'),('WSS339','p16'),('WSS34','p16'),('WSS364','p16'),('WSS365','p16'),('WSS381','p16'),('WSS386','p16'),('WSS404','p16'),('WSS418','p16'),('WSS430','p16'),('WSS443','p16'),('WSS450','p16'),('WSS460','p16'),('WSS496','p16'),('WSS514','p16'),('WSS519','p16'),('WSS545','p16'),('WSS554','p16'),('WSS555','p16'),('WSS576','p16'),('WSS583','p16'),('WSS593','p16'),('WSS598','p16'),('WSS618','p16'),('WSS641','p16'),('WSS651','p16'),('WSS660','p16'),('WSS661','p16'),('WSS683','p16'),('WSS690','p16'),('WSS78','p16'),('WSS9','p16'),('WSS91','p16'),('WSS106','p17'),('WSS11','p17'),('WSS116','p17'),('WSS125','p17'),('WSS128','p17'),('WSS167','p17'),('WSS196','p17'),('WSS201','p17'),('WSS229','p17'),('WSS259','p17'),('WSS267','p17'),('WSS301','p17'),('WSS309','p17'),('WSS318','p17'),('WSS342','p17'),('WSS344','p17'),('WSS391','p17'),('WSS417','p17'),('WSS429','p17'),('WSS430','p17'),('WSS434','p17'),('WSS442','p17'),('WSS444','p17'),('WSS449','p17'),('WSS479','p17'),('WSS484','p17'),('WSS490','p17'),('WSS493','p17'),('WSS507','p17'),('WSS515','p17'),('WSS556','p17'),('WSS563','p17'),('WSS564','p17'),('WSS565','p17'),('WSS591','p17'),('WSS632','p17'),('WSS79','p17'),('WSS90','p17'),('WSS93','p17'),('WSS159','p18'),('WSS176','p18'),('WSS195','p18'),('WSS220','p18'),('WSS226','p18'),('WSS244','p18'),('WSS258','p18'),('WSS280','p18'),('WSS314','p18'),('WSS326','p18'),('WSS327','p18'),('WSS328','p18'),('WSS345','p18'),('WSS348','p18'),('WSS360','p18'),('WSS409','p18'),('WSS415','p18'),('WSS423','p18'),('WSS433','p18'),('WSS461','p18'),('WSS477','p18'),('WSS478','p18'),('WSS491','p18'),('WSS501','p18'),('WSS502','p18'),('WSS503','p18'),('WSS506','p18'),('WSS511','p18'),('WSS520','p18'),('WSS523','p18'),('WSS524','p18'),('WSS533','p18'),('WSS555','p18'),('WSS556','p18'),('WSS57','p18'),('WSS573','p18'),('WSS588','p18'),('WSS590','p18'),('WSS624','p18'),('WSS633','p18'),('WSS650','p18'),('WSS658','p18'),('WSS663','p18'),('WSS79','p18'),('WSS107','p19'),('WSS12','p19'),('WSS123','p19'),('WSS14','p19'),('WSS148','p19'),('WSS174','p19'),('WSS179','p19'),('WSS186','p19'),('WSS21','p19'),('WSS222','p19'),('WSS225','p19'),('WSS232','p19'),('WSS248','p19'),('WSS3','p19'),('WSS308','p19'),('WSS320','p19'),('WSS34','p19'),('WSS340','p19'),('WSS346','p19'),('WSS348','p19'),('WSS378','p19'),('WSS379','p19'),('WSS391','p19'),('WSS41','p19'),('WSS414','p19'),('WSS438','p19'),('WSS449','p19'),('WSS457','p19'),('WSS466','p19'),('WSS508','p19'),('WSS510','p19'),('WSS529','p19'),('WSS541','p19'),('WSS560','p19'),('WSS586','p19'),('WSS59','p19'),('WSS590','p19'),('WSS603','p19'),('WSS620','p19'),('WSS656','p19'),('WSS663','p19'),('WSS666','p19'),('WSS679','p19'),('WSS692','p19'),('WSS697','p19'),('WSS699','p19'),('WSS97','p19'),('WSS98','p19'),('WSS117','p2'),('WSS126','p2'),('WSS135','p2'),('WSS136','p2'),('WSS137','p2'),('WSS139','p2'),('WSS14','p2'),('WSS141','p2'),('WSS148','p2'),('WSS168','p2'),('WSS174','p2'),('WSS18','p2'),('WSS193','p2'),('WSS214','p2'),('WSS216','p2'),('WSS227','p2'),('WSS241','p2'),('WSS266','p2'),('WSS271','p2'),('WSS283','p2'),('WSS303','p2'),('WSS351','p2'),('WSS362','p2'),('WSS366','p2'),('WSS372','p2'),('WSS40','p2'),('WSS403','p2'),('WSS436','p2'),('WSS440','p2'),('WSS441','p2'),('WSS451','p2'),('WSS464','p2'),('WSS482','p2'),('WSS494','p2'),('WSS526','p2'),('WSS53','p2'),('WSS532','p2'),('WSS536','p2'),('WSS560','p2'),('WSS569','p2'),('WSS574','p2'),('WSS588','p2'),('WSS603','p2'),('WSS634','p2'),('WSS635','p2'),('WSS648','p2'),('WSS651','p2'),('WSS8','p2'),('WSS101','p20'),('WSS113','p20'),('WSS147','p20'),('WSS2','p20'),('WSS207','p20'),('WSS214','p20'),('WSS219','p20'),('WSS233','p20'),('WSS239','p20'),('WSS257','p20'),('WSS274','p20'),('WSS282','p20'),('WSS306','p20'),('WSS308','p20'),('WSS33','p20'),('WSS355','p20'),('WSS384','p20'),('WSS426','p20'),('WSS446','p20'),('WSS448','p20'),('WSS462','p20'),('WSS465','p20'),('WSS50','p20'),('WSS530','p20'),('WSS532','p20'),('WSS533','p20'),('WSS542','p20'),('WSS57','p20'),('WSS589','p20'),('WSS608','p20'),('WSS612','p20'),('WSS615','p20'),('WSS617','p20'),('WSS618','p20'),('WSS631','p20'),('WSS650','p20'),('WSS652','p20'),('WSS662','p20'),('WSS673','p20'),('WSS73','p20'),('WSS83','p20'),('WSS116','p21'),('WSS124','p21'),('WSS131','p21'),('WSS142','p21'),('WSS145','p21'),('WSS147','p21'),('WSS152','p21'),('WSS155','p21'),('WSS16','p21'),('WSS166','p21'),('WSS17','p21'),('WSS177','p21'),('WSS178','p21'),('WSS19','p21'),('WSS192','p21'),('WSS205','p21'),('WSS208','p21'),('WSS235','p21'),('WSS237','p21'),('WSS255','p21'),('WSS262','p21'),('WSS290','p21'),('WSS30','p21'),('WSS31','p21'),('WSS343','p21'),('WSS354','p21'),('WSS36','p21'),('WSS37','p21'),('WSS377','p21'),('WSS394','p21'),('WSS397','p21'),('WSS426','p21'),('WSS429','p21'),('WSS432','p21'),('WSS439','p21'),('WSS508','p21'),('WSS512','p21'),('WSS514','p21'),('WSS523','p21'),('WSS529','p21'),('WSS559','p21'),('WSS572','p21'),('WSS577','p21'),('WSS62','p21'),('WSS629','p21'),('WSS639','p21'),('WSS642','p21'),('WSS646','p21'),('WSS682','p21'),('WSS683','p21'),('WSS696','p21'),('WSS127','p22'),('WSS137','p22'),('WSS144','p22'),('WSS146','p22'),('WSS157','p22'),('WSS162','p22'),('WSS176','p22'),('WSS191','p22'),('WSS194','p22'),('WSS205','p22'),('WSS217','p22'),('WSS268','p22'),('WSS272','p22'),('WSS297','p22'),('WSS300','p22'),('WSS306','p22'),('WSS317','p22'),('WSS319','p22'),('WSS349','p22'),('WSS35','p22'),('WSS358','p22'),('WSS36','p22'),('WSS365','p22'),('WSS378','p22'),('WSS406','p22'),('WSS447','p22'),('WSS475','p22'),('WSS48','p22'),('WSS520','p22'),('WSS539','p22'),('WSS570','p22'),('WSS576','p22'),('WSS577','p22'),('WSS579','p22'),('WSS58','p22'),('WSS604','p22'),('WSS605','p22'),('WSS611','p22'),('WSS613','p22'),('WSS617','p22'),('WSS623','p22'),('WSS625','p22'),('WSS655','p22'),('WSS666','p22'),('WSS672','p22'),('WSS680','p22'),('WSS694','p22'),('WSS695','p22'),('WSS71','p22'),('WSS1','p23'),('WSS102','p23'),('WSS105','p23'),('WSS149','p23'),('WSS158','p23'),('WSS169','p23'),('WSS186','p23'),('WSS199','p23'),('WSS232','p23'),('WSS25','p23'),('WSS252','p23'),('WSS259','p23'),('WSS302','p23'),('WSS324','p23'),('WSS331','p23'),('WSS374','p23'),('WSS385','p23'),('WSS399','p23'),('WSS413','p23'),('WSS43','p23'),('WSS431','p23'),('WSS439','p23'),('WSS447','p23'),('WSS45','p23'),('WSS473','p23'),('WSS488','p23'),('WSS49','p23'),('WSS504','p23'),('WSS544','p23'),('WSS547','p23'),('WSS575','p23'),('WSS591','p23'),('WSS628','p23'),('WSS647','p23'),('WSS65','p23'),('WSS693','p23'),('WSS699','p23'),('WSS95','p23'),('WSS12','p24'),('WSS122','p24'),('WSS134','p24'),('WSS151','p24'),('WSS154','p24'),('WSS167','p24'),('WSS17','p24'),('WSS170','p24'),('WSS2','p24'),('WSS212','p24'),('WSS247','p24'),('WSS26','p24'),('WSS279','p24'),('WSS289','p24'),('WSS299','p24'),('WSS305','p24'),('WSS307','p24'),('WSS32','p24'),('WSS352','p24'),('WSS373','p24'),('WSS417','p24'),('WSS428','p24'),('WSS471','p24'),('WSS480','p24'),('WSS485','p24'),('WSS488','p24'),('WSS492','p24'),('WSS499','p24'),('WSS51','p24'),('WSS528','p24'),('WSS55','p24'),('WSS552','p24'),('WSS593','p24'),('WSS595','p24'),('WSS606','p24'),('WSS612','p24'),('WSS631','p24'),('WSS656','p24'),('WSS671','p24'),('WSS676','p24'),('WSS81','p24'),('WSS87','p24'),('WSS92','p24'),('WSS103','p25'),('WSS119','p25'),('WSS132','p25'),('WSS163','p25'),('WSS164','p25'),('WSS166','p25'),('WSS197','p25'),('WSS208','p25'),('WSS24','p25'),('WSS245','p25'),('WSS249','p25'),('WSS250','p25'),('WSS275','p25'),('WSS298','p25'),('WSS303','p25'),('WSS331','p25'),('WSS333','p25'),('WSS341','p25'),('WSS363','p25'),('WSS370','p25'),('WSS386','p25'),('WSS459','p25'),('WSS471','p25'),('WSS484','p25'),('WSS486','p25'),('WSS489','p25'),('WSS491','p25'),('WSS512','p25'),('WSS516','p25'),('WSS527','p25'),('WSS567','p25'),('WSS569','p25'),('WSS645','p25'),('WSS652','p25'),('WSS680','p25'),('WSS94','p25'),('WSS102','p26'),('WSS103','p26'),('WSS109','p26'),('WSS112','p26'),('WSS123','p26'),('WSS159','p26'),('WSS161','p26'),('WSS175','p26'),('WSS200','p26'),('WSS22','p26'),('WSS241','p26'),('WSS246','p26'),('WSS281','p26'),('WSS285','p26'),('WSS286','p26'),('WSS291','p26'),('WSS293','p26'),('WSS311','p26'),('WSS314','p26'),('WSS342','p26'),('WSS358','p26'),('WSS359','p26'),('WSS367','p26'),('WSS38','p26'),('WSS385','p26'),('WSS390','p26'),('WSS397','p26'),('WSS406','p26'),('WSS416','p26'),('WSS435','p26'),('WSS444','p26'),('WSS46','p26'),('WSS467','p26'),('WSS48','p26'),('WSS481','p26'),('WSS504','p26'),('WSS505','p26'),('WSS506','p26'),('WSS515','p26'),('WSS518','p26'),('WSS537','p26'),('WSS552','p26'),('WSS56','p26'),('WSS566','p26'),('WSS584','p26'),('WSS587','p26'),('WSS629','p26'),('WSS636','p26'),('WSS637','p26'),('WSS669','p26'),('WSS671','p26'),('WSS677','p26'),('WSS682','p26'),('WSS685','p26'),('WSS691','p26'),('WSS78','p26'),('WSS86','p26'),('WSS101','p27'),('WSS104','p27'),('WSS109','p27'),('WSS122','p27'),('WSS127','p27'),('WSS131','p27'),('WSS140','p27'),('WSS146','p27'),('WSS156','p27'),('WSS185','p27'),('WSS189','p27'),('WSS19','p27'),('WSS196','p27'),('WSS207','p27'),('WSS213','p27'),('WSS224','p27'),('WSS231','p27'),('WSS244','p27'),('WSS251','p27'),('WSS267','p27'),('WSS296','p27'),('WSS298','p27'),('WSS304','p27'),('WSS310','p27'),('WSS339','p27'),('WSS350','p27'),('WSS377','p27'),('WSS393','p27'),('WSS44','p27'),('WSS440','p27'),('WSS476','p27'),('WSS477','p27'),('WSS521','p27'),('WSS546','p27'),('WSS595','p27'),('WSS600','p27'),('WSS638','p27'),('WSS657','p27'),('WSS665','p27'),('WSS676','p27'),('WSS688','p27'),('WSS691','p27'),('WSS700','p27'),('WSS83','p27'),('WSS85','p27'),('WSS86','p27'),('WSS100','p28'),('WSS130','p28'),('WSS149','p28'),('WSS160','p28'),('WSS173','p28'),('WSS204','p28'),('WSS209','p28'),('WSS216','p28'),('WSS230','p28'),('WSS286','p28'),('WSS291','p28'),('WSS294','p28'),('WSS30','p28'),('WSS304','p28'),('WSS32','p28'),('WSS329','p28'),('WSS333','p28'),('WSS340','p28'),('WSS383','p28'),('WSS433','p28'),('WSS443','p28'),('WSS453','p28'),('WSS503','p28'),('WSS509','p28'),('WSS536','p28'),('WSS537','p28'),('WSS541','p28'),('WSS543','p28'),('WSS550','p28'),('WSS580','p28'),('WSS594','p28'),('WSS599','p28'),('WSS72','p28'),('WSS8','p28'),('WSS82','p28'),('WSS108','p29'),('WSS11','p29'),('WSS13','p29'),('WSS130','p29'),('WSS182','p29'),('WSS204','p29'),('WSS217','p29'),('WSS227','p29'),('WSS238','p29'),('WSS240','p29'),('WSS243','p29'),('WSS248','p29'),('WSS261','p29'),('WSS269','p29'),('WSS273','p29'),('WSS277','p29'),('WSS287','p29'),('WSS309','p29'),('WSS312','p29'),('WSS329','p29'),('WSS334','p29'),('WSS337','p29'),('WSS357','p29'),('WSS360','p29'),('WSS362','p29'),('WSS366','p29'),('WSS368','p29'),('WSS372','p29'),('WSS373','p29'),('WSS388','p29'),('WSS43','p29'),('WSS448','p29'),('WSS452','p29'),('WSS456','p29'),('WSS468','p29'),('WSS472','p29'),('WSS49','p29'),('WSS495','p29'),('WSS5','p29'),('WSS510','p29'),('WSS528','p29'),('WSS550','p29'),('WSS561','p29'),('WSS578','p29'),('WSS6','p29'),('WSS60','p29'),('WSS609','p29'),('WSS611','p29'),('WSS635','p29'),('WSS659','p29'),('WSS67','p29'),('WSS681','p29'),('WSS696','p29'),('WSS77','p29'),('WSS85','p29'),('WSS95','p29'),('WSS1','p3'),('WSS114','p3'),('WSS126','p3'),('WSS138','p3'),('WSS150','p3'),('WSS181','p3'),('WSS198','p3'),('WSS202','p3'),('WSS21','p3'),('WSS269','p3'),('WSS281','p3'),('WSS289','p3'),('WSS310','p3'),('WSS344','p3'),('WSS35','p3'),('WSS356','p3'),('WSS371','p3'),('WSS403','p3'),('WSS41','p3'),('WSS423','p3'),('WSS425','p3'),('WSS427','p3'),('WSS450','p3'),('WSS483','p3'),('WSS498','p3'),('WSS513','p3'),('WSS517','p3'),('WSS52','p3'),('WSS55','p3'),('WSS592','p3'),('WSS596','p3'),('WSS614','p3'),('WSS625','p3'),('WSS645','p3'),('WSS654','p3'),('WSS657','p3'),('WSS673','p3'),('WSS686','p3'),('WSS69','p3'),('WSS75','p3'),('WSS96','p3'),('WSS110','p30'),('WSS114','p30'),('WSS172','p30'),('WSS182','p30'),('WSS187','p30'),('WSS212','p30'),('WSS215','p30'),('WSS254','p30'),('WSS255','p30'),('WSS270','p30'),('WSS273','p30'),('WSS284','p30'),('WSS290','p30'),('WSS295','p30'),('WSS316','p30'),('WSS317','p30'),('WSS330','p30'),('WSS347','p30'),('WSS350','p30'),('WSS382','p30'),('WSS405','p30'),('WSS438','p30'),('WSS466','p30'),('WSS47','p30'),('WSS505','p30'),('WSS516','p30'),('WSS521','p30'),('WSS524','p30'),('WSS530','p30'),('WSS538','p30'),('WSS543','p30'),('WSS549','p30'),('WSS554','p30'),('WSS563','p30'),('WSS568','p30'),('WSS597','p30'),('WSS601','p30'),('WSS610','p30'),('WSS616','p30'),('WSS65','p30'),('WSS662','p30'),('WSS664','p30'),('WSS674','p30'),('WSS677','p30'),('WSS688','p30'),('WSS106','p4'),('WSS120','p4'),('WSS125','p4'),('WSS132','p4'),('WSS157','p4'),('WSS190','p4'),('WSS199','p4'),('WSS211','p4'),('WSS256','p4'),('WSS264','p4'),('WSS276','p4'),('WSS284','p4'),('WSS288','p4'),('WSS311','p4'),('WSS323','p4'),('WSS4','p4'),('WSS419','p4'),('WSS420','p4'),('WSS45','p4'),('WSS455','p4'),('WSS462','p4'),('WSS464','p4'),('WSS473','p4'),('WSS482','p4'),('WSS495','p4'),('WSS500','p4'),('WSS538','p4'),('WSS549','p4'),('WSS553','p4'),('WSS557','p4'),('WSS602','p4'),('WSS623','p4'),('WSS641','p4'),('WSS643','p4'),('WSS649','p4'),('WSS658','p4'),('WSS684','p4'),('WSS72','p4'),('WSS80','p4'),('WSS89','p4'),('WSS9','p4'),('WSS135','p5'),('WSS140','p5'),('WSS158','p5'),('WSS165','p5'),('WSS168','p5'),('WSS185','p5'),('WSS197','p5'),('WSS198','p5'),('WSS221','p5'),('WSS234','p5'),('WSS236','p5'),('WSS251','p5'),('WSS256','p5'),('WSS265','p5'),('WSS283','p5'),('WSS29','p5'),('WSS320','p5'),('WSS325','p5'),('WSS361','p5'),('WSS379','p5'),('WSS383','p5'),('WSS384','p5'),('WSS389','p5'),('WSS396','p5'),('WSS401','p5'),('WSS410','p5'),('WSS463','p5'),('WSS470','p5'),('WSS518','p5'),('WSS535','p5'),('WSS548','p5'),('WSS551','p5'),('WSS557','p5'),('WSS580','p5'),('WSS592','p5'),('WSS60','p5'),('WSS601','p5'),('WSS621','p5'),('WSS622','p5'),('WSS648','p5'),('WSS665','p5'),('WSS692','p5'),('WSS694','p5'),('WSS695','p5'),('WSS7','p5'),('WSS81','p5'),('WSS84','p5'),('WSS99','p5'),('WSS111','p6'),('WSS115','p6'),('WSS124','p6'),('WSS141','p6'),('WSS153','p6'),('WSS16','p6'),('WSS161','p6'),('WSS163','p6'),('WSS169','p6'),('WSS188','p6'),('WSS20','p6'),('WSS215','p6'),('WSS228','p6'),('WSS231','p6'),('WSS236','p6'),('WSS237','p6'),('WSS254','p6'),('WSS258','p6'),('WSS26','p6'),('WSS260','p6'),('WSS261','p6'),('WSS265','p6'),('WSS313','p6'),('WSS319','p6'),('WSS321','p6'),('WSS354','p6'),('WSS387','p6'),('WSS39','p6'),('WSS396','p6'),('WSS410','p6'),('WSS413','p6'),('WSS421','p6'),('WSS431','p6'),('WSS432','p6'),('WSS465','p6'),('WSS472','p6'),('WSS485','p6'),('WSS486','p6'),('WSS498','p6'),('WSS517','p6'),('WSS531','p6'),('WSS544','p6'),('WSS558','p6'),('WSS562','p6'),('WSS575','p6'),('WSS600','p6'),('WSS608','p6'),('WSS667','p6'),('WSS668','p6'),('WSS84','p6'),('WSS97','p6'),('WSS105','p7'),('WSS133','p7'),('WSS134','p7'),('WSS165','p7'),('WSS184','p7'),('WSS189','p7'),('WSS192','p7'),('WSS218','p7'),('WSS223','p7'),('WSS23','p7'),('WSS250','p7'),('WSS263','p7'),('WSS29','p7'),('WSS300','p7'),('WSS327','p7'),('WSS335','p7'),('WSS336','p7'),('WSS338','p7'),('WSS347','p7'),('WSS371','p7'),('WSS374','p7'),('WSS376','p7'),('WSS382','p7'),('WSS411','p7'),('WSS422','p7'),('WSS424','p7'),('WSS428','p7'),('WSS442','p7'),('WSS445','p7'),('WSS452','p7'),('WSS5','p7'),('WSS519','p7'),('WSS525','p7'),('WSS527','p7'),('WSS54','p7'),('WSS565','p7'),('WSS566','p7'),('WSS584','p7'),('WSS624','p7'),('WSS626','p7'),('WSS630','p7'),('WSS633','p7'),('WSS640','p7'),('WSS644','p7'),('WSS655','p7'),('WSS66','p7'),('WSS672','p7'),('WSS68','p7'),('WSS686','p7'),('WSS100','p8'),('WSS117','p8'),('WSS121','p8'),('WSS13','p8'),('WSS154','p8'),('WSS183','p8'),('WSS190','p8'),('WSS200','p8'),('WSS210','p8'),('WSS219','p8'),('WSS226','p8'),('WSS23','p8'),('WSS234','p8'),('WSS246','p8'),('WSS27','p8'),('WSS270','p8'),('WSS282','p8'),('WSS292','p8'),('WSS295','p8'),('WSS316','p8'),('WSS318','p8'),('WSS324','p8'),('WSS328','p8'),('WSS345','p8'),('WSS356','p8'),('WSS381','p8'),('WSS389','p8'),('WSS399','p8'),('WSS405','p8'),('WSS407','p8'),('WSS421','p8'),('WSS422','p8'),('WSS451','p8'),('WSS47','p8'),('WSS474','p8'),('WSS479','p8'),('WSS481','p8'),('WSS500','p8'),('WSS562','p8'),('WSS570','p8'),('WSS572','p8'),('WSS578','p8'),('WSS583','p8'),('WSS59','p8'),('WSS602','p8'),('WSS607','p8'),('WSS615','p8'),('WSS619','p8'),('WSS636','p8'),('WSS638','p8'),('WSS646','p8'),('WSS654','p8'),('WSS670','p8'),('WSS675','p8'),('WSS684','p8'),('WSS82','p8'),('WSS88','p8'),('WSS90','p8'),('WSS118','p9'),('WSS121','p9'),('WSS129','p9'),('WSS160','p9'),('WSS164','p9'),('WSS18','p9'),('WSS193','p9'),('WSS195','p9'),('WSS22','p9'),('WSS220','p9'),('WSS247','p9'),('WSS253','p9'),('WSS27','p9'),('WSS28','p9'),('WSS288','p9'),('WSS330','p9'),('WSS332','p9'),('WSS334','p9'),('WSS351','p9'),('WSS353','p9'),('WSS369','p9'),('WSS387','p9'),('WSS40','p9'),('WSS409','p9'),('WSS412','p9'),('WSS44','p9'),('WSS453','p9'),('WSS455','p9'),('WSS467','p9'),('WSS509','p9'),('WSS511','p9'),('WSS513','p9'),('WSS535','p9'),('WSS545','p9'),('WSS546','p9'),('WSS558','p9'),('WSS568','p9'),('WSS571','p9'),('WSS596','p9'),('WSS597','p9'),('WSS606','p9'),('WSS610','p9'),('WSS634','p9'),('WSS639','p9'),('WSS67','p9'),('WSS698','p9'),('WSS74','p9'),('WSS89','p9'),('WSS93','p9'),('WSS94','p9'),('WSS99','p9');
/*!40000 ALTER TABLE `inputparameter` ENABLE KEYS */;
UNLOCK TABLES;

--
-- Table structure for table `knowledgeforcareerpath`
--

DROP TABLE IF EXISTS `knowledgeforcareerpath`;
/*!40101 SET @saved_cs_client     = @@character_set_client */;
/*!50503 SET character_set_client = utf8mb4 */;
CREATE TABLE `knowledgeforcareerpath` (
  `careerPathID` char(4) NOT NULL,
  `knowledgeID` char(6) NOT NULL,
  PRIMARY KEY (`careerPathID`,`knowledgeID`)
) ENGINE=InnoDB DEFAULT CHARSET=latin1;
/*!40101 SET character_set_client = @saved_cs_client */;

--
-- Dumping data for table `knowledgeforcareerpath`
--

LOCK TABLES `knowledgeforcareerpath` WRITE;
/*!40000 ALTER TABLE `knowledgeforcareerpath` DISABLE KEYS */;
INSERT INTO `knowledgeforcareerpath` VALUES ('C100','k1C311'),('C100','k1C412'),('C100','k1C469'),('C100','k1C500');
/*!40000 ALTER TABLE `knowledgeforcareerpath` ENABLE KEYS */;
UNLOCK TABLES;

--
-- Table structure for table `lhs`
--

DROP TABLE IF EXISTS `lhs`;
/*!40101 SET @saved_cs_client     = @@character_set_client */;
/*!50503 SET character_set_client = utf8mb4 */;
CREATE TABLE `lhs` (
  `ruleid` int NOT NULL,
  `courseid` varchar(10) NOT NULL,
  PRIMARY KEY (`ruleid`,`courseid`)
) ENGINE=InnoDB DEFAULT CHARSET=latin1;
/*!40101 SET character_set_client = @saved_cs_client */;

--
-- Dumping data for table `lhs`
--

LOCK TABLES `lhs` WRITE;
/*!40000 ALTER TABLE `lhs` DISABLE KEYS */;
INSERT INTO `lhs` VALUES (1,'ICP006'),(2,'ICP006'),(3,'ICP006'),(4,'ICP110'),(5,'ICP110'),(6,'ICP311'),(7,'ICP006'),(7,'ICP110'),(8,'ICP006'),(8,'ICP110'),(9,'ICP006'),(9,'ICP311'),(10,'ICP110'),(10,'ICP311'),(11,'ICP006'),(11,'ICP110'),(11,'ICP311');
/*!40000 ALTER TABLE `lhs` ENABLE KEYS */;
UNLOCK TABLES;

--
-- Table structure for table `outputparameter`
--

DROP TABLE IF EXISTS `outputparameter`;
/*!40101 SET @saved_cs_client     = @@character_set_client */;
/*!50503 SET character_set_client = utf8mb4 */;
CREATE TABLE `outputparameter` (
  `webServiceID` varchar(10) NOT NULL,
  `parameterID` varchar(10) NOT NULL,
  PRIMARY KEY (`webServiceID`,`parameterID`),
  KEY `knowledgeID` (`parameterID`)
) ENGINE=InnoDB DEFAULT CHARSET=latin1;
/*!40101 SET character_set_client = @saved_cs_client */;

--
-- Dumping data for table `outputparameter`
--

LOCK TABLES `outputparameter` WRITE;
/*!40000 ALTER TABLE `outputparameter` DISABLE KEYS */;
INSERT INTO `outputparameter` VALUES ('WSS101','p1'),('WSS103','p1'),('WSS104','p1'),('WSS107','p1'),('WSS117','p1'),('WSS122','p1'),('WSS123','p1'),('WSS126','p1'),('WSS128','p1'),('WSS132','p1'),('WSS135','p1'),('WSS142','p1'),('WSS148','p1'),('WSS157','p1'),('WSS160','p1'),('WSS164','p1'),('WSS167','p1'),('WSS172','p1'),('WSS176','p1'),('WSS185','p1'),('WSS186','p1'),('WSS192','p1'),('WSS195','p1'),('WSS207','p1'),('WSS22','p1'),('WSS229','p1'),('WSS240','p1'),('WSS245','p1'),('WSS254','p1'),('WSS255','p1'),('WSS258','p1'),('WSS263','p1'),('WSS264','p1'),('WSS268','p1'),('WSS270','p1'),('WSS272','p1'),('WSS277','p1'),('WSS278','p1'),('WSS296','p1'),('WSS305','p1'),('WSS313','p1'),('WSS316','p1'),('WSS326','p1'),('WSS327','p1'),('WSS328','p1'),('WSS329','p1'),('WSS34','p1'),('WSS346','p1'),('WSS35','p1'),('WSS351','p1'),('WSS354','p1'),('WSS367','p1'),('WSS379','p1'),('WSS381','p1'),('WSS386','p1'),('WSS392','p1'),('WSS40','p1'),('WSS417','p1'),('WSS421','p1'),('WSS434','p1'),('WSS437','p1'),('WSS440','p1'),('WSS446','p1'),('WSS447','p1'),('WSS452','p1'),('WSS453','p1'),('WSS455','p1'),('WSS456','p1'),('WSS47','p1'),('WSS485','p1'),('WSS489','p1'),('WSS491','p1'),('WSS494','p1'),('WSS496','p1'),('WSS508','p1'),('WSS513','p1'),('WSS516','p1'),('WSS517','p1'),('WSS522','p1'),('WSS53','p1'),('WSS531','p1'),('WSS54','p1'),('WSS540','p1'),('WSS545','p1'),('WSS546','p1'),('WSS555','p1'),('WSS567','p1'),('WSS568','p1'),('WSS570','p1'),('WSS571','p1'),('WSS575','p1'),('WSS579','p1'),('WSS586','p1'),('WSS596','p1'),('WSS598','p1'),('WSS60','p1'),('WSS603','p1'),('WSS605','p1'),('WSS612','p1'),('WSS613','p1'),('WSS620','p1'),('WSS624','p1'),('WSS626','p1'),('WSS63','p1'),('WSS633','p1'),('WSS643','p1'),('WSS644','p1'),('WSS647','p1'),('WSS65','p1'),('WSS658','p1'),('WSS663','p1'),('WSS664','p1'),('WSS667','p1'),('WSS668','p1'),('WSS670','p1'),('WSS676','p1'),('WSS68','p1'),('WSS690','p1'),('WSS691','p1'),('WSS696','p1'),('WSS700','p1'),('WSS73','p1'),('WSS77','p1'),('WSS79','p1'),('WSS8','p1'),('WSS83','p1'),('WSS89','p1'),('WSS93','p1'),('WSS96','p1'),('WSS117','p10'),('WSS139','p10'),('WSS144','p10'),('WSS145','p10'),('WSS155','p10'),('WSS169','p10'),('WSS175','p10'),('WSS179','p10'),('WSS180','p10'),('WSS188','p10'),('WSS19','p10'),('WSS195','p10'),('WSS198','p10'),('WSS200','p10'),('WSS203','p10'),('WSS209','p10'),('WSS218','p10'),('WSS22','p10'),('WSS220','p10'),('WSS23','p10'),('WSS235','p10'),('WSS236','p10'),('WSS246','p10'),('WSS254','p10'),('WSS256','p10'),('WSS26','p10'),('WSS266','p10'),('WSS268','p10'),('WSS274','p10'),('WSS281','p10'),('WSS282','p10'),('WSS287','p10'),('WSS296','p10'),('WSS301','p10'),('WSS304','p10'),('WSS308','p10'),('WSS320','p10'),('WSS323','p10'),('WSS325','p10'),('WSS327','p10'),('WSS333','p10'),('WSS334','p10'),('WSS335','p10'),('WSS337','p10'),('WSS348','p10'),('WSS353','p10'),('WSS358','p10'),('WSS36','p10'),('WSS371','p10'),('WSS372','p10'),('WSS38','p10'),('WSS383','p10'),('WSS386','p10'),('WSS397','p10'),('WSS4','p10'),('WSS41','p10'),('WSS410','p10'),('WSS419','p10'),('WSS42','p10'),('WSS421','p10'),('WSS427','p10'),('WSS429','p10'),('WSS433','p10'),('WSS436','p10'),('WSS438','p10'),('WSS445','p10'),('WSS451','p10'),('WSS461','p10'),('WSS464','p10'),('WSS473','p10'),('WSS474','p10'),('WSS478','p10'),('WSS48','p10'),('WSS483','p10'),('WSS492','p10'),('WSS495','p10'),('WSS497','p10'),('WSS50','p10'),('WSS503','p10'),('WSS51','p10'),('WSS515','p10'),('WSS539','p10'),('WSS559','p10'),('WSS560','p10'),('WSS561','p10'),('WSS564','p10'),('WSS565','p10'),('WSS570','p10'),('WSS571','p10'),('WSS583','p10'),('WSS595','p10'),('WSS599','p10'),('WSS61','p10'),('WSS617','p10'),('WSS621','p10'),('WSS622','p10'),('WSS626','p10'),('WSS630','p10'),('WSS631','p10'),('WSS632','p10'),('WSS64','p10'),('WSS66','p10'),('WSS662','p10'),('WSS663','p10'),('WSS665','p10'),('WSS670','p10'),('WSS673','p10'),('WSS676','p10'),('WSS677','p10'),('WSS679','p10'),('WSS680','p10'),('WSS682','p10'),('WSS685','p10'),('WSS686','p10'),('WSS687','p10'),('WSS695','p10'),('WSS71','p10'),('WSS72','p10'),('WSS88','p10'),('WSS92','p10'),('WSS98','p10'),('WSS99','p10'),('WSS118','p11'),('WSS119','p11'),('WSS121','p11'),('WSS133','p11'),('WSS140','p11'),('WSS148','p11'),('WSS149','p11'),('WSS151','p11'),('WSS153','p11'),('WSS155','p11'),('WSS162','p11'),('WSS169','p11'),('WSS17','p11'),('WSS180','p11'),('WSS191','p11'),('WSS192','p11'),('WSS197','p11'),('WSS200','p11'),('WSS209','p11'),('WSS211','p11'),('WSS213','p11'),('WSS215','p11'),('WSS221','p11'),('WSS222','p11'),('WSS226','p11'),('WSS23','p11'),('WSS231','p11'),('WSS233','p11'),('WSS239','p11'),('WSS243','p11'),('WSS246','p11'),('WSS251','p11'),('WSS256','p11'),('WSS266','p11'),('WSS27','p11'),('WSS273','p11'),('WSS275','p11'),('WSS278','p11'),('WSS279','p11'),('WSS286','p11'),('WSS291','p11'),('WSS295','p11'),('WSS296','p11'),('WSS301','p11'),('WSS314','p11'),('WSS324','p11'),('WSS33','p11'),('WSS332','p11'),('WSS333','p11'),('WSS336','p11'),('WSS340','p11'),('WSS342','p11'),('WSS348','p11'),('WSS349','p11'),('WSS361','p11'),('WSS366','p11'),('WSS367','p11'),('WSS378','p11'),('WSS381','p11'),('WSS387','p11'),('WSS388','p11'),('WSS392','p11'),('WSS398','p11'),('WSS4','p11'),('WSS41','p11'),('WSS415','p11'),('WSS42','p11'),('WSS420','p11'),('WSS425','p11'),('WSS427','p11'),('WSS434','p11'),('WSS445','p11'),('WSS450','p11'),('WSS459','p11'),('WSS462','p11'),('WSS479','p11'),('WSS480','p11'),('WSS488','p11'),('WSS49','p11'),('WSS508','p11'),('WSS51','p11'),('WSS510','p11'),('WSS512','p11'),('WSS52','p11'),('WSS521','p11'),('WSS529','p11'),('WSS530','p11'),('WSS532','p11'),('WSS536','p11'),('WSS540','p11'),('WSS541','p11'),('WSS552','p11'),('WSS556','p11'),('WSS559','p11'),('WSS560','p11'),('WSS561','p11'),('WSS565','p11'),('WSS571','p11'),('WSS594','p11'),('WSS599','p11'),('WSS6','p11'),('WSS608','p11'),('WSS625','p11'),('WSS632','p11'),('WSS633','p11'),('WSS636','p11'),('WSS641','p11'),('WSS647','p11'),('WSS654','p11'),('WSS660','p11'),('WSS661','p11'),('WSS663','p11'),('WSS665','p11'),('WSS667','p11'),('WSS678','p11'),('WSS68','p11'),('WSS682','p11'),('WSS69','p11'),('WSS7','p11'),('WSS70','p11'),('WSS73','p11'),('WSS85','p11'),('WSS87','p11'),('WSS9','p11'),('WSS94','p11'),('WSS99','p11'),('WSS101','p12'),('WSS115','p12'),('WSS121','p12'),('WSS136','p12'),('WSS145','p12'),('WSS15','p12'),('WSS152','p12'),('WSS157','p12'),('WSS160','p12'),('WSS164','p12'),('WSS170','p12'),('WSS183','p12'),('WSS185','p12'),('WSS189','p12'),('WSS194','p12'),('WSS196','p12'),('WSS197','p12'),('WSS204','p12'),('WSS207','p12'),('WSS215','p12'),('WSS220','p12'),('WSS222','p12'),('WSS223','p12'),('WSS23','p12'),('WSS237','p12'),('WSS25','p12'),('WSS258','p12'),('WSS262','p12'),('WSS264','p12'),('WSS269','p12'),('WSS272','p12'),('WSS277','p12'),('WSS280','p12'),('WSS288','p12'),('WSS293','p12'),('WSS299','p12'),('WSS300','p12'),('WSS318','p12'),('WSS327','p12'),('WSS329','p12'),('WSS334','p12'),('WSS342','p12'),('WSS344','p12'),('WSS357','p12'),('WSS365','p12'),('WSS37','p12'),('WSS378','p12'),('WSS38','p12'),('WSS380','p12'),('WSS386','p12'),('WSS396','p12'),('WSS401','p12'),('WSS406','p12'),('WSS418','p12'),('WSS422','p12'),('WSS426','p12'),('WSS434','p12'),('WSS437','p12'),('WSS440','p12'),('WSS443','p12'),('WSS444','p12'),('WSS446','p12'),('WSS449','p12'),('WSS465','p12'),('WSS468','p12'),('WSS469','p12'),('WSS473','p12'),('WSS484','p12'),('WSS488','p12'),('WSS49','p12'),('WSS492','p12'),('WSS495','p12'),('WSS498','p12'),('WSS500','p12'),('WSS506','p12'),('WSS507','p12'),('WSS514','p12'),('WSS516','p12'),('WSS519','p12'),('WSS520','p12'),('WSS530','p12'),('WSS542','p12'),('WSS561','p12'),('WSS562','p12'),('WSS572','p12'),('WSS578','p12'),('WSS58','p12'),('WSS585','p12'),('WSS597','p12'),('WSS601','p12'),('WSS608','p12'),('WSS62','p12'),('WSS622','p12'),('WSS623','p12'),('WSS631','p12'),('WSS64','p12'),('WSS642','p12'),('WSS645','p12'),('WSS648','p12'),('WSS65','p12'),('WSS652','p12'),('WSS655','p12'),('WSS659','p12'),('WSS667','p12'),('WSS669','p12'),('WSS675','p12'),('WSS678','p12'),('WSS679','p12'),('WSS681','p12'),('WSS682','p12'),('WSS689','p12'),('WSS691','p12'),('WSS697','p12'),('WSS71','p12'),('WSS74','p12'),('WSS75','p12'),('WSS78','p12'),('WSS82','p12'),('WSS89','p12'),('WSS90','p12'),('WSS91','p12'),('WSS95','p12'),('WSS102','p13'),('WSS104','p13'),('WSS107','p13'),('WSS109','p13'),('WSS110','p13'),('WSS111','p13'),('WSS116','p13'),('WSS129','p13'),('WSS131','p13'),('WSS137','p13'),('WSS141','p13'),('WSS143','p13'),('WSS144','p13'),('WSS145','p13'),('WSS146','p13'),('WSS152','p13'),('WSS155','p13'),('WSS158','p13'),('WSS163','p13'),('WSS166','p13'),('WSS17','p13'),('WSS18','p13'),('WSS185','p13'),('WSS187','p13'),('WSS191','p13'),('WSS195','p13'),('WSS199','p13'),('WSS204','p13'),('WSS205','p13'),('WSS216','p13'),('WSS226','p13'),('WSS227','p13'),('WSS228','p13'),('WSS238','p13'),('WSS240','p13'),('WSS242','p13'),('WSS243','p13'),('WSS244','p13'),('WSS250','p13'),('WSS259','p13'),('WSS266','p13'),('WSS269','p13'),('WSS271','p13'),('WSS279','p13'),('WSS281','p13'),('WSS285','p13'),('WSS287','p13'),('WSS29','p13'),('WSS299','p13'),('WSS307','p13'),('WSS312','p13'),('WSS322','p13'),('WSS323','p13'),('WSS325','p13'),('WSS329','p13'),('WSS333','p13'),('WSS340','p13'),('WSS346','p13'),('WSS353','p13'),('WSS369','p13'),('WSS374','p13'),('WSS377','p13'),('WSS380','p13'),('WSS391','p13'),('WSS392','p13'),('WSS397','p13'),('WSS408','p13'),('WSS409','p13'),('WSS415','p13'),('WSS428','p13'),('WSS430','p13'),('WSS441','p13'),('WSS45','p13'),('WSS451','p13'),('WSS452','p13'),('WSS455','p13'),('WSS457','p13'),('WSS459','p13'),('WSS472','p13'),('WSS478','p13'),('WSS486','p13'),('WSS495','p13'),('WSS496','p13'),('WSS497','p13'),('WSS501','p13'),('WSS503','p13'),('WSS504','p13'),('WSS505','p13'),('WSS510','p13'),('WSS511','p13'),('WSS532','p13'),('WSS534','p13'),('WSS540','p13'),('WSS543','p13'),('WSS549','p13'),('WSS552','p13'),('WSS555','p13'),('WSS568','p13'),('WSS569','p13'),('WSS57','p13'),('WSS574','p13'),('WSS576','p13'),('WSS577','p13'),('WSS580','p13'),('WSS581','p13'),('WSS582','p13'),('WSS583','p13'),('WSS584','p13'),('WSS598','p13'),('WSS6','p13'),('WSS600','p13'),('WSS613','p13'),('WSS616','p13'),('WSS620','p13'),('WSS623','p13'),('WSS627','p13'),('WSS628','p13'),('WSS629','p13'),('WSS634','p13'),('WSS64','p13'),('WSS641','p13'),('WSS656','p13'),('WSS659','p13'),('WSS671','p13'),('WSS676','p13'),('WSS68','p13'),('WSS680','p13'),('WSS681','p13'),('WSS682','p13'),('WSS684','p13'),('WSS686','p13'),('WSS688','p13'),('WSS695','p13'),('WSS697','p13'),('WSS698','p13'),('WSS72','p13'),('WSS73','p13'),('WSS76','p13'),('WSS77','p13'),('WSS81','p13'),('WSS85','p13'),('WSS86','p13'),('WSS91','p13'),('WSS96','p13'),('WSS105','p14'),('WSS112','p14'),('WSS118','p14'),('WSS127','p14'),('WSS135','p14'),('WSS140','p14'),('WSS143','p14'),('WSS153','p14'),('WSS16','p14'),('WSS160','p14'),('WSS161','p14'),('WSS162','p14'),('WSS163','p14'),('WSS168','p14'),('WSS169','p14'),('WSS171','p14'),('WSS175','p14'),('WSS177','p14'),('WSS179','p14'),('WSS189','p14'),('WSS198','p14'),('WSS2','p14'),('WSS20','p14'),('WSS215','p14'),('WSS219','p14'),('WSS221','p14'),('WSS224','p14'),('WSS230','p14'),('WSS231','p14'),('WSS232','p14'),('WSS238','p14'),('WSS239','p14'),('WSS245','p14'),('WSS247','p14'),('WSS25','p14'),('WSS252','p14'),('WSS253','p14'),('WSS255','p14'),('WSS264','p14'),('WSS265','p14'),('WSS278','p14'),('WSS279','p14'),('WSS280','p14'),('WSS282','p14'),('WSS283','p14'),('WSS288','p14'),('WSS291','p14'),('WSS295','p14'),('WSS3','p14'),('WSS30','p14'),('WSS306','p14'),('WSS326','p14'),('WSS33','p14'),('WSS330','p14'),('WSS341','p14'),('WSS344','p14'),('WSS355','p14'),('WSS36','p14'),('WSS360','p14'),('WSS371','p14'),('WSS373','p14'),('WSS376','p14'),('WSS380','p14'),('WSS384','p14'),('WSS389','p14'),('WSS392','p14'),('WSS399','p14'),('WSS4','p14'),('WSS400','p14'),('WSS407','p14'),('WSS413','p14'),('WSS436','p14'),('WSS438','p14'),('WSS439','p14'),('WSS44','p14'),('WSS444','p14'),('WSS45','p14'),('WSS460','p14'),('WSS461','p14'),('WSS465','p14'),('WSS467','p14'),('WSS468','p14'),('WSS469','p14'),('WSS47','p14'),('WSS470','p14'),('WSS477','p14'),('WSS479','p14'),('WSS482','p14'),('WSS484','p14'),('WSS490','p14'),('WSS496','p14'),('WSS5','p14'),('WSS50','p14'),('WSS502','p14'),('WSS503','p14'),('WSS509','p14'),('WSS512','p14'),('WSS514','p14'),('WSS516','p14'),('WSS518','p14'),('WSS52','p14'),('WSS526','p14'),('WSS527','p14'),('WSS53','p14'),('WSS534','p14'),('WSS537','p14'),('WSS540','p14'),('WSS543','p14'),('WSS547','p14'),('WSS548','p14'),('WSS549','p14'),('WSS569','p14'),('WSS578','p14'),('WSS580','p14'),('WSS581','p14'),('WSS582','p14'),('WSS587','p14'),('WSS589','p14'),('WSS593','p14'),('WSS595','p14'),('WSS599','p14'),('WSS609','p14'),('WSS612','p14'),('WSS615','p14'),('WSS626','p14'),('WSS640','p14'),('WSS644','p14'),('WSS645','p14'),('WSS648','p14'),('WSS650','p14'),('WSS66','p14'),('WSS663','p14'),('WSS668','p14'),('WSS672','p14'),('WSS682','p14'),('WSS683','p14'),('WSS684','p14'),('WSS687','p14'),('WSS691','p14'),('WSS70','p14'),('WSS82','p14'),('WSS84','p14'),('WSS9','p14'),('WSS90','p14'),('WSS91','p14'),('WSS93','p14'),('WSS11','p15'),('WSS110','p15'),('WSS111','p15'),('WSS116','p15'),('WSS118','p15'),('WSS12','p15'),('WSS123','p15'),('WSS127','p15'),('WSS132','p15'),('WSS135','p15'),('WSS137','p15'),('WSS138','p15'),('WSS140','p15'),('WSS145','p15'),('WSS158','p15'),('WSS164','p15'),('WSS166','p15'),('WSS168','p15'),('WSS174','p15'),('WSS177','p15'),('WSS178','p15'),('WSS2','p15'),('WSS202','p15'),('WSS204','p15'),('WSS224','p15'),('WSS228','p15'),('WSS230','p15'),('WSS24','p15'),('WSS247','p15'),('WSS249','p15'),('WSS250','p15'),('WSS254','p15'),('WSS255','p15'),('WSS26','p15'),('WSS264','p15'),('WSS267','p15'),('WSS273','p15'),('WSS276','p15'),('WSS279','p15'),('WSS28','p15'),('WSS282','p15'),('WSS286','p15'),('WSS290','p15'),('WSS294','p15'),('WSS296','p15'),('WSS297','p15'),('WSS299','p15'),('WSS304','p15'),('WSS31','p15'),('WSS311','p15'),('WSS313','p15'),('WSS314','p15'),('WSS316','p15'),('WSS319','p15'),('WSS323','p15'),('WSS328','p15'),('WSS329','p15'),('WSS336','p15'),('WSS341','p15'),('WSS35','p15'),('WSS355','p15'),('WSS356','p15'),('WSS360','p15'),('WSS362','p15'),('WSS363','p15'),('WSS366','p15'),('WSS372','p15'),('WSS379','p15'),('WSS384','p15'),('WSS387','p15'),('WSS394','p15'),('WSS401','p15'),('WSS402','p15'),('WSS404','p15'),('WSS405','p15'),('WSS406','p15'),('WSS408','p15'),('WSS414','p15'),('WSS415','p15'),('WSS416','p15'),('WSS419','p15'),('WSS420','p15'),('WSS422','p15'),('WSS432','p15'),('WSS434','p15'),('WSS443','p15'),('WSS448','p15'),('WSS452','p15'),('WSS453','p15'),('WSS47','p15'),('WSS470','p15'),('WSS475','p15'),('WSS479','p15'),('WSS48','p15'),('WSS481','p15'),('WSS482','p15'),('WSS484','p15'),('WSS485','p15'),('WSS5','p15'),('WSS504','p15'),('WSS512','p15'),('WSS515','p15'),('WSS522','p15'),('WSS525','p15'),('WSS53','p15'),('WSS533','p15'),('WSS548','p15'),('WSS557','p15'),('WSS558','p15'),('WSS563','p15'),('WSS567','p15'),('WSS57','p15'),('WSS570','p15'),('WSS582','p15'),('WSS585','p15'),('WSS59','p15'),('WSS590','p15'),('WSS592','p15'),('WSS597','p15'),('WSS607','p15'),('WSS609','p15'),('WSS61','p15'),('WSS618','p15'),('WSS619','p15'),('WSS620','p15'),('WSS621','p15'),('WSS625','p15'),('WSS636','p15'),('WSS650','p15'),('WSS658','p15'),('WSS659','p15'),('WSS660','p15'),('WSS671','p15'),('WSS675','p15'),('WSS677','p15'),('WSS68','p15'),('WSS686','p15'),('WSS688','p15'),('WSS689','p15'),('WSS690','p15'),('WSS700','p15'),('WSS78','p15'),('WSS79','p15'),('WSS8','p15'),('WSS80','p15'),('WSS87','p15'),('WSS90','p15'),('WSS11','p16'),('WSS120','p16'),('WSS121','p16'),('WSS125','p16'),('WSS127','p16'),('WSS129','p16'),('WSS13','p16'),('WSS130','p16'),('WSS14','p16'),('WSS148','p16'),('WSS15','p16'),('WSS152','p16'),('WSS153','p16'),('WSS160','p16'),('WSS167','p16'),('WSS170','p16'),('WSS178','p16'),('WSS179','p16'),('WSS184','p16'),('WSS194','p16'),('WSS204','p16'),('WSS21','p16'),('WSS212','p16'),('WSS223','p16'),('WSS238','p16'),('WSS240','p16'),('WSS242','p16'),('WSS253','p16'),('WSS256','p16'),('WSS266','p16'),('WSS267','p16'),('WSS273','p16'),('WSS28','p16'),('WSS305','p16'),('WSS315','p16'),('WSS327','p16'),('WSS33','p16'),('WSS335','p16'),('WSS337','p16'),('WSS338','p16'),('WSS339','p16'),('WSS340','p16'),('WSS349','p16'),('WSS35','p16'),('WSS351','p16'),('WSS364','p16'),('WSS374','p16'),('WSS376','p16'),('WSS381','p16'),('WSS383','p16'),('WSS389','p16'),('WSS390','p16'),('WSS402','p16'),('WSS404','p16'),('WSS406','p16'),('WSS410','p16'),('WSS411','p16'),('WSS42','p16'),('WSS420','p16'),('WSS433','p16'),('WSS435','p16'),('WSS451','p16'),('WSS469','p16'),('WSS47','p16'),('WSS474','p16'),('WSS475','p16'),('WSS480','p16'),('WSS483','p16'),('WSS498','p16'),('WSS499','p16'),('WSS507','p16'),('WSS511','p16'),('WSS512','p16'),('WSS521','p16'),('WSS524','p16'),('WSS526','p16'),('WSS53','p16'),('WSS535','p16'),('WSS537','p16'),('WSS539','p16'),('WSS542','p16'),('WSS552','p16'),('WSS553','p16'),('WSS573','p16'),('WSS574','p16'),('WSS577','p16'),('WSS58','p16'),('WSS581','p16'),('WSS593','p16'),('WSS603','p16'),('WSS607','p16'),('WSS608','p16'),('WSS61','p16'),('WSS610','p16'),('WSS616','p16'),('WSS629','p16'),('WSS633','p16'),('WSS636','p16'),('WSS651','p16'),('WSS657','p16'),('WSS658','p16'),('WSS66','p16'),('WSS661','p16'),('WSS662','p16'),('WSS666','p16'),('WSS669','p16'),('WSS685','p16'),('WSS686','p16'),('WSS693','p16'),('WSS82','p16'),('WSS85','p16'),('WSS88','p16'),('WSS90','p16'),('WSS98','p16'),('WSS1','p17'),('WSS100','p17'),('WSS103','p17'),('WSS108','p17'),('WSS113','p17'),('WSS114','p17'),('WSS122','p17'),('WSS128','p17'),('WSS129','p17'),('WSS13','p17'),('WSS130','p17'),('WSS131','p17'),('WSS134','p17'),('WSS144','p17'),('WSS155','p17'),('WSS16','p17'),('WSS162','p17'),('WSS165','p17'),('WSS166','p17'),('WSS175','p17'),('WSS177','p17'),('WSS181','p17'),('WSS193','p17'),('WSS194','p17'),('WSS196','p17'),('WSS201','p17'),('WSS203','p17'),('WSS207','p17'),('WSS21','p17'),('WSS210','p17'),('WSS211','p17'),('WSS212','p17'),('WSS213','p17'),('WSS218','p17'),('WSS221','p17'),('WSS223','p17'),('WSS235','p17'),('WSS236','p17'),('WSS241','p17'),('WSS246','p17'),('WSS25','p17'),('WSS258','p17'),('WSS26','p17'),('WSS281','p17'),('WSS289','p17'),('WSS294','p17'),('WSS306','p17'),('WSS307','p17'),('WSS310','p17'),('WSS317','p17'),('WSS320','p17'),('WSS326','p17'),('WSS332','p17'),('WSS335','p17'),('WSS339','p17'),('WSS34','p17'),('WSS352','p17'),('WSS354','p17'),('WSS356','p17'),('WSS358','p17'),('WSS359','p17'),('WSS360','p17'),('WSS364','p17'),('WSS367','p17'),('WSS370','p17'),('WSS376','p17'),('WSS379','p17'),('WSS383','p17'),('WSS390','p17'),('WSS391','p17'),('WSS397','p17'),('WSS400','p17'),('WSS404','p17'),('WSS405','p17'),('WSS408','p17'),('WSS410','p17'),('WSS429','p17'),('WSS43','p17'),('WSS431','p17'),('WSS432','p17'),('WSS439','p17'),('WSS44','p17'),('WSS462','p17'),('WSS473','p17'),('WSS475','p17'),('WSS479','p17'),('WSS485','p17'),('WSS488','p17'),('WSS490','p17'),('WSS497','p17'),('WSS5','p17'),('WSS50','p17'),('WSS504','p17'),('WSS51','p17'),('WSS513','p17'),('WSS516','p17'),('WSS517','p17'),('WSS519','p17'),('WSS521','p17'),('WSS527','p17'),('WSS529','p17'),('WSS534','p17'),('WSS535','p17'),('WSS536','p17'),('WSS537','p17'),('WSS538','p17'),('WSS54','p17'),('WSS541','p17'),('WSS548','p17'),('WSS550','p17'),('WSS566','p17'),('WSS568','p17'),('WSS570','p17'),('WSS573','p17'),('WSS58','p17'),('WSS588','p17'),('WSS596','p17'),('WSS597','p17'),('WSS602','p17'),('WSS610','p17'),('WSS611','p17'),('WSS618','p17'),('WSS619','p17'),('WSS630','p17'),('WSS631','p17'),('WSS632','p17'),('WSS633','p17'),('WSS636','p17'),('WSS643','p17'),('WSS645','p17'),('WSS650','p17'),('WSS659','p17'),('WSS660','p17'),('WSS665','p17'),('WSS669','p17'),('WSS674','p17'),('WSS675','p17'),('WSS77','p17'),('WSS84','p17'),('WSS92','p17'),('WSS95','p17'),('WSS96','p17'),('WSS1','p18'),('WSS10','p18'),('WSS103','p18'),('WSS107','p18'),('WSS115','p18'),('WSS126','p18'),('WSS132','p18'),('WSS137','p18'),('WSS138','p18'),('WSS142','p18'),('WSS144','p18'),('WSS146','p18'),('WSS154','p18'),('WSS158','p18'),('WSS164','p18'),('WSS165','p18'),('WSS168','p18'),('WSS173','p18'),('WSS178','p18'),('WSS18','p18'),('WSS182','p18'),('WSS190','p18'),('WSS207','p18'),('WSS209','p18'),('WSS217','p18'),('WSS22','p18'),('WSS231','p18'),('WSS240','p18'),('WSS247','p18'),('WSS260','p18'),('WSS267','p18'),('WSS271','p18'),('WSS276','p18'),('WSS29','p18'),('WSS298','p18'),('WSS306','p18'),('WSS307','p18'),('WSS310','p18'),('WSS319','p18'),('WSS322','p18'),('WSS33','p18'),('WSS335','p18'),('WSS338','p18'),('WSS343','p18'),('WSS344','p18'),('WSS345','p18'),('WSS348','p18'),('WSS349','p18'),('WSS350','p18'),('WSS357','p18'),('WSS368','p18'),('WSS387','p18'),('WSS405','p18'),('WSS411','p18'),('WSS412','p18'),('WSS422','p18'),('WSS423','p18'),('WSS426','p18'),('WSS43','p18'),('WSS430','p18'),('WSS432','p18'),('WSS439','p18'),('WSS444','p18'),('WSS447','p18'),('WSS457','p18'),('WSS458','p18'),('WSS461','p18'),('WSS462','p18'),('WSS466','p18'),('WSS471','p18'),('WSS481','p18'),('WSS509','p18'),('WSS510','p18'),('WSS519','p18'),('WSS521','p18'),('WSS530','p18'),('WSS544','p18'),('WSS550','p18'),('WSS553','p18'),('WSS554','p18'),('WSS574','p18'),('WSS583','p18'),('WSS586','p18'),('WSS588','p18'),('WSS591','p18'),('WSS592','p18'),('WSS593','p18'),('WSS596','p18'),('WSS613','p18'),('WSS614','p18'),('WSS618','p18'),('WSS62','p18'),('WSS621','p18'),('WSS628','p18'),('WSS636','p18'),('WSS638','p18'),('WSS640','p18'),('WSS642','p18'),('WSS651','p18'),('WSS660','p18'),('WSS669','p18'),('WSS671','p18'),('WSS678','p18'),('WSS679','p18'),('WSS683','p18'),('WSS699','p18'),('WSS7','p18'),('WSS74','p18'),('WSS84','p18'),('WSS89','p18'),('WSS92','p18'),('WSS95','p18'),('WSS1','p19'),('WSS111','p19'),('WSS117','p19'),('WSS120','p19'),('WSS123','p19'),('WSS129','p19'),('WSS137','p19'),('WSS150','p19'),('WSS155','p19'),('WSS156','p19'),('WSS16','p19'),('WSS161','p19'),('WSS163','p19'),('WSS170','p19'),('WSS175','p19'),('WSS178','p19'),('WSS179','p19'),('WSS180','p19'),('WSS182','p19'),('WSS199','p19'),('WSS201','p19'),('WSS208','p19'),('WSS220','p19'),('WSS234','p19'),('WSS236','p19'),('WSS248','p19'),('WSS25','p19'),('WSS252','p19'),('WSS267','p19'),('WSS268','p19'),('WSS284','p19'),('WSS291','p19'),('WSS298','p19'),('WSS300','p19'),('WSS305','p19'),('WSS307','p19'),('WSS312','p19'),('WSS330','p19'),('WSS342','p19'),('WSS344','p19'),('WSS345','p19'),('WSS348','p19'),('WSS354','p19'),('WSS357','p19'),('WSS359','p19'),('WSS363','p19'),('WSS364','p19'),('WSS374','p19'),('WSS375','p19'),('WSS378','p19'),('WSS393','p19'),('WSS395','p19'),('WSS396','p19'),('WSS397','p19'),('WSS399','p19'),('WSS4','p19'),('WSS400','p19'),('WSS407','p19'),('WSS417','p19'),('WSS418','p19'),('WSS425','p19'),('WSS427','p19'),('WSS429','p19'),('WSS437','p19'),('WSS444','p19'),('WSS461','p19'),('WSS466','p19'),('WSS471','p19'),('WSS477','p19'),('WSS478','p19'),('WSS479','p19'),('WSS48','p19'),('WSS483','p19'),('WSS487','p19'),('WSS493','p19'),('WSS499','p19'),('WSS506','p19'),('WSS509','p19'),('WSS528','p19'),('WSS533','p19'),('WSS539','p19'),('WSS549','p19'),('WSS551','p19'),('WSS555','p19'),('WSS560','p19'),('WSS566','p19'),('WSS572','p19'),('WSS575','p19'),('WSS577','p19'),('WSS579','p19'),('WSS581','p19'),('WSS582','p19'),('WSS583','p19'),('WSS59','p19'),('WSS597','p19'),('WSS605','p19'),('WSS626','p19'),('WSS629','p19'),('WSS634','p19'),('WSS637','p19'),('WSS64','p19'),('WSS646','p19'),('WSS649','p19'),('WSS650','p19'),('WSS652','p19'),('WSS653','p19'),('WSS657','p19'),('WSS661','p19'),('WSS666','p19'),('WSS67','p19'),('WSS673','p19'),('WSS679','p19'),('WSS68','p19'),('WSS684','p19'),('WSS687','p19'),('WSS696','p19'),('WSS700','p19'),('WSS72','p19'),('WSS73','p19'),('WSS78','p19'),('WSS79','p19'),('WSS84','p19'),('WSS9','p19'),('WSS96','p19'),('WSS102','p2'),('WSS105','p2'),('WSS109','p2'),('WSS114','p2'),('WSS117','p2'),('WSS124','p2'),('WSS125','p2'),('WSS128','p2'),('WSS131','p2'),('WSS139','p2'),('WSS14','p2'),('WSS163','p2'),('WSS168','p2'),('WSS183','p2'),('WSS184','p2'),('WSS188','p2'),('WSS189','p2'),('WSS190','p2'),('WSS192','p2'),('WSS193','p2'),('WSS211','p2'),('WSS219','p2'),('WSS224','p2'),('WSS227','p2'),('WSS229','p2'),('WSS231','p2'),('WSS232','p2'),('WSS24','p2'),('WSS246','p2'),('WSS254','p2'),('WSS257','p2'),('WSS268','p2'),('WSS275','p2'),('WSS283','p2'),('WSS288','p2'),('WSS289','p2'),('WSS293','p2'),('WSS295','p2'),('WSS304','p2'),('WSS305','p2'),('WSS316','p2'),('WSS317','p2'),('WSS319','p2'),('WSS32','p2'),('WSS324','p2'),('WSS328','p2'),('WSS331','p2'),('WSS336','p2'),('WSS340','p2'),('WSS350','p2'),('WSS354','p2'),('WSS359','p2'),('WSS361','p2'),('WSS369','p2'),('WSS372','p2'),('WSS375','p2'),('WSS377','p2'),('WSS384','p2'),('WSS394','p2'),('WSS396','p2'),('WSS397','p2'),('WSS400','p2'),('WSS402','p2'),('WSS405','p2'),('WSS414','p2'),('WSS415','p2'),('WSS416','p2'),('WSS421','p2'),('WSS425','p2'),('WSS428','p2'),('WSS439','p2'),('WSS446','p2'),('WSS449','p2'),('WSS450','p2'),('WSS458','p2'),('WSS46','p2'),('WSS460','p2'),('WSS464','p2'),('WSS476','p2'),('WSS481','p2'),('WSS485','p2'),('WSS491','p2'),('WSS499','p2'),('WSS504','p2'),('WSS509','p2'),('WSS514','p2'),('WSS515','p2'),('WSS526','p2'),('WSS529','p2'),('WSS530','p2'),('WSS537','p2'),('WSS538','p2'),('WSS545','p2'),('WSS549','p2'),('WSS554','p2'),('WSS561','p2'),('WSS565','p2'),('WSS569','p2'),('WSS571','p2'),('WSS576','p2'),('WSS577','p2'),('WSS58','p2'),('WSS581','p2'),('WSS584','p2'),('WSS586','p2'),('WSS588','p2'),('WSS598','p2'),('WSS60','p2'),('WSS600','p2'),('WSS614','p2'),('WSS615','p2'),('WSS62','p2'),('WSS621','p2'),('WSS628','p2'),('WSS635','p2'),('WSS637','p2'),('WSS639','p2'),('WSS640','p2'),('WSS646','p2'),('WSS649','p2'),('WSS658','p2'),('WSS675','p2'),('WSS694','p2'),('WSS697','p2'),('WSS699','p2'),('WSS71','p2'),('WSS78','p2'),('WSS83','p2'),('WSS86','p2'),('WSS95','p2'),('WSS96','p2'),('WSS97','p2'),('WSS99','p2'),('WSS100','p20'),('WSS105','p20'),('WSS110','p20'),('WSS112','p20'),('WSS122','p20'),('WSS125','p20'),('WSS126','p20'),('WSS129','p20'),('WSS136','p20'),('WSS139','p20'),('WSS150','p20'),('WSS167','p20'),('WSS171','p20'),('WSS172','p20'),('WSS174','p20'),('WSS18','p20'),('WSS182','p20'),('WSS190','p20'),('WSS2','p20'),('WSS202','p20'),('WSS217','p20'),('WSS219','p20'),('WSS223','p20'),('WSS232','p20'),('WSS233','p20'),('WSS236','p20'),('WSS241','p20'),('WSS248','p20'),('WSS249','p20'),('WSS252','p20'),('WSS257','p20'),('WSS27','p20'),('WSS277','p20'),('WSS28','p20'),('WSS280','p20'),('WSS284','p20'),('WSS285','p20'),('WSS290','p20'),('WSS297','p20'),('WSS298','p20'),('WSS31','p20'),('WSS310','p20'),('WSS311','p20'),('WSS312','p20'),('WSS323','p20'),('WSS331','p20'),('WSS333','p20'),('WSS336','p20'),('WSS339','p20'),('WSS342','p20'),('WSS343','p20'),('WSS346','p20'),('WSS35','p20'),('WSS357','p20'),('WSS36','p20'),('WSS362','p20'),('WSS370','p20'),('WSS385','p20'),('WSS399','p20'),('WSS407','p20'),('WSS414','p20'),('WSS418','p20'),('WSS419','p20'),('WSS420','p20'),('WSS426','p20'),('WSS432','p20'),('WSS441','p20'),('WSS447','p20'),('WSS450','p20'),('WSS456','p20'),('WSS46','p20'),('WSS462','p20'),('WSS463','p20'),('WSS465','p20'),('WSS472','p20'),('WSS482','p20'),('WSS484','p20'),('WSS493','p20'),('WSS494','p20'),('WSS500','p20'),('WSS511','p20'),('WSS518','p20'),('WSS52','p20'),('WSS532','p20'),('WSS536','p20'),('WSS544','p20'),('WSS55','p20'),('WSS552','p20'),('WSS555','p20'),('WSS560','p20'),('WSS566','p20'),('WSS57','p20'),('WSS585','p20'),('WSS589','p20'),('WSS591','p20'),('WSS592','p20'),('WSS593','p20'),('WSS601','p20'),('WSS602','p20'),('WSS604','p20'),('WSS607','p20'),('WSS611','p20'),('WSS620','p20'),('WSS622','p20'),('WSS624','p20'),('WSS625','p20'),('WSS635','p20'),('WSS638','p20'),('WSS644','p20'),('WSS646','p20'),('WSS654','p20'),('WSS667','p20'),('WSS670','p20'),('WSS675','p20'),('WSS687','p20'),('WSS69','p20'),('WSS694','p20'),('WSS696','p20'),('WSS697','p20'),('WSS699','p20'),('WSS7','p20'),('WSS71','p20'),('WSS80','p20'),('WSS81','p20'),('WSS82','p20'),('WSS89','p20'),('WSS108','p21'),('WSS109','p21'),('WSS11','p21'),('WSS110','p21'),('WSS115','p21'),('WSS116','p21'),('WSS121','p21'),('WSS124','p21'),('WSS144','p21'),('WSS145','p21'),('WSS146','p21'),('WSS149','p21'),('WSS154','p21'),('WSS167','p21'),('WSS169','p21'),('WSS17','p21'),('WSS172','p21'),('WSS188','p21'),('WSS194','p21'),('WSS199','p21'),('WSS202','p21'),('WSS203','p21'),('WSS210','p21'),('WSS219','p21'),('WSS229','p21'),('WSS23','p21'),('WSS231','p21'),('WSS237','p21'),('WSS239','p21'),('WSS245','p21'),('WSS247','p21'),('WSS253','p21'),('WSS262','p21'),('WSS267','p21'),('WSS271','p21'),('WSS272','p21'),('WSS274','p21'),('WSS278','p21'),('WSS281','p21'),('WSS284','p21'),('WSS286','p21'),('WSS287','p21'),('WSS297','p21'),('WSS298','p21'),('WSS306','p21'),('WSS309','p21'),('WSS313','p21'),('WSS315','p21'),('WSS322','p21'),('WSS337','p21'),('WSS338','p21'),('WSS341','p21'),('WSS343','p21'),('WSS344','p21'),('WSS348','p21'),('WSS352','p21'),('WSS36','p21'),('WSS361','p21'),('WSS364','p21'),('WSS37','p21'),('WSS387','p21'),('WSS39','p21'),('WSS396','p21'),('WSS40','p21'),('WSS403','p21'),('WSS406','p21'),('WSS408','p21'),('WSS412','p21'),('WSS414','p21'),('WSS416','p21'),('WSS417','p21'),('WSS423','p21'),('WSS424','p21'),('WSS426','p21'),('WSS442','p21'),('WSS448','p21'),('WSS449','p21'),('WSS462','p21'),('WSS467','p21'),('WSS47','p21'),('WSS476','p21'),('WSS485','p21'),('WSS49','p21'),('WSS490','p21'),('WSS493','p21'),('WSS496','p21'),('WSS508','p21'),('WSS512','p21'),('WSS513','p21'),('WSS515','p21'),('WSS518','p21'),('WSS520','p21'),('WSS522','p21'),('WSS524','p21'),('WSS525','p21'),('WSS529','p21'),('WSS539','p21'),('WSS544','p21'),('WSS547','p21'),('WSS551','p21'),('WSS553','p21'),('WSS568','p21'),('WSS589','p21'),('WSS590','p21'),('WSS592','p21'),('WSS593','p21'),('WSS613','p21'),('WSS617','p21'),('WSS62','p21'),('WSS630','p21'),('WSS631','p21'),('WSS632','p21'),('WSS648','p21'),('WSS651','p21'),('WSS653','p21'),('WSS655','p21'),('WSS667','p21'),('WSS672','p21'),('WSS673','p21'),('WSS675','p21'),('WSS677','p21'),('WSS678','p21'),('WSS683','p21'),('WSS685','p21'),('WSS686','p21'),('WSS691','p21'),('WSS692','p21'),('WSS698','p21'),('WSS73','p21'),('WSS76','p21'),('WSS84','p21'),('WSS93','p21'),('WSS94','p21'),('WSS96','p21'),('WSS97','p21'),('WSS99','p21'),('WSS107','p22'),('WSS117','p22'),('WSS118','p22'),('WSS120','p22'),('WSS127','p22'),('WSS131','p22'),('WSS133','p22'),('WSS135','p22'),('WSS138','p22'),('WSS141','p22'),('WSS144','p22'),('WSS145','p22'),('WSS146','p22'),('WSS156','p22'),('WSS16','p22'),('WSS161','p22'),('WSS177','p22'),('WSS183','p22'),('WSS184','p22'),('WSS186','p22'),('WSS188','p22'),('WSS192','p22'),('WSS193','p22'),('WSS205','p22'),('WSS206','p22'),('WSS207','p22'),('WSS21','p22'),('WSS210','p22'),('WSS212','p22'),('WSS213','p22'),('WSS217','p22'),('WSS218','p22'),('WSS221','p22'),('WSS227','p22'),('WSS232','p22'),('WSS234','p22'),('WSS238','p22'),('WSS242','p22'),('WSS243','p22'),('WSS245','p22'),('WSS251','p22'),('WSS255','p22'),('WSS256','p22'),('WSS262','p22'),('WSS266','p22'),('WSS276','p22'),('WSS282','p22'),('WSS285','p22'),('WSS293','p22'),('WSS294','p22'),('WSS3','p22'),('WSS307','p22'),('WSS31','p22'),('WSS316','p22'),('WSS328','p22'),('WSS330','p22'),('WSS332','p22'),('WSS340','p22'),('WSS341','p22'),('WSS347','p22'),('WSS350','p22'),('WSS366','p22'),('WSS367','p22'),('WSS370','p22'),('WSS374','p22'),('WSS38','p22'),('WSS39','p22'),('WSS390','p22'),('WSS393','p22'),('WSS398','p22'),('WSS40','p22'),('WSS404','p22'),('WSS409','p22'),('WSS41','p22'),('WSS413','p22'),('WSS417','p22'),('WSS418','p22'),('WSS423','p22'),('WSS429','p22'),('WSS43','p22'),('WSS435','p22'),('WSS436','p22'),('WSS437','p22'),('WSS445','p22'),('WSS457','p22'),('WSS463','p22'),('WSS465','p22'),('WSS466','p22'),('WSS468','p22'),('WSS469','p22'),('WSS47','p22'),('WSS476','p22'),('WSS477','p22'),('WSS481','p22'),('WSS483','p22'),('WSS486','p22'),('WSS487','p22'),('WSS489','p22'),('WSS497','p22'),('WSS499','p22'),('WSS5','p22'),('WSS500','p22'),('WSS501','p22'),('WSS516','p22'),('WSS517','p22'),('WSS52','p22'),('WSS527','p22'),('WSS545','p22'),('WSS550','p22'),('WSS551','p22'),('WSS554','p22'),('WSS56','p22'),('WSS569','p22'),('WSS571','p22'),('WSS575','p22'),('WSS584','p22'),('WSS585','p22'),('WSS588','p22'),('WSS592','p22'),('WSS604','p22'),('WSS611','p22'),('WSS612','p22'),('WSS615','p22'),('WSS616','p22'),('WSS617','p22'),('WSS627','p22'),('WSS629','p22'),('WSS632','p22'),('WSS634','p22'),('WSS652','p22'),('WSS664','p22'),('WSS672','p22'),('WSS674','p22'),('WSS682','p22'),('WSS683','p22'),('WSS684','p22'),('WSS692','p22'),('WSS694','p22'),('WSS71','p22'),('WSS74','p22'),('WSS78','p22'),('WSS87','p22'),('WSS89','p22'),('WSS91','p22'),('WSS93','p22'),('WSS106','p23'),('WSS112','p23'),('WSS113','p23'),('WSS114','p23'),('WSS12','p23'),('WSS125','p23'),('WSS134','p23'),('WSS141','p23'),('WSS148','p23'),('WSS158','p23'),('WSS16','p23'),('WSS169','p23'),('WSS187','p23'),('WSS194','p23'),('WSS199','p23'),('WSS200','p23'),('WSS206','p23'),('WSS209','p23'),('WSS21','p23'),('WSS219','p23'),('WSS220','p23'),('WSS225','p23'),('WSS233','p23'),('WSS236','p23'),('WSS237','p23'),('WSS244','p23'),('WSS246','p23'),('WSS253','p23'),('WSS255','p23'),('WSS257','p23'),('WSS261','p23'),('WSS27','p23'),('WSS271','p23'),('WSS273','p23'),('WSS274','p23'),('WSS277','p23'),('WSS28','p23'),('WSS285','p23'),('WSS289','p23'),('WSS290','p23'),('WSS293','p23'),('WSS299','p23'),('WSS3','p23'),('WSS302','p23'),('WSS304','p23'),('WSS308','p23'),('WSS31','p23'),('WSS311','p23'),('WSS314','p23'),('WSS321','p23'),('WSS324','p23'),('WSS336','p23'),('WSS345','p23'),('WSS35','p23'),('WSS353','p23'),('WSS356','p23'),('WSS362','p23'),('WSS365','p23'),('WSS367','p23'),('WSS375','p23'),('WSS381','p23'),('WSS382','p23'),('WSS39','p23'),('WSS395','p23'),('WSS4','p23'),('WSS409','p23'),('WSS411','p23'),('WSS415','p23'),('WSS422','p23'),('WSS425','p23'),('WSS426','p23'),('WSS43','p23'),('WSS435','p23'),('WSS44','p23'),('WSS443','p23'),('WSS447','p23'),('WSS45','p23'),('WSS451','p23'),('WSS46','p23'),('WSS463','p23'),('WSS466','p23'),('WSS468','p23'),('WSS469','p23'),('WSS475','p23'),('WSS481','p23'),('WSS482','p23'),('WSS497','p23'),('WSS5','p23'),('WSS500','p23'),('WSS508','p23'),('WSS509','p23'),('WSS511','p23'),('WSS523','p23'),('WSS531','p23'),('WSS533','p23'),('WSS553','p23'),('WSS56','p23'),('WSS562','p23'),('WSS565','p23'),('WSS569','p23'),('WSS57','p23'),('WSS572','p23'),('WSS576','p23'),('WSS577','p23'),('WSS580','p23'),('WSS583','p23'),('WSS588','p23'),('WSS591','p23'),('WSS593','p23'),('WSS594','p23'),('WSS601','p23'),('WSS609','p23'),('WSS610','p23'),('WSS623','p23'),('WSS624','p23'),('WSS649','p23'),('WSS652','p23'),('WSS666','p23'),('WSS688','p23'),('WSS690','p23'),('WSS75','p23'),('WSS76','p23'),('WSS77','p23'),('WSS81','p23'),('WSS83','p23'),('WSS88','p23'),('WSS99','p23'),('WSS102','p24'),('WSS121','p24'),('WSS130','p24'),('WSS134','p24'),('WSS136','p24'),('WSS139','p24'),('WSS147','p24'),('WSS153','p24'),('WSS158','p24'),('WSS166','p24'),('WSS190','p24'),('WSS191','p24'),('WSS193','p24'),('WSS194','p24'),('WSS196','p24'),('WSS197','p24'),('WSS198','p24'),('WSS199','p24'),('WSS201','p24'),('WSS202','p24'),('WSS206','p24'),('WSS209','p24'),('WSS210','p24'),('WSS211','p24'),('WSS213','p24'),('WSS216','p24'),('WSS221','p24'),('WSS23','p24'),('WSS233','p24'),('WSS241','p24'),('WSS244','p24'),('WSS246','p24'),('WSS249','p24'),('WSS250','p24'),('WSS260','p24'),('WSS265','p24'),('WSS266','p24'),('WSS27','p24'),('WSS272','p24'),('WSS276','p24'),('WSS281','p24'),('WSS3','p24'),('WSS301','p24'),('WSS303','p24'),('WSS314','p24'),('WSS316','p24'),('WSS32','p24'),('WSS332','p24'),('WSS334','p24'),('WSS347','p24'),('WSS350','p24'),('WSS351','p24'),('WSS353','p24'),('WSS355','p24'),('WSS368','p24'),('WSS37','p24'),('WSS372','p24'),('WSS377','p24'),('WSS385','p24'),('WSS388','p24'),('WSS396','p24'),('WSS40','p24'),('WSS403','p24'),('WSS406','p24'),('WSS41','p24'),('WSS411','p24'),('WSS414','p24'),('WSS417','p24'),('WSS431','p24'),('WSS433','p24'),('WSS437','p24'),('WSS448','p24'),('WSS451','p24'),('WSS46','p24'),('WSS464','p24'),('WSS465','p24'),('WSS466','p24'),('WSS467','p24'),('WSS471','p24'),('WSS478','p24'),('WSS488','p24'),('WSS490','p24'),('WSS496','p24'),('WSS499','p24'),('WSS501','p24'),('WSS503','p24'),('WSS504','p24'),('WSS522','p24'),('WSS525','p24'),('WSS526','p24'),('WSS527','p24'),('WSS528','p24'),('WSS537','p24'),('WSS538','p24'),('WSS543','p24'),('WSS551','p24'),('WSS552','p24'),('WSS558','p24'),('WSS563','p24'),('WSS568','p24'),('WSS571','p24'),('WSS575','p24'),('WSS590','p24'),('WSS591','p24'),('WSS594','p24'),('WSS595','p24'),('WSS60','p24'),('WSS600','p24'),('WSS62','p24'),('WSS625','p24'),('WSS628','p24'),('WSS636','p24'),('WSS654','p24'),('WSS655','p24'),('WSS666','p24'),('WSS67','p24'),('WSS670','p24'),('WSS676','p24'),('WSS677','p24'),('WSS681','p24'),('WSS687','p24'),('WSS694','p24'),('WSS695','p24'),('WSS696','p24'),('WSS699','p24'),('WSS70','p24'),('WSS700','p24'),('WSS82','p24'),('WSS83','p24'),('WSS92','p24'),('WSS103','p25'),('WSS11','p25'),('WSS110','p25'),('WSS112','p25'),('WSS116','p25'),('WSS118','p25'),('WSS12','p25'),('WSS121','p25'),('WSS122','p25'),('WSS123','p25'),('WSS134','p25'),('WSS142','p25'),('WSS143','p25'),('WSS146','p25'),('WSS148','p25'),('WSS152','p25'),('WSS154','p25'),('WSS157','p25'),('WSS160','p25'),('WSS163','p25'),('WSS164','p25'),('WSS165','p25'),('WSS171','p25'),('WSS173','p25'),('WSS174','p25'),('WSS177','p25'),('WSS182','p25'),('WSS183','p25'),('WSS192','p25'),('WSS195','p25'),('WSS198','p25'),('WSS200','p25'),('WSS208','p25'),('WSS212','p25'),('WSS214','p25'),('WSS216','p25'),('WSS217','p25'),('WSS218','p25'),('WSS232','p25'),('WSS238','p25'),('WSS239','p25'),('WSS24','p25'),('WSS244','p25'),('WSS247','p25'),('WSS258','p25'),('WSS260','p25'),('WSS261','p25'),('WSS262','p25'),('WSS274','p25'),('WSS286','p25'),('WSS294','p25'),('WSS303','p25'),('WSS305','p25'),('WSS314','p25'),('WSS317','p25'),('WSS319','p25'),('WSS32','p25'),('WSS321','p25'),('WSS323','p25'),('WSS325','p25'),('WSS326','p25'),('WSS33','p25'),('WSS334','p25'),('WSS369','p25'),('WSS37','p25'),('WSS376','p25'),('WSS380','p25'),('WSS382','p25'),('WSS389','p25'),('WSS391','p25'),('WSS393','p25'),('WSS399','p25'),('WSS403','p25'),('WSS419','p25'),('WSS440','p25'),('WSS455','p25'),('WSS457','p25'),('WSS46','p25'),('WSS460','p25'),('WSS463','p25'),('WSS470','p25'),('WSS476','p25'),('WSS479','p25'),('WSS487','p25'),('WSS489','p25'),('WSS491','p25'),('WSS502','p25'),('WSS505','p25'),('WSS507','p25'),('WSS510','p25'),('WSS518','p25'),('WSS519','p25'),('WSS522','p25'),('WSS526','p25'),('WSS530','p25'),('WSS531','p25'),('WSS535','p25'),('WSS537','p25'),('WSS549','p25'),('WSS55','p25'),('WSS551','p25'),('WSS553','p25'),('WSS554','p25'),('WSS557','p25'),('WSS558','p25'),('WSS559','p25'),('WSS56','p25'),('WSS560','p25'),('WSS561','p25'),('WSS566','p25'),('WSS572','p25'),('WSS578','p25'),('WSS596','p25'),('WSS609','p25'),('WSS612','p25'),('WSS616','p25'),('WSS617','p25'),('WSS621','p25'),('WSS631','p25'),('WSS633','p25'),('WSS635','p25'),('WSS642','p25'),('WSS644','p25'),('WSS647','p25'),('WSS651','p25'),('WSS653','p25'),('WSS657','p25'),('WSS658','p25'),('WSS662','p25'),('WSS67','p25'),('WSS670','p25'),('WSS674','p25'),('WSS684','p25'),('WSS69','p25'),('WSS693','p25'),('WSS695','p25'),('WSS698','p25'),('WSS699','p25'),('WSS72','p25'),('WSS79','p25'),('WSS86','p25'),('WSS95','p25'),('WSS98','p25'),('WSS10','p26'),('WSS101','p26'),('WSS104','p26'),('WSS107','p26'),('WSS139','p26'),('WSS157','p26'),('WSS159','p26'),('WSS16','p26'),('WSS164','p26'),('WSS17','p26'),('WSS170','p26'),('WSS176','p26'),('WSS183','p26'),('WSS189','p26'),('WSS204','p26'),('WSS212','p26'),('WSS22','p26'),('WSS220','p26'),('WSS225','p26'),('WSS228','p26'),('WSS241','p26'),('WSS245','p26'),('WSS250','p26'),('WSS259','p26'),('WSS265','p26'),('WSS275','p26'),('WSS278','p26'),('WSS291','p26'),('WSS296','p26'),('WSS300','p26'),('WSS302','p26'),('WSS308','p26'),('WSS309','p26'),('WSS316','p26'),('WSS323','p26'),('WSS325','p26'),('WSS339','p26'),('WSS355','p26'),('WSS357','p26'),('WSS361','p26'),('WSS371','p26'),('WSS374','p26'),('WSS385','p26'),('WSS389','p26'),('WSS392','p26'),('WSS394','p26'),('WSS395','p26'),('WSS398','p26'),('WSS4','p26'),('WSS402','p26'),('WSS404','p26'),('WSS405','p26'),('WSS411','p26'),('WSS412','p26'),('WSS414','p26'),('WSS423','p26'),('WSS424','p26'),('WSS427','p26'),('WSS430','p26'),('WSS431','p26'),('WSS434','p26'),('WSS435','p26'),('WSS442','p26'),('WSS446','p26'),('WSS448','p26'),('WSS458','p26'),('WSS46','p26'),('WSS465','p26'),('WSS470','p26'),('WSS476','p26'),('WSS480','p26'),('WSS487','p26'),('WSS491','p26'),('WSS492','p26'),('WSS500','p26'),('WSS505','p26'),('WSS510','p26'),('WSS513','p26'),('WSS514','p26'),('WSS518','p26'),('WSS523','p26'),('WSS54','p26'),('WSS55','p26'),('WSS550','p26'),('WSS553','p26'),('WSS557','p26'),('WSS564','p26'),('WSS565','p26'),('WSS587','p26'),('WSS59','p26'),('WSS60','p26'),('WSS610','p26'),('WSS611','p26'),('WSS62','p26'),('WSS622','p26'),('WSS624','p26'),('WSS63','p26'),('WSS630','p26'),('WSS635','p26'),('WSS641','p26'),('WSS645','p26'),('WSS647','p26'),('WSS654','p26'),('WSS681','p26'),('WSS685','p26'),('WSS692','p26'),('WSS72','p26'),('WSS81','p26'),('WSS92','p26'),('WSS102','p27'),('WSS108','p27'),('WSS111','p27'),('WSS119','p27'),('WSS12','p27'),('WSS127','p27'),('WSS13','p27'),('WSS146','p27'),('WSS151','p27'),('WSS176','p27'),('WSS184','p27'),('WSS185','p27'),('WSS192','p27'),('WSS20','p27'),('WSS201','p27'),('WSS202','p27'),('WSS205','p27'),('WSS208','p27'),('WSS210','p27'),('WSS211','p27'),('WSS218','p27'),('WSS230','p27'),('WSS234','p27'),('WSS237','p27'),('WSS239','p27'),('WSS243','p27'),('WSS252','p27'),('WSS254','p27'),('WSS257','p27'),('WSS261','p27'),('WSS263','p27'),('WSS269','p27'),('WSS282','p27'),('WSS285','p27'),('WSS29','p27'),('WSS292','p27'),('WSS294','p27'),('WSS295','p27'),('WSS300','p27'),('WSS307','p27'),('WSS319','p27'),('WSS320','p27'),('WSS321','p27'),('WSS325','p27'),('WSS326','p27'),('WSS331','p27'),('WSS334','p27'),('WSS339','p27'),('WSS34','p27'),('WSS340','p27'),('WSS350','p27'),('WSS355','p27'),('WSS361','p27'),('WSS375','p27'),('WSS377','p27'),('WSS383','p27'),('WSS388','p27'),('WSS393','p27'),('WSS394','p27'),('WSS395','p27'),('WSS396','p27'),('WSS398','p27'),('WSS409','p27'),('WSS413','p27'),('WSS428','p27'),('WSS431','p27'),('WSS437','p27'),('WSS438','p27'),('WSS44','p27'),('WSS442','p27'),('WSS448','p27'),('WSS454','p27'),('WSS456','p27'),('WSS460','p27'),('WSS461','p27'),('WSS470','p27'),('WSS48','p27'),('WSS482','p27'),('WSS489','p27'),('WSS494','p27'),('WSS495','p27'),('WSS498','p27'),('WSS499','p27'),('WSS50','p27'),('WSS502','p27'),('WSS508','p27'),('WSS523','p27'),('WSS526','p27'),('WSS535','p27'),('WSS541','p27'),('WSS543','p27'),('WSS548','p27'),('WSS563','p27'),('WSS57','p27'),('WSS573','p27'),('WSS586','p27'),('WSS6','p27'),('WSS605','p27'),('WSS614','p27'),('WSS619','p27'),('WSS627','p27'),('WSS641','p27'),('WSS646','p27'),('WSS656','p27'),('WSS661','p27'),('WSS665','p27'),('WSS674','p27'),('WSS698','p27'),('WSS8','p27'),('WSS80','p27'),('WSS85','p27'),('WSS88','p27'),('WSS89','p27'),('WSS9','p27'),('WSS103','p28'),('WSS106','p28'),('WSS107','p28'),('WSS109','p28'),('WSS115','p28'),('WSS120','p28'),('WSS13','p28'),('WSS130','p28'),('WSS132','p28'),('WSS133','p28'),('WSS141','p28'),('WSS151','p28'),('WSS156','p28'),('WSS159','p28'),('WSS162','p28'),('WSS168','p28'),('WSS18','p28'),('WSS181','p28'),('WSS187','p28'),('WSS188','p28'),('WSS19','p28'),('WSS190','p28'),('WSS196','p28'),('WSS198','p28'),('WSS2','p28'),('WSS205','p28'),('WSS206','p28'),('WSS209','p28'),('WSS21','p28'),('WSS214','p28'),('WSS225','p28'),('WSS226','p28'),('WSS230','p28'),('WSS233','p28'),('WSS235','p28'),('WSS239','p28'),('WSS24','p28'),('WSS241','p28'),('WSS243','p28'),('WSS26','p28'),('WSS260','p28'),('WSS263','p28'),('WSS267','p28'),('WSS270','p28'),('WSS28','p28'),('WSS283','p28'),('WSS285','p28'),('WSS289','p28'),('WSS301','p28'),('WSS302','p28'),('WSS309','p28'),('WSS31','p28'),('WSS310','p28'),('WSS318','p28'),('WSS321','p28'),('WSS331','p28'),('WSS334','p28'),('WSS344','p28'),('WSS348','p28'),('WSS353','p28'),('WSS358','p28'),('WSS363','p28'),('WSS370','p28'),('WSS371','p28'),('WSS373','p28'),('WSS381','p28'),('WSS382','p28'),('WSS386','p28'),('WSS389','p28'),('WSS39','p28'),('WSS393','p28'),('WSS394','p28'),('WSS401','p28'),('WSS409','p28'),('WSS416','p28'),('WSS424','p28'),('WSS432','p28'),('WSS438','p28'),('WSS439','p28'),('WSS44','p28'),('WSS443','p28'),('WSS450','p28'),('WSS463','p28'),('WSS468','p28'),('WSS484','p28'),('WSS487','p28'),('WSS488','p28'),('WSS501','p28'),('WSS503','p28'),('WSS505','p28'),('WSS51','p28'),('WSS511','p28'),('WSS516','p28'),('WSS528','p28'),('WSS539','p28'),('WSS546','p28'),('WSS547','p28'),('WSS560','p28'),('WSS562','p28'),('WSS564','p28'),('WSS567','p28'),('WSS574','p28'),('WSS582','p28'),('WSS590','p28'),('WSS594','p28'),('WSS597','p28'),('WSS598','p28'),('WSS601','p28'),('WSS602','p28'),('WSS608','p28'),('WSS610','p28'),('WSS618','p28'),('WSS626','p28'),('WSS629','p28'),('WSS632','p28'),('WSS637','p28'),('WSS639','p28'),('WSS643','p28'),('WSS645','p28'),('WSS646','p28'),('WSS648','p28'),('WSS649','p28'),('WSS660','p28'),('WSS665','p28'),('WSS667','p28'),('WSS668','p28'),('WSS670','p28'),('WSS671','p28'),('WSS673','p28'),('WSS676','p28'),('WSS679','p28'),('WSS70','p28'),('WSS74','p28'),('WSS9','p28'),('WSS94','p28'),('WSS97','p28'),('WSS1','p29'),('WSS105','p29'),('WSS109','p29'),('WSS110','p29'),('WSS113','p29'),('WSS114','p29'),('WSS119','p29'),('WSS120','p29'),('WSS130','p29'),('WSS133','p29'),('WSS136','p29'),('WSS138','p29'),('WSS140','p29'),('WSS147','p29'),('WSS15','p29'),('WSS151','p29'),('WSS158','p29'),('WSS170','p29'),('WSS175','p29'),('WSS177','p29'),('WSS178','p29'),('WSS180','p29'),('WSS181','p29'),('WSS182','p29'),('WSS186','p29'),('WSS195','p29'),('WSS217','p29'),('WSS225','p29'),('WSS23','p29'),('WSS247','p29'),('WSS248','p29'),('WSS249','p29'),('WSS251','p29'),('WSS261','p29'),('WSS263','p29'),('WSS269','p29'),('WSS27','p29'),('WSS271','p29'),('WSS275','p29'),('WSS282','p29'),('WSS284','p29'),('WSS286','p29'),('WSS293','p29'),('WSS294','p29'),('WSS30','p29'),('WSS300','p29'),('WSS305','p29'),('WSS306','p29'),('WSS311','p29'),('WSS312','p29'),('WSS317','p29'),('WSS32','p29'),('WSS324','p29'),('WSS335','p29'),('WSS337','p29'),('WSS345','p29'),('WSS349','p29'),('WSS352','p29'),('WSS359','p29'),('WSS36','p29'),('WSS360','p29'),('WSS365','p29'),('WSS369','p29'),('WSS376','p29'),('WSS380','p29'),('WSS382','p29'),('WSS384','p29'),('WSS399','p29'),('WSS402','p29'),('WSS408','p29'),('WSS412','p29'),('WSS420','p29'),('WSS427','p29'),('WSS43','p29'),('WSS438','p29'),('WSS439','p29'),('WSS448','p29'),('WSS45','p29'),('WSS457','p29'),('WSS459','p29'),('WSS467','p29'),('WSS472','p29'),('WSS473','p29'),('WSS49','p29'),('WSS492','p29'),('WSS494','p29'),('WSS497','p29'),('WSS502','p29'),('WSS505','p29'),('WSS506','p29'),('WSS507','p29'),('WSS517','p29'),('WSS525','p29'),('WSS528','p29'),('WSS529','p29'),('WSS542','p29'),('WSS544','p29'),('WSS555','p29'),('WSS556','p29'),('WSS566','p29'),('WSS573','p29'),('WSS575','p29'),('WSS576','p29'),('WSS580','p29'),('WSS584','p29'),('WSS587','p29'),('WSS589','p29'),('WSS591','p29'),('WSS592','p29'),('WSS596','p29'),('WSS6','p29'),('WSS605','p29'),('WSS61','p29'),('WSS615','p29'),('WSS623','p29'),('WSS624','p29'),('WSS627','p29'),('WSS635','p29'),('WSS637','p29'),('WSS639','p29'),('WSS640','p29'),('WSS641','p29'),('WSS645','p29'),('WSS648','p29'),('WSS65','p29'),('WSS653','p29'),('WSS66','p29'),('WSS672','p29'),('WSS680','p29'),('WSS689','p29'),('WSS692','p29'),('WSS693','p29'),('WSS694','p29'),('WSS70','p29'),('WSS79','p29'),('WSS85','p29'),('WSS93','p29'),('WSS95','p29'),('WSS101','p3'),('WSS112','p3'),('WSS115','p3'),('WSS128','p3'),('WSS130','p3'),('WSS134','p3'),('WSS14','p3'),('WSS140','p3'),('WSS147','p3'),('WSS15','p3'),('WSS154','p3'),('WSS159','p3'),('WSS165','p3'),('WSS171','p3'),('WSS172','p3'),('WSS175','p3'),('WSS179','p3'),('WSS181','p3'),('WSS185','p3'),('WSS186','p3'),('WSS187','p3'),('WSS188','p3'),('WSS205','p3'),('WSS208','p3'),('WSS215','p3'),('WSS217','p3'),('WSS222','p3'),('WSS223','p3'),('WSS225','p3'),('WSS231','p3'),('WSS234','p3'),('WSS235','p3'),('WSS237','p3'),('WSS240','p3'),('WSS249','p3'),('WSS252','p3'),('WSS253','p3'),('WSS261','p3'),('WSS263','p3'),('WSS264','p3'),('WSS269','p3'),('WSS270','p3'),('WSS271','p3'),('WSS274','p3'),('WSS277','p3'),('WSS29','p3'),('WSS290','p3'),('WSS291','p3'),('WSS295','p3'),('WSS297','p3'),('WSS30','p3'),('WSS303','p3'),('WSS304','p3'),('WSS314','p3'),('WSS315','p3'),('WSS318','p3'),('WSS321','p3'),('WSS324','p3'),('WSS328','p3'),('WSS332','p3'),('WSS333','p3'),('WSS343','p3'),('WSS356','p3'),('WSS363','p3'),('WSS365','p3'),('WSS373','p3'),('WSS375','p3'),('WSS378','p3'),('WSS393','p3'),('WSS395','p3'),('WSS400','p3'),('WSS403','p3'),('WSS412','p3'),('WSS42','p3'),('WSS420','p3'),('WSS423','p3'),('WSS428','p3'),('WSS429','p3'),('WSS43','p3'),('WSS440','p3'),('WSS441','p3'),('WSS454','p3'),('WSS460','p3'),('WSS471','p3'),('WSS473','p3'),('WSS474','p3'),('WSS477','p3'),('WSS478','p3'),('WSS486','p3'),('WSS498','p3'),('WSS502','p3'),('WSS504','p3'),('WSS505','p3'),('WSS509','p3'),('WSS510','p3'),('WSS513','p3'),('WSS52','p3'),('WSS520','p3'),('WSS531','p3'),('WSS532','p3'),('WSS548','p3'),('WSS557','p3'),('WSS561','p3'),('WSS573','p3'),('WSS579','p3'),('WSS585','p3'),('WSS586','p3'),('WSS589','p3'),('WSS591','p3'),('WSS594','p3'),('WSS599','p3'),('WSS600','p3'),('WSS603','p3'),('WSS607','p3'),('WSS613','p3'),('WSS619','p3'),('WSS623','p3'),('WSS638','p3'),('WSS639','p3'),('WSS647','p3'),('WSS65','p3'),('WSS656','p3'),('WSS659','p3'),('WSS66','p3'),('WSS661','p3'),('WSS662','p3'),('WSS663','p3'),('WSS664','p3'),('WSS677','p3'),('WSS680','p3'),('WSS69','p3'),('WSS76','p3'),('WSS77','p3'),('WSS8','p3'),('WSS81','p3'),('WSS83','p3'),('WSS87','p3'),('WSS94','p3'),('WSS100','p30'),('WSS109','p30'),('WSS116','p30'),('WSS124','p30'),('WSS13','p30'),('WSS137','p30'),('WSS14','p30'),('WSS150','p30'),('WSS153','p30'),('WSS157','p30'),('WSS161','p30'),('WSS166','p30'),('WSS173','p30'),('WSS174','p30'),('WSS186','p30'),('WSS191','p30'),('WSS197','p30'),('WSS2','p30'),('WSS20','p30'),('WSS203','p30'),('WSS214','p30'),('WSS220','p30'),('WSS222','p30'),('WSS229','p30'),('WSS230','p30'),('WSS251','p30'),('WSS259','p30'),('WSS26','p30'),('WSS263','p30'),('WSS265','p30'),('WSS276','p30'),('WSS279','p30'),('WSS287','p30'),('WSS288','p30'),('WSS29','p30'),('WSS292','p30'),('WSS308','p30'),('WSS317','p30'),('WSS318','p30'),('WSS322','p30'),('WSS335','p30'),('WSS336','p30'),('WSS342','p30'),('WSS346','p30'),('WSS347','p30'),('WSS349','p30'),('WSS350','p30'),('WSS351','p30'),('WSS352','p30'),('WSS357','p30'),('WSS358','p30'),('WSS360','p30'),('WSS368','p30'),('WSS373','p30'),('WSS38','p30'),('WSS383','p30'),('WSS386','p30'),('WSS390','p30'),('WSS400','p30'),('WSS401','p30'),('WSS402','p30'),('WSS407','p30'),('WSS41','p30'),('WSS416','p30'),('WSS424','p30'),('WSS441','p30'),('WSS442','p30'),('WSS445','p30'),('WSS451','p30'),('WSS454','p30'),('WSS455','p30'),('WSS459','p30'),('WSS463','p30'),('WSS474','p30'),('WSS475','p30'),('WSS486','p30'),('WSS493','p30'),('WSS50','p30'),('WSS507','p30'),('WSS514','p30'),('WSS517','p30'),('WSS52','p30'),('WSS523','p30'),('WSS527','p30'),('WSS533','p30'),('WSS534','p30'),('WSS540','p30'),('WSS544','p30'),('WSS545','p30'),('WSS546','p30'),('WSS556','p30'),('WSS557','p30'),('WSS559','p30'),('WSS563','p30'),('WSS567','p30'),('WSS576','p30'),('WSS58','p30'),('WSS583','p30'),('WSS599','p30'),('WSS603','p30'),('WSS604','p30'),('WSS606','p30'),('WSS609','p30'),('WSS616','p30'),('WSS620','p30'),('WSS623','p30'),('WSS626','p30'),('WSS63','p30'),('WSS635','p30'),('WSS640','p30'),('WSS642','p30'),('WSS651','p30'),('WSS652','p30'),('WSS654','p30'),('WSS655','p30'),('WSS657','p30'),('WSS660','p30'),('WSS665','p30'),('WSS666','p30'),('WSS673','p30'),('WSS688','p30'),('WSS689','p30'),('WSS691','p30'),('WSS700','p30'),('WSS74','p30'),('WSS84','p30'),('WSS87','p30'),('WSS91','p30'),('WSS94','p30'),('WSS97','p30'),('WSS1','p4'),('WSS10','p4'),('WSS100','p4'),('WSS11','p4'),('WSS113','p4'),('WSS118','p4'),('WSS12','p4'),('WSS125','p4'),('WSS131','p4'),('WSS136','p4'),('WSS14','p4'),('WSS147','p4'),('WSS149','p4'),('WSS150','p4'),('WSS154','p4'),('WSS172','p4'),('WSS173','p4'),('WSS189','p4'),('WSS20','p4'),('WSS206','p4'),('WSS210','p4'),('WSS214','p4'),('WSS22','p4'),('WSS224','p4'),('WSS229','p4'),('WSS244','p4'),('WSS248','p4'),('WSS25','p4'),('WSS252','p4'),('WSS255','p4'),('WSS256','p4'),('WSS258','p4'),('WSS262','p4'),('WSS265','p4'),('WSS268','p4'),('WSS270','p4'),('WSS280','p4'),('WSS287','p4'),('WSS290','p4'),('WSS292','p4'),('WSS30','p4'),('WSS301','p4'),('WSS304','p4'),('WSS309','p4'),('WSS318','p4'),('WSS32','p4'),('WSS320','p4'),('WSS322','p4'),('WSS330','p4'),('WSS337','p4'),('WSS341','p4'),('WSS347','p4'),('WSS352','p4'),('WSS361','p4'),('WSS364','p4'),('WSS367','p4'),('WSS368','p4'),('WSS373','p4'),('WSS375','p4'),('WSS377','p4'),('WSS383','p4'),('WSS386','p4'),('WSS39','p4'),('WSS40','p4'),('WSS404','p4'),('WSS406','p4'),('WSS418','p4'),('WSS426','p4'),('WSS430','p4'),('WSS435','p4'),('WSS443','p4'),('WSS453','p4'),('WSS455','p4'),('WSS456','p4'),('WSS458','p4'),('WSS459','p4'),('WSS467','p4'),('WSS472','p4'),('WSS485','p4'),('WSS487','p4'),('WSS490','p4'),('WSS494','p4'),('WSS495','p4'),('WSS50','p4'),('WSS512','p4'),('WSS514','p4'),('WSS515','p4'),('WSS518','p4'),('WSS519','p4'),('WSS522','p4'),('WSS523','p4'),('WSS528','p4'),('WSS536','p4'),('WSS538','p4'),('WSS540','p4'),('WSS541','p4'),('WSS542','p4'),('WSS55','p4'),('WSS551','p4'),('WSS558','p4'),('WSS56','p4'),('WSS564','p4'),('WSS567','p4'),('WSS568','p4'),('WSS578','p4'),('WSS582','p4'),('WSS587','p4'),('WSS59','p4'),('WSS594','p4'),('WSS597','p4'),('WSS598','p4'),('WSS601','p4'),('WSS605','p4'),('WSS606','p4'),('WSS608','p4'),('WSS611','p4'),('WSS613','p4'),('WSS614','p4'),('WSS628','p4'),('WSS63','p4'),('WSS631','p4'),('WSS64','p4'),('WSS643','p4'),('WSS644','p4'),('WSS662','p4'),('WSS67','p4'),('WSS672','p4'),('WSS678','p4'),('WSS684','p4'),('WSS686','p4'),('WSS687','p4'),('WSS69','p4'),('WSS698','p4'),('WSS72','p4'),('WSS75','p4'),('WSS76','p4'),('WSS86','p4'),('WSS88','p4'),('WSS93','p4'),('WSS102','p5'),('WSS104','p5'),('WSS105','p5'),('WSS11','p5'),('WSS113','p5'),('WSS119','p5'),('WSS123','p5'),('WSS13','p5'),('WSS134','p5'),('WSS138','p5'),('WSS139','p5'),('WSS141','p5'),('WSS142','p5'),('WSS148','p5'),('WSS149','p5'),('WSS160','p5'),('WSS163','p5'),('WSS165','p5'),('WSS17','p5'),('WSS171','p5'),('WSS176','p5'),('WSS18','p5'),('WSS187','p5'),('WSS189','p5'),('WSS193','p5'),('WSS196','p5'),('WSS199','p5'),('WSS204','p5'),('WSS215','p5'),('WSS216','p5'),('WSS218','p5'),('WSS224','p5'),('WSS225','p5'),('WSS227','p5'),('WSS228','p5'),('WSS229','p5'),('WSS230','p5'),('WSS257','p5'),('WSS269','p5'),('WSS275','p5'),('WSS276','p5'),('WSS301','p5'),('WSS309','p5'),('WSS31','p5'),('WSS312','p5'),('WSS321','p5'),('WSS338','p5'),('WSS342','p5'),('WSS351','p5'),('WSS354','p5'),('WSS359','p5'),('WSS360','p5'),('WSS364','p5'),('WSS365','p5'),('WSS366','p5'),('WSS369','p5'),('WSS384','p5'),('WSS385','p5'),('WSS389','p5'),('WSS391','p5'),('WSS410','p5'),('WSS412','p5'),('WSS419','p5'),('WSS42','p5'),('WSS425','p5'),('WSS434','p5'),('WSS445','p5'),('WSS447','p5'),('WSS453','p5'),('WSS454','p5'),('WSS456','p5'),('WSS458','p5'),('WSS464','p5'),('WSS467','p5'),('WSS481','p5'),('WSS486','p5'),('WSS489','p5'),('WSS495','p5'),('WSS498','p5'),('WSS501','p5'),('WSS53','p5'),('WSS532','p5'),('WSS543','p5'),('WSS546','p5'),('WSS548','p5'),('WSS555','p5'),('WSS557','p5'),('WSS562','p5'),('WSS564','p5'),('WSS584','p5'),('WSS589','p5'),('WSS59','p5'),('WSS590','p5'),('WSS595','p5'),('WSS60','p5'),('WSS600','p5'),('WSS603','p5'),('WSS607','p5'),('WSS608','p5'),('WSS614','p5'),('WSS619','p5'),('WSS63','p5'),('WSS634','p5'),('WSS639','p5'),('WSS646','p5'),('WSS648','p5'),('WSS650','p5'),('WSS657','p5'),('WSS671','p5'),('WSS68','p5'),('WSS78','p5'),('WSS79','p5'),('WSS8','p5'),('WSS90','p5'),('WSS98','p5'),('WSS1','p6'),('WSS101','p6'),('WSS106','p6'),('WSS114','p6'),('WSS117','p6'),('WSS126','p6'),('WSS128','p6'),('WSS133','p6'),('WSS147','p6'),('WSS168','p6'),('WSS174','p6'),('WSS179','p6'),('WSS180','p6'),('WSS190','p6'),('WSS191','p6'),('WSS193','p6'),('WSS195','p6'),('WSS198','p6'),('WSS214','p6'),('WSS216','p6'),('WSS221','p6'),('WSS223','p6'),('WSS227','p6'),('WSS236','p6'),('WSS240','p6'),('WSS259','p6'),('WSS273','p6'),('WSS287','p6'),('WSS29','p6'),('WSS295','p6'),('WSS297','p6'),('WSS302','p6'),('WSS303','p6'),('WSS311','p6'),('WSS325','p6'),('WSS326','p6'),('WSS330','p6'),('WSS341','p6'),('WSS346','p6'),('WSS353','p6'),('WSS355','p6'),('WSS363','p6'),('WSS368','p6'),('WSS369','p6'),('WSS373','p6'),('WSS385','p6'),('WSS398','p6'),('WSS40','p6'),('WSS401','p6'),('WSS411','p6'),('WSS424','p6'),('WSS431','p6'),('WSS433','p6'),('WSS45','p6'),('WSS452','p6'),('WSS453','p6'),('WSS454','p6'),('WSS458','p6'),('WSS466','p6'),('WSS468','p6'),('WSS470','p6'),('WSS472','p6'),('WSS491','p6'),('WSS492','p6'),('WSS493','p6'),('WSS494','p6'),('WSS498','p6'),('WSS506','p6'),('WSS508','p6'),('WSS519','p6'),('WSS520','p6'),('WSS524','p6'),('WSS528','p6'),('WSS534','p6'),('WSS535','p6'),('WSS541','p6'),('WSS542','p6'),('WSS543','p6'),('WSS546','p6'),('WSS55','p6'),('WSS562','p6'),('WSS567','p6'),('WSS570','p6'),('WSS572','p6'),('WSS574','p6'),('WSS586','p6'),('WSS596','p6'),('WSS6','p6'),('WSS60','p6'),('WSS602','p6'),('WSS609','p6'),('WSS614','p6'),('WSS616','p6'),('WSS617','p6'),('WSS621','p6'),('WSS630','p6'),('WSS643','p6'),('WSS649','p6'),('WSS652','p6'),('WSS656','p6'),('WSS681','p6'),('WSS685','p6'),('WSS690','p6'),('WSS80','p6'),('WSS82','p6'),('WSS86','p6'),('WSS90','p6'),('WSS91','p6'),('WSS10','p7'),('WSS100','p7'),('WSS101','p7'),('WSS104','p7'),('WSS108','p7'),('WSS115','p7'),('WSS119','p7'),('WSS122','p7'),('WSS124','p7'),('WSS129','p7'),('WSS136','p7'),('WSS147','p7'),('WSS149','p7'),('WSS150','p7'),('WSS156','p7'),('WSS169','p7'),('WSS17','p7'),('WSS173','p7'),('WSS183','p7'),('WSS184','p7'),('WSS185','p7'),('WSS186','p7'),('WSS201','p7'),('WSS212','p7'),('WSS222','p7'),('WSS234','p7'),('WSS238','p7'),('WSS24','p7'),('WSS242','p7'),('WSS248','p7'),('WSS250','p7'),('WSS251','p7'),('WSS258','p7'),('WSS272','p7'),('WSS278','p7'),('WSS280','p7'),('WSS283','p7'),('WSS289','p7'),('WSS292','p7'),('WSS293','p7'),('WSS299','p7'),('WSS302','p7'),('WSS303','p7'),('WSS306','p7'),('WSS315','p7'),('WSS320','p7'),('WSS322','p7'),('WSS333','p7'),('WSS337','p7'),('WSS339','p7'),('WSS34','p7'),('WSS343','p7'),('WSS349','p7'),('WSS354','p7'),('WSS379','p7'),('WSS380','p7'),('WSS382','p7'),('WSS387','p7'),('WSS388','p7'),('WSS395','p7'),('WSS403','p7'),('WSS410','p7'),('WSS421','p7'),('WSS424','p7'),('WSS428','p7'),('WSS430','p7'),('WSS432','p7'),('WSS433','p7'),('WSS442','p7'),('WSS446','p7'),('WSS449','p7'),('WSS453','p7'),('WSS459','p7'),('WSS460','p7'),('WSS461','p7'),('WSS471','p7'),('WSS480','p7'),('WSS483','p7'),('WSS484','p7'),('WSS492','p7'),('WSS506','p7'),('WSS523','p7'),('WSS524','p7'),('WSS53','p7'),('WSS532','p7'),('WSS534','p7'),('WSS538','p7'),('WSS54','p7'),('WSS547','p7'),('WSS556','p7'),('WSS559','p7'),('WSS563','p7'),('WSS574','p7'),('WSS595','p7'),('WSS598','p7'),('WSS600','p7'),('WSS615','p7'),('WSS618','p7'),('WSS622','p7'),('WSS628','p7'),('WSS629','p7'),('WSS630','p7'),('WSS638','p7'),('WSS642','p7'),('WSS644','p7'),('WSS655','p7'),('WSS658','p7'),('WSS66','p7'),('WSS662','p7'),('WSS668','p7'),('WSS67','p7'),('WSS671','p7'),('WSS674','p7'),('WSS680','p7'),('WSS689','p7'),('WSS69','p7'),('WSS693','p7'),('WSS695','p7'),('WSS696','p7'),('WSS699','p7'),('WSS7','p7'),('WSS75','p7'),('WSS76','p7'),('WSS80','p7'),('WSS9','p7'),('WSS98','p7'),('WSS102','p8'),('WSS105','p8'),('WSS108','p8'),('WSS122','p8'),('WSS128','p8'),('WSS133','p8'),('WSS140','p8'),('WSS143','p8'),('WSS149','p8'),('WSS151','p8'),('WSS159','p8'),('WSS161','p8'),('WSS162','p8'),('WSS176','p8'),('WSS18','p8'),('WSS180','p8'),('WSS19','p8'),('WSS20','p8'),('WSS200','p8'),('WSS201','p8'),('WSS22','p8'),('WSS226','p8'),('WSS227','p8'),('WSS232','p8'),('WSS233','p8'),('WSS237','p8'),('WSS241','p8'),('WSS243','p8'),('WSS244','p8'),('WSS245','p8'),('WSS256','p8'),('WSS264','p8'),('WSS268','p8'),('WSS279','p8'),('WSS28','p8'),('WSS281','p8'),('WSS289','p8'),('WSS298','p8'),('WSS299','p8'),('WSS308','p8'),('WSS345','p8'),('WSS346','p8'),('WSS358','p8'),('WSS359','p8'),('WSS368','p8'),('WSS37','p8'),('WSS371','p8'),('WSS372','p8'),('WSS374','p8'),('WSS376','p8'),('WSS392','p8'),('WSS399','p8'),('WSS409','p8'),('WSS415','p8'),('WSS418','p8'),('WSS42','p8'),('WSS422','p8'),('WSS430','p8'),('WSS431','p8'),('WSS441','p8'),('WSS442','p8'),('WSS443','p8'),('WSS452','p8'),('WSS456','p8'),('WSS464','p8'),('WSS475','p8'),('WSS49','p8'),('WSS491','p8'),('WSS493','p8'),('WSS501','p8'),('WSS507','p8'),('WSS51','p8'),('WSS511','p8'),('WSS521','p8'),('WSS525','p8'),('WSS529','p8'),('WSS530','p8'),('WSS539','p8'),('WSS54','p8'),('WSS545','p8'),('WSS549','p8'),('WSS550','p8'),('WSS552','p8'),('WSS556','p8'),('WSS558','p8'),('WSS56','p8'),('WSS565','p8'),('WSS578','p8'),('WSS580','p8'),('WSS581','p8'),('WSS584','p8'),('WSS588','p8'),('WSS59','p8'),('WSS595','p8'),('WSS602','p8'),('WSS603','p8'),('WSS604','p8'),('WSS606','p8'),('WSS612','p8'),('WSS619','p8'),('WSS622','p8'),('WSS634','p8'),('WSS637','p8'),('WSS639','p8'),('WSS64','p8'),('WSS65','p8'),('WSS653','p8'),('WSS655','p8'),('WSS664','p8'),('WSS666','p8'),('WSS668','p8'),('WSS669','p8'),('WSS673','p8'),('WSS677','p8'),('WSS683','p8'),('WSS685','p8'),('WSS688','p8'),('WSS692','p8'),('WSS697','p8'),('WSS698','p8'),('WSS8','p8'),('WSS80','p8'),('WSS81','p8'),('WSS88','p8'),('WSS94','p8'),('WSS103','p9'),('WSS106','p9'),('WSS114','p9'),('WSS126','p9'),('WSS141','p9'),('WSS142','p9'),('WSS143','p9'),('WSS15','p9'),('WSS151','p9'),('WSS152','p9'),('WSS155','p9'),('WSS157','p9'),('WSS165','p9'),('WSS166','p9'),('WSS19','p9'),('WSS196','p9'),('WSS197','p9'),('WSS2','p9'),('WSS20','p9'),('WSS203','p9'),('WSS208','p9'),('WSS214','p9'),('WSS226','p9'),('WSS228','p9'),('WSS234','p9'),('WSS235','p9'),('WSS242','p9'),('WSS248','p9'),('WSS250','p9'),('WSS253','p9'),('WSS257','p9'),('WSS261','p9'),('WSS265','p9'),('WSS272','p9'),('WSS277','p9'),('WSS280','p9'),('WSS283','p9'),('WSS284','p9'),('WSS288','p9'),('WSS290','p9'),('WSS292','p9'),('WSS30','p9'),('WSS309','p9'),('WSS313','p9'),('WSS318','p9'),('WSS319','p9'),('WSS328','p9'),('WSS329','p9'),('WSS338','p9'),('WSS34','p9'),('WSS347','p9'),('WSS35','p9'),('WSS362','p9'),('WSS366','p9'),('WSS370','p9'),('WSS377','p9'),('WSS378','p9'),('WSS379','p9'),('WSS388','p9'),('WSS390','p9'),('WSS391','p9'),('WSS398','p9'),('WSS405','p9'),('WSS408','p9'),('WSS41','p9'),('WSS410','p9'),('WSS413','p9'),('WSS416','p9'),('WSS421','p9'),('WSS428','p9'),('WSS435','p9'),('WSS440','p9'),('WSS441','p9'),('WSS447','p9'),('WSS454','p9'),('WSS455','p9'),('WSS462','p9'),('WSS477','p9'),('WSS478','p9'),('WSS48','p9'),('WSS480','p9'),('WSS482','p9'),('WSS489','p9'),('WSS500','p9'),('WSS51','p9'),('WSS520','p9'),('WSS521','p9'),('WSS524','p9'),('WSS531','p9'),('WSS533','p9'),('WSS535','p9'),('WSS536','p9'),('WSS544','p9'),('WSS547','p9'),('WSS55','p9'),('WSS563','p9'),('WSS570','p9'),('WSS573','p9'),('WSS577','p9'),('WSS578','p9'),('WSS580','p9'),('WSS6','p9'),('WSS605','p9'),('WSS606','p9'),('WSS61','p9'),('WSS611','p9'),('WSS612','p9'),('WSS615','p9'),('WSS624','p9'),('WSS625','p9'),('WSS627','p9'),('WSS63','p9'),('WSS637','p9'),('WSS638','p9'),('WSS641','p9'),('WSS657','p9'),('WSS664','p9'),('WSS668','p9'),('WSS669','p9'),('WSS680','p9'),('WSS690','p9'),('WSS693','p9'),('WSS694','p9'),('WSS7','p9'),('WSS70','p9'),('WSS97','p9'),('WSS99','p9');
/*!40000 ALTER TABLE `outputparameter` ENABLE KEYS */;
UNLOCK TABLES;

--
-- Table structure for table `parameterhierarchy`
--

DROP TABLE IF EXISTS `parameterhierarchy`;
/*!40101 SET @saved_cs_client     = @@character_set_client */;
/*!50503 SET character_set_client = utf8mb4 */;
CREATE TABLE `parameterhierarchy` (
  `parentParameterID` varchar(10) NOT NULL,
  `childParameterID` varchar(10) NOT NULL,
  PRIMARY KEY (`parentParameterID`,`childParameterID`)
) ENGINE=InnoDB DEFAULT CHARSET=latin1;
/*!40101 SET character_set_client = @saved_cs_client */;

--
-- Dumping data for table `parameterhierarchy`
--

LOCK TABLES `parameterhierarchy` WRITE;
/*!40000 ALTER TABLE `parameterhierarchy` DISABLE KEYS */;
/*!40000 ALTER TABLE `parameterhierarchy` ENABLE KEYS */;
UNLOCK TABLES;

--
-- Table structure for table `parameterlist`
--

DROP TABLE IF EXISTS `parameterlist`;
/*!40101 SET @saved_cs_client     = @@character_set_client */;
/*!50503 SET character_set_client = utf8mb4 */;
CREATE TABLE `parameterlist` (
  `parameterID` varchar(10) NOT NULL,
  `parameterName` varchar(100) DEFAULT NULL,
  PRIMARY KEY (`parameterID`)
) ENGINE=InnoDB DEFAULT CHARSET=latin1;
/*!40101 SET character_set_client = @saved_cs_client */;

--
-- Dumping data for table `parameterlist`
--

LOCK TABLES `parameterlist` WRITE;
/*!40000 ALTER TABLE `parameterlist` DISABLE KEYS */;
INSERT INTO `parameterlist` VALUES ('p1','p1name'),('p10','p10name'),('p11','p11name'),('p12','p12name'),('p13','p13name'),('p14','p14name'),('p15','p15name'),('p16','p16name'),('p17','p17name'),('p18','p18name'),('p19','p19name'),('p2','p2name'),('p20','p20name'),('p21','p21name'),('p22','p22name'),('p23','p23name'),('p24','p24name'),('p25','p25name'),('p26','p26name'),('p27','p27name'),('p28','p28name'),('p29','p29name'),('p3','p3name'),('p30','p30name'),('p4','p4name'),('p5','p5name'),('p6','p6name'),('p7','p7name'),('p8','p8name'),('p9','p9name');
/*!40000 ALTER TABLE `parameterlist` ENABLE KEYS */;
UNLOCK TABLES;

--
-- Table structure for table `result`
--

DROP TABLE IF EXISTS `result`;
/*!40101 SET @saved_cs_client     = @@character_set_client */;
/*!50503 SET character_set_client = utf8mb4 */;
CREATE TABLE `result` (
  `transactionID` bigint NOT NULL,
  `stage` int NOT NULL,
  `webServiceID` varchar(10) NOT NULL,
  PRIMARY KEY (`transactionID`,`stage`,`webServiceID`)
) ENGINE=InnoDB DEFAULT CHARSET=latin1;
/*!40101 SET character_set_client = @saved_cs_client */;

--
-- Dumping data for table `result`
--

LOCK TABLES `result` WRITE;
/*!40000 ALTER TABLE `result` DISABLE KEYS */;
INSERT INTO `result` VALUES (1,1,'WSS319'),(1,2,'WSS35'),(2,1,'WSS210'),(2,2,'WSS295'),(2,3,'WSS411'),(3,1,'WSS556'),(3,2,'WSS280'),(4,1,'WSS554'),(4,2,'WSS588'),(5,1,'WSS97'),(5,2,'WSS649'),(6,1,'WSS572'),(6,2,'WSS291'),(7,1,'WSS65'),(7,2,'WSS415'),(8,1,'WSS258'),(8,2,'WSS311'),(9,1,'WSS222'),(9,2,'WSS90'),(9,3,'WSS25'),(10,1,'WSS175'),(10,2,'WSS259'),(11,1,'WSS234'),(11,2,'WSS290'),(11,3,'WSS280'),(12,1,'WSS495'),(12,2,'WSS52'),(13,1,'WSS384'),(13,2,'WSS262'),(14,1,'WSS386'),(14,2,'WSS216'),(15,1,'WSS358'),(15,2,'WSS326'),(16,1,'WSS39'),(16,2,'WSS260'),(16,3,'WSS227'),(17,1,'WSS288'),(17,2,'WSS291'),(17,3,'WSS284'),(18,1,'WSS288'),(18,2,'WSS86'),(18,3,'WSS289'),(19,1,'WSS281'),(19,2,'WSS224'),(20,1,'WSS223'),(20,1,'WSS63'),(21,1,'WSS392'),(21,2,'WSS625'),(22,1,'WSS476'),(22,2,'WSS208'),(23,1,'WSS47'),(23,2,'WSS588'),(23,3,'WSS91'),(24,1,'WSS284'),(24,2,'WSS285'),(24,3,'WSS299'),(25,1,'WSS122'),(25,1,'WSS170'),(26,1,'WSS124'),(26,2,'WSS258'),(27,1,'WSS514'),(27,2,'WSS234'),(28,1,'WSS266'),(28,2,'WSS404'),(28,3,'WSS95'),(29,1,'WSS583'),(29,2,'WSS668'),(30,1,'WSS41'),(30,2,'WSS589'),(1031,1,'ICP006'),(1031,1,'ICP110'),(1031,1,'ICP311'),(1031,2,'ICP500'),(1035,1,'ICP386'),(1035,2,'ICP466'),(1133,1,'ICP103'),(1133,2,'ICP341'),(1133,3,'ICP395'),(1136,1,'ICP110'),(1136,2,'ICP710'),(1141,1,'ICP311'),(1141,2,'ICP422'),(1288,1,'ICP001'),(1288,2,'ICP110'),(1291,1,'ICP110'),(1291,2,'ICP720'),(1293,1,'ICP110'),(1293,1,'ICP311'),(1293,2,'ICP500'),(1296,1,'ICP006'),(1296,1,'ICP103'),(1296,1,'ICP110'),(1296,1,'ICP311'),(1296,1,'ICP313'),(1296,2,'ICP341'),(1296,2,'ICP500'),(1296,3,'ICP395'),(1325,1,'ICP110'),(1325,2,'ICP680'),(1355,1,'ICP110'),(1355,2,'ICP469'),(1406,1,'ICP110'),(1435,1,'ICP006'),(1435,1,'ICP110'),(1435,1,'ICP311'),(1435,2,'ICP500'),(1509,1,'ICP001'),(1509,1,'ICP006'),(1509,2,'ICP002'),(1509,2,'ICP110'),(1509,3,'ICP311'),(1509,4,'ICP500'),(1572,1,'ICP103'),(1572,1,'ICP110'),(1572,1,'ICP386'),(1572,2,'ICP341'),(1572,2,'ICP395'),(1572,2,'ICP466'),(1572,2,'ICP620'),(1572,2,'ICP720'),(1572,3,'ICP445'),(1583,1,'ICP386'),(1583,2,'ICP466'),(1607,1,'ICP301'),(1607,1,'ICP341'),(1607,1,'ICP386'),(1607,2,'ICP481'),(1620,1,'ICP006'),(1620,1,'ICP110'),(1620,1,'ICP311'),(1620,2,'ICP500'),(1646,1,'ICP006'),(1646,1,'ICP110'),(1646,1,'ICP311'),(1646,2,'ICP469'),(1646,2,'ICP500'),(1733,1,'ICP311'),(1733,2,'ICP422'),(1797,1,'ICP386'),(1797,2,'ICP466'),(1851,1,'ICP003'),(1851,1,'ICP311'),(1851,2,'ICP313'),(1851,3,'ICP486'),(1981,1,'ICP110'),(1981,1,'ICP311'),(1981,2,'ICP500'),(2015,1,'ICP006'),(2015,1,'ICP110'),(2015,1,'ICP311'),(2015,2,'ICP500'),(2026,1,'ICP386'),(2026,2,'ICP466'),(2114,1,'ICP341'),(2114,2,'ICP395'),(2114,3,'ICP445'),(2280,1,'ICP103'),(2280,1,'ICP386'),(2280,2,'ICP341'),(2280,2,'ICP395'),(2280,2,'ICP466'),(2280,3,'ICP495'),(2317,1,'ICP313'),(2317,1,'ICP341'),(2317,1,'ICP680'),(2317,2,'ICP395'),(2317,3,'ICP445'),(2474,1,'ICP003'),(2474,1,'ICP311'),(2474,2,'ICP313'),(2474,3,'ICP486'),(2565,1,'ICP313'),(2565,1,'ICP341'),(2565,2,'ICP395'),(2565,3,'ICP445'),(2598,1,'ICP006'),(2598,1,'ICP110'),(2598,1,'ICP311'),(2598,1,'ICP313'),(2598,1,'ICP331'),(2598,2,'ICP500'),(2610,1,'ICP003'),(2610,1,'ICP311'),(2610,2,'ICP313'),(2610,3,'ICP486'),(2659,1,'ICP006'),(2659,1,'ICP110'),(2659,1,'ICP311'),(2659,2,'ICP469'),(2659,2,'ICP500'),(2675,1,'ICP386'),(2675,2,'ICP466'),(2711,1,'ICP103'),(2711,1,'ICP386'),(2711,2,'ICP341'),(2711,3,'ICP481'),(2779,1,'ICP003'),(2779,1,'ICP311'),(2779,2,'ICP313'),(2779,3,'ICP486'),(2985,1,'ICP103'),(3021,1,'ICP006'),(3021,1,'ICP110'),(3021,1,'ICP302'),(3021,2,'ICP500'),(3075,1,'ICP006'),(3075,1,'ICP110'),(3075,1,'ICP311'),(3075,2,'ICP500'),(3226,1,'ICP110'),(3226,2,'ICP818'),(3286,1,'ICP006'),(3286,1,'ICP110'),(3286,1,'ICP311'),(3286,2,'ICP500'),(3357,1,'ICP006'),(3357,1,'ICP110'),(3357,1,'ICP311'),(3357,2,'ICP500'),(3667,1,'ICP103'),(3667,1,'ICP301'),(3667,1,'ICP386'),(3667,2,'ICP341'),(3667,3,'ICP481'),(3668,1,'ICP103'),(3668,1,'ICP301'),(3668,1,'ICP386'),(3668,2,'ICP341'),(3668,3,'ICP481'),(3705,1,'ICP103'),(3705,1,'ICP301'),(3705,1,'ICP386'),(3705,2,'ICP341'),(3705,3,'ICP481'),(3718,1,'ICP001'),(3718,2,'ICP002'),(3718,2,'ICP110'),(3718,3,'ICP311'),(3718,4,'ICP819'),(3877,1,'ICP386'),(3948,1,'ICP006'),(3948,1,'ICP110'),(3948,1,'ICP311'),(3948,2,'ICP500'),(3969,1,'ICP301'),(3969,1,'ICP341'),(3969,1,'ICP386'),(3969,2,'ICP481'),(3971,1,'ICP386'),(3971,2,'ICP466'),(4112,1,'ICP006'),(4112,1,'ICP110'),(4112,1,'ICP311'),(4112,2,'ICP469'),(4112,2,'ICP500'),(4178,1,'ICP002'),(4178,1,'ICP110'),(4178,2,'ICP311'),(4178,3,'ICP819'),(4281,1,'ICP110'),(4281,2,'ICP469'),(4296,1,'ICP006'),(4296,1,'ICP110'),(4296,1,'ICP311'),(4296,2,'ICP469'),(4296,2,'ICP500'),(4375,1,'ICP003'),(4375,1,'ICP311'),(4375,2,'ICP313'),(4375,3,'ICP486'),(4589,1,'ICP006'),(4589,1,'ICP110'),(4589,1,'ICP311'),(4589,2,'ICP469'),(4589,2,'ICP500'),(4607,1,'ICP006'),(4607,1,'ICP110'),(4607,1,'ICP302'),(4607,2,'ICP500'),(4747,1,'ICP311'),(4747,1,'ICP313'),(4747,2,'ICP486'),(4775,1,'ICP110'),(4775,2,'ICP500'),(4934,1,'ICP103'),(4934,2,'ICP341'),(4978,1,'ICP103'),(4980,1,'ICP006'),(4980,1,'ICP110'),(4980,1,'ICP311'),(4980,2,'ICP469'),(4980,2,'ICP500'),(4980,2,'ICP720'),(4980,3,'ICP740'),(5049,1,'ICP006'),(5049,1,'ICP110'),(5049,1,'ICP311'),(5049,2,'ICP500'),(5417,1,'ICP301'),(5417,1,'ICP341'),(5417,1,'ICP386'),(5417,2,'ICP481'),(5448,1,'ICP386'),(5448,2,'ICP466'),(5450,1,'ICP103'),(5450,1,'ICP110'),(5450,1,'ICP386'),(5450,1,'ICP817'),(5450,2,'ICP341'),(5450,2,'ICP395'),(5450,2,'ICP466'),(5450,2,'ICP620'),(5450,2,'ICP720'),(5450,3,'ICP445'),(5450,3,'ICP815'),(5461,1,'ICP002'),(5461,1,'ICP006'),(5461,1,'ICP110'),(5461,1,'ICP302'),(5461,2,'ICP500'),(5461,2,'ICP720'),(5461,3,'ICP740'),(5472,1,'ICP110'),(5472,2,'ICP818'),(5497,1,'ICP103'),(5497,2,'ICP341'),(5569,1,'ICP386'),(5569,2,'ICP466'),(5571,1,'ICP103'),(5571,2,'ICP810'),(5757,1,'ICP386'),(5757,2,'ICP466'),(5779,1,'ICP006'),(5779,1,'ICP110'),(5779,1,'ICP302'),(5779,2,'ICP500'),(5814,1,'ICP006'),(5814,1,'ICP110'),(5814,1,'ICP311'),(5814,2,'ICP500'),(5897,1,'ICP110'),(5897,2,'ICP710'),(5966,1,'ICP103'),(5966,1,'ICP301'),(5966,1,'ICP386'),(5966,2,'ICP341'),(5966,3,'ICP481'),(6032,1,'ICP386'),(6032,2,'ICP466'),(6279,1,'ICP006'),(6279,1,'ICP110'),(6279,1,'ICP311'),(6279,2,'ICP469'),(6279,2,'ICP500'),(6294,1,'ICP006'),(6294,1,'ICP110'),(6294,1,'ICP311'),(6294,2,'ICP500'),(6325,1,'ICP002'),(6325,2,'ICP003'),(6363,1,'ICP006'),(6363,1,'ICP110'),(6363,1,'ICP311'),(6363,2,'ICP469'),(6363,2,'ICP500'),(6437,1,'ICP103'),(6437,1,'ICP301'),(6437,1,'ICP386'),(6437,2,'ICP341'),(6437,3,'ICP481'),(6533,1,'ICP006'),(6533,1,'ICP110'),(6533,1,'ICP311'),(6533,2,'ICP469'),(6533,2,'ICP500'),(6574,1,'ICP002'),(6574,1,'ICP110'),(6574,2,'ICP311'),(6574,3,'ICP819'),(6604,1,'ICP103'),(6604,1,'ICP386'),(6604,2,'ICP341'),(6604,3,'ICP481'),(6679,1,'ICP003'),(6679,1,'ICP311'),(6679,2,'ICP313'),(6679,3,'ICP486'),(6692,1,'ICP103'),(6692,1,'ICP386'),(6692,1,'ICP465'),(6692,2,'ICP341'),(6692,3,'ICP481'),(6874,1,'ICP467'),(6898,1,'ICP103'),(6898,1,'ICP386'),(6898,2,'ICP341'),(6898,3,'ICP481'),(6922,1,'ICP313'),(6922,1,'ICP341'),(6922,2,'ICP395'),(6974,1,'ICP110'),(6974,2,'ICP469'),(7056,1,'ICP006'),(7056,1,'ICP110'),(7056,1,'ICP311'),(7056,1,'ICP341'),(7056,2,'ICP395'),(7056,2,'ICP500'),(7056,2,'ICP720'),(7056,3,'ICP445'),(7056,3,'ICP740'),(7107,1,'ICP311'),(7107,1,'ICP313'),(7107,2,'ICP486'),(7159,1,'ICP311'),(7159,2,'ICP422'),(7196,1,'ICP103'),(7196,2,'ICP341'),(7196,2,'ICP395'),(7196,3,'ICP495'),(7227,1,'ICP103'),(7227,1,'ICP110'),(7227,1,'ICP301'),(7227,1,'ICP311'),(7227,1,'ICP386'),(7227,2,'ICP341'),(7227,2,'ICP500'),(7227,3,'ICP481'),(7297,1,'ICP386'),(7297,2,'ICP466'),(7326,1,'ICP006'),(7326,1,'ICP110'),(7326,1,'ICP311'),(7326,2,'ICP500'),(7398,1,'ICP002'),(7398,1,'ICP006'),(7398,1,'ICP103'),(7398,1,'ICP110'),(7398,2,'ICP311'),(7398,2,'ICP720'),(7398,2,'ICP810'),(7398,3,'ICP500'),(7398,3,'ICP819'),(7398,4,'ICP740'),(7420,1,'ICP006'),(7420,1,'ICP311'),(7420,2,'ICP500'),(7484,1,'ICP006'),(7484,1,'ICP110'),(7484,1,'ICP311'),(7484,2,'ICP469'),(7484,2,'ICP500'),(7515,1,'ICP006'),(7515,1,'ICP110'),(7515,1,'ICP311'),(7515,2,'ICP469'),(7515,2,'ICP500'),(7593,1,'ICP301'),(7593,1,'ICP341'),(7593,1,'ICP386'),(7593,2,'ICP481'),(7645,1,'ICP001'),(7645,1,'ICP006'),(7645,2,'ICP002'),(7645,2,'ICP110'),(7645,3,'ICP311'),(7645,4,'ICP500'),(7720,1,'ICP006'),(7720,1,'ICP311'),(7720,1,'ICP720'),(7720,2,'ICP500'),(7720,3,'ICP740'),(7769,1,'ICP103'),(7769,2,'ICP341'),(7797,1,'ICP006'),(7797,1,'ICP110'),(7797,1,'ICP302'),(7797,2,'ICP500'),(7797,2,'ICP720'),(7817,1,'ICP006'),(7817,1,'ICP311'),(7817,2,'ICP500'),(7821,1,'ICP006'),(7821,1,'ICP110'),(7821,1,'ICP311'),(7821,2,'ICP500'),(7831,1,'ICP006'),(7831,1,'ICP311'),(7831,2,'ICP500'),(7832,1,'ICP006'),(7832,1,'ICP110'),(7832,1,'ICP311'),(7832,2,'ICP500'),(8030,1,'ICP386'),(8030,2,'ICP466'),(8062,1,'ICP006'),(8062,1,'ICP110'),(8062,1,'ICP311'),(8062,2,'ICP500'),(8155,1,'ICP006'),(8155,1,'ICP110'),(8155,1,'ICP311'),(8155,2,'ICP469'),(8155,2,'ICP500'),(8306,1,'ICP006'),(8306,1,'ICP110'),(8306,1,'ICP311'),(8306,2,'ICP500'),(8509,1,'ICP467'),(8527,1,'ICP110'),(8527,2,'ICP500'),(8628,1,'ICP103'),(8628,1,'ICP301'),(8628,1,'ICP386'),(8628,2,'ICP341'),(8628,3,'ICP481'),(8647,1,'ICP103'),(8647,2,'ICP341'),(8688,1,'ICP103'),(8688,1,'ICP301'),(8688,1,'ICP386'),(8688,2,'ICP341'),(8688,3,'ICP481'),(8877,1,'ICP386'),(8877,2,'ICP466'),(8889,1,'ICP110'),(8889,2,'ICP620'),(8941,1,'ICP103'),(8941,2,'ICP341'),(8941,2,'ICP395'),(8941,3,'ICP495'),(8952,1,'ICP103'),(8952,1,'ICP386'),(8952,2,'ICP341'),(8952,3,'ICP481'),(8959,1,'ICP103'),(8959,2,'ICP341'),(9050,1,'ICP006'),(9050,1,'ICP110'),(9050,1,'ICP311'),(9050,2,'ICP500'),(9076,1,'ICP004'),(9076,2,'ICP005'),(9076,3,'ICP331'),(9117,1,'ICP110'),(9117,2,'ICP469'),(9185,1,'ICP341'),(9185,2,'ICP395'),(9185,3,'ICP445'),(9249,1,'ICP006'),(9249,1,'ICP110'),(9249,1,'ICP311'),(9249,2,'ICP500'),(9249,2,'ICP720'),(9306,1,'ICP006'),(9306,1,'ICP110'),(9306,1,'ICP302'),(9306,2,'ICP500'),(9325,1,'ICP386'),(9422,1,'ICP110'),(9422,2,'ICP469'),(9451,1,'ICP006'),(9451,1,'ICP110'),(9451,1,'ICP311'),(9451,1,'ICP341'),(9451,2,'ICP395'),(9451,2,'ICP500'),(9451,2,'ICP720'),(9451,3,'ICP445'),(9451,3,'ICP740'),(9524,1,'ICP001'),(9524,1,'ICP006'),(9524,2,'ICP002'),(9524,2,'ICP110'),(9524,3,'ICP311'),(9524,4,'ICP500'),(9784,1,'ICP110'),(9784,2,'ICP469'),(9797,1,'ICP103'),(9797,2,'ICP341'),(9812,1,'ICP311'),(9812,1,'ICP313'),(9812,2,'ICP486'),(9814,1,'ICP006'),(9814,1,'ICP110'),(9814,1,'ICP311'),(9814,2,'ICP500'),(9868,1,'ICP006'),(9868,1,'ICP110'),(9868,1,'ICP311'),(9868,2,'ICP500'),(9968,1,'ICP103'),(9968,1,'ICP301'),(9968,1,'ICP386'),(9968,2,'ICP341'),(9968,3,'ICP481'),(9978,1,'ICP311'),(9978,1,'ICP313'),(9978,2,'ICP486'),(111174351,1,'ICP001'),(111174351,2,'ICP002'),(111174351,3,'ICP003'),(111174351,3,'ICP311'),(111174351,4,'ICP313'),(111174351,5,'ICP486'),(112793854,1,'ICP006'),(112793854,1,'ICP110'),(112793854,1,'ICP311'),(112793854,2,'ICP500'),(125202274,1,'ICP001'),(125202274,1,'ICP103'),(125202274,2,'ICP301'),(125202274,2,'ICP341'),(125202274,2,'ICP386'),(125202274,3,'ICP481'),(137852438,1,'ICP006'),(137852438,1,'ICP110'),(137852438,1,'ICP311'),(137852438,2,'ICP500'),(141922012,1,'ICP002'),(141922012,2,'ICP003'),(141922012,2,'ICP311'),(141922012,3,'ICP313'),(141922012,4,'ICP486'),(164821430,1,'ICP001'),(164821430,2,'ICP002'),(164821430,3,'ICP003'),(164821430,3,'ICP311'),(164821430,4,'ICP313'),(164821430,5,'ICP486'),(166203121,1,'ICP001'),(166203121,1,'ICP006'),(166203121,1,'ICP200'),(166203121,2,'ICP002'),(166203121,2,'ICP110'),(166203121,2,'ICP720'),(166203121,3,'ICP311'),(166203121,4,'ICP500'),(166203121,4,'ICP819'),(166203121,5,'ICP740'),(178957047,1,'ICP110'),(178957047,2,'ICP469'),(192081592,1,'ICP006'),(192081592,1,'ICP200'),(192081592,1,'ICP311'),(192081592,2,'ICP500'),(192081592,2,'ICP720'),(192081592,3,'ICP740'),(196046272,1,'ICP002'),(196046272,1,'ICP006'),(196046272,1,'ICP110'),(196046272,2,'ICP311'),(196046272,2,'ICP469'),(196046272,3,'ICP500'),(222936116,1,'ICP006'),(222936116,1,'ICP200'),(222936116,1,'ICP311'),(222936116,2,'ICP500'),(222936116,2,'ICP720'),(222936116,2,'ICP819'),(222936116,3,'ICP740'),(258370250,1,'ICP006'),(258370250,1,'ICP200'),(258370250,1,'ICP311'),(258370250,2,'ICP500'),(258370250,2,'ICP720'),(258370250,2,'ICP818'),(258370250,2,'ICP819'),(258370250,3,'ICP740'),(285611992,1,'ICP006'),(285611992,1,'ICP110'),(285611992,1,'ICP200'),(285611992,1,'ICP311'),(285611992,2,'ICP500'),(285611992,2,'ICP720'),(285611992,3,'ICP740'),(287034437,1,'ICP006'),(287034437,1,'ICP200'),(287034437,1,'ICP311'),(287034437,2,'ICP500'),(287034437,2,'ICP720'),(287034437,2,'ICP819'),(287034437,3,'ICP740'),(291687847,1,'ICP006'),(291687847,1,'ICP200'),(291687847,1,'ICP311'),(291687847,2,'ICP500'),(291687847,2,'ICP720'),(291687847,2,'ICP819'),(291687847,3,'ICP740'),(292870227,1,'ICP001'),(292870227,1,'ICP006'),(292870227,1,'ICP720'),(292870227,2,'ICP002'),(292870227,2,'ICP110'),(292870227,3,'ICP311'),(292870227,4,'ICP500'),(292870227,5,'ICP740'),(316379525,1,'ICP110'),(316379525,1,'ICP311'),(316379525,2,'ICP361'),(316379525,3,'ICP461'),(324432052,1,'ICP001'),(324432052,2,'ICP002'),(324432052,3,'ICP003'),(324432052,3,'ICP311'),(324432052,4,'ICP313'),(324432052,5,'ICP486'),(348444351,1,'ICP311'),(348444351,1,'ICP313'),(348444351,2,'ICP486'),(356640298,1,'ICP469'),(356640298,1,'ICP818'),(356640298,2,'ICP660'),(362849335,1,'ICP006'),(362849335,1,'ICP200'),(362849335,1,'ICP311'),(362849335,2,'ICP500'),(362849335,2,'ICP720'),(362849335,2,'ICP818'),(362849335,3,'ICP740'),(370058038,1,'ICP006'),(370058038,1,'ICP110'),(370058038,1,'ICP311'),(370058038,2,'ICP469'),(370058038,2,'ICP500'),(410309476,1,'ICP001'),(410309476,1,'ICP006'),(410309476,1,'ICP200'),(410309476,2,'ICP002'),(410309476,2,'ICP720'),(410309476,3,'ICP311'),(410309476,4,'ICP500'),(410309476,4,'ICP819'),(410309476,5,'ICP740'),(411681300,1,'ICP006'),(411681300,1,'ICP200'),(411681300,1,'ICP311'),(411681300,2,'ICP500'),(411681300,2,'ICP720'),(411681300,2,'ICP819'),(411681300,3,'ICP740'),(413889315,1,'ICP002'),(413889315,2,'ICP003'),(413889315,2,'ICP311'),(413889315,3,'ICP313'),(413889315,4,'ICP486'),(435075950,1,'ICP002'),(435075950,1,'ICP006'),(435075950,1,'ICP110'),(435075950,1,'ICP720'),(435075950,2,'ICP311'),(435075950,3,'ICP500'),(435075950,4,'ICP740'),(442506203,1,'ICP006'),(442506203,1,'ICP110'),(442506203,1,'ICP311'),(442506203,2,'ICP469'),(442506203,2,'ICP500'),(448741355,1,'ICP001'),(448741355,2,'ICP002'),(448741355,3,'ICP003'),(448741355,3,'ICP311'),(448741355,4,'ICP313'),(448741355,5,'ICP486'),(452470039,1,'ICP006'),(452470039,1,'ICP110'),(452470039,1,'ICP311'),(452470039,2,'ICP500'),(495404878,1,'ICP006'),(495404878,1,'ICP110'),(495404878,1,'ICP200'),(495404878,1,'ICP302'),(495404878,2,'ICP500'),(495404878,2,'ICP720'),(495404878,3,'ICP740'),(496776246,1,'ICP103'),(496776246,2,'ICP341'),(496776246,3,'ICP403'),(497270695,1,'ICP001'),(497270695,1,'ICP103'),(497270695,2,'ICP301'),(497270695,2,'ICP341'),(497270695,2,'ICP386'),(497270695,3,'ICP481'),(506023024,1,'ICP680'),(516484914,1,'ICP006'),(516484914,1,'ICP200'),(516484914,1,'ICP311'),(516484914,2,'ICP500'),(516484914,2,'ICP720'),(516484914,3,'ICP740'),(524497078,1,'ICP006'),(524497078,1,'ICP200'),(524497078,1,'ICP311'),(524497078,2,'ICP500'),(524497078,2,'ICP720'),(524497078,2,'ICP819'),(524497078,3,'ICP740'),(532135187,1,'ICP200'),(532135187,2,'ICP720'),(532135187,3,'ICP811'),(532135187,4,'ICP813'),(561361210,1,'ICP006'),(561361210,1,'ICP200'),(561361210,1,'ICP311'),(561361210,2,'ICP500'),(561361210,2,'ICP720'),(561361210,2,'ICP819'),(561361210,3,'ICP740'),(578460210,1,'ICP110'),(578460210,2,'ICP469'),(601145152,1,'ICP006'),(601145152,1,'ICP200'),(601145152,1,'ICP311'),(601145152,2,'ICP500'),(601145152,2,'ICP720'),(601145152,2,'ICP819'),(601145152,3,'ICP740'),(630767823,1,'ICP006'),(630767823,1,'ICP200'),(630767823,1,'ICP311'),(630767823,2,'ICP500'),(630767823,2,'ICP720'),(630767823,2,'ICP819'),(630767823,3,'ICP740'),(658685554,1,'ICP006'),(658685554,1,'ICP200'),(658685554,1,'ICP311'),(658685554,2,'ICP500'),(658685554,2,'ICP720'),(658685554,3,'ICP740'),(659691843,1,'ICP006'),(659691843,1,'ICP200'),(659691843,1,'ICP311'),(659691843,2,'ICP500'),(659691843,2,'ICP720'),(659691843,3,'ICP740'),(664758087,1,'ICP006'),(664758087,1,'ICP200'),(664758087,1,'ICP311'),(664758087,2,'ICP500'),(664758087,2,'ICP720'),(664758087,2,'ICP819'),(664758087,3,'ICP740'),(669457938,1,'ICP006'),(669457938,1,'ICP200'),(669457938,1,'ICP311'),(669457938,2,'ICP500'),(669457938,2,'ICP720'),(669457938,3,'ICP740'),(683869712,1,'ICP006'),(683869712,1,'ICP200'),(683869712,1,'ICP311'),(683869712,2,'ICP500'),(683869712,2,'ICP720'),(683869712,2,'ICP819'),(683869712,3,'ICP740'),(716407017,1,'ICP006'),(716407017,1,'ICP110'),(716407017,1,'ICP311'),(716407017,1,'ICP720'),(716407017,2,'ICP500'),(716407017,2,'ICP811'),(716407017,3,'ICP813'),(726508464,1,'ICP006'),(726508464,1,'ICP110'),(726508464,1,'ICP311'),(726508464,2,'ICP469'),(726508464,2,'ICP500'),(739074091,1,'ICP006'),(739074091,1,'ICP200'),(739074091,1,'ICP311'),(739074091,2,'ICP500'),(739074091,2,'ICP720'),(739074091,3,'ICP740'),(739546796,1,'ICP006'),(739546796,1,'ICP200'),(739546796,1,'ICP311'),(739546796,2,'ICP500'),(739546796,2,'ICP720'),(739546796,3,'ICP740'),(742695516,1,'ICP001'),(742695516,2,'ICP110'),(742695516,2,'ICP302'),(742695516,3,'ICP500'),(749479466,1,'ICP103'),(749479466,1,'ICP301'),(749479466,1,'ICP386'),(749479466,2,'ICP341'),(749479466,3,'ICP481'),(759784803,1,'ICP001'),(759784803,1,'ICP006'),(759784803,2,'ICP110'),(759784803,2,'ICP302'),(759784803,3,'ICP500'),(784019298,1,'ICP001'),(784019298,1,'ICP103'),(784019298,2,'ICP301'),(784019298,2,'ICP341'),(784019298,2,'ICP386'),(784019298,3,'ICP481'),(809869431,1,'ICP006'),(809869431,1,'ICP110'),(809869431,1,'ICP311'),(809869431,2,'ICP500'),(833064024,1,'ICP001'),(833064024,1,'ICP006'),(833064024,1,'ICP720'),(833064024,2,'ICP002'),(833064024,2,'ICP110'),(833064024,3,'ICP311'),(833064024,4,'ICP500'),(833064024,5,'ICP740'),(882961008,1,'ICP006'),(882961008,1,'ICP110'),(882961008,1,'ICP311'),(882961008,2,'ICP500'),(916025637,1,'ICP001'),(916025637,2,'ICP110'),(916025637,3,'ICP469'),(960676621,1,'ICP006'),(960676621,1,'ICP200'),(960676621,1,'ICP311'),(960676621,2,'ICP500'),(960676621,2,'ICP720'),(960676621,3,'ICP740'),(971245096,1,'ICP006'),(971245096,1,'ICP110'),(971245096,1,'ICP311'),(971245096,2,'ICP469'),(971245096,2,'ICP500');
/*!40000 ALTER TABLE `result` ENABLE KEYS */;
UNLOCK TABLES;

--
-- Table structure for table `rhs`
--

DROP TABLE IF EXISTS `rhs`;
/*!40101 SET @saved_cs_client     = @@character_set_client */;
/*!50503 SET character_set_client = utf8mb4 */;
CREATE TABLE `rhs` (
  `ruleid` int NOT NULL,
  `courseid` varchar(10) NOT NULL,
  PRIMARY KEY (`ruleid`,`courseid`)
) ENGINE=InnoDB DEFAULT CHARSET=latin1;
/*!40101 SET character_set_client = @saved_cs_client */;

--
-- Dumping data for table `rhs`
--

LOCK TABLES `rhs` WRITE;
/*!40000 ALTER TABLE `rhs` DISABLE KEYS */;
INSERT INTO `rhs` VALUES (1,'ICP110'),(2,'ICP311'),(3,'ICP500'),(4,'ICP311'),(5,'ICP500'),(6,'ICP500'),(7,'ICP311'),(8,'ICP500'),(9,'ICP500'),(10,'ICP500'),(11,'ICP500');
/*!40000 ALTER TABLE `rhs` ENABLE KEYS */;
UNLOCK TABLES;

--
-- Table structure for table `ruleinfo`
--

DROP TABLE IF EXISTS `ruleinfo`;
/*!40101 SET @saved_cs_client     = @@character_set_client */;
/*!50503 SET character_set_client = utf8mb4 */;
CREATE TABLE `ruleinfo` (
  `ruleid` int NOT NULL,
  `support` float DEFAULT NULL,
  `confidence` float DEFAULT NULL,
  `lift` float DEFAULT NULL,
  `count` int DEFAULT NULL,
  PRIMARY KEY (`ruleid`)
) ENGINE=InnoDB DEFAULT CHARSET=latin1;
/*!40101 SET character_set_client = @saved_cs_client */;

--
-- Dumping data for table `ruleinfo`
--

LOCK TABLES `ruleinfo` WRITE;
/*!40000 ALTER TABLE `ruleinfo` DISABLE KEYS */;
INSERT INTO `ruleinfo` VALUES (1,0.2,0.719101,1.53765,3),(2,0.2,0.910112,1.69382,3),(3,0.2,1,2.11579,3),(4,0.2,0.670213,1.24734,3),(5,0.2,0.744681,1.57559,3),(6,0.2,0.777778,1.64561,3),(7,0.2,0.875,1.62847,3),(8,0.2,1,2.11579,3),(9,0.2,1,2.11579,3),(10,0.2,0.936508,1.98145,3),(11,0.2,1,2.11579,3);
/*!40000 ALTER TABLE `ruleinfo` ENABLE KEYS */;
UNLOCK TABLES;

--
-- Table structure for table `webservicelist`
--

DROP TABLE IF EXISTS `webservicelist`;
/*!40101 SET @saved_cs_client     = @@character_set_client */;
/*!50503 SET character_set_client = utf8mb4 */;
CREATE TABLE `webservicelist` (
  `webServiceID` varchar(10) NOT NULL,
  `webServiceName` varchar(100) DEFAULT NULL,
  `reputation` float DEFAULT NULL,
  `price` float DEFAULT NULL,
  `duration` int DEFAULT NULL,
  `provider` varchar(50) DEFAULT NULL,
  `url` varchar(100) DEFAULT NULL,
  PRIMARY KEY (`webServiceID`)
) ENGINE=InnoDB DEFAULT CHARSET=latin1;
/*!40101 SET character_set_client = @saved_cs_client */;

--
-- Dumping data for table `webservicelist`
--

LOCK TABLES `webservicelist` WRITE;
/*!40000 ALTER TABLE `webservicelist` DISABLE KEYS */;
INSERT INTO `webservicelist` VALUES ('WSS1','WSS1Name',3,1,3,'serviceprovider','https://serviceprovider.com'),('WSS10','WSS10Name',3,1,3,'serviceprovider','https://serviceprovider.com'),('WSS100','WSS100Name',3,1,3,'serviceprovider','https://serviceprovider.com'),('WSS101','WSS101Name',3,1,3,'serviceprovider','https://serviceprovider.com'),('WSS102','WSS102Name',3,1,3,'serviceprovider','https://serviceprovider.com'),('WSS103','WSS103Name',3,1,3,'serviceprovider','https://serviceprovider.com'),('WSS104','WSS104Name',3,1,3,'serviceprovider','https://serviceprovider.com'),('WSS105','WSS105Name',3,1,3,'serviceprovider','https://serviceprovider.com'),('WSS106','WSS106Name',3,1,3,'serviceprovider','https://serviceprovider.com'),('WSS107','WSS107Name',3,1,3,'serviceprovider','https://serviceprovider.com'),('WSS108','WSS108Name',3,1,3,'serviceprovider','https://serviceprovider.com'),('WSS109','WSS109Name',3,1,3,'serviceprovider','https://serviceprovider.com'),('WSS11','WSS11Name',3,1,3,'serviceprovider','https://serviceprovider.com'),('WSS110','WSS110Name',3,1,3,'serviceprovider','https://serviceprovider.com'),('WSS111','WSS111Name',3,1,3,'serviceprovider','https://serviceprovider.com'),('WSS112','WSS112Name',3,1,3,'serviceprovider','https://serviceprovider.com'),('WSS113','WSS113Name',3,1,3,'serviceprovider','https://serviceprovider.com'),('WSS114','WSS114Name',3,1,3,'serviceprovider','https://serviceprovider.com'),('WSS115','WSS115Name',3,1,3,'serviceprovider','https://serviceprovider.com'),('WSS116','WSS116Name',3,1,3,'serviceprovider','https://serviceprovider.com'),('WSS117','WSS117Name',3,1,3,'serviceprovider','https://serviceprovider.com'),('WSS118','WSS118Name',3,1,3,'serviceprovider','https://serviceprovider.com'),('WSS119','WSS119Name',3,1,3,'serviceprovider','https://serviceprovider.com'),('WSS12','WSS12Name',3,1,3,'serviceprovider','https://serviceprovider.com'),('WSS120','WSS120Name',3,1,3,'serviceprovider','https://serviceprovider.com'),('WSS121','WSS121Name',3,1,3,'serviceprovider','https://serviceprovider.com'),('WSS122','WSS122Name',3,1,3,'serviceprovider','https://serviceprovider.com'),('WSS123','WSS123Name',3,1,3,'serviceprovider','https://serviceprovider.com'),('WSS124','WSS124Name',3,1,3,'serviceprovider','https://serviceprovider.com'),('WSS125','WSS125Name',3,1,3,'serviceprovider','https://serviceprovider.com'),('WSS126','WSS126Name',3,1,3,'serviceprovider','https://serviceprovider.com'),('WSS127','WSS127Name',3,1,3,'serviceprovider','https://serviceprovider.com'),('WSS128','WSS128Name',3,1,3,'serviceprovider','https://serviceprovider.com'),('WSS129','WSS129Name',3,1,3,'serviceprovider','https://serviceprovider.com'),('WSS13','WSS13Name',3,1,3,'serviceprovider','https://serviceprovider.com'),('WSS130','WSS130Name',3,1,3,'serviceprovider','https://serviceprovider.com'),('WSS131','WSS131Name',3,1,3,'serviceprovider','https://serviceprovider.com'),('WSS132','WSS132Name',3,1,3,'serviceprovider','https://serviceprovider.com'),('WSS133','WSS133Name',3,1,3,'serviceprovider','https://serviceprovider.com'),('WSS134','WSS134Name',3,1,3,'serviceprovider','https://serviceprovider.com'),('WSS135','WSS135Name',3,1,3,'serviceprovider','https://serviceprovider.com'),('WSS136','WSS136Name',3,1,3,'serviceprovider','https://serviceprovider.com'),('WSS137','WSS137Name',3,1,3,'serviceprovider','https://serviceprovider.com'),('WSS138','WSS138Name',3,1,3,'serviceprovider','https://serviceprovider.com'),('WSS139','WSS139Name',3,1,3,'serviceprovider','https://serviceprovider.com'),('WSS14','WSS14Name',3,1,3,'serviceprovider','https://serviceprovider.com'),('WSS140','WSS140Name',3,1,3,'serviceprovider','https://serviceprovider.com'),('WSS141','WSS141Name',3,1,3,'serviceprovider','https://serviceprovider.com'),('WSS142','WSS142Name',3,1,3,'serviceprovider','https://serviceprovider.com'),('WSS143','WSS143Name',3,1,3,'serviceprovider','https://serviceprovider.com'),('WSS144','WSS144Name',3,1,3,'serviceprovider','https://serviceprovider.com'),('WSS145','WSS145Name',3,1,3,'serviceprovider','https://serviceprovider.com'),('WSS146','WSS146Name',3,1,3,'serviceprovider','https://serviceprovider.com'),('WSS147','WSS147Name',3,1,3,'serviceprovider','https://serviceprovider.com'),('WSS148','WSS148Name',3,1,3,'serviceprovider','https://serviceprovider.com'),('WSS149','WSS149Name',3,1,3,'serviceprovider','https://serviceprovider.com'),('WSS15','WSS15Name',3,1,3,'serviceprovider','https://serviceprovider.com'),('WSS150','WSS150Name',3,1,3,'serviceprovider','https://serviceprovider.com'),('WSS151','WSS151Name',3,1,3,'serviceprovider','https://serviceprovider.com'),('WSS152','WSS152Name',3,1,3,'serviceprovider','https://serviceprovider.com'),('WSS153','WSS153Name',3,1,3,'serviceprovider','https://serviceprovider.com'),('WSS154','WSS154Name',3,1,3,'serviceprovider','https://serviceprovider.com'),('WSS155','WSS155Name',3,1,3,'serviceprovider','https://serviceprovider.com'),('WSS156','WSS156Name',3,1,3,'serviceprovider','https://serviceprovider.com'),('WSS157','WSS157Name',3,1,3,'serviceprovider','https://serviceprovider.com'),('WSS158','WSS158Name',3,1,3,'serviceprovider','https://serviceprovider.com'),('WSS159','WSS159Name',3,1,3,'serviceprovider','https://serviceprovider.com'),('WSS16','WSS16Name',3,1,3,'serviceprovider','https://serviceprovider.com'),('WSS160','WSS160Name',3,1,3,'serviceprovider','https://serviceprovider.com'),('WSS161','WSS161Name',3,1,3,'serviceprovider','https://serviceprovider.com'),('WSS162','WSS162Name',3,1,3,'serviceprovider','https://serviceprovider.com'),('WSS163','WSS163Name',3,1,3,'serviceprovider','https://serviceprovider.com'),('WSS164','WSS164Name',3,1,3,'serviceprovider','https://serviceprovider.com'),('WSS165','WSS165Name',3,1,3,'serviceprovider','https://serviceprovider.com'),('WSS166','WSS166Name',3,1,3,'serviceprovider','https://serviceprovider.com'),('WSS167','WSS167Name',3,1,3,'serviceprovider','https://serviceprovider.com'),('WSS168','WSS168Name',3,1,3,'serviceprovider','https://serviceprovider.com'),('WSS169','WSS169Name',3,1,3,'serviceprovider','https://serviceprovider.com'),('WSS17','WSS17Name',3,1,3,'serviceprovider','https://serviceprovider.com'),('WSS170','WSS170Name',3,1,3,'serviceprovider','https://serviceprovider.com'),('WSS171','WSS171Name',3,1,3,'serviceprovider','https://serviceprovider.com'),('WSS172','WSS172Name',3,1,3,'serviceprovider','https://serviceprovider.com'),('WSS173','WSS173Name',3,1,3,'serviceprovider','https://serviceprovider.com'),('WSS174','WSS174Name',3,1,3,'serviceprovider','https://serviceprovider.com'),('WSS175','WSS175Name',3,1,3,'serviceprovider','https://serviceprovider.com'),('WSS176','WSS176Name',3,1,3,'serviceprovider','https://serviceprovider.com'),('WSS177','WSS177Name',3,1,3,'serviceprovider','https://serviceprovider.com'),('WSS178','WSS178Name',3,1,3,'serviceprovider','https://serviceprovider.com'),('WSS179','WSS179Name',3,1,3,'serviceprovider','https://serviceprovider.com'),('WSS18','WSS18Name',3,1,3,'serviceprovider','https://serviceprovider.com'),('WSS180','WSS180Name',3,1,3,'serviceprovider','https://serviceprovider.com'),('WSS181','WSS181Name',3,1,3,'serviceprovider','https://serviceprovider.com'),('WSS182','WSS182Name',3,1,3,'serviceprovider','https://serviceprovider.com'),('WSS183','WSS183Name',3,1,3,'serviceprovider','https://serviceprovider.com'),('WSS184','WSS184Name',3,1,3,'serviceprovider','https://serviceprovider.com'),('WSS185','WSS185Name',3,1,3,'serviceprovider','https://serviceprovider.com'),('WSS186','WSS186Name',3,1,3,'serviceprovider','https://serviceprovider.com'),('WSS187','WSS187Name',3,1,3,'serviceprovider','https://serviceprovider.com'),('WSS188','WSS188Name',3,1,3,'serviceprovider','https://serviceprovider.com'),('WSS189','WSS189Name',3,1,3,'serviceprovider','https://serviceprovider.com'),('WSS19','WSS19Name',3,1,3,'serviceprovider','https://serviceprovider.com'),('WSS190','WSS190Name',3,1,3,'serviceprovider','https://serviceprovider.com'),('WSS191','WSS191Name',3,1,3,'serviceprovider','https://serviceprovider.com'),('WSS192','WSS192Name',3,1,3,'serviceprovider','https://serviceprovider.com'),('WSS193','WSS193Name',3,1,3,'serviceprovider','https://serviceprovider.com'),('WSS194','WSS194Name',3,1,3,'serviceprovider','https://serviceprovider.com'),('WSS195','WSS195Name',3,1,3,'serviceprovider','https://serviceprovider.com'),('WSS196','WSS196Name',3,1,3,'serviceprovider','https://serviceprovider.com'),('WSS197','WSS197Name',3,1,3,'serviceprovider','https://serviceprovider.com'),('WSS198','WSS198Name',3,1,3,'serviceprovider','https://serviceprovider.com'),('WSS199','WSS199Name',3,1,3,'serviceprovider','https://serviceprovider.com'),('WSS2','WSS2Name',3,1,3,'serviceprovider','https://serviceprovider.com'),('WSS20','WSS20Name',3,1,3,'serviceprovider','https://serviceprovider.com'),('WSS200','WSS200Name',3,1,3,'serviceprovider','https://serviceprovider.com'),('WSS201','WSS201Name',3,1,3,'serviceprovider','https://serviceprovider.com'),('WSS202','WSS202Name',3,1,3,'serviceprovider','https://serviceprovider.com'),('WSS203','WSS203Name',3,1,3,'serviceprovider','https://serviceprovider.com'),('WSS204','WSS204Name',3,1,3,'serviceprovider','https://serviceprovider.com'),('WSS205','WSS205Name',3,1,3,'serviceprovider','https://serviceprovider.com'),('WSS206','WSS206Name',3,1,3,'serviceprovider','https://serviceprovider.com'),('WSS207','WSS207Name',3,1,3,'serviceprovider','https://serviceprovider.com'),('WSS208','WSS208Name',3,1,3,'serviceprovider','https://serviceprovider.com'),('WSS209','WSS209Name',3,1,3,'serviceprovider','https://serviceprovider.com'),('WSS21','WSS21Name',3,1,3,'serviceprovider','https://serviceprovider.com'),('WSS210','WSS210Name',3,1,3,'serviceprovider','https://serviceprovider.com'),('WSS211','WSS211Name',3,1,3,'serviceprovider','https://serviceprovider.com'),('WSS212','WSS212Name',3,1,3,'serviceprovider','https://serviceprovider.com'),('WSS213','WSS213Name',3,1,3,'serviceprovider','https://serviceprovider.com'),('WSS214','WSS214Name',3,1,3,'serviceprovider','https://serviceprovider.com'),('WSS215','WSS215Name',3,1,3,'serviceprovider','https://serviceprovider.com'),('WSS216','WSS216Name',3,1,3,'serviceprovider','https://serviceprovider.com'),('WSS217','WSS217Name',3,1,3,'serviceprovider','https://serviceprovider.com'),('WSS218','WSS218Name',3,1,3,'serviceprovider','https://serviceprovider.com'),('WSS219','WSS219Name',3,1,3,'serviceprovider','https://serviceprovider.com'),('WSS22','WSS22Name',3,1,3,'serviceprovider','https://serviceprovider.com'),('WSS220','WSS220Name',3,1,3,'serviceprovider','https://serviceprovider.com'),('WSS221','WSS221Name',3,1,3,'serviceprovider','https://serviceprovider.com'),('WSS222','WSS222Name',3,1,3,'serviceprovider','https://serviceprovider.com'),('WSS223','WSS223Name',3,1,3,'serviceprovider','https://serviceprovider.com'),('WSS224','WSS224Name',3,1,3,'serviceprovider','https://serviceprovider.com'),('WSS225','WSS225Name',3,1,3,'serviceprovider','https://serviceprovider.com'),('WSS226','WSS226Name',3,1,3,'serviceprovider','https://serviceprovider.com'),('WSS227','WSS227Name',3,1,3,'serviceprovider','https://serviceprovider.com'),('WSS228','WSS228Name',3,1,3,'serviceprovider','https://serviceprovider.com'),('WSS229','WSS229Name',3,1,3,'serviceprovider','https://serviceprovider.com'),('WSS23','WSS23Name',3,1,3,'serviceprovider','https://serviceprovider.com'),('WSS230','WSS230Name',3,1,3,'serviceprovider','https://serviceprovider.com'),('WSS231','WSS231Name',3,1,3,'serviceprovider','https://serviceprovider.com'),('WSS232','WSS232Name',3,1,3,'serviceprovider','https://serviceprovider.com'),('WSS233','WSS233Name',3,1,3,'serviceprovider','https://serviceprovider.com'),('WSS234','WSS234Name',3,1,3,'serviceprovider','https://serviceprovider.com'),('WSS235','WSS235Name',3,1,3,'serviceprovider','https://serviceprovider.com'),('WSS236','WSS236Name',3,1,3,'serviceprovider','https://serviceprovider.com'),('WSS237','WSS237Name',3,1,3,'serviceprovider','https://serviceprovider.com'),('WSS238','WSS238Name',3,1,3,'serviceprovider','https://serviceprovider.com'),('WSS239','WSS239Name',3,1,3,'serviceprovider','https://serviceprovider.com'),('WSS24','WSS24Name',3,1,3,'serviceprovider','https://serviceprovider.com'),('WSS240','WSS240Name',3,1,3,'serviceprovider','https://serviceprovider.com'),('WSS241','WSS241Name',3,1,3,'serviceprovider','https://serviceprovider.com'),('WSS242','WSS242Name',3,1,3,'serviceprovider','https://serviceprovider.com'),('WSS243','WSS243Name',3,1,3,'serviceprovider','https://serviceprovider.com'),('WSS244','WSS244Name',3,1,3,'serviceprovider','https://serviceprovider.com'),('WSS245','WSS245Name',3,1,3,'serviceprovider','https://serviceprovider.com'),('WSS246','WSS246Name',3,1,3,'serviceprovider','https://serviceprovider.com'),('WSS247','WSS247Name',3,1,3,'serviceprovider','https://serviceprovider.com'),('WSS248','WSS248Name',3,1,3,'serviceprovider','https://serviceprovider.com'),('WSS249','WSS249Name',3,1,3,'serviceprovider','https://serviceprovider.com'),('WSS25','WSS25Name',3,1,3,'serviceprovider','https://serviceprovider.com'),('WSS250','WSS250Name',3,1,3,'serviceprovider','https://serviceprovider.com'),('WSS251','WSS251Name',3,1,3,'serviceprovider','https://serviceprovider.com'),('WSS252','WSS252Name',3,1,3,'serviceprovider','https://serviceprovider.com'),('WSS253','WSS253Name',3,1,3,'serviceprovider','https://serviceprovider.com'),('WSS254','WSS254Name',3,1,3,'serviceprovider','https://serviceprovider.com'),('WSS255','WSS255Name',3,1,3,'serviceprovider','https://serviceprovider.com'),('WSS256','WSS256Name',3,1,3,'serviceprovider','https://serviceprovider.com'),('WSS257','WSS257Name',3,1,3,'serviceprovider','https://serviceprovider.com'),('WSS258','WSS258Name',3,1,3,'serviceprovider','https://serviceprovider.com'),('WSS259','WSS259Name',3,1,3,'serviceprovider','https://serviceprovider.com'),('WSS26','WSS26Name',3,1,3,'serviceprovider','https://serviceprovider.com'),('WSS260','WSS260Name',3,1,3,'serviceprovider','https://serviceprovider.com'),('WSS261','WSS261Name',3,1,3,'serviceprovider','https://serviceprovider.com'),('WSS262','WSS262Name',3,1,3,'serviceprovider','https://serviceprovider.com'),('WSS263','WSS263Name',3,1,3,'serviceprovider','https://serviceprovider.com'),('WSS264','WSS264Name',3,1,3,'serviceprovider','https://serviceprovider.com'),('WSS265','WSS265Name',3,1,3,'serviceprovider','https://serviceprovider.com'),('WSS266','WSS266Name',3,1,3,'serviceprovider','https://serviceprovider.com'),('WSS267','WSS267Name',3,1,3,'serviceprovider','https://serviceprovider.com'),('WSS268','WSS268Name',3,1,3,'serviceprovider','https://serviceprovider.com'),('WSS269','WSS269Name',3,1,3,'serviceprovider','https://serviceprovider.com'),('WSS27','WSS27Name',3,1,3,'serviceprovider','https://serviceprovider.com'),('WSS270','WSS270Name',3,1,3,'serviceprovider','https://serviceprovider.com'),('WSS271','WSS271Name',3,1,3,'serviceprovider','https://serviceprovider.com'),('WSS272','WSS272Name',3,1,3,'serviceprovider','https://serviceprovider.com'),('WSS273','WSS273Name',3,1,3,'serviceprovider','https://serviceprovider.com'),('WSS274','WSS274Name',3,1,3,'serviceprovider','https://serviceprovider.com'),('WSS275','WSS275Name',3,1,3,'serviceprovider','https://serviceprovider.com'),('WSS276','WSS276Name',3,1,3,'serviceprovider','https://serviceprovider.com'),('WSS277','WSS277Name',3,1,3,'serviceprovider','https://serviceprovider.com'),('WSS278','WSS278Name',3,1,3,'serviceprovider','https://serviceprovider.com'),('WSS279','WSS279Name',3,1,3,'serviceprovider','https://serviceprovider.com'),('WSS28','WSS28Name',3,1,3,'serviceprovider','https://serviceprovider.com'),('WSS280','WSS280Name',3,1,3,'serviceprovider','https://serviceprovider.com'),('WSS281','WSS281Name',3,1,3,'serviceprovider','https://serviceprovider.com'),('WSS282','WSS282Name',3,1,3,'serviceprovider','https://serviceprovider.com'),('WSS283','WSS283Name',3,1,3,'serviceprovider','https://serviceprovider.com'),('WSS284','WSS284Name',3,1,3,'serviceprovider','https://serviceprovider.com'),('WSS285','WSS285Name',3,1,3,'serviceprovider','https://serviceprovider.com'),('WSS286','WSS286Name',3,1,3,'serviceprovider','https://serviceprovider.com'),('WSS287','WSS287Name',3,1,3,'serviceprovider','https://serviceprovider.com'),('WSS288','WSS288Name',3,1,3,'serviceprovider','https://serviceprovider.com'),('WSS289','WSS289Name',3,1,3,'serviceprovider','https://serviceprovider.com'),('WSS29','WSS29Name',3,1,3,'serviceprovider','https://serviceprovider.com'),('WSS290','WSS290Name',3,1,3,'serviceprovider','https://serviceprovider.com'),('WSS291','WSS291Name',3,1,3,'serviceprovider','https://serviceprovider.com'),('WSS292','WSS292Name',3,1,3,'serviceprovider','https://serviceprovider.com'),('WSS293','WSS293Name',3,1,3,'serviceprovider','https://serviceprovider.com'),('WSS294','WSS294Name',3,1,3,'serviceprovider','https://serviceprovider.com'),('WSS295','WSS295Name',3,1,3,'serviceprovider','https://serviceprovider.com'),('WSS296','WSS296Name',3,1,3,'serviceprovider','https://serviceprovider.com'),('WSS297','WSS297Name',3,1,3,'serviceprovider','https://serviceprovider.com'),('WSS298','WSS298Name',3,1,3,'serviceprovider','https://serviceprovider.com'),('WSS299','WSS299Name',3,1,3,'serviceprovider','https://serviceprovider.com'),('WSS3','WSS3Name',3,1,3,'serviceprovider','https://serviceprovider.com'),('WSS30','WSS30Name',3,1,3,'serviceprovider','https://serviceprovider.com'),('WSS300','WSS300Name',3,1,3,'serviceprovider','https://serviceprovider.com'),('WSS301','WSS301Name',3,1,3,'serviceprovider','https://serviceprovider.com'),('WSS302','WSS302Name',3,1,3,'serviceprovider','https://serviceprovider.com'),('WSS303','WSS303Name',3,1,3,'serviceprovider','https://serviceprovider.com'),('WSS304','WSS304Name',3,1,3,'serviceprovider','https://serviceprovider.com'),('WSS305','WSS305Name',3,1,3,'serviceprovider','https://serviceprovider.com'),('WSS306','WSS306Name',3,1,3,'serviceprovider','https://serviceprovider.com'),('WSS307','WSS307Name',3,1,3,'serviceprovider','https://serviceprovider.com'),('WSS308','WSS308Name',3,1,3,'serviceprovider','https://serviceprovider.com'),('WSS309','WSS309Name',3,1,3,'serviceprovider','https://serviceprovider.com'),('WSS31','WSS31Name',3,1,3,'serviceprovider','https://serviceprovider.com'),('WSS310','WSS310Name',3,1,3,'serviceprovider','https://serviceprovider.com'),('WSS311','WSS311Name',3,1,3,'serviceprovider','https://serviceprovider.com'),('WSS312','WSS312Name',3,1,3,'serviceprovider','https://serviceprovider.com'),('WSS313','WSS313Name',3,1,3,'serviceprovider','https://serviceprovider.com'),('WSS314','WSS314Name',3,1,3,'serviceprovider','https://serviceprovider.com'),('WSS315','WSS315Name',3,1,3,'serviceprovider','https://serviceprovider.com'),('WSS316','WSS316Name',3,1,3,'serviceprovider','https://serviceprovider.com'),('WSS317','WSS317Name',3,1,3,'serviceprovider','https://serviceprovider.com'),('WSS318','WSS318Name',3,1,3,'serviceprovider','https://serviceprovider.com'),('WSS319','WSS319Name',3,1,3,'serviceprovider','https://serviceprovider.com'),('WSS32','WSS32Name',3,1,3,'serviceprovider','https://serviceprovider.com'),('WSS320','WSS320Name',3,1,3,'serviceprovider','https://serviceprovider.com'),('WSS321','WSS321Name',3,1,3,'serviceprovider','https://serviceprovider.com'),('WSS322','WSS322Name',3,1,3,'serviceprovider','https://serviceprovider.com'),('WSS323','WSS323Name',3,1,3,'serviceprovider','https://serviceprovider.com'),('WSS324','WSS324Name',3,1,3,'serviceprovider','https://serviceprovider.com'),('WSS325','WSS325Name',3,1,3,'serviceprovider','https://serviceprovider.com'),('WSS326','WSS326Name',3,1,3,'serviceprovider','https://serviceprovider.com'),('WSS327','WSS327Name',3,1,3,'serviceprovider','https://serviceprovider.com'),('WSS328','WSS328Name',3,1,3,'serviceprovider','https://serviceprovider.com'),('WSS329','WSS329Name',3,1,3,'serviceprovider','https://serviceprovider.com'),('WSS33','WSS33Name',3,1,3,'serviceprovider','https://serviceprovider.com'),('WSS330','WSS330Name',3,1,3,'serviceprovider','https://serviceprovider.com'),('WSS331','WSS331Name',3,1,3,'serviceprovider','https://serviceprovider.com'),('WSS332','WSS332Name',3,1,3,'serviceprovider','https://serviceprovider.com'),('WSS333','WSS333Name',3,1,3,'serviceprovider','https://serviceprovider.com'),('WSS334','WSS334Name',3,1,3,'serviceprovider','https://serviceprovider.com'),('WSS335','WSS335Name',3,1,3,'serviceprovider','https://serviceprovider.com'),('WSS336','WSS336Name',3,1,3,'serviceprovider','https://serviceprovider.com'),('WSS337','WSS337Name',3,1,3,'serviceprovider','https://serviceprovider.com'),('WSS338','WSS338Name',3,1,3,'serviceprovider','https://serviceprovider.com'),('WSS339','WSS339Name',3,1,3,'serviceprovider','https://serviceprovider.com'),('WSS34','WSS34Name',3,1,3,'serviceprovider','https://serviceprovider.com'),('WSS340','WSS340Name',3,1,3,'serviceprovider','https://serviceprovider.com'),('WSS341','WSS341Name',3,1,3,'serviceprovider','https://serviceprovider.com'),('WSS342','WSS342Name',3,1,3,'serviceprovider','https://serviceprovider.com'),('WSS343','WSS343Name',3,1,3,'serviceprovider','https://serviceprovider.com'),('WSS344','WSS344Name',3,1,3,'serviceprovider','https://serviceprovider.com'),('WSS345','WSS345Name',3,1,3,'serviceprovider','https://serviceprovider.com'),('WSS346','WSS346Name',3,1,3,'serviceprovider','https://serviceprovider.com'),('WSS347','WSS347Name',3,1,3,'serviceprovider','https://serviceprovider.com'),('WSS348','WSS348Name',3,1,3,'serviceprovider','https://serviceprovider.com'),('WSS349','WSS349Name',3,1,3,'serviceprovider','https://serviceprovider.com'),('WSS35','WSS35Name',3,1,3,'serviceprovider','https://serviceprovider.com'),('WSS350','WSS350Name',3,1,3,'serviceprovider','https://serviceprovider.com'),('WSS351','WSS351Name',3,1,3,'serviceprovider','https://serviceprovider.com'),('WSS352','WSS352Name',3,1,3,'serviceprovider','https://serviceprovider.com'),('WSS353','WSS353Name',3,1,3,'serviceprovider','https://serviceprovider.com'),('WSS354','WSS354Name',3,1,3,'serviceprovider','https://serviceprovider.com'),('WSS355','WSS355Name',3,1,3,'serviceprovider','https://serviceprovider.com'),('WSS356','WSS356Name',3,1,3,'serviceprovider','https://serviceprovider.com'),('WSS357','WSS357Name',3,1,3,'serviceprovider','https://serviceprovider.com'),('WSS358','WSS358Name',3,1,3,'serviceprovider','https://serviceprovider.com'),('WSS359','WSS359Name',3,1,3,'serviceprovider','https://serviceprovider.com'),('WSS36','WSS36Name',3,1,3,'serviceprovider','https://serviceprovider.com'),('WSS360','WSS360Name',3,1,3,'serviceprovider','https://serviceprovider.com'),('WSS361','WSS361Name',3,1,3,'serviceprovider','https://serviceprovider.com'),('WSS362','WSS362Name',3,1,3,'serviceprovider','https://serviceprovider.com'),('WSS363','WSS363Name',3,1,3,'serviceprovider','https://serviceprovider.com'),('WSS364','WSS364Name',3,1,3,'serviceprovider','https://serviceprovider.com'),('WSS365','WSS365Name',3,1,3,'serviceprovider','https://serviceprovider.com'),('WSS366','WSS366Name',3,1,3,'serviceprovider','https://serviceprovider.com'),('WSS367','WSS367Name',3,1,3,'serviceprovider','https://serviceprovider.com'),('WSS368','WSS368Name',3,1,3,'serviceprovider','https://serviceprovider.com'),('WSS369','WSS369Name',3,1,3,'serviceprovider','https://serviceprovider.com'),('WSS37','WSS37Name',3,1,3,'serviceprovider','https://serviceprovider.com'),('WSS370','WSS370Name',3,1,3,'serviceprovider','https://serviceprovider.com'),('WSS371','WSS371Name',3,1,3,'serviceprovider','https://serviceprovider.com'),('WSS372','WSS372Name',3,1,3,'serviceprovider','https://serviceprovider.com'),('WSS373','WSS373Name',3,1,3,'serviceprovider','https://serviceprovider.com'),('WSS374','WSS374Name',3,1,3,'serviceprovider','https://serviceprovider.com'),('WSS375','WSS375Name',3,1,3,'serviceprovider','https://serviceprovider.com'),('WSS376','WSS376Name',3,1,3,'serviceprovider','https://serviceprovider.com'),('WSS377','WSS377Name',3,1,3,'serviceprovider','https://serviceprovider.com'),('WSS378','WSS378Name',3,1,3,'serviceprovider','https://serviceprovider.com'),('WSS379','WSS379Name',3,1,3,'serviceprovider','https://serviceprovider.com'),('WSS38','WSS38Name',3,1,3,'serviceprovider','https://serviceprovider.com'),('WSS380','WSS380Name',3,1,3,'serviceprovider','https://serviceprovider.com'),('WSS381','WSS381Name',3,1,3,'serviceprovider','https://serviceprovider.com'),('WSS382','WSS382Name',3,1,3,'serviceprovider','https://serviceprovider.com'),('WSS383','WSS383Name',3,1,3,'serviceprovider','https://serviceprovider.com'),('WSS384','WSS384Name',3,1,3,'serviceprovider','https://serviceprovider.com'),('WSS385','WSS385Name',3,1,3,'serviceprovider','https://serviceprovider.com'),('WSS386','WSS386Name',3,1,3,'serviceprovider','https://serviceprovider.com'),('WSS387','WSS387Name',3,1,3,'serviceprovider','https://serviceprovider.com'),('WSS388','WSS388Name',3,1,3,'serviceprovider','https://serviceprovider.com'),('WSS389','WSS389Name',3,1,3,'serviceprovider','https://serviceprovider.com'),('WSS39','WSS39Name',3,1,3,'serviceprovider','https://serviceprovider.com'),('WSS390','WSS390Name',3,1,3,'serviceprovider','https://serviceprovider.com'),('WSS391','WSS391Name',3,1,3,'serviceprovider','https://serviceprovider.com'),('WSS392','WSS392Name',3,1,3,'serviceprovider','https://serviceprovider.com'),('WSS393','WSS393Name',3,1,3,'serviceprovider','https://serviceprovider.com'),('WSS394','WSS394Name',3,1,3,'serviceprovider','https://serviceprovider.com'),('WSS395','WSS395Name',3,1,3,'serviceprovider','https://serviceprovider.com'),('WSS396','WSS396Name',3,1,3,'serviceprovider','https://serviceprovider.com'),('WSS397','WSS397Name',3,1,3,'serviceprovider','https://serviceprovider.com'),('WSS398','WSS398Name',3,1,3,'serviceprovider','https://serviceprovider.com'),('WSS399','WSS399Name',3,1,3,'serviceprovider','https://serviceprovider.com'),('WSS4','WSS4Name',3,1,3,'serviceprovider','https://serviceprovider.com'),('WSS40','WSS40Name',3,1,3,'serviceprovider','https://serviceprovider.com'),('WSS400','WSS400Name',3,1,3,'serviceprovider','https://serviceprovider.com'),('WSS401','WSS401Name',3,1,3,'serviceprovider','https://serviceprovider.com'),('WSS402','WSS402Name',3,1,3,'serviceprovider','https://serviceprovider.com'),('WSS403','WSS403Name',3,1,3,'serviceprovider','https://serviceprovider.com'),('WSS404','WSS404Name',3,1,3,'serviceprovider','https://serviceprovider.com'),('WSS405','WSS405Name',3,1,3,'serviceprovider','https://serviceprovider.com'),('WSS406','WSS406Name',3,1,3,'serviceprovider','https://serviceprovider.com'),('WSS407','WSS407Name',3,1,3,'serviceprovider','https://serviceprovider.com'),('WSS408','WSS408Name',3,1,3,'serviceprovider','https://serviceprovider.com'),('WSS409','WSS409Name',3,1,3,'serviceprovider','https://serviceprovider.com'),('WSS41','WSS41Name',3,1,3,'serviceprovider','https://serviceprovider.com'),('WSS410','WSS410Name',3,1,3,'serviceprovider','https://serviceprovider.com'),('WSS411','WSS411Name',3,1,3,'serviceprovider','https://serviceprovider.com'),('WSS412','WSS412Name',3,1,3,'serviceprovider','https://serviceprovider.com'),('WSS413','WSS413Name',3,1,3,'serviceprovider','https://serviceprovider.com'),('WSS414','WSS414Name',3,1,3,'serviceprovider','https://serviceprovider.com'),('WSS415','WSS415Name',3,1,3,'serviceprovider','https://serviceprovider.com'),('WSS416','WSS416Name',3,1,3,'serviceprovider','https://serviceprovider.com'),('WSS417','WSS417Name',3,1,3,'serviceprovider','https://serviceprovider.com'),('WSS418','WSS418Name',3,1,3,'serviceprovider','https://serviceprovider.com'),('WSS419','WSS419Name',3,1,3,'serviceprovider','https://serviceprovider.com'),('WSS42','WSS42Name',3,1,3,'serviceprovider','https://serviceprovider.com'),('WSS420','WSS420Name',3,1,3,'serviceprovider','https://serviceprovider.com'),('WSS421','WSS421Name',3,1,3,'serviceprovider','https://serviceprovider.com'),('WSS422','WSS422Name',3,1,3,'serviceprovider','https://serviceprovider.com'),('WSS423','WSS423Name',3,1,3,'serviceprovider','https://serviceprovider.com'),('WSS424','WSS424Name',3,1,3,'serviceprovider','https://serviceprovider.com'),('WSS425','WSS425Name',3,1,3,'serviceprovider','https://serviceprovider.com'),('WSS426','WSS426Name',3,1,3,'serviceprovider','https://serviceprovider.com'),('WSS427','WSS427Name',3,1,3,'serviceprovider','https://serviceprovider.com'),('WSS428','WSS428Name',3,1,3,'serviceprovider','https://serviceprovider.com'),('WSS429','WSS429Name',3,1,3,'serviceprovider','https://serviceprovider.com'),('WSS43','WSS43Name',3,1,3,'serviceprovider','https://serviceprovider.com'),('WSS430','WSS430Name',3,1,3,'serviceprovider','https://serviceprovider.com'),('WSS431','WSS431Name',3,1,3,'serviceprovider','https://serviceprovider.com'),('WSS432','WSS432Name',3,1,3,'serviceprovider','https://serviceprovider.com'),('WSS433','WSS433Name',3,1,3,'serviceprovider','https://serviceprovider.com'),('WSS434','WSS434Name',3,1,3,'serviceprovider','https://serviceprovider.com'),('WSS435','WSS435Name',3,1,3,'serviceprovider','https://serviceprovider.com'),('WSS436','WSS436Name',3,1,3,'serviceprovider','https://serviceprovider.com'),('WSS437','WSS437Name',3,1,3,'serviceprovider','https://serviceprovider.com'),('WSS438','WSS438Name',3,1,3,'serviceprovider','https://serviceprovider.com'),('WSS439','WSS439Name',3,1,3,'serviceprovider','https://serviceprovider.com'),('WSS44','WSS44Name',3,1,3,'serviceprovider','https://serviceprovider.com'),('WSS440','WSS440Name',3,1,3,'serviceprovider','https://serviceprovider.com'),('WSS441','WSS441Name',3,1,3,'serviceprovider','https://serviceprovider.com'),('WSS442','WSS442Name',3,1,3,'serviceprovider','https://serviceprovider.com'),('WSS443','WSS443Name',3,1,3,'serviceprovider','https://serviceprovider.com'),('WSS444','WSS444Name',3,1,3,'serviceprovider','https://serviceprovider.com'),('WSS445','WSS445Name',3,1,3,'serviceprovider','https://serviceprovider.com'),('WSS446','WSS446Name',3,1,3,'serviceprovider','https://serviceprovider.com'),('WSS447','WSS447Name',3,1,3,'serviceprovider','https://serviceprovider.com'),('WSS448','WSS448Name',3,1,3,'serviceprovider','https://serviceprovider.com'),('WSS449','WSS449Name',3,1,3,'serviceprovider','https://serviceprovider.com'),('WSS45','WSS45Name',3,1,3,'serviceprovider','https://serviceprovider.com'),('WSS450','WSS450Name',3,1,3,'serviceprovider','https://serviceprovider.com'),('WSS451','WSS451Name',3,1,3,'serviceprovider','https://serviceprovider.com'),('WSS452','WSS452Name',3,1,3,'serviceprovider','https://serviceprovider.com'),('WSS453','WSS453Name',3,1,3,'serviceprovider','https://serviceprovider.com'),('WSS454','WSS454Name',3,1,3,'serviceprovider','https://serviceprovider.com'),('WSS455','WSS455Name',3,1,3,'serviceprovider','https://serviceprovider.com'),('WSS456','WSS456Name',3,1,3,'serviceprovider','https://serviceprovider.com'),('WSS457','WSS457Name',3,1,3,'serviceprovider','https://serviceprovider.com'),('WSS458','WSS458Name',3,1,3,'serviceprovider','https://serviceprovider.com'),('WSS459','WSS459Name',3,1,3,'serviceprovider','https://serviceprovider.com'),('WSS46','WSS46Name',3,1,3,'serviceprovider','https://serviceprovider.com'),('WSS460','WSS460Name',3,1,3,'serviceprovider','https://serviceprovider.com'),('WSS461','WSS461Name',3,1,3,'serviceprovider','https://serviceprovider.com'),('WSS462','WSS462Name',3,1,3,'serviceprovider','https://serviceprovider.com'),('WSS463','WSS463Name',3,1,3,'serviceprovider','https://serviceprovider.com'),('WSS464','WSS464Name',3,1,3,'serviceprovider','https://serviceprovider.com'),('WSS465','WSS465Name',3,1,3,'serviceprovider','https://serviceprovider.com'),('WSS466','WSS466Name',3,1,3,'serviceprovider','https://serviceprovider.com'),('WSS467','WSS467Name',3,1,3,'serviceprovider','https://serviceprovider.com'),('WSS468','WSS468Name',3,1,3,'serviceprovider','https://serviceprovider.com'),('WSS469','WSS469Name',3,1,3,'serviceprovider','https://serviceprovider.com'),('WSS47','WSS47Name',3,1,3,'serviceprovider','https://serviceprovider.com'),('WSS470','WSS470Name',3,1,3,'serviceprovider','https://serviceprovider.com'),('WSS471','WSS471Name',3,1,3,'serviceprovider','https://serviceprovider.com'),('WSS472','WSS472Name',3,1,3,'serviceprovider','https://serviceprovider.com'),('WSS473','WSS473Name',3,1,3,'serviceprovider','https://serviceprovider.com'),('WSS474','WSS474Name',3,1,3,'serviceprovider','https://serviceprovider.com'),('WSS475','WSS475Name',3,1,3,'serviceprovider','https://serviceprovider.com'),('WSS476','WSS476Name',3,1,3,'serviceprovider','https://serviceprovider.com'),('WSS477','WSS477Name',3,1,3,'serviceprovider','https://serviceprovider.com'),('WSS478','WSS478Name',3,1,3,'serviceprovider','https://serviceprovider.com'),('WSS479','WSS479Name',3,1,3,'serviceprovider','https://serviceprovider.com'),('WSS48','WSS48Name',3,1,3,'serviceprovider','https://serviceprovider.com'),('WSS480','WSS480Name',3,1,3,'serviceprovider','https://serviceprovider.com'),('WSS481','WSS481Name',3,1,3,'serviceprovider','https://serviceprovider.com'),('WSS482','WSS482Name',3,1,3,'serviceprovider','https://serviceprovider.com'),('WSS483','WSS483Name',3,1,3,'serviceprovider','https://serviceprovider.com'),('WSS484','WSS484Name',3,1,3,'serviceprovider','https://serviceprovider.com'),('WSS485','WSS485Name',3,1,3,'serviceprovider','https://serviceprovider.com'),('WSS486','WSS486Name',3,1,3,'serviceprovider','https://serviceprovider.com'),('WSS487','WSS487Name',3,1,3,'serviceprovider','https://serviceprovider.com'),('WSS488','WSS488Name',3,1,3,'serviceprovider','https://serviceprovider.com'),('WSS489','WSS489Name',3,1,3,'serviceprovider','https://serviceprovider.com'),('WSS49','WSS49Name',3,1,3,'serviceprovider','https://serviceprovider.com'),('WSS490','WSS490Name',3,1,3,'serviceprovider','https://serviceprovider.com'),('WSS491','WSS491Name',3,1,3,'serviceprovider','https://serviceprovider.com'),('WSS492','WSS492Name',3,1,3,'serviceprovider','https://serviceprovider.com'),('WSS493','WSS493Name',3,1,3,'serviceprovider','https://serviceprovider.com'),('WSS494','WSS494Name',3,1,3,'serviceprovider','https://serviceprovider.com'),('WSS495','WSS495Name',3,1,3,'serviceprovider','https://serviceprovider.com'),('WSS496','WSS496Name',3,1,3,'serviceprovider','https://serviceprovider.com'),('WSS497','WSS497Name',3,1,3,'serviceprovider','https://serviceprovider.com'),('WSS498','WSS498Name',3,1,3,'serviceprovider','https://serviceprovider.com'),('WSS499','WSS499Name',3,1,3,'serviceprovider','https://serviceprovider.com'),('WSS5','WSS5Name',3,1,3,'serviceprovider','https://serviceprovider.com'),('WSS50','WSS50Name',3,1,3,'serviceprovider','https://serviceprovider.com'),('WSS500','WSS500Name',3,1,3,'serviceprovider','https://serviceprovider.com'),('WSS501','WSS501Name',3,1,3,'serviceprovider','https://serviceprovider.com'),('WSS502','WSS502Name',3,1,3,'serviceprovider','https://serviceprovider.com'),('WSS503','WSS503Name',3,1,3,'serviceprovider','https://serviceprovider.com'),('WSS504','WSS504Name',3,1,3,'serviceprovider','https://serviceprovider.com'),('WSS505','WSS505Name',3,1,3,'serviceprovider','https://serviceprovider.com'),('WSS506','WSS506Name',3,1,3,'serviceprovider','https://serviceprovider.com'),('WSS507','WSS507Name',3,1,3,'serviceprovider','https://serviceprovider.com'),('WSS508','WSS508Name',3,1,3,'serviceprovider','https://serviceprovider.com'),('WSS509','WSS509Name',3,1,3,'serviceprovider','https://serviceprovider.com'),('WSS51','WSS51Name',3,1,3,'serviceprovider','https://serviceprovider.com'),('WSS510','WSS510Name',3,1,3,'serviceprovider','https://serviceprovider.com'),('WSS511','WSS511Name',3,1,3,'serviceprovider','https://serviceprovider.com'),('WSS512','WSS512Name',3,1,3,'serviceprovider','https://serviceprovider.com'),('WSS513','WSS513Name',3,1,3,'serviceprovider','https://serviceprovider.com'),('WSS514','WSS514Name',3,1,3,'serviceprovider','https://serviceprovider.com'),('WSS515','WSS515Name',3,1,3,'serviceprovider','https://serviceprovider.com'),('WSS516','WSS516Name',3,1,3,'serviceprovider','https://serviceprovider.com'),('WSS517','WSS517Name',3,1,3,'serviceprovider','https://serviceprovider.com'),('WSS518','WSS518Name',3,1,3,'serviceprovider','https://serviceprovider.com'),('WSS519','WSS519Name',3,1,3,'serviceprovider','https://serviceprovider.com'),('WSS52','WSS52Name',3,1,3,'serviceprovider','https://serviceprovider.com'),('WSS520','WSS520Name',3,1,3,'serviceprovider','https://serviceprovider.com'),('WSS521','WSS521Name',3,1,3,'serviceprovider','https://serviceprovider.com'),('WSS522','WSS522Name',3,1,3,'serviceprovider','https://serviceprovider.com'),('WSS523','WSS523Name',3,1,3,'serviceprovider','https://serviceprovider.com'),('WSS524','WSS524Name',3,1,3,'serviceprovider','https://serviceprovider.com'),('WSS525','WSS525Name',3,1,3,'serviceprovider','https://serviceprovider.com'),('WSS526','WSS526Name',3,1,3,'serviceprovider','https://serviceprovider.com'),('WSS527','WSS527Name',3,1,3,'serviceprovider','https://serviceprovider.com'),('WSS528','WSS528Name',3,1,3,'serviceprovider','https://serviceprovider.com'),('WSS529','WSS529Name',3,1,3,'serviceprovider','https://serviceprovider.com'),('WSS53','WSS53Name',3,1,3,'serviceprovider','https://serviceprovider.com'),('WSS530','WSS530Name',3,1,3,'serviceprovider','https://serviceprovider.com'),('WSS531','WSS531Name',3,1,3,'serviceprovider','https://serviceprovider.com'),('WSS532','WSS532Name',3,1,3,'serviceprovider','https://serviceprovider.com'),('WSS533','WSS533Name',3,1,3,'serviceprovider','https://serviceprovider.com'),('WSS534','WSS534Name',3,1,3,'serviceprovider','https://serviceprovider.com'),('WSS535','WSS535Name',3,1,3,'serviceprovider','https://serviceprovider.com'),('WSS536','WSS536Name',3,1,3,'serviceprovider','https://serviceprovider.com'),('WSS537','WSS537Name',3,1,3,'serviceprovider','https://serviceprovider.com'),('WSS538','WSS538Name',3,1,3,'serviceprovider','https://serviceprovider.com'),('WSS539','WSS539Name',3,1,3,'serviceprovider','https://serviceprovider.com'),('WSS54','WSS54Name',3,1,3,'serviceprovider','https://serviceprovider.com'),('WSS540','WSS540Name',3,1,3,'serviceprovider','https://serviceprovider.com'),('WSS541','WSS541Name',3,1,3,'serviceprovider','https://serviceprovider.com'),('WSS542','WSS542Name',3,1,3,'serviceprovider','https://serviceprovider.com'),('WSS543','WSS543Name',3,1,3,'serviceprovider','https://serviceprovider.com'),('WSS544','WSS544Name',3,1,3,'serviceprovider','https://serviceprovider.com'),('WSS545','WSS545Name',3,1,3,'serviceprovider','https://serviceprovider.com'),('WSS546','WSS546Name',3,1,3,'serviceprovider','https://serviceprovider.com'),('WSS547','WSS547Name',3,1,3,'serviceprovider','https://serviceprovider.com'),('WSS548','WSS548Name',3,1,3,'serviceprovider','https://serviceprovider.com'),('WSS549','WSS549Name',3,1,3,'serviceprovider','https://serviceprovider.com'),('WSS55','WSS55Name',3,1,3,'serviceprovider','https://serviceprovider.com'),('WSS550','WSS550Name',3,1,3,'serviceprovider','https://serviceprovider.com'),('WSS551','WSS551Name',3,1,3,'serviceprovider','https://serviceprovider.com'),('WSS552','WSS552Name',3,1,3,'serviceprovider','https://serviceprovider.com'),('WSS553','WSS553Name',3,1,3,'serviceprovider','https://serviceprovider.com'),('WSS554','WSS554Name',3,1,3,'serviceprovider','https://serviceprovider.com'),('WSS555','WSS555Name',3,1,3,'serviceprovider','https://serviceprovider.com'),('WSS556','WSS556Name',3,1,3,'serviceprovider','https://serviceprovider.com'),('WSS557','WSS557Name',3,1,3,'serviceprovider','https://serviceprovider.com'),('WSS558','WSS558Name',3,1,3,'serviceprovider','https://serviceprovider.com'),('WSS559','WSS559Name',3,1,3,'serviceprovider','https://serviceprovider.com'),('WSS56','WSS56Name',3,1,3,'serviceprovider','https://serviceprovider.com'),('WSS560','WSS560Name',3,1,3,'serviceprovider','https://serviceprovider.com'),('WSS561','WSS561Name',3,1,3,'serviceprovider','https://serviceprovider.com'),('WSS562','WSS562Name',3,1,3,'serviceprovider','https://serviceprovider.com'),('WSS563','WSS563Name',3,1,3,'serviceprovider','https://serviceprovider.com'),('WSS564','WSS564Name',3,1,3,'serviceprovider','https://serviceprovider.com'),('WSS565','WSS565Name',3,1,3,'serviceprovider','https://serviceprovider.com'),('WSS566','WSS566Name',3,1,3,'serviceprovider','https://serviceprovider.com'),('WSS567','WSS567Name',3,1,3,'serviceprovider','https://serviceprovider.com'),('WSS568','WSS568Name',3,1,3,'serviceprovider','https://serviceprovider.com'),('WSS569','WSS569Name',3,1,3,'serviceprovider','https://serviceprovider.com'),('WSS57','WSS57Name',3,1,3,'serviceprovider','https://serviceprovider.com'),('WSS570','WSS570Name',3,1,3,'serviceprovider','https://serviceprovider.com'),('WSS571','WSS571Name',3,1,3,'serviceprovider','https://serviceprovider.com'),('WSS572','WSS572Name',3,1,3,'serviceprovider','https://serviceprovider.com'),('WSS573','WSS573Name',3,1,3,'serviceprovider','https://serviceprovider.com'),('WSS574','WSS574Name',3,1,3,'serviceprovider','https://serviceprovider.com'),('WSS575','WSS575Name',3,1,3,'serviceprovider','https://serviceprovider.com'),('WSS576','WSS576Name',3,1,3,'serviceprovider','https://serviceprovider.com'),('WSS577','WSS577Name',3,1,3,'serviceprovider','https://serviceprovider.com'),('WSS578','WSS578Name',3,1,3,'serviceprovider','https://serviceprovider.com'),('WSS579','WSS579Name',3,1,3,'serviceprovider','https://serviceprovider.com'),('WSS58','WSS58Name',3,1,3,'serviceprovider','https://serviceprovider.com'),('WSS580','WSS580Name',3,1,3,'serviceprovider','https://serviceprovider.com'),('WSS581','WSS581Name',3,1,3,'serviceprovider','https://serviceprovider.com'),('WSS582','WSS582Name',3,1,3,'serviceprovider','https://serviceprovider.com'),('WSS583','WSS583Name',3,1,3,'serviceprovider','https://serviceprovider.com'),('WSS584','WSS584Name',3,1,3,'serviceprovider','https://serviceprovider.com'),('WSS585','WSS585Name',3,1,3,'serviceprovider','https://serviceprovider.com'),('WSS586','WSS586Name',3,1,3,'serviceprovider','https://serviceprovider.com'),('WSS587','WSS587Name',3,1,3,'serviceprovider','https://serviceprovider.com'),('WSS588','WSS588Name',3,1,3,'serviceprovider','https://serviceprovider.com'),('WSS589','WSS589Name',3,1,3,'serviceprovider','https://serviceprovider.com'),('WSS59','WSS59Name',3,1,3,'serviceprovider','https://serviceprovider.com'),('WSS590','WSS590Name',3,1,3,'serviceprovider','https://serviceprovider.com'),('WSS591','WSS591Name',3,1,3,'serviceprovider','https://serviceprovider.com'),('WSS592','WSS592Name',3,1,3,'serviceprovider','https://serviceprovider.com'),('WSS593','WSS593Name',3,1,3,'serviceprovider','https://serviceprovider.com'),('WSS594','WSS594Name',3,1,3,'serviceprovider','https://serviceprovider.com'),('WSS595','WSS595Name',3,1,3,'serviceprovider','https://serviceprovider.com'),('WSS596','WSS596Name',3,1,3,'serviceprovider','https://serviceprovider.com'),('WSS597','WSS597Name',3,1,3,'serviceprovider','https://serviceprovider.com'),('WSS598','WSS598Name',3,1,3,'serviceprovider','https://serviceprovider.com'),('WSS599','WSS599Name',3,1,3,'serviceprovider','https://serviceprovider.com'),('WSS6','WSS6Name',3,1,3,'serviceprovider','https://serviceprovider.com'),('WSS60','WSS60Name',3,1,3,'serviceprovider','https://serviceprovider.com'),('WSS600','WSS600Name',3,1,3,'serviceprovider','https://serviceprovider.com'),('WSS601','WSS601Name',3,1,3,'serviceprovider','https://serviceprovider.com'),('WSS602','WSS602Name',3,1,3,'serviceprovider','https://serviceprovider.com'),('WSS603','WSS603Name',3,1,3,'serviceprovider','https://serviceprovider.com'),('WSS604','WSS604Name',3,1,3,'serviceprovider','https://serviceprovider.com'),('WSS605','WSS605Name',3,1,3,'serviceprovider','https://serviceprovider.com'),('WSS606','WSS606Name',3,1,3,'serviceprovider','https://serviceprovider.com'),('WSS607','WSS607Name',3,1,3,'serviceprovider','https://serviceprovider.com'),('WSS608','WSS608Name',3,1,3,'serviceprovider','https://serviceprovider.com'),('WSS609','WSS609Name',3,1,3,'serviceprovider','https://serviceprovider.com'),('WSS61','WSS61Name',3,1,3,'serviceprovider','https://serviceprovider.com'),('WSS610','WSS610Name',3,1,3,'serviceprovider','https://serviceprovider.com'),('WSS611','WSS611Name',3,1,3,'serviceprovider','https://serviceprovider.com'),('WSS612','WSS612Name',3,1,3,'serviceprovider','https://serviceprovider.com'),('WSS613','WSS613Name',3,1,3,'serviceprovider','https://serviceprovider.com'),('WSS614','WSS614Name',3,1,3,'serviceprovider','https://serviceprovider.com'),('WSS615','WSS615Name',3,1,3,'serviceprovider','https://serviceprovider.com'),('WSS616','WSS616Name',3,1,3,'serviceprovider','https://serviceprovider.com'),('WSS617','WSS617Name',3,1,3,'serviceprovider','https://serviceprovider.com'),('WSS618','WSS618Name',3,1,3,'serviceprovider','https://serviceprovider.com'),('WSS619','WSS619Name',3,1,3,'serviceprovider','https://serviceprovider.com'),('WSS62','WSS62Name',3,1,3,'serviceprovider','https://serviceprovider.com'),('WSS620','WSS620Name',3,1,3,'serviceprovider','https://serviceprovider.com'),('WSS621','WSS621Name',3,1,3,'serviceprovider','https://serviceprovider.com'),('WSS622','WSS622Name',3,1,3,'serviceprovider','https://serviceprovider.com'),('WSS623','WSS623Name',3,1,3,'serviceprovider','https://serviceprovider.com'),('WSS624','WSS624Name',3,1,3,'serviceprovider','https://serviceprovider.com'),('WSS625','WSS625Name',3,1,3,'serviceprovider','https://serviceprovider.com'),('WSS626','WSS626Name',3,1,3,'serviceprovider','https://serviceprovider.com'),('WSS627','WSS627Name',3,1,3,'serviceprovider','https://serviceprovider.com'),('WSS628','WSS628Name',3,1,3,'serviceprovider','https://serviceprovider.com'),('WSS629','WSS629Name',3,1,3,'serviceprovider','https://serviceprovider.com'),('WSS63','WSS63Name',3,1,3,'serviceprovider','https://serviceprovider.com'),('WSS630','WSS630Name',3,1,3,'serviceprovider','https://serviceprovider.com'),('WSS631','WSS631Name',3,1,3,'serviceprovider','https://serviceprovider.com'),('WSS632','WSS632Name',3,1,3,'serviceprovider','https://serviceprovider.com'),('WSS633','WSS633Name',3,1,3,'serviceprovider','https://serviceprovider.com'),('WSS634','WSS634Name',3,1,3,'serviceprovider','https://serviceprovider.com'),('WSS635','WSS635Name',3,1,3,'serviceprovider','https://serviceprovider.com'),('WSS636','WSS636Name',3,1,3,'serviceprovider','https://serviceprovider.com'),('WSS637','WSS637Name',3,1,3,'serviceprovider','https://serviceprovider.com'),('WSS638','WSS638Name',3,1,3,'serviceprovider','https://serviceprovider.com'),('WSS639','WSS639Name',3,1,3,'serviceprovider','https://serviceprovider.com'),('WSS64','WSS64Name',3,1,3,'serviceprovider','https://serviceprovider.com'),('WSS640','WSS640Name',3,1,3,'serviceprovider','https://serviceprovider.com'),('WSS641','WSS641Name',3,1,3,'serviceprovider','https://serviceprovider.com'),('WSS642','WSS642Name',3,1,3,'serviceprovider','https://serviceprovider.com'),('WSS643','WSS643Name',3,1,3,'serviceprovider','https://serviceprovider.com'),('WSS644','WSS644Name',3,1,3,'serviceprovider','https://serviceprovider.com'),('WSS645','WSS645Name',3,1,3,'serviceprovider','https://serviceprovider.com'),('WSS646','WSS646Name',3,1,3,'serviceprovider','https://serviceprovider.com'),('WSS647','WSS647Name',3,1,3,'serviceprovider','https://serviceprovider.com'),('WSS648','WSS648Name',3,1,3,'serviceprovider','https://serviceprovider.com'),('WSS649','WSS649Name',3,1,3,'serviceprovider','https://serviceprovider.com'),('WSS65','WSS65Name',3,1,3,'serviceprovider','https://serviceprovider.com'),('WSS650','WSS650Name',3,1,3,'serviceprovider','https://serviceprovider.com'),('WSS651','WSS651Name',3,1,3,'serviceprovider','https://serviceprovider.com'),('WSS652','WSS652Name',3,1,3,'serviceprovider','https://serviceprovider.com'),('WSS653','WSS653Name',3,1,3,'serviceprovider','https://serviceprovider.com'),('WSS654','WSS654Name',3,1,3,'serviceprovider','https://serviceprovider.com'),('WSS655','WSS655Name',3,1,3,'serviceprovider','https://serviceprovider.com'),('WSS656','WSS656Name',3,1,3,'serviceprovider','https://serviceprovider.com'),('WSS657','WSS657Name',3,1,3,'serviceprovider','https://serviceprovider.com'),('WSS658','WSS658Name',3,1,3,'serviceprovider','https://serviceprovider.com'),('WSS659','WSS659Name',3,1,3,'serviceprovider','https://serviceprovider.com'),('WSS66','WSS66Name',3,1,3,'serviceprovider','https://serviceprovider.com'),('WSS660','WSS660Name',3,1,3,'serviceprovider','https://serviceprovider.com'),('WSS661','WSS661Name',3,1,3,'serviceprovider','https://serviceprovider.com'),('WSS662','WSS662Name',3,1,3,'serviceprovider','https://serviceprovider.com'),('WSS663','WSS663Name',3,1,3,'serviceprovider','https://serviceprovider.com'),('WSS664','WSS664Name',3,1,3,'serviceprovider','https://serviceprovider.com'),('WSS665','WSS665Name',3,1,3,'serviceprovider','https://serviceprovider.com'),('WSS666','WSS666Name',3,1,3,'serviceprovider','https://serviceprovider.com'),('WSS667','WSS667Name',3,1,3,'serviceprovider','https://serviceprovider.com'),('WSS668','WSS668Name',3,1,3,'serviceprovider','https://serviceprovider.com'),('WSS669','WSS669Name',3,1,3,'serviceprovider','https://serviceprovider.com'),('WSS67','WSS67Name',3,1,3,'serviceprovider','https://serviceprovider.com'),('WSS670','WSS670Name',3,1,3,'serviceprovider','https://serviceprovider.com'),('WSS671','WSS671Name',3,1,3,'serviceprovider','https://serviceprovider.com'),('WSS672','WSS672Name',3,1,3,'serviceprovider','https://serviceprovider.com'),('WSS673','WSS673Name',3,1,3,'serviceprovider','https://serviceprovider.com'),('WSS674','WSS674Name',3,1,3,'serviceprovider','https://serviceprovider.com'),('WSS675','WSS675Name',3,1,3,'serviceprovider','https://serviceprovider.com'),('WSS676','WSS676Name',3,1,3,'serviceprovider','https://serviceprovider.com'),('WSS677','WSS677Name',3,1,3,'serviceprovider','https://serviceprovider.com'),('WSS678','WSS678Name',3,1,3,'serviceprovider','https://serviceprovider.com'),('WSS679','WSS679Name',3,1,3,'serviceprovider','https://serviceprovider.com'),('WSS68','WSS68Name',3,1,3,'serviceprovider','https://serviceprovider.com'),('WSS680','WSS680Name',3,1,3,'serviceprovider','https://serviceprovider.com'),('WSS681','WSS681Name',3,1,3,'serviceprovider','https://serviceprovider.com'),('WSS682','WSS682Name',3,1,3,'serviceprovider','https://serviceprovider.com'),('WSS683','WSS683Name',3,1,3,'serviceprovider','https://serviceprovider.com'),('WSS684','WSS684Name',3,1,3,'serviceprovider','https://serviceprovider.com'),('WSS685','WSS685Name',3,1,3,'serviceprovider','https://serviceprovider.com'),('WSS686','WSS686Name',3,1,3,'serviceprovider','https://serviceprovider.com'),('WSS687','WSS687Name',3,1,3,'serviceprovider','https://serviceprovider.com'),('WSS688','WSS688Name',3,1,3,'serviceprovider','https://serviceprovider.com'),('WSS689','WSS689Name',3,1,3,'serviceprovider','https://serviceprovider.com'),('WSS69','WSS69Name',3,1,3,'serviceprovider','https://serviceprovider.com'),('WSS690','WSS690Name',3,1,3,'serviceprovider','https://serviceprovider.com'),('WSS691','WSS691Name',3,1,3,'serviceprovider','https://serviceprovider.com'),('WSS692','WSS692Name',3,1,3,'serviceprovider','https://serviceprovider.com'),('WSS693','WSS693Name',3,1,3,'serviceprovider','https://serviceprovider.com'),('WSS694','WSS694Name',3,1,3,'serviceprovider','https://serviceprovider.com'),('WSS695','WSS695Name',3,1,3,'serviceprovider','https://serviceprovider.com'),('WSS696','WSS696Name',3,1,3,'serviceprovider','https://serviceprovider.com'),('WSS697','WSS697Name',3,1,3,'serviceprovider','https://serviceprovider.com'),('WSS698','WSS698Name',3,1,3,'serviceprovider','https://serviceprovider.com'),('WSS699','WSS699Name',3,1,3,'serviceprovider','https://serviceprovider.com'),('WSS7','WSS7Name',3,1,3,'serviceprovider','https://serviceprovider.com'),('WSS70','WSS70Name',3,1,3,'serviceprovider','https://serviceprovider.com'),('WSS700','WSS700Name',3,1,3,'serviceprovider','https://serviceprovider.com'),('WSS71','WSS71Name',3,1,3,'serviceprovider','https://serviceprovider.com'),('WSS72','WSS72Name',3,1,3,'serviceprovider','https://serviceprovider.com'),('WSS73','WSS73Name',3,1,3,'serviceprovider','https://serviceprovider.com'),('WSS74','WSS74Name',3,1,3,'serviceprovider','https://serviceprovider.com'),('WSS75','WSS75Name',3,1,3,'serviceprovider','https://serviceprovider.com'),('WSS76','WSS76Name',3,1,3,'serviceprovider','https://serviceprovider.com'),('WSS77','WSS77Name',3,1,3,'serviceprovider','https://serviceprovider.com'),('WSS78','WSS78Name',3,1,3,'serviceprovider','https://serviceprovider.com'),('WSS79','WSS79Name',3,1,3,'serviceprovider','https://serviceprovider.com'),('WSS8','WSS8Name',3,1,3,'serviceprovider','https://serviceprovider.com'),('WSS80','WSS80Name',3,1,3,'serviceprovider','https://serviceprovider.com'),('WSS81','WSS81Name',3,1,3,'serviceprovider','https://serviceprovider.com'),('WSS82','WSS82Name',3,1,3,'serviceprovider','https://serviceprovider.com'),('WSS83','WSS83Name',3,1,3,'serviceprovider','https://serviceprovider.com'),('WSS84','WSS84Name',3,1,3,'serviceprovider','https://serviceprovider.com'),('WSS85','WSS85Name',3,1,3,'serviceprovider','https://serviceprovider.com'),('WSS86','WSS86Name',3,1,3,'serviceprovider','https://serviceprovider.com'),('WSS87','WSS87Name',3,1,3,'serviceprovider','https://serviceprovider.com'),('WSS88','WSS88Name',3,1,3,'serviceprovider','https://serviceprovider.com'),('WSS89','WSS89Name',3,1,3,'serviceprovider','https://serviceprovider.com'),('WSS9','WSS9Name',3,1,3,'serviceprovider','https://serviceprovider.com'),('WSS90','WSS90Name',3,1,3,'serviceprovider','https://serviceprovider.com'),('WSS91','WSS91Name',3,1,3,'serviceprovider','https://serviceprovider.com'),('WSS92','WSS92Name',3,1,3,'serviceprovider','https://serviceprovider.com'),('WSS93','WSS93Name',3,1,3,'serviceprovider','https://serviceprovider.com'),('WSS94','WSS94Name',3,1,3,'serviceprovider','https://serviceprovider.com'),('WSS95','WSS95Name',3,1,3,'serviceprovider','https://serviceprovider.com'),('WSS96','WSS96Name',3,1,3,'serviceprovider','https://serviceprovider.com'),('WSS97','WSS97Name',3,1,3,'serviceprovider','https://serviceprovider.com'),('WSS98','WSS98Name',3,1,3,'serviceprovider','https://serviceprovider.com'),('WSS99','WSS99Name',3,1,3,'serviceprovider','https://serviceprovider.com');
/*!40000 ALTER TABLE `webservicelist` ENABLE KEYS */;
UNLOCK TABLES;
/*!40103 SET TIME_ZONE=@OLD_TIME_ZONE */;

/*!40101 SET SQL_MODE=@OLD_SQL_MODE */;
/*!40014 SET FOREIGN_KEY_CHECKS=@OLD_FOREIGN_KEY_CHECKS */;
/*!40014 SET UNIQUE_CHECKS=@OLD_UNIQUE_CHECKS */;
/*!40101 SET CHARACTER_SET_CLIENT=@OLD_CHARACTER_SET_CLIENT */;
/*!40101 SET CHARACTER_SET_RESULTS=@OLD_CHARACTER_SET_RESULTS */;
/*!40101 SET COLLATION_CONNECTION=@OLD_COLLATION_CONNECTION */;
/*!40111 SET SQL_NOTES=@OLD_SQL_NOTES */;

-- Dump completed on 2023-07-06  9:50:44
