-- MySQL dump 10.13  Distrib 8.0.32, for Win64 (x86_64)
--
-- Host: localhost    Database: autowscs
-- ------------------------------------------------------
-- Server version	8.0.32

/*!40101 SET @OLD_CHARACTER_SET_CLIENT=@@CHARACTER_SET_CLIENT */;
/*!40101 SET @OLD_CHARACTER_SET_RESULTS=@@CHARACTER_SET_RESULTS */;
/*!40101 SET @OLD_COLLATION_CONNECTION=@@COLLATION_CONNECTION */;
/*!50503 SET NAMES utf8mb4 */;
/*!40103 SET @OLD_TIME_ZONE=@@TIME_ZONE */;
/*!40103 SET TIME_ZONE='+00:00' */;
/*!40014 SET @OLD_UNIQUE_CHECKS=@@UNIQUE_CHECKS, UNIQUE_CHECKS=0 */;
/*!40014 SET @OLD_FOREIGN_KEY_CHECKS=@@FOREIGN_KEY_CHECKS, FOREIGN_KEY_CHECKS=0 */;
/*!40101 SET @OLD_SQL_MODE=@@SQL_MODE, SQL_MODE='NO_AUTO_VALUE_ON_ZERO' */;
/*!40111 SET @OLD_SQL_NOTES=@@SQL_NOTES, SQL_NOTES=0 */;

--
-- Table structure for table `auth_group`
--

DROP TABLE IF EXISTS `auth_group`;
/*!40101 SET @saved_cs_client     = @@character_set_client */;
/*!50503 SET character_set_client = utf8mb4 */;
CREATE TABLE `auth_group` (
  `id` int NOT NULL AUTO_INCREMENT,
  `name` varchar(80) NOT NULL,
  PRIMARY KEY (`id`),
  UNIQUE KEY `name` (`name`)
) ENGINE=InnoDB DEFAULT CHARSET=latin1;
/*!40101 SET character_set_client = @saved_cs_client */;

--
-- Dumping data for table `auth_group`
--

LOCK TABLES `auth_group` WRITE;
/*!40000 ALTER TABLE `auth_group` DISABLE KEYS */;
/*!40000 ALTER TABLE `auth_group` ENABLE KEYS */;
UNLOCK TABLES;

--
-- Table structure for table `auth_group_permissions`
--

DROP TABLE IF EXISTS `auth_group_permissions`;
/*!40101 SET @saved_cs_client     = @@character_set_client */;
/*!50503 SET character_set_client = utf8mb4 */;
CREATE TABLE `auth_group_permissions` (
  `id` int NOT NULL AUTO_INCREMENT,
  `group_id` int NOT NULL,
  `permission_id` int NOT NULL,
  PRIMARY KEY (`id`),
  UNIQUE KEY `auth_group_permissions_group_id_permission_id_0cd325b0_uniq` (`group_id`,`permission_id`),
  KEY `auth_group_permissio_permission_id_84c5c92e_fk_auth_perm` (`permission_id`),
  CONSTRAINT `auth_group_permissio_permission_id_84c5c92e_fk_auth_perm` FOREIGN KEY (`permission_id`) REFERENCES `auth_permission` (`id`),
  CONSTRAINT `auth_group_permissions_group_id_b120cbf9_fk_auth_group_id` FOREIGN KEY (`group_id`) REFERENCES `auth_group` (`id`)
) ENGINE=InnoDB DEFAULT CHARSET=latin1;
/*!40101 SET character_set_client = @saved_cs_client */;

--
-- Dumping data for table `auth_group_permissions`
--

LOCK TABLES `auth_group_permissions` WRITE;
/*!40000 ALTER TABLE `auth_group_permissions` DISABLE KEYS */;
/*!40000 ALTER TABLE `auth_group_permissions` ENABLE KEYS */;
UNLOCK TABLES;

--
-- Table structure for table `auth_permission`
--

DROP TABLE IF EXISTS `auth_permission`;
/*!40101 SET @saved_cs_client     = @@character_set_client */;
/*!50503 SET character_set_client = utf8mb4 */;
CREATE TABLE `auth_permission` (
  `id` int NOT NULL AUTO_INCREMENT,
  `name` varchar(255) NOT NULL,
  `content_type_id` int NOT NULL,
  `codename` varchar(100) NOT NULL,
  PRIMARY KEY (`id`),
  UNIQUE KEY `auth_permission_content_type_id_codename_01ab375a_uniq` (`content_type_id`,`codename`),
  CONSTRAINT `auth_permission_content_type_id_2f476e4b_fk_django_co` FOREIGN KEY (`content_type_id`) REFERENCES `django_content_type` (`id`)
) ENGINE=InnoDB AUTO_INCREMENT=25 DEFAULT CHARSET=latin1;
/*!40101 SET character_set_client = @saved_cs_client */;

--
-- Dumping data for table `auth_permission`
--

LOCK TABLES `auth_permission` WRITE;
/*!40000 ALTER TABLE `auth_permission` DISABLE KEYS */;
INSERT INTO `auth_permission` VALUES (1,'Can add log entry',1,'add_logentry'),(2,'Can change log entry',1,'change_logentry'),(3,'Can delete log entry',1,'delete_logentry'),(4,'Can view log entry',1,'view_logentry'),(5,'Can add permission',2,'add_permission'),(6,'Can change permission',2,'change_permission'),(7,'Can delete permission',2,'delete_permission'),(8,'Can view permission',2,'view_permission'),(9,'Can add group',3,'add_group'),(10,'Can change group',3,'change_group'),(11,'Can delete group',3,'delete_group'),(12,'Can view group',3,'view_group'),(13,'Can add user',4,'add_user'),(14,'Can change user',4,'change_user'),(15,'Can delete user',4,'delete_user'),(16,'Can view user',4,'view_user'),(17,'Can add content type',5,'add_contenttype'),(18,'Can change content type',5,'change_contenttype'),(19,'Can delete content type',5,'delete_contenttype'),(20,'Can view content type',5,'view_contenttype'),(21,'Can add session',6,'add_session'),(22,'Can change session',6,'change_session'),(23,'Can delete session',6,'delete_session'),(24,'Can view session',6,'view_session');
/*!40000 ALTER TABLE `auth_permission` ENABLE KEYS */;
UNLOCK TABLES;

--
-- Table structure for table `auth_user`
--

DROP TABLE IF EXISTS `auth_user`;
/*!40101 SET @saved_cs_client     = @@character_set_client */;
/*!50503 SET character_set_client = utf8mb4 */;
CREATE TABLE `auth_user` (
  `id` int NOT NULL AUTO_INCREMENT,
  `password` varchar(128) NOT NULL,
  `last_login` datetime(6) DEFAULT NULL,
  `is_superuser` tinyint(1) NOT NULL,
  `username` varchar(150) NOT NULL,
  `first_name` varchar(30) NOT NULL,
  `last_name` varchar(150) NOT NULL,
  `email` varchar(254) NOT NULL,
  `is_staff` tinyint(1) NOT NULL,
  `is_active` tinyint(1) NOT NULL,
  `date_joined` datetime(6) NOT NULL,
  PRIMARY KEY (`id`),
  UNIQUE KEY `username` (`username`)
) ENGINE=InnoDB AUTO_INCREMENT=2 DEFAULT CHARSET=latin1;
/*!40101 SET character_set_client = @saved_cs_client */;

--
-- Dumping data for table `auth_user`
--

LOCK TABLES `auth_user` WRITE;
/*!40000 ALTER TABLE `auth_user` DISABLE KEYS */;
INSERT INTO `auth_user` VALUES (1,'pbkdf2_sha256$120000$t1PV0MeFrM2P$mdFVt5O/PMrM6U6PP4ei7LDjVNuN0OJi97bq+oRxpQg=','2020-10-19 22:21:14.385392',0,'kgayke','','','k2gaike@gmail.com',0,1,'2020-10-19 22:21:13.589791');
/*!40000 ALTER TABLE `auth_user` ENABLE KEYS */;
UNLOCK TABLES;

--
-- Table structure for table `auth_user_groups`
--

DROP TABLE IF EXISTS `auth_user_groups`;
/*!40101 SET @saved_cs_client     = @@character_set_client */;
/*!50503 SET character_set_client = utf8mb4 */;
CREATE TABLE `auth_user_groups` (
  `id` int NOT NULL AUTO_INCREMENT,
  `user_id` int NOT NULL,
  `group_id` int NOT NULL,
  PRIMARY KEY (`id`),
  UNIQUE KEY `auth_user_groups_user_id_group_id_94350c0c_uniq` (`user_id`,`group_id`),
  KEY `auth_user_groups_group_id_97559544_fk_auth_group_id` (`group_id`),
  CONSTRAINT `auth_user_groups_group_id_97559544_fk_auth_group_id` FOREIGN KEY (`group_id`) REFERENCES `auth_group` (`id`),
  CONSTRAINT `auth_user_groups_user_id_6a12ed8b_fk_auth_user_id` FOREIGN KEY (`user_id`) REFERENCES `auth_user` (`id`)
) ENGINE=InnoDB DEFAULT CHARSET=latin1;
/*!40101 SET character_set_client = @saved_cs_client */;

--
-- Dumping data for table `auth_user_groups`
--

LOCK TABLES `auth_user_groups` WRITE;
/*!40000 ALTER TABLE `auth_user_groups` DISABLE KEYS */;
/*!40000 ALTER TABLE `auth_user_groups` ENABLE KEYS */;
UNLOCK TABLES;

--
-- Table structure for table `auth_user_user_permissions`
--

DROP TABLE IF EXISTS `auth_user_user_permissions`;
/*!40101 SET @saved_cs_client     = @@character_set_client */;
/*!50503 SET character_set_client = utf8mb4 */;
CREATE TABLE `auth_user_user_permissions` (
  `id` int NOT NULL AUTO_INCREMENT,
  `user_id` int NOT NULL,
  `permission_id` int NOT NULL,
  PRIMARY KEY (`id`),
  UNIQUE KEY `auth_user_user_permissions_user_id_permission_id_14a6b632_uniq` (`user_id`,`permission_id`),
  KEY `auth_user_user_permi_permission_id_1fbb5f2c_fk_auth_perm` (`permission_id`),
  CONSTRAINT `auth_user_user_permi_permission_id_1fbb5f2c_fk_auth_perm` FOREIGN KEY (`permission_id`) REFERENCES `auth_permission` (`id`),
  CONSTRAINT `auth_user_user_permissions_user_id_a95ead1b_fk_auth_user_id` FOREIGN KEY (`user_id`) REFERENCES `auth_user` (`id`)
) ENGINE=InnoDB DEFAULT CHARSET=latin1;
/*!40101 SET character_set_client = @saved_cs_client */;

--
-- Dumping data for table `auth_user_user_permissions`
--

LOCK TABLES `auth_user_user_permissions` WRITE;
/*!40000 ALTER TABLE `auth_user_user_permissions` DISABLE KEYS */;
/*!40000 ALTER TABLE `auth_user_user_permissions` ENABLE KEYS */;
UNLOCK TABLES;

--
-- Table structure for table `careerpath`
--

DROP TABLE IF EXISTS `careerpath`;
/*!40101 SET @saved_cs_client     = @@character_set_client */;
/*!50503 SET character_set_client = utf8mb4 */;
CREATE TABLE `careerpath` (
  `careerPathID` char(4) NOT NULL,
  `careerPathName` varchar(50) DEFAULT NULL,
  PRIMARY KEY (`careerPathID`)
) ENGINE=InnoDB DEFAULT CHARSET=latin1;
/*!40101 SET character_set_client = @saved_cs_client */;

--
-- Dumping data for table `careerpath`
--

LOCK TABLES `careerpath` WRITE;
/*!40000 ALTER TABLE `careerpath` DISABLE KEYS */;
INSERT INTO `careerpath` VALUES ('C100','Data Analyst');
/*!40000 ALTER TABLE `careerpath` ENABLE KEYS */;
UNLOCK TABLES;

--
-- Table structure for table `django_admin_log`
--

DROP TABLE IF EXISTS `django_admin_log`;
/*!40101 SET @saved_cs_client     = @@character_set_client */;
/*!50503 SET character_set_client = utf8mb4 */;
CREATE TABLE `django_admin_log` (
  `id` int NOT NULL AUTO_INCREMENT,
  `action_time` datetime(6) NOT NULL,
  `object_id` longtext,
  `object_repr` varchar(200) NOT NULL,
  `action_flag` smallint unsigned NOT NULL,
  `change_message` longtext NOT NULL,
  `content_type_id` int DEFAULT NULL,
  `user_id` int NOT NULL,
  PRIMARY KEY (`id`),
  KEY `django_admin_log_content_type_id_c4bce8eb_fk_django_co` (`content_type_id`),
  KEY `django_admin_log_user_id_c564eba6_fk_auth_user_id` (`user_id`),
  CONSTRAINT `django_admin_log_content_type_id_c4bce8eb_fk_django_co` FOREIGN KEY (`content_type_id`) REFERENCES `django_content_type` (`id`),
  CONSTRAINT `django_admin_log_user_id_c564eba6_fk_auth_user_id` FOREIGN KEY (`user_id`) REFERENCES `auth_user` (`id`)
) ENGINE=InnoDB DEFAULT CHARSET=latin1;
/*!40101 SET character_set_client = @saved_cs_client */;

--
-- Dumping data for table `django_admin_log`
--

LOCK TABLES `django_admin_log` WRITE;
/*!40000 ALTER TABLE `django_admin_log` DISABLE KEYS */;
/*!40000 ALTER TABLE `django_admin_log` ENABLE KEYS */;
UNLOCK TABLES;

--
-- Table structure for table `django_content_type`
--

DROP TABLE IF EXISTS `django_content_type`;
/*!40101 SET @saved_cs_client     = @@character_set_client */;
/*!50503 SET character_set_client = utf8mb4 */;
CREATE TABLE `django_content_type` (
  `id` int NOT NULL AUTO_INCREMENT,
  `app_label` varchar(100) NOT NULL,
  `model` varchar(100) NOT NULL,
  PRIMARY KEY (`id`),
  UNIQUE KEY `django_content_type_app_label_model_76bd3d3b_uniq` (`app_label`,`model`)
) ENGINE=InnoDB AUTO_INCREMENT=7 DEFAULT CHARSET=latin1;
/*!40101 SET character_set_client = @saved_cs_client */;

--
-- Dumping data for table `django_content_type`
--

LOCK TABLES `django_content_type` WRITE;
/*!40000 ALTER TABLE `django_content_type` DISABLE KEYS */;
INSERT INTO `django_content_type` VALUES (1,'admin','logentry'),(3,'auth','group'),(2,'auth','permission'),(4,'auth','user'),(5,'contenttypes','contenttype'),(6,'sessions','session');
/*!40000 ALTER TABLE `django_content_type` ENABLE KEYS */;
UNLOCK TABLES;

--
-- Table structure for table `django_migrations`
--

DROP TABLE IF EXISTS `django_migrations`;
/*!40101 SET @saved_cs_client     = @@character_set_client */;
/*!50503 SET character_set_client = utf8mb4 */;
CREATE TABLE `django_migrations` (
  `id` int NOT NULL AUTO_INCREMENT,
  `app` varchar(255) NOT NULL,
  `name` varchar(255) NOT NULL,
  `applied` datetime(6) NOT NULL,
  PRIMARY KEY (`id`)
) ENGINE=InnoDB AUTO_INCREMENT=16 DEFAULT CHARSET=latin1;
/*!40101 SET character_set_client = @saved_cs_client */;

--
-- Dumping data for table `django_migrations`
--

LOCK TABLES `django_migrations` WRITE;
/*!40000 ALTER TABLE `django_migrations` DISABLE KEYS */;
INSERT INTO `django_migrations` VALUES (1,'contenttypes','0001_initial','2020-03-09 23:45:06.538733'),(2,'auth','0001_initial','2020-03-09 23:45:10.018233'),(3,'admin','0001_initial','2020-03-09 23:45:11.118233'),(4,'admin','0002_logentry_remove_auto_add','2020-03-09 23:45:11.139233'),(5,'admin','0003_logentry_add_action_flag_choices','2020-03-09 23:45:11.169233'),(6,'contenttypes','0002_remove_content_type_name','2020-03-09 23:45:11.498233'),(7,'auth','0002_alter_permission_name_max_length','2020-03-09 23:45:11.539233'),(8,'auth','0003_alter_user_email_max_length','2020-03-09 23:45:11.619233'),(9,'auth','0004_alter_user_username_opts','2020-03-09 23:45:11.629233'),(10,'auth','0005_alter_user_last_login_null','2020-03-09 23:45:11.770233'),(11,'auth','0006_require_contenttypes_0002','2020-03-09 23:45:11.810233'),(12,'auth','0007_alter_validators_add_error_messages','2020-03-09 23:45:11.820233'),(13,'auth','0008_alter_user_username_max_length','2020-03-09 23:45:11.831233'),(14,'auth','0009_alter_user_last_name_max_length','2020-03-09 23:45:11.949233'),(15,'sessions','0001_initial','2020-03-09 23:45:12.140233');
/*!40000 ALTER TABLE `django_migrations` ENABLE KEYS */;
UNLOCK TABLES;

--
-- Table structure for table `django_session`
--

DROP TABLE IF EXISTS `django_session`;
/*!40101 SET @saved_cs_client     = @@character_set_client */;
/*!50503 SET character_set_client = utf8mb4 */;
CREATE TABLE `django_session` (
  `session_key` varchar(40) NOT NULL,
  `session_data` longtext NOT NULL,
  `expire_date` datetime(6) NOT NULL,
  PRIMARY KEY (`session_key`),
  KEY `django_session_expire_date_a5c62663` (`expire_date`)
) ENGINE=InnoDB DEFAULT CHARSET=latin1;
/*!40101 SET character_set_client = @saved_cs_client */;

--
-- Dumping data for table `django_session`
--

LOCK TABLES `django_session` WRITE;
/*!40000 ALTER TABLE `django_session` DISABLE KEYS */;
INSERT INTO `django_session` VALUES ('tyl1c5xdi2x8x2jwg76rgv4m7k8zrh9f','Y2FhMTEwYWE3NTdhZjlkMTFkYzhlMDM0OGM4NTU4YzVjZGQwZDM0Njp7Il9hdXRoX3VzZXJfaWQiOiIxIiwiX2F1dGhfdXNlcl9iYWNrZW5kIjoiZGphbmdvLmNvbnRyaWIuYXV0aC5iYWNrZW5kcy5Nb2RlbEJhY2tlbmQiLCJfYXV0aF91c2VyX2hhc2giOiJmMzIyNjA4ZWY3OTQ5MWYwMTUwOGMyMDFlMDIzZmRjNjI3MTU4N2IzIn0=','2020-11-02 22:21:14.400992');
/*!40000 ALTER TABLE `django_session` ENABLE KEYS */;
UNLOCK TABLES;

--
-- Table structure for table `initialgoalparameter`
--

DROP TABLE IF EXISTS `initialgoalparameter`;
/*!40101 SET @saved_cs_client     = @@character_set_client */;
/*!50503 SET character_set_client = utf8mb4 */;
CREATE TABLE `initialgoalparameter` (
  `transactionID` bigint NOT NULL,
  `iorg` varchar(10) NOT NULL,
  `parameterID` varchar(10) NOT NULL,
  PRIMARY KEY (`transactionID`,`iorg`,`parameterID`),
  KEY `knowledgeID` (`parameterID`),
  CONSTRAINT `initialgoalparameter_ibfk_1` FOREIGN KEY (`parameterID`) REFERENCES `parameterlist` (`parameterID`)
) ENGINE=InnoDB DEFAULT CHARSET=latin1;
/*!40101 SET character_set_client = @saved_cs_client */;

--
-- Dumping data for table `initialgoalparameter`
--

LOCK TABLES `initialgoalparameter` WRITE;
/*!40000 ALTER TABLE `initialgoalparameter` DISABLE KEYS */;
INSERT INTO `initialgoalparameter` VALUES (2,'G','p1'),(3,'I','p1'),(5,'G','p1'),(8,'I','p1'),(10,'I','p1'),(11,'I','p1'),(18,'I','p1'),(19,'I','p1'),(20,'G','p1'),(22,'I','p1'),(23,'I','p1'),(24,'I','p1'),(26,'G','p1'),(28,'I','p1'),(29,'G','p1'),(30,'G','p1'),(6,'G','p10'),(10,'I','p10'),(22,'G','p10'),(26,'I','p10'),(29,'G','p10'),(2,'I','p11'),(5,'I','p11'),(9,'I','p11'),(13,'G','p11'),(14,'G','p11'),(15,'I','p11'),(17,'G','p11'),(18,'I','p11'),(23,'G','p11'),(30,'G','p11'),(7,'G','p12'),(10,'G','p12'),(17,'I','p12'),(23,'G','p12'),(27,'I','p12'),(30,'I','p12'),(3,'I','p13'),(8,'G','p13'),(10,'G','p13'),(11,'I','p13'),(12,'I','p13'),(15,'G','p13'),(16,'I','p13'),(17,'G','p13'),(18,'G','p13'),(21,'I','p13'),(22,'I','p13'),(26,'I','p13'),(2,'G','p14'),(3,'G','p14'),(6,'I','p14'),(7,'G','p14'),(14,'I','p14'),(16,'G','p14'),(19,'G','p14'),(20,'G','p14'),(23,'G','p14'),(25,'G','p14'),(26,'G','p14'),(27,'I','p14'),(28,'I','p14'),(30,'G','p14'),(8,'G','p15'),(9,'I','p15'),(12,'I','p15'),(19,'I','p15'),(24,'G','p15'),(29,'I','p15'),(2,'I','p16'),(3,'I','p16'),(4,'G','p16'),(5,'I','p16'),(7,'I','p16'),(9,'G','p16'),(10,'I','p16'),(11,'G','p16'),(13,'G','p16'),(14,'I','p16'),(17,'G','p16'),(18,'G','p16'),(19,'G','p16'),(20,'I','p16'),(21,'I','p16'),(27,'G','p16'),(1,'I','p17'),(9,'I','p17'),(13,'I','p17'),(17,'I','p17'),(18,'G','p17'),(22,'G','p17'),(24,'I','p17'),(26,'I','p17'),(30,'I','p17'),(4,'I','p18'),(6,'I','p18'),(7,'I','p18'),(10,'I','p18'),(13,'G','p18'),(17,'I','p18'),(18,'G','p18'),(21,'I','p18'),(22,'G','p18'),(27,'G','p18'),(29,'G','p18'),(1,'I','p19'),(4,'I','p19'),(5,'G','p19'),(11,'I','p19'),(12,'I','p19'),(16,'I','p19'),(17,'I','p19'),(20,'I','p19'),(22,'I','p19'),(25,'I','p19'),(2,'G','p2'),(3,'G','p2'),(6,'I','p2'),(9,'I','p2'),(18,'I','p2'),(22,'I','p2'),(24,'I','p2'),(25,'G','p2'),(28,'I','p2'),(1,'I','p20'),(2,'I','p20'),(5,'I','p20'),(6,'G','p20'),(9,'G','p20'),(13,'I','p20'),(25,'G','p20'),(29,'I','p20'),(3,'G','p21'),(5,'G','p21'),(7,'G','p21'),(8,'I','p21'),(9,'G','p21'),(11,'I','p21'),(12,'G','p21'),(15,'I','p21'),(23,'I','p21'),(25,'I','p21'),(26,'G','p21'),(27,'G','p21'),(28,'G','p21'),(2,'I','p22'),(6,'G','p22'),(9,'I','p22'),(10,'I','p22'),(11,'I','p22'),(14,'I','p22'),(19,'I','p22'),(21,'G','p22'),(24,'I','p22'),(6,'I','p23'),(8,'I','p23'),(11,'G','p23'),(15,'I','p23'),(16,'I','p23'),(19,'I','p23'),(20,'G','p23'),(21,'G','p23'),(22,'I','p23'),(23,'I','p23'),(28,'G','p23'),(1,'G','p24'),(3,'G','p24'),(8,'I','p24'),(12,'G','p24'),(15,'I','p24'),(19,'G','p24'),(27,'I','p24'),(4,'I','p25'),(5,'I','p25'),(7,'I','p25'),(12,'I','p25'),(14,'G','p25'),(20,'G','p25'),(21,'G','p25'),(23,'G','p25'),(28,'I','p25'),(10,'G','p26'),(11,'G','p26'),(12,'G','p26'),(14,'I','p26'),(16,'I','p26'),(18,'I','p26'),(21,'I','p26'),(24,'I','p26'),(26,'I','p26'),(28,'I','p26'),(29,'I','p26'),(1,'G','p27'),(4,'G','p27'),(12,'I','p27'),(14,'G','p27'),(16,'G','p27'),(21,'I','p27'),(23,'I','p27'),(24,'I','p27'),(26,'G','p27'),(29,'I','p27'),(4,'I','p28'),(6,'I','p28'),(7,'G','p28'),(8,'G','p28'),(9,'I','p28'),(14,'I','p28'),(15,'I','p28'),(16,'I','p28'),(27,'G','p28'),(30,'G','p28'),(1,'I','p29'),(3,'I','p29'),(6,'G','p29'),(7,'I','p29'),(8,'G','p29'),(12,'I','p29'),(13,'I','p29'),(19,'I','p29'),(22,'I','p29'),(25,'I','p29'),(27,'I','p29'),(28,'I','p29'),(1,'I','p3'),(2,'I','p3'),(4,'G','p3'),(5,'G','p3'),(7,'I','p3'),(8,'I','p3'),(13,'G','p3'),(17,'G','p3'),(19,'I','p3'),(20,'I','p3'),(21,'G','p3'),(29,'I','p3'),(30,'I','p3'),(2,'G','p30'),(3,'I','p30'),(4,'I','p30'),(15,'I','p30'),(16,'I','p30'),(20,'I','p30'),(21,'I','p30'),(22,'G','p30'),(25,'I','p30'),(26,'I','p30'),(29,'I','p30'),(30,'I','p30'),(1,'G','p4'),(8,'I','p4'),(12,'G','p4'),(13,'I','p4'),(15,'G','p4'),(18,'I','p4'),(20,'I','p4'),(23,'I','p4'),(29,'G','p4'),(3,'I','p5'),(4,'I','p5'),(5,'I','p5'),(10,'I','p5'),(15,'G','p5'),(17,'I','p5'),(24,'G','p5'),(25,'I','p5'),(27,'I','p5'),(5,'I','p6'),(9,'G','p6'),(14,'I','p6'),(16,'G','p6'),(20,'I','p6'),(24,'G','p6'),(25,'G','p6'),(28,'G','p6'),(1,'G','p7'),(7,'I','p7'),(13,'I','p7'),(16,'G','p7'),(17,'I','p7'),(18,'I','p7'),(19,'G','p7'),(30,'I','p7'),(1,'I','p8'),(2,'I','p8'),(4,'G','p8'),(6,'I','p8'),(10,'G','p8'),(11,'G','p8'),(14,'G','p8'),(15,'G','p8'),(23,'I','p8'),(26,'I','p8'),(11,'I','p9'),(13,'I','p9'),(24,'G','p9'),(25,'I','p9'),(27,'I','p9'),(28,'G','p9'),(30,'I','p9');
/*!40000 ALTER TABLE `initialgoalparameter` ENABLE KEYS */;
UNLOCK TABLES;

--
-- Table structure for table `inputparameter`
--

DROP TABLE IF EXISTS `inputparameter`;
/*!40101 SET @saved_cs_client     = @@character_set_client */;
/*!50503 SET character_set_client = utf8mb4 */;
CREATE TABLE `inputparameter` (
  `webServiceID` varchar(10) NOT NULL,
  `parameterID` varchar(10) NOT NULL,
  PRIMARY KEY (`webServiceID`,`parameterID`),
  KEY `knowledgeID` (`parameterID`)
) ENGINE=InnoDB DEFAULT CHARSET=latin1;
/*!40101 SET character_set_client = @saved_cs_client */;

--
-- Dumping data for table `inputparameter`
--

LOCK TABLES `inputparameter` WRITE;
/*!40000 ALTER TABLE `inputparameter` DISABLE KEYS */;
INSERT INTO `inputparameter` VALUES ('WSS11','p1'),('WSS121','p1'),('WSS138','p1'),('WSS146','p1'),('WSS148','p1'),('WSS154','p1'),('WSS162','p1'),('WSS163','p1'),('WSS241','p1'),('WSS243','p1'),('WSS244','p1'),('WSS248','p1'),('WSS255','p1'),('WSS262','p1'),('WSS264','p1'),('WSS271','p1'),('WSS288','p1'),('WSS31','p1'),('WSS312','p1'),('WSS313','p1'),('WSS323','p1'),('WSS325','p1'),('WSS328','p1'),('WSS334','p1'),('WSS340','p1'),('WSS352','p1'),('WSS353','p1'),('WSS354','p1'),('WSS421','p1'),('WSS434','p1'),('WSS456','p1'),('WSS496','p1'),('WSS508','p1'),('WSS513','p1'),('WSS52','p1'),('WSS531','p1'),('WSS534','p1'),('WSS538','p1'),('WSS556','p1'),('WSS577','p1'),('WSS590','p1'),('WSS598','p1'),('WSS604','p1'),('WSS614','p1'),('WSS655','p1'),('WSS670','p1'),('WSS695','p1'),('WSS712','p1'),('WSS716','p1'),('WSS737','p1'),('WSS748','p1'),('WSS753','p1'),('WSS791','p1'),('WSS112','p10'),('WSS123','p10'),('WSS126','p10'),('WSS141','p10'),('WSS156','p10'),('WSS165','p10'),('WSS169','p10'),('WSS173','p10'),('WSS178','p10'),('WSS18','p10'),('WSS209','p10'),('WSS267','p10'),('WSS27','p10'),('WSS270','p10'),('WSS319','p10'),('WSS320','p10'),('WSS332','p10'),('WSS344','p10'),('WSS351','p10'),('WSS361','p10'),('WSS402','p10'),('WSS403','p10'),('WSS405','p10'),('WSS41','p10'),('WSS415','p10'),('WSS42','p10'),('WSS435','p10'),('WSS443','p10'),('WSS45','p10'),('WSS454','p10'),('WSS557','p10'),('WSS571','p10'),('WSS590','p10'),('WSS602','p10'),('WSS61','p10'),('WSS616','p10'),('WSS639','p10'),('WSS675','p10'),('WSS70','p10'),('WSS700','p10'),('WSS71','p10'),('WSS712','p10'),('WSS72','p10'),('WSS733','p10'),('WSS751','p10'),('WSS762','p10'),('WSS776','p10'),('WSS777','p10'),('WSS108','p11'),('WSS110','p11'),('WSS116','p11'),('WSS135','p11'),('WSS151','p11'),('WSS154','p11'),('WSS178','p11'),('WSS193','p11'),('WSS194','p11'),('WSS200','p11'),('WSS206','p11'),('WSS223','p11'),('WSS238','p11'),('WSS257','p11'),('WSS281','p11'),('WSS282','p11'),('WSS293','p11'),('WSS31','p11'),('WSS332','p11'),('WSS342','p11'),('WSS345','p11'),('WSS360','p11'),('WSS380','p11'),('WSS383','p11'),('WSS387','p11'),('WSS393','p11'),('WSS408','p11'),('WSS418','p11'),('WSS435','p11'),('WSS439','p11'),('WSS46','p11'),('WSS481','p11'),('WSS492','p11'),('WSS502','p11'),('WSS516','p11'),('WSS541','p11'),('WSS548','p11'),('WSS552','p11'),('WSS559','p11'),('WSS573','p11'),('WSS584','p11'),('WSS650','p11'),('WSS660','p11'),('WSS666','p11'),('WSS690','p11'),('WSS691','p11'),('WSS7','p11'),('WSS71','p11'),('WSS73','p11'),('WSS730','p11'),('WSS735','p11'),('WSS742','p11'),('WSS744','p11'),('WSS75','p11'),('WSS764','p11'),('WSS77','p11'),('WSS79','p11'),('WSS798','p11'),('WSS799','p11'),('WSS90','p11'),('WSS98','p11'),('WSS115','p12'),('WSS16','p12'),('WSS179','p12'),('WSS187','p12'),('WSS20','p12'),('WSS206','p12'),('WSS223','p12'),('WSS225','p12'),('WSS231','p12'),('WSS238','p12'),('WSS242','p12'),('WSS247','p12'),('WSS252','p12'),('WSS260','p12'),('WSS269','p12'),('WSS273','p12'),('WSS294','p12'),('WSS324','p12'),('WSS326','p12'),('WSS329','p12'),('WSS363','p12'),('WSS366','p12'),('WSS416','p12'),('WSS422','p12'),('WSS427','p12'),('WSS430','p12'),('WSS450','p12'),('WSS50','p12'),('WSS511','p12'),('WSS517','p12'),('WSS521','p12'),('WSS525','p12'),('WSS526','p12'),('WSS529','p12'),('WSS533','p12'),('WSS546','p12'),('WSS549','p12'),('WSS572','p12'),('WSS595','p12'),('WSS61','p12'),('WSS641','p12'),('WSS644','p12'),('WSS663','p12'),('WSS689','p12'),('WSS694','p12'),('WSS697','p12'),('WSS708','p12'),('WSS716','p12'),('WSS719','p12'),('WSS728','p12'),('WSS745','p12'),('WSS749','p12'),('WSS75','p12'),('WSS752','p12'),('WSS785','p12'),('WSS96','p12'),('WSS130','p13'),('WSS155','p13'),('WSS166','p13'),('WSS181','p13'),('WSS188','p13'),('WSS193','p13'),('WSS20','p13'),('WSS219','p13'),('WSS227','p13'),('WSS23','p13'),('WSS235','p13'),('WSS253','p13'),('WSS259','p13'),('WSS260','p13'),('WSS261','p13'),('WSS292','p13'),('WSS295','p13'),('WSS300','p13'),('WSS308','p13'),('WSS347','p13'),('WSS348','p13'),('WSS354','p13'),('WSS384','p13'),('WSS385','p13'),('WSS386','p13'),('WSS410','p13'),('WSS412','p13'),('WSS43','p13'),('WSS448','p13'),('WSS480','p13'),('WSS482','p13'),('WSS488','p13'),('WSS505','p13'),('WSS556','p13'),('WSS569','p13'),('WSS582','p13'),('WSS6','p13'),('WSS627','p13'),('WSS633','p13'),('WSS651','p13'),('WSS653','p13'),('WSS654','p13'),('WSS659','p13'),('WSS662','p13'),('WSS668','p13'),('WSS672','p13'),('WSS698','p13'),('WSS701','p13'),('WSS739','p13'),('WSS746','p13'),('WSS771','p13'),('WSS780','p13'),('WSS792','p13'),('WSS80','p13'),('WSS87','p13'),('WSS88','p13'),('WSS95','p13'),('WSS1','p14'),('WSS103','p14'),('WSS131','p14'),('WSS167','p14'),('WSS17','p14'),('WSS177','p14'),('WSS184','p14'),('WSS19','p14'),('WSS207','p14'),('WSS218','p14'),('WSS226','p14'),('WSS242','p14'),('WSS246','p14'),('WSS285','p14'),('WSS293','p14'),('WSS296','p14'),('WSS303','p14'),('WSS319','p14'),('WSS330','p14'),('WSS356','p14'),('WSS370','p14'),('WSS379','p14'),('WSS442','p14'),('WSS443','p14'),('WSS456','p14'),('WSS459','p14'),('WSS462','p14'),('WSS463','p14'),('WSS483','p14'),('WSS487','p14'),('WSS492','p14'),('WSS511','p14'),('WSS52','p14'),('WSS522','p14'),('WSS53','p14'),('WSS581','p14'),('WSS600','p14'),('WSS604','p14'),('WSS63','p14'),('WSS648','p14'),('WSS67','p14'),('WSS682','p14'),('WSS689','p14'),('WSS696','p14'),('WSS698','p14'),('WSS709','p14'),('WSS726','p14'),('WSS730','p14'),('WSS755','p14'),('WSS766','p14'),('WSS768','p14'),('WSS781','p14'),('WSS786','p14'),('WSS86','p14'),('WSS87','p14'),('WSS91','p14'),('WSS101','p15'),('WSS133','p15'),('WSS157','p15'),('WSS162','p15'),('WSS17','p15'),('WSS175','p15'),('WSS188','p15'),('WSS208','p15'),('WSS280','p15'),('WSS301','p15'),('WSS303','p15'),('WSS310','p15'),('WSS315','p15'),('WSS346','p15'),('WSS360','p15'),('WSS387','p15'),('WSS398','p15'),('WSS404','p15'),('WSS426','p15'),('WSS43','p15'),('WSS436','p15'),('WSS444','p15'),('WSS460','p15'),('WSS473','p15'),('WSS474','p15'),('WSS475','p15'),('WSS497','p15'),('WSS500','p15'),('WSS527','p15'),('WSS535','p15'),('WSS551','p15'),('WSS558','p15'),('WSS57','p15'),('WSS573','p15'),('WSS576','p15'),('WSS579','p15'),('WSS591','p15'),('WSS606','p15'),('WSS620','p15'),('WSS621','p15'),('WSS664','p15'),('WSS684','p15'),('WSS686','p15'),('WSS688','p15'),('WSS69','p15'),('WSS700','p15'),('WSS706','p15'),('WSS711','p15'),('WSS713','p15'),('WSS727','p15'),('WSS732','p15'),('WSS743','p15'),('WSS750','p15'),('WSS763','p15'),('WSS770','p15'),('WSS783','p15'),('WSS797','p15'),('WSS799','p15'),('WSS81','p15'),('WSS1','p16'),('WSS107','p16'),('WSS114','p16'),('WSS125','p16'),('WSS144','p16'),('WSS189','p16'),('WSS202','p16'),('WSS219','p16'),('WSS222','p16'),('WSS228','p16'),('WSS234','p16'),('WSS240','p16'),('WSS250','p16'),('WSS287','p16'),('WSS297','p16'),('WSS358','p16'),('WSS374','p16'),('WSS409','p16'),('WSS413','p16'),('WSS438','p16'),('WSS460','p16'),('WSS47','p16'),('WSS476','p16'),('WSS477','p16'),('WSS49','p16'),('WSS505','p16'),('WSS510','p16'),('WSS523','p16'),('WSS528','p16'),('WSS532','p16'),('WSS537','p16'),('WSS542','p16'),('WSS550','p16'),('WSS583','p16'),('WSS620','p16'),('WSS625','p16'),('WSS635','p16'),('WSS637','p16'),('WSS638','p16'),('WSS642','p16'),('WSS652','p16'),('WSS66','p16'),('WSS688','p16'),('WSS707','p16'),('WSS710','p16'),('WSS721','p16'),('WSS724','p16'),('WSS734','p16'),('WSS736','p16'),('WSS746','p16'),('WSS116','p17'),('WSS118','p17'),('WSS130','p17'),('WSS138','p17'),('WSS144','p17'),('WSS153','p17'),('WSS174','p17'),('WSS179','p17'),('WSS182','p17'),('WSS192','p17'),('WSS210','p17'),('WSS214','p17'),('WSS218','p17'),('WSS229','p17'),('WSS262','p17'),('WSS28','p17'),('WSS286','p17'),('WSS301','p17'),('WSS307','p17'),('WSS316','p17'),('WSS335','p17'),('WSS336','p17'),('WSS344','p17'),('WSS348','p17'),('WSS365','p17'),('WSS399','p17'),('WSS401','p17'),('WSS442','p17'),('WSS450','p17'),('WSS461','p17'),('WSS478','p17'),('WSS495','p17'),('WSS506','p17'),('WSS518','p17'),('WSS545','p17'),('WSS575','p17'),('WSS580','p17'),('WSS587','p17'),('WSS588','p17'),('WSS613','p17'),('WSS627','p17'),('WSS64','p17'),('WSS664','p17'),('WSS678','p17'),('WSS679','p17'),('WSS682','p17'),('WSS69','p17'),('WSS702','p17'),('WSS705','p17'),('WSS722','p17'),('WSS727','p17'),('WSS743','p17'),('WSS766','p17'),('WSS800','p17'),('WSS93','p17'),('WSS103','p18'),('WSS143','p18'),('WSS145','p18'),('WSS146','p18'),('WSS15','p18'),('WSS152','p18'),('WSS164','p18'),('WSS177','p18'),('WSS182','p18'),('WSS216','p18'),('WSS235','p18'),('WSS267','p18'),('WSS339','p18'),('WSS341','p18'),('WSS368','p18'),('WSS37','p18'),('WSS374','p18'),('WSS380','p18'),('WSS388','p18'),('WSS396','p18'),('WSS406','p18'),('WSS418','p18'),('WSS44','p18'),('WSS447','p18'),('WSS449','p18'),('WSS466','p18'),('WSS473','p18'),('WSS484','p18'),('WSS493','p18'),('WSS498','p18'),('WSS50','p18'),('WSS501','p18'),('WSS503','p18'),('WSS525','p18'),('WSS530','p18'),('WSS549','p18'),('WSS560','p18'),('WSS565','p18'),('WSS578','p18'),('WSS581','p18'),('WSS591','p18'),('WSS597','p18'),('WSS610','p18'),('WSS641','p18'),('WSS657','p18'),('WSS662','p18'),('WSS720','p18'),('WSS731','p18'),('WSS740','p18'),('WSS787','p18'),('WSS111','p19'),('WSS139','p19'),('WSS148','p19'),('WSS175','p19'),('WSS192','p19'),('WSS2','p19'),('WSS208','p19'),('WSS228','p19'),('WSS245','p19'),('WSS256','p19'),('WSS274','p19'),('WSS28','p19'),('WSS283','p19'),('WSS308','p19'),('WSS318','p19'),('WSS334','p19'),('WSS338','p19'),('WSS364','p19'),('WSS368','p19'),('WSS39','p19'),('WSS415','p19'),('WSS423','p19'),('WSS459','p19'),('WSS489','p19'),('WSS494','p19'),('WSS502','p19'),('WSS55','p19'),('WSS553','p19'),('WSS557','p19'),('WSS572','p19'),('WSS58','p19'),('WSS624','p19'),('WSS631','p19'),('WSS653','p19'),('WSS674','p19'),('WSS68','p19'),('WSS692','p19'),('WSS705','p19'),('WSS709','p19'),('WSS715','p19'),('WSS717','p19'),('WSS725','p19'),('WSS738','p19'),('WSS74','p19'),('WSS761','p19'),('WSS771','p19'),('WSS83','p19'),('WSS85','p19'),('WSS106','p2'),('WSS120','p2'),('WSS124','p2'),('WSS133','p2'),('WSS149','p2'),('WSS150','p2'),('WSS170','p2'),('WSS217','p2'),('WSS220','p2'),('WSS222','p2'),('WSS274','p2'),('WSS280','p2'),('WSS291','p2'),('WSS30','p2'),('WSS311','p2'),('WSS314','p2'),('WSS343','p2'),('WSS375','p2'),('WSS39','p2'),('WSS395','p2'),('WSS40','p2'),('WSS400','p2'),('WSS417','p2'),('WSS419','p2'),('WSS42','p2'),('WSS426','p2'),('WSS437','p2'),('WSS453','p2'),('WSS455','p2'),('WSS607','p2'),('WSS642','p2'),('WSS647','p2'),('WSS649','p2'),('WSS651','p2'),('WSS660','p2'),('WSS665','p2'),('WSS699','p2'),('WSS723','p2'),('WSS741','p2'),('WSS747','p2'),('WSS752','p2'),('WSS758','p2'),('WSS759','p2'),('WSS760','p2'),('WSS769','p2'),('WSS775','p2'),('WSS790','p2'),('WSS794','p2'),('WSS82','p2'),('WSS99','p2'),('WSS117','p20'),('WSS124','p20'),('WSS129','p20'),('WSS15','p20'),('WSS155','p20'),('WSS161','p20'),('WSS211','p20'),('WSS271','p20'),('WSS289','p20'),('WSS290','p20'),('WSS299','p20'),('WSS302','p20'),('WSS305','p20'),('WSS317','p20'),('WSS338','p20'),('WSS355','p20'),('WSS357','p20'),('WSS369','p20'),('WSS376','p20'),('WSS382','p20'),('WSS393','p20'),('WSS399','p20'),('WSS421','p20'),('WSS431','p20'),('WSS451','p20'),('WSS464','p20'),('WSS479','p20'),('WSS485','p20'),('WSS51','p20'),('WSS559','p20'),('WSS617','p20'),('WSS629','p20'),('WSS634','p20'),('WSS637','p20'),('WSS643','p20'),('WSS654','p20'),('WSS661','p20'),('WSS669','p20'),('WSS67','p20'),('WSS671','p20'),('WSS692','p20'),('WSS703','p20'),('WSS728','p20'),('WSS736','p20'),('WSS753','p20'),('WSS774','p20'),('WSS789','p20'),('WSS127','p21'),('WSS171','p21'),('WSS183','p21'),('WSS184','p21'),('WSS187','p21'),('WSS201','p21'),('WSS205','p21'),('WSS212','p21'),('WSS224','p21'),('WSS23','p21'),('WSS239','p21'),('WSS244','p21'),('WSS249','p21'),('WSS258','p21'),('WSS264','p21'),('WSS266','p21'),('WSS285','p21'),('WSS30','p21'),('WSS311','p21'),('WSS314','p21'),('WSS340','p21'),('WSS349','p21'),('WSS350','p21'),('WSS362','p21'),('WSS373','p21'),('WSS390','p21'),('WSS4','p21'),('WSS404','p21'),('WSS44','p21'),('WSS440','p21'),('WSS445','p21'),('WSS454','p21'),('WSS490','p21'),('WSS504','p21'),('WSS514','p21'),('WSS522','p21'),('WSS530','p21'),('WSS545','p21'),('WSS55','p21'),('WSS561','p21'),('WSS576','p21'),('WSS586','p21'),('WSS596','p21'),('WSS612','p21'),('WSS623','p21'),('WSS628','p21'),('WSS636','p21'),('WSS668','p21'),('WSS691','p21'),('WSS701','p21'),('WSS725','p21'),('WSS732','p21'),('WSS734','p21'),('WSS86','p21'),('WSS96','p21'),('WSS11','p22'),('WSS117','p22'),('WSS119','p22'),('WSS153','p22'),('WSS157','p22'),('WSS159','p22'),('WSS172','p22'),('WSS191','p22'),('WSS210','p22'),('WSS240','p22'),('WSS251','p22'),('WSS268','p22'),('WSS269','p22'),('WSS272','p22'),('WSS310','p22'),('WSS313','p22'),('WSS322','p22'),('WSS341','p22'),('WSS342','p22'),('WSS355','p22'),('WSS385','p22'),('WSS391','p22'),('WSS392','p22'),('WSS395','p22'),('WSS414','p22'),('WSS449','p22'),('WSS452','p22'),('WSS467','p22'),('WSS468','p22'),('WSS486','p22'),('WSS490','p22'),('WSS499','p22'),('WSS51','p22'),('WSS519','p22'),('WSS543','p22'),('WSS544','p22'),('WSS551','p22'),('WSS569','p22'),('WSS594','p22'),('WSS60','p22'),('WSS621','p22'),('WSS626','p22'),('WSS673','p22'),('WSS686','p22'),('WSS718','p22'),('WSS740','p22'),('WSS759','p22'),('WSS78','p22'),('WSS781','p22'),('WSS788','p22'),('WSS79','p22'),('WSS8','p22'),('WSS80','p22'),('WSS134','p23'),('WSS136','p23'),('WSS137','p23'),('WSS141','p23'),('WSS142','p23'),('WSS167','p23'),('WSS18','p23'),('WSS200','p23'),('WSS207','p23'),('WSS237','p23'),('WSS239','p23'),('WSS248','p23'),('WSS26','p23'),('WSS263','p23'),('WSS268','p23'),('WSS284','p23'),('WSS333','p23'),('WSS36','p23'),('WSS365','p23'),('WSS37','p23'),('WSS376','p23'),('WSS398','p23'),('WSS405','p23'),('WSS429','p23'),('WSS433','p23'),('WSS444','p23'),('WSS447','p23'),('WSS48','p23'),('WSS482','p23'),('WSS487','p23'),('WSS524','p23'),('WSS555','p23'),('WSS600','p23'),('WSS626','p23'),('WSS646','p23'),('WSS65','p23'),('WSS650','p23'),('WSS674','p23'),('WSS676','p23'),('WSS681','p23'),('WSS710','p23'),('WSS720','p23'),('WSS731','p23'),('WSS758','p23'),('WSS773','p23'),('WSS104','p24'),('WSS112','p24'),('WSS119','p24'),('WSS14','p24'),('WSS152','p24'),('WSS194','p24'),('WSS209','p24'),('WSS24','p24'),('WSS251','p24'),('WSS254','p24'),('WSS299','p24'),('WSS320','p24'),('WSS327','p24'),('WSS35','p24'),('WSS357','p24'),('WSS362','p24'),('WSS369','p24'),('WSS396','p24'),('WSS416','p24'),('WSS429','p24'),('WSS438','p24'),('WSS467','p24'),('WSS475','p24'),('WSS481','p24'),('WSS507','p24'),('WSS524','p24'),('WSS54','p24'),('WSS540','p24'),('WSS562','p24'),('WSS57','p24'),('WSS580','p24'),('WSS6','p24'),('WSS603','p24'),('WSS619','p24'),('WSS631','p24'),('WSS652','p24'),('WSS659','p24'),('WSS66','p24'),('WSS673','p24'),('WSS690','p24'),('WSS696','p24'),('WSS713','p24'),('WSS751','p24'),('WSS782','p24'),('WSS795','p24'),('WSS796','p24'),('WSS81','p24'),('WSS105','p25'),('WSS113','p25'),('WSS126','p25'),('WSS140','p25'),('WSS150','p25'),('WSS158','p25'),('WSS160','p25'),('WSS168','p25'),('WSS173','p25'),('WSS180','p25'),('WSS198','p25'),('WSS203','p25'),('WSS217','p25'),('WSS236','p25'),('WSS246','p25'),('WSS259','p25'),('WSS291','p25'),('WSS305','p25'),('WSS379','p25'),('WSS384','p25'),('WSS391','p25'),('WSS392','p25'),('WSS407','p25'),('WSS410','p25'),('WSS414','p25'),('WSS417','p25'),('WSS425','p25'),('WSS470','p25'),('WSS477','p25'),('WSS493','p25'),('WSS516','p25'),('WSS540','p25'),('WSS579','p25'),('WSS585','p25'),('WSS588','p25'),('WSS589','p25'),('WSS601','p25'),('WSS608','p25'),('WSS615','p25'),('WSS622','p25'),('WSS638','p25'),('WSS648','p25'),('WSS657','p25'),('WSS666','p25'),('WSS676','p25'),('WSS699','p25'),('WSS704','p25'),('WSS708','p25'),('WSS714','p25'),('WSS715','p25'),('WSS747','p25'),('WSS749','p25'),('WSS783','p25'),('WSS794','p25'),('WSS795','p25'),('WSS8','p25'),('WSS9','p25'),('WSS90','p25'),('WSS100','p26'),('WSS125','p26'),('WSS128','p26'),('WSS13','p26'),('WSS132','p26'),('WSS161','p26'),('WSS169','p26'),('WSS220','p26'),('WSS232','p26'),('WSS252','p26'),('WSS277','p26'),('WSS279','p26'),('WSS284','p26'),('WSS288','p26'),('WSS296','p26'),('WSS297','p26'),('WSS298','p26'),('WSS307','p26'),('WSS345','p26'),('WSS347','p26'),('WSS363','p26'),('WSS371','p26'),('WSS430','p26'),('WSS432','p26'),('WSS437','p26'),('WSS441','p26'),('WSS497','p26'),('WSS503','p26'),('WSS536','p26'),('WSS541','p26'),('WSS564','p26'),('WSS570','p26'),('WSS593','p26'),('WSS609','p26'),('WSS63','p26'),('WSS663','p26'),('WSS685','p26'),('WSS707','p26'),('WSS719','p26'),('WSS729','p26'),('WSS741','p26'),('WSS748','p26'),('WSS756','p26'),('WSS760','p26'),('WSS792','p26'),('WSS89','p26'),('WSS98','p26'),('WSS99','p26'),('WSS122','p27'),('WSS137','p27'),('WSS139','p27'),('WSS156','p27'),('WSS160','p27'),('WSS204','p27'),('WSS211','p27'),('WSS214','p27'),('WSS233','p27'),('WSS261','p27'),('WSS266','p27'),('WSS282','p27'),('WSS304','p27'),('WSS337','p27'),('WSS34','p27'),('WSS38','p27'),('WSS382','p27'),('WSS383','p27'),('WSS394','p27'),('WSS441','p27'),('WSS452','p27'),('WSS461','p27'),('WSS465','p27'),('WSS468','p27'),('WSS476','p27'),('WSS483','p27'),('WSS509','p27'),('WSS510','p27'),('WSS515','p27'),('WSS519','p27'),('WSS527','p27'),('WSS528','p27'),('WSS547','p27'),('WSS555','p27'),('WSS56','p27'),('WSS566','p27'),('WSS587','p27'),('WSS595','p27'),('WSS598','p27'),('WSS607','p27'),('WSS612','p27'),('WSS619','p27'),('WSS62','p27'),('WSS622','p27'),('WSS624','p27'),('WSS645','p27'),('WSS649','p27'),('WSS655','p27'),('WSS667','p27'),('WSS671','p27'),('WSS675','p27'),('WSS683','p27'),('WSS704','p27'),('WSS706','p27'),('WSS724','p27'),('WSS73','p27'),('WSS738','p27'),('WSS754','p27'),('WSS773','p27'),('WSS776','p27'),('WSS785','p27'),('WSS787','p27'),('WSS793','p27'),('WSS84','p27'),('WSS94','p27'),('WSS120','p28'),('WSS127','p28'),('WSS134','p28'),('WSS136','p28'),('WSS145','p28'),('WSS147','p28'),('WSS158','p28'),('WSS190','p28'),('WSS201','p28'),('WSS202','p28'),('WSS213','p28'),('WSS215','p28'),('WSS216','p28'),('WSS221','p28'),('WSS229','p28'),('WSS230','p28'),('WSS234','p28'),('WSS237','p28'),('WSS241','p28'),('WSS243','p28'),('WSS250','p28'),('WSS255','p28'),('WSS257','p28'),('WSS26','p28'),('WSS270','p28'),('WSS275','p28'),('WSS278','p28'),('WSS283','p28'),('WSS286','p28'),('WSS300','p28'),('WSS316','p28'),('WSS36','p28'),('WSS397','p28'),('WSS4','p28'),('WSS401','p28'),('WSS432','p28'),('WSS434','p28'),('WSS445','p28'),('WSS455','p28'),('WSS48','p28'),('WSS515','p28'),('WSS546','p28'),('WSS568','p28'),('WSS577','p28'),('WSS606','p28'),('WSS609','p28'),('WSS632','p28'),('WSS635','p28'),('WSS643','p28'),('WSS679','p28'),('WSS680','p28'),('WSS714','p28'),('WSS735','p28'),('WSS74','p28'),('WSS769','p28'),('WSS77','p28'),('WSS774','p28'),('WSS779','p28'),('WSS784','p28'),('WSS789','p28'),('WSS122','p29'),('WSS131','p29'),('WSS140','p29'),('WSS143','p29'),('WSS159','p29'),('WSS176','p29'),('WSS221','p29'),('WSS224','p29'),('WSS253','p29'),('WSS276','p29'),('WSS278','p29'),('WSS295','p29'),('WSS3','p29'),('WSS306','p29'),('WSS309','p29'),('WSS321','p29'),('WSS339','p29'),('WSS35','p29'),('WSS372','p29'),('WSS381','p29'),('WSS386','p29'),('WSS403','p29'),('WSS406','p29'),('WSS407','p29'),('WSS41','p29'),('WSS458','p29'),('WSS462','p29'),('WSS463','p29'),('WSS465','p29'),('WSS469','p29'),('WSS474','p29'),('WSS488','p29'),('WSS498','p29'),('WSS509','p29'),('WSS562','p29'),('WSS567','p29'),('WSS59','p29'),('WSS593','p29'),('WSS601','p29'),('WSS625','p29'),('WSS630','p29'),('WSS658','p29'),('WSS669','p29'),('WSS680','p29'),('WSS681','p29'),('WSS687','p29'),('WSS695','p29'),('WSS702','p29'),('WSS72','p29'),('WSS723','p29'),('WSS750','p29'),('WSS755','p29'),('WSS757','p29'),('WSS777','p29'),('WSS778','p29'),('WSS782','p29'),('WSS88','p29'),('WSS91','p29'),('WSS10','p3'),('WSS100','p3'),('WSS102','p3'),('WSS110','p3'),('WSS135','p3'),('WSS142','p3'),('WSS151','p3'),('WSS176','p3'),('WSS190','p3'),('WSS196','p3'),('WSS22','p3'),('WSS245','p3'),('WSS247','p3'),('WSS25','p3'),('WSS277','p3'),('WSS287','p3'),('WSS294','p3'),('WSS302','p3'),('WSS317','p3'),('WSS318','p3'),('WSS32','p3'),('WSS321','p3'),('WSS327','p3'),('WSS329','p3'),('WSS335','p3'),('WSS336','p3'),('WSS356','p3'),('WSS389','p3'),('WSS423','p3'),('WSS440','p3'),('WSS453','p3'),('WSS457','p3'),('WSS472','p3'),('WSS499','p3'),('WSS5','p3'),('WSS520','p3'),('WSS523','p3'),('WSS529','p3'),('WSS533','p3'),('WSS586','p3'),('WSS60','p3'),('WSS608','p3'),('WSS613','p3'),('WSS62','p3'),('WSS629','p3'),('WSS630','p3'),('WSS639','p3'),('WSS646','p3'),('WSS684','p3'),('WSS694','p3'),('WSS70','p3'),('WSS729','p3'),('WSS742','p3'),('WSS767','p3'),('WSS778','p3'),('WSS784','p3'),('WSS786','p3'),('WSS796','p3'),('WSS97','p3'),('WSS108','p30'),('WSS113','p30'),('WSS115','p30'),('WSS118','p30'),('WSS129','p30'),('WSS132','p30'),('WSS147','p30'),('WSS174','p30'),('WSS180','p30'),('WSS186','p30'),('WSS196','p30'),('WSS197','p30'),('WSS2','p30'),('WSS203','p30'),('WSS21','p30'),('WSS230','p30'),('WSS236','p30'),('WSS273','p30'),('WSS281','p30'),('WSS325','p30'),('WSS352','p30'),('WSS364','p30'),('WSS377','p30'),('WSS408','p30'),('WSS411','p30'),('WSS419','p30'),('WSS424','p30'),('WSS478','p30'),('WSS485','p30'),('WSS491','p30'),('WSS504','p30'),('WSS544','p30'),('WSS568','p30'),('WSS575','p30'),('WSS589','p30'),('WSS592','p30'),('WSS628','p30'),('WSS640','p30'),('WSS644','p30'),('WSS687','p30'),('WSS711','p30'),('WSS717','p30'),('WSS726','p30'),('WSS754','p30'),('WSS764','p30'),('WSS78','p30'),('WSS793','p30'),('WSS83','p30'),('WSS84','p30'),('WSS89','p30'),('WSS93','p30'),('WSS95','p30'),('WSS109','p4'),('WSS13','p4'),('WSS171','p4'),('WSS183','p4'),('WSS199','p4'),('WSS205','p4'),('WSS227','p4'),('WSS233','p4'),('WSS276','p4'),('WSS306','p4'),('WSS324','p4'),('WSS328','p4'),('WSS331','p4'),('WSS343','p4'),('WSS367','p4'),('WSS40','p4'),('WSS413','p4'),('WSS427','p4'),('WSS439','p4'),('WSS45','p4'),('WSS457','p4'),('WSS500','p4'),('WSS53','p4'),('WSS531','p4'),('WSS532','p4'),('WSS534','p4'),('WSS538','p4'),('WSS54','p4'),('WSS542','p4'),('WSS547','p4'),('WSS553','p4'),('WSS554','p4'),('WSS56','p4'),('WSS571','p4'),('WSS584','p4'),('WSS594','p4'),('WSS602','p4'),('WSS623','p4'),('WSS640','p4'),('WSS661','p4'),('WSS685','p4'),('WSS765','p4'),('WSS92','p4'),('WSS97','p4'),('WSS105','p5'),('WSS12','p5'),('WSS181','p5'),('WSS189','p5'),('WSS19','p5'),('WSS204','p5'),('WSS22','p5'),('WSS24','p5'),('WSS25','p5'),('WSS27','p5'),('WSS29','p5'),('WSS290','p5'),('WSS292','p5'),('WSS315','p5'),('WSS34','p5'),('WSS351','p5'),('WSS370','p5'),('WSS371','p5'),('WSS377','p5'),('WSS425','p5'),('WSS433','p5'),('WSS451','p5'),('WSS480','p5'),('WSS489','p5'),('WSS495','p5'),('WSS508','p5'),('WSS539','p5'),('WSS560','p5'),('WSS561','p5'),('WSS563','p5'),('WSS567','p5'),('WSS570','p5'),('WSS574','p5'),('WSS605','p5'),('WSS610','p5'),('WSS616','p5'),('WSS656','p5'),('WSS665','p5'),('WSS670','p5'),('WSS677','p5'),('WSS68','p5'),('WSS693','p5'),('WSS757','p5'),('WSS76','p5'),('WSS765','p5'),('WSS772','p5'),('WSS775','p5'),('WSS790','p5'),('WSS791','p5'),('WSS9','p5'),('WSS92','p5'),('WSS107','p6'),('WSS114','p6'),('WSS164','p6'),('WSS185','p6'),('WSS199','p6'),('WSS21','p6'),('WSS215','p6'),('WSS226','p6'),('WSS258','p6'),('WSS29','p6'),('WSS298','p6'),('WSS32','p6'),('WSS323','p6'),('WSS33','p6'),('WSS359','p6'),('WSS378','p6'),('WSS381','p6'),('WSS389','p6'),('WSS390','p6'),('WSS402','p6'),('WSS409','p6'),('WSS422','p6'),('WSS428','p6'),('WSS470','p6'),('WSS491','p6'),('WSS513','p6'),('WSS535','p6'),('WSS537','p6'),('WSS565','p6'),('WSS59','p6'),('WSS611','p6'),('WSS634','p6'),('WSS683','p6'),('WSS7','p6'),('WSS767','p6'),('WSS798','p6'),('WSS101','p7'),('WSS102','p7'),('WSS111','p7'),('WSS123','p7'),('WSS128','p7'),('WSS163','p7'),('WSS166','p7'),('WSS172','p7'),('WSS225','p7'),('WSS231','p7'),('WSS254','p7'),('WSS272','p7'),('WSS279','p7'),('WSS304','p7'),('WSS33','p7'),('WSS331','p7'),('WSS361','p7'),('WSS367','p7'),('WSS388','p7'),('WSS397','p7'),('WSS412','p7'),('WSS420','p7'),('WSS428','p7'),('WSS431','p7'),('WSS448','p7'),('WSS47','p7'),('WSS471','p7'),('WSS494','p7'),('WSS501','p7'),('WSS517','p7'),('WSS520','p7'),('WSS521','p7'),('WSS536','p7'),('WSS554','p7'),('WSS558','p7'),('WSS563','p7'),('WSS564','p7'),('WSS566','p7'),('WSS574','p7'),('WSS578','p7'),('WSS58','p7'),('WSS597','p7'),('WSS603','p7'),('WSS614','p7'),('WSS618','p7'),('WSS633','p7'),('WSS65','p7'),('WSS656','p7'),('WSS667','p7'),('WSS677','p7'),('WSS678','p7'),('WSS693','p7'),('WSS697','p7'),('WSS721','p7'),('WSS733','p7'),('WSS737','p7'),('WSS739','p7'),('WSS756','p7'),('WSS761','p7'),('WSS763','p7'),('WSS85','p7'),('WSS10','p8'),('WSS121','p8'),('WSS165','p8'),('WSS168','p8'),('WSS186','p8'),('WSS195','p8'),('WSS212','p8'),('WSS232','p8'),('WSS249','p8'),('WSS263','p8'),('WSS265','p8'),('WSS275','p8'),('WSS312','p8'),('WSS330','p8'),('WSS350','p8'),('WSS353','p8'),('WSS372','p8'),('WSS373','p8'),('WSS378','p8'),('WSS38','p8'),('WSS424','p8'),('WSS446','p8'),('WSS466','p8'),('WSS471','p8'),('WSS472','p8'),('WSS479','p8'),('WSS5','p8'),('WSS506','p8'),('WSS512','p8'),('WSS514','p8'),('WSS518','p8'),('WSS548','p8'),('WSS550','p8'),('WSS552','p8'),('WSS583','p8'),('WSS585','p8'),('WSS599','p8'),('WSS605','p8'),('WSS617','p8'),('WSS618','p8'),('WSS632','p8'),('WSS703','p8'),('WSS762','p8'),('WSS780','p8'),('WSS104','p9'),('WSS106','p9'),('WSS109','p9'),('WSS14','p9'),('WSS16','p9'),('WSS185','p9'),('WSS195','p9'),('WSS198','p9'),('WSS213','p9'),('WSS256','p9'),('WSS309','p9'),('WSS322','p9'),('WSS326','p9'),('WSS333','p9'),('WSS337','p9'),('WSS349','p9'),('WSS358','p9'),('WSS359','p9'),('WSS366','p9'),('WSS375','p9'),('WSS394','p9'),('WSS400','p9'),('WSS411','p9'),('WSS436','p9'),('WSS458','p9'),('WSS46','p9'),('WSS464','p9'),('WSS469','p9'),('WSS484','p9'),('WSS496','p9'),('WSS512','p9'),('WSS526','p9'),('WSS539','p9'),('WSS582','p9'),('WSS592','p9'),('WSS596','p9'),('WSS599','p9'),('WSS615','p9'),('WSS636','p9'),('WSS64','p9'),('WSS645','p9'),('WSS647','p9'),('WSS672','p9'),('WSS718','p9'),('WSS770','p9'),('WSS772','p9'),('WSS779','p9'),('WSS797','p9'),('WSS800','p9'),('WSS82','p9'),('WSS94','p9');
/*!40000 ALTER TABLE `inputparameter` ENABLE KEYS */;
UNLOCK TABLES;

--
-- Table structure for table `knowledgeforcareerpath`
--

DROP TABLE IF EXISTS `knowledgeforcareerpath`;
/*!40101 SET @saved_cs_client     = @@character_set_client */;
/*!50503 SET character_set_client = utf8mb4 */;
CREATE TABLE `knowledgeforcareerpath` (
  `careerPathID` char(4) NOT NULL,
  `knowledgeID` char(6) NOT NULL,
  PRIMARY KEY (`careerPathID`,`knowledgeID`)
) ENGINE=InnoDB DEFAULT CHARSET=latin1;
/*!40101 SET character_set_client = @saved_cs_client */;

--
-- Dumping data for table `knowledgeforcareerpath`
--

LOCK TABLES `knowledgeforcareerpath` WRITE;
/*!40000 ALTER TABLE `knowledgeforcareerpath` DISABLE KEYS */;
INSERT INTO `knowledgeforcareerpath` VALUES ('C100','k1C311'),('C100','k1C412'),('C100','k1C469'),('C100','k1C500');
/*!40000 ALTER TABLE `knowledgeforcareerpath` ENABLE KEYS */;
UNLOCK TABLES;

--
-- Table structure for table `lhs`
--

DROP TABLE IF EXISTS `lhs`;
/*!40101 SET @saved_cs_client     = @@character_set_client */;
/*!50503 SET character_set_client = utf8mb4 */;
CREATE TABLE `lhs` (
  `ruleid` int NOT NULL,
  `courseid` varchar(10) NOT NULL,
  PRIMARY KEY (`ruleid`,`courseid`)
) ENGINE=InnoDB DEFAULT CHARSET=latin1;
/*!40101 SET character_set_client = @saved_cs_client */;

--
-- Dumping data for table `lhs`
--

LOCK TABLES `lhs` WRITE;
/*!40000 ALTER TABLE `lhs` DISABLE KEYS */;
INSERT INTO `lhs` VALUES (1,'ICP006'),(2,'ICP006'),(3,'ICP006'),(4,'ICP110'),(5,'ICP110'),(6,'ICP311'),(7,'ICP006'),(7,'ICP110'),(8,'ICP006'),(8,'ICP110'),(9,'ICP006'),(9,'ICP311'),(10,'ICP110'),(10,'ICP311'),(11,'ICP006'),(11,'ICP110'),(11,'ICP311');
/*!40000 ALTER TABLE `lhs` ENABLE KEYS */;
UNLOCK TABLES;

--
-- Table structure for table `outputparameter`
--

DROP TABLE IF EXISTS `outputparameter`;
/*!40101 SET @saved_cs_client     = @@character_set_client */;
/*!50503 SET character_set_client = utf8mb4 */;
CREATE TABLE `outputparameter` (
  `webServiceID` varchar(10) NOT NULL,
  `parameterID` varchar(10) NOT NULL,
  PRIMARY KEY (`webServiceID`,`parameterID`),
  KEY `knowledgeID` (`parameterID`)
) ENGINE=InnoDB DEFAULT CHARSET=latin1;
/*!40101 SET character_set_client = @saved_cs_client */;

--
-- Dumping data for table `outputparameter`
--

LOCK TABLES `outputparameter` WRITE;
/*!40000 ALTER TABLE `outputparameter` DISABLE KEYS */;
INSERT INTO `outputparameter` VALUES ('WSS1','p1'),('WSS101','p1'),('WSS107','p1'),('WSS109','p1'),('WSS110','p1'),('WSS129','p1'),('WSS135','p1'),('WSS138','p1'),('WSS16','p1'),('WSS161','p1'),('WSS167','p1'),('WSS168','p1'),('WSS174','p1'),('WSS177','p1'),('WSS179','p1'),('WSS188','p1'),('WSS19','p1'),('WSS197','p1'),('WSS202','p1'),('WSS206','p1'),('WSS218','p1'),('WSS221','p1'),('WSS229','p1'),('WSS246','p1'),('WSS255','p1'),('WSS286','p1'),('WSS293','p1'),('WSS310','p1'),('WSS313','p1'),('WSS314','p1'),('WSS328','p1'),('WSS329','p1'),('WSS34','p1'),('WSS345','p1'),('WSS358','p1'),('WSS363','p1'),('WSS369','p1'),('WSS375','p1'),('WSS382','p1'),('WSS386','p1'),('WSS387','p1'),('WSS389','p1'),('WSS394','p1'),('WSS407','p1'),('WSS41','p1'),('WSS412','p1'),('WSS417','p1'),('WSS420','p1'),('WSS426','p1'),('WSS44','p1'),('WSS444','p1'),('WSS445','p1'),('WSS456','p1'),('WSS459','p1'),('WSS467','p1'),('WSS469','p1'),('WSS480','p1'),('WSS481','p1'),('WSS486','p1'),('WSS504','p1'),('WSS505','p1'),('WSS507','p1'),('WSS508','p1'),('WSS516','p1'),('WSS517','p1'),('WSS521','p1'),('WSS522','p1'),('WSS523','p1'),('WSS525','p1'),('WSS528','p1'),('WSS537','p1'),('WSS54','p1'),('WSS556','p1'),('WSS561','p1'),('WSS562','p1'),('WSS583','p1'),('WSS593','p1'),('WSS637','p1'),('WSS638','p1'),('WSS642','p1'),('WSS649','p1'),('WSS658','p1'),('WSS667','p1'),('WSS677','p1'),('WSS680','p1'),('WSS682','p1'),('WSS690','p1'),('WSS698','p1'),('WSS707','p1'),('WSS716','p1'),('WSS724','p1'),('WSS725','p1'),('WSS727','p1'),('WSS730','p1'),('WSS735','p1'),('WSS740','p1'),('WSS747','p1'),('WSS755','p1'),('WSS762','p1'),('WSS772','p1'),('WSS775','p1'),('WSS787','p1'),('WSS80','p1'),('WSS800','p1'),('WSS85','p1'),('WSS90','p1'),('WSS94','p1'),('WSS111','p10'),('WSS124','p10'),('WSS132','p10'),('WSS136','p10'),('WSS137','p10'),('WSS156','p10'),('WSS159','p10'),('WSS17','p10'),('WSS170','p10'),('WSS176','p10'),('WSS191','p10'),('WSS194','p10'),('WSS203','p10'),('WSS213','p10'),('WSS220','p10'),('WSS245','p10'),('WSS249','p10'),('WSS252','p10'),('WSS255','p10'),('WSS256','p10'),('WSS258','p10'),('WSS273','p10'),('WSS278','p10'),('WSS289','p10'),('WSS296','p10'),('WSS301','p10'),('WSS307','p10'),('WSS327','p10'),('WSS344','p10'),('WSS381','p10'),('WSS382','p10'),('WSS384','p10'),('WSS385','p10'),('WSS400','p10'),('WSS402','p10'),('WSS412','p10'),('WSS420','p10'),('WSS424','p10'),('WSS431','p10'),('WSS474','p10'),('WSS48','p10'),('WSS485','p10'),('WSS503','p10'),('WSS505','p10'),('WSS522','p10'),('WSS531','p10'),('WSS556','p10'),('WSS557','p10'),('WSS562','p10'),('WSS564','p10'),('WSS576','p10'),('WSS578','p10'),('WSS588','p10'),('WSS593','p10'),('WSS596','p10'),('WSS600','p10'),('WSS602','p10'),('WSS616','p10'),('WSS633','p10'),('WSS644','p10'),('WSS651','p10'),('WSS657','p10'),('WSS695','p10'),('WSS719','p10'),('WSS728','p10'),('WSS736','p10'),('WSS741','p10'),('WSS745','p10'),('WSS748','p10'),('WSS761','p10'),('WSS766','p10'),('WSS767','p10'),('WSS774','p10'),('WSS781','p10'),('WSS794','p10'),('WSS796','p10'),('WSS8','p10'),('WSS81','p10'),('WSS89','p10'),('WSS95','p10'),('WSS96','p10'),('WSS1','p11'),('WSS104','p11'),('WSS109','p11'),('WSS111','p11'),('WSS116','p11'),('WSS12','p11'),('WSS126','p11'),('WSS129','p11'),('WSS131','p11'),('WSS133','p11'),('WSS14','p11'),('WSS142','p11'),('WSS146','p11'),('WSS150','p11'),('WSS151','p11'),('WSS156','p11'),('WSS18','p11'),('WSS184','p11'),('WSS188','p11'),('WSS199','p11'),('WSS223','p11'),('WSS253','p11'),('WSS26','p11'),('WSS260','p11'),('WSS263','p11'),('WSS270','p11'),('WSS272','p11'),('WSS274','p11'),('WSS28','p11'),('WSS286','p11'),('WSS292','p11'),('WSS30','p11'),('WSS302','p11'),('WSS308','p11'),('WSS309','p11'),('WSS311','p11'),('WSS318','p11'),('WSS326','p11'),('WSS328','p11'),('WSS337','p11'),('WSS338','p11'),('WSS352','p11'),('WSS356','p11'),('WSS364','p11'),('WSS365','p11'),('WSS366','p11'),('WSS383','p11'),('WSS390','p11'),('WSS393','p11'),('WSS406','p11'),('WSS409','p11'),('WSS432','p11'),('WSS443','p11'),('WSS446','p11'),('WSS451','p11'),('WSS503','p11'),('WSS534','p11'),('WSS542','p11'),('WSS549','p11'),('WSS565','p11'),('WSS570','p11'),('WSS571','p11'),('WSS572','p11'),('WSS573','p11'),('WSS575','p11'),('WSS577','p11'),('WSS583','p11'),('WSS584','p11'),('WSS592','p11'),('WSS6','p11'),('WSS604','p11'),('WSS608','p11'),('WSS611','p11'),('WSS612','p11'),('WSS624','p11'),('WSS629','p11'),('WSS631','p11'),('WSS65','p11'),('WSS657','p11'),('WSS658','p11'),('WSS666','p11'),('WSS679','p11'),('WSS680','p11'),('WSS682','p11'),('WSS71','p11'),('WSS716','p11'),('WSS718','p11'),('WSS74','p11'),('WSS742','p11'),('WSS759','p11'),('WSS762','p11'),('WSS763','p11'),('WSS764','p11'),('WSS77','p11'),('WSS771','p11'),('WSS776','p11'),('WSS777','p11'),('WSS783','p11'),('WSS792','p11'),('WSS87','p11'),('WSS105','p12'),('WSS121','p12'),('WSS136','p12'),('WSS149','p12'),('WSS163','p12'),('WSS164','p12'),('WSS174','p12'),('WSS194','p12'),('WSS20','p12'),('WSS210','p12'),('WSS217','p12'),('WSS227','p12'),('WSS237','p12'),('WSS24','p12'),('WSS254','p12'),('WSS27','p12'),('WSS277','p12'),('WSS278','p12'),('WSS28','p12'),('WSS3','p12'),('WSS31','p12'),('WSS310','p12'),('WSS311','p12'),('WSS317','p12'),('WSS321','p12'),('WSS334','p12'),('WSS336','p12'),('WSS362','p12'),('WSS370','p12'),('WSS376','p12'),('WSS378','p12'),('WSS396','p12'),('WSS399','p12'),('WSS401','p12'),('WSS41','p12'),('WSS411','p12'),('WSS430','p12'),('WSS431','p12'),('WSS435','p12'),('WSS445','p12'),('WSS447','p12'),('WSS449','p12'),('WSS454','p12'),('WSS455','p12'),('WSS459','p12'),('WSS465','p12'),('WSS467','p12'),('WSS469','p12'),('WSS470','p12'),('WSS476','p12'),('WSS479','p12'),('WSS492','p12'),('WSS494','p12'),('WSS497','p12'),('WSS517','p12'),('WSS520','p12'),('WSS532','p12'),('WSS543','p12'),('WSS553','p12'),('WSS554','p12'),('WSS561','p12'),('WSS57','p12'),('WSS582','p12'),('WSS584','p12'),('WSS59','p12'),('WSS598','p12'),('WSS6','p12'),('WSS601','p12'),('WSS61','p12'),('WSS610','p12'),('WSS612','p12'),('WSS614','p12'),('WSS626','p12'),('WSS636','p12'),('WSS65','p12'),('WSS650','p12'),('WSS652','p12'),('WSS66','p12'),('WSS679','p12'),('WSS685','p12'),('WSS69','p12'),('WSS693','p12'),('WSS715','p12'),('WSS722','p12'),('WSS735','p12'),('WSS752','p12'),('WSS789','p12'),('WSS793','p12'),('WSS795','p12'),('WSS799','p12'),('WSS85','p12'),('WSS90','p12'),('WSS93','p12'),('WSS98','p12'),('WSS112','p13'),('WSS115','p13'),('WSS122','p13'),('WSS132','p13'),('WSS15','p13'),('WSS157','p13'),('WSS166','p13'),('WSS17','p13'),('WSS173','p13'),('WSS204','p13'),('WSS205','p13'),('WSS225','p13'),('WSS232','p13'),('WSS246','p13'),('WSS283','p13'),('WSS293','p13'),('WSS307','p13'),('WSS310','p13'),('WSS320','p13'),('WSS323','p13'),('WSS327','p13'),('WSS328','p13'),('WSS336','p13'),('WSS346','p13'),('WSS347','p13'),('WSS349','p13'),('WSS35','p13'),('WSS357','p13'),('WSS367','p13'),('WSS37','p13'),('WSS372','p13'),('WSS38','p13'),('WSS39','p13'),('WSS402','p13'),('WSS405','p13'),('WSS419','p13'),('WSS422','p13'),('WSS423','p13'),('WSS426','p13'),('WSS455','p13'),('WSS458','p13'),('WSS460','p13'),('WSS469','p13'),('WSS472','p13'),('WSS481','p13'),('WSS483','p13'),('WSS484','p13'),('WSS485','p13'),('WSS487','p13'),('WSS491','p13'),('WSS492','p13'),('WSS495','p13'),('WSS504','p13'),('WSS51','p13'),('WSS511','p13'),('WSS53','p13'),('WSS532','p13'),('WSS534','p13'),('WSS55','p13'),('WSS551','p13'),('WSS56','p13'),('WSS575','p13'),('WSS587','p13'),('WSS60','p13'),('WSS613','p13'),('WSS614','p13'),('WSS625','p13'),('WSS626','p13'),('WSS64','p13'),('WSS643','p13'),('WSS652','p13'),('WSS655','p13'),('WSS660','p13'),('WSS666','p13'),('WSS68','p13'),('WSS686','p13'),('WSS691','p13'),('WSS70','p13'),('WSS704','p13'),('WSS710','p13'),('WSS715','p13'),('WSS728','p13'),('WSS73','p13'),('WSS731','p13'),('WSS732','p13'),('WSS733','p13'),('WSS741','p13'),('WSS743','p13'),('WSS745','p13'),('WSS77','p13'),('WSS771','p13'),('WSS772','p13'),('WSS773','p13'),('WSS782','p13'),('WSS784','p13'),('WSS787','p13'),('WSS790','p13'),('WSS794','p13'),('WSS94','p13'),('WSS99','p13'),('WSS10','p14'),('WSS113','p14'),('WSS114','p14'),('WSS12','p14'),('WSS124','p14'),('WSS126','p14'),('WSS139','p14'),('WSS142','p14'),('WSS151','p14'),('WSS162','p14'),('WSS172','p14'),('WSS173','p14'),('WSS175','p14'),('WSS178','p14'),('WSS185','p14'),('WSS191','p14'),('WSS193','p14'),('WSS195','p14'),('WSS196','p14'),('WSS198','p14'),('WSS200','p14'),('WSS203','p14'),('WSS209','p14'),('WSS21','p14'),('WSS216','p14'),('WSS217','p14'),('WSS218','p14'),('WSS227','p14'),('WSS23','p14'),('WSS263','p14'),('WSS267','p14'),('WSS269','p14'),('WSS274','p14'),('WSS276','p14'),('WSS277','p14'),('WSS292','p14'),('WSS299','p14'),('WSS302','p14'),('WSS319','p14'),('WSS325','p14'),('WSS338','p14'),('WSS339','p14'),('WSS354','p14'),('WSS360','p14'),('WSS362','p14'),('WSS366','p14'),('WSS370','p14'),('WSS381','p14'),('WSS385','p14'),('WSS396','p14'),('WSS397','p14'),('WSS408','p14'),('WSS409','p14'),('WSS424','p14'),('WSS425','p14'),('WSS426','p14'),('WSS427','p14'),('WSS437','p14'),('WSS438','p14'),('WSS457','p14'),('WSS465','p14'),('WSS47','p14'),('WSS494','p14'),('WSS501','p14'),('WSS515','p14'),('WSS526','p14'),('WSS534','p14'),('WSS536','p14'),('WSS541','p14'),('WSS550','p14'),('WSS560','p14'),('WSS563','p14'),('WSS567','p14'),('WSS578','p14'),('WSS589','p14'),('WSS596','p14'),('WSS601','p14'),('WSS603','p14'),('WSS607','p14'),('WSS609','p14'),('WSS628','p14'),('WSS637','p14'),('WSS658','p14'),('WSS668','p14'),('WSS671','p14'),('WSS674','p14'),('WSS69','p14'),('WSS692','p14'),('WSS703','p14'),('WSS708','p14'),('WSS710','p14'),('WSS712','p14'),('WSS714','p14'),('WSS717','p14'),('WSS719','p14'),('WSS723','p14'),('WSS724','p14'),('WSS734','p14'),('WSS74','p14'),('WSS747','p14'),('WSS75','p14'),('WSS753','p14'),('WSS760','p14'),('WSS763','p14'),('WSS768','p14'),('WSS784','p14'),('WSS788','p14'),('WSS795','p14'),('WSS797','p14'),('WSS81','p14'),('WSS82','p14'),('WSS91','p14'),('WSS100','p15'),('WSS102','p15'),('WSS105','p15'),('WSS108','p15'),('WSS117','p15'),('WSS119','p15'),('WSS131','p15'),('WSS132','p15'),('WSS140','p15'),('WSS144','p15'),('WSS147','p15'),('WSS148','p15'),('WSS153','p15'),('WSS154','p15'),('WSS169','p15'),('WSS174','p15'),('WSS186','p15'),('WSS195','p15'),('WSS218','p15'),('WSS22','p15'),('WSS226','p15'),('WSS244','p15'),('WSS260','p15'),('WSS264','p15'),('WSS266','p15'),('WSS275','p15'),('WSS306','p15'),('WSS310','p15'),('WSS329','p15'),('WSS358','p15'),('WSS370','p15'),('WSS373','p15'),('WSS379','p15'),('WSS390','p15'),('WSS395','p15'),('WSS398','p15'),('WSS42','p15'),('WSS420','p15'),('WSS421','p15'),('WSS433','p15'),('WSS434','p15'),('WSS438','p15'),('WSS439','p15'),('WSS441','p15'),('WSS457','p15'),('WSS466','p15'),('WSS488','p15'),('WSS511','p15'),('WSS525','p15'),('WSS536','p15'),('WSS546','p15'),('WSS550','p15'),('WSS555','p15'),('WSS57','p15'),('WSS592','p15'),('WSS597','p15'),('WSS60','p15'),('WSS604','p15'),('WSS615','p15'),('WSS616','p15'),('WSS621','p15'),('WSS630','p15'),('WSS637','p15'),('WSS639','p15'),('WSS640','p15'),('WSS648','p15'),('WSS649','p15'),('WSS669','p15'),('WSS674','p15'),('WSS682','p15'),('WSS707','p15'),('WSS709','p15'),('WSS711','p15'),('WSS717','p15'),('WSS718','p15'),('WSS734','p15'),('WSS743','p15'),('WSS747','p15'),('WSS748','p15'),('WSS751','p15'),('WSS76','p15'),('WSS760','p15'),('WSS785','p15'),('WSS787','p15'),('WSS791','p15'),('WSS797','p15'),('WSS102','p16'),('WSS113','p16'),('WSS116','p16'),('WSS132','p16'),('WSS165','p16'),('WSS171','p16'),('WSS177','p16'),('WSS178','p16'),('WSS180','p16'),('WSS183','p16'),('WSS190','p16'),('WSS192','p16'),('WSS206','p16'),('WSS214','p16'),('WSS219','p16'),('WSS22','p16'),('WSS221','p16'),('WSS239','p16'),('WSS265','p16'),('WSS270','p16'),('WSS279','p16'),('WSS284','p16'),('WSS30','p16'),('WSS302','p16'),('WSS305','p16'),('WSS316','p16'),('WSS322','p16'),('WSS325','p16'),('WSS330','p16'),('WSS337','p16'),('WSS347','p16'),('WSS348','p16'),('WSS35','p16'),('WSS351','p16'),('WSS353','p16'),('WSS354','p16'),('WSS355','p16'),('WSS376','p16'),('WSS39','p16'),('WSS392','p16'),('WSS41','p16'),('WSS411','p16'),('WSS422','p16'),('WSS426','p16'),('WSS43','p16'),('WSS440','p16'),('WSS447','p16'),('WSS450','p16'),('WSS468','p16'),('WSS471','p16'),('WSS477','p16'),('WSS487','p16'),('WSS519','p16'),('WSS523','p16'),('WSS524','p16'),('WSS528','p16'),('WSS559','p16'),('WSS561','p16'),('WSS562','p16'),('WSS568','p16'),('WSS57','p16'),('WSS571','p16'),('WSS581','p16'),('WSS584','p16'),('WSS586','p16'),('WSS588','p16'),('WSS595','p16'),('WSS604','p16'),('WSS606','p16'),('WSS636','p16'),('WSS643','p16'),('WSS655','p16'),('WSS656','p16'),('WSS66','p16'),('WSS662','p16'),('WSS669','p16'),('WSS670','p16'),('WSS674','p16'),('WSS678','p16'),('WSS691','p16'),('WSS705','p16'),('WSS716','p16'),('WSS717','p16'),('WSS718','p16'),('WSS719','p16'),('WSS730','p16'),('WSS737','p16'),('WSS738','p16'),('WSS752','p16'),('WSS762','p16'),('WSS763','p16'),('WSS773','p16'),('WSS790','p16'),('WSS792','p16'),('WSS798','p16'),('WSS80','p16'),('WSS88','p16'),('WSS97','p16'),('WSS103','p17'),('WSS121','p17'),('WSS133','p17'),('WSS138','p17'),('WSS148','p17'),('WSS159','p17'),('WSS163','p17'),('WSS166','p17'),('WSS169','p17'),('WSS193','p17'),('WSS194','p17'),('WSS198','p17'),('WSS206','p17'),('WSS212','p17'),('WSS221','p17'),('WSS23','p17'),('WSS237','p17'),('WSS253','p17'),('WSS274','p17'),('WSS279','p17'),('WSS286','p17'),('WSS29','p17'),('WSS297','p17'),('WSS298','p17'),('WSS304','p17'),('WSS305','p17'),('WSS308','p17'),('WSS321','p17'),('WSS326','p17'),('WSS351','p17'),('WSS352','p17'),('WSS365','p17'),('WSS367','p17'),('WSS386','p17'),('WSS388','p17'),('WSS391','p17'),('WSS399','p17'),('WSS4','p17'),('WSS413','p17'),('WSS421','p17'),('WSS422','p17'),('WSS437','p17'),('WSS439','p17'),('WSS44','p17'),('WSS441','p17'),('WSS443','p17'),('WSS444','p17'),('WSS455','p17'),('WSS459','p17'),('WSS460','p17'),('WSS469','p17'),('WSS48','p17'),('WSS480','p17'),('WSS483','p17'),('WSS488','p17'),('WSS49','p17'),('WSS490','p17'),('WSS5','p17'),('WSS502','p17'),('WSS509','p17'),('WSS511','p17'),('WSS514','p17'),('WSS515','p17'),('WSS524','p17'),('WSS529','p17'),('WSS531','p17'),('WSS541','p17'),('WSS56','p17'),('WSS569','p17'),('WSS576','p17'),('WSS581','p17'),('WSS614','p17'),('WSS648','p17'),('WSS650','p17'),('WSS651','p17'),('WSS653','p17'),('WSS673','p17'),('WSS675','p17'),('WSS676','p17'),('WSS684','p17'),('WSS685','p17'),('WSS686','p17'),('WSS69','p17'),('WSS696','p17'),('WSS704','p17'),('WSS706','p17'),('WSS729','p17'),('WSS73','p17'),('WSS732','p17'),('WSS74','p17'),('WSS740','p17'),('WSS77','p17'),('WSS773','p17'),('WSS774','p17'),('WSS778','p17'),('WSS782','p17'),('WSS786','p17'),('WSS82','p17'),('WSS97','p17'),('WSS103','p18'),('WSS106','p18'),('WSS107','p18'),('WSS110','p18'),('WSS118','p18'),('WSS124','p18'),('WSS125','p18'),('WSS139','p18'),('WSS141','p18'),('WSS150','p18'),('WSS158','p18'),('WSS161','p18'),('WSS171','p18'),('WSS179','p18'),('WSS188','p18'),('WSS200','p18'),('WSS205','p18'),('WSS212','p18'),('WSS214','p18'),('WSS231','p18'),('WSS243','p18'),('WSS250','p18'),('WSS259','p18'),('WSS270','p18'),('WSS302','p18'),('WSS306','p18'),('WSS312','p18'),('WSS323','p18'),('WSS33','p18'),('WSS333','p18'),('WSS353','p18'),('WSS354','p18'),('WSS361','p18'),('WSS367','p18'),('WSS371','p18'),('WSS379','p18'),('WSS381','p18'),('WSS399','p18'),('WSS40','p18'),('WSS408','p18'),('WSS416','p18'),('WSS418','p18'),('WSS425','p18'),('WSS428','p18'),('WSS432','p18'),('WSS45','p18'),('WSS458','p18'),('WSS461','p18'),('WSS466','p18'),('WSS48','p18'),('WSS489','p18'),('WSS499','p18'),('WSS500','p18'),('WSS501','p18'),('WSS512','p18'),('WSS52','p18'),('WSS520','p18'),('WSS53','p18'),('WSS530','p18'),('WSS544','p18'),('WSS55','p18'),('WSS551','p18'),('WSS574','p18'),('WSS595','p18'),('WSS596','p18'),('WSS597','p18'),('WSS618','p18'),('WSS632','p18'),('WSS634','p18'),('WSS652','p18'),('WSS656','p18'),('WSS665','p18'),('WSS668','p18'),('WSS673','p18'),('WSS676','p18'),('WSS681','p18'),('WSS691','p18'),('WSS692','p18'),('WSS694','p18'),('WSS696','p18'),('WSS699','p18'),('WSS704','p18'),('WSS705','p18'),('WSS708','p18'),('WSS727','p18'),('WSS732','p18'),('WSS744','p18'),('WSS745','p18'),('WSS760','p18'),('WSS772','p18'),('WSS775','p18'),('WSS780','p18'),('WSS782','p18'),('WSS789','p18'),('WSS793','p18'),('WSS8','p18'),('WSS85','p18'),('WSS89','p18'),('WSS93','p18'),('WSS95','p18'),('WSS96','p18'),('WSS102','p19'),('WSS108','p19'),('WSS112','p19'),('WSS113','p19'),('WSS117','p19'),('WSS127','p19'),('WSS130','p19'),('WSS145','p19'),('WSS16','p19'),('WSS173','p19'),('WSS180','p19'),('WSS187','p19'),('WSS189','p19'),('WSS207','p19'),('WSS21','p19'),('WSS216','p19'),('WSS220','p19'),('WSS228','p19'),('WSS23','p19'),('WSS233','p19'),('WSS239','p19'),('WSS24','p19'),('WSS242','p19'),('WSS253','p19'),('WSS254','p19'),('WSS268','p19'),('WSS292','p19'),('WSS316','p19'),('WSS322','p19'),('WSS332','p19'),('WSS333','p19'),('WSS360','p19'),('WSS363','p19'),('WSS371','p19'),('WSS372','p19'),('WSS373','p19'),('WSS382','p19'),('WSS388','p19'),('WSS394','p19'),('WSS40','p19'),('WSS401','p19'),('WSS414','p19'),('WSS427','p19'),('WSS448','p19'),('WSS451','p19'),('WSS463','p19'),('WSS482','p19'),('WSS485','p19'),('WSS500','p19'),('WSS502','p19'),('WSS508','p19'),('WSS513','p19'),('WSS521','p19'),('WSS533','p19'),('WSS537','p19'),('WSS539','p19'),('WSS565','p19'),('WSS594','p19'),('WSS595','p19'),('WSS597','p19'),('WSS599','p19'),('WSS602','p19'),('WSS623','p19'),('WSS640','p19'),('WSS654','p19'),('WSS66','p19'),('WSS664','p19'),('WSS68','p19'),('WSS686','p19'),('WSS689','p19'),('WSS690','p19'),('WSS695','p19'),('WSS703','p19'),('WSS709','p19'),('WSS71','p19'),('WSS715','p19'),('WSS717','p19'),('WSS721','p19'),('WSS726','p19'),('WSS734','p19'),('WSS738','p19'),('WSS742','p19'),('WSS759','p19'),('WSS762','p19'),('WSS764','p19'),('WSS771','p19'),('WSS772','p19'),('WSS779','p19'),('WSS78','p19'),('WSS782','p19'),('WSS792','p19'),('WSS96','p19'),('WSS1','p2'),('WSS102','p2'),('WSS107','p2'),('WSS127','p2'),('WSS128','p2'),('WSS133','p2'),('WSS136','p2'),('WSS138','p2'),('WSS16','p2'),('WSS170','p2'),('WSS172','p2'),('WSS188','p2'),('WSS189','p2'),('WSS199','p2'),('WSS20','p2'),('WSS200','p2'),('WSS208','p2'),('WSS216','p2'),('WSS219','p2'),('WSS223','p2'),('WSS224','p2'),('WSS240','p2'),('WSS243','p2'),('WSS244','p2'),('WSS248','p2'),('WSS257','p2'),('WSS263','p2'),('WSS266','p2'),('WSS267','p2'),('WSS272','p2'),('WSS284','p2'),('WSS285','p2'),('WSS288','p2'),('WSS296','p2'),('WSS313','p2'),('WSS318','p2'),('WSS325','p2'),('WSS338','p2'),('WSS341','p2'),('WSS345','p2'),('WSS360','p2'),('WSS361','p2'),('WSS376','p2'),('WSS40','p2'),('WSS402','p2'),('WSS403','p2'),('WSS406','p2'),('WSS453','p2'),('WSS456','p2'),('WSS460','p2'),('WSS471','p2'),('WSS472','p2'),('WSS476','p2'),('WSS486','p2'),('WSS487','p2'),('WSS488','p2'),('WSS505','p2'),('WSS510','p2'),('WSS519','p2'),('WSS520','p2'),('WSS530','p2'),('WSS542','p2'),('WSS547','p2'),('WSS550','p2'),('WSS555','p2'),('WSS566','p2'),('WSS572','p2'),('WSS577','p2'),('WSS604','p2'),('WSS607','p2'),('WSS61','p2'),('WSS611','p2'),('WSS615','p2'),('WSS62','p2'),('WSS620','p2'),('WSS625','p2'),('WSS63','p2'),('WSS635','p2'),('WSS637','p2'),('WSS647','p2'),('WSS657','p2'),('WSS662','p2'),('WSS663','p2'),('WSS665','p2'),('WSS669','p2'),('WSS681','p2'),('WSS693','p2'),('WSS700','p2'),('WSS702','p2'),('WSS71','p2'),('WSS714','p2'),('WSS720','p2'),('WSS723','p2'),('WSS728','p2'),('WSS754','p2'),('WSS757','p2'),('WSS769','p2'),('WSS784','p2'),('WSS791','p2'),('WSS794','p2'),('WSS84','p2'),('WSS92','p2'),('WSS100','p20'),('WSS11','p20'),('WSS111','p20'),('WSS121','p20'),('WSS135','p20'),('WSS139','p20'),('WSS168','p20'),('WSS172','p20'),('WSS175','p20'),('WSS176','p20'),('WSS18','p20'),('WSS180','p20'),('WSS181','p20'),('WSS2','p20'),('WSS204','p20'),('WSS208','p20'),('WSS22','p20'),('WSS229','p20'),('WSS230','p20'),('WSS231','p20'),('WSS232','p20'),('WSS234','p20'),('WSS235','p20'),('WSS238','p20'),('WSS239','p20'),('WSS241','p20'),('WSS256','p20'),('WSS257','p20'),('WSS261','p20'),('WSS264','p20'),('WSS27','p20'),('WSS271','p20'),('WSS275','p20'),('WSS29','p20'),('WSS290','p20'),('WSS295','p20'),('WSS30','p20'),('WSS314','p20'),('WSS315','p20'),('WSS329','p20'),('WSS33','p20'),('WSS332','p20'),('WSS353','p20'),('WSS356','p20'),('WSS363','p20'),('WSS368','p20'),('WSS38','p20'),('WSS383','p20'),('WSS387','p20'),('WSS390','p20'),('WSS409','p20'),('WSS410','p20'),('WSS414','p20'),('WSS443','p20'),('WSS446','p20'),('WSS448','p20'),('WSS452','p20'),('WSS454','p20'),('WSS477','p20'),('WSS479','p20'),('WSS489','p20'),('WSS504','p20'),('WSS506','p20'),('WSS512','p20'),('WSS526','p20'),('WSS529','p20'),('WSS535','p20'),('WSS544','p20'),('WSS555','p20'),('WSS557','p20'),('WSS560','p20'),('WSS563','p20'),('WSS564','p20'),('WSS565','p20'),('WSS566','p20'),('WSS574','p20'),('WSS579','p20'),('WSS580','p20'),('WSS592','p20'),('WSS603','p20'),('WSS610','p20'),('WSS613','p20'),('WSS619','p20'),('WSS622','p20'),('WSS629','p20'),('WSS639','p20'),('WSS648','p20'),('WSS651','p20'),('WSS659','p20'),('WSS675','p20'),('WSS676','p20'),('WSS678','p20'),('WSS68','p20'),('WSS696','p20'),('WSS697','p20'),('WSS698','p20'),('WSS701','p20'),('WSS708','p20'),('WSS720','p20'),('WSS725','p20'),('WSS744','p20'),('WSS745','p20'),('WSS751','p20'),('WSS778','p20'),('WSS779','p20'),('WSS783','p20'),('WSS79','p20'),('WSS84','p20'),('WSS86','p20'),('WSS98','p20'),('WSS10','p21'),('WSS104','p21'),('WSS119','p21'),('WSS127','p21'),('WSS128','p21'),('WSS147','p21'),('WSS171','p21'),('WSS185','p21'),('WSS193','p21'),('WSS213','p21'),('WSS23','p21'),('WSS231','p21'),('WSS235','p21'),('WSS242','p21'),('WSS243','p21'),('WSS258','p21'),('WSS261','p21'),('WSS262','p21'),('WSS269','p21'),('WSS270','p21'),('WSS297','p21'),('WSS311','p21'),('WSS314','p21'),('WSS317','p21'),('WSS320','p21'),('WSS323','p21'),('WSS342','p21'),('WSS343','p21'),('WSS346','p21'),('WSS35','p21'),('WSS351','p21'),('WSS386','p21'),('WSS388','p21'),('WSS398','p21'),('WSS4','p21'),('WSS401','p21'),('WSS404','p21'),('WSS41','p21'),('WSS416','p21'),('WSS42','p21'),('WSS423','p21'),('WSS429','p21'),('WSS435','p21'),('WSS442','p21'),('WSS450','p21'),('WSS473','p21'),('WSS484','p21'),('WSS486','p21'),('WSS494','p21'),('WSS495','p21'),('WSS501','p21'),('WSS519','p21'),('WSS52','p21'),('WSS521','p21'),('WSS534','p21'),('WSS54','p21'),('WSS540','p21'),('WSS546','p21'),('WSS558','p21'),('WSS566','p21'),('WSS567','p21'),('WSS572','p21'),('WSS59','p21'),('WSS593','p21'),('WSS599','p21'),('WSS60','p21'),('WSS61','p21'),('WSS632','p21'),('WSS634','p21'),('WSS646','p21'),('WSS649','p21'),('WSS658','p21'),('WSS668','p21'),('WSS67','p21'),('WSS679','p21'),('WSS680','p21'),('WSS689','p21'),('WSS692','p21'),('WSS695','p21'),('WSS7','p21'),('WSS706','p21'),('WSS71','p21'),('WSS727','p21'),('WSS729','p21'),('WSS730','p21'),('WSS736','p21'),('WSS750','p21'),('WSS756','p21'),('WSS758','p21'),('WSS761','p21'),('WSS775','p21'),('WSS787','p21'),('WSS798','p21'),('WSS9','p21'),('WSS90','p21'),('WSS91','p21'),('WSS101','p22'),('WSS105','p22'),('WSS106','p22'),('WSS120','p22'),('WSS123','p22'),('WSS125','p22'),('WSS137','p22'),('WSS150','p22'),('WSS151','p22'),('WSS156','p22'),('WSS16','p22'),('WSS164','p22'),('WSS165','p22'),('WSS17','p22'),('WSS172','p22'),('WSS175','p22'),('WSS18','p22'),('WSS191','p22'),('WSS21','p22'),('WSS212','p22'),('WSS225','p22'),('WSS230','p22'),('WSS251','p22'),('WSS269','p22'),('WSS27','p22'),('WSS273','p22'),('WSS278','p22'),('WSS303','p22'),('WSS315','p22'),('WSS317','p22'),('WSS325','p22'),('WSS330','p22'),('WSS335','p22'),('WSS361','p22'),('WSS364','p22'),('WSS372','p22'),('WSS385','p22'),('WSS397','p22'),('WSS402','p22'),('WSS404','p22'),('WSS411','p22'),('WSS413','p22'),('WSS416','p22'),('WSS428','p22'),('WSS43','p22'),('WSS436','p22'),('WSS449','p22'),('WSS451','p22'),('WSS46','p22'),('WSS470','p22'),('WSS475','p22'),('WSS485','p22'),('WSS489','p22'),('WSS49','p22'),('WSS494','p22'),('WSS509','p22'),('WSS515','p22'),('WSS523','p22'),('WSS53','p22'),('WSS535','p22'),('WSS537','p22'),('WSS549','p22'),('WSS556','p22'),('WSS568','p22'),('WSS574','p22'),('WSS587','p22'),('WSS589','p22'),('WSS597','p22'),('WSS598','p22'),('WSS620','p22'),('WSS628','p22'),('WSS643','p22'),('WSS65','p22'),('WSS657','p22'),('WSS670','p22'),('WSS677','p22'),('WSS688','p22'),('WSS692','p22'),('WSS694','p22'),('WSS698','p22'),('WSS70','p22'),('WSS702','p22'),('WSS707','p22'),('WSS712','p22'),('WSS725','p22'),('WSS729','p22'),('WSS739','p22'),('WSS742','p22'),('WSS749','p22'),('WSS75','p22'),('WSS750','p22'),('WSS756','p22'),('WSS770','p22'),('WSS780','p22'),('WSS786','p22'),('WSS789','p22'),('WSS83','p22'),('WSS95','p22'),('WSS112','p23'),('WSS115','p23'),('WSS122','p23'),('WSS123','p23'),('WSS131','p23'),('WSS14','p23'),('WSS141','p23'),('WSS142','p23'),('WSS143','p23'),('WSS162','p23'),('WSS190','p23'),('WSS191','p23'),('WSS196','p23'),('WSS2','p23'),('WSS21','p23'),('WSS215','p23'),('WSS220','p23'),('WSS233','p23'),('WSS248','p23'),('WSS265','p23'),('WSS282','p23'),('WSS30','p23'),('WSS303','p23'),('WSS316','p23'),('WSS319','p23'),('WSS335','p23'),('WSS336','p23'),('WSS340','p23'),('WSS344','p23'),('WSS347','p23'),('WSS35','p23'),('WSS350','p23'),('WSS359','p23'),('WSS361','p23'),('WSS384','p23'),('WSS397','p23'),('WSS408','p23'),('WSS410','p23'),('WSS411','p23'),('WSS425','p23'),('WSS429','p23'),('WSS43','p23'),('WSS432','p23'),('WSS437','p23'),('WSS442','p23'),('WSS445','p23'),('WSS449','p23'),('WSS452','p23'),('WSS454','p23'),('WSS459','p23'),('WSS461','p23'),('WSS476','p23'),('WSS477','p23'),('WSS479','p23'),('WSS518','p23'),('WSS522','p23'),('WSS527','p23'),('WSS545','p23'),('WSS546','p23'),('WSS555','p23'),('WSS560','p23'),('WSS567','p23'),('WSS578','p23'),('WSS582','p23'),('WSS583','p23'),('WSS585','p23'),('WSS6','p23'),('WSS601','p23'),('WSS602','p23'),('WSS606','p23'),('WSS609','p23'),('WSS621','p23'),('WSS635','p23'),('WSS645','p23'),('WSS661','p23'),('WSS667','p23'),('WSS674','p23'),('WSS687','p23'),('WSS688','p23'),('WSS689','p23'),('WSS699','p23'),('WSS70','p23'),('WSS708','p23'),('WSS709','p23'),('WSS719','p23'),('WSS72','p23'),('WSS76','p23'),('WSS765','p23'),('WSS776','p23'),('WSS779','p23'),('WSS79','p23'),('WSS790','p23'),('WSS793','p23'),('WSS8','p23'),('WSS81','p23'),('WSS85','p23'),('WSS110','p24'),('WSS115','p24'),('WSS120','p24'),('WSS126','p24'),('WSS129','p24'),('WSS144','p24'),('WSS148','p24'),('WSS155','p24'),('WSS167','p24'),('WSS169','p24'),('WSS183','p24'),('WSS186','p24'),('WSS192','p24'),('WSS215','p24'),('WSS224','p24'),('WSS226','p24'),('WSS242','p24'),('WSS246','p24'),('WSS247','p24'),('WSS250','p24'),('WSS28','p24'),('WSS293','p24'),('WSS295','p24'),('WSS312','p24'),('WSS330','p24'),('WSS331','p24'),('WSS337','p24'),('WSS341','p24'),('WSS352','p24'),('WSS355','p24'),('WSS369','p24'),('WSS378','p24'),('WSS399','p24'),('WSS439','p24'),('WSS445','p24'),('WSS446','p24'),('WSS449','p24'),('WSS455','p24'),('WSS461','p24'),('WSS463','p24'),('WSS468','p24'),('WSS473','p24'),('WSS482','p24'),('WSS495','p24'),('WSS496','p24'),('WSS497','p24'),('WSS498','p24'),('WSS499','p24'),('WSS50','p24'),('WSS503','p24'),('WSS506','p24'),('WSS507','p24'),('WSS508','p24'),('WSS518','p24'),('WSS52','p24'),('WSS527','p24'),('WSS533','p24'),('WSS538','p24'),('WSS540','p24'),('WSS545','p24'),('WSS547','p24'),('WSS551','p24'),('WSS554','p24'),('WSS556','p24'),('WSS56','p24'),('WSS573','p24'),('WSS576','p24'),('WSS59','p24'),('WSS595','p24'),('WSS599','p24'),('WSS6','p24'),('WSS605','p24'),('WSS611','p24'),('WSS614','p24'),('WSS617','p24'),('WSS623','p24'),('WSS627','p24'),('WSS63','p24'),('WSS631','p24'),('WSS663','p24'),('WSS669','p24'),('WSS687','p24'),('WSS724','p24'),('WSS734','p24'),('WSS736','p24'),('WSS738','p24'),('WSS741','p24'),('WSS750','p24'),('WSS757','p24'),('WSS761','p24'),('WSS766','p24'),('WSS767','p24'),('WSS768','p24'),('WSS78','p24'),('WSS784','p24'),('WSS785','p24'),('WSS80','p24'),('WSS87','p24'),('WSS9','p24'),('WSS99','p24'),('WSS10','p25'),('WSS110','p25'),('WSS114','p25'),('WSS118','p25'),('WSS12','p25'),('WSS122','p25'),('WSS138','p25'),('WSS139','p25'),('WSS14','p25'),('WSS141','p25'),('WSS15','p25'),('WSS152','p25'),('WSS155','p25'),('WSS163','p25'),('WSS173','p25'),('WSS182','p25'),('WSS184','p25'),('WSS19','p25'),('WSS190','p25'),('WSS192','p25'),('WSS20','p25'),('WSS210','p25'),('WSS212','p25'),('WSS232','p25'),('WSS234','p25'),('WSS237','p25'),('WSS259','p25'),('WSS265','p25'),('WSS273','p25'),('WSS276','p25'),('WSS278','p25'),('WSS287','p25'),('WSS29','p25'),('WSS291','p25'),('WSS32','p25'),('WSS321','p25'),('WSS327','p25'),('WSS329','p25'),('WSS331','p25'),('WSS332','p25'),('WSS336','p25'),('WSS338','p25'),('WSS345','p25'),('WSS355','p25'),('WSS366','p25'),('WSS375','p25'),('WSS383','p25'),('WSS385','p25'),('WSS394','p25'),('WSS395','p25'),('WSS397','p25'),('WSS405','p25'),('WSS412','p25'),('WSS415','p25'),('WSS417','p25'),('WSS436','p25'),('WSS447','p25'),('WSS450','p25'),('WSS458','p25'),('WSS468','p25'),('WSS480','p25'),('WSS490','p25'),('WSS496','p25'),('WSS499','p25'),('WSS510','p25'),('WSS511','p25'),('WSS522','p25'),('WSS524','p25'),('WSS529','p25'),('WSS53','p25'),('WSS531','p25'),('WSS559','p25'),('WSS578','p25'),('WSS58','p25'),('WSS580','p25'),('WSS585','p25'),('WSS586','p25'),('WSS594','p25'),('WSS600','p25'),('WSS605','p25'),('WSS612','p25'),('WSS615','p25'),('WSS616','p25'),('WSS619','p25'),('WSS62','p25'),('WSS622','p25'),('WSS624','p25'),('WSS630','p25'),('WSS633','p25'),('WSS634','p25'),('WSS653','p25'),('WSS660','p25'),('WSS664','p25'),('WSS695','p25'),('WSS700','p25'),('WSS705','p25'),('WSS711','p25'),('WSS72','p25'),('WSS720','p25'),('WSS73','p25'),('WSS731','p25'),('WSS733','p25'),('WSS737','p25'),('WSS740','p25'),('WSS743','p25'),('WSS751','p25'),('WSS757','p25'),('WSS764','p25'),('WSS770','p25'),('WSS781','p25'),('WSS87','p25'),('WSS9','p25'),('WSS94','p25'),('WSS97','p25'),('WSS109','p26'),('WSS114','p26'),('WSS128','p26'),('WSS136','p26'),('WSS137','p26'),('WSS143','p26'),('WSS144','p26'),('WSS149','p26'),('WSS152','p26'),('WSS156','p26'),('WSS157','p26'),('WSS158','p26'),('WSS161','p26'),('WSS168','p26'),('WSS169','p26'),('WSS185','p26'),('WSS220','p26'),('WSS221','p26'),('WSS222','p26'),('WSS223','p26'),('WSS227','p26'),('WSS236','p26'),('WSS238','p26'),('WSS241','p26'),('WSS257','p26'),('WSS259','p26'),('WSS26','p26'),('WSS260','p26'),('WSS262','p26'),('WSS268','p26'),('WSS276','p26'),('WSS282','p26'),('WSS286','p26'),('WSS287','p26'),('WSS291','p26'),('WSS293','p26'),('WSS294','p26'),('WSS301','p26'),('WSS305','p26'),('WSS308','p26'),('WSS34','p26'),('WSS340','p26'),('WSS342','p26'),('WSS349','p26'),('WSS359','p26'),('WSS371','p26'),('WSS379','p26'),('WSS391','p26'),('WSS396','p26'),('WSS400','p26'),('WSS403','p26'),('WSS410','p26'),('WSS415','p26'),('WSS423','p26'),('WSS434','p26'),('WSS439','p26'),('WSS442','p26'),('WSS45','p26'),('WSS468','p26'),('WSS473','p26'),('WSS474','p26'),('WSS49','p26'),('WSS498','p26'),('WSS502','p26'),('WSS512','p26'),('WSS521','p26'),('WSS536','p26'),('WSS539','p26'),('WSS548','p26'),('WSS579','p26'),('WSS58','p26'),('WSS585','p26'),('WSS587','p26'),('WSS591','p26'),('WSS601','p26'),('WSS602','p26'),('WSS606','p26'),('WSS609','p26'),('WSS617','p26'),('WSS618','p26'),('WSS620','p26'),('WSS629','p26'),('WSS633','p26'),('WSS635','p26'),('WSS639','p26'),('WSS641','p26'),('WSS654','p26'),('WSS655','p26'),('WSS660','p26'),('WSS671','p26'),('WSS688','p26'),('WSS697','p26'),('WSS7','p26'),('WSS720','p26'),('WSS736','p26'),('WSS739','p26'),('WSS742','p26'),('WSS746','p26'),('WSS749','p26'),('WSS752','p26'),('WSS76','p26'),('WSS767','p26'),('WSS769','p26'),('WSS774','p26'),('WSS776','p26'),('WSS795','p26'),('WSS800','p26'),('WSS9','p26'),('WSS97','p26'),('WSS104','p27'),('WSS11','p27'),('WSS116','p27'),('WSS118','p27'),('WSS119','p27'),('WSS121','p27'),('WSS127','p27'),('WSS130','p27'),('WSS145','p27'),('WSS153','p27'),('WSS163','p27'),('WSS167','p27'),('WSS174','p27'),('WSS180','p27'),('WSS181','p27'),('WSS182','p27'),('WSS185','p27'),('WSS187','p27'),('WSS196','p27'),('WSS197','p27'),('WSS208','p27'),('WSS209','p27'),('WSS214','p27'),('WSS228','p27'),('WSS241','p27'),('WSS247','p27'),('WSS251','p27'),('WSS256','p27'),('WSS266','p27'),('WSS267','p27'),('WSS280','p27'),('WSS294','p27'),('WSS301','p27'),('WSS308','p27'),('WSS328','p27'),('WSS33','p27'),('WSS341','p27'),('WSS344','p27'),('WSS348','p27'),('WSS352','p27'),('WSS357','p27'),('WSS366','p27'),('WSS373','p27'),('WSS380','p27'),('WSS384','p27'),('WSS386','p27'),('WSS39','p27'),('WSS391','p27'),('WSS404','p27'),('WSS406','p27'),('WSS414','p27'),('WSS417','p27'),('WSS425','p27'),('WSS435','p27'),('WSS438','p27'),('WSS454','p27'),('WSS463','p27'),('WSS47','p27'),('WSS483','p27'),('WSS49','p27'),('WSS491','p27'),('WSS497','p27'),('WSS50','p27'),('WSS500','p27'),('WSS507','p27'),('WSS508','p27'),('WSS514','p27'),('WSS519','p27'),('WSS524','p27'),('WSS526','p27'),('WSS527','p27'),('WSS538','p27'),('WSS541','p27'),('WSS543','p27'),('WSS545','p27'),('WSS551','p27'),('WSS565','p27'),('WSS568','p27'),('WSS570','p27'),('WSS575','p27'),('WSS579','p27'),('WSS590','p27'),('WSS591','p27'),('WSS598','p27'),('WSS60','p27'),('WSS607','p27'),('WSS608','p27'),('WSS610','p27'),('WSS612','p27'),('WSS618','p27'),('WSS621','p27'),('WSS630','p27'),('WSS638','p27'),('WSS642','p27'),('WSS644','p27'),('WSS656','p27'),('WSS666','p27'),('WSS668','p27'),('WSS67','p27'),('WSS673','p27'),('WSS677','p27'),('WSS682','p27'),('WSS684','p27'),('WSS693','p27'),('WSS697','p27'),('WSS700','p27'),('WSS705','p27'),('WSS711','p27'),('WSS715','p27'),('WSS718','p27'),('WSS721','p27'),('WSS722','p27'),('WSS723','p27'),('WSS737','p27'),('WSS759','p27'),('WSS770','p27'),('WSS783','p27'),('WSS785','p27'),('WSS788','p27'),('WSS793','p27'),('WSS83','p27'),('WSS84','p27'),('WSS92','p27'),('WSS98','p27'),('WSS107','p28'),('WSS113','p28'),('WSS135','p28'),('WSS137','p28'),('WSS140','p28'),('WSS142','p28'),('WSS145','p28'),('WSS150','p28'),('WSS166','p28'),('WSS176','p28'),('WSS18','p28'),('WSS184','p28'),('WSS189','p28'),('WSS194','p28'),('WSS197','p28'),('WSS198','p28'),('WSS202','p28'),('WSS204','p28'),('WSS205','p28'),('WSS207','p28'),('WSS209','p28'),('WSS211','p28'),('WSS219','p28'),('WSS226','p28'),('WSS241','p28'),('WSS251','p28'),('WSS258','p28'),('WSS265','p28'),('WSS266','p28'),('WSS276','p28'),('WSS283','p28'),('WSS288','p28'),('WSS289','p28'),('WSS299','p28'),('WSS324','p28'),('WSS347','p28'),('WSS350','p28'),('WSS356','p28'),('WSS36','p28'),('WSS360','p28'),('WSS365','p28'),('WSS372','p28'),('WSS376','p28'),('WSS380','p28'),('WSS387','p28'),('WSS389','p28'),('WSS39','p28'),('WSS393','p28'),('WSS405','p28'),('WSS419','p28'),('WSS420','p28'),('WSS430','p28'),('WSS433','p28'),('WSS434','p28'),('WSS444','p28'),('WSS457','p28'),('WSS472','p28'),('WSS474','p28'),('WSS475','p28'),('WSS479','p28'),('WSS481','p28'),('WSS484','p28'),('WSS489','p28'),('WSS491','p28'),('WSS493','p28'),('WSS500','p28'),('WSS523','p28'),('WSS532','p28'),('WSS54','p28'),('WSS549','p28'),('WSS552','p28'),('WSS559','p28'),('WSS56','p28'),('WSS569','p28'),('WSS573','p28'),('WSS581','p28'),('WSS586','p28'),('WSS591','p28'),('WSS617','p28'),('WSS618','p28'),('WSS629','p28'),('WSS632','p28'),('WSS635','p28'),('WSS661','p28'),('WSS665','p28'),('WSS676','p28'),('WSS684','p28'),('WSS701','p28'),('WSS725','p28'),('WSS744','p28'),('WSS753','p28'),('WSS756','p28'),('WSS758','p28'),('WSS759','p28'),('WSS773','p28'),('WSS791','p28'),('WSS796','p28'),('WSS8','p28'),('WSS82','p28'),('WSS83','p28'),('WSS84','p28'),('WSS92','p28'),('WSS11','p29'),('WSS122','p29'),('WSS123','p29'),('WSS130','p29'),('WSS140','p29'),('WSS158','p29'),('WSS160','p29'),('WSS164','p29'),('WSS189','p29'),('WSS190','p29'),('WSS201','p29'),('WSS207','p29'),('WSS214','p29'),('WSS222','p29'),('WSS224','p29'),('WSS231','p29'),('WSS244','p29'),('WSS249','p29'),('WSS253','p29'),('WSS254','p29'),('WSS262','p29'),('WSS263','p29'),('WSS267','p29'),('WSS271','p29'),('WSS277','p29'),('WSS290','p29'),('WSS294','p29'),('WSS296','p29'),('WSS300','p29'),('WSS309','p29'),('WSS31','p29'),('WSS33','p29'),('WSS332','p29'),('WSS344','p29'),('WSS355','p29'),('WSS359','p29'),('WSS362','p29'),('WSS374','p29'),('WSS384','p29'),('WSS403','p29'),('WSS413','p29'),('WSS417','p29'),('WSS427','p29'),('WSS45','p29'),('WSS452','p29'),('WSS462','p29'),('WSS464','p29'),('WSS47','p29'),('WSS470','p29'),('WSS473','p29'),('WSS476','p29'),('WSS493','p29'),('WSS509','p29'),('WSS516','p29'),('WSS525','p29'),('WSS535','p29'),('WSS548','p29'),('WSS553','p29'),('WSS558','p29'),('WSS563','p29'),('WSS588','p29'),('WSS589','p29'),('WSS607','p29'),('WSS62','p29'),('WSS624','p29'),('WSS627','p29'),('WSS632','p29'),('WSS646','p29'),('WSS654','p29'),('WSS659','p29'),('WSS666','p29'),('WSS670','p29'),('WSS683','p29'),('WSS684','p29'),('WSS688','p29'),('WSS69','p29'),('WSS693','p29'),('WSS700','p29'),('WSS703','p29'),('WSS713','p29'),('WSS722','p29'),('WSS732','p29'),('WSS733','p29'),('WSS737','p29'),('WSS74','p29'),('WSS741','p29'),('WSS755','p29'),('WSS765','p29'),('WSS766','p29'),('WSS774','p29'),('WSS795','p29'),('WSS80','p29'),('WSS89','p29'),('WSS11','p3'),('WSS143','p3'),('WSS153','p3'),('WSS160','p3'),('WSS166','p3'),('WSS176','p3'),('WSS179','p3'),('WSS181','p3'),('WSS182','p3'),('WSS186','p3'),('WSS203','p3'),('WSS223','p3'),('WSS245','p3'),('WSS25','p3'),('WSS252','p3'),('WSS27','p3'),('WSS271','p3'),('WSS280','p3'),('WSS285','p3'),('WSS288','p3'),('WSS291','p3'),('WSS3','p3'),('WSS300','p3'),('WSS304','p3'),('WSS307','p3'),('WSS312','p3'),('WSS313','p3'),('WSS314','p3'),('WSS330','p3'),('WSS342','p3'),('WSS349','p3'),('WSS350','p3'),('WSS358','p3'),('WSS359','p3'),('WSS368','p3'),('WSS371','p3'),('WSS390','p3'),('WSS392','p3'),('WSS395','p3'),('WSS4','p3'),('WSS400','p3'),('WSS406','p3'),('WSS433','p3'),('WSS453','p3'),('WSS46','p3'),('WSS462','p3'),('WSS47','p3'),('WSS472','p3'),('WSS48','p3'),('WSS487','p3'),('WSS488','p3'),('WSS496','p3'),('WSS498','p3'),('WSS5','p3'),('WSS51','p3'),('WSS529','p3'),('WSS537','p3'),('WSS543','p3'),('WSS545','p3'),('WSS55','p3'),('WSS582','p3'),('WSS588','p3'),('WSS625','p3'),('WSS626','p3'),('WSS634','p3'),('WSS641','p3'),('WSS644','p3'),('WSS646','p3'),('WSS648','p3'),('WSS65','p3'),('WSS650','p3'),('WSS653','p3'),('WSS654','p3'),('WSS66','p3'),('WSS664','p3'),('WSS667','p3'),('WSS672','p3'),('WSS678','p3'),('WSS683','p3'),('WSS685','p3'),('WSS706','p3'),('WSS711','p3'),('WSS713','p3'),('WSS714','p3'),('WSS730','p3'),('WSS735','p3'),('WSS744','p3'),('WSS747','p3'),('WSS760','p3'),('WSS768','p3'),('WSS771','p3'),('WSS778','p3'),('WSS783','p3'),('WSS88','p3'),('WSS99','p3'),('WSS1','p30'),('WSS101','p30'),('WSS104','p30'),('WSS108','p30'),('WSS125','p30'),('WSS126','p30'),('WSS13','p30'),('WSS130','p30'),('WSS14','p30'),('WSS146','p30'),('WSS148','p30'),('WSS15','p30'),('WSS151','p30'),('WSS152','p30'),('WSS158','p30'),('WSS168','p30'),('WSS182','p30'),('WSS197','p30'),('WSS199','p30'),('WSS211','p30'),('WSS215','p30'),('WSS228','p30'),('WSS242','p30'),('WSS246','p30'),('WSS249','p30'),('WSS25','p30'),('WSS252','p30'),('WSS256','p30'),('WSS259','p30'),('WSS26','p30'),('WSS280','p30'),('WSS297','p30'),('WSS306','p30'),('WSS317','p30'),('WSS32','p30'),('WSS322','p30'),('WSS323','p30'),('WSS326','p30'),('WSS331','p30'),('WSS333','p30'),('WSS334','p30'),('WSS337','p30'),('WSS339','p30'),('WSS34','p30'),('WSS348','p30'),('WSS36','p30'),('WSS362','p30'),('WSS368','p30'),('WSS377','p30'),('WSS38','p30'),('WSS380','p30'),('WSS394','p30'),('WSS395','p30'),('WSS412','p30'),('WSS413','p30'),('WSS416','p30'),('WSS422','p30'),('WSS43','p30'),('WSS453','p30'),('WSS456','p30'),('WSS458','p30'),('WSS464','p30'),('WSS465','p30'),('WSS466','p30'),('WSS471','p30'),('WSS482','p30'),('WSS484','p30'),('WSS491','p30'),('WSS492','p30'),('WSS509','p30'),('WSS51','p30'),('WSS510','p30'),('WSS518','p30'),('WSS538','p30'),('WSS539','p30'),('WSS540','p30'),('WSS547','p30'),('WSS548','p30'),('WSS55','p30'),('WSS560','p30'),('WSS575','p30'),('WSS58','p30'),('WSS590','p30'),('WSS608','p30'),('WSS61','p30'),('WSS619','p30'),('WSS627','p30'),('WSS631','p30'),('WSS633','p30'),('WSS638','p30'),('WSS641','p30'),('WSS647','p30'),('WSS650','p30'),('WSS656','p30'),('WSS661','p30'),('WSS671','p30'),('WSS680','p30'),('WSS685','p30'),('WSS7','p30'),('WSS710','p30'),('WSS721','p30'),('WSS733','p30'),('WSS746','p30'),('WSS748','p30'),('WSS754','p30'),('WSS755','p30'),('WSS777','p30'),('WSS779','p30'),('WSS78','p30'),('WSS800','p30'),('WSS81','p30'),('WSS91','p30'),('WSS93','p30'),('WSS101','p4'),('WSS103','p4'),('WSS112','p4'),('WSS117','p4'),('WSS120','p4'),('WSS125','p4'),('WSS13','p4'),('WSS131','p4'),('WSS134','p4'),('WSS140','p4'),('WSS146','p4'),('WSS15','p4'),('WSS155','p4'),('WSS159','p4'),('WSS183','p4'),('WSS184','p4'),('WSS193','p4'),('WSS2','p4'),('WSS209','p4'),('WSS213','p4'),('WSS217','p4'),('WSS230','p4'),('WSS233','p4'),('WSS239','p4'),('WSS240','p4'),('WSS245','p4'),('WSS248','p4'),('WSS25','p4'),('WSS255','p4'),('WSS257','p4'),('WSS261','p4'),('WSS268','p4'),('WSS272','p4'),('WSS279','p4'),('WSS281','p4'),('WSS282','p4'),('WSS283','p4'),('WSS284','p4'),('WSS285','p4'),('WSS298','p4'),('WSS31','p4'),('WSS32','p4'),('WSS322','p4'),('WSS324','p4'),('WSS331','p4'),('WSS333','p4'),('WSS346','p4'),('WSS349','p4'),('WSS350','p4'),('WSS36','p4'),('WSS369','p4'),('WSS37','p4'),('WSS373','p4'),('WSS374','p4'),('WSS380','p4'),('WSS381','p4'),('WSS389','p4'),('WSS392','p4'),('WSS419','p4'),('WSS42','p4'),('WSS429','p4'),('WSS431','p4'),('WSS440','p4'),('WSS448','p4'),('WSS457','p4'),('WSS492','p4'),('WSS496','p4'),('WSS512','p4'),('WSS515','p4'),('WSS516','p4'),('WSS518','p4'),('WSS528','p4'),('WSS533','p4'),('WSS538','p4'),('WSS541','p4'),('WSS542','p4'),('WSS544','p4'),('WSS546','p4'),('WSS552','p4'),('WSS554','p4'),('WSS559','p4'),('WSS567','p4'),('WSS569','p4'),('WSS580','p4'),('WSS584','p4'),('WSS591','p4'),('WSS605','p4'),('WSS611','p4'),('WSS613','p4'),('WSS622','p4'),('WSS623','p4'),('WSS63','p4'),('WSS636','p4'),('WSS642','p4'),('WSS645','p4'),('WSS651','p4'),('WSS652','p4'),('WSS655','p4'),('WSS662','p4'),('WSS670','p4'),('WSS672','p4'),('WSS689','p4'),('WSS690','p4'),('WSS694','p4'),('WSS699','p4'),('WSS701','p4'),('WSS702','p4'),('WSS712','p4'),('WSS72','p4'),('WSS727','p4'),('WSS73','p4'),('WSS731','p4'),('WSS753','p4'),('WSS777','p4'),('WSS781','p4'),('WSS796','p4'),('WSS799','p4'),('WSS89','p4'),('WSS90','p4'),('WSS93','p4'),('WSS108','p5'),('WSS117','p5'),('WSS12','p5'),('WSS134','p5'),('WSS143','p5'),('WSS171','p5'),('WSS195','p5'),('WSS20','p5'),('WSS202','p5'),('WSS208','p5'),('WSS211','p5'),('WSS216','p5'),('WSS222','p5'),('WSS230','p5'),('WSS232','p5'),('WSS234','p5'),('WSS236','p5'),('WSS24','p5'),('WSS243','p5'),('WSS245','p5'),('WSS249','p5'),('WSS255','p5'),('WSS261','p5'),('WSS272','p5'),('WSS274','p5'),('WSS280','p5'),('WSS281','p5'),('WSS282','p5'),('WSS3','p5'),('WSS300','p5'),('WSS303','p5'),('WSS31','p5'),('WSS312','p5'),('WSS316','p5'),('WSS319','p5'),('WSS32','p5'),('WSS320','p5'),('WSS324','p5'),('WSS340','p5'),('WSS342','p5'),('WSS343','p5'),('WSS346','p5'),('WSS357','p5'),('WSS364','p5'),('WSS365','p5'),('WSS369','p5'),('WSS374','p5'),('WSS378','p5'),('WSS383','p5'),('WSS388','p5'),('WSS393','p5'),('WSS414','p5'),('WSS415','p5'),('WSS421','p5'),('WSS427','p5'),('WSS435','p5'),('WSS442','p5'),('WSS443','p5'),('WSS46','p5'),('WSS462','p5'),('WSS471','p5'),('WSS478','p5'),('WSS490','p5'),('WSS497','p5'),('WSS504','p5'),('WSS51','p5'),('WSS514','p5'),('WSS52','p5'),('WSS528','p5'),('WSS540','p5'),('WSS542','p5'),('WSS549','p5'),('WSS550','p5'),('WSS552','p5'),('WSS562','p5'),('WSS564','p5'),('WSS568','p5'),('WSS571','p5'),('WSS577','p5'),('WSS579','p5'),('WSS594','p5'),('WSS62','p5'),('WSS621','p5'),('WSS628','p5'),('WSS63','p5'),('WSS660','p5'),('WSS665','p5'),('WSS67','p5'),('WSS675','p5'),('WSS683','p5'),('WSS686','p5'),('WSS687','p5'),('WSS696','p5'),('WSS702','p5'),('WSS721','p5'),('WSS726','p5'),('WSS731','p5'),('WSS735','p5'),('WSS740','p5'),('WSS746','p5'),('WSS757','p5'),('WSS766','p5'),('WSS769','p5'),('WSS77','p5'),('WSS775','p5'),('WSS796','p5'),('WSS799','p5'),('WSS83','p5'),('WSS91','p5'),('WSS96','p5'),('WSS98','p5'),('WSS99','p5'),('WSS106','p6'),('WSS120','p6'),('WSS129','p6'),('WSS134','p6'),('WSS154','p6'),('WSS162','p6'),('WSS211','p6'),('WSS226','p6'),('WSS235','p6'),('WSS240','p6'),('WSS275','p6'),('WSS281','p6'),('WSS283','p6'),('WSS288','p6'),('WSS298','p6'),('WSS3','p6'),('WSS300','p6'),('WSS304','p6'),('WSS309','p6'),('WSS315','p6'),('WSS327','p6'),('WSS334','p6'),('WSS339','p6'),('WSS343','p6'),('WSS348','p6'),('WSS377','p6'),('WSS38','p6'),('WSS382','p6'),('WSS389','p6'),('WSS400','p6'),('WSS410','p6'),('WSS428','p6'),('WSS430','p6'),('WSS440','p6'),('WSS45','p6'),('WSS456','p6'),('WSS461','p6'),('WSS465','p6'),('WSS466','p6'),('WSS467','p6'),('WSS477','p6'),('WSS478','p6'),('WSS480','p6'),('WSS482','p6'),('WSS499','p6'),('WSS503','p6'),('WSS516','p6'),('WSS520','p6'),('WSS531','p6'),('WSS532','p6'),('WSS552','p6'),('WSS558','p6'),('WSS564','p6'),('WSS572','p6'),('WSS576','p6'),('WSS600','p6'),('WSS603','p6'),('WSS609','p6'),('WSS616','p6'),('WSS617','p6'),('WSS624','p6'),('WSS631','p6'),('WSS647','p6'),('WSS653','p6'),('WSS663','p6'),('WSS690','p6'),('WSS697','p6'),('WSS704','p6'),('WSS738','p6'),('WSS743','p6'),('WSS751','p6'),('WSS754','p6'),('WSS76','p6'),('WSS765','p6'),('WSS777','p6'),('WSS778','p6'),('WSS786','p6'),('WSS79','p6'),('WSS791','p6'),('WSS797','p6'),('WSS798','p6'),('WSS86','p6'),('WSS95','p6'),('WSS100','p7'),('WSS103','p7'),('WSS111','p7'),('WSS115','p7'),('WSS116','p7'),('WSS119','p7'),('WSS145','p7'),('WSS147','p7'),('WSS153','p7'),('WSS157','p7'),('WSS161','p7'),('WSS177','p7'),('WSS178','p7'),('WSS19','p7'),('WSS196','p7'),('WSS201','p7'),('WSS205','p7'),('WSS222','p7'),('WSS225','p7'),('WSS236','p7'),('WSS237','p7'),('WSS251','p7'),('WSS254','p7'),('WSS258','p7'),('WSS264','p7'),('WSS269','p7'),('WSS28','p7'),('WSS287','p7'),('WSS290','p7'),('WSS292','p7'),('WSS294','p7'),('WSS295','p7'),('WSS301','p7'),('WSS304','p7'),('WSS318','p7'),('WSS351','p7'),('WSS354','p7'),('WSS37','p7'),('WSS377','p7'),('WSS379','p7'),('WSS387','p7'),('WSS392','p7'),('WSS401','p7'),('WSS403','p7'),('WSS408','p7'),('WSS409','p7'),('WSS415','p7'),('WSS419','p7'),('WSS432','p7'),('WSS436','p7'),('WSS440','p7'),('WSS453','p7'),('WSS478','p7'),('WSS481','p7'),('WSS486','p7'),('WSS490','p7'),('WSS50','p7'),('WSS506','p7'),('WSS510','p7'),('WSS514','p7'),('WSS517','p7'),('WSS530','p7'),('WSS54','p7'),('WSS557','p7'),('WSS570','p7'),('WSS574','p7'),('WSS581','p7'),('WSS586','p7'),('WSS589','p7'),('WSS598','p7'),('WSS599','p7'),('WSS619','p7'),('WSS623','p7'),('WSS626','p7'),('WSS636','p7'),('WSS640','p7'),('WSS642','p7'),('WSS646','p7'),('WSS659','p7'),('WSS663','p7'),('WSS667','p7'),('WSS681','p7'),('WSS698','p7'),('WSS70','p7'),('WSS712','p7'),('WSS722','p7'),('WSS723','p7'),('WSS726','p7'),('WSS729','p7'),('WSS739','p7'),('WSS752','p7'),('WSS754','p7'),('WSS763','p7'),('WSS764','p7'),('WSS765','p7'),('WSS770','p7'),('WSS776','p7'),('WSS780','p7'),('WSS785','p7'),('WSS800','p7'),('WSS87','p7'),('WSS88','p7'),('WSS10','p8'),('WSS100','p8'),('WSS106','p8'),('WSS114','p8'),('WSS123','p8'),('WSS13','p8'),('WSS135','p8'),('WSS149','p8'),('WSS160','p8'),('WSS162','p8'),('WSS17','p8'),('WSS192','p8'),('WSS195','p8'),('WSS198','p8'),('WSS199','p8'),('WSS201','p8'),('WSS203','p8'),('WSS206','p8'),('WSS210','p8'),('WSS215','p8'),('WSS218','p8'),('WSS219','p8'),('WSS22','p8'),('WSS227','p8'),('WSS233','p8'),('WSS238','p8'),('WSS240','p8'),('WSS248','p8'),('WSS252','p8'),('WSS277','p8'),('WSS285','p8'),('WSS289','p8'),('WSS303','p8'),('WSS309','p8'),('WSS324','p8'),('WSS326','p8'),('WSS340','p8'),('WSS364','p8'),('WSS370','p8'),('WSS391','p8'),('WSS393','p8'),('WSS398','p8'),('WSS4','p8'),('WSS404','p8'),('WSS405','p8'),('WSS407','p8'),('WSS418','p8'),('WSS42','p8'),('WSS428','p8'),('WSS431','p8'),('WSS433','p8'),('WSS434','p8'),('WSS436','p8'),('WSS450','p8'),('WSS462','p8'),('WSS474','p8'),('WSS475','p8'),('WSS501','p8'),('WSS505','p8'),('WSS513','p8'),('WSS535','p8'),('WSS553','p8'),('WSS558','p8'),('WSS566','p8'),('WSS58','p8'),('WSS580','p8'),('WSS582','p8'),('WSS587','p8'),('WSS590','p8'),('WSS592','p8'),('WSS594','p8'),('WSS596','p8'),('WSS603','p8'),('WSS605','p8'),('WSS613','p8'),('WSS615','p8'),('WSS620','p8'),('WSS628','p8'),('WSS630','p8'),('WSS64','p8'),('WSS645','p8'),('WSS659','p8'),('WSS661','p8'),('WSS67','p8'),('WSS672','p8'),('WSS675','p8'),('WSS677','p8'),('WSS694','p8'),('WSS7','p8'),('WSS709','p8'),('WSS713','p8'),('WSS716','p8'),('WSS749','p8'),('WSS75','p8'),('WSS753','p8'),('WSS756','p8'),('WSS780','p8'),('WSS781','p8'),('WSS788','p8'),('WSS790','p8'),('WSS792','p8'),('WSS794','p8'),('WSS799','p8'),('WSS82','p8'),('WSS88','p8'),('WSS94','p8'),('WSS105','p9'),('WSS128','p9'),('WSS141','p9'),('WSS152','p9'),('WSS154','p9'),('WSS157','p9'),('WSS164','p9'),('WSS165','p9'),('WSS175','p9'),('WSS186','p9'),('WSS187','p9'),('WSS19','p9'),('WSS200','p9'),('WSS207','p9'),('WSS210','p9'),('WSS213','p9'),('WSS217','p9'),('WSS228','p9'),('WSS235','p9'),('WSS24','p9'),('WSS247','p9'),('WSS26','p9'),('WSS262','p9'),('WSS264','p9'),('WSS271','p9'),('WSS275','p9'),('WSS281','p9'),('WSS287','p9'),('WSS296','p9'),('WSS297','p9'),('WSS299','p9'),('WSS313','p9'),('WSS318','p9'),('WSS321','p9'),('WSS335','p9'),('WSS341','p9'),('WSS345','p9'),('WSS356','p9'),('WSS357','p9'),('WSS36','p9'),('WSS363','p9'),('WSS367','p9'),('WSS368','p9'),('WSS398','p9'),('WSS421','p9'),('WSS423','p9'),('WSS424','p9'),('WSS437','p9'),('WSS438','p9'),('WSS441','p9'),('WSS446','p9'),('WSS46','p9'),('WSS460','p9'),('WSS470','p9'),('WSS475','p9'),('WSS493','p9'),('WSS498','p9'),('WSS5','p9'),('WSS50','p9'),('WSS507','p9'),('WSS513','p9'),('WSS526','p9'),('WSS530','p9'),('WSS533','p9'),('WSS536','p9'),('WSS543','p9'),('WSS544','p9'),('WSS548','p9'),('WSS553','p9'),('WSS569','p9'),('WSS57','p9'),('WSS570','p9'),('WSS571','p9'),('WSS577','p9'),('WSS583','p9'),('WSS585','p9'),('WSS600','p9'),('WSS610','p9'),('WSS622','p9'),('WSS625','p9'),('WSS627','p9'),('WSS638','p9'),('WSS639','p9'),('WSS64','p9'),('WSS640','p9'),('WSS644','p9'),('WSS645','p9'),('WSS662','p9'),('WSS687','p9'),('WSS713','p9'),('WSS72','p9'),('WSS746','p9'),('WSS749','p9'),('WSS750','p9'),('WSS78','p9'),('WSS789','p9'),('WSS79','p9'),('WSS86','p9'),('WSS92','p9');
/*!40000 ALTER TABLE `outputparameter` ENABLE KEYS */;
UNLOCK TABLES;

--
-- Table structure for table `parameterhierarchy`
--

DROP TABLE IF EXISTS `parameterhierarchy`;
/*!40101 SET @saved_cs_client     = @@character_set_client */;
/*!50503 SET character_set_client = utf8mb4 */;
CREATE TABLE `parameterhierarchy` (
  `parentParameterID` varchar(10) NOT NULL,
  `childParameterID` varchar(10) NOT NULL,
  PRIMARY KEY (`parentParameterID`,`childParameterID`)
) ENGINE=InnoDB DEFAULT CHARSET=latin1;
/*!40101 SET character_set_client = @saved_cs_client */;

--
-- Dumping data for table `parameterhierarchy`
--

LOCK TABLES `parameterhierarchy` WRITE;
/*!40000 ALTER TABLE `parameterhierarchy` DISABLE KEYS */;
/*!40000 ALTER TABLE `parameterhierarchy` ENABLE KEYS */;
UNLOCK TABLES;

--
-- Table structure for table `parameterlist`
--

DROP TABLE IF EXISTS `parameterlist`;
/*!40101 SET @saved_cs_client     = @@character_set_client */;
/*!50503 SET character_set_client = utf8mb4 */;
CREATE TABLE `parameterlist` (
  `parameterID` varchar(10) NOT NULL,
  `parameterName` varchar(100) DEFAULT NULL,
  PRIMARY KEY (`parameterID`)
) ENGINE=InnoDB DEFAULT CHARSET=latin1;
/*!40101 SET character_set_client = @saved_cs_client */;

--
-- Dumping data for table `parameterlist`
--

LOCK TABLES `parameterlist` WRITE;
/*!40000 ALTER TABLE `parameterlist` DISABLE KEYS */;
INSERT INTO `parameterlist` VALUES ('p1','p1name'),('p10','p10name'),('p11','p11name'),('p12','p12name'),('p13','p13name'),('p14','p14name'),('p15','p15name'),('p16','p16name'),('p17','p17name'),('p18','p18name'),('p19','p19name'),('p2','p2name'),('p20','p20name'),('p21','p21name'),('p22','p22name'),('p23','p23name'),('p24','p24name'),('p25','p25name'),('p26','p26name'),('p27','p27name'),('p28','p28name'),('p29','p29name'),('p3','p3name'),('p30','p30name'),('p4','p4name'),('p5','p5name'),('p6','p6name'),('p7','p7name'),('p8','p8name'),('p9','p9name');
/*!40000 ALTER TABLE `parameterlist` ENABLE KEYS */;
UNLOCK TABLES;

--
-- Table structure for table `result`
--

DROP TABLE IF EXISTS `result`;
/*!40101 SET @saved_cs_client     = @@character_set_client */;
/*!50503 SET character_set_client = utf8mb4 */;
CREATE TABLE `result` (
  `transactionID` bigint NOT NULL,
  `stage` int NOT NULL,
  `webServiceID` varchar(10) NOT NULL,
  PRIMARY KEY (`transactionID`,`stage`,`webServiceID`)
) ENGINE=InnoDB DEFAULT CHARSET=latin1;
/*!40101 SET character_set_client = @saved_cs_client */;

--
-- Dumping data for table `result`
--

LOCK TABLES `result` WRITE;
/*!40000 ALTER TABLE `result` DISABLE KEYS */;
INSERT INTO `result` VALUES (1,1,'WSS593'),(1,2,'WSS35'),(2,1,'WSS402'),(2,2,'WSS288'),(3,1,'WSS257'),(3,2,'WSS279'),(4,1,'WSS292'),(4,2,'WSS283'),(5,1,'WSS400'),(5,2,'WSS404'),(6,1,'WSS580'),(7,1,'WSS401'),(7,2,'WSS89'),(8,1,'WSS258'),(8,2,'WSS259'),(9,1,'WSS90'),(9,2,'WSS283'),(10,1,'WSS74'),(10,1,'WSS95'),(11,1,'WSS597'),(11,2,'WSS68'),(12,1,'WSS61'),(12,2,'WSS79'),(13,1,'WSS288'),(13,2,'WSS77'),(14,1,'WSS98'),(14,2,'WSS94'),(15,1,'WSS233'),(15,2,'WSS598'),(16,1,'WSS241'),(16,2,'WSS79'),(17,1,'WSS254'),(17,2,'WSS90'),(18,1,'WSS402'),(18,2,'WSS283'),(19,1,'WSS283'),(19,2,'WSS295'),(20,1,'WSS271'),(20,2,'WSS264'),(21,1,'WSS24'),(21,2,'WSS53'),(22,1,'WSS98'),(22,2,'WSS402'),(23,1,'WSS98'),(23,2,'WSS249'),(24,1,'WSS42'),(24,2,'WSS41'),(25,1,'WSS262'),(25,2,'WSS265'),(26,1,'WSS243'),(26,2,'WSS283'),(27,1,'WSS297'),(27,2,'WSS279'),(28,1,'WSS234'),(28,2,'WSS412'),(29,1,'WSS295'),(29,2,'WSS294'),(30,1,'WSS242'),(30,2,'WSS401'),(1031,1,'ICP006'),(1031,1,'ICP110'),(1031,1,'ICP311'),(1031,2,'ICP500'),(1035,1,'ICP386'),(1035,2,'ICP466'),(1133,1,'ICP103'),(1133,2,'ICP341'),(1133,3,'ICP395'),(1136,1,'ICP110'),(1136,2,'ICP710'),(1141,1,'ICP311'),(1141,2,'ICP422'),(1288,1,'ICP001'),(1288,2,'ICP110'),(1291,1,'ICP110'),(1291,2,'ICP720'),(1293,1,'ICP110'),(1293,1,'ICP311'),(1293,2,'ICP500'),(1296,1,'ICP006'),(1296,1,'ICP103'),(1296,1,'ICP110'),(1296,1,'ICP311'),(1296,1,'ICP313'),(1296,2,'ICP341'),(1296,2,'ICP500'),(1296,3,'ICP395'),(1325,1,'ICP110'),(1325,2,'ICP680'),(1355,1,'ICP110'),(1355,2,'ICP469'),(1406,1,'ICP110'),(1435,1,'ICP006'),(1435,1,'ICP110'),(1435,1,'ICP311'),(1435,2,'ICP500'),(1509,1,'ICP001'),(1509,1,'ICP006'),(1509,2,'ICP002'),(1509,2,'ICP110'),(1509,3,'ICP311'),(1509,4,'ICP500'),(1572,1,'ICP103'),(1572,1,'ICP110'),(1572,1,'ICP386'),(1572,2,'ICP341'),(1572,2,'ICP395'),(1572,2,'ICP466'),(1572,2,'ICP620'),(1572,2,'ICP720'),(1572,3,'ICP445'),(1583,1,'ICP386'),(1583,2,'ICP466'),(1607,1,'ICP301'),(1607,1,'ICP341'),(1607,1,'ICP386'),(1607,2,'ICP481'),(1620,1,'ICP006'),(1620,1,'ICP110'),(1620,1,'ICP311'),(1620,2,'ICP500'),(1646,1,'ICP006'),(1646,1,'ICP110'),(1646,1,'ICP311'),(1646,2,'ICP469'),(1646,2,'ICP500'),(1733,1,'ICP311'),(1733,2,'ICP422'),(1797,1,'ICP386'),(1797,2,'ICP466'),(1851,1,'ICP003'),(1851,1,'ICP311'),(1851,2,'ICP313'),(1851,3,'ICP486'),(1981,1,'ICP110'),(1981,1,'ICP311'),(1981,2,'ICP500'),(2015,1,'ICP006'),(2015,1,'ICP110'),(2015,1,'ICP311'),(2015,2,'ICP500'),(2026,1,'ICP386'),(2026,2,'ICP466'),(2114,1,'ICP341'),(2114,2,'ICP395'),(2114,3,'ICP445'),(2280,1,'ICP103'),(2280,1,'ICP386'),(2280,2,'ICP341'),(2280,2,'ICP395'),(2280,2,'ICP466'),(2280,3,'ICP495'),(2317,1,'ICP313'),(2317,1,'ICP341'),(2317,1,'ICP680'),(2317,2,'ICP395'),(2317,3,'ICP445'),(2474,1,'ICP003'),(2474,1,'ICP311'),(2474,2,'ICP313'),(2474,3,'ICP486'),(2565,1,'ICP313'),(2565,1,'ICP341'),(2565,2,'ICP395'),(2565,3,'ICP445'),(2598,1,'ICP006'),(2598,1,'ICP110'),(2598,1,'ICP311'),(2598,1,'ICP313'),(2598,1,'ICP331'),(2598,2,'ICP500'),(2610,1,'ICP003'),(2610,1,'ICP311'),(2610,2,'ICP313'),(2610,3,'ICP486'),(2659,1,'ICP006'),(2659,1,'ICP110'),(2659,1,'ICP311'),(2659,2,'ICP469'),(2659,2,'ICP500'),(2675,1,'ICP386'),(2675,2,'ICP466'),(2711,1,'ICP103'),(2711,1,'ICP386'),(2711,2,'ICP341'),(2711,3,'ICP481'),(2779,1,'ICP003'),(2779,1,'ICP311'),(2779,2,'ICP313'),(2779,3,'ICP486'),(2985,1,'ICP103'),(3021,1,'ICP006'),(3021,1,'ICP110'),(3021,1,'ICP302'),(3021,2,'ICP500'),(3075,1,'ICP006'),(3075,1,'ICP110'),(3075,1,'ICP311'),(3075,2,'ICP500'),(3226,1,'ICP110'),(3226,2,'ICP818'),(3286,1,'ICP006'),(3286,1,'ICP110'),(3286,1,'ICP311'),(3286,2,'ICP500'),(3357,1,'ICP006'),(3357,1,'ICP110'),(3357,1,'ICP311'),(3357,2,'ICP500'),(3667,1,'ICP103'),(3667,1,'ICP301'),(3667,1,'ICP386'),(3667,2,'ICP341'),(3667,3,'ICP481'),(3668,1,'ICP103'),(3668,1,'ICP301'),(3668,1,'ICP386'),(3668,2,'ICP341'),(3668,3,'ICP481'),(3705,1,'ICP103'),(3705,1,'ICP301'),(3705,1,'ICP386'),(3705,2,'ICP341'),(3705,3,'ICP481'),(3718,1,'ICP001'),(3718,2,'ICP002'),(3718,2,'ICP110'),(3718,3,'ICP311'),(3718,4,'ICP819'),(3877,1,'ICP386'),(3948,1,'ICP006'),(3948,1,'ICP110'),(3948,1,'ICP311'),(3948,2,'ICP500'),(3969,1,'ICP301'),(3969,1,'ICP341'),(3969,1,'ICP386'),(3969,2,'ICP481'),(3971,1,'ICP386'),(3971,2,'ICP466'),(4112,1,'ICP006'),(4112,1,'ICP110'),(4112,1,'ICP311'),(4112,2,'ICP469'),(4112,2,'ICP500'),(4178,1,'ICP002'),(4178,1,'ICP110'),(4178,2,'ICP311'),(4178,3,'ICP819'),(4281,1,'ICP110'),(4281,2,'ICP469'),(4296,1,'ICP006'),(4296,1,'ICP110'),(4296,1,'ICP311'),(4296,2,'ICP469'),(4296,2,'ICP500'),(4375,1,'ICP003'),(4375,1,'ICP311'),(4375,2,'ICP313'),(4375,3,'ICP486'),(4589,1,'ICP006'),(4589,1,'ICP110'),(4589,1,'ICP311'),(4589,2,'ICP469'),(4589,2,'ICP500'),(4607,1,'ICP006'),(4607,1,'ICP110'),(4607,1,'ICP302'),(4607,2,'ICP500'),(4747,1,'ICP311'),(4747,1,'ICP313'),(4747,2,'ICP486'),(4775,1,'ICP110'),(4775,2,'ICP500'),(4934,1,'ICP103'),(4934,2,'ICP341'),(4978,1,'ICP103'),(4980,1,'ICP006'),(4980,1,'ICP110'),(4980,1,'ICP311'),(4980,2,'ICP469'),(4980,2,'ICP500'),(4980,2,'ICP720'),(4980,3,'ICP740'),(5049,1,'ICP006'),(5049,1,'ICP110'),(5049,1,'ICP311'),(5049,2,'ICP500'),(5417,1,'ICP301'),(5417,1,'ICP341'),(5417,1,'ICP386'),(5417,2,'ICP481'),(5448,1,'ICP386'),(5448,2,'ICP466'),(5450,1,'ICP103'),(5450,1,'ICP110'),(5450,1,'ICP386'),(5450,1,'ICP817'),(5450,2,'ICP341'),(5450,2,'ICP395'),(5450,2,'ICP466'),(5450,2,'ICP620'),(5450,2,'ICP720'),(5450,3,'ICP445'),(5450,3,'ICP815'),(5461,1,'ICP002'),(5461,1,'ICP006'),(5461,1,'ICP110'),(5461,1,'ICP302'),(5461,2,'ICP500'),(5461,2,'ICP720'),(5461,3,'ICP740'),(5472,1,'ICP110'),(5472,2,'ICP818'),(5497,1,'ICP103'),(5497,2,'ICP341'),(5569,1,'ICP386'),(5569,2,'ICP466'),(5571,1,'ICP103'),(5571,2,'ICP810'),(5757,1,'ICP386'),(5757,2,'ICP466'),(5779,1,'ICP006'),(5779,1,'ICP110'),(5779,1,'ICP302'),(5779,2,'ICP500'),(5814,1,'ICP006'),(5814,1,'ICP110'),(5814,1,'ICP311'),(5814,2,'ICP500'),(5897,1,'ICP110'),(5897,2,'ICP710'),(5966,1,'ICP103'),(5966,1,'ICP301'),(5966,1,'ICP386'),(5966,2,'ICP341'),(5966,3,'ICP481'),(6032,1,'ICP386'),(6032,2,'ICP466'),(6279,1,'ICP006'),(6279,1,'ICP110'),(6279,1,'ICP311'),(6279,2,'ICP469'),(6279,2,'ICP500'),(6294,1,'ICP006'),(6294,1,'ICP110'),(6294,1,'ICP311'),(6294,2,'ICP500'),(6325,1,'ICP002'),(6325,2,'ICP003'),(6363,1,'ICP006'),(6363,1,'ICP110'),(6363,1,'ICP311'),(6363,2,'ICP469'),(6363,2,'ICP500'),(6437,1,'ICP103'),(6437,1,'ICP301'),(6437,1,'ICP386'),(6437,2,'ICP341'),(6437,3,'ICP481'),(6533,1,'ICP006'),(6533,1,'ICP110'),(6533,1,'ICP311'),(6533,2,'ICP469'),(6533,2,'ICP500'),(6574,1,'ICP002'),(6574,1,'ICP110'),(6574,2,'ICP311'),(6574,3,'ICP819'),(6604,1,'ICP103'),(6604,1,'ICP386'),(6604,2,'ICP341'),(6604,3,'ICP481'),(6679,1,'ICP003'),(6679,1,'ICP311'),(6679,2,'ICP313'),(6679,3,'ICP486'),(6692,1,'ICP103'),(6692,1,'ICP386'),(6692,1,'ICP465'),(6692,2,'ICP341'),(6692,3,'ICP481'),(6874,1,'ICP467'),(6898,1,'ICP103'),(6898,1,'ICP386'),(6898,2,'ICP341'),(6898,3,'ICP481'),(6922,1,'ICP313'),(6922,1,'ICP341'),(6922,2,'ICP395'),(6974,1,'ICP110'),(6974,2,'ICP469'),(7056,1,'ICP006'),(7056,1,'ICP110'),(7056,1,'ICP311'),(7056,1,'ICP341'),(7056,2,'ICP395'),(7056,2,'ICP500'),(7056,2,'ICP720'),(7056,3,'ICP445'),(7056,3,'ICP740'),(7107,1,'ICP311'),(7107,1,'ICP313'),(7107,2,'ICP486'),(7159,1,'ICP311'),(7159,2,'ICP422'),(7196,1,'ICP103'),(7196,2,'ICP341'),(7196,2,'ICP395'),(7196,3,'ICP495'),(7227,1,'ICP103'),(7227,1,'ICP110'),(7227,1,'ICP301'),(7227,1,'ICP311'),(7227,1,'ICP386'),(7227,2,'ICP341'),(7227,2,'ICP500'),(7227,3,'ICP481'),(7297,1,'ICP386'),(7297,2,'ICP466'),(7326,1,'ICP006'),(7326,1,'ICP110'),(7326,1,'ICP311'),(7326,2,'ICP500'),(7398,1,'ICP002'),(7398,1,'ICP006'),(7398,1,'ICP103'),(7398,1,'ICP110'),(7398,2,'ICP311'),(7398,2,'ICP720'),(7398,2,'ICP810'),(7398,3,'ICP500'),(7398,3,'ICP819'),(7398,4,'ICP740'),(7420,1,'ICP006'),(7420,1,'ICP311'),(7420,2,'ICP500'),(7484,1,'ICP006'),(7484,1,'ICP110'),(7484,1,'ICP311'),(7484,2,'ICP469'),(7484,2,'ICP500'),(7515,1,'ICP006'),(7515,1,'ICP110'),(7515,1,'ICP311'),(7515,2,'ICP469'),(7515,2,'ICP500'),(7593,1,'ICP301'),(7593,1,'ICP341'),(7593,1,'ICP386'),(7593,2,'ICP481'),(7645,1,'ICP001'),(7645,1,'ICP006'),(7645,2,'ICP002'),(7645,2,'ICP110'),(7645,3,'ICP311'),(7645,4,'ICP500'),(7720,1,'ICP006'),(7720,1,'ICP311'),(7720,1,'ICP720'),(7720,2,'ICP500'),(7720,3,'ICP740'),(7769,1,'ICP103'),(7769,2,'ICP341'),(7797,1,'ICP006'),(7797,1,'ICP110'),(7797,1,'ICP302'),(7797,2,'ICP500'),(7797,2,'ICP720'),(7817,1,'ICP006'),(7817,1,'ICP311'),(7817,2,'ICP500'),(7821,1,'ICP006'),(7821,1,'ICP110'),(7821,1,'ICP311'),(7821,2,'ICP500'),(7831,1,'ICP006'),(7831,1,'ICP311'),(7831,2,'ICP500'),(7832,1,'ICP006'),(7832,1,'ICP110'),(7832,1,'ICP311'),(7832,2,'ICP500'),(8030,1,'ICP386'),(8030,2,'ICP466'),(8062,1,'ICP006'),(8062,1,'ICP110'),(8062,1,'ICP311'),(8062,2,'ICP500'),(8155,1,'ICP006'),(8155,1,'ICP110'),(8155,1,'ICP311'),(8155,2,'ICP469'),(8155,2,'ICP500'),(8306,1,'ICP006'),(8306,1,'ICP110'),(8306,1,'ICP311'),(8306,2,'ICP500'),(8509,1,'ICP467'),(8527,1,'ICP110'),(8527,2,'ICP500'),(8628,1,'ICP103'),(8628,1,'ICP301'),(8628,1,'ICP386'),(8628,2,'ICP341'),(8628,3,'ICP481'),(8647,1,'ICP103'),(8647,2,'ICP341'),(8688,1,'ICP103'),(8688,1,'ICP301'),(8688,1,'ICP386'),(8688,2,'ICP341'),(8688,3,'ICP481'),(8877,1,'ICP386'),(8877,2,'ICP466'),(8889,1,'ICP110'),(8889,2,'ICP620'),(8941,1,'ICP103'),(8941,2,'ICP341'),(8941,2,'ICP395'),(8941,3,'ICP495'),(8952,1,'ICP103'),(8952,1,'ICP386'),(8952,2,'ICP341'),(8952,3,'ICP481'),(8959,1,'ICP103'),(8959,2,'ICP341'),(9050,1,'ICP006'),(9050,1,'ICP110'),(9050,1,'ICP311'),(9050,2,'ICP500'),(9076,1,'ICP004'),(9076,2,'ICP005'),(9076,3,'ICP331'),(9117,1,'ICP110'),(9117,2,'ICP469'),(9185,1,'ICP341'),(9185,2,'ICP395'),(9185,3,'ICP445'),(9249,1,'ICP006'),(9249,1,'ICP110'),(9249,1,'ICP311'),(9249,2,'ICP500'),(9249,2,'ICP720'),(9306,1,'ICP006'),(9306,1,'ICP110'),(9306,1,'ICP302'),(9306,2,'ICP500'),(9325,1,'ICP386'),(9422,1,'ICP110'),(9422,2,'ICP469'),(9451,1,'ICP006'),(9451,1,'ICP110'),(9451,1,'ICP311'),(9451,1,'ICP341'),(9451,2,'ICP395'),(9451,2,'ICP500'),(9451,2,'ICP720'),(9451,3,'ICP445'),(9451,3,'ICP740'),(9524,1,'ICP001'),(9524,1,'ICP006'),(9524,2,'ICP002'),(9524,2,'ICP110'),(9524,3,'ICP311'),(9524,4,'ICP500'),(9784,1,'ICP110'),(9784,2,'ICP469'),(9797,1,'ICP103'),(9797,2,'ICP341'),(9812,1,'ICP311'),(9812,1,'ICP313'),(9812,2,'ICP486'),(9814,1,'ICP006'),(9814,1,'ICP110'),(9814,1,'ICP311'),(9814,2,'ICP500'),(9868,1,'ICP006'),(9868,1,'ICP110'),(9868,1,'ICP311'),(9868,2,'ICP500'),(9968,1,'ICP103'),(9968,1,'ICP301'),(9968,1,'ICP386'),(9968,2,'ICP341'),(9968,3,'ICP481'),(9978,1,'ICP311'),(9978,1,'ICP313'),(9978,2,'ICP486'),(111174351,1,'ICP001'),(111174351,2,'ICP002'),(111174351,3,'ICP003'),(111174351,3,'ICP311'),(111174351,4,'ICP313'),(111174351,5,'ICP486'),(112793854,1,'ICP006'),(112793854,1,'ICP110'),(112793854,1,'ICP311'),(112793854,2,'ICP500'),(125202274,1,'ICP001'),(125202274,1,'ICP103'),(125202274,2,'ICP301'),(125202274,2,'ICP341'),(125202274,2,'ICP386'),(125202274,3,'ICP481'),(137852438,1,'ICP006'),(137852438,1,'ICP110'),(137852438,1,'ICP311'),(137852438,2,'ICP500'),(141922012,1,'ICP002'),(141922012,2,'ICP003'),(141922012,2,'ICP311'),(141922012,3,'ICP313'),(141922012,4,'ICP486'),(164821430,1,'ICP001'),(164821430,2,'ICP002'),(164821430,3,'ICP003'),(164821430,3,'ICP311'),(164821430,4,'ICP313'),(164821430,5,'ICP486'),(166203121,1,'ICP001'),(166203121,1,'ICP006'),(166203121,1,'ICP200'),(166203121,2,'ICP002'),(166203121,2,'ICP110'),(166203121,2,'ICP720'),(166203121,3,'ICP311'),(166203121,4,'ICP500'),(166203121,4,'ICP819'),(166203121,5,'ICP740'),(178957047,1,'ICP110'),(178957047,2,'ICP469'),(192081592,1,'ICP006'),(192081592,1,'ICP200'),(192081592,1,'ICP311'),(192081592,2,'ICP500'),(192081592,2,'ICP720'),(192081592,3,'ICP740'),(196046272,1,'ICP002'),(196046272,1,'ICP006'),(196046272,1,'ICP110'),(196046272,2,'ICP311'),(196046272,2,'ICP469'),(196046272,3,'ICP500'),(222936116,1,'ICP006'),(222936116,1,'ICP200'),(222936116,1,'ICP311'),(222936116,2,'ICP500'),(222936116,2,'ICP720'),(222936116,2,'ICP819'),(222936116,3,'ICP740'),(258370250,1,'ICP006'),(258370250,1,'ICP200'),(258370250,1,'ICP311'),(258370250,2,'ICP500'),(258370250,2,'ICP720'),(258370250,2,'ICP818'),(258370250,2,'ICP819'),(258370250,3,'ICP740'),(285611992,1,'ICP006'),(285611992,1,'ICP110'),(285611992,1,'ICP200'),(285611992,1,'ICP311'),(285611992,2,'ICP500'),(285611992,2,'ICP720'),(285611992,3,'ICP740'),(287034437,1,'ICP006'),(287034437,1,'ICP200'),(287034437,1,'ICP311'),(287034437,2,'ICP500'),(287034437,2,'ICP720'),(287034437,2,'ICP819'),(287034437,3,'ICP740'),(291687847,1,'ICP006'),(291687847,1,'ICP200'),(291687847,1,'ICP311'),(291687847,2,'ICP500'),(291687847,2,'ICP720'),(291687847,2,'ICP819'),(291687847,3,'ICP740'),(292870227,1,'ICP001'),(292870227,1,'ICP006'),(292870227,1,'ICP720'),(292870227,2,'ICP002'),(292870227,2,'ICP110'),(292870227,3,'ICP311'),(292870227,4,'ICP500'),(292870227,5,'ICP740'),(316379525,1,'ICP110'),(316379525,1,'ICP311'),(316379525,2,'ICP361'),(316379525,3,'ICP461'),(324432052,1,'ICP001'),(324432052,2,'ICP002'),(324432052,3,'ICP003'),(324432052,3,'ICP311'),(324432052,4,'ICP313'),(324432052,5,'ICP486'),(348444351,1,'ICP311'),(348444351,1,'ICP313'),(348444351,2,'ICP486'),(356640298,1,'ICP469'),(356640298,1,'ICP818'),(356640298,2,'ICP660'),(362849335,1,'ICP006'),(362849335,1,'ICP200'),(362849335,1,'ICP311'),(362849335,2,'ICP500'),(362849335,2,'ICP720'),(362849335,2,'ICP818'),(362849335,3,'ICP740'),(370058038,1,'ICP006'),(370058038,1,'ICP110'),(370058038,1,'ICP311'),(370058038,2,'ICP469'),(370058038,2,'ICP500'),(410309476,1,'ICP001'),(410309476,1,'ICP006'),(410309476,1,'ICP200'),(410309476,2,'ICP002'),(410309476,2,'ICP720'),(410309476,3,'ICP311'),(410309476,4,'ICP500'),(410309476,4,'ICP819'),(410309476,5,'ICP740'),(411681300,1,'ICP006'),(411681300,1,'ICP200'),(411681300,1,'ICP311'),(411681300,2,'ICP500'),(411681300,2,'ICP720'),(411681300,2,'ICP819'),(411681300,3,'ICP740'),(413889315,1,'ICP002'),(413889315,2,'ICP003'),(413889315,2,'ICP311'),(413889315,3,'ICP313'),(413889315,4,'ICP486'),(435075950,1,'ICP002'),(435075950,1,'ICP006'),(435075950,1,'ICP110'),(435075950,1,'ICP720'),(435075950,2,'ICP311'),(435075950,3,'ICP500'),(435075950,4,'ICP740'),(442506203,1,'ICP006'),(442506203,1,'ICP110'),(442506203,1,'ICP311'),(442506203,2,'ICP469'),(442506203,2,'ICP500'),(448741355,1,'ICP001'),(448741355,2,'ICP002'),(448741355,3,'ICP003'),(448741355,3,'ICP311'),(448741355,4,'ICP313'),(448741355,5,'ICP486'),(452470039,1,'ICP006'),(452470039,1,'ICP110'),(452470039,1,'ICP311'),(452470039,2,'ICP500'),(495404878,1,'ICP006'),(495404878,1,'ICP110'),(495404878,1,'ICP200'),(495404878,1,'ICP302'),(495404878,2,'ICP500'),(495404878,2,'ICP720'),(495404878,3,'ICP740'),(496776246,1,'ICP103'),(496776246,2,'ICP341'),(496776246,3,'ICP403'),(497270695,1,'ICP001'),(497270695,1,'ICP103'),(497270695,2,'ICP301'),(497270695,2,'ICP341'),(497270695,2,'ICP386'),(497270695,3,'ICP481'),(506023024,1,'ICP680'),(516484914,1,'ICP006'),(516484914,1,'ICP200'),(516484914,1,'ICP311'),(516484914,2,'ICP500'),(516484914,2,'ICP720'),(516484914,3,'ICP740'),(524497078,1,'ICP006'),(524497078,1,'ICP200'),(524497078,1,'ICP311'),(524497078,2,'ICP500'),(524497078,2,'ICP720'),(524497078,2,'ICP819'),(524497078,3,'ICP740'),(532135187,1,'ICP200'),(532135187,2,'ICP720'),(532135187,3,'ICP811'),(532135187,4,'ICP813'),(561361210,1,'ICP006'),(561361210,1,'ICP200'),(561361210,1,'ICP311'),(561361210,2,'ICP500'),(561361210,2,'ICP720'),(561361210,2,'ICP819'),(561361210,3,'ICP740'),(578460210,1,'ICP110'),(578460210,2,'ICP469'),(601145152,1,'ICP006'),(601145152,1,'ICP200'),(601145152,1,'ICP311'),(601145152,2,'ICP500'),(601145152,2,'ICP720'),(601145152,2,'ICP819'),(601145152,3,'ICP740'),(630767823,1,'ICP006'),(630767823,1,'ICP200'),(630767823,1,'ICP311'),(630767823,2,'ICP500'),(630767823,2,'ICP720'),(630767823,2,'ICP819'),(630767823,3,'ICP740'),(658685554,1,'ICP006'),(658685554,1,'ICP200'),(658685554,1,'ICP311'),(658685554,2,'ICP500'),(658685554,2,'ICP720'),(658685554,3,'ICP740'),(659691843,1,'ICP006'),(659691843,1,'ICP200'),(659691843,1,'ICP311'),(659691843,2,'ICP500'),(659691843,2,'ICP720'),(659691843,3,'ICP740'),(664758087,1,'ICP006'),(664758087,1,'ICP200'),(664758087,1,'ICP311'),(664758087,2,'ICP500'),(664758087,2,'ICP720'),(664758087,2,'ICP819'),(664758087,3,'ICP740'),(669457938,1,'ICP006'),(669457938,1,'ICP200'),(669457938,1,'ICP311'),(669457938,2,'ICP500'),(669457938,2,'ICP720'),(669457938,3,'ICP740'),(683869712,1,'ICP006'),(683869712,1,'ICP200'),(683869712,1,'ICP311'),(683869712,2,'ICP500'),(683869712,2,'ICP720'),(683869712,2,'ICP819'),(683869712,3,'ICP740'),(716407017,1,'ICP006'),(716407017,1,'ICP110'),(716407017,1,'ICP311'),(716407017,1,'ICP720'),(716407017,2,'ICP500'),(716407017,2,'ICP811'),(716407017,3,'ICP813'),(726508464,1,'ICP006'),(726508464,1,'ICP110'),(726508464,1,'ICP311'),(726508464,2,'ICP469'),(726508464,2,'ICP500'),(739074091,1,'ICP006'),(739074091,1,'ICP200'),(739074091,1,'ICP311'),(739074091,2,'ICP500'),(739074091,2,'ICP720'),(739074091,3,'ICP740'),(739546796,1,'ICP006'),(739546796,1,'ICP200'),(739546796,1,'ICP311'),(739546796,2,'ICP500'),(739546796,2,'ICP720'),(739546796,3,'ICP740'),(742695516,1,'ICP001'),(742695516,2,'ICP110'),(742695516,2,'ICP302'),(742695516,3,'ICP500'),(749479466,1,'ICP103'),(749479466,1,'ICP301'),(749479466,1,'ICP386'),(749479466,2,'ICP341'),(749479466,3,'ICP481'),(759784803,1,'ICP001'),(759784803,1,'ICP006'),(759784803,2,'ICP110'),(759784803,2,'ICP302'),(759784803,3,'ICP500'),(784019298,1,'ICP001'),(784019298,1,'ICP103'),(784019298,2,'ICP301'),(784019298,2,'ICP341'),(784019298,2,'ICP386'),(784019298,3,'ICP481'),(809869431,1,'ICP006'),(809869431,1,'ICP110'),(809869431,1,'ICP311'),(809869431,2,'ICP500'),(833064024,1,'ICP001'),(833064024,1,'ICP006'),(833064024,1,'ICP720'),(833064024,2,'ICP002'),(833064024,2,'ICP110'),(833064024,3,'ICP311'),(833064024,4,'ICP500'),(833064024,5,'ICP740'),(882961008,1,'ICP006'),(882961008,1,'ICP110'),(882961008,1,'ICP311'),(882961008,2,'ICP500'),(916025637,1,'ICP001'),(916025637,2,'ICP110'),(916025637,3,'ICP469'),(960676621,1,'ICP006'),(960676621,1,'ICP200'),(960676621,1,'ICP311'),(960676621,2,'ICP500'),(960676621,2,'ICP720'),(960676621,3,'ICP740'),(971245096,1,'ICP006'),(971245096,1,'ICP110'),(971245096,1,'ICP311'),(971245096,2,'ICP469'),(971245096,2,'ICP500');
/*!40000 ALTER TABLE `result` ENABLE KEYS */;
UNLOCK TABLES;

--
-- Table structure for table `rhs`
--

DROP TABLE IF EXISTS `rhs`;
/*!40101 SET @saved_cs_client     = @@character_set_client */;
/*!50503 SET character_set_client = utf8mb4 */;
CREATE TABLE `rhs` (
  `ruleid` int NOT NULL,
  `courseid` varchar(10) NOT NULL,
  PRIMARY KEY (`ruleid`,`courseid`)
) ENGINE=InnoDB DEFAULT CHARSET=latin1;
/*!40101 SET character_set_client = @saved_cs_client */;

--
-- Dumping data for table `rhs`
--

LOCK TABLES `rhs` WRITE;
/*!40000 ALTER TABLE `rhs` DISABLE KEYS */;
INSERT INTO `rhs` VALUES (1,'ICP110'),(2,'ICP311'),(3,'ICP500'),(4,'ICP311'),(5,'ICP500'),(6,'ICP500'),(7,'ICP311'),(8,'ICP500'),(9,'ICP500'),(10,'ICP500'),(11,'ICP500');
/*!40000 ALTER TABLE `rhs` ENABLE KEYS */;
UNLOCK TABLES;

--
-- Table structure for table `ruleinfo`
--

DROP TABLE IF EXISTS `ruleinfo`;
/*!40101 SET @saved_cs_client     = @@character_set_client */;
/*!50503 SET character_set_client = utf8mb4 */;
CREATE TABLE `ruleinfo` (
  `ruleid` int NOT NULL,
  `support` float DEFAULT NULL,
  `confidence` float DEFAULT NULL,
  `lift` float DEFAULT NULL,
  `count` int DEFAULT NULL,
  PRIMARY KEY (`ruleid`)
) ENGINE=InnoDB DEFAULT CHARSET=latin1;
/*!40101 SET character_set_client = @saved_cs_client */;

--
-- Dumping data for table `ruleinfo`
--

LOCK TABLES `ruleinfo` WRITE;
/*!40000 ALTER TABLE `ruleinfo` DISABLE KEYS */;
INSERT INTO `ruleinfo` VALUES (1,0.2,0.719101,1.53765,3),(2,0.2,0.910112,1.69382,3),(3,0.2,1,2.11579,3),(4,0.2,0.670213,1.24734,3),(5,0.2,0.744681,1.57559,3),(6,0.2,0.777778,1.64561,3),(7,0.2,0.875,1.62847,3),(8,0.2,1,2.11579,3),(9,0.2,1,2.11579,3),(10,0.2,0.936508,1.98145,3),(11,0.2,1,2.11579,3);
/*!40000 ALTER TABLE `ruleinfo` ENABLE KEYS */;
UNLOCK TABLES;

--
-- Table structure for table `webservicelist`
--

DROP TABLE IF EXISTS `webservicelist`;
/*!40101 SET @saved_cs_client     = @@character_set_client */;
/*!50503 SET character_set_client = utf8mb4 */;
CREATE TABLE `webservicelist` (
  `webServiceID` varchar(10) NOT NULL,
  `webServiceName` varchar(100) DEFAULT NULL,
  `reputation` float DEFAULT NULL,
  `price` float DEFAULT NULL,
  `duration` int DEFAULT NULL,
  `provider` varchar(50) DEFAULT NULL,
  `url` varchar(100) DEFAULT NULL,
  PRIMARY KEY (`webServiceID`)
) ENGINE=InnoDB DEFAULT CHARSET=latin1;
/*!40101 SET character_set_client = @saved_cs_client */;

--
-- Dumping data for table `webservicelist`
--

LOCK TABLES `webservicelist` WRITE;
/*!40000 ALTER TABLE `webservicelist` DISABLE KEYS */;
INSERT INTO `webservicelist` VALUES ('WSS1','WSS1Name',3,1,3,'serviceprovider','https://serviceprovider.com'),('WSS10','WSS10Name',3,1,3,'serviceprovider','https://serviceprovider.com'),('WSS100','WSS100Name',3,1,3,'serviceprovider','https://serviceprovider.com'),('WSS101','WSS101Name',3,1,3,'serviceprovider','https://serviceprovider.com'),('WSS102','WSS102Name',3,1,3,'serviceprovider','https://serviceprovider.com'),('WSS103','WSS103Name',3,1,3,'serviceprovider','https://serviceprovider.com'),('WSS104','WSS104Name',3,1,3,'serviceprovider','https://serviceprovider.com'),('WSS105','WSS105Name',3,1,3,'serviceprovider','https://serviceprovider.com'),('WSS106','WSS106Name',3,1,3,'serviceprovider','https://serviceprovider.com'),('WSS107','WSS107Name',3,1,3,'serviceprovider','https://serviceprovider.com'),('WSS108','WSS108Name',3,1,3,'serviceprovider','https://serviceprovider.com'),('WSS109','WSS109Name',3,1,3,'serviceprovider','https://serviceprovider.com'),('WSS11','WSS11Name',3,1,3,'serviceprovider','https://serviceprovider.com'),('WSS110','WSS110Name',3,1,3,'serviceprovider','https://serviceprovider.com'),('WSS111','WSS111Name',3,1,3,'serviceprovider','https://serviceprovider.com'),('WSS112','WSS112Name',3,1,3,'serviceprovider','https://serviceprovider.com'),('WSS113','WSS113Name',3,1,3,'serviceprovider','https://serviceprovider.com'),('WSS114','WSS114Name',3,1,3,'serviceprovider','https://serviceprovider.com'),('WSS115','WSS115Name',3,1,3,'serviceprovider','https://serviceprovider.com'),('WSS116','WSS116Name',3,1,3,'serviceprovider','https://serviceprovider.com'),('WSS117','WSS117Name',3,1,3,'serviceprovider','https://serviceprovider.com'),('WSS118','WSS118Name',3,1,3,'serviceprovider','https://serviceprovider.com'),('WSS119','WSS119Name',3,1,3,'serviceprovider','https://serviceprovider.com'),('WSS12','WSS12Name',3,1,3,'serviceprovider','https://serviceprovider.com'),('WSS120','WSS120Name',3,1,3,'serviceprovider','https://serviceprovider.com'),('WSS121','WSS121Name',3,1,3,'serviceprovider','https://serviceprovider.com'),('WSS122','WSS122Name',3,1,3,'serviceprovider','https://serviceprovider.com'),('WSS123','WSS123Name',3,1,3,'serviceprovider','https://serviceprovider.com'),('WSS124','WSS124Name',3,1,3,'serviceprovider','https://serviceprovider.com'),('WSS125','WSS125Name',3,1,3,'serviceprovider','https://serviceprovider.com'),('WSS126','WSS126Name',3,1,3,'serviceprovider','https://serviceprovider.com'),('WSS127','WSS127Name',3,1,3,'serviceprovider','https://serviceprovider.com'),('WSS128','WSS128Name',3,1,3,'serviceprovider','https://serviceprovider.com'),('WSS129','WSS129Name',3,1,3,'serviceprovider','https://serviceprovider.com'),('WSS13','WSS13Name',3,1,3,'serviceprovider','https://serviceprovider.com'),('WSS130','WSS130Name',3,1,3,'serviceprovider','https://serviceprovider.com'),('WSS131','WSS131Name',3,1,3,'serviceprovider','https://serviceprovider.com'),('WSS132','WSS132Name',3,1,3,'serviceprovider','https://serviceprovider.com'),('WSS133','WSS133Name',3,1,3,'serviceprovider','https://serviceprovider.com'),('WSS134','WSS134Name',3,1,3,'serviceprovider','https://serviceprovider.com'),('WSS135','WSS135Name',3,1,3,'serviceprovider','https://serviceprovider.com'),('WSS136','WSS136Name',3,1,3,'serviceprovider','https://serviceprovider.com'),('WSS137','WSS137Name',3,1,3,'serviceprovider','https://serviceprovider.com'),('WSS138','WSS138Name',3,1,3,'serviceprovider','https://serviceprovider.com'),('WSS139','WSS139Name',3,1,3,'serviceprovider','https://serviceprovider.com'),('WSS14','WSS14Name',3,1,3,'serviceprovider','https://serviceprovider.com'),('WSS140','WSS140Name',3,1,3,'serviceprovider','https://serviceprovider.com'),('WSS141','WSS141Name',3,1,3,'serviceprovider','https://serviceprovider.com'),('WSS142','WSS142Name',3,1,3,'serviceprovider','https://serviceprovider.com'),('WSS143','WSS143Name',3,1,3,'serviceprovider','https://serviceprovider.com'),('WSS144','WSS144Name',3,1,3,'serviceprovider','https://serviceprovider.com'),('WSS145','WSS145Name',3,1,3,'serviceprovider','https://serviceprovider.com'),('WSS146','WSS146Name',3,1,3,'serviceprovider','https://serviceprovider.com'),('WSS147','WSS147Name',3,1,3,'serviceprovider','https://serviceprovider.com'),('WSS148','WSS148Name',3,1,3,'serviceprovider','https://serviceprovider.com'),('WSS149','WSS149Name',3,1,3,'serviceprovider','https://serviceprovider.com'),('WSS15','WSS15Name',3,1,3,'serviceprovider','https://serviceprovider.com'),('WSS150','WSS150Name',3,1,3,'serviceprovider','https://serviceprovider.com'),('WSS151','WSS151Name',3,1,3,'serviceprovider','https://serviceprovider.com'),('WSS152','WSS152Name',3,1,3,'serviceprovider','https://serviceprovider.com'),('WSS153','WSS153Name',3,1,3,'serviceprovider','https://serviceprovider.com'),('WSS154','WSS154Name',3,1,3,'serviceprovider','https://serviceprovider.com'),('WSS155','WSS155Name',3,1,3,'serviceprovider','https://serviceprovider.com'),('WSS156','WSS156Name',3,1,3,'serviceprovider','https://serviceprovider.com'),('WSS157','WSS157Name',3,1,3,'serviceprovider','https://serviceprovider.com'),('WSS158','WSS158Name',3,1,3,'serviceprovider','https://serviceprovider.com'),('WSS159','WSS159Name',3,1,3,'serviceprovider','https://serviceprovider.com'),('WSS16','WSS16Name',3,1,3,'serviceprovider','https://serviceprovider.com'),('WSS160','WSS160Name',3,1,3,'serviceprovider','https://serviceprovider.com'),('WSS161','WSS161Name',3,1,3,'serviceprovider','https://serviceprovider.com'),('WSS162','WSS162Name',3,1,3,'serviceprovider','https://serviceprovider.com'),('WSS163','WSS163Name',3,1,3,'serviceprovider','https://serviceprovider.com'),('WSS164','WSS164Name',3,1,3,'serviceprovider','https://serviceprovider.com'),('WSS165','WSS165Name',3,1,3,'serviceprovider','https://serviceprovider.com'),('WSS166','WSS166Name',3,1,3,'serviceprovider','https://serviceprovider.com'),('WSS167','WSS167Name',3,1,3,'serviceprovider','https://serviceprovider.com'),('WSS168','WSS168Name',3,1,3,'serviceprovider','https://serviceprovider.com'),('WSS169','WSS169Name',3,1,3,'serviceprovider','https://serviceprovider.com'),('WSS17','WSS17Name',3,1,3,'serviceprovider','https://serviceprovider.com'),('WSS170','WSS170Name',3,1,3,'serviceprovider','https://serviceprovider.com'),('WSS171','WSS171Name',3,1,3,'serviceprovider','https://serviceprovider.com'),('WSS172','WSS172Name',3,1,3,'serviceprovider','https://serviceprovider.com'),('WSS173','WSS173Name',3,1,3,'serviceprovider','https://serviceprovider.com'),('WSS174','WSS174Name',3,1,3,'serviceprovider','https://serviceprovider.com'),('WSS175','WSS175Name',3,1,3,'serviceprovider','https://serviceprovider.com'),('WSS176','WSS176Name',3,1,3,'serviceprovider','https://serviceprovider.com'),('WSS177','WSS177Name',3,1,3,'serviceprovider','https://serviceprovider.com'),('WSS178','WSS178Name',3,1,3,'serviceprovider','https://serviceprovider.com'),('WSS179','WSS179Name',3,1,3,'serviceprovider','https://serviceprovider.com'),('WSS18','WSS18Name',3,1,3,'serviceprovider','https://serviceprovider.com'),('WSS180','WSS180Name',3,1,3,'serviceprovider','https://serviceprovider.com'),('WSS181','WSS181Name',3,1,3,'serviceprovider','https://serviceprovider.com'),('WSS182','WSS182Name',3,1,3,'serviceprovider','https://serviceprovider.com'),('WSS183','WSS183Name',3,1,3,'serviceprovider','https://serviceprovider.com'),('WSS184','WSS184Name',3,1,3,'serviceprovider','https://serviceprovider.com'),('WSS185','WSS185Name',3,1,3,'serviceprovider','https://serviceprovider.com'),('WSS186','WSS186Name',3,1,3,'serviceprovider','https://serviceprovider.com'),('WSS187','WSS187Name',3,1,3,'serviceprovider','https://serviceprovider.com'),('WSS188','WSS188Name',3,1,3,'serviceprovider','https://serviceprovider.com'),('WSS189','WSS189Name',3,1,3,'serviceprovider','https://serviceprovider.com'),('WSS19','WSS19Name',3,1,3,'serviceprovider','https://serviceprovider.com'),('WSS190','WSS190Name',3,1,3,'serviceprovider','https://serviceprovider.com'),('WSS191','WSS191Name',3,1,3,'serviceprovider','https://serviceprovider.com'),('WSS192','WSS192Name',3,1,3,'serviceprovider','https://serviceprovider.com'),('WSS193','WSS193Name',3,1,3,'serviceprovider','https://serviceprovider.com'),('WSS194','WSS194Name',3,1,3,'serviceprovider','https://serviceprovider.com'),('WSS195','WSS195Name',3,1,3,'serviceprovider','https://serviceprovider.com'),('WSS196','WSS196Name',3,1,3,'serviceprovider','https://serviceprovider.com'),('WSS197','WSS197Name',3,1,3,'serviceprovider','https://serviceprovider.com'),('WSS198','WSS198Name',3,1,3,'serviceprovider','https://serviceprovider.com'),('WSS199','WSS199Name',3,1,3,'serviceprovider','https://serviceprovider.com'),('WSS2','WSS2Name',3,1,3,'serviceprovider','https://serviceprovider.com'),('WSS20','WSS20Name',3,1,3,'serviceprovider','https://serviceprovider.com'),('WSS200','WSS200Name',3,1,3,'serviceprovider','https://serviceprovider.com'),('WSS201','WSS201Name',3,1,3,'serviceprovider','https://serviceprovider.com'),('WSS202','WSS202Name',3,1,3,'serviceprovider','https://serviceprovider.com'),('WSS203','WSS203Name',3,1,3,'serviceprovider','https://serviceprovider.com'),('WSS204','WSS204Name',3,1,3,'serviceprovider','https://serviceprovider.com'),('WSS205','WSS205Name',3,1,3,'serviceprovider','https://serviceprovider.com'),('WSS206','WSS206Name',3,1,3,'serviceprovider','https://serviceprovider.com'),('WSS207','WSS207Name',3,1,3,'serviceprovider','https://serviceprovider.com'),('WSS208','WSS208Name',3,1,3,'serviceprovider','https://serviceprovider.com'),('WSS209','WSS209Name',3,1,3,'serviceprovider','https://serviceprovider.com'),('WSS21','WSS21Name',3,1,3,'serviceprovider','https://serviceprovider.com'),('WSS210','WSS210Name',3,1,3,'serviceprovider','https://serviceprovider.com'),('WSS211','WSS211Name',3,1,3,'serviceprovider','https://serviceprovider.com'),('WSS212','WSS212Name',3,1,3,'serviceprovider','https://serviceprovider.com'),('WSS213','WSS213Name',3,1,3,'serviceprovider','https://serviceprovider.com'),('WSS214','WSS214Name',3,1,3,'serviceprovider','https://serviceprovider.com'),('WSS215','WSS215Name',3,1,3,'serviceprovider','https://serviceprovider.com'),('WSS216','WSS216Name',3,1,3,'serviceprovider','https://serviceprovider.com'),('WSS217','WSS217Name',3,1,3,'serviceprovider','https://serviceprovider.com'),('WSS218','WSS218Name',3,1,3,'serviceprovider','https://serviceprovider.com'),('WSS219','WSS219Name',3,1,3,'serviceprovider','https://serviceprovider.com'),('WSS22','WSS22Name',3,1,3,'serviceprovider','https://serviceprovider.com'),('WSS220','WSS220Name',3,1,3,'serviceprovider','https://serviceprovider.com'),('WSS221','WSS221Name',3,1,3,'serviceprovider','https://serviceprovider.com'),('WSS222','WSS222Name',3,1,3,'serviceprovider','https://serviceprovider.com'),('WSS223','WSS223Name',3,1,3,'serviceprovider','https://serviceprovider.com'),('WSS224','WSS224Name',3,1,3,'serviceprovider','https://serviceprovider.com'),('WSS225','WSS225Name',3,1,3,'serviceprovider','https://serviceprovider.com'),('WSS226','WSS226Name',3,1,3,'serviceprovider','https://serviceprovider.com'),('WSS227','WSS227Name',3,1,3,'serviceprovider','https://serviceprovider.com'),('WSS228','WSS228Name',3,1,3,'serviceprovider','https://serviceprovider.com'),('WSS229','WSS229Name',3,1,3,'serviceprovider','https://serviceprovider.com'),('WSS23','WSS23Name',3,1,3,'serviceprovider','https://serviceprovider.com'),('WSS230','WSS230Name',3,1,3,'serviceprovider','https://serviceprovider.com'),('WSS231','WSS231Name',3,1,3,'serviceprovider','https://serviceprovider.com'),('WSS232','WSS232Name',3,1,3,'serviceprovider','https://serviceprovider.com'),('WSS233','WSS233Name',3,1,3,'serviceprovider','https://serviceprovider.com'),('WSS234','WSS234Name',3,1,3,'serviceprovider','https://serviceprovider.com'),('WSS235','WSS235Name',3,1,3,'serviceprovider','https://serviceprovider.com'),('WSS236','WSS236Name',3,1,3,'serviceprovider','https://serviceprovider.com'),('WSS237','WSS237Name',3,1,3,'serviceprovider','https://serviceprovider.com'),('WSS238','WSS238Name',3,1,3,'serviceprovider','https://serviceprovider.com'),('WSS239','WSS239Name',3,1,3,'serviceprovider','https://serviceprovider.com'),('WSS24','WSS24Name',3,1,3,'serviceprovider','https://serviceprovider.com'),('WSS240','WSS240Name',3,1,3,'serviceprovider','https://serviceprovider.com'),('WSS241','WSS241Name',3,1,3,'serviceprovider','https://serviceprovider.com'),('WSS242','WSS242Name',3,1,3,'serviceprovider','https://serviceprovider.com'),('WSS243','WSS243Name',3,1,3,'serviceprovider','https://serviceprovider.com'),('WSS244','WSS244Name',3,1,3,'serviceprovider','https://serviceprovider.com'),('WSS245','WSS245Name',3,1,3,'serviceprovider','https://serviceprovider.com'),('WSS246','WSS246Name',3,1,3,'serviceprovider','https://serviceprovider.com'),('WSS247','WSS247Name',3,1,3,'serviceprovider','https://serviceprovider.com'),('WSS248','WSS248Name',3,1,3,'serviceprovider','https://serviceprovider.com'),('WSS249','WSS249Name',3,1,3,'serviceprovider','https://serviceprovider.com'),('WSS25','WSS25Name',3,1,3,'serviceprovider','https://serviceprovider.com'),('WSS250','WSS250Name',3,1,3,'serviceprovider','https://serviceprovider.com'),('WSS251','WSS251Name',3,1,3,'serviceprovider','https://serviceprovider.com'),('WSS252','WSS252Name',3,1,3,'serviceprovider','https://serviceprovider.com'),('WSS253','WSS253Name',3,1,3,'serviceprovider','https://serviceprovider.com'),('WSS254','WSS254Name',3,1,3,'serviceprovider','https://serviceprovider.com'),('WSS255','WSS255Name',3,1,3,'serviceprovider','https://serviceprovider.com'),('WSS256','WSS256Name',3,1,3,'serviceprovider','https://serviceprovider.com'),('WSS257','WSS257Name',3,1,3,'serviceprovider','https://serviceprovider.com'),('WSS258','WSS258Name',3,1,3,'serviceprovider','https://serviceprovider.com'),('WSS259','WSS259Name',3,1,3,'serviceprovider','https://serviceprovider.com'),('WSS26','WSS26Name',3,1,3,'serviceprovider','https://serviceprovider.com'),('WSS260','WSS260Name',3,1,3,'serviceprovider','https://serviceprovider.com'),('WSS261','WSS261Name',3,1,3,'serviceprovider','https://serviceprovider.com'),('WSS262','WSS262Name',3,1,3,'serviceprovider','https://serviceprovider.com'),('WSS263','WSS263Name',3,1,3,'serviceprovider','https://serviceprovider.com'),('WSS264','WSS264Name',3,1,3,'serviceprovider','https://serviceprovider.com'),('WSS265','WSS265Name',3,1,3,'serviceprovider','https://serviceprovider.com'),('WSS266','WSS266Name',3,1,3,'serviceprovider','https://serviceprovider.com'),('WSS267','WSS267Name',3,1,3,'serviceprovider','https://serviceprovider.com'),('WSS268','WSS268Name',3,1,3,'serviceprovider','https://serviceprovider.com'),('WSS269','WSS269Name',3,1,3,'serviceprovider','https://serviceprovider.com'),('WSS27','WSS27Name',3,1,3,'serviceprovider','https://serviceprovider.com'),('WSS270','WSS270Name',3,1,3,'serviceprovider','https://serviceprovider.com'),('WSS271','WSS271Name',3,1,3,'serviceprovider','https://serviceprovider.com'),('WSS272','WSS272Name',3,1,3,'serviceprovider','https://serviceprovider.com'),('WSS273','WSS273Name',3,1,3,'serviceprovider','https://serviceprovider.com'),('WSS274','WSS274Name',3,1,3,'serviceprovider','https://serviceprovider.com'),('WSS275','WSS275Name',3,1,3,'serviceprovider','https://serviceprovider.com'),('WSS276','WSS276Name',3,1,3,'serviceprovider','https://serviceprovider.com'),('WSS277','WSS277Name',3,1,3,'serviceprovider','https://serviceprovider.com'),('WSS278','WSS278Name',3,1,3,'serviceprovider','https://serviceprovider.com'),('WSS279','WSS279Name',3,1,3,'serviceprovider','https://serviceprovider.com'),('WSS28','WSS28Name',3,1,3,'serviceprovider','https://serviceprovider.com'),('WSS280','WSS280Name',3,1,3,'serviceprovider','https://serviceprovider.com'),('WSS281','WSS281Name',3,1,3,'serviceprovider','https://serviceprovider.com'),('WSS282','WSS282Name',3,1,3,'serviceprovider','https://serviceprovider.com'),('WSS283','WSS283Name',3,1,3,'serviceprovider','https://serviceprovider.com'),('WSS284','WSS284Name',3,1,3,'serviceprovider','https://serviceprovider.com'),('WSS285','WSS285Name',3,1,3,'serviceprovider','https://serviceprovider.com'),('WSS286','WSS286Name',3,1,3,'serviceprovider','https://serviceprovider.com'),('WSS287','WSS287Name',3,1,3,'serviceprovider','https://serviceprovider.com'),('WSS288','WSS288Name',3,1,3,'serviceprovider','https://serviceprovider.com'),('WSS289','WSS289Name',3,1,3,'serviceprovider','https://serviceprovider.com'),('WSS29','WSS29Name',3,1,3,'serviceprovider','https://serviceprovider.com'),('WSS290','WSS290Name',3,1,3,'serviceprovider','https://serviceprovider.com'),('WSS291','WSS291Name',3,1,3,'serviceprovider','https://serviceprovider.com'),('WSS292','WSS292Name',3,1,3,'serviceprovider','https://serviceprovider.com'),('WSS293','WSS293Name',3,1,3,'serviceprovider','https://serviceprovider.com'),('WSS294','WSS294Name',3,1,3,'serviceprovider','https://serviceprovider.com'),('WSS295','WSS295Name',3,1,3,'serviceprovider','https://serviceprovider.com'),('WSS296','WSS296Name',3,1,3,'serviceprovider','https://serviceprovider.com'),('WSS297','WSS297Name',3,1,3,'serviceprovider','https://serviceprovider.com'),('WSS298','WSS298Name',3,1,3,'serviceprovider','https://serviceprovider.com'),('WSS299','WSS299Name',3,1,3,'serviceprovider','https://serviceprovider.com'),('WSS3','WSS3Name',3,1,3,'serviceprovider','https://serviceprovider.com'),('WSS30','WSS30Name',3,1,3,'serviceprovider','https://serviceprovider.com'),('WSS300','WSS300Name',3,1,3,'serviceprovider','https://serviceprovider.com'),('WSS301','WSS301Name',3,1,3,'serviceprovider','https://serviceprovider.com'),('WSS302','WSS302Name',3,1,3,'serviceprovider','https://serviceprovider.com'),('WSS303','WSS303Name',3,1,3,'serviceprovider','https://serviceprovider.com'),('WSS304','WSS304Name',3,1,3,'serviceprovider','https://serviceprovider.com'),('WSS305','WSS305Name',3,1,3,'serviceprovider','https://serviceprovider.com'),('WSS306','WSS306Name',3,1,3,'serviceprovider','https://serviceprovider.com'),('WSS307','WSS307Name',3,1,3,'serviceprovider','https://serviceprovider.com'),('WSS308','WSS308Name',3,1,3,'serviceprovider','https://serviceprovider.com'),('WSS309','WSS309Name',3,1,3,'serviceprovider','https://serviceprovider.com'),('WSS31','WSS31Name',3,1,3,'serviceprovider','https://serviceprovider.com'),('WSS310','WSS310Name',3,1,3,'serviceprovider','https://serviceprovider.com'),('WSS311','WSS311Name',3,1,3,'serviceprovider','https://serviceprovider.com'),('WSS312','WSS312Name',3,1,3,'serviceprovider','https://serviceprovider.com'),('WSS313','WSS313Name',3,1,3,'serviceprovider','https://serviceprovider.com'),('WSS314','WSS314Name',3,1,3,'serviceprovider','https://serviceprovider.com'),('WSS315','WSS315Name',3,1,3,'serviceprovider','https://serviceprovider.com'),('WSS316','WSS316Name',3,1,3,'serviceprovider','https://serviceprovider.com'),('WSS317','WSS317Name',3,1,3,'serviceprovider','https://serviceprovider.com'),('WSS318','WSS318Name',3,1,3,'serviceprovider','https://serviceprovider.com'),('WSS319','WSS319Name',3,1,3,'serviceprovider','https://serviceprovider.com'),('WSS32','WSS32Name',3,1,3,'serviceprovider','https://serviceprovider.com'),('WSS320','WSS320Name',3,1,3,'serviceprovider','https://serviceprovider.com'),('WSS321','WSS321Name',3,1,3,'serviceprovider','https://serviceprovider.com'),('WSS322','WSS322Name',3,1,3,'serviceprovider','https://serviceprovider.com'),('WSS323','WSS323Name',3,1,3,'serviceprovider','https://serviceprovider.com'),('WSS324','WSS324Name',3,1,3,'serviceprovider','https://serviceprovider.com'),('WSS325','WSS325Name',3,1,3,'serviceprovider','https://serviceprovider.com'),('WSS326','WSS326Name',3,1,3,'serviceprovider','https://serviceprovider.com'),('WSS327','WSS327Name',3,1,3,'serviceprovider','https://serviceprovider.com'),('WSS328','WSS328Name',3,1,3,'serviceprovider','https://serviceprovider.com'),('WSS329','WSS329Name',3,1,3,'serviceprovider','https://serviceprovider.com'),('WSS33','WSS33Name',3,1,3,'serviceprovider','https://serviceprovider.com'),('WSS330','WSS330Name',3,1,3,'serviceprovider','https://serviceprovider.com'),('WSS331','WSS331Name',3,1,3,'serviceprovider','https://serviceprovider.com'),('WSS332','WSS332Name',3,1,3,'serviceprovider','https://serviceprovider.com'),('WSS333','WSS333Name',3,1,3,'serviceprovider','https://serviceprovider.com'),('WSS334','WSS334Name',3,1,3,'serviceprovider','https://serviceprovider.com'),('WSS335','WSS335Name',3,1,3,'serviceprovider','https://serviceprovider.com'),('WSS336','WSS336Name',3,1,3,'serviceprovider','https://serviceprovider.com'),('WSS337','WSS337Name',3,1,3,'serviceprovider','https://serviceprovider.com'),('WSS338','WSS338Name',3,1,3,'serviceprovider','https://serviceprovider.com'),('WSS339','WSS339Name',3,1,3,'serviceprovider','https://serviceprovider.com'),('WSS34','WSS34Name',3,1,3,'serviceprovider','https://serviceprovider.com'),('WSS340','WSS340Name',3,1,3,'serviceprovider','https://serviceprovider.com'),('WSS341','WSS341Name',3,1,3,'serviceprovider','https://serviceprovider.com'),('WSS342','WSS342Name',3,1,3,'serviceprovider','https://serviceprovider.com'),('WSS343','WSS343Name',3,1,3,'serviceprovider','https://serviceprovider.com'),('WSS344','WSS344Name',3,1,3,'serviceprovider','https://serviceprovider.com'),('WSS345','WSS345Name',3,1,3,'serviceprovider','https://serviceprovider.com'),('WSS346','WSS346Name',3,1,3,'serviceprovider','https://serviceprovider.com'),('WSS347','WSS347Name',3,1,3,'serviceprovider','https://serviceprovider.com'),('WSS348','WSS348Name',3,1,3,'serviceprovider','https://serviceprovider.com'),('WSS349','WSS349Name',3,1,3,'serviceprovider','https://serviceprovider.com'),('WSS35','WSS35Name',3,1,3,'serviceprovider','https://serviceprovider.com'),('WSS350','WSS350Name',3,1,3,'serviceprovider','https://serviceprovider.com'),('WSS351','WSS351Name',3,1,3,'serviceprovider','https://serviceprovider.com'),('WSS352','WSS352Name',3,1,3,'serviceprovider','https://serviceprovider.com'),('WSS353','WSS353Name',3,1,3,'serviceprovider','https://serviceprovider.com'),('WSS354','WSS354Name',3,1,3,'serviceprovider','https://serviceprovider.com'),('WSS355','WSS355Name',3,1,3,'serviceprovider','https://serviceprovider.com'),('WSS356','WSS356Name',3,1,3,'serviceprovider','https://serviceprovider.com'),('WSS357','WSS357Name',3,1,3,'serviceprovider','https://serviceprovider.com'),('WSS358','WSS358Name',3,1,3,'serviceprovider','https://serviceprovider.com'),('WSS359','WSS359Name',3,1,3,'serviceprovider','https://serviceprovider.com'),('WSS36','WSS36Name',3,1,3,'serviceprovider','https://serviceprovider.com'),('WSS360','WSS360Name',3,1,3,'serviceprovider','https://serviceprovider.com'),('WSS361','WSS361Name',3,1,3,'serviceprovider','https://serviceprovider.com'),('WSS362','WSS362Name',3,1,3,'serviceprovider','https://serviceprovider.com'),('WSS363','WSS363Name',3,1,3,'serviceprovider','https://serviceprovider.com'),('WSS364','WSS364Name',3,1,3,'serviceprovider','https://serviceprovider.com'),('WSS365','WSS365Name',3,1,3,'serviceprovider','https://serviceprovider.com'),('WSS366','WSS366Name',3,1,3,'serviceprovider','https://serviceprovider.com'),('WSS367','WSS367Name',3,1,3,'serviceprovider','https://serviceprovider.com'),('WSS368','WSS368Name',3,1,3,'serviceprovider','https://serviceprovider.com'),('WSS369','WSS369Name',3,1,3,'serviceprovider','https://serviceprovider.com'),('WSS37','WSS37Name',3,1,3,'serviceprovider','https://serviceprovider.com'),('WSS370','WSS370Name',3,1,3,'serviceprovider','https://serviceprovider.com'),('WSS371','WSS371Name',3,1,3,'serviceprovider','https://serviceprovider.com'),('WSS372','WSS372Name',3,1,3,'serviceprovider','https://serviceprovider.com'),('WSS373','WSS373Name',3,1,3,'serviceprovider','https://serviceprovider.com'),('WSS374','WSS374Name',3,1,3,'serviceprovider','https://serviceprovider.com'),('WSS375','WSS375Name',3,1,3,'serviceprovider','https://serviceprovider.com'),('WSS376','WSS376Name',3,1,3,'serviceprovider','https://serviceprovider.com'),('WSS377','WSS377Name',3,1,3,'serviceprovider','https://serviceprovider.com'),('WSS378','WSS378Name',3,1,3,'serviceprovider','https://serviceprovider.com'),('WSS379','WSS379Name',3,1,3,'serviceprovider','https://serviceprovider.com'),('WSS38','WSS38Name',3,1,3,'serviceprovider','https://serviceprovider.com'),('WSS380','WSS380Name',3,1,3,'serviceprovider','https://serviceprovider.com'),('WSS381','WSS381Name',3,1,3,'serviceprovider','https://serviceprovider.com'),('WSS382','WSS382Name',3,1,3,'serviceprovider','https://serviceprovider.com'),('WSS383','WSS383Name',3,1,3,'serviceprovider','https://serviceprovider.com'),('WSS384','WSS384Name',3,1,3,'serviceprovider','https://serviceprovider.com'),('WSS385','WSS385Name',3,1,3,'serviceprovider','https://serviceprovider.com'),('WSS386','WSS386Name',3,1,3,'serviceprovider','https://serviceprovider.com'),('WSS387','WSS387Name',3,1,3,'serviceprovider','https://serviceprovider.com'),('WSS388','WSS388Name',3,1,3,'serviceprovider','https://serviceprovider.com'),('WSS389','WSS389Name',3,1,3,'serviceprovider','https://serviceprovider.com'),('WSS39','WSS39Name',3,1,3,'serviceprovider','https://serviceprovider.com'),('WSS390','WSS390Name',3,1,3,'serviceprovider','https://serviceprovider.com'),('WSS391','WSS391Name',3,1,3,'serviceprovider','https://serviceprovider.com'),('WSS392','WSS392Name',3,1,3,'serviceprovider','https://serviceprovider.com'),('WSS393','WSS393Name',3,1,3,'serviceprovider','https://serviceprovider.com'),('WSS394','WSS394Name',3,1,3,'serviceprovider','https://serviceprovider.com'),('WSS395','WSS395Name',3,1,3,'serviceprovider','https://serviceprovider.com'),('WSS396','WSS396Name',3,1,3,'serviceprovider','https://serviceprovider.com'),('WSS397','WSS397Name',3,1,3,'serviceprovider','https://serviceprovider.com'),('WSS398','WSS398Name',3,1,3,'serviceprovider','https://serviceprovider.com'),('WSS399','WSS399Name',3,1,3,'serviceprovider','https://serviceprovider.com'),('WSS4','WSS4Name',3,1,3,'serviceprovider','https://serviceprovider.com'),('WSS40','WSS40Name',3,1,3,'serviceprovider','https://serviceprovider.com'),('WSS400','WSS400Name',3,1,3,'serviceprovider','https://serviceprovider.com'),('WSS401','WSS401Name',3,1,3,'serviceprovider','https://serviceprovider.com'),('WSS402','WSS402Name',3,1,3,'serviceprovider','https://serviceprovider.com'),('WSS403','WSS403Name',3,1,3,'serviceprovider','https://serviceprovider.com'),('WSS404','WSS404Name',3,1,3,'serviceprovider','https://serviceprovider.com'),('WSS405','WSS405Name',3,1,3,'serviceprovider','https://serviceprovider.com'),('WSS406','WSS406Name',3,1,3,'serviceprovider','https://serviceprovider.com'),('WSS407','WSS407Name',3,1,3,'serviceprovider','https://serviceprovider.com'),('WSS408','WSS408Name',3,1,3,'serviceprovider','https://serviceprovider.com'),('WSS409','WSS409Name',3,1,3,'serviceprovider','https://serviceprovider.com'),('WSS41','WSS41Name',3,1,3,'serviceprovider','https://serviceprovider.com'),('WSS410','WSS410Name',3,1,3,'serviceprovider','https://serviceprovider.com'),('WSS411','WSS411Name',3,1,3,'serviceprovider','https://serviceprovider.com'),('WSS412','WSS412Name',3,1,3,'serviceprovider','https://serviceprovider.com'),('WSS413','WSS413Name',3,1,3,'serviceprovider','https://serviceprovider.com'),('WSS414','WSS414Name',3,1,3,'serviceprovider','https://serviceprovider.com'),('WSS415','WSS415Name',3,1,3,'serviceprovider','https://serviceprovider.com'),('WSS416','WSS416Name',3,1,3,'serviceprovider','https://serviceprovider.com'),('WSS417','WSS417Name',3,1,3,'serviceprovider','https://serviceprovider.com'),('WSS418','WSS418Name',3,1,3,'serviceprovider','https://serviceprovider.com'),('WSS419','WSS419Name',3,1,3,'serviceprovider','https://serviceprovider.com'),('WSS42','WSS42Name',3,1,3,'serviceprovider','https://serviceprovider.com'),('WSS420','WSS420Name',3,1,3,'serviceprovider','https://serviceprovider.com'),('WSS421','WSS421Name',3,1,3,'serviceprovider','https://serviceprovider.com'),('WSS422','WSS422Name',3,1,3,'serviceprovider','https://serviceprovider.com'),('WSS423','WSS423Name',3,1,3,'serviceprovider','https://serviceprovider.com'),('WSS424','WSS424Name',3,1,3,'serviceprovider','https://serviceprovider.com'),('WSS425','WSS425Name',3,1,3,'serviceprovider','https://serviceprovider.com'),('WSS426','WSS426Name',3,1,3,'serviceprovider','https://serviceprovider.com'),('WSS427','WSS427Name',3,1,3,'serviceprovider','https://serviceprovider.com'),('WSS428','WSS428Name',3,1,3,'serviceprovider','https://serviceprovider.com'),('WSS429','WSS429Name',3,1,3,'serviceprovider','https://serviceprovider.com'),('WSS43','WSS43Name',3,1,3,'serviceprovider','https://serviceprovider.com'),('WSS430','WSS430Name',3,1,3,'serviceprovider','https://serviceprovider.com'),('WSS431','WSS431Name',3,1,3,'serviceprovider','https://serviceprovider.com'),('WSS432','WSS432Name',3,1,3,'serviceprovider','https://serviceprovider.com'),('WSS433','WSS433Name',3,1,3,'serviceprovider','https://serviceprovider.com'),('WSS434','WSS434Name',3,1,3,'serviceprovider','https://serviceprovider.com'),('WSS435','WSS435Name',3,1,3,'serviceprovider','https://serviceprovider.com'),('WSS436','WSS436Name',3,1,3,'serviceprovider','https://serviceprovider.com'),('WSS437','WSS437Name',3,1,3,'serviceprovider','https://serviceprovider.com'),('WSS438','WSS438Name',3,1,3,'serviceprovider','https://serviceprovider.com'),('WSS439','WSS439Name',3,1,3,'serviceprovider','https://serviceprovider.com'),('WSS44','WSS44Name',3,1,3,'serviceprovider','https://serviceprovider.com'),('WSS440','WSS440Name',3,1,3,'serviceprovider','https://serviceprovider.com'),('WSS441','WSS441Name',3,1,3,'serviceprovider','https://serviceprovider.com'),('WSS442','WSS442Name',3,1,3,'serviceprovider','https://serviceprovider.com'),('WSS443','WSS443Name',3,1,3,'serviceprovider','https://serviceprovider.com'),('WSS444','WSS444Name',3,1,3,'serviceprovider','https://serviceprovider.com'),('WSS445','WSS445Name',3,1,3,'serviceprovider','https://serviceprovider.com'),('WSS446','WSS446Name',3,1,3,'serviceprovider','https://serviceprovider.com'),('WSS447','WSS447Name',3,1,3,'serviceprovider','https://serviceprovider.com'),('WSS448','WSS448Name',3,1,3,'serviceprovider','https://serviceprovider.com'),('WSS449','WSS449Name',3,1,3,'serviceprovider','https://serviceprovider.com'),('WSS45','WSS45Name',3,1,3,'serviceprovider','https://serviceprovider.com'),('WSS450','WSS450Name',3,1,3,'serviceprovider','https://serviceprovider.com'),('WSS451','WSS451Name',3,1,3,'serviceprovider','https://serviceprovider.com'),('WSS452','WSS452Name',3,1,3,'serviceprovider','https://serviceprovider.com'),('WSS453','WSS453Name',3,1,3,'serviceprovider','https://serviceprovider.com'),('WSS454','WSS454Name',3,1,3,'serviceprovider','https://serviceprovider.com'),('WSS455','WSS455Name',3,1,3,'serviceprovider','https://serviceprovider.com'),('WSS456','WSS456Name',3,1,3,'serviceprovider','https://serviceprovider.com'),('WSS457','WSS457Name',3,1,3,'serviceprovider','https://serviceprovider.com'),('WSS458','WSS458Name',3,1,3,'serviceprovider','https://serviceprovider.com'),('WSS459','WSS459Name',3,1,3,'serviceprovider','https://serviceprovider.com'),('WSS46','WSS46Name',3,1,3,'serviceprovider','https://serviceprovider.com'),('WSS460','WSS460Name',3,1,3,'serviceprovider','https://serviceprovider.com'),('WSS461','WSS461Name',3,1,3,'serviceprovider','https://serviceprovider.com'),('WSS462','WSS462Name',3,1,3,'serviceprovider','https://serviceprovider.com'),('WSS463','WSS463Name',3,1,3,'serviceprovider','https://serviceprovider.com'),('WSS464','WSS464Name',3,1,3,'serviceprovider','https://serviceprovider.com'),('WSS465','WSS465Name',3,1,3,'serviceprovider','https://serviceprovider.com'),('WSS466','WSS466Name',3,1,3,'serviceprovider','https://serviceprovider.com'),('WSS467','WSS467Name',3,1,3,'serviceprovider','https://serviceprovider.com'),('WSS468','WSS468Name',3,1,3,'serviceprovider','https://serviceprovider.com'),('WSS469','WSS469Name',3,1,3,'serviceprovider','https://serviceprovider.com'),('WSS47','WSS47Name',3,1,3,'serviceprovider','https://serviceprovider.com'),('WSS470','WSS470Name',3,1,3,'serviceprovider','https://serviceprovider.com'),('WSS471','WSS471Name',3,1,3,'serviceprovider','https://serviceprovider.com'),('WSS472','WSS472Name',3,1,3,'serviceprovider','https://serviceprovider.com'),('WSS473','WSS473Name',3,1,3,'serviceprovider','https://serviceprovider.com'),('WSS474','WSS474Name',3,1,3,'serviceprovider','https://serviceprovider.com'),('WSS475','WSS475Name',3,1,3,'serviceprovider','https://serviceprovider.com'),('WSS476','WSS476Name',3,1,3,'serviceprovider','https://serviceprovider.com'),('WSS477','WSS477Name',3,1,3,'serviceprovider','https://serviceprovider.com'),('WSS478','WSS478Name',3,1,3,'serviceprovider','https://serviceprovider.com'),('WSS479','WSS479Name',3,1,3,'serviceprovider','https://serviceprovider.com'),('WSS48','WSS48Name',3,1,3,'serviceprovider','https://serviceprovider.com'),('WSS480','WSS480Name',3,1,3,'serviceprovider','https://serviceprovider.com'),('WSS481','WSS481Name',3,1,3,'serviceprovider','https://serviceprovider.com'),('WSS482','WSS482Name',3,1,3,'serviceprovider','https://serviceprovider.com'),('WSS483','WSS483Name',3,1,3,'serviceprovider','https://serviceprovider.com'),('WSS484','WSS484Name',3,1,3,'serviceprovider','https://serviceprovider.com'),('WSS485','WSS485Name',3,1,3,'serviceprovider','https://serviceprovider.com'),('WSS486','WSS486Name',3,1,3,'serviceprovider','https://serviceprovider.com'),('WSS487','WSS487Name',3,1,3,'serviceprovider','https://serviceprovider.com'),('WSS488','WSS488Name',3,1,3,'serviceprovider','https://serviceprovider.com'),('WSS489','WSS489Name',3,1,3,'serviceprovider','https://serviceprovider.com'),('WSS49','WSS49Name',3,1,3,'serviceprovider','https://serviceprovider.com'),('WSS490','WSS490Name',3,1,3,'serviceprovider','https://serviceprovider.com'),('WSS491','WSS491Name',3,1,3,'serviceprovider','https://serviceprovider.com'),('WSS492','WSS492Name',3,1,3,'serviceprovider','https://serviceprovider.com'),('WSS493','WSS493Name',3,1,3,'serviceprovider','https://serviceprovider.com'),('WSS494','WSS494Name',3,1,3,'serviceprovider','https://serviceprovider.com'),('WSS495','WSS495Name',3,1,3,'serviceprovider','https://serviceprovider.com'),('WSS496','WSS496Name',3,1,3,'serviceprovider','https://serviceprovider.com'),('WSS497','WSS497Name',3,1,3,'serviceprovider','https://serviceprovider.com'),('WSS498','WSS498Name',3,1,3,'serviceprovider','https://serviceprovider.com'),('WSS499','WSS499Name',3,1,3,'serviceprovider','https://serviceprovider.com'),('WSS5','WSS5Name',3,1,3,'serviceprovider','https://serviceprovider.com'),('WSS50','WSS50Name',3,1,3,'serviceprovider','https://serviceprovider.com'),('WSS500','WSS500Name',3,1,3,'serviceprovider','https://serviceprovider.com'),('WSS501','WSS501Name',3,1,3,'serviceprovider','https://serviceprovider.com'),('WSS502','WSS502Name',3,1,3,'serviceprovider','https://serviceprovider.com'),('WSS503','WSS503Name',3,1,3,'serviceprovider','https://serviceprovider.com'),('WSS504','WSS504Name',3,1,3,'serviceprovider','https://serviceprovider.com'),('WSS505','WSS505Name',3,1,3,'serviceprovider','https://serviceprovider.com'),('WSS506','WSS506Name',3,1,3,'serviceprovider','https://serviceprovider.com'),('WSS507','WSS507Name',3,1,3,'serviceprovider','https://serviceprovider.com'),('WSS508','WSS508Name',3,1,3,'serviceprovider','https://serviceprovider.com'),('WSS509','WSS509Name',3,1,3,'serviceprovider','https://serviceprovider.com'),('WSS51','WSS51Name',3,1,3,'serviceprovider','https://serviceprovider.com'),('WSS510','WSS510Name',3,1,3,'serviceprovider','https://serviceprovider.com'),('WSS511','WSS511Name',3,1,3,'serviceprovider','https://serviceprovider.com'),('WSS512','WSS512Name',3,1,3,'serviceprovider','https://serviceprovider.com'),('WSS513','WSS513Name',3,1,3,'serviceprovider','https://serviceprovider.com'),('WSS514','WSS514Name',3,1,3,'serviceprovider','https://serviceprovider.com'),('WSS515','WSS515Name',3,1,3,'serviceprovider','https://serviceprovider.com'),('WSS516','WSS516Name',3,1,3,'serviceprovider','https://serviceprovider.com'),('WSS517','WSS517Name',3,1,3,'serviceprovider','https://serviceprovider.com'),('WSS518','WSS518Name',3,1,3,'serviceprovider','https://serviceprovider.com'),('WSS519','WSS519Name',3,1,3,'serviceprovider','https://serviceprovider.com'),('WSS52','WSS52Name',3,1,3,'serviceprovider','https://serviceprovider.com'),('WSS520','WSS520Name',3,1,3,'serviceprovider','https://serviceprovider.com'),('WSS521','WSS521Name',3,1,3,'serviceprovider','https://serviceprovider.com'),('WSS522','WSS522Name',3,1,3,'serviceprovider','https://serviceprovider.com'),('WSS523','WSS523Name',3,1,3,'serviceprovider','https://serviceprovider.com'),('WSS524','WSS524Name',3,1,3,'serviceprovider','https://serviceprovider.com'),('WSS525','WSS525Name',3,1,3,'serviceprovider','https://serviceprovider.com'),('WSS526','WSS526Name',3,1,3,'serviceprovider','https://serviceprovider.com'),('WSS527','WSS527Name',3,1,3,'serviceprovider','https://serviceprovider.com'),('WSS528','WSS528Name',3,1,3,'serviceprovider','https://serviceprovider.com'),('WSS529','WSS529Name',3,1,3,'serviceprovider','https://serviceprovider.com'),('WSS53','WSS53Name',3,1,3,'serviceprovider','https://serviceprovider.com'),('WSS530','WSS530Name',3,1,3,'serviceprovider','https://serviceprovider.com'),('WSS531','WSS531Name',3,1,3,'serviceprovider','https://serviceprovider.com'),('WSS532','WSS532Name',3,1,3,'serviceprovider','https://serviceprovider.com'),('WSS533','WSS533Name',3,1,3,'serviceprovider','https://serviceprovider.com'),('WSS534','WSS534Name',3,1,3,'serviceprovider','https://serviceprovider.com'),('WSS535','WSS535Name',3,1,3,'serviceprovider','https://serviceprovider.com'),('WSS536','WSS536Name',3,1,3,'serviceprovider','https://serviceprovider.com'),('WSS537','WSS537Name',3,1,3,'serviceprovider','https://serviceprovider.com'),('WSS538','WSS538Name',3,1,3,'serviceprovider','https://serviceprovider.com'),('WSS539','WSS539Name',3,1,3,'serviceprovider','https://serviceprovider.com'),('WSS54','WSS54Name',3,1,3,'serviceprovider','https://serviceprovider.com'),('WSS540','WSS540Name',3,1,3,'serviceprovider','https://serviceprovider.com'),('WSS541','WSS541Name',3,1,3,'serviceprovider','https://serviceprovider.com'),('WSS542','WSS542Name',3,1,3,'serviceprovider','https://serviceprovider.com'),('WSS543','WSS543Name',3,1,3,'serviceprovider','https://serviceprovider.com'),('WSS544','WSS544Name',3,1,3,'serviceprovider','https://serviceprovider.com'),('WSS545','WSS545Name',3,1,3,'serviceprovider','https://serviceprovider.com'),('WSS546','WSS546Name',3,1,3,'serviceprovider','https://serviceprovider.com'),('WSS547','WSS547Name',3,1,3,'serviceprovider','https://serviceprovider.com'),('WSS548','WSS548Name',3,1,3,'serviceprovider','https://serviceprovider.com'),('WSS549','WSS549Name',3,1,3,'serviceprovider','https://serviceprovider.com'),('WSS55','WSS55Name',3,1,3,'serviceprovider','https://serviceprovider.com'),('WSS550','WSS550Name',3,1,3,'serviceprovider','https://serviceprovider.com'),('WSS551','WSS551Name',3,1,3,'serviceprovider','https://serviceprovider.com'),('WSS552','WSS552Name',3,1,3,'serviceprovider','https://serviceprovider.com'),('WSS553','WSS553Name',3,1,3,'serviceprovider','https://serviceprovider.com'),('WSS554','WSS554Name',3,1,3,'serviceprovider','https://serviceprovider.com'),('WSS555','WSS555Name',3,1,3,'serviceprovider','https://serviceprovider.com'),('WSS556','WSS556Name',3,1,3,'serviceprovider','https://serviceprovider.com'),('WSS557','WSS557Name',3,1,3,'serviceprovider','https://serviceprovider.com'),('WSS558','WSS558Name',3,1,3,'serviceprovider','https://serviceprovider.com'),('WSS559','WSS559Name',3,1,3,'serviceprovider','https://serviceprovider.com'),('WSS56','WSS56Name',3,1,3,'serviceprovider','https://serviceprovider.com'),('WSS560','WSS560Name',3,1,3,'serviceprovider','https://serviceprovider.com'),('WSS561','WSS561Name',3,1,3,'serviceprovider','https://serviceprovider.com'),('WSS562','WSS562Name',3,1,3,'serviceprovider','https://serviceprovider.com'),('WSS563','WSS563Name',3,1,3,'serviceprovider','https://serviceprovider.com'),('WSS564','WSS564Name',3,1,3,'serviceprovider','https://serviceprovider.com'),('WSS565','WSS565Name',3,1,3,'serviceprovider','https://serviceprovider.com'),('WSS566','WSS566Name',3,1,3,'serviceprovider','https://serviceprovider.com'),('WSS567','WSS567Name',3,1,3,'serviceprovider','https://serviceprovider.com'),('WSS568','WSS568Name',3,1,3,'serviceprovider','https://serviceprovider.com'),('WSS569','WSS569Name',3,1,3,'serviceprovider','https://serviceprovider.com'),('WSS57','WSS57Name',3,1,3,'serviceprovider','https://serviceprovider.com'),('WSS570','WSS570Name',3,1,3,'serviceprovider','https://serviceprovider.com'),('WSS571','WSS571Name',3,1,3,'serviceprovider','https://serviceprovider.com'),('WSS572','WSS572Name',3,1,3,'serviceprovider','https://serviceprovider.com'),('WSS573','WSS573Name',3,1,3,'serviceprovider','https://serviceprovider.com'),('WSS574','WSS574Name',3,1,3,'serviceprovider','https://serviceprovider.com'),('WSS575','WSS575Name',3,1,3,'serviceprovider','https://serviceprovider.com'),('WSS576','WSS576Name',3,1,3,'serviceprovider','https://serviceprovider.com'),('WSS577','WSS577Name',3,1,3,'serviceprovider','https://serviceprovider.com'),('WSS578','WSS578Name',3,1,3,'serviceprovider','https://serviceprovider.com'),('WSS579','WSS579Name',3,1,3,'serviceprovider','https://serviceprovider.com'),('WSS58','WSS58Name',3,1,3,'serviceprovider','https://serviceprovider.com'),('WSS580','WSS580Name',3,1,3,'serviceprovider','https://serviceprovider.com'),('WSS581','WSS581Name',3,1,3,'serviceprovider','https://serviceprovider.com'),('WSS582','WSS582Name',3,1,3,'serviceprovider','https://serviceprovider.com'),('WSS583','WSS583Name',3,1,3,'serviceprovider','https://serviceprovider.com'),('WSS584','WSS584Name',3,1,3,'serviceprovider','https://serviceprovider.com'),('WSS585','WSS585Name',3,1,3,'serviceprovider','https://serviceprovider.com'),('WSS586','WSS586Name',3,1,3,'serviceprovider','https://serviceprovider.com'),('WSS587','WSS587Name',3,1,3,'serviceprovider','https://serviceprovider.com'),('WSS588','WSS588Name',3,1,3,'serviceprovider','https://serviceprovider.com'),('WSS589','WSS589Name',3,1,3,'serviceprovider','https://serviceprovider.com'),('WSS59','WSS59Name',3,1,3,'serviceprovider','https://serviceprovider.com'),('WSS590','WSS590Name',3,1,3,'serviceprovider','https://serviceprovider.com'),('WSS591','WSS591Name',3,1,3,'serviceprovider','https://serviceprovider.com'),('WSS592','WSS592Name',3,1,3,'serviceprovider','https://serviceprovider.com'),('WSS593','WSS593Name',3,1,3,'serviceprovider','https://serviceprovider.com'),('WSS594','WSS594Name',3,1,3,'serviceprovider','https://serviceprovider.com'),('WSS595','WSS595Name',3,1,3,'serviceprovider','https://serviceprovider.com'),('WSS596','WSS596Name',3,1,3,'serviceprovider','https://serviceprovider.com'),('WSS597','WSS597Name',3,1,3,'serviceprovider','https://serviceprovider.com'),('WSS598','WSS598Name',3,1,3,'serviceprovider','https://serviceprovider.com'),('WSS599','WSS599Name',3,1,3,'serviceprovider','https://serviceprovider.com'),('WSS6','WSS6Name',3,1,3,'serviceprovider','https://serviceprovider.com'),('WSS60','WSS60Name',3,1,3,'serviceprovider','https://serviceprovider.com'),('WSS600','WSS600Name',3,1,3,'serviceprovider','https://serviceprovider.com'),('WSS601','WSS601Name',3,1,3,'serviceprovider','https://serviceprovider.com'),('WSS602','WSS602Name',3,1,3,'serviceprovider','https://serviceprovider.com'),('WSS603','WSS603Name',3,1,3,'serviceprovider','https://serviceprovider.com'),('WSS604','WSS604Name',3,1,3,'serviceprovider','https://serviceprovider.com'),('WSS605','WSS605Name',3,1,3,'serviceprovider','https://serviceprovider.com'),('WSS606','WSS606Name',3,1,3,'serviceprovider','https://serviceprovider.com'),('WSS607','WSS607Name',3,1,3,'serviceprovider','https://serviceprovider.com'),('WSS608','WSS608Name',3,1,3,'serviceprovider','https://serviceprovider.com'),('WSS609','WSS609Name',3,1,3,'serviceprovider','https://serviceprovider.com'),('WSS61','WSS61Name',3,1,3,'serviceprovider','https://serviceprovider.com'),('WSS610','WSS610Name',3,1,3,'serviceprovider','https://serviceprovider.com'),('WSS611','WSS611Name',3,1,3,'serviceprovider','https://serviceprovider.com'),('WSS612','WSS612Name',3,1,3,'serviceprovider','https://serviceprovider.com'),('WSS613','WSS613Name',3,1,3,'serviceprovider','https://serviceprovider.com'),('WSS614','WSS614Name',3,1,3,'serviceprovider','https://serviceprovider.com'),('WSS615','WSS615Name',3,1,3,'serviceprovider','https://serviceprovider.com'),('WSS616','WSS616Name',3,1,3,'serviceprovider','https://serviceprovider.com'),('WSS617','WSS617Name',3,1,3,'serviceprovider','https://serviceprovider.com'),('WSS618','WSS618Name',3,1,3,'serviceprovider','https://serviceprovider.com'),('WSS619','WSS619Name',3,1,3,'serviceprovider','https://serviceprovider.com'),('WSS62','WSS62Name',3,1,3,'serviceprovider','https://serviceprovider.com'),('WSS620','WSS620Name',3,1,3,'serviceprovider','https://serviceprovider.com'),('WSS621','WSS621Name',3,1,3,'serviceprovider','https://serviceprovider.com'),('WSS622','WSS622Name',3,1,3,'serviceprovider','https://serviceprovider.com'),('WSS623','WSS623Name',3,1,3,'serviceprovider','https://serviceprovider.com'),('WSS624','WSS624Name',3,1,3,'serviceprovider','https://serviceprovider.com'),('WSS625','WSS625Name',3,1,3,'serviceprovider','https://serviceprovider.com'),('WSS626','WSS626Name',3,1,3,'serviceprovider','https://serviceprovider.com'),('WSS627','WSS627Name',3,1,3,'serviceprovider','https://serviceprovider.com'),('WSS628','WSS628Name',3,1,3,'serviceprovider','https://serviceprovider.com'),('WSS629','WSS629Name',3,1,3,'serviceprovider','https://serviceprovider.com'),('WSS63','WSS63Name',3,1,3,'serviceprovider','https://serviceprovider.com'),('WSS630','WSS630Name',3,1,3,'serviceprovider','https://serviceprovider.com'),('WSS631','WSS631Name',3,1,3,'serviceprovider','https://serviceprovider.com'),('WSS632','WSS632Name',3,1,3,'serviceprovider','https://serviceprovider.com'),('WSS633','WSS633Name',3,1,3,'serviceprovider','https://serviceprovider.com'),('WSS634','WSS634Name',3,1,3,'serviceprovider','https://serviceprovider.com'),('WSS635','WSS635Name',3,1,3,'serviceprovider','https://serviceprovider.com'),('WSS636','WSS636Name',3,1,3,'serviceprovider','https://serviceprovider.com'),('WSS637','WSS637Name',3,1,3,'serviceprovider','https://serviceprovider.com'),('WSS638','WSS638Name',3,1,3,'serviceprovider','https://serviceprovider.com'),('WSS639','WSS639Name',3,1,3,'serviceprovider','https://serviceprovider.com'),('WSS64','WSS64Name',3,1,3,'serviceprovider','https://serviceprovider.com'),('WSS640','WSS640Name',3,1,3,'serviceprovider','https://serviceprovider.com'),('WSS641','WSS641Name',3,1,3,'serviceprovider','https://serviceprovider.com'),('WSS642','WSS642Name',3,1,3,'serviceprovider','https://serviceprovider.com'),('WSS643','WSS643Name',3,1,3,'serviceprovider','https://serviceprovider.com'),('WSS644','WSS644Name',3,1,3,'serviceprovider','https://serviceprovider.com'),('WSS645','WSS645Name',3,1,3,'serviceprovider','https://serviceprovider.com'),('WSS646','WSS646Name',3,1,3,'serviceprovider','https://serviceprovider.com'),('WSS647','WSS647Name',3,1,3,'serviceprovider','https://serviceprovider.com'),('WSS648','WSS648Name',3,1,3,'serviceprovider','https://serviceprovider.com'),('WSS649','WSS649Name',3,1,3,'serviceprovider','https://serviceprovider.com'),('WSS65','WSS65Name',3,1,3,'serviceprovider','https://serviceprovider.com'),('WSS650','WSS650Name',3,1,3,'serviceprovider','https://serviceprovider.com'),('WSS651','WSS651Name',3,1,3,'serviceprovider','https://serviceprovider.com'),('WSS652','WSS652Name',3,1,3,'serviceprovider','https://serviceprovider.com'),('WSS653','WSS653Name',3,1,3,'serviceprovider','https://serviceprovider.com'),('WSS654','WSS654Name',3,1,3,'serviceprovider','https://serviceprovider.com'),('WSS655','WSS655Name',3,1,3,'serviceprovider','https://serviceprovider.com'),('WSS656','WSS656Name',3,1,3,'serviceprovider','https://serviceprovider.com'),('WSS657','WSS657Name',3,1,3,'serviceprovider','https://serviceprovider.com'),('WSS658','WSS658Name',3,1,3,'serviceprovider','https://serviceprovider.com'),('WSS659','WSS659Name',3,1,3,'serviceprovider','https://serviceprovider.com'),('WSS66','WSS66Name',3,1,3,'serviceprovider','https://serviceprovider.com'),('WSS660','WSS660Name',3,1,3,'serviceprovider','https://serviceprovider.com'),('WSS661','WSS661Name',3,1,3,'serviceprovider','https://serviceprovider.com'),('WSS662','WSS662Name',3,1,3,'serviceprovider','https://serviceprovider.com'),('WSS663','WSS663Name',3,1,3,'serviceprovider','https://serviceprovider.com'),('WSS664','WSS664Name',3,1,3,'serviceprovider','https://serviceprovider.com'),('WSS665','WSS665Name',3,1,3,'serviceprovider','https://serviceprovider.com'),('WSS666','WSS666Name',3,1,3,'serviceprovider','https://serviceprovider.com'),('WSS667','WSS667Name',3,1,3,'serviceprovider','https://serviceprovider.com'),('WSS668','WSS668Name',3,1,3,'serviceprovider','https://serviceprovider.com'),('WSS669','WSS669Name',3,1,3,'serviceprovider','https://serviceprovider.com'),('WSS67','WSS67Name',3,1,3,'serviceprovider','https://serviceprovider.com'),('WSS670','WSS670Name',3,1,3,'serviceprovider','https://serviceprovider.com'),('WSS671','WSS671Name',3,1,3,'serviceprovider','https://serviceprovider.com'),('WSS672','WSS672Name',3,1,3,'serviceprovider','https://serviceprovider.com'),('WSS673','WSS673Name',3,1,3,'serviceprovider','https://serviceprovider.com'),('WSS674','WSS674Name',3,1,3,'serviceprovider','https://serviceprovider.com'),('WSS675','WSS675Name',3,1,3,'serviceprovider','https://serviceprovider.com'),('WSS676','WSS676Name',3,1,3,'serviceprovider','https://serviceprovider.com'),('WSS677','WSS677Name',3,1,3,'serviceprovider','https://serviceprovider.com'),('WSS678','WSS678Name',3,1,3,'serviceprovider','https://serviceprovider.com'),('WSS679','WSS679Name',3,1,3,'serviceprovider','https://serviceprovider.com'),('WSS68','WSS68Name',3,1,3,'serviceprovider','https://serviceprovider.com'),('WSS680','WSS680Name',3,1,3,'serviceprovider','https://serviceprovider.com'),('WSS681','WSS681Name',3,1,3,'serviceprovider','https://serviceprovider.com'),('WSS682','WSS682Name',3,1,3,'serviceprovider','https://serviceprovider.com'),('WSS683','WSS683Name',3,1,3,'serviceprovider','https://serviceprovider.com'),('WSS684','WSS684Name',3,1,3,'serviceprovider','https://serviceprovider.com'),('WSS685','WSS685Name',3,1,3,'serviceprovider','https://serviceprovider.com'),('WSS686','WSS686Name',3,1,3,'serviceprovider','https://serviceprovider.com'),('WSS687','WSS687Name',3,1,3,'serviceprovider','https://serviceprovider.com'),('WSS688','WSS688Name',3,1,3,'serviceprovider','https://serviceprovider.com'),('WSS689','WSS689Name',3,1,3,'serviceprovider','https://serviceprovider.com'),('WSS69','WSS69Name',3,1,3,'serviceprovider','https://serviceprovider.com'),('WSS690','WSS690Name',3,1,3,'serviceprovider','https://serviceprovider.com'),('WSS691','WSS691Name',3,1,3,'serviceprovider','https://serviceprovider.com'),('WSS692','WSS692Name',3,1,3,'serviceprovider','https://serviceprovider.com'),('WSS693','WSS693Name',3,1,3,'serviceprovider','https://serviceprovider.com'),('WSS694','WSS694Name',3,1,3,'serviceprovider','https://serviceprovider.com'),('WSS695','WSS695Name',3,1,3,'serviceprovider','https://serviceprovider.com'),('WSS696','WSS696Name',3,1,3,'serviceprovider','https://serviceprovider.com'),('WSS697','WSS697Name',3,1,3,'serviceprovider','https://serviceprovider.com'),('WSS698','WSS698Name',3,1,3,'serviceprovider','https://serviceprovider.com'),('WSS699','WSS699Name',3,1,3,'serviceprovider','https://serviceprovider.com'),('WSS7','WSS7Name',3,1,3,'serviceprovider','https://serviceprovider.com'),('WSS70','WSS70Name',3,1,3,'serviceprovider','https://serviceprovider.com'),('WSS700','WSS700Name',3,1,3,'serviceprovider','https://serviceprovider.com'),('WSS701','WSS701Name',3,1,3,'serviceprovider','https://serviceprovider.com'),('WSS702','WSS702Name',3,1,3,'serviceprovider','https://serviceprovider.com'),('WSS703','WSS703Name',3,1,3,'serviceprovider','https://serviceprovider.com'),('WSS704','WSS704Name',3,1,3,'serviceprovider','https://serviceprovider.com'),('WSS705','WSS705Name',3,1,3,'serviceprovider','https://serviceprovider.com'),('WSS706','WSS706Name',3,1,3,'serviceprovider','https://serviceprovider.com'),('WSS707','WSS707Name',3,1,3,'serviceprovider','https://serviceprovider.com'),('WSS708','WSS708Name',3,1,3,'serviceprovider','https://serviceprovider.com'),('WSS709','WSS709Name',3,1,3,'serviceprovider','https://serviceprovider.com'),('WSS71','WSS71Name',3,1,3,'serviceprovider','https://serviceprovider.com'),('WSS710','WSS710Name',3,1,3,'serviceprovider','https://serviceprovider.com'),('WSS711','WSS711Name',3,1,3,'serviceprovider','https://serviceprovider.com'),('WSS712','WSS712Name',3,1,3,'serviceprovider','https://serviceprovider.com'),('WSS713','WSS713Name',3,1,3,'serviceprovider','https://serviceprovider.com'),('WSS714','WSS714Name',3,1,3,'serviceprovider','https://serviceprovider.com'),('WSS715','WSS715Name',3,1,3,'serviceprovider','https://serviceprovider.com'),('WSS716','WSS716Name',3,1,3,'serviceprovider','https://serviceprovider.com'),('WSS717','WSS717Name',3,1,3,'serviceprovider','https://serviceprovider.com'),('WSS718','WSS718Name',3,1,3,'serviceprovider','https://serviceprovider.com'),('WSS719','WSS719Name',3,1,3,'serviceprovider','https://serviceprovider.com'),('WSS72','WSS72Name',3,1,3,'serviceprovider','https://serviceprovider.com'),('WSS720','WSS720Name',3,1,3,'serviceprovider','https://serviceprovider.com'),('WSS721','WSS721Name',3,1,3,'serviceprovider','https://serviceprovider.com'),('WSS722','WSS722Name',3,1,3,'serviceprovider','https://serviceprovider.com'),('WSS723','WSS723Name',3,1,3,'serviceprovider','https://serviceprovider.com'),('WSS724','WSS724Name',3,1,3,'serviceprovider','https://serviceprovider.com'),('WSS725','WSS725Name',3,1,3,'serviceprovider','https://serviceprovider.com'),('WSS726','WSS726Name',3,1,3,'serviceprovider','https://serviceprovider.com'),('WSS727','WSS727Name',3,1,3,'serviceprovider','https://serviceprovider.com'),('WSS728','WSS728Name',3,1,3,'serviceprovider','https://serviceprovider.com'),('WSS729','WSS729Name',3,1,3,'serviceprovider','https://serviceprovider.com'),('WSS73','WSS73Name',3,1,3,'serviceprovider','https://serviceprovider.com'),('WSS730','WSS730Name',3,1,3,'serviceprovider','https://serviceprovider.com'),('WSS731','WSS731Name',3,1,3,'serviceprovider','https://serviceprovider.com'),('WSS732','WSS732Name',3,1,3,'serviceprovider','https://serviceprovider.com'),('WSS733','WSS733Name',3,1,3,'serviceprovider','https://serviceprovider.com'),('WSS734','WSS734Name',3,1,3,'serviceprovider','https://serviceprovider.com'),('WSS735','WSS735Name',3,1,3,'serviceprovider','https://serviceprovider.com'),('WSS736','WSS736Name',3,1,3,'serviceprovider','https://serviceprovider.com'),('WSS737','WSS737Name',3,1,3,'serviceprovider','https://serviceprovider.com'),('WSS738','WSS738Name',3,1,3,'serviceprovider','https://serviceprovider.com'),('WSS739','WSS739Name',3,1,3,'serviceprovider','https://serviceprovider.com'),('WSS74','WSS74Name',3,1,3,'serviceprovider','https://serviceprovider.com'),('WSS740','WSS740Name',3,1,3,'serviceprovider','https://serviceprovider.com'),('WSS741','WSS741Name',3,1,3,'serviceprovider','https://serviceprovider.com'),('WSS742','WSS742Name',3,1,3,'serviceprovider','https://serviceprovider.com'),('WSS743','WSS743Name',3,1,3,'serviceprovider','https://serviceprovider.com'),('WSS744','WSS744Name',3,1,3,'serviceprovider','https://serviceprovider.com'),('WSS745','WSS745Name',3,1,3,'serviceprovider','https://serviceprovider.com'),('WSS746','WSS746Name',3,1,3,'serviceprovider','https://serviceprovider.com'),('WSS747','WSS747Name',3,1,3,'serviceprovider','https://serviceprovider.com'),('WSS748','WSS748Name',3,1,3,'serviceprovider','https://serviceprovider.com'),('WSS749','WSS749Name',3,1,3,'serviceprovider','https://serviceprovider.com'),('WSS75','WSS75Name',3,1,3,'serviceprovider','https://serviceprovider.com'),('WSS750','WSS750Name',3,1,3,'serviceprovider','https://serviceprovider.com'),('WSS751','WSS751Name',3,1,3,'serviceprovider','https://serviceprovider.com'),('WSS752','WSS752Name',3,1,3,'serviceprovider','https://serviceprovider.com'),('WSS753','WSS753Name',3,1,3,'serviceprovider','https://serviceprovider.com'),('WSS754','WSS754Name',3,1,3,'serviceprovider','https://serviceprovider.com'),('WSS755','WSS755Name',3,1,3,'serviceprovider','https://serviceprovider.com'),('WSS756','WSS756Name',3,1,3,'serviceprovider','https://serviceprovider.com'),('WSS757','WSS757Name',3,1,3,'serviceprovider','https://serviceprovider.com'),('WSS758','WSS758Name',3,1,3,'serviceprovider','https://serviceprovider.com'),('WSS759','WSS759Name',3,1,3,'serviceprovider','https://serviceprovider.com'),('WSS76','WSS76Name',3,1,3,'serviceprovider','https://serviceprovider.com'),('WSS760','WSS760Name',3,1,3,'serviceprovider','https://serviceprovider.com'),('WSS761','WSS761Name',3,1,3,'serviceprovider','https://serviceprovider.com'),('WSS762','WSS762Name',3,1,3,'serviceprovider','https://serviceprovider.com'),('WSS763','WSS763Name',3,1,3,'serviceprovider','https://serviceprovider.com'),('WSS764','WSS764Name',3,1,3,'serviceprovider','https://serviceprovider.com'),('WSS765','WSS765Name',3,1,3,'serviceprovider','https://serviceprovider.com'),('WSS766','WSS766Name',3,1,3,'serviceprovider','https://serviceprovider.com'),('WSS767','WSS767Name',3,1,3,'serviceprovider','https://serviceprovider.com'),('WSS768','WSS768Name',3,1,3,'serviceprovider','https://serviceprovider.com'),('WSS769','WSS769Name',3,1,3,'serviceprovider','https://serviceprovider.com'),('WSS77','WSS77Name',3,1,3,'serviceprovider','https://serviceprovider.com'),('WSS770','WSS770Name',3,1,3,'serviceprovider','https://serviceprovider.com'),('WSS771','WSS771Name',3,1,3,'serviceprovider','https://serviceprovider.com'),('WSS772','WSS772Name',3,1,3,'serviceprovider','https://serviceprovider.com'),('WSS773','WSS773Name',3,1,3,'serviceprovider','https://serviceprovider.com'),('WSS774','WSS774Name',3,1,3,'serviceprovider','https://serviceprovider.com'),('WSS775','WSS775Name',3,1,3,'serviceprovider','https://serviceprovider.com'),('WSS776','WSS776Name',3,1,3,'serviceprovider','https://serviceprovider.com'),('WSS777','WSS777Name',3,1,3,'serviceprovider','https://serviceprovider.com'),('WSS778','WSS778Name',3,1,3,'serviceprovider','https://serviceprovider.com'),('WSS779','WSS779Name',3,1,3,'serviceprovider','https://serviceprovider.com'),('WSS78','WSS78Name',3,1,3,'serviceprovider','https://serviceprovider.com'),('WSS780','WSS780Name',3,1,3,'serviceprovider','https://serviceprovider.com'),('WSS781','WSS781Name',3,1,3,'serviceprovider','https://serviceprovider.com'),('WSS782','WSS782Name',3,1,3,'serviceprovider','https://serviceprovider.com'),('WSS783','WSS783Name',3,1,3,'serviceprovider','https://serviceprovider.com'),('WSS784','WSS784Name',3,1,3,'serviceprovider','https://serviceprovider.com'),('WSS785','WSS785Name',3,1,3,'serviceprovider','https://serviceprovider.com'),('WSS786','WSS786Name',3,1,3,'serviceprovider','https://serviceprovider.com'),('WSS787','WSS787Name',3,1,3,'serviceprovider','https://serviceprovider.com'),('WSS788','WSS788Name',3,1,3,'serviceprovider','https://serviceprovider.com'),('WSS789','WSS789Name',3,1,3,'serviceprovider','https://serviceprovider.com'),('WSS79','WSS79Name',3,1,3,'serviceprovider','https://serviceprovider.com'),('WSS790','WSS790Name',3,1,3,'serviceprovider','https://serviceprovider.com'),('WSS791','WSS791Name',3,1,3,'serviceprovider','https://serviceprovider.com'),('WSS792','WSS792Name',3,1,3,'serviceprovider','https://serviceprovider.com'),('WSS793','WSS793Name',3,1,3,'serviceprovider','https://serviceprovider.com'),('WSS794','WSS794Name',3,1,3,'serviceprovider','https://serviceprovider.com'),('WSS795','WSS795Name',3,1,3,'serviceprovider','https://serviceprovider.com'),('WSS796','WSS796Name',3,1,3,'serviceprovider','https://serviceprovider.com'),('WSS797','WSS797Name',3,1,3,'serviceprovider','https://serviceprovider.com'),('WSS798','WSS798Name',3,1,3,'serviceprovider','https://serviceprovider.com'),('WSS799','WSS799Name',3,1,3,'serviceprovider','https://serviceprovider.com'),('WSS8','WSS8Name',3,1,3,'serviceprovider','https://serviceprovider.com'),('WSS80','WSS80Name',3,1,3,'serviceprovider','https://serviceprovider.com'),('WSS800','WSS800Name',3,1,3,'serviceprovider','https://serviceprovider.com'),('WSS81','WSS81Name',3,1,3,'serviceprovider','https://serviceprovider.com'),('WSS82','WSS82Name',3,1,3,'serviceprovider','https://serviceprovider.com'),('WSS83','WSS83Name',3,1,3,'serviceprovider','https://serviceprovider.com'),('WSS84','WSS84Name',3,1,3,'serviceprovider','https://serviceprovider.com'),('WSS85','WSS85Name',3,1,3,'serviceprovider','https://serviceprovider.com'),('WSS86','WSS86Name',3,1,3,'serviceprovider','https://serviceprovider.com'),('WSS87','WSS87Name',3,1,3,'serviceprovider','https://serviceprovider.com'),('WSS88','WSS88Name',3,1,3,'serviceprovider','https://serviceprovider.com'),('WSS89','WSS89Name',3,1,3,'serviceprovider','https://serviceprovider.com'),('WSS9','WSS9Name',3,1,3,'serviceprovider','https://serviceprovider.com'),('WSS90','WSS90Name',3,1,3,'serviceprovider','https://serviceprovider.com'),('WSS91','WSS91Name',3,1,3,'serviceprovider','https://serviceprovider.com'),('WSS92','WSS92Name',3,1,3,'serviceprovider','https://serviceprovider.com'),('WSS93','WSS93Name',3,1,3,'serviceprovider','https://serviceprovider.com'),('WSS94','WSS94Name',3,1,3,'serviceprovider','https://serviceprovider.com'),('WSS95','WSS95Name',3,1,3,'serviceprovider','https://serviceprovider.com'),('WSS96','WSS96Name',3,1,3,'serviceprovider','https://serviceprovider.com'),('WSS97','WSS97Name',3,1,3,'serviceprovider','https://serviceprovider.com'),('WSS98','WSS98Name',3,1,3,'serviceprovider','https://serviceprovider.com'),('WSS99','WSS99Name',3,1,3,'serviceprovider','https://serviceprovider.com');
/*!40000 ALTER TABLE `webservicelist` ENABLE KEYS */;
UNLOCK TABLES;
/*!40103 SET TIME_ZONE=@OLD_TIME_ZONE */;

/*!40101 SET SQL_MODE=@OLD_SQL_MODE */;
/*!40014 SET FOREIGN_KEY_CHECKS=@OLD_FOREIGN_KEY_CHECKS */;
/*!40014 SET UNIQUE_CHECKS=@OLD_UNIQUE_CHECKS */;
/*!40101 SET CHARACTER_SET_CLIENT=@OLD_CHARACTER_SET_CLIENT */;
/*!40101 SET CHARACTER_SET_RESULTS=@OLD_CHARACTER_SET_RESULTS */;
/*!40101 SET COLLATION_CONNECTION=@OLD_COLLATION_CONNECTION */;
/*!40111 SET SQL_NOTES=@OLD_SQL_NOTES */;

-- Dump completed on 2023-06-28  1:32:33
