-- MySQL dump 10.13  Distrib 8.0.32, for Win64 (x86_64)
--
-- Host: localhost    Database: autowscs
-- ------------------------------------------------------
-- Server version	8.0.32

/*!40101 SET @OLD_CHARACTER_SET_CLIENT=@@CHARACTER_SET_CLIENT */;
/*!40101 SET @OLD_CHARACTER_SET_RESULTS=@@CHARACTER_SET_RESULTS */;
/*!40101 SET @OLD_COLLATION_CONNECTION=@@COLLATION_CONNECTION */;
/*!50503 SET NAMES utf8mb4 */;
/*!40103 SET @OLD_TIME_ZONE=@@TIME_ZONE */;
/*!40103 SET TIME_ZONE='+00:00' */;
/*!40014 SET @OLD_UNIQUE_CHECKS=@@UNIQUE_CHECKS, UNIQUE_CHECKS=0 */;
/*!40014 SET @OLD_FOREIGN_KEY_CHECKS=@@FOREIGN_KEY_CHECKS, FOREIGN_KEY_CHECKS=0 */;
/*!40101 SET @OLD_SQL_MODE=@@SQL_MODE, SQL_MODE='NO_AUTO_VALUE_ON_ZERO' */;
/*!40111 SET @OLD_SQL_NOTES=@@SQL_NOTES, SQL_NOTES=0 */;

--
-- Table structure for table `auth_group`
--

DROP TABLE IF EXISTS `auth_group`;
/*!40101 SET @saved_cs_client     = @@character_set_client */;
/*!50503 SET character_set_client = utf8mb4 */;
CREATE TABLE `auth_group` (
  `id` int NOT NULL AUTO_INCREMENT,
  `name` varchar(80) NOT NULL,
  PRIMARY KEY (`id`),
  UNIQUE KEY `name` (`name`)
) ENGINE=InnoDB DEFAULT CHARSET=latin1;
/*!40101 SET character_set_client = @saved_cs_client */;

--
-- Dumping data for table `auth_group`
--

LOCK TABLES `auth_group` WRITE;
/*!40000 ALTER TABLE `auth_group` DISABLE KEYS */;
/*!40000 ALTER TABLE `auth_group` ENABLE KEYS */;
UNLOCK TABLES;

--
-- Table structure for table `auth_group_permissions`
--

DROP TABLE IF EXISTS `auth_group_permissions`;
/*!40101 SET @saved_cs_client     = @@character_set_client */;
/*!50503 SET character_set_client = utf8mb4 */;
CREATE TABLE `auth_group_permissions` (
  `id` int NOT NULL AUTO_INCREMENT,
  `group_id` int NOT NULL,
  `permission_id` int NOT NULL,
  PRIMARY KEY (`id`),
  UNIQUE KEY `auth_group_permissions_group_id_permission_id_0cd325b0_uniq` (`group_id`,`permission_id`),
  KEY `auth_group_permissio_permission_id_84c5c92e_fk_auth_perm` (`permission_id`),
  CONSTRAINT `auth_group_permissio_permission_id_84c5c92e_fk_auth_perm` FOREIGN KEY (`permission_id`) REFERENCES `auth_permission` (`id`),
  CONSTRAINT `auth_group_permissions_group_id_b120cbf9_fk_auth_group_id` FOREIGN KEY (`group_id`) REFERENCES `auth_group` (`id`)
) ENGINE=InnoDB DEFAULT CHARSET=latin1;
/*!40101 SET character_set_client = @saved_cs_client */;

--
-- Dumping data for table `auth_group_permissions`
--

LOCK TABLES `auth_group_permissions` WRITE;
/*!40000 ALTER TABLE `auth_group_permissions` DISABLE KEYS */;
/*!40000 ALTER TABLE `auth_group_permissions` ENABLE KEYS */;
UNLOCK TABLES;

--
-- Table structure for table `auth_permission`
--

DROP TABLE IF EXISTS `auth_permission`;
/*!40101 SET @saved_cs_client     = @@character_set_client */;
/*!50503 SET character_set_client = utf8mb4 */;
CREATE TABLE `auth_permission` (
  `id` int NOT NULL AUTO_INCREMENT,
  `name` varchar(255) NOT NULL,
  `content_type_id` int NOT NULL,
  `codename` varchar(100) NOT NULL,
  PRIMARY KEY (`id`),
  UNIQUE KEY `auth_permission_content_type_id_codename_01ab375a_uniq` (`content_type_id`,`codename`),
  CONSTRAINT `auth_permission_content_type_id_2f476e4b_fk_django_co` FOREIGN KEY (`content_type_id`) REFERENCES `django_content_type` (`id`)
) ENGINE=InnoDB AUTO_INCREMENT=25 DEFAULT CHARSET=latin1;
/*!40101 SET character_set_client = @saved_cs_client */;

--
-- Dumping data for table `auth_permission`
--

LOCK TABLES `auth_permission` WRITE;
/*!40000 ALTER TABLE `auth_permission` DISABLE KEYS */;
INSERT INTO `auth_permission` VALUES (1,'Can add log entry',1,'add_logentry'),(2,'Can change log entry',1,'change_logentry'),(3,'Can delete log entry',1,'delete_logentry'),(4,'Can view log entry',1,'view_logentry'),(5,'Can add permission',2,'add_permission'),(6,'Can change permission',2,'change_permission'),(7,'Can delete permission',2,'delete_permission'),(8,'Can view permission',2,'view_permission'),(9,'Can add group',3,'add_group'),(10,'Can change group',3,'change_group'),(11,'Can delete group',3,'delete_group'),(12,'Can view group',3,'view_group'),(13,'Can add user',4,'add_user'),(14,'Can change user',4,'change_user'),(15,'Can delete user',4,'delete_user'),(16,'Can view user',4,'view_user'),(17,'Can add content type',5,'add_contenttype'),(18,'Can change content type',5,'change_contenttype'),(19,'Can delete content type',5,'delete_contenttype'),(20,'Can view content type',5,'view_contenttype'),(21,'Can add session',6,'add_session'),(22,'Can change session',6,'change_session'),(23,'Can delete session',6,'delete_session'),(24,'Can view session',6,'view_session');
/*!40000 ALTER TABLE `auth_permission` ENABLE KEYS */;
UNLOCK TABLES;

--
-- Table structure for table `auth_user`
--

DROP TABLE IF EXISTS `auth_user`;
/*!40101 SET @saved_cs_client     = @@character_set_client */;
/*!50503 SET character_set_client = utf8mb4 */;
CREATE TABLE `auth_user` (
  `id` int NOT NULL AUTO_INCREMENT,
  `password` varchar(128) NOT NULL,
  `last_login` datetime(6) DEFAULT NULL,
  `is_superuser` tinyint(1) NOT NULL,
  `username` varchar(150) NOT NULL,
  `first_name` varchar(30) NOT NULL,
  `last_name` varchar(150) NOT NULL,
  `email` varchar(254) NOT NULL,
  `is_staff` tinyint(1) NOT NULL,
  `is_active` tinyint(1) NOT NULL,
  `date_joined` datetime(6) NOT NULL,
  PRIMARY KEY (`id`),
  UNIQUE KEY `username` (`username`)
) ENGINE=InnoDB AUTO_INCREMENT=2 DEFAULT CHARSET=latin1;
/*!40101 SET character_set_client = @saved_cs_client */;

--
-- Dumping data for table `auth_user`
--

LOCK TABLES `auth_user` WRITE;
/*!40000 ALTER TABLE `auth_user` DISABLE KEYS */;
INSERT INTO `auth_user` VALUES (1,'pbkdf2_sha256$120000$t1PV0MeFrM2P$mdFVt5O/PMrM6U6PP4ei7LDjVNuN0OJi97bq+oRxpQg=','2020-10-19 22:21:14.385392',0,'kgayke','','','k2gaike@gmail.com',0,1,'2020-10-19 22:21:13.589791');
/*!40000 ALTER TABLE `auth_user` ENABLE KEYS */;
UNLOCK TABLES;

--
-- Table structure for table `auth_user_groups`
--

DROP TABLE IF EXISTS `auth_user_groups`;
/*!40101 SET @saved_cs_client     = @@character_set_client */;
/*!50503 SET character_set_client = utf8mb4 */;
CREATE TABLE `auth_user_groups` (
  `id` int NOT NULL AUTO_INCREMENT,
  `user_id` int NOT NULL,
  `group_id` int NOT NULL,
  PRIMARY KEY (`id`),
  UNIQUE KEY `auth_user_groups_user_id_group_id_94350c0c_uniq` (`user_id`,`group_id`),
  KEY `auth_user_groups_group_id_97559544_fk_auth_group_id` (`group_id`),
  CONSTRAINT `auth_user_groups_group_id_97559544_fk_auth_group_id` FOREIGN KEY (`group_id`) REFERENCES `auth_group` (`id`),
  CONSTRAINT `auth_user_groups_user_id_6a12ed8b_fk_auth_user_id` FOREIGN KEY (`user_id`) REFERENCES `auth_user` (`id`)
) ENGINE=InnoDB DEFAULT CHARSET=latin1;
/*!40101 SET character_set_client = @saved_cs_client */;

--
-- Dumping data for table `auth_user_groups`
--

LOCK TABLES `auth_user_groups` WRITE;
/*!40000 ALTER TABLE `auth_user_groups` DISABLE KEYS */;
/*!40000 ALTER TABLE `auth_user_groups` ENABLE KEYS */;
UNLOCK TABLES;

--
-- Table structure for table `auth_user_user_permissions`
--

DROP TABLE IF EXISTS `auth_user_user_permissions`;
/*!40101 SET @saved_cs_client     = @@character_set_client */;
/*!50503 SET character_set_client = utf8mb4 */;
CREATE TABLE `auth_user_user_permissions` (
  `id` int NOT NULL AUTO_INCREMENT,
  `user_id` int NOT NULL,
  `permission_id` int NOT NULL,
  PRIMARY KEY (`id`),
  UNIQUE KEY `auth_user_user_permissions_user_id_permission_id_14a6b632_uniq` (`user_id`,`permission_id`),
  KEY `auth_user_user_permi_permission_id_1fbb5f2c_fk_auth_perm` (`permission_id`),
  CONSTRAINT `auth_user_user_permi_permission_id_1fbb5f2c_fk_auth_perm` FOREIGN KEY (`permission_id`) REFERENCES `auth_permission` (`id`),
  CONSTRAINT `auth_user_user_permissions_user_id_a95ead1b_fk_auth_user_id` FOREIGN KEY (`user_id`) REFERENCES `auth_user` (`id`)
) ENGINE=InnoDB DEFAULT CHARSET=latin1;
/*!40101 SET character_set_client = @saved_cs_client */;

--
-- Dumping data for table `auth_user_user_permissions`
--

LOCK TABLES `auth_user_user_permissions` WRITE;
/*!40000 ALTER TABLE `auth_user_user_permissions` DISABLE KEYS */;
/*!40000 ALTER TABLE `auth_user_user_permissions` ENABLE KEYS */;
UNLOCK TABLES;

--
-- Table structure for table `careerpath`
--

DROP TABLE IF EXISTS `careerpath`;
/*!40101 SET @saved_cs_client     = @@character_set_client */;
/*!50503 SET character_set_client = utf8mb4 */;
CREATE TABLE `careerpath` (
  `careerPathID` char(4) NOT NULL,
  `careerPathName` varchar(50) DEFAULT NULL,
  PRIMARY KEY (`careerPathID`)
) ENGINE=InnoDB DEFAULT CHARSET=latin1;
/*!40101 SET character_set_client = @saved_cs_client */;

--
-- Dumping data for table `careerpath`
--

LOCK TABLES `careerpath` WRITE;
/*!40000 ALTER TABLE `careerpath` DISABLE KEYS */;
INSERT INTO `careerpath` VALUES ('C100','Data Analyst');
/*!40000 ALTER TABLE `careerpath` ENABLE KEYS */;
UNLOCK TABLES;

--
-- Table structure for table `django_admin_log`
--

DROP TABLE IF EXISTS `django_admin_log`;
/*!40101 SET @saved_cs_client     = @@character_set_client */;
/*!50503 SET character_set_client = utf8mb4 */;
CREATE TABLE `django_admin_log` (
  `id` int NOT NULL AUTO_INCREMENT,
  `action_time` datetime(6) NOT NULL,
  `object_id` longtext,
  `object_repr` varchar(200) NOT NULL,
  `action_flag` smallint unsigned NOT NULL,
  `change_message` longtext NOT NULL,
  `content_type_id` int DEFAULT NULL,
  `user_id` int NOT NULL,
  PRIMARY KEY (`id`),
  KEY `django_admin_log_content_type_id_c4bce8eb_fk_django_co` (`content_type_id`),
  KEY `django_admin_log_user_id_c564eba6_fk_auth_user_id` (`user_id`),
  CONSTRAINT `django_admin_log_content_type_id_c4bce8eb_fk_django_co` FOREIGN KEY (`content_type_id`) REFERENCES `django_content_type` (`id`),
  CONSTRAINT `django_admin_log_user_id_c564eba6_fk_auth_user_id` FOREIGN KEY (`user_id`) REFERENCES `auth_user` (`id`)
) ENGINE=InnoDB DEFAULT CHARSET=latin1;
/*!40101 SET character_set_client = @saved_cs_client */;

--
-- Dumping data for table `django_admin_log`
--

LOCK TABLES `django_admin_log` WRITE;
/*!40000 ALTER TABLE `django_admin_log` DISABLE KEYS */;
/*!40000 ALTER TABLE `django_admin_log` ENABLE KEYS */;
UNLOCK TABLES;

--
-- Table structure for table `django_content_type`
--

DROP TABLE IF EXISTS `django_content_type`;
/*!40101 SET @saved_cs_client     = @@character_set_client */;
/*!50503 SET character_set_client = utf8mb4 */;
CREATE TABLE `django_content_type` (
  `id` int NOT NULL AUTO_INCREMENT,
  `app_label` varchar(100) NOT NULL,
  `model` varchar(100) NOT NULL,
  PRIMARY KEY (`id`),
  UNIQUE KEY `django_content_type_app_label_model_76bd3d3b_uniq` (`app_label`,`model`)
) ENGINE=InnoDB AUTO_INCREMENT=7 DEFAULT CHARSET=latin1;
/*!40101 SET character_set_client = @saved_cs_client */;

--
-- Dumping data for table `django_content_type`
--

LOCK TABLES `django_content_type` WRITE;
/*!40000 ALTER TABLE `django_content_type` DISABLE KEYS */;
INSERT INTO `django_content_type` VALUES (1,'admin','logentry'),(3,'auth','group'),(2,'auth','permission'),(4,'auth','user'),(5,'contenttypes','contenttype'),(6,'sessions','session');
/*!40000 ALTER TABLE `django_content_type` ENABLE KEYS */;
UNLOCK TABLES;

--
-- Table structure for table `django_migrations`
--

DROP TABLE IF EXISTS `django_migrations`;
/*!40101 SET @saved_cs_client     = @@character_set_client */;
/*!50503 SET character_set_client = utf8mb4 */;
CREATE TABLE `django_migrations` (
  `id` int NOT NULL AUTO_INCREMENT,
  `app` varchar(255) NOT NULL,
  `name` varchar(255) NOT NULL,
  `applied` datetime(6) NOT NULL,
  PRIMARY KEY (`id`)
) ENGINE=InnoDB AUTO_INCREMENT=16 DEFAULT CHARSET=latin1;
/*!40101 SET character_set_client = @saved_cs_client */;

--
-- Dumping data for table `django_migrations`
--

LOCK TABLES `django_migrations` WRITE;
/*!40000 ALTER TABLE `django_migrations` DISABLE KEYS */;
INSERT INTO `django_migrations` VALUES (1,'contenttypes','0001_initial','2020-03-09 23:45:06.538733'),(2,'auth','0001_initial','2020-03-09 23:45:10.018233'),(3,'admin','0001_initial','2020-03-09 23:45:11.118233'),(4,'admin','0002_logentry_remove_auto_add','2020-03-09 23:45:11.139233'),(5,'admin','0003_logentry_add_action_flag_choices','2020-03-09 23:45:11.169233'),(6,'contenttypes','0002_remove_content_type_name','2020-03-09 23:45:11.498233'),(7,'auth','0002_alter_permission_name_max_length','2020-03-09 23:45:11.539233'),(8,'auth','0003_alter_user_email_max_length','2020-03-09 23:45:11.619233'),(9,'auth','0004_alter_user_username_opts','2020-03-09 23:45:11.629233'),(10,'auth','0005_alter_user_last_login_null','2020-03-09 23:45:11.770233'),(11,'auth','0006_require_contenttypes_0002','2020-03-09 23:45:11.810233'),(12,'auth','0007_alter_validators_add_error_messages','2020-03-09 23:45:11.820233'),(13,'auth','0008_alter_user_username_max_length','2020-03-09 23:45:11.831233'),(14,'auth','0009_alter_user_last_name_max_length','2020-03-09 23:45:11.949233'),(15,'sessions','0001_initial','2020-03-09 23:45:12.140233');
/*!40000 ALTER TABLE `django_migrations` ENABLE KEYS */;
UNLOCK TABLES;

--
-- Table structure for table `django_session`
--

DROP TABLE IF EXISTS `django_session`;
/*!40101 SET @saved_cs_client     = @@character_set_client */;
/*!50503 SET character_set_client = utf8mb4 */;
CREATE TABLE `django_session` (
  `session_key` varchar(40) NOT NULL,
  `session_data` longtext NOT NULL,
  `expire_date` datetime(6) NOT NULL,
  PRIMARY KEY (`session_key`),
  KEY `django_session_expire_date_a5c62663` (`expire_date`)
) ENGINE=InnoDB DEFAULT CHARSET=latin1;
/*!40101 SET character_set_client = @saved_cs_client */;

--
-- Dumping data for table `django_session`
--

LOCK TABLES `django_session` WRITE;
/*!40000 ALTER TABLE `django_session` DISABLE KEYS */;
INSERT INTO `django_session` VALUES ('tyl1c5xdi2x8x2jwg76rgv4m7k8zrh9f','Y2FhMTEwYWE3NTdhZjlkMTFkYzhlMDM0OGM4NTU4YzVjZGQwZDM0Njp7Il9hdXRoX3VzZXJfaWQiOiIxIiwiX2F1dGhfdXNlcl9iYWNrZW5kIjoiZGphbmdvLmNvbnRyaWIuYXV0aC5iYWNrZW5kcy5Nb2RlbEJhY2tlbmQiLCJfYXV0aF91c2VyX2hhc2giOiJmMzIyNjA4ZWY3OTQ5MWYwMTUwOGMyMDFlMDIzZmRjNjI3MTU4N2IzIn0=','2020-11-02 22:21:14.400992');
/*!40000 ALTER TABLE `django_session` ENABLE KEYS */;
UNLOCK TABLES;

--
-- Table structure for table `initialgoalparameter`
--

DROP TABLE IF EXISTS `initialgoalparameter`;
/*!40101 SET @saved_cs_client     = @@character_set_client */;
/*!50503 SET character_set_client = utf8mb4 */;
CREATE TABLE `initialgoalparameter` (
  `transactionID` bigint NOT NULL,
  `iorg` varchar(10) NOT NULL,
  `parameterID` varchar(10) NOT NULL,
  PRIMARY KEY (`transactionID`,`iorg`,`parameterID`),
  KEY `knowledgeID` (`parameterID`),
  CONSTRAINT `initialgoalparameter_ibfk_1` FOREIGN KEY (`parameterID`) REFERENCES `parameterlist` (`parameterID`)
) ENGINE=InnoDB DEFAULT CHARSET=latin1;
/*!40101 SET character_set_client = @saved_cs_client */;

--
-- Dumping data for table `initialgoalparameter`
--

LOCK TABLES `initialgoalparameter` WRITE;
/*!40000 ALTER TABLE `initialgoalparameter` DISABLE KEYS */;
INSERT INTO `initialgoalparameter` VALUES (6,'I','p1'),(9,'I','p1'),(14,'I','p1'),(22,'I','p1'),(24,'G','p1'),(26,'I','p1'),(27,'I','p1'),(28,'I','p1'),(30,'G','p1'),(4,'G','p10'),(6,'I','p10'),(12,'I','p10'),(13,'I','p10'),(16,'I','p10'),(17,'I','p10'),(19,'I','p10'),(20,'I','p10'),(21,'I','p10'),(27,'I','p10'),(28,'I','p10'),(2,'G','p11'),(5,'I','p11'),(12,'G','p11'),(16,'G','p11'),(22,'G','p11'),(2,'I','p12'),(8,'G','p12'),(9,'G','p12'),(10,'I','p12'),(14,'I','p12'),(16,'I','p12'),(17,'I','p12'),(18,'I','p12'),(19,'G','p12'),(21,'I','p12'),(24,'I','p12'),(27,'I','p12'),(29,'G','p12'),(5,'I','p13'),(7,'I','p13'),(8,'I','p13'),(10,'I','p13'),(14,'G','p13'),(18,'I','p13'),(19,'G','p13'),(21,'I','p13'),(22,'I','p13'),(27,'G','p13'),(29,'G','p13'),(30,'I','p13'),(1,'G','p14'),(3,'I','p14'),(4,'I','p14'),(6,'I','p14'),(8,'I','p14'),(11,'I','p14'),(12,'I','p14'),(17,'G','p14'),(19,'I','p14'),(23,'I','p14'),(24,'I','p14'),(27,'I','p14'),(28,'G','p14'),(29,'I','p14'),(3,'G','p15'),(8,'I','p15'),(10,'I','p15'),(13,'I','p15'),(15,'I','p15'),(18,'G','p15'),(21,'I','p15'),(23,'I','p15'),(6,'I','p16'),(12,'I','p16'),(16,'I','p16'),(18,'G','p16'),(20,'I','p16'),(21,'G','p16'),(24,'I','p16'),(25,'G','p16'),(26,'G','p16'),(27,'I','p16'),(29,'I','p16'),(30,'I','p16'),(1,'I','p17'),(2,'I','p17'),(3,'G','p17'),(7,'I','p17'),(14,'G','p17'),(15,'I','p17'),(17,'I','p17'),(19,'G','p17'),(21,'G','p17'),(22,'I','p17'),(26,'G','p17'),(28,'I','p17'),(3,'I','p18'),(4,'I','p18'),(9,'I','p18'),(12,'G','p18'),(13,'I','p18'),(22,'G','p18'),(26,'I','p18'),(28,'G','p18'),(30,'I','p18'),(1,'I','p19'),(2,'I','p19'),(6,'I','p19'),(7,'G','p19'),(13,'I','p19'),(19,'G','p19'),(20,'G','p19'),(29,'I','p19'),(30,'I','p19'),(7,'G','p2'),(10,'I','p2'),(16,'I','p2'),(25,'G','p2'),(26,'I','p2'),(28,'G','p2'),(4,'I','p20'),(6,'G','p20'),(8,'I','p20'),(9,'G','p20'),(10,'G','p20'),(13,'G','p20'),(14,'G','p20'),(15,'G','p20'),(19,'I','p20'),(20,'I','p20'),(21,'I','p20'),(27,'G','p20'),(30,'I','p20'),(1,'G','p21'),(2,'I','p21'),(6,'I','p21'),(7,'G','p21'),(8,'G','p21'),(9,'G','p21'),(15,'G','p21'),(17,'G','p21'),(18,'G','p21'),(20,'I','p21'),(22,'G','p21'),(25,'I','p21'),(28,'I','p21'),(30,'G','p21'),(1,'I','p22'),(4,'G','p22'),(7,'I','p22'),(12,'G','p22'),(17,'I','p22'),(19,'I','p22'),(20,'I','p22'),(21,'G','p22'),(25,'I','p22'),(28,'G','p22'),(29,'I','p22'),(2,'G','p23'),(3,'I','p23'),(4,'G','p23'),(5,'G','p23'),(8,'G','p23'),(9,'I','p23'),(11,'G','p23'),(18,'I','p23'),(23,'I','p23'),(24,'I','p23'),(4,'I','p24'),(5,'I','p24'),(6,'G','p24'),(10,'I','p24'),(11,'I','p24'),(14,'I','p24'),(15,'I','p24'),(17,'G','p24'),(19,'I','p24'),(22,'I','p24'),(23,'G','p24'),(3,'I','p25'),(5,'I','p25'),(9,'I','p25'),(11,'I','p25'),(12,'I','p25'),(13,'I','p25'),(15,'I','p25'),(16,'I','p25'),(20,'G','p25'),(21,'I','p25'),(25,'I','p25'),(26,'G','p25'),(30,'I','p25'),(1,'I','p26'),(2,'G','p26'),(4,'G','p26'),(5,'G','p26'),(7,'I','p26'),(9,'G','p26'),(10,'G','p26'),(11,'G','p26'),(13,'G','p26'),(16,'G','p26'),(18,'I','p26'),(25,'G','p26'),(27,'I','p26'),(29,'G','p26'),(2,'I','p27'),(3,'I','p27'),(4,'I','p27'),(12,'I','p27'),(23,'I','p27'),(25,'I','p27'),(26,'G','p27'),(27,'G','p27'),(29,'G','p27'),(1,'I','p28'),(3,'G','p28'),(5,'I','p28'),(8,'G','p28'),(10,'G','p28'),(15,'I','p28'),(22,'I','p28'),(23,'I','p28'),(24,'G','p28'),(27,'G','p28'),(1,'G','p29'),(10,'I','p29'),(12,'G','p29'),(13,'I','p29'),(15,'I','p29'),(18,'G','p29'),(22,'I','p29'),(23,'G','p29'),(25,'I','p29'),(29,'I','p29'),(12,'I','p3'),(13,'G','p3'),(15,'G','p3'),(17,'I','p3'),(20,'G','p3'),(22,'G','p3'),(26,'I','p3'),(3,'G','p30'),(9,'I','p30'),(11,'G','p30'),(16,'G','p30'),(24,'G','p30'),(25,'I','p30'),(26,'I','p30'),(1,'G','p4'),(8,'I','p4'),(16,'I','p4'),(18,'I','p4'),(19,'I','p4'),(20,'G','p4'),(23,'G','p4'),(28,'I','p4'),(2,'I','p5'),(5,'I','p5'),(7,'G','p5'),(10,'G','p5'),(11,'I','p5'),(14,'I','p5'),(17,'G','p5'),(23,'G','p5'),(30,'G','p5'),(2,'G','p6'),(4,'I','p6'),(6,'G','p6'),(7,'I','p6'),(11,'I','p6'),(14,'I','p6'),(15,'G','p6'),(21,'G','p6'),(24,'I','p6'),(26,'I','p6'),(3,'I','p7'),(5,'G','p7'),(9,'I','p7'),(11,'G','p7'),(14,'G','p7'),(23,'I','p7'),(24,'I','p7'),(28,'I','p7'),(29,'I','p7'),(5,'G','p8'),(6,'G','p8'),(8,'I','p8'),(14,'I','p8'),(18,'I','p8'),(25,'G','p8'),(1,'I','p9'),(7,'I','p9'),(11,'I','p9'),(13,'G','p9'),(16,'G','p9'),(17,'I','p9'),(20,'I','p9'),(24,'G','p9'),(30,'G','p9');
/*!40000 ALTER TABLE `initialgoalparameter` ENABLE KEYS */;
UNLOCK TABLES;

--
-- Table structure for table `inputparameter`
--

DROP TABLE IF EXISTS `inputparameter`;
/*!40101 SET @saved_cs_client     = @@character_set_client */;
/*!50503 SET character_set_client = utf8mb4 */;
CREATE TABLE `inputparameter` (
  `webServiceID` varchar(10) NOT NULL,
  `parameterID` varchar(10) NOT NULL,
  PRIMARY KEY (`webServiceID`,`parameterID`),
  KEY `knowledgeID` (`parameterID`)
) ENGINE=InnoDB DEFAULT CHARSET=latin1;
/*!40101 SET character_set_client = @saved_cs_client */;

--
-- Dumping data for table `inputparameter`
--

LOCK TABLES `inputparameter` WRITE;
/*!40000 ALTER TABLE `inputparameter` DISABLE KEYS */;
INSERT INTO `inputparameter` VALUES ('WSS1','p1'),('WSS127','p1'),('WSS129','p1'),('WSS148','p1'),('WSS160','p1'),('WSS170','p1'),('WSS171','p1'),('WSS178','p1'),('WSS18','p1'),('WSS186','p1'),('WSS188','p1'),('WSS226','p1'),('WSS234','p1'),('WSS262','p1'),('WSS265','p1'),('WSS277','p1'),('WSS286','p1'),('WSS288','p1'),('WSS3','p1'),('WSS306','p1'),('WSS308','p1'),('WSS324','p1'),('WSS352','p1'),('WSS362','p1'),('WSS368','p1'),('WSS369','p1'),('WSS372','p1'),('WSS386','p1'),('WSS414','p1'),('WSS422','p1'),('WSS426','p1'),('WSS443','p1'),('WSS448','p1'),('WSS465','p1'),('WSS493','p1'),('WSS497','p1'),('WSS505','p1'),('WSS517','p1'),('WSS523','p1'),('WSS57','p1'),('WSS573','p1'),('WSS619','p1'),('WSS644','p1'),('WSS652','p1'),('WSS662','p1'),('WSS667','p1'),('WSS689','p1'),('WSS700','p1'),('WSS73','p1'),('WSS75','p1'),('WSS85','p1'),('WSS12','p10'),('WSS130','p10'),('WSS157','p10'),('WSS165','p10'),('WSS175','p10'),('WSS187','p10'),('WSS220','p10'),('WSS230','p10'),('WSS231','p10'),('WSS25','p10'),('WSS261','p10'),('WSS30','p10'),('WSS31','p10'),('WSS333','p10'),('WSS34','p10'),('WSS409','p10'),('WSS431','p10'),('WSS447','p10'),('WSS472','p10'),('WSS494','p10'),('WSS498','p10'),('WSS563','p10'),('WSS598','p10'),('WSS6','p10'),('WSS602','p10'),('WSS603','p10'),('WSS605','p10'),('WSS622','p10'),('WSS682','p10'),('WSS86','p10'),('WSS88','p10'),('WSS91','p10'),('WSS103','p11'),('WSS113','p11'),('WSS117','p11'),('WSS140','p11'),('WSS158','p11'),('WSS159','p11'),('WSS187','p11'),('WSS188','p11'),('WSS22','p11'),('WSS220','p11'),('WSS25','p11'),('WSS270','p11'),('WSS278','p11'),('WSS281','p11'),('WSS285','p11'),('WSS289','p11'),('WSS314','p11'),('WSS329','p11'),('WSS354','p11'),('WSS363','p11'),('WSS364','p11'),('WSS37','p11'),('WSS373','p11'),('WSS395','p11'),('WSS399','p11'),('WSS412','p11'),('WSS416','p11'),('WSS432','p11'),('WSS462','p11'),('WSS470','p11'),('WSS483','p11'),('WSS530','p11'),('WSS551','p11'),('WSS555','p11'),('WSS56','p11'),('WSS560','p11'),('WSS577','p11'),('WSS581','p11'),('WSS601','p11'),('WSS611','p11'),('WSS623','p11'),('WSS624','p11'),('WSS643','p11'),('WSS65','p11'),('WSS659','p11'),('WSS75','p11'),('WSS79','p11'),('WSS100','p12'),('WSS104','p12'),('WSS126','p12'),('WSS134','p12'),('WSS139','p12'),('WSS150','p12'),('WSS166','p12'),('WSS171','p12'),('WSS217','p12'),('WSS225','p12'),('WSS238','p12'),('WSS24','p12'),('WSS245','p12'),('WSS260','p12'),('WSS269','p12'),('WSS271','p12'),('WSS280','p12'),('WSS284','p12'),('WSS308','p12'),('WSS333','p12'),('WSS335','p12'),('WSS343','p12'),('WSS359','p12'),('WSS367','p12'),('WSS374','p12'),('WSS377','p12'),('WSS4','p12'),('WSS434','p12'),('WSS437','p12'),('WSS484','p12'),('WSS51','p12'),('WSS534','p12'),('WSS588','p12'),('WSS614','p12'),('WSS618','p12'),('WSS626','p12'),('WSS641','p12'),('WSS655','p12'),('WSS668','p12'),('WSS69','p12'),('WSS87','p12'),('WSS152','p13'),('WSS166','p13'),('WSS194','p13'),('WSS206','p13'),('WSS209','p13'),('WSS210','p13'),('WSS218','p13'),('WSS219','p13'),('WSS227','p13'),('WSS257','p13'),('WSS306','p13'),('WSS328','p13'),('WSS334','p13'),('WSS35','p13'),('WSS358','p13'),('WSS383','p13'),('WSS386','p13'),('WSS397','p13'),('WSS402','p13'),('WSS420','p13'),('WSS433','p13'),('WSS435','p13'),('WSS455','p13'),('WSS459','p13'),('WSS461','p13'),('WSS476','p13'),('WSS482','p13'),('WSS488','p13'),('WSS5','p13'),('WSS508','p13'),('WSS510','p13'),('WSS524','p13'),('WSS541','p13'),('WSS553','p13'),('WSS574','p13'),('WSS578','p13'),('WSS579','p13'),('WSS60','p13'),('WSS617','p13'),('WSS63','p13'),('WSS630','p13'),('WSS647','p13'),('WSS685','p13'),('WSS687','p13'),('WSS690','p13'),('WSS699','p13'),('WSS8','p13'),('WSS82','p13'),('WSS90','p13'),('WSS122','p14'),('WSS128','p14'),('WSS149','p14'),('WSS162','p14'),('WSS168','p14'),('WSS169','p14'),('WSS173','p14'),('WSS175','p14'),('WSS193','p14'),('WSS211','p14'),('WSS215','p14'),('WSS217','p14'),('WSS231','p14'),('WSS249','p14'),('WSS26','p14'),('WSS270','p14'),('WSS274','p14'),('WSS295','p14'),('WSS305','p14'),('WSS390','p14'),('WSS417','p14'),('WSS422','p14'),('WSS430','p14'),('WSS456','p14'),('WSS457','p14'),('WSS459','p14'),('WSS473','p14'),('WSS505','p14'),('WSS506','p14'),('WSS532','p14'),('WSS548','p14'),('WSS557','p14'),('WSS569','p14'),('WSS59','p14'),('WSS590','p14'),('WSS594','p14'),('WSS607','p14'),('WSS625','p14'),('WSS631','p14'),('WSS638','p14'),('WSS673','p14'),('WSS7','p14'),('WSS87','p14'),('WSS93','p14'),('WSS118','p15'),('WSS124','p15'),('WSS125','p15'),('WSS142','p15'),('WSS147','p15'),('WSS151','p15'),('WSS179','p15'),('WSS228','p15'),('WSS230','p15'),('WSS235','p15'),('WSS241','p15'),('WSS246','p15'),('WSS248','p15'),('WSS279','p15'),('WSS285','p15'),('WSS311','p15'),('WSS312','p15'),('WSS32','p15'),('WSS322','p15'),('WSS350','p15'),('WSS356','p15'),('WSS36','p15'),('WSS366','p15'),('WSS392','p15'),('WSS415','p15'),('WSS42','p15'),('WSS428','p15'),('WSS458','p15'),('WSS491','p15'),('WSS500','p15'),('WSS506','p15'),('WSS509','p15'),('WSS519','p15'),('WSS537','p15'),('WSS539','p15'),('WSS559','p15'),('WSS568','p15'),('WSS625','p15'),('WSS629','p15'),('WSS653','p15'),('WSS656','p15'),('WSS684','p15'),('WSS84','p15'),('WSS96','p15'),('WSS112','p16'),('WSS13','p16'),('WSS133','p16'),('WSS142','p16'),('WSS2','p16'),('WSS210','p16'),('WSS214','p16'),('WSS267','p16'),('WSS291','p16'),('WSS299','p16'),('WSS353','p16'),('WSS357','p16'),('WSS375','p16'),('WSS396','p16'),('WSS424','p16'),('WSS483','p16'),('WSS486','p16'),('WSS494','p16'),('WSS498','p16'),('WSS507','p16'),('WSS53','p16'),('WSS554','p16'),('WSS572','p16'),('WSS586','p16'),('WSS607','p16'),('WSS613','p16'),('WSS627','p16'),('WSS678','p16'),('WSS700','p16'),('WSS71','p16'),('WSS83','p16'),('WSS99','p16'),('WSS108','p17'),('WSS146','p17'),('WSS150','p17'),('WSS161','p17'),('WSS17','p17'),('WSS189','p17'),('WSS207','p17'),('WSS225','p17'),('WSS240','p17'),('WSS272','p17'),('WSS277','p17'),('WSS317','p17'),('WSS33','p17'),('WSS412','p17'),('WSS481','p17'),('WSS522','p17'),('WSS540','p17'),('WSS55','p17'),('WSS550','p17'),('WSS558','p17'),('WSS571','p17'),('WSS585','p17'),('WSS61','p17'),('WSS619','p17'),('WSS663','p17'),('WSS666','p17'),('WSS67','p17'),('WSS679','p17'),('WSS680','p17'),('WSS691','p17'),('WSS7','p17'),('WSS81','p17'),('WSS98','p17'),('WSS144','p18'),('WSS155','p18'),('WSS196','p18'),('WSS202','p18'),('WSS205','p18'),('WSS213','p18'),('WSS222','p18'),('WSS233','p18'),('WSS238','p18'),('WSS244','p18'),('WSS251','p18'),('WSS309','p18'),('WSS316','p18'),('WSS327','p18'),('WSS334','p18'),('WSS343','p18'),('WSS368','p18'),('WSS387','p18'),('WSS396','p18'),('WSS403','p18'),('WSS44','p18'),('WSS446','p18'),('WSS452','p18'),('WSS477','p18'),('WSS489','p18'),('WSS518','p18'),('WSS538','p18'),('WSS545','p18'),('WSS56','p18'),('WSS573','p18'),('WSS574','p18'),('WSS575','p18'),('WSS592','p18'),('WSS637','p18'),('WSS641','p18'),('WSS649','p18'),('WSS659','p18'),('WSS66','p18'),('WSS695','p18'),('WSS86','p18'),('WSS9','p18'),('WSS124','p19'),('WSS137','p19'),('WSS143','p19'),('WSS144','p19'),('WSS148','p19'),('WSS154','p19'),('WSS173','p19'),('WSS202','p19'),('WSS211','p19'),('WSS237','p19'),('WSS274','p19'),('WSS298','p19'),('WSS30','p19'),('WSS313','p19'),('WSS316','p19'),('WSS336','p19'),('WSS338','p19'),('WSS346','p19'),('WSS349','p19'),('WSS372','p19'),('WSS391','p19'),('WSS43','p19'),('WSS436','p19'),('WSS460','p19'),('WSS462','p19'),('WSS508','p19'),('WSS559','p19'),('WSS585','p19'),('WSS591','p19'),('WSS597','p19'),('WSS601','p19'),('WSS615','p19'),('WSS64','p19'),('WSS642','p19'),('WSS646','p19'),('WSS675','p19'),('WSS676','p19'),('WSS678','p19'),('WSS78','p19'),('WSS85','p19'),('WSS104','p2'),('WSS117','p2'),('WSS140','p2'),('WSS180','p2'),('WSS190','p2'),('WSS206','p2'),('WSS259','p2'),('WSS282','p2'),('WSS299','p2'),('WSS347','p2'),('WSS349','p2'),('WSS364','p2'),('WSS380','p2'),('WSS389','p2'),('WSS394','p2'),('WSS404','p2'),('WSS41','p2'),('WSS418','p2'),('WSS425','p2'),('WSS466','p2'),('WSS477','p2'),('WSS485','p2'),('WSS486','p2'),('WSS489','p2'),('WSS499','p2'),('WSS50','p2'),('WSS501','p2'),('WSS52','p2'),('WSS520','p2'),('WSS544','p2'),('WSS565','p2'),('WSS589','p2'),('WSS612','p2'),('WSS620','p2'),('WSS624','p2'),('WSS632','p2'),('WSS662','p2'),('WSS665','p2'),('WSS670','p2'),('WSS694','p2'),('WSS97','p2'),('WSS101','p20'),('WSS105','p20'),('WSS115','p20'),('WSS131','p20'),('WSS135','p20'),('WSS152','p20'),('WSS153','p20'),('WSS163','p20'),('WSS207','p20'),('WSS208','p20'),('WSS223','p20'),('WSS236','p20'),('WSS263','p20'),('WSS272','p20'),('WSS291','p20'),('WSS297','p20'),('WSS312','p20'),('WSS331','p20'),('WSS336','p20'),('WSS344','p20'),('WSS35','p20'),('WSS378','p20'),('WSS381','p20'),('WSS388','p20'),('WSS393','p20'),('WSS401','p20'),('WSS431','p20'),('WSS444','p20'),('WSS46','p20'),('WSS470','p20'),('WSS481','p20'),('WSS488','p20'),('WSS49','p20'),('WSS525','p20'),('WSS532','p20'),('WSS533','p20'),('WSS536','p20'),('WSS537','p20'),('WSS576','p20'),('WSS580','p20'),('WSS59','p20'),('WSS600','p20'),('WSS643','p20'),('WSS644','p20'),('WSS658','p20'),('WSS661','p20'),('WSS73','p20'),('WSS11','p21'),('WSS116','p21'),('WSS118','p21'),('WSS138','p21'),('WSS15','p21'),('WSS174','p21'),('WSS184','p21'),('WSS186','p21'),('WSS191','p21'),('WSS205','p21'),('WSS241','p21'),('WSS252','p21'),('WSS262','p21'),('WSS264','p21'),('WSS28','p21'),('WSS281','p21'),('WSS282','p21'),('WSS294','p21'),('WSS297','p21'),('WSS350','p21'),('WSS367','p21'),('WSS384','p21'),('WSS40','p21'),('WSS439','p21'),('WSS45','p21'),('WSS461','p21'),('WSS471','p21'),('WSS475','p21'),('WSS492','p21'),('WSS495','p21'),('WSS516','p21'),('WSS566','p21'),('WSS572','p21'),('WSS587','p21'),('WSS595','p21'),('WSS596','p21'),('WSS60','p21'),('WSS608','p21'),('WSS610','p21'),('WSS612','p21'),('WSS635','p21'),('WSS651','p21'),('WSS682','p21'),('WSS77','p21'),('WSS95','p21'),('WSS99','p21'),('WSS134','p22'),('WSS14','p22'),('WSS219','p22'),('WSS22','p22'),('WSS252','p22'),('WSS256','p22'),('WSS27','p22'),('WSS287','p22'),('WSS293','p22'),('WSS296','p22'),('WSS3','p22'),('WSS307','p22'),('WSS328','p22'),('WSS341','p22'),('WSS376','p22'),('WSS379','p22'),('WSS383','p22'),('WSS384','p22'),('WSS414','p22'),('WSS425','p22'),('WSS435','p22'),('WSS441','p22'),('WSS449','p22'),('WSS451','p22'),('WSS469','p22'),('WSS479','p22'),('WSS48','p22'),('WSS49','p22'),('WSS496','p22'),('WSS513','p22'),('WSS514','p22'),('WSS517','p22'),('WSS521','p22'),('WSS527','p22'),('WSS538','p22'),('WSS54','p22'),('WSS543','p22'),('WSS547','p22'),('WSS549','p22'),('WSS555','p22'),('WSS58','p22'),('WSS580','p22'),('WSS581','p22'),('WSS589','p22'),('WSS597','p22'),('WSS599','p22'),('WSS629','p22'),('WSS631','p22'),('WSS633','p22'),('WSS634','p22'),('WSS654','p22'),('WSS689','p22'),('WSS691','p22'),('WSS71','p22'),('WSS72','p22'),('WSS79','p22'),('WSS9','p22'),('WSS125','p23'),('WSS156','p23'),('WSS162','p23'),('WSS183','p23'),('WSS199','p23'),('WSS212','p23'),('WSS226','p23'),('WSS239','p23'),('WSS243','p23'),('WSS244','p23'),('WSS247','p23'),('WSS253','p23'),('WSS255','p23'),('WSS275','p23'),('WSS381','p23'),('WSS389','p23'),('WSS391','p23'),('WSS400','p23'),('WSS411','p23'),('WSS428','p23'),('WSS440','p23'),('WSS465','p23'),('WSS47','p23'),('WSS473','p23'),('WSS474','p23'),('WSS480','p23'),('WSS485','p23'),('WSS528','p23'),('WSS543','p23'),('WSS548','p23'),('WSS551','p23'),('WSS568','p23'),('WSS579','p23'),('WSS613','p23'),('WSS621','p23'),('WSS628','p23'),('WSS633','p23'),('WSS693','p23'),('WSS697','p23'),('WSS74','p23'),('WSS89','p23'),('WSS96','p23'),('WSS127','p24'),('WSS15','p24'),('WSS161','p24'),('WSS177','p24'),('WSS185','p24'),('WSS195','p24'),('WSS201','p24'),('WSS21','p24'),('WSS240','p24'),('WSS242','p24'),('WSS247','p24'),('WSS271','p24'),('WSS283','p24'),('WSS289','p24'),('WSS29','p24'),('WSS309','p24'),('WSS315','p24'),('WSS320','p24'),('WSS321','p24'),('WSS323','p24'),('WSS326','p24'),('WSS330','p24'),('WSS335','p24'),('WSS361','p24'),('WSS37','p24'),('WSS376','p24'),('WSS387','p24'),('WSS395','p24'),('WSS405','p24'),('WSS421','p24'),('WSS438','p24'),('WSS463','p24'),('WSS466','p24'),('WSS468','p24'),('WSS522','p24'),('WSS547','p24'),('WSS570','p24'),('WSS583','p24'),('WSS606','p24'),('WSS627','p24'),('WSS640','p24'),('WSS642','p24'),('WSS650','p24'),('WSS661','p24'),('WSS663','p24'),('WSS673','p24'),('WSS676','p24'),('WSS677','p24'),('WSS699','p24'),('WSS80','p24'),('WSS84','p24'),('WSS10','p25'),('WSS111','p25'),('WSS120','p25'),('WSS126','p25'),('WSS155','p25'),('WSS180','p25'),('WSS193','p25'),('WSS194','p25'),('WSS218','p25'),('WSS228','p25'),('WSS235','p25'),('WSS250','p25'),('WSS253','p25'),('WSS284','p25'),('WSS303','p25'),('WSS304','p25'),('WSS310','p25'),('WSS356','p25'),('WSS358','p25'),('WSS371','p25'),('WSS374','p25'),('WSS385','p25'),('WSS413','p25'),('WSS421','p25'),('WSS450','p25'),('WSS452','p25'),('WSS464','p25'),('WSS492','p25'),('WSS495','p25'),('WSS50','p25'),('WSS504','p25'),('WSS512','p25'),('WSS526','p25'),('WSS53','p25'),('WSS542','p25'),('WSS557','p25'),('WSS562','p25'),('WSS576','p25'),('WSS599','p25'),('WSS630','p25'),('WSS635','p25'),('WSS636','p25'),('WSS639','p25'),('WSS652','p25'),('WSS660','p25'),('WSS669','p25'),('WSS671','p25'),('WSS690','p25'),('WSS95','p25'),('WSS101','p26'),('WSS112','p26'),('WSS122','p26'),('WSS135','p26'),('WSS153','p26'),('WSS17','p26'),('WSS203','p26'),('WSS23','p26'),('WSS24','p26'),('WSS245','p26'),('WSS255','p26'),('WSS273','p26'),('WSS275','p26'),('WSS313','p26'),('WSS314','p26'),('WSS342','p26'),('WSS366','p26'),('WSS380','p26'),('WSS382','p26'),('WSS397','p26'),('WSS407','p26'),('WSS427','p26'),('WSS433','p26'),('WSS446','p26'),('WSS450','p26'),('WSS468','p26'),('WSS475','p26'),('WSS482','p26'),('WSS511','p26'),('WSS516','p26'),('WSS525','p26'),('WSS535','p26'),('WSS539','p26'),('WSS554','p26'),('WSS566','p26'),('WSS584','p26'),('WSS588','p26'),('WSS603','p26'),('WSS604','p26'),('WSS61','p26'),('WSS62','p26'),('WSS621','p26'),('WSS628','p26'),('WSS632','p26'),('WSS636','p26'),('WSS647','p26'),('WSS68','p26'),('WSS696','p26'),('WSS82','p26'),('WSS92','p26'),('WSS94','p26'),('WSS1','p27'),('WSS107','p27'),('WSS131','p27'),('WSS133','p27'),('WSS137','p27'),('WSS167','p27'),('WSS172','p27'),('WSS176','p27'),('WSS18','p27'),('WSS191','p27'),('WSS199','p27'),('WSS20','p27'),('WSS201','p27'),('WSS204','p27'),('WSS224','p27'),('WSS229','p27'),('WSS250','p27'),('WSS254','p27'),('WSS266','p27'),('WSS273','p27'),('WSS278','p27'),('WSS320','p27'),('WSS324','p27'),('WSS325','p27'),('WSS326','p27'),('WSS329','p27'),('WSS332','p27'),('WSS359','p27'),('WSS4','p27'),('WSS401','p27'),('WSS406','p27'),('WSS416','p27'),('WSS442','p27'),('WSS445','p27'),('WSS496','p27'),('WSS497','p27'),('WSS5','p27'),('WSS507','p27'),('WSS513','p27'),('WSS552','p27'),('WSS594','p27'),('WSS600','p27'),('WSS648','p27'),('WSS688','p27'),('WSS694','p27'),('WSS10','p28'),('WSS102','p28'),('WSS110','p28'),('WSS120','p28'),('WSS145','p28'),('WSS149','p28'),('WSS198','p28'),('WSS203','p28'),('WSS21','p28'),('WSS213','p28'),('WSS224','p28'),('WSS26','p28'),('WSS261','p28'),('WSS263','p28'),('WSS300','p28'),('WSS319','p28'),('WSS322','p28'),('WSS342','p28'),('WSS348','p28'),('WSS351','p28'),('WSS360','p28'),('WSS362','p28'),('WSS365','p28'),('WSS369','p28'),('WSS38','p28'),('WSS42','p28'),('WSS423','p28'),('WSS43','p28'),('WSS455','p28'),('WSS491','p28'),('WSS546','p28'),('WSS57','p28'),('WSS592','p28'),('WSS604','p28'),('WSS616','p28'),('WSS638','p28'),('WSS651','p28'),('WSS657','p28'),('WSS666','p28'),('WSS667','p28'),('WSS671','p28'),('WSS685','p28'),('WSS695','p28'),('WSS76','p28'),('WSS90','p28'),('WSS109','p29'),('WSS139','p29'),('WSS151','p29'),('WSS158','p29'),('WSS16','p29'),('WSS163','p29'),('WSS170','p29'),('WSS185','p29'),('WSS195','p29'),('WSS200','p29'),('WSS232','p29'),('WSS233','p29'),('WSS27','p29'),('WSS286','p29'),('WSS303','p29'),('WSS310','p29'),('WSS315','p29'),('WSS319','p29'),('WSS321','p29'),('WSS340','p29'),('WSS354','p29'),('WSS36','p29'),('WSS39','p29'),('WSS390','p29'),('WSS408','p29'),('WSS410','p29'),('WSS419','p29'),('WSS457','p29'),('WSS463','p29'),('WSS484','p29'),('WSS499','p29'),('WSS500','p29'),('WSS502','p29'),('WSS512','p29'),('WSS519','p29'),('WSS524','p29'),('WSS528','p29'),('WSS534','p29'),('WSS536','p29'),('WSS569','p29'),('WSS571','p29'),('WSS578','p29'),('WSS6','p29'),('WSS602','p29'),('WSS618','p29'),('WSS622','p29'),('WSS653','p29'),('WSS669','p29'),('WSS67','p29'),('WSS674','p29'),('WSS675','p29'),('WSS679','p29'),('WSS680','p29'),('WSS77','p29'),('WSS88','p29'),('WSS94','p29'),('WSS119','p3'),('WSS121','p3'),('WSS154','p3'),('WSS156','p3'),('WSS168','p3'),('WSS189','p3'),('WSS197','p3'),('WSS243','p3'),('WSS265','p3'),('WSS268','p3'),('WSS269','p3'),('WSS295','p3'),('WSS300','p3'),('WSS307','p3'),('WSS325','p3'),('WSS339','p3'),('WSS340','p3'),('WSS346','p3'),('WSS355','p3'),('WSS39','p3'),('WSS393','p3'),('WSS403','p3'),('WSS406','p3'),('WSS426','p3'),('WSS456','p3'),('WSS478','p3'),('WSS521','p3'),('WSS542','p3'),('WSS556','p3'),('WSS562','p3'),('WSS575','p3'),('WSS614','p3'),('WSS62','p3'),('WSS623','p3'),('WSS649','p3'),('WSS664','p3'),('WSS672','p3'),('WSS677','p3'),('WSS683','p3'),('WSS70','p3'),('WSS74','p3'),('WSS8','p3'),('WSS98','p3'),('WSS108','p30'),('WSS115','p30'),('WSS119','p30'),('WSS157','p30'),('WSS165','p30'),('WSS176','p30'),('WSS177','p30'),('WSS181','p30'),('WSS182','p30'),('WSS19','p30'),('WSS197','p30'),('WSS209','p30'),('WSS221','p30'),('WSS258','p30'),('WSS260','p30'),('WSS296','p30'),('WSS31','p30'),('WSS332','p30'),('WSS337','p30'),('WSS355','p30'),('WSS370','p30'),('WSS371','p30'),('WSS375','p30'),('WSS394','p30'),('WSS41','p30'),('WSS411','p30'),('WSS423','p30'),('WSS427','p30'),('WSS438','p30'),('WSS467','p30'),('WSS480','p30'),('WSS487','p30'),('WSS504','p30'),('WSS527','p30'),('WSS549','p30'),('WSS561','p30'),('WSS584','p30'),('WSS616','p30'),('WSS657','p30'),('WSS68','p30'),('WSS681','p30'),('WSS683','p30'),('WSS697','p30'),('WSS70','p30'),('WSS92','p30'),('WSS123','p4'),('WSS130','p4'),('WSS132','p4'),('WSS136','p4'),('WSS146','p4'),('WSS172','p4'),('WSS178','p4'),('WSS19','p4'),('WSS212','p4'),('WSS216','p4'),('WSS23','p4'),('WSS232','p4'),('WSS236','p4'),('WSS276','p4'),('WSS279','p4'),('WSS287','p4'),('WSS293','p4'),('WSS317','p4'),('WSS339','p4'),('WSS345','p4'),('WSS363','p4'),('WSS378','p4'),('WSS38','p4'),('WSS399','p4'),('WSS404','p4'),('WSS409','p4'),('WSS430','p4'),('WSS432','p4'),('WSS467','p4'),('WSS487','p4'),('WSS515','p4'),('WSS544','p4'),('WSS556','p4'),('WSS561','p4'),('WSS582','p4'),('WSS596','p4'),('WSS617','p4'),('WSS645','p4'),('WSS655','p4'),('WSS664','p4'),('WSS665','p4'),('WSS670','p4'),('WSS684','p4'),('WSS692','p4'),('WSS91','p4'),('WSS93','p4'),('WSS106','p5'),('WSS107','p5'),('WSS114','p5'),('WSS129','p5'),('WSS143','p5'),('WSS167','p5'),('WSS192','p5'),('WSS239','p5'),('WSS264','p5'),('WSS266','p5'),('WSS268','p5'),('WSS290','p5'),('WSS292','p5'),('WSS302','p5'),('WSS33','p5'),('WSS341','p5'),('WSS348','p5'),('WSS370','p5'),('WSS398','p5'),('WSS400','p5'),('WSS402','p5'),('WSS408','p5'),('WSS410','p5'),('WSS413','p5'),('WSS419','p5'),('WSS437','p5'),('WSS44','p5'),('WSS441','p5'),('WSS445','p5'),('WSS453','p5'),('WSS472','p5'),('WSS48','p5'),('WSS490','p5'),('WSS523','p5'),('WSS545','p5'),('WSS550','p5'),('WSS553','p5'),('WSS560','p5'),('WSS565','p5'),('WSS567','p5'),('WSS577','p5'),('WSS598','p5'),('WSS605','p5'),('WSS608','p5'),('WSS66','p5'),('WSS674','p5'),('WSS686','p5'),('WSS78','p5'),('WSS81','p5'),('WSS110','p6'),('WSS111','p6'),('WSS138','p6'),('WSS141','p6'),('WSS20','p6'),('WSS200','p6'),('WSS249','p6'),('WSS254','p6'),('WSS257','p6'),('WSS267','p6'),('WSS276','p6'),('WSS292','p6'),('WSS298','p6'),('WSS318','p6'),('WSS337','p6'),('WSS345','p6'),('WSS347','p6'),('WSS352','p6'),('WSS377','p6'),('WSS379','p6'),('WSS382','p6'),('WSS385','p6'),('WSS388','p6'),('WSS40','p6'),('WSS417','p6'),('WSS429','p6'),('WSS440','p6'),('WSS453','p6'),('WSS460','p6'),('WSS471','p6'),('WSS476','p6'),('WSS490','p6'),('WSS514','p6'),('WSS52','p6'),('WSS531','p6'),('WSS558','p6'),('WSS563','p6'),('WSS564','p6'),('WSS570','p6'),('WSS590','p6'),('WSS609','p6'),('WSS626','p6'),('WSS634','p6'),('WSS64','p6'),('WSS69','p6'),('WSS692','p6'),('WSS102','p7'),('WSS103','p7'),('WSS105','p7'),('WSS116','p7'),('WSS123','p7'),('WSS13','p7'),('WSS14','p7'),('WSS147','p7'),('WSS164','p7'),('WSS174','p7'),('WSS179','p7'),('WSS208','p7'),('WSS222','p7'),('WSS248','p7'),('WSS251','p7'),('WSS280','p7'),('WSS288','p7'),('WSS318','p7'),('WSS338','p7'),('WSS351','p7'),('WSS353','p7'),('WSS365','p7'),('WSS392','p7'),('WSS415','p7'),('WSS420','p7'),('WSS439','p7'),('WSS444','p7'),('WSS447','p7'),('WSS451','p7'),('WSS454','p7'),('WSS502','p7'),('WSS503','p7'),('WSS511','p7'),('WSS529','p7'),('WSS531','p7'),('WSS541','p7'),('WSS55','p7'),('WSS552','p7'),('WSS567','p7'),('WSS591','p7'),('WSS593','p7'),('WSS595','p7'),('WSS606','p7'),('WSS615','p7'),('WSS637','p7'),('WSS656','p7'),('WSS660','p7'),('WSS668','p7'),('WSS672','p7'),('WSS686','p7'),('WSS696','p7'),('WSS100','p8'),('WSS11','p8'),('WSS113','p8'),('WSS12','p8'),('WSS136','p8'),('WSS182','p8'),('WSS183','p8'),('WSS190','p8'),('WSS204','p8'),('WSS214','p8'),('WSS215','p8'),('WSS223','p8'),('WSS227','p8'),('WSS234','p8'),('WSS237','p8'),('WSS246','p8'),('WSS256','p8'),('WSS258','p8'),('WSS259','p8'),('WSS301','p8'),('WSS302','p8'),('WSS32','p8'),('WSS331','p8'),('WSS357','p8'),('WSS360','p8'),('WSS361','p8'),('WSS405','p8'),('WSS418','p8'),('WSS424','p8'),('WSS436','p8'),('WSS442','p8'),('WSS45','p8'),('WSS454','p8'),('WSS46','p8'),('WSS469','p8'),('WSS47','p8'),('WSS474','p8'),('WSS478','p8'),('WSS501','p8'),('WSS51','p8'),('WSS510','p8'),('WSS518','p8'),('WSS533','p8'),('WSS540','p8'),('WSS58','p8'),('WSS593','p8'),('WSS63','p8'),('WSS639','p8'),('WSS640','p8'),('WSS650','p8'),('WSS654','p8'),('WSS72','p8'),('WSS89','p8'),('WSS106','p9'),('WSS109','p9'),('WSS114','p9'),('WSS128','p9'),('WSS141','p9'),('WSS16','p9'),('WSS164','p9'),('WSS184','p9'),('WSS192','p9'),('WSS196','p9'),('WSS2','p9'),('WSS216','p9'),('WSS221','p9'),('WSS229','p9'),('WSS28','p9'),('WSS290','p9'),('WSS294','p9'),('WSS301','p9'),('WSS304','p9'),('WSS305','p9'),('WSS311','p9'),('WSS323','p9'),('WSS330','p9'),('WSS34','p9'),('WSS344','p9'),('WSS373','p9'),('WSS407','p9'),('WSS448','p9'),('WSS449','p9'),('WSS458','p9'),('WSS464','p9'),('WSS493','p9'),('WSS509','p9'),('WSS515','p9'),('WSS535','p9'),('WSS54','p9'),('WSS546','p9'),('WSS564','p9'),('WSS586','p9'),('WSS609','p9'),('WSS645','p9'),('WSS646','p9'),('WSS648','p9'),('WSS65','p9'),('WSS681','p9'),('WSS687','p9'),('WSS693','p9'),('WSS698','p9'),('WSS76','p9'),('WSS80','p9'),('WSS83','p9'),('WSS97','p9');
/*!40000 ALTER TABLE `inputparameter` ENABLE KEYS */;
UNLOCK TABLES;

--
-- Table structure for table `knowledgeforcareerpath`
--

DROP TABLE IF EXISTS `knowledgeforcareerpath`;
/*!40101 SET @saved_cs_client     = @@character_set_client */;
/*!50503 SET character_set_client = utf8mb4 */;
CREATE TABLE `knowledgeforcareerpath` (
  `careerPathID` char(4) NOT NULL,
  `knowledgeID` char(6) NOT NULL,
  PRIMARY KEY (`careerPathID`,`knowledgeID`)
) ENGINE=InnoDB DEFAULT CHARSET=latin1;
/*!40101 SET character_set_client = @saved_cs_client */;

--
-- Dumping data for table `knowledgeforcareerpath`
--

LOCK TABLES `knowledgeforcareerpath` WRITE;
/*!40000 ALTER TABLE `knowledgeforcareerpath` DISABLE KEYS */;
INSERT INTO `knowledgeforcareerpath` VALUES ('C100','k1C311'),('C100','k1C412'),('C100','k1C469'),('C100','k1C500');
/*!40000 ALTER TABLE `knowledgeforcareerpath` ENABLE KEYS */;
UNLOCK TABLES;

--
-- Table structure for table `lhs`
--

DROP TABLE IF EXISTS `lhs`;
/*!40101 SET @saved_cs_client     = @@character_set_client */;
/*!50503 SET character_set_client = utf8mb4 */;
CREATE TABLE `lhs` (
  `ruleid` int NOT NULL,
  `courseid` varchar(10) NOT NULL,
  PRIMARY KEY (`ruleid`,`courseid`)
) ENGINE=InnoDB DEFAULT CHARSET=latin1;
/*!40101 SET character_set_client = @saved_cs_client */;

--
-- Dumping data for table `lhs`
--

LOCK TABLES `lhs` WRITE;
/*!40000 ALTER TABLE `lhs` DISABLE KEYS */;
INSERT INTO `lhs` VALUES (1,'ICP006'),(2,'ICP006'),(3,'ICP006'),(4,'ICP110'),(5,'ICP110'),(6,'ICP311'),(7,'ICP006'),(7,'ICP110'),(8,'ICP006'),(8,'ICP110'),(9,'ICP006'),(9,'ICP311'),(10,'ICP110'),(10,'ICP311'),(11,'ICP006'),(11,'ICP110'),(11,'ICP311');
/*!40000 ALTER TABLE `lhs` ENABLE KEYS */;
UNLOCK TABLES;

--
-- Table structure for table `outputparameter`
--

DROP TABLE IF EXISTS `outputparameter`;
/*!40101 SET @saved_cs_client     = @@character_set_client */;
/*!50503 SET character_set_client = utf8mb4 */;
CREATE TABLE `outputparameter` (
  `webServiceID` varchar(10) NOT NULL,
  `parameterID` varchar(10) NOT NULL,
  PRIMARY KEY (`webServiceID`,`parameterID`),
  KEY `knowledgeID` (`parameterID`)
) ENGINE=InnoDB DEFAULT CHARSET=latin1;
/*!40101 SET character_set_client = @saved_cs_client */;

--
-- Dumping data for table `outputparameter`
--

LOCK TABLES `outputparameter` WRITE;
/*!40000 ALTER TABLE `outputparameter` DISABLE KEYS */;
INSERT INTO `outputparameter` VALUES ('WSS105','p1'),('WSS12','p1'),('WSS15','p1'),('WSS151','p1'),('WSS152','p1'),('WSS157','p1'),('WSS161','p1'),('WSS166','p1'),('WSS167','p1'),('WSS187','p1'),('WSS199','p1'),('WSS202','p1'),('WSS203','p1'),('WSS21','p1'),('WSS217','p1'),('WSS218','p1'),('WSS227','p1'),('WSS228','p1'),('WSS234','p1'),('WSS239','p1'),('WSS24','p1'),('WSS245','p1'),('WSS249','p1'),('WSS25','p1'),('WSS255','p1'),('WSS267','p1'),('WSS273','p1'),('WSS274','p1'),('WSS275','p1'),('WSS277','p1'),('WSS286','p1'),('WSS293','p1'),('WSS307','p1'),('WSS314','p1'),('WSS32','p1'),('WSS327','p1'),('WSS329','p1'),('WSS339','p1'),('WSS340','p1'),('WSS343','p1'),('WSS348','p1'),('WSS35','p1'),('WSS366','p1'),('WSS367','p1'),('WSS371','p1'),('WSS382','p1'),('WSS385','p1'),('WSS388','p1'),('WSS390','p1'),('WSS392','p1'),('WSS395','p1'),('WSS397','p1'),('WSS414','p1'),('WSS419','p1'),('WSS420','p1'),('WSS422','p1'),('WSS424','p1'),('WSS430','p1'),('WSS435','p1'),('WSS447','p1'),('WSS451','p1'),('WSS452','p1'),('WSS454','p1'),('WSS464','p1'),('WSS479','p1'),('WSS480','p1'),('WSS486','p1'),('WSS487','p1'),('WSS504','p1'),('WSS512','p1'),('WSS519','p1'),('WSS53','p1'),('WSS533','p1'),('WSS534','p1'),('WSS549','p1'),('WSS553','p1'),('WSS58','p1'),('WSS583','p1'),('WSS591','p1'),('WSS599','p1'),('WSS602','p1'),('WSS604','p1'),('WSS619','p1'),('WSS621','p1'),('WSS629','p1'),('WSS632','p1'),('WSS635','p1'),('WSS637','p1'),('WSS639','p1'),('WSS644','p1'),('WSS646','p1'),('WSS653','p1'),('WSS657','p1'),('WSS669','p1'),('WSS69','p1'),('WSS693','p1'),('WSS697','p1'),('WSS89','p1'),('WSS92','p1'),('WSS93','p1'),('WSS96','p1'),('WSS10','p10'),('WSS102','p10'),('WSS105','p10'),('WSS113','p10'),('WSS117','p10'),('WSS126','p10'),('WSS134','p10'),('WSS15','p10'),('WSS153','p10'),('WSS169','p10'),('WSS174','p10'),('WSS180','p10'),('WSS183','p10'),('WSS184','p10'),('WSS186','p10'),('WSS187','p10'),('WSS188','p10'),('WSS193','p10'),('WSS201','p10'),('WSS204','p10'),('WSS205','p10'),('WSS21','p10'),('WSS211','p10'),('WSS212','p10'),('WSS214','p10'),('WSS217','p10'),('WSS219','p10'),('WSS240','p10'),('WSS242','p10'),('WSS247','p10'),('WSS250','p10'),('WSS254','p10'),('WSS261','p10'),('WSS265','p10'),('WSS268','p10'),('WSS275','p10'),('WSS279','p10'),('WSS28','p10'),('WSS283','p10'),('WSS287','p10'),('WSS290','p10'),('WSS292','p10'),('WSS302','p10'),('WSS317','p10'),('WSS322','p10'),('WSS334','p10'),('WSS342','p10'),('WSS344','p10'),('WSS356','p10'),('WSS37','p10'),('WSS375','p10'),('WSS38','p10'),('WSS384','p10'),('WSS386','p10'),('WSS4','p10'),('WSS40','p10'),('WSS404','p10'),('WSS406','p10'),('WSS408','p10'),('WSS409','p10'),('WSS41','p10'),('WSS413','p10'),('WSS418','p10'),('WSS419','p10'),('WSS435','p10'),('WSS437','p10'),('WSS440','p10'),('WSS449','p10'),('WSS453','p10'),('WSS469','p10'),('WSS478','p10'),('WSS48','p10'),('WSS480','p10'),('WSS481','p10'),('WSS486','p10'),('WSS492','p10'),('WSS495','p10'),('WSS497','p10'),('WSS499','p10'),('WSS50','p10'),('WSS503','p10'),('WSS510','p10'),('WSS520','p10'),('WSS526','p10'),('WSS527','p10'),('WSS528','p10'),('WSS529','p10'),('WSS531','p10'),('WSS534','p10'),('WSS536','p10'),('WSS540','p10'),('WSS543','p10'),('WSS545','p10'),('WSS548','p10'),('WSS549','p10'),('WSS556','p10'),('WSS557','p10'),('WSS558','p10'),('WSS562','p10'),('WSS564','p10'),('WSS580','p10'),('WSS584','p10'),('WSS587','p10'),('WSS59','p10'),('WSS592','p10'),('WSS597','p10'),('WSS601','p10'),('WSS605','p10'),('WSS606','p10'),('WSS610','p10'),('WSS611','p10'),('WSS617','p10'),('WSS620','p10'),('WSS624','p10'),('WSS626','p10'),('WSS630','p10'),('WSS642','p10'),('WSS643','p10'),('WSS647','p10'),('WSS654','p10'),('WSS656','p10'),('WSS663','p10'),('WSS666','p10'),('WSS667','p10'),('WSS675','p10'),('WSS677','p10'),('WSS72','p10'),('WSS75','p10'),('WSS84','p10'),('WSS95','p10'),('WSS96','p10'),('WSS11','p11'),('WSS110','p11'),('WSS116','p11'),('WSS118','p11'),('WSS126','p11'),('WSS131','p11'),('WSS133','p11'),('WSS135','p11'),('WSS150','p11'),('WSS155','p11'),('WSS157','p11'),('WSS16','p11'),('WSS161','p11'),('WSS184','p11'),('WSS190','p11'),('WSS191','p11'),('WSS193','p11'),('WSS196','p11'),('WSS197','p11'),('WSS206','p11'),('WSS207','p11'),('WSS209','p11'),('WSS210','p11'),('WSS217','p11'),('WSS22','p11'),('WSS224','p11'),('WSS229','p11'),('WSS23','p11'),('WSS232','p11'),('WSS238','p11'),('WSS239','p11'),('WSS242','p11'),('WSS248','p11'),('WSS257','p11'),('WSS258','p11'),('WSS259','p11'),('WSS261','p11'),('WSS267','p11'),('WSS269','p11'),('WSS282','p11'),('WSS287','p11'),('WSS29','p11'),('WSS290','p11'),('WSS294','p11'),('WSS297','p11'),('WSS30','p11'),('WSS301','p11'),('WSS303','p11'),('WSS305','p11'),('WSS308','p11'),('WSS317','p11'),('WSS319','p11'),('WSS32','p11'),('WSS320','p11'),('WSS321','p11'),('WSS322','p11'),('WSS326','p11'),('WSS328','p11'),('WSS329','p11'),('WSS332','p11'),('WSS342','p11'),('WSS348','p11'),('WSS358','p11'),('WSS383','p11'),('WSS389','p11'),('WSS391','p11'),('WSS393','p11'),('WSS396','p11'),('WSS397','p11'),('WSS398','p11'),('WSS40','p11'),('WSS401','p11'),('WSS406','p11'),('WSS407','p11'),('WSS41','p11'),('WSS415','p11'),('WSS417','p11'),('WSS421','p11'),('WSS427','p11'),('WSS428','p11'),('WSS43','p11'),('WSS431','p11'),('WSS436','p11'),('WSS446','p11'),('WSS455','p11'),('WSS463','p11'),('WSS467','p11'),('WSS474','p11'),('WSS48','p11'),('WSS483','p11'),('WSS487','p11'),('WSS494','p11'),('WSS495','p11'),('WSS496','p11'),('WSS503','p11'),('WSS505','p11'),('WSS507','p11'),('WSS512','p11'),('WSS525','p11'),('WSS533','p11'),('WSS547','p11'),('WSS548','p11'),('WSS55','p11'),('WSS550','p11'),('WSS557','p11'),('WSS560','p11'),('WSS567','p11'),('WSS588','p11'),('WSS589','p11'),('WSS599','p11'),('WSS624','p11'),('WSS629','p11'),('WSS631','p11'),('WSS633','p11'),('WSS636','p11'),('WSS647','p11'),('WSS654','p11'),('WSS662','p11'),('WSS668','p11'),('WSS68','p11'),('WSS694','p11'),('WSS70','p11'),('WSS76','p11'),('WSS77','p11'),('WSS83','p11'),('WSS86','p11'),('WSS87','p11'),('WSS91','p11'),('WSS96','p11'),('WSS101','p12'),('WSS102','p12'),('WSS11','p12'),('WSS112','p12'),('WSS124','p12'),('WSS128','p12'),('WSS131','p12'),('WSS132','p12'),('WSS136','p12'),('WSS142','p12'),('WSS151','p12'),('WSS154','p12'),('WSS158','p12'),('WSS164','p12'),('WSS165','p12'),('WSS170','p12'),('WSS173','p12'),('WSS178','p12'),('WSS180','p12'),('WSS188','p12'),('WSS194','p12'),('WSS198','p12'),('WSS20','p12'),('WSS200','p12'),('WSS206','p12'),('WSS211','p12'),('WSS216','p12'),('WSS223','p12'),('WSS23','p12'),('WSS230','p12'),('WSS232','p12'),('WSS233','p12'),('WSS237','p12'),('WSS244','p12'),('WSS270','p12'),('WSS276','p12'),('WSS278','p12'),('WSS280','p12'),('WSS299','p12'),('WSS3','p12'),('WSS300','p12'),('WSS304','p12'),('WSS319','p12'),('WSS321','p12'),('WSS325','p12'),('WSS329','p12'),('WSS33','p12'),('WSS331','p12'),('WSS336','p12'),('WSS343','p12'),('WSS345','p12'),('WSS346','p12'),('WSS354','p12'),('WSS355','p12'),('WSS369','p12'),('WSS381','p12'),('WSS383','p12'),('WSS387','p12'),('WSS389','p12'),('WSS391','p12'),('WSS396','p12'),('WSS399','p12'),('WSS425','p12'),('WSS428','p12'),('WSS437','p12'),('WSS439','p12'),('WSS44','p12'),('WSS445','p12'),('WSS447','p12'),('WSS45','p12'),('WSS451','p12'),('WSS454','p12'),('WSS458','p12'),('WSS459','p12'),('WSS461','p12'),('WSS484','p12'),('WSS49','p12'),('WSS493','p12'),('WSS507','p12'),('WSS508','p12'),('WSS510','p12'),('WSS512','p12'),('WSS519','p12'),('WSS538','p12'),('WSS550','p12'),('WSS551','p12'),('WSS552','p12'),('WSS553','p12'),('WSS561','p12'),('WSS563','p12'),('WSS569','p12'),('WSS571','p12'),('WSS577','p12'),('WSS579','p12'),('WSS585','p12'),('WSS596','p12'),('WSS6','p12'),('WSS605','p12'),('WSS610','p12'),('WSS614','p12'),('WSS616','p12'),('WSS617','p12'),('WSS627','p12'),('WSS636','p12'),('WSS637','p12'),('WSS65','p12'),('WSS651','p12'),('WSS655','p12'),('WSS660','p12'),('WSS662','p12'),('WSS67','p12'),('WSS670','p12'),('WSS672','p12'),('WSS676','p12'),('WSS678','p12'),('WSS681','p12'),('WSS684','p12'),('WSS689','p12'),('WSS690','p12'),('WSS696','p12'),('WSS70','p12'),('WSS75','p12'),('WSS79','p12'),('WSS96','p12'),('WSS101','p13'),('WSS108','p13'),('WSS109','p13'),('WSS11','p13'),('WSS112','p13'),('WSS116','p13'),('WSS119','p13'),('WSS122','p13'),('WSS126','p13'),('WSS134','p13'),('WSS137','p13'),('WSS142','p13'),('WSS148','p13'),('WSS151','p13'),('WSS155','p13'),('WSS156','p13'),('WSS158','p13'),('WSS161','p13'),('WSS162','p13'),('WSS17','p13'),('WSS170','p13'),('WSS176','p13'),('WSS189','p13'),('WSS192','p13'),('WSS2','p13'),('WSS220','p13'),('WSS222','p13'),('WSS227','p13'),('WSS230','p13'),('WSS231','p13'),('WSS239','p13'),('WSS251','p13'),('WSS256','p13'),('WSS257','p13'),('WSS258','p13'),('WSS26','p13'),('WSS264','p13'),('WSS27','p13'),('WSS28','p13'),('WSS283','p13'),('WSS284','p13'),('WSS289','p13'),('WSS298','p13'),('WSS30','p13'),('WSS301','p13'),('WSS308','p13'),('WSS310','p13'),('WSS317','p13'),('WSS318','p13'),('WSS328','p13'),('WSS329','p13'),('WSS331','p13'),('WSS333','p13'),('WSS334','p13'),('WSS350','p13'),('WSS352','p13'),('WSS357','p13'),('WSS359','p13'),('WSS360','p13'),('WSS364','p13'),('WSS366','p13'),('WSS37','p13'),('WSS373','p13'),('WSS376','p13'),('WSS377','p13'),('WSS379','p13'),('WSS38','p13'),('WSS392','p13'),('WSS396','p13'),('WSS40','p13'),('WSS400','p13'),('WSS407','p13'),('WSS409','p13'),('WSS435','p13'),('WSS44','p13'),('WSS440','p13'),('WSS441','p13'),('WSS444','p13'),('WSS451','p13'),('WSS467','p13'),('WSS469','p13'),('WSS473','p13'),('WSS475','p13'),('WSS477','p13'),('WSS478','p13'),('WSS482','p13'),('WSS483','p13'),('WSS493','p13'),('WSS500','p13'),('WSS504','p13'),('WSS509','p13'),('WSS52','p13'),('WSS525','p13'),('WSS528','p13'),('WSS530','p13'),('WSS539','p13'),('WSS540','p13'),('WSS545','p13'),('WSS546','p13'),('WSS553','p13'),('WSS554','p13'),('WSS557','p13'),('WSS559','p13'),('WSS560','p13'),('WSS579','p13'),('WSS58','p13'),('WSS588','p13'),('WSS590','p13'),('WSS593','p13'),('WSS595','p13'),('WSS596','p13'),('WSS597','p13'),('WSS602','p13'),('WSS615','p13'),('WSS617','p13'),('WSS618','p13'),('WSS621','p13'),('WSS623','p13'),('WSS626','p13'),('WSS637','p13'),('WSS653','p13'),('WSS658','p13'),('WSS660','p13'),('WSS662','p13'),('WSS663','p13'),('WSS667','p13'),('WSS674','p13'),('WSS682','p13'),('WSS685','p13'),('WSS686','p13'),('WSS688','p13'),('WSS689','p13'),('WSS693','p13'),('WSS696','p13'),('WSS76','p13'),('WSS78','p13'),('WSS79','p13'),('WSS83','p13'),('WSS100','p14'),('WSS114','p14'),('WSS121','p14'),('WSS127','p14'),('WSS129','p14'),('WSS130','p14'),('WSS141','p14'),('WSS145','p14'),('WSS159','p14'),('WSS168','p14'),('WSS174','p14'),('WSS176','p14'),('WSS177','p14'),('WSS18','p14'),('WSS181','p14'),('WSS188','p14'),('WSS19','p14'),('WSS2','p14'),('WSS200','p14'),('WSS201','p14'),('WSS202','p14'),('WSS209','p14'),('WSS211','p14'),('WSS227','p14'),('WSS230','p14'),('WSS24','p14'),('WSS245','p14'),('WSS246','p14'),('WSS256','p14'),('WSS257','p14'),('WSS258','p14'),('WSS26','p14'),('WSS262','p14'),('WSS264','p14'),('WSS27','p14'),('WSS275','p14'),('WSS279','p14'),('WSS283','p14'),('WSS287','p14'),('WSS289','p14'),('WSS292','p14'),('WSS305','p14'),('WSS31','p14'),('WSS312','p14'),('WSS317','p14'),('WSS331','p14'),('WSS335','p14'),('WSS34','p14'),('WSS340','p14'),('WSS341','p14'),('WSS344','p14'),('WSS345','p14'),('WSS353','p14'),('WSS358','p14'),('WSS36','p14'),('WSS365','p14'),('WSS372','p14'),('WSS374','p14'),('WSS378','p14'),('WSS38','p14'),('WSS382','p14'),('WSS384','p14'),('WSS385','p14'),('WSS397','p14'),('WSS4','p14'),('WSS404','p14'),('WSS405','p14'),('WSS410','p14'),('WSS411','p14'),('WSS413','p14'),('WSS415','p14'),('WSS424','p14'),('WSS425','p14'),('WSS427','p14'),('WSS429','p14'),('WSS431','p14'),('WSS437','p14'),('WSS442','p14'),('WSS444','p14'),('WSS445','p14'),('WSS447','p14'),('WSS460','p14'),('WSS468','p14'),('WSS470','p14'),('WSS475','p14'),('WSS476','p14'),('WSS485','p14'),('WSS487','p14'),('WSS491','p14'),('WSS494','p14'),('WSS5','p14'),('WSS50','p14'),('WSS504','p14'),('WSS508','p14'),('WSS509','p14'),('WSS514','p14'),('WSS53','p14'),('WSS535','p14'),('WSS566','p14'),('WSS569','p14'),('WSS570','p14'),('WSS580','p14'),('WSS588','p14'),('WSS589','p14'),('WSS598','p14'),('WSS600','p14'),('WSS605','p14'),('WSS609','p14'),('WSS610','p14'),('WSS630','p14'),('WSS634','p14'),('WSS635','p14'),('WSS637','p14'),('WSS640','p14'),('WSS647','p14'),('WSS659','p14'),('WSS662','p14'),('WSS670','p14'),('WSS674','p14'),('WSS677','p14'),('WSS684','p14'),('WSS691','p14'),('WSS7','p14'),('WSS72','p14'),('WSS79','p14'),('WSS86','p14'),('WSS88','p14'),('WSS89','p14'),('WSS10','p15'),('WSS114','p15'),('WSS119','p15'),('WSS122','p15'),('WSS124','p15'),('WSS126','p15'),('WSS127','p15'),('WSS131','p15'),('WSS132','p15'),('WSS146','p15'),('WSS154','p15'),('WSS160','p15'),('WSS164','p15'),('WSS167','p15'),('WSS169','p15'),('WSS173','p15'),('WSS180','p15'),('WSS185','p15'),('WSS195','p15'),('WSS197','p15'),('WSS203','p15'),('WSS212','p15'),('WSS216','p15'),('WSS221','p15'),('WSS229','p15'),('WSS232','p15'),('WSS238','p15'),('WSS239','p15'),('WSS246','p15'),('WSS248','p15'),('WSS267','p15'),('WSS271','p15'),('WSS304','p15'),('WSS305','p15'),('WSS308','p15'),('WSS312','p15'),('WSS313','p15'),('WSS320','p15'),('WSS333','p15'),('WSS335','p15'),('WSS344','p15'),('WSS347','p15'),('WSS351','p15'),('WSS357','p15'),('WSS360','p15'),('WSS363','p15'),('WSS367','p15'),('WSS370','p15'),('WSS377','p15'),('WSS378','p15'),('WSS380','p15'),('WSS386','p15'),('WSS40','p15'),('WSS400','p15'),('WSS410','p15'),('WSS412','p15'),('WSS413','p15'),('WSS425','p15'),('WSS432','p15'),('WSS443','p15'),('WSS451','p15'),('WSS452','p15'),('WSS469','p15'),('WSS47','p15'),('WSS472','p15'),('WSS475','p15'),('WSS476','p15'),('WSS479','p15'),('WSS480','p15'),('WSS498','p15'),('WSS5','p15'),('WSS502','p15'),('WSS51','p15'),('WSS510','p15'),('WSS511','p15'),('WSS516','p15'),('WSS52','p15'),('WSS522','p15'),('WSS523','p15'),('WSS524','p15'),('WSS529','p15'),('WSS530','p15'),('WSS541','p15'),('WSS56','p15'),('WSS568','p15'),('WSS576','p15'),('WSS58','p15'),('WSS584','p15'),('WSS592','p15'),('WSS594','p15'),('WSS604','p15'),('WSS606','p15'),('WSS608','p15'),('WSS624','p15'),('WSS626','p15'),('WSS629','p15'),('WSS631','p15'),('WSS635','p15'),('WSS638','p15'),('WSS640','p15'),('WSS651','p15'),('WSS652','p15'),('WSS654','p15'),('WSS660','p15'),('WSS668','p15'),('WSS670','p15'),('WSS673','p15'),('WSS682','p15'),('WSS687','p15'),('WSS691','p15'),('WSS692','p15'),('WSS694','p15'),('WSS76','p15'),('WSS78','p15'),('WSS89','p15'),('WSS91','p15'),('WSS95','p15'),('WSS99','p15'),('WSS1','p16'),('WSS100','p16'),('WSS106','p16'),('WSS112','p16'),('WSS120','p16'),('WSS123','p16'),('WSS133','p16'),('WSS135','p16'),('WSS140','p16'),('WSS147','p16'),('WSS15','p16'),('WSS155','p16'),('WSS156','p16'),('WSS157','p16'),('WSS159','p16'),('WSS168','p16'),('WSS189','p16'),('WSS193','p16'),('WSS196','p16'),('WSS200','p16'),('WSS209','p16'),('WSS212','p16'),('WSS213','p16'),('WSS216','p16'),('WSS22','p16'),('WSS223','p16'),('WSS226','p16'),('WSS230','p16'),('WSS233','p16'),('WSS234','p16'),('WSS238','p16'),('WSS24','p16'),('WSS25','p16'),('WSS252','p16'),('WSS255','p16'),('WSS259','p16'),('WSS261','p16'),('WSS263','p16'),('WSS269','p16'),('WSS271','p16'),('WSS272','p16'),('WSS273','p16'),('WSS274','p16'),('WSS285','p16'),('WSS288','p16'),('WSS293','p16'),('WSS299','p16'),('WSS304','p16'),('WSS308','p16'),('WSS31','p16'),('WSS311','p16'),('WSS33','p16'),('WSS336','p16'),('WSS355','p16'),('WSS371','p16'),('WSS375','p16'),('WSS380','p16'),('WSS387','p16'),('WSS39','p16'),('WSS393','p16'),('WSS408','p16'),('WSS412','p16'),('WSS426','p16'),('WSS429','p16'),('WSS43','p16'),('WSS431','p16'),('WSS434','p16'),('WSS438','p16'),('WSS452','p16'),('WSS468','p16'),('WSS478','p16'),('WSS480','p16'),('WSS485','p16'),('WSS500','p16'),('WSS502','p16'),('WSS508','p16'),('WSS512','p16'),('WSS514','p16'),('WSS521','p16'),('WSS527','p16'),('WSS53','p16'),('WSS534','p16'),('WSS536','p16'),('WSS54','p16'),('WSS543','p16'),('WSS545','p16'),('WSS548','p16'),('WSS551','p16'),('WSS554','p16'),('WSS561','p16'),('WSS575','p16'),('WSS588','p16'),('WSS590','p16'),('WSS594','p16'),('WSS598','p16'),('WSS599','p16'),('WSS620','p16'),('WSS622','p16'),('WSS63','p16'),('WSS638','p16'),('WSS642','p16'),('WSS646','p16'),('WSS652','p16'),('WSS659','p16'),('WSS660','p16'),('WSS664','p16'),('WSS665','p16'),('WSS666','p16'),('WSS668','p16'),('WSS670','p16'),('WSS679','p16'),('WSS687','p16'),('WSS689','p16'),('WSS697','p16'),('WSS698','p16'),('WSS72','p16'),('WSS82','p16'),('WSS85','p16'),('WSS88','p16'),('WSS97','p16'),('WSS98','p16'),('WSS99','p16'),('WSS101','p17'),('WSS103','p17'),('WSS109','p17'),('WSS113','p17'),('WSS117','p17'),('WSS124','p17'),('WSS131','p17'),('WSS132','p17'),('WSS133','p17'),('WSS134','p17'),('WSS136','p17'),('WSS139','p17'),('WSS145','p17'),('WSS161','p17'),('WSS165','p17'),('WSS172','p17'),('WSS174','p17'),('WSS175','p17'),('WSS178','p17'),('WSS182','p17'),('WSS187','p17'),('WSS20','p17'),('WSS203','p17'),('WSS210','p17'),('WSS215','p17'),('WSS228','p17'),('WSS230','p17'),('WSS232','p17'),('WSS233','p17'),('WSS237','p17'),('WSS243','p17'),('WSS249','p17'),('WSS251','p17'),('WSS254','p17'),('WSS255','p17'),('WSS256','p17'),('WSS257','p17'),('WSS258','p17'),('WSS26','p17'),('WSS267','p17'),('WSS268','p17'),('WSS281','p17'),('WSS284','p17'),('WSS285','p17'),('WSS293','p17'),('WSS3','p17'),('WSS31','p17'),('WSS318','p17'),('WSS324','p17'),('WSS326','p17'),('WSS328','p17'),('WSS337','p17'),('WSS339','p17'),('WSS340','p17'),('WSS344','p17'),('WSS345','p17'),('WSS347','p17'),('WSS353','p17'),('WSS359','p17'),('WSS362','p17'),('WSS363','p17'),('WSS366','p17'),('WSS375','p17'),('WSS378','p17'),('WSS380','p17'),('WSS381','p17'),('WSS39','p17'),('WSS391','p17'),('WSS394','p17'),('WSS398','p17'),('WSS409','p17'),('WSS41','p17'),('WSS423','p17'),('WSS432','p17'),('WSS433','p17'),('WSS434','p17'),('WSS439','p17'),('WSS44','p17'),('WSS448','p17'),('WSS452','p17'),('WSS454','p17'),('WSS456','p17'),('WSS458','p17'),('WSS461','p17'),('WSS462','p17'),('WSS47','p17'),('WSS470','p17'),('WSS477','p17'),('WSS483','p17'),('WSS486','p17'),('WSS495','p17'),('WSS5','p17'),('WSS50','p17'),('WSS501','p17'),('WSS52','p17'),('WSS524','p17'),('WSS53','p17'),('WSS533','p17'),('WSS540','p17'),('WSS55','p17'),('WSS550','p17'),('WSS552','p17'),('WSS556','p17'),('WSS562','p17'),('WSS575','p17'),('WSS577','p17'),('WSS579','p17'),('WSS580','p17'),('WSS59','p17'),('WSS593','p17'),('WSS598','p17'),('WSS605','p17'),('WSS609','p17'),('WSS619','p17'),('WSS623','p17'),('WSS624','p17'),('WSS628','p17'),('WSS632','p17'),('WSS633','p17'),('WSS634','p17'),('WSS649','p17'),('WSS652','p17'),('WSS657','p17'),('WSS661','p17'),('WSS69','p17'),('WSS692','p17'),('WSS696','p17'),('WSS698','p17'),('WSS76','p17'),('WSS80','p17'),('WSS86','p17'),('WSS87','p17'),('WSS93','p17'),('WSS100','p18'),('WSS107','p18'),('WSS111','p18'),('WSS115','p18'),('WSS132','p18'),('WSS144','p18'),('WSS151','p18'),('WSS167','p18'),('WSS172','p18'),('WSS173','p18'),('WSS179','p18'),('WSS180','p18'),('WSS185','p18'),('WSS186','p18'),('WSS188','p18'),('WSS196','p18'),('WSS199','p18'),('WSS204','p18'),('WSS205','p18'),('WSS206','p18'),('WSS211','p18'),('WSS219','p18'),('WSS22','p18'),('WSS225','p18'),('WSS226','p18'),('WSS227','p18'),('WSS228','p18'),('WSS236','p18'),('WSS240','p18'),('WSS25','p18'),('WSS253','p18'),('WSS263','p18'),('WSS264','p18'),('WSS265','p18'),('WSS267','p18'),('WSS272','p18'),('WSS290','p18'),('WSS295','p18'),('WSS3','p18'),('WSS302','p18'),('WSS307','p18'),('WSS319','p18'),('WSS324','p18'),('WSS338','p18'),('WSS347','p18'),('WSS351','p18'),('WSS353','p18'),('WSS358','p18'),('WSS36','p18'),('WSS362','p18'),('WSS363','p18'),('WSS364','p18'),('WSS369','p18'),('WSS37','p18'),('WSS372','p18'),('WSS375','p18'),('WSS380','p18'),('WSS381','p18'),('WSS387','p18'),('WSS398','p18'),('WSS4','p18'),('WSS400','p18'),('WSS403','p18'),('WSS405','p18'),('WSS41','p18'),('WSS416','p18'),('WSS426','p18'),('WSS441','p18'),('WSS448','p18'),('WSS457','p18'),('WSS46','p18'),('WSS473','p18'),('WSS479','p18'),('WSS48','p18'),('WSS491','p18'),('WSS493','p18'),('WSS506','p18'),('WSS516','p18'),('WSS520','p18'),('WSS521','p18'),('WSS524','p18'),('WSS528','p18'),('WSS530','p18'),('WSS535','p18'),('WSS538','p18'),('WSS539','p18'),('WSS549','p18'),('WSS550','p18'),('WSS554','p18'),('WSS563','p18'),('WSS565','p18'),('WSS568','p18'),('WSS574','p18'),('WSS578','p18'),('WSS581','p18'),('WSS583','p18'),('WSS584','p18'),('WSS585','p18'),('WSS586','p18'),('WSS589','p18'),('WSS591','p18'),('WSS596','p18'),('WSS6','p18'),('WSS602','p18'),('WSS607','p18'),('WSS609','p18'),('WSS612','p18'),('WSS62','p18'),('WSS622','p18'),('WSS633','p18'),('WSS636','p18'),('WSS64','p18'),('WSS640','p18'),('WSS644','p18'),('WSS65','p18'),('WSS654','p18'),('WSS663','p18'),('WSS664','p18'),('WSS67','p18'),('WSS694','p18'),('WSS695','p18'),('WSS696','p18'),('WSS70','p18'),('WSS74','p18'),('WSS82','p18'),('WSS94','p18'),('WSS98','p18'),('WSS1','p19'),('WSS106','p19'),('WSS117','p19'),('WSS125','p19'),('WSS128','p19'),('WSS13','p19'),('WSS134','p19'),('WSS138','p19'),('WSS141','p19'),('WSS143','p19'),('WSS144','p19'),('WSS148','p19'),('WSS159','p19'),('WSS16','p19'),('WSS164','p19'),('WSS17','p19'),('WSS171','p19'),('WSS172','p19'),('WSS175','p19'),('WSS181','p19'),('WSS182','p19'),('WSS183','p19'),('WSS185','p19'),('WSS190','p19'),('WSS2','p19'),('WSS200','p19'),('WSS205','p19'),('WSS22','p19'),('WSS223','p19'),('WSS227','p19'),('WSS229','p19'),('WSS23','p19'),('WSS247','p19'),('WSS253','p19'),('WSS264','p19'),('WSS270','p19'),('WSS284','p19'),('WSS285','p19'),('WSS286','p19'),('WSS291','p19'),('WSS295','p19'),('WSS296','p19'),('WSS3','p19'),('WSS305','p19'),('WSS310','p19'),('WSS311','p19'),('WSS314','p19'),('WSS318','p19'),('WSS321','p19'),('WSS324','p19'),('WSS325','p19'),('WSS326','p19'),('WSS332','p19'),('WSS333','p19'),('WSS343','p19'),('WSS348','p19'),('WSS353','p19'),('WSS355','p19'),('WSS356','p19'),('WSS358','p19'),('WSS361','p19'),('WSS362','p19'),('WSS365','p19'),('WSS368','p19'),('WSS38','p19'),('WSS383','p19'),('WSS397','p19'),('WSS399','p19'),('WSS405','p19'),('WSS409','p19'),('WSS411','p19'),('WSS414','p19'),('WSS418','p19'),('WSS421','p19'),('WSS429','p19'),('WSS434','p19'),('WSS440','p19'),('WSS441','p19'),('WSS443','p19'),('WSS448','p19'),('WSS454','p19'),('WSS455','p19'),('WSS459','p19'),('WSS464','p19'),('WSS466','p19'),('WSS471','p19'),('WSS477','p19'),('WSS486','p19'),('WSS489','p19'),('WSS49','p19'),('WSS494','p19'),('WSS497','p19'),('WSS500','p19'),('WSS510','p19'),('WSS513','p19'),('WSS526','p19'),('WSS529','p19'),('WSS533','p19'),('WSS536','p19'),('WSS542','p19'),('WSS546','p19'),('WSS557','p19'),('WSS564','p19'),('WSS567','p19'),('WSS573','p19'),('WSS577','p19'),('WSS595','p19'),('WSS601','p19'),('WSS602','p19'),('WSS604','p19'),('WSS607','p19'),('WSS61','p19'),('WSS611','p19'),('WSS614','p19'),('WSS616','p19'),('WSS619','p19'),('WSS620','p19'),('WSS626','p19'),('WSS627','p19'),('WSS63','p19'),('WSS631','p19'),('WSS632','p19'),('WSS635','p19'),('WSS639','p19'),('WSS640','p19'),('WSS641','p19'),('WSS642','p19'),('WSS65','p19'),('WSS657','p19'),('WSS661','p19'),('WSS665','p19'),('WSS667','p19'),('WSS683','p19'),('WSS684','p19'),('WSS693','p19'),('WSS694','p19'),('WSS697','p19'),('WSS698','p19'),('WSS71','p19'),('WSS74','p19'),('WSS77','p19'),('WSS79','p19'),('WSS81','p19'),('WSS83','p19'),('WSS92','p19'),('WSS107','p2'),('WSS111','p2'),('WSS113','p2'),('WSS114','p2'),('WSS125','p2'),('WSS13','p2'),('WSS137','p2'),('WSS139','p2'),('WSS149','p2'),('WSS154','p2'),('WSS160','p2'),('WSS171','p2'),('WSS172','p2'),('WSS174','p2'),('WSS188','p2'),('WSS19','p2'),('WSS197','p2'),('WSS198','p2'),('WSS201','p2'),('WSS215','p2'),('WSS218','p2'),('WSS219','p2'),('WSS225','p2'),('WSS231','p2'),('WSS238','p2'),('WSS241','p2'),('WSS242','p2'),('WSS25','p2'),('WSS252','p2'),('WSS261','p2'),('WSS266','p2'),('WSS271','p2'),('WSS272','p2'),('WSS276','p2'),('WSS286','p2'),('WSS29','p2'),('WSS295','p2'),('WSS296','p2'),('WSS302','p2'),('WSS304','p2'),('WSS306','p2'),('WSS307','p2'),('WSS319','p2'),('WSS321','p2'),('WSS325','p2'),('WSS332','p2'),('WSS344','p2'),('WSS348','p2'),('WSS350','p2'),('WSS357','p2'),('WSS36','p2'),('WSS368','p2'),('WSS369','p2'),('WSS374','p2'),('WSS388','p2'),('WSS389','p2'),('WSS392','p2'),('WSS393','p2'),('WSS395','p2'),('WSS401','p2'),('WSS406','p2'),('WSS414','p2'),('WSS417','p2'),('WSS420','p2'),('WSS424','p2'),('WSS438','p2'),('WSS439','p2'),('WSS442','p2'),('WSS450','p2'),('WSS454','p2'),('WSS456','p2'),('WSS46','p2'),('WSS471','p2'),('WSS474','p2'),('WSS481','p2'),('WSS485','p2'),('WSS490','p2'),('WSS497','p2'),('WSS498','p2'),('WSS504','p2'),('WSS509','p2'),('WSS513','p2'),('WSS519','p2'),('WSS525','p2'),('WSS526','p2'),('WSS528','p2'),('WSS534','p2'),('WSS54','p2'),('WSS541','p2'),('WSS555','p2'),('WSS557','p2'),('WSS56','p2'),('WSS561','p2'),('WSS562','p2'),('WSS565','p2'),('WSS576','p2'),('WSS578','p2'),('WSS580','p2'),('WSS584','p2'),('WSS603','p2'),('WSS618','p2'),('WSS62','p2'),('WSS620','p2'),('WSS628','p2'),('WSS643','p2'),('WSS658','p2'),('WSS661','p2'),('WSS662','p2'),('WSS663','p2'),('WSS665','p2'),('WSS669','p2'),('WSS672','p2'),('WSS684','p2'),('WSS693','p2'),('WSS695','p2'),('WSS697','p2'),('WSS700','p2'),('WSS71','p2'),('WSS73','p2'),('WSS74','p2'),('WSS77','p2'),('WSS84','p2'),('WSS9','p2'),('WSS97','p2'),('WSS99','p2'),('WSS1','p20'),('WSS100','p20'),('WSS101','p20'),('WSS110','p20'),('WSS125','p20'),('WSS128','p20'),('WSS129','p20'),('WSS13','p20'),('WSS136','p20'),('WSS146','p20'),('WSS149','p20'),('WSS166','p20'),('WSS169','p20'),('WSS171','p20'),('WSS179','p20'),('WSS18','p20'),('WSS182','p20'),('WSS201','p20'),('WSS202','p20'),('WSS204','p20'),('WSS208','p20'),('WSS209','p20'),('WSS21','p20'),('WSS222','p20'),('WSS224','p20'),('WSS231','p20'),('WSS232','p20'),('WSS237','p20'),('WSS244','p20'),('WSS250','p20'),('WSS256','p20'),('WSS271','p20'),('WSS273','p20'),('WSS278','p20'),('WSS279','p20'),('WSS286','p20'),('WSS289','p20'),('WSS306','p20'),('WSS307','p20'),('WSS31','p20'),('WSS311','p20'),('WSS314','p20'),('WSS329','p20'),('WSS34','p20'),('WSS349','p20'),('WSS352','p20'),('WSS359','p20'),('WSS360','p20'),('WSS364','p20'),('WSS368','p20'),('WSS37','p20'),('WSS373','p20'),('WSS379','p20'),('WSS383','p20'),('WSS384','p20'),('WSS385','p20'),('WSS391','p20'),('WSS401','p20'),('WSS402','p20'),('WSS403','p20'),('WSS406','p20'),('WSS407','p20'),('WSS422','p20'),('WSS427','p20'),('WSS43','p20'),('WSS443','p20'),('WSS448','p20'),('WSS450','p20'),('WSS453','p20'),('WSS459','p20'),('WSS463','p20'),('WSS471','p20'),('WSS481','p20'),('WSS482','p20'),('WSS483','p20'),('WSS485','p20'),('WSS489','p20'),('WSS490','p20'),('WSS492','p20'),('WSS498','p20'),('WSS502','p20'),('WSS505','p20'),('WSS508','p20'),('WSS516','p20'),('WSS518','p20'),('WSS523','p20'),('WSS527','p20'),('WSS530','p20'),('WSS531','p20'),('WSS532','p20'),('WSS549','p20'),('WSS554','p20'),('WSS556','p20'),('WSS558','p20'),('WSS562','p20'),('WSS564','p20'),('WSS576','p20'),('WSS579','p20'),('WSS59','p20'),('WSS591','p20'),('WSS600','p20'),('WSS609','p20'),('WSS616','p20'),('WSS618','p20'),('WSS625','p20'),('WSS63','p20'),('WSS631','p20'),('WSS642','p20'),('WSS643','p20'),('WSS645','p20'),('WSS647','p20'),('WSS650','p20'),('WSS653','p20'),('WSS655','p20'),('WSS658','p20'),('WSS66','p20'),('WSS663','p20'),('WSS667','p20'),('WSS668','p20'),('WSS670','p20'),('WSS674','p20'),('WSS678','p20'),('WSS680','p20'),('WSS682','p20'),('WSS689','p20'),('WSS690','p20'),('WSS694','p20'),('WSS698','p20'),('WSS78','p20'),('WSS81','p20'),('WSS85','p20'),('WSS102','p21'),('WSS107','p21'),('WSS111','p21'),('WSS114','p21'),('WSS126','p21'),('WSS133','p21'),('WSS134','p21'),('WSS139','p21'),('WSS141','p21'),('WSS143','p21'),('WSS149','p21'),('WSS150','p21'),('WSS152','p21'),('WSS159','p21'),('WSS16','p21'),('WSS166','p21'),('WSS169','p21'),('WSS172','p21'),('WSS173','p21'),('WSS175','p21'),('WSS176','p21'),('WSS178','p21'),('WSS179','p21'),('WSS18','p21'),('WSS182','p21'),('WSS188','p21'),('WSS191','p21'),('WSS198','p21'),('WSS201','p21'),('WSS206','p21'),('WSS208','p21'),('WSS209','p21'),('WSS216','p21'),('WSS217','p21'),('WSS218','p21'),('WSS223','p21'),('WSS227','p21'),('WSS233','p21'),('WSS234','p21'),('WSS235','p21'),('WSS237','p21'),('WSS241','p21'),('WSS248','p21'),('WSS251','p21'),('WSS252','p21'),('WSS254','p21'),('WSS255','p21'),('WSS260','p21'),('WSS263','p21'),('WSS272','p21'),('WSS280','p21'),('WSS281','p21'),('WSS283','p21'),('WSS285','p21'),('WSS290','p21'),('WSS293','p21'),('WSS297','p21'),('WSS3','p21'),('WSS302','p21'),('WSS307','p21'),('WSS316','p21'),('WSS320','p21'),('WSS326','p21'),('WSS33','p21'),('WSS335','p21'),('WSS34','p21'),('WSS341','p21'),('WSS347','p21'),('WSS350','p21'),('WSS354','p21'),('WSS356','p21'),('WSS361','p21'),('WSS365','p21'),('WSS370','p21'),('WSS372','p21'),('WSS394','p21'),('WSS398','p21'),('WSS407','p21'),('WSS423','p21'),('WSS424','p21'),('WSS43','p21'),('WSS446','p21'),('WSS448','p21'),('WSS449','p21'),('WSS45','p21'),('WSS450','p21'),('WSS461','p21'),('WSS463','p21'),('WSS472','p21'),('WSS479','p21'),('WSS480','p21'),('WSS482','p21'),('WSS484','p21'),('WSS486','p21'),('WSS499','p21'),('WSS506','p21'),('WSS507','p21'),('WSS520','p21'),('WSS523','p21'),('WSS527','p21'),('WSS536','p21'),('WSS537','p21'),('WSS541','p21'),('WSS544','p21'),('WSS545','p21'),('WSS55','p21'),('WSS551','p21'),('WSS552','p21'),('WSS553','p21'),('WSS555','p21'),('WSS564','p21'),('WSS570','p21'),('WSS571','p21'),('WSS584','p21'),('WSS586','p21'),('WSS594','p21'),('WSS596','p21'),('WSS599','p21'),('WSS607','p21'),('WSS617','p21'),('WSS628','p21'),('WSS634','p21'),('WSS636','p21'),('WSS641','p21'),('WSS643','p21'),('WSS649','p21'),('WSS66','p21'),('WSS660','p21'),('WSS666','p21'),('WSS673','p21'),('WSS677','p21'),('WSS679','p21'),('WSS683','p21'),('WSS687','p21'),('WSS688','p21'),('WSS69','p21'),('WSS690','p21'),('WSS70','p21'),('WSS72','p21'),('WSS73','p21'),('WSS76','p21'),('WSS77','p21'),('WSS85','p21'),('WSS86','p21'),('WSS91','p21'),('WSS94','p21'),('WSS103','p22'),('WSS108','p22'),('WSS11','p22'),('WSS110','p22'),('WSS111','p22'),('WSS112','p22'),('WSS115','p22'),('WSS12','p22'),('WSS120','p22'),('WSS124','p22'),('WSS132','p22'),('WSS14','p22'),('WSS146','p22'),('WSS156','p22'),('WSS163','p22'),('WSS167','p22'),('WSS170','p22'),('WSS174','p22'),('WSS175','p22'),('WSS18','p22'),('WSS184','p22'),('WSS194','p22'),('WSS2','p22'),('WSS202','p22'),('WSS204','p22'),('WSS205','p22'),('WSS207','p22'),('WSS210','p22'),('WSS22','p22'),('WSS228','p22'),('WSS231','p22'),('WSS235','p22'),('WSS240','p22'),('WSS242','p22'),('WSS243','p22'),('WSS244','p22'),('WSS248','p22'),('WSS275','p22'),('WSS278','p22'),('WSS286','p22'),('WSS288','p22'),('WSS29','p22'),('WSS292','p22'),('WSS295','p22'),('WSS297','p22'),('WSS30','p22'),('WSS310','p22'),('WSS313','p22'),('WSS317','p22'),('WSS323','p22'),('WSS325','p22'),('WSS33','p22'),('WSS334','p22'),('WSS337','p22'),('WSS34','p22'),('WSS342','p22'),('WSS348','p22'),('WSS354','p22'),('WSS357','p22'),('WSS36','p22'),('WSS364','p22'),('WSS372','p22'),('WSS385','p22'),('WSS388','p22'),('WSS394','p22'),('WSS4','p22'),('WSS40','p22'),('WSS401','p22'),('WSS407','p22'),('WSS410','p22'),('WSS413','p22'),('WSS418','p22'),('WSS420','p22'),('WSS421','p22'),('WSS427','p22'),('WSS430','p22'),('WSS433','p22'),('WSS435','p22'),('WSS449','p22'),('WSS451','p22'),('WSS455','p22'),('WSS456','p22'),('WSS462','p22'),('WSS463','p22'),('WSS474','p22'),('WSS476','p22'),('WSS484','p22'),('WSS487','p22'),('WSS488','p22'),('WSS497','p22'),('WSS505','p22'),('WSS511','p22'),('WSS518','p22'),('WSS532','p22'),('WSS534','p22'),('WSS537','p22'),('WSS54','p22'),('WSS551','p22'),('WSS552','p22'),('WSS553','p22'),('WSS555','p22'),('WSS559','p22'),('WSS560','p22'),('WSS566','p22'),('WSS572','p22'),('WSS582','p22'),('WSS583','p22'),('WSS587','p22'),('WSS589','p22'),('WSS590','p22'),('WSS594','p22'),('WSS6','p22'),('WSS61','p22'),('WSS612','p22'),('WSS614','p22'),('WSS617','p22'),('WSS620','p22'),('WSS622','p22'),('WSS625','p22'),('WSS626','p22'),('WSS638','p22'),('WSS645','p22'),('WSS647','p22'),('WSS65','p22'),('WSS650','p22'),('WSS652','p22'),('WSS662','p22'),('WSS67','p22'),('WSS675','p22'),('WSS676','p22'),('WSS68','p22'),('WSS680','p22'),('WSS684','p22'),('WSS687','p22'),('WSS69','p22'),('WSS699','p22'),('WSS700','p22'),('WSS73','p22'),('WSS78','p22'),('WSS84','p22'),('WSS87','p22'),('WSS92','p22'),('WSS94','p22'),('WSS95','p22'),('WSS102','p23'),('WSS104','p23'),('WSS115','p23'),('WSS116','p23'),('WSS117','p23'),('WSS123','p23'),('WSS129','p23'),('WSS135','p23'),('WSS14','p23'),('WSS144','p23'),('WSS145','p23'),('WSS146','p23'),('WSS152','p23'),('WSS155','p23'),('WSS168','p23'),('WSS170','p23'),('WSS171','p23'),('WSS176','p23'),('WSS189','p23'),('WSS190','p23'),('WSS191','p23'),('WSS194','p23'),('WSS203','p23'),('WSS205','p23'),('WSS215','p23'),('WSS217','p23'),('WSS225','p23'),('WSS226','p23'),('WSS24','p23'),('WSS247','p23'),('WSS250','p23'),('WSS252','p23'),('WSS257','p23'),('WSS265','p23'),('WSS268','p23'),('WSS27','p23'),('WSS271','p23'),('WSS274','p23'),('WSS277','p23'),('WSS283','p23'),('WSS284','p23'),('WSS288','p23'),('WSS290','p23'),('WSS296','p23'),('WSS299','p23'),('WSS301','p23'),('WSS313','p23'),('WSS316','p23'),('WSS32','p23'),('WSS323','p23'),('WSS330','p23'),('WSS333','p23'),('WSS334','p23'),('WSS346','p23'),('WSS351','p23'),('WSS353','p23'),('WSS355','p23'),('WSS364','p23'),('WSS368','p23'),('WSS38','p23'),('WSS380','p23'),('WSS386','p23'),('WSS399','p23'),('WSS4','p23'),('WSS415','p23'),('WSS419','p23'),('WSS423','p23'),('WSS425','p23'),('WSS431','p23'),('WSS434','p23'),('WSS436','p23'),('WSS443','p23'),('WSS446','p23'),('WSS447','p23'),('WSS449','p23'),('WSS45','p23'),('WSS453','p23'),('WSS457','p23'),('WSS461','p23'),('WSS465','p23'),('WSS481','p23'),('WSS49','p23'),('WSS491','p23'),('WSS496','p23'),('WSS499','p23'),('WSS5','p23'),('WSS501','p23'),('WSS506','p23'),('WSS507','p23'),('WSS508','p23'),('WSS512','p23'),('WSS513','p23'),('WSS514','p23'),('WSS516','p23'),('WSS520','p23'),('WSS524','p23'),('WSS526','p23'),('WSS539','p23'),('WSS542','p23'),('WSS543','p23'),('WSS548','p23'),('WSS550','p23'),('WSS558','p23'),('WSS559','p23'),('WSS572','p23'),('WSS577','p23'),('WSS578','p23'),('WSS579','p23'),('WSS586','p23'),('WSS587','p23'),('WSS589','p23'),('WSS597','p23'),('WSS60','p23'),('WSS601','p23'),('WSS604','p23'),('WSS609','p23'),('WSS61','p23'),('WSS618','p23'),('WSS627','p23'),('WSS63','p23'),('WSS635','p23'),('WSS639','p23'),('WSS648','p23'),('WSS660','p23'),('WSS664','p23'),('WSS677','p23'),('WSS679','p23'),('WSS68','p23'),('WSS687','p23'),('WSS691','p23'),('WSS695','p23'),('WSS79','p23'),('WSS81','p23'),('WSS83','p23'),('WSS9','p23'),('WSS90','p23'),('WSS92','p23'),('WSS94','p23'),('WSS104','p24'),('WSS106','p24'),('WSS112','p24'),('WSS121','p24'),('WSS137','p24'),('WSS140','p24'),('WSS148','p24'),('WSS156','p24'),('WSS160','p24'),('WSS162','p24'),('WSS165','p24'),('WSS166','p24'),('WSS169','p24'),('WSS177','p24'),('WSS186','p24'),('WSS212','p24'),('WSS215','p24'),('WSS221','p24'),('WSS223','p24'),('WSS231','p24'),('WSS232','p24'),('WSS233','p24'),('WSS242','p24'),('WSS243','p24'),('WSS252','p24'),('WSS259','p24'),('WSS26','p24'),('WSS266','p24'),('WSS268','p24'),('WSS280','p24'),('WSS282','p24'),('WSS296','p24'),('WSS30','p24'),('WSS301','p24'),('WSS303','p24'),('WSS309','p24'),('WSS312','p24'),('WSS321','p24'),('WSS326','p24'),('WSS336','p24'),('WSS337','p24'),('WSS346','p24'),('WSS350','p24'),('WSS36','p24'),('WSS362','p24'),('WSS364','p24'),('WSS368','p24'),('WSS373','p24'),('WSS376','p24'),('WSS38','p24'),('WSS382','p24'),('WSS392','p24'),('WSS395','p24'),('WSS401','p24'),('WSS42','p24'),('WSS43','p24'),('WSS439','p24'),('WSS443','p24'),('WSS445','p24'),('WSS46','p24'),('WSS464','p24'),('WSS466','p24'),('WSS469','p24'),('WSS470','p24'),('WSS474','p24'),('WSS488','p24'),('WSS490','p24'),('WSS496','p24'),('WSS506','p24'),('WSS51','p24'),('WSS510','p24'),('WSS517','p24'),('WSS520','p24'),('WSS521','p24'),('WSS524','p24'),('WSS529','p24'),('WSS546','p24'),('WSS554','p24'),('WSS556','p24'),('WSS570','p24'),('WSS573','p24'),('WSS574','p24'),('WSS575','p24'),('WSS582','p24'),('WSS585','p24'),('WSS596','p24'),('WSS60','p24'),('WSS603','p24'),('WSS608','p24'),('WSS611','p24'),('WSS615','p24'),('WSS616','p24'),('WSS617','p24'),('WSS621','p24'),('WSS623','p24'),('WSS63','p24'),('WSS630','p24'),('WSS632','p24'),('WSS634','p24'),('WSS636','p24'),('WSS637','p24'),('WSS64','p24'),('WSS642','p24'),('WSS646','p24'),('WSS648','p24'),('WSS656','p24'),('WSS659','p24'),('WSS661','p24'),('WSS665','p24'),('WSS671','p24'),('WSS672','p24'),('WSS674','p24'),('WSS681','p24'),('WSS692','p24'),('WSS695','p24'),('WSS700','p24'),('WSS71','p24'),('WSS8','p24'),('WSS80','p24'),('WSS82','p24'),('WSS84','p24'),('WSS91','p24'),('WSS10','p25'),('WSS101','p25'),('WSS107','p25'),('WSS108','p25'),('WSS115','p25'),('WSS118','p25'),('WSS120','p25'),('WSS125','p25'),('WSS137','p25'),('WSS142','p25'),('WSS145','p25'),('WSS147','p25'),('WSS159','p25'),('WSS164','p25'),('WSS165','p25'),('WSS17','p25'),('WSS178','p25'),('WSS179','p25'),('WSS18','p25'),('WSS183','p25'),('WSS185','p25'),('WSS186','p25'),('WSS197','p25'),('WSS198','p25'),('WSS20','p25'),('WSS200','p25'),('WSS203','p25'),('WSS208','p25'),('WSS213','p25'),('WSS215','p25'),('WSS220','p25'),('WSS221','p25'),('WSS225','p25'),('WSS235','p25'),('WSS237','p25'),('WSS241','p25'),('WSS249','p25'),('WSS253','p25'),('WSS254','p25'),('WSS259','p25'),('WSS265','p25'),('WSS269','p25'),('WSS270','p25'),('WSS286','p25'),('WSS295','p25'),('WSS302','p25'),('WSS306','p25'),('WSS309','p25'),('WSS311','p25'),('WSS312','p25'),('WSS315','p25'),('WSS332','p25'),('WSS336','p25'),('WSS338','p25'),('WSS339','p25'),('WSS343','p25'),('WSS347','p25'),('WSS349','p25'),('WSS351','p25'),('WSS355','p25'),('WSS360','p25'),('WSS362','p25'),('WSS367','p25'),('WSS369','p25'),('WSS373','p25'),('WSS374','p25'),('WSS377','p25'),('WSS380','p25'),('WSS386','p25'),('WSS387','p25'),('WSS39','p25'),('WSS403','p25'),('WSS406','p25'),('WSS412','p25'),('WSS418','p25'),('WSS42','p25'),('WSS425','p25'),('WSS426','p25'),('WSS432','p25'),('WSS439','p25'),('WSS441','p25'),('WSS445','p25'),('WSS461','p25'),('WSS465','p25'),('WSS466','p25'),('WSS468','p25'),('WSS470','p25'),('WSS471','p25'),('WSS473','p25'),('WSS476','p25'),('WSS49','p25'),('WSS493','p25'),('WSS506','p25'),('WSS507','p25'),('WSS51','p25'),('WSS511','p25'),('WSS514','p25'),('WSS517','p25'),('WSS520','p25'),('WSS533','p25'),('WSS538','p25'),('WSS546','p25'),('WSS547','p25'),('WSS552','p25'),('WSS558','p25'),('WSS56','p25'),('WSS562','p25'),('WSS564','p25'),('WSS568','p25'),('WSS572','p25'),('WSS582','p25'),('WSS587','p25'),('WSS590','p25'),('WSS592','p25'),('WSS597','p25'),('WSS598','p25'),('WSS603','p25'),('WSS604','p25'),('WSS610','p25'),('WSS611','p25'),('WSS62','p25'),('WSS622','p25'),('WSS626','p25'),('WSS630','p25'),('WSS631','p25'),('WSS634','p25'),('WSS64','p25'),('WSS644','p25'),('WSS66','p25'),('WSS672','p25'),('WSS681','p25'),('WSS685','p25'),('WSS690','p25'),('WSS692','p25'),('WSS76','p25'),('WSS82','p25'),('WSS89','p25'),('WSS90','p25'),('WSS99','p25'),('WSS103','p26'),('WSS104','p26'),('WSS106','p26'),('WSS107','p26'),('WSS108','p26'),('WSS110','p26'),('WSS116','p26'),('WSS119','p26'),('WSS123','p26'),('WSS126','p26'),('WSS13','p26'),('WSS135','p26'),('WSS136','p26'),('WSS140','p26'),('WSS143','p26'),('WSS148','p26'),('WSS155','p26'),('WSS158','p26'),('WSS160','p26'),('WSS162','p26'),('WSS168','p26'),('WSS179','p26'),('WSS181','p26'),('WSS189','p26'),('WSS199','p26'),('WSS20','p26'),('WSS200','p26'),('WSS205','p26'),('WSS207','p26'),('WSS21','p26'),('WSS219','p26'),('WSS225','p26'),('WSS229','p26'),('WSS235','p26'),('WSS250','p26'),('WSS251','p26'),('WSS258','p26'),('WSS26','p26'),('WSS263','p26'),('WSS266','p26'),('WSS268','p26'),('WSS272','p26'),('WSS279','p26'),('WSS28','p26'),('WSS280','p26'),('WSS282','p26'),('WSS290','p26'),('WSS297','p26'),('WSS300','p26'),('WSS304','p26'),('WSS305','p26'),('WSS309','p26'),('WSS310','p26'),('WSS313','p26'),('WSS315','p26'),('WSS316','p26'),('WSS318','p26'),('WSS32','p26'),('WSS320','p26'),('WSS322','p26'),('WSS325','p26'),('WSS328','p26'),('WSS35','p26'),('WSS356','p26'),('WSS368','p26'),('WSS371','p26'),('WSS373','p26'),('WSS375','p26'),('WSS378','p26'),('WSS381','p26'),('WSS382','p26'),('WSS390','p26'),('WSS396','p26'),('WSS416','p26'),('WSS417','p26'),('WSS421','p26'),('WSS424','p26'),('WSS428','p26'),('WSS43','p26'),('WSS434','p26'),('WSS441','p26'),('WSS442','p26'),('WSS447','p26'),('WSS448','p26'),('WSS449','p26'),('WSS45','p26'),('WSS460','p26'),('WSS466','p26'),('WSS468','p26'),('WSS479','p26'),('WSS487','p26'),('WSS489','p26'),('WSS491','p26'),('WSS496','p26'),('WSS501','p26'),('WSS504','p26'),('WSS511','p26'),('WSS514','p26'),('WSS519','p26'),('WSS521','p26'),('WSS522','p26'),('WSS529','p26'),('WSS535','p26'),('WSS539','p26'),('WSS540','p26'),('WSS541','p26'),('WSS552','p26'),('WSS553','p26'),('WSS555','p26'),('WSS559','p26'),('WSS566','p26'),('WSS57','p26'),('WSS571','p26'),('WSS574','p26'),('WSS586','p26'),('WSS588','p26'),('WSS591','p26'),('WSS593','p26'),('WSS595','p26'),('WSS606','p26'),('WSS607','p26'),('WSS615','p26'),('WSS62','p26'),('WSS624','p26'),('WSS64','p26'),('WSS642','p26'),('WSS649','p26'),('WSS653','p26'),('WSS655','p26'),('WSS669','p26'),('WSS675','p26'),('WSS679','p26'),('WSS68','p26'),('WSS688','p26'),('WSS698','p26'),('WSS84','p26'),('WSS87','p26'),('WSS88','p26'),('WSS97','p26'),('WSS1','p27'),('WSS100','p27'),('WSS103','p27'),('WSS105','p27'),('WSS118','p27'),('WSS12','p27'),('WSS130','p27'),('WSS14','p27'),('WSS140','p27'),('WSS144','p27'),('WSS165','p27'),('WSS176','p27'),('WSS180','p27'),('WSS189','p27'),('WSS19','p27'),('WSS192','p27'),('WSS195','p27'),('WSS198','p27'),('WSS216','p27'),('WSS224','p27'),('WSS23','p27'),('WSS244','p27'),('WSS245','p27'),('WSS246','p27'),('WSS262','p27'),('WSS263','p27'),('WSS270','p27'),('WSS273','p27'),('WSS280','p27'),('WSS281','p27'),('WSS291','p27'),('WSS300','p27'),('WSS303','p27'),('WSS315','p27'),('WSS318','p27'),('WSS319','p27'),('WSS322','p27'),('WSS327','p27'),('WSS328','p27'),('WSS331','p27'),('WSS334','p27'),('WSS342','p27'),('WSS349','p27'),('WSS352','p27'),('WSS354','p27'),('WSS358','p27'),('WSS359','p27'),('WSS377','p27'),('WSS379','p27'),('WSS381','p27'),('WSS389','p27'),('WSS390','p27'),('WSS393','p27'),('WSS394','p27'),('WSS397','p27'),('WSS404','p27'),('WSS405','p27'),('WSS407','p27'),('WSS41','p27'),('WSS417','p27'),('WSS418','p27'),('WSS42','p27'),('WSS423','p27'),('WSS426','p27'),('WSS430','p27'),('WSS444','p27'),('WSS467','p27'),('WSS469','p27'),('WSS470','p27'),('WSS481','p27'),('WSS494','p27'),('WSS498','p27'),('WSS500','p27'),('WSS503','p27'),('WSS517','p27'),('WSS525','p27'),('WSS535','p27'),('WSS539','p27'),('WSS54','p27'),('WSS543','p27'),('WSS558','p27'),('WSS559','p27'),('WSS563','p27'),('WSS567','p27'),('WSS569','p27'),('WSS570','p27'),('WSS586','p27'),('WSS59','p27'),('WSS592','p27'),('WSS595','p27'),('WSS6','p27'),('WSS60','p27'),('WSS602','p27'),('WSS603','p27'),('WSS619','p27'),('WSS625','p27'),('WSS627','p27'),('WSS632','p27'),('WSS650','p27'),('WSS656','p27'),('WSS657','p27'),('WSS671','p27'),('WSS676','p27'),('WSS679','p27'),('WSS683','p27'),('WSS688','p27'),('WSS691','p27'),('WSS696','p27'),('WSS699','p27'),('WSS7','p27'),('WSS73','p27'),('WSS74','p27'),('WSS81','p27'),('WSS86','p27'),('WSS89','p27'),('WSS9','p27'),('WSS93','p27'),('WSS97','p27'),('WSS104','p28'),('WSS109','p28'),('WSS110','p28'),('WSS12','p28'),('WSS130','p28'),('WSS135','p28'),('WSS140','p28'),('WSS147','p28'),('WSS149','p28'),('WSS153','p28'),('WSS154','p28'),('WSS163','p28'),('WSS168','p28'),('WSS174','p28'),('WSS176','p28'),('WSS177','p28'),('WSS181','p28'),('WSS183','p28'),('WSS184','p28'),('WSS192','p28'),('WSS193','p28'),('WSS194','p28'),('WSS197','p28'),('WSS207','p28'),('WSS212','p28'),('WSS213','p28'),('WSS218','p28'),('WSS22','p28'),('WSS229','p28'),('WSS231','p28'),('WSS236','p28'),('WSS237','p28'),('WSS241','p28'),('WSS244','p28'),('WSS253','p28'),('WSS257','p28'),('WSS267','p28'),('WSS269','p28'),('WSS276','p28'),('WSS28','p28'),('WSS281','p28'),('WSS282','p28'),('WSS294','p28'),('WSS31','p28'),('WSS311','p28'),('WSS317','p28'),('WSS320','p28'),('WSS323','p28'),('WSS330','p28'),('WSS338','p28'),('WSS341','p28'),('WSS342','p28'),('WSS346','p28'),('WSS357','p28'),('WSS369','p28'),('WSS376','p28'),('WSS381','p28'),('WSS382','p28'),('WSS384','p28'),('WSS385','p28'),('WSS386','p28'),('WSS388','p28'),('WSS398','p28'),('WSS4','p28'),('WSS40','p28'),('WSS400','p28'),('WSS406','p28'),('WSS410','p28'),('WSS411','p28'),('WSS413','p28'),('WSS421','p28'),('WSS428','p28'),('WSS429','p28'),('WSS430','p28'),('WSS433','p28'),('WSS447','p28'),('WSS45','p28'),('WSS456','p28'),('WSS464','p28'),('WSS465','p28'),('WSS47','p28'),('WSS471','p28'),('WSS472','p28'),('WSS48','p28'),('WSS499','p28'),('WSS50','p28'),('WSS503','p28'),('WSS504','p28'),('WSS508','p28'),('WSS509','p28'),('WSS515','p28'),('WSS523','p28'),('WSS524','p28'),('WSS527','p28'),('WSS533','p28'),('WSS536','p28'),('WSS538','p28'),('WSS541','p28'),('WSS547','p28'),('WSS548','p28'),('WSS563','p28'),('WSS566','p28'),('WSS573','p28'),('WSS589','p28'),('WSS591','p28'),('WSS594','p28'),('WSS598','p28'),('WSS60','p28'),('WSS600','p28'),('WSS601','p28'),('WSS613','p28'),('WSS614','p28'),('WSS623','p28'),('WSS628','p28'),('WSS635','p28'),('WSS64','p28'),('WSS640','p28'),('WSS645','p28'),('WSS650','p28'),('WSS651','p28'),('WSS653','p28'),('WSS654','p28'),('WSS655','p28'),('WSS657','p28'),('WSS658','p28'),('WSS670','p28'),('WSS672','p28'),('WSS677','p28'),('WSS68','p28'),('WSS681','p28'),('WSS689','p28'),('WSS69','p28'),('WSS693','p28'),('WSS695','p28'),('WSS699','p28'),('WSS700','p28'),('WSS75','p28'),('WSS79','p28'),('WSS86','p28'),('WSS88','p28'),('WSS9','p28'),('WSS96','p28'),('WSS121','p29'),('WSS13','p29'),('WSS130','p29'),('WSS133','p29'),('WSS137','p29'),('WSS14','p29'),('WSS143','p29'),('WSS15','p29'),('WSS152','p29'),('WSS157','p29'),('WSS170','p29'),('WSS184','p29'),('WSS187','p29'),('WSS193','p29'),('WSS199','p29'),('WSS203','p29'),('WSS204','p29'),('WSS21','p29'),('WSS211','p29'),('WSS220','p29'),('WSS224','p29'),('WSS226','p29'),('WSS228','p29'),('WSS236','p29'),('WSS244','p29'),('WSS247','p29'),('WSS25','p29'),('WSS251','p29'),('WSS259','p29'),('WSS262','p29'),('WSS276','p29'),('WSS277','p29'),('WSS278','p29'),('WSS29','p29'),('WSS291','p29'),('WSS294','p29'),('WSS298','p29'),('WSS308','p29'),('WSS311','p29'),('WSS32','p29'),('WSS323','p29'),('WSS326','p29'),('WSS327','p29'),('WSS33','p29'),('WSS330','p29'),('WSS332','p29'),('WSS340','p29'),('WSS343','p29'),('WSS345','p29'),('WSS349','p29'),('WSS362','p29'),('WSS367','p29'),('WSS373','p29'),('WSS379','p29'),('WSS383','p29'),('WSS385','p29'),('WSS39','p29'),('WSS396','p29'),('WSS398','p29'),('WSS423','p29'),('WSS429','p29'),('WSS44','p29'),('WSS440','p29'),('WSS449','p29'),('WSS450','p29'),('WSS457','p29'),('WSS46','p29'),('WSS463','p29'),('WSS465','p29'),('WSS47','p29'),('WSS472','p29'),('WSS473','p29'),('WSS477','p29'),('WSS479','p29'),('WSS482','p29'),('WSS490','p29'),('WSS495','p29'),('WSS503','p29'),('WSS505','p29'),('WSS516','p29'),('WSS523','p29'),('WSS532','p29'),('WSS541','p29'),('WSS544','p29'),('WSS545','p29'),('WSS557','p29'),('WSS559','p29'),('WSS56','p29'),('WSS560','p29'),('WSS563','p29'),('WSS565','p29'),('WSS571','p29'),('WSS573','p29'),('WSS581','p29'),('WSS585','p29'),('WSS590','p29'),('WSS592','p29'),('WSS601','p29'),('WSS630','p29'),('WSS636','p29'),('WSS637','p29'),('WSS641','p29'),('WSS659','p29'),('WSS668','p29'),('WSS669','p29'),('WSS673','p29'),('WSS676','p29'),('WSS677','p29'),('WSS683','p29'),('WSS686','p29'),('WSS696','p29'),('WSS7','p29'),('WSS70','p29'),('WSS700','p29'),('WSS73','p29'),('WSS75','p29'),('WSS8','p29'),('WSS87','p29'),('WSS90','p29'),('WSS10','p3'),('WSS111','p3'),('WSS120','p3'),('WSS122','p3'),('WSS125','p3'),('WSS129','p3'),('WSS131','p3'),('WSS138','p3'),('WSS139','p3'),('WSS142','p3'),('WSS145','p3'),('WSS148','p3'),('WSS15','p3'),('WSS150','p3'),('WSS152','p3'),('WSS153','p3'),('WSS156','p3'),('WSS163','p3'),('WSS181','p3'),('WSS184','p3'),('WSS191','p3'),('WSS195','p3'),('WSS213','p3'),('WSS214','p3'),('WSS216','p3'),('WSS218','p3'),('WSS221','p3'),('WSS226','p3'),('WSS23','p3'),('WSS240','p3'),('WSS243','p3'),('WSS253','p3'),('WSS261','p3'),('WSS262','p3'),('WSS263','p3'),('WSS264','p3'),('WSS265','p3'),('WSS277','p3'),('WSS279','p3'),('WSS287','p3'),('WSS294','p3'),('WSS295','p3'),('WSS296','p3'),('WSS298','p3'),('WSS30','p3'),('WSS300','p3'),('WSS303','p3'),('WSS304','p3'),('WSS305','p3'),('WSS310','p3'),('WSS314','p3'),('WSS315','p3'),('WSS316','p3'),('WSS327','p3'),('WSS330','p3'),('WSS334','p3'),('WSS34','p3'),('WSS35','p3'),('WSS354','p3'),('WSS361','p3'),('WSS363','p3'),('WSS366','p3'),('WSS370','p3'),('WSS376','p3'),('WSS383','p3'),('WSS386','p3'),('WSS400','p3'),('WSS402','p3'),('WSS417','p3'),('WSS418','p3'),('WSS419','p3'),('WSS426','p3'),('WSS427','p3'),('WSS438','p3'),('WSS440','p3'),('WSS450','p3'),('WSS452','p3'),('WSS453','p3'),('WSS458','p3'),('WSS462','p3'),('WSS475','p3'),('WSS485','p3'),('WSS488','p3'),('WSS489','p3'),('WSS491','p3'),('WSS502','p3'),('WSS509','p3'),('WSS511','p3'),('WSS518','p3'),('WSS522','p3'),('WSS530','p3'),('WSS531','p3'),('WSS544','p3'),('WSS55','p3'),('WSS556','p3'),('WSS561','p3'),('WSS57','p3'),('WSS573','p3'),('WSS574','p3'),('WSS577','p3'),('WSS578','p3'),('WSS579','p3'),('WSS58','p3'),('WSS581','p3'),('WSS582','p3'),('WSS597','p3'),('WSS603','p3'),('WSS608','p3'),('WSS615','p3'),('WSS616','p3'),('WSS62','p3'),('WSS621','p3'),('WSS622','p3'),('WSS628','p3'),('WSS633','p3'),('WSS648','p3'),('WSS649','p3'),('WSS65','p3'),('WSS651','p3'),('WSS652','p3'),('WSS654','p3'),('WSS658','p3'),('WSS66','p3'),('WSS672','p3'),('WSS676','p3'),('WSS678','p3'),('WSS685','p3'),('WSS693','p3'),('WSS698','p3'),('WSS7','p3'),('WSS74','p3'),('WSS8','p3'),('WSS9','p3'),('WSS91','p3'),('WSS10','p30'),('WSS104','p30'),('WSS105','p30'),('WSS108','p30'),('WSS118','p30'),('WSS120','p30'),('WSS123','p30'),('WSS124','p30'),('WSS128','p30'),('WSS13','p30'),('WSS130','p30'),('WSS133','p30'),('WSS142','p30'),('WSS145','p30'),('WSS147','p30'),('WSS153','p30'),('WSS154','p30'),('WSS16','p30'),('WSS160','p30'),('WSS161','p30'),('WSS163','p30'),('WSS177','p30'),('WSS181','p30'),('WSS183','p30'),('WSS187','p30'),('WSS191','p30'),('WSS194','p30'),('WSS202','p30'),('WSS209','p30'),('WSS212','p30'),('WSS234','p30'),('WSS235','p30'),('WSS238','p30'),('WSS239','p30'),('WSS245','p30'),('WSS254','p30'),('WSS256','p30'),('WSS265','p30'),('WSS273','p30'),('WSS278','p30'),('WSS281','p30'),('WSS284','p30'),('WSS288','p30'),('WSS29','p30'),('WSS291','p30'),('WSS301','p30'),('WSS313','p30'),('WSS324','p30'),('WSS331','p30'),('WSS333','p30'),('WSS335','p30'),('WSS337','p30'),('WSS345','p30'),('WSS346','p30'),('WSS356','p30'),('WSS361','p30'),('WSS366','p30'),('WSS376','p30'),('WSS378','p30'),('WSS382','p30'),('WSS389','p30'),('WSS39','p30'),('WSS390','p30'),('WSS391','p30'),('WSS402','p30'),('WSS415','p30'),('WSS420','p30'),('WSS422','p30'),('WSS431','p30'),('WSS436','p30'),('WSS438','p30'),('WSS440','p30'),('WSS441','p30'),('WSS443','p30'),('WSS444','p30'),('WSS446','p30'),('WSS460','p30'),('WSS482','p30'),('WSS483','p30'),('WSS484','p30'),('WSS486','p30'),('WSS494','p30'),('WSS5','p30'),('WSS500','p30'),('WSS511','p30'),('WSS515','p30'),('WSS518','p30'),('WSS52','p30'),('WSS521','p30'),('WSS527','p30'),('WSS540','p30'),('WSS547','p30'),('WSS554','p30'),('WSS566','p30'),('WSS570','p30'),('WSS575','p30'),('WSS580','p30'),('WSS581','p30'),('WSS583','p30'),('WSS594','p30'),('WSS595','p30'),('WSS600','p30'),('WSS605','p30'),('WSS607','p30'),('WSS613','p30'),('WSS615','p30'),('WSS619','p30'),('WSS624','p30'),('WSS63','p30'),('WSS648','p30'),('WSS659','p30'),('WSS666','p30'),('WSS675','p30'),('WSS680','p30'),('WSS685','p30'),('WSS686','p30'),('WSS69','p30'),('WSS690','p30'),('WSS692','p30'),('WSS70','p30'),('WSS82','p30'),('WSS87','p30'),('WSS90','p30'),('WSS95','p30'),('WSS98','p30'),('WSS10','p4'),('WSS106','p4'),('WSS11','p4'),('WSS113','p4'),('WSS114','p4'),('WSS116','p4'),('WSS119','p4'),('WSS127','p4'),('WSS139','p4'),('WSS148','p4'),('WSS149','p4'),('WSS153','p4'),('WSS158','p4'),('WSS169','p4'),('WSS17','p4'),('WSS177','p4'),('WSS19','p4'),('WSS192','p4'),('WSS195','p4'),('WSS20','p4'),('WSS201','p4'),('WSS210','p4'),('WSS214','p4'),('WSS221','p4'),('WSS233','p4'),('WSS238','p4'),('WSS243','p4'),('WSS247','p4'),('WSS255','p4'),('WSS260','p4'),('WSS266','p4'),('WSS274','p4'),('WSS275','p4'),('WSS28','p4'),('WSS298','p4'),('WSS302','p4'),('WSS303','p4'),('WSS309','p4'),('WSS319','p4'),('WSS322','p4'),('WSS323','p4'),('WSS324','p4'),('WSS330','p4'),('WSS331','p4'),('WSS34','p4'),('WSS340','p4'),('WSS341','p4'),('WSS346','p4'),('WSS349','p4'),('WSS350','p4'),('WSS352','p4'),('WSS360','p4'),('WSS365','p4'),('WSS366','p4'),('WSS372','p4'),('WSS394','p4'),('WSS395','p4'),('WSS397','p4'),('WSS405','p4'),('WSS408','p4'),('WSS41','p4'),('WSS423','p4'),('WSS430','p4'),('WSS434','p4'),('WSS437','p4'),('WSS44','p4'),('WSS446','p4'),('WSS450','p4'),('WSS455','p4'),('WSS459','p4'),('WSS461','p4'),('WSS464','p4'),('WSS467','p4'),('WSS472','p4'),('WSS477','p4'),('WSS488','p4'),('WSS493','p4'),('WSS497','p4'),('WSS498','p4'),('WSS50','p4'),('WSS515','p4'),('WSS517','p4'),('WSS52','p4'),('WSS522','p4'),('WSS526','p4'),('WSS540','p4'),('WSS542','p4'),('WSS545','p4'),('WSS548','p4'),('WSS55','p4'),('WSS563','p4'),('WSS564','p4'),('WSS567','p4'),('WSS569','p4'),('WSS57','p4'),('WSS572','p4'),('WSS575','p4'),('WSS585','p4'),('WSS599','p4'),('WSS604','p4'),('WSS61','p4'),('WSS612','p4'),('WSS615','p4'),('WSS625','p4'),('WSS629','p4'),('WSS632','p4'),('WSS633','p4'),('WSS639','p4'),('WSS64','p4'),('WSS640','p4'),('WSS641','p4'),('WSS643','p4'),('WSS645','p4'),('WSS647','p4'),('WSS648','p4'),('WSS650','p4'),('WSS66','p4'),('WSS671','p4'),('WSS675','p4'),('WSS679','p4'),('WSS681','p4'),('WSS688','p4'),('WSS691','p4'),('WSS697','p4'),('WSS77','p4'),('WSS78','p4'),('WSS8','p4'),('WSS80','p4'),('WSS9','p4'),('WSS90','p4'),('WSS94','p4'),('WSS95','p4'),('WSS98','p4'),('WSS103','p5'),('WSS107','p5'),('WSS108','p5'),('WSS118','p5'),('WSS127','p5'),('WSS132','p5'),('WSS136','p5'),('WSS140','p5'),('WSS141','p5'),('WSS144','p5'),('WSS147','p5'),('WSS151','p5'),('WSS152','p5'),('WSS166','p5'),('WSS195','p5'),('WSS206','p5'),('WSS208','p5'),('WSS214','p5'),('WSS218','p5'),('WSS219','p5'),('WSS236','p5'),('WSS24','p5'),('WSS241','p5'),('WSS246','p5'),('WSS248','p5'),('WSS258','p5'),('WSS268','p5'),('WSS269','p5'),('WSS27','p5'),('WSS273','p5'),('WSS274','p5'),('WSS277','p5'),('WSS282','p5'),('WSS29','p5'),('WSS293','p5'),('WSS297','p5'),('WSS306','p5'),('WSS308','p5'),('WSS325','p5'),('WSS335','p5'),('WSS336','p5'),('WSS35','p5'),('WSS351','p5'),('WSS355','p5'),('WSS371','p5'),('WSS372','p5'),('WSS376','p5'),('WSS390','p5'),('WSS400','p5'),('WSS405','p5'),('WSS411','p5'),('WSS414','p5'),('WSS416','p5'),('WSS420','p5'),('WSS422','p5'),('WSS424','p5'),('WSS428','p5'),('WSS432','p5'),('WSS435','p5'),('WSS436','p5'),('WSS442','p5'),('WSS444','p5'),('WSS458','p5'),('WSS463','p5'),('WSS464','p5'),('WSS470','p5'),('WSS48','p5'),('WSS481','p5'),('WSS483','p5'),('WSS489','p5'),('WSS495','p5'),('WSS501','p5'),('WSS518','p5'),('WSS521','p5'),('WSS525','p5'),('WSS53','p5'),('WSS531','p5'),('WSS532','p5'),('WSS54','p5'),('WSS547','p5'),('WSS550','p5'),('WSS555','p5'),('WSS565','p5'),('WSS567','p5'),('WSS581','p5'),('WSS583','p5'),('WSS593','p5'),('WSS6','p5'),('WSS600','p5'),('WSS605','p5'),('WSS607','p5'),('WSS608','p5'),('WSS61','p5'),('WSS612','p5'),('WSS613','p5'),('WSS614','p5'),('WSS623','p5'),('WSS638','p5'),('WSS641','p5'),('WSS648','p5'),('WSS651','p5'),('WSS652','p5'),('WSS656','p5'),('WSS665','p5'),('WSS669','p5'),('WSS673','p5'),('WSS675','p5'),('WSS680','p5'),('WSS683','p5'),('WSS73','p5'),('WSS77','p5'),('WSS78','p5'),('WSS80','p5'),('WSS83','p5'),('WSS93','p5'),('WSS94','p5'),('WSS98','p5'),('WSS1','p6'),('WSS103','p6'),('WSS105','p6'),('WSS117','p6'),('WSS119','p6'),('WSS121','p6'),('WSS138','p6'),('WSS139','p6'),('WSS144','p6'),('WSS146','p6'),('WSS158','p6'),('WSS162','p6'),('WSS164','p6'),('WSS167','p6'),('WSS171','p6'),('WSS175','p6'),('WSS177','p6'),('WSS182','p6'),('WSS19','p6'),('WSS190','p6'),('WSS192','p6'),('WSS204','p6'),('WSS222','p6'),('WSS223','p6'),('WSS224','p6'),('WSS234','p6'),('WSS249','p6'),('WSS252','p6'),('WSS260','p6'),('WSS261','p6'),('WSS270','p6'),('WSS272','p6'),('WSS282','p6'),('WSS285','p6'),('WSS288','p6'),('WSS292','p6'),('WSS299','p6'),('WSS3','p6'),('WSS316','p6'),('WSS332','p6'),('WSS337','p6'),('WSS338','p6'),('WSS339','p6'),('WSS347','p6'),('WSS350','p6'),('WSS352','p6'),('WSS358','p6'),('WSS359','p6'),('WSS360','p6'),('WSS361','p6'),('WSS370','p6'),('WSS375','p6'),('WSS388','p6'),('WSS395','p6'),('WSS403','p6'),('WSS404','p6'),('WSS408','p6'),('WSS414','p6'),('WSS417','p6'),('WSS419','p6'),('WSS42','p6'),('WSS435','p6'),('WSS436','p6'),('WSS446','p6'),('WSS45','p6'),('WSS453','p6'),('WSS462','p6'),('WSS466','p6'),('WSS468','p6'),('WSS480','p6'),('WSS488','p6'),('WSS490','p6'),('WSS492','p6'),('WSS496','p6'),('WSS501','p6'),('WSS502','p6'),('WSS51','p6'),('WSS510','p6'),('WSS515','p6'),('WSS517','p6'),('WSS518','p6'),('WSS523','p6'),('WSS531','p6'),('WSS54','p6'),('WSS542','p6'),('WSS543','p6'),('WSS544','p6'),('WSS556','p6'),('WSS560','p6'),('WSS569','p6'),('WSS57','p6'),('WSS572','p6'),('WSS585','p6'),('WSS593','p6'),('WSS610','p6'),('WSS611','p6'),('WSS613','p6'),('WSS628','p6'),('WSS631','p6'),('WSS638','p6'),('WSS643','p6'),('WSS646','p6'),('WSS655','p6'),('WSS66','p6'),('WSS661','p6'),('WSS663','p6'),('WSS666','p6'),('WSS669','p6'),('WSS671','p6'),('WSS673','p6'),('WSS678','p6'),('WSS682','p6'),('WSS7','p6'),('WSS8','p6'),('WSS80','p6'),('WSS81','p6'),('WSS83','p6'),('WSS84','p6'),('WSS88','p6'),('WSS92','p6'),('WSS97','p6'),('WSS102','p7'),('WSS105','p7'),('WSS111','p7'),('WSS115','p7'),('WSS117','p7'),('WSS118','p7'),('WSS122','p7'),('WSS136','p7'),('WSS138','p7'),('WSS14','p7'),('WSS141','p7'),('WSS15','p7'),('WSS154','p7'),('WSS156','p7'),('WSS16','p7'),('WSS163','p7'),('WSS165','p7'),('WSS166','p7'),('WSS167','p7'),('WSS168','p7'),('WSS178','p7'),('WSS18','p7'),('WSS182','p7'),('WSS183','p7'),('WSS185','p7'),('WSS186','p7'),('WSS187','p7'),('WSS195','p7'),('WSS196','p7'),('WSS197','p7'),('WSS199','p7'),('WSS207','p7'),('WSS217','p7'),('WSS219','p7'),('WSS222','p7'),('WSS228','p7'),('WSS240','p7'),('WSS249','p7'),('WSS250','p7'),('WSS260','p7'),('WSS262','p7'),('WSS277','p7'),('WSS285','p7'),('WSS287','p7'),('WSS294','p7'),('WSS298','p7'),('WSS299','p7'),('WSS301','p7'),('WSS314','p7'),('WSS315','p7'),('WSS324','p7'),('WSS351','p7'),('WSS352','p7'),('WSS371','p7'),('WSS374','p7'),('WSS388','p7'),('WSS391','p7'),('WSS399','p7'),('WSS402','p7'),('WSS404','p7'),('WSS408','p7'),('WSS410','p7'),('WSS412','p7'),('WSS414','p7'),('WSS421','p7'),('WSS427','p7'),('WSS429','p7'),('WSS432','p7'),('WSS433','p7'),('WSS437','p7'),('WSS439','p7'),('WSS44','p7'),('WSS452','p7'),('WSS455','p7'),('WSS458','p7'),('WSS465','p7'),('WSS477','p7'),('WSS478','p7'),('WSS484','p7'),('WSS488','p7'),('WSS49','p7'),('WSS493','p7'),('WSS499','p7'),('WSS506','p7'),('WSS525','p7'),('WSS53','p7'),('WSS530','p7'),('WSS534','p7'),('WSS535','p7'),('WSS536','p7'),('WSS537','p7'),('WSS544','p7'),('WSS546','p7'),('WSS551','p7'),('WSS568','p7'),('WSS569','p7'),('WSS571','p7'),('WSS572','p7'),('WSS574','p7'),('WSS58','p7'),('WSS580','p7'),('WSS584','p7'),('WSS588','p7'),('WSS595','p7'),('WSS596','p7'),('WSS6','p7'),('WSS60','p7'),('WSS600','p7'),('WSS602','p7'),('WSS603','p7'),('WSS606','p7'),('WSS627','p7'),('WSS634','p7'),('WSS639','p7'),('WSS657','p7'),('WSS661','p7'),('WSS664','p7'),('WSS665','p7'),('WSS671','p7'),('WSS678','p7'),('WSS686','p7'),('WSS690','p7'),('WSS692','p7'),('WSS699','p7'),('WSS71','p7'),('WSS92','p7'),('WSS95','p7'),('WSS96','p7'),('WSS98','p7'),('WSS102','p8'),('WSS104','p8'),('WSS12','p8'),('WSS122','p8'),('WSS123','p8'),('WSS127','p8'),('WSS128','p8'),('WSS129','p8'),('WSS130','p8'),('WSS134','p8'),('WSS135','p8'),('WSS146','p8'),('WSS147','p8'),('WSS150','p8'),('WSS153','p8'),('WSS157','p8'),('WSS158','p8'),('WSS16','p8'),('WSS164','p8'),('WSS172','p8'),('WSS173','p8'),('WSS180','p8'),('WSS185','p8'),('WSS189','p8'),('WSS190','p8'),('WSS193','p8'),('WSS196','p8'),('WSS198','p8'),('WSS2','p8'),('WSS20','p8'),('WSS207','p8'),('WSS210','p8'),('WSS214','p8'),('WSS220','p8'),('WSS224','p8'),('WSS226','p8'),('WSS23','p8'),('WSS234','p8'),('WSS24','p8'),('WSS246','p8'),('WSS253','p8'),('WSS266','p8'),('WSS276','p8'),('WSS278','p8'),('WSS284','p8'),('WSS289','p8'),('WSS294','p8'),('WSS300','p8'),('WSS306','p8'),('WSS307','p8'),('WSS320','p8'),('WSS323','p8'),('WSS327','p8'),('WSS33','p8'),('WSS336','p8'),('WSS341','p8'),('WSS342','p8'),('WSS343','p8'),('WSS345','p8'),('WSS348','p8'),('WSS357','p8'),('WSS377','p8'),('WSS384','p8'),('WSS387','p8'),('WSS393','p8'),('WSS396','p8'),('WSS403','p8'),('WSS409','p8'),('WSS412','p8'),('WSS413','p8'),('WSS415','p8'),('WSS42','p8'),('WSS420','p8'),('WSS451','p8'),('WSS453','p8'),('WSS454','p8'),('WSS456','p8'),('WSS462','p8'),('WSS465','p8'),('WSS47','p8'),('WSS473','p8'),('WSS475','p8'),('WSS478','p8'),('WSS492','p8'),('WSS494','p8'),('WSS497','p8'),('WSS499','p8'),('WSS5','p8'),('WSS50','p8'),('WSS501','p8'),('WSS502','p8'),('WSS51','p8'),('WSS512','p8'),('WSS515','p8'),('WSS519','p8'),('WSS528','p8'),('WSS529','p8'),('WSS531','p8'),('WSS537','p8'),('WSS538','p8'),('WSS542','p8'),('WSS558','p8'),('WSS561','p8'),('WSS562','p8'),('WSS568','p8'),('WSS57','p8'),('WSS587','p8'),('WSS59','p8'),('WSS590','p8'),('WSS598','p8'),('WSS60','p8'),('WSS608','p8'),('WSS61','p8'),('WSS611','p8'),('WSS612','p8'),('WSS619','p8'),('WSS621','p8'),('WSS629','p8'),('WSS633','p8'),('WSS649','p8'),('WSS659','p8'),('WSS667','p8'),('WSS668','p8'),('WSS67','p8'),('WSS678','p8'),('WSS68','p8'),('WSS680','p8'),('WSS681','p8'),('WSS685','p8'),('WSS691','p8'),('WSS697','p8'),('WSS72','p8'),('WSS74','p8'),('WSS85','p8'),('WSS90','p8'),('WSS99','p8'),('WSS106','p9'),('WSS112','p9'),('WSS113','p9'),('WSS128','p9'),('WSS137','p9'),('WSS143','p9'),('WSS162','p9'),('WSS17','p9'),('WSS194','p9'),('WSS210','p9'),('WSS213','p9'),('WSS214','p9'),('WSS236','p9'),('WSS240','p9'),('WSS248','p9'),('WSS251','p9'),('WSS259','p9'),('WSS266','p9'),('WSS28','p9'),('WSS283','p9'),('WSS287','p9'),('WSS289','p9'),('WSS291','p9'),('WSS292','p9'),('WSS298','p9'),('WSS30','p9'),('WSS303','p9'),('WSS313','p9'),('WSS32','p9'),('WSS329','p9'),('WSS333','p9'),('WSS337','p9'),('WSS338','p9'),('WSS35','p9'),('WSS37','p9'),('WSS374','p9'),('WSS377','p9'),('WSS378','p9'),('WSS379','p9'),('WSS387','p9'),('WSS394','p9'),('WSS401','p9'),('WSS404','p9'),('WSS412','p9'),('WSS419','p9'),('WSS422','p9'),('WSS425','p9'),('WSS430','p9'),('WSS436','p9'),('WSS437','p9'),('WSS438','p9'),('WSS442','p9'),('WSS444','p9'),('WSS455','p9'),('WSS457','p9'),('WSS459','p9'),('WSS460','p9'),('WSS467','p9'),('WSS472','p9'),('WSS474','p9'),('WSS476','p9'),('WSS48','p9'),('WSS492','p9'),('WSS495','p9'),('WSS503','p9'),('WSS505','p9'),('WSS513','p9'),('WSS514','p9'),('WSS515','p9'),('WSS519','p9'),('WSS52','p9'),('WSS522','p9'),('WSS526','p9'),('WSS528','p9'),('WSS535','p9'),('WSS538','p9'),('WSS542','p9'),('WSS544','p9'),('WSS546','p9'),('WSS547','p9'),('WSS549','p9'),('WSS55','p9'),('WSS56','p9'),('WSS57','p9'),('WSS576','p9'),('WSS578','p9'),('WSS581','p9'),('WSS582','p9'),('WSS591','p9'),('WSS592','p9'),('WSS597','p9'),('WSS601','p9'),('WSS608','p9'),('WSS609','p9'),('WSS610','p9'),('WSS612','p9'),('WSS614','p9'),('WSS623','p9'),('WSS625','p9'),('WSS629','p9'),('WSS644','p9'),('WSS645','p9'),('WSS65','p9'),('WSS656','p9'),('WSS658','p9'),('WSS67','p9'),('WSS676','p9'),('WSS682','p9'),('WSS683','p9'),('WSS686','p9'),('WSS688','p9'),('WSS71','p9'),('WSS75','p9'),('WSS82','p9'),('WSS85','p9'),('WSS89','p9'),('WSS93','p9');
/*!40000 ALTER TABLE `outputparameter` ENABLE KEYS */;
UNLOCK TABLES;

--
-- Table structure for table `parameterhierarchy`
--

DROP TABLE IF EXISTS `parameterhierarchy`;
/*!40101 SET @saved_cs_client     = @@character_set_client */;
/*!50503 SET character_set_client = utf8mb4 */;
CREATE TABLE `parameterhierarchy` (
  `parentParameterID` varchar(10) NOT NULL,
  `childParameterID` varchar(10) NOT NULL,
  PRIMARY KEY (`parentParameterID`,`childParameterID`)
) ENGINE=InnoDB DEFAULT CHARSET=latin1;
/*!40101 SET character_set_client = @saved_cs_client */;

--
-- Dumping data for table `parameterhierarchy`
--

LOCK TABLES `parameterhierarchy` WRITE;
/*!40000 ALTER TABLE `parameterhierarchy` DISABLE KEYS */;
/*!40000 ALTER TABLE `parameterhierarchy` ENABLE KEYS */;
UNLOCK TABLES;

--
-- Table structure for table `parameterlist`
--

DROP TABLE IF EXISTS `parameterlist`;
/*!40101 SET @saved_cs_client     = @@character_set_client */;
/*!50503 SET character_set_client = utf8mb4 */;
CREATE TABLE `parameterlist` (
  `parameterID` varchar(10) NOT NULL,
  `parameterName` varchar(100) DEFAULT NULL,
  PRIMARY KEY (`parameterID`)
) ENGINE=InnoDB DEFAULT CHARSET=latin1;
/*!40101 SET character_set_client = @saved_cs_client */;

--
-- Dumping data for table `parameterlist`
--

LOCK TABLES `parameterlist` WRITE;
/*!40000 ALTER TABLE `parameterlist` DISABLE KEYS */;
INSERT INTO `parameterlist` VALUES ('p1','p1name'),('p10','p10name'),('p11','p11name'),('p12','p12name'),('p13','p13name'),('p14','p14name'),('p15','p15name'),('p16','p16name'),('p17','p17name'),('p18','p18name'),('p19','p19name'),('p2','p2name'),('p20','p20name'),('p21','p21name'),('p22','p22name'),('p23','p23name'),('p24','p24name'),('p25','p25name'),('p26','p26name'),('p27','p27name'),('p28','p28name'),('p29','p29name'),('p3','p3name'),('p30','p30name'),('p4','p4name'),('p5','p5name'),('p6','p6name'),('p7','p7name'),('p8','p8name'),('p9','p9name');
/*!40000 ALTER TABLE `parameterlist` ENABLE KEYS */;
UNLOCK TABLES;

--
-- Table structure for table `result`
--

DROP TABLE IF EXISTS `result`;
/*!40101 SET @saved_cs_client     = @@character_set_client */;
/*!50503 SET character_set_client = utf8mb4 */;
CREATE TABLE `result` (
  `transactionID` bigint NOT NULL,
  `stage` int NOT NULL,
  `webServiceID` varchar(10) NOT NULL,
  PRIMARY KEY (`transactionID`,`stage`,`webServiceID`)
) ENGINE=InnoDB DEFAULT CHARSET=latin1;
/*!40101 SET character_set_client = @saved_cs_client */;

--
-- Dumping data for table `result`
--

LOCK TABLES `result` WRITE;
/*!40000 ALTER TABLE `result` DISABLE KEYS */;
INSERT INTO `result` VALUES (1,1,'WSS60'),(1,2,'WSS58'),(1,3,'WSS41'),(2,1,'WSS38'),(2,2,'WSS496'),(3,1,'WSS493'),(3,2,'WSS475'),(4,1,'WSS182'),(4,1,'WSS551'),(5,1,'WSS426'),(5,2,'WSS416'),(6,1,'WSS373'),(6,2,'WSS123'),(7,1,'WSS533'),(7,2,'WSS273'),(7,2,'WSS590'),(8,1,'WSS606'),(8,2,'WSS227'),(9,1,'WSS296'),(9,2,'WSS359'),(10,1,'WSS437'),(10,2,'WSS674'),(11,1,'WSS400'),(11,2,'WSS213'),(11,3,'WSS205'),(12,1,'WSS89'),(12,2,'WSS86'),(12,3,'WSS413'),(13,1,'WSS677'),(13,2,'WSS667'),(14,1,'WSS78'),(14,2,'WSS299'),(14,2,'WSS50'),(15,1,'WSS269'),(15,2,'WSS78'),(15,3,'WSS77'),(16,1,'WSS403'),(16,2,'WSS60'),(16,3,'WSS587'),(17,1,'WSS273'),(17,2,'WSS71'),(17,3,'WSS275'),(18,1,'WSS217'),(18,2,'WSS556'),(19,1,'WSS560'),(19,1,'WSS64'),(20,1,'WSS341'),(20,2,'WSS209'),(21,1,'WSS241'),(21,2,'WSS96'),(21,3,'WSS290'),(22,1,'WSS593'),(22,2,'WSS280'),(23,1,'WSS276'),(23,2,'WSS15'),(23,2,'WSS43'),(24,1,'WSS548'),(24,2,'WSS267'),(25,1,'WSS40'),(25,2,'WSS409'),(25,3,'WSS84'),(26,1,'WSS60'),(26,2,'WSS292'),(26,3,'WSS80'),(27,1,'WSS293'),(27,2,'WSS253'),(27,2,'WSS411'),(28,1,'WSS633'),(28,2,'WSS331'),(29,1,'WSS250'),(29,2,'WSS47'),(29,3,'WSS576'),(30,1,'WSS86'),(30,2,'WSS402'),(30,3,'WSS262'),(1031,1,'ICP006'),(1031,1,'ICP110'),(1031,1,'ICP311'),(1031,2,'ICP500'),(1035,1,'ICP386'),(1035,2,'ICP466'),(1133,1,'ICP103'),(1133,2,'ICP341'),(1133,3,'ICP395'),(1136,1,'ICP110'),(1136,2,'ICP710'),(1141,1,'ICP311'),(1141,2,'ICP422'),(1288,1,'ICP001'),(1288,2,'ICP110'),(1291,1,'ICP110'),(1291,2,'ICP720'),(1293,1,'ICP110'),(1293,1,'ICP311'),(1293,2,'ICP500'),(1296,1,'ICP006'),(1296,1,'ICP103'),(1296,1,'ICP110'),(1296,1,'ICP311'),(1296,1,'ICP313'),(1296,2,'ICP341'),(1296,2,'ICP500'),(1296,3,'ICP395'),(1325,1,'ICP110'),(1325,2,'ICP680'),(1355,1,'ICP110'),(1355,2,'ICP469'),(1406,1,'ICP110'),(1435,1,'ICP006'),(1435,1,'ICP110'),(1435,1,'ICP311'),(1435,2,'ICP500'),(1509,1,'ICP001'),(1509,1,'ICP006'),(1509,2,'ICP002'),(1509,2,'ICP110'),(1509,3,'ICP311'),(1509,4,'ICP500'),(1572,1,'ICP103'),(1572,1,'ICP110'),(1572,1,'ICP386'),(1572,2,'ICP341'),(1572,2,'ICP395'),(1572,2,'ICP466'),(1572,2,'ICP620'),(1572,2,'ICP720'),(1572,3,'ICP445'),(1583,1,'ICP386'),(1583,2,'ICP466'),(1607,1,'ICP301'),(1607,1,'ICP341'),(1607,1,'ICP386'),(1607,2,'ICP481'),(1620,1,'ICP006'),(1620,1,'ICP110'),(1620,1,'ICP311'),(1620,2,'ICP500'),(1646,1,'ICP006'),(1646,1,'ICP110'),(1646,1,'ICP311'),(1646,2,'ICP469'),(1646,2,'ICP500'),(1733,1,'ICP311'),(1733,2,'ICP422'),(1797,1,'ICP386'),(1797,2,'ICP466'),(1851,1,'ICP003'),(1851,1,'ICP311'),(1851,2,'ICP313'),(1851,3,'ICP486'),(1981,1,'ICP110'),(1981,1,'ICP311'),(1981,2,'ICP500'),(2015,1,'ICP006'),(2015,1,'ICP110'),(2015,1,'ICP311'),(2015,2,'ICP500'),(2026,1,'ICP386'),(2026,2,'ICP466'),(2114,1,'ICP341'),(2114,2,'ICP395'),(2114,3,'ICP445'),(2280,1,'ICP103'),(2280,1,'ICP386'),(2280,2,'ICP341'),(2280,2,'ICP395'),(2280,2,'ICP466'),(2280,3,'ICP495'),(2317,1,'ICP313'),(2317,1,'ICP341'),(2317,1,'ICP680'),(2317,2,'ICP395'),(2317,3,'ICP445'),(2474,1,'ICP003'),(2474,1,'ICP311'),(2474,2,'ICP313'),(2474,3,'ICP486'),(2565,1,'ICP313'),(2565,1,'ICP341'),(2565,2,'ICP395'),(2565,3,'ICP445'),(2598,1,'ICP006'),(2598,1,'ICP110'),(2598,1,'ICP311'),(2598,1,'ICP313'),(2598,1,'ICP331'),(2598,2,'ICP500'),(2610,1,'ICP003'),(2610,1,'ICP311'),(2610,2,'ICP313'),(2610,3,'ICP486'),(2659,1,'ICP006'),(2659,1,'ICP110'),(2659,1,'ICP311'),(2659,2,'ICP469'),(2659,2,'ICP500'),(2675,1,'ICP386'),(2675,2,'ICP466'),(2711,1,'ICP103'),(2711,1,'ICP386'),(2711,2,'ICP341'),(2711,3,'ICP481'),(2779,1,'ICP003'),(2779,1,'ICP311'),(2779,2,'ICP313'),(2779,3,'ICP486'),(2985,1,'ICP103'),(3021,1,'ICP006'),(3021,1,'ICP110'),(3021,1,'ICP302'),(3021,2,'ICP500'),(3075,1,'ICP006'),(3075,1,'ICP110'),(3075,1,'ICP311'),(3075,2,'ICP500'),(3226,1,'ICP110'),(3226,2,'ICP818'),(3286,1,'ICP006'),(3286,1,'ICP110'),(3286,1,'ICP311'),(3286,2,'ICP500'),(3357,1,'ICP006'),(3357,1,'ICP110'),(3357,1,'ICP311'),(3357,2,'ICP500'),(3667,1,'ICP103'),(3667,1,'ICP301'),(3667,1,'ICP386'),(3667,2,'ICP341'),(3667,3,'ICP481'),(3668,1,'ICP103'),(3668,1,'ICP301'),(3668,1,'ICP386'),(3668,2,'ICP341'),(3668,3,'ICP481'),(3705,1,'ICP103'),(3705,1,'ICP301'),(3705,1,'ICP386'),(3705,2,'ICP341'),(3705,3,'ICP481'),(3718,1,'ICP001'),(3718,2,'ICP002'),(3718,2,'ICP110'),(3718,3,'ICP311'),(3718,4,'ICP819'),(3877,1,'ICP386'),(3948,1,'ICP006'),(3948,1,'ICP110'),(3948,1,'ICP311'),(3948,2,'ICP500'),(3969,1,'ICP301'),(3969,1,'ICP341'),(3969,1,'ICP386'),(3969,2,'ICP481'),(3971,1,'ICP386'),(3971,2,'ICP466'),(4112,1,'ICP006'),(4112,1,'ICP110'),(4112,1,'ICP311'),(4112,2,'ICP469'),(4112,2,'ICP500'),(4178,1,'ICP002'),(4178,1,'ICP110'),(4178,2,'ICP311'),(4178,3,'ICP819'),(4281,1,'ICP110'),(4281,2,'ICP469'),(4296,1,'ICP006'),(4296,1,'ICP110'),(4296,1,'ICP311'),(4296,2,'ICP469'),(4296,2,'ICP500'),(4375,1,'ICP003'),(4375,1,'ICP311'),(4375,2,'ICP313'),(4375,3,'ICP486'),(4589,1,'ICP006'),(4589,1,'ICP110'),(4589,1,'ICP311'),(4589,2,'ICP469'),(4589,2,'ICP500'),(4607,1,'ICP006'),(4607,1,'ICP110'),(4607,1,'ICP302'),(4607,2,'ICP500'),(4747,1,'ICP311'),(4747,1,'ICP313'),(4747,2,'ICP486'),(4775,1,'ICP110'),(4775,2,'ICP500'),(4934,1,'ICP103'),(4934,2,'ICP341'),(4978,1,'ICP103'),(4980,1,'ICP006'),(4980,1,'ICP110'),(4980,1,'ICP311'),(4980,2,'ICP469'),(4980,2,'ICP500'),(4980,2,'ICP720'),(4980,3,'ICP740'),(5049,1,'ICP006'),(5049,1,'ICP110'),(5049,1,'ICP311'),(5049,2,'ICP500'),(5417,1,'ICP301'),(5417,1,'ICP341'),(5417,1,'ICP386'),(5417,2,'ICP481'),(5448,1,'ICP386'),(5448,2,'ICP466'),(5450,1,'ICP103'),(5450,1,'ICP110'),(5450,1,'ICP386'),(5450,1,'ICP817'),(5450,2,'ICP341'),(5450,2,'ICP395'),(5450,2,'ICP466'),(5450,2,'ICP620'),(5450,2,'ICP720'),(5450,3,'ICP445'),(5450,3,'ICP815'),(5461,1,'ICP002'),(5461,1,'ICP006'),(5461,1,'ICP110'),(5461,1,'ICP302'),(5461,2,'ICP500'),(5461,2,'ICP720'),(5461,3,'ICP740'),(5472,1,'ICP110'),(5472,2,'ICP818'),(5497,1,'ICP103'),(5497,2,'ICP341'),(5569,1,'ICP386'),(5569,2,'ICP466'),(5571,1,'ICP103'),(5571,2,'ICP810'),(5757,1,'ICP386'),(5757,2,'ICP466'),(5779,1,'ICP006'),(5779,1,'ICP110'),(5779,1,'ICP302'),(5779,2,'ICP500'),(5814,1,'ICP006'),(5814,1,'ICP110'),(5814,1,'ICP311'),(5814,2,'ICP500'),(5897,1,'ICP110'),(5897,2,'ICP710'),(5966,1,'ICP103'),(5966,1,'ICP301'),(5966,1,'ICP386'),(5966,2,'ICP341'),(5966,3,'ICP481'),(6032,1,'ICP386'),(6032,2,'ICP466'),(6279,1,'ICP006'),(6279,1,'ICP110'),(6279,1,'ICP311'),(6279,2,'ICP469'),(6279,2,'ICP500'),(6294,1,'ICP006'),(6294,1,'ICP110'),(6294,1,'ICP311'),(6294,2,'ICP500'),(6325,1,'ICP002'),(6325,2,'ICP003'),(6363,1,'ICP006'),(6363,1,'ICP110'),(6363,1,'ICP311'),(6363,2,'ICP469'),(6363,2,'ICP500'),(6437,1,'ICP103'),(6437,1,'ICP301'),(6437,1,'ICP386'),(6437,2,'ICP341'),(6437,3,'ICP481'),(6533,1,'ICP006'),(6533,1,'ICP110'),(6533,1,'ICP311'),(6533,2,'ICP469'),(6533,2,'ICP500'),(6574,1,'ICP002'),(6574,1,'ICP110'),(6574,2,'ICP311'),(6574,3,'ICP819'),(6604,1,'ICP103'),(6604,1,'ICP386'),(6604,2,'ICP341'),(6604,3,'ICP481'),(6679,1,'ICP003'),(6679,1,'ICP311'),(6679,2,'ICP313'),(6679,3,'ICP486'),(6692,1,'ICP103'),(6692,1,'ICP386'),(6692,1,'ICP465'),(6692,2,'ICP341'),(6692,3,'ICP481'),(6874,1,'ICP467'),(6898,1,'ICP103'),(6898,1,'ICP386'),(6898,2,'ICP341'),(6898,3,'ICP481'),(6922,1,'ICP313'),(6922,1,'ICP341'),(6922,2,'ICP395'),(6974,1,'ICP110'),(6974,2,'ICP469'),(7056,1,'ICP006'),(7056,1,'ICP110'),(7056,1,'ICP311'),(7056,1,'ICP341'),(7056,2,'ICP395'),(7056,2,'ICP500'),(7056,2,'ICP720'),(7056,3,'ICP445'),(7056,3,'ICP740'),(7107,1,'ICP311'),(7107,1,'ICP313'),(7107,2,'ICP486'),(7159,1,'ICP311'),(7159,2,'ICP422'),(7196,1,'ICP103'),(7196,2,'ICP341'),(7196,2,'ICP395'),(7196,3,'ICP495'),(7227,1,'ICP103'),(7227,1,'ICP110'),(7227,1,'ICP301'),(7227,1,'ICP311'),(7227,1,'ICP386'),(7227,2,'ICP341'),(7227,2,'ICP500'),(7227,3,'ICP481'),(7297,1,'ICP386'),(7297,2,'ICP466'),(7326,1,'ICP006'),(7326,1,'ICP110'),(7326,1,'ICP311'),(7326,2,'ICP500'),(7398,1,'ICP002'),(7398,1,'ICP006'),(7398,1,'ICP103'),(7398,1,'ICP110'),(7398,2,'ICP311'),(7398,2,'ICP720'),(7398,2,'ICP810'),(7398,3,'ICP500'),(7398,3,'ICP819'),(7398,4,'ICP740'),(7420,1,'ICP006'),(7420,1,'ICP311'),(7420,2,'ICP500'),(7484,1,'ICP006'),(7484,1,'ICP110'),(7484,1,'ICP311'),(7484,2,'ICP469'),(7484,2,'ICP500'),(7515,1,'ICP006'),(7515,1,'ICP110'),(7515,1,'ICP311'),(7515,2,'ICP469'),(7515,2,'ICP500'),(7593,1,'ICP301'),(7593,1,'ICP341'),(7593,1,'ICP386'),(7593,2,'ICP481'),(7645,1,'ICP001'),(7645,1,'ICP006'),(7645,2,'ICP002'),(7645,2,'ICP110'),(7645,3,'ICP311'),(7645,4,'ICP500'),(7720,1,'ICP006'),(7720,1,'ICP311'),(7720,1,'ICP720'),(7720,2,'ICP500'),(7720,3,'ICP740'),(7769,1,'ICP103'),(7769,2,'ICP341'),(7797,1,'ICP006'),(7797,1,'ICP110'),(7797,1,'ICP302'),(7797,2,'ICP500'),(7797,2,'ICP720'),(7817,1,'ICP006'),(7817,1,'ICP311'),(7817,2,'ICP500'),(7821,1,'ICP006'),(7821,1,'ICP110'),(7821,1,'ICP311'),(7821,2,'ICP500'),(7831,1,'ICP006'),(7831,1,'ICP311'),(7831,2,'ICP500'),(7832,1,'ICP006'),(7832,1,'ICP110'),(7832,1,'ICP311'),(7832,2,'ICP500'),(8030,1,'ICP386'),(8030,2,'ICP466'),(8062,1,'ICP006'),(8062,1,'ICP110'),(8062,1,'ICP311'),(8062,2,'ICP500'),(8155,1,'ICP006'),(8155,1,'ICP110'),(8155,1,'ICP311'),(8155,2,'ICP469'),(8155,2,'ICP500'),(8306,1,'ICP006'),(8306,1,'ICP110'),(8306,1,'ICP311'),(8306,2,'ICP500'),(8509,1,'ICP467'),(8527,1,'ICP110'),(8527,2,'ICP500'),(8628,1,'ICP103'),(8628,1,'ICP301'),(8628,1,'ICP386'),(8628,2,'ICP341'),(8628,3,'ICP481'),(8647,1,'ICP103'),(8647,2,'ICP341'),(8688,1,'ICP103'),(8688,1,'ICP301'),(8688,1,'ICP386'),(8688,2,'ICP341'),(8688,3,'ICP481'),(8877,1,'ICP386'),(8877,2,'ICP466'),(8889,1,'ICP110'),(8889,2,'ICP620'),(8941,1,'ICP103'),(8941,2,'ICP341'),(8941,2,'ICP395'),(8941,3,'ICP495'),(8952,1,'ICP103'),(8952,1,'ICP386'),(8952,2,'ICP341'),(8952,3,'ICP481'),(8959,1,'ICP103'),(8959,2,'ICP341'),(9050,1,'ICP006'),(9050,1,'ICP110'),(9050,1,'ICP311'),(9050,2,'ICP500'),(9076,1,'ICP004'),(9076,2,'ICP005'),(9076,3,'ICP331'),(9117,1,'ICP110'),(9117,2,'ICP469'),(9185,1,'ICP341'),(9185,2,'ICP395'),(9185,3,'ICP445'),(9249,1,'ICP006'),(9249,1,'ICP110'),(9249,1,'ICP311'),(9249,2,'ICP500'),(9249,2,'ICP720'),(9306,1,'ICP006'),(9306,1,'ICP110'),(9306,1,'ICP302'),(9306,2,'ICP500'),(9325,1,'ICP386'),(9422,1,'ICP110'),(9422,2,'ICP469'),(9451,1,'ICP006'),(9451,1,'ICP110'),(9451,1,'ICP311'),(9451,1,'ICP341'),(9451,2,'ICP395'),(9451,2,'ICP500'),(9451,2,'ICP720'),(9451,3,'ICP445'),(9451,3,'ICP740'),(9524,1,'ICP001'),(9524,1,'ICP006'),(9524,2,'ICP002'),(9524,2,'ICP110'),(9524,3,'ICP311'),(9524,4,'ICP500'),(9784,1,'ICP110'),(9784,2,'ICP469'),(9797,1,'ICP103'),(9797,2,'ICP341'),(9812,1,'ICP311'),(9812,1,'ICP313'),(9812,2,'ICP486'),(9814,1,'ICP006'),(9814,1,'ICP110'),(9814,1,'ICP311'),(9814,2,'ICP500'),(9868,1,'ICP006'),(9868,1,'ICP110'),(9868,1,'ICP311'),(9868,2,'ICP500'),(9968,1,'ICP103'),(9968,1,'ICP301'),(9968,1,'ICP386'),(9968,2,'ICP341'),(9968,3,'ICP481'),(9978,1,'ICP311'),(9978,1,'ICP313'),(9978,2,'ICP486'),(111174351,1,'ICP001'),(111174351,2,'ICP002'),(111174351,3,'ICP003'),(111174351,3,'ICP311'),(111174351,4,'ICP313'),(111174351,5,'ICP486'),(112793854,1,'ICP006'),(112793854,1,'ICP110'),(112793854,1,'ICP311'),(112793854,2,'ICP500'),(125202274,1,'ICP001'),(125202274,1,'ICP103'),(125202274,2,'ICP301'),(125202274,2,'ICP341'),(125202274,2,'ICP386'),(125202274,3,'ICP481'),(137852438,1,'ICP006'),(137852438,1,'ICP110'),(137852438,1,'ICP311'),(137852438,2,'ICP500'),(141922012,1,'ICP002'),(141922012,2,'ICP003'),(141922012,2,'ICP311'),(141922012,3,'ICP313'),(141922012,4,'ICP486'),(164821430,1,'ICP001'),(164821430,2,'ICP002'),(164821430,3,'ICP003'),(164821430,3,'ICP311'),(164821430,4,'ICP313'),(164821430,5,'ICP486'),(166203121,1,'ICP001'),(166203121,1,'ICP006'),(166203121,1,'ICP200'),(166203121,2,'ICP002'),(166203121,2,'ICP110'),(166203121,2,'ICP720'),(166203121,3,'ICP311'),(166203121,4,'ICP500'),(166203121,4,'ICP819'),(166203121,5,'ICP740'),(178957047,1,'ICP110'),(178957047,2,'ICP469'),(192081592,1,'ICP006'),(192081592,1,'ICP200'),(192081592,1,'ICP311'),(192081592,2,'ICP500'),(192081592,2,'ICP720'),(192081592,3,'ICP740'),(196046272,1,'ICP002'),(196046272,1,'ICP006'),(196046272,1,'ICP110'),(196046272,2,'ICP311'),(196046272,2,'ICP469'),(196046272,3,'ICP500'),(222936116,1,'ICP006'),(222936116,1,'ICP200'),(222936116,1,'ICP311'),(222936116,2,'ICP500'),(222936116,2,'ICP720'),(222936116,2,'ICP819'),(222936116,3,'ICP740'),(258370250,1,'ICP006'),(258370250,1,'ICP200'),(258370250,1,'ICP311'),(258370250,2,'ICP500'),(258370250,2,'ICP720'),(258370250,2,'ICP818'),(258370250,2,'ICP819'),(258370250,3,'ICP740'),(285611992,1,'ICP006'),(285611992,1,'ICP110'),(285611992,1,'ICP200'),(285611992,1,'ICP311'),(285611992,2,'ICP500'),(285611992,2,'ICP720'),(285611992,3,'ICP740'),(287034437,1,'ICP006'),(287034437,1,'ICP200'),(287034437,1,'ICP311'),(287034437,2,'ICP500'),(287034437,2,'ICP720'),(287034437,2,'ICP819'),(287034437,3,'ICP740'),(291687847,1,'ICP006'),(291687847,1,'ICP200'),(291687847,1,'ICP311'),(291687847,2,'ICP500'),(291687847,2,'ICP720'),(291687847,2,'ICP819'),(291687847,3,'ICP740'),(292870227,1,'ICP001'),(292870227,1,'ICP006'),(292870227,1,'ICP720'),(292870227,2,'ICP002'),(292870227,2,'ICP110'),(292870227,3,'ICP311'),(292870227,4,'ICP500'),(292870227,5,'ICP740'),(316379525,1,'ICP110'),(316379525,1,'ICP311'),(316379525,2,'ICP361'),(316379525,3,'ICP461'),(324432052,1,'ICP001'),(324432052,2,'ICP002'),(324432052,3,'ICP003'),(324432052,3,'ICP311'),(324432052,4,'ICP313'),(324432052,5,'ICP486'),(348444351,1,'ICP311'),(348444351,1,'ICP313'),(348444351,2,'ICP486'),(356640298,1,'ICP469'),(356640298,1,'ICP818'),(356640298,2,'ICP660'),(362849335,1,'ICP006'),(362849335,1,'ICP200'),(362849335,1,'ICP311'),(362849335,2,'ICP500'),(362849335,2,'ICP720'),(362849335,2,'ICP818'),(362849335,3,'ICP740'),(370058038,1,'ICP006'),(370058038,1,'ICP110'),(370058038,1,'ICP311'),(370058038,2,'ICP469'),(370058038,2,'ICP500'),(410309476,1,'ICP001'),(410309476,1,'ICP006'),(410309476,1,'ICP200'),(410309476,2,'ICP002'),(410309476,2,'ICP720'),(410309476,3,'ICP311'),(410309476,4,'ICP500'),(410309476,4,'ICP819'),(410309476,5,'ICP740'),(411681300,1,'ICP006'),(411681300,1,'ICP200'),(411681300,1,'ICP311'),(411681300,2,'ICP500'),(411681300,2,'ICP720'),(411681300,2,'ICP819'),(411681300,3,'ICP740'),(413889315,1,'ICP002'),(413889315,2,'ICP003'),(413889315,2,'ICP311'),(413889315,3,'ICP313'),(413889315,4,'ICP486'),(435075950,1,'ICP002'),(435075950,1,'ICP006'),(435075950,1,'ICP110'),(435075950,1,'ICP720'),(435075950,2,'ICP311'),(435075950,3,'ICP500'),(435075950,4,'ICP740'),(442506203,1,'ICP006'),(442506203,1,'ICP110'),(442506203,1,'ICP311'),(442506203,2,'ICP469'),(442506203,2,'ICP500'),(448741355,1,'ICP001'),(448741355,2,'ICP002'),(448741355,3,'ICP003'),(448741355,3,'ICP311'),(448741355,4,'ICP313'),(448741355,5,'ICP486'),(452470039,1,'ICP006'),(452470039,1,'ICP110'),(452470039,1,'ICP311'),(452470039,2,'ICP500'),(495404878,1,'ICP006'),(495404878,1,'ICP110'),(495404878,1,'ICP200'),(495404878,1,'ICP302'),(495404878,2,'ICP500'),(495404878,2,'ICP720'),(495404878,3,'ICP740'),(496776246,1,'ICP103'),(496776246,2,'ICP341'),(496776246,3,'ICP403'),(497270695,1,'ICP001'),(497270695,1,'ICP103'),(497270695,2,'ICP301'),(497270695,2,'ICP341'),(497270695,2,'ICP386'),(497270695,3,'ICP481'),(506023024,1,'ICP680'),(516484914,1,'ICP006'),(516484914,1,'ICP200'),(516484914,1,'ICP311'),(516484914,2,'ICP500'),(516484914,2,'ICP720'),(516484914,3,'ICP740'),(524497078,1,'ICP006'),(524497078,1,'ICP200'),(524497078,1,'ICP311'),(524497078,2,'ICP500'),(524497078,2,'ICP720'),(524497078,2,'ICP819'),(524497078,3,'ICP740'),(532135187,1,'ICP200'),(532135187,2,'ICP720'),(532135187,3,'ICP811'),(532135187,4,'ICP813'),(561361210,1,'ICP006'),(561361210,1,'ICP200'),(561361210,1,'ICP311'),(561361210,2,'ICP500'),(561361210,2,'ICP720'),(561361210,2,'ICP819'),(561361210,3,'ICP740'),(578460210,1,'ICP110'),(578460210,2,'ICP469'),(601145152,1,'ICP006'),(601145152,1,'ICP200'),(601145152,1,'ICP311'),(601145152,2,'ICP500'),(601145152,2,'ICP720'),(601145152,2,'ICP819'),(601145152,3,'ICP740'),(630767823,1,'ICP006'),(630767823,1,'ICP200'),(630767823,1,'ICP311'),(630767823,2,'ICP500'),(630767823,2,'ICP720'),(630767823,2,'ICP819'),(630767823,3,'ICP740'),(658685554,1,'ICP006'),(658685554,1,'ICP200'),(658685554,1,'ICP311'),(658685554,2,'ICP500'),(658685554,2,'ICP720'),(658685554,3,'ICP740'),(659691843,1,'ICP006'),(659691843,1,'ICP200'),(659691843,1,'ICP311'),(659691843,2,'ICP500'),(659691843,2,'ICP720'),(659691843,3,'ICP740'),(664758087,1,'ICP006'),(664758087,1,'ICP200'),(664758087,1,'ICP311'),(664758087,2,'ICP500'),(664758087,2,'ICP720'),(664758087,2,'ICP819'),(664758087,3,'ICP740'),(669457938,1,'ICP006'),(669457938,1,'ICP200'),(669457938,1,'ICP311'),(669457938,2,'ICP500'),(669457938,2,'ICP720'),(669457938,3,'ICP740'),(683869712,1,'ICP006'),(683869712,1,'ICP200'),(683869712,1,'ICP311'),(683869712,2,'ICP500'),(683869712,2,'ICP720'),(683869712,2,'ICP819'),(683869712,3,'ICP740'),(716407017,1,'ICP006'),(716407017,1,'ICP110'),(716407017,1,'ICP311'),(716407017,1,'ICP720'),(716407017,2,'ICP500'),(716407017,2,'ICP811'),(716407017,3,'ICP813'),(726508464,1,'ICP006'),(726508464,1,'ICP110'),(726508464,1,'ICP311'),(726508464,2,'ICP469'),(726508464,2,'ICP500'),(739074091,1,'ICP006'),(739074091,1,'ICP200'),(739074091,1,'ICP311'),(739074091,2,'ICP500'),(739074091,2,'ICP720'),(739074091,3,'ICP740'),(739546796,1,'ICP006'),(739546796,1,'ICP200'),(739546796,1,'ICP311'),(739546796,2,'ICP500'),(739546796,2,'ICP720'),(739546796,3,'ICP740'),(742695516,1,'ICP001'),(742695516,2,'ICP110'),(742695516,2,'ICP302'),(742695516,3,'ICP500'),(749479466,1,'ICP103'),(749479466,1,'ICP301'),(749479466,1,'ICP386'),(749479466,2,'ICP341'),(749479466,3,'ICP481'),(759784803,1,'ICP001'),(759784803,1,'ICP006'),(759784803,2,'ICP110'),(759784803,2,'ICP302'),(759784803,3,'ICP500'),(784019298,1,'ICP001'),(784019298,1,'ICP103'),(784019298,2,'ICP301'),(784019298,2,'ICP341'),(784019298,2,'ICP386'),(784019298,3,'ICP481'),(809869431,1,'ICP006'),(809869431,1,'ICP110'),(809869431,1,'ICP311'),(809869431,2,'ICP500'),(833064024,1,'ICP001'),(833064024,1,'ICP006'),(833064024,1,'ICP720'),(833064024,2,'ICP002'),(833064024,2,'ICP110'),(833064024,3,'ICP311'),(833064024,4,'ICP500'),(833064024,5,'ICP740'),(882961008,1,'ICP006'),(882961008,1,'ICP110'),(882961008,1,'ICP311'),(882961008,2,'ICP500'),(916025637,1,'ICP001'),(916025637,2,'ICP110'),(916025637,3,'ICP469'),(960676621,1,'ICP006'),(960676621,1,'ICP200'),(960676621,1,'ICP311'),(960676621,2,'ICP500'),(960676621,2,'ICP720'),(960676621,3,'ICP740'),(971245096,1,'ICP006'),(971245096,1,'ICP110'),(971245096,1,'ICP311'),(971245096,2,'ICP469'),(971245096,2,'ICP500');
/*!40000 ALTER TABLE `result` ENABLE KEYS */;
UNLOCK TABLES;

--
-- Table structure for table `rhs`
--

DROP TABLE IF EXISTS `rhs`;
/*!40101 SET @saved_cs_client     = @@character_set_client */;
/*!50503 SET character_set_client = utf8mb4 */;
CREATE TABLE `rhs` (
  `ruleid` int NOT NULL,
  `courseid` varchar(10) NOT NULL,
  PRIMARY KEY (`ruleid`,`courseid`)
) ENGINE=InnoDB DEFAULT CHARSET=latin1;
/*!40101 SET character_set_client = @saved_cs_client */;

--
-- Dumping data for table `rhs`
--

LOCK TABLES `rhs` WRITE;
/*!40000 ALTER TABLE `rhs` DISABLE KEYS */;
INSERT INTO `rhs` VALUES (1,'ICP110'),(2,'ICP311'),(3,'ICP500'),(4,'ICP311'),(5,'ICP500'),(6,'ICP500'),(7,'ICP311'),(8,'ICP500'),(9,'ICP500'),(10,'ICP500'),(11,'ICP500');
/*!40000 ALTER TABLE `rhs` ENABLE KEYS */;
UNLOCK TABLES;

--
-- Table structure for table `ruleinfo`
--

DROP TABLE IF EXISTS `ruleinfo`;
/*!40101 SET @saved_cs_client     = @@character_set_client */;
/*!50503 SET character_set_client = utf8mb4 */;
CREATE TABLE `ruleinfo` (
  `ruleid` int NOT NULL,
  `support` float DEFAULT NULL,
  `confidence` float DEFAULT NULL,
  `lift` float DEFAULT NULL,
  `count` int DEFAULT NULL,
  PRIMARY KEY (`ruleid`)
) ENGINE=InnoDB DEFAULT CHARSET=latin1;
/*!40101 SET character_set_client = @saved_cs_client */;

--
-- Dumping data for table `ruleinfo`
--

LOCK TABLES `ruleinfo` WRITE;
/*!40000 ALTER TABLE `ruleinfo` DISABLE KEYS */;
INSERT INTO `ruleinfo` VALUES (1,0.2,0.719101,1.53765,3),(2,0.2,0.910112,1.69382,3),(3,0.2,1,2.11579,3),(4,0.2,0.670213,1.24734,3),(5,0.2,0.744681,1.57559,3),(6,0.2,0.777778,1.64561,3),(7,0.2,0.875,1.62847,3),(8,0.2,1,2.11579,3),(9,0.2,1,2.11579,3),(10,0.2,0.936508,1.98145,3),(11,0.2,1,2.11579,3);
/*!40000 ALTER TABLE `ruleinfo` ENABLE KEYS */;
UNLOCK TABLES;

--
-- Table structure for table `webservicelist`
--

DROP TABLE IF EXISTS `webservicelist`;
/*!40101 SET @saved_cs_client     = @@character_set_client */;
/*!50503 SET character_set_client = utf8mb4 */;
CREATE TABLE `webservicelist` (
  `webServiceID` varchar(10) NOT NULL,
  `webServiceName` varchar(100) DEFAULT NULL,
  `reputation` float DEFAULT NULL,
  `price` float DEFAULT NULL,
  `duration` int DEFAULT NULL,
  `provider` varchar(50) DEFAULT NULL,
  `url` varchar(100) DEFAULT NULL,
  PRIMARY KEY (`webServiceID`)
) ENGINE=InnoDB DEFAULT CHARSET=latin1;
/*!40101 SET character_set_client = @saved_cs_client */;

--
-- Dumping data for table `webservicelist`
--

LOCK TABLES `webservicelist` WRITE;
/*!40000 ALTER TABLE `webservicelist` DISABLE KEYS */;
INSERT INTO `webservicelist` VALUES ('WSS1','WSS1Name',3,1,3,'serviceprovider','https://serviceprovider.com'),('WSS10','WSS10Name',3,1,3,'serviceprovider','https://serviceprovider.com'),('WSS100','WSS100Name',3,1,3,'serviceprovider','https://serviceprovider.com'),('WSS101','WSS101Name',3,1,3,'serviceprovider','https://serviceprovider.com'),('WSS102','WSS102Name',3,1,3,'serviceprovider','https://serviceprovider.com'),('WSS103','WSS103Name',3,1,3,'serviceprovider','https://serviceprovider.com'),('WSS104','WSS104Name',3,1,3,'serviceprovider','https://serviceprovider.com'),('WSS105','WSS105Name',3,1,3,'serviceprovider','https://serviceprovider.com'),('WSS106','WSS106Name',3,1,3,'serviceprovider','https://serviceprovider.com'),('WSS107','WSS107Name',3,1,3,'serviceprovider','https://serviceprovider.com'),('WSS108','WSS108Name',3,1,3,'serviceprovider','https://serviceprovider.com'),('WSS109','WSS109Name',3,1,3,'serviceprovider','https://serviceprovider.com'),('WSS11','WSS11Name',3,1,3,'serviceprovider','https://serviceprovider.com'),('WSS110','WSS110Name',3,1,3,'serviceprovider','https://serviceprovider.com'),('WSS111','WSS111Name',3,1,3,'serviceprovider','https://serviceprovider.com'),('WSS112','WSS112Name',3,1,3,'serviceprovider','https://serviceprovider.com'),('WSS113','WSS113Name',3,1,3,'serviceprovider','https://serviceprovider.com'),('WSS114','WSS114Name',3,1,3,'serviceprovider','https://serviceprovider.com'),('WSS115','WSS115Name',3,1,3,'serviceprovider','https://serviceprovider.com'),('WSS116','WSS116Name',3,1,3,'serviceprovider','https://serviceprovider.com'),('WSS117','WSS117Name',3,1,3,'serviceprovider','https://serviceprovider.com'),('WSS118','WSS118Name',3,1,3,'serviceprovider','https://serviceprovider.com'),('WSS119','WSS119Name',3,1,3,'serviceprovider','https://serviceprovider.com'),('WSS12','WSS12Name',3,1,3,'serviceprovider','https://serviceprovider.com'),('WSS120','WSS120Name',3,1,3,'serviceprovider','https://serviceprovider.com'),('WSS121','WSS121Name',3,1,3,'serviceprovider','https://serviceprovider.com'),('WSS122','WSS122Name',3,1,3,'serviceprovider','https://serviceprovider.com'),('WSS123','WSS123Name',3,1,3,'serviceprovider','https://serviceprovider.com'),('WSS124','WSS124Name',3,1,3,'serviceprovider','https://serviceprovider.com'),('WSS125','WSS125Name',3,1,3,'serviceprovider','https://serviceprovider.com'),('WSS126','WSS126Name',3,1,3,'serviceprovider','https://serviceprovider.com'),('WSS127','WSS127Name',3,1,3,'serviceprovider','https://serviceprovider.com'),('WSS128','WSS128Name',3,1,3,'serviceprovider','https://serviceprovider.com'),('WSS129','WSS129Name',3,1,3,'serviceprovider','https://serviceprovider.com'),('WSS13','WSS13Name',3,1,3,'serviceprovider','https://serviceprovider.com'),('WSS130','WSS130Name',3,1,3,'serviceprovider','https://serviceprovider.com'),('WSS131','WSS131Name',3,1,3,'serviceprovider','https://serviceprovider.com'),('WSS132','WSS132Name',3,1,3,'serviceprovider','https://serviceprovider.com'),('WSS133','WSS133Name',3,1,3,'serviceprovider','https://serviceprovider.com'),('WSS134','WSS134Name',3,1,3,'serviceprovider','https://serviceprovider.com'),('WSS135','WSS135Name',3,1,3,'serviceprovider','https://serviceprovider.com'),('WSS136','WSS136Name',3,1,3,'serviceprovider','https://serviceprovider.com'),('WSS137','WSS137Name',3,1,3,'serviceprovider','https://serviceprovider.com'),('WSS138','WSS138Name',3,1,3,'serviceprovider','https://serviceprovider.com'),('WSS139','WSS139Name',3,1,3,'serviceprovider','https://serviceprovider.com'),('WSS14','WSS14Name',3,1,3,'serviceprovider','https://serviceprovider.com'),('WSS140','WSS140Name',3,1,3,'serviceprovider','https://serviceprovider.com'),('WSS141','WSS141Name',3,1,3,'serviceprovider','https://serviceprovider.com'),('WSS142','WSS142Name',3,1,3,'serviceprovider','https://serviceprovider.com'),('WSS143','WSS143Name',3,1,3,'serviceprovider','https://serviceprovider.com'),('WSS144','WSS144Name',3,1,3,'serviceprovider','https://serviceprovider.com'),('WSS145','WSS145Name',3,1,3,'serviceprovider','https://serviceprovider.com'),('WSS146','WSS146Name',3,1,3,'serviceprovider','https://serviceprovider.com'),('WSS147','WSS147Name',3,1,3,'serviceprovider','https://serviceprovider.com'),('WSS148','WSS148Name',3,1,3,'serviceprovider','https://serviceprovider.com'),('WSS149','WSS149Name',3,1,3,'serviceprovider','https://serviceprovider.com'),('WSS15','WSS15Name',3,1,3,'serviceprovider','https://serviceprovider.com'),('WSS150','WSS150Name',3,1,3,'serviceprovider','https://serviceprovider.com'),('WSS151','WSS151Name',3,1,3,'serviceprovider','https://serviceprovider.com'),('WSS152','WSS152Name',3,1,3,'serviceprovider','https://serviceprovider.com'),('WSS153','WSS153Name',3,1,3,'serviceprovider','https://serviceprovider.com'),('WSS154','WSS154Name',3,1,3,'serviceprovider','https://serviceprovider.com'),('WSS155','WSS155Name',3,1,3,'serviceprovider','https://serviceprovider.com'),('WSS156','WSS156Name',3,1,3,'serviceprovider','https://serviceprovider.com'),('WSS157','WSS157Name',3,1,3,'serviceprovider','https://serviceprovider.com'),('WSS158','WSS158Name',3,1,3,'serviceprovider','https://serviceprovider.com'),('WSS159','WSS159Name',3,1,3,'serviceprovider','https://serviceprovider.com'),('WSS16','WSS16Name',3,1,3,'serviceprovider','https://serviceprovider.com'),('WSS160','WSS160Name',3,1,3,'serviceprovider','https://serviceprovider.com'),('WSS161','WSS161Name',3,1,3,'serviceprovider','https://serviceprovider.com'),('WSS162','WSS162Name',3,1,3,'serviceprovider','https://serviceprovider.com'),('WSS163','WSS163Name',3,1,3,'serviceprovider','https://serviceprovider.com'),('WSS164','WSS164Name',3,1,3,'serviceprovider','https://serviceprovider.com'),('WSS165','WSS165Name',3,1,3,'serviceprovider','https://serviceprovider.com'),('WSS166','WSS166Name',3,1,3,'serviceprovider','https://serviceprovider.com'),('WSS167','WSS167Name',3,1,3,'serviceprovider','https://serviceprovider.com'),('WSS168','WSS168Name',3,1,3,'serviceprovider','https://serviceprovider.com'),('WSS169','WSS169Name',3,1,3,'serviceprovider','https://serviceprovider.com'),('WSS17','WSS17Name',3,1,3,'serviceprovider','https://serviceprovider.com'),('WSS170','WSS170Name',3,1,3,'serviceprovider','https://serviceprovider.com'),('WSS171','WSS171Name',3,1,3,'serviceprovider','https://serviceprovider.com'),('WSS172','WSS172Name',3,1,3,'serviceprovider','https://serviceprovider.com'),('WSS173','WSS173Name',3,1,3,'serviceprovider','https://serviceprovider.com'),('WSS174','WSS174Name',3,1,3,'serviceprovider','https://serviceprovider.com'),('WSS175','WSS175Name',3,1,3,'serviceprovider','https://serviceprovider.com'),('WSS176','WSS176Name',3,1,3,'serviceprovider','https://serviceprovider.com'),('WSS177','WSS177Name',3,1,3,'serviceprovider','https://serviceprovider.com'),('WSS178','WSS178Name',3,1,3,'serviceprovider','https://serviceprovider.com'),('WSS179','WSS179Name',3,1,3,'serviceprovider','https://serviceprovider.com'),('WSS18','WSS18Name',3,1,3,'serviceprovider','https://serviceprovider.com'),('WSS180','WSS180Name',3,1,3,'serviceprovider','https://serviceprovider.com'),('WSS181','WSS181Name',3,1,3,'serviceprovider','https://serviceprovider.com'),('WSS182','WSS182Name',3,1,3,'serviceprovider','https://serviceprovider.com'),('WSS183','WSS183Name',3,1,3,'serviceprovider','https://serviceprovider.com'),('WSS184','WSS184Name',3,1,3,'serviceprovider','https://serviceprovider.com'),('WSS185','WSS185Name',3,1,3,'serviceprovider','https://serviceprovider.com'),('WSS186','WSS186Name',3,1,3,'serviceprovider','https://serviceprovider.com'),('WSS187','WSS187Name',3,1,3,'serviceprovider','https://serviceprovider.com'),('WSS188','WSS188Name',3,1,3,'serviceprovider','https://serviceprovider.com'),('WSS189','WSS189Name',3,1,3,'serviceprovider','https://serviceprovider.com'),('WSS19','WSS19Name',3,1,3,'serviceprovider','https://serviceprovider.com'),('WSS190','WSS190Name',3,1,3,'serviceprovider','https://serviceprovider.com'),('WSS191','WSS191Name',3,1,3,'serviceprovider','https://serviceprovider.com'),('WSS192','WSS192Name',3,1,3,'serviceprovider','https://serviceprovider.com'),('WSS193','WSS193Name',3,1,3,'serviceprovider','https://serviceprovider.com'),('WSS194','WSS194Name',3,1,3,'serviceprovider','https://serviceprovider.com'),('WSS195','WSS195Name',3,1,3,'serviceprovider','https://serviceprovider.com'),('WSS196','WSS196Name',3,1,3,'serviceprovider','https://serviceprovider.com'),('WSS197','WSS197Name',3,1,3,'serviceprovider','https://serviceprovider.com'),('WSS198','WSS198Name',3,1,3,'serviceprovider','https://serviceprovider.com'),('WSS199','WSS199Name',3,1,3,'serviceprovider','https://serviceprovider.com'),('WSS2','WSS2Name',3,1,3,'serviceprovider','https://serviceprovider.com'),('WSS20','WSS20Name',3,1,3,'serviceprovider','https://serviceprovider.com'),('WSS200','WSS200Name',3,1,3,'serviceprovider','https://serviceprovider.com'),('WSS201','WSS201Name',3,1,3,'serviceprovider','https://serviceprovider.com'),('WSS202','WSS202Name',3,1,3,'serviceprovider','https://serviceprovider.com'),('WSS203','WSS203Name',3,1,3,'serviceprovider','https://serviceprovider.com'),('WSS204','WSS204Name',3,1,3,'serviceprovider','https://serviceprovider.com'),('WSS205','WSS205Name',3,1,3,'serviceprovider','https://serviceprovider.com'),('WSS206','WSS206Name',3,1,3,'serviceprovider','https://serviceprovider.com'),('WSS207','WSS207Name',3,1,3,'serviceprovider','https://serviceprovider.com'),('WSS208','WSS208Name',3,1,3,'serviceprovider','https://serviceprovider.com'),('WSS209','WSS209Name',3,1,3,'serviceprovider','https://serviceprovider.com'),('WSS21','WSS21Name',3,1,3,'serviceprovider','https://serviceprovider.com'),('WSS210','WSS210Name',3,1,3,'serviceprovider','https://serviceprovider.com'),('WSS211','WSS211Name',3,1,3,'serviceprovider','https://serviceprovider.com'),('WSS212','WSS212Name',3,1,3,'serviceprovider','https://serviceprovider.com'),('WSS213','WSS213Name',3,1,3,'serviceprovider','https://serviceprovider.com'),('WSS214','WSS214Name',3,1,3,'serviceprovider','https://serviceprovider.com'),('WSS215','WSS215Name',3,1,3,'serviceprovider','https://serviceprovider.com'),('WSS216','WSS216Name',3,1,3,'serviceprovider','https://serviceprovider.com'),('WSS217','WSS217Name',3,1,3,'serviceprovider','https://serviceprovider.com'),('WSS218','WSS218Name',3,1,3,'serviceprovider','https://serviceprovider.com'),('WSS219','WSS219Name',3,1,3,'serviceprovider','https://serviceprovider.com'),('WSS22','WSS22Name',3,1,3,'serviceprovider','https://serviceprovider.com'),('WSS220','WSS220Name',3,1,3,'serviceprovider','https://serviceprovider.com'),('WSS221','WSS221Name',3,1,3,'serviceprovider','https://serviceprovider.com'),('WSS222','WSS222Name',3,1,3,'serviceprovider','https://serviceprovider.com'),('WSS223','WSS223Name',3,1,3,'serviceprovider','https://serviceprovider.com'),('WSS224','WSS224Name',3,1,3,'serviceprovider','https://serviceprovider.com'),('WSS225','WSS225Name',3,1,3,'serviceprovider','https://serviceprovider.com'),('WSS226','WSS226Name',3,1,3,'serviceprovider','https://serviceprovider.com'),('WSS227','WSS227Name',3,1,3,'serviceprovider','https://serviceprovider.com'),('WSS228','WSS228Name',3,1,3,'serviceprovider','https://serviceprovider.com'),('WSS229','WSS229Name',3,1,3,'serviceprovider','https://serviceprovider.com'),('WSS23','WSS23Name',3,1,3,'serviceprovider','https://serviceprovider.com'),('WSS230','WSS230Name',3,1,3,'serviceprovider','https://serviceprovider.com'),('WSS231','WSS231Name',3,1,3,'serviceprovider','https://serviceprovider.com'),('WSS232','WSS232Name',3,1,3,'serviceprovider','https://serviceprovider.com'),('WSS233','WSS233Name',3,1,3,'serviceprovider','https://serviceprovider.com'),('WSS234','WSS234Name',3,1,3,'serviceprovider','https://serviceprovider.com'),('WSS235','WSS235Name',3,1,3,'serviceprovider','https://serviceprovider.com'),('WSS236','WSS236Name',3,1,3,'serviceprovider','https://serviceprovider.com'),('WSS237','WSS237Name',3,1,3,'serviceprovider','https://serviceprovider.com'),('WSS238','WSS238Name',3,1,3,'serviceprovider','https://serviceprovider.com'),('WSS239','WSS239Name',3,1,3,'serviceprovider','https://serviceprovider.com'),('WSS24','WSS24Name',3,1,3,'serviceprovider','https://serviceprovider.com'),('WSS240','WSS240Name',3,1,3,'serviceprovider','https://serviceprovider.com'),('WSS241','WSS241Name',3,1,3,'serviceprovider','https://serviceprovider.com'),('WSS242','WSS242Name',3,1,3,'serviceprovider','https://serviceprovider.com'),('WSS243','WSS243Name',3,1,3,'serviceprovider','https://serviceprovider.com'),('WSS244','WSS244Name',3,1,3,'serviceprovider','https://serviceprovider.com'),('WSS245','WSS245Name',3,1,3,'serviceprovider','https://serviceprovider.com'),('WSS246','WSS246Name',3,1,3,'serviceprovider','https://serviceprovider.com'),('WSS247','WSS247Name',3,1,3,'serviceprovider','https://serviceprovider.com'),('WSS248','WSS248Name',3,1,3,'serviceprovider','https://serviceprovider.com'),('WSS249','WSS249Name',3,1,3,'serviceprovider','https://serviceprovider.com'),('WSS25','WSS25Name',3,1,3,'serviceprovider','https://serviceprovider.com'),('WSS250','WSS250Name',3,1,3,'serviceprovider','https://serviceprovider.com'),('WSS251','WSS251Name',3,1,3,'serviceprovider','https://serviceprovider.com'),('WSS252','WSS252Name',3,1,3,'serviceprovider','https://serviceprovider.com'),('WSS253','WSS253Name',3,1,3,'serviceprovider','https://serviceprovider.com'),('WSS254','WSS254Name',3,1,3,'serviceprovider','https://serviceprovider.com'),('WSS255','WSS255Name',3,1,3,'serviceprovider','https://serviceprovider.com'),('WSS256','WSS256Name',3,1,3,'serviceprovider','https://serviceprovider.com'),('WSS257','WSS257Name',3,1,3,'serviceprovider','https://serviceprovider.com'),('WSS258','WSS258Name',3,1,3,'serviceprovider','https://serviceprovider.com'),('WSS259','WSS259Name',3,1,3,'serviceprovider','https://serviceprovider.com'),('WSS26','WSS26Name',3,1,3,'serviceprovider','https://serviceprovider.com'),('WSS260','WSS260Name',3,1,3,'serviceprovider','https://serviceprovider.com'),('WSS261','WSS261Name',3,1,3,'serviceprovider','https://serviceprovider.com'),('WSS262','WSS262Name',3,1,3,'serviceprovider','https://serviceprovider.com'),('WSS263','WSS263Name',3,1,3,'serviceprovider','https://serviceprovider.com'),('WSS264','WSS264Name',3,1,3,'serviceprovider','https://serviceprovider.com'),('WSS265','WSS265Name',3,1,3,'serviceprovider','https://serviceprovider.com'),('WSS266','WSS266Name',3,1,3,'serviceprovider','https://serviceprovider.com'),('WSS267','WSS267Name',3,1,3,'serviceprovider','https://serviceprovider.com'),('WSS268','WSS268Name',3,1,3,'serviceprovider','https://serviceprovider.com'),('WSS269','WSS269Name',3,1,3,'serviceprovider','https://serviceprovider.com'),('WSS27','WSS27Name',3,1,3,'serviceprovider','https://serviceprovider.com'),('WSS270','WSS270Name',3,1,3,'serviceprovider','https://serviceprovider.com'),('WSS271','WSS271Name',3,1,3,'serviceprovider','https://serviceprovider.com'),('WSS272','WSS272Name',3,1,3,'serviceprovider','https://serviceprovider.com'),('WSS273','WSS273Name',3,1,3,'serviceprovider','https://serviceprovider.com'),('WSS274','WSS274Name',3,1,3,'serviceprovider','https://serviceprovider.com'),('WSS275','WSS275Name',3,1,3,'serviceprovider','https://serviceprovider.com'),('WSS276','WSS276Name',3,1,3,'serviceprovider','https://serviceprovider.com'),('WSS277','WSS277Name',3,1,3,'serviceprovider','https://serviceprovider.com'),('WSS278','WSS278Name',3,1,3,'serviceprovider','https://serviceprovider.com'),('WSS279','WSS279Name',3,1,3,'serviceprovider','https://serviceprovider.com'),('WSS28','WSS28Name',3,1,3,'serviceprovider','https://serviceprovider.com'),('WSS280','WSS280Name',3,1,3,'serviceprovider','https://serviceprovider.com'),('WSS281','WSS281Name',3,1,3,'serviceprovider','https://serviceprovider.com'),('WSS282','WSS282Name',3,1,3,'serviceprovider','https://serviceprovider.com'),('WSS283','WSS283Name',3,1,3,'serviceprovider','https://serviceprovider.com'),('WSS284','WSS284Name',3,1,3,'serviceprovider','https://serviceprovider.com'),('WSS285','WSS285Name',3,1,3,'serviceprovider','https://serviceprovider.com'),('WSS286','WSS286Name',3,1,3,'serviceprovider','https://serviceprovider.com'),('WSS287','WSS287Name',3,1,3,'serviceprovider','https://serviceprovider.com'),('WSS288','WSS288Name',3,1,3,'serviceprovider','https://serviceprovider.com'),('WSS289','WSS289Name',3,1,3,'serviceprovider','https://serviceprovider.com'),('WSS29','WSS29Name',3,1,3,'serviceprovider','https://serviceprovider.com'),('WSS290','WSS290Name',3,1,3,'serviceprovider','https://serviceprovider.com'),('WSS291','WSS291Name',3,1,3,'serviceprovider','https://serviceprovider.com'),('WSS292','WSS292Name',3,1,3,'serviceprovider','https://serviceprovider.com'),('WSS293','WSS293Name',3,1,3,'serviceprovider','https://serviceprovider.com'),('WSS294','WSS294Name',3,1,3,'serviceprovider','https://serviceprovider.com'),('WSS295','WSS295Name',3,1,3,'serviceprovider','https://serviceprovider.com'),('WSS296','WSS296Name',3,1,3,'serviceprovider','https://serviceprovider.com'),('WSS297','WSS297Name',3,1,3,'serviceprovider','https://serviceprovider.com'),('WSS298','WSS298Name',3,1,3,'serviceprovider','https://serviceprovider.com'),('WSS299','WSS299Name',3,1,3,'serviceprovider','https://serviceprovider.com'),('WSS3','WSS3Name',3,1,3,'serviceprovider','https://serviceprovider.com'),('WSS30','WSS30Name',3,1,3,'serviceprovider','https://serviceprovider.com'),('WSS300','WSS300Name',3,1,3,'serviceprovider','https://serviceprovider.com'),('WSS301','WSS301Name',3,1,3,'serviceprovider','https://serviceprovider.com'),('WSS302','WSS302Name',3,1,3,'serviceprovider','https://serviceprovider.com'),('WSS303','WSS303Name',3,1,3,'serviceprovider','https://serviceprovider.com'),('WSS304','WSS304Name',3,1,3,'serviceprovider','https://serviceprovider.com'),('WSS305','WSS305Name',3,1,3,'serviceprovider','https://serviceprovider.com'),('WSS306','WSS306Name',3,1,3,'serviceprovider','https://serviceprovider.com'),('WSS307','WSS307Name',3,1,3,'serviceprovider','https://serviceprovider.com'),('WSS308','WSS308Name',3,1,3,'serviceprovider','https://serviceprovider.com'),('WSS309','WSS309Name',3,1,3,'serviceprovider','https://serviceprovider.com'),('WSS31','WSS31Name',3,1,3,'serviceprovider','https://serviceprovider.com'),('WSS310','WSS310Name',3,1,3,'serviceprovider','https://serviceprovider.com'),('WSS311','WSS311Name',3,1,3,'serviceprovider','https://serviceprovider.com'),('WSS312','WSS312Name',3,1,3,'serviceprovider','https://serviceprovider.com'),('WSS313','WSS313Name',3,1,3,'serviceprovider','https://serviceprovider.com'),('WSS314','WSS314Name',3,1,3,'serviceprovider','https://serviceprovider.com'),('WSS315','WSS315Name',3,1,3,'serviceprovider','https://serviceprovider.com'),('WSS316','WSS316Name',3,1,3,'serviceprovider','https://serviceprovider.com'),('WSS317','WSS317Name',3,1,3,'serviceprovider','https://serviceprovider.com'),('WSS318','WSS318Name',3,1,3,'serviceprovider','https://serviceprovider.com'),('WSS319','WSS319Name',3,1,3,'serviceprovider','https://serviceprovider.com'),('WSS32','WSS32Name',3,1,3,'serviceprovider','https://serviceprovider.com'),('WSS320','WSS320Name',3,1,3,'serviceprovider','https://serviceprovider.com'),('WSS321','WSS321Name',3,1,3,'serviceprovider','https://serviceprovider.com'),('WSS322','WSS322Name',3,1,3,'serviceprovider','https://serviceprovider.com'),('WSS323','WSS323Name',3,1,3,'serviceprovider','https://serviceprovider.com'),('WSS324','WSS324Name',3,1,3,'serviceprovider','https://serviceprovider.com'),('WSS325','WSS325Name',3,1,3,'serviceprovider','https://serviceprovider.com'),('WSS326','WSS326Name',3,1,3,'serviceprovider','https://serviceprovider.com'),('WSS327','WSS327Name',3,1,3,'serviceprovider','https://serviceprovider.com'),('WSS328','WSS328Name',3,1,3,'serviceprovider','https://serviceprovider.com'),('WSS329','WSS329Name',3,1,3,'serviceprovider','https://serviceprovider.com'),('WSS33','WSS33Name',3,1,3,'serviceprovider','https://serviceprovider.com'),('WSS330','WSS330Name',3,1,3,'serviceprovider','https://serviceprovider.com'),('WSS331','WSS331Name',3,1,3,'serviceprovider','https://serviceprovider.com'),('WSS332','WSS332Name',3,1,3,'serviceprovider','https://serviceprovider.com'),('WSS333','WSS333Name',3,1,3,'serviceprovider','https://serviceprovider.com'),('WSS334','WSS334Name',3,1,3,'serviceprovider','https://serviceprovider.com'),('WSS335','WSS335Name',3,1,3,'serviceprovider','https://serviceprovider.com'),('WSS336','WSS336Name',3,1,3,'serviceprovider','https://serviceprovider.com'),('WSS337','WSS337Name',3,1,3,'serviceprovider','https://serviceprovider.com'),('WSS338','WSS338Name',3,1,3,'serviceprovider','https://serviceprovider.com'),('WSS339','WSS339Name',3,1,3,'serviceprovider','https://serviceprovider.com'),('WSS34','WSS34Name',3,1,3,'serviceprovider','https://serviceprovider.com'),('WSS340','WSS340Name',3,1,3,'serviceprovider','https://serviceprovider.com'),('WSS341','WSS341Name',3,1,3,'serviceprovider','https://serviceprovider.com'),('WSS342','WSS342Name',3,1,3,'serviceprovider','https://serviceprovider.com'),('WSS343','WSS343Name',3,1,3,'serviceprovider','https://serviceprovider.com'),('WSS344','WSS344Name',3,1,3,'serviceprovider','https://serviceprovider.com'),('WSS345','WSS345Name',3,1,3,'serviceprovider','https://serviceprovider.com'),('WSS346','WSS346Name',3,1,3,'serviceprovider','https://serviceprovider.com'),('WSS347','WSS347Name',3,1,3,'serviceprovider','https://serviceprovider.com'),('WSS348','WSS348Name',3,1,3,'serviceprovider','https://serviceprovider.com'),('WSS349','WSS349Name',3,1,3,'serviceprovider','https://serviceprovider.com'),('WSS35','WSS35Name',3,1,3,'serviceprovider','https://serviceprovider.com'),('WSS350','WSS350Name',3,1,3,'serviceprovider','https://serviceprovider.com'),('WSS351','WSS351Name',3,1,3,'serviceprovider','https://serviceprovider.com'),('WSS352','WSS352Name',3,1,3,'serviceprovider','https://serviceprovider.com'),('WSS353','WSS353Name',3,1,3,'serviceprovider','https://serviceprovider.com'),('WSS354','WSS354Name',3,1,3,'serviceprovider','https://serviceprovider.com'),('WSS355','WSS355Name',3,1,3,'serviceprovider','https://serviceprovider.com'),('WSS356','WSS356Name',3,1,3,'serviceprovider','https://serviceprovider.com'),('WSS357','WSS357Name',3,1,3,'serviceprovider','https://serviceprovider.com'),('WSS358','WSS358Name',3,1,3,'serviceprovider','https://serviceprovider.com'),('WSS359','WSS359Name',3,1,3,'serviceprovider','https://serviceprovider.com'),('WSS36','WSS36Name',3,1,3,'serviceprovider','https://serviceprovider.com'),('WSS360','WSS360Name',3,1,3,'serviceprovider','https://serviceprovider.com'),('WSS361','WSS361Name',3,1,3,'serviceprovider','https://serviceprovider.com'),('WSS362','WSS362Name',3,1,3,'serviceprovider','https://serviceprovider.com'),('WSS363','WSS363Name',3,1,3,'serviceprovider','https://serviceprovider.com'),('WSS364','WSS364Name',3,1,3,'serviceprovider','https://serviceprovider.com'),('WSS365','WSS365Name',3,1,3,'serviceprovider','https://serviceprovider.com'),('WSS366','WSS366Name',3,1,3,'serviceprovider','https://serviceprovider.com'),('WSS367','WSS367Name',3,1,3,'serviceprovider','https://serviceprovider.com'),('WSS368','WSS368Name',3,1,3,'serviceprovider','https://serviceprovider.com'),('WSS369','WSS369Name',3,1,3,'serviceprovider','https://serviceprovider.com'),('WSS37','WSS37Name',3,1,3,'serviceprovider','https://serviceprovider.com'),('WSS370','WSS370Name',3,1,3,'serviceprovider','https://serviceprovider.com'),('WSS371','WSS371Name',3,1,3,'serviceprovider','https://serviceprovider.com'),('WSS372','WSS372Name',3,1,3,'serviceprovider','https://serviceprovider.com'),('WSS373','WSS373Name',3,1,3,'serviceprovider','https://serviceprovider.com'),('WSS374','WSS374Name',3,1,3,'serviceprovider','https://serviceprovider.com'),('WSS375','WSS375Name',3,1,3,'serviceprovider','https://serviceprovider.com'),('WSS376','WSS376Name',3,1,3,'serviceprovider','https://serviceprovider.com'),('WSS377','WSS377Name',3,1,3,'serviceprovider','https://serviceprovider.com'),('WSS378','WSS378Name',3,1,3,'serviceprovider','https://serviceprovider.com'),('WSS379','WSS379Name',3,1,3,'serviceprovider','https://serviceprovider.com'),('WSS38','WSS38Name',3,1,3,'serviceprovider','https://serviceprovider.com'),('WSS380','WSS380Name',3,1,3,'serviceprovider','https://serviceprovider.com'),('WSS381','WSS381Name',3,1,3,'serviceprovider','https://serviceprovider.com'),('WSS382','WSS382Name',3,1,3,'serviceprovider','https://serviceprovider.com'),('WSS383','WSS383Name',3,1,3,'serviceprovider','https://serviceprovider.com'),('WSS384','WSS384Name',3,1,3,'serviceprovider','https://serviceprovider.com'),('WSS385','WSS385Name',3,1,3,'serviceprovider','https://serviceprovider.com'),('WSS386','WSS386Name',3,1,3,'serviceprovider','https://serviceprovider.com'),('WSS387','WSS387Name',3,1,3,'serviceprovider','https://serviceprovider.com'),('WSS388','WSS388Name',3,1,3,'serviceprovider','https://serviceprovider.com'),('WSS389','WSS389Name',3,1,3,'serviceprovider','https://serviceprovider.com'),('WSS39','WSS39Name',3,1,3,'serviceprovider','https://serviceprovider.com'),('WSS390','WSS390Name',3,1,3,'serviceprovider','https://serviceprovider.com'),('WSS391','WSS391Name',3,1,3,'serviceprovider','https://serviceprovider.com'),('WSS392','WSS392Name',3,1,3,'serviceprovider','https://serviceprovider.com'),('WSS393','WSS393Name',3,1,3,'serviceprovider','https://serviceprovider.com'),('WSS394','WSS394Name',3,1,3,'serviceprovider','https://serviceprovider.com'),('WSS395','WSS395Name',3,1,3,'serviceprovider','https://serviceprovider.com'),('WSS396','WSS396Name',3,1,3,'serviceprovider','https://serviceprovider.com'),('WSS397','WSS397Name',3,1,3,'serviceprovider','https://serviceprovider.com'),('WSS398','WSS398Name',3,1,3,'serviceprovider','https://serviceprovider.com'),('WSS399','WSS399Name',3,1,3,'serviceprovider','https://serviceprovider.com'),('WSS4','WSS4Name',3,1,3,'serviceprovider','https://serviceprovider.com'),('WSS40','WSS40Name',3,1,3,'serviceprovider','https://serviceprovider.com'),('WSS400','WSS400Name',3,1,3,'serviceprovider','https://serviceprovider.com'),('WSS401','WSS401Name',3,1,3,'serviceprovider','https://serviceprovider.com'),('WSS402','WSS402Name',3,1,3,'serviceprovider','https://serviceprovider.com'),('WSS403','WSS403Name',3,1,3,'serviceprovider','https://serviceprovider.com'),('WSS404','WSS404Name',3,1,3,'serviceprovider','https://serviceprovider.com'),('WSS405','WSS405Name',3,1,3,'serviceprovider','https://serviceprovider.com'),('WSS406','WSS406Name',3,1,3,'serviceprovider','https://serviceprovider.com'),('WSS407','WSS407Name',3,1,3,'serviceprovider','https://serviceprovider.com'),('WSS408','WSS408Name',3,1,3,'serviceprovider','https://serviceprovider.com'),('WSS409','WSS409Name',3,1,3,'serviceprovider','https://serviceprovider.com'),('WSS41','WSS41Name',3,1,3,'serviceprovider','https://serviceprovider.com'),('WSS410','WSS410Name',3,1,3,'serviceprovider','https://serviceprovider.com'),('WSS411','WSS411Name',3,1,3,'serviceprovider','https://serviceprovider.com'),('WSS412','WSS412Name',3,1,3,'serviceprovider','https://serviceprovider.com'),('WSS413','WSS413Name',3,1,3,'serviceprovider','https://serviceprovider.com'),('WSS414','WSS414Name',3,1,3,'serviceprovider','https://serviceprovider.com'),('WSS415','WSS415Name',3,1,3,'serviceprovider','https://serviceprovider.com'),('WSS416','WSS416Name',3,1,3,'serviceprovider','https://serviceprovider.com'),('WSS417','WSS417Name',3,1,3,'serviceprovider','https://serviceprovider.com'),('WSS418','WSS418Name',3,1,3,'serviceprovider','https://serviceprovider.com'),('WSS419','WSS419Name',3,1,3,'serviceprovider','https://serviceprovider.com'),('WSS42','WSS42Name',3,1,3,'serviceprovider','https://serviceprovider.com'),('WSS420','WSS420Name',3,1,3,'serviceprovider','https://serviceprovider.com'),('WSS421','WSS421Name',3,1,3,'serviceprovider','https://serviceprovider.com'),('WSS422','WSS422Name',3,1,3,'serviceprovider','https://serviceprovider.com'),('WSS423','WSS423Name',3,1,3,'serviceprovider','https://serviceprovider.com'),('WSS424','WSS424Name',3,1,3,'serviceprovider','https://serviceprovider.com'),('WSS425','WSS425Name',3,1,3,'serviceprovider','https://serviceprovider.com'),('WSS426','WSS426Name',3,1,3,'serviceprovider','https://serviceprovider.com'),('WSS427','WSS427Name',3,1,3,'serviceprovider','https://serviceprovider.com'),('WSS428','WSS428Name',3,1,3,'serviceprovider','https://serviceprovider.com'),('WSS429','WSS429Name',3,1,3,'serviceprovider','https://serviceprovider.com'),('WSS43','WSS43Name',3,1,3,'serviceprovider','https://serviceprovider.com'),('WSS430','WSS430Name',3,1,3,'serviceprovider','https://serviceprovider.com'),('WSS431','WSS431Name',3,1,3,'serviceprovider','https://serviceprovider.com'),('WSS432','WSS432Name',3,1,3,'serviceprovider','https://serviceprovider.com'),('WSS433','WSS433Name',3,1,3,'serviceprovider','https://serviceprovider.com'),('WSS434','WSS434Name',3,1,3,'serviceprovider','https://serviceprovider.com'),('WSS435','WSS435Name',3,1,3,'serviceprovider','https://serviceprovider.com'),('WSS436','WSS436Name',3,1,3,'serviceprovider','https://serviceprovider.com'),('WSS437','WSS437Name',3,1,3,'serviceprovider','https://serviceprovider.com'),('WSS438','WSS438Name',3,1,3,'serviceprovider','https://serviceprovider.com'),('WSS439','WSS439Name',3,1,3,'serviceprovider','https://serviceprovider.com'),('WSS44','WSS44Name',3,1,3,'serviceprovider','https://serviceprovider.com'),('WSS440','WSS440Name',3,1,3,'serviceprovider','https://serviceprovider.com'),('WSS441','WSS441Name',3,1,3,'serviceprovider','https://serviceprovider.com'),('WSS442','WSS442Name',3,1,3,'serviceprovider','https://serviceprovider.com'),('WSS443','WSS443Name',3,1,3,'serviceprovider','https://serviceprovider.com'),('WSS444','WSS444Name',3,1,3,'serviceprovider','https://serviceprovider.com'),('WSS445','WSS445Name',3,1,3,'serviceprovider','https://serviceprovider.com'),('WSS446','WSS446Name',3,1,3,'serviceprovider','https://serviceprovider.com'),('WSS447','WSS447Name',3,1,3,'serviceprovider','https://serviceprovider.com'),('WSS448','WSS448Name',3,1,3,'serviceprovider','https://serviceprovider.com'),('WSS449','WSS449Name',3,1,3,'serviceprovider','https://serviceprovider.com'),('WSS45','WSS45Name',3,1,3,'serviceprovider','https://serviceprovider.com'),('WSS450','WSS450Name',3,1,3,'serviceprovider','https://serviceprovider.com'),('WSS451','WSS451Name',3,1,3,'serviceprovider','https://serviceprovider.com'),('WSS452','WSS452Name',3,1,3,'serviceprovider','https://serviceprovider.com'),('WSS453','WSS453Name',3,1,3,'serviceprovider','https://serviceprovider.com'),('WSS454','WSS454Name',3,1,3,'serviceprovider','https://serviceprovider.com'),('WSS455','WSS455Name',3,1,3,'serviceprovider','https://serviceprovider.com'),('WSS456','WSS456Name',3,1,3,'serviceprovider','https://serviceprovider.com'),('WSS457','WSS457Name',3,1,3,'serviceprovider','https://serviceprovider.com'),('WSS458','WSS458Name',3,1,3,'serviceprovider','https://serviceprovider.com'),('WSS459','WSS459Name',3,1,3,'serviceprovider','https://serviceprovider.com'),('WSS46','WSS46Name',3,1,3,'serviceprovider','https://serviceprovider.com'),('WSS460','WSS460Name',3,1,3,'serviceprovider','https://serviceprovider.com'),('WSS461','WSS461Name',3,1,3,'serviceprovider','https://serviceprovider.com'),('WSS462','WSS462Name',3,1,3,'serviceprovider','https://serviceprovider.com'),('WSS463','WSS463Name',3,1,3,'serviceprovider','https://serviceprovider.com'),('WSS464','WSS464Name',3,1,3,'serviceprovider','https://serviceprovider.com'),('WSS465','WSS465Name',3,1,3,'serviceprovider','https://serviceprovider.com'),('WSS466','WSS466Name',3,1,3,'serviceprovider','https://serviceprovider.com'),('WSS467','WSS467Name',3,1,3,'serviceprovider','https://serviceprovider.com'),('WSS468','WSS468Name',3,1,3,'serviceprovider','https://serviceprovider.com'),('WSS469','WSS469Name',3,1,3,'serviceprovider','https://serviceprovider.com'),('WSS47','WSS47Name',3,1,3,'serviceprovider','https://serviceprovider.com'),('WSS470','WSS470Name',3,1,3,'serviceprovider','https://serviceprovider.com'),('WSS471','WSS471Name',3,1,3,'serviceprovider','https://serviceprovider.com'),('WSS472','WSS472Name',3,1,3,'serviceprovider','https://serviceprovider.com'),('WSS473','WSS473Name',3,1,3,'serviceprovider','https://serviceprovider.com'),('WSS474','WSS474Name',3,1,3,'serviceprovider','https://serviceprovider.com'),('WSS475','WSS475Name',3,1,3,'serviceprovider','https://serviceprovider.com'),('WSS476','WSS476Name',3,1,3,'serviceprovider','https://serviceprovider.com'),('WSS477','WSS477Name',3,1,3,'serviceprovider','https://serviceprovider.com'),('WSS478','WSS478Name',3,1,3,'serviceprovider','https://serviceprovider.com'),('WSS479','WSS479Name',3,1,3,'serviceprovider','https://serviceprovider.com'),('WSS48','WSS48Name',3,1,3,'serviceprovider','https://serviceprovider.com'),('WSS480','WSS480Name',3,1,3,'serviceprovider','https://serviceprovider.com'),('WSS481','WSS481Name',3,1,3,'serviceprovider','https://serviceprovider.com'),('WSS482','WSS482Name',3,1,3,'serviceprovider','https://serviceprovider.com'),('WSS483','WSS483Name',3,1,3,'serviceprovider','https://serviceprovider.com'),('WSS484','WSS484Name',3,1,3,'serviceprovider','https://serviceprovider.com'),('WSS485','WSS485Name',3,1,3,'serviceprovider','https://serviceprovider.com'),('WSS486','WSS486Name',3,1,3,'serviceprovider','https://serviceprovider.com'),('WSS487','WSS487Name',3,1,3,'serviceprovider','https://serviceprovider.com'),('WSS488','WSS488Name',3,1,3,'serviceprovider','https://serviceprovider.com'),('WSS489','WSS489Name',3,1,3,'serviceprovider','https://serviceprovider.com'),('WSS49','WSS49Name',3,1,3,'serviceprovider','https://serviceprovider.com'),('WSS490','WSS490Name',3,1,3,'serviceprovider','https://serviceprovider.com'),('WSS491','WSS491Name',3,1,3,'serviceprovider','https://serviceprovider.com'),('WSS492','WSS492Name',3,1,3,'serviceprovider','https://serviceprovider.com'),('WSS493','WSS493Name',3,1,3,'serviceprovider','https://serviceprovider.com'),('WSS494','WSS494Name',3,1,3,'serviceprovider','https://serviceprovider.com'),('WSS495','WSS495Name',3,1,3,'serviceprovider','https://serviceprovider.com'),('WSS496','WSS496Name',3,1,3,'serviceprovider','https://serviceprovider.com'),('WSS497','WSS497Name',3,1,3,'serviceprovider','https://serviceprovider.com'),('WSS498','WSS498Name',3,1,3,'serviceprovider','https://serviceprovider.com'),('WSS499','WSS499Name',3,1,3,'serviceprovider','https://serviceprovider.com'),('WSS5','WSS5Name',3,1,3,'serviceprovider','https://serviceprovider.com'),('WSS50','WSS50Name',3,1,3,'serviceprovider','https://serviceprovider.com'),('WSS500','WSS500Name',3,1,3,'serviceprovider','https://serviceprovider.com'),('WSS501','WSS501Name',3,1,3,'serviceprovider','https://serviceprovider.com'),('WSS502','WSS502Name',3,1,3,'serviceprovider','https://serviceprovider.com'),('WSS503','WSS503Name',3,1,3,'serviceprovider','https://serviceprovider.com'),('WSS504','WSS504Name',3,1,3,'serviceprovider','https://serviceprovider.com'),('WSS505','WSS505Name',3,1,3,'serviceprovider','https://serviceprovider.com'),('WSS506','WSS506Name',3,1,3,'serviceprovider','https://serviceprovider.com'),('WSS507','WSS507Name',3,1,3,'serviceprovider','https://serviceprovider.com'),('WSS508','WSS508Name',3,1,3,'serviceprovider','https://serviceprovider.com'),('WSS509','WSS509Name',3,1,3,'serviceprovider','https://serviceprovider.com'),('WSS51','WSS51Name',3,1,3,'serviceprovider','https://serviceprovider.com'),('WSS510','WSS510Name',3,1,3,'serviceprovider','https://serviceprovider.com'),('WSS511','WSS511Name',3,1,3,'serviceprovider','https://serviceprovider.com'),('WSS512','WSS512Name',3,1,3,'serviceprovider','https://serviceprovider.com'),('WSS513','WSS513Name',3,1,3,'serviceprovider','https://serviceprovider.com'),('WSS514','WSS514Name',3,1,3,'serviceprovider','https://serviceprovider.com'),('WSS515','WSS515Name',3,1,3,'serviceprovider','https://serviceprovider.com'),('WSS516','WSS516Name',3,1,3,'serviceprovider','https://serviceprovider.com'),('WSS517','WSS517Name',3,1,3,'serviceprovider','https://serviceprovider.com'),('WSS518','WSS518Name',3,1,3,'serviceprovider','https://serviceprovider.com'),('WSS519','WSS519Name',3,1,3,'serviceprovider','https://serviceprovider.com'),('WSS52','WSS52Name',3,1,3,'serviceprovider','https://serviceprovider.com'),('WSS520','WSS520Name',3,1,3,'serviceprovider','https://serviceprovider.com'),('WSS521','WSS521Name',3,1,3,'serviceprovider','https://serviceprovider.com'),('WSS522','WSS522Name',3,1,3,'serviceprovider','https://serviceprovider.com'),('WSS523','WSS523Name',3,1,3,'serviceprovider','https://serviceprovider.com'),('WSS524','WSS524Name',3,1,3,'serviceprovider','https://serviceprovider.com'),('WSS525','WSS525Name',3,1,3,'serviceprovider','https://serviceprovider.com'),('WSS526','WSS526Name',3,1,3,'serviceprovider','https://serviceprovider.com'),('WSS527','WSS527Name',3,1,3,'serviceprovider','https://serviceprovider.com'),('WSS528','WSS528Name',3,1,3,'serviceprovider','https://serviceprovider.com'),('WSS529','WSS529Name',3,1,3,'serviceprovider','https://serviceprovider.com'),('WSS53','WSS53Name',3,1,3,'serviceprovider','https://serviceprovider.com'),('WSS530','WSS530Name',3,1,3,'serviceprovider','https://serviceprovider.com'),('WSS531','WSS531Name',3,1,3,'serviceprovider','https://serviceprovider.com'),('WSS532','WSS532Name',3,1,3,'serviceprovider','https://serviceprovider.com'),('WSS533','WSS533Name',3,1,3,'serviceprovider','https://serviceprovider.com'),('WSS534','WSS534Name',3,1,3,'serviceprovider','https://serviceprovider.com'),('WSS535','WSS535Name',3,1,3,'serviceprovider','https://serviceprovider.com'),('WSS536','WSS536Name',3,1,3,'serviceprovider','https://serviceprovider.com'),('WSS537','WSS537Name',3,1,3,'serviceprovider','https://serviceprovider.com'),('WSS538','WSS538Name',3,1,3,'serviceprovider','https://serviceprovider.com'),('WSS539','WSS539Name',3,1,3,'serviceprovider','https://serviceprovider.com'),('WSS54','WSS54Name',3,1,3,'serviceprovider','https://serviceprovider.com'),('WSS540','WSS540Name',3,1,3,'serviceprovider','https://serviceprovider.com'),('WSS541','WSS541Name',3,1,3,'serviceprovider','https://serviceprovider.com'),('WSS542','WSS542Name',3,1,3,'serviceprovider','https://serviceprovider.com'),('WSS543','WSS543Name',3,1,3,'serviceprovider','https://serviceprovider.com'),('WSS544','WSS544Name',3,1,3,'serviceprovider','https://serviceprovider.com'),('WSS545','WSS545Name',3,1,3,'serviceprovider','https://serviceprovider.com'),('WSS546','WSS546Name',3,1,3,'serviceprovider','https://serviceprovider.com'),('WSS547','WSS547Name',3,1,3,'serviceprovider','https://serviceprovider.com'),('WSS548','WSS548Name',3,1,3,'serviceprovider','https://serviceprovider.com'),('WSS549','WSS549Name',3,1,3,'serviceprovider','https://serviceprovider.com'),('WSS55','WSS55Name',3,1,3,'serviceprovider','https://serviceprovider.com'),('WSS550','WSS550Name',3,1,3,'serviceprovider','https://serviceprovider.com'),('WSS551','WSS551Name',3,1,3,'serviceprovider','https://serviceprovider.com'),('WSS552','WSS552Name',3,1,3,'serviceprovider','https://serviceprovider.com'),('WSS553','WSS553Name',3,1,3,'serviceprovider','https://serviceprovider.com'),('WSS554','WSS554Name',3,1,3,'serviceprovider','https://serviceprovider.com'),('WSS555','WSS555Name',3,1,3,'serviceprovider','https://serviceprovider.com'),('WSS556','WSS556Name',3,1,3,'serviceprovider','https://serviceprovider.com'),('WSS557','WSS557Name',3,1,3,'serviceprovider','https://serviceprovider.com'),('WSS558','WSS558Name',3,1,3,'serviceprovider','https://serviceprovider.com'),('WSS559','WSS559Name',3,1,3,'serviceprovider','https://serviceprovider.com'),('WSS56','WSS56Name',3,1,3,'serviceprovider','https://serviceprovider.com'),('WSS560','WSS560Name',3,1,3,'serviceprovider','https://serviceprovider.com'),('WSS561','WSS561Name',3,1,3,'serviceprovider','https://serviceprovider.com'),('WSS562','WSS562Name',3,1,3,'serviceprovider','https://serviceprovider.com'),('WSS563','WSS563Name',3,1,3,'serviceprovider','https://serviceprovider.com'),('WSS564','WSS564Name',3,1,3,'serviceprovider','https://serviceprovider.com'),('WSS565','WSS565Name',3,1,3,'serviceprovider','https://serviceprovider.com'),('WSS566','WSS566Name',3,1,3,'serviceprovider','https://serviceprovider.com'),('WSS567','WSS567Name',3,1,3,'serviceprovider','https://serviceprovider.com'),('WSS568','WSS568Name',3,1,3,'serviceprovider','https://serviceprovider.com'),('WSS569','WSS569Name',3,1,3,'serviceprovider','https://serviceprovider.com'),('WSS57','WSS57Name',3,1,3,'serviceprovider','https://serviceprovider.com'),('WSS570','WSS570Name',3,1,3,'serviceprovider','https://serviceprovider.com'),('WSS571','WSS571Name',3,1,3,'serviceprovider','https://serviceprovider.com'),('WSS572','WSS572Name',3,1,3,'serviceprovider','https://serviceprovider.com'),('WSS573','WSS573Name',3,1,3,'serviceprovider','https://serviceprovider.com'),('WSS574','WSS574Name',3,1,3,'serviceprovider','https://serviceprovider.com'),('WSS575','WSS575Name',3,1,3,'serviceprovider','https://serviceprovider.com'),('WSS576','WSS576Name',3,1,3,'serviceprovider','https://serviceprovider.com'),('WSS577','WSS577Name',3,1,3,'serviceprovider','https://serviceprovider.com'),('WSS578','WSS578Name',3,1,3,'serviceprovider','https://serviceprovider.com'),('WSS579','WSS579Name',3,1,3,'serviceprovider','https://serviceprovider.com'),('WSS58','WSS58Name',3,1,3,'serviceprovider','https://serviceprovider.com'),('WSS580','WSS580Name',3,1,3,'serviceprovider','https://serviceprovider.com'),('WSS581','WSS581Name',3,1,3,'serviceprovider','https://serviceprovider.com'),('WSS582','WSS582Name',3,1,3,'serviceprovider','https://serviceprovider.com'),('WSS583','WSS583Name',3,1,3,'serviceprovider','https://serviceprovider.com'),('WSS584','WSS584Name',3,1,3,'serviceprovider','https://serviceprovider.com'),('WSS585','WSS585Name',3,1,3,'serviceprovider','https://serviceprovider.com'),('WSS586','WSS586Name',3,1,3,'serviceprovider','https://serviceprovider.com'),('WSS587','WSS587Name',3,1,3,'serviceprovider','https://serviceprovider.com'),('WSS588','WSS588Name',3,1,3,'serviceprovider','https://serviceprovider.com'),('WSS589','WSS589Name',3,1,3,'serviceprovider','https://serviceprovider.com'),('WSS59','WSS59Name',3,1,3,'serviceprovider','https://serviceprovider.com'),('WSS590','WSS590Name',3,1,3,'serviceprovider','https://serviceprovider.com'),('WSS591','WSS591Name',3,1,3,'serviceprovider','https://serviceprovider.com'),('WSS592','WSS592Name',3,1,3,'serviceprovider','https://serviceprovider.com'),('WSS593','WSS593Name',3,1,3,'serviceprovider','https://serviceprovider.com'),('WSS594','WSS594Name',3,1,3,'serviceprovider','https://serviceprovider.com'),('WSS595','WSS595Name',3,1,3,'serviceprovider','https://serviceprovider.com'),('WSS596','WSS596Name',3,1,3,'serviceprovider','https://serviceprovider.com'),('WSS597','WSS597Name',3,1,3,'serviceprovider','https://serviceprovider.com'),('WSS598','WSS598Name',3,1,3,'serviceprovider','https://serviceprovider.com'),('WSS599','WSS599Name',3,1,3,'serviceprovider','https://serviceprovider.com'),('WSS6','WSS6Name',3,1,3,'serviceprovider','https://serviceprovider.com'),('WSS60','WSS60Name',3,1,3,'serviceprovider','https://serviceprovider.com'),('WSS600','WSS600Name',3,1,3,'serviceprovider','https://serviceprovider.com'),('WSS601','WSS601Name',3,1,3,'serviceprovider','https://serviceprovider.com'),('WSS602','WSS602Name',3,1,3,'serviceprovider','https://serviceprovider.com'),('WSS603','WSS603Name',3,1,3,'serviceprovider','https://serviceprovider.com'),('WSS604','WSS604Name',3,1,3,'serviceprovider','https://serviceprovider.com'),('WSS605','WSS605Name',3,1,3,'serviceprovider','https://serviceprovider.com'),('WSS606','WSS606Name',3,1,3,'serviceprovider','https://serviceprovider.com'),('WSS607','WSS607Name',3,1,3,'serviceprovider','https://serviceprovider.com'),('WSS608','WSS608Name',3,1,3,'serviceprovider','https://serviceprovider.com'),('WSS609','WSS609Name',3,1,3,'serviceprovider','https://serviceprovider.com'),('WSS61','WSS61Name',3,1,3,'serviceprovider','https://serviceprovider.com'),('WSS610','WSS610Name',3,1,3,'serviceprovider','https://serviceprovider.com'),('WSS611','WSS611Name',3,1,3,'serviceprovider','https://serviceprovider.com'),('WSS612','WSS612Name',3,1,3,'serviceprovider','https://serviceprovider.com'),('WSS613','WSS613Name',3,1,3,'serviceprovider','https://serviceprovider.com'),('WSS614','WSS614Name',3,1,3,'serviceprovider','https://serviceprovider.com'),('WSS615','WSS615Name',3,1,3,'serviceprovider','https://serviceprovider.com'),('WSS616','WSS616Name',3,1,3,'serviceprovider','https://serviceprovider.com'),('WSS617','WSS617Name',3,1,3,'serviceprovider','https://serviceprovider.com'),('WSS618','WSS618Name',3,1,3,'serviceprovider','https://serviceprovider.com'),('WSS619','WSS619Name',3,1,3,'serviceprovider','https://serviceprovider.com'),('WSS62','WSS62Name',3,1,3,'serviceprovider','https://serviceprovider.com'),('WSS620','WSS620Name',3,1,3,'serviceprovider','https://serviceprovider.com'),('WSS621','WSS621Name',3,1,3,'serviceprovider','https://serviceprovider.com'),('WSS622','WSS622Name',3,1,3,'serviceprovider','https://serviceprovider.com'),('WSS623','WSS623Name',3,1,3,'serviceprovider','https://serviceprovider.com'),('WSS624','WSS624Name',3,1,3,'serviceprovider','https://serviceprovider.com'),('WSS625','WSS625Name',3,1,3,'serviceprovider','https://serviceprovider.com'),('WSS626','WSS626Name',3,1,3,'serviceprovider','https://serviceprovider.com'),('WSS627','WSS627Name',3,1,3,'serviceprovider','https://serviceprovider.com'),('WSS628','WSS628Name',3,1,3,'serviceprovider','https://serviceprovider.com'),('WSS629','WSS629Name',3,1,3,'serviceprovider','https://serviceprovider.com'),('WSS63','WSS63Name',3,1,3,'serviceprovider','https://serviceprovider.com'),('WSS630','WSS630Name',3,1,3,'serviceprovider','https://serviceprovider.com'),('WSS631','WSS631Name',3,1,3,'serviceprovider','https://serviceprovider.com'),('WSS632','WSS632Name',3,1,3,'serviceprovider','https://serviceprovider.com'),('WSS633','WSS633Name',3,1,3,'serviceprovider','https://serviceprovider.com'),('WSS634','WSS634Name',3,1,3,'serviceprovider','https://serviceprovider.com'),('WSS635','WSS635Name',3,1,3,'serviceprovider','https://serviceprovider.com'),('WSS636','WSS636Name',3,1,3,'serviceprovider','https://serviceprovider.com'),('WSS637','WSS637Name',3,1,3,'serviceprovider','https://serviceprovider.com'),('WSS638','WSS638Name',3,1,3,'serviceprovider','https://serviceprovider.com'),('WSS639','WSS639Name',3,1,3,'serviceprovider','https://serviceprovider.com'),('WSS64','WSS64Name',3,1,3,'serviceprovider','https://serviceprovider.com'),('WSS640','WSS640Name',3,1,3,'serviceprovider','https://serviceprovider.com'),('WSS641','WSS641Name',3,1,3,'serviceprovider','https://serviceprovider.com'),('WSS642','WSS642Name',3,1,3,'serviceprovider','https://serviceprovider.com'),('WSS643','WSS643Name',3,1,3,'serviceprovider','https://serviceprovider.com'),('WSS644','WSS644Name',3,1,3,'serviceprovider','https://serviceprovider.com'),('WSS645','WSS645Name',3,1,3,'serviceprovider','https://serviceprovider.com'),('WSS646','WSS646Name',3,1,3,'serviceprovider','https://serviceprovider.com'),('WSS647','WSS647Name',3,1,3,'serviceprovider','https://serviceprovider.com'),('WSS648','WSS648Name',3,1,3,'serviceprovider','https://serviceprovider.com'),('WSS649','WSS649Name',3,1,3,'serviceprovider','https://serviceprovider.com'),('WSS65','WSS65Name',3,1,3,'serviceprovider','https://serviceprovider.com'),('WSS650','WSS650Name',3,1,3,'serviceprovider','https://serviceprovider.com'),('WSS651','WSS651Name',3,1,3,'serviceprovider','https://serviceprovider.com'),('WSS652','WSS652Name',3,1,3,'serviceprovider','https://serviceprovider.com'),('WSS653','WSS653Name',3,1,3,'serviceprovider','https://serviceprovider.com'),('WSS654','WSS654Name',3,1,3,'serviceprovider','https://serviceprovider.com'),('WSS655','WSS655Name',3,1,3,'serviceprovider','https://serviceprovider.com'),('WSS656','WSS656Name',3,1,3,'serviceprovider','https://serviceprovider.com'),('WSS657','WSS657Name',3,1,3,'serviceprovider','https://serviceprovider.com'),('WSS658','WSS658Name',3,1,3,'serviceprovider','https://serviceprovider.com'),('WSS659','WSS659Name',3,1,3,'serviceprovider','https://serviceprovider.com'),('WSS66','WSS66Name',3,1,3,'serviceprovider','https://serviceprovider.com'),('WSS660','WSS660Name',3,1,3,'serviceprovider','https://serviceprovider.com'),('WSS661','WSS661Name',3,1,3,'serviceprovider','https://serviceprovider.com'),('WSS662','WSS662Name',3,1,3,'serviceprovider','https://serviceprovider.com'),('WSS663','WSS663Name',3,1,3,'serviceprovider','https://serviceprovider.com'),('WSS664','WSS664Name',3,1,3,'serviceprovider','https://serviceprovider.com'),('WSS665','WSS665Name',3,1,3,'serviceprovider','https://serviceprovider.com'),('WSS666','WSS666Name',3,1,3,'serviceprovider','https://serviceprovider.com'),('WSS667','WSS667Name',3,1,3,'serviceprovider','https://serviceprovider.com'),('WSS668','WSS668Name',3,1,3,'serviceprovider','https://serviceprovider.com'),('WSS669','WSS669Name',3,1,3,'serviceprovider','https://serviceprovider.com'),('WSS67','WSS67Name',3,1,3,'serviceprovider','https://serviceprovider.com'),('WSS670','WSS670Name',3,1,3,'serviceprovider','https://serviceprovider.com'),('WSS671','WSS671Name',3,1,3,'serviceprovider','https://serviceprovider.com'),('WSS672','WSS672Name',3,1,3,'serviceprovider','https://serviceprovider.com'),('WSS673','WSS673Name',3,1,3,'serviceprovider','https://serviceprovider.com'),('WSS674','WSS674Name',3,1,3,'serviceprovider','https://serviceprovider.com'),('WSS675','WSS675Name',3,1,3,'serviceprovider','https://serviceprovider.com'),('WSS676','WSS676Name',3,1,3,'serviceprovider','https://serviceprovider.com'),('WSS677','WSS677Name',3,1,3,'serviceprovider','https://serviceprovider.com'),('WSS678','WSS678Name',3,1,3,'serviceprovider','https://serviceprovider.com'),('WSS679','WSS679Name',3,1,3,'serviceprovider','https://serviceprovider.com'),('WSS68','WSS68Name',3,1,3,'serviceprovider','https://serviceprovider.com'),('WSS680','WSS680Name',3,1,3,'serviceprovider','https://serviceprovider.com'),('WSS681','WSS681Name',3,1,3,'serviceprovider','https://serviceprovider.com'),('WSS682','WSS682Name',3,1,3,'serviceprovider','https://serviceprovider.com'),('WSS683','WSS683Name',3,1,3,'serviceprovider','https://serviceprovider.com'),('WSS684','WSS684Name',3,1,3,'serviceprovider','https://serviceprovider.com'),('WSS685','WSS685Name',3,1,3,'serviceprovider','https://serviceprovider.com'),('WSS686','WSS686Name',3,1,3,'serviceprovider','https://serviceprovider.com'),('WSS687','WSS687Name',3,1,3,'serviceprovider','https://serviceprovider.com'),('WSS688','WSS688Name',3,1,3,'serviceprovider','https://serviceprovider.com'),('WSS689','WSS689Name',3,1,3,'serviceprovider','https://serviceprovider.com'),('WSS69','WSS69Name',3,1,3,'serviceprovider','https://serviceprovider.com'),('WSS690','WSS690Name',3,1,3,'serviceprovider','https://serviceprovider.com'),('WSS691','WSS691Name',3,1,3,'serviceprovider','https://serviceprovider.com'),('WSS692','WSS692Name',3,1,3,'serviceprovider','https://serviceprovider.com'),('WSS693','WSS693Name',3,1,3,'serviceprovider','https://serviceprovider.com'),('WSS694','WSS694Name',3,1,3,'serviceprovider','https://serviceprovider.com'),('WSS695','WSS695Name',3,1,3,'serviceprovider','https://serviceprovider.com'),('WSS696','WSS696Name',3,1,3,'serviceprovider','https://serviceprovider.com'),('WSS697','WSS697Name',3,1,3,'serviceprovider','https://serviceprovider.com'),('WSS698','WSS698Name',3,1,3,'serviceprovider','https://serviceprovider.com'),('WSS699','WSS699Name',3,1,3,'serviceprovider','https://serviceprovider.com'),('WSS7','WSS7Name',3,1,3,'serviceprovider','https://serviceprovider.com'),('WSS70','WSS70Name',3,1,3,'serviceprovider','https://serviceprovider.com'),('WSS700','WSS700Name',3,1,3,'serviceprovider','https://serviceprovider.com'),('WSS71','WSS71Name',3,1,3,'serviceprovider','https://serviceprovider.com'),('WSS72','WSS72Name',3,1,3,'serviceprovider','https://serviceprovider.com'),('WSS73','WSS73Name',3,1,3,'serviceprovider','https://serviceprovider.com'),('WSS74','WSS74Name',3,1,3,'serviceprovider','https://serviceprovider.com'),('WSS75','WSS75Name',3,1,3,'serviceprovider','https://serviceprovider.com'),('WSS76','WSS76Name',3,1,3,'serviceprovider','https://serviceprovider.com'),('WSS77','WSS77Name',3,1,3,'serviceprovider','https://serviceprovider.com'),('WSS78','WSS78Name',3,1,3,'serviceprovider','https://serviceprovider.com'),('WSS79','WSS79Name',3,1,3,'serviceprovider','https://serviceprovider.com'),('WSS8','WSS8Name',3,1,3,'serviceprovider','https://serviceprovider.com'),('WSS80','WSS80Name',3,1,3,'serviceprovider','https://serviceprovider.com'),('WSS81','WSS81Name',3,1,3,'serviceprovider','https://serviceprovider.com'),('WSS82','WSS82Name',3,1,3,'serviceprovider','https://serviceprovider.com'),('WSS83','WSS83Name',3,1,3,'serviceprovider','https://serviceprovider.com'),('WSS84','WSS84Name',3,1,3,'serviceprovider','https://serviceprovider.com'),('WSS85','WSS85Name',3,1,3,'serviceprovider','https://serviceprovider.com'),('WSS86','WSS86Name',3,1,3,'serviceprovider','https://serviceprovider.com'),('WSS87','WSS87Name',3,1,3,'serviceprovider','https://serviceprovider.com'),('WSS88','WSS88Name',3,1,3,'serviceprovider','https://serviceprovider.com'),('WSS89','WSS89Name',3,1,3,'serviceprovider','https://serviceprovider.com'),('WSS9','WSS9Name',3,1,3,'serviceprovider','https://serviceprovider.com'),('WSS90','WSS90Name',3,1,3,'serviceprovider','https://serviceprovider.com'),('WSS91','WSS91Name',3,1,3,'serviceprovider','https://serviceprovider.com'),('WSS92','WSS92Name',3,1,3,'serviceprovider','https://serviceprovider.com'),('WSS93','WSS93Name',3,1,3,'serviceprovider','https://serviceprovider.com'),('WSS94','WSS94Name',3,1,3,'serviceprovider','https://serviceprovider.com'),('WSS95','WSS95Name',3,1,3,'serviceprovider','https://serviceprovider.com'),('WSS96','WSS96Name',3,1,3,'serviceprovider','https://serviceprovider.com'),('WSS97','WSS97Name',3,1,3,'serviceprovider','https://serviceprovider.com'),('WSS98','WSS98Name',3,1,3,'serviceprovider','https://serviceprovider.com'),('WSS99','WSS99Name',3,1,3,'serviceprovider','https://serviceprovider.com');
/*!40000 ALTER TABLE `webservicelist` ENABLE KEYS */;
UNLOCK TABLES;
/*!40103 SET TIME_ZONE=@OLD_TIME_ZONE */;

/*!40101 SET SQL_MODE=@OLD_SQL_MODE */;
/*!40014 SET FOREIGN_KEY_CHECKS=@OLD_FOREIGN_KEY_CHECKS */;
/*!40014 SET UNIQUE_CHECKS=@OLD_UNIQUE_CHECKS */;
/*!40101 SET CHARACTER_SET_CLIENT=@OLD_CHARACTER_SET_CLIENT */;
/*!40101 SET CHARACTER_SET_RESULTS=@OLD_CHARACTER_SET_RESULTS */;
/*!40101 SET COLLATION_CONNECTION=@OLD_COLLATION_CONNECTION */;
/*!40111 SET SQL_NOTES=@OLD_SQL_NOTES */;

-- Dump completed on 2023-06-28  1:28:19
