-- MySQL dump 10.13  Distrib 8.0.32, for Win64 (x86_64)
--
-- Host: localhost    Database: autowscs
-- ------------------------------------------------------
-- Server version	8.0.32

/*!40101 SET @OLD_CHARACTER_SET_CLIENT=@@CHARACTER_SET_CLIENT */;
/*!40101 SET @OLD_CHARACTER_SET_RESULTS=@@CHARACTER_SET_RESULTS */;
/*!40101 SET @OLD_COLLATION_CONNECTION=@@COLLATION_CONNECTION */;
/*!50503 SET NAMES utf8mb4 */;
/*!40103 SET @OLD_TIME_ZONE=@@TIME_ZONE */;
/*!40103 SET TIME_ZONE='+00:00' */;
/*!40014 SET @OLD_UNIQUE_CHECKS=@@UNIQUE_CHECKS, UNIQUE_CHECKS=0 */;
/*!40014 SET @OLD_FOREIGN_KEY_CHECKS=@@FOREIGN_KEY_CHECKS, FOREIGN_KEY_CHECKS=0 */;
/*!40101 SET @OLD_SQL_MODE=@@SQL_MODE, SQL_MODE='NO_AUTO_VALUE_ON_ZERO' */;
/*!40111 SET @OLD_SQL_NOTES=@@SQL_NOTES, SQL_NOTES=0 */;

--
-- Table structure for table `auth_group`
--

DROP TABLE IF EXISTS `auth_group`;
/*!40101 SET @saved_cs_client     = @@character_set_client */;
/*!50503 SET character_set_client = utf8mb4 */;
CREATE TABLE `auth_group` (
  `id` int NOT NULL AUTO_INCREMENT,
  `name` varchar(80) NOT NULL,
  PRIMARY KEY (`id`),
  UNIQUE KEY `name` (`name`)
) ENGINE=InnoDB DEFAULT CHARSET=latin1;
/*!40101 SET character_set_client = @saved_cs_client */;

--
-- Dumping data for table `auth_group`
--

LOCK TABLES `auth_group` WRITE;
/*!40000 ALTER TABLE `auth_group` DISABLE KEYS */;
/*!40000 ALTER TABLE `auth_group` ENABLE KEYS */;
UNLOCK TABLES;

--
-- Table structure for table `auth_group_permissions`
--

DROP TABLE IF EXISTS `auth_group_permissions`;
/*!40101 SET @saved_cs_client     = @@character_set_client */;
/*!50503 SET character_set_client = utf8mb4 */;
CREATE TABLE `auth_group_permissions` (
  `id` int NOT NULL AUTO_INCREMENT,
  `group_id` int NOT NULL,
  `permission_id` int NOT NULL,
  PRIMARY KEY (`id`),
  UNIQUE KEY `auth_group_permissions_group_id_permission_id_0cd325b0_uniq` (`group_id`,`permission_id`),
  KEY `auth_group_permissio_permission_id_84c5c92e_fk_auth_perm` (`permission_id`),
  CONSTRAINT `auth_group_permissio_permission_id_84c5c92e_fk_auth_perm` FOREIGN KEY (`permission_id`) REFERENCES `auth_permission` (`id`),
  CONSTRAINT `auth_group_permissions_group_id_b120cbf9_fk_auth_group_id` FOREIGN KEY (`group_id`) REFERENCES `auth_group` (`id`)
) ENGINE=InnoDB DEFAULT CHARSET=latin1;
/*!40101 SET character_set_client = @saved_cs_client */;

--
-- Dumping data for table `auth_group_permissions`
--

LOCK TABLES `auth_group_permissions` WRITE;
/*!40000 ALTER TABLE `auth_group_permissions` DISABLE KEYS */;
/*!40000 ALTER TABLE `auth_group_permissions` ENABLE KEYS */;
UNLOCK TABLES;

--
-- Table structure for table `auth_permission`
--

DROP TABLE IF EXISTS `auth_permission`;
/*!40101 SET @saved_cs_client     = @@character_set_client */;
/*!50503 SET character_set_client = utf8mb4 */;
CREATE TABLE `auth_permission` (
  `id` int NOT NULL AUTO_INCREMENT,
  `name` varchar(255) NOT NULL,
  `content_type_id` int NOT NULL,
  `codename` varchar(100) NOT NULL,
  PRIMARY KEY (`id`),
  UNIQUE KEY `auth_permission_content_type_id_codename_01ab375a_uniq` (`content_type_id`,`codename`),
  CONSTRAINT `auth_permission_content_type_id_2f476e4b_fk_django_co` FOREIGN KEY (`content_type_id`) REFERENCES `django_content_type` (`id`)
) ENGINE=InnoDB AUTO_INCREMENT=25 DEFAULT CHARSET=latin1;
/*!40101 SET character_set_client = @saved_cs_client */;

--
-- Dumping data for table `auth_permission`
--

LOCK TABLES `auth_permission` WRITE;
/*!40000 ALTER TABLE `auth_permission` DISABLE KEYS */;
INSERT INTO `auth_permission` VALUES (1,'Can add log entry',1,'add_logentry'),(2,'Can change log entry',1,'change_logentry'),(3,'Can delete log entry',1,'delete_logentry'),(4,'Can view log entry',1,'view_logentry'),(5,'Can add permission',2,'add_permission'),(6,'Can change permission',2,'change_permission'),(7,'Can delete permission',2,'delete_permission'),(8,'Can view permission',2,'view_permission'),(9,'Can add group',3,'add_group'),(10,'Can change group',3,'change_group'),(11,'Can delete group',3,'delete_group'),(12,'Can view group',3,'view_group'),(13,'Can add user',4,'add_user'),(14,'Can change user',4,'change_user'),(15,'Can delete user',4,'delete_user'),(16,'Can view user',4,'view_user'),(17,'Can add content type',5,'add_contenttype'),(18,'Can change content type',5,'change_contenttype'),(19,'Can delete content type',5,'delete_contenttype'),(20,'Can view content type',5,'view_contenttype'),(21,'Can add session',6,'add_session'),(22,'Can change session',6,'change_session'),(23,'Can delete session',6,'delete_session'),(24,'Can view session',6,'view_session');
/*!40000 ALTER TABLE `auth_permission` ENABLE KEYS */;
UNLOCK TABLES;

--
-- Table structure for table `auth_user`
--

DROP TABLE IF EXISTS `auth_user`;
/*!40101 SET @saved_cs_client     = @@character_set_client */;
/*!50503 SET character_set_client = utf8mb4 */;
CREATE TABLE `auth_user` (
  `id` int NOT NULL AUTO_INCREMENT,
  `password` varchar(128) NOT NULL,
  `last_login` datetime(6) DEFAULT NULL,
  `is_superuser` tinyint(1) NOT NULL,
  `username` varchar(150) NOT NULL,
  `first_name` varchar(30) NOT NULL,
  `last_name` varchar(150) NOT NULL,
  `email` varchar(254) NOT NULL,
  `is_staff` tinyint(1) NOT NULL,
  `is_active` tinyint(1) NOT NULL,
  `date_joined` datetime(6) NOT NULL,
  PRIMARY KEY (`id`),
  UNIQUE KEY `username` (`username`)
) ENGINE=InnoDB AUTO_INCREMENT=2 DEFAULT CHARSET=latin1;
/*!40101 SET character_set_client = @saved_cs_client */;

--
-- Dumping data for table `auth_user`
--

LOCK TABLES `auth_user` WRITE;
/*!40000 ALTER TABLE `auth_user` DISABLE KEYS */;
INSERT INTO `auth_user` VALUES (1,'pbkdf2_sha256$120000$t1PV0MeFrM2P$mdFVt5O/PMrM6U6PP4ei7LDjVNuN0OJi97bq+oRxpQg=','2020-10-19 22:21:14.385392',0,'kgayke','','','k2gaike@gmail.com',0,1,'2020-10-19 22:21:13.589791');
/*!40000 ALTER TABLE `auth_user` ENABLE KEYS */;
UNLOCK TABLES;

--
-- Table structure for table `auth_user_groups`
--

DROP TABLE IF EXISTS `auth_user_groups`;
/*!40101 SET @saved_cs_client     = @@character_set_client */;
/*!50503 SET character_set_client = utf8mb4 */;
CREATE TABLE `auth_user_groups` (
  `id` int NOT NULL AUTO_INCREMENT,
  `user_id` int NOT NULL,
  `group_id` int NOT NULL,
  PRIMARY KEY (`id`),
  UNIQUE KEY `auth_user_groups_user_id_group_id_94350c0c_uniq` (`user_id`,`group_id`),
  KEY `auth_user_groups_group_id_97559544_fk_auth_group_id` (`group_id`),
  CONSTRAINT `auth_user_groups_group_id_97559544_fk_auth_group_id` FOREIGN KEY (`group_id`) REFERENCES `auth_group` (`id`),
  CONSTRAINT `auth_user_groups_user_id_6a12ed8b_fk_auth_user_id` FOREIGN KEY (`user_id`) REFERENCES `auth_user` (`id`)
) ENGINE=InnoDB DEFAULT CHARSET=latin1;
/*!40101 SET character_set_client = @saved_cs_client */;

--
-- Dumping data for table `auth_user_groups`
--

LOCK TABLES `auth_user_groups` WRITE;
/*!40000 ALTER TABLE `auth_user_groups` DISABLE KEYS */;
/*!40000 ALTER TABLE `auth_user_groups` ENABLE KEYS */;
UNLOCK TABLES;

--
-- Table structure for table `auth_user_user_permissions`
--

DROP TABLE IF EXISTS `auth_user_user_permissions`;
/*!40101 SET @saved_cs_client     = @@character_set_client */;
/*!50503 SET character_set_client = utf8mb4 */;
CREATE TABLE `auth_user_user_permissions` (
  `id` int NOT NULL AUTO_INCREMENT,
  `user_id` int NOT NULL,
  `permission_id` int NOT NULL,
  PRIMARY KEY (`id`),
  UNIQUE KEY `auth_user_user_permissions_user_id_permission_id_14a6b632_uniq` (`user_id`,`permission_id`),
  KEY `auth_user_user_permi_permission_id_1fbb5f2c_fk_auth_perm` (`permission_id`),
  CONSTRAINT `auth_user_user_permi_permission_id_1fbb5f2c_fk_auth_perm` FOREIGN KEY (`permission_id`) REFERENCES `auth_permission` (`id`),
  CONSTRAINT `auth_user_user_permissions_user_id_a95ead1b_fk_auth_user_id` FOREIGN KEY (`user_id`) REFERENCES `auth_user` (`id`)
) ENGINE=InnoDB DEFAULT CHARSET=latin1;
/*!40101 SET character_set_client = @saved_cs_client */;

--
-- Dumping data for table `auth_user_user_permissions`
--

LOCK TABLES `auth_user_user_permissions` WRITE;
/*!40000 ALTER TABLE `auth_user_user_permissions` DISABLE KEYS */;
/*!40000 ALTER TABLE `auth_user_user_permissions` ENABLE KEYS */;
UNLOCK TABLES;

--
-- Table structure for table `careerpath`
--

DROP TABLE IF EXISTS `careerpath`;
/*!40101 SET @saved_cs_client     = @@character_set_client */;
/*!50503 SET character_set_client = utf8mb4 */;
CREATE TABLE `careerpath` (
  `careerPathID` char(4) NOT NULL,
  `careerPathName` varchar(50) DEFAULT NULL,
  PRIMARY KEY (`careerPathID`)
) ENGINE=InnoDB DEFAULT CHARSET=latin1;
/*!40101 SET character_set_client = @saved_cs_client */;

--
-- Dumping data for table `careerpath`
--

LOCK TABLES `careerpath` WRITE;
/*!40000 ALTER TABLE `careerpath` DISABLE KEYS */;
INSERT INTO `careerpath` VALUES ('C100','Data Analyst');
/*!40000 ALTER TABLE `careerpath` ENABLE KEYS */;
UNLOCK TABLES;

--
-- Table structure for table `django_admin_log`
--

DROP TABLE IF EXISTS `django_admin_log`;
/*!40101 SET @saved_cs_client     = @@character_set_client */;
/*!50503 SET character_set_client = utf8mb4 */;
CREATE TABLE `django_admin_log` (
  `id` int NOT NULL AUTO_INCREMENT,
  `action_time` datetime(6) NOT NULL,
  `object_id` longtext,
  `object_repr` varchar(200) NOT NULL,
  `action_flag` smallint unsigned NOT NULL,
  `change_message` longtext NOT NULL,
  `content_type_id` int DEFAULT NULL,
  `user_id` int NOT NULL,
  PRIMARY KEY (`id`),
  KEY `django_admin_log_content_type_id_c4bce8eb_fk_django_co` (`content_type_id`),
  KEY `django_admin_log_user_id_c564eba6_fk_auth_user_id` (`user_id`),
  CONSTRAINT `django_admin_log_content_type_id_c4bce8eb_fk_django_co` FOREIGN KEY (`content_type_id`) REFERENCES `django_content_type` (`id`),
  CONSTRAINT `django_admin_log_user_id_c564eba6_fk_auth_user_id` FOREIGN KEY (`user_id`) REFERENCES `auth_user` (`id`)
) ENGINE=InnoDB DEFAULT CHARSET=latin1;
/*!40101 SET character_set_client = @saved_cs_client */;

--
-- Dumping data for table `django_admin_log`
--

LOCK TABLES `django_admin_log` WRITE;
/*!40000 ALTER TABLE `django_admin_log` DISABLE KEYS */;
/*!40000 ALTER TABLE `django_admin_log` ENABLE KEYS */;
UNLOCK TABLES;

--
-- Table structure for table `django_content_type`
--

DROP TABLE IF EXISTS `django_content_type`;
/*!40101 SET @saved_cs_client     = @@character_set_client */;
/*!50503 SET character_set_client = utf8mb4 */;
CREATE TABLE `django_content_type` (
  `id` int NOT NULL AUTO_INCREMENT,
  `app_label` varchar(100) NOT NULL,
  `model` varchar(100) NOT NULL,
  PRIMARY KEY (`id`),
  UNIQUE KEY `django_content_type_app_label_model_76bd3d3b_uniq` (`app_label`,`model`)
) ENGINE=InnoDB AUTO_INCREMENT=7 DEFAULT CHARSET=latin1;
/*!40101 SET character_set_client = @saved_cs_client */;

--
-- Dumping data for table `django_content_type`
--

LOCK TABLES `django_content_type` WRITE;
/*!40000 ALTER TABLE `django_content_type` DISABLE KEYS */;
INSERT INTO `django_content_type` VALUES (1,'admin','logentry'),(3,'auth','group'),(2,'auth','permission'),(4,'auth','user'),(5,'contenttypes','contenttype'),(6,'sessions','session');
/*!40000 ALTER TABLE `django_content_type` ENABLE KEYS */;
UNLOCK TABLES;

--
-- Table structure for table `django_migrations`
--

DROP TABLE IF EXISTS `django_migrations`;
/*!40101 SET @saved_cs_client     = @@character_set_client */;
/*!50503 SET character_set_client = utf8mb4 */;
CREATE TABLE `django_migrations` (
  `id` int NOT NULL AUTO_INCREMENT,
  `app` varchar(255) NOT NULL,
  `name` varchar(255) NOT NULL,
  `applied` datetime(6) NOT NULL,
  PRIMARY KEY (`id`)
) ENGINE=InnoDB AUTO_INCREMENT=16 DEFAULT CHARSET=latin1;
/*!40101 SET character_set_client = @saved_cs_client */;

--
-- Dumping data for table `django_migrations`
--

LOCK TABLES `django_migrations` WRITE;
/*!40000 ALTER TABLE `django_migrations` DISABLE KEYS */;
INSERT INTO `django_migrations` VALUES (1,'contenttypes','0001_initial','2020-03-09 23:45:06.538733'),(2,'auth','0001_initial','2020-03-09 23:45:10.018233'),(3,'admin','0001_initial','2020-03-09 23:45:11.118233'),(4,'admin','0002_logentry_remove_auto_add','2020-03-09 23:45:11.139233'),(5,'admin','0003_logentry_add_action_flag_choices','2020-03-09 23:45:11.169233'),(6,'contenttypes','0002_remove_content_type_name','2020-03-09 23:45:11.498233'),(7,'auth','0002_alter_permission_name_max_length','2020-03-09 23:45:11.539233'),(8,'auth','0003_alter_user_email_max_length','2020-03-09 23:45:11.619233'),(9,'auth','0004_alter_user_username_opts','2020-03-09 23:45:11.629233'),(10,'auth','0005_alter_user_last_login_null','2020-03-09 23:45:11.770233'),(11,'auth','0006_require_contenttypes_0002','2020-03-09 23:45:11.810233'),(12,'auth','0007_alter_validators_add_error_messages','2020-03-09 23:45:11.820233'),(13,'auth','0008_alter_user_username_max_length','2020-03-09 23:45:11.831233'),(14,'auth','0009_alter_user_last_name_max_length','2020-03-09 23:45:11.949233'),(15,'sessions','0001_initial','2020-03-09 23:45:12.140233');
/*!40000 ALTER TABLE `django_migrations` ENABLE KEYS */;
UNLOCK TABLES;

--
-- Table structure for table `django_session`
--

DROP TABLE IF EXISTS `django_session`;
/*!40101 SET @saved_cs_client     = @@character_set_client */;
/*!50503 SET character_set_client = utf8mb4 */;
CREATE TABLE `django_session` (
  `session_key` varchar(40) NOT NULL,
  `session_data` longtext NOT NULL,
  `expire_date` datetime(6) NOT NULL,
  PRIMARY KEY (`session_key`),
  KEY `django_session_expire_date_a5c62663` (`expire_date`)
) ENGINE=InnoDB DEFAULT CHARSET=latin1;
/*!40101 SET character_set_client = @saved_cs_client */;

--
-- Dumping data for table `django_session`
--

LOCK TABLES `django_session` WRITE;
/*!40000 ALTER TABLE `django_session` DISABLE KEYS */;
INSERT INTO `django_session` VALUES ('tyl1c5xdi2x8x2jwg76rgv4m7k8zrh9f','Y2FhMTEwYWE3NTdhZjlkMTFkYzhlMDM0OGM4NTU4YzVjZGQwZDM0Njp7Il9hdXRoX3VzZXJfaWQiOiIxIiwiX2F1dGhfdXNlcl9iYWNrZW5kIjoiZGphbmdvLmNvbnRyaWIuYXV0aC5iYWNrZW5kcy5Nb2RlbEJhY2tlbmQiLCJfYXV0aF91c2VyX2hhc2giOiJmMzIyNjA4ZWY3OTQ5MWYwMTUwOGMyMDFlMDIzZmRjNjI3MTU4N2IzIn0=','2020-11-02 22:21:14.400992');
/*!40000 ALTER TABLE `django_session` ENABLE KEYS */;
UNLOCK TABLES;

--
-- Table structure for table `initialgoalparameter`
--

DROP TABLE IF EXISTS `initialgoalparameter`;
/*!40101 SET @saved_cs_client     = @@character_set_client */;
/*!50503 SET character_set_client = utf8mb4 */;
CREATE TABLE `initialgoalparameter` (
  `transactionID` bigint NOT NULL,
  `iorg` varchar(10) NOT NULL,
  `parameterID` varchar(10) NOT NULL,
  PRIMARY KEY (`transactionID`,`iorg`,`parameterID`),
  KEY `knowledgeID` (`parameterID`),
  CONSTRAINT `initialgoalparameter_ibfk_1` FOREIGN KEY (`parameterID`) REFERENCES `parameterlist` (`parameterID`)
) ENGINE=InnoDB DEFAULT CHARSET=latin1;
/*!40101 SET character_set_client = @saved_cs_client */;

--
-- Dumping data for table `initialgoalparameter`
--

LOCK TABLES `initialgoalparameter` WRITE;
/*!40000 ALTER TABLE `initialgoalparameter` DISABLE KEYS */;
INSERT INTO `initialgoalparameter` VALUES (1,'G','p1'),(3,'G','p1'),(5,'I','p1'),(6,'I','p1'),(12,'I','p1'),(16,'I','p1'),(19,'I','p1'),(20,'I','p1'),(22,'G','p1'),(29,'I','p1'),(3,'G','p10'),(5,'G','p10'),(7,'I','p10'),(9,'I','p10'),(13,'I','p10'),(14,'G','p10'),(15,'I','p10'),(16,'I','p10'),(18,'I','p10'),(22,'I','p10'),(23,'I','p10'),(24,'I','p10'),(28,'G','p10'),(29,'G','p10'),(1,'I','p11'),(2,'G','p11'),(3,'I','p11'),(7,'G','p11'),(8,'I','p11'),(9,'I','p11'),(19,'G','p11'),(25,'G','p11'),(27,'I','p11'),(1,'G','p12'),(2,'I','p12'),(3,'I','p12'),(5,'I','p12'),(6,'I','p12'),(11,'G','p12'),(12,'I','p12'),(13,'I','p12'),(14,'I','p12'),(15,'I','p12'),(16,'G','p12'),(21,'I','p12'),(22,'I','p12'),(23,'I','p12'),(24,'G','p12'),(26,'I','p12'),(27,'G','p12'),(28,'I','p12'),(30,'G','p12'),(1,'I','p13'),(5,'I','p13'),(8,'G','p13'),(9,'I','p13'),(10,'G','p13'),(11,'G','p13'),(13,'I','p13'),(15,'G','p13'),(17,'I','p13'),(18,'I','p13'),(19,'G','p13'),(22,'G','p13'),(26,'G','p13'),(27,'I','p13'),(3,'I','p14'),(6,'G','p14'),(15,'G','p14'),(18,'G','p14'),(19,'I','p14'),(20,'I','p14'),(21,'I','p14'),(23,'G','p14'),(25,'G','p14'),(27,'I','p14'),(30,'G','p14'),(2,'I','p15'),(4,'G','p15'),(7,'I','p15'),(9,'I','p15'),(10,'I','p15'),(12,'G','p15'),(13,'G','p15'),(16,'I','p15'),(18,'G','p15'),(19,'I','p15'),(20,'G','p15'),(21,'G','p15'),(25,'I','p15'),(26,'I','p15'),(27,'I','p15'),(28,'G','p15'),(30,'I','p15'),(1,'I','p16'),(3,'I','p16'),(5,'G','p16'),(7,'G','p16'),(10,'G','p16'),(11,'G','p16'),(12,'G','p16'),(13,'I','p16'),(15,'I','p16'),(16,'I','p16'),(19,'I','p16'),(21,'I','p16'),(22,'I','p16'),(26,'I','p16'),(27,'G','p16'),(29,'I','p16'),(30,'G','p16'),(1,'G','p17'),(3,'I','p17'),(4,'I','p17'),(6,'G','p17'),(7,'I','p17'),(10,'I','p17'),(11,'I','p17'),(13,'I','p17'),(14,'G','p17'),(16,'G','p17'),(17,'G','p17'),(20,'G','p17'),(26,'G','p17'),(28,'I','p17'),(30,'G','p17'),(1,'I','p18'),(6,'I','p18'),(7,'I','p18'),(8,'G','p18'),(10,'G','p18'),(13,'G','p18'),(18,'I','p18'),(21,'I','p18'),(22,'G','p18'),(24,'G','p18'),(25,'I','p18'),(26,'G','p18'),(27,'I','p18'),(30,'I','p18'),(4,'I','p19'),(6,'I','p19'),(7,'I','p19'),(13,'I','p19'),(17,'I','p19'),(20,'I','p19'),(22,'I','p19'),(24,'I','p19'),(29,'I','p19'),(2,'G','p2'),(4,'G','p2'),(5,'I','p2'),(6,'I','p2'),(7,'G','p2'),(8,'I','p2'),(12,'I','p2'),(17,'G','p2'),(23,'I','p2'),(24,'I','p2'),(25,'I','p2'),(26,'I','p2'),(27,'I','p2'),(28,'G','p2'),(30,'G','p2'),(1,'G','p20'),(2,'I','p20'),(4,'G','p20'),(11,'G','p20'),(12,'I','p20'),(13,'G','p20'),(14,'I','p20'),(15,'G','p20'),(16,'I','p20'),(17,'I','p20'),(18,'G','p20'),(19,'I','p20'),(22,'I','p20'),(23,'I','p20'),(25,'G','p20'),(28,'G','p20'),(29,'G','p20'),(3,'G','p21'),(7,'I','p21'),(8,'I','p21'),(11,'I','p21'),(14,'I','p21'),(15,'G','p21'),(17,'I','p21'),(20,'G','p21'),(21,'G','p21'),(23,'G','p21'),(24,'I','p21'),(28,'G','p21'),(1,'I','p22'),(2,'I','p22'),(4,'I','p22'),(5,'G','p22'),(6,'G','p22'),(9,'G','p22'),(11,'I','p22'),(12,'I','p22'),(13,'G','p22'),(14,'I','p22'),(18,'I','p22'),(19,'G','p22'),(21,'G','p22'),(22,'I','p22'),(23,'G','p22'),(25,'I','p22'),(27,'I','p22'),(29,'I','p22'),(30,'I','p22'),(4,'I','p23'),(8,'I','p23'),(9,'G','p23'),(14,'G','p23'),(18,'I','p23'),(19,'I','p23'),(20,'I','p23'),(24,'G','p23'),(25,'G','p23'),(28,'I','p23'),(30,'I','p23'),(1,'I','p24'),(2,'I','p24'),(5,'G','p24'),(8,'G','p24'),(9,'I','p24'),(10,'I','p24'),(13,'I','p24'),(14,'I','p24'),(15,'I','p24'),(16,'G','p24'),(17,'G','p24'),(21,'G','p24'),(23,'G','p24'),(24,'I','p24'),(25,'I','p24'),(26,'I','p24'),(29,'G','p24'),(4,'I','p25'),(5,'I','p25'),(8,'G','p25'),(10,'I','p25'),(12,'G','p25'),(14,'I','p25'),(15,'I','p25'),(18,'I','p25'),(20,'I','p25'),(22,'G','p25'),(23,'G','p25'),(25,'I','p25'),(28,'G','p25'),(29,'I','p25'),(1,'I','p26'),(2,'G','p26'),(3,'I','p26'),(4,'G','p26'),(5,'G','p26'),(8,'G','p26'),(9,'I','p26'),(10,'I','p26'),(12,'G','p26'),(14,'I','p26'),(16,'G','p26'),(19,'G','p26'),(21,'I','p26'),(23,'G','p26'),(27,'G','p26'),(28,'I','p26'),(29,'I','p26'),(30,'G','p26'),(1,'G','p27'),(2,'I','p27'),(5,'I','p27'),(7,'G','p27'),(11,'I','p27'),(14,'G','p27'),(16,'G','p27'),(18,'G','p27'),(20,'G','p27'),(21,'I','p27'),(23,'I','p27'),(24,'I','p27'),(25,'I','p27'),(26,'G','p27'),(30,'I','p27'),(2,'G','p28'),(3,'I','p28'),(4,'G','p28'),(7,'G','p28'),(9,'I','p28'),(10,'G','p28'),(11,'G','p28'),(15,'I','p28'),(18,'G','p28'),(19,'G','p28'),(21,'I','p28'),(23,'I','p28'),(24,'G','p28'),(25,'G','p28'),(27,'G','p28'),(30,'I','p28'),(5,'G','p29'),(6,'I','p29'),(8,'I','p29'),(9,'G','p29'),(10,'I','p29'),(11,'I','p29'),(12,'I','p29'),(15,'I','p29'),(16,'G','p29'),(17,'I','p29'),(18,'I','p29'),(21,'I','p29'),(23,'I','p29'),(25,'I','p29'),(26,'I','p29'),(27,'G','p29'),(29,'G','p29'),(2,'G','p3'),(4,'I','p3'),(7,'I','p3'),(11,'I','p3'),(15,'G','p3'),(17,'I','p3'),(18,'G','p3'),(20,'I','p3'),(22,'I','p3'),(26,'G','p3'),(27,'I','p3'),(29,'G','p3'),(3,'G','p30'),(6,'G','p30'),(7,'G','p30'),(8,'I','p30'),(10,'I','p30'),(12,'G','p30'),(15,'I','p30'),(16,'I','p30'),(17,'G','p30'),(21,'G','p30'),(23,'I','p30'),(24,'I','p30'),(26,'I','p30'),(28,'I','p30'),(3,'G','p4'),(4,'I','p4'),(6,'I','p4'),(9,'G','p4'),(10,'G','p4'),(11,'I','p4'),(12,'I','p4'),(16,'I','p4'),(17,'G','p4'),(18,'I','p4'),(20,'G','p4'),(27,'G','p4'),(28,'I','p4'),(30,'I','p4'),(3,'I','p5'),(4,'G','p5'),(6,'I','p5'),(7,'I','p5'),(8,'I','p5'),(9,'G','p5'),(12,'G','p5'),(13,'G','p5'),(14,'G','p5'),(17,'G','p5'),(20,'G','p5'),(22,'G','p5'),(24,'I','p5'),(2,'G','p6'),(6,'G','p6'),(11,'I','p6'),(13,'I','p6'),(16,'I','p6'),(19,'I','p6'),(20,'I','p6'),(22,'I','p6'),(26,'G','p6'),(28,'I','p6'),(29,'G','p6'),(30,'I','p6'),(9,'G','p7'),(13,'G','p7'),(14,'I','p7'),(15,'G','p7'),(17,'I','p7'),(19,'G','p7'),(24,'G','p7'),(29,'I','p7'),(1,'G','p8'),(2,'I','p8'),(3,'G','p8'),(4,'I','p8'),(5,'I','p8'),(8,'G','p8'),(9,'I','p8'),(10,'G','p8'),(12,'I','p8'),(20,'I','p8'),(25,'G','p8'),(26,'I','p8'),(28,'I','p8'),(29,'I','p8'),(1,'I','p9'),(2,'I','p9'),(5,'I','p9'),(6,'G','p9'),(8,'I','p9'),(10,'I','p9'),(11,'G','p9'),(14,'G','p9'),(17,'I','p9'),(19,'I','p9'),(21,'G','p9'),(22,'G','p9'),(24,'G','p9');
/*!40000 ALTER TABLE `initialgoalparameter` ENABLE KEYS */;
UNLOCK TABLES;

--
-- Table structure for table `inputparameter`
--

DROP TABLE IF EXISTS `inputparameter`;
/*!40101 SET @saved_cs_client     = @@character_set_client */;
/*!50503 SET character_set_client = utf8mb4 */;
CREATE TABLE `inputparameter` (
  `webServiceID` varchar(10) NOT NULL,
  `parameterID` varchar(10) NOT NULL,
  PRIMARY KEY (`webServiceID`,`parameterID`),
  KEY `knowledgeID` (`parameterID`)
) ENGINE=InnoDB DEFAULT CHARSET=latin1;
/*!40101 SET character_set_client = @saved_cs_client */;

--
-- Dumping data for table `inputparameter`
--

LOCK TABLES `inputparameter` WRITE;
/*!40000 ALTER TABLE `inputparameter` DISABLE KEYS */;
INSERT INTO `inputparameter` VALUES ('WSS115','p1'),('WSS128','p1'),('WSS133','p1'),('WSS14','p1'),('WSS152','p1'),('WSS180','p1'),('WSS196','p1'),('WSS215','p1'),('WSS218','p1'),('WSS242','p1'),('WSS26','p1'),('WSS264','p1'),('WSS271','p1'),('WSS300','p1'),('WSS311','p1'),('WSS315','p1'),('WSS321','p1'),('WSS342','p1'),('WSS357','p1'),('WSS368','p1'),('WSS385','p1'),('WSS414','p1'),('WSS432','p1'),('WSS464','p1'),('WSS480','p1'),('WSS481','p1'),('WSS484','p1'),('WSS49','p1'),('WSS60','p1'),('WSS69','p1'),('WSS11','p10'),('WSS131','p10'),('WSS136','p10'),('WSS137','p10'),('WSS138','p10'),('WSS162','p10'),('WSS165','p10'),('WSS190','p10'),('WSS243','p10'),('WSS259','p10'),('WSS27','p10'),('WSS29','p10'),('WSS296','p10'),('WSS319','p10'),('WSS343','p10'),('WSS345','p10'),('WSS348','p10'),('WSS361','p10'),('WSS377','p10'),('WSS391','p10'),('WSS403','p10'),('WSS422','p10'),('WSS424','p10'),('WSS428','p10'),('WSS436','p10'),('WSS444','p10'),('WSS456','p10'),('WSS457','p10'),('WSS466','p10'),('WSS482','p10'),('WSS57','p10'),('WSS58','p10'),('WSS65','p10'),('WSS71','p10'),('WSS76','p10'),('WSS88','p10'),('WSS101','p11'),('WSS109','p11'),('WSS119','p11'),('WSS122','p11'),('WSS132','p11'),('WSS143','p11'),('WSS150','p11'),('WSS154','p11'),('WSS159','p11'),('WSS186','p11'),('WSS205','p11'),('WSS22','p11'),('WSS234','p11'),('WSS260','p11'),('WSS262','p11'),('WSS266','p11'),('WSS269','p11'),('WSS279','p11'),('WSS304','p11'),('WSS332','p11'),('WSS346','p11'),('WSS349','p11'),('WSS352','p11'),('WSS354','p11'),('WSS363','p11'),('WSS367','p11'),('WSS379','p11'),('WSS380','p11'),('WSS384','p11'),('WSS387','p11'),('WSS392','p11'),('WSS396','p11'),('WSS407','p11'),('WSS409','p11'),('WSS439','p11'),('WSS448','p11'),('WSS477','p11'),('WSS94','p11'),('WSS14','p12'),('WSS163','p12'),('WSS201','p12'),('WSS222','p12'),('WSS226','p12'),('WSS23','p12'),('WSS230','p12'),('WSS276','p12'),('WSS288','p12'),('WSS318','p12'),('WSS35','p12'),('WSS358','p12'),('WSS382','p12'),('WSS40','p12'),('WSS404','p12'),('WSS418','p12'),('WSS44','p12'),('WSS453','p12'),('WSS461','p12'),('WSS462','p12'),('WSS497','p12'),('WSS50','p12'),('WSS54','p12'),('WSS76','p12'),('WSS103','p13'),('WSS105','p13'),('WSS108','p13'),('WSS123','p13'),('WSS13','p13'),('WSS169','p13'),('WSS17','p13'),('WSS172','p13'),('WSS199','p13'),('WSS228','p13'),('WSS239','p13'),('WSS246','p13'),('WSS255','p13'),('WSS258','p13'),('WSS302','p13'),('WSS34','p13'),('WSS360','p13'),('WSS388','p13'),('WSS4','p13'),('WSS406','p13'),('WSS412','p13'),('WSS440','p13'),('WSS455','p13'),('WSS468','p13'),('WSS469','p13'),('WSS470','p13'),('WSS490','p13'),('WSS104','p14'),('WSS116','p14'),('WSS119','p14'),('WSS121','p14'),('WSS134','p14'),('WSS137','p14'),('WSS139','p14'),('WSS141','p14'),('WSS144','p14'),('WSS148','p14'),('WSS149','p14'),('WSS152','p14'),('WSS176','p14'),('WSS181','p14'),('WSS215','p14'),('WSS221','p14'),('WSS223','p14'),('WSS264','p14'),('WSS272','p14'),('WSS301','p14'),('WSS323','p14'),('WSS326','p14'),('WSS330','p14'),('WSS343','p14'),('WSS36','p14'),('WSS363','p14'),('WSS384','p14'),('WSS395','p14'),('WSS43','p14'),('WSS435','p14'),('WSS45','p14'),('WSS451','p14'),('WSS453','p14'),('WSS466','p14'),('WSS475','p14'),('WSS478','p14'),('WSS479','p14'),('WSS484','p14'),('WSS63','p14'),('WSS87','p14'),('WSS95','p14'),('WSS102','p15'),('WSS113','p15'),('WSS128','p15'),('WSS140','p15'),('WSS168','p15'),('WSS177','p15'),('WSS187','p15'),('WSS190','p15'),('WSS200','p15'),('WSS207','p15'),('WSS222','p15'),('WSS230','p15'),('WSS241','p15'),('WSS261','p15'),('WSS273','p15'),('WSS277','p15'),('WSS280','p15'),('WSS286','p15'),('WSS287','p15'),('WSS295','p15'),('WSS301','p15'),('WSS303','p15'),('WSS315','p15'),('WSS327','p15'),('WSS330','p15'),('WSS338','p15'),('WSS35','p15'),('WSS355','p15'),('WSS364','p15'),('WSS375','p15'),('WSS380','p15'),('WSS389','p15'),('WSS403','p15'),('WSS410','p15'),('WSS412','p15'),('WSS421','p15'),('WSS427','p15'),('WSS431','p15'),('WSS433','p15'),('WSS456','p15'),('WSS463','p15'),('WSS470','p15'),('WSS473','p15'),('WSS491','p15'),('WSS55','p15'),('WSS57','p15'),('WSS89','p15'),('WSS102','p16'),('WSS103','p16'),('WSS107','p16'),('WSS129','p16'),('WSS167','p16'),('WSS185','p16'),('WSS186','p16'),('WSS188','p16'),('WSS198','p16'),('WSS209','p16'),('WSS211','p16'),('WSS223','p16'),('WSS23','p16'),('WSS235','p16'),('WSS253','p16'),('WSS299','p16'),('WSS313','p16'),('WSS314','p16'),('WSS327','p16'),('WSS328','p16'),('WSS33','p16'),('WSS371','p16'),('WSS399','p16'),('WSS40','p16'),('WSS421','p16'),('WSS425','p16'),('WSS429','p16'),('WSS443','p16'),('WSS454','p16'),('WSS460','p16'),('WSS489','p16'),('WSS490','p16'),('WSS59','p16'),('WSS96','p16'),('WSS107','p17'),('WSS122','p17'),('WSS15','p17'),('WSS153','p17'),('WSS160','p17'),('WSS18','p17'),('WSS184','p17'),('WSS232','p17'),('WSS250','p17'),('WSS263','p17'),('WSS275','p17'),('WSS281','p17'),('WSS283','p17'),('WSS287','p17'),('WSS294','p17'),('WSS329','p17'),('WSS33','p17'),('WSS349','p17'),('WSS358','p17'),('WSS37','p17'),('WSS376','p17'),('WSS394','p17'),('WSS400','p17'),('WSS423','p17'),('WSS442','p17'),('WSS452','p17'),('WSS455','p17'),('WSS46','p17'),('WSS467','p17'),('WSS47','p17'),('WSS475','p17'),('WSS496','p17'),('WSS500','p17'),('WSS58','p17'),('WSS6','p17'),('WSS72','p17'),('WSS77','p17'),('WSS1','p18'),('WSS10','p18'),('WSS117','p18'),('WSS121','p18'),('WSS144','p18'),('WSS156','p18'),('WSS16','p18'),('WSS197','p18'),('WSS218','p18'),('WSS231','p18'),('WSS244','p18'),('WSS246','p18'),('WSS258','p18'),('WSS291','p18'),('WSS3','p18'),('WSS310','p18'),('WSS339','p18'),('WSS353','p18'),('WSS361','p18'),('WSS4','p18'),('WSS406','p18'),('WSS41','p18'),('WSS416','p18'),('WSS424','p18'),('WSS461','p18'),('WSS498','p18'),('WSS74','p18'),('WSS81','p18'),('WSS93','p18'),('WSS106','p19'),('WSS110','p19'),('WSS154','p19'),('WSS182','p19'),('WSS185','p19'),('WSS206','p19'),('WSS208','p19'),('WSS219','p19'),('WSS226','p19'),('WSS229','p19'),('WSS28','p19'),('WSS297','p19'),('WSS321','p19'),('WSS372','p19'),('WSS374','p19'),('WSS410','p19'),('WSS411','p19'),('WSS431','p19'),('WSS435','p19'),('WSS492','p19'),('WSS499','p19'),('WSS61','p19'),('WSS9','p19'),('WSS91','p19'),('WSS111','p2'),('WSS12','p2'),('WSS120','p2'),('WSS133','p2'),('WSS141','p2'),('WSS143','p2'),('WSS149','p2'),('WSS171','p2'),('WSS175','p2'),('WSS233','p2'),('WSS285','p2'),('WSS286','p2'),('WSS307','p2'),('WSS312','p2'),('WSS32','p2'),('WSS350','p2'),('WSS377','p2'),('WSS378','p2'),('WSS402','p2'),('WSS413','p2'),('WSS416','p2'),('WSS420','p2'),('WSS428','p2'),('WSS430','p2'),('WSS434','p2'),('WSS439','p2'),('WSS445','p2'),('WSS462','p2'),('WSS487','p2'),('WSS62','p2'),('WSS70','p2'),('WSS82','p2'),('WSS87','p2'),('WSS90','p2'),('WSS1','p20'),('WSS10','p20'),('WSS118','p20'),('WSS134','p20'),('WSS140','p20'),('WSS151','p20'),('WSS162','p20'),('WSS169','p20'),('WSS18','p20'),('WSS2','p20'),('WSS243','p20'),('WSS263','p20'),('WSS283','p20'),('WSS288','p20'),('WSS293','p20'),('WSS30','p20'),('WSS308','p20'),('WSS320','p20'),('WSS332','p20'),('WSS334','p20'),('WSS341','p20'),('WSS353','p20'),('WSS365','p20'),('WSS367','p20'),('WSS381','p20'),('WSS401','p20'),('WSS414','p20'),('WSS425','p20'),('WSS432','p20'),('WSS45','p20'),('WSS48','p20'),('WSS482','p20'),('WSS491','p20'),('WSS75','p20'),('WSS83','p20'),('WSS84','p20'),('WSS9','p20'),('WSS95','p20'),('WSS11','p21'),('WSS136','p21'),('WSS139','p21'),('WSS151','p21'),('WSS158','p21'),('WSS172','p21'),('WSS205','p21'),('WSS213','p21'),('WSS237','p21'),('WSS244','p21'),('WSS253','p21'),('WSS267','p21'),('WSS289','p21'),('WSS291','p21'),('WSS325','p21'),('WSS337','p21'),('WSS393','p21'),('WSS426','p21'),('WSS429','p21'),('WSS450','p21'),('WSS454','p21'),('WSS472','p21'),('WSS479','p21'),('WSS55','p21'),('WSS56','p21'),('WSS83','p21'),('WSS105','p22'),('WSS112','p22'),('WSS131','p22'),('WSS153','p22'),('WSS170','p22'),('WSS202','p22'),('WSS203','p22'),('WSS207','p22'),('WSS209','p22'),('WSS240','p22'),('WSS251','p22'),('WSS257','p22'),('WSS270','p22'),('WSS300','p22'),('WSS337','p22'),('WSS419','p22'),('WSS449','p22'),('WSS458','p22'),('WSS46','p22'),('WSS56','p22'),('WSS65','p22'),('WSS80','p22'),('WSS81','p22'),('WSS100','p23'),('WSS124','p23'),('WSS16','p23'),('WSS193','p23'),('WSS197','p23'),('WSS20','p23'),('WSS219','p23'),('WSS220','p23'),('WSS234','p23'),('WSS238','p23'),('WSS254','p23'),('WSS267','p23'),('WSS269','p23'),('WSS281','p23'),('WSS306','p23'),('WSS31','p23'),('WSS322','p23'),('WSS348','p23'),('WSS388','p23'),('WSS39','p23'),('WSS398','p23'),('WSS419','p23'),('WSS43','p23'),('WSS446','p23'),('WSS459','p23'),('WSS481','p23'),('WSS483','p23'),('WSS53','p23'),('WSS86','p23'),('WSS92','p23'),('WSS99','p23'),('WSS104','p24'),('WSS175','p24'),('WSS181','p24'),('WSS183','p24'),('WSS193','p24'),('WSS195','p24'),('WSS196','p24'),('WSS20','p24'),('WSS202','p24'),('WSS227','p24'),('WSS238','p24'),('WSS260','p24'),('WSS268','p24'),('WSS282','p24'),('WSS299','p24'),('WSS304','p24'),('WSS305','p24'),('WSS308','p24'),('WSS316','p24'),('WSS317','p24'),('WSS328','p24'),('WSS334','p24'),('WSS362','p24'),('WSS375','p24'),('WSS409','p24'),('WSS42','p24'),('WSS433','p24'),('WSS437','p24'),('WSS441','p24'),('WSS465','p24'),('WSS495','p24'),('WSS50','p24'),('WSS51','p24'),('WSS114','p25'),('WSS127','p25'),('WSS13','p25'),('WSS158','p25'),('WSS166','p25'),('WSS17','p25'),('WSS173','p25'),('WSS179','p25'),('WSS188','p25'),('WSS214','p25'),('WSS217','p25'),('WSS220','p25'),('WSS227','p25'),('WSS228','p25'),('WSS27','p25'),('WSS270','p25'),('WSS274','p25'),('WSS279','p25'),('WSS282','p25'),('WSS297','p25'),('WSS333','p25'),('WSS341','p25'),('WSS344','p25'),('WSS364','p25'),('WSS369','p25'),('WSS370','p25'),('WSS373','p25'),('WSS397','p25'),('WSS407','p25'),('WSS42','p25'),('WSS438','p25'),('WSS444','p25'),('WSS447','p25'),('WSS448','p25'),('WSS451','p25'),('WSS473','p25'),('WSS480','p25'),('WSS489','p25'),('WSS53','p25'),('WSS85','p25'),('WSS89','p25'),('WSS94','p25'),('WSS124','p26'),('WSS126','p26'),('WSS127','p26'),('WSS130','p26'),('WSS135','p26'),('WSS148','p26'),('WSS167','p26'),('WSS176','p26'),('WSS183','p26'),('WSS203','p26'),('WSS204','p26'),('WSS210','p26'),('WSS212','p26'),('WSS254','p26'),('WSS259','p26'),('WSS329','p26'),('WSS350','p26'),('WSS359','p26'),('WSS36','p26'),('WSS369','p26'),('WSS372','p26'),('WSS387','p26'),('WSS389','p26'),('WSS485','p26'),('WSS5','p26'),('WSS52','p26'),('WSS59','p26'),('WSS64','p26'),('WSS74','p26'),('WSS77','p26'),('WSS91','p26'),('WSS98','p26'),('WSS113','p27'),('WSS155','p27'),('WSS156','p27'),('WSS168','p27'),('WSS198','p27'),('WSS21','p27'),('WSS211','p27'),('WSS229','p27'),('WSS240','p27'),('WSS249','p27'),('WSS252','p27'),('WSS255','p27'),('WSS26','p27'),('WSS309','p27'),('WSS31','p27'),('WSS323','p27'),('WSS352','p27'),('WSS38','p27'),('WSS383','p27'),('WSS393','p27'),('WSS420','p27'),('WSS437','p27'),('WSS486','p27'),('WSS487','p27'),('WSS488','p27'),('WSS64','p27'),('WSS110','p28'),('WSS146','p28'),('WSS147','p28'),('WSS150','p28'),('WSS164','p28'),('WSS184','p28'),('WSS199','p28'),('WSS208','p28'),('WSS235','p28'),('WSS252','p28'),('WSS273','p28'),('WSS275','p28'),('WSS278','p28'),('WSS280','p28'),('WSS296','p28'),('WSS306','p28'),('WSS309','p28'),('WSS32','p28'),('WSS335','p28'),('WSS336','p28'),('WSS345','p28'),('WSS357','p28'),('WSS360','p28'),('WSS366','p28'),('WSS374','p28'),('WSS378','p28'),('WSS385','p28'),('WSS396','p28'),('WSS400','p28'),('WSS401','p28'),('WSS408','p28'),('WSS415','p28'),('WSS430','p28'),('WSS44','p28'),('WSS48','p28'),('WSS483','p28'),('WSS497','p28'),('WSS5','p28'),('WSS6','p28'),('WSS98','p28'),('WSS101','p29'),('WSS112','p29'),('WSS157','p29'),('WSS178','p29'),('WSS180','p29'),('WSS194','p29'),('WSS210','p29'),('WSS216','p29'),('WSS239','p29'),('WSS248','p29'),('WSS271','p29'),('WSS277','p29'),('WSS295','p29'),('WSS324','p29'),('WSS326','p29'),('WSS355','p29'),('WSS397','p29'),('WSS438','p29'),('WSS440','p29'),('WSS442','p29'),('WSS449','p29'),('WSS469','p29'),('WSS474','p29'),('WSS488','p29'),('WSS116','p3'),('WSS123','p3'),('WSS129','p3'),('WSS130','p3'),('WSS132','p3'),('WSS145','p3'),('WSS146','p3'),('WSS166','p3'),('WSS191','p3'),('WSS194','p3'),('WSS2','p3'),('WSS224','p3'),('WSS247','p3'),('WSS256','p3'),('WSS265','p3'),('WSS298','p3'),('WSS319','p3'),('WSS331','p3'),('WSS333','p3'),('WSS335','p3'),('WSS339','p3'),('WSS359','p3'),('WSS362','p3'),('WSS382','p3'),('WSS383','p3'),('WSS386','p3'),('WSS404','p3'),('WSS417','p3'),('WSS427','p3'),('WSS458','p3'),('WSS471','p3'),('WSS472','p3'),('WSS492','p3'),('WSS494','p3'),('WSS54','p3'),('WSS63','p3'),('WSS70','p3'),('WSS78','p3'),('WSS79','p3'),('WSS12','p30'),('WSS126','p30'),('WSS138','p30'),('WSS164','p30'),('WSS179','p30'),('WSS187','p30'),('WSS189','p30'),('WSS212','p30'),('WSS241','p30'),('WSS25','p30'),('WSS278','p30'),('WSS284','p30'),('WSS290','p30'),('WSS294','p30'),('WSS298','p30'),('WSS312','p30'),('WSS313','p30'),('WSS34','p30'),('WSS340','p30'),('WSS38','p30'),('WSS390','p30'),('WSS405','p30'),('WSS417','p30'),('WSS426','p30'),('WSS446','p30'),('WSS468','p30'),('WSS47','p30'),('WSS476','p30'),('WSS500','p30'),('WSS69','p30'),('WSS8','p30'),('WSS97','p30'),('WSS117','p4'),('WSS118','p4'),('WSS125','p4'),('WSS135','p4'),('WSS142','p4'),('WSS174','p4'),('WSS177','p4'),('WSS189','p4'),('WSS19','p4'),('WSS191','p4'),('WSS201','p4'),('WSS232','p4'),('WSS233','p4'),('WSS24','p4'),('WSS274','p4'),('WSS29','p4'),('WSS292','p4'),('WSS316','p4'),('WSS318','p4'),('WSS320','p4'),('WSS344','p4'),('WSS356','p4'),('WSS37','p4'),('WSS395','p4'),('WSS434','p4'),('WSS441','p4'),('WSS459','p4'),('WSS465','p4'),('WSS493','p4'),('WSS498','p4'),('WSS61','p4'),('WSS72','p4'),('WSS75','p4'),('WSS79','p4'),('WSS82','p4'),('WSS85','p4'),('WSS92','p4'),('WSS106','p5'),('WSS142','p5'),('WSS147','p5'),('WSS161','p5'),('WSS163','p5'),('WSS192','p5'),('WSS204','p5'),('WSS225','p5'),('WSS236','p5'),('WSS242','p5'),('WSS247','p5'),('WSS262','p5'),('WSS265','p5'),('WSS28','p5'),('WSS285','p5'),('WSS292','p5'),('WSS293','p5'),('WSS3','p5'),('WSS30','p5'),('WSS322','p5'),('WSS324','p5'),('WSS336','p5'),('WSS351','p5'),('WSS373','p5'),('WSS381','p5'),('WSS390','p5'),('WSS413','p5'),('WSS415','p5'),('WSS436','p5'),('WSS450','p5'),('WSS452','p5'),('WSS471','p5'),('WSS494','p5'),('WSS71','p5'),('WSS8','p5'),('WSS84','p5'),('WSS90','p5'),('WSS145','p6'),('WSS182','p6'),('WSS192','p6'),('WSS195','p6'),('WSS221','p6'),('WSS225','p6'),('WSS231','p6'),('WSS245','p6'),('WSS284','p6'),('WSS290','p6'),('WSS303','p6'),('WSS331','p6'),('WSS346','p6'),('WSS347','p6'),('WSS366','p6'),('WSS398','p6'),('WSS399','p6'),('WSS422','p6'),('WSS443','p6'),('WSS463','p6'),('WSS467','p6'),('WSS485','p6'),('WSS486','p6'),('WSS49','p6'),('WSS495','p6'),('WSS51','p6'),('WSS66','p6'),('WSS73','p6'),('WSS80','p6'),('WSS114','p7'),('WSS115','p7'),('WSS120','p7'),('WSS125','p7'),('WSS159','p7'),('WSS161','p7'),('WSS170','p7'),('WSS171','p7'),('WSS173','p7'),('WSS174','p7'),('WSS178','p7'),('WSS214','p7'),('WSS217','p7'),('WSS237','p7'),('WSS248','p7'),('WSS250','p7'),('WSS251','p7'),('WSS266','p7'),('WSS272','p7'),('WSS311','p7'),('WSS338','p7'),('WSS342','p7'),('WSS351','p7'),('WSS368','p7'),('WSS402','p7'),('WSS411','p7'),('WSS445','p7'),('WSS477','p7'),('WSS493','p7'),('WSS52','p7'),('WSS66','p7'),('WSS7','p7'),('WSS73','p7'),('WSS88','p7'),('WSS96','p7'),('WSS108','p8'),('WSS155','p8'),('WSS200','p8'),('WSS21','p8'),('WSS236','p8'),('WSS245','p8'),('WSS257','p8'),('WSS276','p8'),('WSS305','p8'),('WSS307','p8'),('WSS314','p8'),('WSS317','p8'),('WSS340','p8'),('WSS370','p8'),('WSS371','p8'),('WSS379','p8'),('WSS386','p8'),('WSS405','p8'),('WSS41','p8'),('WSS418','p8'),('WSS423','p8'),('WSS457','p8'),('WSS460','p8'),('WSS474','p8'),('WSS476','p8'),('WSS478','p8'),('WSS60','p8'),('WSS67','p8'),('WSS68','p8'),('WSS7','p8'),('WSS100','p9'),('WSS109','p9'),('WSS160','p9'),('WSS165','p9'),('WSS19','p9'),('WSS206','p9'),('WSS213','p9'),('WSS22','p9'),('WSS224','p9'),('WSS24','p9'),('WSS25','p9'),('WSS256','p9'),('WSS261','p9'),('WSS268','p9'),('WSS289','p9'),('WSS302','p9'),('WSS310','p9'),('WSS325','p9'),('WSS356','p9'),('WSS365','p9'),('WSS376','p9'),('WSS39','p9'),('WSS392','p9'),('WSS394','p9'),('WSS447','p9'),('WSS464','p9'),('WSS496','p9'),('WSS499','p9'),('WSS62','p9'),('WSS67','p9'),('WSS78','p9'),('WSS86','p9'),('WSS93','p9'),('WSS99','p9');
/*!40000 ALTER TABLE `inputparameter` ENABLE KEYS */;
UNLOCK TABLES;

--
-- Table structure for table `knowledgeforcareerpath`
--

DROP TABLE IF EXISTS `knowledgeforcareerpath`;
/*!40101 SET @saved_cs_client     = @@character_set_client */;
/*!50503 SET character_set_client = utf8mb4 */;
CREATE TABLE `knowledgeforcareerpath` (
  `careerPathID` char(4) NOT NULL,
  `knowledgeID` char(6) NOT NULL,
  PRIMARY KEY (`careerPathID`,`knowledgeID`)
) ENGINE=InnoDB DEFAULT CHARSET=latin1;
/*!40101 SET character_set_client = @saved_cs_client */;

--
-- Dumping data for table `knowledgeforcareerpath`
--

LOCK TABLES `knowledgeforcareerpath` WRITE;
/*!40000 ALTER TABLE `knowledgeforcareerpath` DISABLE KEYS */;
INSERT INTO `knowledgeforcareerpath` VALUES ('C100','k1C311'),('C100','k1C412'),('C100','k1C469'),('C100','k1C500');
/*!40000 ALTER TABLE `knowledgeforcareerpath` ENABLE KEYS */;
UNLOCK TABLES;

--
-- Table structure for table `lhs`
--

DROP TABLE IF EXISTS `lhs`;
/*!40101 SET @saved_cs_client     = @@character_set_client */;
/*!50503 SET character_set_client = utf8mb4 */;
CREATE TABLE `lhs` (
  `ruleid` int NOT NULL,
  `courseid` varchar(10) NOT NULL,
  PRIMARY KEY (`ruleid`,`courseid`)
) ENGINE=InnoDB DEFAULT CHARSET=latin1;
/*!40101 SET character_set_client = @saved_cs_client */;

--
-- Dumping data for table `lhs`
--

LOCK TABLES `lhs` WRITE;
/*!40000 ALTER TABLE `lhs` DISABLE KEYS */;
INSERT INTO `lhs` VALUES (1,'ICP006'),(2,'ICP006'),(3,'ICP006'),(4,'ICP110'),(5,'ICP110'),(6,'ICP311'),(7,'ICP006'),(7,'ICP110'),(8,'ICP006'),(8,'ICP110'),(9,'ICP006'),(9,'ICP311'),(10,'ICP110'),(10,'ICP311'),(11,'ICP006'),(11,'ICP110'),(11,'ICP311');
/*!40000 ALTER TABLE `lhs` ENABLE KEYS */;
UNLOCK TABLES;

--
-- Table structure for table `outputparameter`
--

DROP TABLE IF EXISTS `outputparameter`;
/*!40101 SET @saved_cs_client     = @@character_set_client */;
/*!50503 SET character_set_client = utf8mb4 */;
CREATE TABLE `outputparameter` (
  `webServiceID` varchar(10) NOT NULL,
  `parameterID` varchar(10) NOT NULL,
  PRIMARY KEY (`webServiceID`,`parameterID`),
  KEY `knowledgeID` (`parameterID`)
) ENGINE=InnoDB DEFAULT CHARSET=latin1;
/*!40101 SET character_set_client = @saved_cs_client */;

--
-- Dumping data for table `outputparameter`
--

LOCK TABLES `outputparameter` WRITE;
/*!40000 ALTER TABLE `outputparameter` DISABLE KEYS */;
INSERT INTO `outputparameter` VALUES ('WSS123','p1'),('WSS145','p1'),('WSS17','p1'),('WSS171','p1'),('WSS187','p1'),('WSS189','p1'),('WSS196','p1'),('WSS23','p1'),('WSS232','p1'),('WSS244','p1'),('WSS258','p1'),('WSS261','p1'),('WSS266','p1'),('WSS268','p1'),('WSS272','p1'),('WSS281','p1'),('WSS283','p1'),('WSS285','p1'),('WSS291','p1'),('WSS316','p1'),('WSS320','p1'),('WSS325','p1'),('WSS327','p1'),('WSS344','p1'),('WSS349','p1'),('WSS350','p1'),('WSS354','p1'),('WSS357','p1'),('WSS376','p1'),('WSS384','p1'),('WSS394','p1'),('WSS4','p1'),('WSS428','p1'),('WSS432','p1'),('WSS436','p1'),('WSS46','p1'),('WSS463','p1'),('WSS470','p1'),('WSS61','p1'),('WSS66','p1'),('WSS70','p1'),('WSS72','p1'),('WSS79','p1'),('WSS8','p1'),('WSS83','p1'),('WSS112','p10'),('WSS113','p10'),('WSS134','p10'),('WSS144','p10'),('WSS156','p10'),('WSS160','p10'),('WSS163','p10'),('WSS165','p10'),('WSS171','p10'),('WSS174','p10'),('WSS181','p10'),('WSS182','p10'),('WSS203','p10'),('WSS215','p10'),('WSS224','p10'),('WSS226','p10'),('WSS231','p10'),('WSS246','p10'),('WSS264','p10'),('WSS278','p10'),('WSS288','p10'),('WSS290','p10'),('WSS326','p10'),('WSS328','p10'),('WSS33','p10'),('WSS350','p10'),('WSS36','p10'),('WSS360','p10'),('WSS368','p10'),('WSS371','p10'),('WSS388','p10'),('WSS398','p10'),('WSS400','p10'),('WSS410','p10'),('WSS413','p10'),('WSS414','p10'),('WSS418','p10'),('WSS421','p10'),('WSS425','p10'),('WSS429','p10'),('WSS455','p10'),('WSS467','p10'),('WSS470','p10'),('WSS472','p10'),('WSS48','p10'),('WSS486','p10'),('WSS49','p10'),('WSS494','p10'),('WSS495','p10'),('WSS499','p10'),('WSS7','p10'),('WSS70','p10'),('WSS78','p10'),('WSS79','p10'),('WSS81','p10'),('WSS82','p10'),('WSS83','p10'),('WSS87','p10'),('WSS90','p10'),('WSS98','p10'),('WSS99','p10'),('WSS105','p11'),('WSS127','p11'),('WSS131','p11'),('WSS141','p11'),('WSS143','p11'),('WSS146','p11'),('WSS148','p11'),('WSS155','p11'),('WSS16','p11'),('WSS162','p11'),('WSS17','p11'),('WSS173','p11'),('WSS175','p11'),('WSS19','p11'),('WSS192','p11'),('WSS202','p11'),('WSS206','p11'),('WSS232','p11'),('WSS24','p11'),('WSS242','p11'),('WSS253','p11'),('WSS259','p11'),('WSS266','p11'),('WSS270','p11'),('WSS274','p11'),('WSS276','p11'),('WSS282','p11'),('WSS287','p11'),('WSS316','p11'),('WSS330','p11'),('WSS335','p11'),('WSS341','p11'),('WSS352','p11'),('WSS354','p11'),('WSS355','p11'),('WSS359','p11'),('WSS36','p11'),('WSS360','p11'),('WSS369','p11'),('WSS370','p11'),('WSS372','p11'),('WSS374','p11'),('WSS378','p11'),('WSS380','p11'),('WSS388','p11'),('WSS395','p11'),('WSS400','p11'),('WSS401','p11'),('WSS41','p11'),('WSS42','p11'),('WSS434','p11'),('WSS435','p11'),('WSS447','p11'),('WSS45','p11'),('WSS450','p11'),('WSS459','p11'),('WSS466','p11'),('WSS474','p11'),('WSS491','p11'),('WSS496','p11'),('WSS53','p11'),('WSS60','p11'),('WSS63','p11'),('WSS71','p11'),('WSS94','p11'),('WSS99','p11'),('WSS1','p12'),('WSS103','p12'),('WSS111','p12'),('WSS114','p12'),('WSS117','p12'),('WSS140','p12'),('WSS143','p12'),('WSS16','p12'),('WSS163','p12'),('WSS165','p12'),('WSS181','p12'),('WSS197','p12'),('WSS198','p12'),('WSS22','p12'),('WSS227','p12'),('WSS232','p12'),('WSS236','p12'),('WSS240','p12'),('WSS242','p12'),('WSS248','p12'),('WSS259','p12'),('WSS264','p12'),('WSS267','p12'),('WSS27','p12'),('WSS272','p12'),('WSS274','p12'),('WSS275','p12'),('WSS276','p12'),('WSS281','p12'),('WSS301','p12'),('WSS302','p12'),('WSS303','p12'),('WSS306','p12'),('WSS31','p12'),('WSS314','p12'),('WSS327','p12'),('WSS33','p12'),('WSS331','p12'),('WSS346','p12'),('WSS356','p12'),('WSS362','p12'),('WSS39','p12'),('WSS391','p12'),('WSS393','p12'),('WSS395','p12'),('WSS400','p12'),('WSS406','p12'),('WSS436','p12'),('WSS438','p12'),('WSS440','p12'),('WSS445','p12'),('WSS447','p12'),('WSS458','p12'),('WSS459','p12'),('WSS465','p12'),('WSS467','p12'),('WSS470','p12'),('WSS479','p12'),('WSS48','p12'),('WSS480','p12'),('WSS485','p12'),('WSS493','p12'),('WSS498','p12'),('WSS499','p12'),('WSS51','p12'),('WSS57','p12'),('WSS61','p12'),('WSS67','p12'),('WSS69','p12'),('WSS79','p12'),('WSS81','p12'),('WSS91','p12'),('WSS98','p12'),('WSS99','p12'),('WSS100','p13'),('WSS106','p13'),('WSS123','p13'),('WSS124','p13'),('WSS126','p13'),('WSS131','p13'),('WSS14','p13'),('WSS146','p13'),('WSS159','p13'),('WSS174','p13'),('WSS175','p13'),('WSS176','p13'),('WSS185','p13'),('WSS189','p13'),('WSS205','p13'),('WSS206','p13'),('WSS209','p13'),('WSS248','p13'),('WSS25','p13'),('WSS260','p13'),('WSS261','p13'),('WSS269','p13'),('WSS27','p13'),('WSS276','p13'),('WSS280','p13'),('WSS284','p13'),('WSS292','p13'),('WSS296','p13'),('WSS301','p13'),('WSS310','p13'),('WSS314','p13'),('WSS317','p13'),('WSS325','p13'),('WSS333','p13'),('WSS338','p13'),('WSS365','p13'),('WSS373','p13'),('WSS377','p13'),('WSS386','p13'),('WSS390','p13'),('WSS4','p13'),('WSS404','p13'),('WSS407','p13'),('WSS416','p13'),('WSS431','p13'),('WSS436','p13'),('WSS448','p13'),('WSS46','p13'),('WSS463','p13'),('WSS467','p13'),('WSS477','p13'),('WSS481','p13'),('WSS485','p13'),('WSS5','p13'),('WSS62','p13'),('WSS70','p13'),('WSS71','p13'),('WSS72','p13'),('WSS82','p13'),('WSS92','p13'),('WSS114','p14'),('WSS115','p14'),('WSS117','p14'),('WSS12','p14'),('WSS121','p14'),('WSS132','p14'),('WSS142','p14'),('WSS147','p14'),('WSS151','p14'),('WSS155','p14'),('WSS161','p14'),('WSS163','p14'),('WSS172','p14'),('WSS188','p14'),('WSS19','p14'),('WSS191','p14'),('WSS199','p14'),('WSS204','p14'),('WSS213','p14'),('WSS216','p14'),('WSS22','p14'),('WSS231','p14'),('WSS240','p14'),('WSS251','p14'),('WSS254','p14'),('WSS255','p14'),('WSS261','p14'),('WSS27','p14'),('WSS279','p14'),('WSS286','p14'),('WSS288','p14'),('WSS290','p14'),('WSS3','p14'),('WSS30','p14'),('WSS302','p14'),('WSS314','p14'),('WSS316','p14'),('WSS332','p14'),('WSS334','p14'),('WSS343','p14'),('WSS358','p14'),('WSS360','p14'),('WSS370','p14'),('WSS38','p14'),('WSS385','p14'),('WSS387','p14'),('WSS388','p14'),('WSS401','p14'),('WSS410','p14'),('WSS417','p14'),('WSS422','p14'),('WSS442','p14'),('WSS449','p14'),('WSS460','p14'),('WSS466','p14'),('WSS469','p14'),('WSS47','p14'),('WSS476','p14'),('WSS48','p14'),('WSS500','p14'),('WSS51','p14'),('WSS60','p14'),('WSS62','p14'),('WSS63','p14'),('WSS68','p14'),('WSS7','p14'),('WSS75','p14'),('WSS76','p14'),('WSS77','p14'),('WSS11','p15'),('WSS110','p15'),('WSS114','p15'),('WSS125','p15'),('WSS13','p15'),('WSS130','p15'),('WSS137','p15'),('WSS142','p15'),('WSS154','p15'),('WSS158','p15'),('WSS197','p15'),('WSS2','p15'),('WSS203','p15'),('WSS204','p15'),('WSS21','p15'),('WSS210','p15'),('WSS213','p15'),('WSS239','p15'),('WSS251','p15'),('WSS265','p15'),('WSS28','p15'),('WSS281','p15'),('WSS282','p15'),('WSS293','p15'),('WSS30','p15'),('WSS31','p15'),('WSS324','p15'),('WSS340','p15'),('WSS341','p15'),('WSS349','p15'),('WSS35','p15'),('WSS359','p15'),('WSS376','p15'),('WSS382','p15'),('WSS393','p15'),('WSS4','p15'),('WSS402','p15'),('WSS406','p15'),('WSS408','p15'),('WSS409','p15'),('WSS41','p15'),('WSS411','p15'),('WSS413','p15'),('WSS415','p15'),('WSS420','p15'),('WSS423','p15'),('WSS427','p15'),('WSS43','p15'),('WSS430','p15'),('WSS444','p15'),('WSS450','p15'),('WSS451','p15'),('WSS46','p15'),('WSS472','p15'),('WSS48','p15'),('WSS491','p15'),('WSS56','p15'),('WSS68','p15'),('WSS84','p15'),('WSS85','p15'),('WSS95','p15'),('WSS101','p16'),('WSS102','p16'),('WSS103','p16'),('WSS134','p16'),('WSS150','p16'),('WSS154','p16'),('WSS155','p16'),('WSS160','p16'),('WSS161','p16'),('WSS168','p16'),('WSS173','p16'),('WSS176','p16'),('WSS180','p16'),('WSS183','p16'),('WSS197','p16'),('WSS200','p16'),('WSS21','p16'),('WSS212','p16'),('WSS227','p16'),('WSS229','p16'),('WSS23','p16'),('WSS230','p16'),('WSS231','p16'),('WSS237','p16'),('WSS24','p16'),('WSS244','p16'),('WSS245','p16'),('WSS259','p16'),('WSS270','p16'),('WSS278','p16'),('WSS294','p16'),('WSS302','p16'),('WSS307','p16'),('WSS319','p16'),('WSS34','p16'),('WSS340','p16'),('WSS341','p16'),('WSS342','p16'),('WSS362','p16'),('WSS363','p16'),('WSS370','p16'),('WSS378','p16'),('WSS38','p16'),('WSS387','p16'),('WSS404','p16'),('WSS431','p16'),('WSS441','p16'),('WSS444','p16'),('WSS445','p16'),('WSS453','p16'),('WSS456','p16'),('WSS458','p16'),('WSS460','p16'),('WSS467','p16'),('WSS469','p16'),('WSS473','p16'),('WSS480','p16'),('WSS483','p16'),('WSS492','p16'),('WSS494','p16'),('WSS495','p16'),('WSS499','p16'),('WSS59','p16'),('WSS6','p16'),('WSS65','p16'),('WSS66','p16'),('WSS73','p16'),('WSS97','p16'),('WSS104','p17'),('WSS120','p17'),('WSS128','p17'),('WSS130','p17'),('WSS131','p17'),('WSS133','p17'),('WSS138','p17'),('WSS14','p17'),('WSS147','p17'),('WSS153','p17'),('WSS171','p17'),('WSS172','p17'),('WSS178','p17'),('WSS18','p17'),('WSS183','p17'),('WSS184','p17'),('WSS188','p17'),('WSS191','p17'),('WSS195','p17'),('WSS20','p17'),('WSS201','p17'),('WSS220','p17'),('WSS225','p17'),('WSS228','p17'),('WSS233','p17'),('WSS234','p17'),('WSS252','p17'),('WSS256','p17'),('WSS27','p17'),('WSS271','p17'),('WSS277','p17'),('WSS286','p17'),('WSS288','p17'),('WSS291','p17'),('WSS305','p17'),('WSS310','p17'),('WSS322','p17'),('WSS334','p17'),('WSS338','p17'),('WSS339','p17'),('WSS375','p17'),('WSS39','p17'),('WSS391','p17'),('WSS395','p17'),('WSS398','p17'),('WSS413','p17'),('WSS424','p17'),('WSS425','p17'),('WSS426','p17'),('WSS430','p17'),('WSS443','p17'),('WSS448','p17'),('WSS450','p17'),('WSS452','p17'),('WSS468','p17'),('WSS469','p17'),('WSS47','p17'),('WSS472','p17'),('WSS478','p17'),('WSS500','p17'),('WSS56','p17'),('WSS88','p17'),('WSS1','p18'),('WSS105','p18'),('WSS109','p18'),('WSS115','p18'),('WSS116','p18'),('WSS12','p18'),('WSS124','p18'),('WSS133','p18'),('WSS136','p18'),('WSS148','p18'),('WSS151','p18'),('WSS153','p18'),('WSS158','p18'),('WSS176','p18'),('WSS182','p18'),('WSS186','p18'),('WSS196','p18'),('WSS203','p18'),('WSS205','p18'),('WSS217','p18'),('WSS22','p18'),('WSS225','p18'),('WSS247','p18'),('WSS256','p18'),('WSS269','p18'),('WSS272','p18'),('WSS275','p18'),('WSS278','p18'),('WSS285','p18'),('WSS293','p18'),('WSS295','p18'),('WSS318','p18'),('WSS330','p18'),('WSS335','p18'),('WSS338','p18'),('WSS352','p18'),('WSS359','p18'),('WSS360','p18'),('WSS365','p18'),('WSS367','p18'),('WSS369','p18'),('WSS372','p18'),('WSS375','p18'),('WSS377','p18'),('WSS396','p18'),('WSS411','p18'),('WSS433','p18'),('WSS447','p18'),('WSS451','p18'),('WSS454','p18'),('WSS457','p18'),('WSS470','p18'),('WSS482','p18'),('WSS486','p18'),('WSS493','p18'),('WSS495','p18'),('WSS5','p18'),('WSS50','p18'),('WSS65','p18'),('WSS67','p18'),('WSS71','p18'),('WSS78','p18'),('WSS80','p18'),('WSS81','p18'),('WSS92','p18'),('WSS97','p18'),('WSS100','p19'),('WSS102','p19'),('WSS108','p19'),('WSS109','p19'),('WSS11','p19'),('WSS111','p19'),('WSS119','p19'),('WSS129','p19'),('WSS137','p19'),('WSS140','p19'),('WSS141','p19'),('WSS145','p19'),('WSS157','p19'),('WSS159','p19'),('WSS16','p19'),('WSS202','p19'),('WSS205','p19'),('WSS207','p19'),('WSS21','p19'),('WSS216','p19'),('WSS218','p19'),('WSS228','p19'),('WSS229','p19'),('WSS233','p19'),('WSS235','p19'),('WSS240','p19'),('WSS251','p19'),('WSS255','p19'),('WSS262','p19'),('WSS28','p19'),('WSS280','p19'),('WSS289','p19'),('WSS290','p19'),('WSS300','p19'),('WSS308','p19'),('WSS325','p19'),('WSS327','p19'),('WSS337','p19'),('WSS339','p19'),('WSS34','p19'),('WSS352','p19'),('WSS357','p19'),('WSS367','p19'),('WSS369','p19'),('WSS373','p19'),('WSS379','p19'),('WSS382','p19'),('WSS385','p19'),('WSS386','p19'),('WSS387','p19'),('WSS394','p19'),('WSS396','p19'),('WSS398','p19'),('WSS409','p19'),('WSS437','p19'),('WSS445','p19'),('WSS452','p19'),('WSS46','p19'),('WSS461','p19'),('WSS469','p19'),('WSS480','p19'),('WSS481','p19'),('WSS49','p19'),('WSS496','p19'),('WSS498','p19'),('WSS55','p19'),('WSS56','p19'),('WSS57','p19'),('WSS58','p19'),('WSS66','p19'),('WSS7','p19'),('WSS77','p19'),('WSS91','p19'),('WSS98','p19'),('WSS104','p2'),('WSS106','p2'),('WSS112','p2'),('WSS113','p2'),('WSS120','p2'),('WSS122','p2'),('WSS126','p2'),('WSS127','p2'),('WSS132','p2'),('WSS140','p2'),('WSS148','p2'),('WSS160','p2'),('WSS167','p2'),('WSS168','p2'),('WSS177','p2'),('WSS178','p2'),('WSS179','p2'),('WSS187','p2'),('WSS189','p2'),('WSS191','p2'),('WSS208','p2'),('WSS210','p2'),('WSS215','p2'),('WSS223','p2'),('WSS227','p2'),('WSS235','p2'),('WSS238','p2'),('WSS245','p2'),('WSS25','p2'),('WSS26','p2'),('WSS260','p2'),('WSS262','p2'),('WSS29','p2'),('WSS299','p2'),('WSS301','p2'),('WSS304','p2'),('WSS308','p2'),('WSS329','p2'),('WSS333','p2'),('WSS337','p2'),('WSS344','p2'),('WSS347','p2'),('WSS348','p2'),('WSS351','p2'),('WSS358','p2'),('WSS364','p2'),('WSS37','p2'),('WSS380','p2'),('WSS381','p2'),('WSS396','p2'),('WSS401','p2'),('WSS403','p2'),('WSS412','p2'),('WSS416','p2'),('WSS417','p2'),('WSS420','p2'),('WSS421','p2'),('WSS432','p2'),('WSS439','p2'),('WSS450','p2'),('WSS457','p2'),('WSS471','p2'),('WSS474','p2'),('WSS481','p2'),('WSS49','p2'),('WSS490','p2'),('WSS492','p2'),('WSS5','p2'),('WSS59','p2'),('WSS70','p2'),('WSS74','p2'),('WSS88','p2'),('WSS9','p2'),('WSS92','p2'),('WSS93','p2'),('WSS96','p2'),('WSS118','p20'),('WSS133','p20'),('WSS150','p20'),('WSS152','p20'),('WSS154','p20'),('WSS164','p20'),('WSS165','p20'),('WSS166','p20'),('WSS167','p20'),('WSS169','p20'),('WSS180','p20'),('WSS186','p20'),('WSS192','p20'),('WSS20','p20'),('WSS205','p20'),('WSS215','p20'),('WSS216','p20'),('WSS218','p20'),('WSS220','p20'),('WSS227','p20'),('WSS233','p20'),('WSS234','p20'),('WSS235','p20'),('WSS241','p20'),('WSS256','p20'),('WSS289','p20'),('WSS297','p20'),('WSS299','p20'),('WSS313','p20'),('WSS315','p20'),('WSS324','p20'),('WSS332','p20'),('WSS333','p20'),('WSS348','p20'),('WSS35','p20'),('WSS352','p20'),('WSS358','p20'),('WSS375','p20'),('WSS376','p20'),('WSS384','p20'),('WSS40','p20'),('WSS402','p20'),('WSS404','p20'),('WSS416','p20'),('WSS419','p20'),('WSS426','p20'),('WSS438','p20'),('WSS439','p20'),('WSS455','p20'),('WSS481','p20'),('WSS496','p20'),('WSS73','p20'),('WSS75','p20'),('WSS79','p20'),('WSS80','p20'),('WSS103','p21'),('WSS108','p21'),('WSS109','p21'),('WSS119','p21'),('WSS12','p21'),('WSS123','p21'),('WSS125','p21'),('WSS126','p21'),('WSS129','p21'),('WSS135','p21'),('WSS141','p21'),('WSS142','p21'),('WSS149','p21'),('WSS15','p21'),('WSS173','p21'),('WSS174','p21'),('WSS177','p21'),('WSS190','p21'),('WSS208','p21'),('WSS220','p21'),('WSS223','p21'),('WSS224','p21'),('WSS25','p21'),('WSS257','p21'),('WSS258','p21'),('WSS273','p21'),('WSS309','p21'),('WSS310','p21'),('WSS313','p21'),('WSS315','p21'),('WSS317','p21'),('WSS328','p21'),('WSS333','p21'),('WSS351','p21'),('WSS353','p21'),('WSS355','p21'),('WSS366','p21'),('WSS385','p21'),('WSS397','p21'),('WSS408','p21'),('WSS412','p21'),('WSS420','p21'),('WSS423','p21'),('WSS43','p21'),('WSS434','p21'),('WSS457','p21'),('WSS484','p21'),('WSS487','p21'),('WSS54','p21'),('WSS68','p21'),('WSS74','p21'),('WSS85','p21'),('WSS87','p21'),('WSS95','p21'),('WSS106','p22'),('WSS122','p22'),('WSS141','p22'),('WSS151','p22'),('WSS156','p22'),('WSS158','p22'),('WSS178','p22'),('WSS180','p22'),('WSS207','p22'),('WSS21','p22'),('WSS211','p22'),('WSS212','p22'),('WSS224','p22'),('WSS226','p22'),('WSS229','p22'),('WSS236','p22'),('WSS246','p22'),('WSS247','p22'),('WSS250','p22'),('WSS255','p22'),('WSS260','p22'),('WSS263','p22'),('WSS266','p22'),('WSS271','p22'),('WSS28','p22'),('WSS287','p22'),('WSS300','p22'),('WSS304','p22'),('WSS305','p22'),('WSS306','p22'),('WSS313','p22'),('WSS327','p22'),('WSS34','p22'),('WSS345','p22'),('WSS353','p22'),('WSS355','p22'),('WSS361','p22'),('WSS363','p22'),('WSS365','p22'),('WSS371','p22'),('WSS373','p22'),('WSS387','p22'),('WSS395','p22'),('WSS407','p22'),('WSS41','p22'),('WSS412','p22'),('WSS414','p22'),('WSS42','p22'),('WSS423','p22'),('WSS425','p22'),('WSS455','p22'),('WSS465','p22'),('WSS47','p22'),('WSS471','p22'),('WSS473','p22'),('WSS474','p22'),('WSS486','p22'),('WSS55','p22'),('WSS58','p22'),('WSS66','p22'),('WSS9','p22'),('WSS91','p22'),('WSS10','p23'),('WSS105','p23'),('WSS118','p23'),('WSS128','p23'),('WSS137','p23'),('WSS147','p23'),('WSS148','p23'),('WSS154','p23'),('WSS157','p23'),('WSS164','p23'),('WSS17','p23'),('WSS170','p23'),('WSS199','p23'),('WSS201','p23'),('WSS210','p23'),('WSS212','p23'),('WSS219','p23'),('WSS221','p23'),('WSS228','p23'),('WSS240','p23'),('WSS243','p23'),('WSS249','p23'),('WSS277','p23'),('WSS279','p23'),('WSS283','p23'),('WSS285','p23'),('WSS3','p23'),('WSS31','p23'),('WSS313','p23'),('WSS32','p23'),('WSS328','p23'),('WSS331','p23'),('WSS336','p23'),('WSS339','p23'),('WSS340','p23'),('WSS342','p23'),('WSS344','p23'),('WSS356','p23'),('WSS358','p23'),('WSS366','p23'),('WSS372','p23'),('WSS383','p23'),('WSS408','p23'),('WSS417','p23'),('WSS420','p23'),('WSS427','p23'),('WSS439','p23'),('WSS448','p23'),('WSS45','p23'),('WSS473','p23'),('WSS482','p23'),('WSS492','p23'),('WSS50','p23'),('WSS500','p23'),('WSS64','p23'),('WSS74','p23'),('WSS80','p23'),('WSS82','p23'),('WSS86','p23'),('WSS97','p23'),('WSS105','p24'),('WSS124','p24'),('WSS128','p24'),('WSS145','p24'),('WSS167','p24'),('WSS17','p24'),('WSS171','p24'),('WSS175','p24'),('WSS188','p24'),('WSS19','p24'),('WSS194','p24'),('WSS200','p24'),('WSS203','p24'),('WSS211','p24'),('WSS212','p24'),('WSS214','p24'),('WSS217','p24'),('WSS230','p24'),('WSS234','p24'),('WSS238','p24'),('WSS24','p24'),('WSS242','p24'),('WSS249','p24'),('WSS252','p24'),('WSS257','p24'),('WSS267','p24'),('WSS270','p24'),('WSS29','p24'),('WSS311','p24'),('WSS315','p24'),('WSS323','p24'),('WSS328','p24'),('WSS330','p24'),('WSS332','p24'),('WSS345','p24'),('WSS355','p24'),('WSS364','p24'),('WSS367','p24'),('WSS368','p24'),('WSS37','p24'),('WSS377','p24'),('WSS381','p24'),('WSS384','p24'),('WSS40','p24'),('WSS418','p24'),('WSS431','p24'),('WSS433','p24'),('WSS434','p24'),('WSS441','p24'),('WSS443','p24'),('WSS444','p24'),('WSS445','p24'),('WSS446','p24'),('WSS447','p24'),('WSS457','p24'),('WSS463','p24'),('WSS474','p24'),('WSS478','p24'),('WSS484','p24'),('WSS49','p24'),('WSS490','p24'),('WSS497','p24'),('WSS64','p24'),('WSS67','p24'),('WSS72','p24'),('WSS84','p24'),('WSS88','p24'),('WSS98','p24'),('WSS1','p25'),('WSS106','p25'),('WSS107','p25'),('WSS113','p25'),('WSS114','p25'),('WSS115','p25'),('WSS12','p25'),('WSS120','p25'),('WSS121','p25'),('WSS122','p25'),('WSS125','p25'),('WSS134','p25'),('WSS135','p25'),('WSS139','p25'),('WSS147','p25'),('WSS15','p25'),('WSS161','p25'),('WSS168','p25'),('WSS179','p25'),('WSS18','p25'),('WSS181','p25'),('WSS194','p25'),('WSS198','p25'),('WSS206','p25'),('WSS219','p25'),('WSS222','p25'),('WSS223','p25'),('WSS235','p25'),('WSS242','p25'),('WSS243','p25'),('WSS247','p25'),('WSS248','p25'),('WSS249','p25'),('WSS251','p25'),('WSS262','p25'),('WSS265','p25'),('WSS267','p25'),('WSS268','p25'),('WSS270','p25'),('WSS271','p25'),('WSS289','p25'),('WSS298','p25'),('WSS302','p25'),('WSS303','p25'),('WSS308','p25'),('WSS312','p25'),('WSS316','p25'),('WSS329','p25'),('WSS335','p25'),('WSS346','p25'),('WSS359','p25'),('WSS361','p25'),('WSS370','p25'),('WSS378','p25'),('WSS390','p25'),('WSS403','p25'),('WSS407','p25'),('WSS413','p25'),('WSS417','p25'),('WSS418','p25'),('WSS421','p25'),('WSS433','p25'),('WSS443','p25'),('WSS446','p25'),('WSS460','p25'),('WSS480','p25'),('WSS497','p25'),('WSS50','p25'),('WSS59','p25'),('WSS60','p25'),('WSS90','p25'),('WSS95','p25'),('WSS101','p26'),('WSS104','p26'),('WSS133','p26'),('WSS135','p26'),('WSS15','p26'),('WSS177','p26'),('WSS183','p26'),('WSS191','p26'),('WSS194','p26'),('WSS221','p26'),('WSS226','p26'),('WSS241','p26'),('WSS252','p26'),('WSS264','p26'),('WSS265','p26'),('WSS275','p26'),('WSS279','p26'),('WSS298','p26'),('WSS319','p26'),('WSS32','p26'),('WSS320','p26'),('WSS326','p26'),('WSS337','p26'),('WSS361','p26'),('WSS373','p26'),('WSS390','p26'),('WSS409','p26'),('WSS410','p26'),('WSS419','p26'),('WSS424','p26'),('WSS428','p26'),('WSS433','p26'),('WSS435','p26'),('WSS438','p26'),('WSS465','p26'),('WSS471','p26'),('WSS477','p26'),('WSS483','p26'),('WSS487','p26'),('WSS52','p26'),('WSS53','p26'),('WSS57','p26'),('WSS60','p26'),('WSS65','p26'),('WSS68','p26'),('WSS72','p26'),('WSS8','p26'),('WSS89','p26'),('WSS92','p26'),('WSS93','p26'),('WSS10','p27'),('WSS110','p27'),('WSS117','p27'),('WSS119','p27'),('WSS124','p27'),('WSS129','p27'),('WSS130','p27'),('WSS146','p27'),('WSS152','p27'),('WSS155','p27'),('WSS156','p27'),('WSS170','p27'),('WSS19','p27'),('WSS190','p27'),('WSS20','p27'),('WSS202','p27'),('WSS209','p27'),('WSS238','p27'),('WSS243','p27'),('WSS245','p27'),('WSS253','p27'),('WSS261','p27'),('WSS262','p27'),('WSS266','p27'),('WSS295','p27'),('WSS308','p27'),('WSS323','p27'),('WSS324','p27'),('WSS326','p27'),('WSS331','p27'),('WSS347','p27'),('WSS363','p27'),('WSS365','p27'),('WSS374','p27'),('WSS379','p27'),('WSS389','p27'),('WSS398','p27'),('WSS412','p27'),('WSS424','p27'),('WSS435','p27'),('WSS437','p27'),('WSS449','p27'),('WSS454','p27'),('WSS459','p27'),('WSS464','p27'),('WSS466','p27'),('WSS473','p27'),('WSS479','p27'),('WSS488','p27'),('WSS489','p27'),('WSS493','p27'),('WSS51','p27'),('WSS76','p27'),('WSS87','p27'),('WSS88','p27'),('WSS10','p28'),('WSS100','p28'),('WSS102','p28'),('WSS112','p28'),('WSS119','p28'),('WSS126','p28'),('WSS129','p28'),('WSS131','p28'),('WSS138','p28'),('WSS184','p28'),('WSS196','p28'),('WSS198','p28'),('WSS2','p28'),('WSS200','p28'),('WSS201','p28'),('WSS208','p28'),('WSS211','p28'),('WSS213','p28'),('WSS22','p28'),('WSS239','p28'),('WSS250','p28'),('WSS252','p28'),('WSS26','p28'),('WSS272','p28'),('WSS283','p28'),('WSS285','p28'),('WSS288','p28'),('WSS297','p28'),('WSS299','p28'),('WSS300','p28'),('WSS329','p28'),('WSS35','p28'),('WSS350','p28'),('WSS351','p28'),('WSS36','p28'),('WSS383','p28'),('WSS389','p28'),('WSS392','p28'),('WSS397','p28'),('WSS423','p28'),('WSS43','p28'),('WSS430','p28'),('WSS432','p28'),('WSS44','p28'),('WSS449','p28'),('WSS462','p28'),('WSS468','p28'),('WSS47','p28'),('WSS476','p28'),('WSS482','p28'),('WSS485','p28'),('WSS489','p28'),('WSS495','p28'),('WSS51','p28'),('WSS55','p28'),('WSS6','p28'),('WSS85','p28'),('WSS86','p28'),('WSS89','p28'),('WSS1','p29'),('WSS11','p29'),('WSS117','p29'),('WSS123','p29'),('WSS140','p29'),('WSS142','p29'),('WSS153','p29'),('WSS163','p29'),('WSS170','p29'),('WSS182','p29'),('WSS195','p29'),('WSS208','p29'),('WSS214','p29'),('WSS218','p29'),('WSS224','p29'),('WSS236','p29'),('WSS238','p29'),('WSS241','p29'),('WSS246','p29'),('WSS25','p29'),('WSS263','p29'),('WSS282','p29'),('WSS284','p29'),('WSS291','p29'),('WSS293','p29'),('WSS294','p29'),('WSS303','p29'),('WSS305','p29'),('WSS307','p29'),('WSS309','p29'),('WSS312','p29'),('WSS32','p29'),('WSS325','p29'),('WSS337','p29'),('WSS342','p29'),('WSS343','p29'),('WSS348','p29'),('WSS366','p29'),('WSS368','p29'),('WSS374','p29'),('WSS377','p29'),('WSS379','p29'),('WSS38','p29'),('WSS383','p29'),('WSS388','p29'),('WSS389','p29'),('WSS396','p29'),('WSS397','p29'),('WSS399','p29'),('WSS405','p29'),('WSS407','p29'),('WSS415','p29'),('WSS416','p29'),('WSS425','p29'),('WSS427','p29'),('WSS432','p29'),('WSS446','p29'),('WSS451','p29'),('WSS458','p29'),('WSS464','p29'),('WSS477','p29'),('WSS478','p29'),('WSS487','p29'),('WSS488','p29'),('WSS50','p29'),('WSS53','p29'),('WSS69','p29'),('WSS8','p29'),('WSS84','p29'),('WSS86','p29'),('WSS93','p29'),('WSS94','p29'),('WSS96','p29'),('WSS101','p3'),('WSS104','p3'),('WSS108','p3'),('WSS111','p3'),('WSS115','p3'),('WSS136','p3'),('WSS14','p3'),('WSS144','p3'),('WSS15','p3'),('WSS150','p3'),('WSS156','p3'),('WSS159','p3'),('WSS160','p3'),('WSS162','p3'),('WSS179','p3'),('WSS185','p3'),('WSS195','p3'),('WSS2','p3'),('WSS207','p3'),('WSS234','p3'),('WSS236','p3'),('WSS249','p3'),('WSS257','p3'),('WSS26','p3'),('WSS268','p3'),('WSS282','p3'),('WSS283','p3'),('WSS287','p3'),('WSS29','p3'),('WSS290','p3'),('WSS292','p3'),('WSS300','p3'),('WSS304','p3'),('WSS307','p3'),('WSS309','p3'),('WSS315','p3'),('WSS319','p3'),('WSS32','p3'),('WSS338','p3'),('WSS36','p3'),('WSS380','p3'),('WSS386','p3'),('WSS393','p3'),('WSS402','p3'),('WSS403','p3'),('WSS408','p3'),('WSS422','p3'),('WSS426','p3'),('WSS437','p3'),('WSS440','p3'),('WSS442','p3'),('WSS454','p3'),('WSS459','p3'),('WSS468','p3'),('WSS475','p3'),('WSS476','p3'),('WSS489','p3'),('WSS492','p3'),('WSS497','p3'),('WSS64','p3'),('WSS74','p3'),('WSS78','p3'),('WSS97','p3'),('WSS10','p30'),('WSS107','p30'),('WSS111','p30'),('WSS125','p30'),('WSS135','p30'),('WSS139','p30'),('WSS162','p30'),('WSS164','p30'),('WSS168','p30'),('WSS169','p30'),('WSS172','p30'),('WSS177','p30'),('WSS18','p30'),('WSS201','p30'),('WSS202','p30'),('WSS207','p30'),('WSS225','p30'),('WSS229','p30'),('WSS269','p30'),('WSS277','p30'),('WSS284','p30'),('WSS286','p30'),('WSS294','p30'),('WSS297','p30'),('WSS298','p30'),('WSS310','p30'),('WSS311','p30'),('WSS322','p30'),('WSS33','p30'),('WSS330','p30'),('WSS336','p30'),('WSS346','p30'),('WSS37','p30'),('WSS371','p30'),('WSS380','p30'),('WSS391','p30'),('WSS392','p30'),('WSS399','p30'),('WSS406','p30'),('WSS414','p30'),('WSS415','p30'),('WSS42','p30'),('WSS429','p30'),('WSS43','p30'),('WSS446','p30'),('WSS45','p30'),('WSS453','p30'),('WSS458','p30'),('WSS460','p30'),('WSS461','p30'),('WSS463','p30'),('WSS484','p30'),('WSS491','p30'),('WSS496','p30'),('WSS52','p30'),('WSS73','p30'),('WSS75','p30'),('WSS76','p30'),('WSS81','p30'),('WSS86','p30'),('WSS99','p30'),('WSS13','p4'),('WSS130','p4'),('WSS132','p4'),('WSS136','p4'),('WSS138','p4'),('WSS152','p4'),('WSS173','p4'),('WSS18','p4'),('WSS182','p4'),('WSS184','p4'),('WSS188','p4'),('WSS192','p4'),('WSS204','p4'),('WSS206','p4'),('WSS209','p4'),('WSS211','p4'),('WSS214','p4'),('WSS221','p4'),('WSS222','p4'),('WSS237','p4'),('WSS243','p4'),('WSS245','p4'),('WSS258','p4'),('WSS274','p4'),('WSS281','p4'),('WSS287','p4'),('WSS29','p4'),('WSS303','p4'),('WSS306','p4'),('WSS307','p4'),('WSS321','p4'),('WSS322','p4'),('WSS323','p4'),('WSS324','p4'),('WSS326','p4'),('WSS336','p4'),('WSS344','p4'),('WSS353','p4'),('WSS374','p4'),('WSS382','p4'),('WSS411','p4'),('WSS418','p4'),('WSS429','p4'),('WSS437','p4'),('WSS443','p4'),('WSS444','p4'),('WSS452','p4'),('WSS456','p4'),('WSS478','p4'),('WSS479','p4'),('WSS485','p4'),('WSS488','p4'),('WSS498','p4'),('WSS55','p4'),('WSS59','p4'),('WSS6','p4'),('WSS62','p4'),('WSS64','p4'),('WSS71','p4'),('WSS85','p4'),('WSS9','p4'),('WSS90','p4'),('WSS100','p5'),('WSS102','p5'),('WSS107','p5'),('WSS109','p5'),('WSS121','p5'),('WSS127','p5'),('WSS13','p5'),('WSS134','p5'),('WSS144','p5'),('WSS149','p5'),('WSS151','p5'),('WSS157','p5'),('WSS175','p5'),('WSS181','p5'),('WSS193','p5'),('WSS194','p5'),('WSS20','p5'),('WSS213','p5'),('WSS23','p5'),('WSS239','p5'),('WSS24','p5'),('WSS244','p5'),('WSS254','p5'),('WSS26','p5'),('WSS263','p5'),('WSS264','p5'),('WSS265','p5'),('WSS269','p5'),('WSS273','p5'),('WSS277','p5'),('WSS295','p5'),('WSS309','p5'),('WSS318','p5'),('WSS332','p5'),('WSS339','p5'),('WSS345','p5'),('WSS349','p5'),('WSS35','p5'),('WSS354','p5'),('WSS356','p5'),('WSS362','p5'),('WSS363','p5'),('WSS375','p5'),('WSS379','p5'),('WSS381','p5'),('WSS390','p5'),('WSS394','p5'),('WSS403','p5'),('WSS410','p5'),('WSS415','p5'),('WSS419','p5'),('WSS42','p5'),('WSS439','p5'),('WSS441','p5'),('WSS442','p5'),('WSS448','p5'),('WSS453','p5'),('WSS476','p5'),('WSS477','p5'),('WSS482','p5'),('WSS483','p5'),('WSS488','p5'),('WSS490','p5'),('WSS494','p5'),('WSS54','p5'),('WSS69','p5'),('WSS7','p5'),('WSS76','p5'),('WSS80','p5'),('WSS94','p5'),('WSS110','p6'),('WSS113','p6'),('WSS128','p6'),('WSS14','p6'),('WSS166','p6'),('WSS169','p6'),('WSS172','p6'),('WSS174','p6'),('WSS184','p6'),('WSS187','p6'),('WSS190','p6'),('WSS193','p6'),('WSS199','p6'),('WSS226','p6'),('WSS232','p6'),('WSS237','p6'),('WSS239','p6'),('WSS244','p6'),('WSS254','p6'),('WSS260','p6'),('WSS278','p6'),('WSS296','p6'),('WSS297','p6'),('WSS304','p6'),('WSS320','p6'),('WSS323','p6'),('WSS331','p6'),('WSS345','p6'),('WSS346','p6'),('WSS347','p6'),('WSS357','p6'),('WSS366','p6'),('WSS368','p6'),('WSS378','p6'),('WSS381','p6'),('WSS383','p6'),('WSS400','p6'),('WSS402','p6'),('WSS404','p6'),('WSS405','p6'),('WSS406','p6'),('WSS411','p6'),('WSS419','p6'),('WSS421','p6'),('WSS424','p6'),('WSS429','p6'),('WSS435','p6'),('WSS438','p6'),('WSS441','p6'),('WSS456','p6'),('WSS461','p6'),('WSS462','p6'),('WSS475','p6'),('WSS491','p6'),('WSS5','p6'),('WSS500','p6'),('WSS58','p6'),('WSS62','p6'),('WSS69','p6'),('WSS87','p6'),('WSS89','p6'),('WSS90','p6'),('WSS103','p7'),('WSS108','p7'),('WSS11','p7'),('WSS152','p7'),('WSS153','p7'),('WSS157','p7'),('WSS161','p7'),('WSS169','p7'),('WSS170','p7'),('WSS187','p7'),('WSS193','p7'),('WSS196','p7'),('WSS198','p7'),('WSS209','p7'),('WSS219','p7'),('WSS223','p7'),('WSS228','p7'),('WSS237','p7'),('WSS250','p7'),('WSS255','p7'),('WSS256','p7'),('WSS273','p7'),('WSS28','p7'),('WSS280','p7'),('WSS289','p7'),('WSS292','p7'),('WSS293','p7'),('WSS296','p7'),('WSS301','p7'),('WSS317','p7'),('WSS318','p7'),('WSS329','p7'),('WSS334','p7'),('WSS343','p7'),('WSS364','p7'),('WSS38','p7'),('WSS391','p7'),('WSS393','p7'),('WSS397','p7'),('WSS4','p7'),('WSS40','p7'),('WSS405','p7'),('WSS422','p7'),('WSS426','p7'),('WSS428','p7'),('WSS430','p7'),('WSS434','p7'),('WSS451','p7'),('WSS453','p7'),('WSS454','p7'),('WSS464','p7'),('WSS468','p7'),('WSS475','p7'),('WSS479','p7'),('WSS52','p7'),('WSS54','p7'),('WSS57','p7'),('WSS6','p7'),('WSS77','p7'),('WSS9','p7'),('WSS91','p7'),('WSS94','p7'),('WSS107','p8'),('WSS112','p8'),('WSS116','p8'),('WSS118','p8'),('WSS120','p8'),('WSS122','p8'),('WSS137','p8'),('WSS139','p8'),('WSS143','p8'),('WSS144','p8'),('WSS149','p8'),('WSS16','p8'),('WSS165','p8'),('WSS166','p8'),('WSS167','p8'),('WSS183','p8'),('WSS185','p8'),('WSS186','p8'),('WSS189','p8'),('WSS190','p8'),('WSS197','p8'),('WSS2','p8'),('WSS215','p8'),('WSS216','p8'),('WSS218','p8'),('WSS225','p8'),('WSS231','p8'),('WSS233','p8'),('WSS241','p8'),('WSS246','p8'),('WSS250','p8'),('WSS253','p8'),('WSS267','p8'),('WSS273','p8'),('WSS274','p8'),('WSS276','p8'),('WSS279','p8'),('WSS291','p8'),('WSS3','p8'),('WSS30','p8'),('WSS31','p8'),('WSS314','p8'),('WSS321','p8'),('WSS322','p8'),('WSS342','p8'),('WSS347','p8'),('WSS369','p8'),('WSS372','p8'),('WSS384','p8'),('WSS392','p8'),('WSS40','p8'),('WSS405','p8'),('WSS409','p8'),('WSS41','p8'),('WSS422','p8'),('WSS427','p8'),('WSS431','p8'),('WSS44','p8'),('WSS440','p8'),('WSS442','p8'),('WSS449','p8'),('WSS464','p8'),('WSS471','p8'),('WSS484','p8'),('WSS489','p8'),('WSS493','p8'),('WSS498','p8'),('WSS499','p8'),('WSS61','p8'),('WSS63','p8'),('WSS73','p8'),('WSS77','p8'),('WSS8','p8'),('WSS95','p8'),('WSS96','p8'),('WSS101','p9'),('WSS116','p9'),('WSS121','p9'),('WSS127','p9'),('WSS136','p9'),('WSS138','p9'),('WSS143','p9'),('WSS145','p9'),('WSS150','p9'),('WSS162','p9'),('WSS164','p9'),('WSS176','p9'),('WSS178','p9'),('WSS192','p9'),('WSS193','p9'),('WSS199','p9'),('WSS200','p9'),('WSS214','p9'),('WSS217','p9'),('WSS222','p9'),('WSS23','p9'),('WSS247','p9'),('WSS248','p9'),('WSS253','p9'),('WSS254','p9'),('WSS257','p9'),('WSS259','p9'),('WSS268','p9'),('WSS286','p9'),('WSS295','p9'),('WSS296','p9'),('WSS3','p9'),('WSS311','p9'),('WSS312','p9'),('WSS320','p9'),('WSS321','p9'),('WSS33','p9'),('WSS334','p9'),('WSS349','p9'),('WSS353','p9'),('WSS354','p9'),('WSS357','p9'),('WSS364','p9'),('WSS394','p9'),('WSS44','p9'),('WSS45','p9'),('WSS462','p9'),('WSS465','p9'),('WSS472','p9'),('WSS475','p9'),('WSS487','p9'),('WSS497','p9'),('WSS52','p9'),('WSS53','p9'),('WSS58','p9'),('WSS67','p9'),('WSS83','p9');
/*!40000 ALTER TABLE `outputparameter` ENABLE KEYS */;
UNLOCK TABLES;

--
-- Table structure for table `parameterhierarchy`
--

DROP TABLE IF EXISTS `parameterhierarchy`;
/*!40101 SET @saved_cs_client     = @@character_set_client */;
/*!50503 SET character_set_client = utf8mb4 */;
CREATE TABLE `parameterhierarchy` (
  `parentParameterID` varchar(10) NOT NULL,
  `childParameterID` varchar(10) NOT NULL,
  PRIMARY KEY (`parentParameterID`,`childParameterID`)
) ENGINE=InnoDB DEFAULT CHARSET=latin1;
/*!40101 SET character_set_client = @saved_cs_client */;

--
-- Dumping data for table `parameterhierarchy`
--

LOCK TABLES `parameterhierarchy` WRITE;
/*!40000 ALTER TABLE `parameterhierarchy` DISABLE KEYS */;
/*!40000 ALTER TABLE `parameterhierarchy` ENABLE KEYS */;
UNLOCK TABLES;

--
-- Table structure for table `parameterlist`
--

DROP TABLE IF EXISTS `parameterlist`;
/*!40101 SET @saved_cs_client     = @@character_set_client */;
/*!50503 SET character_set_client = utf8mb4 */;
CREATE TABLE `parameterlist` (
  `parameterID` varchar(10) NOT NULL,
  `parameterName` varchar(100) DEFAULT NULL,
  PRIMARY KEY (`parameterID`)
) ENGINE=InnoDB DEFAULT CHARSET=latin1;
/*!40101 SET character_set_client = @saved_cs_client */;

--
-- Dumping data for table `parameterlist`
--

LOCK TABLES `parameterlist` WRITE;
/*!40000 ALTER TABLE `parameterlist` DISABLE KEYS */;
INSERT INTO `parameterlist` VALUES ('p1','p1name'),('p10','p10name'),('p11','p11name'),('p12','p12name'),('p13','p13name'),('p14','p14name'),('p15','p15name'),('p16','p16name'),('p17','p17name'),('p18','p18name'),('p19','p19name'),('p2','p2name'),('p20','p20name'),('p21','p21name'),('p22','p22name'),('p23','p23name'),('p24','p24name'),('p25','p25name'),('p26','p26name'),('p27','p27name'),('p28','p28name'),('p29','p29name'),('p3','p3name'),('p30','p30name'),('p4','p4name'),('p5','p5name'),('p6','p6name'),('p7','p7name'),('p8','p8name'),('p9','p9name');
/*!40000 ALTER TABLE `parameterlist` ENABLE KEYS */;
UNLOCK TABLES;

--
-- Table structure for table `result`
--

DROP TABLE IF EXISTS `result`;
/*!40101 SET @saved_cs_client     = @@character_set_client */;
/*!50503 SET character_set_client = utf8mb4 */;
CREATE TABLE `result` (
  `transactionID` bigint NOT NULL,
  `stage` int NOT NULL,
  `webServiceID` varchar(10) NOT NULL,
  PRIMARY KEY (`transactionID`,`stage`,`webServiceID`)
) ENGINE=InnoDB DEFAULT CHARSET=latin1;
/*!40101 SET character_set_client = @saved_cs_client */;

--
-- Dumping data for table `result`
--

LOCK TABLES `result` WRITE;
/*!40000 ALTER TABLE `result` DISABLE KEYS */;
INSERT INTO `result` VALUES (1,1,'WSS460'),(1,2,'WSS27'),(1,3,'WSS45'),(2,1,'WSS365'),(2,2,'WSS453'),(2,3,'WSS37'),(3,1,'WSS405'),(3,2,'WSS282'),(4,1,'WSS33'),(4,2,'WSS102'),(4,3,'WSS40'),(5,1,'WSS23'),(5,1,'WSS403'),(5,2,'WSS21'),(6,1,'WSS311'),(6,2,'WSS31'),(7,1,'WSS406'),(7,1,'WSS431'),(8,1,'WSS419'),(8,2,'WSS500'),(9,1,'WSS457'),(9,2,'WSS440'),(9,3,'WSS455'),(10,1,'WSS27'),(10,2,'WSS445'),(10,3,'WSS436'),(11,1,'WSS36'),(11,1,'WSS494'),(12,1,'WSS40'),(12,2,'WSS449'),(12,3,'WSS34'),(13,1,'WSS2'),(13,2,'WSS265'),(14,1,'WSS106'),(14,2,'WSS381'),(14,3,'WSS26'),(15,1,'WSS406'),(15,1,'WSS431'),(15,2,'WSS441'),(16,1,'WSS296'),(16,1,'WSS386'),(17,1,'WSS303'),(17,1,'WSS415'),(18,1,'WSS457'),(18,2,'WSS452'),(18,3,'WSS437'),(19,1,'WSS166'),(19,2,'WSS14'),(20,1,'WSS23'),(20,1,'WSS464'),(21,1,'WSS402'),(21,2,'WSS459'),(21,3,'WSS46'),(22,1,'WSS81'),(22,2,'WSS211'),(23,1,'WSS26'),(23,2,'WSS439'),(24,1,'WSS43'),(24,2,'WSS250'),(25,1,'WSS142'),(25,2,'WSS288'),(26,1,'WSS1'),(26,2,'WSS356'),(27,1,'WSS31'),(27,2,'WSS15'),(27,3,'WSS383'),(28,1,'WSS383'),(28,2,'WSS402'),(28,3,'WSS39'),(29,1,'WSS126'),(29,2,'WSS127'),(30,1,'WSS419'),(30,2,'WSS382'),(30,3,'WSS430'),(1031,1,'ICP006'),(1031,1,'ICP110'),(1031,1,'ICP311'),(1031,2,'ICP500'),(1035,1,'ICP386'),(1035,2,'ICP466'),(1133,1,'ICP103'),(1133,2,'ICP341'),(1133,3,'ICP395'),(1136,1,'ICP110'),(1136,2,'ICP710'),(1141,1,'ICP311'),(1141,2,'ICP422'),(1288,1,'ICP001'),(1288,2,'ICP110'),(1291,1,'ICP110'),(1291,2,'ICP720'),(1293,1,'ICP110'),(1293,1,'ICP311'),(1293,2,'ICP500'),(1296,1,'ICP006'),(1296,1,'ICP103'),(1296,1,'ICP110'),(1296,1,'ICP311'),(1296,1,'ICP313'),(1296,2,'ICP341'),(1296,2,'ICP500'),(1296,3,'ICP395'),(1325,1,'ICP110'),(1325,2,'ICP680'),(1355,1,'ICP110'),(1355,2,'ICP469'),(1406,1,'ICP110'),(1435,1,'ICP006'),(1435,1,'ICP110'),(1435,1,'ICP311'),(1435,2,'ICP500'),(1509,1,'ICP001'),(1509,1,'ICP006'),(1509,2,'ICP002'),(1509,2,'ICP110'),(1509,3,'ICP311'),(1509,4,'ICP500'),(1572,1,'ICP103'),(1572,1,'ICP110'),(1572,1,'ICP386'),(1572,2,'ICP341'),(1572,2,'ICP395'),(1572,2,'ICP466'),(1572,2,'ICP620'),(1572,2,'ICP720'),(1572,3,'ICP445'),(1583,1,'ICP386'),(1583,2,'ICP466'),(1607,1,'ICP301'),(1607,1,'ICP341'),(1607,1,'ICP386'),(1607,2,'ICP481'),(1620,1,'ICP006'),(1620,1,'ICP110'),(1620,1,'ICP311'),(1620,2,'ICP500'),(1646,1,'ICP006'),(1646,1,'ICP110'),(1646,1,'ICP311'),(1646,2,'ICP469'),(1646,2,'ICP500'),(1733,1,'ICP311'),(1733,2,'ICP422'),(1797,1,'ICP386'),(1797,2,'ICP466'),(1851,1,'ICP003'),(1851,1,'ICP311'),(1851,2,'ICP313'),(1851,3,'ICP486'),(1981,1,'ICP110'),(1981,1,'ICP311'),(1981,2,'ICP500'),(2015,1,'ICP006'),(2015,1,'ICP110'),(2015,1,'ICP311'),(2015,2,'ICP500'),(2026,1,'ICP386'),(2026,2,'ICP466'),(2114,1,'ICP341'),(2114,2,'ICP395'),(2114,3,'ICP445'),(2280,1,'ICP103'),(2280,1,'ICP386'),(2280,2,'ICP341'),(2280,2,'ICP395'),(2280,2,'ICP466'),(2280,3,'ICP495'),(2317,1,'ICP313'),(2317,1,'ICP341'),(2317,1,'ICP680'),(2317,2,'ICP395'),(2317,3,'ICP445'),(2474,1,'ICP003'),(2474,1,'ICP311'),(2474,2,'ICP313'),(2474,3,'ICP486'),(2565,1,'ICP313'),(2565,1,'ICP341'),(2565,2,'ICP395'),(2565,3,'ICP445'),(2598,1,'ICP006'),(2598,1,'ICP110'),(2598,1,'ICP311'),(2598,1,'ICP313'),(2598,1,'ICP331'),(2598,2,'ICP500'),(2610,1,'ICP003'),(2610,1,'ICP311'),(2610,2,'ICP313'),(2610,3,'ICP486'),(2659,1,'ICP006'),(2659,1,'ICP110'),(2659,1,'ICP311'),(2659,2,'ICP469'),(2659,2,'ICP500'),(2675,1,'ICP386'),(2675,2,'ICP466'),(2711,1,'ICP103'),(2711,1,'ICP386'),(2711,2,'ICP341'),(2711,3,'ICP481'),(2779,1,'ICP003'),(2779,1,'ICP311'),(2779,2,'ICP313'),(2779,3,'ICP486'),(2985,1,'ICP103'),(3021,1,'ICP006'),(3021,1,'ICP110'),(3021,1,'ICP302'),(3021,2,'ICP500'),(3075,1,'ICP006'),(3075,1,'ICP110'),(3075,1,'ICP311'),(3075,2,'ICP500'),(3226,1,'ICP110'),(3226,2,'ICP818'),(3286,1,'ICP006'),(3286,1,'ICP110'),(3286,1,'ICP311'),(3286,2,'ICP500'),(3357,1,'ICP006'),(3357,1,'ICP110'),(3357,1,'ICP311'),(3357,2,'ICP500'),(3667,1,'ICP103'),(3667,1,'ICP301'),(3667,1,'ICP386'),(3667,2,'ICP341'),(3667,3,'ICP481'),(3668,1,'ICP103'),(3668,1,'ICP301'),(3668,1,'ICP386'),(3668,2,'ICP341'),(3668,3,'ICP481'),(3705,1,'ICP103'),(3705,1,'ICP301'),(3705,1,'ICP386'),(3705,2,'ICP341'),(3705,3,'ICP481'),(3718,1,'ICP001'),(3718,2,'ICP002'),(3718,2,'ICP110'),(3718,3,'ICP311'),(3718,4,'ICP819'),(3877,1,'ICP386'),(3948,1,'ICP006'),(3948,1,'ICP110'),(3948,1,'ICP311'),(3948,2,'ICP500'),(3969,1,'ICP301'),(3969,1,'ICP341'),(3969,1,'ICP386'),(3969,2,'ICP481'),(3971,1,'ICP386'),(3971,2,'ICP466'),(4112,1,'ICP006'),(4112,1,'ICP110'),(4112,1,'ICP311'),(4112,2,'ICP469'),(4112,2,'ICP500'),(4178,1,'ICP002'),(4178,1,'ICP110'),(4178,2,'ICP311'),(4178,3,'ICP819'),(4281,1,'ICP110'),(4281,2,'ICP469'),(4296,1,'ICP006'),(4296,1,'ICP110'),(4296,1,'ICP311'),(4296,2,'ICP469'),(4296,2,'ICP500'),(4375,1,'ICP003'),(4375,1,'ICP311'),(4375,2,'ICP313'),(4375,3,'ICP486'),(4589,1,'ICP006'),(4589,1,'ICP110'),(4589,1,'ICP311'),(4589,2,'ICP469'),(4589,2,'ICP500'),(4607,1,'ICP006'),(4607,1,'ICP110'),(4607,1,'ICP302'),(4607,2,'ICP500'),(4747,1,'ICP311'),(4747,1,'ICP313'),(4747,2,'ICP486'),(4775,1,'ICP110'),(4775,2,'ICP500'),(4934,1,'ICP103'),(4934,2,'ICP341'),(4978,1,'ICP103'),(4980,1,'ICP006'),(4980,1,'ICP110'),(4980,1,'ICP311'),(4980,2,'ICP469'),(4980,2,'ICP500'),(4980,2,'ICP720'),(4980,3,'ICP740'),(5049,1,'ICP006'),(5049,1,'ICP110'),(5049,1,'ICP311'),(5049,2,'ICP500'),(5417,1,'ICP301'),(5417,1,'ICP341'),(5417,1,'ICP386'),(5417,2,'ICP481'),(5448,1,'ICP386'),(5448,2,'ICP466'),(5450,1,'ICP103'),(5450,1,'ICP110'),(5450,1,'ICP386'),(5450,1,'ICP817'),(5450,2,'ICP341'),(5450,2,'ICP395'),(5450,2,'ICP466'),(5450,2,'ICP620'),(5450,2,'ICP720'),(5450,3,'ICP445'),(5450,3,'ICP815'),(5461,1,'ICP002'),(5461,1,'ICP006'),(5461,1,'ICP110'),(5461,1,'ICP302'),(5461,2,'ICP500'),(5461,2,'ICP720'),(5461,3,'ICP740'),(5472,1,'ICP110'),(5472,2,'ICP818'),(5497,1,'ICP103'),(5497,2,'ICP341'),(5569,1,'ICP386'),(5569,2,'ICP466'),(5571,1,'ICP103'),(5571,2,'ICP810'),(5757,1,'ICP386'),(5757,2,'ICP466'),(5779,1,'ICP006'),(5779,1,'ICP110'),(5779,1,'ICP302'),(5779,2,'ICP500'),(5814,1,'ICP006'),(5814,1,'ICP110'),(5814,1,'ICP311'),(5814,2,'ICP500'),(5897,1,'ICP110'),(5897,2,'ICP710'),(5966,1,'ICP103'),(5966,1,'ICP301'),(5966,1,'ICP386'),(5966,2,'ICP341'),(5966,3,'ICP481'),(6032,1,'ICP386'),(6032,2,'ICP466'),(6279,1,'ICP006'),(6279,1,'ICP110'),(6279,1,'ICP311'),(6279,2,'ICP469'),(6279,2,'ICP500'),(6294,1,'ICP006'),(6294,1,'ICP110'),(6294,1,'ICP311'),(6294,2,'ICP500'),(6325,1,'ICP002'),(6325,2,'ICP003'),(6363,1,'ICP006'),(6363,1,'ICP110'),(6363,1,'ICP311'),(6363,2,'ICP469'),(6363,2,'ICP500'),(6437,1,'ICP103'),(6437,1,'ICP301'),(6437,1,'ICP386'),(6437,2,'ICP341'),(6437,3,'ICP481'),(6533,1,'ICP006'),(6533,1,'ICP110'),(6533,1,'ICP311'),(6533,2,'ICP469'),(6533,2,'ICP500'),(6574,1,'ICP002'),(6574,1,'ICP110'),(6574,2,'ICP311'),(6574,3,'ICP819'),(6604,1,'ICP103'),(6604,1,'ICP386'),(6604,2,'ICP341'),(6604,3,'ICP481'),(6679,1,'ICP003'),(6679,1,'ICP311'),(6679,2,'ICP313'),(6679,3,'ICP486'),(6692,1,'ICP103'),(6692,1,'ICP386'),(6692,1,'ICP465'),(6692,2,'ICP341'),(6692,3,'ICP481'),(6874,1,'ICP467'),(6898,1,'ICP103'),(6898,1,'ICP386'),(6898,2,'ICP341'),(6898,3,'ICP481'),(6922,1,'ICP313'),(6922,1,'ICP341'),(6922,2,'ICP395'),(6974,1,'ICP110'),(6974,2,'ICP469'),(7056,1,'ICP006'),(7056,1,'ICP110'),(7056,1,'ICP311'),(7056,1,'ICP341'),(7056,2,'ICP395'),(7056,2,'ICP500'),(7056,2,'ICP720'),(7056,3,'ICP445'),(7056,3,'ICP740'),(7107,1,'ICP311'),(7107,1,'ICP313'),(7107,2,'ICP486'),(7159,1,'ICP311'),(7159,2,'ICP422'),(7196,1,'ICP103'),(7196,2,'ICP341'),(7196,2,'ICP395'),(7196,3,'ICP495'),(7227,1,'ICP103'),(7227,1,'ICP110'),(7227,1,'ICP301'),(7227,1,'ICP311'),(7227,1,'ICP386'),(7227,2,'ICP341'),(7227,2,'ICP500'),(7227,3,'ICP481'),(7297,1,'ICP386'),(7297,2,'ICP466'),(7326,1,'ICP006'),(7326,1,'ICP110'),(7326,1,'ICP311'),(7326,2,'ICP500'),(7398,1,'ICP002'),(7398,1,'ICP006'),(7398,1,'ICP103'),(7398,1,'ICP110'),(7398,2,'ICP311'),(7398,2,'ICP720'),(7398,2,'ICP810'),(7398,3,'ICP500'),(7398,3,'ICP819'),(7398,4,'ICP740'),(7420,1,'ICP006'),(7420,1,'ICP311'),(7420,2,'ICP500'),(7484,1,'ICP006'),(7484,1,'ICP110'),(7484,1,'ICP311'),(7484,2,'ICP469'),(7484,2,'ICP500'),(7515,1,'ICP006'),(7515,1,'ICP110'),(7515,1,'ICP311'),(7515,2,'ICP469'),(7515,2,'ICP500'),(7593,1,'ICP301'),(7593,1,'ICP341'),(7593,1,'ICP386'),(7593,2,'ICP481'),(7645,1,'ICP001'),(7645,1,'ICP006'),(7645,2,'ICP002'),(7645,2,'ICP110'),(7645,3,'ICP311'),(7645,4,'ICP500'),(7720,1,'ICP006'),(7720,1,'ICP311'),(7720,1,'ICP720'),(7720,2,'ICP500'),(7720,3,'ICP740'),(7769,1,'ICP103'),(7769,2,'ICP341'),(7797,1,'ICP006'),(7797,1,'ICP110'),(7797,1,'ICP302'),(7797,2,'ICP500'),(7797,2,'ICP720'),(7817,1,'ICP006'),(7817,1,'ICP311'),(7817,2,'ICP500'),(7821,1,'ICP006'),(7821,1,'ICP110'),(7821,1,'ICP311'),(7821,2,'ICP500'),(7831,1,'ICP006'),(7831,1,'ICP311'),(7831,2,'ICP500'),(7832,1,'ICP006'),(7832,1,'ICP110'),(7832,1,'ICP311'),(7832,2,'ICP500'),(8030,1,'ICP386'),(8030,2,'ICP466'),(8062,1,'ICP006'),(8062,1,'ICP110'),(8062,1,'ICP311'),(8062,2,'ICP500'),(8155,1,'ICP006'),(8155,1,'ICP110'),(8155,1,'ICP311'),(8155,2,'ICP469'),(8155,2,'ICP500'),(8306,1,'ICP006'),(8306,1,'ICP110'),(8306,1,'ICP311'),(8306,2,'ICP500'),(8509,1,'ICP467'),(8527,1,'ICP110'),(8527,2,'ICP500'),(8628,1,'ICP103'),(8628,1,'ICP301'),(8628,1,'ICP386'),(8628,2,'ICP341'),(8628,3,'ICP481'),(8647,1,'ICP103'),(8647,2,'ICP341'),(8688,1,'ICP103'),(8688,1,'ICP301'),(8688,1,'ICP386'),(8688,2,'ICP341'),(8688,3,'ICP481'),(8877,1,'ICP386'),(8877,2,'ICP466'),(8889,1,'ICP110'),(8889,2,'ICP620'),(8941,1,'ICP103'),(8941,2,'ICP341'),(8941,2,'ICP395'),(8941,3,'ICP495'),(8952,1,'ICP103'),(8952,1,'ICP386'),(8952,2,'ICP341'),(8952,3,'ICP481'),(8959,1,'ICP103'),(8959,2,'ICP341'),(9050,1,'ICP006'),(9050,1,'ICP110'),(9050,1,'ICP311'),(9050,2,'ICP500'),(9076,1,'ICP004'),(9076,2,'ICP005'),(9076,3,'ICP331'),(9117,1,'ICP110'),(9117,2,'ICP469'),(9185,1,'ICP341'),(9185,2,'ICP395'),(9185,3,'ICP445'),(9249,1,'ICP006'),(9249,1,'ICP110'),(9249,1,'ICP311'),(9249,2,'ICP500'),(9249,2,'ICP720'),(9306,1,'ICP006'),(9306,1,'ICP110'),(9306,1,'ICP302'),(9306,2,'ICP500'),(9325,1,'ICP386'),(9422,1,'ICP110'),(9422,2,'ICP469'),(9451,1,'ICP006'),(9451,1,'ICP110'),(9451,1,'ICP311'),(9451,1,'ICP341'),(9451,2,'ICP395'),(9451,2,'ICP500'),(9451,2,'ICP720'),(9451,3,'ICP445'),(9451,3,'ICP740'),(9524,1,'ICP001'),(9524,1,'ICP006'),(9524,2,'ICP002'),(9524,2,'ICP110'),(9524,3,'ICP311'),(9524,4,'ICP500'),(9784,1,'ICP110'),(9784,2,'ICP469'),(9797,1,'ICP103'),(9797,2,'ICP341'),(9812,1,'ICP311'),(9812,1,'ICP313'),(9812,2,'ICP486'),(9814,1,'ICP006'),(9814,1,'ICP110'),(9814,1,'ICP311'),(9814,2,'ICP500'),(9868,1,'ICP006'),(9868,1,'ICP110'),(9868,1,'ICP311'),(9868,2,'ICP500'),(9968,1,'ICP103'),(9968,1,'ICP301'),(9968,1,'ICP386'),(9968,2,'ICP341'),(9968,3,'ICP481'),(9978,1,'ICP311'),(9978,1,'ICP313'),(9978,2,'ICP486'),(111174351,1,'ICP001'),(111174351,2,'ICP002'),(111174351,3,'ICP003'),(111174351,3,'ICP311'),(111174351,4,'ICP313'),(111174351,5,'ICP486'),(112793854,1,'ICP006'),(112793854,1,'ICP110'),(112793854,1,'ICP311'),(112793854,2,'ICP500'),(125202274,1,'ICP001'),(125202274,1,'ICP103'),(125202274,2,'ICP301'),(125202274,2,'ICP341'),(125202274,2,'ICP386'),(125202274,3,'ICP481'),(137852438,1,'ICP006'),(137852438,1,'ICP110'),(137852438,1,'ICP311'),(137852438,2,'ICP500'),(141922012,1,'ICP002'),(141922012,2,'ICP003'),(141922012,2,'ICP311'),(141922012,3,'ICP313'),(141922012,4,'ICP486'),(164821430,1,'ICP001'),(164821430,2,'ICP002'),(164821430,3,'ICP003'),(164821430,3,'ICP311'),(164821430,4,'ICP313'),(164821430,5,'ICP486'),(166203121,1,'ICP001'),(166203121,1,'ICP006'),(166203121,1,'ICP200'),(166203121,2,'ICP002'),(166203121,2,'ICP110'),(166203121,2,'ICP720'),(166203121,3,'ICP311'),(166203121,4,'ICP500'),(166203121,4,'ICP819'),(166203121,5,'ICP740'),(178957047,1,'ICP110'),(178957047,2,'ICP469'),(192081592,1,'ICP006'),(192081592,1,'ICP200'),(192081592,1,'ICP311'),(192081592,2,'ICP500'),(192081592,2,'ICP720'),(192081592,3,'ICP740'),(196046272,1,'ICP002'),(196046272,1,'ICP006'),(196046272,1,'ICP110'),(196046272,2,'ICP311'),(196046272,2,'ICP469'),(196046272,3,'ICP500'),(222936116,1,'ICP006'),(222936116,1,'ICP200'),(222936116,1,'ICP311'),(222936116,2,'ICP500'),(222936116,2,'ICP720'),(222936116,2,'ICP819'),(222936116,3,'ICP740'),(258370250,1,'ICP006'),(258370250,1,'ICP200'),(258370250,1,'ICP311'),(258370250,2,'ICP500'),(258370250,2,'ICP720'),(258370250,2,'ICP818'),(258370250,2,'ICP819'),(258370250,3,'ICP740'),(285611992,1,'ICP006'),(285611992,1,'ICP110'),(285611992,1,'ICP200'),(285611992,1,'ICP311'),(285611992,2,'ICP500'),(285611992,2,'ICP720'),(285611992,3,'ICP740'),(287034437,1,'ICP006'),(287034437,1,'ICP200'),(287034437,1,'ICP311'),(287034437,2,'ICP500'),(287034437,2,'ICP720'),(287034437,2,'ICP819'),(287034437,3,'ICP740'),(291687847,1,'ICP006'),(291687847,1,'ICP200'),(291687847,1,'ICP311'),(291687847,2,'ICP500'),(291687847,2,'ICP720'),(291687847,2,'ICP819'),(291687847,3,'ICP740'),(292870227,1,'ICP001'),(292870227,1,'ICP006'),(292870227,1,'ICP720'),(292870227,2,'ICP002'),(292870227,2,'ICP110'),(292870227,3,'ICP311'),(292870227,4,'ICP500'),(292870227,5,'ICP740'),(316379525,1,'ICP110'),(316379525,1,'ICP311'),(316379525,2,'ICP361'),(316379525,3,'ICP461'),(324432052,1,'ICP001'),(324432052,2,'ICP002'),(324432052,3,'ICP003'),(324432052,3,'ICP311'),(324432052,4,'ICP313'),(324432052,5,'ICP486'),(348444351,1,'ICP311'),(348444351,1,'ICP313'),(348444351,2,'ICP486'),(356640298,1,'ICP469'),(356640298,1,'ICP818'),(356640298,2,'ICP660'),(362849335,1,'ICP006'),(362849335,1,'ICP200'),(362849335,1,'ICP311'),(362849335,2,'ICP500'),(362849335,2,'ICP720'),(362849335,2,'ICP818'),(362849335,3,'ICP740'),(370058038,1,'ICP006'),(370058038,1,'ICP110'),(370058038,1,'ICP311'),(370058038,2,'ICP469'),(370058038,2,'ICP500'),(410309476,1,'ICP001'),(410309476,1,'ICP006'),(410309476,1,'ICP200'),(410309476,2,'ICP002'),(410309476,2,'ICP720'),(410309476,3,'ICP311'),(410309476,4,'ICP500'),(410309476,4,'ICP819'),(410309476,5,'ICP740'),(411681300,1,'ICP006'),(411681300,1,'ICP200'),(411681300,1,'ICP311'),(411681300,2,'ICP500'),(411681300,2,'ICP720'),(411681300,2,'ICP819'),(411681300,3,'ICP740'),(413889315,1,'ICP002'),(413889315,2,'ICP003'),(413889315,2,'ICP311'),(413889315,3,'ICP313'),(413889315,4,'ICP486'),(435075950,1,'ICP002'),(435075950,1,'ICP006'),(435075950,1,'ICP110'),(435075950,1,'ICP720'),(435075950,2,'ICP311'),(435075950,3,'ICP500'),(435075950,4,'ICP740'),(442506203,1,'ICP006'),(442506203,1,'ICP110'),(442506203,1,'ICP311'),(442506203,2,'ICP469'),(442506203,2,'ICP500'),(448741355,1,'ICP001'),(448741355,2,'ICP002'),(448741355,3,'ICP003'),(448741355,3,'ICP311'),(448741355,4,'ICP313'),(448741355,5,'ICP486'),(452470039,1,'ICP006'),(452470039,1,'ICP110'),(452470039,1,'ICP311'),(452470039,2,'ICP500'),(495404878,1,'ICP006'),(495404878,1,'ICP110'),(495404878,1,'ICP200'),(495404878,1,'ICP302'),(495404878,2,'ICP500'),(495404878,2,'ICP720'),(495404878,3,'ICP740'),(496776246,1,'ICP103'),(496776246,2,'ICP341'),(496776246,3,'ICP403'),(497270695,1,'ICP001'),(497270695,1,'ICP103'),(497270695,2,'ICP301'),(497270695,2,'ICP341'),(497270695,2,'ICP386'),(497270695,3,'ICP481'),(506023024,1,'ICP680'),(516484914,1,'ICP006'),(516484914,1,'ICP200'),(516484914,1,'ICP311'),(516484914,2,'ICP500'),(516484914,2,'ICP720'),(516484914,3,'ICP740'),(524497078,1,'ICP006'),(524497078,1,'ICP200'),(524497078,1,'ICP311'),(524497078,2,'ICP500'),(524497078,2,'ICP720'),(524497078,2,'ICP819'),(524497078,3,'ICP740'),(532135187,1,'ICP200'),(532135187,2,'ICP720'),(532135187,3,'ICP811'),(532135187,4,'ICP813'),(561361210,1,'ICP006'),(561361210,1,'ICP200'),(561361210,1,'ICP311'),(561361210,2,'ICP500'),(561361210,2,'ICP720'),(561361210,2,'ICP819'),(561361210,3,'ICP740'),(578460210,1,'ICP110'),(578460210,2,'ICP469'),(601145152,1,'ICP006'),(601145152,1,'ICP200'),(601145152,1,'ICP311'),(601145152,2,'ICP500'),(601145152,2,'ICP720'),(601145152,2,'ICP819'),(601145152,3,'ICP740'),(630767823,1,'ICP006'),(630767823,1,'ICP200'),(630767823,1,'ICP311'),(630767823,2,'ICP500'),(630767823,2,'ICP720'),(630767823,2,'ICP819'),(630767823,3,'ICP740'),(658685554,1,'ICP006'),(658685554,1,'ICP200'),(658685554,1,'ICP311'),(658685554,2,'ICP500'),(658685554,2,'ICP720'),(658685554,3,'ICP740'),(659691843,1,'ICP006'),(659691843,1,'ICP200'),(659691843,1,'ICP311'),(659691843,2,'ICP500'),(659691843,2,'ICP720'),(659691843,3,'ICP740'),(664758087,1,'ICP006'),(664758087,1,'ICP200'),(664758087,1,'ICP311'),(664758087,2,'ICP500'),(664758087,2,'ICP720'),(664758087,2,'ICP819'),(664758087,3,'ICP740'),(669457938,1,'ICP006'),(669457938,1,'ICP200'),(669457938,1,'ICP311'),(669457938,2,'ICP500'),(669457938,2,'ICP720'),(669457938,3,'ICP740'),(683869712,1,'ICP006'),(683869712,1,'ICP200'),(683869712,1,'ICP311'),(683869712,2,'ICP500'),(683869712,2,'ICP720'),(683869712,2,'ICP819'),(683869712,3,'ICP740'),(716407017,1,'ICP006'),(716407017,1,'ICP110'),(716407017,1,'ICP311'),(716407017,1,'ICP720'),(716407017,2,'ICP500'),(716407017,2,'ICP811'),(716407017,3,'ICP813'),(726508464,1,'ICP006'),(726508464,1,'ICP110'),(726508464,1,'ICP311'),(726508464,2,'ICP469'),(726508464,2,'ICP500'),(739074091,1,'ICP006'),(739074091,1,'ICP200'),(739074091,1,'ICP311'),(739074091,2,'ICP500'),(739074091,2,'ICP720'),(739074091,3,'ICP740'),(739546796,1,'ICP006'),(739546796,1,'ICP200'),(739546796,1,'ICP311'),(739546796,2,'ICP500'),(739546796,2,'ICP720'),(739546796,3,'ICP740'),(742695516,1,'ICP001'),(742695516,2,'ICP110'),(742695516,2,'ICP302'),(742695516,3,'ICP500'),(749479466,1,'ICP103'),(749479466,1,'ICP301'),(749479466,1,'ICP386'),(749479466,2,'ICP341'),(749479466,3,'ICP481'),(759784803,1,'ICP001'),(759784803,1,'ICP006'),(759784803,2,'ICP110'),(759784803,2,'ICP302'),(759784803,3,'ICP500'),(784019298,1,'ICP001'),(784019298,1,'ICP103'),(784019298,2,'ICP301'),(784019298,2,'ICP341'),(784019298,2,'ICP386'),(784019298,3,'ICP481'),(809869431,1,'ICP006'),(809869431,1,'ICP110'),(809869431,1,'ICP311'),(809869431,2,'ICP500'),(833064024,1,'ICP001'),(833064024,1,'ICP006'),(833064024,1,'ICP720'),(833064024,2,'ICP002'),(833064024,2,'ICP110'),(833064024,3,'ICP311'),(833064024,4,'ICP500'),(833064024,5,'ICP740'),(882961008,1,'ICP006'),(882961008,1,'ICP110'),(882961008,1,'ICP311'),(882961008,2,'ICP500'),(916025637,1,'ICP001'),(916025637,2,'ICP110'),(916025637,3,'ICP469'),(960676621,1,'ICP006'),(960676621,1,'ICP200'),(960676621,1,'ICP311'),(960676621,2,'ICP500'),(960676621,2,'ICP720'),(960676621,3,'ICP740'),(971245096,1,'ICP006'),(971245096,1,'ICP110'),(971245096,1,'ICP311'),(971245096,2,'ICP469'),(971245096,2,'ICP500');
/*!40000 ALTER TABLE `result` ENABLE KEYS */;
UNLOCK TABLES;

--
-- Table structure for table `rhs`
--

DROP TABLE IF EXISTS `rhs`;
/*!40101 SET @saved_cs_client     = @@character_set_client */;
/*!50503 SET character_set_client = utf8mb4 */;
CREATE TABLE `rhs` (
  `ruleid` int NOT NULL,
  `courseid` varchar(10) NOT NULL,
  PRIMARY KEY (`ruleid`,`courseid`)
) ENGINE=InnoDB DEFAULT CHARSET=latin1;
/*!40101 SET character_set_client = @saved_cs_client */;

--
-- Dumping data for table `rhs`
--

LOCK TABLES `rhs` WRITE;
/*!40000 ALTER TABLE `rhs` DISABLE KEYS */;
INSERT INTO `rhs` VALUES (1,'ICP110'),(2,'ICP311'),(3,'ICP500'),(4,'ICP311'),(5,'ICP500'),(6,'ICP500'),(7,'ICP311'),(8,'ICP500'),(9,'ICP500'),(10,'ICP500'),(11,'ICP500');
/*!40000 ALTER TABLE `rhs` ENABLE KEYS */;
UNLOCK TABLES;

--
-- Table structure for table `ruleinfo`
--

DROP TABLE IF EXISTS `ruleinfo`;
/*!40101 SET @saved_cs_client     = @@character_set_client */;
/*!50503 SET character_set_client = utf8mb4 */;
CREATE TABLE `ruleinfo` (
  `ruleid` int NOT NULL,
  `support` float DEFAULT NULL,
  `confidence` float DEFAULT NULL,
  `lift` float DEFAULT NULL,
  `count` int DEFAULT NULL,
  PRIMARY KEY (`ruleid`)
) ENGINE=InnoDB DEFAULT CHARSET=latin1;
/*!40101 SET character_set_client = @saved_cs_client */;

--
-- Dumping data for table `ruleinfo`
--

LOCK TABLES `ruleinfo` WRITE;
/*!40000 ALTER TABLE `ruleinfo` DISABLE KEYS */;
INSERT INTO `ruleinfo` VALUES (1,0.2,0.719101,1.53765,3),(2,0.2,0.910112,1.69382,3),(3,0.2,1,2.11579,3),(4,0.2,0.670213,1.24734,3),(5,0.2,0.744681,1.57559,3),(6,0.2,0.777778,1.64561,3),(7,0.2,0.875,1.62847,3),(8,0.2,1,2.11579,3),(9,0.2,1,2.11579,3),(10,0.2,0.936508,1.98145,3),(11,0.2,1,2.11579,3);
/*!40000 ALTER TABLE `ruleinfo` ENABLE KEYS */;
UNLOCK TABLES;

--
-- Table structure for table `webservicelist`
--

DROP TABLE IF EXISTS `webservicelist`;
/*!40101 SET @saved_cs_client     = @@character_set_client */;
/*!50503 SET character_set_client = utf8mb4 */;
CREATE TABLE `webservicelist` (
  `webServiceID` varchar(10) NOT NULL,
  `webServiceName` varchar(100) DEFAULT NULL,
  `reputation` float DEFAULT NULL,
  `price` float DEFAULT NULL,
  `duration` int DEFAULT NULL,
  `provider` varchar(50) DEFAULT NULL,
  `url` varchar(100) DEFAULT NULL,
  PRIMARY KEY (`webServiceID`)
) ENGINE=InnoDB DEFAULT CHARSET=latin1;
/*!40101 SET character_set_client = @saved_cs_client */;

--
-- Dumping data for table `webservicelist`
--

LOCK TABLES `webservicelist` WRITE;
/*!40000 ALTER TABLE `webservicelist` DISABLE KEYS */;
INSERT INTO `webservicelist` VALUES ('WSS1','WSS1Name',3,1,3,'serviceprovider','https://serviceprovider.com'),('WSS10','WSS10Name',3,1,3,'serviceprovider','https://serviceprovider.com'),('WSS100','WSS100Name',3,1,3,'serviceprovider','https://serviceprovider.com'),('WSS101','WSS101Name',3,1,3,'serviceprovider','https://serviceprovider.com'),('WSS102','WSS102Name',3,1,3,'serviceprovider','https://serviceprovider.com'),('WSS103','WSS103Name',3,1,3,'serviceprovider','https://serviceprovider.com'),('WSS104','WSS104Name',3,1,3,'serviceprovider','https://serviceprovider.com'),('WSS105','WSS105Name',3,1,3,'serviceprovider','https://serviceprovider.com'),('WSS106','WSS106Name',3,1,3,'serviceprovider','https://serviceprovider.com'),('WSS107','WSS107Name',3,1,3,'serviceprovider','https://serviceprovider.com'),('WSS108','WSS108Name',3,1,3,'serviceprovider','https://serviceprovider.com'),('WSS109','WSS109Name',3,1,3,'serviceprovider','https://serviceprovider.com'),('WSS11','WSS11Name',3,1,3,'serviceprovider','https://serviceprovider.com'),('WSS110','WSS110Name',3,1,3,'serviceprovider','https://serviceprovider.com'),('WSS111','WSS111Name',3,1,3,'serviceprovider','https://serviceprovider.com'),('WSS112','WSS112Name',3,1,3,'serviceprovider','https://serviceprovider.com'),('WSS113','WSS113Name',3,1,3,'serviceprovider','https://serviceprovider.com'),('WSS114','WSS114Name',3,1,3,'serviceprovider','https://serviceprovider.com'),('WSS115','WSS115Name',3,1,3,'serviceprovider','https://serviceprovider.com'),('WSS116','WSS116Name',3,1,3,'serviceprovider','https://serviceprovider.com'),('WSS117','WSS117Name',3,1,3,'serviceprovider','https://serviceprovider.com'),('WSS118','WSS118Name',3,1,3,'serviceprovider','https://serviceprovider.com'),('WSS119','WSS119Name',3,1,3,'serviceprovider','https://serviceprovider.com'),('WSS12','WSS12Name',3,1,3,'serviceprovider','https://serviceprovider.com'),('WSS120','WSS120Name',3,1,3,'serviceprovider','https://serviceprovider.com'),('WSS121','WSS121Name',3,1,3,'serviceprovider','https://serviceprovider.com'),('WSS122','WSS122Name',3,1,3,'serviceprovider','https://serviceprovider.com'),('WSS123','WSS123Name',3,1,3,'serviceprovider','https://serviceprovider.com'),('WSS124','WSS124Name',3,1,3,'serviceprovider','https://serviceprovider.com'),('WSS125','WSS125Name',3,1,3,'serviceprovider','https://serviceprovider.com'),('WSS126','WSS126Name',3,1,3,'serviceprovider','https://serviceprovider.com'),('WSS127','WSS127Name',3,1,3,'serviceprovider','https://serviceprovider.com'),('WSS128','WSS128Name',3,1,3,'serviceprovider','https://serviceprovider.com'),('WSS129','WSS129Name',3,1,3,'serviceprovider','https://serviceprovider.com'),('WSS13','WSS13Name',3,1,3,'serviceprovider','https://serviceprovider.com'),('WSS130','WSS130Name',3,1,3,'serviceprovider','https://serviceprovider.com'),('WSS131','WSS131Name',3,1,3,'serviceprovider','https://serviceprovider.com'),('WSS132','WSS132Name',3,1,3,'serviceprovider','https://serviceprovider.com'),('WSS133','WSS133Name',3,1,3,'serviceprovider','https://serviceprovider.com'),('WSS134','WSS134Name',3,1,3,'serviceprovider','https://serviceprovider.com'),('WSS135','WSS135Name',3,1,3,'serviceprovider','https://serviceprovider.com'),('WSS136','WSS136Name',3,1,3,'serviceprovider','https://serviceprovider.com'),('WSS137','WSS137Name',3,1,3,'serviceprovider','https://serviceprovider.com'),('WSS138','WSS138Name',3,1,3,'serviceprovider','https://serviceprovider.com'),('WSS139','WSS139Name',3,1,3,'serviceprovider','https://serviceprovider.com'),('WSS14','WSS14Name',3,1,3,'serviceprovider','https://serviceprovider.com'),('WSS140','WSS140Name',3,1,3,'serviceprovider','https://serviceprovider.com'),('WSS141','WSS141Name',3,1,3,'serviceprovider','https://serviceprovider.com'),('WSS142','WSS142Name',3,1,3,'serviceprovider','https://serviceprovider.com'),('WSS143','WSS143Name',3,1,3,'serviceprovider','https://serviceprovider.com'),('WSS144','WSS144Name',3,1,3,'serviceprovider','https://serviceprovider.com'),('WSS145','WSS145Name',3,1,3,'serviceprovider','https://serviceprovider.com'),('WSS146','WSS146Name',3,1,3,'serviceprovider','https://serviceprovider.com'),('WSS147','WSS147Name',3,1,3,'serviceprovider','https://serviceprovider.com'),('WSS148','WSS148Name',3,1,3,'serviceprovider','https://serviceprovider.com'),('WSS149','WSS149Name',3,1,3,'serviceprovider','https://serviceprovider.com'),('WSS15','WSS15Name',3,1,3,'serviceprovider','https://serviceprovider.com'),('WSS150','WSS150Name',3,1,3,'serviceprovider','https://serviceprovider.com'),('WSS151','WSS151Name',3,1,3,'serviceprovider','https://serviceprovider.com'),('WSS152','WSS152Name',3,1,3,'serviceprovider','https://serviceprovider.com'),('WSS153','WSS153Name',3,1,3,'serviceprovider','https://serviceprovider.com'),('WSS154','WSS154Name',3,1,3,'serviceprovider','https://serviceprovider.com'),('WSS155','WSS155Name',3,1,3,'serviceprovider','https://serviceprovider.com'),('WSS156','WSS156Name',3,1,3,'serviceprovider','https://serviceprovider.com'),('WSS157','WSS157Name',3,1,3,'serviceprovider','https://serviceprovider.com'),('WSS158','WSS158Name',3,1,3,'serviceprovider','https://serviceprovider.com'),('WSS159','WSS159Name',3,1,3,'serviceprovider','https://serviceprovider.com'),('WSS16','WSS16Name',3,1,3,'serviceprovider','https://serviceprovider.com'),('WSS160','WSS160Name',3,1,3,'serviceprovider','https://serviceprovider.com'),('WSS161','WSS161Name',3,1,3,'serviceprovider','https://serviceprovider.com'),('WSS162','WSS162Name',3,1,3,'serviceprovider','https://serviceprovider.com'),('WSS163','WSS163Name',3,1,3,'serviceprovider','https://serviceprovider.com'),('WSS164','WSS164Name',3,1,3,'serviceprovider','https://serviceprovider.com'),('WSS165','WSS165Name',3,1,3,'serviceprovider','https://serviceprovider.com'),('WSS166','WSS166Name',3,1,3,'serviceprovider','https://serviceprovider.com'),('WSS167','WSS167Name',3,1,3,'serviceprovider','https://serviceprovider.com'),('WSS168','WSS168Name',3,1,3,'serviceprovider','https://serviceprovider.com'),('WSS169','WSS169Name',3,1,3,'serviceprovider','https://serviceprovider.com'),('WSS17','WSS17Name',3,1,3,'serviceprovider','https://serviceprovider.com'),('WSS170','WSS170Name',3,1,3,'serviceprovider','https://serviceprovider.com'),('WSS171','WSS171Name',3,1,3,'serviceprovider','https://serviceprovider.com'),('WSS172','WSS172Name',3,1,3,'serviceprovider','https://serviceprovider.com'),('WSS173','WSS173Name',3,1,3,'serviceprovider','https://serviceprovider.com'),('WSS174','WSS174Name',3,1,3,'serviceprovider','https://serviceprovider.com'),('WSS175','WSS175Name',3,1,3,'serviceprovider','https://serviceprovider.com'),('WSS176','WSS176Name',3,1,3,'serviceprovider','https://serviceprovider.com'),('WSS177','WSS177Name',3,1,3,'serviceprovider','https://serviceprovider.com'),('WSS178','WSS178Name',3,1,3,'serviceprovider','https://serviceprovider.com'),('WSS179','WSS179Name',3,1,3,'serviceprovider','https://serviceprovider.com'),('WSS18','WSS18Name',3,1,3,'serviceprovider','https://serviceprovider.com'),('WSS180','WSS180Name',3,1,3,'serviceprovider','https://serviceprovider.com'),('WSS181','WSS181Name',3,1,3,'serviceprovider','https://serviceprovider.com'),('WSS182','WSS182Name',3,1,3,'serviceprovider','https://serviceprovider.com'),('WSS183','WSS183Name',3,1,3,'serviceprovider','https://serviceprovider.com'),('WSS184','WSS184Name',3,1,3,'serviceprovider','https://serviceprovider.com'),('WSS185','WSS185Name',3,1,3,'serviceprovider','https://serviceprovider.com'),('WSS186','WSS186Name',3,1,3,'serviceprovider','https://serviceprovider.com'),('WSS187','WSS187Name',3,1,3,'serviceprovider','https://serviceprovider.com'),('WSS188','WSS188Name',3,1,3,'serviceprovider','https://serviceprovider.com'),('WSS189','WSS189Name',3,1,3,'serviceprovider','https://serviceprovider.com'),('WSS19','WSS19Name',3,1,3,'serviceprovider','https://serviceprovider.com'),('WSS190','WSS190Name',3,1,3,'serviceprovider','https://serviceprovider.com'),('WSS191','WSS191Name',3,1,3,'serviceprovider','https://serviceprovider.com'),('WSS192','WSS192Name',3,1,3,'serviceprovider','https://serviceprovider.com'),('WSS193','WSS193Name',3,1,3,'serviceprovider','https://serviceprovider.com'),('WSS194','WSS194Name',3,1,3,'serviceprovider','https://serviceprovider.com'),('WSS195','WSS195Name',3,1,3,'serviceprovider','https://serviceprovider.com'),('WSS196','WSS196Name',3,1,3,'serviceprovider','https://serviceprovider.com'),('WSS197','WSS197Name',3,1,3,'serviceprovider','https://serviceprovider.com'),('WSS198','WSS198Name',3,1,3,'serviceprovider','https://serviceprovider.com'),('WSS199','WSS199Name',3,1,3,'serviceprovider','https://serviceprovider.com'),('WSS2','WSS2Name',3,1,3,'serviceprovider','https://serviceprovider.com'),('WSS20','WSS20Name',3,1,3,'serviceprovider','https://serviceprovider.com'),('WSS200','WSS200Name',3,1,3,'serviceprovider','https://serviceprovider.com'),('WSS201','WSS201Name',3,1,3,'serviceprovider','https://serviceprovider.com'),('WSS202','WSS202Name',3,1,3,'serviceprovider','https://serviceprovider.com'),('WSS203','WSS203Name',3,1,3,'serviceprovider','https://serviceprovider.com'),('WSS204','WSS204Name',3,1,3,'serviceprovider','https://serviceprovider.com'),('WSS205','WSS205Name',3,1,3,'serviceprovider','https://serviceprovider.com'),('WSS206','WSS206Name',3,1,3,'serviceprovider','https://serviceprovider.com'),('WSS207','WSS207Name',3,1,3,'serviceprovider','https://serviceprovider.com'),('WSS208','WSS208Name',3,1,3,'serviceprovider','https://serviceprovider.com'),('WSS209','WSS209Name',3,1,3,'serviceprovider','https://serviceprovider.com'),('WSS21','WSS21Name',3,1,3,'serviceprovider','https://serviceprovider.com'),('WSS210','WSS210Name',3,1,3,'serviceprovider','https://serviceprovider.com'),('WSS211','WSS211Name',3,1,3,'serviceprovider','https://serviceprovider.com'),('WSS212','WSS212Name',3,1,3,'serviceprovider','https://serviceprovider.com'),('WSS213','WSS213Name',3,1,3,'serviceprovider','https://serviceprovider.com'),('WSS214','WSS214Name',3,1,3,'serviceprovider','https://serviceprovider.com'),('WSS215','WSS215Name',3,1,3,'serviceprovider','https://serviceprovider.com'),('WSS216','WSS216Name',3,1,3,'serviceprovider','https://serviceprovider.com'),('WSS217','WSS217Name',3,1,3,'serviceprovider','https://serviceprovider.com'),('WSS218','WSS218Name',3,1,3,'serviceprovider','https://serviceprovider.com'),('WSS219','WSS219Name',3,1,3,'serviceprovider','https://serviceprovider.com'),('WSS22','WSS22Name',3,1,3,'serviceprovider','https://serviceprovider.com'),('WSS220','WSS220Name',3,1,3,'serviceprovider','https://serviceprovider.com'),('WSS221','WSS221Name',3,1,3,'serviceprovider','https://serviceprovider.com'),('WSS222','WSS222Name',3,1,3,'serviceprovider','https://serviceprovider.com'),('WSS223','WSS223Name',3,1,3,'serviceprovider','https://serviceprovider.com'),('WSS224','WSS224Name',3,1,3,'serviceprovider','https://serviceprovider.com'),('WSS225','WSS225Name',3,1,3,'serviceprovider','https://serviceprovider.com'),('WSS226','WSS226Name',3,1,3,'serviceprovider','https://serviceprovider.com'),('WSS227','WSS227Name',3,1,3,'serviceprovider','https://serviceprovider.com'),('WSS228','WSS228Name',3,1,3,'serviceprovider','https://serviceprovider.com'),('WSS229','WSS229Name',3,1,3,'serviceprovider','https://serviceprovider.com'),('WSS23','WSS23Name',3,1,3,'serviceprovider','https://serviceprovider.com'),('WSS230','WSS230Name',3,1,3,'serviceprovider','https://serviceprovider.com'),('WSS231','WSS231Name',3,1,3,'serviceprovider','https://serviceprovider.com'),('WSS232','WSS232Name',3,1,3,'serviceprovider','https://serviceprovider.com'),('WSS233','WSS233Name',3,1,3,'serviceprovider','https://serviceprovider.com'),('WSS234','WSS234Name',3,1,3,'serviceprovider','https://serviceprovider.com'),('WSS235','WSS235Name',3,1,3,'serviceprovider','https://serviceprovider.com'),('WSS236','WSS236Name',3,1,3,'serviceprovider','https://serviceprovider.com'),('WSS237','WSS237Name',3,1,3,'serviceprovider','https://serviceprovider.com'),('WSS238','WSS238Name',3,1,3,'serviceprovider','https://serviceprovider.com'),('WSS239','WSS239Name',3,1,3,'serviceprovider','https://serviceprovider.com'),('WSS24','WSS24Name',3,1,3,'serviceprovider','https://serviceprovider.com'),('WSS240','WSS240Name',3,1,3,'serviceprovider','https://serviceprovider.com'),('WSS241','WSS241Name',3,1,3,'serviceprovider','https://serviceprovider.com'),('WSS242','WSS242Name',3,1,3,'serviceprovider','https://serviceprovider.com'),('WSS243','WSS243Name',3,1,3,'serviceprovider','https://serviceprovider.com'),('WSS244','WSS244Name',3,1,3,'serviceprovider','https://serviceprovider.com'),('WSS245','WSS245Name',3,1,3,'serviceprovider','https://serviceprovider.com'),('WSS246','WSS246Name',3,1,3,'serviceprovider','https://serviceprovider.com'),('WSS247','WSS247Name',3,1,3,'serviceprovider','https://serviceprovider.com'),('WSS248','WSS248Name',3,1,3,'serviceprovider','https://serviceprovider.com'),('WSS249','WSS249Name',3,1,3,'serviceprovider','https://serviceprovider.com'),('WSS25','WSS25Name',3,1,3,'serviceprovider','https://serviceprovider.com'),('WSS250','WSS250Name',3,1,3,'serviceprovider','https://serviceprovider.com'),('WSS251','WSS251Name',3,1,3,'serviceprovider','https://serviceprovider.com'),('WSS252','WSS252Name',3,1,3,'serviceprovider','https://serviceprovider.com'),('WSS253','WSS253Name',3,1,3,'serviceprovider','https://serviceprovider.com'),('WSS254','WSS254Name',3,1,3,'serviceprovider','https://serviceprovider.com'),('WSS255','WSS255Name',3,1,3,'serviceprovider','https://serviceprovider.com'),('WSS256','WSS256Name',3,1,3,'serviceprovider','https://serviceprovider.com'),('WSS257','WSS257Name',3,1,3,'serviceprovider','https://serviceprovider.com'),('WSS258','WSS258Name',3,1,3,'serviceprovider','https://serviceprovider.com'),('WSS259','WSS259Name',3,1,3,'serviceprovider','https://serviceprovider.com'),('WSS26','WSS26Name',3,1,3,'serviceprovider','https://serviceprovider.com'),('WSS260','WSS260Name',3,1,3,'serviceprovider','https://serviceprovider.com'),('WSS261','WSS261Name',3,1,3,'serviceprovider','https://serviceprovider.com'),('WSS262','WSS262Name',3,1,3,'serviceprovider','https://serviceprovider.com'),('WSS263','WSS263Name',3,1,3,'serviceprovider','https://serviceprovider.com'),('WSS264','WSS264Name',3,1,3,'serviceprovider','https://serviceprovider.com'),('WSS265','WSS265Name',3,1,3,'serviceprovider','https://serviceprovider.com'),('WSS266','WSS266Name',3,1,3,'serviceprovider','https://serviceprovider.com'),('WSS267','WSS267Name',3,1,3,'serviceprovider','https://serviceprovider.com'),('WSS268','WSS268Name',3,1,3,'serviceprovider','https://serviceprovider.com'),('WSS269','WSS269Name',3,1,3,'serviceprovider','https://serviceprovider.com'),('WSS27','WSS27Name',3,1,3,'serviceprovider','https://serviceprovider.com'),('WSS270','WSS270Name',3,1,3,'serviceprovider','https://serviceprovider.com'),('WSS271','WSS271Name',3,1,3,'serviceprovider','https://serviceprovider.com'),('WSS272','WSS272Name',3,1,3,'serviceprovider','https://serviceprovider.com'),('WSS273','WSS273Name',3,1,3,'serviceprovider','https://serviceprovider.com'),('WSS274','WSS274Name',3,1,3,'serviceprovider','https://serviceprovider.com'),('WSS275','WSS275Name',3,1,3,'serviceprovider','https://serviceprovider.com'),('WSS276','WSS276Name',3,1,3,'serviceprovider','https://serviceprovider.com'),('WSS277','WSS277Name',3,1,3,'serviceprovider','https://serviceprovider.com'),('WSS278','WSS278Name',3,1,3,'serviceprovider','https://serviceprovider.com'),('WSS279','WSS279Name',3,1,3,'serviceprovider','https://serviceprovider.com'),('WSS28','WSS28Name',3,1,3,'serviceprovider','https://serviceprovider.com'),('WSS280','WSS280Name',3,1,3,'serviceprovider','https://serviceprovider.com'),('WSS281','WSS281Name',3,1,3,'serviceprovider','https://serviceprovider.com'),('WSS282','WSS282Name',3,1,3,'serviceprovider','https://serviceprovider.com'),('WSS283','WSS283Name',3,1,3,'serviceprovider','https://serviceprovider.com'),('WSS284','WSS284Name',3,1,3,'serviceprovider','https://serviceprovider.com'),('WSS285','WSS285Name',3,1,3,'serviceprovider','https://serviceprovider.com'),('WSS286','WSS286Name',3,1,3,'serviceprovider','https://serviceprovider.com'),('WSS287','WSS287Name',3,1,3,'serviceprovider','https://serviceprovider.com'),('WSS288','WSS288Name',3,1,3,'serviceprovider','https://serviceprovider.com'),('WSS289','WSS289Name',3,1,3,'serviceprovider','https://serviceprovider.com'),('WSS29','WSS29Name',3,1,3,'serviceprovider','https://serviceprovider.com'),('WSS290','WSS290Name',3,1,3,'serviceprovider','https://serviceprovider.com'),('WSS291','WSS291Name',3,1,3,'serviceprovider','https://serviceprovider.com'),('WSS292','WSS292Name',3,1,3,'serviceprovider','https://serviceprovider.com'),('WSS293','WSS293Name',3,1,3,'serviceprovider','https://serviceprovider.com'),('WSS294','WSS294Name',3,1,3,'serviceprovider','https://serviceprovider.com'),('WSS295','WSS295Name',3,1,3,'serviceprovider','https://serviceprovider.com'),('WSS296','WSS296Name',3,1,3,'serviceprovider','https://serviceprovider.com'),('WSS297','WSS297Name',3,1,3,'serviceprovider','https://serviceprovider.com'),('WSS298','WSS298Name',3,1,3,'serviceprovider','https://serviceprovider.com'),('WSS299','WSS299Name',3,1,3,'serviceprovider','https://serviceprovider.com'),('WSS3','WSS3Name',3,1,3,'serviceprovider','https://serviceprovider.com'),('WSS30','WSS30Name',3,1,3,'serviceprovider','https://serviceprovider.com'),('WSS300','WSS300Name',3,1,3,'serviceprovider','https://serviceprovider.com'),('WSS301','WSS301Name',3,1,3,'serviceprovider','https://serviceprovider.com'),('WSS302','WSS302Name',3,1,3,'serviceprovider','https://serviceprovider.com'),('WSS303','WSS303Name',3,1,3,'serviceprovider','https://serviceprovider.com'),('WSS304','WSS304Name',3,1,3,'serviceprovider','https://serviceprovider.com'),('WSS305','WSS305Name',3,1,3,'serviceprovider','https://serviceprovider.com'),('WSS306','WSS306Name',3,1,3,'serviceprovider','https://serviceprovider.com'),('WSS307','WSS307Name',3,1,3,'serviceprovider','https://serviceprovider.com'),('WSS308','WSS308Name',3,1,3,'serviceprovider','https://serviceprovider.com'),('WSS309','WSS309Name',3,1,3,'serviceprovider','https://serviceprovider.com'),('WSS31','WSS31Name',3,1,3,'serviceprovider','https://serviceprovider.com'),('WSS310','WSS310Name',3,1,3,'serviceprovider','https://serviceprovider.com'),('WSS311','WSS311Name',3,1,3,'serviceprovider','https://serviceprovider.com'),('WSS312','WSS312Name',3,1,3,'serviceprovider','https://serviceprovider.com'),('WSS313','WSS313Name',3,1,3,'serviceprovider','https://serviceprovider.com'),('WSS314','WSS314Name',3,1,3,'serviceprovider','https://serviceprovider.com'),('WSS315','WSS315Name',3,1,3,'serviceprovider','https://serviceprovider.com'),('WSS316','WSS316Name',3,1,3,'serviceprovider','https://serviceprovider.com'),('WSS317','WSS317Name',3,1,3,'serviceprovider','https://serviceprovider.com'),('WSS318','WSS318Name',3,1,3,'serviceprovider','https://serviceprovider.com'),('WSS319','WSS319Name',3,1,3,'serviceprovider','https://serviceprovider.com'),('WSS32','WSS32Name',3,1,3,'serviceprovider','https://serviceprovider.com'),('WSS320','WSS320Name',3,1,3,'serviceprovider','https://serviceprovider.com'),('WSS321','WSS321Name',3,1,3,'serviceprovider','https://serviceprovider.com'),('WSS322','WSS322Name',3,1,3,'serviceprovider','https://serviceprovider.com'),('WSS323','WSS323Name',3,1,3,'serviceprovider','https://serviceprovider.com'),('WSS324','WSS324Name',3,1,3,'serviceprovider','https://serviceprovider.com'),('WSS325','WSS325Name',3,1,3,'serviceprovider','https://serviceprovider.com'),('WSS326','WSS326Name',3,1,3,'serviceprovider','https://serviceprovider.com'),('WSS327','WSS327Name',3,1,3,'serviceprovider','https://serviceprovider.com'),('WSS328','WSS328Name',3,1,3,'serviceprovider','https://serviceprovider.com'),('WSS329','WSS329Name',3,1,3,'serviceprovider','https://serviceprovider.com'),('WSS33','WSS33Name',3,1,3,'serviceprovider','https://serviceprovider.com'),('WSS330','WSS330Name',3,1,3,'serviceprovider','https://serviceprovider.com'),('WSS331','WSS331Name',3,1,3,'serviceprovider','https://serviceprovider.com'),('WSS332','WSS332Name',3,1,3,'serviceprovider','https://serviceprovider.com'),('WSS333','WSS333Name',3,1,3,'serviceprovider','https://serviceprovider.com'),('WSS334','WSS334Name',3,1,3,'serviceprovider','https://serviceprovider.com'),('WSS335','WSS335Name',3,1,3,'serviceprovider','https://serviceprovider.com'),('WSS336','WSS336Name',3,1,3,'serviceprovider','https://serviceprovider.com'),('WSS337','WSS337Name',3,1,3,'serviceprovider','https://serviceprovider.com'),('WSS338','WSS338Name',3,1,3,'serviceprovider','https://serviceprovider.com'),('WSS339','WSS339Name',3,1,3,'serviceprovider','https://serviceprovider.com'),('WSS34','WSS34Name',3,1,3,'serviceprovider','https://serviceprovider.com'),('WSS340','WSS340Name',3,1,3,'serviceprovider','https://serviceprovider.com'),('WSS341','WSS341Name',3,1,3,'serviceprovider','https://serviceprovider.com'),('WSS342','WSS342Name',3,1,3,'serviceprovider','https://serviceprovider.com'),('WSS343','WSS343Name',3,1,3,'serviceprovider','https://serviceprovider.com'),('WSS344','WSS344Name',3,1,3,'serviceprovider','https://serviceprovider.com'),('WSS345','WSS345Name',3,1,3,'serviceprovider','https://serviceprovider.com'),('WSS346','WSS346Name',3,1,3,'serviceprovider','https://serviceprovider.com'),('WSS347','WSS347Name',3,1,3,'serviceprovider','https://serviceprovider.com'),('WSS348','WSS348Name',3,1,3,'serviceprovider','https://serviceprovider.com'),('WSS349','WSS349Name',3,1,3,'serviceprovider','https://serviceprovider.com'),('WSS35','WSS35Name',3,1,3,'serviceprovider','https://serviceprovider.com'),('WSS350','WSS350Name',3,1,3,'serviceprovider','https://serviceprovider.com'),('WSS351','WSS351Name',3,1,3,'serviceprovider','https://serviceprovider.com'),('WSS352','WSS352Name',3,1,3,'serviceprovider','https://serviceprovider.com'),('WSS353','WSS353Name',3,1,3,'serviceprovider','https://serviceprovider.com'),('WSS354','WSS354Name',3,1,3,'serviceprovider','https://serviceprovider.com'),('WSS355','WSS355Name',3,1,3,'serviceprovider','https://serviceprovider.com'),('WSS356','WSS356Name',3,1,3,'serviceprovider','https://serviceprovider.com'),('WSS357','WSS357Name',3,1,3,'serviceprovider','https://serviceprovider.com'),('WSS358','WSS358Name',3,1,3,'serviceprovider','https://serviceprovider.com'),('WSS359','WSS359Name',3,1,3,'serviceprovider','https://serviceprovider.com'),('WSS36','WSS36Name',3,1,3,'serviceprovider','https://serviceprovider.com'),('WSS360','WSS360Name',3,1,3,'serviceprovider','https://serviceprovider.com'),('WSS361','WSS361Name',3,1,3,'serviceprovider','https://serviceprovider.com'),('WSS362','WSS362Name',3,1,3,'serviceprovider','https://serviceprovider.com'),('WSS363','WSS363Name',3,1,3,'serviceprovider','https://serviceprovider.com'),('WSS364','WSS364Name',3,1,3,'serviceprovider','https://serviceprovider.com'),('WSS365','WSS365Name',3,1,3,'serviceprovider','https://serviceprovider.com'),('WSS366','WSS366Name',3,1,3,'serviceprovider','https://serviceprovider.com'),('WSS367','WSS367Name',3,1,3,'serviceprovider','https://serviceprovider.com'),('WSS368','WSS368Name',3,1,3,'serviceprovider','https://serviceprovider.com'),('WSS369','WSS369Name',3,1,3,'serviceprovider','https://serviceprovider.com'),('WSS37','WSS37Name',3,1,3,'serviceprovider','https://serviceprovider.com'),('WSS370','WSS370Name',3,1,3,'serviceprovider','https://serviceprovider.com'),('WSS371','WSS371Name',3,1,3,'serviceprovider','https://serviceprovider.com'),('WSS372','WSS372Name',3,1,3,'serviceprovider','https://serviceprovider.com'),('WSS373','WSS373Name',3,1,3,'serviceprovider','https://serviceprovider.com'),('WSS374','WSS374Name',3,1,3,'serviceprovider','https://serviceprovider.com'),('WSS375','WSS375Name',3,1,3,'serviceprovider','https://serviceprovider.com'),('WSS376','WSS376Name',3,1,3,'serviceprovider','https://serviceprovider.com'),('WSS377','WSS377Name',3,1,3,'serviceprovider','https://serviceprovider.com'),('WSS378','WSS378Name',3,1,3,'serviceprovider','https://serviceprovider.com'),('WSS379','WSS379Name',3,1,3,'serviceprovider','https://serviceprovider.com'),('WSS38','WSS38Name',3,1,3,'serviceprovider','https://serviceprovider.com'),('WSS380','WSS380Name',3,1,3,'serviceprovider','https://serviceprovider.com'),('WSS381','WSS381Name',3,1,3,'serviceprovider','https://serviceprovider.com'),('WSS382','WSS382Name',3,1,3,'serviceprovider','https://serviceprovider.com'),('WSS383','WSS383Name',3,1,3,'serviceprovider','https://serviceprovider.com'),('WSS384','WSS384Name',3,1,3,'serviceprovider','https://serviceprovider.com'),('WSS385','WSS385Name',3,1,3,'serviceprovider','https://serviceprovider.com'),('WSS386','WSS386Name',3,1,3,'serviceprovider','https://serviceprovider.com'),('WSS387','WSS387Name',3,1,3,'serviceprovider','https://serviceprovider.com'),('WSS388','WSS388Name',3,1,3,'serviceprovider','https://serviceprovider.com'),('WSS389','WSS389Name',3,1,3,'serviceprovider','https://serviceprovider.com'),('WSS39','WSS39Name',3,1,3,'serviceprovider','https://serviceprovider.com'),('WSS390','WSS390Name',3,1,3,'serviceprovider','https://serviceprovider.com'),('WSS391','WSS391Name',3,1,3,'serviceprovider','https://serviceprovider.com'),('WSS392','WSS392Name',3,1,3,'serviceprovider','https://serviceprovider.com'),('WSS393','WSS393Name',3,1,3,'serviceprovider','https://serviceprovider.com'),('WSS394','WSS394Name',3,1,3,'serviceprovider','https://serviceprovider.com'),('WSS395','WSS395Name',3,1,3,'serviceprovider','https://serviceprovider.com'),('WSS396','WSS396Name',3,1,3,'serviceprovider','https://serviceprovider.com'),('WSS397','WSS397Name',3,1,3,'serviceprovider','https://serviceprovider.com'),('WSS398','WSS398Name',3,1,3,'serviceprovider','https://serviceprovider.com'),('WSS399','WSS399Name',3,1,3,'serviceprovider','https://serviceprovider.com'),('WSS4','WSS4Name',3,1,3,'serviceprovider','https://serviceprovider.com'),('WSS40','WSS40Name',3,1,3,'serviceprovider','https://serviceprovider.com'),('WSS400','WSS400Name',3,1,3,'serviceprovider','https://serviceprovider.com'),('WSS401','WSS401Name',3,1,3,'serviceprovider','https://serviceprovider.com'),('WSS402','WSS402Name',3,1,3,'serviceprovider','https://serviceprovider.com'),('WSS403','WSS403Name',3,1,3,'serviceprovider','https://serviceprovider.com'),('WSS404','WSS404Name',3,1,3,'serviceprovider','https://serviceprovider.com'),('WSS405','WSS405Name',3,1,3,'serviceprovider','https://serviceprovider.com'),('WSS406','WSS406Name',3,1,3,'serviceprovider','https://serviceprovider.com'),('WSS407','WSS407Name',3,1,3,'serviceprovider','https://serviceprovider.com'),('WSS408','WSS408Name',3,1,3,'serviceprovider','https://serviceprovider.com'),('WSS409','WSS409Name',3,1,3,'serviceprovider','https://serviceprovider.com'),('WSS41','WSS41Name',3,1,3,'serviceprovider','https://serviceprovider.com'),('WSS410','WSS410Name',3,1,3,'serviceprovider','https://serviceprovider.com'),('WSS411','WSS411Name',3,1,3,'serviceprovider','https://serviceprovider.com'),('WSS412','WSS412Name',3,1,3,'serviceprovider','https://serviceprovider.com'),('WSS413','WSS413Name',3,1,3,'serviceprovider','https://serviceprovider.com'),('WSS414','WSS414Name',3,1,3,'serviceprovider','https://serviceprovider.com'),('WSS415','WSS415Name',3,1,3,'serviceprovider','https://serviceprovider.com'),('WSS416','WSS416Name',3,1,3,'serviceprovider','https://serviceprovider.com'),('WSS417','WSS417Name',3,1,3,'serviceprovider','https://serviceprovider.com'),('WSS418','WSS418Name',3,1,3,'serviceprovider','https://serviceprovider.com'),('WSS419','WSS419Name',3,1,3,'serviceprovider','https://serviceprovider.com'),('WSS42','WSS42Name',3,1,3,'serviceprovider','https://serviceprovider.com'),('WSS420','WSS420Name',3,1,3,'serviceprovider','https://serviceprovider.com'),('WSS421','WSS421Name',3,1,3,'serviceprovider','https://serviceprovider.com'),('WSS422','WSS422Name',3,1,3,'serviceprovider','https://serviceprovider.com'),('WSS423','WSS423Name',3,1,3,'serviceprovider','https://serviceprovider.com'),('WSS424','WSS424Name',3,1,3,'serviceprovider','https://serviceprovider.com'),('WSS425','WSS425Name',3,1,3,'serviceprovider','https://serviceprovider.com'),('WSS426','WSS426Name',3,1,3,'serviceprovider','https://serviceprovider.com'),('WSS427','WSS427Name',3,1,3,'serviceprovider','https://serviceprovider.com'),('WSS428','WSS428Name',3,1,3,'serviceprovider','https://serviceprovider.com'),('WSS429','WSS429Name',3,1,3,'serviceprovider','https://serviceprovider.com'),('WSS43','WSS43Name',3,1,3,'serviceprovider','https://serviceprovider.com'),('WSS430','WSS430Name',3,1,3,'serviceprovider','https://serviceprovider.com'),('WSS431','WSS431Name',3,1,3,'serviceprovider','https://serviceprovider.com'),('WSS432','WSS432Name',3,1,3,'serviceprovider','https://serviceprovider.com'),('WSS433','WSS433Name',3,1,3,'serviceprovider','https://serviceprovider.com'),('WSS434','WSS434Name',3,1,3,'serviceprovider','https://serviceprovider.com'),('WSS435','WSS435Name',3,1,3,'serviceprovider','https://serviceprovider.com'),('WSS436','WSS436Name',3,1,3,'serviceprovider','https://serviceprovider.com'),('WSS437','WSS437Name',3,1,3,'serviceprovider','https://serviceprovider.com'),('WSS438','WSS438Name',3,1,3,'serviceprovider','https://serviceprovider.com'),('WSS439','WSS439Name',3,1,3,'serviceprovider','https://serviceprovider.com'),('WSS44','WSS44Name',3,1,3,'serviceprovider','https://serviceprovider.com'),('WSS440','WSS440Name',3,1,3,'serviceprovider','https://serviceprovider.com'),('WSS441','WSS441Name',3,1,3,'serviceprovider','https://serviceprovider.com'),('WSS442','WSS442Name',3,1,3,'serviceprovider','https://serviceprovider.com'),('WSS443','WSS443Name',3,1,3,'serviceprovider','https://serviceprovider.com'),('WSS444','WSS444Name',3,1,3,'serviceprovider','https://serviceprovider.com'),('WSS445','WSS445Name',3,1,3,'serviceprovider','https://serviceprovider.com'),('WSS446','WSS446Name',3,1,3,'serviceprovider','https://serviceprovider.com'),('WSS447','WSS447Name',3,1,3,'serviceprovider','https://serviceprovider.com'),('WSS448','WSS448Name',3,1,3,'serviceprovider','https://serviceprovider.com'),('WSS449','WSS449Name',3,1,3,'serviceprovider','https://serviceprovider.com'),('WSS45','WSS45Name',3,1,3,'serviceprovider','https://serviceprovider.com'),('WSS450','WSS450Name',3,1,3,'serviceprovider','https://serviceprovider.com'),('WSS451','WSS451Name',3,1,3,'serviceprovider','https://serviceprovider.com'),('WSS452','WSS452Name',3,1,3,'serviceprovider','https://serviceprovider.com'),('WSS453','WSS453Name',3,1,3,'serviceprovider','https://serviceprovider.com'),('WSS454','WSS454Name',3,1,3,'serviceprovider','https://serviceprovider.com'),('WSS455','WSS455Name',3,1,3,'serviceprovider','https://serviceprovider.com'),('WSS456','WSS456Name',3,1,3,'serviceprovider','https://serviceprovider.com'),('WSS457','WSS457Name',3,1,3,'serviceprovider','https://serviceprovider.com'),('WSS458','WSS458Name',3,1,3,'serviceprovider','https://serviceprovider.com'),('WSS459','WSS459Name',3,1,3,'serviceprovider','https://serviceprovider.com'),('WSS46','WSS46Name',3,1,3,'serviceprovider','https://serviceprovider.com'),('WSS460','WSS460Name',3,1,3,'serviceprovider','https://serviceprovider.com'),('WSS461','WSS461Name',3,1,3,'serviceprovider','https://serviceprovider.com'),('WSS462','WSS462Name',3,1,3,'serviceprovider','https://serviceprovider.com'),('WSS463','WSS463Name',3,1,3,'serviceprovider','https://serviceprovider.com'),('WSS464','WSS464Name',3,1,3,'serviceprovider','https://serviceprovider.com'),('WSS465','WSS465Name',3,1,3,'serviceprovider','https://serviceprovider.com'),('WSS466','WSS466Name',3,1,3,'serviceprovider','https://serviceprovider.com'),('WSS467','WSS467Name',3,1,3,'serviceprovider','https://serviceprovider.com'),('WSS468','WSS468Name',3,1,3,'serviceprovider','https://serviceprovider.com'),('WSS469','WSS469Name',3,1,3,'serviceprovider','https://serviceprovider.com'),('WSS47','WSS47Name',3,1,3,'serviceprovider','https://serviceprovider.com'),('WSS470','WSS470Name',3,1,3,'serviceprovider','https://serviceprovider.com'),('WSS471','WSS471Name',3,1,3,'serviceprovider','https://serviceprovider.com'),('WSS472','WSS472Name',3,1,3,'serviceprovider','https://serviceprovider.com'),('WSS473','WSS473Name',3,1,3,'serviceprovider','https://serviceprovider.com'),('WSS474','WSS474Name',3,1,3,'serviceprovider','https://serviceprovider.com'),('WSS475','WSS475Name',3,1,3,'serviceprovider','https://serviceprovider.com'),('WSS476','WSS476Name',3,1,3,'serviceprovider','https://serviceprovider.com'),('WSS477','WSS477Name',3,1,3,'serviceprovider','https://serviceprovider.com'),('WSS478','WSS478Name',3,1,3,'serviceprovider','https://serviceprovider.com'),('WSS479','WSS479Name',3,1,3,'serviceprovider','https://serviceprovider.com'),('WSS48','WSS48Name',3,1,3,'serviceprovider','https://serviceprovider.com'),('WSS480','WSS480Name',3,1,3,'serviceprovider','https://serviceprovider.com'),('WSS481','WSS481Name',3,1,3,'serviceprovider','https://serviceprovider.com'),('WSS482','WSS482Name',3,1,3,'serviceprovider','https://serviceprovider.com'),('WSS483','WSS483Name',3,1,3,'serviceprovider','https://serviceprovider.com'),('WSS484','WSS484Name',3,1,3,'serviceprovider','https://serviceprovider.com'),('WSS485','WSS485Name',3,1,3,'serviceprovider','https://serviceprovider.com'),('WSS486','WSS486Name',3,1,3,'serviceprovider','https://serviceprovider.com'),('WSS487','WSS487Name',3,1,3,'serviceprovider','https://serviceprovider.com'),('WSS488','WSS488Name',3,1,3,'serviceprovider','https://serviceprovider.com'),('WSS489','WSS489Name',3,1,3,'serviceprovider','https://serviceprovider.com'),('WSS49','WSS49Name',3,1,3,'serviceprovider','https://serviceprovider.com'),('WSS490','WSS490Name',3,1,3,'serviceprovider','https://serviceprovider.com'),('WSS491','WSS491Name',3,1,3,'serviceprovider','https://serviceprovider.com'),('WSS492','WSS492Name',3,1,3,'serviceprovider','https://serviceprovider.com'),('WSS493','WSS493Name',3,1,3,'serviceprovider','https://serviceprovider.com'),('WSS494','WSS494Name',3,1,3,'serviceprovider','https://serviceprovider.com'),('WSS495','WSS495Name',3,1,3,'serviceprovider','https://serviceprovider.com'),('WSS496','WSS496Name',3,1,3,'serviceprovider','https://serviceprovider.com'),('WSS497','WSS497Name',3,1,3,'serviceprovider','https://serviceprovider.com'),('WSS498','WSS498Name',3,1,3,'serviceprovider','https://serviceprovider.com'),('WSS499','WSS499Name',3,1,3,'serviceprovider','https://serviceprovider.com'),('WSS5','WSS5Name',3,1,3,'serviceprovider','https://serviceprovider.com'),('WSS50','WSS50Name',3,1,3,'serviceprovider','https://serviceprovider.com'),('WSS500','WSS500Name',3,1,3,'serviceprovider','https://serviceprovider.com'),('WSS51','WSS51Name',3,1,3,'serviceprovider','https://serviceprovider.com'),('WSS52','WSS52Name',3,1,3,'serviceprovider','https://serviceprovider.com'),('WSS53','WSS53Name',3,1,3,'serviceprovider','https://serviceprovider.com'),('WSS54','WSS54Name',3,1,3,'serviceprovider','https://serviceprovider.com'),('WSS55','WSS55Name',3,1,3,'serviceprovider','https://serviceprovider.com'),('WSS56','WSS56Name',3,1,3,'serviceprovider','https://serviceprovider.com'),('WSS57','WSS57Name',3,1,3,'serviceprovider','https://serviceprovider.com'),('WSS58','WSS58Name',3,1,3,'serviceprovider','https://serviceprovider.com'),('WSS59','WSS59Name',3,1,3,'serviceprovider','https://serviceprovider.com'),('WSS6','WSS6Name',3,1,3,'serviceprovider','https://serviceprovider.com'),('WSS60','WSS60Name',3,1,3,'serviceprovider','https://serviceprovider.com'),('WSS61','WSS61Name',3,1,3,'serviceprovider','https://serviceprovider.com'),('WSS62','WSS62Name',3,1,3,'serviceprovider','https://serviceprovider.com'),('WSS63','WSS63Name',3,1,3,'serviceprovider','https://serviceprovider.com'),('WSS64','WSS64Name',3,1,3,'serviceprovider','https://serviceprovider.com'),('WSS65','WSS65Name',3,1,3,'serviceprovider','https://serviceprovider.com'),('WSS66','WSS66Name',3,1,3,'serviceprovider','https://serviceprovider.com'),('WSS67','WSS67Name',3,1,3,'serviceprovider','https://serviceprovider.com'),('WSS68','WSS68Name',3,1,3,'serviceprovider','https://serviceprovider.com'),('WSS69','WSS69Name',3,1,3,'serviceprovider','https://serviceprovider.com'),('WSS7','WSS7Name',3,1,3,'serviceprovider','https://serviceprovider.com'),('WSS70','WSS70Name',3,1,3,'serviceprovider','https://serviceprovider.com'),('WSS71','WSS71Name',3,1,3,'serviceprovider','https://serviceprovider.com'),('WSS72','WSS72Name',3,1,3,'serviceprovider','https://serviceprovider.com'),('WSS73','WSS73Name',3,1,3,'serviceprovider','https://serviceprovider.com'),('WSS74','WSS74Name',3,1,3,'serviceprovider','https://serviceprovider.com'),('WSS75','WSS75Name',3,1,3,'serviceprovider','https://serviceprovider.com'),('WSS76','WSS76Name',3,1,3,'serviceprovider','https://serviceprovider.com'),('WSS77','WSS77Name',3,1,3,'serviceprovider','https://serviceprovider.com'),('WSS78','WSS78Name',3,1,3,'serviceprovider','https://serviceprovider.com'),('WSS79','WSS79Name',3,1,3,'serviceprovider','https://serviceprovider.com'),('WSS8','WSS8Name',3,1,3,'serviceprovider','https://serviceprovider.com'),('WSS80','WSS80Name',3,1,3,'serviceprovider','https://serviceprovider.com'),('WSS81','WSS81Name',3,1,3,'serviceprovider','https://serviceprovider.com'),('WSS82','WSS82Name',3,1,3,'serviceprovider','https://serviceprovider.com'),('WSS83','WSS83Name',3,1,3,'serviceprovider','https://serviceprovider.com'),('WSS84','WSS84Name',3,1,3,'serviceprovider','https://serviceprovider.com'),('WSS85','WSS85Name',3,1,3,'serviceprovider','https://serviceprovider.com'),('WSS86','WSS86Name',3,1,3,'serviceprovider','https://serviceprovider.com'),('WSS87','WSS87Name',3,1,3,'serviceprovider','https://serviceprovider.com'),('WSS88','WSS88Name',3,1,3,'serviceprovider','https://serviceprovider.com'),('WSS89','WSS89Name',3,1,3,'serviceprovider','https://serviceprovider.com'),('WSS9','WSS9Name',3,1,3,'serviceprovider','https://serviceprovider.com'),('WSS90','WSS90Name',3,1,3,'serviceprovider','https://serviceprovider.com'),('WSS91','WSS91Name',3,1,3,'serviceprovider','https://serviceprovider.com'),('WSS92','WSS92Name',3,1,3,'serviceprovider','https://serviceprovider.com'),('WSS93','WSS93Name',3,1,3,'serviceprovider','https://serviceprovider.com'),('WSS94','WSS94Name',3,1,3,'serviceprovider','https://serviceprovider.com'),('WSS95','WSS95Name',3,1,3,'serviceprovider','https://serviceprovider.com'),('WSS96','WSS96Name',3,1,3,'serviceprovider','https://serviceprovider.com'),('WSS97','WSS97Name',3,1,3,'serviceprovider','https://serviceprovider.com'),('WSS98','WSS98Name',3,1,3,'serviceprovider','https://serviceprovider.com'),('WSS99','WSS99Name',3,1,3,'serviceprovider','https://serviceprovider.com');
/*!40000 ALTER TABLE `webservicelist` ENABLE KEYS */;
UNLOCK TABLES;
/*!40103 SET TIME_ZONE=@OLD_TIME_ZONE */;

/*!40101 SET SQL_MODE=@OLD_SQL_MODE */;
/*!40014 SET FOREIGN_KEY_CHECKS=@OLD_FOREIGN_KEY_CHECKS */;
/*!40014 SET UNIQUE_CHECKS=@OLD_UNIQUE_CHECKS */;
/*!40101 SET CHARACTER_SET_CLIENT=@OLD_CHARACTER_SET_CLIENT */;
/*!40101 SET CHARACTER_SET_RESULTS=@OLD_CHARACTER_SET_RESULTS */;
/*!40101 SET COLLATION_CONNECTION=@OLD_COLLATION_CONNECTION */;
/*!40111 SET SQL_NOTES=@OLD_SQL_NOTES */;

-- Dump completed on 2023-06-27 19:30:49
