-- MySQL dump 10.13  Distrib 8.0.32, for Win64 (x86_64)
--
-- Host: localhost    Database: autowscs
-- ------------------------------------------------------
-- Server version	8.0.32

/*!40101 SET @OLD_CHARACTER_SET_CLIENT=@@CHARACTER_SET_CLIENT */;
/*!40101 SET @OLD_CHARACTER_SET_RESULTS=@@CHARACTER_SET_RESULTS */;
/*!40101 SET @OLD_COLLATION_CONNECTION=@@COLLATION_CONNECTION */;
/*!50503 SET NAMES utf8mb4 */;
/*!40103 SET @OLD_TIME_ZONE=@@TIME_ZONE */;
/*!40103 SET TIME_ZONE='+00:00' */;
/*!40014 SET @OLD_UNIQUE_CHECKS=@@UNIQUE_CHECKS, UNIQUE_CHECKS=0 */;
/*!40014 SET @OLD_FOREIGN_KEY_CHECKS=@@FOREIGN_KEY_CHECKS, FOREIGN_KEY_CHECKS=0 */;
/*!40101 SET @OLD_SQL_MODE=@@SQL_MODE, SQL_MODE='NO_AUTO_VALUE_ON_ZERO' */;
/*!40111 SET @OLD_SQL_NOTES=@@SQL_NOTES, SQL_NOTES=0 */;

--
-- Table structure for table `auth_group`
--

DROP TABLE IF EXISTS `auth_group`;
/*!40101 SET @saved_cs_client     = @@character_set_client */;
/*!50503 SET character_set_client = utf8mb4 */;
CREATE TABLE `auth_group` (
  `id` int NOT NULL AUTO_INCREMENT,
  `name` varchar(80) NOT NULL,
  PRIMARY KEY (`id`),
  UNIQUE KEY `name` (`name`)
) ENGINE=InnoDB DEFAULT CHARSET=latin1;
/*!40101 SET character_set_client = @saved_cs_client */;

--
-- Dumping data for table `auth_group`
--

LOCK TABLES `auth_group` WRITE;
/*!40000 ALTER TABLE `auth_group` DISABLE KEYS */;
/*!40000 ALTER TABLE `auth_group` ENABLE KEYS */;
UNLOCK TABLES;

--
-- Table structure for table `auth_group_permissions`
--

DROP TABLE IF EXISTS `auth_group_permissions`;
/*!40101 SET @saved_cs_client     = @@character_set_client */;
/*!50503 SET character_set_client = utf8mb4 */;
CREATE TABLE `auth_group_permissions` (
  `id` int NOT NULL AUTO_INCREMENT,
  `group_id` int NOT NULL,
  `permission_id` int NOT NULL,
  PRIMARY KEY (`id`),
  UNIQUE KEY `auth_group_permissions_group_id_permission_id_0cd325b0_uniq` (`group_id`,`permission_id`),
  KEY `auth_group_permissio_permission_id_84c5c92e_fk_auth_perm` (`permission_id`),
  CONSTRAINT `auth_group_permissio_permission_id_84c5c92e_fk_auth_perm` FOREIGN KEY (`permission_id`) REFERENCES `auth_permission` (`id`),
  CONSTRAINT `auth_group_permissions_group_id_b120cbf9_fk_auth_group_id` FOREIGN KEY (`group_id`) REFERENCES `auth_group` (`id`)
) ENGINE=InnoDB DEFAULT CHARSET=latin1;
/*!40101 SET character_set_client = @saved_cs_client */;

--
-- Dumping data for table `auth_group_permissions`
--

LOCK TABLES `auth_group_permissions` WRITE;
/*!40000 ALTER TABLE `auth_group_permissions` DISABLE KEYS */;
/*!40000 ALTER TABLE `auth_group_permissions` ENABLE KEYS */;
UNLOCK TABLES;

--
-- Table structure for table `auth_permission`
--

DROP TABLE IF EXISTS `auth_permission`;
/*!40101 SET @saved_cs_client     = @@character_set_client */;
/*!50503 SET character_set_client = utf8mb4 */;
CREATE TABLE `auth_permission` (
  `id` int NOT NULL AUTO_INCREMENT,
  `name` varchar(255) NOT NULL,
  `content_type_id` int NOT NULL,
  `codename` varchar(100) NOT NULL,
  PRIMARY KEY (`id`),
  UNIQUE KEY `auth_permission_content_type_id_codename_01ab375a_uniq` (`content_type_id`,`codename`),
  CONSTRAINT `auth_permission_content_type_id_2f476e4b_fk_django_co` FOREIGN KEY (`content_type_id`) REFERENCES `django_content_type` (`id`)
) ENGINE=InnoDB AUTO_INCREMENT=25 DEFAULT CHARSET=latin1;
/*!40101 SET character_set_client = @saved_cs_client */;

--
-- Dumping data for table `auth_permission`
--

LOCK TABLES `auth_permission` WRITE;
/*!40000 ALTER TABLE `auth_permission` DISABLE KEYS */;
INSERT INTO `auth_permission` VALUES (1,'Can add log entry',1,'add_logentry'),(2,'Can change log entry',1,'change_logentry'),(3,'Can delete log entry',1,'delete_logentry'),(4,'Can view log entry',1,'view_logentry'),(5,'Can add permission',2,'add_permission'),(6,'Can change permission',2,'change_permission'),(7,'Can delete permission',2,'delete_permission'),(8,'Can view permission',2,'view_permission'),(9,'Can add group',3,'add_group'),(10,'Can change group',3,'change_group'),(11,'Can delete group',3,'delete_group'),(12,'Can view group',3,'view_group'),(13,'Can add user',4,'add_user'),(14,'Can change user',4,'change_user'),(15,'Can delete user',4,'delete_user'),(16,'Can view user',4,'view_user'),(17,'Can add content type',5,'add_contenttype'),(18,'Can change content type',5,'change_contenttype'),(19,'Can delete content type',5,'delete_contenttype'),(20,'Can view content type',5,'view_contenttype'),(21,'Can add session',6,'add_session'),(22,'Can change session',6,'change_session'),(23,'Can delete session',6,'delete_session'),(24,'Can view session',6,'view_session');
/*!40000 ALTER TABLE `auth_permission` ENABLE KEYS */;
UNLOCK TABLES;

--
-- Table structure for table `auth_user`
--

DROP TABLE IF EXISTS `auth_user`;
/*!40101 SET @saved_cs_client     = @@character_set_client */;
/*!50503 SET character_set_client = utf8mb4 */;
CREATE TABLE `auth_user` (
  `id` int NOT NULL AUTO_INCREMENT,
  `password` varchar(128) NOT NULL,
  `last_login` datetime(6) DEFAULT NULL,
  `is_superuser` tinyint(1) NOT NULL,
  `username` varchar(150) NOT NULL,
  `first_name` varchar(30) NOT NULL,
  `last_name` varchar(150) NOT NULL,
  `email` varchar(254) NOT NULL,
  `is_staff` tinyint(1) NOT NULL,
  `is_active` tinyint(1) NOT NULL,
  `date_joined` datetime(6) NOT NULL,
  PRIMARY KEY (`id`),
  UNIQUE KEY `username` (`username`)
) ENGINE=InnoDB AUTO_INCREMENT=2 DEFAULT CHARSET=latin1;
/*!40101 SET character_set_client = @saved_cs_client */;

--
-- Dumping data for table `auth_user`
--

LOCK TABLES `auth_user` WRITE;
/*!40000 ALTER TABLE `auth_user` DISABLE KEYS */;
INSERT INTO `auth_user` VALUES (1,'pbkdf2_sha256$120000$t1PV0MeFrM2P$mdFVt5O/PMrM6U6PP4ei7LDjVNuN0OJi97bq+oRxpQg=','2020-10-19 22:21:14.385392',0,'kgayke','','','k2gaike@gmail.com',0,1,'2020-10-19 22:21:13.589791');
/*!40000 ALTER TABLE `auth_user` ENABLE KEYS */;
UNLOCK TABLES;

--
-- Table structure for table `auth_user_groups`
--

DROP TABLE IF EXISTS `auth_user_groups`;
/*!40101 SET @saved_cs_client     = @@character_set_client */;
/*!50503 SET character_set_client = utf8mb4 */;
CREATE TABLE `auth_user_groups` (
  `id` int NOT NULL AUTO_INCREMENT,
  `user_id` int NOT NULL,
  `group_id` int NOT NULL,
  PRIMARY KEY (`id`),
  UNIQUE KEY `auth_user_groups_user_id_group_id_94350c0c_uniq` (`user_id`,`group_id`),
  KEY `auth_user_groups_group_id_97559544_fk_auth_group_id` (`group_id`),
  CONSTRAINT `auth_user_groups_group_id_97559544_fk_auth_group_id` FOREIGN KEY (`group_id`) REFERENCES `auth_group` (`id`),
  CONSTRAINT `auth_user_groups_user_id_6a12ed8b_fk_auth_user_id` FOREIGN KEY (`user_id`) REFERENCES `auth_user` (`id`)
) ENGINE=InnoDB DEFAULT CHARSET=latin1;
/*!40101 SET character_set_client = @saved_cs_client */;

--
-- Dumping data for table `auth_user_groups`
--

LOCK TABLES `auth_user_groups` WRITE;
/*!40000 ALTER TABLE `auth_user_groups` DISABLE KEYS */;
/*!40000 ALTER TABLE `auth_user_groups` ENABLE KEYS */;
UNLOCK TABLES;

--
-- Table structure for table `auth_user_user_permissions`
--

DROP TABLE IF EXISTS `auth_user_user_permissions`;
/*!40101 SET @saved_cs_client     = @@character_set_client */;
/*!50503 SET character_set_client = utf8mb4 */;
CREATE TABLE `auth_user_user_permissions` (
  `id` int NOT NULL AUTO_INCREMENT,
  `user_id` int NOT NULL,
  `permission_id` int NOT NULL,
  PRIMARY KEY (`id`),
  UNIQUE KEY `auth_user_user_permissions_user_id_permission_id_14a6b632_uniq` (`user_id`,`permission_id`),
  KEY `auth_user_user_permi_permission_id_1fbb5f2c_fk_auth_perm` (`permission_id`),
  CONSTRAINT `auth_user_user_permi_permission_id_1fbb5f2c_fk_auth_perm` FOREIGN KEY (`permission_id`) REFERENCES `auth_permission` (`id`),
  CONSTRAINT `auth_user_user_permissions_user_id_a95ead1b_fk_auth_user_id` FOREIGN KEY (`user_id`) REFERENCES `auth_user` (`id`)
) ENGINE=InnoDB DEFAULT CHARSET=latin1;
/*!40101 SET character_set_client = @saved_cs_client */;

--
-- Dumping data for table `auth_user_user_permissions`
--

LOCK TABLES `auth_user_user_permissions` WRITE;
/*!40000 ALTER TABLE `auth_user_user_permissions` DISABLE KEYS */;
/*!40000 ALTER TABLE `auth_user_user_permissions` ENABLE KEYS */;
UNLOCK TABLES;

--
-- Table structure for table `careerpath`
--

DROP TABLE IF EXISTS `careerpath`;
/*!40101 SET @saved_cs_client     = @@character_set_client */;
/*!50503 SET character_set_client = utf8mb4 */;
CREATE TABLE `careerpath` (
  `careerPathID` char(4) NOT NULL,
  `careerPathName` varchar(50) DEFAULT NULL,
  PRIMARY KEY (`careerPathID`)
) ENGINE=InnoDB DEFAULT CHARSET=latin1;
/*!40101 SET character_set_client = @saved_cs_client */;

--
-- Dumping data for table `careerpath`
--

LOCK TABLES `careerpath` WRITE;
/*!40000 ALTER TABLE `careerpath` DISABLE KEYS */;
INSERT INTO `careerpath` VALUES ('C100','Data Analyst');
/*!40000 ALTER TABLE `careerpath` ENABLE KEYS */;
UNLOCK TABLES;

--
-- Table structure for table `django_admin_log`
--

DROP TABLE IF EXISTS `django_admin_log`;
/*!40101 SET @saved_cs_client     = @@character_set_client */;
/*!50503 SET character_set_client = utf8mb4 */;
CREATE TABLE `django_admin_log` (
  `id` int NOT NULL AUTO_INCREMENT,
  `action_time` datetime(6) NOT NULL,
  `object_id` longtext,
  `object_repr` varchar(200) NOT NULL,
  `action_flag` smallint unsigned NOT NULL,
  `change_message` longtext NOT NULL,
  `content_type_id` int DEFAULT NULL,
  `user_id` int NOT NULL,
  PRIMARY KEY (`id`),
  KEY `django_admin_log_content_type_id_c4bce8eb_fk_django_co` (`content_type_id`),
  KEY `django_admin_log_user_id_c564eba6_fk_auth_user_id` (`user_id`),
  CONSTRAINT `django_admin_log_content_type_id_c4bce8eb_fk_django_co` FOREIGN KEY (`content_type_id`) REFERENCES `django_content_type` (`id`),
  CONSTRAINT `django_admin_log_user_id_c564eba6_fk_auth_user_id` FOREIGN KEY (`user_id`) REFERENCES `auth_user` (`id`)
) ENGINE=InnoDB DEFAULT CHARSET=latin1;
/*!40101 SET character_set_client = @saved_cs_client */;

--
-- Dumping data for table `django_admin_log`
--

LOCK TABLES `django_admin_log` WRITE;
/*!40000 ALTER TABLE `django_admin_log` DISABLE KEYS */;
/*!40000 ALTER TABLE `django_admin_log` ENABLE KEYS */;
UNLOCK TABLES;

--
-- Table structure for table `django_content_type`
--

DROP TABLE IF EXISTS `django_content_type`;
/*!40101 SET @saved_cs_client     = @@character_set_client */;
/*!50503 SET character_set_client = utf8mb4 */;
CREATE TABLE `django_content_type` (
  `id` int NOT NULL AUTO_INCREMENT,
  `app_label` varchar(100) NOT NULL,
  `model` varchar(100) NOT NULL,
  PRIMARY KEY (`id`),
  UNIQUE KEY `django_content_type_app_label_model_76bd3d3b_uniq` (`app_label`,`model`)
) ENGINE=InnoDB AUTO_INCREMENT=7 DEFAULT CHARSET=latin1;
/*!40101 SET character_set_client = @saved_cs_client */;

--
-- Dumping data for table `django_content_type`
--

LOCK TABLES `django_content_type` WRITE;
/*!40000 ALTER TABLE `django_content_type` DISABLE KEYS */;
INSERT INTO `django_content_type` VALUES (1,'admin','logentry'),(3,'auth','group'),(2,'auth','permission'),(4,'auth','user'),(5,'contenttypes','contenttype'),(6,'sessions','session');
/*!40000 ALTER TABLE `django_content_type` ENABLE KEYS */;
UNLOCK TABLES;

--
-- Table structure for table `django_migrations`
--

DROP TABLE IF EXISTS `django_migrations`;
/*!40101 SET @saved_cs_client     = @@character_set_client */;
/*!50503 SET character_set_client = utf8mb4 */;
CREATE TABLE `django_migrations` (
  `id` int NOT NULL AUTO_INCREMENT,
  `app` varchar(255) NOT NULL,
  `name` varchar(255) NOT NULL,
  `applied` datetime(6) NOT NULL,
  PRIMARY KEY (`id`)
) ENGINE=InnoDB AUTO_INCREMENT=16 DEFAULT CHARSET=latin1;
/*!40101 SET character_set_client = @saved_cs_client */;

--
-- Dumping data for table `django_migrations`
--

LOCK TABLES `django_migrations` WRITE;
/*!40000 ALTER TABLE `django_migrations` DISABLE KEYS */;
INSERT INTO `django_migrations` VALUES (1,'contenttypes','0001_initial','2020-03-09 23:45:06.538733'),(2,'auth','0001_initial','2020-03-09 23:45:10.018233'),(3,'admin','0001_initial','2020-03-09 23:45:11.118233'),(4,'admin','0002_logentry_remove_auto_add','2020-03-09 23:45:11.139233'),(5,'admin','0003_logentry_add_action_flag_choices','2020-03-09 23:45:11.169233'),(6,'contenttypes','0002_remove_content_type_name','2020-03-09 23:45:11.498233'),(7,'auth','0002_alter_permission_name_max_length','2020-03-09 23:45:11.539233'),(8,'auth','0003_alter_user_email_max_length','2020-03-09 23:45:11.619233'),(9,'auth','0004_alter_user_username_opts','2020-03-09 23:45:11.629233'),(10,'auth','0005_alter_user_last_login_null','2020-03-09 23:45:11.770233'),(11,'auth','0006_require_contenttypes_0002','2020-03-09 23:45:11.810233'),(12,'auth','0007_alter_validators_add_error_messages','2020-03-09 23:45:11.820233'),(13,'auth','0008_alter_user_username_max_length','2020-03-09 23:45:11.831233'),(14,'auth','0009_alter_user_last_name_max_length','2020-03-09 23:45:11.949233'),(15,'sessions','0001_initial','2020-03-09 23:45:12.140233');
/*!40000 ALTER TABLE `django_migrations` ENABLE KEYS */;
UNLOCK TABLES;

--
-- Table structure for table `django_session`
--

DROP TABLE IF EXISTS `django_session`;
/*!40101 SET @saved_cs_client     = @@character_set_client */;
/*!50503 SET character_set_client = utf8mb4 */;
CREATE TABLE `django_session` (
  `session_key` varchar(40) NOT NULL,
  `session_data` longtext NOT NULL,
  `expire_date` datetime(6) NOT NULL,
  PRIMARY KEY (`session_key`),
  KEY `django_session_expire_date_a5c62663` (`expire_date`)
) ENGINE=InnoDB DEFAULT CHARSET=latin1;
/*!40101 SET character_set_client = @saved_cs_client */;

--
-- Dumping data for table `django_session`
--

LOCK TABLES `django_session` WRITE;
/*!40000 ALTER TABLE `django_session` DISABLE KEYS */;
INSERT INTO `django_session` VALUES ('tyl1c5xdi2x8x2jwg76rgv4m7k8zrh9f','Y2FhMTEwYWE3NTdhZjlkMTFkYzhlMDM0OGM4NTU4YzVjZGQwZDM0Njp7Il9hdXRoX3VzZXJfaWQiOiIxIiwiX2F1dGhfdXNlcl9iYWNrZW5kIjoiZGphbmdvLmNvbnRyaWIuYXV0aC5iYWNrZW5kcy5Nb2RlbEJhY2tlbmQiLCJfYXV0aF91c2VyX2hhc2giOiJmMzIyNjA4ZWY3OTQ5MWYwMTUwOGMyMDFlMDIzZmRjNjI3MTU4N2IzIn0=','2020-11-02 22:21:14.400992');
/*!40000 ALTER TABLE `django_session` ENABLE KEYS */;
UNLOCK TABLES;

--
-- Table structure for table `initialgoalparameter`
--

DROP TABLE IF EXISTS `initialgoalparameter`;
/*!40101 SET @saved_cs_client     = @@character_set_client */;
/*!50503 SET character_set_client = utf8mb4 */;
CREATE TABLE `initialgoalparameter` (
  `transactionID` bigint NOT NULL,
  `iorg` varchar(10) NOT NULL,
  `parameterID` varchar(10) NOT NULL,
  PRIMARY KEY (`transactionID`,`iorg`,`parameterID`),
  KEY `knowledgeID` (`parameterID`),
  CONSTRAINT `initialgoalparameter_ibfk_1` FOREIGN KEY (`parameterID`) REFERENCES `parameterlist` (`parameterID`)
) ENGINE=InnoDB DEFAULT CHARSET=latin1;
/*!40101 SET character_set_client = @saved_cs_client */;

--
-- Dumping data for table `initialgoalparameter`
--

LOCK TABLES `initialgoalparameter` WRITE;
/*!40000 ALTER TABLE `initialgoalparameter` DISABLE KEYS */;
INSERT INTO `initialgoalparameter` VALUES (2,'G','p1'),(4,'I','p1'),(6,'I','p1'),(10,'I','p1'),(11,'I','p1'),(12,'G','p1'),(19,'G','p1'),(20,'I','p1'),(23,'I','p1'),(26,'G','p1'),(27,'I','p1'),(2,'I','p10'),(4,'G','p10'),(7,'G','p10'),(9,'I','p10'),(10,'I','p10'),(14,'I','p10'),(15,'G','p10'),(18,'I','p10'),(21,'I','p10'),(23,'G','p10'),(24,'G','p10'),(25,'I','p10'),(26,'I','p10'),(27,'G','p10'),(28,'I','p10'),(29,'I','p10'),(30,'G','p10'),(1,'I','p11'),(2,'I','p11'),(4,'G','p11'),(5,'G','p11'),(6,'I','p11'),(7,'I','p11'),(9,'I','p11'),(11,'G','p11'),(12,'I','p11'),(13,'I','p11'),(14,'I','p11'),(16,'I','p11'),(17,'I','p11'),(19,'G','p11'),(20,'I','p11'),(21,'I','p11'),(22,'I','p11'),(23,'I','p11'),(24,'G','p11'),(25,'I','p11'),(27,'I','p11'),(28,'G','p11'),(30,'G','p11'),(1,'G','p12'),(2,'G','p12'),(3,'I','p12'),(5,'G','p12'),(6,'I','p12'),(8,'G','p12'),(9,'I','p12'),(12,'I','p12'),(13,'I','p12'),(14,'G','p12'),(18,'I','p12'),(20,'G','p12'),(22,'I','p12'),(24,'I','p12'),(25,'G','p12'),(26,'I','p12'),(29,'G','p12'),(30,'I','p12'),(3,'G','p13'),(4,'I','p13'),(5,'G','p13'),(6,'I','p13'),(7,'G','p13'),(10,'I','p13'),(12,'I','p13'),(13,'I','p13'),(14,'I','p13'),(15,'G','p13'),(16,'I','p13'),(17,'I','p13'),(21,'G','p13'),(23,'G','p13'),(24,'G','p13'),(25,'G','p13'),(28,'G','p13'),(29,'G','p13'),(30,'G','p13'),(3,'G','p14'),(8,'G','p14'),(9,'I','p14'),(10,'G','p14'),(13,'G','p14'),(14,'I','p14'),(16,'I','p14'),(17,'G','p14'),(19,'I','p14'),(22,'G','p14'),(23,'I','p14'),(26,'G','p14'),(28,'G','p14'),(30,'G','p14'),(1,'I','p15'),(5,'I','p15'),(6,'I','p15'),(8,'G','p15'),(9,'I','p15'),(10,'G','p15'),(13,'I','p15'),(17,'I','p15'),(18,'I','p15'),(20,'G','p15'),(21,'I','p15'),(22,'I','p15'),(25,'G','p15'),(27,'G','p15'),(28,'G','p15'),(29,'I','p15'),(1,'G','p16'),(3,'G','p16'),(6,'I','p16'),(7,'I','p16'),(8,'I','p16'),(10,'I','p16'),(11,'I','p16'),(12,'G','p16'),(13,'I','p16'),(16,'I','p16'),(18,'I','p16'),(19,'I','p16'),(20,'I','p16'),(23,'I','p16'),(25,'I','p16'),(26,'I','p16'),(27,'I','p16'),(28,'I','p16'),(2,'I','p17'),(4,'I','p17'),(6,'G','p17'),(9,'G','p17'),(11,'G','p17'),(14,'G','p17'),(15,'G','p17'),(16,'I','p17'),(17,'I','p17'),(18,'I','p17'),(19,'I','p17'),(20,'I','p17'),(21,'I','p17'),(24,'I','p17'),(25,'I','p17'),(26,'I','p17'),(27,'I','p17'),(28,'G','p17'),(29,'G','p17'),(30,'I','p17'),(2,'I','p18'),(3,'G','p18'),(7,'I','p18'),(10,'G','p18'),(14,'I','p18'),(15,'I','p18'),(16,'G','p18'),(18,'G','p18'),(21,'G','p18'),(22,'I','p18'),(24,'G','p18'),(25,'G','p18'),(28,'I','p18'),(29,'I','p18'),(30,'I','p18'),(5,'I','p19'),(6,'I','p19'),(11,'I','p19'),(13,'G','p19'),(14,'I','p19'),(16,'I','p19'),(17,'G','p19'),(18,'I','p19'),(19,'G','p19'),(20,'G','p19'),(21,'I','p19'),(22,'I','p19'),(23,'I','p19'),(24,'I','p19'),(27,'I','p19'),(28,'I','p19'),(30,'I','p19'),(3,'G','p2'),(4,'I','p2'),(5,'I','p2'),(6,'I','p2'),(7,'I','p2'),(8,'I','p2'),(9,'G','p2'),(15,'I','p2'),(16,'I','p2'),(17,'G','p2'),(18,'G','p2'),(19,'I','p2'),(20,'I','p2'),(21,'G','p2'),(24,'I','p2'),(28,'G','p2'),(29,'I','p2'),(30,'I','p2'),(1,'I','p20'),(2,'G','p20'),(4,'I','p20'),(5,'I','p20'),(7,'I','p20'),(9,'I','p20'),(10,'I','p20'),(11,'I','p20'),(15,'I','p20'),(16,'I','p20'),(17,'I','p20'),(18,'I','p20'),(19,'G','p20'),(20,'I','p20'),(21,'I','p20'),(23,'I','p20'),(26,'G','p20'),(27,'I','p20'),(28,'I','p20'),(29,'G','p20'),(30,'G','p20'),(1,'I','p21'),(4,'I','p21'),(6,'G','p21'),(7,'G','p21'),(8,'G','p21'),(9,'G','p21'),(11,'G','p21'),(12,'G','p21'),(13,'G','p21'),(14,'G','p21'),(17,'I','p21'),(19,'G','p21'),(20,'I','p21'),(21,'G','p21'),(22,'I','p21'),(23,'I','p21'),(25,'I','p21'),(27,'G','p21'),(28,'I','p21'),(29,'I','p21'),(30,'I','p21'),(3,'I','p22'),(5,'I','p22'),(6,'G','p22'),(7,'I','p22'),(8,'I','p22'),(10,'G','p22'),(11,'I','p22'),(12,'I','p22'),(13,'I','p22'),(14,'I','p22'),(15,'I','p22'),(18,'G','p22'),(19,'I','p22'),(24,'I','p22'),(25,'G','p22'),(26,'G','p22'),(27,'G','p22'),(28,'G','p22'),(29,'G','p22'),(1,'I','p23'),(2,'G','p23'),(3,'I','p23'),(4,'G','p23'),(5,'I','p23'),(6,'I','p23'),(7,'G','p23'),(10,'I','p23'),(11,'I','p23'),(15,'I','p23'),(18,'I','p23'),(19,'I','p23'),(21,'I','p23'),(26,'I','p23'),(27,'I','p23'),(29,'I','p23'),(1,'G','p24'),(3,'I','p24'),(4,'I','p24'),(5,'G','p24'),(7,'G','p24'),(8,'I','p24'),(11,'I','p24'),(13,'I','p24'),(14,'G','p24'),(15,'I','p24'),(18,'G','p24'),(19,'I','p24'),(20,'I','p24'),(21,'G','p24'),(24,'I','p24'),(25,'I','p24'),(26,'I','p24'),(27,'I','p24'),(30,'I','p24'),(3,'I','p25'),(5,'G','p25'),(6,'G','p25'),(7,'I','p25'),(9,'I','p25'),(10,'I','p25'),(11,'I','p25'),(12,'I','p25'),(13,'G','p25'),(19,'I','p25'),(22,'G','p25'),(25,'G','p25'),(26,'I','p25'),(27,'G','p25'),(28,'I','p25'),(1,'I','p26'),(6,'I','p26'),(7,'G','p26'),(8,'G','p26'),(10,'I','p26'),(12,'G','p26'),(13,'I','p26'),(18,'I','p26'),(21,'I','p26'),(22,'G','p26'),(23,'I','p26'),(25,'I','p26'),(27,'I','p26'),(28,'I','p26'),(1,'G','p27'),(2,'I','p27'),(3,'G','p27'),(4,'I','p27'),(6,'I','p27'),(7,'G','p27'),(8,'I','p27'),(11,'I','p27'),(13,'G','p27'),(15,'G','p27'),(16,'I','p27'),(17,'I','p27'),(21,'I','p27'),(23,'I','p27'),(26,'I','p27'),(29,'I','p27'),(1,'I','p28'),(3,'G','p28'),(4,'I','p28'),(5,'I','p28'),(8,'I','p28'),(12,'I','p28'),(13,'I','p28'),(15,'I','p28'),(16,'G','p28'),(17,'I','p28'),(21,'G','p28'),(22,'G','p28'),(23,'I','p28'),(26,'I','p28'),(28,'I','p28'),(30,'I','p28'),(2,'I','p29'),(3,'I','p29'),(8,'I','p29'),(10,'G','p29'),(11,'I','p29'),(12,'I','p29'),(13,'I','p29'),(14,'G','p29'),(16,'G','p29'),(17,'I','p29'),(18,'I','p29'),(20,'I','p29'),(22,'G','p29'),(23,'G','p29'),(24,'I','p29'),(26,'G','p29'),(27,'G','p29'),(29,'I','p29'),(2,'I','p3'),(3,'I','p3'),(4,'I','p3'),(5,'I','p3'),(6,'G','p3'),(8,'I','p3'),(10,'I','p3'),(12,'I','p3'),(13,'I','p3'),(14,'G','p3'),(15,'I','p3'),(17,'G','p3'),(20,'I','p3'),(21,'I','p3'),(22,'G','p3'),(26,'I','p3'),(27,'G','p3'),(30,'I','p3'),(1,'I','p30'),(2,'I','p30'),(3,'I','p30'),(4,'G','p30'),(5,'G','p30'),(6,'I','p30'),(9,'I','p30'),(12,'G','p30'),(14,'I','p30'),(15,'I','p30'),(19,'I','p30'),(22,'I','p30'),(25,'G','p30'),(27,'I','p30'),(1,'I','p31'),(2,'G','p31'),(4,'I','p31'),(8,'I','p31'),(9,'I','p31'),(10,'I','p31'),(11,'G','p31'),(12,'I','p31'),(13,'G','p31'),(14,'I','p31'),(15,'I','p31'),(17,'I','p31'),(21,'G','p31'),(22,'I','p31'),(23,'G','p31'),(24,'G','p31'),(25,'G','p31'),(30,'I','p31'),(1,'G','p32'),(2,'I','p32'),(4,'I','p32'),(5,'I','p32'),(7,'I','p32'),(13,'I','p32'),(14,'I','p32'),(16,'G','p32'),(18,'G','p32'),(20,'G','p32'),(24,'G','p32'),(26,'I','p32'),(27,'I','p32'),(29,'I','p32'),(1,'I','p33'),(3,'I','p33'),(5,'I','p33'),(8,'I','p33'),(9,'G','p33'),(10,'G','p33'),(13,'I','p33'),(16,'I','p33'),(19,'I','p33'),(20,'G','p33'),(21,'I','p33'),(22,'I','p33'),(23,'G','p33'),(24,'I','p33'),(26,'I','p33'),(27,'G','p33'),(28,'I','p33'),(30,'I','p33'),(5,'G','p34'),(7,'I','p34'),(9,'I','p34'),(11,'G','p34'),(12,'I','p34'),(14,'I','p34'),(15,'I','p34'),(17,'I','p34'),(18,'I','p34'),(20,'I','p34'),(22,'I','p34'),(27,'G','p34'),(29,'I','p34'),(30,'I','p34'),(3,'I','p35'),(6,'G','p35'),(8,'G','p35'),(9,'I','p35'),(10,'G','p35'),(11,'I','p35'),(12,'I','p35'),(15,'I','p35'),(19,'G','p35'),(20,'I','p35'),(22,'I','p35'),(24,'I','p35'),(25,'I','p35'),(26,'G','p35'),(27,'I','p35'),(30,'G','p35'),(2,'G','p36'),(3,'I','p36'),(4,'G','p36'),(5,'I','p36'),(8,'G','p36'),(10,'I','p36'),(13,'I','p36'),(14,'I','p36'),(16,'I','p36'),(17,'I','p36'),(20,'G','p36'),(22,'I','p36'),(23,'I','p36'),(25,'G','p36'),(28,'I','p36'),(29,'I','p36'),(30,'I','p36'),(2,'I','p37'),(3,'I','p37'),(4,'I','p37'),(5,'I','p37'),(6,'G','p37'),(9,'I','p37'),(11,'I','p37'),(12,'I','p37'),(14,'I','p37'),(16,'G','p37'),(17,'G','p37'),(18,'I','p37'),(20,'I','p37'),(25,'I','p37'),(26,'G','p37'),(28,'I','p37'),(2,'G','p38'),(3,'I','p38'),(4,'G','p38'),(7,'I','p38'),(8,'I','p38'),(9,'I','p38'),(10,'I','p38'),(12,'I','p38'),(16,'I','p38'),(17,'I','p38'),(18,'I','p38'),(22,'G','p38'),(23,'I','p38'),(24,'G','p38'),(27,'I','p38'),(28,'G','p38'),(29,'G','p38'),(30,'G','p38'),(1,'G','p39'),(2,'I','p39'),(3,'I','p39'),(4,'I','p39'),(5,'I','p39'),(6,'G','p39'),(7,'I','p39'),(8,'G','p39'),(15,'G','p39'),(16,'I','p39'),(17,'I','p39'),(20,'I','p39'),(22,'G','p39'),(23,'G','p39'),(24,'I','p39'),(26,'I','p39'),(30,'G','p39'),(2,'I','p4'),(3,'G','p4'),(8,'I','p4'),(9,'G','p4'),(10,'I','p4'),(12,'I','p4'),(13,'G','p4'),(16,'G','p4'),(17,'G','p4'),(18,'G','p4'),(21,'I','p4'),(22,'G','p4'),(23,'I','p4'),(24,'I','p4'),(26,'G','p4'),(27,'I','p4'),(28,'G','p4'),(1,'I','p40'),(7,'G','p40'),(8,'G','p40'),(9,'G','p40'),(10,'G','p40'),(11,'G','p40'),(12,'G','p40'),(14,'G','p40'),(15,'I','p40'),(16,'G','p40'),(18,'I','p40'),(19,'G','p40'),(23,'G','p40'),(24,'G','p40'),(29,'G','p40'),(1,'I','p41'),(5,'G','p41'),(7,'I','p41'),(8,'I','p41'),(9,'G','p41'),(10,'I','p41'),(15,'G','p41'),(16,'I','p41'),(19,'I','p41'),(20,'G','p41'),(21,'I','p41'),(23,'I','p41'),(27,'I','p41'),(29,'I','p41'),(1,'I','p42'),(2,'I','p42'),(3,'G','p42'),(4,'I','p42'),(6,'I','p42'),(7,'I','p42'),(9,'I','p42'),(11,'G','p42'),(12,'I','p42'),(13,'I','p42'),(17,'G','p42'),(18,'I','p42'),(19,'I','p42'),(21,'I','p42'),(22,'I','p42'),(23,'G','p42'),(24,'G','p42'),(25,'I','p42'),(29,'I','p42'),(4,'G','p43'),(6,'I','p43'),(7,'G','p43'),(8,'I','p43'),(11,'G','p43'),(12,'G','p43'),(15,'G','p43'),(16,'I','p43'),(19,'I','p43'),(20,'I','p43'),(23,'I','p43'),(25,'I','p43'),(28,'I','p43'),(29,'G','p43'),(30,'I','p43'),(2,'I','p44'),(5,'I','p44'),(6,'I','p44'),(9,'I','p44'),(10,'I','p44'),(12,'I','p44'),(14,'G','p44'),(15,'I','p44'),(16,'I','p44'),(20,'G','p44'),(21,'G','p44'),(23,'I','p44'),(24,'I','p44'),(25,'I','p44'),(27,'I','p44'),(28,'I','p44'),(1,'G','p45'),(2,'G','p45'),(4,'G','p45'),(9,'I','p45'),(10,'I','p45'),(20,'G','p45'),(22,'I','p45'),(25,'I','p45'),(28,'G','p45'),(29,'G','p45'),(1,'I','p46'),(4,'I','p46'),(5,'I','p46'),(7,'I','p46'),(11,'I','p46'),(13,'G','p46'),(14,'G','p46'),(15,'G','p46'),(18,'G','p46'),(19,'I','p46'),(23,'G','p46'),(24,'I','p46'),(25,'I','p46'),(1,'I','p47'),(5,'I','p47'),(6,'G','p47'),(11,'I','p47'),(14,'I','p47'),(17,'I','p47'),(18,'G','p47'),(22,'I','p47'),(24,'I','p47'),(25,'I','p47'),(26,'I','p47'),(29,'I','p47'),(30,'I','p47'),(1,'G','p48'),(2,'I','p48'),(3,'I','p48'),(9,'G','p48'),(11,'G','p48'),(12,'I','p48'),(14,'I','p48'),(15,'I','p48'),(19,'G','p48'),(21,'G','p48'),(22,'I','p48'),(24,'I','p48'),(25,'I','p48'),(26,'G','p48'),(29,'I','p48'),(1,'G','p49'),(3,'I','p49'),(4,'I','p49'),(5,'G','p49'),(6,'G','p49'),(7,'I','p49'),(8,'G','p49'),(9,'I','p49'),(11,'I','p49'),(13,'G','p49'),(14,'I','p49'),(16,'G','p49'),(17,'I','p49'),(19,'I','p49'),(20,'I','p49'),(21,'I','p49'),(22,'I','p49'),(23,'I','p49'),(24,'I','p49'),(25,'G','p49'),(26,'I','p49'),(28,'I','p49'),(30,'G','p49'),(7,'I','p5'),(9,'G','p5'),(10,'I','p5'),(12,'I','p5'),(13,'G','p5'),(14,'G','p5'),(15,'I','p5'),(16,'I','p5'),(17,'I','p5'),(18,'I','p5'),(21,'I','p5'),(24,'I','p5'),(28,'I','p5'),(29,'I','p5'),(30,'I','p5'),(1,'I','p50'),(2,'I','p50'),(3,'G','p50'),(5,'I','p50'),(6,'I','p50'),(7,'I','p50'),(8,'I','p50'),(10,'G','p50'),(11,'I','p50'),(12,'G','p50'),(14,'I','p50'),(15,'G','p50'),(16,'G','p50'),(17,'G','p50'),(19,'I','p50'),(21,'I','p50'),(24,'G','p50'),(27,'I','p50'),(29,'I','p50'),(1,'I','p6'),(2,'I','p6'),(3,'I','p6'),(4,'I','p6'),(8,'I','p6'),(9,'G','p6'),(11,'I','p6'),(15,'G','p6'),(17,'G','p6'),(18,'G','p6'),(19,'I','p6'),(20,'I','p6'),(22,'I','p6'),(26,'I','p6'),(27,'I','p6'),(28,'I','p6'),(1,'I','p7'),(2,'G','p7'),(4,'G','p7'),(6,'I','p7'),(11,'G','p7'),(13,'I','p7'),(15,'I','p7'),(16,'G','p7'),(18,'I','p7'),(19,'I','p7'),(21,'I','p7'),(23,'I','p7'),(24,'I','p7'),(26,'I','p7'),(29,'G','p7'),(30,'G','p7'),(2,'G','p8'),(3,'I','p8'),(4,'G','p8'),(5,'I','p8'),(7,'I','p8'),(8,'I','p8'),(9,'I','p8'),(10,'I','p8'),(12,'G','p8'),(13,'I','p8'),(16,'I','p8'),(17,'I','p8'),(18,'I','p8'),(19,'G','p8'),(20,'G','p8'),(21,'G','p8'),(22,'G','p8'),(23,'G','p8'),(25,'I','p8'),(26,'G','p8'),(27,'G','p8'),(29,'I','p8'),(30,'I','p8'),(1,'G','p9'),(2,'I','p9'),(5,'G','p9'),(6,'I','p9'),(7,'G','p9'),(8,'I','p9'),(10,'G','p9'),(11,'I','p9'),(12,'G','p9'),(13,'I','p9'),(14,'I','p9'),(15,'I','p9'),(17,'G','p9'),(18,'G','p9'),(19,'G','p9'),(20,'I','p9'),(25,'I','p9'),(26,'I','p9'),(28,'I','p9'),(30,'I','p9');
/*!40000 ALTER TABLE `initialgoalparameter` ENABLE KEYS */;
UNLOCK TABLES;

--
-- Table structure for table `inputparameter`
--

DROP TABLE IF EXISTS `inputparameter`;
/*!40101 SET @saved_cs_client     = @@character_set_client */;
/*!50503 SET character_set_client = utf8mb4 */;
CREATE TABLE `inputparameter` (
  `webServiceID` varchar(10) NOT NULL,
  `parameterID` varchar(10) NOT NULL,
  PRIMARY KEY (`webServiceID`,`parameterID`),
  KEY `knowledgeID` (`parameterID`)
) ENGINE=InnoDB DEFAULT CHARSET=latin1;
/*!40101 SET character_set_client = @saved_cs_client */;

--
-- Dumping data for table `inputparameter`
--

LOCK TABLES `inputparameter` WRITE;
/*!40000 ALTER TABLE `inputparameter` DISABLE KEYS */;
INSERT INTO `inputparameter` VALUES ('WSS1','p1'),('WSS121','p1'),('WSS123','p1'),('WSS125','p1'),('WSS137','p1'),('WSS145','p1'),('WSS148','p1'),('WSS160','p1'),('WSS169','p1'),('WSS219','p1'),('WSS231','p1'),('WSS245','p1'),('WSS260','p1'),('WSS261','p1'),('WSS298','p1'),('WSS333','p1'),('WSS339','p1'),('WSS365','p1'),('WSS372','p1'),('WSS386','p1'),('WSS388','p1'),('WSS390','p1'),('WSS393','p1'),('WSS398','p1'),('WSS400','p1'),('WSS413','p1'),('WSS458','p1'),('WSS50','p1'),('WSS512','p1'),('WSS525','p1'),('WSS530','p1'),('WSS534','p1'),('WSS537','p1'),('WSS545','p1'),('WSS551','p1'),('WSS563','p1'),('WSS603','p1'),('WSS632','p1'),('WSS638','p1'),('WSS647','p1'),('WSS694','p1'),('WSS705','p1'),('WSS71','p1'),('WSS722','p1'),('WSS74','p1'),('WSS758','p1'),('WSS768','p1'),('WSS791','p1'),('WSS822','p1'),('WSS830','p1'),('WSS862','p1'),('WSS888','p1'),('WSS896','p1'),('WSS921','p1'),('WSS923','p1'),('WSS926','p1'),('WSS939','p1'),('WSS954','p1'),('WSS966','p1'),('WSS987','p1'),('WSS992','p1'),('WSS109','p10'),('WSS128','p10'),('WSS13','p10'),('WSS143','p10'),('WSS153','p10'),('WSS167','p10'),('WSS170','p10'),('WSS177','p10'),('WSS187','p10'),('WSS19','p10'),('WSS200','p10'),('WSS211','p10'),('WSS219','p10'),('WSS227','p10'),('WSS229','p10'),('WSS239','p10'),('WSS256','p10'),('WSS274','p10'),('WSS279','p10'),('WSS28','p10'),('WSS289','p10'),('WSS291','p10'),('WSS306','p10'),('WSS311','p10'),('WSS329','p10'),('WSS330','p10'),('WSS348','p10'),('WSS357','p10'),('WSS362','p10'),('WSS369','p10'),('WSS395','p10'),('WSS401','p10'),('WSS403','p10'),('WSS421','p10'),('WSS434','p10'),('WSS440','p10'),('WSS468','p10'),('WSS480','p10'),('WSS495','p10'),('WSS508','p10'),('WSS546','p10'),('WSS553','p10'),('WSS593','p10'),('WSS632','p10'),('WSS635','p10'),('WSS644','p10'),('WSS646','p10'),('WSS652','p10'),('WSS68','p10'),('WSS681','p10'),('WSS73','p10'),('WSS754','p10'),('WSS755','p10'),('WSS77','p10'),('WSS790','p10'),('WSS815','p10'),('WSS818','p10'),('WSS820','p10'),('WSS842','p10'),('WSS85','p10'),('WSS852','p10'),('WSS860','p10'),('WSS898','p10'),('WSS906','p10'),('WSS911','p10'),('WSS926','p10'),('WSS95','p10'),('WSS99','p10'),('WSS996','p10'),('WSS115','p11'),('WSS119','p11'),('WSS175','p11'),('WSS197','p11'),('WSS27','p11'),('WSS285','p11'),('WSS30','p11'),('WSS302','p11'),('WSS349','p11'),('WSS386','p11'),('WSS413','p11'),('WSS454','p11'),('WSS49','p11'),('WSS545','p11'),('WSS562','p11'),('WSS565','p11'),('WSS589','p11'),('WSS594','p11'),('WSS596','p11'),('WSS6','p11'),('WSS60','p11'),('WSS610','p11'),('WSS633','p11'),('WSS636','p11'),('WSS654','p11'),('WSS656','p11'),('WSS680','p11'),('WSS692','p11'),('WSS713','p11'),('WSS749','p11'),('WSS750','p11'),('WSS767','p11'),('WSS772','p11'),('WSS774','p11'),('WSS775','p11'),('WSS776','p11'),('WSS781','p11'),('WSS783','p11'),('WSS800','p11'),('WSS801','p11'),('WSS805','p11'),('WSS807','p11'),('WSS811','p11'),('WSS814','p11'),('WSS832','p11'),('WSS869','p11'),('WSS874','p11'),('WSS881','p11'),('WSS895','p11'),('WSS900','p11'),('WSS919','p11'),('WSS935','p11'),('WSS954','p11'),('WSS970','p11'),('WSS983','p11'),('WSS984','p11'),('WSS989','p11'),('WSS1','p12'),('WSS139','p12'),('WSS153','p12'),('WSS156','p12'),('WSS16','p12'),('WSS167','p12'),('WSS173','p12'),('WSS179','p12'),('WSS252','p12'),('WSS273','p12'),('WSS29','p12'),('WSS294','p12'),('WSS295','p12'),('WSS301','p12'),('WSS338','p12'),('WSS352','p12'),('WSS4','p12'),('WSS412','p12'),('WSS424','p12'),('WSS428','p12'),('WSS449','p12'),('WSS471','p12'),('WSS489','p12'),('WSS525','p12'),('WSS555','p12'),('WSS558','p12'),('WSS568','p12'),('WSS588','p12'),('WSS621','p12'),('WSS622','p12'),('WSS660','p12'),('WSS663','p12'),('WSS704','p12'),('WSS730','p12'),('WSS745','p12'),('WSS747','p12'),('WSS753','p12'),('WSS768','p12'),('WSS781','p12'),('WSS803','p12'),('WSS84','p12'),('WSS861','p12'),('WSS872','p12'),('WSS874','p12'),('WSS892','p12'),('WSS899','p12'),('WSS920','p12'),('WSS962','p12'),('WSS989','p12'),('WSS99','p12'),('WSS10','p13'),('WSS117','p13'),('WSS118','p13'),('WSS138','p13'),('WSS164','p13'),('WSS176','p13'),('WSS193','p13'),('WSS218','p13'),('WSS237','p13'),('WSS240','p13'),('WSS264','p13'),('WSS28','p13'),('WSS315','p13'),('WSS319','p13'),('WSS327','p13'),('WSS331','p13'),('WSS34','p13'),('WSS352','p13'),('WSS359','p13'),('WSS365','p13'),('WSS366','p13'),('WSS367','p13'),('WSS381','p13'),('WSS405','p13'),('WSS406','p13'),('WSS407','p13'),('WSS415','p13'),('WSS427','p13'),('WSS446','p13'),('WSS45','p13'),('WSS476','p13'),('WSS497','p13'),('WSS499','p13'),('WSS520','p13'),('WSS534','p13'),('WSS535','p13'),('WSS542','p13'),('WSS556','p13'),('WSS565','p13'),('WSS570','p13'),('WSS573','p13'),('WSS579','p13'),('WSS58','p13'),('WSS604','p13'),('WSS682','p13'),('WSS685','p13'),('WSS687','p13'),('WSS701','p13'),('WSS713','p13'),('WSS740','p13'),('WSS742','p13'),('WSS745','p13'),('WSS753','p13'),('WSS767','p13'),('WSS772','p13'),('WSS779','p13'),('WSS810','p13'),('WSS823','p13'),('WSS833','p13'),('WSS835','p13'),('WSS856','p13'),('WSS880','p13'),('WSS92','p13'),('WSS932','p13'),('WSS946','p13'),('WSS978','p13'),('WSS999','p13'),('WSS108','p14'),('WSS189','p14'),('WSS190','p14'),('WSS206','p14'),('WSS21','p14'),('WSS213','p14'),('WSS214','p14'),('WSS233','p14'),('WSS238','p14'),('WSS254','p14'),('WSS281','p14'),('WSS283','p14'),('WSS289','p14'),('WSS290','p14'),('WSS292','p14'),('WSS308','p14'),('WSS31','p14'),('WSS322','p14'),('WSS324','p14'),('WSS33','p14'),('WSS335','p14'),('WSS34','p14'),('WSS376','p14'),('WSS397','p14'),('WSS436','p14'),('WSS499','p14'),('WSS529','p14'),('WSS536','p14'),('WSS544','p14'),('WSS574','p14'),('WSS577','p14'),('WSS578','p14'),('WSS587','p14'),('WSS598','p14'),('WSS615','p14'),('WSS619','p14'),('WSS630','p14'),('WSS635','p14'),('WSS646','p14'),('WSS670','p14'),('WSS68','p14'),('WSS680','p14'),('WSS760','p14'),('WSS780','p14'),('WSS80','p14'),('WSS860','p14'),('WSS862','p14'),('WSS867','p14'),('WSS876','p14'),('WSS91','p14'),('WSS914','p14'),('WSS943','p14'),('WSS947','p14'),('WSS952','p14'),('WSS999','p14'),('WSS112','p15'),('WSS137','p15'),('WSS163','p15'),('WSS178','p15'),('WSS182','p15'),('WSS187','p15'),('WSS210','p15'),('WSS227','p15'),('WSS255','p15'),('WSS256','p15'),('WSS26','p15'),('WSS281','p15'),('WSS296','p15'),('WSS313','p15'),('WSS337','p15'),('WSS346','p15'),('WSS348','p15'),('WSS368','p15'),('WSS379','p15'),('WSS381','p15'),('WSS384','p15'),('WSS410','p15'),('WSS426','p15'),('WSS437','p15'),('WSS442','p15'),('WSS451','p15'),('WSS473','p15'),('WSS481','p15'),('WSS490','p15'),('WSS523','p15'),('WSS547','p15'),('WSS550','p15'),('WSS590','p15'),('WSS593','p15'),('WSS611','p15'),('WSS628','p15'),('WSS664','p15'),('WSS686','p15'),('WSS699','p15'),('WSS706','p15'),('WSS71','p15'),('WSS716','p15'),('WSS736','p15'),('WSS758','p15'),('WSS761','p15'),('WSS762','p15'),('WSS784','p15'),('WSS793','p15'),('WSS812','p15'),('WSS816','p15'),('WSS826','p15'),('WSS83','p15'),('WSS834','p15'),('WSS845','p15'),('WSS852','p15'),('WSS918','p15'),('WSS934','p15'),('WSS936','p15'),('WSS950','p15'),('WSS952','p15'),('WSS958','p15'),('WSS963','p15'),('WSS100','p16'),('WSS114','p16'),('WSS16','p16'),('WSS174','p16'),('WSS185','p16'),('WSS213','p16'),('WSS230','p16'),('WSS241','p16'),('WSS253','p16'),('WSS258','p16'),('WSS270','p16'),('WSS271','p16'),('WSS307','p16'),('WSS321','p16'),('WSS350','p16'),('WSS382','p16'),('WSS385','p16'),('WSS397','p16'),('WSS400','p16'),('WSS414','p16'),('WSS421','p16'),('WSS465','p16'),('WSS47','p16'),('WSS493','p16'),('WSS499','p16'),('WSS510','p16'),('WSS512','p16'),('WSS561','p16'),('WSS562','p16'),('WSS573','p16'),('WSS6','p16'),('WSS605','p16'),('WSS635','p16'),('WSS666','p16'),('WSS67','p16'),('WSS674','p16'),('WSS684','p16'),('WSS703','p16'),('WSS72','p16'),('WSS762','p16'),('WSS81','p16'),('WSS833','p16'),('WSS857','p16'),('WSS883','p16'),('WSS892','p16'),('WSS916','p16'),('WSS932','p16'),('WSS937','p16'),('WSS938','p16'),('WSS966','p16'),('WSS975','p16'),('WSS977','p16'),('WSS101','p17'),('WSS110','p17'),('WSS111','p17'),('WSS115','p17'),('WSS12','p17'),('WSS152','p17'),('WSS168','p17'),('WSS18','p17'),('WSS190','p17'),('WSS217','p17'),('WSS236','p17'),('WSS251','p17'),('WSS254','p17'),('WSS258','p17'),('WSS261','p17'),('WSS265','p17'),('WSS284','p17'),('WSS293','p17'),('WSS317','p17'),('WSS375','p17'),('WSS378','p17'),('WSS403','p17'),('WSS419','p17'),('WSS427','p17'),('WSS431','p17'),('WSS438','p17'),('WSS456','p17'),('WSS511','p17'),('WSS52','p17'),('WSS541','p17'),('WSS544','p17'),('WSS571','p17'),('WSS576','p17'),('WSS601','p17'),('WSS677','p17'),('WSS692','p17'),('WSS694','p17'),('WSS707','p17'),('WSS720','p17'),('WSS757','p17'),('WSS787','p17'),('WSS794','p17'),('WSS795','p17'),('WSS809','p17'),('WSS821','p17'),('WSS838','p17'),('WSS846','p17'),('WSS881','p17'),('WSS89','p17'),('WSS890','p17'),('WSS899','p17'),('WSS957','p17'),('WSS152','p18'),('WSS156','p18'),('WSS204','p18'),('WSS212','p18'),('WSS225','p18'),('WSS250','p18'),('WSS260','p18'),('WSS290','p18'),('WSS293','p18'),('WSS317','p18'),('WSS322','p18'),('WSS324','p18'),('WSS332','p18'),('WSS344','p18'),('WSS361','p18'),('WSS376','p18'),('WSS378','p18'),('WSS400','p18'),('WSS405','p18'),('WSS410','p18'),('WSS437','p18'),('WSS438','p18'),('WSS450','p18'),('WSS463','p18'),('WSS467','p18'),('WSS500','p18'),('WSS506','p18'),('WSS508','p18'),('WSS524','p18'),('WSS584','p18'),('WSS610','p18'),('WSS620','p18'),('WSS667','p18'),('WSS668','p18'),('WSS698','p18'),('WSS702','p18'),('WSS703','p18'),('WSS707','p18'),('WSS743','p18'),('WSS748','p18'),('WSS753','p18'),('WSS779','p18'),('WSS81','p18'),('WSS844','p18'),('WSS845','p18'),('WSS855','p18'),('WSS86','p18'),('WSS861','p18'),('WSS865','p18'),('WSS885','p18'),('WSS911','p18'),('WSS93','p18'),('WSS960','p18'),('WSS12','p19'),('WSS126','p19'),('WSS134','p19'),('WSS14','p19'),('WSS148','p19'),('WSS151','p19'),('WSS155','p19'),('WSS170','p19'),('WSS181','p19'),('WSS198','p19'),('WSS21','p19'),('WSS211','p19'),('WSS27','p19'),('WSS270','p19'),('WSS277','p19'),('WSS290','p19'),('WSS312','p19'),('WSS321','p19'),('WSS324','p19'),('WSS331','p19'),('WSS337','p19'),('WSS351','p19'),('WSS361','p19'),('WSS385','p19'),('WSS386','p19'),('WSS407','p19'),('WSS415','p19'),('WSS416','p19'),('WSS423','p19'),('WSS449','p19'),('WSS452','p19'),('WSS460','p19'),('WSS468','p19'),('WSS470','p19'),('WSS484','p19'),('WSS506','p19'),('WSS511','p19'),('WSS514','p19'),('WSS528','p19'),('WSS53','p19'),('WSS531','p19'),('WSS543','p19'),('WSS58','p19'),('WSS59','p19'),('WSS596','p19'),('WSS608','p19'),('WSS612','p19'),('WSS647','p19'),('WSS665','p19'),('WSS676','p19'),('WSS699','p19'),('WSS710','p19'),('WSS711','p19'),('WSS718','p19'),('WSS724','p19'),('WSS73','p19'),('WSS739','p19'),('WSS752','p19'),('WSS755','p19'),('WSS759','p19'),('WSS767','p19'),('WSS787','p19'),('WSS793','p19'),('WSS879','p19'),('WSS88','p19'),('WSS883','p19'),('WSS898','p19'),('WSS923','p19'),('WSS949','p19'),('WSS95','p19'),('WSS977','p19'),('WSS104','p2'),('WSS110','p2'),('WSS119','p2'),('WSS123','p2'),('WSS149','p2'),('WSS17','p2'),('WSS180','p2'),('WSS183','p2'),('WSS241','p2'),('WSS263','p2'),('WSS285','p2'),('WSS299','p2'),('WSS300','p2'),('WSS301','p2'),('WSS325','p2'),('WSS329','p2'),('WSS330','p2'),('WSS347','p2'),('WSS35','p2'),('WSS4','p2'),('WSS429','p2'),('WSS463','p2'),('WSS483','p2'),('WSS486','p2'),('WSS487','p2'),('WSS548','p2'),('WSS550','p2'),('WSS561','p2'),('WSS592','p2'),('WSS62','p2'),('WSS649','p2'),('WSS65','p2'),('WSS665','p2'),('WSS671','p2'),('WSS685','p2'),('WSS688','p2'),('WSS723','p2'),('WSS730','p2'),('WSS748','p2'),('WSS766','p2'),('WSS769','p2'),('WSS787','p2'),('WSS799','p2'),('WSS805','p2'),('WSS821','p2'),('WSS845','p2'),('WSS854','p2'),('WSS861','p2'),('WSS866','p2'),('WSS888','p2'),('WSS911','p2'),('WSS981','p2'),('WSS996','p2'),('WSS997','p2'),('WSS105','p20'),('WSS136','p20'),('WSS171','p20'),('WSS206','p20'),('WSS208','p20'),('WSS243','p20'),('WSS246','p20'),('WSS26','p20'),('WSS278','p20'),('WSS286','p20'),('WSS307','p20'),('WSS333','p20'),('WSS338','p20'),('WSS343','p20'),('WSS371','p20'),('WSS373','p20'),('WSS390','p20'),('WSS392','p20'),('WSS405','p20'),('WSS453','p20'),('WSS455','p20'),('WSS466','p20'),('WSS467','p20'),('WSS485','p20'),('WSS54','p20'),('WSS581','p20'),('WSS59','p20'),('WSS611','p20'),('WSS618','p20'),('WSS624','p20'),('WSS63','p20'),('WSS636','p20'),('WSS639','p20'),('WSS657','p20'),('WSS66','p20'),('WSS679','p20'),('WSS697','p20'),('WSS708','p20'),('WSS779','p20'),('WSS793','p20'),('WSS796','p20'),('WSS819','p20'),('WSS836','p20'),('WSS871','p20'),('WSS894','p20'),('WSS925','p20'),('WSS95','p20'),('WSS991','p20'),('WSS994','p20'),('WSS1000','p21'),('WSS106','p21'),('WSS107','p21'),('WSS141','p21'),('WSS157','p21'),('WSS199','p21'),('WSS210','p21'),('WSS232','p21'),('WSS235','p21'),('WSS24','p21'),('WSS267','p21'),('WSS339','p21'),('WSS347','p21'),('WSS350','p21'),('WSS360','p21'),('WSS391','p21'),('WSS394','p21'),('WSS422','p21'),('WSS426','p21'),('WSS460','p21'),('WSS511','p21'),('WSS513','p21'),('WSS527','p21'),('WSS533','p21'),('WSS536','p21'),('WSS538','p21'),('WSS540','p21'),('WSS553','p21'),('WSS556','p21'),('WSS577','p21'),('WSS587','p21'),('WSS592','p21'),('WSS616','p21'),('WSS617','p21'),('WSS661','p21'),('WSS707','p21'),('WSS715','p21'),('WSS72','p21'),('WSS737','p21'),('WSS777','p21'),('WSS802','p21'),('WSS806','p21'),('WSS807','p21'),('WSS808','p21'),('WSS813','p21'),('WSS824','p21'),('WSS847','p21'),('WSS853','p21'),('WSS878','p21'),('WSS881','p21'),('WSS897','p21'),('WSS899','p21'),('WSS916','p21'),('WSS922','p21'),('WSS927','p21'),('WSS930','p21'),('WSS937','p21'),('WSS956','p21'),('WSS958','p21'),('WSS97','p21'),('WSS986','p21'),('WSS11','p22'),('WSS126','p22'),('WSS128','p22'),('WSS146','p22'),('WSS15','p22'),('WSS157','p22'),('WSS158','p22'),('WSS160','p22'),('WSS173','p22'),('WSS174','p22'),('WSS184','p22'),('WSS193','p22'),('WSS194','p22'),('WSS252','p22'),('WSS266','p22'),('WSS275','p22'),('WSS284','p22'),('WSS30','p22'),('WSS315','p22'),('WSS323','p22'),('WSS380','p22'),('WSS393','p22'),('WSS40','p22'),('WSS404','p22'),('WSS416','p22'),('WSS418','p22'),('WSS442','p22'),('WSS447','p22'),('WSS454','p22'),('WSS48','p22'),('WSS498','p22'),('WSS515','p22'),('WSS546','p22'),('WSS547','p22'),('WSS575','p22'),('WSS576','p22'),('WSS595','p22'),('WSS603','p22'),('WSS606','p22'),('WSS612','p22'),('WSS614','p22'),('WSS641','p22'),('WSS658','p22'),('WSS665','p22'),('WSS669','p22'),('WSS700','p22'),('WSS739','p22'),('WSS74','p22'),('WSS800','p22'),('WSS829','p22'),('WSS832','p22'),('WSS84','p22'),('WSS851','p22'),('WSS869','p22'),('WSS90','p22'),('WSS908','p22'),('WSS951','p22'),('WSS976','p22'),('WSS136','p23'),('WSS14','p23'),('WSS140','p23'),('WSS147','p23'),('WSS191','p23'),('WSS22','p23'),('WSS23','p23'),('WSS251','p23'),('WSS262','p23'),('WSS282','p23'),('WSS329','p23'),('WSS33','p23'),('WSS336','p23'),('WSS352','p23'),('WSS36','p23'),('WSS367','p23'),('WSS43','p23'),('WSS44','p23'),('WSS448','p23'),('WSS477','p23'),('WSS483','p23'),('WSS488','p23'),('WSS503','p23'),('WSS507','p23'),('WSS51','p23'),('WSS526','p23'),('WSS538','p23'),('WSS560','p23'),('WSS576','p23'),('WSS582','p23'),('WSS588','p23'),('WSS604','p23'),('WSS631','p23'),('WSS637','p23'),('WSS643','p23'),('WSS660','p23'),('WSS675','p23'),('WSS691','p23'),('WSS702','p23'),('WSS727','p23'),('WSS738','p23'),('WSS74','p23'),('WSS749','p23'),('WSS755','p23'),('WSS78','p23'),('WSS8','p23'),('WSS802','p23'),('WSS808','p23'),('WSS809','p23'),('WSS813','p23'),('WSS877','p23'),('WSS897','p23'),('WSS905','p23'),('WSS949','p23'),('WSS956','p23'),('WSS988','p23'),('WSS131','p24'),('WSS132','p24'),('WSS139','p24'),('WSS181','p24'),('WSS19','p24'),('WSS206','p24'),('WSS222','p24'),('WSS225','p24'),('WSS246','p24'),('WSS250','p24'),('WSS264','p24'),('WSS268','p24'),('WSS291','p24'),('WSS315','p24'),('WSS335','p24'),('WSS336','p24'),('WSS343','p24'),('WSS348','p24'),('WSS351','p24'),('WSS355','p24'),('WSS359','p24'),('WSS394','p24'),('WSS406','p24'),('WSS425','p24'),('WSS432','p24'),('WSS457','p24'),('WSS50','p24'),('WSS512','p24'),('WSS516','p24'),('WSS534','p24'),('WSS54','p24'),('WSS543','p24'),('WSS562','p24'),('WSS570','p24'),('WSS585','p24'),('WSS607','p24'),('WSS655','p24'),('WSS673','p24'),('WSS693','p24'),('WSS717','p24'),('WSS725','p24'),('WSS736','p24'),('WSS746','p24'),('WSS75','p24'),('WSS770','p24'),('WSS772','p24'),('WSS799','p24'),('WSS848','p24'),('WSS877','p24'),('WSS886','p24'),('WSS895','p24'),('WSS9','p24'),('WSS909','p24'),('WSS918','p24'),('WSS940','p24'),('WSS943','p24'),('WSS97','p24'),('WSS979','p24'),('WSS989','p24'),('WSS993','p24'),('WSS109','p25'),('WSS124','p25'),('WSS140','p25'),('WSS155','p25'),('WSS18','p25'),('WSS191','p25'),('WSS258','p25'),('WSS260','p25'),('WSS261','p25'),('WSS314','p25'),('WSS32','p25'),('WSS332','p25'),('WSS339','p25'),('WSS341','p25'),('WSS363','p25'),('WSS391','p25'),('WSS432','p25'),('WSS46','p25'),('WSS480','p25'),('WSS502','p25'),('WSS514','p25'),('WSS542','p25'),('WSS544','p25'),('WSS56','p25'),('WSS571','p25'),('WSS578','p25'),('WSS584','p25'),('WSS59','p25'),('WSS591','p25'),('WSS651','p25'),('WSS675','p25'),('WSS677','p25'),('WSS685','p25'),('WSS689','p25'),('WSS7','p25'),('WSS742','p25'),('WSS747','p25'),('WSS790','p25'),('WSS824','p25'),('WSS834','p25'),('WSS863','p25'),('WSS905','p25'),('WSS913','p25'),('WSS93','p25'),('WSS931','p25'),('WSS933','p25'),('WSS935','p25'),('WSS94','p25'),('WSS950','p25'),('WSS953','p25'),('WSS955','p25'),('WSS960','p25'),('WSS107','p26'),('WSS141','p26'),('WSS184','p26'),('WSS188','p26'),('WSS19','p26'),('WSS203','p26'),('WSS220','p26'),('WSS226','p26'),('WSS238','p26'),('WSS248','p26'),('WSS319','p26'),('WSS354','p26'),('WSS360','p26'),('WSS39','p26'),('WSS412','p26'),('WSS444','p26'),('WSS450','p26'),('WSS452','p26'),('WSS462','p26'),('WSS473','p26'),('WSS485','p26'),('WSS492','p26'),('WSS494','p26'),('WSS503','p26'),('WSS504','p26'),('WSS530','p26'),('WSS548','p26'),('WSS57','p26'),('WSS579','p26'),('WSS588','p26'),('WSS612','p26'),('WSS613','p26'),('WSS65','p26'),('WSS652','p26'),('WSS653','p26'),('WSS676','p26'),('WSS698','p26'),('WSS710','p26'),('WSS728','p26'),('WSS730','p26'),('WSS756','p26'),('WSS763','p26'),('WSS783','p26'),('WSS804','p26'),('WSS823','p26'),('WSS840','p26'),('WSS846','p26'),('WSS865','p26'),('WSS873','p26'),('WSS878','p26'),('WSS88','p26'),('WSS903','p26'),('WSS910','p26'),('WSS919','p26'),('WSS920','p26'),('WSS935','p26'),('WSS941','p26'),('WSS966','p26'),('WSS968','p26'),('WSS119','p27'),('WSS122','p27'),('WSS147','p27'),('WSS180','p27'),('WSS182','p27'),('WSS189','p27'),('WSS201','p27'),('WSS280','p27'),('WSS32','p27'),('WSS325','p27'),('WSS353','p27'),('WSS365','p27'),('WSS414','p27'),('WSS419','p27'),('WSS426','p27'),('WSS430','p27'),('WSS432','p27'),('WSS439','p27'),('WSS447','p27'),('WSS458','p27'),('WSS469','p27'),('WSS482','p27'),('WSS505','p27'),('WSS508','p27'),('WSS510','p27'),('WSS515','p27'),('WSS531','p27'),('WSS536','p27'),('WSS538','p27'),('WSS565','p27'),('WSS566','p27'),('WSS595','p27'),('WSS613','p27'),('WSS622','p27'),('WSS63','p27'),('WSS639','p27'),('WSS657','p27'),('WSS683','p27'),('WSS686','p27'),('WSS692','p27'),('WSS709','p27'),('WSS714','p27'),('WSS723','p27'),('WSS725','p27'),('WSS727','p27'),('WSS748','p27'),('WSS76','p27'),('WSS771','p27'),('WSS792','p27'),('WSS798','p27'),('WSS826','p27'),('WSS84','p27'),('WSS851','p27'),('WSS870','p27'),('WSS88','p27'),('WSS908','p27'),('WSS936','p27'),('WSS945','p27'),('WSS947','p27'),('WSS962','p27'),('WSS972','p27'),('WSS978','p27'),('WSS990','p27'),('WSS11','p28'),('WSS115','p28'),('WSS125','p28'),('WSS150','p28'),('WSS171','p28'),('WSS202','p28'),('WSS204','p28'),('WSS224','p28'),('WSS231','p28'),('WSS244','p28'),('WSS252','p28'),('WSS273','p28'),('WSS280','p28'),('WSS302','p28'),('WSS303','p28'),('WSS328','p28'),('WSS335','p28'),('WSS368','p28'),('WSS384','p28'),('WSS402','p28'),('WSS414','p28'),('WSS418','p28'),('WSS419','p28'),('WSS454','p28'),('WSS516','p28'),('WSS528','p28'),('WSS53','p28'),('WSS600','p28'),('WSS631','p28'),('WSS637','p28'),('WSS64','p28'),('WSS652','p28'),('WSS653','p28'),('WSS661','p28'),('WSS671','p28'),('WSS688','p28'),('WSS690','p28'),('WSS706','p28'),('WSS716','p28'),('WSS721','p28'),('WSS734','p28'),('WSS761','p28'),('WSS766','p28'),('WSS773','p28'),('WSS776','p28'),('WSS777','p28'),('WSS797','p28'),('WSS835','p28'),('WSS857','p28'),('WSS860','p28'),('WSS864','p28'),('WSS875','p28'),('WSS893','p28'),('WSS896','p28'),('WSS910','p28'),('WSS942','p28'),('WSS96','p28'),('WSS974','p28'),('WSS991','p28'),('WSS999','p28'),('WSS120','p29'),('WSS130','p29'),('WSS158','p29'),('WSS159','p29'),('WSS166','p29'),('WSS215','p29'),('WSS217','p29'),('WSS218','p29'),('WSS239','p29'),('WSS245','p29'),('WSS259','p29'),('WSS269','p29'),('WSS274','p29'),('WSS305','p29'),('WSS361','p29'),('WSS370','p29'),('WSS377','p29'),('WSS40','p29'),('WSS431','p29'),('WSS468','p29'),('WSS486','p29'),('WSS523','p29'),('WSS543','p29'),('WSS57','p29'),('WSS609','p29'),('WSS627','p29'),('WSS628','p29'),('WSS662','p29'),('WSS663','p29'),('WSS676','p29'),('WSS7','p29'),('WSS734','p29'),('WSS741','p29'),('WSS769','p29'),('WSS780','p29'),('WSS789','p29'),('WSS805','p29'),('WSS814','p29'),('WSS823','p29'),('WSS828','p29'),('WSS849','p29'),('WSS850','p29'),('WSS859','p29'),('WSS877','p29'),('WSS889','p29'),('WSS90','p29'),('WSS900','p29'),('WSS904','p29'),('WSS932','p29'),('WSS934','p29'),('WSS958','p29'),('WSS10','p3'),('WSS103','p3'),('WSS107','p3'),('WSS164','p3'),('WSS178','p3'),('WSS187','p3'),('WSS247','p3'),('WSS289','p3'),('WSS300','p3'),('WSS301','p3'),('WSS321','p3'),('WSS341','p3'),('WSS36','p3'),('WSS37','p3'),('WSS370','p3'),('WSS372','p3'),('WSS391','p3'),('WSS401','p3'),('WSS427','p3'),('WSS449','p3'),('WSS47','p3'),('WSS484','p3'),('WSS510','p3'),('WSS52','p3'),('WSS532','p3'),('WSS559','p3'),('WSS564','p3'),('WSS573','p3'),('WSS581','p3'),('WSS594','p3'),('WSS624','p3'),('WSS626','p3'),('WSS638','p3'),('WSS642','p3'),('WSS666','p3'),('WSS691','p3'),('WSS744','p3'),('WSS763','p3'),('WSS846','p3'),('WSS852','p3'),('WSS854','p3'),('WSS876','p3'),('WSS883','p3'),('WSS891','p3'),('WSS940','p3'),('WSS942','p3'),('WSS944','p3'),('WSS945','p3'),('WSS969','p3'),('WSS997','p3'),('WSS144','p30'),('WSS169','p30'),('WSS174','p30'),('WSS197','p30'),('WSS200','p30'),('WSS204','p30'),('WSS228','p30'),('WSS229','p30'),('WSS26','p30'),('WSS267','p30'),('WSS3','p30'),('WSS326','p30'),('WSS358','p30'),('WSS374','p30'),('WSS384','p30'),('WSS415','p30'),('WSS421','p30'),('WSS445','p30'),('WSS470','p30'),('WSS488','p30'),('WSS489','p30'),('WSS497','p30'),('WSS505','p30'),('WSS537','p30'),('WSS551','p30'),('WSS575','p30'),('WSS585','p30'),('WSS591','p30'),('WSS597','p30'),('WSS615','p30'),('WSS633','p30'),('WSS643','p30'),('WSS648','p30'),('WSS662','p30'),('WSS683','p30'),('WSS696','p30'),('WSS703','p30'),('WSS724','p30'),('WSS725','p30'),('WSS732','p30'),('WSS735','p30'),('WSS743','p30'),('WSS745','p30'),('WSS759','p30'),('WSS768','p30'),('WSS79','p30'),('WSS815','p30'),('WSS82','p30'),('WSS864','p30'),('WSS889','p30'),('WSS891','p30'),('WSS896','p30'),('WSS912','p30'),('WSS929','p30'),('WSS937','p30'),('WSS955','p30'),('WSS956','p30'),('WSS957','p30'),('WSS961','p30'),('WSS986','p30'),('WSS112','p31'),('WSS117','p31'),('WSS150','p31'),('WSS156','p31'),('WSS161','p31'),('WSS2','p31'),('WSS208','p31'),('WSS231','p31'),('WSS234','p31'),('WSS24','p31'),('WSS243','p31'),('WSS249','p31'),('WSS256','p31'),('WSS266','p31'),('WSS269','p31'),('WSS296','p31'),('WSS308','p31'),('WSS310','p31'),('WSS356','p31'),('WSS357','p31'),('WSS462','p31'),('WSS470','p31'),('WSS472','p31'),('WSS482','p31'),('WSS494','p31'),('WSS496','p31'),('WSS551','p31'),('WSS568','p31'),('WSS572','p31'),('WSS599','p31'),('WSS602','p31'),('WSS606','p31'),('WSS611','p31'),('WSS621','p31'),('WSS626','p31'),('WSS640','p31'),('WSS651','p31'),('WSS66','p31'),('WSS700','p31'),('WSS708','p31'),('WSS738','p31'),('WSS775','p31'),('WSS799','p31'),('WSS812','p31'),('WSS816','p31'),('WSS822','p31'),('WSS83','p31'),('WSS855','p31'),('WSS882','p31'),('WSS924','p31'),('WSS934','p31'),('WSS941','p31'),('WSS949','p31'),('WSS972','p31'),('WSS98','p31'),('WSS994','p31'),('WSS112','p32'),('WSS121','p32'),('WSS135','p32'),('WSS16','p32'),('WSS166','p32'),('WSS184','p32'),('WSS199','p32'),('WSS216','p32'),('WSS240','p32'),('WSS253','p32'),('WSS255','p32'),('WSS296','p32'),('WSS297','p32'),('WSS298','p32'),('WSS309','p32'),('WSS322','p32'),('WSS334','p32'),('WSS340','p32'),('WSS354','p32'),('WSS38','p32'),('WSS39','p32'),('WSS433','p32'),('WSS44','p32'),('WSS442','p32'),('WSS476','p32'),('WSS48','p32'),('WSS491','p32'),('WSS516','p32'),('WSS523','p32'),('WSS530','p32'),('WSS532','p32'),('WSS552','p32'),('WSS554','p32'),('WSS586','p32'),('WSS607','p32'),('WSS610','p32'),('WSS625','p32'),('WSS672','p32'),('WSS681','p32'),('WSS721','p32'),('WSS728','p32'),('WSS744','p32'),('WSS752','p32'),('WSS758','p32'),('WSS764','p32'),('WSS785','p32'),('WSS79','p32'),('WSS8','p32'),('WSS83','p32'),('WSS856','p32'),('WSS875','p32'),('WSS885','p32'),('WSS904','p32'),('WSS918','p32'),('WSS940','p32'),('WSS946','p32'),('WSS953','p32'),('WSS965','p32'),('WSS967','p32'),('WSS980','p32'),('WSS987','p32'),('WSS992','p32'),('WSS993','p32'),('WSS103','p33'),('WSS135','p33'),('WSS143','p33'),('WSS164','p33'),('WSS17','p33'),('WSS177','p33'),('WSS218','p33'),('WSS222','p33'),('WSS25','p33'),('WSS271','p33'),('WSS274','p33'),('WSS313','p33'),('WSS345','p33'),('WSS399','p33'),('WSS418','p33'),('WSS43','p33'),('WSS440','p33'),('WSS443','p33'),('WSS451','p33'),('WSS455','p33'),('WSS457','p33'),('WSS474','p33'),('WSS475','p33'),('WSS494','p33'),('WSS513','p33'),('WSS517','p33'),('WSS557','p33'),('WSS58','p33'),('WSS580','p33'),('WSS597','p33'),('WSS653','p33'),('WSS654','p33'),('WSS673','p33'),('WSS678','p33'),('WSS691','p33'),('WSS71','p33'),('WSS711','p33'),('WSS719','p33'),('WSS746','p33'),('WSS760','p33'),('WSS774','p33'),('WSS78','p33'),('WSS804','p33'),('WSS849','p33'),('WSS856','p33'),('WSS86','p33'),('WSS89','p33'),('WSS915','p33'),('WSS944','p33'),('WSS948','p33'),('WSS963','p33'),('WSS973','p33'),('WSS988','p33'),('WSS104','p34'),('WSS125','p34'),('WSS15','p34'),('WSS165','p34'),('WSS168','p34'),('WSS169','p34'),('WSS186','p34'),('WSS214','p34'),('WSS230','p34'),('WSS239','p34'),('WSS276','p34'),('WSS278','p34'),('WSS288','p34'),('WSS3','p34'),('WSS302','p34'),('WSS304','p34'),('WSS318','p34'),('WSS346','p34'),('WSS479','p34'),('WSS485','p34'),('WSS503','p34'),('WSS504','p34'),('WSS526','p34'),('WSS539','p34'),('WSS609','p34'),('WSS613','p34'),('WSS620','p34'),('WSS621','p34'),('WSS654','p34'),('WSS656','p34'),('WSS66','p34'),('WSS679','p34'),('WSS690','p34'),('WSS696','p34'),('WSS704','p34'),('WSS726','p34'),('WSS764','p34'),('WSS769','p34'),('WSS771','p34'),('WSS778','p34'),('WSS789','p34'),('WSS818','p34'),('WSS834','p34'),('WSS840','p34'),('WSS869','p34'),('WSS870','p34'),('WSS888','p34'),('WSS895','p34'),('WSS9','p34'),('WSS92','p34'),('WSS923','p34'),('WSS959','p34'),('WSS970','p34'),('WSS971','p34'),('WSS98','p34'),('WSS983','p34'),('WSS109','p35'),('WSS111','p35'),('WSS118','p35'),('WSS130','p35'),('WSS133','p35'),('WSS170','p35'),('WSS181','p35'),('WSS188','p35'),('WSS202','p35'),('WSS216','p35'),('WSS22','p35'),('WSS225','p35'),('WSS263','p35'),('WSS286','p35'),('WSS304','p35'),('WSS328','p35'),('WSS330','p35'),('WSS357','p35'),('WSS385','p35'),('WSS394','p35'),('WSS399','p35'),('WSS407','p35'),('WSS416','p35'),('WSS453','p35'),('WSS48','p35'),('WSS489','p35'),('WSS49','p35'),('WSS496','p35'),('WSS517','p35'),('WSS522','p35'),('WSS53','p35'),('WSS563','p35'),('WSS577','p35'),('WSS601','p35'),('WSS61','p35'),('WSS627','p35'),('WSS629','p35'),('WSS63','p35'),('WSS640','p35'),('WSS644','p35'),('WSS650','p35'),('WSS667','p35'),('WSS696','p35'),('WSS716','p35'),('WSS736','p35'),('WSS75','p35'),('WSS759','p35'),('WSS765','p35'),('WSS775','p35'),('WSS792','p35'),('WSS8','p35'),('WSS816','p35'),('WSS841','p35'),('WSS843','p35'),('WSS876','p35'),('WSS897','p35'),('WSS901','p35'),('WSS903','p35'),('WSS905','p35'),('WSS939','p35'),('WSS959','p35'),('WSS965','p35'),('WSS105','p36'),('WSS150','p36'),('WSS162','p36'),('WSS171','p36'),('WSS196','p36'),('WSS205','p36'),('WSS207','p36'),('WSS212','p36'),('WSS240','p36'),('WSS262','p36'),('WSS29','p36'),('WSS294','p36'),('WSS300','p36'),('WSS328','p36'),('WSS340','p36'),('WSS354','p36'),('WSS363','p36'),('WSS366','p36'),('WSS376','p36'),('WSS382','p36'),('WSS396','p36'),('WSS406','p36'),('WSS444','p36'),('WSS461','p36'),('WSS478','p36'),('WSS49','p36'),('WSS591','p36'),('WSS618','p36'),('WSS634','p36'),('WSS651','p36'),('WSS656','p36'),('WSS678','p36'),('WSS702','p36'),('WSS720','p36'),('WSS722','p36'),('WSS741','p36'),('WSS746','p36'),('WSS756','p36'),('WSS796','p36'),('WSS808','p36'),('WSS830','p36'),('WSS831','p36'),('WSS837','p36'),('WSS853','p36'),('WSS857','p36'),('WSS859','p36'),('WSS863','p36'),('WSS867','p36'),('WSS919','p36'),('WSS931','p36'),('WSS933','p36'),('WSS938','p36'),('WSS961','p36'),('WSS964','p36'),('WSS965','p36'),('WSS967','p36'),('WSS979','p36'),('WSS985','p36'),('WSS116','p37'),('WSS131','p37'),('WSS154','p37'),('WSS165','p37'),('WSS196','p37'),('WSS20','p37'),('WSS215','p37'),('WSS224','p37'),('WSS228','p37'),('WSS242','p37'),('WSS303','p37'),('WSS331','p37'),('WSS355','p37'),('WSS402','p37'),('WSS404','p37'),('WSS408','p37'),('WSS422','p37'),('WSS425','p37'),('WSS433','p37'),('WSS441','p37'),('WSS461','p37'),('WSS484','p37'),('WSS493','p37'),('WSS520','p37'),('WSS539','p37'),('WSS549','p37'),('WSS561','p37'),('WSS602','p37'),('WSS636','p37'),('WSS639','p37'),('WSS648','p37'),('WSS649','p37'),('WSS670','p37'),('WSS712','p37'),('WSS724','p37'),('WSS732','p37'),('WSS735','p37'),('WSS829','p37'),('WSS866','p37'),('WSS917','p37'),('WSS938','p37'),('WSS975','p37'),('WSS994','p37'),('WSS123','p38'),('WSS130','p38'),('WSS134','p38'),('WSS136','p38'),('WSS159','p38'),('WSS160','p38'),('WSS172','p38'),('WSS185','p38'),('WSS195','p38'),('WSS226','p38'),('WSS263','p38'),('WSS265','p38'),('WSS283','p38'),('WSS287','p38'),('WSS29','p38'),('WSS304','p38'),('WSS311','p38'),('WSS342','p38'),('WSS35','p38'),('WSS374','p38'),('WSS375','p38'),('WSS392','p38'),('WSS395','p38'),('WSS398','p38'),('WSS453','p38'),('WSS469','p38'),('WSS481','p38'),('WSS496','p38'),('WSS500','p38'),('WSS518','p38'),('WSS528','p38'),('WSS531','p38'),('WSS554','p38'),('WSS567','p38'),('WSS6','p38'),('WSS61','p38'),('WSS614','p38'),('WSS616','p38'),('WSS623','p38'),('WSS630','p38'),('WSS631','p38'),('WSS634','p38'),('WSS641','p38'),('WSS645','p38'),('WSS650','p38'),('WSS657','p38'),('WSS693','p38'),('WSS698','p38'),('WSS715','p38'),('WSS804','p38'),('WSS873','p38'),('WSS879','p38'),('WSS887','p38'),('WSS889','p38'),('WSS898','p38'),('WSS901','p38'),('WSS902','p38'),('WSS91','p38'),('WSS925','p38'),('WSS930','p38'),('WSS943','p38'),('WSS952','p38'),('WSS102','p39'),('WSS106','p39'),('WSS129','p39'),('WSS144','p39'),('WSS163','p39'),('WSS166','p39'),('WSS17','p39'),('WSS192','p39'),('WSS202','p39'),('WSS209','p39'),('WSS216','p39'),('WSS228','p39'),('WSS232','p39'),('WSS235','p39'),('WSS237','p39'),('WSS282','p39'),('WSS316','p39'),('WSS326','p39'),('WSS327','p39'),('WSS344','p39'),('WSS368','p39'),('WSS369','p39'),('WSS377','p39'),('WSS408','p39'),('WSS423','p39'),('WSS425','p39'),('WSS431','p39'),('WSS441','p39'),('WSS444','p39'),('WSS451','p39'),('WSS462','p39'),('WSS465','p39'),('WSS478','p39'),('WSS486','p39'),('WSS5','p39'),('WSS519','p39'),('WSS522','p39'),('WSS529','p39'),('WSS564','p39'),('WSS574','p39'),('WSS586','p39'),('WSS601','p39'),('WSS605','p39'),('WSS606','p39'),('WSS623','p39'),('WSS625','p39'),('WSS629','p39'),('WSS660','p39'),('WSS682','p39'),('WSS701','p39'),('WSS706','p39'),('WSS82','p39'),('WSS825','p39'),('WSS827','p39'),('WSS842','p39'),('WSS891','p39'),('WSS892','p39'),('WSS907','p39'),('WSS948','p39'),('WSS962','p39'),('WSS984','p39'),('WSS192','p4'),('WSS198','p4'),('WSS199','p4'),('WSS207','p4'),('WSS232','p4'),('WSS234','p4'),('WSS245','p4'),('WSS270','p4'),('WSS283','p4'),('WSS31','p4'),('WSS356','p4'),('WSS359','p4'),('WSS377','p4'),('WSS380','p4'),('WSS382','p4'),('WSS409','p4'),('WSS433','p4'),('WSS434','p4'),('WSS443','p4'),('WSS464','p4'),('WSS471','p4'),('WSS476','p4'),('WSS478','p4'),('WSS491','p4'),('WSS533','p4'),('WSS549','p4'),('WSS620','p4'),('WSS638','p4'),('WSS642','p4'),('WSS647','p4'),('WSS650','p4'),('WSS659','p4'),('WSS73','p4'),('WSS731','p4'),('WSS751','p4'),('WSS771','p4'),('WSS774','p4'),('WSS78','p4'),('WSS797','p4'),('WSS819','p4'),('WSS837','p4'),('WSS838','p4'),('WSS843','p4'),('WSS851','p4'),('WSS859','p4'),('WSS864','p4'),('WSS866','p4'),('WSS867','p4'),('WSS884','p4'),('WSS912','p4'),('WSS915','p4'),('WSS917','p4'),('WSS925','p4'),('WSS993','p4'),('WSS995','p4'),('WSS1000','p40'),('WSS101','p40'),('WSS144','p40'),('WSS154','p40'),('WSS194','p40'),('WSS220','p40'),('WSS246','p40'),('WSS248','p40'),('WSS266','p40'),('WSS267','p40'),('WSS3','p40'),('WSS309','p40'),('WSS314','p40'),('WSS340','p40'),('WSS342','p40'),('WSS345','p40'),('WSS37','p40'),('WSS370','p40'),('WSS371','p40'),('WSS379','p40'),('WSS388','p40'),('WSS389','p40'),('WSS401','p40'),('WSS404','p40'),('WSS411','p40'),('WSS417','p40'),('WSS436','p40'),('WSS439','p40'),('WSS44','p40'),('WSS441','p40'),('WSS467','p40'),('WSS47','p40'),('WSS483','p40'),('WSS490','p40'),('WSS51','p40'),('WSS520','p40'),('WSS521','p40'),('WSS555','p40'),('WSS623','p40'),('WSS627','p40'),('WSS642','p40'),('WSS644','p40'),('WSS658','p40'),('WSS669','p40'),('WSS67','p40'),('WSS683','p40'),('WSS705','p40'),('WSS718','p40'),('WSS747','p40'),('WSS750','p40'),('WSS76','p40'),('WSS770','p40'),('WSS782','p40'),('WSS80','p40'),('WSS820','p40'),('WSS831','p40'),('WSS873','p40'),('WSS894','p40'),('WSS902','p40'),('WSS910','p40'),('WSS914','p40'),('WSS928','p40'),('WSS980','p40'),('WSS995','p40'),('WSS101','p41'),('WSS122','p41'),('WSS141','p41'),('WSS173','p41'),('WSS2','p41'),('WSS226','p41'),('WSS229','p41'),('WSS25','p41'),('WSS284','p41'),('WSS288','p41'),('WSS323','p41'),('WSS374','p41'),('WSS375','p41'),('WSS397','p41'),('WSS410','p41'),('WSS420','p41'),('WSS428','p41'),('WSS435','p41'),('WSS492','p41'),('WSS495','p41'),('WSS533','p41'),('WSS553','p41'),('WSS560','p41'),('WSS566','p41'),('WSS582','p41'),('WSS590','p41'),('WSS62','p41'),('WSS625','p41'),('WSS628','p41'),('WSS69','p41'),('WSS709','p41'),('WSS711','p41'),('WSS719','p41'),('WSS726','p41'),('WSS732','p41'),('WSS751','p41'),('WSS765','p41'),('WSS777','p41'),('WSS817','p41'),('WSS831','p41'),('WSS835','p41'),('WSS837','p41'),('WSS840','p41'),('WSS843','p41'),('WSS862','p41'),('WSS87','p41'),('WSS886','p41'),('WSS903','p41'),('WSS928','p41'),('WSS929','p41'),('WSS94','p41'),('WSS984','p41'),('WSS1000','p42'),('WSS102','p42'),('WSS113','p42'),('WSS121','p42'),('WSS127','p42'),('WSS138','p42'),('WSS153','p42'),('WSS162','p42'),('WSS191','p42'),('WSS195','p42'),('WSS20','p42'),('WSS201','p42'),('WSS213','p42'),('WSS223','p42'),('WSS242','p42'),('WSS257','p42'),('WSS285','p42'),('WSS291','p42'),('WSS305','p42'),('WSS323','p42'),('WSS326','p42'),('WSS358','p42'),('WSS373','p42'),('WSS387','p42'),('WSS411','p42'),('WSS417','p42'),('WSS428','p42'),('WSS456','p42'),('WSS491','p42'),('WSS5','p42'),('WSS501','p42'),('WSS507','p42'),('WSS509','p42'),('WSS521','p42'),('WSS540','p42'),('WSS559','p42'),('WSS580','p42'),('WSS584','p42'),('WSS592','p42'),('WSS600','p42'),('WSS608','p42'),('WSS618','p42'),('WSS630','p42'),('WSS659','p42'),('WSS690','p42'),('WSS693','p42'),('WSS695','p42'),('WSS700','p42'),('WSS715','p42'),('WSS720','p42'),('WSS757','p42'),('WSS760','p42'),('WSS764','p42'),('WSS773','p42'),('WSS785','p42'),('WSS786','p42'),('WSS788','p42'),('WSS806','p42'),('WSS810','p42'),('WSS833','p42'),('WSS839','p42'),('WSS853','p42'),('WSS89','p42'),('WSS916','p42'),('WSS971','p42'),('WSS980','p42'),('WSS129','p43'),('WSS145','p43'),('WSS151','p43'),('WSS159','p43'),('WSS172','p43'),('WSS179','p43'),('WSS235','p43'),('WSS247','p43'),('WSS249','p43'),('WSS250','p43'),('WSS299','p43'),('WSS312','p43'),('WSS332','p43'),('WSS333','p43'),('WSS34','p43'),('WSS351','p43'),('WSS367','p43'),('WSS37','p43'),('WSS383','p43'),('WSS389','p43'),('WSS393','p43'),('WSS434','p43'),('WSS440','p43'),('WSS446','p43'),('WSS481','p43'),('WSS490','p43'),('WSS495','p43'),('WSS524','p43'),('WSS548','p43'),('WSS556','p43'),('WSS568','p43'),('WSS609','p43'),('WSS666','p43'),('WSS668','p43'),('WSS682','p43'),('WSS687','p43'),('WSS741','p43'),('WSS749','p43'),('WSS757','p43'),('WSS770','p43'),('WSS795','p43'),('WSS810','p43'),('WSS815','p43'),('WSS836','p43'),('WSS858','p43'),('WSS885','p43'),('WSS887','p43'),('WSS890','p43'),('WSS912','p43'),('WSS927','p43'),('WSS985','p43'),('WSS996','p43'),('WSS997','p43'),('WSS998','p43'),('WSS100','p44'),('WSS108','p44'),('WSS114','p44'),('WSS120','p44'),('WSS139','p44'),('WSS146','p44'),('WSS167','p44'),('WSS179','p44'),('WSS254','p44'),('WSS255','p44'),('WSS281','p44'),('WSS345','p44'),('WSS349','p44'),('WSS360','p44'),('WSS369','p44'),('WSS381','p44'),('WSS39','p44'),('WSS398','p44'),('WSS409','p44'),('WSS424','p44'),('WSS456','p44'),('WSS458','p44'),('WSS474','p44'),('WSS501','p44'),('WSS519','p44'),('WSS52','p44'),('WSS524','p44'),('WSS552','p44'),('WSS564','p44'),('WSS598','p44'),('WSS675','p44'),('WSS7','p44'),('WSS728','p44'),('WSS766','p44'),('WSS781','p44'),('WSS80','p44'),('WSS817','p44'),('WSS82','p44'),('WSS825','p44'),('WSS841','p44'),('WSS872','p44'),('WSS884','p44'),('WSS901','p44'),('WSS936','p44'),('WSS981','p44'),('WSS129','p45'),('WSS165','p45'),('WSS176','p45'),('WSS197','p45'),('WSS2','p45'),('WSS200','p45'),('WSS209','p45'),('WSS21','p45'),('WSS215','p45'),('WSS23','p45'),('WSS230','p45'),('WSS237','p45'),('WSS262','p45'),('WSS28','p45'),('WSS298','p45'),('WSS31','p45'),('WSS312','p45'),('WSS320','p45'),('WSS336','p45'),('WSS338','p45'),('WSS353','p45'),('WSS392','p45'),('WSS413','p45'),('WSS447','p45'),('WSS455','p45'),('WSS459','p45'),('WSS465','p45'),('WSS469','p45'),('WSS487','p45'),('WSS488','p45'),('WSS492','p45'),('WSS509','p45'),('WSS513','p45'),('WSS542','p45'),('WSS579','p45'),('WSS599','p45'),('WSS60','p45'),('WSS615','p45'),('WSS622','p45'),('WSS626','p45'),('WSS643','p45'),('WSS649','p45'),('WSS659','p45'),('WSS672','p45'),('WSS68','p45'),('WSS689','p45'),('WSS70','p45'),('WSS705','p45'),('WSS717','p45'),('WSS729','p45'),('WSS738','p45'),('WSS77','p45'),('WSS789','p45'),('WSS796','p45'),('WSS798','p45'),('WSS801','p45'),('WSS802','p45'),('WSS809','p45'),('WSS812','p45'),('WSS827','p45'),('WSS87','p45'),('WSS9','p45'),('WSS900','p45'),('WSS907','p45'),('WSS924','p45'),('WSS927','p45'),('WSS941','p45'),('WSS957','p45'),('WSS973','p45'),('WSS98','p45'),('WSS1','p46'),('WSS110','p46'),('WSS124','p46'),('WSS137','p46'),('WSS182','p46'),('WSS183','p46'),('WSS185','p46'),('WSS186','p46'),('WSS188','p46'),('WSS195','p46'),('WSS247','p46'),('WSS269','p46'),('WSS272','p46'),('WSS275','p46'),('WSS279','p46'),('WSS294','p46'),('WSS319','p46'),('WSS320','p46'),('WSS334','p46'),('WSS349','p46'),('WSS387','p46'),('WSS464','p46'),('WSS473','p46'),('WSS498','p46'),('WSS500','p46'),('WSS517','p46'),('WSS522','p46'),('WSS525','p46'),('WSS540','p46'),('WSS558','p46'),('WSS56','p46'),('WSS569','p46'),('WSS582','p46'),('WSS590','p46'),('WSS60','p46'),('WSS603','p46'),('WSS61','p46'),('WSS655','p46'),('WSS664','p46'),('WSS673','p46'),('WSS701','p46'),('WSS704','p46'),('WSS722','p46'),('WSS729','p46'),('WSS731','p46'),('WSS733','p46'),('WSS800','p46'),('WSS807','p46'),('WSS814','p46'),('WSS820','p46'),('WSS863','p46'),('WSS870','p46'),('WSS871','p46'),('WSS902','p46'),('WSS909','p46'),('WSS922','p46'),('WSS929','p46'),('WSS967','p46'),('WSS982','p46'),('WSS990','p46'),('WSS10','p47'),('WSS105','p47'),('WSS12','p47'),('WSS138','p47'),('WSS142','p47'),('WSS145','p47'),('WSS147','p47'),('WSS176','p47'),('WSS193','p47'),('WSS194','p47'),('WSS205','p47'),('WSS22','p47'),('WSS222','p47'),('WSS23','p47'),('WSS276','p47'),('WSS287','p47'),('WSS303','p47'),('WSS310','p47'),('WSS346','p47'),('WSS366','p47'),('WSS373','p47'),('WSS383','p47'),('WSS445','p47'),('WSS452','p47'),('WSS502','p47'),('WSS507','p47'),('WSS526','p47'),('WSS527','p47'),('WSS541','p47'),('WSS557','p47'),('WSS559','p47'),('WSS566','p47'),('WSS580','p47'),('WSS602','p47'),('WSS619','p47'),('WSS629','p47'),('WSS64','p47'),('WSS640','p47'),('WSS648','p47'),('WSS681','p47'),('WSS689','p47'),('WSS69','p47'),('WSS70','p47'),('WSS778','p47'),('WSS784','p47'),('WSS788','p47'),('WSS824','p47'),('WSS848','p47'),('WSS854','p47'),('WSS92','p47'),('WSS953','p47'),('WSS974','p47'),('WSS981','p47'),('WSS116','p48'),('WSS118','p48'),('WSS124','p48'),('WSS132','p48'),('WSS14','p48'),('WSS15','p48'),('WSS151','p48'),('WSS155','p48'),('WSS161','p48'),('WSS18','p48'),('WSS189','p48'),('WSS203','p48'),('WSS209','p48'),('WSS236','p48'),('WSS244','p48'),('WSS271','p48'),('WSS272','p48'),('WSS276','p48'),('WSS292','p48'),('WSS297','p48'),('WSS314','p48'),('WSS33','p48'),('WSS343','p48'),('WSS35','p48'),('WSS389','p48'),('WSS41','p48'),('WSS422','p48'),('WSS424','p48'),('WSS429','p48'),('WSS445','p48'),('WSS448','p48'),('WSS466','p48'),('WSS535','p48'),('WSS54','p48'),('WSS545','p48'),('WSS555','p48'),('WSS599','p48'),('WSS600','p48'),('WSS655','p48'),('WSS663','p48'),('WSS671','p48'),('WSS672','p48'),('WSS674','p48'),('WSS697','p48'),('WSS70','p48'),('WSS740','p48'),('WSS763','p48'),('WSS77','p48'),('WSS783','p48'),('WSS792','p48'),('WSS81','p48'),('WSS85','p48'),('WSS868','p48'),('WSS874','p48'),('WSS880','p48'),('WSS907','p48'),('WSS909','p48'),('WSS921','p48'),('WSS94','p48'),('WSS946','p48'),('WSS950','p48'),('WSS960','p48'),('WSS97','p48'),('WSS977','p48'),('WSS987','p48'),('WSS99','p48'),('WSS103','p49'),('WSS104','p49'),('WSS117','p49'),('WSS13','p49'),('WSS132','p49'),('WSS140','p49'),('WSS142','p49'),('WSS146','p49'),('WSS149','p49'),('WSS172','p49'),('WSS178','p49'),('WSS186','p49'),('WSS221','p49'),('WSS223','p49'),('WSS233','p49'),('WSS243','p49'),('WSS244','p49'),('WSS268','p49'),('WSS282','p49'),('WSS308','p49'),('WSS310','p49'),('WSS344','p49'),('WSS362','p49'),('WSS364','p49'),('WSS371','p49'),('WSS396','p49'),('WSS42','p49'),('WSS43','p49'),('WSS439','p49'),('WSS466','p49'),('WSS479','p49'),('WSS487','p49'),('WSS521','p49'),('WSS541','p49'),('WSS55','p49'),('WSS569','p49'),('WSS583','p49'),('WSS597','p49'),('WSS598','p49'),('WSS605','p49'),('WSS607','p49'),('WSS624','p49'),('WSS633','p49'),('WSS641','p49'),('WSS645','p49'),('WSS65','p49'),('WSS662','p49'),('WSS718','p49'),('WSS731','p49'),('WSS739','p49'),('WSS785','p49'),('WSS786','p49'),('WSS79','p49'),('WSS790','p49'),('WSS794','p49'),('WSS795','p49'),('WSS829','p49'),('WSS844','p49'),('WSS85','p49'),('WSS850','p49'),('WSS858','p49'),('WSS882','p49'),('WSS951','p49'),('WSS96','p49'),('WSS969','p49'),('WSS978','p49'),('WSS986','p49'),('WSS126','p5'),('WSS134','p5'),('WSS135','p5'),('WSS152','p5'),('WSS162','p5'),('WSS168','p5'),('WSS177','p5'),('WSS217','p5'),('WSS221','p5'),('WSS236','p5'),('WSS24','p5'),('WSS248','p5'),('WSS249','p5'),('WSS268','p5'),('WSS273','p5'),('WSS277','p5'),('WSS288','p5'),('WSS311','p5'),('WSS313','p5'),('WSS317','p5'),('WSS325','p5'),('WSS356','p5'),('WSS408','p5'),('WSS430','p5'),('WSS435','p5'),('WSS459','p5'),('WSS46','p5'),('WSS472','p5'),('WSS474','p5'),('WSS475','p5'),('WSS477','p5'),('WSS5','p5'),('WSS505','p5'),('WSS515','p5'),('WSS518','p5'),('WSS519','p5'),('WSS529','p5'),('WSS532','p5'),('WSS554','p5'),('WSS56','p5'),('WSS596','p5'),('WSS614','p5'),('WSS645','p5'),('WSS669','p5'),('WSS686','p5'),('WSS695','p5'),('WSS708','p5'),('WSS717','p5'),('WSS721','p5'),('WSS727','p5'),('WSS734','p5'),('WSS743','p5'),('WSS776','p5'),('WSS778','p5'),('WSS788','p5'),('WSS791','p5'),('WSS797','p5'),('WSS803','p5'),('WSS811','p5'),('WSS821','p5'),('WSS830','p5'),('WSS838','p5'),('WSS850','p5'),('WSS868','p5'),('WSS884','p5'),('WSS887','p5'),('WSS893','p5'),('WSS926','p5'),('WSS933','p5'),('WSS944','p5'),('WSS945','p5'),('WSS951','p5'),('WSS961','p5'),('WSS968','p5'),('WSS976','p5'),('WSS979','p5'),('WSS998','p5'),('WSS102','p50'),('WSS113','p50'),('WSS127','p50'),('WSS13','p50'),('WSS149','p50'),('WSS154','p50'),('WSS175','p50'),('WSS180','p50'),('WSS210','p50'),('WSS227','p50'),('WSS233','p50'),('WSS253','p50'),('WSS292','p50'),('WSS299','p50'),('WSS306','p50'),('WSS316','p50'),('WSS32','p50'),('WSS337','p50'),('WSS353','p50'),('WSS355','p50'),('WSS364','p50'),('WSS395','p50'),('WSS40','p50'),('WSS417','p50'),('WSS42','p50'),('WSS420','p50'),('WSS436','p50'),('WSS448','p50'),('WSS45','p50'),('WSS457','p50'),('WSS464','p50'),('WSS472','p50'),('WSS493','p50'),('WSS498','p50'),('WSS50','p50'),('WSS514','p50'),('WSS552','p50'),('WSS558','p50'),('WSS563','p50'),('WSS569','p50'),('WSS587','p50'),('WSS589','p50'),('WSS594','p50'),('WSS616','p50'),('WSS632','p50'),('WSS637','p50'),('WSS670','p50'),('WSS69','p50'),('WSS712','p50'),('WSS713','p50'),('WSS723','p50'),('WSS726','p50'),('WSS737','p50'),('WSS742','p50'),('WSS756','p50'),('WSS798','p50'),('WSS826','p50'),('WSS836','p50'),('WSS841','p50'),('WSS879','p50'),('WSS906','p50'),('WSS908','p50'),('WSS917','p50'),('WSS930','p50'),('WSS954','p50'),('WSS963','p50'),('WSS964','p50'),('WSS969','p50'),('WSS970','p50'),('WSS976','p50'),('WSS988','p50'),('WSS11','p6'),('WSS113','p6'),('WSS114','p6'),('WSS175','p6'),('WSS190','p6'),('WSS212','p6'),('WSS220','p6'),('WSS238','p6'),('WSS25','p6'),('WSS272','p6'),('WSS307','p6'),('WSS318','p6'),('WSS327','p6'),('WSS334','p6'),('WSS378','p6'),('WSS38','p6'),('WSS380','p6'),('WSS423','p6'),('WSS429','p6'),('WSS460','p6'),('WSS497','p6'),('WSS506','p6'),('WSS518','p6'),('WSS535','p6'),('WSS567','p6'),('WSS572','p6'),('WSS585','p6'),('WSS589','p6'),('WSS595','p6'),('WSS67','p6'),('WSS688','p6'),('WSS695','p6'),('WSS710','p6'),('WSS714','p6'),('WSS719','p6'),('WSS744','p6'),('WSS751','p6'),('WSS752','p6'),('WSS754','p6'),('WSS762','p6'),('WSS782','p6'),('WSS786','p6'),('WSS803','p6'),('WSS806','p6'),('WSS811','p6'),('WSS817','p6'),('WSS822','p6'),('WSS832','p6'),('WSS844','p6'),('WSS847','p6'),('WSS865','p6'),('WSS875','p6'),('WSS893','p6'),('WSS904','p6'),('WSS906','p6'),('WSS91','p6'),('WSS915','p6'),('WSS921','p6'),('WSS939','p6'),('WSS968','p6'),('WSS982','p6'),('WSS106','p7'),('WSS122','p7'),('WSS128','p7'),('WSS143','p7'),('WSS157','p7'),('WSS158','p7'),('WSS161','p7'),('WSS183','p7'),('WSS196','p7'),('WSS207','p7'),('WSS214','p7'),('WSS221','p7'),('WSS224','p7'),('WSS251','p7'),('WSS259','p7'),('WSS278','p7'),('WSS279','p7'),('WSS286','p7'),('WSS295','p7'),('WSS297','p7'),('WSS318','p7'),('WSS350','p7'),('WSS358','p7'),('WSS363','p7'),('WSS372','p7'),('WSS388','p7'),('WSS396','p7'),('WSS399','p7'),('WSS41','p7'),('WSS42','p7'),('WSS461','p7'),('WSS55','p7'),('WSS557','p7'),('WSS567','p7'),('WSS574','p7'),('WSS578','p7'),('WSS581','p7'),('WSS583','p7'),('WSS593','p7'),('WSS617','p7'),('WSS619','p7'),('WSS62','p7'),('WSS634','p7'),('WSS678','p7'),('WSS680','p7'),('WSS684','p7'),('WSS699','p7'),('WSS709','p7'),('WSS714','p7'),('WSS737','p7'),('WSS754','p7'),('WSS773','p7'),('WSS780','p7'),('WSS782','p7'),('WSS827','p7'),('WSS828','p7'),('WSS868','p7'),('WSS890','p7'),('WSS913','p7'),('WSS96','p7'),('WSS972','p7'),('WSS985','p7'),('WSS990','p7'),('WSS111','p8'),('WSS116','p8'),('WSS120','p8'),('WSS133','p8'),('WSS192','p8'),('WSS20','p8'),('WSS201','p8'),('WSS211','p8'),('WSS257','p8'),('WSS259','p8'),('WSS265','p8'),('WSS27','p8'),('WSS275','p8'),('WSS306','p8'),('WSS316','p8'),('WSS342','p8'),('WSS36','p8'),('WSS38','p8'),('WSS383','p8'),('WSS387','p8'),('WSS411','p8'),('WSS420','p8'),('WSS430','p8'),('WSS435','p8'),('WSS459','p8'),('WSS46','p8'),('WSS463','p8'),('WSS475','p8'),('WSS479','p8'),('WSS502','p8'),('WSS504','p8'),('WSS537','p8'),('WSS539','p8'),('WSS546','p8'),('WSS572','p8'),('WSS586','p8'),('WSS664','p8'),('WSS674','p8'),('WSS677','p8'),('WSS712','p8'),('WSS750','p8'),('WSS819','p8'),('WSS849','p8'),('WSS86','p8'),('WSS871','p8'),('WSS878','p8'),('WSS880','p8'),('WSS886','p8'),('WSS913','p8'),('WSS914','p8'),('WSS928','p8'),('WSS955','p8'),('WSS975','p8'),('WSS983','p8'),('WSS998','p8'),('WSS100','p9'),('WSS133','p9'),('WSS142','p9'),('WSS148','p9'),('WSS163','p9'),('WSS198','p9'),('WSS205','p9'),('WSS219','p9'),('WSS241','p9'),('WSS280','p9'),('WSS287','p9'),('WSS293','p9'),('WSS320','p9'),('WSS347','p9'),('WSS362','p9'),('WSS364','p9'),('WSS390','p9'),('WSS4','p9'),('WSS403','p9'),('WSS412','p9'),('WSS437','p9'),('WSS446','p9'),('WSS45','p9'),('WSS471','p9'),('WSS477','p9'),('WSS527','p9'),('WSS55','p9'),('WSS550','p9'),('WSS560','p9'),('WSS575','p9'),('WSS583','p9'),('WSS604','p9'),('WSS608','p9'),('WSS64','p9'),('WSS679','p9'),('WSS729','p9'),('WSS733','p9'),('WSS735','p9'),('WSS76','p9'),('WSS765','p9'),('WSS784','p9'),('WSS794','p9'),('WSS801','p9'),('WSS828','p9'),('WSS839','p9'),('WSS848','p9'),('WSS855','p9'),('WSS858','p9'),('WSS922','p9'),('WSS942','p9'),('WSS973','p9'),('WSS974','p9'),('WSS995','p9');
/*!40000 ALTER TABLE `inputparameter` ENABLE KEYS */;
UNLOCK TABLES;

--
-- Table structure for table `knowledgeforcareerpath`
--

DROP TABLE IF EXISTS `knowledgeforcareerpath`;
/*!40101 SET @saved_cs_client     = @@character_set_client */;
/*!50503 SET character_set_client = utf8mb4 */;
CREATE TABLE `knowledgeforcareerpath` (
  `careerPathID` char(4) NOT NULL,
  `knowledgeID` char(6) NOT NULL,
  PRIMARY KEY (`careerPathID`,`knowledgeID`)
) ENGINE=InnoDB DEFAULT CHARSET=latin1;
/*!40101 SET character_set_client = @saved_cs_client */;

--
-- Dumping data for table `knowledgeforcareerpath`
--

LOCK TABLES `knowledgeforcareerpath` WRITE;
/*!40000 ALTER TABLE `knowledgeforcareerpath` DISABLE KEYS */;
INSERT INTO `knowledgeforcareerpath` VALUES ('C100','k1C311'),('C100','k1C412'),('C100','k1C469'),('C100','k1C500');
/*!40000 ALTER TABLE `knowledgeforcareerpath` ENABLE KEYS */;
UNLOCK TABLES;

--
-- Table structure for table `lhs`
--

DROP TABLE IF EXISTS `lhs`;
/*!40101 SET @saved_cs_client     = @@character_set_client */;
/*!50503 SET character_set_client = utf8mb4 */;
CREATE TABLE `lhs` (
  `ruleid` int NOT NULL,
  `courseid` varchar(10) NOT NULL,
  PRIMARY KEY (`ruleid`,`courseid`)
) ENGINE=InnoDB DEFAULT CHARSET=latin1;
/*!40101 SET character_set_client = @saved_cs_client */;

--
-- Dumping data for table `lhs`
--

LOCK TABLES `lhs` WRITE;
/*!40000 ALTER TABLE `lhs` DISABLE KEYS */;
INSERT INTO `lhs` VALUES (1,'ICP006'),(2,'ICP006'),(3,'ICP006'),(4,'ICP110'),(5,'ICP110'),(6,'ICP311'),(7,'ICP006'),(7,'ICP110'),(8,'ICP006'),(8,'ICP110'),(9,'ICP006'),(9,'ICP311'),(10,'ICP110'),(10,'ICP311'),(11,'ICP006'),(11,'ICP110'),(11,'ICP311');
/*!40000 ALTER TABLE `lhs` ENABLE KEYS */;
UNLOCK TABLES;

--
-- Table structure for table `outputparameter`
--

DROP TABLE IF EXISTS `outputparameter`;
/*!40101 SET @saved_cs_client     = @@character_set_client */;
/*!50503 SET character_set_client = utf8mb4 */;
CREATE TABLE `outputparameter` (
  `webServiceID` varchar(10) NOT NULL,
  `parameterID` varchar(10) NOT NULL,
  PRIMARY KEY (`webServiceID`,`parameterID`),
  KEY `knowledgeID` (`parameterID`)
) ENGINE=InnoDB DEFAULT CHARSET=latin1;
/*!40101 SET character_set_client = @saved_cs_client */;

--
-- Dumping data for table `outputparameter`
--

LOCK TABLES `outputparameter` WRITE;
/*!40000 ALTER TABLE `outputparameter` DISABLE KEYS */;
INSERT INTO `outputparameter` VALUES ('WSS127','p1'),('WSS13','p1'),('WSS132','p1'),('WSS148','p1'),('WSS15','p1'),('WSS153','p1'),('WSS173','p1'),('WSS174','p1'),('WSS177','p1'),('WSS180','p1'),('WSS19','p1'),('WSS2','p1'),('WSS200','p1'),('WSS208','p1'),('WSS212','p1'),('WSS213','p1'),('WSS239','p1'),('WSS243','p1'),('WSS253','p1'),('WSS266','p1'),('WSS274','p1'),('WSS276','p1'),('WSS287','p1'),('WSS296','p1'),('WSS309','p1'),('WSS320','p1'),('WSS353','p1'),('WSS357','p1'),('WSS365','p1'),('WSS366','p1'),('WSS37','p1'),('WSS382','p1'),('WSS386','p1'),('WSS40','p1'),('WSS403','p1'),('WSS410','p1'),('WSS414','p1'),('WSS428','p1'),('WSS465','p1'),('WSS469','p1'),('WSS470','p1'),('WSS472','p1'),('WSS476','p1'),('WSS493','p1'),('WSS495','p1'),('WSS5','p1'),('WSS504','p1'),('WSS511','p1'),('WSS529','p1'),('WSS531','p1'),('WSS544','p1'),('WSS559','p1'),('WSS56','p1'),('WSS568','p1'),('WSS571','p1'),('WSS579','p1'),('WSS587','p1'),('WSS596','p1'),('WSS602','p1'),('WSS609','p1'),('WSS61','p1'),('WSS636','p1'),('WSS642','p1'),('WSS644','p1'),('WSS651','p1'),('WSS654','p1'),('WSS66','p1'),('WSS666','p1'),('WSS68','p1'),('WSS681','p1'),('WSS688','p1'),('WSS700','p1'),('WSS717','p1'),('WSS718','p1'),('WSS725','p1'),('WSS733','p1'),('WSS738','p1'),('WSS74','p1'),('WSS745','p1'),('WSS75','p1'),('WSS764','p1'),('WSS77','p1'),('WSS777','p1'),('WSS780','p1'),('WSS784','p1'),('WSS8','p1'),('WSS800','p1'),('WSS847','p1'),('WSS869','p1'),('WSS876','p1'),('WSS88','p1'),('WSS889','p1'),('WSS894','p1'),('WSS922','p1'),('WSS923','p1'),('WSS945','p1'),('WSS982','p1'),('WSS983','p1'),('WSS989','p1'),('WSS1','p10'),('WSS108','p10'),('WSS128','p10'),('WSS129','p10'),('WSS131','p10'),('WSS136','p10'),('WSS166','p10'),('WSS172','p10'),('WSS204','p10'),('WSS210','p10'),('WSS22','p10'),('WSS221','p10'),('WSS249','p10'),('WSS251','p10'),('WSS252','p10'),('WSS254','p10'),('WSS256','p10'),('WSS269','p10'),('WSS272','p10'),('WSS279','p10'),('WSS282','p10'),('WSS283','p10'),('WSS295','p10'),('WSS299','p10'),('WSS303','p10'),('WSS304','p10'),('WSS328','p10'),('WSS330','p10'),('WSS331','p10'),('WSS340','p10'),('WSS350','p10'),('WSS362','p10'),('WSS364','p10'),('WSS371','p10'),('WSS379','p10'),('WSS38','p10'),('WSS383','p10'),('WSS384','p10'),('WSS389','p10'),('WSS393','p10'),('WSS394','p10'),('WSS396','p10'),('WSS40','p10'),('WSS403','p10'),('WSS429','p10'),('WSS436','p10'),('WSS441','p10'),('WSS442','p10'),('WSS444','p10'),('WSS449','p10'),('WSS454','p10'),('WSS455','p10'),('WSS48','p10'),('WSS481','p10'),('WSS482','p10'),('WSS486','p10'),('WSS491','p10'),('WSS525','p10'),('WSS533','p10'),('WSS535','p10'),('WSS536','p10'),('WSS541','p10'),('WSS542','p10'),('WSS556','p10'),('WSS562','p10'),('WSS569','p10'),('WSS577','p10'),('WSS59','p10'),('WSS599','p10'),('WSS607','p10'),('WSS618','p10'),('WSS623','p10'),('WSS629','p10'),('WSS635','p10'),('WSS639','p10'),('WSS64','p10'),('WSS656','p10'),('WSS657','p10'),('WSS663','p10'),('WSS670','p10'),('WSS685','p10'),('WSS687','p10'),('WSS694','p10'),('WSS702','p10'),('WSS705','p10'),('WSS707','p10'),('WSS718','p10'),('WSS719','p10'),('WSS723','p10'),('WSS750','p10'),('WSS76','p10'),('WSS762','p10'),('WSS787','p10'),('WSS8','p10'),('WSS815','p10'),('WSS816','p10'),('WSS817','p10'),('WSS820','p10'),('WSS828','p10'),('WSS832','p10'),('WSS833','p10'),('WSS839','p10'),('WSS852','p10'),('WSS86','p10'),('WSS873','p10'),('WSS883','p10'),('WSS898','p10'),('WSS902','p10'),('WSS92','p10'),('WSS923','p10'),('WSS928','p10'),('WSS930','p10'),('WSS941','p10'),('WSS952','p10'),('WSS957','p10'),('WSS965','p10'),('WSS968','p10'),('WSS969','p10'),('WSS978','p10'),('WSS979','p10'),('WSS98','p10'),('WSS983','p10'),('WSS986','p10'),('WSS102','p11'),('WSS105','p11'),('WSS128','p11'),('WSS131','p11'),('WSS137','p11'),('WSS169','p11'),('WSS181','p11'),('WSS182','p11'),('WSS197','p11'),('WSS209','p11'),('WSS246','p11'),('WSS25','p11'),('WSS251','p11'),('WSS266','p11'),('WSS267','p11'),('WSS271','p11'),('WSS273','p11'),('WSS280','p11'),('WSS282','p11'),('WSS284','p11'),('WSS286','p11'),('WSS290','p11'),('WSS30','p11'),('WSS309','p11'),('WSS311','p11'),('WSS315','p11'),('WSS321','p11'),('WSS381','p11'),('WSS383','p11'),('WSS40','p11'),('WSS404','p11'),('WSS416','p11'),('WSS427','p11'),('WSS43','p11'),('WSS434','p11'),('WSS44','p11'),('WSS446','p11'),('WSS451','p11'),('WSS453','p11'),('WSS458','p11'),('WSS492','p11'),('WSS50','p11'),('WSS505','p11'),('WSS52','p11'),('WSS524','p11'),('WSS543','p11'),('WSS552','p11'),('WSS554','p11'),('WSS560','p11'),('WSS563','p11'),('WSS566','p11'),('WSS571','p11'),('WSS576','p11'),('WSS588','p11'),('WSS611','p11'),('WSS619','p11'),('WSS646','p11'),('WSS656','p11'),('WSS659','p11'),('WSS660','p11'),('WSS679','p11'),('WSS69','p11'),('WSS693','p11'),('WSS694','p11'),('WSS696','p11'),('WSS706','p11'),('WSS720','p11'),('WSS727','p11'),('WSS732','p11'),('WSS733','p11'),('WSS74','p11'),('WSS742','p11'),('WSS743','p11'),('WSS755','p11'),('WSS757','p11'),('WSS780','p11'),('WSS794','p11'),('WSS799','p11'),('WSS80','p11'),('WSS804','p11'),('WSS807','p11'),('WSS808','p11'),('WSS809','p11'),('WSS818','p11'),('WSS821','p11'),('WSS83','p11'),('WSS831','p11'),('WSS838','p11'),('WSS843','p11'),('WSS845','p11'),('WSS851','p11'),('WSS852','p11'),('WSS857','p11'),('WSS859','p11'),('WSS868','p11'),('WSS872','p11'),('WSS891','p11'),('WSS911','p11'),('WSS916','p11'),('WSS93','p11'),('WSS940','p11'),('WSS944','p11'),('WSS949','p11'),('WSS963','p11'),('WSS972','p11'),('WSS980','p11'),('WSS981','p11'),('WSS988','p11'),('WSS1000','p12'),('WSS107','p12'),('WSS110','p12'),('WSS112','p12'),('WSS113','p12'),('WSS116','p12'),('WSS132','p12'),('WSS142','p12'),('WSS145','p12'),('WSS146','p12'),('WSS164','p12'),('WSS165','p12'),('WSS180','p12'),('WSS189','p12'),('WSS191','p12'),('WSS193','p12'),('WSS201','p12'),('WSS204','p12'),('WSS207','p12'),('WSS21','p12'),('WSS211','p12'),('WSS224','p12'),('WSS243','p12'),('WSS252','p12'),('WSS264','p12'),('WSS265','p12'),('WSS267','p12'),('WSS28','p12'),('WSS286','p12'),('WSS302','p12'),('WSS305','p12'),('WSS328','p12'),('WSS33','p12'),('WSS34','p12'),('WSS35','p12'),('WSS373','p12'),('WSS39','p12'),('WSS399','p12'),('WSS416','p12'),('WSS419','p12'),('WSS420','p12'),('WSS435','p12'),('WSS437','p12'),('WSS439','p12'),('WSS449','p12'),('WSS451','p12'),('WSS455','p12'),('WSS46','p12'),('WSS464','p12'),('WSS471','p12'),('WSS487','p12'),('WSS490','p12'),('WSS500','p12'),('WSS515','p12'),('WSS517','p12'),('WSS520','p12'),('WSS523','p12'),('WSS524','p12'),('WSS528','p12'),('WSS536','p12'),('WSS542','p12'),('WSS546','p12'),('WSS548','p12'),('WSS558','p12'),('WSS560','p12'),('WSS570','p12'),('WSS582','p12'),('WSS583','p12'),('WSS590','p12'),('WSS594','p12'),('WSS595','p12'),('WSS596','p12'),('WSS610','p12'),('WSS619','p12'),('WSS64','p12'),('WSS641','p12'),('WSS667','p12'),('WSS669','p12'),('WSS680','p12'),('WSS681','p12'),('WSS684','p12'),('WSS686','p12'),('WSS687','p12'),('WSS692','p12'),('WSS700','p12'),('WSS705','p12'),('WSS706','p12'),('WSS722','p12'),('WSS748','p12'),('WSS754','p12'),('WSS766','p12'),('WSS767','p12'),('WSS809','p12'),('WSS82','p12'),('WSS825','p12'),('WSS832','p12'),('WSS847','p12'),('WSS852','p12'),('WSS858','p12'),('WSS862','p12'),('WSS863','p12'),('WSS87','p12'),('WSS873','p12'),('WSS875','p12'),('WSS877','p12'),('WSS896','p12'),('WSS902','p12'),('WSS903','p12'),('WSS917','p12'),('WSS919','p12'),('WSS920','p12'),('WSS934','p12'),('WSS947','p12'),('WSS949','p12'),('WSS969','p12'),('WSS977','p12'),('WSS993','p12'),('WSS994','p12'),('WSS999','p12'),('WSS116','p13'),('WSS119','p13'),('WSS128','p13'),('WSS165','p13'),('WSS171','p13'),('WSS195','p13'),('WSS203','p13'),('WSS206','p13'),('WSS208','p13'),('WSS211','p13'),('WSS215','p13'),('WSS216','p13'),('WSS226','p13'),('WSS230','p13'),('WSS233','p13'),('WSS247','p13'),('WSS256','p13'),('WSS266','p13'),('WSS275','p13'),('WSS276','p13'),('WSS277','p13'),('WSS278','p13'),('WSS282','p13'),('WSS293','p13'),('WSS307','p13'),('WSS31','p13'),('WSS322','p13'),('WSS324','p13'),('WSS325','p13'),('WSS326','p13'),('WSS327','p13'),('WSS335','p13'),('WSS339','p13'),('WSS344','p13'),('WSS355','p13'),('WSS358','p13'),('WSS361','p13'),('WSS366','p13'),('WSS389','p13'),('WSS4','p13'),('WSS40','p13'),('WSS413','p13'),('WSS422','p13'),('WSS431','p13'),('WSS442','p13'),('WSS443','p13'),('WSS447','p13'),('WSS454','p13'),('WSS455','p13'),('WSS477','p13'),('WSS487','p13'),('WSS496','p13'),('WSS500','p13'),('WSS501','p13'),('WSS506','p13'),('WSS51','p13'),('WSS515','p13'),('WSS518','p13'),('WSS520','p13'),('WSS529','p13'),('WSS531','p13'),('WSS536','p13'),('WSS558','p13'),('WSS58','p13'),('WSS581','p13'),('WSS582','p13'),('WSS586','p13'),('WSS59','p13'),('WSS6','p13'),('WSS601','p13'),('WSS604','p13'),('WSS61','p13'),('WSS613','p13'),('WSS619','p13'),('WSS621','p13'),('WSS622','p13'),('WSS625','p13'),('WSS629','p13'),('WSS631','p13'),('WSS639','p13'),('WSS640','p13'),('WSS648','p13'),('WSS654','p13'),('WSS659','p13'),('WSS676','p13'),('WSS677','p13'),('WSS686','p13'),('WSS688','p13'),('WSS693','p13'),('WSS694','p13'),('WSS695','p13'),('WSS701','p13'),('WSS704','p13'),('WSS709','p13'),('WSS71','p13'),('WSS710','p13'),('WSS722','p13'),('WSS759','p13'),('WSS760','p13'),('WSS761','p13'),('WSS776','p13'),('WSS783','p13'),('WSS785','p13'),('WSS792','p13'),('WSS793','p13'),('WSS796','p13'),('WSS806','p13'),('WSS825','p13'),('WSS830','p13'),('WSS847','p13'),('WSS856','p13'),('WSS860','p13'),('WSS864','p13'),('WSS870','p13'),('WSS872','p13'),('WSS874','p13'),('WSS884','p13'),('WSS885','p13'),('WSS890','p13'),('WSS894','p13'),('WSS895','p13'),('WSS896','p13'),('WSS9','p13'),('WSS900','p13'),('WSS901','p13'),('WSS907','p13'),('WSS909','p13'),('WSS910','p13'),('WSS921','p13'),('WSS927','p13'),('WSS93','p13'),('WSS944','p13'),('WSS950','p13'),('WSS954','p13'),('WSS958','p13'),('WSS960','p13'),('WSS97','p13'),('WSS993','p13'),('WSS109','p14'),('WSS116','p14'),('WSS136','p14'),('WSS137','p14'),('WSS144','p14'),('WSS148','p14'),('WSS154','p14'),('WSS171','p14'),('WSS188','p14'),('WSS189','p14'),('WSS206','p14'),('WSS209','p14'),('WSS210','p14'),('WSS211','p14'),('WSS216','p14'),('WSS218','p14'),('WSS236','p14'),('WSS242','p14'),('WSS254','p14'),('WSS269','p14'),('WSS271','p14'),('WSS278','p14'),('WSS283','p14'),('WSS307','p14'),('WSS320','p14'),('WSS326','p14'),('WSS331','p14'),('WSS332','p14'),('WSS333','p14'),('WSS340','p14'),('WSS342','p14'),('WSS346','p14'),('WSS348','p14'),('WSS35','p14'),('WSS355','p14'),('WSS366','p14'),('WSS375','p14'),('WSS386','p14'),('WSS389','p14'),('WSS397','p14'),('WSS406','p14'),('WSS407','p14'),('WSS413','p14'),('WSS417','p14'),('WSS424','p14'),('WSS425','p14'),('WSS440','p14'),('WSS443','p14'),('WSS445','p14'),('WSS450','p14'),('WSS46','p14'),('WSS463','p14'),('WSS466','p14'),('WSS477','p14'),('WSS478','p14'),('WSS505','p14'),('WSS507','p14'),('WSS51','p14'),('WSS513','p14'),('WSS522','p14'),('WSS531','p14'),('WSS541','p14'),('WSS544','p14'),('WSS547','p14'),('WSS566','p14'),('WSS568','p14'),('WSS57','p14'),('WSS580','p14'),('WSS584','p14'),('WSS587','p14'),('WSS595','p14'),('WSS62','p14'),('WSS620','p14'),('WSS622','p14'),('WSS624','p14'),('WSS627','p14'),('WSS634','p14'),('WSS639','p14'),('WSS649','p14'),('WSS651','p14'),('WSS660','p14'),('WSS664','p14'),('WSS683','p14'),('WSS69','p14'),('WSS692','p14'),('WSS701','p14'),('WSS702','p14'),('WSS709','p14'),('WSS716','p14'),('WSS735','p14'),('WSS737','p14'),('WSS764','p14'),('WSS778','p14'),('WSS779','p14'),('WSS791','p14'),('WSS794','p14'),('WSS795','p14'),('WSS805','p14'),('WSS831','p14'),('WSS835','p14'),('WSS836','p14'),('WSS84','p14'),('WSS866','p14'),('WSS906','p14'),('WSS907','p14'),('WSS917','p14'),('WSS922','p14'),('WSS948','p14'),('WSS955','p14'),('WSS963','p14'),('WSS984','p14'),('WSS985','p14'),('WSS989','p14'),('WSS997','p14'),('WSS112','p15'),('WSS121','p15'),('WSS127','p15'),('WSS129','p15'),('WSS141','p15'),('WSS149','p15'),('WSS15','p15'),('WSS163','p15'),('WSS166','p15'),('WSS167','p15'),('WSS187','p15'),('WSS215','p15'),('WSS231','p15'),('WSS234','p15'),('WSS244','p15'),('WSS268','p15'),('WSS272','p15'),('WSS274','p15'),('WSS280','p15'),('WSS281','p15'),('WSS290','p15'),('WSS291','p15'),('WSS301','p15'),('WSS304','p15'),('WSS310','p15'),('WSS318','p15'),('WSS322','p15'),('WSS326','p15'),('WSS34','p15'),('WSS354','p15'),('WSS355','p15'),('WSS374','p15'),('WSS380','p15'),('WSS39','p15'),('WSS394','p15'),('WSS4','p15'),('WSS40','p15'),('WSS410','p15'),('WSS415','p15'),('WSS418','p15'),('WSS420','p15'),('WSS423','p15'),('WSS431','p15'),('WSS458','p15'),('WSS465','p15'),('WSS470','p15'),('WSS484','p15'),('WSS49','p15'),('WSS497','p15'),('WSS498','p15'),('WSS501','p15'),('WSS502','p15'),('WSS503','p15'),('WSS505','p15'),('WSS526','p15'),('WSS527','p15'),('WSS54','p15'),('WSS540','p15'),('WSS543','p15'),('WSS567','p15'),('WSS585','p15'),('WSS59','p15'),('WSS592','p15'),('WSS606','p15'),('WSS607','p15'),('WSS612','p15'),('WSS618','p15'),('WSS62','p15'),('WSS624','p15'),('WSS637','p15'),('WSS640','p15'),('WSS650','p15'),('WSS651','p15'),('WSS655','p15'),('WSS675','p15'),('WSS692','p15'),('WSS698','p15'),('WSS70','p15'),('WSS709','p15'),('WSS72','p15'),('WSS732','p15'),('WSS749','p15'),('WSS772','p15'),('WSS782','p15'),('WSS81','p15'),('WSS831','p15'),('WSS841','p15'),('WSS843','p15'),('WSS868','p15'),('WSS876','p15'),('WSS88','p15'),('WSS880','p15'),('WSS884','p15'),('WSS886','p15'),('WSS888','p15'),('WSS89','p15'),('WSS9','p15'),('WSS904','p15'),('WSS918','p15'),('WSS926','p15'),('WSS929','p15'),('WSS931','p15'),('WSS935','p15'),('WSS937','p15'),('WSS951','p15'),('WSS966','p15'),('WSS970','p15'),('WSS973','p15'),('WSS975','p15'),('WSS976','p15'),('WSS982','p15'),('WSS989','p15'),('WSS100','p16'),('WSS101','p16'),('WSS108','p16'),('WSS110','p16'),('WSS112','p16'),('WSS115','p16'),('WSS117','p16'),('WSS125','p16'),('WSS130','p16'),('WSS153','p16'),('WSS159','p16'),('WSS171','p16'),('WSS174','p16'),('WSS177','p16'),('WSS180','p16'),('WSS181','p16'),('WSS19','p16'),('WSS190','p16'),('WSS205','p16'),('WSS213','p16'),('WSS215','p16'),('WSS242','p16'),('WSS252','p16'),('WSS263','p16'),('WSS264','p16'),('WSS272','p16'),('WSS274','p16'),('WSS285','p16'),('WSS287','p16'),('WSS311','p16'),('WSS312','p16'),('WSS331','p16'),('WSS334','p16'),('WSS335','p16'),('WSS366','p16'),('WSS379','p16'),('WSS38','p16'),('WSS391','p16'),('WSS40','p16'),('WSS417','p16'),('WSS43','p16'),('WSS452','p16'),('WSS457','p16'),('WSS465','p16'),('WSS482','p16'),('WSS488','p16'),('WSS494','p16'),('WSS495','p16'),('WSS509','p16'),('WSS519','p16'),('WSS521','p16'),('WSS525','p16'),('WSS53','p16'),('WSS542','p16'),('WSS567','p16'),('WSS57','p16'),('WSS572','p16'),('WSS575','p16'),('WSS576','p16'),('WSS587','p16'),('WSS589','p16'),('WSS615','p16'),('WSS624','p16'),('WSS645','p16'),('WSS655','p16'),('WSS660','p16'),('WSS668','p16'),('WSS672','p16'),('WSS68','p16'),('WSS694','p16'),('WSS696','p16'),('WSS704','p16'),('WSS71','p16'),('WSS712','p16'),('WSS714','p16'),('WSS715','p16'),('WSS718','p16'),('WSS721','p16'),('WSS73','p16'),('WSS730','p16'),('WSS737','p16'),('WSS739','p16'),('WSS746','p16'),('WSS750','p16'),('WSS751','p16'),('WSS779','p16'),('WSS783','p16'),('WSS789','p16'),('WSS795','p16'),('WSS802','p16'),('WSS818','p16'),('WSS821','p16'),('WSS827','p16'),('WSS854','p16'),('WSS86','p16'),('WSS875','p16'),('WSS88','p16'),('WSS884','p16'),('WSS890','p16'),('WSS893','p16'),('WSS915','p16'),('WSS916','p16'),('WSS92','p16'),('WSS926','p16'),('WSS928','p16'),('WSS938','p16'),('WSS94','p16'),('WSS942','p16'),('WSS947','p16'),('WSS948','p16'),('WSS949','p16'),('WSS954','p16'),('WSS966','p16'),('WSS968','p16'),('WSS984','p16'),('WSS994','p16'),('WSS999','p16'),('WSS105','p17'),('WSS111','p17'),('WSS112','p17'),('WSS120','p17'),('WSS121','p17'),('WSS129','p17'),('WSS134','p17'),('WSS136','p17'),('WSS138','p17'),('WSS140','p17'),('WSS145','p17'),('WSS149','p17'),('WSS155','p17'),('WSS17','p17'),('WSS173','p17'),('WSS179','p17'),('WSS191','p17'),('WSS192','p17'),('WSS201','p17'),('WSS210','p17'),('WSS213','p17'),('WSS218','p17'),('WSS236','p17'),('WSS24','p17'),('WSS244','p17'),('WSS260','p17'),('WSS268','p17'),('WSS272','p17'),('WSS294','p17'),('WSS296','p17'),('WSS308','p17'),('WSS313','p17'),('WSS317','p17'),('WSS328','p17'),('WSS336','p17'),('WSS337','p17'),('WSS343','p17'),('WSS347','p17'),('WSS352','p17'),('WSS370','p17'),('WSS373','p17'),('WSS38','p17'),('WSS382','p17'),('WSS383','p17'),('WSS385','p17'),('WSS402','p17'),('WSS415','p17'),('WSS417','p17'),('WSS422','p17'),('WSS426','p17'),('WSS441','p17'),('WSS449','p17'),('WSS46','p17'),('WSS464','p17'),('WSS47','p17'),('WSS477','p17'),('WSS481','p17'),('WSS489','p17'),('WSS493','p17'),('WSS497','p17'),('WSS50','p17'),('WSS507','p17'),('WSS512','p17'),('WSS518','p17'),('WSS522','p17'),('WSS523','p17'),('WSS534','p17'),('WSS55','p17'),('WSS555','p17'),('WSS557','p17'),('WSS562','p17'),('WSS569','p17'),('WSS57','p17'),('WSS579','p17'),('WSS584','p17'),('WSS589','p17'),('WSS598','p17'),('WSS647','p17'),('WSS649','p17'),('WSS675','p17'),('WSS699','p17'),('WSS701','p17'),('WSS703','p17'),('WSS704','p17'),('WSS717','p17'),('WSS727','p17'),('WSS730','p17'),('WSS731','p17'),('WSS758','p17'),('WSS759','p17'),('WSS761','p17'),('WSS765','p17'),('WSS777','p17'),('WSS785','p17'),('WSS806','p17'),('WSS809','p17'),('WSS81','p17'),('WSS819','p17'),('WSS84','p17'),('WSS842','p17'),('WSS845','p17'),('WSS848','p17'),('WSS854','p17'),('WSS875','p17'),('WSS882','p17'),('WSS897','p17'),('WSS90','p17'),('WSS901','p17'),('WSS904','p17'),('WSS916','p17'),('WSS920','p17'),('WSS930','p17'),('WSS954','p17'),('WSS956','p17'),('WSS981','p17'),('WSS992','p17'),('WSS998','p17'),('WSS999','p17'),('WSS1000','p18'),('WSS118','p18'),('WSS126','p18'),('WSS130','p18'),('WSS133','p18'),('WSS137','p18'),('WSS155','p18'),('WSS157','p18'),('WSS176','p18'),('WSS182','p18'),('WSS194','p18'),('WSS196','p18'),('WSS198','p18'),('WSS217','p18'),('WSS219','p18'),('WSS227','p18'),('WSS267','p18'),('WSS280','p18'),('WSS297','p18'),('WSS30','p18'),('WSS300','p18'),('WSS339','p18'),('WSS344','p18'),('WSS350','p18'),('WSS359','p18'),('WSS387','p18'),('WSS394','p18'),('WSS399','p18'),('WSS408','p18'),('WSS411','p18'),('WSS412','p18'),('WSS414','p18'),('WSS418','p18'),('WSS419','p18'),('WSS432','p18'),('WSS434','p18'),('WSS447','p18'),('WSS453','p18'),('WSS46','p18'),('WSS460','p18'),('WSS471','p18'),('WSS510','p18'),('WSS511','p18'),('WSS530','p18'),('WSS547','p18'),('WSS548','p18'),('WSS55','p18'),('WSS551','p18'),('WSS570','p18'),('WSS585','p18'),('WSS589','p18'),('WSS612','p18'),('WSS617','p18'),('WSS626','p18'),('WSS636','p18'),('WSS637','p18'),('WSS643','p18'),('WSS644','p18'),('WSS652','p18'),('WSS653','p18'),('WSS655','p18'),('WSS662','p18'),('WSS676','p18'),('WSS689','p18'),('WSS69','p18'),('WSS70','p18'),('WSS72','p18'),('WSS726','p18'),('WSS728','p18'),('WSS740','p18'),('WSS744','p18'),('WSS759','p18'),('WSS760','p18'),('WSS769','p18'),('WSS779','p18'),('WSS783','p18'),('WSS787','p18'),('WSS800','p18'),('WSS811','p18'),('WSS812','p18'),('WSS823','p18'),('WSS832','p18'),('WSS851','p18'),('WSS865','p18'),('WSS87','p18'),('WSS871','p18'),('WSS872','p18'),('WSS876','p18'),('WSS88','p18'),('WSS887','p18'),('WSS897','p18'),('WSS903','p18'),('WSS906','p18'),('WSS914','p18'),('WSS920','p18'),('WSS942','p18'),('WSS976','p18'),('WSS986','p18'),('WSS987','p18'),('WSS99','p18'),('WSS991','p18'),('WSS996','p18'),('WSS103','p19'),('WSS111','p19'),('WSS13','p19'),('WSS161','p19'),('WSS175','p19'),('WSS190','p19'),('WSS192','p19'),('WSS200','p19'),('WSS202','p19'),('WSS216','p19'),('WSS231','p19'),('WSS237','p19'),('WSS250','p19'),('WSS256','p19'),('WSS270','p19'),('WSS277','p19'),('WSS292','p19'),('WSS307','p19'),('WSS309','p19'),('WSS316','p19'),('WSS321','p19'),('WSS347','p19'),('WSS351','p19'),('WSS36','p19'),('WSS361','p19'),('WSS369','p19'),('WSS376','p19'),('WSS378','p19'),('WSS391','p19'),('WSS428','p19'),('WSS432','p19'),('WSS438','p19'),('WSS451','p19'),('WSS458','p19'),('WSS46','p19'),('WSS461','p19'),('WSS467','p19'),('WSS471','p19'),('WSS473','p19'),('WSS480','p19'),('WSS488','p19'),('WSS501','p19'),('WSS508','p19'),('WSS512','p19'),('WSS540','p19'),('WSS561','p19'),('WSS573','p19'),('WSS577','p19'),('WSS578','p19'),('WSS579','p19'),('WSS602','p19'),('WSS614','p19'),('WSS615','p19'),('WSS617','p19'),('WSS62','p19'),('WSS628','p19'),('WSS65','p19'),('WSS668','p19'),('WSS67','p19'),('WSS702','p19'),('WSS703','p19'),('WSS707','p19'),('WSS708','p19'),('WSS714','p19'),('WSS720','p19'),('WSS731','p19'),('WSS741','p19'),('WSS747','p19'),('WSS75','p19'),('WSS754','p19'),('WSS760','p19'),('WSS761','p19'),('WSS770','p19'),('WSS773','p19'),('WSS777','p19'),('WSS78','p19'),('WSS782','p19'),('WSS788','p19'),('WSS793','p19'),('WSS794','p19'),('WSS802','p19'),('WSS83','p19'),('WSS830','p19'),('WSS834','p19'),('WSS835','p19'),('WSS841','p19'),('WSS842','p19'),('WSS846','p19'),('WSS855','p19'),('WSS87','p19'),('WSS874','p19'),('WSS900','p19'),('WSS905','p19'),('WSS906','p19'),('WSS912','p19'),('WSS914','p19'),('WSS916','p19'),('WSS931','p19'),('WSS932','p19'),('WSS937','p19'),('WSS951','p19'),('WSS953','p19'),('WSS954','p19'),('WSS961','p19'),('WSS966','p19'),('WSS967','p19'),('WSS98','p19'),('WSS984','p19'),('WSS993','p19'),('WSS994','p19'),('WSS102','p2'),('WSS118','p2'),('WSS129','p2'),('WSS137','p2'),('WSS144','p2'),('WSS155','p2'),('WSS16','p2'),('WSS176','p2'),('WSS182','p2'),('WSS187','p2'),('WSS188','p2'),('WSS194','p2'),('WSS2','p2'),('WSS20','p2'),('WSS221','p2'),('WSS225','p2'),('WSS232','p2'),('WSS235','p2'),('WSS243','p2'),('WSS258','p2'),('WSS26','p2'),('WSS265','p2'),('WSS27','p2'),('WSS280','p2'),('WSS286','p2'),('WSS29','p2'),('WSS298','p2'),('WSS3','p2'),('WSS301','p2'),('WSS303','p2'),('WSS321','p2'),('WSS33','p2'),('WSS330','p2'),('WSS368','p2'),('WSS377','p2'),('WSS383','p2'),('WSS387','p2'),('WSS397','p2'),('WSS402','p2'),('WSS403','p2'),('WSS407','p2'),('WSS413','p2'),('WSS414','p2'),('WSS419','p2'),('WSS455','p2'),('WSS457','p2'),('WSS472','p2'),('WSS474','p2'),('WSS482','p2'),('WSS483','p2'),('WSS493','p2'),('WSS497','p2'),('WSS512','p2'),('WSS513','p2'),('WSS524','p2'),('WSS527','p2'),('WSS548','p2'),('WSS549','p2'),('WSS553','p2'),('WSS556','p2'),('WSS558','p2'),('WSS565','p2'),('WSS569','p2'),('WSS583','p2'),('WSS588','p2'),('WSS592','p2'),('WSS602','p2'),('WSS603','p2'),('WSS605','p2'),('WSS63','p2'),('WSS632','p2'),('WSS646','p2'),('WSS65','p2'),('WSS691','p2'),('WSS699','p2'),('WSS704','p2'),('WSS737','p2'),('WSS74','p2'),('WSS742','p2'),('WSS748','p2'),('WSS762','p2'),('WSS775','p2'),('WSS797','p2'),('WSS80','p2'),('WSS801','p2'),('WSS803','p2'),('WSS806','p2'),('WSS813','p2'),('WSS816','p2'),('WSS823','p2'),('WSS824','p2'),('WSS827','p2'),('WSS828','p2'),('WSS838','p2'),('WSS856','p2'),('WSS861','p2'),('WSS862','p2'),('WSS870','p2'),('WSS872','p2'),('WSS873','p2'),('WSS877','p2'),('WSS879','p2'),('WSS883','p2'),('WSS903','p2'),('WSS913','p2'),('WSS915','p2'),('WSS92','p2'),('WSS925','p2'),('WSS931','p2'),('WSS935','p2'),('WSS94','p2'),('WSS943','p2'),('WSS947','p2'),('WSS949','p2'),('WSS961','p2'),('WSS962','p2'),('WSS969','p2'),('WSS971','p2'),('WSS994','p2'),('WSS997','p2'),('WSS114','p20'),('WSS124','p20'),('WSS125','p20'),('WSS128','p20'),('WSS131','p20'),('WSS14','p20'),('WSS151','p20'),('WSS153','p20'),('WSS156','p20'),('WSS16','p20'),('WSS162','p20'),('WSS167','p20'),('WSS18','p20'),('WSS195','p20'),('WSS197','p20'),('WSS225','p20'),('WSS23','p20'),('WSS247','p20'),('WSS264','p20'),('WSS275','p20'),('WSS302','p20'),('WSS312','p20'),('WSS325','p20'),('WSS343','p20'),('WSS357','p20'),('WSS359','p20'),('WSS362','p20'),('WSS37','p20'),('WSS378','p20'),('WSS380','p20'),('WSS382','p20'),('WSS385','p20'),('WSS392','p20'),('WSS395','p20'),('WSS398','p20'),('WSS406','p20'),('WSS408','p20'),('WSS411','p20'),('WSS416','p20'),('WSS420','p20'),('WSS425','p20'),('WSS429','p20'),('WSS441','p20'),('WSS454','p20'),('WSS462','p20'),('WSS470','p20'),('WSS473','p20'),('WSS478','p20'),('WSS489','p20'),('WSS490','p20'),('WSS510','p20'),('WSS512','p20'),('WSS521','p20'),('WSS53','p20'),('WSS530','p20'),('WSS535','p20'),('WSS536','p20'),('WSS546','p20'),('WSS550','p20'),('WSS551','p20'),('WSS556','p20'),('WSS557','p20'),('WSS570','p20'),('WSS596','p20'),('WSS597','p20'),('WSS600','p20'),('WSS610','p20'),('WSS612','p20'),('WSS615','p20'),('WSS618','p20'),('WSS639','p20'),('WSS640','p20'),('WSS643','p20'),('WSS645','p20'),('WSS648','p20'),('WSS66','p20'),('WSS669','p20'),('WSS675','p20'),('WSS684','p20'),('WSS691','p20'),('WSS706','p20'),('WSS715','p20'),('WSS719','p20'),('WSS72','p20'),('WSS729','p20'),('WSS73','p20'),('WSS730','p20'),('WSS74','p20'),('WSS747','p20'),('WSS752','p20'),('WSS754','p20'),('WSS763','p20'),('WSS778','p20'),('WSS781','p20'),('WSS790','p20'),('WSS792','p20'),('WSS800','p20'),('WSS809','p20'),('WSS82','p20'),('WSS823','p20'),('WSS824','p20'),('WSS839','p20'),('WSS852','p20'),('WSS853','p20'),('WSS855','p20'),('WSS857','p20'),('WSS862','p20'),('WSS871','p20'),('WSS872','p20'),('WSS875','p20'),('WSS894','p20'),('WSS896','p20'),('WSS908','p20'),('WSS917','p20'),('WSS93','p20'),('WSS945','p20'),('WSS956','p20'),('WSS96','p20'),('WSS963','p20'),('WSS964','p20'),('WSS11','p21'),('WSS117','p21'),('WSS121','p21'),('WSS149','p21'),('WSS165','p21'),('WSS17','p21'),('WSS172','p21'),('WSS174','p21'),('WSS195','p21'),('WSS205','p21'),('WSS208','p21'),('WSS225','p21'),('WSS23','p21'),('WSS241','p21'),('WSS249','p21'),('WSS253','p21'),('WSS263','p21'),('WSS278','p21'),('WSS279','p21'),('WSS30','p21'),('WSS313','p21'),('WSS322','p21'),('WSS33','p21'),('WSS341','p21'),('WSS343','p21'),('WSS347','p21'),('WSS348','p21'),('WSS358','p21'),('WSS373','p21'),('WSS377','p21'),('WSS384','p21'),('WSS396','p21'),('WSS428','p21'),('WSS439','p21'),('WSS441','p21'),('WSS467','p21'),('WSS488','p21'),('WSS51','p21'),('WSS512','p21'),('WSS521','p21'),('WSS534','p21'),('WSS551','p21'),('WSS558','p21'),('WSS571','p21'),('WSS572','p21'),('WSS577','p21'),('WSS578','p21'),('WSS593','p21'),('WSS660','p21'),('WSS672','p21'),('WSS673','p21'),('WSS677','p21'),('WSS68','p21'),('WSS682','p21'),('WSS683','p21'),('WSS690','p21'),('WSS704','p21'),('WSS706','p21'),('WSS717','p21'),('WSS721','p21'),('WSS724','p21'),('WSS743','p21'),('WSS753','p21'),('WSS756','p21'),('WSS758','p21'),('WSS762','p21'),('WSS777','p21'),('WSS786','p21'),('WSS791','p21'),('WSS806','p21'),('WSS820','p21'),('WSS822','p21'),('WSS829','p21'),('WSS83','p21'),('WSS835','p21'),('WSS845','p21'),('WSS852','p21'),('WSS858','p21'),('WSS886','p21'),('WSS897','p21'),('WSS9','p21'),('WSS90','p21'),('WSS906','p21'),('WSS907','p21'),('WSS908','p21'),('WSS915','p21'),('WSS933','p21'),('WSS956','p21'),('WSS957','p21'),('WSS974','p21'),('WSS992','p21'),('WSS996','p21'),('WSS101','p22'),('WSS110','p22'),('WSS115','p22'),('WSS117','p22'),('WSS118','p22'),('WSS12','p22'),('WSS14','p22'),('WSS144','p22'),('WSS150','p22'),('WSS151','p22'),('WSS163','p22'),('WSS169','p22'),('WSS170','p22'),('WSS172','p22'),('WSS179','p22'),('WSS184','p22'),('WSS187','p22'),('WSS19','p22'),('WSS192','p22'),('WSS193','p22'),('WSS195','p22'),('WSS199','p22'),('WSS20','p22'),('WSS200','p22'),('WSS202','p22'),('WSS203','p22'),('WSS208','p22'),('WSS21','p22'),('WSS213','p22'),('WSS22','p22'),('WSS235','p22'),('WSS24','p22'),('WSS248','p22'),('WSS254','p22'),('WSS257','p22'),('WSS258','p22'),('WSS259','p22'),('WSS260','p22'),('WSS273','p22'),('WSS276','p22'),('WSS280','p22'),('WSS282','p22'),('WSS290','p22'),('WSS292','p22'),('WSS293','p22'),('WSS30','p22'),('WSS303','p22'),('WSS326','p22'),('WSS33','p22'),('WSS355','p22'),('WSS363','p22'),('WSS372','p22'),('WSS373','p22'),('WSS374','p22'),('WSS375','p22'),('WSS384','p22'),('WSS386','p22'),('WSS401','p22'),('WSS41','p22'),('WSS420','p22'),('WSS422','p22'),('WSS423','p22'),('WSS427','p22'),('WSS436','p22'),('WSS45','p22'),('WSS452','p22'),('WSS456','p22'),('WSS466','p22'),('WSS472','p22'),('WSS478','p22'),('WSS480','p22'),('WSS487','p22'),('WSS491','p22'),('WSS493','p22'),('WSS503','p22'),('WSS519','p22'),('WSS533','p22'),('WSS540','p22'),('WSS554','p22'),('WSS556','p22'),('WSS566','p22'),('WSS571','p22'),('WSS574','p22'),('WSS579','p22'),('WSS58','p22'),('WSS584','p22'),('WSS590','p22'),('WSS591','p22'),('WSS600','p22'),('WSS607','p22'),('WSS615','p22'),('WSS617','p22'),('WSS622','p22'),('WSS629','p22'),('WSS63','p22'),('WSS64','p22'),('WSS646','p22'),('WSS659','p22'),('WSS66','p22'),('WSS666','p22'),('WSS672','p22'),('WSS674','p22'),('WSS689','p22'),('WSS700','p22'),('WSS705','p22'),('WSS706','p22'),('WSS710','p22'),('WSS714','p22'),('WSS715','p22'),('WSS721','p22'),('WSS728','p22'),('WSS73','p22'),('WSS736','p22'),('WSS750','p22'),('WSS754','p22'),('WSS755','p22'),('WSS757','p22'),('WSS764','p22'),('WSS784','p22'),('WSS79','p22'),('WSS796','p22'),('WSS797','p22'),('WSS809','p22'),('WSS816','p22'),('WSS818','p22'),('WSS820','p22'),('WSS821','p22'),('WSS830','p22'),('WSS839','p22'),('WSS841','p22'),('WSS85','p22'),('WSS850','p22'),('WSS851','p22'),('WSS863','p22'),('WSS870','p22'),('WSS873','p22'),('WSS874','p22'),('WSS901','p22'),('WSS906','p22'),('WSS908','p22'),('WSS911','p22'),('WSS931','p22'),('WSS941','p22'),('WSS944','p22'),('WSS946','p22'),('WSS955','p22'),('WSS966','p22'),('WSS973','p22'),('WSS975','p22'),('WSS98','p22'),('WSS980','p22'),('WSS990','p22'),('WSS992','p22'),('WSS998','p22'),('WSS10','p23'),('WSS1000','p23'),('WSS102','p23'),('WSS124','p23'),('WSS158','p23'),('WSS159','p23'),('WSS168','p23'),('WSS170','p23'),('WSS2','p23'),('WSS209','p23'),('WSS214','p23'),('WSS231','p23'),('WSS238','p23'),('WSS239','p23'),('WSS24','p23'),('WSS242','p23'),('WSS259','p23'),('WSS266','p23'),('WSS273','p23'),('WSS286','p23'),('WSS288','p23'),('WSS302','p23'),('WSS305','p23'),('WSS311','p23'),('WSS316','p23'),('WSS317','p23'),('WSS322','p23'),('WSS337','p23'),('WSS34','p23'),('WSS342','p23'),('WSS363','p23'),('WSS364','p23'),('WSS37','p23'),('WSS374','p23'),('WSS376','p23'),('WSS395','p23'),('WSS399','p23'),('WSS4','p23'),('WSS402','p23'),('WSS405','p23'),('WSS407','p23'),('WSS412','p23'),('WSS415','p23'),('WSS421','p23'),('WSS426','p23'),('WSS427','p23'),('WSS433','p23'),('WSS451','p23'),('WSS473','p23'),('WSS476','p23'),('WSS479','p23'),('WSS48','p23'),('WSS485','p23'),('WSS499','p23'),('WSS500','p23'),('WSS508','p23'),('WSS511','p23'),('WSS541','p23'),('WSS55','p23'),('WSS554','p23'),('WSS56','p23'),('WSS561','p23'),('WSS568','p23'),('WSS574','p23'),('WSS58','p23'),('WSS584','p23'),('WSS590','p23'),('WSS592','p23'),('WSS597','p23'),('WSS604','p23'),('WSS605','p23'),('WSS616','p23'),('WSS626','p23'),('WSS630','p23'),('WSS631','p23'),('WSS636','p23'),('WSS640','p23'),('WSS643','p23'),('WSS68','p23'),('WSS699','p23'),('WSS708','p23'),('WSS711','p23'),('WSS732','p23'),('WSS734','p23'),('WSS741','p23'),('WSS753','p23'),('WSS755','p23'),('WSS760','p23'),('WSS764','p23'),('WSS765','p23'),('WSS767','p23'),('WSS780','p23'),('WSS796','p23'),('WSS799','p23'),('WSS8','p23'),('WSS80','p23'),('WSS846','p23'),('WSS858','p23'),('WSS860','p23'),('WSS885','p23'),('WSS897','p23'),('WSS899','p23'),('WSS90','p23'),('WSS923','p23'),('WSS929','p23'),('WSS934','p23'),('WSS936','p23'),('WSS971','p23'),('WSS983','p23'),('WSS988','p23'),('WSS999','p23'),('WSS101','p24'),('WSS106','p24'),('WSS110','p24'),('WSS114','p24'),('WSS117','p24'),('WSS126','p24'),('WSS128','p24'),('WSS130','p24'),('WSS133','p24'),('WSS134','p24'),('WSS135','p24'),('WSS143','p24'),('WSS151','p24'),('WSS194','p24'),('WSS205','p24'),('WSS207','p24'),('WSS214','p24'),('WSS218','p24'),('WSS230','p24'),('WSS234','p24'),('WSS239','p24'),('WSS240','p24'),('WSS245','p24'),('WSS247','p24'),('WSS253','p24'),('WSS278','p24'),('WSS281','p24'),('WSS30','p24'),('WSS304','p24'),('WSS311','p24'),('WSS314','p24'),('WSS323','p24'),('WSS324','p24'),('WSS331','p24'),('WSS341','p24'),('WSS380','p24'),('WSS391','p24'),('WSS393','p24'),('WSS403','p24'),('WSS416','p24'),('WSS421','p24'),('WSS425','p24'),('WSS427','p24'),('WSS44','p24'),('WSS454','p24'),('WSS455','p24'),('WSS487','p24'),('WSS492','p24'),('WSS50','p24'),('WSS505','p24'),('WSS518','p24'),('WSS519','p24'),('WSS522','p24'),('WSS524','p24'),('WSS526','p24'),('WSS530','p24'),('WSS545','p24'),('WSS557','p24'),('WSS565','p24'),('WSS574','p24'),('WSS576','p24'),('WSS578','p24'),('WSS58','p24'),('WSS59','p24'),('WSS596','p24'),('WSS606','p24'),('WSS608','p24'),('WSS614','p24'),('WSS633','p24'),('WSS643','p24'),('WSS645','p24'),('WSS652','p24'),('WSS663','p24'),('WSS692','p24'),('WSS710','p24'),('WSS711','p24'),('WSS724','p24'),('WSS725','p24'),('WSS735','p24'),('WSS737','p24'),('WSS743','p24'),('WSS757','p24'),('WSS76','p24'),('WSS766','p24'),('WSS769','p24'),('WSS77','p24'),('WSS78','p24'),('WSS788','p24'),('WSS793','p24'),('WSS798','p24'),('WSS804','p24'),('WSS805','p24'),('WSS810','p24'),('WSS820','p24'),('WSS826','p24'),('WSS837','p24'),('WSS856','p24'),('WSS861','p24'),('WSS865','p24'),('WSS867','p24'),('WSS880','p24'),('WSS884','p24'),('WSS899','p24'),('WSS904','p24'),('WSS910','p24'),('WSS916','p24'),('WSS933','p24'),('WSS94','p24'),('WSS946','p24'),('WSS95','p24'),('WSS952','p24'),('WSS961','p24'),('WSS968','p24'),('WSS989','p24'),('WSS103','p25'),('WSS104','p25'),('WSS108','p25'),('WSS109','p25'),('WSS110','p25'),('WSS119','p25'),('WSS12','p25'),('WSS123','p25'),('WSS124','p25'),('WSS13','p25'),('WSS133','p25'),('WSS139','p25'),('WSS147','p25'),('WSS148','p25'),('WSS159','p25'),('WSS161','p25'),('WSS162','p25'),('WSS194','p25'),('WSS197','p25'),('WSS199','p25'),('WSS2','p25'),('WSS203','p25'),('WSS21','p25'),('WSS23','p25'),('WSS258','p25'),('WSS265','p25'),('WSS267','p25'),('WSS289','p25'),('WSS292','p25'),('WSS298','p25'),('WSS30','p25'),('WSS306','p25'),('WSS313','p25'),('WSS314','p25'),('WSS316','p25'),('WSS318','p25'),('WSS320','p25'),('WSS332','p25'),('WSS342','p25'),('WSS353','p25'),('WSS356','p25'),('WSS38','p25'),('WSS382','p25'),('WSS387','p25'),('WSS388','p25'),('WSS409','p25'),('WSS430','p25'),('WSS431','p25'),('WSS432','p25'),('WSS453','p25'),('WSS459','p25'),('WSS474','p25'),('WSS481','p25'),('WSS488','p25'),('WSS49','p25'),('WSS491','p25'),('WSS494','p25'),('WSS510','p25'),('WSS515','p25'),('WSS528','p25'),('WSS550','p25'),('WSS555','p25'),('WSS570','p25'),('WSS572','p25'),('WSS576','p25'),('WSS577','p25'),('WSS579','p25'),('WSS591','p25'),('WSS594','p25'),('WSS60','p25'),('WSS606','p25'),('WSS61','p25'),('WSS611','p25'),('WSS619','p25'),('WSS628','p25'),('WSS635','p25'),('WSS642','p25'),('WSS648','p25'),('WSS657','p25'),('WSS658','p25'),('WSS674','p25'),('WSS675','p25'),('WSS691','p25'),('WSS699','p25'),('WSS702','p25'),('WSS722','p25'),('WSS728','p25'),('WSS731','p25'),('WSS738','p25'),('WSS743','p25'),('WSS746','p25'),('WSS748','p25'),('WSS750','p25'),('WSS758','p25'),('WSS76','p25'),('WSS760','p25'),('WSS77','p25'),('WSS775','p25'),('WSS776','p25'),('WSS78','p25'),('WSS795','p25'),('WSS799','p25'),('WSS801','p25'),('WSS81','p25'),('WSS822','p25'),('WSS826','p25'),('WSS850','p25'),('WSS853','p25'),('WSS877','p25'),('WSS879','p25'),('WSS883','p25'),('WSS887','p25'),('WSS89','p25'),('WSS893','p25'),('WSS909','p25'),('WSS918','p25'),('WSS924','p25'),('WSS926','p25'),('WSS930','p25'),('WSS931','p25'),('WSS941','p25'),('WSS95','p25'),('WSS953','p25'),('WSS962','p25'),('WSS977','p25'),('WSS981','p25'),('WSS986','p25'),('WSS995','p25'),('WSS100','p26'),('WSS109','p26'),('WSS13','p26'),('WSS132','p26'),('WSS142','p26'),('WSS143','p26'),('WSS158','p26'),('WSS169','p26'),('WSS182','p26'),('WSS186','p26'),('WSS188','p26'),('WSS206','p26'),('WSS216','p26'),('WSS23','p26'),('WSS234','p26'),('WSS236','p26'),('WSS244','p26'),('WSS245','p26'),('WSS248','p26'),('WSS250','p26'),('WSS254','p26'),('WSS259','p26'),('WSS260','p26'),('WSS263','p26'),('WSS275','p26'),('WSS283','p26'),('WSS285','p26'),('WSS305','p26'),('WSS31','p26'),('WSS312','p26'),('WSS316','p26'),('WSS32','p26'),('WSS323','p26'),('WSS327','p26'),('WSS333','p26'),('WSS334','p26'),('WSS338','p26'),('WSS343','p26'),('WSS345','p26'),('WSS359','p26'),('WSS368','p26'),('WSS369','p26'),('WSS371','p26'),('WSS381','p26'),('WSS392','p26'),('WSS4','p26'),('WSS402','p26'),('WSS405','p26'),('WSS406','p26'),('WSS418','p26'),('WSS433','p26'),('WSS438','p26'),('WSS445','p26'),('WSS45','p26'),('WSS456','p26'),('WSS475','p26'),('WSS480','p26'),('WSS487','p26'),('WSS493','p26'),('WSS494','p26'),('WSS501','p26'),('WSS536','p26'),('WSS538','p26'),('WSS549','p26'),('WSS572','p26'),('WSS574','p26'),('WSS58','p26'),('WSS584','p26'),('WSS605','p26'),('WSS608','p26'),('WSS623','p26'),('WSS627','p26'),('WSS637','p26'),('WSS638','p26'),('WSS659','p26'),('WSS668','p26'),('WSS675','p26'),('WSS681','p26'),('WSS689','p26'),('WSS690','p26'),('WSS7','p26'),('WSS733','p26'),('WSS745','p26'),('WSS748','p26'),('WSS753','p26'),('WSS754','p26'),('WSS767','p26'),('WSS784','p26'),('WSS792','p26'),('WSS807','p26'),('WSS810','p26'),('WSS814','p26'),('WSS825','p26'),('WSS836','p26'),('WSS840','p26'),('WSS847','p26'),('WSS848','p26'),('WSS851','p26'),('WSS860','p26'),('WSS868','p26'),('WSS877','p26'),('WSS879','p26'),('WSS882','p26'),('WSS914','p26'),('WSS925','p26'),('WSS958','p26'),('WSS961','p26'),('WSS97','p26'),('WSS970','p26'),('WSS981','p26'),('WSS10','p27'),('WSS1000','p27'),('WSS104','p27'),('WSS113','p27'),('WSS116','p27'),('WSS117','p27'),('WSS120','p27'),('WSS122','p27'),('WSS124','p27'),('WSS133','p27'),('WSS134','p27'),('WSS154','p27'),('WSS161','p27'),('WSS164','p27'),('WSS170','p27'),('WSS171','p27'),('WSS185','p27'),('WSS186','p27'),('WSS19','p27'),('WSS222','p27'),('WSS224','p27'),('WSS228','p27'),('WSS229','p27'),('WSS232','p27'),('WSS234','p27'),('WSS236','p27'),('WSS247','p27'),('WSS248','p27'),('WSS25','p27'),('WSS251','p27'),('WSS253','p27'),('WSS26','p27'),('WSS261','p27'),('WSS264','p27'),('WSS269','p27'),('WSS274','p27'),('WSS28','p27'),('WSS298','p27'),('WSS302','p27'),('WSS307','p27'),('WSS313','p27'),('WSS325','p27'),('WSS326','p27'),('WSS329','p27'),('WSS339','p27'),('WSS354','p27'),('WSS359','p27'),('WSS372','p27'),('WSS385','p27'),('WSS387','p27'),('WSS393','p27'),('WSS414','p27'),('WSS419','p27'),('WSS42','p27'),('WSS423','p27'),('WSS427','p27'),('WSS428','p27'),('WSS441','p27'),('WSS442','p27'),('WSS443','p27'),('WSS462','p27'),('WSS472','p27'),('WSS48','p27'),('WSS491','p27'),('WSS501','p27'),('WSS518','p27'),('WSS523','p27'),('WSS528','p27'),('WSS533','p27'),('WSS541','p27'),('WSS544','p27'),('WSS551','p27'),('WSS555','p27'),('WSS567','p27'),('WSS57','p27'),('WSS575','p27'),('WSS581','p27'),('WSS597','p27'),('WSS62','p27'),('WSS633','p27'),('WSS648','p27'),('WSS649','p27'),('WSS671','p27'),('WSS7','p27'),('WSS713','p27'),('WSS716','p27'),('WSS73','p27'),('WSS750','p27'),('WSS78','p27'),('WSS785','p27'),('WSS789','p27'),('WSS794','p27'),('WSS808','p27'),('WSS816','p27'),('WSS821','p27'),('WSS829','p27'),('WSS832','p27'),('WSS849','p27'),('WSS851','p27'),('WSS859','p27'),('WSS867','p27'),('WSS869','p27'),('WSS87','p27'),('WSS886','p27'),('WSS891','p27'),('WSS898','p27'),('WSS908','p27'),('WSS91','p27'),('WSS910','p27'),('WSS915','p27'),('WSS922','p27'),('WSS933','p27'),('WSS938','p27'),('WSS959','p27'),('WSS981','p27'),('WSS983','p27'),('WSS99','p27'),('WSS1','p28'),('WSS105','p28'),('WSS107','p28'),('WSS109','p28'),('WSS113','p28'),('WSS132','p28'),('WSS150','p28'),('WSS154','p28'),('WSS156','p28'),('WSS16','p28'),('WSS160','p28'),('WSS163','p28'),('WSS170','p28'),('WSS183','p28'),('WSS185','p28'),('WSS200','p28'),('WSS203','p28'),('WSS218','p28'),('WSS227','p28'),('WSS24','p28'),('WSS257','p28'),('WSS262','p28'),('WSS268','p28'),('WSS284','p28'),('WSS287','p28'),('WSS29','p28'),('WSS292','p28'),('WSS293','p28'),('WSS294','p28'),('WSS295','p28'),('WSS303','p28'),('WSS306','p28'),('WSS315','p28'),('WSS317','p28'),('WSS325','p28'),('WSS332','p28'),('WSS344','p28'),('WSS365','p28'),('WSS371','p28'),('WSS374','p28'),('WSS380','p28'),('WSS410','p28'),('WSS417','p28'),('WSS418','p28'),('WSS436','p28'),('WSS438','p28'),('WSS444','p28'),('WSS448','p28'),('WSS459','p28'),('WSS466','p28'),('WSS491','p28'),('WSS492','p28'),('WSS50','p28'),('WSS502','p28'),('WSS503','p28'),('WSS504','p28'),('WSS513','p28'),('WSS514','p28'),('WSS518','p28'),('WSS52','p28'),('WSS523','p28'),('WSS526','p28'),('WSS530','p28'),('WSS538','p28'),('WSS546','p28'),('WSS550','p28'),('WSS553','p28'),('WSS561','p28'),('WSS564','p28'),('WSS568','p28'),('WSS573','p28'),('WSS575','p28'),('WSS59','p28'),('WSS591','p28'),('WSS614','p28'),('WSS621','p28'),('WSS629','p28'),('WSS65','p28'),('WSS650','p28'),('WSS656','p28'),('WSS665','p28'),('WSS696','p28'),('WSS698','p28'),('WSS702','p28'),('WSS725','p28'),('WSS75','p28'),('WSS752','p28'),('WSS759','p28'),('WSS772','p28'),('WSS780','p28'),('WSS790','p28'),('WSS801','p28'),('WSS810','p28'),('WSS815','p28'),('WSS828','p28'),('WSS836','p28'),('WSS86','p28'),('WSS860','p28'),('WSS865','p28'),('WSS867','p28'),('WSS885','p28'),('WSS889','p28'),('WSS898','p28'),('WSS9','p28'),('WSS901','p28'),('WSS903','p28'),('WSS92','p28'),('WSS927','p28'),('WSS934','p28'),('WSS935','p28'),('WSS940','p28'),('WSS956','p28'),('WSS958','p28'),('WSS975','p28'),('WSS989','p28'),('WSS990','p28'),('WSS135','p29'),('WSS136','p29'),('WSS140','p29'),('WSS157','p29'),('WSS199','p29'),('WSS205','p29'),('WSS219','p29'),('WSS221','p29'),('WSS226','p29'),('WSS227','p29'),('WSS233','p29'),('WSS243','p29'),('WSS254','p29'),('WSS261','p29'),('WSS263','p29'),('WSS270','p29'),('WSS277','p29'),('WSS279','p29'),('WSS282','p29'),('WSS286','p29'),('WSS305','p29'),('WSS314','p29'),('WSS323','p29'),('WSS324','p29'),('WSS329','p29'),('WSS338','p29'),('WSS341','p29'),('WSS345','p29'),('WSS352','p29'),('WSS362','p29'),('WSS367','p29'),('WSS368','p29'),('WSS379','p29'),('WSS386','p29'),('WSS396','p29'),('WSS400','p29'),('WSS402','p29'),('WSS404','p29'),('WSS405','p29'),('WSS412','p29'),('WSS413','p29'),('WSS415','p29'),('WSS419','p29'),('WSS42','p29'),('WSS422','p29'),('WSS429','p29'),('WSS430','p29'),('WSS435','p29'),('WSS437','p29'),('WSS439','p29'),('WSS462','p29'),('WSS463','p29'),('WSS467','p29'),('WSS473','p29'),('WSS475','p29'),('WSS498','p29'),('WSS499','p29'),('WSS513','p29'),('WSS527','p29'),('WSS530','p29'),('WSS533','p29'),('WSS537','p29'),('WSS556','p29'),('WSS560','p29'),('WSS585','p29'),('WSS6','p29'),('WSS604','p29'),('WSS606','p29'),('WSS621','p29'),('WSS625','p29'),('WSS626','p29'),('WSS632','p29'),('WSS638','p29'),('WSS644','p29'),('WSS646','p29'),('WSS65','p29'),('WSS667','p29'),('WSS670','p29'),('WSS673','p29'),('WSS684','p29'),('WSS695','p29'),('WSS70','p29'),('WSS729','p29'),('WSS731','p29'),('WSS732','p29'),('WSS742','p29'),('WSS747','p29'),('WSS756','p29'),('WSS757','p29'),('WSS765','p29'),('WSS766','p29'),('WSS77','p29'),('WSS784','p29'),('WSS79','p29'),('WSS792','p29'),('WSS804','p29'),('WSS811','p29'),('WSS820','p29'),('WSS824','p29'),('WSS83','p29'),('WSS837','p29'),('WSS84','p29'),('WSS862','p29'),('WSS864','p29'),('WSS88','p29'),('WSS902','p29'),('WSS905','p29'),('WSS908','p29'),('WSS909','p29'),('WSS913','p29'),('WSS918','p29'),('WSS920','p29'),('WSS921','p29'),('WSS922','p29'),('WSS929','p29'),('WSS932','p29'),('WSS939','p29'),('WSS940','p29'),('WSS943','p29'),('WSS948','p29'),('WSS95','p29'),('WSS954','p29'),('WSS960','p29'),('WSS973','p29'),('WSS974','p29'),('WSS980','p29'),('WSS987','p29'),('WSS99','p29'),('WSS991','p29'),('WSS997','p29'),('WSS117','p3'),('WSS133','p3'),('WSS142','p3'),('WSS153','p3'),('WSS154','p3'),('WSS164','p3'),('WSS165','p3'),('WSS177','p3'),('WSS18','p3'),('WSS197','p3'),('WSS212','p3'),('WSS214','p3'),('WSS220','p3'),('WSS222','p3'),('WSS231','p3'),('WSS235','p3'),('WSS248','p3'),('WSS250','p3'),('WSS271','p3'),('WSS272','p3'),('WSS277','p3'),('WSS289','p3'),('WSS29','p3'),('WSS306','p3'),('WSS310','p3'),('WSS339','p3'),('WSS341','p3'),('WSS347','p3'),('WSS399','p3'),('WSS403','p3'),('WSS406','p3'),('WSS407','p3'),('WSS408','p3'),('WSS41','p3'),('WSS416','p3'),('WSS436','p3'),('WSS438','p3'),('WSS455','p3'),('WSS469','p3'),('WSS47','p3'),('WSS471','p3'),('WSS476','p3'),('WSS489','p3'),('WSS492','p3'),('WSS510','p3'),('WSS516','p3'),('WSS520','p3'),('WSS521','p3'),('WSS531','p3'),('WSS546','p3'),('WSS547','p3'),('WSS549','p3'),('WSS566','p3'),('WSS567','p3'),('WSS577','p3'),('WSS578','p3'),('WSS581','p3'),('WSS599','p3'),('WSS603','p3'),('WSS605','p3'),('WSS62','p3'),('WSS623','p3'),('WSS625','p3'),('WSS626','p3'),('WSS634','p3'),('WSS641','p3'),('WSS649','p3'),('WSS661','p3'),('WSS664','p3'),('WSS667','p3'),('WSS677','p3'),('WSS679','p3'),('WSS682','p3'),('WSS684','p3'),('WSS688','p3'),('WSS697','p3'),('WSS70','p3'),('WSS719','p3'),('WSS727','p3'),('WSS739','p3'),('WSS745','p3'),('WSS760','p3'),('WSS762','p3'),('WSS772','p3'),('WSS774','p3'),('WSS785','p3'),('WSS788','p3'),('WSS801','p3'),('WSS802','p3'),('WSS810','p3'),('WSS826','p3'),('WSS833','p3'),('WSS835','p3'),('WSS838','p3'),('WSS840','p3'),('WSS843','p3'),('WSS850','p3'),('WSS856','p3'),('WSS878','p3'),('WSS880','p3'),('WSS882','p3'),('WSS883','p3'),('WSS887','p3'),('WSS891','p3'),('WSS909','p3'),('WSS911','p3'),('WSS936','p3'),('WSS939','p3'),('WSS963','p3'),('WSS976','p3'),('WSS988','p3'),('WSS989','p3'),('WSS101','p30'),('WSS11','p30'),('WSS122','p30'),('WSS130','p30'),('WSS131','p30'),('WSS155','p30'),('WSS169','p30'),('WSS174','p30'),('WSS177','p30'),('WSS178','p30'),('WSS181','p30'),('WSS188','p30'),('WSS237','p30'),('WSS239','p30'),('WSS241','p30'),('WSS251','p30'),('WSS26','p30'),('WSS264','p30'),('WSS289','p30'),('WSS294','p30'),('WSS295','p30'),('WSS298','p30'),('WSS3','p30'),('WSS304','p30'),('WSS308','p30'),('WSS31','p30'),('WSS318','p30'),('WSS337','p30'),('WSS346','p30'),('WSS351','p30'),('WSS371','p30'),('WSS377','p30'),('WSS380','p30'),('WSS387','p30'),('WSS390','p30'),('WSS392','p30'),('WSS395','p30'),('WSS417','p30'),('WSS418','p30'),('WSS422','p30'),('WSS424','p30'),('WSS444','p30'),('WSS445','p30'),('WSS446','p30'),('WSS450','p30'),('WSS453','p30'),('WSS466','p30'),('WSS48','p30'),('WSS485','p30'),('WSS490','p30'),('WSS504','p30'),('WSS534','p30'),('WSS554','p30'),('WSS566','p30'),('WSS580','p30'),('WSS589','p30'),('WSS593','p30'),('WSS60','p30'),('WSS604','p30'),('WSS61','p30'),('WSS630','p30'),('WSS636','p30'),('WSS645','p30'),('WSS648','p30'),('WSS652','p30'),('WSS656','p30'),('WSS664','p30'),('WSS668','p30'),('WSS688','p30'),('WSS695','p30'),('WSS698','p30'),('WSS708','p30'),('WSS725','p30'),('WSS729','p30'),('WSS734','p30'),('WSS741','p30'),('WSS764','p30'),('WSS767','p30'),('WSS770','p30'),('WSS773','p30'),('WSS776','p30'),('WSS789','p30'),('WSS79','p30'),('WSS793','p30'),('WSS797','p30'),('WSS806','p30'),('WSS807','p30'),('WSS829','p30'),('WSS848','p30'),('WSS863','p30'),('WSS887','p30'),('WSS901','p30'),('WSS903','p30'),('WSS913','p30'),('WSS919','p30'),('WSS921','p30'),('WSS930','p30'),('WSS934','p30'),('WSS949','p30'),('WSS988','p30'),('WSS990','p30'),('WSS991','p30'),('WSS993','p30'),('WSS101','p31'),('WSS104','p31'),('WSS106','p31'),('WSS107','p31'),('WSS118','p31'),('WSS120','p31'),('WSS123','p31'),('WSS127','p31'),('WSS134','p31'),('WSS165','p31'),('WSS17','p31'),('WSS179','p31'),('WSS18','p31'),('WSS183','p31'),('WSS215','p31'),('WSS228','p31'),('WSS231','p31'),('WSS234','p31'),('WSS237','p31'),('WSS241','p31'),('WSS244','p31'),('WSS253','p31'),('WSS256','p31'),('WSS279','p31'),('WSS310','p31'),('WSS324','p31'),('WSS340','p31'),('WSS349','p31'),('WSS35','p31'),('WSS350','p31'),('WSS358','p31'),('WSS388','p31'),('WSS397','p31'),('WSS406','p31'),('WSS448','p31'),('WSS452','p31'),('WSS456','p31'),('WSS474','p31'),('WSS476','p31'),('WSS480','p31'),('WSS483','p31'),('WSS484','p31'),('WSS495','p31'),('WSS50','p31'),('WSS503','p31'),('WSS509','p31'),('WSS511','p31'),('WSS517','p31'),('WSS522','p31'),('WSS532','p31'),('WSS539','p31'),('WSS543','p31'),('WSS547','p31'),('WSS56','p31'),('WSS565','p31'),('WSS573','p31'),('WSS580','p31'),('WSS582','p31'),('WSS584','p31'),('WSS588','p31'),('WSS590','p31'),('WSS600','p31'),('WSS604','p31'),('WSS607','p31'),('WSS611','p31'),('WSS620','p31'),('WSS621','p31'),('WSS644','p31'),('WSS647','p31'),('WSS650','p31'),('WSS655','p31'),('WSS664','p31'),('WSS67','p31'),('WSS672','p31'),('WSS677','p31'),('WSS682','p31'),('WSS687','p31'),('WSS697','p31'),('WSS698','p31'),('WSS7','p31'),('WSS703','p31'),('WSS704','p31'),('WSS724','p31'),('WSS733','p31'),('WSS740','p31'),('WSS752','p31'),('WSS76','p31'),('WSS763','p31'),('WSS766','p31'),('WSS782','p31'),('WSS787','p31'),('WSS792','p31'),('WSS798','p31'),('WSS805','p31'),('WSS808','p31'),('WSS813','p31'),('WSS818','p31'),('WSS819','p31'),('WSS826','p31'),('WSS828','p31'),('WSS829','p31'),('WSS834','p31'),('WSS838','p31'),('WSS839','p31'),('WSS84','p31'),('WSS844','p31'),('WSS855','p31'),('WSS858','p31'),('WSS871','p31'),('WSS889','p31'),('WSS891','p31'),('WSS901','p31'),('WSS904','p31'),('WSS905','p31'),('WSS926','p31'),('WSS933','p31'),('WSS937','p31'),('WSS946','p31'),('WSS955','p31'),('WSS959','p31'),('WSS964','p31'),('WSS979','p31'),('WSS980','p31'),('WSS988','p31'),('WSS995','p31'),('WSS11','p32'),('WSS111','p32'),('WSS115','p32'),('WSS119','p32'),('WSS130','p32'),('WSS142','p32'),('WSS152','p32'),('WSS169','p32'),('WSS17','p32'),('WSS181','p32'),('WSS190','p32'),('WSS196','p32'),('WSS212','p32'),('WSS219','p32'),('WSS22','p32'),('WSS224','p32'),('WSS225','p32'),('WSS226','p32'),('WSS229','p32'),('WSS235','p32'),('WSS236','p32'),('WSS247','p32'),('WSS25','p32'),('WSS253','p32'),('WSS254','p32'),('WSS259','p32'),('WSS261','p32'),('WSS294','p32'),('WSS312','p32'),('WSS315','p32'),('WSS319','p32'),('WSS325','p32'),('WSS327','p32'),('WSS339','p32'),('WSS353','p32'),('WSS355','p32'),('WSS362','p32'),('WSS364','p32'),('WSS37','p32'),('WSS374','p32'),('WSS390','p32'),('WSS399','p32'),('WSS406','p32'),('WSS407','p32'),('WSS415','p32'),('WSS424','p32'),('WSS426','p32'),('WSS428','p32'),('WSS43','p32'),('WSS431','p32'),('WSS432','p32'),('WSS436','p32'),('WSS441','p32'),('WSS442','p32'),('WSS447','p32'),('WSS464','p32'),('WSS49','p32'),('WSS499','p32'),('WSS507','p32'),('WSS524','p32'),('WSS527','p32'),('WSS528','p32'),('WSS529','p32'),('WSS53','p32'),('WSS532','p32'),('WSS585','p32'),('WSS591','p32'),('WSS595','p32'),('WSS600','p32'),('WSS608','p32'),('WSS609','p32'),('WSS611','p32'),('WSS616','p32'),('WSS620','p32'),('WSS622','p32'),('WSS625','p32'),('WSS628','p32'),('WSS63','p32'),('WSS631','p32'),('WSS632','p32'),('WSS638','p32'),('WSS640','p32'),('WSS641','p32'),('WSS652','p32'),('WSS653','p32'),('WSS658','p32'),('WSS661','p32'),('WSS662','p32'),('WSS668','p32'),('WSS681','p32'),('WSS695','p32'),('WSS701','p32'),('WSS710','p32'),('WSS715','p32'),('WSS736','p32'),('WSS77','p32'),('WSS770','p32'),('WSS773','p32'),('WSS786','p32'),('WSS790','p32'),('WSS796','p32'),('WSS804','p32'),('WSS807','p32'),('WSS808','p32'),('WSS813','p32'),('WSS815','p32'),('WSS822','p32'),('WSS831','p32'),('WSS850','p32'),('WSS887','p32'),('WSS889','p32'),('WSS898','p32'),('WSS905','p32'),('WSS908','p32'),('WSS91','p32'),('WSS928','p32'),('WSS930','p32'),('WSS950','p32'),('WSS970','p32'),('WSS972','p32'),('WSS98','p32'),('WSS111','p33'),('WSS112','p33'),('WSS14','p33'),('WSS144','p33'),('WSS15','p33'),('WSS154','p33'),('WSS160','p33'),('WSS172','p33'),('WSS173','p33'),('WSS185','p33'),('WSS192','p33'),('WSS206','p33'),('WSS207','p33'),('WSS228','p33'),('WSS246','p33'),('WSS255','p33'),('WSS258','p33'),('WSS269','p33'),('WSS281','p33'),('WSS282','p33'),('WSS285','p33'),('WSS296','p33'),('WSS297','p33'),('WSS299','p33'),('WSS31','p33'),('WSS319','p33'),('WSS321','p33'),('WSS333','p33'),('WSS339','p33'),('WSS346','p33'),('WSS349','p33'),('WSS353','p33'),('WSS358','p33'),('WSS365','p33'),('WSS366','p33'),('WSS367','p33'),('WSS370','p33'),('WSS385','p33'),('WSS39','p33'),('WSS399','p33'),('WSS4','p33'),('WSS404','p33'),('WSS418','p33'),('WSS424','p33'),('WSS440','p33'),('WSS475','p33'),('WSS478','p33'),('WSS484','p33'),('WSS485','p33'),('WSS498','p33'),('WSS539','p33'),('WSS540','p33'),('WSS548','p33'),('WSS549','p33'),('WSS550','p33'),('WSS557','p33'),('WSS579','p33'),('WSS597','p33'),('WSS598','p33'),('WSS629','p33'),('WSS63','p33'),('WSS647','p33'),('WSS662','p33'),('WSS665','p33'),('WSS680','p33'),('WSS683','p33'),('WSS696','p33'),('WSS71','p33'),('WSS712','p33'),('WSS726','p33'),('WSS735','p33'),('WSS739','p33'),('WSS751','p33'),('WSS752','p33'),('WSS76','p33'),('WSS780','p33'),('WSS785','p33'),('WSS790','p33'),('WSS797','p33'),('WSS803','p33'),('WSS810','p33'),('WSS839','p33'),('WSS855','p33'),('WSS878','p33'),('WSS881','p33'),('WSS895','p33'),('WSS924','p33'),('WSS932','p33'),('WSS944','p33'),('WSS95','p33'),('WSS951','p33'),('WSS976','p33'),('WSS978','p33'),('WSS99','p33'),('WSS100','p34'),('WSS104','p34'),('WSS115','p34'),('WSS135','p34'),('WSS136','p34'),('WSS138','p34'),('WSS139','p34'),('WSS148','p34'),('WSS158','p34'),('WSS165','p34'),('WSS175','p34'),('WSS184','p34'),('WSS185','p34'),('WSS191','p34'),('WSS193','p34'),('WSS196','p34'),('WSS20','p34'),('WSS203','p34'),('WSS209','p34'),('WSS220','p34'),('WSS221','p34'),('WSS239','p34'),('WSS248','p34'),('WSS249','p34'),('WSS275','p34'),('WSS284','p34'),('WSS287','p34'),('WSS29','p34'),('WSS308','p34'),('WSS324','p34'),('WSS326','p34'),('WSS327','p34'),('WSS332','p34'),('WSS35','p34'),('WSS356','p34'),('WSS359','p34'),('WSS364','p34'),('WSS369','p34'),('WSS372','p34'),('WSS375','p34'),('WSS381','p34'),('WSS389','p34'),('WSS390','p34'),('WSS398','p34'),('WSS440','p34'),('WSS446','p34'),('WSS448','p34'),('WSS459','p34'),('WSS47','p34'),('WSS475','p34'),('WSS495','p34'),('WSS500','p34'),('WSS521','p34'),('WSS523','p34'),('WSS529','p34'),('WSS537','p34'),('WSS552','p34'),('WSS562','p34'),('WSS563','p34'),('WSS571','p34'),('WSS580','p34'),('WSS609','p34'),('WSS612','p34'),('WSS630','p34'),('WSS641','p34'),('WSS647','p34'),('WSS654','p34'),('WSS662','p34'),('WSS680','p34'),('WSS684','p34'),('WSS692','p34'),('WSS699','p34'),('WSS702','p34'),('WSS708','p34'),('WSS736','p34'),('WSS741','p34'),('WSS749','p34'),('WSS764','p34'),('WSS768','p34'),('WSS782','p34'),('WSS783','p34'),('WSS789','p34'),('WSS795','p34'),('WSS817','p34'),('WSS818','p34'),('WSS833','p34'),('WSS835','p34'),('WSS838','p34'),('WSS854','p34'),('WSS873','p34'),('WSS884','p34'),('WSS89','p34'),('WSS897','p34'),('WSS899','p34'),('WSS91','p34'),('WSS917','p34'),('WSS919','p34'),('WSS924','p34'),('WSS927','p34'),('WSS929','p34'),('WSS933','p34'),('WSS945','p34'),('WSS952','p34'),('WSS960','p34'),('WSS962','p34'),('WSS964','p34'),('WSS965','p34'),('WSS985','p34'),('WSS995','p34'),('WSS10','p35'),('WSS112','p35'),('WSS12','p35'),('WSS137','p35'),('WSS141','p35'),('WSS158','p35'),('WSS186','p35'),('WSS187','p35'),('WSS189','p35'),('WSS196','p35'),('WSS213','p35'),('WSS217','p35'),('WSS219','p35'),('WSS223','p35'),('WSS226','p35'),('WSS239','p35'),('WSS241','p35'),('WSS250','p35'),('WSS255','p35'),('WSS279','p35'),('WSS290','p35'),('WSS291','p35'),('WSS301','p35'),('WSS336','p35'),('WSS34','p35'),('WSS363','p35'),('WSS382','p35'),('WSS384','p35'),('WSS388','p35'),('WSS417','p35'),('WSS419','p35'),('WSS421','p35'),('WSS425','p35'),('WSS429','p35'),('WSS434','p35'),('WSS435','p35'),('WSS437','p35'),('WSS439','p35'),('WSS44','p35'),('WSS447','p35'),('WSS448','p35'),('WSS45','p35'),('WSS458','p35'),('WSS468','p35'),('WSS476','p35'),('WSS5','p35'),('WSS50','p35'),('WSS506','p35'),('WSS522','p35'),('WSS525','p35'),('WSS534','p35'),('WSS552','p35'),('WSS583','p35'),('WSS588','p35'),('WSS596','p35'),('WSS613','p35'),('WSS615','p35'),('WSS637','p35'),('WSS644','p35'),('WSS663','p35'),('WSS674','p35'),('WSS676','p35'),('WSS679','p35'),('WSS690','p35'),('WSS694','p35'),('WSS701','p35'),('WSS71','p35'),('WSS719','p35'),('WSS745','p35'),('WSS746','p35'),('WSS774','p35'),('WSS792','p35'),('WSS804','p35'),('WSS805','p35'),('WSS81','p35'),('WSS813','p35'),('WSS829','p35'),('WSS832','p35'),('WSS836','p35'),('WSS853','p35'),('WSS861','p35'),('WSS898','p35'),('WSS918','p35'),('WSS93','p35'),('WSS936','p35'),('WSS937','p35'),('WSS940','p35'),('WSS948','p35'),('WSS953','p35'),('WSS954','p35'),('WSS955','p35'),('WSS957','p35'),('WSS958','p35'),('WSS964','p35'),('WSS975','p35'),('WSS979','p35'),('WSS98','p35'),('WSS998','p35'),('WSS103','p36'),('WSS113','p36'),('WSS122','p36'),('WSS123','p36'),('WSS124','p36'),('WSS129','p36'),('WSS134','p36'),('WSS144','p36'),('WSS145','p36'),('WSS146','p36'),('WSS150','p36'),('WSS155','p36'),('WSS164','p36'),('WSS168','p36'),('WSS178','p36'),('WSS193','p36'),('WSS205','p36'),('WSS21','p36'),('WSS212','p36'),('WSS215','p36'),('WSS220','p36'),('WSS224','p36'),('WSS225','p36'),('WSS227','p36'),('WSS229','p36'),('WSS242','p36'),('WSS244','p36'),('WSS246','p36'),('WSS259','p36'),('WSS261','p36'),('WSS297','p36'),('WSS300','p36'),('WSS315','p36'),('WSS32','p36'),('WSS321','p36'),('WSS34','p36'),('WSS36','p36'),('WSS361','p36'),('WSS362','p36'),('WSS365','p36'),('WSS369','p36'),('WSS413','p36'),('WSS414','p36'),('WSS433','p36'),('WSS439','p36'),('WSS468','p36'),('WSS469','p36'),('WSS484','p36'),('WSS491','p36'),('WSS496','p36'),('WSS5','p36'),('WSS506','p36'),('WSS512','p36'),('WSS516','p36'),('WSS517','p36'),('WSS526','p36'),('WSS530','p36'),('WSS551','p36'),('WSS557','p36'),('WSS565','p36'),('WSS576','p36'),('WSS581','p36'),('WSS60','p36'),('WSS614','p36'),('WSS650','p36'),('WSS670','p36'),('WSS673','p36'),('WSS68','p36'),('WSS682','p36'),('WSS685','p36'),('WSS700','p36'),('WSS710','p36'),('WSS716','p36'),('WSS72','p36'),('WSS726','p36'),('WSS735','p36'),('WSS739','p36'),('WSS742','p36'),('WSS744','p36'),('WSS75','p36'),('WSS784','p36'),('WSS786','p36'),('WSS8','p36'),('WSS80','p36'),('WSS802','p36'),('WSS803','p36'),('WSS809','p36'),('WSS810','p36'),('WSS811','p36'),('WSS814','p36'),('WSS826','p36'),('WSS828','p36'),('WSS829','p36'),('WSS841','p36'),('WSS844','p36'),('WSS845','p36'),('WSS85','p36'),('WSS858','p36'),('WSS86','p36'),('WSS863','p36'),('WSS868','p36'),('WSS882','p36'),('WSS888','p36'),('WSS895','p36'),('WSS909','p36'),('WSS916','p36'),('WSS925','p36'),('WSS939','p36'),('WSS943','p36'),('WSS951','p36'),('WSS953','p36'),('WSS96','p36'),('WSS960','p36'),('WSS979','p36'),('WSS982','p36'),('WSS984','p36'),('WSS985','p36'),('WSS1','p37'),('WSS104','p37'),('WSS113','p37'),('WSS114','p37'),('WSS121','p37'),('WSS141','p37'),('WSS15','p37'),('WSS151','p37'),('WSS163','p37'),('WSS17','p37'),('WSS178','p37'),('WSS18','p37'),('WSS181','p37'),('WSS187','p37'),('WSS189','p37'),('WSS190','p37'),('WSS191','p37'),('WSS192','p37'),('WSS209','p37'),('WSS21','p37'),('WSS214','p37'),('WSS221','p37'),('WSS23','p37'),('WSS235','p37'),('WSS242','p37'),('WSS25','p37'),('WSS27','p37'),('WSS285','p37'),('WSS299','p37'),('WSS303','p37'),('WSS307','p37'),('WSS309','p37'),('WSS31','p37'),('WSS312','p37'),('WSS318','p37'),('WSS334','p37'),('WSS338','p37'),('WSS352','p37'),('WSS361','p37'),('WSS366','p37'),('WSS368','p37'),('WSS370','p37'),('WSS374','p37'),('WSS402','p37'),('WSS409','p37'),('WSS427','p37'),('WSS430','p37'),('WSS433','p37'),('WSS440','p37'),('WSS470','p37'),('WSS474','p37'),('WSS492','p37'),('WSS496','p37'),('WSS498','p37'),('WSS499','p37'),('WSS502','p37'),('WSS515','p37'),('WSS53','p37'),('WSS531','p37'),('WSS535','p37'),('WSS536','p37'),('WSS543','p37'),('WSS545','p37'),('WSS548','p37'),('WSS553','p37'),('WSS560','p37'),('WSS562','p37'),('WSS573','p37'),('WSS582','p37'),('WSS587','p37'),('WSS593','p37'),('WSS614','p37'),('WSS619','p37'),('WSS621','p37'),('WSS623','p37'),('WSS646','p37'),('WSS650','p37'),('WSS680','p37'),('WSS691','p37'),('WSS693','p37'),('WSS697','p37'),('WSS70','p37'),('WSS716','p37'),('WSS717','p37'),('WSS719','p37'),('WSS723','p37'),('WSS731','p37'),('WSS734','p37'),('WSS736','p37'),('WSS751','p37'),('WSS752','p37'),('WSS753','p37'),('WSS756','p37'),('WSS763','p37'),('WSS77','p37'),('WSS771','p37'),('WSS773','p37'),('WSS798','p37'),('WSS813','p37'),('WSS821','p37'),('WSS827','p37'),('WSS83','p37'),('WSS847','p37'),('WSS853','p37'),('WSS857','p37'),('WSS869','p37'),('WSS895','p37'),('WSS902','p37'),('WSS930','p37'),('WSS947','p37'),('WSS949','p37'),('WSS957','p37'),('WSS967','p37'),('WSS100','p38'),('WSS12','p38'),('WSS134','p38'),('WSS143','p38'),('WSS146','p38'),('WSS168','p38'),('WSS175','p38'),('WSS184','p38'),('WSS185','p38'),('WSS186','p38'),('WSS19','p38'),('WSS204','p38'),('WSS218','p38'),('WSS228','p38'),('WSS255','p38'),('WSS262','p38'),('WSS266','p38'),('WSS269','p38'),('WSS271','p38'),('WSS283','p38'),('WSS284','p38'),('WSS285','p38'),('WSS291','p38'),('WSS313','p38'),('WSS32','p38'),('WSS329','p38'),('WSS33','p38'),('WSS334','p38'),('WSS335','p38'),('WSS346','p38'),('WSS351','p38'),('WSS369','p38'),('WSS383','p38'),('WSS391','p38'),('WSS395','p38'),('WSS401','p38'),('WSS409','p38'),('WSS410','p38'),('WSS411','p38'),('WSS430','p38'),('WSS435','p38'),('WSS436','p38'),('WSS44','p38'),('WSS468','p38'),('WSS479','p38'),('WSS49','p38'),('WSS496','p38'),('WSS499','p38'),('WSS508','p38'),('WSS51','p38'),('WSS516','p38'),('WSS520','p38'),('WSS53','p38'),('WSS535','p38'),('WSS54','p38'),('WSS545','p38'),('WSS546','p38'),('WSS559','p38'),('WSS56','p38'),('WSS567','p38'),('WSS571','p38'),('WSS573','p38'),('WSS592','p38'),('WSS594','p38'),('WSS6','p38'),('WSS603','p38'),('WSS605','p38'),('WSS616','p38'),('WSS617','p38'),('WSS625','p38'),('WSS626','p38'),('WSS627','p38'),('WSS632','p38'),('WSS633','p38'),('WSS639','p38'),('WSS661','p38'),('WSS666','p38'),('WSS67','p38'),('WSS674','p38'),('WSS676','p38'),('WSS685','p38'),('WSS687','p38'),('WSS701','p38'),('WSS712','p38'),('WSS714','p38'),('WSS72','p38'),('WSS723','p38'),('WSS734','p38'),('WSS736','p38'),('WSS74','p38'),('WSS742','p38'),('WSS755','p38'),('WSS758','p38'),('WSS776','p38'),('WSS778','p38'),('WSS788','p38'),('WSS790','p38'),('WSS791','p38'),('WSS80','p38'),('WSS813','p38'),('WSS816','p38'),('WSS827','p38'),('WSS828','p38'),('WSS833','p38'),('WSS843','p38'),('WSS846','p38'),('WSS864','p38'),('WSS876','p38'),('WSS886','p38'),('WSS888','p38'),('WSS890','p38'),('WSS915','p38'),('WSS938','p38'),('WSS942','p38'),('WSS948','p38'),('WSS95','p38'),('WSS953','p38'),('WSS959','p38'),('WSS961','p38'),('WSS971','p38'),('WSS976','p38'),('WSS988','p38'),('WSS991','p38'),('WSS998','p38'),('WSS115','p39'),('WSS121','p39'),('WSS128','p39'),('WSS139','p39'),('WSS15','p39'),('WSS161','p39'),('WSS166','p39'),('WSS172','p39'),('WSS195','p39'),('WSS2','p39'),('WSS203','p39'),('WSS219','p39'),('WSS229','p39'),('WSS236','p39'),('WSS270','p39'),('WSS274','p39'),('WSS289','p39'),('WSS29','p39'),('WSS291','p39'),('WSS294','p39'),('WSS300','p39'),('WSS303','p39'),('WSS306','p39'),('WSS322','p39'),('WSS333','p39'),('WSS358','p39'),('WSS360','p39'),('WSS371','p39'),('WSS379','p39'),('WSS42','p39'),('WSS430','p39'),('WSS450','p39'),('WSS457','p39'),('WSS460','p39'),('WSS465','p39'),('WSS467','p39'),('WSS469','p39'),('WSS47','p39'),('WSS473','p39'),('WSS482','p39'),('WSS488','p39'),('WSS49','p39'),('WSS495','p39'),('WSS496','p39'),('WSS5','p39'),('WSS500','p39'),('WSS506','p39'),('WSS509','p39'),('WSS516','p39'),('WSS525','p39'),('WSS527','p39'),('WSS543','p39'),('WSS56','p39'),('WSS574','p39'),('WSS586','p39'),('WSS592','p39'),('WSS600','p39'),('WSS624','p39'),('WSS628','p39'),('WSS642','p39'),('WSS665','p39'),('WSS686','p39'),('WSS689','p39'),('WSS691','p39'),('WSS71','p39'),('WSS734','p39'),('WSS741','p39'),('WSS744','p39'),('WSS751','p39'),('WSS756','p39'),('WSS757','p39'),('WSS769','p39'),('WSS775','p39'),('WSS777','p39'),('WSS781','p39'),('WSS789','p39'),('WSS790','p39'),('WSS799','p39'),('WSS82','p39'),('WSS834','p39'),('WSS837','p39'),('WSS84','p39'),('WSS840','p39'),('WSS846','p39'),('WSS855','p39'),('WSS861','p39'),('WSS867','p39'),('WSS898','p39'),('WSS912','p39'),('WSS920','p39'),('WSS940','p39'),('WSS960','p39'),('WSS966','p39'),('WSS973','p39'),('WSS978','p39'),('WSS98','p39'),('WSS985','p39'),('WSS996','p39'),('WSS103','p4'),('WSS107','p4'),('WSS110','p4'),('WSS125','p4'),('WSS139','p4'),('WSS141','p4'),('WSS154','p4'),('WSS167','p4'),('WSS176','p4'),('WSS18','p4'),('WSS186','p4'),('WSS20','p4'),('WSS217','p4'),('WSS218','p4'),('WSS222','p4'),('WSS228','p4'),('WSS232','p4'),('WSS240','p4'),('WSS272','p4'),('WSS276','p4'),('WSS297','p4'),('WSS309','p4'),('WSS310','p4'),('WSS32','p4'),('WSS340','p4'),('WSS343','p4'),('WSS345','p4'),('WSS353','p4'),('WSS373','p4'),('WSS384','p4'),('WSS386','p4'),('WSS392','p4'),('WSS393','p4'),('WSS398','p4'),('WSS409','p4'),('WSS411','p4'),('WSS415','p4'),('WSS44','p4'),('WSS442','p4'),('WSS444','p4'),('WSS447','p4'),('WSS460','p4'),('WSS504','p4'),('WSS529','p4'),('WSS548','p4'),('WSS564','p4'),('WSS578','p4'),('WSS599','p4'),('WSS60','p4'),('WSS602','p4'),('WSS603','p4'),('WSS616','p4'),('WSS634','p4'),('WSS658','p4'),('WSS663','p4'),('WSS666','p4'),('WSS669','p4'),('WSS67','p4'),('WSS671','p4'),('WSS687','p4'),('WSS698','p4'),('WSS705','p4'),('WSS732','p4'),('WSS747','p4'),('WSS750','p4'),('WSS752','p4'),('WSS759','p4'),('WSS761','p4'),('WSS768','p4'),('WSS799','p4'),('WSS807','p4'),('WSS811','p4'),('WSS812','p4'),('WSS825','p4'),('WSS837','p4'),('WSS842','p4'),('WSS845','p4'),('WSS870','p4'),('WSS878','p4'),('WSS883','p4'),('WSS886','p4'),('WSS904','p4'),('WSS911','p4'),('WSS913','p4'),('WSS923','p4'),('WSS924','p4'),('WSS925','p4'),('WSS937','p4'),('WSS938','p4'),('WSS939','p4'),('WSS940','p4'),('WSS942','p4'),('WSS96','p4'),('WSS97','p4'),('WSS970','p4'),('WSS972','p4'),('WSS974','p4'),('WSS987','p4'),('WSS994','p4'),('WSS996','p4'),('WSS10','p40'),('WSS108','p40'),('WSS114','p40'),('WSS119','p40'),('WSS135','p40'),('WSS140','p40'),('WSS143','p40'),('WSS149','p40'),('WSS151','p40'),('WSS152','p40'),('WSS156','p40'),('WSS164','p40'),('WSS180','p40'),('WSS194','p40'),('WSS201','p40'),('WSS204','p40'),('WSS211','p40'),('WSS223','p40'),('WSS230','p40'),('WSS237','p40'),('WSS238','p40'),('WSS240','p40'),('WSS242','p40'),('WSS265','p40'),('WSS270','p40'),('WSS273','p40'),('WSS274','p40'),('WSS278','p40'),('WSS28','p40'),('WSS284','p40'),('WSS299','p40'),('WSS3','p40'),('WSS302','p40'),('WSS310','p40'),('WSS319','p40'),('WSS330','p40'),('WSS340','p40'),('WSS344','p40'),('WSS347','p40'),('WSS350','p40'),('WSS352','p40'),('WSS353','p40'),('WSS368','p40'),('WSS37','p40'),('WSS372','p40'),('WSS378','p40'),('WSS398','p40'),('WSS401','p40'),('WSS407','p40'),('WSS426','p40'),('WSS43','p40'),('WSS446','p40'),('WSS449','p40'),('WSS456','p40'),('WSS457','p40'),('WSS458','p40'),('WSS460','p40'),('WSS461','p40'),('WSS463','p40'),('WSS478','p40'),('WSS479','p40'),('WSS490','p40'),('WSS496','p40'),('WSS502','p40'),('WSS509','p40'),('WSS51','p40'),('WSS517','p40'),('WSS518','p40'),('WSS526','p40'),('WSS534','p40'),('WSS537','p40'),('WSS544','p40'),('WSS550','p40'),('WSS552','p40'),('WSS593','p40'),('WSS596','p40'),('WSS604','p40'),('WSS609','p40'),('WSS611','p40'),('WSS612','p40'),('WSS618','p40'),('WSS620','p40'),('WSS627','p40'),('WSS634','p40'),('WSS652','p40'),('WSS655','p40'),('WSS657','p40'),('WSS679','p40'),('WSS681','p40'),('WSS682','p40'),('WSS693','p40'),('WSS700','p40'),('WSS717','p40'),('WSS718','p40'),('WSS720','p40'),('WSS724','p40'),('WSS729','p40'),('WSS737','p40'),('WSS738','p40'),('WSS739','p40'),('WSS74','p40'),('WSS741','p40'),('WSS743','p40'),('WSS753','p40'),('WSS768','p40'),('WSS769','p40'),('WSS770','p40'),('WSS772','p40'),('WSS783','p40'),('WSS791','p40'),('WSS804','p40'),('WSS821','p40'),('WSS83','p40'),('WSS84','p40'),('WSS844','p40'),('WSS847','p40'),('WSS855','p40'),('WSS857','p40'),('WSS876','p40'),('WSS879','p40'),('WSS881','p40'),('WSS892','p40'),('WSS893','p40'),('WSS894','p40'),('WSS903','p40'),('WSS912','p40'),('WSS932','p40'),('WSS952','p40'),('WSS953','p40'),('WSS955','p40'),('WSS957','p40'),('WSS964','p40'),('WSS969','p40'),('WSS986','p40'),('WSS1','p41'),('WSS111','p41'),('WSS122','p41'),('WSS132','p41'),('WSS159','p41'),('WSS175','p41'),('WSS177','p41'),('WSS178','p41'),('WSS179','p41'),('WSS180','p41'),('WSS184','p41'),('WSS19','p41'),('WSS193','p41'),('WSS20','p41'),('WSS208','p41'),('WSS209','p41'),('WSS220','p41'),('WSS24','p41'),('WSS246','p41'),('WSS25','p41'),('WSS255','p41'),('WSS289','p41'),('WSS301','p41'),('WSS307','p41'),('WSS320','p41'),('WSS332','p41'),('WSS334','p41'),('WSS336','p41'),('WSS345','p41'),('WSS346','p41'),('WSS348','p41'),('WSS350','p41'),('WSS352','p41'),('WSS355','p41'),('WSS356','p41'),('WSS362','p41'),('WSS370','p41'),('WSS375','p41'),('WSS391','p41'),('WSS394','p41'),('WSS400','p41'),('WSS408','p41'),('WSS409','p41'),('WSS410','p41'),('WSS42','p41'),('WSS426','p41'),('WSS443','p41'),('WSS447','p41'),('WSS452','p41'),('WSS470','p41'),('WSS481','p41'),('WSS482','p41'),('WSS483','p41'),('WSS492','p41'),('WSS494','p41'),('WSS500','p41'),('WSS508','p41'),('WSS509','p41'),('WSS539','p41'),('WSS54','p41'),('WSS555','p41'),('WSS569','p41'),('WSS570','p41'),('WSS573','p41'),('WSS574','p41'),('WSS588','p41'),('WSS60','p41'),('WSS600','p41'),('WSS603','p41'),('WSS606','p41'),('WSS608','p41'),('WSS613','p41'),('WSS615','p41'),('WSS627','p41'),('WSS653','p41'),('WSS657','p41'),('WSS66','p41'),('WSS670','p41'),('WSS678','p41'),('WSS681','p41'),('WSS686','p41'),('WSS690','p41'),('WSS693','p41'),('WSS697','p41'),('WSS703','p41'),('WSS705','p41'),('WSS722','p41'),('WSS730','p41'),('WSS765','p41'),('WSS768','p41'),('WSS777','p41'),('WSS794','p41'),('WSS797','p41'),('WSS802','p41'),('WSS812','p41'),('WSS836','p41'),('WSS849','p41'),('WSS851','p41'),('WSS860','p41'),('WSS863','p41'),('WSS864','p41'),('WSS871','p41'),('WSS873','p41'),('WSS875','p41'),('WSS89','p41'),('WSS893','p41'),('WSS896','p41'),('WSS915','p41'),('WSS917','p41'),('WSS921','p41'),('WSS928','p41'),('WSS94','p41'),('WSS962','p41'),('WSS968','p41'),('WSS979','p41'),('WSS105','p42'),('WSS116','p42'),('WSS12','p42'),('WSS126','p42'),('WSS13','p42'),('WSS145','p42'),('WSS146','p42'),('WSS152','p42'),('WSS156','p42'),('WSS18','p42'),('WSS182','p42'),('WSS249','p42'),('WSS269','p42'),('WSS284','p42'),('WSS298','p42'),('WSS299','p42'),('WSS319','p42'),('WSS328','p42'),('WSS335','p42'),('WSS341','p42'),('WSS36','p42'),('WSS367','p42'),('WSS387','p42'),('WSS390','p42'),('WSS392','p42'),('WSS394','p42'),('WSS396','p42'),('WSS397','p42'),('WSS400','p42'),('WSS401','p42'),('WSS404','p42'),('WSS41','p42'),('WSS421','p42'),('WSS431','p42'),('WSS438','p42'),('WSS440','p42'),('WSS471','p42'),('WSS472','p42'),('WSS479','p42'),('WSS483','p42'),('WSS485','p42'),('WSS486','p42'),('WSS5','p42'),('WSS505','p42'),('WSS508','p42'),('WSS509','p42'),('WSS524','p42'),('WSS532','p42'),('WSS537','p42'),('WSS553','p42'),('WSS564','p42'),('WSS565','p42'),('WSS586','p42'),('WSS597','p42'),('WSS6','p42'),('WSS603','p42'),('WSS605','p42'),('WSS610','p42'),('WSS614','p42'),('WSS619','p42'),('WSS63','p42'),('WSS633','p42'),('WSS637','p42'),('WSS644','p42'),('WSS653','p42'),('WSS658','p42'),('WSS661','p42'),('WSS670','p42'),('WSS671','p42'),('WSS674','p42'),('WSS692','p42'),('WSS700','p42'),('WSS711','p42'),('WSS718','p42'),('WSS72','p42'),('WSS743','p42'),('WSS749','p42'),('WSS754','p42'),('WSS761','p42'),('WSS778','p42'),('WSS80','p42'),('WSS815','p42'),('WSS822','p42'),('WSS830','p42'),('WSS831','p42'),('WSS842','p42'),('WSS848','p42'),('WSS861','p42'),('WSS862','p42'),('WSS865','p42'),('WSS869','p42'),('WSS871','p42'),('WSS891','p42'),('WSS892','p42'),('WSS896','p42'),('WSS899','p42'),('WSS906','p42'),('WSS929','p42'),('WSS93','p42'),('WSS935','p42'),('WSS97','p42'),('WSS971','p42'),('WSS978','p42'),('WSS980','p42'),('WSS981','p42'),('WSS985','p42'),('WSS987','p42'),('WSS99','p42'),('WSS993','p42'),('WSS998','p42'),('WSS100','p43'),('WSS105','p43'),('WSS109','p43'),('WSS146','p43'),('WSS147','p43'),('WSS149','p43'),('WSS150','p43'),('WSS152','p43'),('WSS156','p43'),('WSS173','p43'),('WSS178','p43'),('WSS182','p43'),('WSS183','p43'),('WSS216','p43'),('WSS217','p43'),('WSS222','p43'),('WSS240','p43'),('WSS246','p43'),('WSS249','p43'),('WSS25','p43'),('WSS263','p43'),('WSS265','p43'),('WSS268','p43'),('WSS277','p43'),('WSS286','p43'),('WSS301','p43'),('WSS306','p43'),('WSS317','p43'),('WSS318','p43'),('WSS342','p43'),('WSS348','p43'),('WSS351','p43'),('WSS36','p43'),('WSS367','p43'),('WSS372','p43'),('WSS381','p43'),('WSS391','p43'),('WSS393','p43'),('WSS41','p43'),('WSS424','p43'),('WSS431','p43'),('WSS443','p43'),('WSS452','p43'),('WSS453','p43'),('WSS467','p43'),('WSS468','p43'),('WSS469','p43'),('WSS477','p43'),('WSS484','p43'),('WSS489','p43'),('WSS490','p43'),('WSS508','p43'),('WSS514','p43'),('WSS519','p43'),('WSS52','p43'),('WSS526','p43'),('WSS529','p43'),('WSS532','p43'),('WSS54','p43'),('WSS543','p43'),('WSS545','p43'),('WSS552','p43'),('WSS555','p43'),('WSS559','p43'),('WSS561','p43'),('WSS575','p43'),('WSS581','p43'),('WSS594','p43'),('WSS598','p43'),('WSS613','p43'),('WSS633','p43'),('WSS634','p43'),('WSS676','p43'),('WSS679','p43'),('WSS685','p43'),('WSS689','p43'),('WSS69','p43'),('WSS70','p43'),('WSS716','p43'),('WSS723','p43'),('WSS726','p43'),('WSS740','p43'),('WSS744','p43'),('WSS745','p43'),('WSS776','p43'),('WSS779','p43'),('WSS8','p43'),('WSS801','p43'),('WSS807','p43'),('WSS814','p43'),('WSS820','p43'),('WSS824','p43'),('WSS833','p43'),('WSS844','p43'),('WSS85','p43'),('WSS850','p43'),('WSS853','p43'),('WSS854','p43'),('WSS86','p43'),('WSS861','p43'),('WSS869','p43'),('WSS882','p43'),('WSS918','p43'),('WSS927','p43'),('WSS933','p43'),('WSS938','p43'),('WSS943','p43'),('WSS947','p43'),('WSS97','p43'),('WSS99','p43'),('WSS106','p44'),('WSS108','p44'),('WSS114','p44'),('WSS119','p44'),('WSS121','p44'),('WSS127','p44'),('WSS132','p44'),('WSS145','p44'),('WSS159','p44'),('WSS162','p44'),('WSS166','p44'),('WSS167','p44'),('WSS184','p44'),('WSS191','p44'),('WSS214','p44'),('WSS222','p44'),('WSS224','p44'),('WSS227','p44'),('WSS257','p44'),('WSS26','p44'),('WSS262','p44'),('WSS267','p44'),('WSS288','p44'),('WSS300','p44'),('WSS308','p44'),('WSS317','p44'),('WSS320','p44'),('WSS336','p44'),('WSS354','p44'),('WSS360','p44'),('WSS370','p44'),('WSS376','p44'),('WSS378','p44'),('WSS379','p44'),('WSS38','p44'),('WSS388','p44'),('WSS39','p44'),('WSS393','p44'),('WSS41','p44'),('WSS412','p44'),('WSS423','p44'),('WSS425','p44'),('WSS435','p44'),('WSS456','p44'),('WSS459','p44'),('WSS461','p44'),('WSS463','p44'),('WSS468','p44'),('WSS470','p44'),('WSS474','p44'),('WSS507','p44'),('WSS542','p44'),('WSS549','p44'),('WSS554','p44'),('WSS559','p44'),('WSS561','p44'),('WSS563','p44'),('WSS570','p44'),('WSS572','p44'),('WSS580','p44'),('WSS583','p44'),('WSS585','p44'),('WSS599','p44'),('WSS612','p44'),('WSS625','p44'),('WSS627','p44'),('WSS636','p44'),('WSS641','p44'),('WSS643','p44'),('WSS647','p44'),('WSS648','p44'),('WSS652','p44'),('WSS658','p44'),('WSS665','p44'),('WSS666','p44'),('WSS669','p44'),('WSS677','p44'),('WSS68','p44'),('WSS682','p44'),('WSS707','p44'),('WSS71','p44'),('WSS711','p44'),('WSS713','p44'),('WSS714','p44'),('WSS716','p44'),('WSS718','p44'),('WSS73','p44'),('WSS732','p44'),('WSS733','p44'),('WSS744','p44'),('WSS747','p44'),('WSS763','p44'),('WSS765','p44'),('WSS767','p44'),('WSS770','p44'),('WSS771','p44'),('WSS779','p44'),('WSS788','p44'),('WSS79','p44'),('WSS795','p44'),('WSS8','p44'),('WSS808','p44'),('WSS811','p44'),('WSS815','p44'),('WSS822','p44'),('WSS824','p44'),('WSS827','p44'),('WSS832','p44'),('WSS836','p44'),('WSS837','p44'),('WSS839','p44'),('WSS842','p44'),('WSS857','p44'),('WSS862','p44'),('WSS863','p44'),('WSS870','p44'),('WSS881','p44'),('WSS885','p44'),('WSS913','p44'),('WSS919','p44'),('WSS922','p44'),('WSS925','p44'),('WSS927','p44'),('WSS928','p44'),('WSS934','p44'),('WSS939','p44'),('WSS943','p44'),('WSS970','p44'),('WSS973','p44'),('WSS977','p44'),('WSS978','p44'),('WSS984','p44'),('WSS996','p44'),('WSS999','p44'),('WSS1','p45'),('WSS100','p45'),('WSS138','p45'),('WSS14','p45'),('WSS15','p45'),('WSS160','p45'),('WSS176','p45'),('WSS188','p45'),('WSS192','p45'),('WSS202','p45'),('WSS204','p45'),('WSS207','p45'),('WSS217','p45'),('WSS219','p45'),('WSS23','p45'),('WSS230','p45'),('WSS231','p45'),('WSS26','p45'),('WSS279','p45'),('WSS283','p45'),('WSS287','p45'),('WSS290','p45'),('WSS301','p45'),('WSS309','p45'),('WSS322','p45'),('WSS330','p45'),('WSS335','p45'),('WSS336','p45'),('WSS343','p45'),('WSS345','p45'),('WSS349','p45'),('WSS37','p45'),('WSS378','p45'),('WSS384','p45'),('WSS390','p45'),('WSS405','p45'),('WSS409','p45'),('WSS414','p45'),('WSS421','p45'),('WSS446','p45'),('WSS456','p45'),('WSS459','p45'),('WSS466','p45'),('WSS47','p45'),('WSS472','p45'),('WSS477','p45'),('WSS485','p45'),('WSS49','p45'),('WSS490','p45'),('WSS494','p45'),('WSS503','p45'),('WSS507','p45'),('WSS514','p45'),('WSS521','p45'),('WSS523','p45'),('WSS533','p45'),('WSS538','p45'),('WSS539','p45'),('WSS55','p45'),('WSS568','p45'),('WSS583','p45'),('WSS589','p45'),('WSS591','p45'),('WSS593','p45'),('WSS599','p45'),('WSS601','p45'),('WSS610','p45'),('WSS620','p45'),('WSS630','p45'),('WSS632','p45'),('WSS635','p45'),('WSS656','p45'),('WSS670','p45'),('WSS673','p45'),('WSS678','p45'),('WSS685','p45'),('WSS697','p45'),('WSS720','p45'),('WSS727','p45'),('WSS737','p45'),('WSS746','p45'),('WSS748','p45'),('WSS756','p45'),('WSS763','p45'),('WSS771','p45'),('WSS772','p45'),('WSS776','p45'),('WSS782','p45'),('WSS786','p45'),('WSS81','p45'),('WSS814','p45'),('WSS823','p45'),('WSS859','p45'),('WSS866','p45'),('WSS871','p45'),('WSS876','p45'),('WSS88','p45'),('WSS886','p45'),('WSS890','p45'),('WSS891','p45'),('WSS899','p45'),('WSS90','p45'),('WSS900','p45'),('WSS905','p45'),('WSS91','p45'),('WSS923','p45'),('WSS936','p45'),('WSS950','p45'),('WSS956','p45'),('WSS958','p45'),('WSS970','p45'),('WSS974','p45'),('WSS976','p45'),('WSS978','p45'),('WSS103','p46'),('WSS106','p46'),('WSS125','p46'),('WSS138','p46'),('WSS140','p46'),('WSS141','p46'),('WSS142','p46'),('WSS143','p46'),('WSS151','p46'),('WSS159','p46'),('WSS190','p46'),('WSS227','p46'),('WSS233','p46'),('WSS238','p46'),('WSS245','p46'),('WSS257','p46'),('WSS261','p46'),('WSS263','p46'),('WSS264','p46'),('WSS27','p46'),('WSS273','p46'),('WSS275','p46'),('WSS318','p46'),('WSS327','p46'),('WSS331','p46'),('WSS354','p46'),('WSS357','p46'),('WSS363','p46'),('WSS381','p46'),('WSS396','p46'),('WSS404','p46'),('WSS408','p46'),('WSS43','p46'),('WSS437','p46'),('WSS444','p46'),('WSS445','p46'),('WSS45','p46'),('WSS454','p46'),('WSS46','p46'),('WSS461','p46'),('WSS463','p46'),('WSS489','p46'),('WSS506','p46'),('WSS517','p46'),('WSS527','p46'),('WSS53','p46'),('WSS542','p46'),('WSS562','p46'),('WSS564','p46'),('WSS568','p46'),('WSS589','p46'),('WSS6','p46'),('WSS606','p46'),('WSS621','p46'),('WSS622','p46'),('WSS623','p46'),('WSS624','p46'),('WSS631','p46'),('WSS653','p46'),('WSS656','p46'),('WSS659','p46'),('WSS664','p46'),('WSS667','p46'),('WSS669','p46'),('WSS671','p46'),('WSS69','p46'),('WSS709','p46'),('WSS711','p46'),('WSS712','p46'),('WSS727','p46'),('WSS728','p46'),('WSS747','p46'),('WSS749','p46'),('WSS759','p46'),('WSS762','p46'),('WSS772','p46'),('WSS802','p46'),('WSS811','p46'),('WSS815','p46'),('WSS830','p46'),('WSS844','p46'),('WSS848','p46'),('WSS854','p46'),('WSS866','p46'),('WSS867','p46'),('WSS875','p46'),('WSS877','p46'),('WSS879','p46'),('WSS881','p46'),('WSS885','p46'),('WSS893','p46'),('WSS896','p46'),('WSS912','p46'),('WSS920','p46'),('WSS923','p46'),('WSS926','p46'),('WSS94','p46'),('WSS944','p46'),('WSS950','p46'),('WSS957','p46'),('WSS958','p46'),('WSS959','p46'),('WSS963','p46'),('WSS965','p46'),('WSS969','p46'),('WSS972','p46'),('WSS1','p47'),('WSS103','p47'),('WSS11','p47'),('WSS119','p47'),('WSS12','p47'),('WSS126','p47'),('WSS127','p47'),('WSS148','p47'),('WSS150','p47'),('WSS17','p47'),('WSS183','p47'),('WSS186','p47'),('WSS188','p47'),('WSS195','p47'),('WSS202','p47'),('WSS204','p47'),('WSS216','p47'),('WSS223','p47'),('WSS230','p47'),('WSS251','p47'),('WSS260','p47'),('WSS278','p47'),('WSS288','p47'),('WSS290','p47'),('WSS293','p47'),('WSS296','p47'),('WSS298','p47'),('WSS300','p47'),('WSS305','p47'),('WSS311','p47'),('WSS314','p47'),('WSS315','p47'),('WSS319','p47'),('WSS323','p47'),('WSS329','p47'),('WSS333','p47'),('WSS338','p47'),('WSS345','p47'),('WSS348','p47'),('WSS35','p47'),('WSS351','p47'),('WSS36','p47'),('WSS376','p47'),('WSS383','p47'),('WSS385','p47'),('WSS401','p47'),('WSS432','p47'),('WSS442','p47'),('WSS454','p47'),('WSS459','p47'),('WSS466','p47'),('WSS47','p47'),('WSS479','p47'),('WSS480','p47'),('WSS493','p47'),('WSS498','p47'),('WSS499','p47'),('WSS514','p47'),('WSS532','p47'),('WSS535','p47'),('WSS539','p47'),('WSS552','p47'),('WSS559','p47'),('WSS563','p47'),('WSS601','p47'),('WSS617','p47'),('WSS618','p47'),('WSS631','p47'),('WSS632','p47'),('WSS635','p47'),('WSS638','p47'),('WSS639','p47'),('WSS641','p47'),('WSS642','p47'),('WSS645','p47'),('WSS654','p47'),('WSS662','p47'),('WSS669','p47'),('WSS672','p47'),('WSS688','p47'),('WSS694','p47'),('WSS695','p47'),('WSS696','p47'),('WSS729','p47'),('WSS730','p47'),('WSS735','p47'),('WSS736','p47'),('WSS740','p47'),('WSS768','p47'),('WSS774','p47'),('WSS78','p47'),('WSS781','p47'),('WSS79','p47'),('WSS799','p47'),('WSS800','p47'),('WSS805','p47'),('WSS808','p47'),('WSS81','p47'),('WSS817','p47'),('WSS82','p47'),('WSS844','p47'),('WSS849','p47'),('WSS87','p47'),('WSS872','p47'),('WSS874','p47'),('WSS878','p47'),('WSS907','p47'),('WSS932','p47'),('WSS936','p47'),('WSS94','p47'),('WSS946','p47'),('WSS962','p47'),('WSS968','p47'),('WSS969','p47'),('WSS971','p47'),('WSS982','p47'),('WSS990','p47'),('WSS992','p47'),('WSS107','p48'),('WSS109','p48'),('WSS123','p48'),('WSS153','p48'),('WSS155','p48'),('WSS16','p48'),('WSS161','p48'),('WSS163','p48'),('WSS167','p48'),('WSS183','p48'),('WSS199','p48'),('WSS223','p48'),('WSS226','p48'),('WSS232','p48'),('WSS237','p48'),('WSS238','p48'),('WSS243','p48'),('WSS255','p48'),('WSS256','p48'),('WSS258','p48'),('WSS260','p48'),('WSS262','p48'),('WSS265','p48'),('WSS267','p48'),('WSS273','p48'),('WSS283','p48'),('WSS296','p48'),('WSS359','p48'),('WSS367','p48'),('WSS376','p48'),('WSS380','p48'),('WSS382','p48'),('WSS429','p48'),('WSS437','p48'),('WSS439','p48'),('WSS464','p48'),('WSS486','p48'),('WSS517','p48'),('WSS520','p48'),('WSS561','p48'),('WSS569','p48'),('WSS578','p48'),('WSS59','p48'),('WSS590','p48'),('WSS593','p48'),('WSS594','p48'),('WSS610','p48'),('WSS628','p48'),('WSS629','p48'),('WSS633','p48'),('WSS638','p48'),('WSS64','p48'),('WSS659','p48'),('WSS665','p48'),('WSS678','p48'),('WSS680','p48'),('WSS689','p48'),('WSS706','p48'),('WSS709','p48'),('WSS723','p48'),('WSS734','p48'),('WSS735','p48'),('WSS745','p48'),('WSS751','p48'),('WSS755','p48'),('WSS76','p48'),('WSS762','p48'),('WSS769','p48'),('WSS773','p48'),('WSS778','p48'),('WSS782','p48'),('WSS787','p48'),('WSS791','p48'),('WSS795','p48'),('WSS797','p48'),('WSS803','p48'),('WSS816','p48'),('WSS817','p48'),('WSS824','p48'),('WSS849','p48'),('WSS850','p48'),('WSS859','p48'),('WSS866','p48'),('WSS869','p48'),('WSS874','p48'),('WSS89','p48'),('WSS892','p48'),('WSS894','p48'),('WSS899','p48'),('WSS91','p48'),('WSS921','p48'),('WSS922','p48'),('WSS944','p48'),('WSS945','p48'),('WSS962','p48'),('WSS982','p48'),('WSS992','p48'),('WSS106','p49'),('WSS113','p49'),('WSS118','p49'),('WSS123','p49'),('WSS139','p49'),('WSS142','p49'),('WSS162','p49'),('WSS173','p49'),('WSS180','p49'),('WSS193','p49'),('WSS210','p49'),('WSS211','p49'),('WSS214','p49'),('WSS233','p49'),('WSS238','p49'),('WSS256','p49'),('WSS257','p49'),('WSS266','p49'),('WSS268','p49'),('WSS27','p49'),('WSS271','p49'),('WSS287','p49'),('WSS29','p49'),('WSS295','p49'),('WSS297','p49'),('WSS299','p49'),('WSS305','p49'),('WSS315','p49'),('WSS316','p49'),('WSS321','p49'),('WSS325','p49'),('WSS337','p49'),('WSS352','p49'),('WSS361','p49'),('WSS377','p49'),('WSS381','p49'),('WSS385','p49'),('WSS403','p49'),('WSS404','p49'),('WSS424','p49'),('WSS428','p49'),('WSS429','p49'),('WSS434','p49'),('WSS44','p49'),('WSS449','p49'),('WSS458','p49'),('WSS461','p49'),('WSS469','p49'),('WSS482','p49'),('WSS489','p49'),('WSS502','p49'),('WSS504','p49'),('WSS513','p49'),('WSS515','p49'),('WSS540','p49'),('WSS556','p49'),('WSS558','p49'),('WSS566','p49'),('WSS567','p49'),('WSS57','p49'),('WSS601','p49'),('WSS61','p49'),('WSS628','p49'),('WSS635','p49'),('WSS649','p49'),('WSS651','p49'),('WSS678','p49'),('WSS695','p49'),('WSS699','p49'),('WSS712','p49'),('WSS719','p49'),('WSS720','p49'),('WSS724','p49'),('WSS730','p49'),('WSS738','p49'),('WSS756','p49'),('WSS766','p49'),('WSS771','p49'),('WSS774','p49'),('WSS786','p49'),('WSS798','p49'),('WSS803','p49'),('WSS812','p49'),('WSS818','p49'),('WSS819','p49'),('WSS834','p49'),('WSS845','p49'),('WSS874','p49'),('WSS880','p49'),('WSS881','p49'),('WSS885','p49'),('WSS889','p49'),('WSS914','p49'),('WSS924','p49'),('WSS929','p49'),('WSS935','p49'),('WSS942','p49'),('WSS951','p49'),('WSS952','p49'),('WSS987','p49'),('WSS992','p49'),('WSS997','p49'),('WSS106','p5'),('WSS125','p5'),('WSS138','p5'),('WSS140','p5'),('WSS147','p5'),('WSS156','p5'),('WSS157','p5'),('WSS158','p5'),('WSS160','p5'),('WSS168','p5'),('WSS171','p5'),('WSS175','p5'),('WSS176','p5'),('WSS189','p5'),('WSS191','p5'),('WSS196','p5'),('WSS198','p5'),('WSS20','p5'),('WSS201','p5'),('WSS206','p5'),('WSS221','p5'),('WSS235','p5'),('WSS252','p5'),('WSS255','p5'),('WSS259','p5'),('WSS288','p5'),('WSS297','p5'),('WSS3','p5'),('WSS306','p5'),('WSS31','p5'),('WSS317','p5'),('WSS327','p5'),('WSS328','p5'),('WSS332','p5'),('WSS338','p5'),('WSS340','p5'),('WSS349','p5'),('WSS357','p5'),('WSS364','p5'),('WSS372','p5'),('WSS376','p5'),('WSS377','p5'),('WSS397','p5'),('WSS400','p5'),('WSS433','p5'),('WSS435','p5'),('WSS460','p5'),('WSS474','p5'),('WSS486','p5'),('WSS497','p5'),('WSS5','p5'),('WSS516','p5'),('WSS522','p5'),('WSS528','p5'),('WSS549','p5'),('WSS56','p5'),('WSS562','p5'),('WSS577','p5'),('WSS583','p5'),('WSS585','p5'),('WSS586','p5'),('WSS590','p5'),('WSS592','p5'),('WSS595','p5'),('WSS6','p5'),('WSS608','p5'),('WSS617','p5'),('WSS631','p5'),('WSS640','p5'),('WSS642','p5'),('WSS653','p5'),('WSS654','p5'),('WSS67','p5'),('WSS671','p5'),('WSS675','p5'),('WSS680','p5'),('WSS683','p5'),('WSS688','p5'),('WSS690','p5'),('WSS712','p5'),('WSS722','p5'),('WSS726','p5'),('WSS728','p5'),('WSS740','p5'),('WSS749','p5'),('WSS75','p5'),('WSS753','p5'),('WSS761','p5'),('WSS770','p5'),('WSS775','p5'),('WSS800','p5'),('WSS803','p5'),('WSS806','p5'),('WSS814','p5'),('WSS819','p5'),('WSS823','p5'),('WSS837','p5'),('WSS841','p5'),('WSS849','p5'),('WSS85','p5'),('WSS852','p5'),('WSS867','p5'),('WSS870','p5'),('WSS880','p5'),('WSS888','p5'),('WSS9','p5'),('WSS910','p5'),('WSS921','p5'),('WSS928','p5'),('WSS935','p5'),('WSS95','p5'),('WSS955','p5'),('WSS995','p5'),('WSS104','p50'),('WSS116','p50'),('WSS122','p50'),('WSS129','p50'),('WSS135','p50'),('WSS14','p50'),('WSS144','p50'),('WSS147','p50'),('WSS148','p50'),('WSS152','p50'),('WSS171','p50'),('WSS197','p50'),('WSS200','p50'),('WSS201','p50'),('WSS207','p50'),('WSS228','p50'),('WSS229','p50'),('WSS232','p50'),('WSS237','p50'),('WSS238','p50'),('WSS240','p50'),('WSS261','p50'),('WSS276','p50'),('WSS291','p50'),('WSS295','p50'),('WSS316','p50'),('WSS319','p50'),('WSS344','p50'),('WSS349','p50'),('WSS356','p50'),('WSS360','p50'),('WSS361','p50'),('WSS363','p50'),('WSS367','p50'),('WSS389','p50'),('WSS401','p50'),('WSS411','p50'),('WSS413','p50'),('WSS426','p50'),('WSS43','p50'),('WSS440','p50'),('WSS445','p50'),('WSS448','p50'),('WSS450','p50'),('WSS462','p50'),('WSS464','p50'),('WSS465','p50'),('WSS476','p50'),('WSS477','p50'),('WSS479','p50'),('WSS480','p50'),('WSS483','p50'),('WSS487','p50'),('WSS494','p50'),('WSS501','p50'),('WSS503','p50'),('WSS506','p50'),('WSS515','p50'),('WSS52','p50'),('WSS533','p50'),('WSS537','p50'),('WSS538','p50'),('WSS544','p50'),('WSS551','p50'),('WSS563','p50'),('WSS586','p50'),('WSS587','p50'),('WSS591','p50'),('WSS599','p50'),('WSS601','p50'),('WSS607','p50'),('WSS609','p50'),('WSS622','p50'),('WSS642','p50'),('WSS657','p50'),('WSS66','p50'),('WSS671','p50'),('WSS678','p50'),('WSS691','p50'),('WSS708','p50'),('WSS713','p50'),('WSS720','p50'),('WSS726','p50'),('WSS728','p50'),('WSS742','p50'),('WSS746','p50'),('WSS767','p50'),('WSS796','p50'),('WSS798','p50'),('WSS800','p50'),('WSS819','p50'),('WSS825','p50'),('WSS831','p50'),('WSS835','p50'),('WSS846','p50'),('WSS854','p50'),('WSS858','p50'),('WSS895','p50'),('WSS900','p50'),('WSS902','p50'),('WSS910','p50'),('WSS931','p50'),('WSS934','p50'),('WSS937','p50'),('WSS938','p50'),('WSS942','p50'),('WSS951','p50'),('WSS956','p50'),('WSS964','p50'),('WSS967','p50'),('WSS977','p50'),('WSS987','p50'),('WSS995','p50'),('WSS996','p50'),('WSS997','p50'),('WSS10','p6'),('WSS101','p6'),('WSS108','p6'),('WSS114','p6'),('WSS120','p6'),('WSS122','p6'),('WSS125','p6'),('WSS168','p6'),('WSS185','p6'),('WSS189','p6'),('WSS196','p6'),('WSS198','p6'),('WSS199','p6'),('WSS2','p6'),('WSS200','p6'),('WSS21','p6'),('WSS211','p6'),('WSS213','p6'),('WSS229','p6'),('WSS245','p6'),('WSS246','p6'),('WSS26','p6'),('WSS260','p6'),('WSS262','p6'),('WSS276','p6'),('WSS28','p6'),('WSS285','p6'),('WSS288','p6'),('WSS291','p6'),('WSS32','p6'),('WSS323','p6'),('WSS330','p6'),('WSS346','p6'),('WSS358','p6'),('WSS373','p6'),('WSS375','p6'),('WSS388','p6'),('WSS395','p6'),('WSS405','p6'),('WSS411','p6'),('WSS416','p6'),('WSS444','p6'),('WSS450','p6'),('WSS462','p6'),('WSS478','p6'),('WSS481','p6'),('WSS504','p6'),('WSS511','p6'),('WSS513','p6'),('WSS516','p6'),('WSS525','p6'),('WSS537','p6'),('WSS544','p6'),('WSS547','p6'),('WSS557','p6'),('WSS565','p6'),('WSS575','p6'),('WSS598','p6'),('WSS611','p6'),('WSS630','p6'),('WSS638','p6'),('WSS645','p6'),('WSS658','p6'),('WSS661','p6'),('WSS663','p6'),('WSS678','p6'),('WSS683','p6'),('WSS685','p6'),('WSS686','p6'),('WSS7','p6'),('WSS707','p6'),('WSS713','p6'),('WSS721','p6'),('WSS729','p6'),('WSS733','p6'),('WSS738','p6'),('WSS768','p6'),('WSS787','p6'),('WSS789','p6'),('WSS796','p6'),('WSS798','p6'),('WSS812','p6'),('WSS817','p6'),('WSS826','p6'),('WSS834','p6'),('WSS838','p6'),('WSS843','p6'),('WSS856','p6'),('WSS878','p6'),('WSS888','p6'),('WSS902','p6'),('WSS912','p6'),('WSS913','p6'),('WSS914','p6'),('WSS917','p6'),('WSS941','p6'),('WSS96','p6'),('WSS965','p6'),('WSS977','p6'),('WSS983','p6'),('WSS985','p6'),('WSS990','p6'),('WSS11','p7'),('WSS120','p7'),('WSS130','p7'),('WSS138','p7'),('WSS147','p7'),('WSS160','p7'),('WSS164','p7'),('WSS166','p7'),('WSS168','p7'),('WSS190','p7'),('WSS194','p7'),('WSS215','p7'),('WSS222','p7'),('WSS223','p7'),('WSS224','p7'),('WSS230','p7'),('WSS243','p7'),('WSS244','p7'),('WSS245','p7'),('WSS251','p7'),('WSS258','p7'),('WSS281','p7'),('WSS293','p7'),('WSS295','p7'),('WSS3','p7'),('WSS304','p7'),('WSS308','p7'),('WSS313','p7'),('WSS314','p7'),('WSS323','p7'),('WSS328','p7'),('WSS329','p7'),('WSS344','p7'),('WSS350','p7'),('WSS356','p7'),('WSS357','p7'),('WSS370','p7'),('WSS379','p7'),('WSS386','p7'),('WSS398','p7'),('WSS400','p7'),('WSS412','p7'),('WSS420','p7'),('WSS422','p7'),('WSS425','p7'),('WSS433','p7'),('WSS434','p7'),('WSS448','p7'),('WSS449','p7'),('WSS45','p7'),('WSS453','p7'),('WSS475','p7'),('WSS497','p7'),('WSS498','p7'),('WSS514','p7'),('WSS520','p7'),('WSS54','p7'),('WSS540','p7'),('WSS541','p7'),('WSS547','p7'),('WSS55','p7'),('WSS554','p7'),('WSS559','p7'),('WSS563','p7'),('WSS572','p7'),('WSS575','p7'),('WSS580','p7'),('WSS613','p7'),('WSS626','p7'),('WSS630','p7'),('WSS634','p7'),('WSS636','p7'),('WSS64','p7'),('WSS646','p7'),('WSS647','p7'),('WSS66','p7'),('WSS67','p7'),('WSS672','p7'),('WSS687','p7'),('WSS698','p7'),('WSS703','p7'),('WSS707','p7'),('WSS714','p7'),('WSS723','p7'),('WSS740','p7'),('WSS755','p7'),('WSS757','p7'),('WSS758','p7'),('WSS763','p7'),('WSS771','p7'),('WSS778','p7'),('WSS779','p7'),('WSS785','p7'),('WSS823','p7'),('WSS833','p7'),('WSS85','p7'),('WSS865','p7'),('WSS880','p7'),('WSS924','p7'),('WSS932','p7'),('WSS941','p7'),('WSS943','p7'),('WSS947','p7'),('WSS952','p7'),('WSS960','p7'),('WSS963','p7'),('WSS965','p7'),('WSS972','p7'),('WSS973','p7'),('WSS994','p7'),('WSS999','p7'),('WSS1000','p8'),('WSS105','p8'),('WSS133','p8'),('WSS141','p8'),('WSS143','p8'),('WSS146','p8'),('WSS149','p8'),('WSS157','p8'),('WSS158','p8'),('WSS162','p8'),('WSS170','p8'),('WSS175','p8'),('WSS198','p8'),('WSS199','p8'),('WSS201','p8'),('WSS210','p8'),('WSS217','p8'),('WSS220','p8'),('WSS233','p8'),('WSS241','p8'),('WSS250','p8'),('WSS257','p8'),('WSS275','p8'),('WSS281','p8'),('WSS3','p8'),('WSS334','p8'),('WSS337','p8'),('WSS348','p8'),('WSS35','p8'),('WSS354','p8'),('WSS357','p8'),('WSS360','p8'),('WSS368','p8'),('WSS371','p8'),('WSS378','p8'),('WSS38','p8'),('WSS390','p8'),('WSS394','p8'),('WSS4','p8'),('WSS41','p8'),('WSS42','p8'),('WSS423','p8'),('WSS457','p8'),('WSS463','p8'),('WSS464','p8'),('WSS468','p8'),('WSS475','p8'),('WSS48','p8'),('WSS495','p8'),('WSS497','p8'),('WSS502','p8'),('WSS507','p8'),('WSS514','p8'),('WSS519','p8'),('WSS532','p8'),('WSS54','p8'),('WSS553','p8'),('WSS555','p8'),('WSS558','p8'),('WSS569','p8'),('WSS581','p8'),('WSS594','p8'),('WSS598','p8'),('WSS601','p8'),('WSS608','p8'),('WSS609','p8'),('WSS613','p8'),('WSS616','p8'),('WSS623','p8'),('WSS65','p8'),('WSS665','p8'),('WSS666','p8'),('WSS668','p8'),('WSS679','p8'),('WSS69','p8'),('WSS690','p8'),('WSS693','p8'),('WSS7','p8'),('WSS703','p8'),('WSS705','p8'),('WSS710','p8'),('WSS711','p8'),('WSS713','p8'),('WSS715','p8'),('WSS722','p8'),('WSS739','p8'),('WSS748','p8'),('WSS749','p8'),('WSS775','p8'),('WSS781','p8'),('WSS787','p8'),('WSS788','p8'),('WSS79','p8'),('WSS793','p8'),('WSS794','p8'),('WSS819','p8'),('WSS82','p8'),('WSS841','p8'),('WSS842','p8'),('WSS846','p8'),('WSS85','p8'),('WSS859','p8'),('WSS864','p8'),('WSS866','p8'),('WSS87','p8'),('WSS879','p8'),('WSS882','p8'),('WSS909','p8'),('WSS911','p8'),('WSS912','p8'),('WSS918','p8'),('WSS941','p8'),('WSS950','p8'),('WSS96','p8'),('WSS967','p8'),('WSS97','p8'),('WSS974','p8'),('WSS975','p8'),('WSS984','p8'),('WSS986','p8'),('WSS991','p8'),('WSS1000','p9'),('WSS102','p9'),('WSS118','p9'),('WSS124','p9'),('WSS127','p9'),('WSS135','p9'),('WSS136','p9'),('WSS140','p9'),('WSS157','p9'),('WSS16','p9'),('WSS162','p9'),('WSS166','p9'),('WSS173','p9'),('WSS174','p9'),('WSS176','p9'),('WSS178','p9'),('WSS187','p9'),('WSS198','p9'),('WSS206','p9'),('WSS207','p9'),('WSS210','p9'),('WSS212','p9'),('WSS22','p9'),('WSS226','p9'),('WSS241','p9'),('WSS247','p9'),('WSS252','p9'),('WSS270','p9'),('WSS280','p9'),('WSS292','p9'),('WSS294','p9'),('WSS302','p9'),('WSS314','p9'),('WSS333','p9'),('WSS335','p9'),('WSS337','p9'),('WSS338','p9'),('WSS34','p9'),('WSS341','p9'),('WSS347','p9'),('WSS356','p9'),('WSS36','p9'),('WSS369','p9'),('WSS396','p9'),('WSS410','p9'),('WSS420','p9'),('WSS421','p9'),('WSS432','p9'),('WSS437','p9'),('WSS438','p9'),('WSS445','p9'),('WSS451','p9'),('WSS452','p9'),('WSS465','p9'),('WSS467','p9'),('WSS488','p9'),('WSS51','p9'),('WSS519','p9'),('WSS52','p9'),('WSS525','p9'),('WSS528','p9'),('WSS534','p9'),('WSS538','p9'),('WSS542','p9'),('WSS545','p9'),('WSS55','p9'),('WSS560','p9'),('WSS58','p9'),('WSS587','p9'),('WSS610','p9'),('WSS616','p9'),('WSS62','p9'),('WSS643','p9'),('WSS649','p9'),('WSS651','p9'),('WSS655','p9'),('WSS660','p9'),('WSS662','p9'),('WSS664','p9'),('WSS667','p9'),('WSS673','p9'),('WSS674','p9'),('WSS683','p9'),('WSS686','p9'),('WSS696','p9'),('WSS697','p9'),('WSS713','p9'),('WSS721','p9'),('WSS738','p9'),('WSS758','p9'),('WSS766','p9'),('WSS781','p9'),('WSS791','p9'),('WSS805','p9'),('WSS82','p9'),('WSS830','p9'),('WSS849','p9'),('WSS865','p9'),('WSS881','p9'),('WSS890','p9'),('WSS892','p9'),('WSS895','p9'),('WSS897','p9'),('WSS900','p9'),('WSS904','p9'),('WSS907','p9'),('WSS914','p9'),('WSS919','p9'),('WSS925','p9'),('WSS927','p9'),('WSS939','p9'),('WSS946','p9'),('WSS948','p9'),('WSS959','p9'),('WSS966','p9'),('WSS971','p9'),('WSS972','p9'),('WSS974','p9'),('WSS980','p9'),('WSS982','p9'),('WSS995','p9'),('WSS997','p9'),('WSS998','p9');
/*!40000 ALTER TABLE `outputparameter` ENABLE KEYS */;
UNLOCK TABLES;

--
-- Table structure for table `parameterhierarchy`
--

DROP TABLE IF EXISTS `parameterhierarchy`;
/*!40101 SET @saved_cs_client     = @@character_set_client */;
/*!50503 SET character_set_client = utf8mb4 */;
CREATE TABLE `parameterhierarchy` (
  `parentParameterID` varchar(10) NOT NULL,
  `childParameterID` varchar(10) NOT NULL,
  PRIMARY KEY (`parentParameterID`,`childParameterID`)
) ENGINE=InnoDB DEFAULT CHARSET=latin1;
/*!40101 SET character_set_client = @saved_cs_client */;

--
-- Dumping data for table `parameterhierarchy`
--

LOCK TABLES `parameterhierarchy` WRITE;
/*!40000 ALTER TABLE `parameterhierarchy` DISABLE KEYS */;
/*!40000 ALTER TABLE `parameterhierarchy` ENABLE KEYS */;
UNLOCK TABLES;

--
-- Table structure for table `parameterlist`
--

DROP TABLE IF EXISTS `parameterlist`;
/*!40101 SET @saved_cs_client     = @@character_set_client */;
/*!50503 SET character_set_client = utf8mb4 */;
CREATE TABLE `parameterlist` (
  `parameterID` varchar(10) NOT NULL,
  `parameterName` varchar(100) DEFAULT NULL,
  PRIMARY KEY (`parameterID`)
) ENGINE=InnoDB DEFAULT CHARSET=latin1;
/*!40101 SET character_set_client = @saved_cs_client */;

--
-- Dumping data for table `parameterlist`
--

LOCK TABLES `parameterlist` WRITE;
/*!40000 ALTER TABLE `parameterlist` DISABLE KEYS */;
INSERT INTO `parameterlist` VALUES ('p1','p1name'),('p10','p10name'),('p11','p11name'),('p12','p12name'),('p13','p13name'),('p14','p14name'),('p15','p15name'),('p16','p16name'),('p17','p17name'),('p18','p18name'),('p19','p19name'),('p2','p2name'),('p20','p20name'),('p21','p21name'),('p22','p22name'),('p23','p23name'),('p24','p24name'),('p25','p25name'),('p26','p26name'),('p27','p27name'),('p28','p28name'),('p29','p29name'),('p3','p3name'),('p30','p30name'),('p31','p31name'),('p32','p32name'),('p33','p33name'),('p34','p34name'),('p35','p35name'),('p36','p36name'),('p37','p37name'),('p38','p38name'),('p39','p39name'),('p4','p4name'),('p40','p40name'),('p41','p41name'),('p42','p42name'),('p43','p43name'),('p44','p44name'),('p45','p45name'),('p46','p46name'),('p47','p47name'),('p48','p48name'),('p49','p49name'),('p5','p5name'),('p50','p50name'),('p6','p6name'),('p7','p7name'),('p8','p8name'),('p9','p9name');
/*!40000 ALTER TABLE `parameterlist` ENABLE KEYS */;
UNLOCK TABLES;

--
-- Table structure for table `result`
--

DROP TABLE IF EXISTS `result`;
/*!40101 SET @saved_cs_client     = @@character_set_client */;
/*!50503 SET character_set_client = utf8mb4 */;
CREATE TABLE `result` (
  `transactionID` bigint NOT NULL,
  `stage` int NOT NULL,
  `webServiceID` varchar(10) NOT NULL,
  PRIMARY KEY (`transactionID`,`stage`,`webServiceID`)
) ENGINE=InnoDB DEFAULT CHARSET=latin1;
/*!40101 SET character_set_client = @saved_cs_client */;

--
-- Dumping data for table `result`
--

LOCK TABLES `result` WRITE;
/*!40000 ALTER TABLE `result` DISABLE KEYS */;
INSERT INTO `result` VALUES (1,1,'WSS225'),(1,2,'WSS869'),(1,3,'WSS105'),(1,3,'WSS112'),(2,1,'WSS621'),(2,1,'WSS657'),(2,2,'WSS526'),(2,2,'WSS697'),(3,1,'WSS547'),(3,2,'WSS52'),(3,2,'WSS701'),(3,3,'WSS175'),(4,1,'WSS614'),(4,1,'WSS840'),(4,1,'WSS848'),(4,1,'WSS90'),(5,1,'WSS47'),(5,2,'WSS268'),(5,2,'WSS813'),(5,3,'WSS907'),(6,1,'WSS286'),(6,2,'WSS380'),(6,2,'WSS473'),(6,3,'WSS106'),(7,1,'WSS403'),(7,1,'WSS870'),(7,2,'WSS113'),(7,2,'WSS34'),(8,1,'WSS260'),(8,2,'WSS21'),(8,2,'WSS239'),(8,3,'WSS437'),(9,1,'WSS134'),(9,1,'WSS441'),(9,2,'WSS716'),(9,3,'WSS24'),(10,1,'WSS819'),(10,1,'WSS980'),(10,2,'WSS335'),(10,2,'WSS695'),(11,1,'WSS878'),(11,2,'WSS222'),(11,2,'WSS291'),(11,3,'WSS119'),(12,1,'WSS263'),(12,1,'WSS61'),(12,2,'WSS261'),(12,3,'WSS594'),(13,1,'WSS457'),(13,2,'WSS267'),(13,2,'WSS650'),(13,3,'WSS78'),(14,1,'WSS419'),(14,2,'WSS449'),(14,3,'WSS381'),(14,3,'WSS558'),(15,1,'WSS201'),(15,2,'WSS782'),(15,2,'WSS806'),(15,3,'WSS683'),(16,1,'WSS695'),(16,2,'WSS256'),(16,3,'WSS282'),(16,3,'WSS786'),(17,1,'WSS805'),(17,1,'WSS88'),(17,2,'WSS374'),(17,2,'WSS642'),(18,1,'WSS81'),(18,2,'WSS2'),(18,3,'WSS346'),(18,3,'WSS664'),(19,1,'WSS987'),(19,2,'WSS273'),(19,2,'WSS793'),(20,1,'WSS277'),(20,1,'WSS698'),(20,2,'WSS153'),(20,2,'WSS817'),(21,1,'WSS273'),(21,1,'WSS971'),(21,2,'WSS181'),(21,2,'WSS857'),(22,1,'WSS938'),(22,2,'WSS996'),(22,3,'WSS191'),(23,1,'WSS272'),(23,2,'WSS468'),(23,2,'WSS922'),(23,3,'WSS356'),(24,1,'WSS173'),(24,2,'WSS891'),(24,3,'WSS766'),(24,4,'WSS942'),(25,1,'WSS109'),(25,2,'WSS116'),(25,2,'WSS18'),(25,3,'WSS652'),(26,1,'WSS418'),(26,1,'WSS911'),(26,2,'WSS20'),(26,2,'WSS385'),(27,1,'WSS632'),(27,2,'WSS205'),(27,3,'WSS136'),(27,3,'WSS929'),(28,1,'WSS263'),(28,1,'WSS648'),(28,2,'WSS376'),(29,1,'WSS547'),(29,2,'WSS400'),(29,2,'WSS509'),(29,3,'WSS705'),(30,1,'WSS46'),(30,2,'WSS746'),(30,3,'WSS712'),(30,3,'WSS880'),(1031,1,'ICP006'),(1031,1,'ICP110'),(1031,1,'ICP311'),(1031,2,'ICP500'),(1035,1,'ICP386'),(1035,2,'ICP466'),(1133,1,'ICP103'),(1133,2,'ICP341'),(1133,3,'ICP395'),(1136,1,'ICP110'),(1136,2,'ICP710'),(1141,1,'ICP311'),(1141,2,'ICP422'),(1288,1,'ICP001'),(1288,2,'ICP110'),(1291,1,'ICP110'),(1291,2,'ICP720'),(1293,1,'ICP110'),(1293,1,'ICP311'),(1293,2,'ICP500'),(1296,1,'ICP006'),(1296,1,'ICP103'),(1296,1,'ICP110'),(1296,1,'ICP311'),(1296,1,'ICP313'),(1296,2,'ICP341'),(1296,2,'ICP500'),(1296,3,'ICP395'),(1325,1,'ICP110'),(1325,2,'ICP680'),(1355,1,'ICP110'),(1355,2,'ICP469'),(1406,1,'ICP110'),(1435,1,'ICP006'),(1435,1,'ICP110'),(1435,1,'ICP311'),(1435,2,'ICP500'),(1509,1,'ICP001'),(1509,1,'ICP006'),(1509,2,'ICP002'),(1509,2,'ICP110'),(1509,3,'ICP311'),(1509,4,'ICP500'),(1572,1,'ICP103'),(1572,1,'ICP110'),(1572,1,'ICP386'),(1572,2,'ICP341'),(1572,2,'ICP395'),(1572,2,'ICP466'),(1572,2,'ICP620'),(1572,2,'ICP720'),(1572,3,'ICP445'),(1583,1,'ICP386'),(1583,2,'ICP466'),(1607,1,'ICP301'),(1607,1,'ICP341'),(1607,1,'ICP386'),(1607,2,'ICP481'),(1620,1,'ICP006'),(1620,1,'ICP110'),(1620,1,'ICP311'),(1620,2,'ICP500'),(1646,1,'ICP006'),(1646,1,'ICP110'),(1646,1,'ICP311'),(1646,2,'ICP469'),(1646,2,'ICP500'),(1733,1,'ICP311'),(1733,2,'ICP422'),(1797,1,'ICP386'),(1797,2,'ICP466'),(1851,1,'ICP003'),(1851,1,'ICP311'),(1851,2,'ICP313'),(1851,3,'ICP486'),(1981,1,'ICP110'),(1981,1,'ICP311'),(1981,2,'ICP500'),(2015,1,'ICP006'),(2015,1,'ICP110'),(2015,1,'ICP311'),(2015,2,'ICP500'),(2026,1,'ICP386'),(2026,2,'ICP466'),(2114,1,'ICP341'),(2114,2,'ICP395'),(2114,3,'ICP445'),(2280,1,'ICP103'),(2280,1,'ICP386'),(2280,2,'ICP341'),(2280,2,'ICP395'),(2280,2,'ICP466'),(2280,3,'ICP495'),(2317,1,'ICP313'),(2317,1,'ICP341'),(2317,1,'ICP680'),(2317,2,'ICP395'),(2317,3,'ICP445'),(2474,1,'ICP003'),(2474,1,'ICP311'),(2474,2,'ICP313'),(2474,3,'ICP486'),(2565,1,'ICP313'),(2565,1,'ICP341'),(2565,2,'ICP395'),(2565,3,'ICP445'),(2598,1,'ICP006'),(2598,1,'ICP110'),(2598,1,'ICP311'),(2598,1,'ICP313'),(2598,1,'ICP331'),(2598,2,'ICP500'),(2610,1,'ICP003'),(2610,1,'ICP311'),(2610,2,'ICP313'),(2610,3,'ICP486'),(2659,1,'ICP006'),(2659,1,'ICP110'),(2659,1,'ICP311'),(2659,2,'ICP469'),(2659,2,'ICP500'),(2675,1,'ICP386'),(2675,2,'ICP466'),(2711,1,'ICP103'),(2711,1,'ICP386'),(2711,2,'ICP341'),(2711,3,'ICP481'),(2779,1,'ICP003'),(2779,1,'ICP311'),(2779,2,'ICP313'),(2779,3,'ICP486'),(2985,1,'ICP103'),(3021,1,'ICP006'),(3021,1,'ICP110'),(3021,1,'ICP302'),(3021,2,'ICP500'),(3075,1,'ICP006'),(3075,1,'ICP110'),(3075,1,'ICP311'),(3075,2,'ICP500'),(3226,1,'ICP110'),(3226,2,'ICP818'),(3286,1,'ICP006'),(3286,1,'ICP110'),(3286,1,'ICP311'),(3286,2,'ICP500'),(3357,1,'ICP006'),(3357,1,'ICP110'),(3357,1,'ICP311'),(3357,2,'ICP500'),(3667,1,'ICP103'),(3667,1,'ICP301'),(3667,1,'ICP386'),(3667,2,'ICP341'),(3667,3,'ICP481'),(3668,1,'ICP103'),(3668,1,'ICP301'),(3668,1,'ICP386'),(3668,2,'ICP341'),(3668,3,'ICP481'),(3705,1,'ICP103'),(3705,1,'ICP301'),(3705,1,'ICP386'),(3705,2,'ICP341'),(3705,3,'ICP481'),(3718,1,'ICP001'),(3718,2,'ICP002'),(3718,2,'ICP110'),(3718,3,'ICP311'),(3718,4,'ICP819'),(3877,1,'ICP386'),(3948,1,'ICP006'),(3948,1,'ICP110'),(3948,1,'ICP311'),(3948,2,'ICP500'),(3969,1,'ICP301'),(3969,1,'ICP341'),(3969,1,'ICP386'),(3969,2,'ICP481'),(3971,1,'ICP386'),(3971,2,'ICP466'),(4112,1,'ICP006'),(4112,1,'ICP110'),(4112,1,'ICP311'),(4112,2,'ICP469'),(4112,2,'ICP500'),(4178,1,'ICP002'),(4178,1,'ICP110'),(4178,2,'ICP311'),(4178,3,'ICP819'),(4281,1,'ICP110'),(4281,2,'ICP469'),(4296,1,'ICP006'),(4296,1,'ICP110'),(4296,1,'ICP311'),(4296,2,'ICP469'),(4296,2,'ICP500'),(4375,1,'ICP003'),(4375,1,'ICP311'),(4375,2,'ICP313'),(4375,3,'ICP486'),(4589,1,'ICP006'),(4589,1,'ICP110'),(4589,1,'ICP311'),(4589,2,'ICP469'),(4589,2,'ICP500'),(4607,1,'ICP006'),(4607,1,'ICP110'),(4607,1,'ICP302'),(4607,2,'ICP500'),(4747,1,'ICP311'),(4747,1,'ICP313'),(4747,2,'ICP486'),(4775,1,'ICP110'),(4775,2,'ICP500'),(4934,1,'ICP103'),(4934,2,'ICP341'),(4978,1,'ICP103'),(4980,1,'ICP006'),(4980,1,'ICP110'),(4980,1,'ICP311'),(4980,2,'ICP469'),(4980,2,'ICP500'),(4980,2,'ICP720'),(4980,3,'ICP740'),(5049,1,'ICP006'),(5049,1,'ICP110'),(5049,1,'ICP311'),(5049,2,'ICP500'),(5417,1,'ICP301'),(5417,1,'ICP341'),(5417,1,'ICP386'),(5417,2,'ICP481'),(5448,1,'ICP386'),(5448,2,'ICP466'),(5450,1,'ICP103'),(5450,1,'ICP110'),(5450,1,'ICP386'),(5450,1,'ICP817'),(5450,2,'ICP341'),(5450,2,'ICP395'),(5450,2,'ICP466'),(5450,2,'ICP620'),(5450,2,'ICP720'),(5450,3,'ICP445'),(5450,3,'ICP815'),(5461,1,'ICP002'),(5461,1,'ICP006'),(5461,1,'ICP110'),(5461,1,'ICP302'),(5461,2,'ICP500'),(5461,2,'ICP720'),(5461,3,'ICP740'),(5472,1,'ICP110'),(5472,2,'ICP818'),(5497,1,'ICP103'),(5497,2,'ICP341'),(5569,1,'ICP386'),(5569,2,'ICP466'),(5571,1,'ICP103'),(5571,2,'ICP810'),(5757,1,'ICP386'),(5757,2,'ICP466'),(5779,1,'ICP006'),(5779,1,'ICP110'),(5779,1,'ICP302'),(5779,2,'ICP500'),(5814,1,'ICP006'),(5814,1,'ICP110'),(5814,1,'ICP311'),(5814,2,'ICP500'),(5897,1,'ICP110'),(5897,2,'ICP710'),(5966,1,'ICP103'),(5966,1,'ICP301'),(5966,1,'ICP386'),(5966,2,'ICP341'),(5966,3,'ICP481'),(6032,1,'ICP386'),(6032,2,'ICP466'),(6279,1,'ICP006'),(6279,1,'ICP110'),(6279,1,'ICP311'),(6279,2,'ICP469'),(6279,2,'ICP500'),(6294,1,'ICP006'),(6294,1,'ICP110'),(6294,1,'ICP311'),(6294,2,'ICP500'),(6325,1,'ICP002'),(6325,2,'ICP003'),(6363,1,'ICP006'),(6363,1,'ICP110'),(6363,1,'ICP311'),(6363,2,'ICP469'),(6363,2,'ICP500'),(6437,1,'ICP103'),(6437,1,'ICP301'),(6437,1,'ICP386'),(6437,2,'ICP341'),(6437,3,'ICP481'),(6533,1,'ICP006'),(6533,1,'ICP110'),(6533,1,'ICP311'),(6533,2,'ICP469'),(6533,2,'ICP500'),(6574,1,'ICP002'),(6574,1,'ICP110'),(6574,2,'ICP311'),(6574,3,'ICP819'),(6604,1,'ICP103'),(6604,1,'ICP386'),(6604,2,'ICP341'),(6604,3,'ICP481'),(6679,1,'ICP003'),(6679,1,'ICP311'),(6679,2,'ICP313'),(6679,3,'ICP486'),(6692,1,'ICP103'),(6692,1,'ICP386'),(6692,1,'ICP465'),(6692,2,'ICP341'),(6692,3,'ICP481'),(6874,1,'ICP467'),(6898,1,'ICP103'),(6898,1,'ICP386'),(6898,2,'ICP341'),(6898,3,'ICP481'),(6922,1,'ICP313'),(6922,1,'ICP341'),(6922,2,'ICP395'),(6974,1,'ICP110'),(6974,2,'ICP469'),(7056,1,'ICP006'),(7056,1,'ICP110'),(7056,1,'ICP311'),(7056,1,'ICP341'),(7056,2,'ICP395'),(7056,2,'ICP500'),(7056,2,'ICP720'),(7056,3,'ICP445'),(7056,3,'ICP740'),(7107,1,'ICP311'),(7107,1,'ICP313'),(7107,2,'ICP486'),(7159,1,'ICP311'),(7159,2,'ICP422'),(7196,1,'ICP103'),(7196,2,'ICP341'),(7196,2,'ICP395'),(7196,3,'ICP495'),(7227,1,'ICP103'),(7227,1,'ICP110'),(7227,1,'ICP301'),(7227,1,'ICP311'),(7227,1,'ICP386'),(7227,2,'ICP341'),(7227,2,'ICP500'),(7227,3,'ICP481'),(7297,1,'ICP386'),(7297,2,'ICP466'),(7326,1,'ICP006'),(7326,1,'ICP110'),(7326,1,'ICP311'),(7326,2,'ICP500'),(7398,1,'ICP002'),(7398,1,'ICP006'),(7398,1,'ICP103'),(7398,1,'ICP110'),(7398,2,'ICP311'),(7398,2,'ICP720'),(7398,2,'ICP810'),(7398,3,'ICP500'),(7398,3,'ICP819'),(7398,4,'ICP740'),(7420,1,'ICP006'),(7420,1,'ICP311'),(7420,2,'ICP500'),(7484,1,'ICP006'),(7484,1,'ICP110'),(7484,1,'ICP311'),(7484,2,'ICP469'),(7484,2,'ICP500'),(7515,1,'ICP006'),(7515,1,'ICP110'),(7515,1,'ICP311'),(7515,2,'ICP469'),(7515,2,'ICP500'),(7593,1,'ICP301'),(7593,1,'ICP341'),(7593,1,'ICP386'),(7593,2,'ICP481'),(7645,1,'ICP001'),(7645,1,'ICP006'),(7645,2,'ICP002'),(7645,2,'ICP110'),(7645,3,'ICP311'),(7645,4,'ICP500'),(7720,1,'ICP006'),(7720,1,'ICP311'),(7720,1,'ICP720'),(7720,2,'ICP500'),(7720,3,'ICP740'),(7769,1,'ICP103'),(7769,2,'ICP341'),(7797,1,'ICP006'),(7797,1,'ICP110'),(7797,1,'ICP302'),(7797,2,'ICP500'),(7797,2,'ICP720'),(7817,1,'ICP006'),(7817,1,'ICP311'),(7817,2,'ICP500'),(7821,1,'ICP006'),(7821,1,'ICP110'),(7821,1,'ICP311'),(7821,2,'ICP500'),(7831,1,'ICP006'),(7831,1,'ICP311'),(7831,2,'ICP500'),(7832,1,'ICP006'),(7832,1,'ICP110'),(7832,1,'ICP311'),(7832,2,'ICP500'),(8030,1,'ICP386'),(8030,2,'ICP466'),(8062,1,'ICP006'),(8062,1,'ICP110'),(8062,1,'ICP311'),(8062,2,'ICP500'),(8155,1,'ICP006'),(8155,1,'ICP110'),(8155,1,'ICP311'),(8155,2,'ICP469'),(8155,2,'ICP500'),(8306,1,'ICP006'),(8306,1,'ICP110'),(8306,1,'ICP311'),(8306,2,'ICP500'),(8509,1,'ICP467'),(8527,1,'ICP110'),(8527,2,'ICP500'),(8628,1,'ICP103'),(8628,1,'ICP301'),(8628,1,'ICP386'),(8628,2,'ICP341'),(8628,3,'ICP481'),(8647,1,'ICP103'),(8647,2,'ICP341'),(8688,1,'ICP103'),(8688,1,'ICP301'),(8688,1,'ICP386'),(8688,2,'ICP341'),(8688,3,'ICP481'),(8877,1,'ICP386'),(8877,2,'ICP466'),(8889,1,'ICP110'),(8889,2,'ICP620'),(8941,1,'ICP103'),(8941,2,'ICP341'),(8941,2,'ICP395'),(8941,3,'ICP495'),(8952,1,'ICP103'),(8952,1,'ICP386'),(8952,2,'ICP341'),(8952,3,'ICP481'),(8959,1,'ICP103'),(8959,2,'ICP341'),(9050,1,'ICP006'),(9050,1,'ICP110'),(9050,1,'ICP311'),(9050,2,'ICP500'),(9076,1,'ICP004'),(9076,2,'ICP005'),(9076,3,'ICP331'),(9117,1,'ICP110'),(9117,2,'ICP469'),(9185,1,'ICP341'),(9185,2,'ICP395'),(9185,3,'ICP445'),(9249,1,'ICP006'),(9249,1,'ICP110'),(9249,1,'ICP311'),(9249,2,'ICP500'),(9249,2,'ICP720'),(9306,1,'ICP006'),(9306,1,'ICP110'),(9306,1,'ICP302'),(9306,2,'ICP500'),(9325,1,'ICP386'),(9422,1,'ICP110'),(9422,2,'ICP469'),(9451,1,'ICP006'),(9451,1,'ICP110'),(9451,1,'ICP311'),(9451,1,'ICP341'),(9451,2,'ICP395'),(9451,2,'ICP500'),(9451,2,'ICP720'),(9451,3,'ICP445'),(9451,3,'ICP740'),(9524,1,'ICP001'),(9524,1,'ICP006'),(9524,2,'ICP002'),(9524,2,'ICP110'),(9524,3,'ICP311'),(9524,4,'ICP500'),(9784,1,'ICP110'),(9784,2,'ICP469'),(9797,1,'ICP103'),(9797,2,'ICP341'),(9812,1,'ICP311'),(9812,1,'ICP313'),(9812,2,'ICP486'),(9814,1,'ICP006'),(9814,1,'ICP110'),(9814,1,'ICP311'),(9814,2,'ICP500'),(9868,1,'ICP006'),(9868,1,'ICP110'),(9868,1,'ICP311'),(9868,2,'ICP500'),(9968,1,'ICP103'),(9968,1,'ICP301'),(9968,1,'ICP386'),(9968,2,'ICP341'),(9968,3,'ICP481'),(9978,1,'ICP311'),(9978,1,'ICP313'),(9978,2,'ICP486'),(111174351,1,'ICP001'),(111174351,2,'ICP002'),(111174351,3,'ICP003'),(111174351,3,'ICP311'),(111174351,4,'ICP313'),(111174351,5,'ICP486'),(112793854,1,'ICP006'),(112793854,1,'ICP110'),(112793854,1,'ICP311'),(112793854,2,'ICP500'),(125202274,1,'ICP001'),(125202274,1,'ICP103'),(125202274,2,'ICP301'),(125202274,2,'ICP341'),(125202274,2,'ICP386'),(125202274,3,'ICP481'),(137852438,1,'ICP006'),(137852438,1,'ICP110'),(137852438,1,'ICP311'),(137852438,2,'ICP500'),(141922012,1,'ICP002'),(141922012,2,'ICP003'),(141922012,2,'ICP311'),(141922012,3,'ICP313'),(141922012,4,'ICP486'),(164821430,1,'ICP001'),(164821430,2,'ICP002'),(164821430,3,'ICP003'),(164821430,3,'ICP311'),(164821430,4,'ICP313'),(164821430,5,'ICP486'),(166203121,1,'ICP001'),(166203121,1,'ICP006'),(166203121,1,'ICP200'),(166203121,2,'ICP002'),(166203121,2,'ICP110'),(166203121,2,'ICP720'),(166203121,3,'ICP311'),(166203121,4,'ICP500'),(166203121,4,'ICP819'),(166203121,5,'ICP740'),(178957047,1,'ICP110'),(178957047,2,'ICP469'),(192081592,1,'ICP006'),(192081592,1,'ICP200'),(192081592,1,'ICP311'),(192081592,2,'ICP500'),(192081592,2,'ICP720'),(192081592,3,'ICP740'),(196046272,1,'ICP002'),(196046272,1,'ICP006'),(196046272,1,'ICP110'),(196046272,2,'ICP311'),(196046272,2,'ICP469'),(196046272,3,'ICP500'),(222936116,1,'ICP006'),(222936116,1,'ICP200'),(222936116,1,'ICP311'),(222936116,2,'ICP500'),(222936116,2,'ICP720'),(222936116,2,'ICP819'),(222936116,3,'ICP740'),(258370250,1,'ICP006'),(258370250,1,'ICP200'),(258370250,1,'ICP311'),(258370250,2,'ICP500'),(258370250,2,'ICP720'),(258370250,2,'ICP818'),(258370250,2,'ICP819'),(258370250,3,'ICP740'),(285611992,1,'ICP006'),(285611992,1,'ICP110'),(285611992,1,'ICP200'),(285611992,1,'ICP311'),(285611992,2,'ICP500'),(285611992,2,'ICP720'),(285611992,3,'ICP740'),(287034437,1,'ICP006'),(287034437,1,'ICP200'),(287034437,1,'ICP311'),(287034437,2,'ICP500'),(287034437,2,'ICP720'),(287034437,2,'ICP819'),(287034437,3,'ICP740'),(291687847,1,'ICP006'),(291687847,1,'ICP200'),(291687847,1,'ICP311'),(291687847,2,'ICP500'),(291687847,2,'ICP720'),(291687847,2,'ICP819'),(291687847,3,'ICP740'),(292870227,1,'ICP001'),(292870227,1,'ICP006'),(292870227,1,'ICP720'),(292870227,2,'ICP002'),(292870227,2,'ICP110'),(292870227,3,'ICP311'),(292870227,4,'ICP500'),(292870227,5,'ICP740'),(316379525,1,'ICP110'),(316379525,1,'ICP311'),(316379525,2,'ICP361'),(316379525,3,'ICP461'),(324432052,1,'ICP001'),(324432052,2,'ICP002'),(324432052,3,'ICP003'),(324432052,3,'ICP311'),(324432052,4,'ICP313'),(324432052,5,'ICP486'),(348444351,1,'ICP311'),(348444351,1,'ICP313'),(348444351,2,'ICP486'),(356640298,1,'ICP469'),(356640298,1,'ICP818'),(356640298,2,'ICP660'),(362849335,1,'ICP006'),(362849335,1,'ICP200'),(362849335,1,'ICP311'),(362849335,2,'ICP500'),(362849335,2,'ICP720'),(362849335,2,'ICP818'),(362849335,3,'ICP740'),(370058038,1,'ICP006'),(370058038,1,'ICP110'),(370058038,1,'ICP311'),(370058038,2,'ICP469'),(370058038,2,'ICP500'),(410309476,1,'ICP001'),(410309476,1,'ICP006'),(410309476,1,'ICP200'),(410309476,2,'ICP002'),(410309476,2,'ICP720'),(410309476,3,'ICP311'),(410309476,4,'ICP500'),(410309476,4,'ICP819'),(410309476,5,'ICP740'),(411681300,1,'ICP006'),(411681300,1,'ICP200'),(411681300,1,'ICP311'),(411681300,2,'ICP500'),(411681300,2,'ICP720'),(411681300,2,'ICP819'),(411681300,3,'ICP740'),(413889315,1,'ICP002'),(413889315,2,'ICP003'),(413889315,2,'ICP311'),(413889315,3,'ICP313'),(413889315,4,'ICP486'),(435075950,1,'ICP002'),(435075950,1,'ICP006'),(435075950,1,'ICP110'),(435075950,1,'ICP720'),(435075950,2,'ICP311'),(435075950,3,'ICP500'),(435075950,4,'ICP740'),(442506203,1,'ICP006'),(442506203,1,'ICP110'),(442506203,1,'ICP311'),(442506203,2,'ICP469'),(442506203,2,'ICP500'),(448741355,1,'ICP001'),(448741355,2,'ICP002'),(448741355,3,'ICP003'),(448741355,3,'ICP311'),(448741355,4,'ICP313'),(448741355,5,'ICP486'),(452470039,1,'ICP006'),(452470039,1,'ICP110'),(452470039,1,'ICP311'),(452470039,2,'ICP500'),(495404878,1,'ICP006'),(495404878,1,'ICP110'),(495404878,1,'ICP200'),(495404878,1,'ICP302'),(495404878,2,'ICP500'),(495404878,2,'ICP720'),(495404878,3,'ICP740'),(496776246,1,'ICP103'),(496776246,2,'ICP341'),(496776246,3,'ICP403'),(497270695,1,'ICP001'),(497270695,1,'ICP103'),(497270695,2,'ICP301'),(497270695,2,'ICP341'),(497270695,2,'ICP386'),(497270695,3,'ICP481'),(506023024,1,'ICP680'),(516484914,1,'ICP006'),(516484914,1,'ICP200'),(516484914,1,'ICP311'),(516484914,2,'ICP500'),(516484914,2,'ICP720'),(516484914,3,'ICP740'),(524497078,1,'ICP006'),(524497078,1,'ICP200'),(524497078,1,'ICP311'),(524497078,2,'ICP500'),(524497078,2,'ICP720'),(524497078,2,'ICP819'),(524497078,3,'ICP740'),(532135187,1,'ICP200'),(532135187,2,'ICP720'),(532135187,3,'ICP811'),(532135187,4,'ICP813'),(561361210,1,'ICP006'),(561361210,1,'ICP200'),(561361210,1,'ICP311'),(561361210,2,'ICP500'),(561361210,2,'ICP720'),(561361210,2,'ICP819'),(561361210,3,'ICP740'),(578460210,1,'ICP110'),(578460210,2,'ICP469'),(601145152,1,'ICP006'),(601145152,1,'ICP200'),(601145152,1,'ICP311'),(601145152,2,'ICP500'),(601145152,2,'ICP720'),(601145152,2,'ICP819'),(601145152,3,'ICP740'),(630767823,1,'ICP006'),(630767823,1,'ICP200'),(630767823,1,'ICP311'),(630767823,2,'ICP500'),(630767823,2,'ICP720'),(630767823,2,'ICP819'),(630767823,3,'ICP740'),(658685554,1,'ICP006'),(658685554,1,'ICP200'),(658685554,1,'ICP311'),(658685554,2,'ICP500'),(658685554,2,'ICP720'),(658685554,3,'ICP740'),(659691843,1,'ICP006'),(659691843,1,'ICP200'),(659691843,1,'ICP311'),(659691843,2,'ICP500'),(659691843,2,'ICP720'),(659691843,3,'ICP740'),(664758087,1,'ICP006'),(664758087,1,'ICP200'),(664758087,1,'ICP311'),(664758087,2,'ICP500'),(664758087,2,'ICP720'),(664758087,2,'ICP819'),(664758087,3,'ICP740'),(669457938,1,'ICP006'),(669457938,1,'ICP200'),(669457938,1,'ICP311'),(669457938,2,'ICP500'),(669457938,2,'ICP720'),(669457938,3,'ICP740'),(683869712,1,'ICP006'),(683869712,1,'ICP200'),(683869712,1,'ICP311'),(683869712,2,'ICP500'),(683869712,2,'ICP720'),(683869712,2,'ICP819'),(683869712,3,'ICP740'),(716407017,1,'ICP006'),(716407017,1,'ICP110'),(716407017,1,'ICP311'),(716407017,1,'ICP720'),(716407017,2,'ICP500'),(716407017,2,'ICP811'),(716407017,3,'ICP813'),(726508464,1,'ICP006'),(726508464,1,'ICP110'),(726508464,1,'ICP311'),(726508464,2,'ICP469'),(726508464,2,'ICP500'),(739074091,1,'ICP006'),(739074091,1,'ICP200'),(739074091,1,'ICP311'),(739074091,2,'ICP500'),(739074091,2,'ICP720'),(739074091,3,'ICP740'),(739546796,1,'ICP006'),(739546796,1,'ICP200'),(739546796,1,'ICP311'),(739546796,2,'ICP500'),(739546796,2,'ICP720'),(739546796,3,'ICP740'),(742695516,1,'ICP001'),(742695516,2,'ICP110'),(742695516,2,'ICP302'),(742695516,3,'ICP500'),(749479466,1,'ICP103'),(749479466,1,'ICP301'),(749479466,1,'ICP386'),(749479466,2,'ICP341'),(749479466,3,'ICP481'),(759784803,1,'ICP001'),(759784803,1,'ICP006'),(759784803,2,'ICP110'),(759784803,2,'ICP302'),(759784803,3,'ICP500'),(784019298,1,'ICP001'),(784019298,1,'ICP103'),(784019298,2,'ICP301'),(784019298,2,'ICP341'),(784019298,2,'ICP386'),(784019298,3,'ICP481'),(809869431,1,'ICP006'),(809869431,1,'ICP110'),(809869431,1,'ICP311'),(809869431,2,'ICP500'),(833064024,1,'ICP001'),(833064024,1,'ICP006'),(833064024,1,'ICP720'),(833064024,2,'ICP002'),(833064024,2,'ICP110'),(833064024,3,'ICP311'),(833064024,4,'ICP500'),(833064024,5,'ICP740'),(882961008,1,'ICP006'),(882961008,1,'ICP110'),(882961008,1,'ICP311'),(882961008,2,'ICP500'),(916025637,1,'ICP001'),(916025637,2,'ICP110'),(916025637,3,'ICP469'),(960676621,1,'ICP006'),(960676621,1,'ICP200'),(960676621,1,'ICP311'),(960676621,2,'ICP500'),(960676621,2,'ICP720'),(960676621,3,'ICP740'),(971245096,1,'ICP006'),(971245096,1,'ICP110'),(971245096,1,'ICP311'),(971245096,2,'ICP469'),(971245096,2,'ICP500');
/*!40000 ALTER TABLE `result` ENABLE KEYS */;
UNLOCK TABLES;

--
-- Table structure for table `rhs`
--

DROP TABLE IF EXISTS `rhs`;
/*!40101 SET @saved_cs_client     = @@character_set_client */;
/*!50503 SET character_set_client = utf8mb4 */;
CREATE TABLE `rhs` (
  `ruleid` int NOT NULL,
  `courseid` varchar(10) NOT NULL,
  PRIMARY KEY (`ruleid`,`courseid`)
) ENGINE=InnoDB DEFAULT CHARSET=latin1;
/*!40101 SET character_set_client = @saved_cs_client */;

--
-- Dumping data for table `rhs`
--

LOCK TABLES `rhs` WRITE;
/*!40000 ALTER TABLE `rhs` DISABLE KEYS */;
INSERT INTO `rhs` VALUES (1,'ICP110'),(2,'ICP311'),(3,'ICP500'),(4,'ICP311'),(5,'ICP500'),(6,'ICP500'),(7,'ICP311'),(8,'ICP500'),(9,'ICP500'),(10,'ICP500'),(11,'ICP500');
/*!40000 ALTER TABLE `rhs` ENABLE KEYS */;
UNLOCK TABLES;

--
-- Table structure for table `ruleinfo`
--

DROP TABLE IF EXISTS `ruleinfo`;
/*!40101 SET @saved_cs_client     = @@character_set_client */;
/*!50503 SET character_set_client = utf8mb4 */;
CREATE TABLE `ruleinfo` (
  `ruleid` int NOT NULL,
  `support` float DEFAULT NULL,
  `confidence` float DEFAULT NULL,
  `lift` float DEFAULT NULL,
  `count` int DEFAULT NULL,
  PRIMARY KEY (`ruleid`)
) ENGINE=InnoDB DEFAULT CHARSET=latin1;
/*!40101 SET character_set_client = @saved_cs_client */;

--
-- Dumping data for table `ruleinfo`
--

LOCK TABLES `ruleinfo` WRITE;
/*!40000 ALTER TABLE `ruleinfo` DISABLE KEYS */;
INSERT INTO `ruleinfo` VALUES (1,0.2,0.719101,1.53765,3),(2,0.2,0.910112,1.69382,3),(3,0.2,1,2.11579,3),(4,0.2,0.670213,1.24734,3),(5,0.2,0.744681,1.57559,3),(6,0.2,0.777778,1.64561,3),(7,0.2,0.875,1.62847,3),(8,0.2,1,2.11579,3),(9,0.2,1,2.11579,3),(10,0.2,0.936508,1.98145,3),(11,0.2,1,2.11579,3);
/*!40000 ALTER TABLE `ruleinfo` ENABLE KEYS */;
UNLOCK TABLES;

--
-- Table structure for table `webservicelist`
--

DROP TABLE IF EXISTS `webservicelist`;
/*!40101 SET @saved_cs_client     = @@character_set_client */;
/*!50503 SET character_set_client = utf8mb4 */;
CREATE TABLE `webservicelist` (
  `webServiceID` varchar(10) NOT NULL,
  `webServiceName` varchar(100) DEFAULT NULL,
  `reputation` float DEFAULT NULL,
  `price` float DEFAULT NULL,
  `duration` int DEFAULT NULL,
  `provider` varchar(50) DEFAULT NULL,
  `url` varchar(100) DEFAULT NULL,
  PRIMARY KEY (`webServiceID`)
) ENGINE=InnoDB DEFAULT CHARSET=latin1;
/*!40101 SET character_set_client = @saved_cs_client */;

--
-- Dumping data for table `webservicelist`
--

LOCK TABLES `webservicelist` WRITE;
/*!40000 ALTER TABLE `webservicelist` DISABLE KEYS */;
INSERT INTO `webservicelist` VALUES ('WSS1','WSS1Name',3,1,3,'serviceprovider','https://serviceprovider.com'),('WSS10','WSS10Name',3,1,3,'serviceprovider','https://serviceprovider.com'),('WSS100','WSS100Name',3,1,3,'serviceprovider','https://serviceprovider.com'),('WSS1000','WSS1000Name',3,1,3,'serviceprovider','https://serviceprovider.com'),('WSS101','WSS101Name',3,1,3,'serviceprovider','https://serviceprovider.com'),('WSS102','WSS102Name',3,1,3,'serviceprovider','https://serviceprovider.com'),('WSS103','WSS103Name',3,1,3,'serviceprovider','https://serviceprovider.com'),('WSS104','WSS104Name',3,1,3,'serviceprovider','https://serviceprovider.com'),('WSS105','WSS105Name',3,1,3,'serviceprovider','https://serviceprovider.com'),('WSS106','WSS106Name',3,1,3,'serviceprovider','https://serviceprovider.com'),('WSS107','WSS107Name',3,1,3,'serviceprovider','https://serviceprovider.com'),('WSS108','WSS108Name',3,1,3,'serviceprovider','https://serviceprovider.com'),('WSS109','WSS109Name',3,1,3,'serviceprovider','https://serviceprovider.com'),('WSS11','WSS11Name',3,1,3,'serviceprovider','https://serviceprovider.com'),('WSS110','WSS110Name',3,1,3,'serviceprovider','https://serviceprovider.com'),('WSS111','WSS111Name',3,1,3,'serviceprovider','https://serviceprovider.com'),('WSS112','WSS112Name',3,1,3,'serviceprovider','https://serviceprovider.com'),('WSS113','WSS113Name',3,1,3,'serviceprovider','https://serviceprovider.com'),('WSS114','WSS114Name',3,1,3,'serviceprovider','https://serviceprovider.com'),('WSS115','WSS115Name',3,1,3,'serviceprovider','https://serviceprovider.com'),('WSS116','WSS116Name',3,1,3,'serviceprovider','https://serviceprovider.com'),('WSS117','WSS117Name',3,1,3,'serviceprovider','https://serviceprovider.com'),('WSS118','WSS118Name',3,1,3,'serviceprovider','https://serviceprovider.com'),('WSS119','WSS119Name',3,1,3,'serviceprovider','https://serviceprovider.com'),('WSS12','WSS12Name',3,1,3,'serviceprovider','https://serviceprovider.com'),('WSS120','WSS120Name',3,1,3,'serviceprovider','https://serviceprovider.com'),('WSS121','WSS121Name',3,1,3,'serviceprovider','https://serviceprovider.com'),('WSS122','WSS122Name',3,1,3,'serviceprovider','https://serviceprovider.com'),('WSS123','WSS123Name',3,1,3,'serviceprovider','https://serviceprovider.com'),('WSS124','WSS124Name',3,1,3,'serviceprovider','https://serviceprovider.com'),('WSS125','WSS125Name',3,1,3,'serviceprovider','https://serviceprovider.com'),('WSS126','WSS126Name',3,1,3,'serviceprovider','https://serviceprovider.com'),('WSS127','WSS127Name',3,1,3,'serviceprovider','https://serviceprovider.com'),('WSS128','WSS128Name',3,1,3,'serviceprovider','https://serviceprovider.com'),('WSS129','WSS129Name',3,1,3,'serviceprovider','https://serviceprovider.com'),('WSS13','WSS13Name',3,1,3,'serviceprovider','https://serviceprovider.com'),('WSS130','WSS130Name',3,1,3,'serviceprovider','https://serviceprovider.com'),('WSS131','WSS131Name',3,1,3,'serviceprovider','https://serviceprovider.com'),('WSS132','WSS132Name',3,1,3,'serviceprovider','https://serviceprovider.com'),('WSS133','WSS133Name',3,1,3,'serviceprovider','https://serviceprovider.com'),('WSS134','WSS134Name',3,1,3,'serviceprovider','https://serviceprovider.com'),('WSS135','WSS135Name',3,1,3,'serviceprovider','https://serviceprovider.com'),('WSS136','WSS136Name',3,1,3,'serviceprovider','https://serviceprovider.com'),('WSS137','WSS137Name',3,1,3,'serviceprovider','https://serviceprovider.com'),('WSS138','WSS138Name',3,1,3,'serviceprovider','https://serviceprovider.com'),('WSS139','WSS139Name',3,1,3,'serviceprovider','https://serviceprovider.com'),('WSS14','WSS14Name',3,1,3,'serviceprovider','https://serviceprovider.com'),('WSS140','WSS140Name',3,1,3,'serviceprovider','https://serviceprovider.com'),('WSS141','WSS141Name',3,1,3,'serviceprovider','https://serviceprovider.com'),('WSS142','WSS142Name',3,1,3,'serviceprovider','https://serviceprovider.com'),('WSS143','WSS143Name',3,1,3,'serviceprovider','https://serviceprovider.com'),('WSS144','WSS144Name',3,1,3,'serviceprovider','https://serviceprovider.com'),('WSS145','WSS145Name',3,1,3,'serviceprovider','https://serviceprovider.com'),('WSS146','WSS146Name',3,1,3,'serviceprovider','https://serviceprovider.com'),('WSS147','WSS147Name',3,1,3,'serviceprovider','https://serviceprovider.com'),('WSS148','WSS148Name',3,1,3,'serviceprovider','https://serviceprovider.com'),('WSS149','WSS149Name',3,1,3,'serviceprovider','https://serviceprovider.com'),('WSS15','WSS15Name',3,1,3,'serviceprovider','https://serviceprovider.com'),('WSS150','WSS150Name',3,1,3,'serviceprovider','https://serviceprovider.com'),('WSS151','WSS151Name',3,1,3,'serviceprovider','https://serviceprovider.com'),('WSS152','WSS152Name',3,1,3,'serviceprovider','https://serviceprovider.com'),('WSS153','WSS153Name',3,1,3,'serviceprovider','https://serviceprovider.com'),('WSS154','WSS154Name',3,1,3,'serviceprovider','https://serviceprovider.com'),('WSS155','WSS155Name',3,1,3,'serviceprovider','https://serviceprovider.com'),('WSS156','WSS156Name',3,1,3,'serviceprovider','https://serviceprovider.com'),('WSS157','WSS157Name',3,1,3,'serviceprovider','https://serviceprovider.com'),('WSS158','WSS158Name',3,1,3,'serviceprovider','https://serviceprovider.com'),('WSS159','WSS159Name',3,1,3,'serviceprovider','https://serviceprovider.com'),('WSS16','WSS16Name',3,1,3,'serviceprovider','https://serviceprovider.com'),('WSS160','WSS160Name',3,1,3,'serviceprovider','https://serviceprovider.com'),('WSS161','WSS161Name',3,1,3,'serviceprovider','https://serviceprovider.com'),('WSS162','WSS162Name',3,1,3,'serviceprovider','https://serviceprovider.com'),('WSS163','WSS163Name',3,1,3,'serviceprovider','https://serviceprovider.com'),('WSS164','WSS164Name',3,1,3,'serviceprovider','https://serviceprovider.com'),('WSS165','WSS165Name',3,1,3,'serviceprovider','https://serviceprovider.com'),('WSS166','WSS166Name',3,1,3,'serviceprovider','https://serviceprovider.com'),('WSS167','WSS167Name',3,1,3,'serviceprovider','https://serviceprovider.com'),('WSS168','WSS168Name',3,1,3,'serviceprovider','https://serviceprovider.com'),('WSS169','WSS169Name',3,1,3,'serviceprovider','https://serviceprovider.com'),('WSS17','WSS17Name',3,1,3,'serviceprovider','https://serviceprovider.com'),('WSS170','WSS170Name',3,1,3,'serviceprovider','https://serviceprovider.com'),('WSS171','WSS171Name',3,1,3,'serviceprovider','https://serviceprovider.com'),('WSS172','WSS172Name',3,1,3,'serviceprovider','https://serviceprovider.com'),('WSS173','WSS173Name',3,1,3,'serviceprovider','https://serviceprovider.com'),('WSS174','WSS174Name',3,1,3,'serviceprovider','https://serviceprovider.com'),('WSS175','WSS175Name',3,1,3,'serviceprovider','https://serviceprovider.com'),('WSS176','WSS176Name',3,1,3,'serviceprovider','https://serviceprovider.com'),('WSS177','WSS177Name',3,1,3,'serviceprovider','https://serviceprovider.com'),('WSS178','WSS178Name',3,1,3,'serviceprovider','https://serviceprovider.com'),('WSS179','WSS179Name',3,1,3,'serviceprovider','https://serviceprovider.com'),('WSS18','WSS18Name',3,1,3,'serviceprovider','https://serviceprovider.com'),('WSS180','WSS180Name',3,1,3,'serviceprovider','https://serviceprovider.com'),('WSS181','WSS181Name',3,1,3,'serviceprovider','https://serviceprovider.com'),('WSS182','WSS182Name',3,1,3,'serviceprovider','https://serviceprovider.com'),('WSS183','WSS183Name',3,1,3,'serviceprovider','https://serviceprovider.com'),('WSS184','WSS184Name',3,1,3,'serviceprovider','https://serviceprovider.com'),('WSS185','WSS185Name',3,1,3,'serviceprovider','https://serviceprovider.com'),('WSS186','WSS186Name',3,1,3,'serviceprovider','https://serviceprovider.com'),('WSS187','WSS187Name',3,1,3,'serviceprovider','https://serviceprovider.com'),('WSS188','WSS188Name',3,1,3,'serviceprovider','https://serviceprovider.com'),('WSS189','WSS189Name',3,1,3,'serviceprovider','https://serviceprovider.com'),('WSS19','WSS19Name',3,1,3,'serviceprovider','https://serviceprovider.com'),('WSS190','WSS190Name',3,1,3,'serviceprovider','https://serviceprovider.com'),('WSS191','WSS191Name',3,1,3,'serviceprovider','https://serviceprovider.com'),('WSS192','WSS192Name',3,1,3,'serviceprovider','https://serviceprovider.com'),('WSS193','WSS193Name',3,1,3,'serviceprovider','https://serviceprovider.com'),('WSS194','WSS194Name',3,1,3,'serviceprovider','https://serviceprovider.com'),('WSS195','WSS195Name',3,1,3,'serviceprovider','https://serviceprovider.com'),('WSS196','WSS196Name',3,1,3,'serviceprovider','https://serviceprovider.com'),('WSS197','WSS197Name',3,1,3,'serviceprovider','https://serviceprovider.com'),('WSS198','WSS198Name',3,1,3,'serviceprovider','https://serviceprovider.com'),('WSS199','WSS199Name',3,1,3,'serviceprovider','https://serviceprovider.com'),('WSS2','WSS2Name',3,1,3,'serviceprovider','https://serviceprovider.com'),('WSS20','WSS20Name',3,1,3,'serviceprovider','https://serviceprovider.com'),('WSS200','WSS200Name',3,1,3,'serviceprovider','https://serviceprovider.com'),('WSS201','WSS201Name',3,1,3,'serviceprovider','https://serviceprovider.com'),('WSS202','WSS202Name',3,1,3,'serviceprovider','https://serviceprovider.com'),('WSS203','WSS203Name',3,1,3,'serviceprovider','https://serviceprovider.com'),('WSS204','WSS204Name',3,1,3,'serviceprovider','https://serviceprovider.com'),('WSS205','WSS205Name',3,1,3,'serviceprovider','https://serviceprovider.com'),('WSS206','WSS206Name',3,1,3,'serviceprovider','https://serviceprovider.com'),('WSS207','WSS207Name',3,1,3,'serviceprovider','https://serviceprovider.com'),('WSS208','WSS208Name',3,1,3,'serviceprovider','https://serviceprovider.com'),('WSS209','WSS209Name',3,1,3,'serviceprovider','https://serviceprovider.com'),('WSS21','WSS21Name',3,1,3,'serviceprovider','https://serviceprovider.com'),('WSS210','WSS210Name',3,1,3,'serviceprovider','https://serviceprovider.com'),('WSS211','WSS211Name',3,1,3,'serviceprovider','https://serviceprovider.com'),('WSS212','WSS212Name',3,1,3,'serviceprovider','https://serviceprovider.com'),('WSS213','WSS213Name',3,1,3,'serviceprovider','https://serviceprovider.com'),('WSS214','WSS214Name',3,1,3,'serviceprovider','https://serviceprovider.com'),('WSS215','WSS215Name',3,1,3,'serviceprovider','https://serviceprovider.com'),('WSS216','WSS216Name',3,1,3,'serviceprovider','https://serviceprovider.com'),('WSS217','WSS217Name',3,1,3,'serviceprovider','https://serviceprovider.com'),('WSS218','WSS218Name',3,1,3,'serviceprovider','https://serviceprovider.com'),('WSS219','WSS219Name',3,1,3,'serviceprovider','https://serviceprovider.com'),('WSS22','WSS22Name',3,1,3,'serviceprovider','https://serviceprovider.com'),('WSS220','WSS220Name',3,1,3,'serviceprovider','https://serviceprovider.com'),('WSS221','WSS221Name',3,1,3,'serviceprovider','https://serviceprovider.com'),('WSS222','WSS222Name',3,1,3,'serviceprovider','https://serviceprovider.com'),('WSS223','WSS223Name',3,1,3,'serviceprovider','https://serviceprovider.com'),('WSS224','WSS224Name',3,1,3,'serviceprovider','https://serviceprovider.com'),('WSS225','WSS225Name',3,1,3,'serviceprovider','https://serviceprovider.com'),('WSS226','WSS226Name',3,1,3,'serviceprovider','https://serviceprovider.com'),('WSS227','WSS227Name',3,1,3,'serviceprovider','https://serviceprovider.com'),('WSS228','WSS228Name',3,1,3,'serviceprovider','https://serviceprovider.com'),('WSS229','WSS229Name',3,1,3,'serviceprovider','https://serviceprovider.com'),('WSS23','WSS23Name',3,1,3,'serviceprovider','https://serviceprovider.com'),('WSS230','WSS230Name',3,1,3,'serviceprovider','https://serviceprovider.com'),('WSS231','WSS231Name',3,1,3,'serviceprovider','https://serviceprovider.com'),('WSS232','WSS232Name',3,1,3,'serviceprovider','https://serviceprovider.com'),('WSS233','WSS233Name',3,1,3,'serviceprovider','https://serviceprovider.com'),('WSS234','WSS234Name',3,1,3,'serviceprovider','https://serviceprovider.com'),('WSS235','WSS235Name',3,1,3,'serviceprovider','https://serviceprovider.com'),('WSS236','WSS236Name',3,1,3,'serviceprovider','https://serviceprovider.com'),('WSS237','WSS237Name',3,1,3,'serviceprovider','https://serviceprovider.com'),('WSS238','WSS238Name',3,1,3,'serviceprovider','https://serviceprovider.com'),('WSS239','WSS239Name',3,1,3,'serviceprovider','https://serviceprovider.com'),('WSS24','WSS24Name',3,1,3,'serviceprovider','https://serviceprovider.com'),('WSS240','WSS240Name',3,1,3,'serviceprovider','https://serviceprovider.com'),('WSS241','WSS241Name',3,1,3,'serviceprovider','https://serviceprovider.com'),('WSS242','WSS242Name',3,1,3,'serviceprovider','https://serviceprovider.com'),('WSS243','WSS243Name',3,1,3,'serviceprovider','https://serviceprovider.com'),('WSS244','WSS244Name',3,1,3,'serviceprovider','https://serviceprovider.com'),('WSS245','WSS245Name',3,1,3,'serviceprovider','https://serviceprovider.com'),('WSS246','WSS246Name',3,1,3,'serviceprovider','https://serviceprovider.com'),('WSS247','WSS247Name',3,1,3,'serviceprovider','https://serviceprovider.com'),('WSS248','WSS248Name',3,1,3,'serviceprovider','https://serviceprovider.com'),('WSS249','WSS249Name',3,1,3,'serviceprovider','https://serviceprovider.com'),('WSS25','WSS25Name',3,1,3,'serviceprovider','https://serviceprovider.com'),('WSS250','WSS250Name',3,1,3,'serviceprovider','https://serviceprovider.com'),('WSS251','WSS251Name',3,1,3,'serviceprovider','https://serviceprovider.com'),('WSS252','WSS252Name',3,1,3,'serviceprovider','https://serviceprovider.com'),('WSS253','WSS253Name',3,1,3,'serviceprovider','https://serviceprovider.com'),('WSS254','WSS254Name',3,1,3,'serviceprovider','https://serviceprovider.com'),('WSS255','WSS255Name',3,1,3,'serviceprovider','https://serviceprovider.com'),('WSS256','WSS256Name',3,1,3,'serviceprovider','https://serviceprovider.com'),('WSS257','WSS257Name',3,1,3,'serviceprovider','https://serviceprovider.com'),('WSS258','WSS258Name',3,1,3,'serviceprovider','https://serviceprovider.com'),('WSS259','WSS259Name',3,1,3,'serviceprovider','https://serviceprovider.com'),('WSS26','WSS26Name',3,1,3,'serviceprovider','https://serviceprovider.com'),('WSS260','WSS260Name',3,1,3,'serviceprovider','https://serviceprovider.com'),('WSS261','WSS261Name',3,1,3,'serviceprovider','https://serviceprovider.com'),('WSS262','WSS262Name',3,1,3,'serviceprovider','https://serviceprovider.com'),('WSS263','WSS263Name',3,1,3,'serviceprovider','https://serviceprovider.com'),('WSS264','WSS264Name',3,1,3,'serviceprovider','https://serviceprovider.com'),('WSS265','WSS265Name',3,1,3,'serviceprovider','https://serviceprovider.com'),('WSS266','WSS266Name',3,1,3,'serviceprovider','https://serviceprovider.com'),('WSS267','WSS267Name',3,1,3,'serviceprovider','https://serviceprovider.com'),('WSS268','WSS268Name',3,1,3,'serviceprovider','https://serviceprovider.com'),('WSS269','WSS269Name',3,1,3,'serviceprovider','https://serviceprovider.com'),('WSS27','WSS27Name',3,1,3,'serviceprovider','https://serviceprovider.com'),('WSS270','WSS270Name',3,1,3,'serviceprovider','https://serviceprovider.com'),('WSS271','WSS271Name',3,1,3,'serviceprovider','https://serviceprovider.com'),('WSS272','WSS272Name',3,1,3,'serviceprovider','https://serviceprovider.com'),('WSS273','WSS273Name',3,1,3,'serviceprovider','https://serviceprovider.com'),('WSS274','WSS274Name',3,1,3,'serviceprovider','https://serviceprovider.com'),('WSS275','WSS275Name',3,1,3,'serviceprovider','https://serviceprovider.com'),('WSS276','WSS276Name',3,1,3,'serviceprovider','https://serviceprovider.com'),('WSS277','WSS277Name',3,1,3,'serviceprovider','https://serviceprovider.com'),('WSS278','WSS278Name',3,1,3,'serviceprovider','https://serviceprovider.com'),('WSS279','WSS279Name',3,1,3,'serviceprovider','https://serviceprovider.com'),('WSS28','WSS28Name',3,1,3,'serviceprovider','https://serviceprovider.com'),('WSS280','WSS280Name',3,1,3,'serviceprovider','https://serviceprovider.com'),('WSS281','WSS281Name',3,1,3,'serviceprovider','https://serviceprovider.com'),('WSS282','WSS282Name',3,1,3,'serviceprovider','https://serviceprovider.com'),('WSS283','WSS283Name',3,1,3,'serviceprovider','https://serviceprovider.com'),('WSS284','WSS284Name',3,1,3,'serviceprovider','https://serviceprovider.com'),('WSS285','WSS285Name',3,1,3,'serviceprovider','https://serviceprovider.com'),('WSS286','WSS286Name',3,1,3,'serviceprovider','https://serviceprovider.com'),('WSS287','WSS287Name',3,1,3,'serviceprovider','https://serviceprovider.com'),('WSS288','WSS288Name',3,1,3,'serviceprovider','https://serviceprovider.com'),('WSS289','WSS289Name',3,1,3,'serviceprovider','https://serviceprovider.com'),('WSS29','WSS29Name',3,1,3,'serviceprovider','https://serviceprovider.com'),('WSS290','WSS290Name',3,1,3,'serviceprovider','https://serviceprovider.com'),('WSS291','WSS291Name',3,1,3,'serviceprovider','https://serviceprovider.com'),('WSS292','WSS292Name',3,1,3,'serviceprovider','https://serviceprovider.com'),('WSS293','WSS293Name',3,1,3,'serviceprovider','https://serviceprovider.com'),('WSS294','WSS294Name',3,1,3,'serviceprovider','https://serviceprovider.com'),('WSS295','WSS295Name',3,1,3,'serviceprovider','https://serviceprovider.com'),('WSS296','WSS296Name',3,1,3,'serviceprovider','https://serviceprovider.com'),('WSS297','WSS297Name',3,1,3,'serviceprovider','https://serviceprovider.com'),('WSS298','WSS298Name',3,1,3,'serviceprovider','https://serviceprovider.com'),('WSS299','WSS299Name',3,1,3,'serviceprovider','https://serviceprovider.com'),('WSS3','WSS3Name',3,1,3,'serviceprovider','https://serviceprovider.com'),('WSS30','WSS30Name',3,1,3,'serviceprovider','https://serviceprovider.com'),('WSS300','WSS300Name',3,1,3,'serviceprovider','https://serviceprovider.com'),('WSS301','WSS301Name',3,1,3,'serviceprovider','https://serviceprovider.com'),('WSS302','WSS302Name',3,1,3,'serviceprovider','https://serviceprovider.com'),('WSS303','WSS303Name',3,1,3,'serviceprovider','https://serviceprovider.com'),('WSS304','WSS304Name',3,1,3,'serviceprovider','https://serviceprovider.com'),('WSS305','WSS305Name',3,1,3,'serviceprovider','https://serviceprovider.com'),('WSS306','WSS306Name',3,1,3,'serviceprovider','https://serviceprovider.com'),('WSS307','WSS307Name',3,1,3,'serviceprovider','https://serviceprovider.com'),('WSS308','WSS308Name',3,1,3,'serviceprovider','https://serviceprovider.com'),('WSS309','WSS309Name',3,1,3,'serviceprovider','https://serviceprovider.com'),('WSS31','WSS31Name',3,1,3,'serviceprovider','https://serviceprovider.com'),('WSS310','WSS310Name',3,1,3,'serviceprovider','https://serviceprovider.com'),('WSS311','WSS311Name',3,1,3,'serviceprovider','https://serviceprovider.com'),('WSS312','WSS312Name',3,1,3,'serviceprovider','https://serviceprovider.com'),('WSS313','WSS313Name',3,1,3,'serviceprovider','https://serviceprovider.com'),('WSS314','WSS314Name',3,1,3,'serviceprovider','https://serviceprovider.com'),('WSS315','WSS315Name',3,1,3,'serviceprovider','https://serviceprovider.com'),('WSS316','WSS316Name',3,1,3,'serviceprovider','https://serviceprovider.com'),('WSS317','WSS317Name',3,1,3,'serviceprovider','https://serviceprovider.com'),('WSS318','WSS318Name',3,1,3,'serviceprovider','https://serviceprovider.com'),('WSS319','WSS319Name',3,1,3,'serviceprovider','https://serviceprovider.com'),('WSS32','WSS32Name',3,1,3,'serviceprovider','https://serviceprovider.com'),('WSS320','WSS320Name',3,1,3,'serviceprovider','https://serviceprovider.com'),('WSS321','WSS321Name',3,1,3,'serviceprovider','https://serviceprovider.com'),('WSS322','WSS322Name',3,1,3,'serviceprovider','https://serviceprovider.com'),('WSS323','WSS323Name',3,1,3,'serviceprovider','https://serviceprovider.com'),('WSS324','WSS324Name',3,1,3,'serviceprovider','https://serviceprovider.com'),('WSS325','WSS325Name',3,1,3,'serviceprovider','https://serviceprovider.com'),('WSS326','WSS326Name',3,1,3,'serviceprovider','https://serviceprovider.com'),('WSS327','WSS327Name',3,1,3,'serviceprovider','https://serviceprovider.com'),('WSS328','WSS328Name',3,1,3,'serviceprovider','https://serviceprovider.com'),('WSS329','WSS329Name',3,1,3,'serviceprovider','https://serviceprovider.com'),('WSS33','WSS33Name',3,1,3,'serviceprovider','https://serviceprovider.com'),('WSS330','WSS330Name',3,1,3,'serviceprovider','https://serviceprovider.com'),('WSS331','WSS331Name',3,1,3,'serviceprovider','https://serviceprovider.com'),('WSS332','WSS332Name',3,1,3,'serviceprovider','https://serviceprovider.com'),('WSS333','WSS333Name',3,1,3,'serviceprovider','https://serviceprovider.com'),('WSS334','WSS334Name',3,1,3,'serviceprovider','https://serviceprovider.com'),('WSS335','WSS335Name',3,1,3,'serviceprovider','https://serviceprovider.com'),('WSS336','WSS336Name',3,1,3,'serviceprovider','https://serviceprovider.com'),('WSS337','WSS337Name',3,1,3,'serviceprovider','https://serviceprovider.com'),('WSS338','WSS338Name',3,1,3,'serviceprovider','https://serviceprovider.com'),('WSS339','WSS339Name',3,1,3,'serviceprovider','https://serviceprovider.com'),('WSS34','WSS34Name',3,1,3,'serviceprovider','https://serviceprovider.com'),('WSS340','WSS340Name',3,1,3,'serviceprovider','https://serviceprovider.com'),('WSS341','WSS341Name',3,1,3,'serviceprovider','https://serviceprovider.com'),('WSS342','WSS342Name',3,1,3,'serviceprovider','https://serviceprovider.com'),('WSS343','WSS343Name',3,1,3,'serviceprovider','https://serviceprovider.com'),('WSS344','WSS344Name',3,1,3,'serviceprovider','https://serviceprovider.com'),('WSS345','WSS345Name',3,1,3,'serviceprovider','https://serviceprovider.com'),('WSS346','WSS346Name',3,1,3,'serviceprovider','https://serviceprovider.com'),('WSS347','WSS347Name',3,1,3,'serviceprovider','https://serviceprovider.com'),('WSS348','WSS348Name',3,1,3,'serviceprovider','https://serviceprovider.com'),('WSS349','WSS349Name',3,1,3,'serviceprovider','https://serviceprovider.com'),('WSS35','WSS35Name',3,1,3,'serviceprovider','https://serviceprovider.com'),('WSS350','WSS350Name',3,1,3,'serviceprovider','https://serviceprovider.com'),('WSS351','WSS351Name',3,1,3,'serviceprovider','https://serviceprovider.com'),('WSS352','WSS352Name',3,1,3,'serviceprovider','https://serviceprovider.com'),('WSS353','WSS353Name',3,1,3,'serviceprovider','https://serviceprovider.com'),('WSS354','WSS354Name',3,1,3,'serviceprovider','https://serviceprovider.com'),('WSS355','WSS355Name',3,1,3,'serviceprovider','https://serviceprovider.com'),('WSS356','WSS356Name',3,1,3,'serviceprovider','https://serviceprovider.com'),('WSS357','WSS357Name',3,1,3,'serviceprovider','https://serviceprovider.com'),('WSS358','WSS358Name',3,1,3,'serviceprovider','https://serviceprovider.com'),('WSS359','WSS359Name',3,1,3,'serviceprovider','https://serviceprovider.com'),('WSS36','WSS36Name',3,1,3,'serviceprovider','https://serviceprovider.com'),('WSS360','WSS360Name',3,1,3,'serviceprovider','https://serviceprovider.com'),('WSS361','WSS361Name',3,1,3,'serviceprovider','https://serviceprovider.com'),('WSS362','WSS362Name',3,1,3,'serviceprovider','https://serviceprovider.com'),('WSS363','WSS363Name',3,1,3,'serviceprovider','https://serviceprovider.com'),('WSS364','WSS364Name',3,1,3,'serviceprovider','https://serviceprovider.com'),('WSS365','WSS365Name',3,1,3,'serviceprovider','https://serviceprovider.com'),('WSS366','WSS366Name',3,1,3,'serviceprovider','https://serviceprovider.com'),('WSS367','WSS367Name',3,1,3,'serviceprovider','https://serviceprovider.com'),('WSS368','WSS368Name',3,1,3,'serviceprovider','https://serviceprovider.com'),('WSS369','WSS369Name',3,1,3,'serviceprovider','https://serviceprovider.com'),('WSS37','WSS37Name',3,1,3,'serviceprovider','https://serviceprovider.com'),('WSS370','WSS370Name',3,1,3,'serviceprovider','https://serviceprovider.com'),('WSS371','WSS371Name',3,1,3,'serviceprovider','https://serviceprovider.com'),('WSS372','WSS372Name',3,1,3,'serviceprovider','https://serviceprovider.com'),('WSS373','WSS373Name',3,1,3,'serviceprovider','https://serviceprovider.com'),('WSS374','WSS374Name',3,1,3,'serviceprovider','https://serviceprovider.com'),('WSS375','WSS375Name',3,1,3,'serviceprovider','https://serviceprovider.com'),('WSS376','WSS376Name',3,1,3,'serviceprovider','https://serviceprovider.com'),('WSS377','WSS377Name',3,1,3,'serviceprovider','https://serviceprovider.com'),('WSS378','WSS378Name',3,1,3,'serviceprovider','https://serviceprovider.com'),('WSS379','WSS379Name',3,1,3,'serviceprovider','https://serviceprovider.com'),('WSS38','WSS38Name',3,1,3,'serviceprovider','https://serviceprovider.com'),('WSS380','WSS380Name',3,1,3,'serviceprovider','https://serviceprovider.com'),('WSS381','WSS381Name',3,1,3,'serviceprovider','https://serviceprovider.com'),('WSS382','WSS382Name',3,1,3,'serviceprovider','https://serviceprovider.com'),('WSS383','WSS383Name',3,1,3,'serviceprovider','https://serviceprovider.com'),('WSS384','WSS384Name',3,1,3,'serviceprovider','https://serviceprovider.com'),('WSS385','WSS385Name',3,1,3,'serviceprovider','https://serviceprovider.com'),('WSS386','WSS386Name',3,1,3,'serviceprovider','https://serviceprovider.com'),('WSS387','WSS387Name',3,1,3,'serviceprovider','https://serviceprovider.com'),('WSS388','WSS388Name',3,1,3,'serviceprovider','https://serviceprovider.com'),('WSS389','WSS389Name',3,1,3,'serviceprovider','https://serviceprovider.com'),('WSS39','WSS39Name',3,1,3,'serviceprovider','https://serviceprovider.com'),('WSS390','WSS390Name',3,1,3,'serviceprovider','https://serviceprovider.com'),('WSS391','WSS391Name',3,1,3,'serviceprovider','https://serviceprovider.com'),('WSS392','WSS392Name',3,1,3,'serviceprovider','https://serviceprovider.com'),('WSS393','WSS393Name',3,1,3,'serviceprovider','https://serviceprovider.com'),('WSS394','WSS394Name',3,1,3,'serviceprovider','https://serviceprovider.com'),('WSS395','WSS395Name',3,1,3,'serviceprovider','https://serviceprovider.com'),('WSS396','WSS396Name',3,1,3,'serviceprovider','https://serviceprovider.com'),('WSS397','WSS397Name',3,1,3,'serviceprovider','https://serviceprovider.com'),('WSS398','WSS398Name',3,1,3,'serviceprovider','https://serviceprovider.com'),('WSS399','WSS399Name',3,1,3,'serviceprovider','https://serviceprovider.com'),('WSS4','WSS4Name',3,1,3,'serviceprovider','https://serviceprovider.com'),('WSS40','WSS40Name',3,1,3,'serviceprovider','https://serviceprovider.com'),('WSS400','WSS400Name',3,1,3,'serviceprovider','https://serviceprovider.com'),('WSS401','WSS401Name',3,1,3,'serviceprovider','https://serviceprovider.com'),('WSS402','WSS402Name',3,1,3,'serviceprovider','https://serviceprovider.com'),('WSS403','WSS403Name',3,1,3,'serviceprovider','https://serviceprovider.com'),('WSS404','WSS404Name',3,1,3,'serviceprovider','https://serviceprovider.com'),('WSS405','WSS405Name',3,1,3,'serviceprovider','https://serviceprovider.com'),('WSS406','WSS406Name',3,1,3,'serviceprovider','https://serviceprovider.com'),('WSS407','WSS407Name',3,1,3,'serviceprovider','https://serviceprovider.com'),('WSS408','WSS408Name',3,1,3,'serviceprovider','https://serviceprovider.com'),('WSS409','WSS409Name',3,1,3,'serviceprovider','https://serviceprovider.com'),('WSS41','WSS41Name',3,1,3,'serviceprovider','https://serviceprovider.com'),('WSS410','WSS410Name',3,1,3,'serviceprovider','https://serviceprovider.com'),('WSS411','WSS411Name',3,1,3,'serviceprovider','https://serviceprovider.com'),('WSS412','WSS412Name',3,1,3,'serviceprovider','https://serviceprovider.com'),('WSS413','WSS413Name',3,1,3,'serviceprovider','https://serviceprovider.com'),('WSS414','WSS414Name',3,1,3,'serviceprovider','https://serviceprovider.com'),('WSS415','WSS415Name',3,1,3,'serviceprovider','https://serviceprovider.com'),('WSS416','WSS416Name',3,1,3,'serviceprovider','https://serviceprovider.com'),('WSS417','WSS417Name',3,1,3,'serviceprovider','https://serviceprovider.com'),('WSS418','WSS418Name',3,1,3,'serviceprovider','https://serviceprovider.com'),('WSS419','WSS419Name',3,1,3,'serviceprovider','https://serviceprovider.com'),('WSS42','WSS42Name',3,1,3,'serviceprovider','https://serviceprovider.com'),('WSS420','WSS420Name',3,1,3,'serviceprovider','https://serviceprovider.com'),('WSS421','WSS421Name',3,1,3,'serviceprovider','https://serviceprovider.com'),('WSS422','WSS422Name',3,1,3,'serviceprovider','https://serviceprovider.com'),('WSS423','WSS423Name',3,1,3,'serviceprovider','https://serviceprovider.com'),('WSS424','WSS424Name',3,1,3,'serviceprovider','https://serviceprovider.com'),('WSS425','WSS425Name',3,1,3,'serviceprovider','https://serviceprovider.com'),('WSS426','WSS426Name',3,1,3,'serviceprovider','https://serviceprovider.com'),('WSS427','WSS427Name',3,1,3,'serviceprovider','https://serviceprovider.com'),('WSS428','WSS428Name',3,1,3,'serviceprovider','https://serviceprovider.com'),('WSS429','WSS429Name',3,1,3,'serviceprovider','https://serviceprovider.com'),('WSS43','WSS43Name',3,1,3,'serviceprovider','https://serviceprovider.com'),('WSS430','WSS430Name',3,1,3,'serviceprovider','https://serviceprovider.com'),('WSS431','WSS431Name',3,1,3,'serviceprovider','https://serviceprovider.com'),('WSS432','WSS432Name',3,1,3,'serviceprovider','https://serviceprovider.com'),('WSS433','WSS433Name',3,1,3,'serviceprovider','https://serviceprovider.com'),('WSS434','WSS434Name',3,1,3,'serviceprovider','https://serviceprovider.com'),('WSS435','WSS435Name',3,1,3,'serviceprovider','https://serviceprovider.com'),('WSS436','WSS436Name',3,1,3,'serviceprovider','https://serviceprovider.com'),('WSS437','WSS437Name',3,1,3,'serviceprovider','https://serviceprovider.com'),('WSS438','WSS438Name',3,1,3,'serviceprovider','https://serviceprovider.com'),('WSS439','WSS439Name',3,1,3,'serviceprovider','https://serviceprovider.com'),('WSS44','WSS44Name',3,1,3,'serviceprovider','https://serviceprovider.com'),('WSS440','WSS440Name',3,1,3,'serviceprovider','https://serviceprovider.com'),('WSS441','WSS441Name',3,1,3,'serviceprovider','https://serviceprovider.com'),('WSS442','WSS442Name',3,1,3,'serviceprovider','https://serviceprovider.com'),('WSS443','WSS443Name',3,1,3,'serviceprovider','https://serviceprovider.com'),('WSS444','WSS444Name',3,1,3,'serviceprovider','https://serviceprovider.com'),('WSS445','WSS445Name',3,1,3,'serviceprovider','https://serviceprovider.com'),('WSS446','WSS446Name',3,1,3,'serviceprovider','https://serviceprovider.com'),('WSS447','WSS447Name',3,1,3,'serviceprovider','https://serviceprovider.com'),('WSS448','WSS448Name',3,1,3,'serviceprovider','https://serviceprovider.com'),('WSS449','WSS449Name',3,1,3,'serviceprovider','https://serviceprovider.com'),('WSS45','WSS45Name',3,1,3,'serviceprovider','https://serviceprovider.com'),('WSS450','WSS450Name',3,1,3,'serviceprovider','https://serviceprovider.com'),('WSS451','WSS451Name',3,1,3,'serviceprovider','https://serviceprovider.com'),('WSS452','WSS452Name',3,1,3,'serviceprovider','https://serviceprovider.com'),('WSS453','WSS453Name',3,1,3,'serviceprovider','https://serviceprovider.com'),('WSS454','WSS454Name',3,1,3,'serviceprovider','https://serviceprovider.com'),('WSS455','WSS455Name',3,1,3,'serviceprovider','https://serviceprovider.com'),('WSS456','WSS456Name',3,1,3,'serviceprovider','https://serviceprovider.com'),('WSS457','WSS457Name',3,1,3,'serviceprovider','https://serviceprovider.com'),('WSS458','WSS458Name',3,1,3,'serviceprovider','https://serviceprovider.com'),('WSS459','WSS459Name',3,1,3,'serviceprovider','https://serviceprovider.com'),('WSS46','WSS46Name',3,1,3,'serviceprovider','https://serviceprovider.com'),('WSS460','WSS460Name',3,1,3,'serviceprovider','https://serviceprovider.com'),('WSS461','WSS461Name',3,1,3,'serviceprovider','https://serviceprovider.com'),('WSS462','WSS462Name',3,1,3,'serviceprovider','https://serviceprovider.com'),('WSS463','WSS463Name',3,1,3,'serviceprovider','https://serviceprovider.com'),('WSS464','WSS464Name',3,1,3,'serviceprovider','https://serviceprovider.com'),('WSS465','WSS465Name',3,1,3,'serviceprovider','https://serviceprovider.com'),('WSS466','WSS466Name',3,1,3,'serviceprovider','https://serviceprovider.com'),('WSS467','WSS467Name',3,1,3,'serviceprovider','https://serviceprovider.com'),('WSS468','WSS468Name',3,1,3,'serviceprovider','https://serviceprovider.com'),('WSS469','WSS469Name',3,1,3,'serviceprovider','https://serviceprovider.com'),('WSS47','WSS47Name',3,1,3,'serviceprovider','https://serviceprovider.com'),('WSS470','WSS470Name',3,1,3,'serviceprovider','https://serviceprovider.com'),('WSS471','WSS471Name',3,1,3,'serviceprovider','https://serviceprovider.com'),('WSS472','WSS472Name',3,1,3,'serviceprovider','https://serviceprovider.com'),('WSS473','WSS473Name',3,1,3,'serviceprovider','https://serviceprovider.com'),('WSS474','WSS474Name',3,1,3,'serviceprovider','https://serviceprovider.com'),('WSS475','WSS475Name',3,1,3,'serviceprovider','https://serviceprovider.com'),('WSS476','WSS476Name',3,1,3,'serviceprovider','https://serviceprovider.com'),('WSS477','WSS477Name',3,1,3,'serviceprovider','https://serviceprovider.com'),('WSS478','WSS478Name',3,1,3,'serviceprovider','https://serviceprovider.com'),('WSS479','WSS479Name',3,1,3,'serviceprovider','https://serviceprovider.com'),('WSS48','WSS48Name',3,1,3,'serviceprovider','https://serviceprovider.com'),('WSS480','WSS480Name',3,1,3,'serviceprovider','https://serviceprovider.com'),('WSS481','WSS481Name',3,1,3,'serviceprovider','https://serviceprovider.com'),('WSS482','WSS482Name',3,1,3,'serviceprovider','https://serviceprovider.com'),('WSS483','WSS483Name',3,1,3,'serviceprovider','https://serviceprovider.com'),('WSS484','WSS484Name',3,1,3,'serviceprovider','https://serviceprovider.com'),('WSS485','WSS485Name',3,1,3,'serviceprovider','https://serviceprovider.com'),('WSS486','WSS486Name',3,1,3,'serviceprovider','https://serviceprovider.com'),('WSS487','WSS487Name',3,1,3,'serviceprovider','https://serviceprovider.com'),('WSS488','WSS488Name',3,1,3,'serviceprovider','https://serviceprovider.com'),('WSS489','WSS489Name',3,1,3,'serviceprovider','https://serviceprovider.com'),('WSS49','WSS49Name',3,1,3,'serviceprovider','https://serviceprovider.com'),('WSS490','WSS490Name',3,1,3,'serviceprovider','https://serviceprovider.com'),('WSS491','WSS491Name',3,1,3,'serviceprovider','https://serviceprovider.com'),('WSS492','WSS492Name',3,1,3,'serviceprovider','https://serviceprovider.com'),('WSS493','WSS493Name',3,1,3,'serviceprovider','https://serviceprovider.com'),('WSS494','WSS494Name',3,1,3,'serviceprovider','https://serviceprovider.com'),('WSS495','WSS495Name',3,1,3,'serviceprovider','https://serviceprovider.com'),('WSS496','WSS496Name',3,1,3,'serviceprovider','https://serviceprovider.com'),('WSS497','WSS497Name',3,1,3,'serviceprovider','https://serviceprovider.com'),('WSS498','WSS498Name',3,1,3,'serviceprovider','https://serviceprovider.com'),('WSS499','WSS499Name',3,1,3,'serviceprovider','https://serviceprovider.com'),('WSS5','WSS5Name',3,1,3,'serviceprovider','https://serviceprovider.com'),('WSS50','WSS50Name',3,1,3,'serviceprovider','https://serviceprovider.com'),('WSS500','WSS500Name',3,1,3,'serviceprovider','https://serviceprovider.com'),('WSS501','WSS501Name',3,1,3,'serviceprovider','https://serviceprovider.com'),('WSS502','WSS502Name',3,1,3,'serviceprovider','https://serviceprovider.com'),('WSS503','WSS503Name',3,1,3,'serviceprovider','https://serviceprovider.com'),('WSS504','WSS504Name',3,1,3,'serviceprovider','https://serviceprovider.com'),('WSS505','WSS505Name',3,1,3,'serviceprovider','https://serviceprovider.com'),('WSS506','WSS506Name',3,1,3,'serviceprovider','https://serviceprovider.com'),('WSS507','WSS507Name',3,1,3,'serviceprovider','https://serviceprovider.com'),('WSS508','WSS508Name',3,1,3,'serviceprovider','https://serviceprovider.com'),('WSS509','WSS509Name',3,1,3,'serviceprovider','https://serviceprovider.com'),('WSS51','WSS51Name',3,1,3,'serviceprovider','https://serviceprovider.com'),('WSS510','WSS510Name',3,1,3,'serviceprovider','https://serviceprovider.com'),('WSS511','WSS511Name',3,1,3,'serviceprovider','https://serviceprovider.com'),('WSS512','WSS512Name',3,1,3,'serviceprovider','https://serviceprovider.com'),('WSS513','WSS513Name',3,1,3,'serviceprovider','https://serviceprovider.com'),('WSS514','WSS514Name',3,1,3,'serviceprovider','https://serviceprovider.com'),('WSS515','WSS515Name',3,1,3,'serviceprovider','https://serviceprovider.com'),('WSS516','WSS516Name',3,1,3,'serviceprovider','https://serviceprovider.com'),('WSS517','WSS517Name',3,1,3,'serviceprovider','https://serviceprovider.com'),('WSS518','WSS518Name',3,1,3,'serviceprovider','https://serviceprovider.com'),('WSS519','WSS519Name',3,1,3,'serviceprovider','https://serviceprovider.com'),('WSS52','WSS52Name',3,1,3,'serviceprovider','https://serviceprovider.com'),('WSS520','WSS520Name',3,1,3,'serviceprovider','https://serviceprovider.com'),('WSS521','WSS521Name',3,1,3,'serviceprovider','https://serviceprovider.com'),('WSS522','WSS522Name',3,1,3,'serviceprovider','https://serviceprovider.com'),('WSS523','WSS523Name',3,1,3,'serviceprovider','https://serviceprovider.com'),('WSS524','WSS524Name',3,1,3,'serviceprovider','https://serviceprovider.com'),('WSS525','WSS525Name',3,1,3,'serviceprovider','https://serviceprovider.com'),('WSS526','WSS526Name',3,1,3,'serviceprovider','https://serviceprovider.com'),('WSS527','WSS527Name',3,1,3,'serviceprovider','https://serviceprovider.com'),('WSS528','WSS528Name',3,1,3,'serviceprovider','https://serviceprovider.com'),('WSS529','WSS529Name',3,1,3,'serviceprovider','https://serviceprovider.com'),('WSS53','WSS53Name',3,1,3,'serviceprovider','https://serviceprovider.com'),('WSS530','WSS530Name',3,1,3,'serviceprovider','https://serviceprovider.com'),('WSS531','WSS531Name',3,1,3,'serviceprovider','https://serviceprovider.com'),('WSS532','WSS532Name',3,1,3,'serviceprovider','https://serviceprovider.com'),('WSS533','WSS533Name',3,1,3,'serviceprovider','https://serviceprovider.com'),('WSS534','WSS534Name',3,1,3,'serviceprovider','https://serviceprovider.com'),('WSS535','WSS535Name',3,1,3,'serviceprovider','https://serviceprovider.com'),('WSS536','WSS536Name',3,1,3,'serviceprovider','https://serviceprovider.com'),('WSS537','WSS537Name',3,1,3,'serviceprovider','https://serviceprovider.com'),('WSS538','WSS538Name',3,1,3,'serviceprovider','https://serviceprovider.com'),('WSS539','WSS539Name',3,1,3,'serviceprovider','https://serviceprovider.com'),('WSS54','WSS54Name',3,1,3,'serviceprovider','https://serviceprovider.com'),('WSS540','WSS540Name',3,1,3,'serviceprovider','https://serviceprovider.com'),('WSS541','WSS541Name',3,1,3,'serviceprovider','https://serviceprovider.com'),('WSS542','WSS542Name',3,1,3,'serviceprovider','https://serviceprovider.com'),('WSS543','WSS543Name',3,1,3,'serviceprovider','https://serviceprovider.com'),('WSS544','WSS544Name',3,1,3,'serviceprovider','https://serviceprovider.com'),('WSS545','WSS545Name',3,1,3,'serviceprovider','https://serviceprovider.com'),('WSS546','WSS546Name',3,1,3,'serviceprovider','https://serviceprovider.com'),('WSS547','WSS547Name',3,1,3,'serviceprovider','https://serviceprovider.com'),('WSS548','WSS548Name',3,1,3,'serviceprovider','https://serviceprovider.com'),('WSS549','WSS549Name',3,1,3,'serviceprovider','https://serviceprovider.com'),('WSS55','WSS55Name',3,1,3,'serviceprovider','https://serviceprovider.com'),('WSS550','WSS550Name',3,1,3,'serviceprovider','https://serviceprovider.com'),('WSS551','WSS551Name',3,1,3,'serviceprovider','https://serviceprovider.com'),('WSS552','WSS552Name',3,1,3,'serviceprovider','https://serviceprovider.com'),('WSS553','WSS553Name',3,1,3,'serviceprovider','https://serviceprovider.com'),('WSS554','WSS554Name',3,1,3,'serviceprovider','https://serviceprovider.com'),('WSS555','WSS555Name',3,1,3,'serviceprovider','https://serviceprovider.com'),('WSS556','WSS556Name',3,1,3,'serviceprovider','https://serviceprovider.com'),('WSS557','WSS557Name',3,1,3,'serviceprovider','https://serviceprovider.com'),('WSS558','WSS558Name',3,1,3,'serviceprovider','https://serviceprovider.com'),('WSS559','WSS559Name',3,1,3,'serviceprovider','https://serviceprovider.com'),('WSS56','WSS56Name',3,1,3,'serviceprovider','https://serviceprovider.com'),('WSS560','WSS560Name',3,1,3,'serviceprovider','https://serviceprovider.com'),('WSS561','WSS561Name',3,1,3,'serviceprovider','https://serviceprovider.com'),('WSS562','WSS562Name',3,1,3,'serviceprovider','https://serviceprovider.com'),('WSS563','WSS563Name',3,1,3,'serviceprovider','https://serviceprovider.com'),('WSS564','WSS564Name',3,1,3,'serviceprovider','https://serviceprovider.com'),('WSS565','WSS565Name',3,1,3,'serviceprovider','https://serviceprovider.com'),('WSS566','WSS566Name',3,1,3,'serviceprovider','https://serviceprovider.com'),('WSS567','WSS567Name',3,1,3,'serviceprovider','https://serviceprovider.com'),('WSS568','WSS568Name',3,1,3,'serviceprovider','https://serviceprovider.com'),('WSS569','WSS569Name',3,1,3,'serviceprovider','https://serviceprovider.com'),('WSS57','WSS57Name',3,1,3,'serviceprovider','https://serviceprovider.com'),('WSS570','WSS570Name',3,1,3,'serviceprovider','https://serviceprovider.com'),('WSS571','WSS571Name',3,1,3,'serviceprovider','https://serviceprovider.com'),('WSS572','WSS572Name',3,1,3,'serviceprovider','https://serviceprovider.com'),('WSS573','WSS573Name',3,1,3,'serviceprovider','https://serviceprovider.com'),('WSS574','WSS574Name',3,1,3,'serviceprovider','https://serviceprovider.com'),('WSS575','WSS575Name',3,1,3,'serviceprovider','https://serviceprovider.com'),('WSS576','WSS576Name',3,1,3,'serviceprovider','https://serviceprovider.com'),('WSS577','WSS577Name',3,1,3,'serviceprovider','https://serviceprovider.com'),('WSS578','WSS578Name',3,1,3,'serviceprovider','https://serviceprovider.com'),('WSS579','WSS579Name',3,1,3,'serviceprovider','https://serviceprovider.com'),('WSS58','WSS58Name',3,1,3,'serviceprovider','https://serviceprovider.com'),('WSS580','WSS580Name',3,1,3,'serviceprovider','https://serviceprovider.com'),('WSS581','WSS581Name',3,1,3,'serviceprovider','https://serviceprovider.com'),('WSS582','WSS582Name',3,1,3,'serviceprovider','https://serviceprovider.com'),('WSS583','WSS583Name',3,1,3,'serviceprovider','https://serviceprovider.com'),('WSS584','WSS584Name',3,1,3,'serviceprovider','https://serviceprovider.com'),('WSS585','WSS585Name',3,1,3,'serviceprovider','https://serviceprovider.com'),('WSS586','WSS586Name',3,1,3,'serviceprovider','https://serviceprovider.com'),('WSS587','WSS587Name',3,1,3,'serviceprovider','https://serviceprovider.com'),('WSS588','WSS588Name',3,1,3,'serviceprovider','https://serviceprovider.com'),('WSS589','WSS589Name',3,1,3,'serviceprovider','https://serviceprovider.com'),('WSS59','WSS59Name',3,1,3,'serviceprovider','https://serviceprovider.com'),('WSS590','WSS590Name',3,1,3,'serviceprovider','https://serviceprovider.com'),('WSS591','WSS591Name',3,1,3,'serviceprovider','https://serviceprovider.com'),('WSS592','WSS592Name',3,1,3,'serviceprovider','https://serviceprovider.com'),('WSS593','WSS593Name',3,1,3,'serviceprovider','https://serviceprovider.com'),('WSS594','WSS594Name',3,1,3,'serviceprovider','https://serviceprovider.com'),('WSS595','WSS595Name',3,1,3,'serviceprovider','https://serviceprovider.com'),('WSS596','WSS596Name',3,1,3,'serviceprovider','https://serviceprovider.com'),('WSS597','WSS597Name',3,1,3,'serviceprovider','https://serviceprovider.com'),('WSS598','WSS598Name',3,1,3,'serviceprovider','https://serviceprovider.com'),('WSS599','WSS599Name',3,1,3,'serviceprovider','https://serviceprovider.com'),('WSS6','WSS6Name',3,1,3,'serviceprovider','https://serviceprovider.com'),('WSS60','WSS60Name',3,1,3,'serviceprovider','https://serviceprovider.com'),('WSS600','WSS600Name',3,1,3,'serviceprovider','https://serviceprovider.com'),('WSS601','WSS601Name',3,1,3,'serviceprovider','https://serviceprovider.com'),('WSS602','WSS602Name',3,1,3,'serviceprovider','https://serviceprovider.com'),('WSS603','WSS603Name',3,1,3,'serviceprovider','https://serviceprovider.com'),('WSS604','WSS604Name',3,1,3,'serviceprovider','https://serviceprovider.com'),('WSS605','WSS605Name',3,1,3,'serviceprovider','https://serviceprovider.com'),('WSS606','WSS606Name',3,1,3,'serviceprovider','https://serviceprovider.com'),('WSS607','WSS607Name',3,1,3,'serviceprovider','https://serviceprovider.com'),('WSS608','WSS608Name',3,1,3,'serviceprovider','https://serviceprovider.com'),('WSS609','WSS609Name',3,1,3,'serviceprovider','https://serviceprovider.com'),('WSS61','WSS61Name',3,1,3,'serviceprovider','https://serviceprovider.com'),('WSS610','WSS610Name',3,1,3,'serviceprovider','https://serviceprovider.com'),('WSS611','WSS611Name',3,1,3,'serviceprovider','https://serviceprovider.com'),('WSS612','WSS612Name',3,1,3,'serviceprovider','https://serviceprovider.com'),('WSS613','WSS613Name',3,1,3,'serviceprovider','https://serviceprovider.com'),('WSS614','WSS614Name',3,1,3,'serviceprovider','https://serviceprovider.com'),('WSS615','WSS615Name',3,1,3,'serviceprovider','https://serviceprovider.com'),('WSS616','WSS616Name',3,1,3,'serviceprovider','https://serviceprovider.com'),('WSS617','WSS617Name',3,1,3,'serviceprovider','https://serviceprovider.com'),('WSS618','WSS618Name',3,1,3,'serviceprovider','https://serviceprovider.com'),('WSS619','WSS619Name',3,1,3,'serviceprovider','https://serviceprovider.com'),('WSS62','WSS62Name',3,1,3,'serviceprovider','https://serviceprovider.com'),('WSS620','WSS620Name',3,1,3,'serviceprovider','https://serviceprovider.com'),('WSS621','WSS621Name',3,1,3,'serviceprovider','https://serviceprovider.com'),('WSS622','WSS622Name',3,1,3,'serviceprovider','https://serviceprovider.com'),('WSS623','WSS623Name',3,1,3,'serviceprovider','https://serviceprovider.com'),('WSS624','WSS624Name',3,1,3,'serviceprovider','https://serviceprovider.com'),('WSS625','WSS625Name',3,1,3,'serviceprovider','https://serviceprovider.com'),('WSS626','WSS626Name',3,1,3,'serviceprovider','https://serviceprovider.com'),('WSS627','WSS627Name',3,1,3,'serviceprovider','https://serviceprovider.com'),('WSS628','WSS628Name',3,1,3,'serviceprovider','https://serviceprovider.com'),('WSS629','WSS629Name',3,1,3,'serviceprovider','https://serviceprovider.com'),('WSS63','WSS63Name',3,1,3,'serviceprovider','https://serviceprovider.com'),('WSS630','WSS630Name',3,1,3,'serviceprovider','https://serviceprovider.com'),('WSS631','WSS631Name',3,1,3,'serviceprovider','https://serviceprovider.com'),('WSS632','WSS632Name',3,1,3,'serviceprovider','https://serviceprovider.com'),('WSS633','WSS633Name',3,1,3,'serviceprovider','https://serviceprovider.com'),('WSS634','WSS634Name',3,1,3,'serviceprovider','https://serviceprovider.com'),('WSS635','WSS635Name',3,1,3,'serviceprovider','https://serviceprovider.com'),('WSS636','WSS636Name',3,1,3,'serviceprovider','https://serviceprovider.com'),('WSS637','WSS637Name',3,1,3,'serviceprovider','https://serviceprovider.com'),('WSS638','WSS638Name',3,1,3,'serviceprovider','https://serviceprovider.com'),('WSS639','WSS639Name',3,1,3,'serviceprovider','https://serviceprovider.com'),('WSS64','WSS64Name',3,1,3,'serviceprovider','https://serviceprovider.com'),('WSS640','WSS640Name',3,1,3,'serviceprovider','https://serviceprovider.com'),('WSS641','WSS641Name',3,1,3,'serviceprovider','https://serviceprovider.com'),('WSS642','WSS642Name',3,1,3,'serviceprovider','https://serviceprovider.com'),('WSS643','WSS643Name',3,1,3,'serviceprovider','https://serviceprovider.com'),('WSS644','WSS644Name',3,1,3,'serviceprovider','https://serviceprovider.com'),('WSS645','WSS645Name',3,1,3,'serviceprovider','https://serviceprovider.com'),('WSS646','WSS646Name',3,1,3,'serviceprovider','https://serviceprovider.com'),('WSS647','WSS647Name',3,1,3,'serviceprovider','https://serviceprovider.com'),('WSS648','WSS648Name',3,1,3,'serviceprovider','https://serviceprovider.com'),('WSS649','WSS649Name',3,1,3,'serviceprovider','https://serviceprovider.com'),('WSS65','WSS65Name',3,1,3,'serviceprovider','https://serviceprovider.com'),('WSS650','WSS650Name',3,1,3,'serviceprovider','https://serviceprovider.com'),('WSS651','WSS651Name',3,1,3,'serviceprovider','https://serviceprovider.com'),('WSS652','WSS652Name',3,1,3,'serviceprovider','https://serviceprovider.com'),('WSS653','WSS653Name',3,1,3,'serviceprovider','https://serviceprovider.com'),('WSS654','WSS654Name',3,1,3,'serviceprovider','https://serviceprovider.com'),('WSS655','WSS655Name',3,1,3,'serviceprovider','https://serviceprovider.com'),('WSS656','WSS656Name',3,1,3,'serviceprovider','https://serviceprovider.com'),('WSS657','WSS657Name',3,1,3,'serviceprovider','https://serviceprovider.com'),('WSS658','WSS658Name',3,1,3,'serviceprovider','https://serviceprovider.com'),('WSS659','WSS659Name',3,1,3,'serviceprovider','https://serviceprovider.com'),('WSS66','WSS66Name',3,1,3,'serviceprovider','https://serviceprovider.com'),('WSS660','WSS660Name',3,1,3,'serviceprovider','https://serviceprovider.com'),('WSS661','WSS661Name',3,1,3,'serviceprovider','https://serviceprovider.com'),('WSS662','WSS662Name',3,1,3,'serviceprovider','https://serviceprovider.com'),('WSS663','WSS663Name',3,1,3,'serviceprovider','https://serviceprovider.com'),('WSS664','WSS664Name',3,1,3,'serviceprovider','https://serviceprovider.com'),('WSS665','WSS665Name',3,1,3,'serviceprovider','https://serviceprovider.com'),('WSS666','WSS666Name',3,1,3,'serviceprovider','https://serviceprovider.com'),('WSS667','WSS667Name',3,1,3,'serviceprovider','https://serviceprovider.com'),('WSS668','WSS668Name',3,1,3,'serviceprovider','https://serviceprovider.com'),('WSS669','WSS669Name',3,1,3,'serviceprovider','https://serviceprovider.com'),('WSS67','WSS67Name',3,1,3,'serviceprovider','https://serviceprovider.com'),('WSS670','WSS670Name',3,1,3,'serviceprovider','https://serviceprovider.com'),('WSS671','WSS671Name',3,1,3,'serviceprovider','https://serviceprovider.com'),('WSS672','WSS672Name',3,1,3,'serviceprovider','https://serviceprovider.com'),('WSS673','WSS673Name',3,1,3,'serviceprovider','https://serviceprovider.com'),('WSS674','WSS674Name',3,1,3,'serviceprovider','https://serviceprovider.com'),('WSS675','WSS675Name',3,1,3,'serviceprovider','https://serviceprovider.com'),('WSS676','WSS676Name',3,1,3,'serviceprovider','https://serviceprovider.com'),('WSS677','WSS677Name',3,1,3,'serviceprovider','https://serviceprovider.com'),('WSS678','WSS678Name',3,1,3,'serviceprovider','https://serviceprovider.com'),('WSS679','WSS679Name',3,1,3,'serviceprovider','https://serviceprovider.com'),('WSS68','WSS68Name',3,1,3,'serviceprovider','https://serviceprovider.com'),('WSS680','WSS680Name',3,1,3,'serviceprovider','https://serviceprovider.com'),('WSS681','WSS681Name',3,1,3,'serviceprovider','https://serviceprovider.com'),('WSS682','WSS682Name',3,1,3,'serviceprovider','https://serviceprovider.com'),('WSS683','WSS683Name',3,1,3,'serviceprovider','https://serviceprovider.com'),('WSS684','WSS684Name',3,1,3,'serviceprovider','https://serviceprovider.com'),('WSS685','WSS685Name',3,1,3,'serviceprovider','https://serviceprovider.com'),('WSS686','WSS686Name',3,1,3,'serviceprovider','https://serviceprovider.com'),('WSS687','WSS687Name',3,1,3,'serviceprovider','https://serviceprovider.com'),('WSS688','WSS688Name',3,1,3,'serviceprovider','https://serviceprovider.com'),('WSS689','WSS689Name',3,1,3,'serviceprovider','https://serviceprovider.com'),('WSS69','WSS69Name',3,1,3,'serviceprovider','https://serviceprovider.com'),('WSS690','WSS690Name',3,1,3,'serviceprovider','https://serviceprovider.com'),('WSS691','WSS691Name',3,1,3,'serviceprovider','https://serviceprovider.com'),('WSS692','WSS692Name',3,1,3,'serviceprovider','https://serviceprovider.com'),('WSS693','WSS693Name',3,1,3,'serviceprovider','https://serviceprovider.com'),('WSS694','WSS694Name',3,1,3,'serviceprovider','https://serviceprovider.com'),('WSS695','WSS695Name',3,1,3,'serviceprovider','https://serviceprovider.com'),('WSS696','WSS696Name',3,1,3,'serviceprovider','https://serviceprovider.com'),('WSS697','WSS697Name',3,1,3,'serviceprovider','https://serviceprovider.com'),('WSS698','WSS698Name',3,1,3,'serviceprovider','https://serviceprovider.com'),('WSS699','WSS699Name',3,1,3,'serviceprovider','https://serviceprovider.com'),('WSS7','WSS7Name',3,1,3,'serviceprovider','https://serviceprovider.com'),('WSS70','WSS70Name',3,1,3,'serviceprovider','https://serviceprovider.com'),('WSS700','WSS700Name',3,1,3,'serviceprovider','https://serviceprovider.com'),('WSS701','WSS701Name',3,1,3,'serviceprovider','https://serviceprovider.com'),('WSS702','WSS702Name',3,1,3,'serviceprovider','https://serviceprovider.com'),('WSS703','WSS703Name',3,1,3,'serviceprovider','https://serviceprovider.com'),('WSS704','WSS704Name',3,1,3,'serviceprovider','https://serviceprovider.com'),('WSS705','WSS705Name',3,1,3,'serviceprovider','https://serviceprovider.com'),('WSS706','WSS706Name',3,1,3,'serviceprovider','https://serviceprovider.com'),('WSS707','WSS707Name',3,1,3,'serviceprovider','https://serviceprovider.com'),('WSS708','WSS708Name',3,1,3,'serviceprovider','https://serviceprovider.com'),('WSS709','WSS709Name',3,1,3,'serviceprovider','https://serviceprovider.com'),('WSS71','WSS71Name',3,1,3,'serviceprovider','https://serviceprovider.com'),('WSS710','WSS710Name',3,1,3,'serviceprovider','https://serviceprovider.com'),('WSS711','WSS711Name',3,1,3,'serviceprovider','https://serviceprovider.com'),('WSS712','WSS712Name',3,1,3,'serviceprovider','https://serviceprovider.com'),('WSS713','WSS713Name',3,1,3,'serviceprovider','https://serviceprovider.com'),('WSS714','WSS714Name',3,1,3,'serviceprovider','https://serviceprovider.com'),('WSS715','WSS715Name',3,1,3,'serviceprovider','https://serviceprovider.com'),('WSS716','WSS716Name',3,1,3,'serviceprovider','https://serviceprovider.com'),('WSS717','WSS717Name',3,1,3,'serviceprovider','https://serviceprovider.com'),('WSS718','WSS718Name',3,1,3,'serviceprovider','https://serviceprovider.com'),('WSS719','WSS719Name',3,1,3,'serviceprovider','https://serviceprovider.com'),('WSS72','WSS72Name',3,1,3,'serviceprovider','https://serviceprovider.com'),('WSS720','WSS720Name',3,1,3,'serviceprovider','https://serviceprovider.com'),('WSS721','WSS721Name',3,1,3,'serviceprovider','https://serviceprovider.com'),('WSS722','WSS722Name',3,1,3,'serviceprovider','https://serviceprovider.com'),('WSS723','WSS723Name',3,1,3,'serviceprovider','https://serviceprovider.com'),('WSS724','WSS724Name',3,1,3,'serviceprovider','https://serviceprovider.com'),('WSS725','WSS725Name',3,1,3,'serviceprovider','https://serviceprovider.com'),('WSS726','WSS726Name',3,1,3,'serviceprovider','https://serviceprovider.com'),('WSS727','WSS727Name',3,1,3,'serviceprovider','https://serviceprovider.com'),('WSS728','WSS728Name',3,1,3,'serviceprovider','https://serviceprovider.com'),('WSS729','WSS729Name',3,1,3,'serviceprovider','https://serviceprovider.com'),('WSS73','WSS73Name',3,1,3,'serviceprovider','https://serviceprovider.com'),('WSS730','WSS730Name',3,1,3,'serviceprovider','https://serviceprovider.com'),('WSS731','WSS731Name',3,1,3,'serviceprovider','https://serviceprovider.com'),('WSS732','WSS732Name',3,1,3,'serviceprovider','https://serviceprovider.com'),('WSS733','WSS733Name',3,1,3,'serviceprovider','https://serviceprovider.com'),('WSS734','WSS734Name',3,1,3,'serviceprovider','https://serviceprovider.com'),('WSS735','WSS735Name',3,1,3,'serviceprovider','https://serviceprovider.com'),('WSS736','WSS736Name',3,1,3,'serviceprovider','https://serviceprovider.com'),('WSS737','WSS737Name',3,1,3,'serviceprovider','https://serviceprovider.com'),('WSS738','WSS738Name',3,1,3,'serviceprovider','https://serviceprovider.com'),('WSS739','WSS739Name',3,1,3,'serviceprovider','https://serviceprovider.com'),('WSS74','WSS74Name',3,1,3,'serviceprovider','https://serviceprovider.com'),('WSS740','WSS740Name',3,1,3,'serviceprovider','https://serviceprovider.com'),('WSS741','WSS741Name',3,1,3,'serviceprovider','https://serviceprovider.com'),('WSS742','WSS742Name',3,1,3,'serviceprovider','https://serviceprovider.com'),('WSS743','WSS743Name',3,1,3,'serviceprovider','https://serviceprovider.com'),('WSS744','WSS744Name',3,1,3,'serviceprovider','https://serviceprovider.com'),('WSS745','WSS745Name',3,1,3,'serviceprovider','https://serviceprovider.com'),('WSS746','WSS746Name',3,1,3,'serviceprovider','https://serviceprovider.com'),('WSS747','WSS747Name',3,1,3,'serviceprovider','https://serviceprovider.com'),('WSS748','WSS748Name',3,1,3,'serviceprovider','https://serviceprovider.com'),('WSS749','WSS749Name',3,1,3,'serviceprovider','https://serviceprovider.com'),('WSS75','WSS75Name',3,1,3,'serviceprovider','https://serviceprovider.com'),('WSS750','WSS750Name',3,1,3,'serviceprovider','https://serviceprovider.com'),('WSS751','WSS751Name',3,1,3,'serviceprovider','https://serviceprovider.com'),('WSS752','WSS752Name',3,1,3,'serviceprovider','https://serviceprovider.com'),('WSS753','WSS753Name',3,1,3,'serviceprovider','https://serviceprovider.com'),('WSS754','WSS754Name',3,1,3,'serviceprovider','https://serviceprovider.com'),('WSS755','WSS755Name',3,1,3,'serviceprovider','https://serviceprovider.com'),('WSS756','WSS756Name',3,1,3,'serviceprovider','https://serviceprovider.com'),('WSS757','WSS757Name',3,1,3,'serviceprovider','https://serviceprovider.com'),('WSS758','WSS758Name',3,1,3,'serviceprovider','https://serviceprovider.com'),('WSS759','WSS759Name',3,1,3,'serviceprovider','https://serviceprovider.com'),('WSS76','WSS76Name',3,1,3,'serviceprovider','https://serviceprovider.com'),('WSS760','WSS760Name',3,1,3,'serviceprovider','https://serviceprovider.com'),('WSS761','WSS761Name',3,1,3,'serviceprovider','https://serviceprovider.com'),('WSS762','WSS762Name',3,1,3,'serviceprovider','https://serviceprovider.com'),('WSS763','WSS763Name',3,1,3,'serviceprovider','https://serviceprovider.com'),('WSS764','WSS764Name',3,1,3,'serviceprovider','https://serviceprovider.com'),('WSS765','WSS765Name',3,1,3,'serviceprovider','https://serviceprovider.com'),('WSS766','WSS766Name',3,1,3,'serviceprovider','https://serviceprovider.com'),('WSS767','WSS767Name',3,1,3,'serviceprovider','https://serviceprovider.com'),('WSS768','WSS768Name',3,1,3,'serviceprovider','https://serviceprovider.com'),('WSS769','WSS769Name',3,1,3,'serviceprovider','https://serviceprovider.com'),('WSS77','WSS77Name',3,1,3,'serviceprovider','https://serviceprovider.com'),('WSS770','WSS770Name',3,1,3,'serviceprovider','https://serviceprovider.com'),('WSS771','WSS771Name',3,1,3,'serviceprovider','https://serviceprovider.com'),('WSS772','WSS772Name',3,1,3,'serviceprovider','https://serviceprovider.com'),('WSS773','WSS773Name',3,1,3,'serviceprovider','https://serviceprovider.com'),('WSS774','WSS774Name',3,1,3,'serviceprovider','https://serviceprovider.com'),('WSS775','WSS775Name',3,1,3,'serviceprovider','https://serviceprovider.com'),('WSS776','WSS776Name',3,1,3,'serviceprovider','https://serviceprovider.com'),('WSS777','WSS777Name',3,1,3,'serviceprovider','https://serviceprovider.com'),('WSS778','WSS778Name',3,1,3,'serviceprovider','https://serviceprovider.com'),('WSS779','WSS779Name',3,1,3,'serviceprovider','https://serviceprovider.com'),('WSS78','WSS78Name',3,1,3,'serviceprovider','https://serviceprovider.com'),('WSS780','WSS780Name',3,1,3,'serviceprovider','https://serviceprovider.com'),('WSS781','WSS781Name',3,1,3,'serviceprovider','https://serviceprovider.com'),('WSS782','WSS782Name',3,1,3,'serviceprovider','https://serviceprovider.com'),('WSS783','WSS783Name',3,1,3,'serviceprovider','https://serviceprovider.com'),('WSS784','WSS784Name',3,1,3,'serviceprovider','https://serviceprovider.com'),('WSS785','WSS785Name',3,1,3,'serviceprovider','https://serviceprovider.com'),('WSS786','WSS786Name',3,1,3,'serviceprovider','https://serviceprovider.com'),('WSS787','WSS787Name',3,1,3,'serviceprovider','https://serviceprovider.com'),('WSS788','WSS788Name',3,1,3,'serviceprovider','https://serviceprovider.com'),('WSS789','WSS789Name',3,1,3,'serviceprovider','https://serviceprovider.com'),('WSS79','WSS79Name',3,1,3,'serviceprovider','https://serviceprovider.com'),('WSS790','WSS790Name',3,1,3,'serviceprovider','https://serviceprovider.com'),('WSS791','WSS791Name',3,1,3,'serviceprovider','https://serviceprovider.com'),('WSS792','WSS792Name',3,1,3,'serviceprovider','https://serviceprovider.com'),('WSS793','WSS793Name',3,1,3,'serviceprovider','https://serviceprovider.com'),('WSS794','WSS794Name',3,1,3,'serviceprovider','https://serviceprovider.com'),('WSS795','WSS795Name',3,1,3,'serviceprovider','https://serviceprovider.com'),('WSS796','WSS796Name',3,1,3,'serviceprovider','https://serviceprovider.com'),('WSS797','WSS797Name',3,1,3,'serviceprovider','https://serviceprovider.com'),('WSS798','WSS798Name',3,1,3,'serviceprovider','https://serviceprovider.com'),('WSS799','WSS799Name',3,1,3,'serviceprovider','https://serviceprovider.com'),('WSS8','WSS8Name',3,1,3,'serviceprovider','https://serviceprovider.com'),('WSS80','WSS80Name',3,1,3,'serviceprovider','https://serviceprovider.com'),('WSS800','WSS800Name',3,1,3,'serviceprovider','https://serviceprovider.com'),('WSS801','WSS801Name',3,1,3,'serviceprovider','https://serviceprovider.com'),('WSS802','WSS802Name',3,1,3,'serviceprovider','https://serviceprovider.com'),('WSS803','WSS803Name',3,1,3,'serviceprovider','https://serviceprovider.com'),('WSS804','WSS804Name',3,1,3,'serviceprovider','https://serviceprovider.com'),('WSS805','WSS805Name',3,1,3,'serviceprovider','https://serviceprovider.com'),('WSS806','WSS806Name',3,1,3,'serviceprovider','https://serviceprovider.com'),('WSS807','WSS807Name',3,1,3,'serviceprovider','https://serviceprovider.com'),('WSS808','WSS808Name',3,1,3,'serviceprovider','https://serviceprovider.com'),('WSS809','WSS809Name',3,1,3,'serviceprovider','https://serviceprovider.com'),('WSS81','WSS81Name',3,1,3,'serviceprovider','https://serviceprovider.com'),('WSS810','WSS810Name',3,1,3,'serviceprovider','https://serviceprovider.com'),('WSS811','WSS811Name',3,1,3,'serviceprovider','https://serviceprovider.com'),('WSS812','WSS812Name',3,1,3,'serviceprovider','https://serviceprovider.com'),('WSS813','WSS813Name',3,1,3,'serviceprovider','https://serviceprovider.com'),('WSS814','WSS814Name',3,1,3,'serviceprovider','https://serviceprovider.com'),('WSS815','WSS815Name',3,1,3,'serviceprovider','https://serviceprovider.com'),('WSS816','WSS816Name',3,1,3,'serviceprovider','https://serviceprovider.com'),('WSS817','WSS817Name',3,1,3,'serviceprovider','https://serviceprovider.com'),('WSS818','WSS818Name',3,1,3,'serviceprovider','https://serviceprovider.com'),('WSS819','WSS819Name',3,1,3,'serviceprovider','https://serviceprovider.com'),('WSS82','WSS82Name',3,1,3,'serviceprovider','https://serviceprovider.com'),('WSS820','WSS820Name',3,1,3,'serviceprovider','https://serviceprovider.com'),('WSS821','WSS821Name',3,1,3,'serviceprovider','https://serviceprovider.com'),('WSS822','WSS822Name',3,1,3,'serviceprovider','https://serviceprovider.com'),('WSS823','WSS823Name',3,1,3,'serviceprovider','https://serviceprovider.com'),('WSS824','WSS824Name',3,1,3,'serviceprovider','https://serviceprovider.com'),('WSS825','WSS825Name',3,1,3,'serviceprovider','https://serviceprovider.com'),('WSS826','WSS826Name',3,1,3,'serviceprovider','https://serviceprovider.com'),('WSS827','WSS827Name',3,1,3,'serviceprovider','https://serviceprovider.com'),('WSS828','WSS828Name',3,1,3,'serviceprovider','https://serviceprovider.com'),('WSS829','WSS829Name',3,1,3,'serviceprovider','https://serviceprovider.com'),('WSS83','WSS83Name',3,1,3,'serviceprovider','https://serviceprovider.com'),('WSS830','WSS830Name',3,1,3,'serviceprovider','https://serviceprovider.com'),('WSS831','WSS831Name',3,1,3,'serviceprovider','https://serviceprovider.com'),('WSS832','WSS832Name',3,1,3,'serviceprovider','https://serviceprovider.com'),('WSS833','WSS833Name',3,1,3,'serviceprovider','https://serviceprovider.com'),('WSS834','WSS834Name',3,1,3,'serviceprovider','https://serviceprovider.com'),('WSS835','WSS835Name',3,1,3,'serviceprovider','https://serviceprovider.com'),('WSS836','WSS836Name',3,1,3,'serviceprovider','https://serviceprovider.com'),('WSS837','WSS837Name',3,1,3,'serviceprovider','https://serviceprovider.com'),('WSS838','WSS838Name',3,1,3,'serviceprovider','https://serviceprovider.com'),('WSS839','WSS839Name',3,1,3,'serviceprovider','https://serviceprovider.com'),('WSS84','WSS84Name',3,1,3,'serviceprovider','https://serviceprovider.com'),('WSS840','WSS840Name',3,1,3,'serviceprovider','https://serviceprovider.com'),('WSS841','WSS841Name',3,1,3,'serviceprovider','https://serviceprovider.com'),('WSS842','WSS842Name',3,1,3,'serviceprovider','https://serviceprovider.com'),('WSS843','WSS843Name',3,1,3,'serviceprovider','https://serviceprovider.com'),('WSS844','WSS844Name',3,1,3,'serviceprovider','https://serviceprovider.com'),('WSS845','WSS845Name',3,1,3,'serviceprovider','https://serviceprovider.com'),('WSS846','WSS846Name',3,1,3,'serviceprovider','https://serviceprovider.com'),('WSS847','WSS847Name',3,1,3,'serviceprovider','https://serviceprovider.com'),('WSS848','WSS848Name',3,1,3,'serviceprovider','https://serviceprovider.com'),('WSS849','WSS849Name',3,1,3,'serviceprovider','https://serviceprovider.com'),('WSS85','WSS85Name',3,1,3,'serviceprovider','https://serviceprovider.com'),('WSS850','WSS850Name',3,1,3,'serviceprovider','https://serviceprovider.com'),('WSS851','WSS851Name',3,1,3,'serviceprovider','https://serviceprovider.com'),('WSS852','WSS852Name',3,1,3,'serviceprovider','https://serviceprovider.com'),('WSS853','WSS853Name',3,1,3,'serviceprovider','https://serviceprovider.com'),('WSS854','WSS854Name',3,1,3,'serviceprovider','https://serviceprovider.com'),('WSS855','WSS855Name',3,1,3,'serviceprovider','https://serviceprovider.com'),('WSS856','WSS856Name',3,1,3,'serviceprovider','https://serviceprovider.com'),('WSS857','WSS857Name',3,1,3,'serviceprovider','https://serviceprovider.com'),('WSS858','WSS858Name',3,1,3,'serviceprovider','https://serviceprovider.com'),('WSS859','WSS859Name',3,1,3,'serviceprovider','https://serviceprovider.com'),('WSS86','WSS86Name',3,1,3,'serviceprovider','https://serviceprovider.com'),('WSS860','WSS860Name',3,1,3,'serviceprovider','https://serviceprovider.com'),('WSS861','WSS861Name',3,1,3,'serviceprovider','https://serviceprovider.com'),('WSS862','WSS862Name',3,1,3,'serviceprovider','https://serviceprovider.com'),('WSS863','WSS863Name',3,1,3,'serviceprovider','https://serviceprovider.com'),('WSS864','WSS864Name',3,1,3,'serviceprovider','https://serviceprovider.com'),('WSS865','WSS865Name',3,1,3,'serviceprovider','https://serviceprovider.com'),('WSS866','WSS866Name',3,1,3,'serviceprovider','https://serviceprovider.com'),('WSS867','WSS867Name',3,1,3,'serviceprovider','https://serviceprovider.com'),('WSS868','WSS868Name',3,1,3,'serviceprovider','https://serviceprovider.com'),('WSS869','WSS869Name',3,1,3,'serviceprovider','https://serviceprovider.com'),('WSS87','WSS87Name',3,1,3,'serviceprovider','https://serviceprovider.com'),('WSS870','WSS870Name',3,1,3,'serviceprovider','https://serviceprovider.com'),('WSS871','WSS871Name',3,1,3,'serviceprovider','https://serviceprovider.com'),('WSS872','WSS872Name',3,1,3,'serviceprovider','https://serviceprovider.com'),('WSS873','WSS873Name',3,1,3,'serviceprovider','https://serviceprovider.com'),('WSS874','WSS874Name',3,1,3,'serviceprovider','https://serviceprovider.com'),('WSS875','WSS875Name',3,1,3,'serviceprovider','https://serviceprovider.com'),('WSS876','WSS876Name',3,1,3,'serviceprovider','https://serviceprovider.com'),('WSS877','WSS877Name',3,1,3,'serviceprovider','https://serviceprovider.com'),('WSS878','WSS878Name',3,1,3,'serviceprovider','https://serviceprovider.com'),('WSS879','WSS879Name',3,1,3,'serviceprovider','https://serviceprovider.com'),('WSS88','WSS88Name',3,1,3,'serviceprovider','https://serviceprovider.com'),('WSS880','WSS880Name',3,1,3,'serviceprovider','https://serviceprovider.com'),('WSS881','WSS881Name',3,1,3,'serviceprovider','https://serviceprovider.com'),('WSS882','WSS882Name',3,1,3,'serviceprovider','https://serviceprovider.com'),('WSS883','WSS883Name',3,1,3,'serviceprovider','https://serviceprovider.com'),('WSS884','WSS884Name',3,1,3,'serviceprovider','https://serviceprovider.com'),('WSS885','WSS885Name',3,1,3,'serviceprovider','https://serviceprovider.com'),('WSS886','WSS886Name',3,1,3,'serviceprovider','https://serviceprovider.com'),('WSS887','WSS887Name',3,1,3,'serviceprovider','https://serviceprovider.com'),('WSS888','WSS888Name',3,1,3,'serviceprovider','https://serviceprovider.com'),('WSS889','WSS889Name',3,1,3,'serviceprovider','https://serviceprovider.com'),('WSS89','WSS89Name',3,1,3,'serviceprovider','https://serviceprovider.com'),('WSS890','WSS890Name',3,1,3,'serviceprovider','https://serviceprovider.com'),('WSS891','WSS891Name',3,1,3,'serviceprovider','https://serviceprovider.com'),('WSS892','WSS892Name',3,1,3,'serviceprovider','https://serviceprovider.com'),('WSS893','WSS893Name',3,1,3,'serviceprovider','https://serviceprovider.com'),('WSS894','WSS894Name',3,1,3,'serviceprovider','https://serviceprovider.com'),('WSS895','WSS895Name',3,1,3,'serviceprovider','https://serviceprovider.com'),('WSS896','WSS896Name',3,1,3,'serviceprovider','https://serviceprovider.com'),('WSS897','WSS897Name',3,1,3,'serviceprovider','https://serviceprovider.com'),('WSS898','WSS898Name',3,1,3,'serviceprovider','https://serviceprovider.com'),('WSS899','WSS899Name',3,1,3,'serviceprovider','https://serviceprovider.com'),('WSS9','WSS9Name',3,1,3,'serviceprovider','https://serviceprovider.com'),('WSS90','WSS90Name',3,1,3,'serviceprovider','https://serviceprovider.com'),('WSS900','WSS900Name',3,1,3,'serviceprovider','https://serviceprovider.com'),('WSS901','WSS901Name',3,1,3,'serviceprovider','https://serviceprovider.com'),('WSS902','WSS902Name',3,1,3,'serviceprovider','https://serviceprovider.com'),('WSS903','WSS903Name',3,1,3,'serviceprovider','https://serviceprovider.com'),('WSS904','WSS904Name',3,1,3,'serviceprovider','https://serviceprovider.com'),('WSS905','WSS905Name',3,1,3,'serviceprovider','https://serviceprovider.com'),('WSS906','WSS906Name',3,1,3,'serviceprovider','https://serviceprovider.com'),('WSS907','WSS907Name',3,1,3,'serviceprovider','https://serviceprovider.com'),('WSS908','WSS908Name',3,1,3,'serviceprovider','https://serviceprovider.com'),('WSS909','WSS909Name',3,1,3,'serviceprovider','https://serviceprovider.com'),('WSS91','WSS91Name',3,1,3,'serviceprovider','https://serviceprovider.com'),('WSS910','WSS910Name',3,1,3,'serviceprovider','https://serviceprovider.com'),('WSS911','WSS911Name',3,1,3,'serviceprovider','https://serviceprovider.com'),('WSS912','WSS912Name',3,1,3,'serviceprovider','https://serviceprovider.com'),('WSS913','WSS913Name',3,1,3,'serviceprovider','https://serviceprovider.com'),('WSS914','WSS914Name',3,1,3,'serviceprovider','https://serviceprovider.com'),('WSS915','WSS915Name',3,1,3,'serviceprovider','https://serviceprovider.com'),('WSS916','WSS916Name',3,1,3,'serviceprovider','https://serviceprovider.com'),('WSS917','WSS917Name',3,1,3,'serviceprovider','https://serviceprovider.com'),('WSS918','WSS918Name',3,1,3,'serviceprovider','https://serviceprovider.com'),('WSS919','WSS919Name',3,1,3,'serviceprovider','https://serviceprovider.com'),('WSS92','WSS92Name',3,1,3,'serviceprovider','https://serviceprovider.com'),('WSS920','WSS920Name',3,1,3,'serviceprovider','https://serviceprovider.com'),('WSS921','WSS921Name',3,1,3,'serviceprovider','https://serviceprovider.com'),('WSS922','WSS922Name',3,1,3,'serviceprovider','https://serviceprovider.com'),('WSS923','WSS923Name',3,1,3,'serviceprovider','https://serviceprovider.com'),('WSS924','WSS924Name',3,1,3,'serviceprovider','https://serviceprovider.com'),('WSS925','WSS925Name',3,1,3,'serviceprovider','https://serviceprovider.com'),('WSS926','WSS926Name',3,1,3,'serviceprovider','https://serviceprovider.com'),('WSS927','WSS927Name',3,1,3,'serviceprovider','https://serviceprovider.com'),('WSS928','WSS928Name',3,1,3,'serviceprovider','https://serviceprovider.com'),('WSS929','WSS929Name',3,1,3,'serviceprovider','https://serviceprovider.com'),('WSS93','WSS93Name',3,1,3,'serviceprovider','https://serviceprovider.com'),('WSS930','WSS930Name',3,1,3,'serviceprovider','https://serviceprovider.com'),('WSS931','WSS931Name',3,1,3,'serviceprovider','https://serviceprovider.com'),('WSS932','WSS932Name',3,1,3,'serviceprovider','https://serviceprovider.com'),('WSS933','WSS933Name',3,1,3,'serviceprovider','https://serviceprovider.com'),('WSS934','WSS934Name',3,1,3,'serviceprovider','https://serviceprovider.com'),('WSS935','WSS935Name',3,1,3,'serviceprovider','https://serviceprovider.com'),('WSS936','WSS936Name',3,1,3,'serviceprovider','https://serviceprovider.com'),('WSS937','WSS937Name',3,1,3,'serviceprovider','https://serviceprovider.com'),('WSS938','WSS938Name',3,1,3,'serviceprovider','https://serviceprovider.com'),('WSS939','WSS939Name',3,1,3,'serviceprovider','https://serviceprovider.com'),('WSS94','WSS94Name',3,1,3,'serviceprovider','https://serviceprovider.com'),('WSS940','WSS940Name',3,1,3,'serviceprovider','https://serviceprovider.com'),('WSS941','WSS941Name',3,1,3,'serviceprovider','https://serviceprovider.com'),('WSS942','WSS942Name',3,1,3,'serviceprovider','https://serviceprovider.com'),('WSS943','WSS943Name',3,1,3,'serviceprovider','https://serviceprovider.com'),('WSS944','WSS944Name',3,1,3,'serviceprovider','https://serviceprovider.com'),('WSS945','WSS945Name',3,1,3,'serviceprovider','https://serviceprovider.com'),('WSS946','WSS946Name',3,1,3,'serviceprovider','https://serviceprovider.com'),('WSS947','WSS947Name',3,1,3,'serviceprovider','https://serviceprovider.com'),('WSS948','WSS948Name',3,1,3,'serviceprovider','https://serviceprovider.com'),('WSS949','WSS949Name',3,1,3,'serviceprovider','https://serviceprovider.com'),('WSS95','WSS95Name',3,1,3,'serviceprovider','https://serviceprovider.com'),('WSS950','WSS950Name',3,1,3,'serviceprovider','https://serviceprovider.com'),('WSS951','WSS951Name',3,1,3,'serviceprovider','https://serviceprovider.com'),('WSS952','WSS952Name',3,1,3,'serviceprovider','https://serviceprovider.com'),('WSS953','WSS953Name',3,1,3,'serviceprovider','https://serviceprovider.com'),('WSS954','WSS954Name',3,1,3,'serviceprovider','https://serviceprovider.com'),('WSS955','WSS955Name',3,1,3,'serviceprovider','https://serviceprovider.com'),('WSS956','WSS956Name',3,1,3,'serviceprovider','https://serviceprovider.com'),('WSS957','WSS957Name',3,1,3,'serviceprovider','https://serviceprovider.com'),('WSS958','WSS958Name',3,1,3,'serviceprovider','https://serviceprovider.com'),('WSS959','WSS959Name',3,1,3,'serviceprovider','https://serviceprovider.com'),('WSS96','WSS96Name',3,1,3,'serviceprovider','https://serviceprovider.com'),('WSS960','WSS960Name',3,1,3,'serviceprovider','https://serviceprovider.com'),('WSS961','WSS961Name',3,1,3,'serviceprovider','https://serviceprovider.com'),('WSS962','WSS962Name',3,1,3,'serviceprovider','https://serviceprovider.com'),('WSS963','WSS963Name',3,1,3,'serviceprovider','https://serviceprovider.com'),('WSS964','WSS964Name',3,1,3,'serviceprovider','https://serviceprovider.com'),('WSS965','WSS965Name',3,1,3,'serviceprovider','https://serviceprovider.com'),('WSS966','WSS966Name',3,1,3,'serviceprovider','https://serviceprovider.com'),('WSS967','WSS967Name',3,1,3,'serviceprovider','https://serviceprovider.com'),('WSS968','WSS968Name',3,1,3,'serviceprovider','https://serviceprovider.com'),('WSS969','WSS969Name',3,1,3,'serviceprovider','https://serviceprovider.com'),('WSS97','WSS97Name',3,1,3,'serviceprovider','https://serviceprovider.com'),('WSS970','WSS970Name',3,1,3,'serviceprovider','https://serviceprovider.com'),('WSS971','WSS971Name',3,1,3,'serviceprovider','https://serviceprovider.com'),('WSS972','WSS972Name',3,1,3,'serviceprovider','https://serviceprovider.com'),('WSS973','WSS973Name',3,1,3,'serviceprovider','https://serviceprovider.com'),('WSS974','WSS974Name',3,1,3,'serviceprovider','https://serviceprovider.com'),('WSS975','WSS975Name',3,1,3,'serviceprovider','https://serviceprovider.com'),('WSS976','WSS976Name',3,1,3,'serviceprovider','https://serviceprovider.com'),('WSS977','WSS977Name',3,1,3,'serviceprovider','https://serviceprovider.com'),('WSS978','WSS978Name',3,1,3,'serviceprovider','https://serviceprovider.com'),('WSS979','WSS979Name',3,1,3,'serviceprovider','https://serviceprovider.com'),('WSS98','WSS98Name',3,1,3,'serviceprovider','https://serviceprovider.com'),('WSS980','WSS980Name',3,1,3,'serviceprovider','https://serviceprovider.com'),('WSS981','WSS981Name',3,1,3,'serviceprovider','https://serviceprovider.com'),('WSS982','WSS982Name',3,1,3,'serviceprovider','https://serviceprovider.com'),('WSS983','WSS983Name',3,1,3,'serviceprovider','https://serviceprovider.com'),('WSS984','WSS984Name',3,1,3,'serviceprovider','https://serviceprovider.com'),('WSS985','WSS985Name',3,1,3,'serviceprovider','https://serviceprovider.com'),('WSS986','WSS986Name',3,1,3,'serviceprovider','https://serviceprovider.com'),('WSS987','WSS987Name',3,1,3,'serviceprovider','https://serviceprovider.com'),('WSS988','WSS988Name',3,1,3,'serviceprovider','https://serviceprovider.com'),('WSS989','WSS989Name',3,1,3,'serviceprovider','https://serviceprovider.com'),('WSS99','WSS99Name',3,1,3,'serviceprovider','https://serviceprovider.com'),('WSS990','WSS990Name',3,1,3,'serviceprovider','https://serviceprovider.com'),('WSS991','WSS991Name',3,1,3,'serviceprovider','https://serviceprovider.com'),('WSS992','WSS992Name',3,1,3,'serviceprovider','https://serviceprovider.com'),('WSS993','WSS993Name',3,1,3,'serviceprovider','https://serviceprovider.com'),('WSS994','WSS994Name',3,1,3,'serviceprovider','https://serviceprovider.com'),('WSS995','WSS995Name',3,1,3,'serviceprovider','https://serviceprovider.com'),('WSS996','WSS996Name',3,1,3,'serviceprovider','https://serviceprovider.com'),('WSS997','WSS997Name',3,1,3,'serviceprovider','https://serviceprovider.com'),('WSS998','WSS998Name',3,1,3,'serviceprovider','https://serviceprovider.com'),('WSS999','WSS999Name',3,1,3,'serviceprovider','https://serviceprovider.com');
/*!40000 ALTER TABLE `webservicelist` ENABLE KEYS */;
UNLOCK TABLES;
/*!40103 SET TIME_ZONE=@OLD_TIME_ZONE */;

/*!40101 SET SQL_MODE=@OLD_SQL_MODE */;
/*!40014 SET FOREIGN_KEY_CHECKS=@OLD_FOREIGN_KEY_CHECKS */;
/*!40014 SET UNIQUE_CHECKS=@OLD_UNIQUE_CHECKS */;
/*!40101 SET CHARACTER_SET_CLIENT=@OLD_CHARACTER_SET_CLIENT */;
/*!40101 SET CHARACTER_SET_RESULTS=@OLD_CHARACTER_SET_RESULTS */;
/*!40101 SET COLLATION_CONNECTION=@OLD_COLLATION_CONNECTION */;
/*!40111 SET SQL_NOTES=@OLD_SQL_NOTES */;

-- Dump completed on 2023-07-02  0:12:55
