-- MySQL dump 10.13  Distrib 8.0.32, for Win64 (x86_64)
--
-- Host: localhost    Database: autowscs
-- ------------------------------------------------------
-- Server version	8.0.32

/*!40101 SET @OLD_CHARACTER_SET_CLIENT=@@CHARACTER_SET_CLIENT */;
/*!40101 SET @OLD_CHARACTER_SET_RESULTS=@@CHARACTER_SET_RESULTS */;
/*!40101 SET @OLD_COLLATION_CONNECTION=@@COLLATION_CONNECTION */;
/*!50503 SET NAMES utf8mb4 */;
/*!40103 SET @OLD_TIME_ZONE=@@TIME_ZONE */;
/*!40103 SET TIME_ZONE='+00:00' */;
/*!40014 SET @OLD_UNIQUE_CHECKS=@@UNIQUE_CHECKS, UNIQUE_CHECKS=0 */;
/*!40014 SET @OLD_FOREIGN_KEY_CHECKS=@@FOREIGN_KEY_CHECKS, FOREIGN_KEY_CHECKS=0 */;
/*!40101 SET @OLD_SQL_MODE=@@SQL_MODE, SQL_MODE='NO_AUTO_VALUE_ON_ZERO' */;
/*!40111 SET @OLD_SQL_NOTES=@@SQL_NOTES, SQL_NOTES=0 */;

--
-- Table structure for table `auth_group`
--

DROP TABLE IF EXISTS `auth_group`;
/*!40101 SET @saved_cs_client     = @@character_set_client */;
/*!50503 SET character_set_client = utf8mb4 */;
CREATE TABLE `auth_group` (
  `id` int NOT NULL AUTO_INCREMENT,
  `name` varchar(80) NOT NULL,
  PRIMARY KEY (`id`),
  UNIQUE KEY `name` (`name`)
) ENGINE=InnoDB DEFAULT CHARSET=latin1;
/*!40101 SET character_set_client = @saved_cs_client */;

--
-- Dumping data for table `auth_group`
--

LOCK TABLES `auth_group` WRITE;
/*!40000 ALTER TABLE `auth_group` DISABLE KEYS */;
/*!40000 ALTER TABLE `auth_group` ENABLE KEYS */;
UNLOCK TABLES;

--
-- Table structure for table `auth_group_permissions`
--

DROP TABLE IF EXISTS `auth_group_permissions`;
/*!40101 SET @saved_cs_client     = @@character_set_client */;
/*!50503 SET character_set_client = utf8mb4 */;
CREATE TABLE `auth_group_permissions` (
  `id` int NOT NULL AUTO_INCREMENT,
  `group_id` int NOT NULL,
  `permission_id` int NOT NULL,
  PRIMARY KEY (`id`),
  UNIQUE KEY `auth_group_permissions_group_id_permission_id_0cd325b0_uniq` (`group_id`,`permission_id`),
  KEY `auth_group_permissio_permission_id_84c5c92e_fk_auth_perm` (`permission_id`),
  CONSTRAINT `auth_group_permissio_permission_id_84c5c92e_fk_auth_perm` FOREIGN KEY (`permission_id`) REFERENCES `auth_permission` (`id`),
  CONSTRAINT `auth_group_permissions_group_id_b120cbf9_fk_auth_group_id` FOREIGN KEY (`group_id`) REFERENCES `auth_group` (`id`)
) ENGINE=InnoDB DEFAULT CHARSET=latin1;
/*!40101 SET character_set_client = @saved_cs_client */;

--
-- Dumping data for table `auth_group_permissions`
--

LOCK TABLES `auth_group_permissions` WRITE;
/*!40000 ALTER TABLE `auth_group_permissions` DISABLE KEYS */;
/*!40000 ALTER TABLE `auth_group_permissions` ENABLE KEYS */;
UNLOCK TABLES;

--
-- Table structure for table `auth_permission`
--

DROP TABLE IF EXISTS `auth_permission`;
/*!40101 SET @saved_cs_client     = @@character_set_client */;
/*!50503 SET character_set_client = utf8mb4 */;
CREATE TABLE `auth_permission` (
  `id` int NOT NULL AUTO_INCREMENT,
  `name` varchar(255) NOT NULL,
  `content_type_id` int NOT NULL,
  `codename` varchar(100) NOT NULL,
  PRIMARY KEY (`id`),
  UNIQUE KEY `auth_permission_content_type_id_codename_01ab375a_uniq` (`content_type_id`,`codename`),
  CONSTRAINT `auth_permission_content_type_id_2f476e4b_fk_django_co` FOREIGN KEY (`content_type_id`) REFERENCES `django_content_type` (`id`)
) ENGINE=InnoDB AUTO_INCREMENT=25 DEFAULT CHARSET=latin1;
/*!40101 SET character_set_client = @saved_cs_client */;

--
-- Dumping data for table `auth_permission`
--

LOCK TABLES `auth_permission` WRITE;
/*!40000 ALTER TABLE `auth_permission` DISABLE KEYS */;
INSERT INTO `auth_permission` VALUES (1,'Can add log entry',1,'add_logentry'),(2,'Can change log entry',1,'change_logentry'),(3,'Can delete log entry',1,'delete_logentry'),(4,'Can view log entry',1,'view_logentry'),(5,'Can add permission',2,'add_permission'),(6,'Can change permission',2,'change_permission'),(7,'Can delete permission',2,'delete_permission'),(8,'Can view permission',2,'view_permission'),(9,'Can add group',3,'add_group'),(10,'Can change group',3,'change_group'),(11,'Can delete group',3,'delete_group'),(12,'Can view group',3,'view_group'),(13,'Can add user',4,'add_user'),(14,'Can change user',4,'change_user'),(15,'Can delete user',4,'delete_user'),(16,'Can view user',4,'view_user'),(17,'Can add content type',5,'add_contenttype'),(18,'Can change content type',5,'change_contenttype'),(19,'Can delete content type',5,'delete_contenttype'),(20,'Can view content type',5,'view_contenttype'),(21,'Can add session',6,'add_session'),(22,'Can change session',6,'change_session'),(23,'Can delete session',6,'delete_session'),(24,'Can view session',6,'view_session');
/*!40000 ALTER TABLE `auth_permission` ENABLE KEYS */;
UNLOCK TABLES;

--
-- Table structure for table `auth_user`
--

DROP TABLE IF EXISTS `auth_user`;
/*!40101 SET @saved_cs_client     = @@character_set_client */;
/*!50503 SET character_set_client = utf8mb4 */;
CREATE TABLE `auth_user` (
  `id` int NOT NULL AUTO_INCREMENT,
  `password` varchar(128) NOT NULL,
  `last_login` datetime(6) DEFAULT NULL,
  `is_superuser` tinyint(1) NOT NULL,
  `username` varchar(150) NOT NULL,
  `first_name` varchar(30) NOT NULL,
  `last_name` varchar(150) NOT NULL,
  `email` varchar(254) NOT NULL,
  `is_staff` tinyint(1) NOT NULL,
  `is_active` tinyint(1) NOT NULL,
  `date_joined` datetime(6) NOT NULL,
  PRIMARY KEY (`id`),
  UNIQUE KEY `username` (`username`)
) ENGINE=InnoDB AUTO_INCREMENT=2 DEFAULT CHARSET=latin1;
/*!40101 SET character_set_client = @saved_cs_client */;

--
-- Dumping data for table `auth_user`
--

LOCK TABLES `auth_user` WRITE;
/*!40000 ALTER TABLE `auth_user` DISABLE KEYS */;
INSERT INTO `auth_user` VALUES (1,'pbkdf2_sha256$120000$t1PV0MeFrM2P$mdFVt5O/PMrM6U6PP4ei7LDjVNuN0OJi97bq+oRxpQg=','2020-10-19 22:21:14.385392',0,'kgayke','','','k2gaike@gmail.com',0,1,'2020-10-19 22:21:13.589791');
/*!40000 ALTER TABLE `auth_user` ENABLE KEYS */;
UNLOCK TABLES;

--
-- Table structure for table `auth_user_groups`
--

DROP TABLE IF EXISTS `auth_user_groups`;
/*!40101 SET @saved_cs_client     = @@character_set_client */;
/*!50503 SET character_set_client = utf8mb4 */;
CREATE TABLE `auth_user_groups` (
  `id` int NOT NULL AUTO_INCREMENT,
  `user_id` int NOT NULL,
  `group_id` int NOT NULL,
  PRIMARY KEY (`id`),
  UNIQUE KEY `auth_user_groups_user_id_group_id_94350c0c_uniq` (`user_id`,`group_id`),
  KEY `auth_user_groups_group_id_97559544_fk_auth_group_id` (`group_id`),
  CONSTRAINT `auth_user_groups_group_id_97559544_fk_auth_group_id` FOREIGN KEY (`group_id`) REFERENCES `auth_group` (`id`),
  CONSTRAINT `auth_user_groups_user_id_6a12ed8b_fk_auth_user_id` FOREIGN KEY (`user_id`) REFERENCES `auth_user` (`id`)
) ENGINE=InnoDB DEFAULT CHARSET=latin1;
/*!40101 SET character_set_client = @saved_cs_client */;

--
-- Dumping data for table `auth_user_groups`
--

LOCK TABLES `auth_user_groups` WRITE;
/*!40000 ALTER TABLE `auth_user_groups` DISABLE KEYS */;
/*!40000 ALTER TABLE `auth_user_groups` ENABLE KEYS */;
UNLOCK TABLES;

--
-- Table structure for table `auth_user_user_permissions`
--

DROP TABLE IF EXISTS `auth_user_user_permissions`;
/*!40101 SET @saved_cs_client     = @@character_set_client */;
/*!50503 SET character_set_client = utf8mb4 */;
CREATE TABLE `auth_user_user_permissions` (
  `id` int NOT NULL AUTO_INCREMENT,
  `user_id` int NOT NULL,
  `permission_id` int NOT NULL,
  PRIMARY KEY (`id`),
  UNIQUE KEY `auth_user_user_permissions_user_id_permission_id_14a6b632_uniq` (`user_id`,`permission_id`),
  KEY `auth_user_user_permi_permission_id_1fbb5f2c_fk_auth_perm` (`permission_id`),
  CONSTRAINT `auth_user_user_permi_permission_id_1fbb5f2c_fk_auth_perm` FOREIGN KEY (`permission_id`) REFERENCES `auth_permission` (`id`),
  CONSTRAINT `auth_user_user_permissions_user_id_a95ead1b_fk_auth_user_id` FOREIGN KEY (`user_id`) REFERENCES `auth_user` (`id`)
) ENGINE=InnoDB DEFAULT CHARSET=latin1;
/*!40101 SET character_set_client = @saved_cs_client */;

--
-- Dumping data for table `auth_user_user_permissions`
--

LOCK TABLES `auth_user_user_permissions` WRITE;
/*!40000 ALTER TABLE `auth_user_user_permissions` DISABLE KEYS */;
/*!40000 ALTER TABLE `auth_user_user_permissions` ENABLE KEYS */;
UNLOCK TABLES;

--
-- Table structure for table `careerpath`
--

DROP TABLE IF EXISTS `careerpath`;
/*!40101 SET @saved_cs_client     = @@character_set_client */;
/*!50503 SET character_set_client = utf8mb4 */;
CREATE TABLE `careerpath` (
  `careerPathID` char(4) NOT NULL,
  `careerPathName` varchar(50) DEFAULT NULL,
  PRIMARY KEY (`careerPathID`)
) ENGINE=InnoDB DEFAULT CHARSET=latin1;
/*!40101 SET character_set_client = @saved_cs_client */;

--
-- Dumping data for table `careerpath`
--

LOCK TABLES `careerpath` WRITE;
/*!40000 ALTER TABLE `careerpath` DISABLE KEYS */;
INSERT INTO `careerpath` VALUES ('C100','Data Analyst');
/*!40000 ALTER TABLE `careerpath` ENABLE KEYS */;
UNLOCK TABLES;

--
-- Table structure for table `django_admin_log`
--

DROP TABLE IF EXISTS `django_admin_log`;
/*!40101 SET @saved_cs_client     = @@character_set_client */;
/*!50503 SET character_set_client = utf8mb4 */;
CREATE TABLE `django_admin_log` (
  `id` int NOT NULL AUTO_INCREMENT,
  `action_time` datetime(6) NOT NULL,
  `object_id` longtext,
  `object_repr` varchar(200) NOT NULL,
  `action_flag` smallint unsigned NOT NULL,
  `change_message` longtext NOT NULL,
  `content_type_id` int DEFAULT NULL,
  `user_id` int NOT NULL,
  PRIMARY KEY (`id`),
  KEY `django_admin_log_content_type_id_c4bce8eb_fk_django_co` (`content_type_id`),
  KEY `django_admin_log_user_id_c564eba6_fk_auth_user_id` (`user_id`),
  CONSTRAINT `django_admin_log_content_type_id_c4bce8eb_fk_django_co` FOREIGN KEY (`content_type_id`) REFERENCES `django_content_type` (`id`),
  CONSTRAINT `django_admin_log_user_id_c564eba6_fk_auth_user_id` FOREIGN KEY (`user_id`) REFERENCES `auth_user` (`id`)
) ENGINE=InnoDB DEFAULT CHARSET=latin1;
/*!40101 SET character_set_client = @saved_cs_client */;

--
-- Dumping data for table `django_admin_log`
--

LOCK TABLES `django_admin_log` WRITE;
/*!40000 ALTER TABLE `django_admin_log` DISABLE KEYS */;
/*!40000 ALTER TABLE `django_admin_log` ENABLE KEYS */;
UNLOCK TABLES;

--
-- Table structure for table `django_content_type`
--

DROP TABLE IF EXISTS `django_content_type`;
/*!40101 SET @saved_cs_client     = @@character_set_client */;
/*!50503 SET character_set_client = utf8mb4 */;
CREATE TABLE `django_content_type` (
  `id` int NOT NULL AUTO_INCREMENT,
  `app_label` varchar(100) NOT NULL,
  `model` varchar(100) NOT NULL,
  PRIMARY KEY (`id`),
  UNIQUE KEY `django_content_type_app_label_model_76bd3d3b_uniq` (`app_label`,`model`)
) ENGINE=InnoDB AUTO_INCREMENT=7 DEFAULT CHARSET=latin1;
/*!40101 SET character_set_client = @saved_cs_client */;

--
-- Dumping data for table `django_content_type`
--

LOCK TABLES `django_content_type` WRITE;
/*!40000 ALTER TABLE `django_content_type` DISABLE KEYS */;
INSERT INTO `django_content_type` VALUES (1,'admin','logentry'),(3,'auth','group'),(2,'auth','permission'),(4,'auth','user'),(5,'contenttypes','contenttype'),(6,'sessions','session');
/*!40000 ALTER TABLE `django_content_type` ENABLE KEYS */;
UNLOCK TABLES;

--
-- Table structure for table `django_migrations`
--

DROP TABLE IF EXISTS `django_migrations`;
/*!40101 SET @saved_cs_client     = @@character_set_client */;
/*!50503 SET character_set_client = utf8mb4 */;
CREATE TABLE `django_migrations` (
  `id` int NOT NULL AUTO_INCREMENT,
  `app` varchar(255) NOT NULL,
  `name` varchar(255) NOT NULL,
  `applied` datetime(6) NOT NULL,
  PRIMARY KEY (`id`)
) ENGINE=InnoDB AUTO_INCREMENT=16 DEFAULT CHARSET=latin1;
/*!40101 SET character_set_client = @saved_cs_client */;

--
-- Dumping data for table `django_migrations`
--

LOCK TABLES `django_migrations` WRITE;
/*!40000 ALTER TABLE `django_migrations` DISABLE KEYS */;
INSERT INTO `django_migrations` VALUES (1,'contenttypes','0001_initial','2020-03-09 23:45:06.538733'),(2,'auth','0001_initial','2020-03-09 23:45:10.018233'),(3,'admin','0001_initial','2020-03-09 23:45:11.118233'),(4,'admin','0002_logentry_remove_auto_add','2020-03-09 23:45:11.139233'),(5,'admin','0003_logentry_add_action_flag_choices','2020-03-09 23:45:11.169233'),(6,'contenttypes','0002_remove_content_type_name','2020-03-09 23:45:11.498233'),(7,'auth','0002_alter_permission_name_max_length','2020-03-09 23:45:11.539233'),(8,'auth','0003_alter_user_email_max_length','2020-03-09 23:45:11.619233'),(9,'auth','0004_alter_user_username_opts','2020-03-09 23:45:11.629233'),(10,'auth','0005_alter_user_last_login_null','2020-03-09 23:45:11.770233'),(11,'auth','0006_require_contenttypes_0002','2020-03-09 23:45:11.810233'),(12,'auth','0007_alter_validators_add_error_messages','2020-03-09 23:45:11.820233'),(13,'auth','0008_alter_user_username_max_length','2020-03-09 23:45:11.831233'),(14,'auth','0009_alter_user_last_name_max_length','2020-03-09 23:45:11.949233'),(15,'sessions','0001_initial','2020-03-09 23:45:12.140233');
/*!40000 ALTER TABLE `django_migrations` ENABLE KEYS */;
UNLOCK TABLES;

--
-- Table structure for table `django_session`
--

DROP TABLE IF EXISTS `django_session`;
/*!40101 SET @saved_cs_client     = @@character_set_client */;
/*!50503 SET character_set_client = utf8mb4 */;
CREATE TABLE `django_session` (
  `session_key` varchar(40) NOT NULL,
  `session_data` longtext NOT NULL,
  `expire_date` datetime(6) NOT NULL,
  PRIMARY KEY (`session_key`),
  KEY `django_session_expire_date_a5c62663` (`expire_date`)
) ENGINE=InnoDB DEFAULT CHARSET=latin1;
/*!40101 SET character_set_client = @saved_cs_client */;

--
-- Dumping data for table `django_session`
--

LOCK TABLES `django_session` WRITE;
/*!40000 ALTER TABLE `django_session` DISABLE KEYS */;
INSERT INTO `django_session` VALUES ('tyl1c5xdi2x8x2jwg76rgv4m7k8zrh9f','Y2FhMTEwYWE3NTdhZjlkMTFkYzhlMDM0OGM4NTU4YzVjZGQwZDM0Njp7Il9hdXRoX3VzZXJfaWQiOiIxIiwiX2F1dGhfdXNlcl9iYWNrZW5kIjoiZGphbmdvLmNvbnRyaWIuYXV0aC5iYWNrZW5kcy5Nb2RlbEJhY2tlbmQiLCJfYXV0aF91c2VyX2hhc2giOiJmMzIyNjA4ZWY3OTQ5MWYwMTUwOGMyMDFlMDIzZmRjNjI3MTU4N2IzIn0=','2020-11-02 22:21:14.400992');
/*!40000 ALTER TABLE `django_session` ENABLE KEYS */;
UNLOCK TABLES;

--
-- Table structure for table `initialgoalparameter`
--

DROP TABLE IF EXISTS `initialgoalparameter`;
/*!40101 SET @saved_cs_client     = @@character_set_client */;
/*!50503 SET character_set_client = utf8mb4 */;
CREATE TABLE `initialgoalparameter` (
  `transactionID` bigint NOT NULL,
  `iorg` varchar(10) NOT NULL,
  `parameterID` varchar(10) NOT NULL,
  PRIMARY KEY (`transactionID`,`iorg`,`parameterID`),
  KEY `knowledgeID` (`parameterID`),
  CONSTRAINT `initialgoalparameter_ibfk_1` FOREIGN KEY (`parameterID`) REFERENCES `parameterlist` (`parameterID`)
) ENGINE=InnoDB DEFAULT CHARSET=latin1;
/*!40101 SET character_set_client = @saved_cs_client */;

--
-- Dumping data for table `initialgoalparameter`
--

LOCK TABLES `initialgoalparameter` WRITE;
/*!40000 ALTER TABLE `initialgoalparameter` DISABLE KEYS */;
INSERT INTO `initialgoalparameter` VALUES (4,'I','p1'),(5,'G','p1'),(8,'I','p1'),(9,'I','p1'),(11,'G','p1'),(12,'G','p1'),(14,'G','p1'),(15,'G','p1'),(17,'G','p1'),(18,'I','p1'),(19,'G','p1'),(21,'G','p1'),(23,'I','p1'),(27,'G','p1'),(29,'I','p1'),(30,'G','p1'),(1,'G','p10'),(2,'G','p10'),(4,'I','p10'),(5,'G','p10'),(6,'I','p10'),(7,'G','p10'),(8,'G','p10'),(10,'I','p10'),(12,'G','p10'),(13,'I','p10'),(14,'G','p10'),(15,'G','p10'),(16,'G','p10'),(17,'G','p10'),(19,'G','p10'),(20,'G','p10'),(21,'I','p10'),(22,'G','p10'),(24,'G','p10'),(25,'I','p10'),(26,'G','p10'),(28,'G','p10'),(2,'G','p11'),(3,'I','p11'),(6,'G','p11'),(10,'I','p11'),(11,'G','p11'),(15,'I','p11'),(16,'I','p11'),(20,'I','p11'),(22,'I','p11'),(24,'I','p11'),(25,'G','p11'),(26,'G','p11'),(27,'I','p11'),(28,'I','p11'),(29,'I','p11'),(1,'G','p12'),(2,'G','p12'),(3,'G','p12'),(5,'G','p12'),(6,'I','p12'),(14,'G','p12'),(15,'G','p12'),(17,'I','p12'),(18,'I','p12'),(20,'G','p12'),(21,'G','p12'),(22,'G','p12'),(23,'G','p12'),(27,'G','p12'),(29,'G','p12'),(30,'I','p12'),(1,'I','p13'),(4,'G','p13'),(5,'I','p13'),(9,'G','p13'),(10,'G','p13'),(12,'I','p13'),(14,'G','p13'),(15,'G','p13'),(17,'I','p13'),(19,'I','p13'),(20,'G','p13'),(21,'G','p13'),(23,'G','p13'),(24,'G','p13'),(25,'I','p13'),(28,'G','p13'),(6,'G','p14'),(7,'G','p14'),(8,'G','p14'),(9,'G','p14'),(10,'I','p14'),(14,'I','p14'),(15,'I','p14'),(18,'G','p14'),(22,'I','p14'),(24,'G','p14'),(26,'I','p14'),(27,'G','p14'),(28,'I','p14'),(30,'G','p14'),(3,'G','p15'),(7,'I','p15'),(9,'I','p15'),(10,'G','p15'),(12,'G','p15'),(14,'G','p15'),(15,'G','p15'),(16,'I','p15'),(21,'G','p15'),(26,'I','p15'),(30,'G','p15'),(1,'G','p16'),(2,'I','p16'),(3,'I','p16'),(4,'I','p16'),(5,'G','p16'),(7,'I','p16'),(8,'G','p16'),(9,'G','p16'),(12,'G','p16'),(14,'G','p16'),(18,'G','p16'),(19,'G','p16'),(20,'I','p16'),(22,'G','p16'),(24,'G','p16'),(25,'G','p16'),(26,'G','p16'),(27,'I','p16'),(29,'I','p16'),(1,'I','p17'),(3,'G','p17'),(4,'I','p17'),(6,'I','p17'),(7,'G','p17'),(8,'G','p17'),(11,'I','p17'),(12,'I','p17'),(13,'I','p17'),(15,'G','p17'),(18,'G','p17'),(19,'I','p17'),(23,'G','p17'),(24,'G','p17'),(25,'G','p17'),(27,'I','p17'),(28,'I','p17'),(29,'G','p17'),(30,'G','p17'),(2,'G','p18'),(3,'G','p18'),(4,'G','p18'),(5,'I','p18'),(6,'G','p18'),(7,'G','p18'),(9,'G','p18'),(11,'I','p18'),(12,'I','p18'),(13,'I','p18'),(14,'I','p18'),(16,'G','p18'),(17,'I','p18'),(19,'G','p18'),(20,'I','p18'),(23,'I','p18'),(26,'I','p18'),(27,'I','p18'),(30,'G','p18'),(2,'I','p19'),(5,'G','p19'),(9,'I','p19'),(10,'I','p19'),(13,'G','p19'),(15,'I','p19'),(16,'I','p19'),(21,'I','p19'),(23,'G','p19'),(25,'G','p19'),(30,'G','p19'),(1,'G','p2'),(2,'I','p2'),(3,'G','p2'),(4,'G','p2'),(5,'I','p2'),(7,'I','p2'),(8,'I','p2'),(10,'G','p2'),(12,'G','p2'),(13,'G','p2'),(14,'I','p2'),(17,'G','p2'),(18,'G','p2'),(19,'G','p2'),(20,'G','p2'),(23,'I','p2'),(25,'I','p2'),(26,'I','p2'),(28,'G','p2'),(29,'G','p2'),(3,'I','p20'),(5,'I','p20'),(6,'I','p20'),(9,'G','p20'),(11,'G','p20'),(16,'G','p20'),(17,'G','p20'),(22,'G','p20'),(24,'I','p20'),(25,'G','p20'),(28,'I','p20'),(2,'G','p3'),(3,'G','p3'),(6,'G','p3'),(8,'I','p3'),(9,'G','p3'),(11,'G','p3'),(16,'G','p3'),(17,'G','p3'),(20,'G','p3'),(21,'I','p3'),(23,'G','p3'),(24,'I','p3'),(27,'G','p3'),(28,'G','p3'),(29,'G','p3'),(4,'G','p4'),(6,'G','p4'),(10,'G','p4'),(11,'I','p4'),(13,'G','p4'),(18,'G','p4'),(19,'I','p4'),(21,'G','p4'),(22,'G','p4'),(26,'G','p4'),(28,'G','p4'),(29,'G','p4'),(30,'I','p4'),(1,'G','p5'),(2,'G','p5'),(4,'G','p5'),(6,'G','p5'),(11,'G','p5'),(13,'G','p5'),(18,'G','p5'),(19,'G','p5'),(20,'G','p5'),(24,'G','p5'),(25,'I','p5'),(26,'G','p5'),(29,'I','p5'),(30,'I','p5'),(1,'I','p6'),(7,'G','p6'),(8,'I','p6'),(11,'G','p6'),(12,'I','p6'),(13,'G','p6'),(15,'I','p6'),(16,'G','p6'),(17,'I','p6'),(22,'I','p6'),(23,'I','p6'),(1,'G','p7'),(3,'I','p7'),(7,'I','p7'),(8,'G','p7'),(9,'I','p7'),(10,'G','p7'),(16,'I','p7'),(17,'G','p7'),(19,'I','p7'),(21,'G','p7'),(22,'I','p7'),(26,'G','p7'),(27,'G','p7'),(28,'G','p7'),(30,'I','p7'),(1,'I','p8'),(7,'G','p8'),(8,'G','p8'),(10,'G','p8'),(11,'I','p8'),(12,'G','p8'),(13,'I','p8'),(14,'I','p8'),(16,'G','p8'),(18,'I','p8'),(20,'I','p8'),(21,'I','p8'),(23,'G','p8'),(24,'I','p8'),(25,'G','p8'),(27,'G','p8'),(2,'I','p9'),(4,'G','p9'),(5,'G','p9'),(13,'G','p9'),(18,'I','p9'),(22,'G','p9'),(29,'G','p9');
/*!40000 ALTER TABLE `initialgoalparameter` ENABLE KEYS */;
UNLOCK TABLES;

--
-- Table structure for table `inputparameter`
--

DROP TABLE IF EXISTS `inputparameter`;
/*!40101 SET @saved_cs_client     = @@character_set_client */;
/*!50503 SET character_set_client = utf8mb4 */;
CREATE TABLE `inputparameter` (
  `webServiceID` varchar(10) NOT NULL,
  `parameterID` varchar(10) NOT NULL,
  PRIMARY KEY (`webServiceID`,`parameterID`),
  KEY `knowledgeID` (`parameterID`)
) ENGINE=InnoDB DEFAULT CHARSET=latin1;
/*!40101 SET character_set_client = @saved_cs_client */;

--
-- Dumping data for table `inputparameter`
--

LOCK TABLES `inputparameter` WRITE;
/*!40000 ALTER TABLE `inputparameter` DISABLE KEYS */;
INSERT INTO `inputparameter` VALUES ('WSS101','p1'),('WSS106','p1'),('WSS107','p1'),('WSS115','p1'),('WSS125','p1'),('WSS158','p1'),('WSS168','p1'),('WSS184','p1'),('WSS204','p1'),('WSS210','p1'),('WSS216','p1'),('WSS228','p1'),('WSS233','p1'),('WSS24','p1'),('WSS251','p1'),('WSS284','p1'),('WSS289','p1'),('WSS318','p1'),('WSS323','p1'),('WSS328','p1'),('WSS336','p1'),('WSS339','p1'),('WSS35','p1'),('WSS37','p1'),('WSS395','p1'),('WSS397','p1'),('WSS421','p1'),('WSS446','p1'),('WSS45','p1'),('WSS450','p1'),('WSS470','p1'),('WSS473','p1'),('WSS474','p1'),('WSS508','p1'),('WSS526','p1'),('WSS542','p1'),('WSS546','p1'),('WSS560','p1'),('WSS58','p1'),('WSS599','p1'),('WSS60','p1'),('WSS600','p1'),('WSS67','p1'),('WSS71','p1'),('WSS78','p1'),('WSS8','p1'),('WSS87','p1'),('WSS105','p10'),('WSS131','p10'),('WSS145','p10'),('WSS148','p10'),('WSS149','p10'),('WSS152','p10'),('WSS174','p10'),('WSS180','p10'),('WSS198','p10'),('WSS20','p10'),('WSS205','p10'),('WSS22','p10'),('WSS223','p10'),('WSS228','p10'),('WSS242','p10'),('WSS249','p10'),('WSS258','p10'),('WSS260','p10'),('WSS264','p10'),('WSS266','p10'),('WSS27','p10'),('WSS277','p10'),('WSS292','p10'),('WSS303','p10'),('WSS309','p10'),('WSS316','p10'),('WSS330','p10'),('WSS360','p10'),('WSS365','p10'),('WSS385','p10'),('WSS39','p10'),('WSS390','p10'),('WSS404','p10'),('WSS41','p10'),('WSS431','p10'),('WSS442','p10'),('WSS446','p10'),('WSS452','p10'),('WSS453','p10'),('WSS460','p10'),('WSS466','p10'),('WSS481','p10'),('WSS484','p10'),('WSS491','p10'),('WSS522','p10'),('WSS523','p10'),('WSS552','p10'),('WSS580','p10'),('WSS585','p10'),('WSS587','p10'),('WSS594','p10'),('WSS63','p10'),('WSS73','p10'),('WSS86','p10'),('WSS92','p10'),('WSS95','p10'),('WSS114','p11'),('WSS123','p11'),('WSS126','p11'),('WSS129','p11'),('WSS134','p11'),('WSS151','p11'),('WSS154','p11'),('WSS160','p11'),('WSS164','p11'),('WSS175','p11'),('WSS176','p11'),('WSS182','p11'),('WSS191','p11'),('WSS193','p11'),('WSS213','p11'),('WSS23','p11'),('WSS240','p11'),('WSS246','p11'),('WSS274','p11'),('WSS275','p11'),('WSS294','p11'),('WSS31','p11'),('WSS315','p11'),('WSS337','p11'),('WSS347','p11'),('WSS351','p11'),('WSS354','p11'),('WSS357','p11'),('WSS359','p11'),('WSS37','p11'),('WSS375','p11'),('WSS385','p11'),('WSS394','p11'),('WSS429','p11'),('WSS44','p11'),('WSS447','p11'),('WSS453','p11'),('WSS456','p11'),('WSS46','p11'),('WSS469','p11'),('WSS472','p11'),('WSS483','p11'),('WSS488','p11'),('WSS497','p11'),('WSS518','p11'),('WSS531','p11'),('WSS533','p11'),('WSS546','p11'),('WSS562','p11'),('WSS565','p11'),('WSS576','p11'),('WSS72','p11'),('WSS100','p12'),('WSS11','p12'),('WSS12','p12'),('WSS124','p12'),('WSS126','p12'),('WSS137','p12'),('WSS18','p12'),('WSS197','p12'),('WSS199','p12'),('WSS21','p12'),('WSS212','p12'),('WSS215','p12'),('WSS219','p12'),('WSS22','p12'),('WSS226','p12'),('WSS234','p12'),('WSS241','p12'),('WSS255','p12'),('WSS267','p12'),('WSS27','p12'),('WSS283','p12'),('WSS290','p12'),('WSS291','p12'),('WSS298','p12'),('WSS313','p12'),('WSS325','p12'),('WSS327','p12'),('WSS343','p12'),('WSS370','p12'),('WSS38','p12'),('WSS381','p12'),('WSS383','p12'),('WSS389','p12'),('WSS40','p12'),('WSS410','p12'),('WSS468','p12'),('WSS470','p12'),('WSS490','p12'),('WSS493','p12'),('WSS496','p12'),('WSS504','p12'),('WSS511','p12'),('WSS522','p12'),('WSS525','p12'),('WSS536','p12'),('WSS543','p12'),('WSS545','p12'),('WSS548','p12'),('WSS555','p12'),('WSS558','p12'),('WSS585','p12'),('WSS586','p12'),('WSS588','p12'),('WSS59','p12'),('WSS591','p12'),('WSS593','p12'),('WSS85','p12'),('WSS94','p12'),('WSS99','p12'),('WSS102','p13'),('WSS119','p13'),('WSS121','p13'),('WSS127','p13'),('WSS145','p13'),('WSS148','p13'),('WSS149','p13'),('WSS165','p13'),('WSS187','p13'),('WSS188','p13'),('WSS190','p13'),('WSS194','p13'),('WSS213','p13'),('WSS226','p13'),('WSS239','p13'),('WSS248','p13'),('WSS261','p13'),('WSS273','p13'),('WSS28','p13'),('WSS29','p13'),('WSS290','p13'),('WSS296','p13'),('WSS312','p13'),('WSS316','p13'),('WSS330','p13'),('WSS339','p13'),('WSS34','p13'),('WSS340','p13'),('WSS344','p13'),('WSS348','p13'),('WSS363','p13'),('WSS364','p13'),('WSS367','p13'),('WSS377','p13'),('WSS41','p13'),('WSS412','p13'),('WSS415','p13'),('WSS424','p13'),('WSS434','p13'),('WSS441','p13'),('WSS45','p13'),('WSS459','p13'),('WSS462','p13'),('WSS464','p13'),('WSS471','p13'),('WSS473','p13'),('WSS484','p13'),('WSS485','p13'),('WSS515','p13'),('WSS538','p13'),('WSS539','p13'),('WSS565','p13'),('WSS572','p13'),('WSS599','p13'),('WSS75','p13'),('WSS77','p13'),('WSS78','p13'),('WSS9','p13'),('WSS95','p13'),('WSS97','p13'),('WSS112','p14'),('WSS118','p14'),('WSS122','p14'),('WSS136','p14'),('WSS142','p14'),('WSS17','p14'),('WSS170','p14'),('WSS171','p14'),('WSS172','p14'),('WSS182','p14'),('WSS185','p14'),('WSS192','p14'),('WSS194','p14'),('WSS209','p14'),('WSS217','p14'),('WSS223','p14'),('WSS230','p14'),('WSS243','p14'),('WSS267','p14'),('WSS272','p14'),('WSS292','p14'),('WSS297','p14'),('WSS311','p14'),('WSS328','p14'),('WSS332','p14'),('WSS333','p14'),('WSS338','p14'),('WSS341','p14'),('WSS343','p14'),('WSS393','p14'),('WSS394','p14'),('WSS398','p14'),('WSS404','p14'),('WSS405','p14'),('WSS415','p14'),('WSS43','p14'),('WSS430','p14'),('WSS450','p14'),('WSS457','p14'),('WSS465','p14'),('WSS47','p14'),('WSS477','p14'),('WSS483','p14'),('WSS489','p14'),('WSS502','p14'),('WSS505','p14'),('WSS507','p14'),('WSS509','p14'),('WSS516','p14'),('WSS52','p14'),('WSS521','p14'),('WSS523','p14'),('WSS524','p14'),('WSS527','p14'),('WSS528','p14'),('WSS541','p14'),('WSS543','p14'),('WSS560','p14'),('WSS567','p14'),('WSS569','p14'),('WSS57','p14'),('WSS570','p14'),('WSS571','p14'),('WSS58','p14'),('WSS59','p14'),('WSS82','p14'),('WSS84','p14'),('WSS101','p15'),('WSS132','p15'),('WSS140','p15'),('WSS162','p15'),('WSS166','p15'),('WSS175','p15'),('WSS189','p15'),('WSS201','p15'),('WSS215','p15'),('WSS218','p15'),('WSS222','p15'),('WSS236','p15'),('WSS242','p15'),('WSS244','p15'),('WSS248','p15'),('WSS251','p15'),('WSS255','p15'),('WSS265','p15'),('WSS279','p15'),('WSS293','p15'),('WSS315','p15'),('WSS336','p15'),('WSS351','p15'),('WSS358','p15'),('WSS370','p15'),('WSS391','p15'),('WSS398','p15'),('WSS423','p15'),('WSS43','p15'),('WSS435','p15'),('WSS439','p15'),('WSS440','p15'),('WSS467','p15'),('WSS47','p15'),('WSS49','p15'),('WSS497','p15'),('WSS501','p15'),('WSS51','p15'),('WSS521','p15'),('WSS53','p15'),('WSS540','p15'),('WSS548','p15'),('WSS554','p15'),('WSS559','p15'),('WSS574','p15'),('WSS60','p15'),('WSS7','p15'),('WSS83','p15'),('WSS104','p16'),('WSS105','p16'),('WSS11','p16'),('WSS130','p16'),('WSS138','p16'),('WSS164','p16'),('WSS167','p16'),('WSS172','p16'),('WSS179','p16'),('WSS181','p16'),('WSS211','p16'),('WSS217','p16'),('WSS220','p16'),('WSS221','p16'),('WSS26','p16'),('WSS260','p16'),('WSS262','p16'),('WSS266','p16'),('WSS274','p16'),('WSS275','p16'),('WSS278','p16'),('WSS282','p16'),('WSS297','p16'),('WSS321','p16'),('WSS332','p16'),('WSS333','p16'),('WSS346','p16'),('WSS347','p16'),('WSS361','p16'),('WSS366','p16'),('WSS373','p16'),('WSS376','p16'),('WSS379','p16'),('WSS383','p16'),('WSS4','p16'),('WSS400','p16'),('WSS403','p16'),('WSS407','p16'),('WSS418','p16'),('WSS429','p16'),('WSS439','p16'),('WSS444','p16'),('WSS451','p16'),('WSS454','p16'),('WSS472','p16'),('WSS476','p16'),('WSS48','p16'),('WSS487','p16'),('WSS488','p16'),('WSS500','p16'),('WSS504','p16'),('WSS506','p16'),('WSS520','p16'),('WSS530','p16'),('WSS532','p16'),('WSS544','p16'),('WSS545','p16'),('WSS547','p16'),('WSS551','p16'),('WSS557','p16'),('WSS577','p16'),('WSS80','p16'),('WSS96','p16'),('WSS115','p17'),('WSS116','p17'),('WSS120','p17'),('WSS130','p17'),('WSS139','p17'),('WSS155','p17'),('WSS159','p17'),('WSS160','p17'),('WSS167','p17'),('WSS189','p17'),('WSS192','p17'),('WSS193','p17'),('WSS197','p17'),('WSS224','p17'),('WSS234','p17'),('WSS247','p17'),('WSS250','p17'),('WSS259','p17'),('WSS26','p17'),('WSS271','p17'),('WSS273','p17'),('WSS299','p17'),('WSS3','p17'),('WSS300','p17'),('WSS302','p17'),('WSS307','p17'),('WSS308','p17'),('WSS314','p17'),('WSS324','p17'),('WSS329','p17'),('WSS342','p17'),('WSS345','p17'),('WSS349','p17'),('WSS350','p17'),('WSS352','p17'),('WSS354','p17'),('WSS355','p17'),('WSS362','p17'),('WSS367','p17'),('WSS371','p17'),('WSS374','p17'),('WSS381','p17'),('WSS400','p17'),('WSS409','p17'),('WSS411','p17'),('WSS417','p17'),('WSS422','p17'),('WSS432','p17'),('WSS435','p17'),('WSS454','p17'),('WSS458','p17'),('WSS468','p17'),('WSS479','p17'),('WSS481','p17'),('WSS50','p17'),('WSS511','p17'),('WSS532','p17'),('WSS537','p17'),('WSS541','p17'),('WSS542','p17'),('WSS550','p17'),('WSS571','p17'),('WSS72','p17'),('WSS81','p17'),('WSS89','p17'),('WSS90','p17'),('WSS91','p17'),('WSS111','p18'),('WSS116','p18'),('WSS120','p18'),('WSS122','p18'),('WSS128','p18'),('WSS144','p18'),('WSS155','p18'),('WSS16','p18'),('WSS168','p18'),('WSS18','p18'),('WSS198','p18'),('WSS202','p18'),('WSS209','p18'),('WSS210','p18'),('WSS216','p18'),('WSS227','p18'),('WSS240','p18'),('WSS25','p18'),('WSS284','p18'),('WSS291','p18'),('WSS295','p18'),('WSS298','p18'),('WSS301','p18'),('WSS302','p18'),('WSS321','p18'),('WSS352','p18'),('WSS371','p18'),('WSS378','p18'),('WSS406','p18'),('WSS412','p18'),('WSS414','p18'),('WSS426','p18'),('WSS430','p18'),('WSS448','p18'),('WSS466','p18'),('WSS469','p18'),('WSS505','p18'),('WSS506','p18'),('WSS507','p18'),('WSS514','p18'),('WSS524','p18'),('WSS534','p18'),('WSS538','p18'),('WSS561','p18'),('WSS564','p18'),('WSS566','p18'),('WSS576','p18'),('WSS582','p18'),('WSS590','p18'),('WSS62','p18'),('WSS65','p18'),('WSS67','p18'),('WSS68','p18'),('WSS69','p18'),('WSS70','p18'),('WSS71','p18'),('WSS75','p18'),('WSS10','p19'),('WSS108','p19'),('WSS114','p19'),('WSS134','p19'),('WSS136','p19'),('WSS14','p19'),('WSS146','p19'),('WSS161','p19'),('WSS163','p19'),('WSS165','p19'),('WSS178','p19'),('WSS186','p19'),('WSS20','p19'),('WSS204','p19'),('WSS207','p19'),('WSS224','p19'),('WSS233','p19'),('WSS238','p19'),('WSS247','p19'),('WSS268','p19'),('WSS269','p19'),('WSS272','p19'),('WSS276','p19'),('WSS278','p19'),('WSS285','p19'),('WSS30','p19'),('WSS309','p19'),('WSS32','p19'),('WSS323','p19'),('WSS324','p19'),('WSS335','p19'),('WSS341','p19'),('WSS356','p19'),('WSS382','p19'),('WSS399','p19'),('WSS428','p19'),('WSS431','p19'),('WSS434','p19'),('WSS451','p19'),('WSS452','p19'),('WSS455','p19'),('WSS474','p19'),('WSS487','p19'),('WSS503','p19'),('WSS510','p19'),('WSS53','p19'),('WSS534','p19'),('WSS535','p19'),('WSS583','p19'),('WSS584','p19'),('WSS595','p19'),('WSS68','p19'),('WSS76','p19'),('WSS8','p19'),('WSS9','p19'),('WSS1','p2'),('WSS10','p2'),('WSS102','p2'),('WSS113','p2'),('WSS131','p2'),('WSS15','p2'),('WSS166','p2'),('WSS169','p2'),('WSS173','p2'),('WSS177','p2'),('WSS199','p2'),('WSS2','p2'),('WSS203','p2'),('WSS237','p2'),('WSS239','p2'),('WSS241','p2'),('WSS25','p2'),('WSS264','p2'),('WSS277','p2'),('WSS280','p2'),('WSS286','p2'),('WSS299','p2'),('WSS3','p2'),('WSS304','p2'),('WSS338','p2'),('WSS346','p2'),('WSS358','p2'),('WSS361','p2'),('WSS368','p2'),('WSS377','p2'),('WSS378','p2'),('WSS379','p2'),('WSS38','p2'),('WSS387','p2'),('WSS390','p2'),('WSS393','p2'),('WSS402','p2'),('WSS42','p2'),('WSS420','p2'),('WSS428','p2'),('WSS436','p2'),('WSS437','p2'),('WSS445','p2'),('WSS449','p2'),('WSS475','p2'),('WSS476','p2'),('WSS492','p2'),('WSS494','p2'),('WSS512','p2'),('WSS519','p2'),('WSS529','p2'),('WSS535','p2'),('WSS536','p2'),('WSS55','p2'),('WSS552','p2'),('WSS553','p2'),('WSS554','p2'),('WSS581','p2'),('WSS582','p2'),('WSS584','p2'),('WSS586','p2'),('WSS595','p2'),('WSS6','p2'),('WSS600','p2'),('WSS66','p2'),('WSS74','p2'),('WSS76','p2'),('WSS93','p2'),('WSS96','p2'),('WSS104','p20'),('WSS119','p20'),('WSS12','p20'),('WSS128','p20'),('WSS129','p20'),('WSS140','p20'),('WSS141','p20'),('WSS142','p20'),('WSS143','p20'),('WSS147','p20'),('WSS156','p20'),('WSS176','p20'),('WSS180','p20'),('WSS184','p20'),('WSS195','p20'),('WSS200','p20'),('WSS202','p20'),('WSS212','p20'),('WSS225','p20'),('WSS238','p20'),('WSS243','p20'),('WSS246','p20'),('WSS256','p20'),('WSS258','p20'),('WSS285','p20'),('WSS307','p20'),('WSS314','p20'),('WSS334','p20'),('WSS34','p20'),('WSS349','p20'),('WSS363','p20'),('WSS364','p20'),('WSS368','p20'),('WSS372','p20'),('WSS380','p20'),('WSS388','p20'),('WSS391','p20'),('WSS401','p20'),('WSS411','p20'),('WSS413','p20'),('WSS414','p20'),('WSS417','p20'),('WSS426','p20'),('WSS427','p20'),('WSS458','p20'),('WSS461','p20'),('WSS478','p20'),('WSS494','p20'),('WSS495','p20'),('WSS503','p20'),('WSS518','p20'),('WSS527','p20'),('WSS549','p20'),('WSS559','p20'),('WSS563','p20'),('WSS573','p20'),('WSS575','p20'),('WSS588','p20'),('WSS74','p20'),('WSS88','p20'),('WSS90','p20'),('WSS91','p20'),('WSS107','p3'),('WSS133','p3'),('WSS135','p3'),('WSS138','p3'),('WSS146','p3'),('WSS173','p3'),('WSS177','p3'),('WSS179','p3'),('WSS201','p3'),('WSS206','p3'),('WSS221','p3'),('WSS225','p3'),('WSS236','p3'),('WSS252','p3'),('WSS253','p3'),('WSS268','p3'),('WSS296','p3'),('WSS30','p3'),('WSS303','p3'),('WSS313','p3'),('WSS318','p3'),('WSS326','p3'),('WSS327','p3'),('WSS345','p3'),('WSS35','p3'),('WSS353','p3'),('WSS387','p3'),('WSS392','p3'),('WSS418','p3'),('WSS455','p3'),('WSS471','p3'),('WSS479','p3'),('WSS485','p3'),('WSS486','p3'),('WSS5','p3'),('WSS513','p3'),('WSS515','p3'),('WSS519','p3'),('WSS540','p3'),('WSS556','p3'),('WSS557','p3'),('WSS568','p3'),('WSS569','p3'),('WSS583','p3'),('WSS589','p3'),('WSS596','p3'),('WSS597','p3'),('WSS598','p3'),('WSS6','p3'),('WSS69','p3'),('WSS70','p3'),('WSS97','p3'),('WSS117','p4'),('WSS121','p4'),('WSS144','p4'),('WSS151','p4'),('WSS157','p4'),('WSS171','p4'),('WSS190','p4'),('WSS229','p4'),('WSS231','p4'),('WSS237','p4'),('WSS252','p4'),('WSS262','p4'),('WSS288','p4'),('WSS319','p4'),('WSS340','p4'),('WSS382','p4'),('WSS384','p4'),('WSS386','p4'),('WSS39','p4'),('WSS408','p4'),('WSS410','p4'),('WSS422','p4'),('WSS427','p4'),('WSS457','p4'),('WSS477','p4'),('WSS480','p4'),('WSS493','p4'),('WSS496','p4'),('WSS50','p4'),('WSS502','p4'),('WSS509','p4'),('WSS54','p4'),('WSS555','p4'),('WSS577','p4'),('WSS597','p4'),('WSS62','p4'),('WSS79','p4'),('WSS83','p4'),('WSS88','p4'),('WSS89','p4'),('WSS94','p4'),('WSS100','p5'),('WSS110','p5'),('WSS111','p5'),('WSS113','p5'),('WSS118','p5'),('WSS13','p5'),('WSS132','p5'),('WSS157','p5'),('WSS16','p5'),('WSS169','p5'),('WSS174','p5'),('WSS203','p5'),('WSS207','p5'),('WSS208','p5'),('WSS222','p5'),('WSS232','p5'),('WSS257','p5'),('WSS279','p5'),('WSS281','p5'),('WSS283','p5'),('WSS306','p5'),('WSS310','p5'),('WSS322','p5'),('WSS325','p5'),('WSS344','p5'),('WSS350','p5'),('WSS353','p5'),('WSS355','p5'),('WSS356','p5'),('WSS360','p5'),('WSS369','p5'),('WSS374','p5'),('WSS380','p5'),('WSS388','p5'),('WSS389','p5'),('WSS396','p5'),('WSS403','p5'),('WSS413','p5'),('WSS425','p5'),('WSS438','p5'),('WSS441','p5'),('WSS461','p5'),('WSS478','p5'),('WSS49','p5'),('WSS490','p5'),('WSS498','p5'),('WSS499','p5'),('WSS501','p5'),('WSS528','p5'),('WSS529','p5'),('WSS544','p5'),('WSS553','p5'),('WSS556','p5'),('WSS558','p5'),('WSS564','p5'),('WSS572','p5'),('WSS581','p5'),('WSS594','p5'),('WSS598','p5'),('WSS61','p5'),('WSS93','p5'),('WSS108','p6'),('WSS109','p6'),('WSS123','p6'),('WSS125','p6'),('WSS141','p6'),('WSS147','p6'),('WSS150','p6'),('WSS153','p6'),('WSS158','p6'),('WSS162','p6'),('WSS178','p6'),('WSS183','p6'),('WSS191','p6'),('WSS196','p6'),('WSS200','p6'),('WSS218','p6'),('WSS219','p6'),('WSS23','p6'),('WSS235','p6'),('WSS245','p6'),('WSS249','p6'),('WSS250','p6'),('WSS270','p6'),('WSS276','p6'),('WSS281','p6'),('WSS282','p6'),('WSS288','p6'),('WSS29','p6'),('WSS293','p6'),('WSS301','p6'),('WSS305','p6'),('WSS312','p6'),('WSS320','p6'),('WSS331','p6'),('WSS334','p6'),('WSS342','p6'),('WSS348','p6'),('WSS375','p6'),('WSS396','p6'),('WSS4','p6'),('WSS406','p6'),('WSS407','p6'),('WSS425','p6'),('WSS433','p6'),('WSS440','p6'),('WSS442','p6'),('WSS445','p6'),('WSS448','p6'),('WSS462','p6'),('WSS463','p6'),('WSS465','p6'),('WSS482','p6'),('WSS486','p6'),('WSS495','p6'),('WSS500','p6'),('WSS510','p6'),('WSS512','p6'),('WSS516','p6'),('WSS52','p6'),('WSS525','p6'),('WSS526','p6'),('WSS530','p6'),('WSS537','p6'),('WSS539','p6'),('WSS54','p6'),('WSS551','p6'),('WSS56','p6'),('WSS561','p6'),('WSS562','p6'),('WSS568','p6'),('WSS573','p6'),('WSS574','p6'),('WSS579','p6'),('WSS580','p6'),('WSS591','p6'),('WSS592','p6'),('WSS85','p6'),('WSS98','p6'),('WSS99','p6'),('WSS103','p7'),('WSS110','p7'),('WSS117','p7'),('WSS124','p7'),('WSS14','p7'),('WSS143','p7'),('WSS156','p7'),('WSS159','p7'),('WSS163','p7'),('WSS183','p7'),('WSS185','p7'),('WSS186','p7'),('WSS187','p7'),('WSS19','p7'),('WSS2','p7'),('WSS205','p7'),('WSS230','p7'),('WSS231','p7'),('WSS24','p7'),('WSS253','p7'),('WSS259','p7'),('WSS261','p7'),('WSS269','p7'),('WSS289','p7'),('WSS306','p7'),('WSS32','p7'),('WSS320','p7'),('WSS322','p7'),('WSS33','p7'),('WSS359','p7'),('WSS365','p7'),('WSS369','p7'),('WSS40','p7'),('WSS405','p7'),('WSS408','p7'),('WSS409','p7'),('WSS416','p7'),('WSS419','p7'),('WSS424','p7'),('WSS433','p7'),('WSS436','p7'),('WSS437','p7'),('WSS443','p7'),('WSS447','p7'),('WSS456','p7'),('WSS459','p7'),('WSS46','p7'),('WSS467','p7'),('WSS480','p7'),('WSS491','p7'),('WSS499','p7'),('WSS5','p7'),('WSS513','p7'),('WSS533','p7'),('WSS55','p7'),('WSS56','p7'),('WSS567','p7'),('WSS575','p7'),('WSS579','p7'),('WSS589','p7'),('WSS590','p7'),('WSS593','p7'),('WSS63','p7'),('WSS65','p7'),('WSS7','p7'),('WSS73','p7'),('WSS79','p7'),('WSS81','p7'),('WSS82','p7'),('WSS87','p7'),('WSS92','p7'),('WSS103','p8'),('WSS109','p8'),('WSS13','p8'),('WSS139','p8'),('WSS161','p8'),('WSS170','p8'),('WSS181','p8'),('WSS196','p8'),('WSS206','p8'),('WSS21','p8'),('WSS214','p8'),('WSS229','p8'),('WSS235','p8'),('WSS245','p8'),('WSS257','p8'),('WSS263','p8'),('WSS28','p8'),('WSS280','p8'),('WSS287','p8'),('WSS308','p8'),('WSS31','p8'),('WSS310','p8'),('WSS311','p8'),('WSS317','p8'),('WSS335','p8'),('WSS36','p8'),('WSS362','p8'),('WSS386','p8'),('WSS397','p8'),('WSS401','p8'),('WSS402','p8'),('WSS416','p8'),('WSS419','p8'),('WSS421','p8'),('WSS44','p8'),('WSS443','p8'),('WSS449','p8'),('WSS464','p8'),('WSS482','p8'),('WSS489','p8'),('WSS508','p8'),('WSS514','p8'),('WSS517','p8'),('WSS547','p8'),('WSS550','p8'),('WSS563','p8'),('WSS57','p8'),('WSS578','p8'),('WSS587','p8'),('WSS592','p8'),('WSS596','p8'),('WSS77','p8'),('WSS80','p8'),('WSS84','p8'),('WSS86','p8'),('WSS1','p9'),('WSS106','p9'),('WSS127','p9'),('WSS133','p9'),('WSS152','p9'),('WSS153','p9'),('WSS17','p9'),('WSS188','p9'),('WSS208','p9'),('WSS220','p9'),('WSS227','p9'),('WSS232','p9'),('WSS254','p9'),('WSS256','p9'),('WSS265','p9'),('WSS271','p9'),('WSS286','p9'),('WSS287','p9'),('WSS294','p9'),('WSS295','p9'),('WSS300','p9'),('WSS305','p9'),('WSS317','p9'),('WSS319','p9'),('WSS329','p9'),('WSS337','p9'),('WSS357','p9'),('WSS36','p9'),('WSS366','p9'),('WSS372','p9'),('WSS373','p9'),('WSS376','p9'),('WSS384','p9'),('WSS392','p9'),('WSS395','p9'),('WSS399','p9'),('WSS420','p9'),('WSS423','p9'),('WSS432','p9'),('WSS438','p9'),('WSS444','p9'),('WSS460','p9'),('WSS463','p9'),('WSS475','p9'),('WSS48','p9'),('WSS531','p9'),('WSS549','p9'),('WSS570','p9'),('WSS578','p9'),('WSS61','p9'),('WSS64','p9'),('WSS66','p9'),('WSS98','p9');
/*!40000 ALTER TABLE `inputparameter` ENABLE KEYS */;
UNLOCK TABLES;

--
-- Table structure for table `knowledgeforcareerpath`
--

DROP TABLE IF EXISTS `knowledgeforcareerpath`;
/*!40101 SET @saved_cs_client     = @@character_set_client */;
/*!50503 SET character_set_client = utf8mb4 */;
CREATE TABLE `knowledgeforcareerpath` (
  `careerPathID` char(4) NOT NULL,
  `knowledgeID` char(6) NOT NULL,
  PRIMARY KEY (`careerPathID`,`knowledgeID`)
) ENGINE=InnoDB DEFAULT CHARSET=latin1;
/*!40101 SET character_set_client = @saved_cs_client */;

--
-- Dumping data for table `knowledgeforcareerpath`
--

LOCK TABLES `knowledgeforcareerpath` WRITE;
/*!40000 ALTER TABLE `knowledgeforcareerpath` DISABLE KEYS */;
INSERT INTO `knowledgeforcareerpath` VALUES ('C100','k1C311'),('C100','k1C412'),('C100','k1C469'),('C100','k1C500');
/*!40000 ALTER TABLE `knowledgeforcareerpath` ENABLE KEYS */;
UNLOCK TABLES;

--
-- Table structure for table `lhs`
--

DROP TABLE IF EXISTS `lhs`;
/*!40101 SET @saved_cs_client     = @@character_set_client */;
/*!50503 SET character_set_client = utf8mb4 */;
CREATE TABLE `lhs` (
  `ruleid` int NOT NULL,
  `courseid` varchar(10) NOT NULL,
  PRIMARY KEY (`ruleid`,`courseid`)
) ENGINE=InnoDB DEFAULT CHARSET=latin1;
/*!40101 SET character_set_client = @saved_cs_client */;

--
-- Dumping data for table `lhs`
--

LOCK TABLES `lhs` WRITE;
/*!40000 ALTER TABLE `lhs` DISABLE KEYS */;
INSERT INTO `lhs` VALUES (1,'ICP006'),(2,'ICP006'),(3,'ICP006'),(4,'ICP110'),(5,'ICP110'),(6,'ICP311'),(7,'ICP006'),(7,'ICP110'),(8,'ICP006'),(8,'ICP110'),(9,'ICP006'),(9,'ICP311'),(10,'ICP110'),(10,'ICP311'),(11,'ICP006'),(11,'ICP110'),(11,'ICP311');
/*!40000 ALTER TABLE `lhs` ENABLE KEYS */;
UNLOCK TABLES;

--
-- Table structure for table `outputparameter`
--

DROP TABLE IF EXISTS `outputparameter`;
/*!40101 SET @saved_cs_client     = @@character_set_client */;
/*!50503 SET character_set_client = utf8mb4 */;
CREATE TABLE `outputparameter` (
  `webServiceID` varchar(10) NOT NULL,
  `parameterID` varchar(10) NOT NULL,
  PRIMARY KEY (`webServiceID`,`parameterID`),
  KEY `knowledgeID` (`parameterID`)
) ENGINE=InnoDB DEFAULT CHARSET=latin1;
/*!40101 SET character_set_client = @saved_cs_client */;

--
-- Dumping data for table `outputparameter`
--

LOCK TABLES `outputparameter` WRITE;
/*!40000 ALTER TABLE `outputparameter` DISABLE KEYS */;
INSERT INTO `outputparameter` VALUES ('WSS105','p1'),('WSS109','p1'),('WSS112','p1'),('WSS115','p1'),('WSS132','p1'),('WSS133','p1'),('WSS136','p1'),('WSS141','p1'),('WSS158','p1'),('WSS163','p1'),('WSS179','p1'),('WSS203','p1'),('WSS204','p1'),('WSS209','p1'),('WSS218','p1'),('WSS235','p1'),('WSS242','p1'),('WSS25','p1'),('WSS271','p1'),('WSS273','p1'),('WSS276','p1'),('WSS288','p1'),('WSS296','p1'),('WSS313','p1'),('WSS326','p1'),('WSS330','p1'),('WSS355','p1'),('WSS380','p1'),('WSS382','p1'),('WSS383','p1'),('WSS386','p1'),('WSS399','p1'),('WSS402','p1'),('WSS426','p1'),('WSS428','p1'),('WSS435','p1'),('WSS436','p1'),('WSS45','p1'),('WSS465','p1'),('WSS469','p1'),('WSS48','p1'),('WSS490','p1'),('WSS499','p1'),('WSS510','p1'),('WSS528','p1'),('WSS537','p1'),('WSS547','p1'),('WSS549','p1'),('WSS551','p1'),('WSS554','p1'),('WSS565','p1'),('WSS569','p1'),('WSS573','p1'),('WSS576','p1'),('WSS586','p1'),('WSS591','p1'),('WSS592','p1'),('WSS88','p1'),('WSS101','p10'),('WSS104','p10'),('WSS134','p10'),('WSS135','p10'),('WSS153','p10'),('WSS170','p10'),('WSS176','p10'),('WSS181','p10'),('WSS182','p10'),('WSS184','p10'),('WSS191','p10'),('WSS210','p10'),('WSS211','p10'),('WSS262','p10'),('WSS275','p10'),('WSS277','p10'),('WSS28','p10'),('WSS293','p10'),('WSS300','p10'),('WSS305','p10'),('WSS308','p10'),('WSS33','p10'),('WSS356','p10'),('WSS357','p10'),('WSS369','p10'),('WSS374','p10'),('WSS390','p10'),('WSS397','p10'),('WSS406','p10'),('WSS420','p10'),('WSS435','p10'),('WSS438','p10'),('WSS440','p10'),('WSS448','p10'),('WSS458','p10'),('WSS484','p10'),('WSS518','p10'),('WSS520','p10'),('WSS526','p10'),('WSS533','p10'),('WSS534','p10'),('WSS535','p10'),('WSS546','p10'),('WSS548','p10'),('WSS581','p10'),('WSS583','p10'),('WSS589','p10'),('WSS595','p10'),('WSS67','p10'),('WSS77','p10'),('WSS84','p10'),('WSS9','p10'),('WSS100','p11'),('WSS165','p11'),('WSS167','p11'),('WSS171','p11'),('WSS175','p11'),('WSS201','p11'),('WSS205','p11'),('WSS214','p11'),('WSS218','p11'),('WSS220','p11'),('WSS221','p11'),('WSS239','p11'),('WSS240','p11'),('WSS252','p11'),('WSS26','p11'),('WSS268','p11'),('WSS29','p11'),('WSS298','p11'),('WSS300','p11'),('WSS306','p11'),('WSS333','p11'),('WSS340','p11'),('WSS344','p11'),('WSS345','p11'),('WSS347','p11'),('WSS35','p11'),('WSS360','p11'),('WSS363','p11'),('WSS379','p11'),('WSS39','p11'),('WSS401','p11'),('WSS417','p11'),('WSS419','p11'),('WSS427','p11'),('WSS437','p11'),('WSS466','p11'),('WSS467','p11'),('WSS502','p11'),('WSS505','p11'),('WSS515','p11'),('WSS518','p11'),('WSS531','p11'),('WSS536','p11'),('WSS540','p11'),('WSS550','p11'),('WSS559','p11'),('WSS565','p11'),('WSS584','p11'),('WSS67','p11'),('WSS69','p11'),('WSS79','p11'),('WSS81','p11'),('WSS87','p11'),('WSS9','p11'),('WSS92','p11'),('WSS99','p11'),('WSS102','p12'),('WSS107','p12'),('WSS12','p12'),('WSS141','p12'),('WSS147','p12'),('WSS171','p12'),('WSS176','p12'),('WSS177','p12'),('WSS178','p12'),('WSS185','p12'),('WSS215','p12'),('WSS228','p12'),('WSS259','p12'),('WSS263','p12'),('WSS281','p12'),('WSS299','p12'),('WSS31','p12'),('WSS332','p12'),('WSS361','p12'),('WSS367','p12'),('WSS385','p12'),('WSS4','p12'),('WSS404','p12'),('WSS409','p12'),('WSS425','p12'),('WSS430','p12'),('WSS440','p12'),('WSS451','p12'),('WSS454','p12'),('WSS455','p12'),('WSS46','p12'),('WSS462','p12'),('WSS465','p12'),('WSS477','p12'),('WSS483','p12'),('WSS495','p12'),('WSS501','p12'),('WSS506','p12'),('WSS516','p12'),('WSS55','p12'),('WSS560','p12'),('WSS563','p12'),('WSS568','p12'),('WSS571','p12'),('WSS573','p12'),('WSS582','p12'),('WSS595','p12'),('WSS65','p12'),('WSS114','p13'),('WSS123','p13'),('WSS127','p13'),('WSS131','p13'),('WSS139','p13'),('WSS152','p13'),('WSS155','p13'),('WSS157','p13'),('WSS160','p13'),('WSS162','p13'),('WSS166','p13'),('WSS183','p13'),('WSS22','p13'),('WSS23','p13'),('WSS233','p13'),('WSS261','p13'),('WSS282','p13'),('WSS301','p13'),('WSS303','p13'),('WSS312','p13'),('WSS315','p13'),('WSS328','p13'),('WSS370','p13'),('WSS385','p13'),('WSS389','p13'),('WSS391','p13'),('WSS392','p13'),('WSS405','p13'),('WSS416','p13'),('WSS423','p13'),('WSS432','p13'),('WSS44','p13'),('WSS450','p13'),('WSS454','p13'),('WSS463','p13'),('WSS467','p13'),('WSS47','p13'),('WSS475','p13'),('WSS480','p13'),('WSS482','p13'),('WSS485','p13'),('WSS49','p13'),('WSS491','p13'),('WSS493','p13'),('WSS500','p13'),('WSS51','p13'),('WSS511','p13'),('WSS512','p13'),('WSS513','p13'),('WSS538','p13'),('WSS54','p13'),('WSS56','p13'),('WSS57','p13'),('WSS59','p13'),('WSS69','p13'),('WSS79','p13'),('WSS82','p13'),('WSS87','p13'),('WSS94','p13'),('WSS98','p13'),('WSS109','p14'),('WSS125','p14'),('WSS13','p14'),('WSS130','p14'),('WSS14','p14'),('WSS142','p14'),('WSS145','p14'),('WSS146','p14'),('WSS151','p14'),('WSS158','p14'),('WSS173','p14'),('WSS179','p14'),('WSS188','p14'),('WSS200','p14'),('WSS202','p14'),('WSS232','p14'),('WSS234','p14'),('WSS24','p14'),('WSS241','p14'),('WSS242','p14'),('WSS262','p14'),('WSS267','p14'),('WSS275','p14'),('WSS280','p14'),('WSS290','p14'),('WSS294','p14'),('WSS297','p14'),('WSS310','p14'),('WSS311','p14'),('WSS318','p14'),('WSS32','p14'),('WSS329','p14'),('WSS339','p14'),('WSS353','p14'),('WSS365','p14'),('WSS384','p14'),('WSS397','p14'),('WSS405','p14'),('WSS408','p14'),('WSS41','p14'),('WSS410','p14'),('WSS411','p14'),('WSS412','p14'),('WSS422','p14'),('WSS458','p14'),('WSS473','p14'),('WSS489','p14'),('WSS499','p14'),('WSS500','p14'),('WSS508','p14'),('WSS520','p14'),('WSS522','p14'),('WSS523','p14'),('WSS536','p14'),('WSS555','p14'),('WSS556','p14'),('WSS593','p14'),('WSS64','p14'),('WSS86','p14'),('WSS106','p15'),('WSS113','p15'),('WSS114','p15'),('WSS117','p15'),('WSS123','p15'),('WSS124','p15'),('WSS164','p15'),('WSS177','p15'),('WSS190','p15'),('WSS2','p15'),('WSS224','p15'),('WSS237','p15'),('WSS245','p15'),('WSS246','p15'),('WSS272','p15'),('WSS277','p15'),('WSS278','p15'),('WSS283','p15'),('WSS286','p15'),('WSS3','p15'),('WSS30','p15'),('WSS309','p15'),('WSS31','p15'),('WSS311','p15'),('WSS320','p15'),('WSS341','p15'),('WSS358','p15'),('WSS364','p15'),('WSS366','p15'),('WSS37','p15'),('WSS386','p15'),('WSS387','p15'),('WSS406','p15'),('WSS410','p15'),('WSS411','p15'),('WSS428','p15'),('WSS442','p15'),('WSS444','p15'),('WSS445','p15'),('WSS446','p15'),('WSS469','p15'),('WSS471','p15'),('WSS484','p15'),('WSS502','p15'),('WSS526','p15'),('WSS527','p15'),('WSS542','p15'),('WSS552','p15'),('WSS564','p15'),('WSS578','p15'),('WSS580','p15'),('WSS590','p15'),('WSS599','p15'),('WSS97','p15'),('WSS1','p16'),('WSS100','p16'),('WSS102','p16'),('WSS110','p16'),('WSS121','p16'),('WSS125','p16'),('WSS131','p16'),('WSS148','p16'),('WSS151','p16'),('WSS2','p16'),('WSS205','p16'),('WSS210','p16'),('WSS223','p16'),('WSS233','p16'),('WSS251','p16'),('WSS253','p16'),('WSS254','p16'),('WSS255','p16'),('WSS263','p16'),('WSS289','p16'),('WSS293','p16'),('WSS298','p16'),('WSS3','p16'),('WSS321','p16'),('WSS324','p16'),('WSS328','p16'),('WSS333','p16'),('WSS335','p16'),('WSS338','p16'),('WSS36','p16'),('WSS367','p16'),('WSS370','p16'),('WSS38','p16'),('WSS381','p16'),('WSS387','p16'),('WSS393','p16'),('WSS395','p16'),('WSS4','p16'),('WSS414','p16'),('WSS422','p16'),('WSS423','p16'),('WSS43','p16'),('WSS449','p16'),('WSS453','p16'),('WSS455','p16'),('WSS456','p16'),('WSS464','p16'),('WSS479','p16'),('WSS492','p16'),('WSS50','p16'),('WSS508','p16'),('WSS509','p16'),('WSS522','p16'),('WSS556','p16'),('WSS577','p16'),('WSS58','p16'),('WSS584','p16'),('WSS62','p16'),('WSS63','p16'),('WSS68','p16'),('WSS73','p16'),('WSS74','p16'),('WSS75','p16'),('WSS83','p16'),('WSS89','p16'),('WSS93','p16'),('WSS11','p17'),('WSS110','p17'),('WSS115','p17'),('WSS128','p17'),('WSS129','p17'),('WSS130','p17'),('WSS147','p17'),('WSS15','p17'),('WSS150','p17'),('WSS153','p17'),('WSS156','p17'),('WSS16','p17'),('WSS169','p17'),('WSS192','p17'),('WSS194','p17'),('WSS196','p17'),('WSS197','p17'),('WSS219','p17'),('WSS231','p17'),('WSS244','p17'),('WSS258','p17'),('WSS259','p17'),('WSS276','p17'),('WSS281','p17'),('WSS32','p17'),('WSS337','p17'),('WSS338','p17'),('WSS355','p17'),('WSS356','p17'),('WSS376','p17'),('WSS377','p17'),('WSS384','p17'),('WSS392','p17'),('WSS401','p17'),('WSS415','p17'),('WSS425','p17'),('WSS427','p17'),('WSS433','p17'),('WSS439','p17'),('WSS44','p17'),('WSS448','p17'),('WSS460','p17'),('WSS470','p17'),('WSS472','p17'),('WSS48','p17'),('WSS485','p17'),('WSS497','p17'),('WSS521','p17'),('WSS524','p17'),('WSS527','p17'),('WSS53','p17'),('WSS541','p17'),('WSS543','p17'),('WSS545','p17'),('WSS596','p17'),('WSS80','p17'),('WSS85','p17'),('WSS11','p18'),('WSS111','p18'),('WSS120','p18'),('WSS13','p18'),('WSS140','p18'),('WSS148','p18'),('WSS163','p18'),('WSS185','p18'),('WSS189','p18'),('WSS202','p18'),('WSS24','p18'),('WSS241','p18'),('WSS247','p18'),('WSS248','p18'),('WSS252','p18'),('WSS253','p18'),('WSS255','p18'),('WSS256','p18'),('WSS257','p18'),('WSS268','p18'),('WSS269','p18'),('WSS279','p18'),('WSS284','p18'),('WSS285','p18'),('WSS287','p18'),('WSS296','p18'),('WSS312','p18'),('WSS319','p18'),('WSS322','p18'),('WSS323','p18'),('WSS327','p18'),('WSS334','p18'),('WSS342','p18'),('WSS343','p18'),('WSS354','p18'),('WSS359','p18'),('WSS363','p18'),('WSS366','p18'),('WSS369','p18'),('WSS371','p18'),('WSS375','p18'),('WSS381','p18'),('WSS383','p18'),('WSS399','p18'),('WSS407','p18'),('WSS421','p18'),('WSS424','p18'),('WSS441','p18'),('WSS447','p18'),('WSS45','p18'),('WSS451','p18'),('WSS462','p18'),('WSS470','p18'),('WSS476','p18'),('WSS492','p18'),('WSS496','p18'),('WSS498','p18'),('WSS503','p18'),('WSS530','p18'),('WSS543','p18'),('WSS594','p18'),('WSS597','p18'),('WSS6','p18'),('WSS70','p18'),('WSS78','p18'),('WSS93','p18'),('WSS10','p19'),('WSS113','p19'),('WSS122','p19'),('WSS133','p19'),('WSS161','p19'),('WSS174','p19'),('WSS180','p19'),('WSS186','p19'),('WSS195','p19'),('WSS209','p19'),('WSS211','p19'),('WSS213','p19'),('WSS222','p19'),('WSS223','p19'),('WSS227','p19'),('WSS23','p19'),('WSS230','p19'),('WSS244','p19'),('WSS248','p19'),('WSS249','p19'),('WSS251','p19'),('WSS258','p19'),('WSS261','p19'),('WSS264','p19'),('WSS269','p19'),('WSS28','p19'),('WSS280','p19'),('WSS297','p19'),('WSS299','p19'),('WSS305','p19'),('WSS308','p19'),('WSS314','p19'),('WSS321','p19'),('WSS322','p19'),('WSS325','p19'),('WSS339','p19'),('WSS351','p19'),('WSS373','p19'),('WSS374','p19'),('WSS388','p19'),('WSS395','p19'),('WSS396','p19'),('WSS40','p19'),('WSS41','p19'),('WSS413','p19'),('WSS429','p19'),('WSS437','p19'),('WSS441','p19'),('WSS457','p19'),('WSS468','p19'),('WSS478','p19'),('WSS481','p19'),('WSS507','p19'),('WSS512','p19'),('WSS513','p19'),('WSS52','p19'),('WSS549','p19'),('WSS554','p19'),('WSS557','p19'),('WSS562','p19'),('WSS569','p19'),('WSS572','p19'),('WSS576','p19'),('WSS590','p19'),('WSS598','p19'),('WSS6','p19'),('WSS66','p19'),('WSS96','p19'),('WSS112','p2'),('WSS116','p2'),('WSS124','p2'),('WSS135','p2'),('WSS144','p2'),('WSS149','p2'),('WSS155','p2'),('WSS161','p2'),('WSS167','p2'),('WSS170','p2'),('WSS172','p2'),('WSS174','p2'),('WSS201','p2'),('WSS204','p2'),('WSS206','p2'),('WSS207','p2'),('WSS221','p2'),('WSS222','p2'),('WSS229','p2'),('WSS235','p2'),('WSS236','p2'),('WSS238','p2'),('WSS243','p2'),('WSS270','p2'),('WSS283','p2'),('WSS315','p2'),('WSS324','p2'),('WSS33','p2'),('WSS334','p2'),('WSS336','p2'),('WSS337','p2'),('WSS340','p2'),('WSS344','p2'),('WSS346','p2'),('WSS373','p2'),('WSS378','p2'),('WSS38','p2'),('WSS390','p2'),('WSS394','p2'),('WSS403','p2'),('WSS42','p2'),('WSS443','p2'),('WSS457','p2'),('WSS459','p2'),('WSS471','p2'),('WSS491','p2'),('WSS494','p2'),('WSS5','p2'),('WSS514','p2'),('WSS521','p2'),('WSS539','p2'),('WSS553','p2'),('WSS561','p2'),('WSS563','p2'),('WSS580','p2'),('WSS61','p2'),('WSS8','p2'),('WSS96','p2'),('WSS97','p2'),('WSS10','p20'),('WSS103','p20'),('WSS108','p20'),('WSS116','p20'),('WSS138','p20'),('WSS139','p20'),('WSS143','p20'),('WSS15','p20'),('WSS156','p20'),('WSS16','p20'),('WSS166','p20'),('WSS17','p20'),('WSS180','p20'),('WSS191','p20'),('WSS198','p20'),('WSS208','p20'),('WSS21','p20'),('WSS22','p20'),('WSS25','p20'),('WSS250','p20'),('WSS256','p20'),('WSS257','p20'),('WSS260','p20'),('WSS266','p20'),('WSS295','p20'),('WSS316','p20'),('WSS329','p20'),('WSS34','p20'),('WSS348','p20'),('WSS349','p20'),('WSS365','p20'),('WSS396','p20'),('WSS398','p20'),('WSS404','p20'),('WSS407','p20'),('WSS409','p20'),('WSS421','p20'),('WSS424','p20'),('WSS439','p20'),('WSS464','p20'),('WSS47','p20'),('WSS478','p20'),('WSS486','p20'),('WSS487','p20'),('WSS498','p20'),('WSS501','p20'),('WSS504','p20'),('WSS509','p20'),('WSS523','p20'),('WSS525','p20'),('WSS537','p20'),('WSS557','p20'),('WSS567','p20'),('WSS65','p20'),('WSS66','p20'),('WSS8','p20'),('WSS95','p20'),('WSS104','p3'),('WSS111','p3'),('WSS144','p3'),('WSS146','p3'),('WSS162','p3'),('WSS175','p3'),('WSS186','p3'),('WSS194','p3'),('WSS195','p3'),('WSS20','p3'),('WSS220','p3'),('WSS224','p3'),('WSS229','p3'),('WSS230','p3'),('WSS236','p3'),('WSS245','p3'),('WSS266','p3'),('WSS27','p3'),('WSS307','p3'),('WSS317','p3'),('WSS326','p3'),('WSS341','p3'),('WSS347','p3'),('WSS348','p3'),('WSS35','p3'),('WSS353','p3'),('WSS354','p3'),('WSS368','p3'),('WSS378','p3'),('WSS382','p3'),('WSS393','p3'),('WSS430','p3'),('WSS432','p3'),('WSS444','p3'),('WSS453','p3'),('WSS480','p3'),('WSS488','p3'),('WSS504','p3'),('WSS505','p3'),('WSS511','p3'),('WSS519','p3'),('WSS529','p3'),('WSS538','p3'),('WSS56','p3'),('WSS567','p3'),('WSS570','p3'),('WSS575','p3'),('WSS60','p3'),('WSS76','p3'),('WSS103','p4'),('WSS108','p4'),('WSS117','p4'),('WSS129','p4'),('WSS132','p4'),('WSS138','p4'),('WSS140','p4'),('WSS149','p4'),('WSS178','p4'),('WSS18','p4'),('WSS184','p4'),('WSS192','p4'),('WSS200','p4'),('WSS214','p4'),('WSS219','p4'),('WSS226','p4'),('WSS232','p4'),('WSS249','p4'),('WSS291','p4'),('WSS294','p4'),('WSS302','p4'),('WSS304','p4'),('WSS306','p4'),('WSS314','p4'),('WSS323','p4'),('WSS330','p4'),('WSS343','p4'),('WSS357','p4'),('WSS362','p4'),('WSS375','p4'),('WSS379','p4'),('WSS415','p4'),('WSS416','p4'),('WSS418','p4'),('WSS431','p4'),('WSS459','p4'),('WSS481','p4'),('WSS503','p4'),('WSS506','p4'),('WSS529','p4'),('WSS535','p4'),('WSS54','p4'),('WSS550','p4'),('WSS562','p4'),('WSS575','p4'),('WSS578','p4'),('WSS579','p4'),('WSS596','p4'),('WSS61','p4'),('WSS64','p4'),('WSS80','p4'),('WSS94','p4'),('WSS95','p4'),('WSS119','p5'),('WSS137','p5'),('WSS143','p5'),('WSS154','p5'),('WSS157','p5'),('WSS172','p5'),('WSS173','p5'),('WSS18','p5'),('WSS181','p5'),('WSS183','p5'),('WSS187','p5'),('WSS189','p5'),('WSS196','p5'),('WSS199','p5'),('WSS21','p5'),('WSS215','p5'),('WSS216','p5'),('WSS217','p5'),('WSS225','p5'),('WSS226','p5'),('WSS246','p5'),('WSS247','p5'),('WSS250','p5'),('WSS26','p5'),('WSS265','p5'),('WSS271','p5'),('WSS272','p5'),('WSS274','p5'),('WSS285','p5'),('WSS288','p5'),('WSS302','p5'),('WSS313','p5'),('WSS316','p5'),('WSS317','p5'),('WSS318','p5'),('WSS327','p5'),('WSS336','p5'),('WSS342','p5'),('WSS359','p5'),('WSS36','p5'),('WSS403','p5'),('WSS413','p5'),('WSS418','p5'),('WSS42','p5'),('WSS433','p5'),('WSS436','p5'),('WSS452','p5'),('WSS461','p5'),('WSS472','p5'),('WSS474','p5'),('WSS482','p5'),('WSS488','p5'),('WSS50','p5'),('WSS525','p5'),('WSS539','p5'),('WSS553','p5'),('WSS558','p5'),('WSS572','p5'),('WSS587','p5'),('WSS588','p5'),('WSS589','p5'),('WSS594','p5'),('WSS63','p5'),('WSS7','p5'),('WSS72','p5'),('WSS76','p5'),('WSS81','p5'),('WSS84','p5'),('WSS89','p5'),('WSS90','p5'),('WSS91','p5'),('WSS99','p5'),('WSS1','p6'),('WSS101','p6'),('WSS106','p6'),('WSS119','p6'),('WSS120','p6'),('WSS159','p6'),('WSS19','p6'),('WSS278','p6'),('WSS29','p6'),('WSS309','p6'),('WSS310','p6'),('WSS331','p6'),('WSS346','p6'),('WSS350','p6'),('WSS358','p6'),('WSS371','p6'),('WSS40','p6'),('WSS434','p6'),('WSS442','p6'),('WSS445','p6'),('WSS447','p6'),('WSS450','p6'),('WSS460','p6'),('WSS461','p6'),('WSS468','p6'),('WSS494','p6'),('WSS52','p6'),('WSS532','p6'),('WSS534','p6'),('WSS540','p6'),('WSS541','p6'),('WSS542','p6'),('WSS545','p6'),('WSS555','p6'),('WSS558','p6'),('WSS570','p6'),('WSS574','p6'),('WSS587','p6'),('WSS68','p6'),('WSS71','p6'),('WSS85','p6'),('WSS90','p6'),('WSS105','p7'),('WSS107','p7'),('WSS12','p7'),('WSS126','p7'),('WSS136','p7'),('WSS150','p7'),('WSS152','p7'),('WSS154','p7'),('WSS160','p7'),('WSS190','p7'),('WSS212','p7'),('WSS213','p7'),('WSS217','p7'),('WSS231','p7'),('WSS243','p7'),('WSS27','p7'),('WSS273','p7'),('WSS282','p7'),('WSS287','p7'),('WSS291','p7'),('WSS292','p7'),('WSS319','p7'),('WSS320','p7'),('WSS349','p7'),('WSS361','p7'),('WSS368','p7'),('WSS372','p7'),('WSS376','p7'),('WSS389','p7'),('WSS39','p7'),('WSS400','p7'),('WSS417','p7'),('WSS429','p7'),('WSS449','p7'),('WSS452','p7'),('WSS456','p7'),('WSS46','p7'),('WSS473','p7'),('WSS476','p7'),('WSS477','p7'),('WSS479','p7'),('WSS489','p7'),('WSS49','p7'),('WSS493','p7'),('WSS515','p7'),('WSS516','p7'),('WSS524','p7'),('WSS530','p7'),('WSS544','p7'),('WSS560','p7'),('WSS577','p7'),('WSS582','p7'),('WSS588','p7'),('WSS592','p7'),('WSS598','p7'),('WSS600','p7'),('WSS7','p7'),('WSS73','p7'),('WSS78','p7'),('WSS83','p7'),('WSS86','p7'),('WSS88','p7'),('WSS91','p7'),('WSS118','p8'),('WSS122','p8'),('WSS127','p8'),('WSS128','p8'),('WSS137','p8'),('WSS142','p8'),('WSS164','p8'),('WSS168','p8'),('WSS182','p8'),('WSS187','p8'),('WSS193','p8'),('WSS197','p8'),('WSS198','p8'),('WSS199','p8'),('WSS20','p8'),('WSS206','p8'),('WSS207','p8'),('WSS216','p8'),('WSS234','p8'),('WSS260','p8'),('WSS264','p8'),('WSS274','p8'),('WSS279','p8'),('WSS284','p8'),('WSS289','p8'),('WSS290','p8'),('WSS301','p8'),('WSS303','p8'),('WSS304','p8'),('WSS325','p8'),('WSS331','p8'),('WSS332','p8'),('WSS350','p8'),('WSS351','p8'),('WSS352','p8'),('WSS362','p8'),('WSS364','p8'),('WSS377','p8'),('WSS394','p8'),('WSS398','p8'),('WSS400','p8'),('WSS402','p8'),('WSS408','p8'),('WSS419','p8'),('WSS420','p8'),('WSS43','p8'),('WSS431','p8'),('WSS443','p8'),('WSS446','p8'),('WSS466','p8'),('WSS475','p8'),('WSS483','p8'),('WSS487','p8'),('WSS490','p8'),('WSS496','p8'),('WSS497','p8'),('WSS5','p8'),('WSS51','p8'),('WSS514','p8'),('WSS517','p8'),('WSS544','p8'),('WSS548','p8'),('WSS55','p8'),('WSS551','p8'),('WSS561','p8'),('WSS564','p8'),('WSS568','p8'),('WSS57','p8'),('WSS574','p8'),('WSS58','p8'),('WSS581','p8'),('WSS583','p8'),('WSS585','p8'),('WSS586','p8'),('WSS600','p8'),('WSS82','p8'),('WSS92','p8'),('WSS118','p9'),('WSS121','p9'),('WSS159','p9'),('WSS169','p9'),('WSS17','p9'),('WSS188','p9'),('WSS193','p9'),('WSS208','p9'),('WSS212','p9'),('WSS225','p9'),('WSS227','p9'),('WSS228','p9'),('WSS267','p9'),('WSS286','p9'),('WSS292','p9'),('WSS307','p9'),('WSS335','p9'),('WSS345','p9'),('WSS352','p9'),('WSS372','p9'),('WSS380','p9'),('WSS388','p9'),('WSS391','p9'),('WSS412','p9'),('WSS414','p9'),('WSS426','p9'),('WSS438','p9'),('WSS463','p9'),('WSS474','p9'),('WSS486','p9'),('WSS495','p9'),('WSS507','p9'),('WSS510','p9'),('WSS517','p9'),('WSS519','p9'),('WSS528','p9'),('WSS53','p9'),('WSS531','p9'),('WSS532','p9'),('WSS533','p9'),('WSS546','p9'),('WSS547','p9'),('WSS552','p9'),('WSS559','p9'),('WSS566','p9'),('WSS571','p9'),('WSS579','p9'),('WSS585','p9'),('WSS593','p9'),('WSS599','p9'),('WSS60','p9'),('WSS62','p9'),('WSS70','p9'),('WSS71','p9'),('WSS74','p9'),('WSS77','p9'),('WSS98','p9');
/*!40000 ALTER TABLE `outputparameter` ENABLE KEYS */;
UNLOCK TABLES;

--
-- Table structure for table `parameterhierarchy`
--

DROP TABLE IF EXISTS `parameterhierarchy`;
/*!40101 SET @saved_cs_client     = @@character_set_client */;
/*!50503 SET character_set_client = utf8mb4 */;
CREATE TABLE `parameterhierarchy` (
  `parentParameterID` varchar(10) NOT NULL,
  `childParameterID` varchar(10) NOT NULL,
  PRIMARY KEY (`parentParameterID`,`childParameterID`)
) ENGINE=InnoDB DEFAULT CHARSET=latin1;
/*!40101 SET character_set_client = @saved_cs_client */;

--
-- Dumping data for table `parameterhierarchy`
--

LOCK TABLES `parameterhierarchy` WRITE;
/*!40000 ALTER TABLE `parameterhierarchy` DISABLE KEYS */;
/*!40000 ALTER TABLE `parameterhierarchy` ENABLE KEYS */;
UNLOCK TABLES;

--
-- Table structure for table `parameterlist`
--

DROP TABLE IF EXISTS `parameterlist`;
/*!40101 SET @saved_cs_client     = @@character_set_client */;
/*!50503 SET character_set_client = utf8mb4 */;
CREATE TABLE `parameterlist` (
  `parameterID` varchar(10) NOT NULL,
  `parameterName` varchar(100) DEFAULT NULL,
  PRIMARY KEY (`parameterID`)
) ENGINE=InnoDB DEFAULT CHARSET=latin1;
/*!40101 SET character_set_client = @saved_cs_client */;

--
-- Dumping data for table `parameterlist`
--

LOCK TABLES `parameterlist` WRITE;
/*!40000 ALTER TABLE `parameterlist` DISABLE KEYS */;
INSERT INTO `parameterlist` VALUES ('p1','p1name'),('p10','p10name'),('p11','p11name'),('p12','p12name'),('p13','p13name'),('p14','p14name'),('p15','p15name'),('p16','p16name'),('p17','p17name'),('p18','p18name'),('p19','p19name'),('p2','p2name'),('p20','p20name'),('p3','p3name'),('p4','p4name'),('p5','p5name'),('p6','p6name'),('p7','p7name'),('p8','p8name'),('p9','p9name');
/*!40000 ALTER TABLE `parameterlist` ENABLE KEYS */;
UNLOCK TABLES;

--
-- Table structure for table `result`
--

DROP TABLE IF EXISTS `result`;
/*!40101 SET @saved_cs_client     = @@character_set_client */;
/*!50503 SET character_set_client = utf8mb4 */;
CREATE TABLE `result` (
  `transactionID` bigint NOT NULL,
  `stage` int NOT NULL,
  `webServiceID` varchar(10) NOT NULL,
  PRIMARY KEY (`transactionID`,`stage`,`webServiceID`)
) ENGINE=InnoDB DEFAULT CHARSET=latin1;
/*!40101 SET character_set_client = @saved_cs_client */;

--
-- Dumping data for table `result`
--

LOCK TABLES `result` WRITE;
/*!40000 ALTER TABLE `result` DISABLE KEYS */;
INSERT INTO `result` VALUES (1,1,'WSS275'),(1,2,'WSS294'),(2,1,'WSS344'),(2,2,'WSS346'),(3,1,'WSS58'),(3,2,'WSS96'),(4,1,'WSS381'),(4,2,'WSS449'),(5,1,'WSS282'),(5,2,'WSS337'),(6,1,'WSS307'),(6,2,'WSS388'),(7,1,'WSS144'),(7,2,'WSS241'),(8,1,'WSS180'),(8,2,'WSS345'),(9,1,'WSS408'),(9,2,'WSS415'),(10,1,'WSS378'),(10,2,'WSS104'),(11,1,'WSS412'),(11,2,'WSS443'),(12,1,'WSS33'),(12,1,'WSS434'),(13,1,'WSS340'),(13,2,'WSS26'),(14,1,'WSS243'),(14,2,'WSS414'),(15,1,'WSS337'),(15,2,'WSS454'),(16,1,'WSS387'),(16,2,'WSS405'),(17,1,'WSS93'),(17,2,'WSS20'),(18,1,'WSS440'),(18,2,'WSS44'),(19,1,'WSS436'),(19,2,'WSS49'),(20,1,'WSS391'),(20,2,'WSS41'),(21,1,'WSS38'),(21,2,'WSS13'),(22,1,'WSS247'),(22,2,'WSS21'),(23,1,'WSS32'),(23,2,'WSS391'),(24,1,'WSS43'),(24,2,'WSS24'),(25,1,'WSS43'),(25,2,'WSS103'),(26,1,'WSS143'),(26,2,'WSS101'),(27,1,'WSS98'),(27,2,'WSS20'),(28,1,'WSS190'),(28,2,'WSS465'),(29,1,'WSS394'),(29,2,'WSS150'),(30,1,'WSS97'),(30,2,'WSS445'),(1031,1,'ICP006'),(1031,1,'ICP110'),(1031,1,'ICP311'),(1031,2,'ICP500'),(1035,1,'ICP386'),(1035,2,'ICP466'),(1133,1,'ICP103'),(1133,2,'ICP341'),(1133,3,'ICP395'),(1136,1,'ICP110'),(1136,2,'ICP710'),(1141,1,'ICP311'),(1141,2,'ICP422'),(1288,1,'ICP001'),(1288,2,'ICP110'),(1291,1,'ICP110'),(1291,2,'ICP720'),(1293,1,'ICP110'),(1293,1,'ICP311'),(1293,2,'ICP500'),(1296,1,'ICP006'),(1296,1,'ICP103'),(1296,1,'ICP110'),(1296,1,'ICP311'),(1296,1,'ICP313'),(1296,2,'ICP341'),(1296,2,'ICP500'),(1296,3,'ICP395'),(1325,1,'ICP110'),(1325,2,'ICP680'),(1355,1,'ICP110'),(1355,2,'ICP469'),(1406,1,'ICP110'),(1435,1,'ICP006'),(1435,1,'ICP110'),(1435,1,'ICP311'),(1435,2,'ICP500'),(1509,1,'ICP001'),(1509,1,'ICP006'),(1509,2,'ICP002'),(1509,2,'ICP110'),(1509,3,'ICP311'),(1509,4,'ICP500'),(1572,1,'ICP103'),(1572,1,'ICP110'),(1572,1,'ICP386'),(1572,2,'ICP341'),(1572,2,'ICP395'),(1572,2,'ICP466'),(1572,2,'ICP620'),(1572,2,'ICP720'),(1572,3,'ICP445'),(1583,1,'ICP386'),(1583,2,'ICP466'),(1607,1,'ICP301'),(1607,1,'ICP341'),(1607,1,'ICP386'),(1607,2,'ICP481'),(1620,1,'ICP006'),(1620,1,'ICP110'),(1620,1,'ICP311'),(1620,2,'ICP500'),(1646,1,'ICP006'),(1646,1,'ICP110'),(1646,1,'ICP311'),(1646,2,'ICP469'),(1646,2,'ICP500'),(1733,1,'ICP311'),(1733,2,'ICP422'),(1797,1,'ICP386'),(1797,2,'ICP466'),(1851,1,'ICP003'),(1851,1,'ICP311'),(1851,2,'ICP313'),(1851,3,'ICP486'),(1981,1,'ICP110'),(1981,1,'ICP311'),(1981,2,'ICP500'),(2015,1,'ICP006'),(2015,1,'ICP110'),(2015,1,'ICP311'),(2015,2,'ICP500'),(2026,1,'ICP386'),(2026,2,'ICP466'),(2114,1,'ICP341'),(2114,2,'ICP395'),(2114,3,'ICP445'),(2280,1,'ICP103'),(2280,1,'ICP386'),(2280,2,'ICP341'),(2280,2,'ICP395'),(2280,2,'ICP466'),(2280,3,'ICP495'),(2317,1,'ICP313'),(2317,1,'ICP341'),(2317,1,'ICP680'),(2317,2,'ICP395'),(2317,3,'ICP445'),(2474,1,'ICP003'),(2474,1,'ICP311'),(2474,2,'ICP313'),(2474,3,'ICP486'),(2565,1,'ICP313'),(2565,1,'ICP341'),(2565,2,'ICP395'),(2565,3,'ICP445'),(2598,1,'ICP006'),(2598,1,'ICP110'),(2598,1,'ICP311'),(2598,1,'ICP313'),(2598,1,'ICP331'),(2598,2,'ICP500'),(2610,1,'ICP003'),(2610,1,'ICP311'),(2610,2,'ICP313'),(2610,3,'ICP486'),(2659,1,'ICP006'),(2659,1,'ICP110'),(2659,1,'ICP311'),(2659,2,'ICP469'),(2659,2,'ICP500'),(2675,1,'ICP386'),(2675,2,'ICP466'),(2711,1,'ICP103'),(2711,1,'ICP386'),(2711,2,'ICP341'),(2711,3,'ICP481'),(2779,1,'ICP003'),(2779,1,'ICP311'),(2779,2,'ICP313'),(2779,3,'ICP486'),(2985,1,'ICP103'),(3021,1,'ICP006'),(3021,1,'ICP110'),(3021,1,'ICP302'),(3021,2,'ICP500'),(3075,1,'ICP006'),(3075,1,'ICP110'),(3075,1,'ICP311'),(3075,2,'ICP500'),(3226,1,'ICP110'),(3226,2,'ICP818'),(3286,1,'ICP006'),(3286,1,'ICP110'),(3286,1,'ICP311'),(3286,2,'ICP500'),(3357,1,'ICP006'),(3357,1,'ICP110'),(3357,1,'ICP311'),(3357,2,'ICP500'),(3667,1,'ICP103'),(3667,1,'ICP301'),(3667,1,'ICP386'),(3667,2,'ICP341'),(3667,3,'ICP481'),(3668,1,'ICP103'),(3668,1,'ICP301'),(3668,1,'ICP386'),(3668,2,'ICP341'),(3668,3,'ICP481'),(3705,1,'ICP103'),(3705,1,'ICP301'),(3705,1,'ICP386'),(3705,2,'ICP341'),(3705,3,'ICP481'),(3718,1,'ICP001'),(3718,2,'ICP002'),(3718,2,'ICP110'),(3718,3,'ICP311'),(3718,4,'ICP819'),(3877,1,'ICP386'),(3948,1,'ICP006'),(3948,1,'ICP110'),(3948,1,'ICP311'),(3948,2,'ICP500'),(3969,1,'ICP301'),(3969,1,'ICP341'),(3969,1,'ICP386'),(3969,2,'ICP481'),(3971,1,'ICP386'),(3971,2,'ICP466'),(4112,1,'ICP006'),(4112,1,'ICP110'),(4112,1,'ICP311'),(4112,2,'ICP469'),(4112,2,'ICP500'),(4178,1,'ICP002'),(4178,1,'ICP110'),(4178,2,'ICP311'),(4178,3,'ICP819'),(4281,1,'ICP110'),(4281,2,'ICP469'),(4296,1,'ICP006'),(4296,1,'ICP110'),(4296,1,'ICP311'),(4296,2,'ICP469'),(4296,2,'ICP500'),(4375,1,'ICP003'),(4375,1,'ICP311'),(4375,2,'ICP313'),(4375,3,'ICP486'),(4589,1,'ICP006'),(4589,1,'ICP110'),(4589,1,'ICP311'),(4589,2,'ICP469'),(4589,2,'ICP500'),(4607,1,'ICP006'),(4607,1,'ICP110'),(4607,1,'ICP302'),(4607,2,'ICP500'),(4747,1,'ICP311'),(4747,1,'ICP313'),(4747,2,'ICP486'),(4775,1,'ICP110'),(4775,2,'ICP500'),(4934,1,'ICP103'),(4934,2,'ICP341'),(4978,1,'ICP103'),(4980,1,'ICP006'),(4980,1,'ICP110'),(4980,1,'ICP311'),(4980,2,'ICP469'),(4980,2,'ICP500'),(4980,2,'ICP720'),(4980,3,'ICP740'),(5049,1,'ICP006'),(5049,1,'ICP110'),(5049,1,'ICP311'),(5049,2,'ICP500'),(5417,1,'ICP301'),(5417,1,'ICP341'),(5417,1,'ICP386'),(5417,2,'ICP481'),(5448,1,'ICP386'),(5448,2,'ICP466'),(5450,1,'ICP103'),(5450,1,'ICP110'),(5450,1,'ICP386'),(5450,1,'ICP817'),(5450,2,'ICP341'),(5450,2,'ICP395'),(5450,2,'ICP466'),(5450,2,'ICP620'),(5450,2,'ICP720'),(5450,3,'ICP445'),(5450,3,'ICP815'),(5461,1,'ICP002'),(5461,1,'ICP006'),(5461,1,'ICP110'),(5461,1,'ICP302'),(5461,2,'ICP500'),(5461,2,'ICP720'),(5461,3,'ICP740'),(5472,1,'ICP110'),(5472,2,'ICP818'),(5497,1,'ICP103'),(5497,2,'ICP341'),(5569,1,'ICP386'),(5569,2,'ICP466'),(5571,1,'ICP103'),(5571,2,'ICP810'),(5757,1,'ICP386'),(5757,2,'ICP466'),(5779,1,'ICP006'),(5779,1,'ICP110'),(5779,1,'ICP302'),(5779,2,'ICP500'),(5814,1,'ICP006'),(5814,1,'ICP110'),(5814,1,'ICP311'),(5814,2,'ICP500'),(5897,1,'ICP110'),(5897,2,'ICP710'),(5966,1,'ICP103'),(5966,1,'ICP301'),(5966,1,'ICP386'),(5966,2,'ICP341'),(5966,3,'ICP481'),(6032,1,'ICP386'),(6032,2,'ICP466'),(6279,1,'ICP006'),(6279,1,'ICP110'),(6279,1,'ICP311'),(6279,2,'ICP469'),(6279,2,'ICP500'),(6294,1,'ICP006'),(6294,1,'ICP110'),(6294,1,'ICP311'),(6294,2,'ICP500'),(6325,1,'ICP002'),(6325,2,'ICP003'),(6363,1,'ICP006'),(6363,1,'ICP110'),(6363,1,'ICP311'),(6363,2,'ICP469'),(6363,2,'ICP500'),(6437,1,'ICP103'),(6437,1,'ICP301'),(6437,1,'ICP386'),(6437,2,'ICP341'),(6437,3,'ICP481'),(6533,1,'ICP006'),(6533,1,'ICP110'),(6533,1,'ICP311'),(6533,2,'ICP469'),(6533,2,'ICP500'),(6574,1,'ICP002'),(6574,1,'ICP110'),(6574,2,'ICP311'),(6574,3,'ICP819'),(6604,1,'ICP103'),(6604,1,'ICP386'),(6604,2,'ICP341'),(6604,3,'ICP481'),(6679,1,'ICP003'),(6679,1,'ICP311'),(6679,2,'ICP313'),(6679,3,'ICP486'),(6692,1,'ICP103'),(6692,1,'ICP386'),(6692,1,'ICP465'),(6692,2,'ICP341'),(6692,3,'ICP481'),(6874,1,'ICP467'),(6898,1,'ICP103'),(6898,1,'ICP386'),(6898,2,'ICP341'),(6898,3,'ICP481'),(6922,1,'ICP313'),(6922,1,'ICP341'),(6922,2,'ICP395'),(6974,1,'ICP110'),(6974,2,'ICP469'),(7056,1,'ICP006'),(7056,1,'ICP110'),(7056,1,'ICP311'),(7056,1,'ICP341'),(7056,2,'ICP395'),(7056,2,'ICP500'),(7056,2,'ICP720'),(7056,3,'ICP445'),(7056,3,'ICP740'),(7107,1,'ICP311'),(7107,1,'ICP313'),(7107,2,'ICP486'),(7159,1,'ICP311'),(7159,2,'ICP422'),(7196,1,'ICP103'),(7196,2,'ICP341'),(7196,2,'ICP395'),(7196,3,'ICP495'),(7227,1,'ICP103'),(7227,1,'ICP110'),(7227,1,'ICP301'),(7227,1,'ICP311'),(7227,1,'ICP386'),(7227,2,'ICP341'),(7227,2,'ICP500'),(7227,3,'ICP481'),(7297,1,'ICP386'),(7297,2,'ICP466'),(7326,1,'ICP006'),(7326,1,'ICP110'),(7326,1,'ICP311'),(7326,2,'ICP500'),(7398,1,'ICP002'),(7398,1,'ICP006'),(7398,1,'ICP103'),(7398,1,'ICP110'),(7398,2,'ICP311'),(7398,2,'ICP720'),(7398,2,'ICP810'),(7398,3,'ICP500'),(7398,3,'ICP819'),(7398,4,'ICP740'),(7420,1,'ICP006'),(7420,1,'ICP311'),(7420,2,'ICP500'),(7484,1,'ICP006'),(7484,1,'ICP110'),(7484,1,'ICP311'),(7484,2,'ICP469'),(7484,2,'ICP500'),(7515,1,'ICP006'),(7515,1,'ICP110'),(7515,1,'ICP311'),(7515,2,'ICP469'),(7515,2,'ICP500'),(7593,1,'ICP301'),(7593,1,'ICP341'),(7593,1,'ICP386'),(7593,2,'ICP481'),(7645,1,'ICP001'),(7645,1,'ICP006'),(7645,2,'ICP002'),(7645,2,'ICP110'),(7645,3,'ICP311'),(7645,4,'ICP500'),(7720,1,'ICP006'),(7720,1,'ICP311'),(7720,1,'ICP720'),(7720,2,'ICP500'),(7720,3,'ICP740'),(7769,1,'ICP103'),(7769,2,'ICP341'),(7797,1,'ICP006'),(7797,1,'ICP110'),(7797,1,'ICP302'),(7797,2,'ICP500'),(7797,2,'ICP720'),(7817,1,'ICP006'),(7817,1,'ICP311'),(7817,2,'ICP500'),(7821,1,'ICP006'),(7821,1,'ICP110'),(7821,1,'ICP311'),(7821,2,'ICP500'),(7831,1,'ICP006'),(7831,1,'ICP311'),(7831,2,'ICP500'),(7832,1,'ICP006'),(7832,1,'ICP110'),(7832,1,'ICP311'),(7832,2,'ICP500'),(8030,1,'ICP386'),(8030,2,'ICP466'),(8062,1,'ICP006'),(8062,1,'ICP110'),(8062,1,'ICP311'),(8062,2,'ICP500'),(8155,1,'ICP006'),(8155,1,'ICP110'),(8155,1,'ICP311'),(8155,2,'ICP469'),(8155,2,'ICP500'),(8306,1,'ICP006'),(8306,1,'ICP110'),(8306,1,'ICP311'),(8306,2,'ICP500'),(8509,1,'ICP467'),(8527,1,'ICP110'),(8527,2,'ICP500'),(8628,1,'ICP103'),(8628,1,'ICP301'),(8628,1,'ICP386'),(8628,2,'ICP341'),(8628,3,'ICP481'),(8647,1,'ICP103'),(8647,2,'ICP341'),(8688,1,'ICP103'),(8688,1,'ICP301'),(8688,1,'ICP386'),(8688,2,'ICP341'),(8688,3,'ICP481'),(8877,1,'ICP386'),(8877,2,'ICP466'),(8889,1,'ICP110'),(8889,2,'ICP620'),(8941,1,'ICP103'),(8941,2,'ICP341'),(8941,2,'ICP395'),(8941,3,'ICP495'),(8952,1,'ICP103'),(8952,1,'ICP386'),(8952,2,'ICP341'),(8952,3,'ICP481'),(8959,1,'ICP103'),(8959,2,'ICP341'),(9050,1,'ICP006'),(9050,1,'ICP110'),(9050,1,'ICP311'),(9050,2,'ICP500'),(9076,1,'ICP004'),(9076,2,'ICP005'),(9076,3,'ICP331'),(9117,1,'ICP110'),(9117,2,'ICP469'),(9185,1,'ICP341'),(9185,2,'ICP395'),(9185,3,'ICP445'),(9249,1,'ICP006'),(9249,1,'ICP110'),(9249,1,'ICP311'),(9249,2,'ICP500'),(9249,2,'ICP720'),(9306,1,'ICP006'),(9306,1,'ICP110'),(9306,1,'ICP302'),(9306,2,'ICP500'),(9325,1,'ICP386'),(9422,1,'ICP110'),(9422,2,'ICP469'),(9451,1,'ICP006'),(9451,1,'ICP110'),(9451,1,'ICP311'),(9451,1,'ICP341'),(9451,2,'ICP395'),(9451,2,'ICP500'),(9451,2,'ICP720'),(9451,3,'ICP445'),(9451,3,'ICP740'),(9524,1,'ICP001'),(9524,1,'ICP006'),(9524,2,'ICP002'),(9524,2,'ICP110'),(9524,3,'ICP311'),(9524,4,'ICP500'),(9784,1,'ICP110'),(9784,2,'ICP469'),(9797,1,'ICP103'),(9797,2,'ICP341'),(9812,1,'ICP311'),(9812,1,'ICP313'),(9812,2,'ICP486'),(9814,1,'ICP006'),(9814,1,'ICP110'),(9814,1,'ICP311'),(9814,2,'ICP500'),(9868,1,'ICP006'),(9868,1,'ICP110'),(9868,1,'ICP311'),(9868,2,'ICP500'),(9968,1,'ICP103'),(9968,1,'ICP301'),(9968,1,'ICP386'),(9968,2,'ICP341'),(9968,3,'ICP481'),(9978,1,'ICP311'),(9978,1,'ICP313'),(9978,2,'ICP486'),(111174351,1,'ICP001'),(111174351,2,'ICP002'),(111174351,3,'ICP003'),(111174351,3,'ICP311'),(111174351,4,'ICP313'),(111174351,5,'ICP486'),(112793854,1,'ICP006'),(112793854,1,'ICP110'),(112793854,1,'ICP311'),(112793854,2,'ICP500'),(125202274,1,'ICP001'),(125202274,1,'ICP103'),(125202274,2,'ICP301'),(125202274,2,'ICP341'),(125202274,2,'ICP386'),(125202274,3,'ICP481'),(137852438,1,'ICP006'),(137852438,1,'ICP110'),(137852438,1,'ICP311'),(137852438,2,'ICP500'),(141922012,1,'ICP002'),(141922012,2,'ICP003'),(141922012,2,'ICP311'),(141922012,3,'ICP313'),(141922012,4,'ICP486'),(164821430,1,'ICP001'),(164821430,2,'ICP002'),(164821430,3,'ICP003'),(164821430,3,'ICP311'),(164821430,4,'ICP313'),(164821430,5,'ICP486'),(166203121,1,'ICP001'),(166203121,1,'ICP006'),(166203121,1,'ICP200'),(166203121,2,'ICP002'),(166203121,2,'ICP110'),(166203121,2,'ICP720'),(166203121,3,'ICP311'),(166203121,4,'ICP500'),(166203121,4,'ICP819'),(166203121,5,'ICP740'),(178957047,1,'ICP110'),(178957047,2,'ICP469'),(192081592,1,'ICP006'),(192081592,1,'ICP200'),(192081592,1,'ICP311'),(192081592,2,'ICP500'),(192081592,2,'ICP720'),(192081592,3,'ICP740'),(196046272,1,'ICP002'),(196046272,1,'ICP006'),(196046272,1,'ICP110'),(196046272,2,'ICP311'),(196046272,2,'ICP469'),(196046272,3,'ICP500'),(222936116,1,'ICP006'),(222936116,1,'ICP200'),(222936116,1,'ICP311'),(222936116,2,'ICP500'),(222936116,2,'ICP720'),(222936116,2,'ICP819'),(222936116,3,'ICP740'),(258370250,1,'ICP006'),(258370250,1,'ICP200'),(258370250,1,'ICP311'),(258370250,2,'ICP500'),(258370250,2,'ICP720'),(258370250,2,'ICP818'),(258370250,2,'ICP819'),(258370250,3,'ICP740'),(285611992,1,'ICP006'),(285611992,1,'ICP110'),(285611992,1,'ICP200'),(285611992,1,'ICP311'),(285611992,2,'ICP500'),(285611992,2,'ICP720'),(285611992,3,'ICP740'),(287034437,1,'ICP006'),(287034437,1,'ICP200'),(287034437,1,'ICP311'),(287034437,2,'ICP500'),(287034437,2,'ICP720'),(287034437,2,'ICP819'),(287034437,3,'ICP740'),(291687847,1,'ICP006'),(291687847,1,'ICP200'),(291687847,1,'ICP311'),(291687847,2,'ICP500'),(291687847,2,'ICP720'),(291687847,2,'ICP819'),(291687847,3,'ICP740'),(292870227,1,'ICP001'),(292870227,1,'ICP006'),(292870227,1,'ICP720'),(292870227,2,'ICP002'),(292870227,2,'ICP110'),(292870227,3,'ICP311'),(292870227,4,'ICP500'),(292870227,5,'ICP740'),(316379525,1,'ICP110'),(316379525,1,'ICP311'),(316379525,2,'ICP361'),(316379525,3,'ICP461'),(324432052,1,'ICP001'),(324432052,2,'ICP002'),(324432052,3,'ICP003'),(324432052,3,'ICP311'),(324432052,4,'ICP313'),(324432052,5,'ICP486'),(348444351,1,'ICP311'),(348444351,1,'ICP313'),(348444351,2,'ICP486'),(356640298,1,'ICP469'),(356640298,1,'ICP818'),(356640298,2,'ICP660'),(362849335,1,'ICP006'),(362849335,1,'ICP200'),(362849335,1,'ICP311'),(362849335,2,'ICP500'),(362849335,2,'ICP720'),(362849335,2,'ICP818'),(362849335,3,'ICP740'),(370058038,1,'ICP006'),(370058038,1,'ICP110'),(370058038,1,'ICP311'),(370058038,2,'ICP469'),(370058038,2,'ICP500'),(410309476,1,'ICP001'),(410309476,1,'ICP006'),(410309476,1,'ICP200'),(410309476,2,'ICP002'),(410309476,2,'ICP720'),(410309476,3,'ICP311'),(410309476,4,'ICP500'),(410309476,4,'ICP819'),(410309476,5,'ICP740'),(411681300,1,'ICP006'),(411681300,1,'ICP200'),(411681300,1,'ICP311'),(411681300,2,'ICP500'),(411681300,2,'ICP720'),(411681300,2,'ICP819'),(411681300,3,'ICP740'),(413889315,1,'ICP002'),(413889315,2,'ICP003'),(413889315,2,'ICP311'),(413889315,3,'ICP313'),(413889315,4,'ICP486'),(435075950,1,'ICP002'),(435075950,1,'ICP006'),(435075950,1,'ICP110'),(435075950,1,'ICP720'),(435075950,2,'ICP311'),(435075950,3,'ICP500'),(435075950,4,'ICP740'),(442506203,1,'ICP006'),(442506203,1,'ICP110'),(442506203,1,'ICP311'),(442506203,2,'ICP469'),(442506203,2,'ICP500'),(448741355,1,'ICP001'),(448741355,2,'ICP002'),(448741355,3,'ICP003'),(448741355,3,'ICP311'),(448741355,4,'ICP313'),(448741355,5,'ICP486'),(452470039,1,'ICP006'),(452470039,1,'ICP110'),(452470039,1,'ICP311'),(452470039,2,'ICP500'),(495404878,1,'ICP006'),(495404878,1,'ICP110'),(495404878,1,'ICP200'),(495404878,1,'ICP302'),(495404878,2,'ICP500'),(495404878,2,'ICP720'),(495404878,3,'ICP740'),(496776246,1,'ICP103'),(496776246,2,'ICP341'),(496776246,3,'ICP403'),(497270695,1,'ICP001'),(497270695,1,'ICP103'),(497270695,2,'ICP301'),(497270695,2,'ICP341'),(497270695,2,'ICP386'),(497270695,3,'ICP481'),(506023024,1,'ICP680'),(516484914,1,'ICP006'),(516484914,1,'ICP200'),(516484914,1,'ICP311'),(516484914,2,'ICP500'),(516484914,2,'ICP720'),(516484914,3,'ICP740'),(524497078,1,'ICP006'),(524497078,1,'ICP200'),(524497078,1,'ICP311'),(524497078,2,'ICP500'),(524497078,2,'ICP720'),(524497078,2,'ICP819'),(524497078,3,'ICP740'),(532135187,1,'ICP200'),(532135187,2,'ICP720'),(532135187,3,'ICP811'),(532135187,4,'ICP813'),(561361210,1,'ICP006'),(561361210,1,'ICP200'),(561361210,1,'ICP311'),(561361210,2,'ICP500'),(561361210,2,'ICP720'),(561361210,2,'ICP819'),(561361210,3,'ICP740'),(578460210,1,'ICP110'),(578460210,2,'ICP469'),(601145152,1,'ICP006'),(601145152,1,'ICP200'),(601145152,1,'ICP311'),(601145152,2,'ICP500'),(601145152,2,'ICP720'),(601145152,2,'ICP819'),(601145152,3,'ICP740'),(630767823,1,'ICP006'),(630767823,1,'ICP200'),(630767823,1,'ICP311'),(630767823,2,'ICP500'),(630767823,2,'ICP720'),(630767823,2,'ICP819'),(630767823,3,'ICP740'),(658685554,1,'ICP006'),(658685554,1,'ICP200'),(658685554,1,'ICP311'),(658685554,2,'ICP500'),(658685554,2,'ICP720'),(658685554,3,'ICP740'),(659691843,1,'ICP006'),(659691843,1,'ICP200'),(659691843,1,'ICP311'),(659691843,2,'ICP500'),(659691843,2,'ICP720'),(659691843,3,'ICP740'),(664758087,1,'ICP006'),(664758087,1,'ICP200'),(664758087,1,'ICP311'),(664758087,2,'ICP500'),(664758087,2,'ICP720'),(664758087,2,'ICP819'),(664758087,3,'ICP740'),(669457938,1,'ICP006'),(669457938,1,'ICP200'),(669457938,1,'ICP311'),(669457938,2,'ICP500'),(669457938,2,'ICP720'),(669457938,3,'ICP740'),(683869712,1,'ICP006'),(683869712,1,'ICP200'),(683869712,1,'ICP311'),(683869712,2,'ICP500'),(683869712,2,'ICP720'),(683869712,2,'ICP819'),(683869712,3,'ICP740'),(716407017,1,'ICP006'),(716407017,1,'ICP110'),(716407017,1,'ICP311'),(716407017,1,'ICP720'),(716407017,2,'ICP500'),(716407017,2,'ICP811'),(716407017,3,'ICP813'),(726508464,1,'ICP006'),(726508464,1,'ICP110'),(726508464,1,'ICP311'),(726508464,2,'ICP469'),(726508464,2,'ICP500'),(739074091,1,'ICP006'),(739074091,1,'ICP200'),(739074091,1,'ICP311'),(739074091,2,'ICP500'),(739074091,2,'ICP720'),(739074091,3,'ICP740'),(739546796,1,'ICP006'),(739546796,1,'ICP200'),(739546796,1,'ICP311'),(739546796,2,'ICP500'),(739546796,2,'ICP720'),(739546796,3,'ICP740'),(742695516,1,'ICP001'),(742695516,2,'ICP110'),(742695516,2,'ICP302'),(742695516,3,'ICP500'),(749479466,1,'ICP103'),(749479466,1,'ICP301'),(749479466,1,'ICP386'),(749479466,2,'ICP341'),(749479466,3,'ICP481'),(759784803,1,'ICP001'),(759784803,1,'ICP006'),(759784803,2,'ICP110'),(759784803,2,'ICP302'),(759784803,3,'ICP500'),(784019298,1,'ICP001'),(784019298,1,'ICP103'),(784019298,2,'ICP301'),(784019298,2,'ICP341'),(784019298,2,'ICP386'),(784019298,3,'ICP481'),(809869431,1,'ICP006'),(809869431,1,'ICP110'),(809869431,1,'ICP311'),(809869431,2,'ICP500'),(833064024,1,'ICP001'),(833064024,1,'ICP006'),(833064024,1,'ICP720'),(833064024,2,'ICP002'),(833064024,2,'ICP110'),(833064024,3,'ICP311'),(833064024,4,'ICP500'),(833064024,5,'ICP740'),(882961008,1,'ICP006'),(882961008,1,'ICP110'),(882961008,1,'ICP311'),(882961008,2,'ICP500'),(916025637,1,'ICP001'),(916025637,2,'ICP110'),(916025637,3,'ICP469'),(960676621,1,'ICP006'),(960676621,1,'ICP200'),(960676621,1,'ICP311'),(960676621,2,'ICP500'),(960676621,2,'ICP720'),(960676621,3,'ICP740'),(971245096,1,'ICP006'),(971245096,1,'ICP110'),(971245096,1,'ICP311'),(971245096,2,'ICP469'),(971245096,2,'ICP500');
/*!40000 ALTER TABLE `result` ENABLE KEYS */;
UNLOCK TABLES;

--
-- Table structure for table `rhs`
--

DROP TABLE IF EXISTS `rhs`;
/*!40101 SET @saved_cs_client     = @@character_set_client */;
/*!50503 SET character_set_client = utf8mb4 */;
CREATE TABLE `rhs` (
  `ruleid` int NOT NULL,
  `courseid` varchar(10) NOT NULL,
  PRIMARY KEY (`ruleid`,`courseid`)
) ENGINE=InnoDB DEFAULT CHARSET=latin1;
/*!40101 SET character_set_client = @saved_cs_client */;

--
-- Dumping data for table `rhs`
--

LOCK TABLES `rhs` WRITE;
/*!40000 ALTER TABLE `rhs` DISABLE KEYS */;
INSERT INTO `rhs` VALUES (1,'ICP110'),(2,'ICP311'),(3,'ICP500'),(4,'ICP311'),(5,'ICP500'),(6,'ICP500'),(7,'ICP311'),(8,'ICP500'),(9,'ICP500'),(10,'ICP500'),(11,'ICP500');
/*!40000 ALTER TABLE `rhs` ENABLE KEYS */;
UNLOCK TABLES;

--
-- Table structure for table `ruleinfo`
--

DROP TABLE IF EXISTS `ruleinfo`;
/*!40101 SET @saved_cs_client     = @@character_set_client */;
/*!50503 SET character_set_client = utf8mb4 */;
CREATE TABLE `ruleinfo` (
  `ruleid` int NOT NULL,
  `support` float DEFAULT NULL,
  `confidence` float DEFAULT NULL,
  `lift` float DEFAULT NULL,
  `count` int DEFAULT NULL,
  PRIMARY KEY (`ruleid`)
) ENGINE=InnoDB DEFAULT CHARSET=latin1;
/*!40101 SET character_set_client = @saved_cs_client */;

--
-- Dumping data for table `ruleinfo`
--

LOCK TABLES `ruleinfo` WRITE;
/*!40000 ALTER TABLE `ruleinfo` DISABLE KEYS */;
INSERT INTO `ruleinfo` VALUES (1,0.2,0.719101,1.53765,3),(2,0.2,0.910112,1.69382,3),(3,0.2,1,2.11579,3),(4,0.2,0.670213,1.24734,3),(5,0.2,0.744681,1.57559,3),(6,0.2,0.777778,1.64561,3),(7,0.2,0.875,1.62847,3),(8,0.2,1,2.11579,3),(9,0.2,1,2.11579,3),(10,0.2,0.936508,1.98145,3),(11,0.2,1,2.11579,3);
/*!40000 ALTER TABLE `ruleinfo` ENABLE KEYS */;
UNLOCK TABLES;

--
-- Table structure for table `webservicelist`
--

DROP TABLE IF EXISTS `webservicelist`;
/*!40101 SET @saved_cs_client     = @@character_set_client */;
/*!50503 SET character_set_client = utf8mb4 */;
CREATE TABLE `webservicelist` (
  `webServiceID` varchar(10) NOT NULL,
  `webServiceName` varchar(100) DEFAULT NULL,
  `reputation` float DEFAULT NULL,
  `price` float DEFAULT NULL,
  `duration` int DEFAULT NULL,
  `provider` varchar(50) DEFAULT NULL,
  `url` varchar(100) DEFAULT NULL,
  PRIMARY KEY (`webServiceID`)
) ENGINE=InnoDB DEFAULT CHARSET=latin1;
/*!40101 SET character_set_client = @saved_cs_client */;

--
-- Dumping data for table `webservicelist`
--

LOCK TABLES `webservicelist` WRITE;
/*!40000 ALTER TABLE `webservicelist` DISABLE KEYS */;
INSERT INTO `webservicelist` VALUES ('WSS1','WSS1Name',3,1,3,'serviceprovider','https://serviceprovider.com'),('WSS10','WSS10Name',3,1,3,'serviceprovider','https://serviceprovider.com'),('WSS100','WSS100Name',3,1,3,'serviceprovider','https://serviceprovider.com'),('WSS101','WSS101Name',3,1,3,'serviceprovider','https://serviceprovider.com'),('WSS102','WSS102Name',3,1,3,'serviceprovider','https://serviceprovider.com'),('WSS103','WSS103Name',3,1,3,'serviceprovider','https://serviceprovider.com'),('WSS104','WSS104Name',3,1,3,'serviceprovider','https://serviceprovider.com'),('WSS105','WSS105Name',3,1,3,'serviceprovider','https://serviceprovider.com'),('WSS106','WSS106Name',3,1,3,'serviceprovider','https://serviceprovider.com'),('WSS107','WSS107Name',3,1,3,'serviceprovider','https://serviceprovider.com'),('WSS108','WSS108Name',3,1,3,'serviceprovider','https://serviceprovider.com'),('WSS109','WSS109Name',3,1,3,'serviceprovider','https://serviceprovider.com'),('WSS11','WSS11Name',3,1,3,'serviceprovider','https://serviceprovider.com'),('WSS110','WSS110Name',3,1,3,'serviceprovider','https://serviceprovider.com'),('WSS111','WSS111Name',3,1,3,'serviceprovider','https://serviceprovider.com'),('WSS112','WSS112Name',3,1,3,'serviceprovider','https://serviceprovider.com'),('WSS113','WSS113Name',3,1,3,'serviceprovider','https://serviceprovider.com'),('WSS114','WSS114Name',3,1,3,'serviceprovider','https://serviceprovider.com'),('WSS115','WSS115Name',3,1,3,'serviceprovider','https://serviceprovider.com'),('WSS116','WSS116Name',3,1,3,'serviceprovider','https://serviceprovider.com'),('WSS117','WSS117Name',3,1,3,'serviceprovider','https://serviceprovider.com'),('WSS118','WSS118Name',3,1,3,'serviceprovider','https://serviceprovider.com'),('WSS119','WSS119Name',3,1,3,'serviceprovider','https://serviceprovider.com'),('WSS12','WSS12Name',3,1,3,'serviceprovider','https://serviceprovider.com'),('WSS120','WSS120Name',3,1,3,'serviceprovider','https://serviceprovider.com'),('WSS121','WSS121Name',3,1,3,'serviceprovider','https://serviceprovider.com'),('WSS122','WSS122Name',3,1,3,'serviceprovider','https://serviceprovider.com'),('WSS123','WSS123Name',3,1,3,'serviceprovider','https://serviceprovider.com'),('WSS124','WSS124Name',3,1,3,'serviceprovider','https://serviceprovider.com'),('WSS125','WSS125Name',3,1,3,'serviceprovider','https://serviceprovider.com'),('WSS126','WSS126Name',3,1,3,'serviceprovider','https://serviceprovider.com'),('WSS127','WSS127Name',3,1,3,'serviceprovider','https://serviceprovider.com'),('WSS128','WSS128Name',3,1,3,'serviceprovider','https://serviceprovider.com'),('WSS129','WSS129Name',3,1,3,'serviceprovider','https://serviceprovider.com'),('WSS13','WSS13Name',3,1,3,'serviceprovider','https://serviceprovider.com'),('WSS130','WSS130Name',3,1,3,'serviceprovider','https://serviceprovider.com'),('WSS131','WSS131Name',3,1,3,'serviceprovider','https://serviceprovider.com'),('WSS132','WSS132Name',3,1,3,'serviceprovider','https://serviceprovider.com'),('WSS133','WSS133Name',3,1,3,'serviceprovider','https://serviceprovider.com'),('WSS134','WSS134Name',3,1,3,'serviceprovider','https://serviceprovider.com'),('WSS135','WSS135Name',3,1,3,'serviceprovider','https://serviceprovider.com'),('WSS136','WSS136Name',3,1,3,'serviceprovider','https://serviceprovider.com'),('WSS137','WSS137Name',3,1,3,'serviceprovider','https://serviceprovider.com'),('WSS138','WSS138Name',3,1,3,'serviceprovider','https://serviceprovider.com'),('WSS139','WSS139Name',3,1,3,'serviceprovider','https://serviceprovider.com'),('WSS14','WSS14Name',3,1,3,'serviceprovider','https://serviceprovider.com'),('WSS140','WSS140Name',3,1,3,'serviceprovider','https://serviceprovider.com'),('WSS141','WSS141Name',3,1,3,'serviceprovider','https://serviceprovider.com'),('WSS142','WSS142Name',3,1,3,'serviceprovider','https://serviceprovider.com'),('WSS143','WSS143Name',3,1,3,'serviceprovider','https://serviceprovider.com'),('WSS144','WSS144Name',3,1,3,'serviceprovider','https://serviceprovider.com'),('WSS145','WSS145Name',3,1,3,'serviceprovider','https://serviceprovider.com'),('WSS146','WSS146Name',3,1,3,'serviceprovider','https://serviceprovider.com'),('WSS147','WSS147Name',3,1,3,'serviceprovider','https://serviceprovider.com'),('WSS148','WSS148Name',3,1,3,'serviceprovider','https://serviceprovider.com'),('WSS149','WSS149Name',3,1,3,'serviceprovider','https://serviceprovider.com'),('WSS15','WSS15Name',3,1,3,'serviceprovider','https://serviceprovider.com'),('WSS150','WSS150Name',3,1,3,'serviceprovider','https://serviceprovider.com'),('WSS151','WSS151Name',3,1,3,'serviceprovider','https://serviceprovider.com'),('WSS152','WSS152Name',3,1,3,'serviceprovider','https://serviceprovider.com'),('WSS153','WSS153Name',3,1,3,'serviceprovider','https://serviceprovider.com'),('WSS154','WSS154Name',3,1,3,'serviceprovider','https://serviceprovider.com'),('WSS155','WSS155Name',3,1,3,'serviceprovider','https://serviceprovider.com'),('WSS156','WSS156Name',3,1,3,'serviceprovider','https://serviceprovider.com'),('WSS157','WSS157Name',3,1,3,'serviceprovider','https://serviceprovider.com'),('WSS158','WSS158Name',3,1,3,'serviceprovider','https://serviceprovider.com'),('WSS159','WSS159Name',3,1,3,'serviceprovider','https://serviceprovider.com'),('WSS16','WSS16Name',3,1,3,'serviceprovider','https://serviceprovider.com'),('WSS160','WSS160Name',3,1,3,'serviceprovider','https://serviceprovider.com'),('WSS161','WSS161Name',3,1,3,'serviceprovider','https://serviceprovider.com'),('WSS162','WSS162Name',3,1,3,'serviceprovider','https://serviceprovider.com'),('WSS163','WSS163Name',3,1,3,'serviceprovider','https://serviceprovider.com'),('WSS164','WSS164Name',3,1,3,'serviceprovider','https://serviceprovider.com'),('WSS165','WSS165Name',3,1,3,'serviceprovider','https://serviceprovider.com'),('WSS166','WSS166Name',3,1,3,'serviceprovider','https://serviceprovider.com'),('WSS167','WSS167Name',3,1,3,'serviceprovider','https://serviceprovider.com'),('WSS168','WSS168Name',3,1,3,'serviceprovider','https://serviceprovider.com'),('WSS169','WSS169Name',3,1,3,'serviceprovider','https://serviceprovider.com'),('WSS17','WSS17Name',3,1,3,'serviceprovider','https://serviceprovider.com'),('WSS170','WSS170Name',3,1,3,'serviceprovider','https://serviceprovider.com'),('WSS171','WSS171Name',3,1,3,'serviceprovider','https://serviceprovider.com'),('WSS172','WSS172Name',3,1,3,'serviceprovider','https://serviceprovider.com'),('WSS173','WSS173Name',3,1,3,'serviceprovider','https://serviceprovider.com'),('WSS174','WSS174Name',3,1,3,'serviceprovider','https://serviceprovider.com'),('WSS175','WSS175Name',3,1,3,'serviceprovider','https://serviceprovider.com'),('WSS176','WSS176Name',3,1,3,'serviceprovider','https://serviceprovider.com'),('WSS177','WSS177Name',3,1,3,'serviceprovider','https://serviceprovider.com'),('WSS178','WSS178Name',3,1,3,'serviceprovider','https://serviceprovider.com'),('WSS179','WSS179Name',3,1,3,'serviceprovider','https://serviceprovider.com'),('WSS18','WSS18Name',3,1,3,'serviceprovider','https://serviceprovider.com'),('WSS180','WSS180Name',3,1,3,'serviceprovider','https://serviceprovider.com'),('WSS181','WSS181Name',3,1,3,'serviceprovider','https://serviceprovider.com'),('WSS182','WSS182Name',3,1,3,'serviceprovider','https://serviceprovider.com'),('WSS183','WSS183Name',3,1,3,'serviceprovider','https://serviceprovider.com'),('WSS184','WSS184Name',3,1,3,'serviceprovider','https://serviceprovider.com'),('WSS185','WSS185Name',3,1,3,'serviceprovider','https://serviceprovider.com'),('WSS186','WSS186Name',3,1,3,'serviceprovider','https://serviceprovider.com'),('WSS187','WSS187Name',3,1,3,'serviceprovider','https://serviceprovider.com'),('WSS188','WSS188Name',3,1,3,'serviceprovider','https://serviceprovider.com'),('WSS189','WSS189Name',3,1,3,'serviceprovider','https://serviceprovider.com'),('WSS19','WSS19Name',3,1,3,'serviceprovider','https://serviceprovider.com'),('WSS190','WSS190Name',3,1,3,'serviceprovider','https://serviceprovider.com'),('WSS191','WSS191Name',3,1,3,'serviceprovider','https://serviceprovider.com'),('WSS192','WSS192Name',3,1,3,'serviceprovider','https://serviceprovider.com'),('WSS193','WSS193Name',3,1,3,'serviceprovider','https://serviceprovider.com'),('WSS194','WSS194Name',3,1,3,'serviceprovider','https://serviceprovider.com'),('WSS195','WSS195Name',3,1,3,'serviceprovider','https://serviceprovider.com'),('WSS196','WSS196Name',3,1,3,'serviceprovider','https://serviceprovider.com'),('WSS197','WSS197Name',3,1,3,'serviceprovider','https://serviceprovider.com'),('WSS198','WSS198Name',3,1,3,'serviceprovider','https://serviceprovider.com'),('WSS199','WSS199Name',3,1,3,'serviceprovider','https://serviceprovider.com'),('WSS2','WSS2Name',3,1,3,'serviceprovider','https://serviceprovider.com'),('WSS20','WSS20Name',3,1,3,'serviceprovider','https://serviceprovider.com'),('WSS200','WSS200Name',3,1,3,'serviceprovider','https://serviceprovider.com'),('WSS201','WSS201Name',3,1,3,'serviceprovider','https://serviceprovider.com'),('WSS202','WSS202Name',3,1,3,'serviceprovider','https://serviceprovider.com'),('WSS203','WSS203Name',3,1,3,'serviceprovider','https://serviceprovider.com'),('WSS204','WSS204Name',3,1,3,'serviceprovider','https://serviceprovider.com'),('WSS205','WSS205Name',3,1,3,'serviceprovider','https://serviceprovider.com'),('WSS206','WSS206Name',3,1,3,'serviceprovider','https://serviceprovider.com'),('WSS207','WSS207Name',3,1,3,'serviceprovider','https://serviceprovider.com'),('WSS208','WSS208Name',3,1,3,'serviceprovider','https://serviceprovider.com'),('WSS209','WSS209Name',3,1,3,'serviceprovider','https://serviceprovider.com'),('WSS21','WSS21Name',3,1,3,'serviceprovider','https://serviceprovider.com'),('WSS210','WSS210Name',3,1,3,'serviceprovider','https://serviceprovider.com'),('WSS211','WSS211Name',3,1,3,'serviceprovider','https://serviceprovider.com'),('WSS212','WSS212Name',3,1,3,'serviceprovider','https://serviceprovider.com'),('WSS213','WSS213Name',3,1,3,'serviceprovider','https://serviceprovider.com'),('WSS214','WSS214Name',3,1,3,'serviceprovider','https://serviceprovider.com'),('WSS215','WSS215Name',3,1,3,'serviceprovider','https://serviceprovider.com'),('WSS216','WSS216Name',3,1,3,'serviceprovider','https://serviceprovider.com'),('WSS217','WSS217Name',3,1,3,'serviceprovider','https://serviceprovider.com'),('WSS218','WSS218Name',3,1,3,'serviceprovider','https://serviceprovider.com'),('WSS219','WSS219Name',3,1,3,'serviceprovider','https://serviceprovider.com'),('WSS22','WSS22Name',3,1,3,'serviceprovider','https://serviceprovider.com'),('WSS220','WSS220Name',3,1,3,'serviceprovider','https://serviceprovider.com'),('WSS221','WSS221Name',3,1,3,'serviceprovider','https://serviceprovider.com'),('WSS222','WSS222Name',3,1,3,'serviceprovider','https://serviceprovider.com'),('WSS223','WSS223Name',3,1,3,'serviceprovider','https://serviceprovider.com'),('WSS224','WSS224Name',3,1,3,'serviceprovider','https://serviceprovider.com'),('WSS225','WSS225Name',3,1,3,'serviceprovider','https://serviceprovider.com'),('WSS226','WSS226Name',3,1,3,'serviceprovider','https://serviceprovider.com'),('WSS227','WSS227Name',3,1,3,'serviceprovider','https://serviceprovider.com'),('WSS228','WSS228Name',3,1,3,'serviceprovider','https://serviceprovider.com'),('WSS229','WSS229Name',3,1,3,'serviceprovider','https://serviceprovider.com'),('WSS23','WSS23Name',3,1,3,'serviceprovider','https://serviceprovider.com'),('WSS230','WSS230Name',3,1,3,'serviceprovider','https://serviceprovider.com'),('WSS231','WSS231Name',3,1,3,'serviceprovider','https://serviceprovider.com'),('WSS232','WSS232Name',3,1,3,'serviceprovider','https://serviceprovider.com'),('WSS233','WSS233Name',3,1,3,'serviceprovider','https://serviceprovider.com'),('WSS234','WSS234Name',3,1,3,'serviceprovider','https://serviceprovider.com'),('WSS235','WSS235Name',3,1,3,'serviceprovider','https://serviceprovider.com'),('WSS236','WSS236Name',3,1,3,'serviceprovider','https://serviceprovider.com'),('WSS237','WSS237Name',3,1,3,'serviceprovider','https://serviceprovider.com'),('WSS238','WSS238Name',3,1,3,'serviceprovider','https://serviceprovider.com'),('WSS239','WSS239Name',3,1,3,'serviceprovider','https://serviceprovider.com'),('WSS24','WSS24Name',3,1,3,'serviceprovider','https://serviceprovider.com'),('WSS240','WSS240Name',3,1,3,'serviceprovider','https://serviceprovider.com'),('WSS241','WSS241Name',3,1,3,'serviceprovider','https://serviceprovider.com'),('WSS242','WSS242Name',3,1,3,'serviceprovider','https://serviceprovider.com'),('WSS243','WSS243Name',3,1,3,'serviceprovider','https://serviceprovider.com'),('WSS244','WSS244Name',3,1,3,'serviceprovider','https://serviceprovider.com'),('WSS245','WSS245Name',3,1,3,'serviceprovider','https://serviceprovider.com'),('WSS246','WSS246Name',3,1,3,'serviceprovider','https://serviceprovider.com'),('WSS247','WSS247Name',3,1,3,'serviceprovider','https://serviceprovider.com'),('WSS248','WSS248Name',3,1,3,'serviceprovider','https://serviceprovider.com'),('WSS249','WSS249Name',3,1,3,'serviceprovider','https://serviceprovider.com'),('WSS25','WSS25Name',3,1,3,'serviceprovider','https://serviceprovider.com'),('WSS250','WSS250Name',3,1,3,'serviceprovider','https://serviceprovider.com'),('WSS251','WSS251Name',3,1,3,'serviceprovider','https://serviceprovider.com'),('WSS252','WSS252Name',3,1,3,'serviceprovider','https://serviceprovider.com'),('WSS253','WSS253Name',3,1,3,'serviceprovider','https://serviceprovider.com'),('WSS254','WSS254Name',3,1,3,'serviceprovider','https://serviceprovider.com'),('WSS255','WSS255Name',3,1,3,'serviceprovider','https://serviceprovider.com'),('WSS256','WSS256Name',3,1,3,'serviceprovider','https://serviceprovider.com'),('WSS257','WSS257Name',3,1,3,'serviceprovider','https://serviceprovider.com'),('WSS258','WSS258Name',3,1,3,'serviceprovider','https://serviceprovider.com'),('WSS259','WSS259Name',3,1,3,'serviceprovider','https://serviceprovider.com'),('WSS26','WSS26Name',3,1,3,'serviceprovider','https://serviceprovider.com'),('WSS260','WSS260Name',3,1,3,'serviceprovider','https://serviceprovider.com'),('WSS261','WSS261Name',3,1,3,'serviceprovider','https://serviceprovider.com'),('WSS262','WSS262Name',3,1,3,'serviceprovider','https://serviceprovider.com'),('WSS263','WSS263Name',3,1,3,'serviceprovider','https://serviceprovider.com'),('WSS264','WSS264Name',3,1,3,'serviceprovider','https://serviceprovider.com'),('WSS265','WSS265Name',3,1,3,'serviceprovider','https://serviceprovider.com'),('WSS266','WSS266Name',3,1,3,'serviceprovider','https://serviceprovider.com'),('WSS267','WSS267Name',3,1,3,'serviceprovider','https://serviceprovider.com'),('WSS268','WSS268Name',3,1,3,'serviceprovider','https://serviceprovider.com'),('WSS269','WSS269Name',3,1,3,'serviceprovider','https://serviceprovider.com'),('WSS27','WSS27Name',3,1,3,'serviceprovider','https://serviceprovider.com'),('WSS270','WSS270Name',3,1,3,'serviceprovider','https://serviceprovider.com'),('WSS271','WSS271Name',3,1,3,'serviceprovider','https://serviceprovider.com'),('WSS272','WSS272Name',3,1,3,'serviceprovider','https://serviceprovider.com'),('WSS273','WSS273Name',3,1,3,'serviceprovider','https://serviceprovider.com'),('WSS274','WSS274Name',3,1,3,'serviceprovider','https://serviceprovider.com'),('WSS275','WSS275Name',3,1,3,'serviceprovider','https://serviceprovider.com'),('WSS276','WSS276Name',3,1,3,'serviceprovider','https://serviceprovider.com'),('WSS277','WSS277Name',3,1,3,'serviceprovider','https://serviceprovider.com'),('WSS278','WSS278Name',3,1,3,'serviceprovider','https://serviceprovider.com'),('WSS279','WSS279Name',3,1,3,'serviceprovider','https://serviceprovider.com'),('WSS28','WSS28Name',3,1,3,'serviceprovider','https://serviceprovider.com'),('WSS280','WSS280Name',3,1,3,'serviceprovider','https://serviceprovider.com'),('WSS281','WSS281Name',3,1,3,'serviceprovider','https://serviceprovider.com'),('WSS282','WSS282Name',3,1,3,'serviceprovider','https://serviceprovider.com'),('WSS283','WSS283Name',3,1,3,'serviceprovider','https://serviceprovider.com'),('WSS284','WSS284Name',3,1,3,'serviceprovider','https://serviceprovider.com'),('WSS285','WSS285Name',3,1,3,'serviceprovider','https://serviceprovider.com'),('WSS286','WSS286Name',3,1,3,'serviceprovider','https://serviceprovider.com'),('WSS287','WSS287Name',3,1,3,'serviceprovider','https://serviceprovider.com'),('WSS288','WSS288Name',3,1,3,'serviceprovider','https://serviceprovider.com'),('WSS289','WSS289Name',3,1,3,'serviceprovider','https://serviceprovider.com'),('WSS29','WSS29Name',3,1,3,'serviceprovider','https://serviceprovider.com'),('WSS290','WSS290Name',3,1,3,'serviceprovider','https://serviceprovider.com'),('WSS291','WSS291Name',3,1,3,'serviceprovider','https://serviceprovider.com'),('WSS292','WSS292Name',3,1,3,'serviceprovider','https://serviceprovider.com'),('WSS293','WSS293Name',3,1,3,'serviceprovider','https://serviceprovider.com'),('WSS294','WSS294Name',3,1,3,'serviceprovider','https://serviceprovider.com'),('WSS295','WSS295Name',3,1,3,'serviceprovider','https://serviceprovider.com'),('WSS296','WSS296Name',3,1,3,'serviceprovider','https://serviceprovider.com'),('WSS297','WSS297Name',3,1,3,'serviceprovider','https://serviceprovider.com'),('WSS298','WSS298Name',3,1,3,'serviceprovider','https://serviceprovider.com'),('WSS299','WSS299Name',3,1,3,'serviceprovider','https://serviceprovider.com'),('WSS3','WSS3Name',3,1,3,'serviceprovider','https://serviceprovider.com'),('WSS30','WSS30Name',3,1,3,'serviceprovider','https://serviceprovider.com'),('WSS300','WSS300Name',3,1,3,'serviceprovider','https://serviceprovider.com'),('WSS301','WSS301Name',3,1,3,'serviceprovider','https://serviceprovider.com'),('WSS302','WSS302Name',3,1,3,'serviceprovider','https://serviceprovider.com'),('WSS303','WSS303Name',3,1,3,'serviceprovider','https://serviceprovider.com'),('WSS304','WSS304Name',3,1,3,'serviceprovider','https://serviceprovider.com'),('WSS305','WSS305Name',3,1,3,'serviceprovider','https://serviceprovider.com'),('WSS306','WSS306Name',3,1,3,'serviceprovider','https://serviceprovider.com'),('WSS307','WSS307Name',3,1,3,'serviceprovider','https://serviceprovider.com'),('WSS308','WSS308Name',3,1,3,'serviceprovider','https://serviceprovider.com'),('WSS309','WSS309Name',3,1,3,'serviceprovider','https://serviceprovider.com'),('WSS31','WSS31Name',3,1,3,'serviceprovider','https://serviceprovider.com'),('WSS310','WSS310Name',3,1,3,'serviceprovider','https://serviceprovider.com'),('WSS311','WSS311Name',3,1,3,'serviceprovider','https://serviceprovider.com'),('WSS312','WSS312Name',3,1,3,'serviceprovider','https://serviceprovider.com'),('WSS313','WSS313Name',3,1,3,'serviceprovider','https://serviceprovider.com'),('WSS314','WSS314Name',3,1,3,'serviceprovider','https://serviceprovider.com'),('WSS315','WSS315Name',3,1,3,'serviceprovider','https://serviceprovider.com'),('WSS316','WSS316Name',3,1,3,'serviceprovider','https://serviceprovider.com'),('WSS317','WSS317Name',3,1,3,'serviceprovider','https://serviceprovider.com'),('WSS318','WSS318Name',3,1,3,'serviceprovider','https://serviceprovider.com'),('WSS319','WSS319Name',3,1,3,'serviceprovider','https://serviceprovider.com'),('WSS32','WSS32Name',3,1,3,'serviceprovider','https://serviceprovider.com'),('WSS320','WSS320Name',3,1,3,'serviceprovider','https://serviceprovider.com'),('WSS321','WSS321Name',3,1,3,'serviceprovider','https://serviceprovider.com'),('WSS322','WSS322Name',3,1,3,'serviceprovider','https://serviceprovider.com'),('WSS323','WSS323Name',3,1,3,'serviceprovider','https://serviceprovider.com'),('WSS324','WSS324Name',3,1,3,'serviceprovider','https://serviceprovider.com'),('WSS325','WSS325Name',3,1,3,'serviceprovider','https://serviceprovider.com'),('WSS326','WSS326Name',3,1,3,'serviceprovider','https://serviceprovider.com'),('WSS327','WSS327Name',3,1,3,'serviceprovider','https://serviceprovider.com'),('WSS328','WSS328Name',3,1,3,'serviceprovider','https://serviceprovider.com'),('WSS329','WSS329Name',3,1,3,'serviceprovider','https://serviceprovider.com'),('WSS33','WSS33Name',3,1,3,'serviceprovider','https://serviceprovider.com'),('WSS330','WSS330Name',3,1,3,'serviceprovider','https://serviceprovider.com'),('WSS331','WSS331Name',3,1,3,'serviceprovider','https://serviceprovider.com'),('WSS332','WSS332Name',3,1,3,'serviceprovider','https://serviceprovider.com'),('WSS333','WSS333Name',3,1,3,'serviceprovider','https://serviceprovider.com'),('WSS334','WSS334Name',3,1,3,'serviceprovider','https://serviceprovider.com'),('WSS335','WSS335Name',3,1,3,'serviceprovider','https://serviceprovider.com'),('WSS336','WSS336Name',3,1,3,'serviceprovider','https://serviceprovider.com'),('WSS337','WSS337Name',3,1,3,'serviceprovider','https://serviceprovider.com'),('WSS338','WSS338Name',3,1,3,'serviceprovider','https://serviceprovider.com'),('WSS339','WSS339Name',3,1,3,'serviceprovider','https://serviceprovider.com'),('WSS34','WSS34Name',3,1,3,'serviceprovider','https://serviceprovider.com'),('WSS340','WSS340Name',3,1,3,'serviceprovider','https://serviceprovider.com'),('WSS341','WSS341Name',3,1,3,'serviceprovider','https://serviceprovider.com'),('WSS342','WSS342Name',3,1,3,'serviceprovider','https://serviceprovider.com'),('WSS343','WSS343Name',3,1,3,'serviceprovider','https://serviceprovider.com'),('WSS344','WSS344Name',3,1,3,'serviceprovider','https://serviceprovider.com'),('WSS345','WSS345Name',3,1,3,'serviceprovider','https://serviceprovider.com'),('WSS346','WSS346Name',3,1,3,'serviceprovider','https://serviceprovider.com'),('WSS347','WSS347Name',3,1,3,'serviceprovider','https://serviceprovider.com'),('WSS348','WSS348Name',3,1,3,'serviceprovider','https://serviceprovider.com'),('WSS349','WSS349Name',3,1,3,'serviceprovider','https://serviceprovider.com'),('WSS35','WSS35Name',3,1,3,'serviceprovider','https://serviceprovider.com'),('WSS350','WSS350Name',3,1,3,'serviceprovider','https://serviceprovider.com'),('WSS351','WSS351Name',3,1,3,'serviceprovider','https://serviceprovider.com'),('WSS352','WSS352Name',3,1,3,'serviceprovider','https://serviceprovider.com'),('WSS353','WSS353Name',3,1,3,'serviceprovider','https://serviceprovider.com'),('WSS354','WSS354Name',3,1,3,'serviceprovider','https://serviceprovider.com'),('WSS355','WSS355Name',3,1,3,'serviceprovider','https://serviceprovider.com'),('WSS356','WSS356Name',3,1,3,'serviceprovider','https://serviceprovider.com'),('WSS357','WSS357Name',3,1,3,'serviceprovider','https://serviceprovider.com'),('WSS358','WSS358Name',3,1,3,'serviceprovider','https://serviceprovider.com'),('WSS359','WSS359Name',3,1,3,'serviceprovider','https://serviceprovider.com'),('WSS36','WSS36Name',3,1,3,'serviceprovider','https://serviceprovider.com'),('WSS360','WSS360Name',3,1,3,'serviceprovider','https://serviceprovider.com'),('WSS361','WSS361Name',3,1,3,'serviceprovider','https://serviceprovider.com'),('WSS362','WSS362Name',3,1,3,'serviceprovider','https://serviceprovider.com'),('WSS363','WSS363Name',3,1,3,'serviceprovider','https://serviceprovider.com'),('WSS364','WSS364Name',3,1,3,'serviceprovider','https://serviceprovider.com'),('WSS365','WSS365Name',3,1,3,'serviceprovider','https://serviceprovider.com'),('WSS366','WSS366Name',3,1,3,'serviceprovider','https://serviceprovider.com'),('WSS367','WSS367Name',3,1,3,'serviceprovider','https://serviceprovider.com'),('WSS368','WSS368Name',3,1,3,'serviceprovider','https://serviceprovider.com'),('WSS369','WSS369Name',3,1,3,'serviceprovider','https://serviceprovider.com'),('WSS37','WSS37Name',3,1,3,'serviceprovider','https://serviceprovider.com'),('WSS370','WSS370Name',3,1,3,'serviceprovider','https://serviceprovider.com'),('WSS371','WSS371Name',3,1,3,'serviceprovider','https://serviceprovider.com'),('WSS372','WSS372Name',3,1,3,'serviceprovider','https://serviceprovider.com'),('WSS373','WSS373Name',3,1,3,'serviceprovider','https://serviceprovider.com'),('WSS374','WSS374Name',3,1,3,'serviceprovider','https://serviceprovider.com'),('WSS375','WSS375Name',3,1,3,'serviceprovider','https://serviceprovider.com'),('WSS376','WSS376Name',3,1,3,'serviceprovider','https://serviceprovider.com'),('WSS377','WSS377Name',3,1,3,'serviceprovider','https://serviceprovider.com'),('WSS378','WSS378Name',3,1,3,'serviceprovider','https://serviceprovider.com'),('WSS379','WSS379Name',3,1,3,'serviceprovider','https://serviceprovider.com'),('WSS38','WSS38Name',3,1,3,'serviceprovider','https://serviceprovider.com'),('WSS380','WSS380Name',3,1,3,'serviceprovider','https://serviceprovider.com'),('WSS381','WSS381Name',3,1,3,'serviceprovider','https://serviceprovider.com'),('WSS382','WSS382Name',3,1,3,'serviceprovider','https://serviceprovider.com'),('WSS383','WSS383Name',3,1,3,'serviceprovider','https://serviceprovider.com'),('WSS384','WSS384Name',3,1,3,'serviceprovider','https://serviceprovider.com'),('WSS385','WSS385Name',3,1,3,'serviceprovider','https://serviceprovider.com'),('WSS386','WSS386Name',3,1,3,'serviceprovider','https://serviceprovider.com'),('WSS387','WSS387Name',3,1,3,'serviceprovider','https://serviceprovider.com'),('WSS388','WSS388Name',3,1,3,'serviceprovider','https://serviceprovider.com'),('WSS389','WSS389Name',3,1,3,'serviceprovider','https://serviceprovider.com'),('WSS39','WSS39Name',3,1,3,'serviceprovider','https://serviceprovider.com'),('WSS390','WSS390Name',3,1,3,'serviceprovider','https://serviceprovider.com'),('WSS391','WSS391Name',3,1,3,'serviceprovider','https://serviceprovider.com'),('WSS392','WSS392Name',3,1,3,'serviceprovider','https://serviceprovider.com'),('WSS393','WSS393Name',3,1,3,'serviceprovider','https://serviceprovider.com'),('WSS394','WSS394Name',3,1,3,'serviceprovider','https://serviceprovider.com'),('WSS395','WSS395Name',3,1,3,'serviceprovider','https://serviceprovider.com'),('WSS396','WSS396Name',3,1,3,'serviceprovider','https://serviceprovider.com'),('WSS397','WSS397Name',3,1,3,'serviceprovider','https://serviceprovider.com'),('WSS398','WSS398Name',3,1,3,'serviceprovider','https://serviceprovider.com'),('WSS399','WSS399Name',3,1,3,'serviceprovider','https://serviceprovider.com'),('WSS4','WSS4Name',3,1,3,'serviceprovider','https://serviceprovider.com'),('WSS40','WSS40Name',3,1,3,'serviceprovider','https://serviceprovider.com'),('WSS400','WSS400Name',3,1,3,'serviceprovider','https://serviceprovider.com'),('WSS401','WSS401Name',3,1,3,'serviceprovider','https://serviceprovider.com'),('WSS402','WSS402Name',3,1,3,'serviceprovider','https://serviceprovider.com'),('WSS403','WSS403Name',3,1,3,'serviceprovider','https://serviceprovider.com'),('WSS404','WSS404Name',3,1,3,'serviceprovider','https://serviceprovider.com'),('WSS405','WSS405Name',3,1,3,'serviceprovider','https://serviceprovider.com'),('WSS406','WSS406Name',3,1,3,'serviceprovider','https://serviceprovider.com'),('WSS407','WSS407Name',3,1,3,'serviceprovider','https://serviceprovider.com'),('WSS408','WSS408Name',3,1,3,'serviceprovider','https://serviceprovider.com'),('WSS409','WSS409Name',3,1,3,'serviceprovider','https://serviceprovider.com'),('WSS41','WSS41Name',3,1,3,'serviceprovider','https://serviceprovider.com'),('WSS410','WSS410Name',3,1,3,'serviceprovider','https://serviceprovider.com'),('WSS411','WSS411Name',3,1,3,'serviceprovider','https://serviceprovider.com'),('WSS412','WSS412Name',3,1,3,'serviceprovider','https://serviceprovider.com'),('WSS413','WSS413Name',3,1,3,'serviceprovider','https://serviceprovider.com'),('WSS414','WSS414Name',3,1,3,'serviceprovider','https://serviceprovider.com'),('WSS415','WSS415Name',3,1,3,'serviceprovider','https://serviceprovider.com'),('WSS416','WSS416Name',3,1,3,'serviceprovider','https://serviceprovider.com'),('WSS417','WSS417Name',3,1,3,'serviceprovider','https://serviceprovider.com'),('WSS418','WSS418Name',3,1,3,'serviceprovider','https://serviceprovider.com'),('WSS419','WSS419Name',3,1,3,'serviceprovider','https://serviceprovider.com'),('WSS42','WSS42Name',3,1,3,'serviceprovider','https://serviceprovider.com'),('WSS420','WSS420Name',3,1,3,'serviceprovider','https://serviceprovider.com'),('WSS421','WSS421Name',3,1,3,'serviceprovider','https://serviceprovider.com'),('WSS422','WSS422Name',3,1,3,'serviceprovider','https://serviceprovider.com'),('WSS423','WSS423Name',3,1,3,'serviceprovider','https://serviceprovider.com'),('WSS424','WSS424Name',3,1,3,'serviceprovider','https://serviceprovider.com'),('WSS425','WSS425Name',3,1,3,'serviceprovider','https://serviceprovider.com'),('WSS426','WSS426Name',3,1,3,'serviceprovider','https://serviceprovider.com'),('WSS427','WSS427Name',3,1,3,'serviceprovider','https://serviceprovider.com'),('WSS428','WSS428Name',3,1,3,'serviceprovider','https://serviceprovider.com'),('WSS429','WSS429Name',3,1,3,'serviceprovider','https://serviceprovider.com'),('WSS43','WSS43Name',3,1,3,'serviceprovider','https://serviceprovider.com'),('WSS430','WSS430Name',3,1,3,'serviceprovider','https://serviceprovider.com'),('WSS431','WSS431Name',3,1,3,'serviceprovider','https://serviceprovider.com'),('WSS432','WSS432Name',3,1,3,'serviceprovider','https://serviceprovider.com'),('WSS433','WSS433Name',3,1,3,'serviceprovider','https://serviceprovider.com'),('WSS434','WSS434Name',3,1,3,'serviceprovider','https://serviceprovider.com'),('WSS435','WSS435Name',3,1,3,'serviceprovider','https://serviceprovider.com'),('WSS436','WSS436Name',3,1,3,'serviceprovider','https://serviceprovider.com'),('WSS437','WSS437Name',3,1,3,'serviceprovider','https://serviceprovider.com'),('WSS438','WSS438Name',3,1,3,'serviceprovider','https://serviceprovider.com'),('WSS439','WSS439Name',3,1,3,'serviceprovider','https://serviceprovider.com'),('WSS44','WSS44Name',3,1,3,'serviceprovider','https://serviceprovider.com'),('WSS440','WSS440Name',3,1,3,'serviceprovider','https://serviceprovider.com'),('WSS441','WSS441Name',3,1,3,'serviceprovider','https://serviceprovider.com'),('WSS442','WSS442Name',3,1,3,'serviceprovider','https://serviceprovider.com'),('WSS443','WSS443Name',3,1,3,'serviceprovider','https://serviceprovider.com'),('WSS444','WSS444Name',3,1,3,'serviceprovider','https://serviceprovider.com'),('WSS445','WSS445Name',3,1,3,'serviceprovider','https://serviceprovider.com'),('WSS446','WSS446Name',3,1,3,'serviceprovider','https://serviceprovider.com'),('WSS447','WSS447Name',3,1,3,'serviceprovider','https://serviceprovider.com'),('WSS448','WSS448Name',3,1,3,'serviceprovider','https://serviceprovider.com'),('WSS449','WSS449Name',3,1,3,'serviceprovider','https://serviceprovider.com'),('WSS45','WSS45Name',3,1,3,'serviceprovider','https://serviceprovider.com'),('WSS450','WSS450Name',3,1,3,'serviceprovider','https://serviceprovider.com'),('WSS451','WSS451Name',3,1,3,'serviceprovider','https://serviceprovider.com'),('WSS452','WSS452Name',3,1,3,'serviceprovider','https://serviceprovider.com'),('WSS453','WSS453Name',3,1,3,'serviceprovider','https://serviceprovider.com'),('WSS454','WSS454Name',3,1,3,'serviceprovider','https://serviceprovider.com'),('WSS455','WSS455Name',3,1,3,'serviceprovider','https://serviceprovider.com'),('WSS456','WSS456Name',3,1,3,'serviceprovider','https://serviceprovider.com'),('WSS457','WSS457Name',3,1,3,'serviceprovider','https://serviceprovider.com'),('WSS458','WSS458Name',3,1,3,'serviceprovider','https://serviceprovider.com'),('WSS459','WSS459Name',3,1,3,'serviceprovider','https://serviceprovider.com'),('WSS46','WSS46Name',3,1,3,'serviceprovider','https://serviceprovider.com'),('WSS460','WSS460Name',3,1,3,'serviceprovider','https://serviceprovider.com'),('WSS461','WSS461Name',3,1,3,'serviceprovider','https://serviceprovider.com'),('WSS462','WSS462Name',3,1,3,'serviceprovider','https://serviceprovider.com'),('WSS463','WSS463Name',3,1,3,'serviceprovider','https://serviceprovider.com'),('WSS464','WSS464Name',3,1,3,'serviceprovider','https://serviceprovider.com'),('WSS465','WSS465Name',3,1,3,'serviceprovider','https://serviceprovider.com'),('WSS466','WSS466Name',3,1,3,'serviceprovider','https://serviceprovider.com'),('WSS467','WSS467Name',3,1,3,'serviceprovider','https://serviceprovider.com'),('WSS468','WSS468Name',3,1,3,'serviceprovider','https://serviceprovider.com'),('WSS469','WSS469Name',3,1,3,'serviceprovider','https://serviceprovider.com'),('WSS47','WSS47Name',3,1,3,'serviceprovider','https://serviceprovider.com'),('WSS470','WSS470Name',3,1,3,'serviceprovider','https://serviceprovider.com'),('WSS471','WSS471Name',3,1,3,'serviceprovider','https://serviceprovider.com'),('WSS472','WSS472Name',3,1,3,'serviceprovider','https://serviceprovider.com'),('WSS473','WSS473Name',3,1,3,'serviceprovider','https://serviceprovider.com'),('WSS474','WSS474Name',3,1,3,'serviceprovider','https://serviceprovider.com'),('WSS475','WSS475Name',3,1,3,'serviceprovider','https://serviceprovider.com'),('WSS476','WSS476Name',3,1,3,'serviceprovider','https://serviceprovider.com'),('WSS477','WSS477Name',3,1,3,'serviceprovider','https://serviceprovider.com'),('WSS478','WSS478Name',3,1,3,'serviceprovider','https://serviceprovider.com'),('WSS479','WSS479Name',3,1,3,'serviceprovider','https://serviceprovider.com'),('WSS48','WSS48Name',3,1,3,'serviceprovider','https://serviceprovider.com'),('WSS480','WSS480Name',3,1,3,'serviceprovider','https://serviceprovider.com'),('WSS481','WSS481Name',3,1,3,'serviceprovider','https://serviceprovider.com'),('WSS482','WSS482Name',3,1,3,'serviceprovider','https://serviceprovider.com'),('WSS483','WSS483Name',3,1,3,'serviceprovider','https://serviceprovider.com'),('WSS484','WSS484Name',3,1,3,'serviceprovider','https://serviceprovider.com'),('WSS485','WSS485Name',3,1,3,'serviceprovider','https://serviceprovider.com'),('WSS486','WSS486Name',3,1,3,'serviceprovider','https://serviceprovider.com'),('WSS487','WSS487Name',3,1,3,'serviceprovider','https://serviceprovider.com'),('WSS488','WSS488Name',3,1,3,'serviceprovider','https://serviceprovider.com'),('WSS489','WSS489Name',3,1,3,'serviceprovider','https://serviceprovider.com'),('WSS49','WSS49Name',3,1,3,'serviceprovider','https://serviceprovider.com'),('WSS490','WSS490Name',3,1,3,'serviceprovider','https://serviceprovider.com'),('WSS491','WSS491Name',3,1,3,'serviceprovider','https://serviceprovider.com'),('WSS492','WSS492Name',3,1,3,'serviceprovider','https://serviceprovider.com'),('WSS493','WSS493Name',3,1,3,'serviceprovider','https://serviceprovider.com'),('WSS494','WSS494Name',3,1,3,'serviceprovider','https://serviceprovider.com'),('WSS495','WSS495Name',3,1,3,'serviceprovider','https://serviceprovider.com'),('WSS496','WSS496Name',3,1,3,'serviceprovider','https://serviceprovider.com'),('WSS497','WSS497Name',3,1,3,'serviceprovider','https://serviceprovider.com'),('WSS498','WSS498Name',3,1,3,'serviceprovider','https://serviceprovider.com'),('WSS499','WSS499Name',3,1,3,'serviceprovider','https://serviceprovider.com'),('WSS5','WSS5Name',3,1,3,'serviceprovider','https://serviceprovider.com'),('WSS50','WSS50Name',3,1,3,'serviceprovider','https://serviceprovider.com'),('WSS500','WSS500Name',3,1,3,'serviceprovider','https://serviceprovider.com'),('WSS501','WSS501Name',3,1,3,'serviceprovider','https://serviceprovider.com'),('WSS502','WSS502Name',3,1,3,'serviceprovider','https://serviceprovider.com'),('WSS503','WSS503Name',3,1,3,'serviceprovider','https://serviceprovider.com'),('WSS504','WSS504Name',3,1,3,'serviceprovider','https://serviceprovider.com'),('WSS505','WSS505Name',3,1,3,'serviceprovider','https://serviceprovider.com'),('WSS506','WSS506Name',3,1,3,'serviceprovider','https://serviceprovider.com'),('WSS507','WSS507Name',3,1,3,'serviceprovider','https://serviceprovider.com'),('WSS508','WSS508Name',3,1,3,'serviceprovider','https://serviceprovider.com'),('WSS509','WSS509Name',3,1,3,'serviceprovider','https://serviceprovider.com'),('WSS51','WSS51Name',3,1,3,'serviceprovider','https://serviceprovider.com'),('WSS510','WSS510Name',3,1,3,'serviceprovider','https://serviceprovider.com'),('WSS511','WSS511Name',3,1,3,'serviceprovider','https://serviceprovider.com'),('WSS512','WSS512Name',3,1,3,'serviceprovider','https://serviceprovider.com'),('WSS513','WSS513Name',3,1,3,'serviceprovider','https://serviceprovider.com'),('WSS514','WSS514Name',3,1,3,'serviceprovider','https://serviceprovider.com'),('WSS515','WSS515Name',3,1,3,'serviceprovider','https://serviceprovider.com'),('WSS516','WSS516Name',3,1,3,'serviceprovider','https://serviceprovider.com'),('WSS517','WSS517Name',3,1,3,'serviceprovider','https://serviceprovider.com'),('WSS518','WSS518Name',3,1,3,'serviceprovider','https://serviceprovider.com'),('WSS519','WSS519Name',3,1,3,'serviceprovider','https://serviceprovider.com'),('WSS52','WSS52Name',3,1,3,'serviceprovider','https://serviceprovider.com'),('WSS520','WSS520Name',3,1,3,'serviceprovider','https://serviceprovider.com'),('WSS521','WSS521Name',3,1,3,'serviceprovider','https://serviceprovider.com'),('WSS522','WSS522Name',3,1,3,'serviceprovider','https://serviceprovider.com'),('WSS523','WSS523Name',3,1,3,'serviceprovider','https://serviceprovider.com'),('WSS524','WSS524Name',3,1,3,'serviceprovider','https://serviceprovider.com'),('WSS525','WSS525Name',3,1,3,'serviceprovider','https://serviceprovider.com'),('WSS526','WSS526Name',3,1,3,'serviceprovider','https://serviceprovider.com'),('WSS527','WSS527Name',3,1,3,'serviceprovider','https://serviceprovider.com'),('WSS528','WSS528Name',3,1,3,'serviceprovider','https://serviceprovider.com'),('WSS529','WSS529Name',3,1,3,'serviceprovider','https://serviceprovider.com'),('WSS53','WSS53Name',3,1,3,'serviceprovider','https://serviceprovider.com'),('WSS530','WSS530Name',3,1,3,'serviceprovider','https://serviceprovider.com'),('WSS531','WSS531Name',3,1,3,'serviceprovider','https://serviceprovider.com'),('WSS532','WSS532Name',3,1,3,'serviceprovider','https://serviceprovider.com'),('WSS533','WSS533Name',3,1,3,'serviceprovider','https://serviceprovider.com'),('WSS534','WSS534Name',3,1,3,'serviceprovider','https://serviceprovider.com'),('WSS535','WSS535Name',3,1,3,'serviceprovider','https://serviceprovider.com'),('WSS536','WSS536Name',3,1,3,'serviceprovider','https://serviceprovider.com'),('WSS537','WSS537Name',3,1,3,'serviceprovider','https://serviceprovider.com'),('WSS538','WSS538Name',3,1,3,'serviceprovider','https://serviceprovider.com'),('WSS539','WSS539Name',3,1,3,'serviceprovider','https://serviceprovider.com'),('WSS54','WSS54Name',3,1,3,'serviceprovider','https://serviceprovider.com'),('WSS540','WSS540Name',3,1,3,'serviceprovider','https://serviceprovider.com'),('WSS541','WSS541Name',3,1,3,'serviceprovider','https://serviceprovider.com'),('WSS542','WSS542Name',3,1,3,'serviceprovider','https://serviceprovider.com'),('WSS543','WSS543Name',3,1,3,'serviceprovider','https://serviceprovider.com'),('WSS544','WSS544Name',3,1,3,'serviceprovider','https://serviceprovider.com'),('WSS545','WSS545Name',3,1,3,'serviceprovider','https://serviceprovider.com'),('WSS546','WSS546Name',3,1,3,'serviceprovider','https://serviceprovider.com'),('WSS547','WSS547Name',3,1,3,'serviceprovider','https://serviceprovider.com'),('WSS548','WSS548Name',3,1,3,'serviceprovider','https://serviceprovider.com'),('WSS549','WSS549Name',3,1,3,'serviceprovider','https://serviceprovider.com'),('WSS55','WSS55Name',3,1,3,'serviceprovider','https://serviceprovider.com'),('WSS550','WSS550Name',3,1,3,'serviceprovider','https://serviceprovider.com'),('WSS551','WSS551Name',3,1,3,'serviceprovider','https://serviceprovider.com'),('WSS552','WSS552Name',3,1,3,'serviceprovider','https://serviceprovider.com'),('WSS553','WSS553Name',3,1,3,'serviceprovider','https://serviceprovider.com'),('WSS554','WSS554Name',3,1,3,'serviceprovider','https://serviceprovider.com'),('WSS555','WSS555Name',3,1,3,'serviceprovider','https://serviceprovider.com'),('WSS556','WSS556Name',3,1,3,'serviceprovider','https://serviceprovider.com'),('WSS557','WSS557Name',3,1,3,'serviceprovider','https://serviceprovider.com'),('WSS558','WSS558Name',3,1,3,'serviceprovider','https://serviceprovider.com'),('WSS559','WSS559Name',3,1,3,'serviceprovider','https://serviceprovider.com'),('WSS56','WSS56Name',3,1,3,'serviceprovider','https://serviceprovider.com'),('WSS560','WSS560Name',3,1,3,'serviceprovider','https://serviceprovider.com'),('WSS561','WSS561Name',3,1,3,'serviceprovider','https://serviceprovider.com'),('WSS562','WSS562Name',3,1,3,'serviceprovider','https://serviceprovider.com'),('WSS563','WSS563Name',3,1,3,'serviceprovider','https://serviceprovider.com'),('WSS564','WSS564Name',3,1,3,'serviceprovider','https://serviceprovider.com'),('WSS565','WSS565Name',3,1,3,'serviceprovider','https://serviceprovider.com'),('WSS566','WSS566Name',3,1,3,'serviceprovider','https://serviceprovider.com'),('WSS567','WSS567Name',3,1,3,'serviceprovider','https://serviceprovider.com'),('WSS568','WSS568Name',3,1,3,'serviceprovider','https://serviceprovider.com'),('WSS569','WSS569Name',3,1,3,'serviceprovider','https://serviceprovider.com'),('WSS57','WSS57Name',3,1,3,'serviceprovider','https://serviceprovider.com'),('WSS570','WSS570Name',3,1,3,'serviceprovider','https://serviceprovider.com'),('WSS571','WSS571Name',3,1,3,'serviceprovider','https://serviceprovider.com'),('WSS572','WSS572Name',3,1,3,'serviceprovider','https://serviceprovider.com'),('WSS573','WSS573Name',3,1,3,'serviceprovider','https://serviceprovider.com'),('WSS574','WSS574Name',3,1,3,'serviceprovider','https://serviceprovider.com'),('WSS575','WSS575Name',3,1,3,'serviceprovider','https://serviceprovider.com'),('WSS576','WSS576Name',3,1,3,'serviceprovider','https://serviceprovider.com'),('WSS577','WSS577Name',3,1,3,'serviceprovider','https://serviceprovider.com'),('WSS578','WSS578Name',3,1,3,'serviceprovider','https://serviceprovider.com'),('WSS579','WSS579Name',3,1,3,'serviceprovider','https://serviceprovider.com'),('WSS58','WSS58Name',3,1,3,'serviceprovider','https://serviceprovider.com'),('WSS580','WSS580Name',3,1,3,'serviceprovider','https://serviceprovider.com'),('WSS581','WSS581Name',3,1,3,'serviceprovider','https://serviceprovider.com'),('WSS582','WSS582Name',3,1,3,'serviceprovider','https://serviceprovider.com'),('WSS583','WSS583Name',3,1,3,'serviceprovider','https://serviceprovider.com'),('WSS584','WSS584Name',3,1,3,'serviceprovider','https://serviceprovider.com'),('WSS585','WSS585Name',3,1,3,'serviceprovider','https://serviceprovider.com'),('WSS586','WSS586Name',3,1,3,'serviceprovider','https://serviceprovider.com'),('WSS587','WSS587Name',3,1,3,'serviceprovider','https://serviceprovider.com'),('WSS588','WSS588Name',3,1,3,'serviceprovider','https://serviceprovider.com'),('WSS589','WSS589Name',3,1,3,'serviceprovider','https://serviceprovider.com'),('WSS59','WSS59Name',3,1,3,'serviceprovider','https://serviceprovider.com'),('WSS590','WSS590Name',3,1,3,'serviceprovider','https://serviceprovider.com'),('WSS591','WSS591Name',3,1,3,'serviceprovider','https://serviceprovider.com'),('WSS592','WSS592Name',3,1,3,'serviceprovider','https://serviceprovider.com'),('WSS593','WSS593Name',3,1,3,'serviceprovider','https://serviceprovider.com'),('WSS594','WSS594Name',3,1,3,'serviceprovider','https://serviceprovider.com'),('WSS595','WSS595Name',3,1,3,'serviceprovider','https://serviceprovider.com'),('WSS596','WSS596Name',3,1,3,'serviceprovider','https://serviceprovider.com'),('WSS597','WSS597Name',3,1,3,'serviceprovider','https://serviceprovider.com'),('WSS598','WSS598Name',3,1,3,'serviceprovider','https://serviceprovider.com'),('WSS599','WSS599Name',3,1,3,'serviceprovider','https://serviceprovider.com'),('WSS6','WSS6Name',3,1,3,'serviceprovider','https://serviceprovider.com'),('WSS60','WSS60Name',3,1,3,'serviceprovider','https://serviceprovider.com'),('WSS600','WSS600Name',3,1,3,'serviceprovider','https://serviceprovider.com'),('WSS61','WSS61Name',3,1,3,'serviceprovider','https://serviceprovider.com'),('WSS62','WSS62Name',3,1,3,'serviceprovider','https://serviceprovider.com'),('WSS63','WSS63Name',3,1,3,'serviceprovider','https://serviceprovider.com'),('WSS64','WSS64Name',3,1,3,'serviceprovider','https://serviceprovider.com'),('WSS65','WSS65Name',3,1,3,'serviceprovider','https://serviceprovider.com'),('WSS66','WSS66Name',3,1,3,'serviceprovider','https://serviceprovider.com'),('WSS67','WSS67Name',3,1,3,'serviceprovider','https://serviceprovider.com'),('WSS68','WSS68Name',3,1,3,'serviceprovider','https://serviceprovider.com'),('WSS69','WSS69Name',3,1,3,'serviceprovider','https://serviceprovider.com'),('WSS7','WSS7Name',3,1,3,'serviceprovider','https://serviceprovider.com'),('WSS70','WSS70Name',3,1,3,'serviceprovider','https://serviceprovider.com'),('WSS71','WSS71Name',3,1,3,'serviceprovider','https://serviceprovider.com'),('WSS72','WSS72Name',3,1,3,'serviceprovider','https://serviceprovider.com'),('WSS73','WSS73Name',3,1,3,'serviceprovider','https://serviceprovider.com'),('WSS74','WSS74Name',3,1,3,'serviceprovider','https://serviceprovider.com'),('WSS75','WSS75Name',3,1,3,'serviceprovider','https://serviceprovider.com'),('WSS76','WSS76Name',3,1,3,'serviceprovider','https://serviceprovider.com'),('WSS77','WSS77Name',3,1,3,'serviceprovider','https://serviceprovider.com'),('WSS78','WSS78Name',3,1,3,'serviceprovider','https://serviceprovider.com'),('WSS79','WSS79Name',3,1,3,'serviceprovider','https://serviceprovider.com'),('WSS8','WSS8Name',3,1,3,'serviceprovider','https://serviceprovider.com'),('WSS80','WSS80Name',3,1,3,'serviceprovider','https://serviceprovider.com'),('WSS81','WSS81Name',3,1,3,'serviceprovider','https://serviceprovider.com'),('WSS82','WSS82Name',3,1,3,'serviceprovider','https://serviceprovider.com'),('WSS83','WSS83Name',3,1,3,'serviceprovider','https://serviceprovider.com'),('WSS84','WSS84Name',3,1,3,'serviceprovider','https://serviceprovider.com'),('WSS85','WSS85Name',3,1,3,'serviceprovider','https://serviceprovider.com'),('WSS86','WSS86Name',3,1,3,'serviceprovider','https://serviceprovider.com'),('WSS87','WSS87Name',3,1,3,'serviceprovider','https://serviceprovider.com'),('WSS88','WSS88Name',3,1,3,'serviceprovider','https://serviceprovider.com'),('WSS89','WSS89Name',3,1,3,'serviceprovider','https://serviceprovider.com'),('WSS9','WSS9Name',3,1,3,'serviceprovider','https://serviceprovider.com'),('WSS90','WSS90Name',3,1,3,'serviceprovider','https://serviceprovider.com'),('WSS91','WSS91Name',3,1,3,'serviceprovider','https://serviceprovider.com'),('WSS92','WSS92Name',3,1,3,'serviceprovider','https://serviceprovider.com'),('WSS93','WSS93Name',3,1,3,'serviceprovider','https://serviceprovider.com'),('WSS94','WSS94Name',3,1,3,'serviceprovider','https://serviceprovider.com'),('WSS95','WSS95Name',3,1,3,'serviceprovider','https://serviceprovider.com'),('WSS96','WSS96Name',3,1,3,'serviceprovider','https://serviceprovider.com'),('WSS97','WSS97Name',3,1,3,'serviceprovider','https://serviceprovider.com'),('WSS98','WSS98Name',3,1,3,'serviceprovider','https://serviceprovider.com'),('WSS99','WSS99Name',3,1,3,'serviceprovider','https://serviceprovider.com');
/*!40000 ALTER TABLE `webservicelist` ENABLE KEYS */;
UNLOCK TABLES;
/*!40103 SET TIME_ZONE=@OLD_TIME_ZONE */;

/*!40101 SET SQL_MODE=@OLD_SQL_MODE */;
/*!40014 SET FOREIGN_KEY_CHECKS=@OLD_FOREIGN_KEY_CHECKS */;
/*!40014 SET UNIQUE_CHECKS=@OLD_UNIQUE_CHECKS */;
/*!40101 SET CHARACTER_SET_CLIENT=@OLD_CHARACTER_SET_CLIENT */;
/*!40101 SET CHARACTER_SET_RESULTS=@OLD_CHARACTER_SET_RESULTS */;
/*!40101 SET COLLATION_CONNECTION=@OLD_COLLATION_CONNECTION */;
/*!40111 SET SQL_NOTES=@OLD_SQL_NOTES */;

-- Dump completed on 2023-06-29 12:45:55
