-- MySQL dump 10.13  Distrib 8.0.32, for Win64 (x86_64)
--
-- Host: localhost    Database: autowscs
-- ------------------------------------------------------
-- Server version	8.0.32

/*!40101 SET @OLD_CHARACTER_SET_CLIENT=@@CHARACTER_SET_CLIENT */;
/*!40101 SET @OLD_CHARACTER_SET_RESULTS=@@CHARACTER_SET_RESULTS */;
/*!40101 SET @OLD_COLLATION_CONNECTION=@@COLLATION_CONNECTION */;
/*!50503 SET NAMES utf8mb4 */;
/*!40103 SET @OLD_TIME_ZONE=@@TIME_ZONE */;
/*!40103 SET TIME_ZONE='+00:00' */;
/*!40014 SET @OLD_UNIQUE_CHECKS=@@UNIQUE_CHECKS, UNIQUE_CHECKS=0 */;
/*!40014 SET @OLD_FOREIGN_KEY_CHECKS=@@FOREIGN_KEY_CHECKS, FOREIGN_KEY_CHECKS=0 */;
/*!40101 SET @OLD_SQL_MODE=@@SQL_MODE, SQL_MODE='NO_AUTO_VALUE_ON_ZERO' */;
/*!40111 SET @OLD_SQL_NOTES=@@SQL_NOTES, SQL_NOTES=0 */;

--
-- Table structure for table `auth_group`
--

DROP TABLE IF EXISTS `auth_group`;
/*!40101 SET @saved_cs_client     = @@character_set_client */;
/*!50503 SET character_set_client = utf8mb4 */;
CREATE TABLE `auth_group` (
  `id` int NOT NULL AUTO_INCREMENT,
  `name` varchar(80) NOT NULL,
  PRIMARY KEY (`id`),
  UNIQUE KEY `name` (`name`)
) ENGINE=InnoDB DEFAULT CHARSET=latin1;
/*!40101 SET character_set_client = @saved_cs_client */;

--
-- Dumping data for table `auth_group`
--

LOCK TABLES `auth_group` WRITE;
/*!40000 ALTER TABLE `auth_group` DISABLE KEYS */;
/*!40000 ALTER TABLE `auth_group` ENABLE KEYS */;
UNLOCK TABLES;

--
-- Table structure for table `auth_group_permissions`
--

DROP TABLE IF EXISTS `auth_group_permissions`;
/*!40101 SET @saved_cs_client     = @@character_set_client */;
/*!50503 SET character_set_client = utf8mb4 */;
CREATE TABLE `auth_group_permissions` (
  `id` int NOT NULL AUTO_INCREMENT,
  `group_id` int NOT NULL,
  `permission_id` int NOT NULL,
  PRIMARY KEY (`id`),
  UNIQUE KEY `auth_group_permissions_group_id_permission_id_0cd325b0_uniq` (`group_id`,`permission_id`),
  KEY `auth_group_permissio_permission_id_84c5c92e_fk_auth_perm` (`permission_id`),
  CONSTRAINT `auth_group_permissio_permission_id_84c5c92e_fk_auth_perm` FOREIGN KEY (`permission_id`) REFERENCES `auth_permission` (`id`),
  CONSTRAINT `auth_group_permissions_group_id_b120cbf9_fk_auth_group_id` FOREIGN KEY (`group_id`) REFERENCES `auth_group` (`id`)
) ENGINE=InnoDB DEFAULT CHARSET=latin1;
/*!40101 SET character_set_client = @saved_cs_client */;

--
-- Dumping data for table `auth_group_permissions`
--

LOCK TABLES `auth_group_permissions` WRITE;
/*!40000 ALTER TABLE `auth_group_permissions` DISABLE KEYS */;
/*!40000 ALTER TABLE `auth_group_permissions` ENABLE KEYS */;
UNLOCK TABLES;

--
-- Table structure for table `auth_permission`
--

DROP TABLE IF EXISTS `auth_permission`;
/*!40101 SET @saved_cs_client     = @@character_set_client */;
/*!50503 SET character_set_client = utf8mb4 */;
CREATE TABLE `auth_permission` (
  `id` int NOT NULL AUTO_INCREMENT,
  `name` varchar(255) NOT NULL,
  `content_type_id` int NOT NULL,
  `codename` varchar(100) NOT NULL,
  PRIMARY KEY (`id`),
  UNIQUE KEY `auth_permission_content_type_id_codename_01ab375a_uniq` (`content_type_id`,`codename`),
  CONSTRAINT `auth_permission_content_type_id_2f476e4b_fk_django_co` FOREIGN KEY (`content_type_id`) REFERENCES `django_content_type` (`id`)
) ENGINE=InnoDB AUTO_INCREMENT=25 DEFAULT CHARSET=latin1;
/*!40101 SET character_set_client = @saved_cs_client */;

--
-- Dumping data for table `auth_permission`
--

LOCK TABLES `auth_permission` WRITE;
/*!40000 ALTER TABLE `auth_permission` DISABLE KEYS */;
INSERT INTO `auth_permission` VALUES (1,'Can add log entry',1,'add_logentry'),(2,'Can change log entry',1,'change_logentry'),(3,'Can delete log entry',1,'delete_logentry'),(4,'Can view log entry',1,'view_logentry'),(5,'Can add permission',2,'add_permission'),(6,'Can change permission',2,'change_permission'),(7,'Can delete permission',2,'delete_permission'),(8,'Can view permission',2,'view_permission'),(9,'Can add group',3,'add_group'),(10,'Can change group',3,'change_group'),(11,'Can delete group',3,'delete_group'),(12,'Can view group',3,'view_group'),(13,'Can add user',4,'add_user'),(14,'Can change user',4,'change_user'),(15,'Can delete user',4,'delete_user'),(16,'Can view user',4,'view_user'),(17,'Can add content type',5,'add_contenttype'),(18,'Can change content type',5,'change_contenttype'),(19,'Can delete content type',5,'delete_contenttype'),(20,'Can view content type',5,'view_contenttype'),(21,'Can add session',6,'add_session'),(22,'Can change session',6,'change_session'),(23,'Can delete session',6,'delete_session'),(24,'Can view session',6,'view_session');
/*!40000 ALTER TABLE `auth_permission` ENABLE KEYS */;
UNLOCK TABLES;

--
-- Table structure for table `auth_user`
--

DROP TABLE IF EXISTS `auth_user`;
/*!40101 SET @saved_cs_client     = @@character_set_client */;
/*!50503 SET character_set_client = utf8mb4 */;
CREATE TABLE `auth_user` (
  `id` int NOT NULL AUTO_INCREMENT,
  `password` varchar(128) NOT NULL,
  `last_login` datetime(6) DEFAULT NULL,
  `is_superuser` tinyint(1) NOT NULL,
  `username` varchar(150) NOT NULL,
  `first_name` varchar(30) NOT NULL,
  `last_name` varchar(150) NOT NULL,
  `email` varchar(254) NOT NULL,
  `is_staff` tinyint(1) NOT NULL,
  `is_active` tinyint(1) NOT NULL,
  `date_joined` datetime(6) NOT NULL,
  PRIMARY KEY (`id`),
  UNIQUE KEY `username` (`username`)
) ENGINE=InnoDB AUTO_INCREMENT=2 DEFAULT CHARSET=latin1;
/*!40101 SET character_set_client = @saved_cs_client */;

--
-- Dumping data for table `auth_user`
--

LOCK TABLES `auth_user` WRITE;
/*!40000 ALTER TABLE `auth_user` DISABLE KEYS */;
INSERT INTO `auth_user` VALUES (1,'pbkdf2_sha256$120000$t1PV0MeFrM2P$mdFVt5O/PMrM6U6PP4ei7LDjVNuN0OJi97bq+oRxpQg=','2020-10-19 22:21:14.385392',0,'kgayke','','','k2gaike@gmail.com',0,1,'2020-10-19 22:21:13.589791');
/*!40000 ALTER TABLE `auth_user` ENABLE KEYS */;
UNLOCK TABLES;

--
-- Table structure for table `auth_user_groups`
--

DROP TABLE IF EXISTS `auth_user_groups`;
/*!40101 SET @saved_cs_client     = @@character_set_client */;
/*!50503 SET character_set_client = utf8mb4 */;
CREATE TABLE `auth_user_groups` (
  `id` int NOT NULL AUTO_INCREMENT,
  `user_id` int NOT NULL,
  `group_id` int NOT NULL,
  PRIMARY KEY (`id`),
  UNIQUE KEY `auth_user_groups_user_id_group_id_94350c0c_uniq` (`user_id`,`group_id`),
  KEY `auth_user_groups_group_id_97559544_fk_auth_group_id` (`group_id`),
  CONSTRAINT `auth_user_groups_group_id_97559544_fk_auth_group_id` FOREIGN KEY (`group_id`) REFERENCES `auth_group` (`id`),
  CONSTRAINT `auth_user_groups_user_id_6a12ed8b_fk_auth_user_id` FOREIGN KEY (`user_id`) REFERENCES `auth_user` (`id`)
) ENGINE=InnoDB DEFAULT CHARSET=latin1;
/*!40101 SET character_set_client = @saved_cs_client */;

--
-- Dumping data for table `auth_user_groups`
--

LOCK TABLES `auth_user_groups` WRITE;
/*!40000 ALTER TABLE `auth_user_groups` DISABLE KEYS */;
/*!40000 ALTER TABLE `auth_user_groups` ENABLE KEYS */;
UNLOCK TABLES;

--
-- Table structure for table `auth_user_user_permissions`
--

DROP TABLE IF EXISTS `auth_user_user_permissions`;
/*!40101 SET @saved_cs_client     = @@character_set_client */;
/*!50503 SET character_set_client = utf8mb4 */;
CREATE TABLE `auth_user_user_permissions` (
  `id` int NOT NULL AUTO_INCREMENT,
  `user_id` int NOT NULL,
  `permission_id` int NOT NULL,
  PRIMARY KEY (`id`),
  UNIQUE KEY `auth_user_user_permissions_user_id_permission_id_14a6b632_uniq` (`user_id`,`permission_id`),
  KEY `auth_user_user_permi_permission_id_1fbb5f2c_fk_auth_perm` (`permission_id`),
  CONSTRAINT `auth_user_user_permi_permission_id_1fbb5f2c_fk_auth_perm` FOREIGN KEY (`permission_id`) REFERENCES `auth_permission` (`id`),
  CONSTRAINT `auth_user_user_permissions_user_id_a95ead1b_fk_auth_user_id` FOREIGN KEY (`user_id`) REFERENCES `auth_user` (`id`)
) ENGINE=InnoDB DEFAULT CHARSET=latin1;
/*!40101 SET character_set_client = @saved_cs_client */;

--
-- Dumping data for table `auth_user_user_permissions`
--

LOCK TABLES `auth_user_user_permissions` WRITE;
/*!40000 ALTER TABLE `auth_user_user_permissions` DISABLE KEYS */;
/*!40000 ALTER TABLE `auth_user_user_permissions` ENABLE KEYS */;
UNLOCK TABLES;

--
-- Table structure for table `careerpath`
--

DROP TABLE IF EXISTS `careerpath`;
/*!40101 SET @saved_cs_client     = @@character_set_client */;
/*!50503 SET character_set_client = utf8mb4 */;
CREATE TABLE `careerpath` (
  `careerPathID` char(4) NOT NULL,
  `careerPathName` varchar(50) DEFAULT NULL,
  PRIMARY KEY (`careerPathID`)
) ENGINE=InnoDB DEFAULT CHARSET=latin1;
/*!40101 SET character_set_client = @saved_cs_client */;

--
-- Dumping data for table `careerpath`
--

LOCK TABLES `careerpath` WRITE;
/*!40000 ALTER TABLE `careerpath` DISABLE KEYS */;
INSERT INTO `careerpath` VALUES ('C100','Data Analyst');
/*!40000 ALTER TABLE `careerpath` ENABLE KEYS */;
UNLOCK TABLES;

--
-- Table structure for table `django_admin_log`
--

DROP TABLE IF EXISTS `django_admin_log`;
/*!40101 SET @saved_cs_client     = @@character_set_client */;
/*!50503 SET character_set_client = utf8mb4 */;
CREATE TABLE `django_admin_log` (
  `id` int NOT NULL AUTO_INCREMENT,
  `action_time` datetime(6) NOT NULL,
  `object_id` longtext,
  `object_repr` varchar(200) NOT NULL,
  `action_flag` smallint unsigned NOT NULL,
  `change_message` longtext NOT NULL,
  `content_type_id` int DEFAULT NULL,
  `user_id` int NOT NULL,
  PRIMARY KEY (`id`),
  KEY `django_admin_log_content_type_id_c4bce8eb_fk_django_co` (`content_type_id`),
  KEY `django_admin_log_user_id_c564eba6_fk_auth_user_id` (`user_id`),
  CONSTRAINT `django_admin_log_content_type_id_c4bce8eb_fk_django_co` FOREIGN KEY (`content_type_id`) REFERENCES `django_content_type` (`id`),
  CONSTRAINT `django_admin_log_user_id_c564eba6_fk_auth_user_id` FOREIGN KEY (`user_id`) REFERENCES `auth_user` (`id`)
) ENGINE=InnoDB DEFAULT CHARSET=latin1;
/*!40101 SET character_set_client = @saved_cs_client */;

--
-- Dumping data for table `django_admin_log`
--

LOCK TABLES `django_admin_log` WRITE;
/*!40000 ALTER TABLE `django_admin_log` DISABLE KEYS */;
/*!40000 ALTER TABLE `django_admin_log` ENABLE KEYS */;
UNLOCK TABLES;

--
-- Table structure for table `django_content_type`
--

DROP TABLE IF EXISTS `django_content_type`;
/*!40101 SET @saved_cs_client     = @@character_set_client */;
/*!50503 SET character_set_client = utf8mb4 */;
CREATE TABLE `django_content_type` (
  `id` int NOT NULL AUTO_INCREMENT,
  `app_label` varchar(100) NOT NULL,
  `model` varchar(100) NOT NULL,
  PRIMARY KEY (`id`),
  UNIQUE KEY `django_content_type_app_label_model_76bd3d3b_uniq` (`app_label`,`model`)
) ENGINE=InnoDB AUTO_INCREMENT=7 DEFAULT CHARSET=latin1;
/*!40101 SET character_set_client = @saved_cs_client */;

--
-- Dumping data for table `django_content_type`
--

LOCK TABLES `django_content_type` WRITE;
/*!40000 ALTER TABLE `django_content_type` DISABLE KEYS */;
INSERT INTO `django_content_type` VALUES (1,'admin','logentry'),(3,'auth','group'),(2,'auth','permission'),(4,'auth','user'),(5,'contenttypes','contenttype'),(6,'sessions','session');
/*!40000 ALTER TABLE `django_content_type` ENABLE KEYS */;
UNLOCK TABLES;

--
-- Table structure for table `django_migrations`
--

DROP TABLE IF EXISTS `django_migrations`;
/*!40101 SET @saved_cs_client     = @@character_set_client */;
/*!50503 SET character_set_client = utf8mb4 */;
CREATE TABLE `django_migrations` (
  `id` int NOT NULL AUTO_INCREMENT,
  `app` varchar(255) NOT NULL,
  `name` varchar(255) NOT NULL,
  `applied` datetime(6) NOT NULL,
  PRIMARY KEY (`id`)
) ENGINE=InnoDB AUTO_INCREMENT=16 DEFAULT CHARSET=latin1;
/*!40101 SET character_set_client = @saved_cs_client */;

--
-- Dumping data for table `django_migrations`
--

LOCK TABLES `django_migrations` WRITE;
/*!40000 ALTER TABLE `django_migrations` DISABLE KEYS */;
INSERT INTO `django_migrations` VALUES (1,'contenttypes','0001_initial','2020-03-09 23:45:06.538733'),(2,'auth','0001_initial','2020-03-09 23:45:10.018233'),(3,'admin','0001_initial','2020-03-09 23:45:11.118233'),(4,'admin','0002_logentry_remove_auto_add','2020-03-09 23:45:11.139233'),(5,'admin','0003_logentry_add_action_flag_choices','2020-03-09 23:45:11.169233'),(6,'contenttypes','0002_remove_content_type_name','2020-03-09 23:45:11.498233'),(7,'auth','0002_alter_permission_name_max_length','2020-03-09 23:45:11.539233'),(8,'auth','0003_alter_user_email_max_length','2020-03-09 23:45:11.619233'),(9,'auth','0004_alter_user_username_opts','2020-03-09 23:45:11.629233'),(10,'auth','0005_alter_user_last_login_null','2020-03-09 23:45:11.770233'),(11,'auth','0006_require_contenttypes_0002','2020-03-09 23:45:11.810233'),(12,'auth','0007_alter_validators_add_error_messages','2020-03-09 23:45:11.820233'),(13,'auth','0008_alter_user_username_max_length','2020-03-09 23:45:11.831233'),(14,'auth','0009_alter_user_last_name_max_length','2020-03-09 23:45:11.949233'),(15,'sessions','0001_initial','2020-03-09 23:45:12.140233');
/*!40000 ALTER TABLE `django_migrations` ENABLE KEYS */;
UNLOCK TABLES;

--
-- Table structure for table `django_session`
--

DROP TABLE IF EXISTS `django_session`;
/*!40101 SET @saved_cs_client     = @@character_set_client */;
/*!50503 SET character_set_client = utf8mb4 */;
CREATE TABLE `django_session` (
  `session_key` varchar(40) NOT NULL,
  `session_data` longtext NOT NULL,
  `expire_date` datetime(6) NOT NULL,
  PRIMARY KEY (`session_key`),
  KEY `django_session_expire_date_a5c62663` (`expire_date`)
) ENGINE=InnoDB DEFAULT CHARSET=latin1;
/*!40101 SET character_set_client = @saved_cs_client */;

--
-- Dumping data for table `django_session`
--

LOCK TABLES `django_session` WRITE;
/*!40000 ALTER TABLE `django_session` DISABLE KEYS */;
INSERT INTO `django_session` VALUES ('tyl1c5xdi2x8x2jwg76rgv4m7k8zrh9f','Y2FhMTEwYWE3NTdhZjlkMTFkYzhlMDM0OGM4NTU4YzVjZGQwZDM0Njp7Il9hdXRoX3VzZXJfaWQiOiIxIiwiX2F1dGhfdXNlcl9iYWNrZW5kIjoiZGphbmdvLmNvbnRyaWIuYXV0aC5iYWNrZW5kcy5Nb2RlbEJhY2tlbmQiLCJfYXV0aF91c2VyX2hhc2giOiJmMzIyNjA4ZWY3OTQ5MWYwMTUwOGMyMDFlMDIzZmRjNjI3MTU4N2IzIn0=','2020-11-02 22:21:14.400992');
/*!40000 ALTER TABLE `django_session` ENABLE KEYS */;
UNLOCK TABLES;

--
-- Table structure for table `initialgoalparameter`
--

DROP TABLE IF EXISTS `initialgoalparameter`;
/*!40101 SET @saved_cs_client     = @@character_set_client */;
/*!50503 SET character_set_client = utf8mb4 */;
CREATE TABLE `initialgoalparameter` (
  `transactionID` bigint NOT NULL,
  `iorg` varchar(10) NOT NULL,
  `parameterID` varchar(10) NOT NULL,
  PRIMARY KEY (`transactionID`,`iorg`,`parameterID`),
  KEY `knowledgeID` (`parameterID`),
  CONSTRAINT `initialgoalparameter_ibfk_1` FOREIGN KEY (`parameterID`) REFERENCES `parameterlist` (`parameterID`)
) ENGINE=InnoDB DEFAULT CHARSET=latin1;
/*!40101 SET character_set_client = @saved_cs_client */;

--
-- Dumping data for table `initialgoalparameter`
--

LOCK TABLES `initialgoalparameter` WRITE;
/*!40000 ALTER TABLE `initialgoalparameter` DISABLE KEYS */;
INSERT INTO `initialgoalparameter` VALUES (1,'G','p1'),(3,'I','p1'),(4,'G','p1'),(6,'I','p1'),(7,'I','p1'),(8,'I','p1'),(9,'I','p1'),(10,'G','p1'),(12,'G','p1'),(13,'I','p1'),(14,'G','p1'),(16,'G','p1'),(17,'I','p1'),(18,'G','p1'),(19,'G','p1'),(21,'G','p1'),(23,'G','p1'),(24,'I','p1'),(25,'G','p1'),(27,'I','p1'),(28,'I','p1'),(29,'I','p1'),(30,'G','p1'),(1,'I','p10'),(3,'I','p10'),(5,'G','p10'),(6,'I','p10'),(8,'I','p10'),(9,'I','p10'),(10,'I','p10'),(11,'G','p10'),(12,'I','p10'),(14,'G','p10'),(15,'I','p10'),(18,'G','p10'),(20,'I','p10'),(21,'I','p10'),(22,'I','p10'),(23,'G','p10'),(24,'I','p10'),(25,'G','p10'),(26,'I','p10'),(27,'G','p10'),(28,'G','p10'),(1,'G','p11'),(2,'I','p11'),(3,'G','p11'),(7,'I','p11'),(9,'G','p11'),(10,'I','p11'),(11,'G','p11'),(12,'I','p11'),(15,'G','p11'),(16,'I','p11'),(18,'I','p11'),(19,'I','p11'),(20,'I','p11'),(21,'I','p11'),(23,'I','p11'),(25,'I','p11'),(26,'I','p11'),(27,'I','p11'),(29,'G','p11'),(30,'I','p11'),(1,'I','p12'),(2,'G','p12'),(3,'G','p12'),(5,'I','p12'),(6,'I','p12'),(9,'I','p12'),(10,'I','p12'),(11,'I','p12'),(12,'I','p12'),(13,'I','p12'),(14,'G','p12'),(16,'G','p12'),(17,'I','p12'),(18,'I','p12'),(19,'I','p12'),(20,'G','p12'),(21,'I','p12'),(22,'I','p12'),(24,'I','p12'),(25,'I','p12'),(26,'I','p12'),(28,'I','p12'),(30,'I','p12'),(1,'I','p13'),(2,'I','p13'),(3,'I','p13'),(6,'I','p13'),(7,'I','p13'),(9,'I','p13'),(13,'I','p13'),(15,'I','p13'),(17,'G','p13'),(18,'I','p13'),(20,'G','p13'),(22,'I','p13'),(24,'I','p13'),(25,'G','p13'),(28,'I','p13'),(1,'I','p14'),(2,'I','p14'),(3,'G','p14'),(4,'G','p14'),(5,'G','p14'),(7,'G','p14'),(9,'I','p14'),(12,'G','p14'),(16,'I','p14'),(17,'I','p14'),(22,'I','p14'),(23,'I','p14'),(26,'I','p14'),(27,'I','p14'),(28,'I','p14'),(29,'G','p14'),(2,'I','p15'),(3,'G','p15'),(5,'I','p15'),(6,'I','p15'),(8,'G','p15'),(9,'I','p15'),(10,'I','p15'),(12,'G','p15'),(13,'G','p15'),(14,'G','p15'),(15,'G','p15'),(16,'I','p15'),(17,'I','p15'),(18,'I','p15'),(19,'I','p15'),(20,'I','p15'),(23,'I','p15'),(28,'I','p15'),(29,'G','p15'),(30,'I','p15'),(2,'I','p16'),(4,'I','p16'),(6,'G','p16'),(7,'G','p16'),(8,'I','p16'),(9,'I','p16'),(10,'G','p16'),(11,'I','p16'),(16,'G','p16'),(19,'I','p16'),(20,'G','p16'),(21,'G','p16'),(22,'I','p16'),(23,'I','p16'),(24,'G','p16'),(25,'G','p16'),(27,'I','p16'),(28,'I','p16'),(29,'I','p16'),(30,'I','p16'),(1,'I','p17'),(4,'I','p17'),(5,'G','p17'),(6,'I','p17'),(9,'G','p17'),(12,'I','p17'),(15,'I','p17'),(18,'I','p17'),(19,'G','p17'),(20,'I','p17'),(21,'I','p17'),(23,'I','p17'),(24,'G','p17'),(25,'I','p17'),(26,'I','p17'),(30,'I','p17'),(2,'G','p18'),(3,'I','p18'),(4,'G','p18'),(6,'G','p18'),(7,'I','p18'),(8,'I','p18'),(9,'G','p18'),(11,'G','p18'),(12,'I','p18'),(13,'I','p18'),(14,'I','p18'),(15,'G','p18'),(17,'G','p18'),(19,'I','p18'),(21,'I','p18'),(24,'I','p18'),(25,'I','p18'),(26,'I','p18'),(27,'G','p18'),(28,'G','p18'),(29,'G','p18'),(30,'I','p18'),(2,'G','p19'),(3,'I','p19'),(5,'I','p19'),(6,'G','p19'),(7,'I','p19'),(8,'I','p19'),(10,'G','p19'),(12,'I','p19'),(14,'I','p19'),(15,'I','p19'),(16,'I','p19'),(17,'I','p19'),(18,'I','p19'),(19,'I','p19'),(20,'G','p19'),(23,'I','p19'),(24,'G','p19'),(25,'I','p19'),(28,'I','p19'),(29,'I','p19'),(30,'I','p19'),(1,'G','p2'),(3,'I','p2'),(4,'I','p2'),(11,'G','p2'),(13,'I','p2'),(14,'G','p2'),(16,'I','p2'),(18,'I','p2'),(21,'I','p2'),(22,'G','p2'),(24,'G','p2'),(28,'I','p2'),(2,'G','p20'),(3,'G','p20'),(5,'G','p20'),(7,'I','p20'),(8,'I','p20'),(9,'I','p20'),(11,'I','p20'),(15,'I','p20'),(16,'G','p20'),(18,'I','p20'),(20,'I','p20'),(21,'G','p20'),(22,'G','p20'),(24,'G','p20'),(26,'I','p20'),(28,'I','p20'),(30,'I','p20'),(1,'I','p21'),(4,'I','p21'),(5,'G','p21'),(6,'G','p21'),(7,'I','p21'),(8,'I','p21'),(9,'G','p21'),(11,'I','p21'),(13,'I','p21'),(15,'I','p21'),(17,'G','p21'),(18,'G','p21'),(21,'I','p21'),(22,'I','p21'),(23,'I','p21'),(25,'I','p21'),(26,'G','p21'),(27,'I','p21'),(29,'G','p21'),(1,'I','p22'),(6,'G','p22'),(7,'G','p22'),(9,'I','p22'),(11,'I','p22'),(12,'I','p22'),(13,'G','p22'),(14,'G','p22'),(21,'I','p22'),(22,'G','p22'),(24,'I','p22'),(25,'I','p22'),(26,'I','p22'),(3,'I','p23'),(4,'I','p23'),(10,'I','p23'),(11,'I','p23'),(13,'I','p23'),(14,'I','p23'),(15,'I','p23'),(16,'I','p23'),(17,'G','p23'),(18,'I','p23'),(20,'I','p23'),(29,'G','p23'),(30,'I','p23'),(1,'G','p24'),(2,'I','p24'),(3,'G','p24'),(4,'I','p24'),(5,'I','p24'),(10,'G','p24'),(12,'G','p24'),(13,'I','p24'),(14,'G','p24'),(15,'I','p24'),(17,'I','p24'),(18,'G','p24'),(20,'I','p24'),(22,'I','p24'),(25,'I','p24'),(26,'G','p24'),(27,'I','p24'),(28,'I','p24'),(29,'I','p24'),(1,'G','p25'),(2,'I','p25'),(3,'I','p25'),(5,'I','p25'),(6,'G','p25'),(7,'G','p25'),(11,'G','p25'),(12,'G','p25'),(14,'I','p25'),(15,'I','p25'),(19,'G','p25'),(20,'G','p25'),(25,'I','p25'),(27,'I','p25'),(29,'G','p25'),(3,'I','p26'),(4,'I','p26'),(6,'I','p26'),(7,'G','p26'),(11,'I','p26'),(12,'I','p26'),(13,'I','p26'),(15,'I','p26'),(16,'I','p26'),(19,'G','p26'),(20,'I','p26'),(21,'I','p26'),(22,'G','p26'),(23,'G','p26'),(25,'G','p26'),(28,'G','p26'),(29,'I','p26'),(30,'I','p26'),(2,'I','p27'),(3,'I','p27'),(4,'I','p27'),(5,'I','p27'),(6,'G','p27'),(7,'I','p27'),(8,'I','p27'),(9,'I','p27'),(11,'I','p27'),(12,'G','p27'),(14,'I','p27'),(16,'I','p27'),(17,'I','p27'),(18,'G','p27'),(19,'G','p27'),(20,'G','p27'),(24,'I','p27'),(25,'G','p27'),(26,'I','p27'),(27,'I','p27'),(28,'G','p27'),(30,'G','p27'),(1,'G','p28'),(2,'I','p28'),(6,'I','p28'),(7,'G','p28'),(8,'G','p28'),(9,'I','p28'),(11,'G','p28'),(13,'I','p28'),(15,'G','p28'),(17,'G','p28'),(21,'I','p28'),(22,'I','p28'),(23,'I','p28'),(24,'I','p28'),(26,'I','p28'),(28,'I','p28'),(29,'G','p28'),(30,'I','p28'),(1,'G','p29'),(2,'G','p29'),(3,'I','p29'),(4,'G','p29'),(5,'G','p29'),(7,'I','p29'),(10,'G','p29'),(15,'I','p29'),(17,'I','p29'),(20,'G','p29'),(27,'G','p29'),(28,'G','p29'),(30,'I','p29'),(1,'G','p3'),(2,'I','p3'),(4,'G','p3'),(5,'I','p3'),(9,'I','p3'),(10,'I','p3'),(11,'I','p3'),(12,'I','p3'),(13,'I','p3'),(14,'I','p3'),(15,'I','p3'),(17,'I','p3'),(19,'I','p3'),(21,'I','p3'),(24,'I','p3'),(26,'G','p3'),(27,'I','p3'),(28,'G','p3'),(29,'I','p3'),(3,'G','p30'),(4,'I','p30'),(5,'I','p30'),(6,'G','p30'),(10,'G','p30'),(13,'I','p30'),(14,'G','p30'),(15,'I','p30'),(16,'I','p30'),(21,'I','p30'),(22,'I','p30'),(25,'G','p30'),(26,'I','p30'),(29,'I','p30'),(1,'G','p31'),(2,'I','p31'),(3,'I','p31'),(4,'I','p31'),(6,'I','p31'),(7,'I','p31'),(8,'I','p31'),(9,'I','p31'),(11,'I','p31'),(12,'G','p31'),(13,'G','p31'),(14,'I','p31'),(15,'I','p31'),(17,'G','p31'),(22,'I','p31'),(24,'G','p31'),(26,'I','p31'),(27,'I','p31'),(28,'G','p31'),(29,'I','p31'),(30,'G','p31'),(4,'I','p32'),(5,'I','p32'),(7,'G','p32'),(8,'I','p32'),(10,'G','p32'),(11,'I','p32'),(16,'I','p32'),(18,'G','p32'),(19,'I','p32'),(20,'I','p32'),(21,'I','p32'),(23,'G','p32'),(25,'G','p32'),(27,'G','p32'),(28,'G','p32'),(30,'I','p32'),(1,'I','p33'),(3,'G','p33'),(4,'I','p33'),(6,'I','p33'),(7,'I','p33'),(8,'I','p33'),(9,'I','p33'),(11,'I','p33'),(14,'G','p33'),(15,'G','p33'),(17,'I','p33'),(19,'I','p33'),(20,'G','p33'),(21,'I','p33'),(23,'I','p33'),(24,'I','p33'),(26,'I','p33'),(27,'G','p33'),(28,'I','p33'),(2,'G','p34'),(3,'I','p34'),(5,'I','p34'),(6,'I','p34'),(7,'I','p34'),(8,'G','p34'),(11,'G','p34'),(12,'G','p34'),(13,'G','p34'),(14,'I','p34'),(16,'G','p34'),(18,'I','p34'),(19,'I','p34'),(21,'G','p34'),(22,'I','p34'),(23,'G','p34'),(24,'G','p34'),(25,'I','p34'),(29,'I','p34'),(30,'G','p34'),(4,'I','p35'),(5,'I','p35'),(7,'I','p35'),(8,'G','p35'),(9,'G','p35'),(11,'G','p35'),(13,'I','p35'),(14,'I','p35'),(15,'I','p35'),(16,'I','p35'),(17,'I','p35'),(18,'I','p35'),(20,'I','p35'),(21,'G','p35'),(22,'G','p35'),(23,'G','p35'),(26,'G','p35'),(27,'I','p35'),(30,'G','p35'),(1,'G','p36'),(2,'I','p36'),(3,'I','p36'),(5,'G','p36'),(7,'I','p36'),(9,'G','p36'),(11,'G','p36'),(14,'I','p36'),(17,'I','p36'),(19,'I','p36'),(20,'I','p36'),(23,'I','p36'),(24,'I','p36'),(25,'I','p36'),(28,'I','p36'),(30,'G','p36'),(2,'I','p37'),(3,'I','p37'),(4,'G','p37'),(7,'I','p37'),(8,'I','p37'),(10,'I','p37'),(11,'I','p37'),(13,'I','p37'),(14,'I','p37'),(17,'I','p37'),(19,'G','p37'),(23,'I','p37'),(24,'I','p37'),(30,'G','p37'),(2,'I','p38'),(4,'G','p38'),(5,'I','p38'),(6,'I','p38'),(8,'I','p38'),(10,'I','p38'),(12,'G','p38'),(13,'G','p38'),(14,'I','p38'),(15,'I','p38'),(16,'I','p38'),(17,'I','p38'),(18,'I','p38'),(19,'I','p38'),(23,'G','p38'),(26,'G','p38'),(27,'I','p38'),(28,'I','p38'),(29,'I','p38'),(1,'I','p39'),(2,'G','p39'),(6,'I','p39'),(7,'I','p39'),(9,'I','p39'),(10,'I','p39'),(12,'I','p39'),(13,'I','p39'),(15,'I','p39'),(16,'I','p39'),(18,'G','p39'),(19,'G','p39'),(20,'I','p39'),(21,'I','p39'),(22,'I','p39'),(24,'I','p39'),(25,'I','p39'),(26,'G','p39'),(29,'G','p39'),(30,'G','p39'),(1,'I','p4'),(4,'I','p4'),(5,'I','p4'),(8,'G','p4'),(10,'I','p4'),(12,'I','p4'),(14,'I','p4'),(15,'I','p4'),(20,'I','p4'),(21,'G','p4'),(23,'I','p4'),(24,'G','p4'),(25,'I','p4'),(27,'I','p4'),(29,'I','p4'),(30,'I','p4'),(2,'I','p40'),(4,'I','p40'),(5,'G','p40'),(6,'I','p40'),(8,'I','p40'),(10,'I','p40'),(11,'I','p40'),(12,'G','p40'),(14,'I','p40'),(16,'I','p40'),(17,'G','p40'),(18,'I','p40'),(21,'I','p40'),(22,'G','p40'),(23,'I','p40'),(26,'G','p40'),(30,'I','p40'),(1,'I','p41'),(2,'I','p41'),(3,'I','p41'),(5,'I','p41'),(8,'G','p41'),(10,'I','p41'),(11,'I','p41'),(13,'I','p41'),(20,'I','p41'),(22,'G','p41'),(24,'G','p41'),(25,'I','p41'),(27,'I','p41'),(7,'I','p42'),(8,'I','p42'),(9,'I','p42'),(10,'I','p42'),(11,'I','p42'),(12,'I','p42'),(15,'I','p42'),(16,'I','p42'),(17,'I','p42'),(18,'G','p42'),(19,'I','p42'),(20,'I','p42'),(23,'I','p42'),(24,'G','p42'),(25,'I','p42'),(26,'I','p42'),(27,'G','p42'),(28,'I','p42'),(1,'I','p43'),(2,'I','p43'),(3,'G','p43'),(8,'G','p43'),(9,'I','p43'),(10,'I','p43'),(11,'I','p43'),(12,'I','p43'),(13,'G','p43'),(17,'G','p43'),(19,'I','p43'),(21,'G','p43'),(23,'G','p43'),(27,'G','p43'),(28,'I','p43'),(30,'I','p43'),(1,'I','p44'),(2,'I','p44'),(3,'G','p44'),(4,'I','p44'),(6,'I','p44'),(8,'G','p44'),(10,'I','p44'),(11,'I','p44'),(13,'I','p44'),(14,'I','p44'),(16,'I','p44'),(17,'I','p44'),(18,'I','p44'),(19,'G','p44'),(22,'I','p44'),(23,'I','p44'),(25,'I','p44'),(26,'G','p44'),(27,'I','p44'),(29,'I','p44'),(30,'I','p44'),(2,'G','p45'),(3,'I','p45'),(4,'I','p45'),(5,'I','p45'),(8,'I','p45'),(9,'G','p45'),(10,'I','p45'),(11,'I','p45'),(12,'I','p45'),(15,'G','p45'),(17,'I','p45'),(20,'G','p45'),(21,'G','p45'),(22,'I','p45'),(24,'I','p45'),(25,'I','p45'),(26,'I','p45'),(27,'I','p45'),(29,'I','p45'),(30,'G','p45'),(4,'I','p46'),(6,'G','p46'),(9,'G','p46'),(10,'I','p46'),(14,'I','p46'),(15,'G','p46'),(16,'G','p46'),(18,'G','p46'),(19,'G','p46'),(22,'I','p46'),(23,'I','p46'),(24,'I','p46'),(28,'I','p46'),(30,'I','p46'),(3,'I','p47'),(4,'I','p47'),(5,'G','p47'),(7,'I','p47'),(8,'I','p47'),(10,'G','p47'),(12,'I','p47'),(13,'I','p47'),(14,'I','p47'),(16,'G','p47'),(18,'G','p47'),(19,'I','p47'),(20,'I','p47'),(22,'I','p47'),(23,'G','p47'),(25,'G','p47'),(28,'I','p47'),(29,'I','p47'),(1,'I','p48'),(2,'I','p48'),(5,'I','p48'),(6,'I','p48'),(7,'G','p48'),(9,'G','p48'),(10,'G','p48'),(14,'I','p48'),(15,'I','p48'),(16,'I','p48'),(17,'I','p48'),(18,'I','p48'),(20,'I','p48'),(21,'G','p48'),(22,'G','p48'),(23,'I','p48'),(24,'I','p48'),(25,'G','p48'),(26,'I','p48'),(27,'I','p48'),(29,'I','p48'),(1,'I','p49'),(6,'I','p49'),(8,'I','p49'),(9,'I','p49'),(10,'I','p49'),(16,'G','p49'),(17,'I','p49'),(18,'I','p49'),(19,'G','p49'),(20,'I','p49'),(22,'I','p49'),(23,'G','p49'),(24,'I','p49'),(26,'I','p49'),(27,'I','p49'),(28,'G','p49'),(29,'I','p49'),(3,'I','p5'),(4,'G','p5'),(6,'G','p5'),(7,'I','p5'),(8,'G','p5'),(9,'G','p5'),(10,'I','p5'),(12,'I','p5'),(13,'G','p5'),(14,'I','p5'),(15,'G','p5'),(16,'I','p5'),(18,'I','p5'),(19,'I','p5'),(22,'I','p5'),(23,'I','p5'),(26,'G','p5'),(27,'G','p5'),(29,'I','p5'),(30,'I','p5'),(1,'I','p50'),(2,'G','p50'),(4,'G','p50'),(5,'I','p50'),(6,'I','p50'),(7,'I','p50'),(8,'I','p50'),(9,'I','p50'),(10,'I','p50'),(12,'I','p50'),(13,'I','p50'),(15,'G','p50'),(16,'I','p50'),(17,'I','p50'),(19,'I','p50'),(21,'I','p50'),(22,'I','p50'),(23,'I','p50'),(24,'I','p50'),(27,'I','p50'),(28,'I','p50'),(30,'I','p50'),(1,'I','p6'),(4,'I','p6'),(5,'I','p6'),(6,'I','p6'),(8,'G','p6'),(11,'I','p6'),(12,'I','p6'),(13,'G','p6'),(14,'G','p6'),(16,'G','p6'),(17,'G','p6'),(18,'I','p6'),(19,'I','p6'),(21,'I','p6'),(22,'G','p6'),(26,'G','p6'),(27,'G','p6'),(29,'I','p6'),(1,'I','p7'),(2,'G','p7'),(5,'I','p7'),(6,'I','p7'),(7,'G','p7'),(8,'I','p7'),(11,'G','p7'),(13,'I','p7'),(19,'I','p7'),(20,'I','p7'),(21,'I','p7'),(22,'I','p7'),(24,'I','p7'),(25,'I','p7'),(26,'I','p7'),(27,'I','p7'),(28,'G','p7'),(29,'G','p7'),(1,'I','p8'),(4,'G','p8'),(5,'G','p8'),(9,'I','p8'),(10,'G','p8'),(12,'I','p8'),(13,'G','p8'),(15,'G','p8'),(16,'G','p8'),(17,'G','p8'),(18,'I','p8'),(20,'I','p8'),(21,'G','p8'),(22,'G','p8'),(23,'I','p8'),(24,'I','p8'),(25,'I','p8'),(26,'I','p8'),(28,'I','p8'),(29,'I','p8'),(1,'I','p9'),(2,'I','p9'),(3,'I','p9'),(5,'I','p9'),(7,'G','p9'),(12,'I','p9'),(13,'G','p9'),(14,'I','p9'),(16,'I','p9'),(18,'I','p9'),(19,'I','p9'),(20,'G','p9'),(21,'I','p9'),(25,'I','p9'),(26,'I','p9'),(27,'G','p9'),(29,'I','p9'),(30,'G','p9');
/*!40000 ALTER TABLE `initialgoalparameter` ENABLE KEYS */;
UNLOCK TABLES;

--
-- Table structure for table `inputparameter`
--

DROP TABLE IF EXISTS `inputparameter`;
/*!40101 SET @saved_cs_client     = @@character_set_client */;
/*!50503 SET character_set_client = utf8mb4 */;
CREATE TABLE `inputparameter` (
  `webServiceID` varchar(10) NOT NULL,
  `parameterID` varchar(10) NOT NULL,
  PRIMARY KEY (`webServiceID`,`parameterID`),
  KEY `knowledgeID` (`parameterID`)
) ENGINE=InnoDB DEFAULT CHARSET=latin1;
/*!40101 SET character_set_client = @saved_cs_client */;

--
-- Dumping data for table `inputparameter`
--

LOCK TABLES `inputparameter` WRITE;
/*!40000 ALTER TABLE `inputparameter` DISABLE KEYS */;
INSERT INTO `inputparameter` VALUES ('WSS113','p1'),('WSS115','p1'),('WSS136','p1'),('WSS143','p1'),('WSS161','p1'),('WSS170','p1'),('WSS186','p1'),('WSS196','p1'),('WSS216','p1'),('WSS224','p1'),('WSS245','p1'),('WSS252','p1'),('WSS259','p1'),('WSS262','p1'),('WSS295','p1'),('WSS299','p1'),('WSS325','p1'),('WSS327','p1'),('WSS339','p1'),('WSS348','p1'),('WSS35','p1'),('WSS362','p1'),('WSS366','p1'),('WSS426','p1'),('WSS428','p1'),('WSS431','p1'),('WSS442','p1'),('WSS461','p1'),('WSS462','p1'),('WSS492','p1'),('WSS515','p1'),('WSS536','p1'),('WSS61','p1'),('WSS629','p1'),('WSS632','p1'),('WSS634','p1'),('WSS635','p1'),('WSS639','p1'),('WSS671','p1'),('WSS679','p1'),('WSS684','p1'),('WSS695','p1'),('WSS705','p1'),('WSS772','p1'),('WSS797','p1'),('WSS809','p1'),('WSS87','p1'),('WSS876','p1'),('WSS879','p1'),('WSS88','p1'),('WSS882','p1'),('WSS887','p1'),('WSS890','p1'),('WSS891','p1'),('WSS910','p1'),('WSS912','p1'),('WSS922','p1'),('WSS967','p1'),('WSS108','p10'),('WSS111','p10'),('WSS114','p10'),('WSS136','p10'),('WSS152','p10'),('WSS155','p10'),('WSS199','p10'),('WSS230','p10'),('WSS241','p10'),('WSS246','p10'),('WSS31','p10'),('WSS310','p10'),('WSS320','p10'),('WSS330','p10'),('WSS333','p10'),('WSS356','p10'),('WSS357','p10'),('WSS367','p10'),('WSS378','p10'),('WSS380','p10'),('WSS385','p10'),('WSS39','p10'),('WSS395','p10'),('WSS44','p10'),('WSS445','p10'),('WSS447','p10'),('WSS465','p10'),('WSS478','p10'),('WSS52','p10'),('WSS524','p10'),('WSS541','p10'),('WSS551','p10'),('WSS581','p10'),('WSS604','p10'),('WSS67','p10'),('WSS676','p10'),('WSS678','p10'),('WSS688','p10'),('WSS708','p10'),('WSS72','p10'),('WSS725','p10'),('WSS735','p10'),('WSS743','p10'),('WSS745','p10'),('WSS776','p10'),('WSS777','p10'),('WSS800','p10'),('WSS808','p10'),('WSS81','p10'),('WSS820','p10'),('WSS877','p10'),('WSS90','p10'),('WSS94','p10'),('WSS955','p10'),('WSS957','p10'),('WSS965','p10'),('WSS969','p10'),('WSS971','p10'),('WSS98','p10'),('WSS996','p10'),('WSS101','p11'),('WSS12','p11'),('WSS125','p11'),('WSS138','p11'),('WSS172','p11'),('WSS180','p11'),('WSS194','p11'),('WSS199','p11'),('WSS215','p11'),('WSS23','p11'),('WSS24','p11'),('WSS245','p11'),('WSS27','p11'),('WSS280','p11'),('WSS284','p11'),('WSS297','p11'),('WSS300','p11'),('WSS302','p11'),('WSS319','p11'),('WSS322','p11'),('WSS336','p11'),('WSS4','p11'),('WSS406','p11'),('WSS464','p11'),('WSS473','p11'),('WSS478','p11'),('WSS479','p11'),('WSS485','p11'),('WSS503','p11'),('WSS504','p11'),('WSS505','p11'),('WSS519','p11'),('WSS520','p11'),('WSS541','p11'),('WSS545','p11'),('WSS554','p11'),('WSS563','p11'),('WSS566','p11'),('WSS591','p11'),('WSS613','p11'),('WSS626','p11'),('WSS627','p11'),('WSS636','p11'),('WSS646','p11'),('WSS659','p11'),('WSS682','p11'),('WSS694','p11'),('WSS734','p11'),('WSS755','p11'),('WSS786','p11'),('WSS795','p11'),('WSS80','p11'),('WSS804','p11'),('WSS812','p11'),('WSS813','p11'),('WSS825','p11'),('WSS827','p11'),('WSS861','p11'),('WSS886','p11'),('WSS898','p11'),('WSS903','p11'),('WSS918','p11'),('WSS93','p11'),('WSS951','p11'),('WSS954','p11'),('WSS957','p11'),('WSS960','p11'),('WSS965','p11'),('WSS982','p11'),('WSS984','p11'),('WSS139','p12'),('WSS158','p12'),('WSS199','p12'),('WSS225','p12'),('WSS232','p12'),('WSS299','p12'),('WSS30','p12'),('WSS347','p12'),('WSS356','p12'),('WSS376','p12'),('WSS378','p12'),('WSS388','p12'),('WSS397','p12'),('WSS407','p12'),('WSS410','p12'),('WSS430','p12'),('WSS452','p12'),('WSS471','p12'),('WSS488','p12'),('WSS500','p12'),('WSS501','p12'),('WSS508','p12'),('WSS510','p12'),('WSS529','p12'),('WSS543','p12'),('WSS554','p12'),('WSS557','p12'),('WSS563','p12'),('WSS571','p12'),('WSS589','p12'),('WSS625','p12'),('WSS640','p12'),('WSS676','p12'),('WSS684','p12'),('WSS711','p12'),('WSS718','p12'),('WSS739','p12'),('WSS74','p12'),('WSS742','p12'),('WSS761','p12'),('WSS764','p12'),('WSS769','p12'),('WSS808','p12'),('WSS818','p12'),('WSS819','p12'),('WSS826','p12'),('WSS837','p12'),('WSS900','p12'),('WSS946','p12'),('WSS952','p12'),('WSS972','p12'),('WSS976','p12'),('WSS996','p12'),('WSS998','p12'),('WSS1000','p13'),('WSS109','p13'),('WSS133','p13'),('WSS153','p13'),('WSS171','p13'),('WSS176','p13'),('WSS195','p13'),('WSS204','p13'),('WSS238','p13'),('WSS261','p13'),('WSS306','p13'),('WSS327','p13'),('WSS348','p13'),('WSS379','p13'),('WSS382','p13'),('WSS384','p13'),('WSS415','p13'),('WSS427','p13'),('WSS44','p13'),('WSS450','p13'),('WSS459','p13'),('WSS460','p13'),('WSS467','p13'),('WSS474','p13'),('WSS475','p13'),('WSS483','p13'),('WSS484','p13'),('WSS490','p13'),('WSS501','p13'),('WSS521','p13'),('WSS577','p13'),('WSS587','p13'),('WSS593','p13'),('WSS605','p13'),('WSS615','p13'),('WSS639','p13'),('WSS640','p13'),('WSS657','p13'),('WSS682','p13'),('WSS688','p13'),('WSS740','p13'),('WSS748','p13'),('WSS749','p13'),('WSS798','p13'),('WSS812','p13'),('WSS814','p13'),('WSS831','p13'),('WSS853','p13'),('WSS86','p13'),('WSS870','p13'),('WSS872','p13'),('WSS885','p13'),('WSS887','p13'),('WSS889','p13'),('WSS897','p13'),('WSS906','p13'),('WSS912','p13'),('WSS915','p13'),('WSS934','p13'),('WSS936','p13'),('WSS958','p13'),('WSS961','p13'),('WSS973','p13'),('WSS988','p13'),('WSS102','p14'),('WSS120','p14'),('WSS15','p14'),('WSS159','p14'),('WSS161','p14'),('WSS182','p14'),('WSS183','p14'),('WSS21','p14'),('WSS210','p14'),('WSS217','p14'),('WSS223','p14'),('WSS234','p14'),('WSS236','p14'),('WSS240','p14'),('WSS248','p14'),('WSS255','p14'),('WSS269','p14'),('WSS27','p14'),('WSS311','p14'),('WSS321','p14'),('WSS330','p14'),('WSS346','p14'),('WSS358','p14'),('WSS361','p14'),('WSS400','p14'),('WSS41','p14'),('WSS413','p14'),('WSS446','p14'),('WSS45','p14'),('WSS454','p14'),('WSS455','p14'),('WSS461','p14'),('WSS5','p14'),('WSS508','p14'),('WSS509','p14'),('WSS516','p14'),('WSS530','p14'),('WSS533','p14'),('WSS552','p14'),('WSS562','p14'),('WSS563','p14'),('WSS565','p14'),('WSS568','p14'),('WSS576','p14'),('WSS583','p14'),('WSS597','p14'),('WSS598','p14'),('WSS633','p14'),('WSS655','p14'),('WSS669','p14'),('WSS708','p14'),('WSS716','p14'),('WSS722','p14'),('WSS728','p14'),('WSS750','p14'),('WSS754','p14'),('WSS756','p14'),('WSS799','p14'),('WSS803','p14'),('WSS831','p14'),('WSS832','p14'),('WSS837','p14'),('WSS838','p14'),('WSS849','p14'),('WSS85','p14'),('WSS862','p14'),('WSS872','p14'),('WSS884','p14'),('WSS889','p14'),('WSS89','p14'),('WSS893','p14'),('WSS905','p14'),('WSS930','p14'),('WSS932','p14'),('WSS939','p14'),('WSS972','p14'),('WSS976','p14'),('WSS11','p15'),('WSS110','p15'),('WSS126','p15'),('WSS182','p15'),('WSS185','p15'),('WSS189','p15'),('WSS196','p15'),('WSS20','p15'),('WSS200','p15'),('WSS208','p15'),('WSS244','p15'),('WSS247','p15'),('WSS253','p15'),('WSS256','p15'),('WSS265','p15'),('WSS271','p15'),('WSS281','p15'),('WSS301','p15'),('WSS33','p15'),('WSS339','p15'),('WSS342','p15'),('WSS349','p15'),('WSS35','p15'),('WSS373','p15'),('WSS375','p15'),('WSS376','p15'),('WSS379','p15'),('WSS393','p15'),('WSS410','p15'),('WSS414','p15'),('WSS415','p15'),('WSS433','p15'),('WSS444','p15'),('WSS445','p15'),('WSS455','p15'),('WSS456','p15'),('WSS463','p15'),('WSS482','p15'),('WSS498','p15'),('WSS532','p15'),('WSS542','p15'),('WSS551','p15'),('WSS555','p15'),('WSS556','p15'),('WSS570','p15'),('WSS574','p15'),('WSS579','p15'),('WSS590','p15'),('WSS623','p15'),('WSS654','p15'),('WSS7','p15'),('WSS731','p15'),('WSS735','p15'),('WSS748','p15'),('WSS763','p15'),('WSS791','p15'),('WSS819','p15'),('WSS840','p15'),('WSS859','p15'),('WSS867','p15'),('WSS878','p15'),('WSS883','p15'),('WSS920','p15'),('WSS921','p15'),('WSS942','p15'),('WSS946','p15'),('WSS950','p15'),('WSS984','p15'),('WSS986','p15'),('WSS987','p15'),('WSS114','p16'),('WSS122','p16'),('WSS14','p16'),('WSS162','p16'),('WSS170','p16'),('WSS174','p16'),('WSS19','p16'),('WSS191','p16'),('WSS202','p16'),('WSS228','p16'),('WSS300','p16'),('WSS334','p16'),('WSS358','p16'),('WSS394','p16'),('WSS408','p16'),('WSS416','p16'),('WSS427','p16'),('WSS469','p16'),('WSS472','p16'),('WSS476','p16'),('WSS493','p16'),('WSS517','p16'),('WSS53','p16'),('WSS541','p16'),('WSS549','p16'),('WSS55','p16'),('WSS590','p16'),('WSS594','p16'),('WSS618','p16'),('WSS626','p16'),('WSS629','p16'),('WSS662','p16'),('WSS669','p16'),('WSS69','p16'),('WSS697','p16'),('WSS717','p16'),('WSS726','p16'),('WSS727','p16'),('WSS759','p16'),('WSS760','p16'),('WSS77','p16'),('WSS810','p16'),('WSS835','p16'),('WSS85','p16'),('WSS852','p16'),('WSS860','p16'),('WSS895','p16'),('WSS9','p16'),('WSS91','p16'),('WSS92','p16'),('WSS925','p16'),('WSS999','p16'),('WSS119','p17'),('WSS16','p17'),('WSS163','p17'),('WSS167','p17'),('WSS2','p17'),('WSS269','p17'),('WSS278','p17'),('WSS286','p17'),('WSS287','p17'),('WSS307','p17'),('WSS31','p17'),('WSS32','p17'),('WSS328','p17'),('WSS34','p17'),('WSS350','p17'),('WSS360','p17'),('WSS384','p17'),('WSS392','p17'),('WSS411','p17'),('WSS43','p17'),('WSS437','p17'),('WSS458','p17'),('WSS481','p17'),('WSS530','p17'),('WSS548','p17'),('WSS559','p17'),('WSS611','p17'),('WSS632','p17'),('WSS653','p17'),('WSS667','p17'),('WSS669','p17'),('WSS733','p17'),('WSS744','p17'),('WSS755','p17'),('WSS774','p17'),('WSS775','p17'),('WSS786','p17'),('WSS81','p17'),('WSS815','p17'),('WSS823','p17'),('WSS824','p17'),('WSS876','p17'),('WSS894','p17'),('WSS899','p17'),('WSS913','p17'),('WSS10','p18'),('WSS1000','p18'),('WSS119','p18'),('WSS121','p18'),('WSS173','p18'),('WSS178','p18'),('WSS190','p18'),('WSS2','p18'),('WSS233','p18'),('WSS243','p18'),('WSS271','p18'),('WSS29','p18'),('WSS292','p18'),('WSS303','p18'),('WSS309','p18'),('WSS324','p18'),('WSS342','p18'),('WSS355','p18'),('WSS398','p18'),('WSS411','p18'),('WSS438','p18'),('WSS465','p18'),('WSS496','p18'),('WSS513','p18'),('WSS514','p18'),('WSS553','p18'),('WSS556','p18'),('WSS58','p18'),('WSS594','p18'),('WSS601','p18'),('WSS652','p18'),('WSS664','p18'),('WSS672','p18'),('WSS693','p18'),('WSS712','p18'),('WSS775','p18'),('WSS785','p18'),('WSS830','p18'),('WSS845','p18'),('WSS849','p18'),('WSS892','p18'),('WSS93','p18'),('WSS959','p18'),('WSS969','p18'),('WSS980','p18'),('WSS989','p18'),('WSS100','p19'),('WSS141','p19'),('WSS155','p19'),('WSS17','p19'),('WSS174','p19'),('WSS188','p19'),('WSS202','p19'),('WSS230','p19'),('WSS234','p19'),('WSS239','p19'),('WSS258','p19'),('WSS275','p19'),('WSS276','p19'),('WSS286','p19'),('WSS288','p19'),('WSS291','p19'),('WSS297','p19'),('WSS32','p19'),('WSS331','p19'),('WSS413','p19'),('WSS421','p19'),('WSS435','p19'),('WSS448','p19'),('WSS491','p19'),('WSS510','p19'),('WSS520','p19'),('WSS572','p19'),('WSS592','p19'),('WSS596','p19'),('WSS61','p19'),('WSS660','p19'),('WSS673','p19'),('WSS674','p19'),('WSS707','p19'),('WSS712','p19'),('WSS759','p19'),('WSS771','p19'),('WSS788','p19'),('WSS789','p19'),('WSS8','p19'),('WSS810','p19'),('WSS815','p19'),('WSS824','p19'),('WSS852','p19'),('WSS873','p19'),('WSS876','p19'),('WSS902','p19'),('WSS904','p19'),('WSS919','p19'),('WSS923','p19'),('WSS937','p19'),('WSS990','p19'),('WSS993','p19'),('WSS105','p2'),('WSS115','p2'),('WSS128','p2'),('WSS13','p2'),('WSS134','p2'),('WSS176','p2'),('WSS184','p2'),('WSS186','p2'),('WSS217','p2'),('WSS247','p2'),('WSS283','p2'),('WSS313','p2'),('WSS344','p2'),('WSS368','p2'),('WSS373','p2'),('WSS381','p2'),('WSS396','p2'),('WSS444','p2'),('WSS475','p2'),('WSS482','p2'),('WSS49','p2'),('WSS5','p2'),('WSS50','p2'),('WSS505','p2'),('WSS511','p2'),('WSS515','p2'),('WSS517','p2'),('WSS581','p2'),('WSS587','p2'),('WSS606','p2'),('WSS617','p2'),('WSS629','p2'),('WSS638','p2'),('WSS648','p2'),('WSS660','p2'),('WSS667','p2'),('WSS683','p2'),('WSS688','p2'),('WSS733','p2'),('WSS739','p2'),('WSS750','p2'),('WSS76','p2'),('WSS834','p2'),('WSS844','p2'),('WSS845','p2'),('WSS850','p2'),('WSS867','p2'),('WSS875','p2'),('WSS890','p2'),('WSS909','p2'),('WSS935','p2'),('WSS941','p2'),('WSS942','p2'),('WSS961','p2'),('WSS995','p2'),('WSS10','p20'),('WSS116','p20'),('WSS121','p20'),('WSS135','p20'),('WSS140','p20'),('WSS142','p20'),('WSS162','p20'),('WSS17','p20'),('WSS198','p20'),('WSS231','p20'),('WSS264','p20'),('WSS273','p20'),('WSS277','p20'),('WSS28','p20'),('WSS285','p20'),('WSS306','p20'),('WSS313','p20'),('WSS314','p20'),('WSS323','p20'),('WSS355','p20'),('WSS36','p20'),('WSS393','p20'),('WSS40','p20'),('WSS43','p20'),('WSS437','p20'),('WSS441','p20'),('WSS446','p20'),('WSS458','p20'),('WSS468','p20'),('WSS472','p20'),('WSS492','p20'),('WSS496','p20'),('WSS50','p20'),('WSS511','p20'),('WSS516','p20'),('WSS535','p20'),('WSS544','p20'),('WSS561','p20'),('WSS564','p20'),('WSS565','p20'),('WSS586','p20'),('WSS65','p20'),('WSS66','p20'),('WSS661','p20'),('WSS67','p20'),('WSS670','p20'),('WSS696','p20'),('WSS699','p20'),('WSS704','p20'),('WSS724','p20'),('WSS732','p20'),('WSS770','p20'),('WSS772','p20'),('WSS779','p20'),('WSS791','p20'),('WSS825','p20'),('WSS842','p20'),('WSS86','p20'),('WSS875','p20'),('WSS880','p20'),('WSS89','p20'),('WSS899','p20'),('WSS919','p20'),('WSS928','p20'),('WSS938','p20'),('WSS953','p20'),('WSS955','p20'),('WSS979','p20'),('WSS99','p20'),('WSS993','p20'),('WSS13','p21'),('WSS131','p21'),('WSS139','p21'),('WSS141','p21'),('WSS149','p21'),('WSS164','p21'),('WSS167','p21'),('WSS192','p21'),('WSS193','p21'),('WSS205','p21'),('WSS234','p21'),('WSS235','p21'),('WSS249','p21'),('WSS254','p21'),('WSS278','p21'),('WSS279','p21'),('WSS284','p21'),('WSS293','p21'),('WSS302','p21'),('WSS311','p21'),('WSS316','p21'),('WSS333','p21'),('WSS367','p21'),('WSS369','p21'),('WSS377','p21'),('WSS439','p21'),('WSS46','p21'),('WSS460','p21'),('WSS470','p21'),('WSS48','p21'),('WSS506','p21'),('WSS531','p21'),('WSS543','p21'),('WSS555','p21'),('WSS569','p21'),('WSS60','p21'),('WSS65','p21'),('WSS676','p21'),('WSS68','p21'),('WSS694','p21'),('WSS730','p21'),('WSS754','p21'),('WSS762','p21'),('WSS773','p21'),('WSS791','p21'),('WSS794','p21'),('WSS8','p21'),('WSS800','p21'),('WSS801','p21'),('WSS826','p21'),('WSS830','p21'),('WSS832','p21'),('WSS862','p21'),('WSS908','p21'),('WSS923','p21'),('WSS925','p21'),('WSS943','p21'),('WSS953','p21'),('WSS954','p21'),('WSS975','p21'),('WSS124','p22'),('WSS147','p22'),('WSS150','p22'),('WSS169','p22'),('WSS188','p22'),('WSS206','p22'),('WSS223','p22'),('WSS251','p22'),('WSS255','p22'),('WSS262','p22'),('WSS275','p22'),('WSS320','p22'),('WSS329','p22'),('WSS365','p22'),('WSS374','p22'),('WSS383','p22'),('WSS398','p22'),('WSS405','p22'),('WSS425','p22'),('WSS430','p22'),('WSS471','p22'),('WSS487','p22'),('WSS512','p22'),('WSS545','p22'),('WSS547','p22'),('WSS549','p22'),('WSS57','p22'),('WSS601','p22'),('WSS603','p22'),('WSS605','p22'),('WSS628','p22'),('WSS678','p22'),('WSS705','p22'),('WSS721','p22'),('WSS799','p22'),('WSS868','p22'),('WSS871','p22'),('WSS874','p22'),('WSS892','p22'),('WSS908','p22'),('WSS915','p22'),('WSS936','p22'),('WSS937','p22'),('WSS946','p22'),('WSS981','p22'),('WSS982','p22'),('WSS990','p22'),('WSS1000','p23'),('WSS105','p23'),('WSS111','p23'),('WSS112','p23'),('WSS132','p23'),('WSS143','p23'),('WSS148','p23'),('WSS151','p23'),('WSS214','p23'),('WSS218','p23'),('WSS222','p23'),('WSS229','p23'),('WSS262','p23'),('WSS265','p23'),('WSS298','p23'),('WSS303','p23'),('WSS306','p23'),('WSS321','p23'),('WSS332','p23'),('WSS350','p23'),('WSS365','p23'),('WSS390','p23'),('WSS399','p23'),('WSS410','p23'),('WSS447','p23'),('WSS451','p23'),('WSS462','p23'),('WSS465','p23'),('WSS477','p23'),('WSS489','p23'),('WSS52','p23'),('WSS537','p23'),('WSS54','p23'),('WSS540','p23'),('WSS569','p23'),('WSS576','p23'),('WSS58','p23'),('WSS582','p23'),('WSS587','p23'),('WSS595','p23'),('WSS659','p23'),('WSS664','p23'),('WSS665','p23'),('WSS690','p23'),('WSS698','p23'),('WSS718','p23'),('WSS725','p23'),('WSS76','p23'),('WSS766','p23'),('WSS770','p23'),('WSS782','p23'),('WSS785','p23'),('WSS789','p23'),('WSS798','p23'),('WSS829','p23'),('WSS844','p23'),('WSS847','p23'),('WSS851','p23'),('WSS863','p23'),('WSS885','p23'),('WSS948','p23'),('WSS956','p23'),('WSS968','p23'),('WSS969','p23'),('WSS970','p23'),('WSS983','p23'),('WSS988','p23'),('WSS998','p23'),('WSS118','p24'),('WSS123','p24'),('WSS154','p24'),('WSS185','p24'),('WSS219','p24'),('WSS239','p24'),('WSS253','p24'),('WSS260','p24'),('WSS295','p24'),('WSS333','p24'),('WSS35','p24'),('WSS351','p24'),('WSS371','p24'),('WSS47','p24'),('WSS470','p24'),('WSS477','p24'),('WSS48','p24'),('WSS484','p24'),('WSS499','p24'),('WSS538','p24'),('WSS571','p24'),('WSS573','p24'),('WSS58','p24'),('WSS601','p24'),('WSS623','p24'),('WSS642','p24'),('WSS645','p24'),('WSS649','p24'),('WSS651','p24'),('WSS673','p24'),('WSS68','p24'),('WSS681','p24'),('WSS7','p24'),('WSS700','p24'),('WSS710','p24'),('WSS719','p24'),('WSS72','p24'),('WSS723','p24'),('WSS74','p24'),('WSS769','p24'),('WSS778','p24'),('WSS794','p24'),('WSS807','p24'),('WSS818','p24'),('WSS83','p24'),('WSS860','p24'),('WSS905','p24'),('WSS949','p24'),('WSS102','p25'),('WSS105','p25'),('WSS113','p25'),('WSS124','p25'),('WSS127','p25'),('WSS135','p25'),('WSS185','p25'),('WSS2','p25'),('WSS213','p25'),('WSS259','p25'),('WSS317','p25'),('WSS328','p25'),('WSS343','p25'),('WSS344','p25'),('WSS348','p25'),('WSS401','p25'),('WSS404','p25'),('WSS457','p25'),('WSS468','p25'),('WSS519','p25'),('WSS554','p25'),('WSS564','p25'),('WSS567','p25'),('WSS573','p25'),('WSS584','p25'),('WSS593','p25'),('WSS606','p25'),('WSS610','p25'),('WSS614','p25'),('WSS623','p25'),('WSS634','p25'),('WSS64','p25'),('WSS648','p25'),('WSS66','p25'),('WSS661','p25'),('WSS703','p25'),('WSS71','p25'),('WSS745','p25'),('WSS754','p25'),('WSS774','p25'),('WSS783','p25'),('WSS788','p25'),('WSS793','p25'),('WSS81','p25'),('WSS825','p25'),('WSS862','p25'),('WSS873','p25'),('WSS882','p25'),('WSS934','p25'),('WSS962','p25'),('WSS968','p25'),('WSS971','p25'),('WSS979','p25'),('WSS985','p25'),('WSS111','p26'),('WSS118','p26'),('WSS126','p26'),('WSS146','p26'),('WSS152','p26'),('WSS165','p26'),('WSS175','p26'),('WSS192','p26'),('WSS204','p26'),('WSS254','p26'),('WSS26','p26'),('WSS28','p26'),('WSS298','p26'),('WSS309','p26'),('WSS310','p26'),('WSS327','p26'),('WSS365','p26'),('WSS392','p26'),('WSS408','p26'),('WSS425','p26'),('WSS428','p26'),('WSS483','p26'),('WSS527','p26'),('WSS537','p26'),('WSS56','p26'),('WSS593','p26'),('WSS639','p26'),('WSS645','p26'),('WSS65','p26'),('WSS651','p26'),('WSS657','p26'),('WSS687','p26'),('WSS691','p26'),('WSS713','p26'),('WSS730','p26'),('WSS752','p26'),('WSS768','p26'),('WSS776','p26'),('WSS784','p26'),('WSS806','p26'),('WSS817','p26'),('WSS83','p26'),('WSS840','p26'),('WSS846','p26'),('WSS849','p26'),('WSS852','p26'),('WSS865','p26'),('WSS866','p26'),('WSS916','p26'),('WSS919','p26'),('WSS926','p26'),('WSS95','p26'),('WSS955','p26'),('WSS97','p26'),('WSS981','p26'),('WSS983','p26'),('WSS101','p27'),('WSS12','p27'),('WSS122','p27'),('WSS150','p27'),('WSS161','p27'),('WSS166','p27'),('WSS169','p27'),('WSS189','p27'),('WSS211','p27'),('WSS216','p27'),('WSS225','p27'),('WSS227','p27'),('WSS245','p27'),('WSS279','p27'),('WSS316','p27'),('WSS36','p27'),('WSS390','p27'),('WSS396','p27'),('WSS398','p27'),('WSS418','p27'),('WSS419','p27'),('WSS45','p27'),('WSS48','p27'),('WSS486','p27'),('WSS489','p27'),('WSS500','p27'),('WSS51','p27'),('WSS512','p27'),('WSS550','p27'),('WSS565','p27'),('WSS578','p27'),('WSS620','p27'),('WSS63','p27'),('WSS633','p27'),('WSS641','p27'),('WSS648','p27'),('WSS692','p27'),('WSS710','p27'),('WSS72','p27'),('WSS728','p27'),('WSS729','p27'),('WSS733','p27'),('WSS734','p27'),('WSS742','p27'),('WSS743','p27'),('WSS790','p27'),('WSS793','p27'),('WSS796','p27'),('WSS816','p27'),('WSS833','p27'),('WSS841','p27'),('WSS848','p27'),('WSS858','p27'),('WSS898','p27'),('WSS949','p27'),('WSS96','p27'),('WSS981','p27'),('WSS120','p28'),('WSS151','p28'),('WSS160','p28'),('WSS172','p28'),('WSS175','p28'),('WSS182','p28'),('WSS206','p28'),('WSS207','p28'),('WSS237','p28'),('WSS244','p28'),('WSS263','p28'),('WSS273','p28'),('WSS274','p28'),('WSS289','p28'),('WSS317','p28'),('WSS349','p28'),('WSS351','p28'),('WSS392','p28'),('WSS397','p28'),('WSS402','p28'),('WSS429','p28'),('WSS460','p28'),('WSS466','p28'),('WSS467','p28'),('WSS505','p28'),('WSS534','p28'),('WSS57','p28'),('WSS572','p28'),('WSS585','p28'),('WSS614','p28'),('WSS627','p28'),('WSS630','p28'),('WSS652','p28'),('WSS655','p28'),('WSS664','p28'),('WSS695','p28'),('WSS721','p28'),('WSS751','p28'),('WSS752','p28'),('WSS778','p28'),('WSS79','p28'),('WSS801','p28'),('WSS802','p28'),('WSS805','p28'),('WSS835','p28'),('WSS855','p28'),('WSS857','p28'),('WSS866','p28'),('WSS881','p28'),('WSS901','p28'),('WSS902','p28'),('WSS930','p28'),('WSS940','p28'),('WSS954','p28'),('WSS987','p28'),('WSS104','p29'),('WSS109','p29'),('WSS11','p29'),('WSS126','p29'),('WSS129','p29'),('WSS146','p29'),('WSS15','p29'),('WSS156','p29'),('WSS163','p29'),('WSS18','p29'),('WSS187','p29'),('WSS198','p29'),('WSS207','p29'),('WSS267','p29'),('WSS285','p29'),('WSS299','p29'),('WSS320','p29'),('WSS332','p29'),('WSS335','p29'),('WSS380','p29'),('WSS389','p29'),('WSS395','p29'),('WSS4','p29'),('WSS401','p29'),('WSS403','p29'),('WSS415','p29'),('WSS419','p29'),('WSS433','p29'),('WSS437','p29'),('WSS448','p29'),('WSS47','p29'),('WSS473','p29'),('WSS488','p29'),('WSS503','p29'),('WSS533','p29'),('WSS544','p29'),('WSS577','p29'),('WSS582','p29'),('WSS588','p29'),('WSS622','p29'),('WSS63','p29'),('WSS643','p29'),('WSS672','p29'),('WSS675','p29'),('WSS689','p29'),('WSS694','p29'),('WSS70','p29'),('WSS702','p29'),('WSS709','p29'),('WSS719','p29'),('WSS736','p29'),('WSS744','p29'),('WSS750','p29'),('WSS813','p29'),('WSS830','p29'),('WSS856','p29'),('WSS871','p29'),('WSS873','p29'),('WSS875','p29'),('WSS911','p29'),('WSS997','p29'),('WSS112','p3'),('WSS115','p3'),('WSS120','p3'),('WSS13','p3'),('WSS136','p3'),('WSS154','p3'),('WSS222','p3'),('WSS240','p3'),('WSS242','p3'),('WSS289','p3'),('WSS301','p3'),('WSS312','p3'),('WSS314','p3'),('WSS318','p3'),('WSS330','p3'),('WSS360','p3'),('WSS368','p3'),('WSS375','p3'),('WSS382','p3'),('WSS417','p3'),('WSS422','p3'),('WSS424','p3'),('WSS439','p3'),('WSS441','p3'),('WSS453','p3'),('WSS455','p3'),('WSS480','p3'),('WSS488','p3'),('WSS514','p3'),('WSS525','p3'),('WSS539','p3'),('WSS584','p3'),('WSS59','p3'),('WSS6','p3'),('WSS609','p3'),('WSS610','p3'),('WSS615','p3'),('WSS616','p3'),('WSS621','p3'),('WSS644','p3'),('WSS650','p3'),('WSS678','p3'),('WSS717','p3'),('WSS721','p3'),('WSS782','p3'),('WSS790','p3'),('WSS822','p3'),('WSS839','p3'),('WSS856','p3'),('WSS90','p3'),('WSS900','p3'),('WSS917','p3'),('WSS937','p3'),('WSS938','p3'),('WSS956','p3'),('WSS103','p30'),('WSS118','p30'),('WSS125','p30'),('WSS139','p30'),('WSS155','p30'),('WSS184','p30'),('WSS187','p30'),('WSS192','p30'),('WSS197','p30'),('WSS198','p30'),('WSS202','p30'),('WSS236','p30'),('WSS256','p30'),('WSS301','p30'),('WSS304','p30'),('WSS323','p30'),('WSS325','p30'),('WSS329','p30'),('WSS385','p30'),('WSS389','p30'),('WSS406','p30'),('WSS411','p30'),('WSS420','p30'),('WSS421','p30'),('WSS431','p30'),('WSS436','p30'),('WSS461','p30'),('WSS496','p30'),('WSS506','p30'),('WSS511','p30'),('WSS539','p30'),('WSS546','p30'),('WSS56','p30'),('WSS574','p30'),('WSS575','p30'),('WSS580','p30'),('WSS620','p30'),('WSS634','p30'),('WSS649','p30'),('WSS673','p30'),('WSS690','p30'),('WSS708','p30'),('WSS731','p30'),('WSS734','p30'),('WSS769','p30'),('WSS835','p30'),('WSS878','p30'),('WSS897','p30'),('WSS922','p30'),('WSS973','p30'),('WSS98','p30'),('WSS997','p30'),('WSS112','p31'),('WSS130','p31'),('WSS145','p31'),('WSS18','p31'),('WSS213','p31'),('WSS217','p31'),('WSS22','p31'),('WSS233','p31'),('WSS237','p31'),('WSS250','p31'),('WSS257','p31'),('WSS259','p31'),('WSS261','p31'),('WSS284','p31'),('WSS29','p31'),('WSS302','p31'),('WSS315','p31'),('WSS318','p31'),('WSS326','p31'),('WSS336','p31'),('WSS383','p31'),('WSS407','p31'),('WSS429','p31'),('WSS449','p31'),('WSS475','p31'),('WSS479','p31'),('WSS483','p31'),('WSS49','p31'),('WSS507','p31'),('WSS516','p31'),('WSS521','p31'),('WSS523','p31'),('WSS527','p31'),('WSS53','p31'),('WSS540','p31'),('WSS548','p31'),('WSS557','p31'),('WSS573','p31'),('WSS621','p31'),('WSS631','p31'),('WSS64','p31'),('WSS641','p31'),('WSS658','p31'),('WSS675','p31'),('WSS704','p31'),('WSS705','p31'),('WSS711','p31'),('WSS756','p31'),('WSS758','p31'),('WSS767','p31'),('WSS780','p31'),('WSS784','p31'),('WSS822','p31'),('WSS841','p31'),('WSS86','p31'),('WSS883','p31'),('WSS894','p31'),('WSS910','p31'),('WSS911','p31'),('WSS938','p31'),('WSS939','p31'),('WSS947','p31'),('WSS952','p31'),('WSS964','p31'),('WSS980','p31'),('WSS99','p31'),('WSS992','p31'),('WSS994','p31'),('WSS117','p32'),('WSS134','p32'),('WSS147','p32'),('WSS178','p32'),('WSS193','p32'),('WSS232','p32'),('WSS236','p32'),('WSS237','p32'),('WSS252','p32'),('WSS265','p32'),('WSS282','p32'),('WSS296','p32'),('WSS305','p32'),('WSS308','p32'),('WSS358','p32'),('WSS361','p32'),('WSS377','p32'),('WSS380','p32'),('WSS389','p32'),('WSS394','p32'),('WSS424','p32'),('WSS434','p32'),('WSS439','p32'),('WSS440','p32'),('WSS45','p32'),('WSS469','p32'),('WSS486','p32'),('WSS527','p32'),('WSS528','p32'),('WSS537','p32'),('WSS542','p32'),('WSS55','p32'),('WSS553','p32'),('WSS559','p32'),('WSS579','p32'),('WSS607','p32'),('WSS608','p32'),('WSS626','p32'),('WSS630','p32'),('WSS647','p32'),('WSS661','p32'),('WSS671','p32'),('WSS680','p32'),('WSS692','p32'),('WSS702','p32'),('WSS706','p32'),('WSS720','p32'),('WSS743','p32'),('WSS760','p32'),('WSS764','p32'),('WSS765','p32'),('WSS797','p32'),('WSS832','p32'),('WSS838','p32'),('WSS847','p32'),('WSS869','p32'),('WSS874','p32'),('WSS878','p32'),('WSS88','p32'),('WSS881','p32'),('WSS891','p32'),('WSS914','p32'),('WSS928','p32'),('WSS931','p32'),('WSS961','p32'),('WSS106','p33'),('WSS107','p33'),('WSS129','p33'),('WSS158','p33'),('WSS160','p33'),('WSS177','p33'),('WSS181','p33'),('WSS184','p33'),('WSS194','p33'),('WSS201','p33'),('WSS205','p33'),('WSS209','p33'),('WSS247','p33'),('WSS258','p33'),('WSS291','p33'),('WSS293','p33'),('WSS317','p33'),('WSS318','p33'),('WSS341','p33'),('WSS346','p33'),('WSS354','p33'),('WSS362','p33'),('WSS38','p33'),('WSS400','p33'),('WSS41','p33'),('WSS413','p33'),('WSS438','p33'),('WSS444','p33'),('WSS447','p33'),('WSS47','p33'),('WSS474','p33'),('WSS480','p33'),('WSS5','p33'),('WSS513','p33'),('WSS538','p33'),('WSS553','p33'),('WSS578','p33'),('WSS584','p33'),('WSS616','p33'),('WSS677','p33'),('WSS698','p33'),('WSS729','p33'),('WSS749','p33'),('WSS760','p33'),('WSS761','p33'),('WSS818','p33'),('WSS858','p33'),('WSS9','p33'),('WSS903','p33'),('WSS936','p33'),('WSS96','p33'),('WSS963','p33'),('WSS983','p33'),('WSS984','p33'),('WSS990','p33'),('WSS121','p34'),('WSS127','p34'),('WSS138','p34'),('WSS144','p34'),('WSS165','p34'),('WSS177','p34'),('WSS183','p34'),('WSS209','p34'),('WSS220','p34'),('WSS221','p34'),('WSS251','p34'),('WSS254','p34'),('WSS255','p34'),('WSS286','p34'),('WSS292','p34'),('WSS305','p34'),('WSS322','p34'),('WSS335','p34'),('WSS337','p34'),('WSS371','p34'),('WSS386','p34'),('WSS40','p34'),('WSS400','p34'),('WSS414','p34'),('WSS417','p34'),('WSS434','p34'),('WSS482','p34'),('WSS495','p34'),('WSS499','p34'),('WSS503','p34'),('WSS525','p34'),('WSS558','p34'),('WSS580','p34'),('WSS621','p34'),('WSS652','p34'),('WSS659','p34'),('WSS677','p34'),('WSS681','p34'),('WSS713','p34'),('WSS726','p34'),('WSS727','p34'),('WSS744','p34'),('WSS746','p34'),('WSS761','p34'),('WSS773','p34'),('WSS801','p34'),('WSS806','p34'),('WSS83','p34'),('WSS847','p34'),('WSS868','p34'),('WSS904','p34'),('WSS93','p34'),('WSS962','p34'),('WSS985','p34'),('WSS989','p34'),('WSS107','p35'),('WSS132','p35'),('WSS150','p35'),('WSS163','p35'),('WSS165','p35'),('WSS175','p35'),('WSS176','p35'),('WSS203','p35'),('WSS246','p35'),('WSS258','p35'),('WSS276','p35'),('WSS289','p35'),('WSS294','p35'),('WSS296','p35'),('WSS297','p35'),('WSS300','p35'),('WSS33','p35'),('WSS331','p35'),('WSS36','p35'),('WSS367','p35'),('WSS372','p35'),('WSS374','p35'),('WSS409','p35'),('WSS412','p35'),('WSS421','p35'),('WSS426','p35'),('WSS449','p35'),('WSS469','p35'),('WSS500','p35'),('WSS51','p35'),('WSS53','p35'),('WSS531','p35'),('WSS551','p35'),('WSS556','p35'),('WSS558','p35'),('WSS566','p35'),('WSS576','p35'),('WSS595','p35'),('WSS609','p35'),('WSS631','p35'),('WSS663','p35'),('WSS67','p35'),('WSS680','p35'),('WSS69','p35'),('WSS701','p35'),('WSS709','p35'),('WSS73','p35'),('WSS741','p35'),('WSS752','p35'),('WSS757','p35'),('WSS766','p35'),('WSS78','p35'),('WSS8','p35'),('WSS851','p35'),('WSS854','p35'),('WSS855','p35'),('WSS888','p35'),('WSS895','p35'),('WSS986','p35'),('WSS989','p35'),('WSS101','p36'),('WSS113','p36'),('WSS117','p36'),('WSS124','p36'),('WSS173','p36'),('WSS181','p36'),('WSS188','p36'),('WSS189','p36'),('WSS191','p36'),('WSS200','p36'),('WSS21','p36'),('WSS211','p36'),('WSS216','p36'),('WSS218','p36'),('WSS240','p36'),('WSS243','p36'),('WSS248','p36'),('WSS253','p36'),('WSS272','p36'),('WSS282','p36'),('WSS283','p36'),('WSS307','p36'),('WSS31','p36'),('WSS363','p36'),('WSS39','p36'),('WSS395','p36'),('WSS420','p36'),('WSS426','p36'),('WSS450','p36'),('WSS456','p36'),('WSS467','p36'),('WSS492','p36'),('WSS493','p36'),('WSS498','p36'),('WSS523','p36'),('WSS569','p36'),('WSS575','p36'),('WSS589','p36'),('WSS603','p36'),('WSS610','p36'),('WSS622','p36'),('WSS666','p36'),('WSS671','p36'),('WSS68','p36'),('WSS689','p36'),('WSS693','p36'),('WSS702','p36'),('WSS707','p36'),('WSS710','p36'),('WSS717','p36'),('WSS738','p36'),('WSS78','p36'),('WSS836','p36'),('WSS84','p36'),('WSS898','p36'),('WSS903','p36'),('WSS929','p36'),('WSS931','p36'),('WSS933','p36'),('WSS944','p36'),('WSS980','p36'),('WSS103','p37'),('WSS123','p37'),('WSS129','p37'),('WSS15','p37'),('WSS156','p37'),('WSS169','p37'),('WSS170','p37'),('WSS171','p37'),('WSS19','p37'),('WSS212','p37'),('WSS215','p37'),('WSS226','p37'),('WSS235','p37'),('WSS242','p37'),('WSS266','p37'),('WSS277','p37'),('WSS279','p37'),('WSS295','p37'),('WSS340','p37'),('WSS361','p37'),('WSS370','p37'),('WSS387','p37'),('WSS4','p37'),('WSS40','p37'),('WSS430','p37'),('WSS442','p37'),('WSS567','p37'),('WSS570','p37'),('WSS588','p37'),('WSS598','p37'),('WSS602','p37'),('WSS612','p37'),('WSS615','p37'),('WSS663','p37'),('WSS666','p37'),('WSS693','p37'),('WSS716','p37'),('WSS722','p37'),('WSS724','p37'),('WSS737','p37'),('WSS738','p37'),('WSS751','p37'),('WSS758','p37'),('WSS765','p37'),('WSS77','p37'),('WSS775','p37'),('WSS781','p37'),('WSS787','p37'),('WSS789','p37'),('WSS795','p37'),('WSS816','p37'),('WSS821','p37'),('WSS856','p37'),('WSS859','p37'),('WSS863','p37'),('WSS870','p37'),('WSS914','p37'),('WSS960','p37'),('WSS963','p37'),('WSS966','p37'),('WSS974','p37'),('WSS995','p37'),('WSS996','p37'),('WSS106','p38'),('WSS110','p38'),('WSS127','p38'),('WSS135','p38'),('WSS140','p38'),('WSS148','p38'),('WSS153','p38'),('WSS207','p38'),('WSS223','p38'),('WSS232','p38'),('WSS244','p38'),('WSS269','p38'),('WSS280','p38'),('WSS294','p38'),('WSS303','p38'),('WSS315','p38'),('WSS345','p38'),('WSS349','p38'),('WSS352','p38'),('WSS353','p38'),('WSS359','p38'),('WSS419','p38'),('WSS423','p38'),('WSS459','p38'),('WSS46','p38'),('WSS491','p38'),('WSS494','p38'),('WSS536','p38'),('WSS547','p38'),('WSS561','p38'),('WSS591','p38'),('WSS600','p38'),('WSS602','p38'),('WSS619','p38'),('WSS624','p38'),('WSS657','p38'),('WSS674','p38'),('WSS685','p38'),('WSS697','p38'),('WSS719','p38'),('WSS735','p38'),('WSS757','p38'),('WSS776','p38'),('WSS777','p38'),('WSS783','p38'),('WSS787','p38'),('WSS788','p38'),('WSS796','p38'),('WSS798','p38'),('WSS804','p38'),('WSS811','p38'),('WSS812','p38'),('WSS82','p38'),('WSS823','p38'),('WSS836','p38'),('WSS864','p38'),('WSS87','p38'),('WSS896','p38'),('WSS913','p38'),('WSS926','p38'),('WSS940','p38'),('WSS956','p38'),('WSS978','p38'),('WSS986','p38'),('WSS99','p38'),('WSS109','p39'),('WSS128','p39'),('WSS159','p39'),('WSS160','p39'),('WSS21','p39'),('WSS25','p39'),('WSS274','p39'),('WSS293','p39'),('WSS34','p39'),('WSS341','p39'),('WSS342','p39'),('WSS360','p39'),('WSS363','p39'),('WSS37','p39'),('WSS397','p39'),('WSS425','p39'),('WSS427','p39'),('WSS452','p39'),('WSS454','p39'),('WSS463','p39'),('WSS487','p39'),('WSS506','p39'),('WSS512','p39'),('WSS524','p39'),('WSS528','p39'),('WSS631','p39'),('WSS646','p39'),('WSS650','p39'),('WSS656','p39'),('WSS706','p39'),('WSS707','p39'),('WSS751','p39'),('WSS773','p39'),('WSS779','p39'),('WSS783','p39'),('WSS785','p39'),('WSS799','p39'),('WSS805','p39'),('WSS807','p39'),('WSS845','p39'),('WSS882','p39'),('WSS885','p39'),('WSS888','p39'),('WSS89','p39'),('WSS90','p39'),('WSS92','p39'),('WSS945','p39'),('WSS958','p39'),('WSS959','p39'),('WSS97','p39'),('WSS976','p39'),('WSS991','p39'),('WSS997','p39'),('WSS1','p4'),('WSS104','p4'),('WSS122','p4'),('WSS137','p4'),('WSS179','p4'),('WSS22','p4'),('WSS243','p4'),('WSS268','p4'),('WSS285','p4'),('WSS288','p4'),('WSS296','p4'),('WSS308','p4'),('WSS310','p4'),('WSS371','p4'),('WSS396','p4'),('WSS402','p4'),('WSS403','p4'),('WSS497','p4'),('WSS50','p4'),('WSS51','p4'),('WSS548','p4'),('WSS552','p4'),('WSS567','p4'),('WSS568','p4'),('WSS575','p4'),('WSS583','p4'),('WSS585','p4'),('WSS588','p4'),('WSS59','p4'),('WSS599','p4'),('WSS612','p4'),('WSS635','p4'),('WSS638','p4'),('WSS646','p4'),('WSS654','p4'),('WSS687','p4'),('WSS689','p4'),('WSS69','p4'),('WSS712','p4'),('WSS716','p4'),('WSS720','p4'),('WSS726','p4'),('WSS732','p4'),('WSS75','p4'),('WSS763','p4'),('WSS766','p4'),('WSS767','p4'),('WSS79','p4'),('WSS828','p4'),('WSS834','p4'),('WSS838','p4'),('WSS843','p4'),('WSS853','p4'),('WSS872','p4'),('WSS895','p4'),('WSS907','p4'),('WSS920','p4'),('WSS921','p4'),('WSS947','p4'),('WSS131','p40'),('WSS14','p40'),('WSS144','p40'),('WSS157','p40'),('WSS191','p40'),('WSS20','p40'),('WSS203','p40'),('WSS208','p40'),('WSS215','p40'),('WSS225','p40'),('WSS228','p40'),('WSS24','p40'),('WSS252','p40'),('WSS304','p40'),('WSS321','p40'),('WSS337','p40'),('WSS357','p40'),('WSS359','p40'),('WSS388','p40'),('WSS401','p40'),('WSS403','p40'),('WSS405','p40'),('WSS408','p40'),('WSS43','p40'),('WSS436','p40'),('WSS440','p40'),('WSS448','p40'),('WSS451','p40'),('WSS464','p40'),('WSS466','p40'),('WSS494','p40'),('WSS504','p40'),('WSS526','p40'),('WSS594','p40'),('WSS60','p40'),('WSS604','p40'),('WSS637','p40'),('WSS647','p40'),('WSS677','p40'),('WSS679','p40'),('WSS70','p40'),('WSS723','p40'),('WSS725','p40'),('WSS808','p40'),('WSS829','p40'),('WSS854','p40'),('WSS857','p40'),('WSS864','p40'),('WSS890','p40'),('WSS907','p40'),('WSS916','p40'),('WSS931','p40'),('WSS944','p40'),('WSS96','p40'),('WSS108','p41'),('WSS123','p41'),('WSS166','p41'),('WSS256','p41'),('WSS3','p41'),('WSS312','p41'),('WSS375','p41'),('WSS377','p41'),('WSS393','p41'),('WSS394','p41'),('WSS416','p41'),('WSS453','p41'),('WSS46','p41'),('WSS462','p41'),('WSS502','p41'),('WSS528','p41'),('WSS529','p41'),('WSS532','p41'),('WSS560','p41'),('WSS578','p41'),('WSS586','p41'),('WSS62','p41'),('WSS625','p41'),('WSS665','p41'),('WSS727','p41'),('WSS753','p41'),('WSS764','p41'),('WSS781','p41'),('WSS82','p41'),('WSS826','p41'),('WSS855','p41'),('WSS865','p41'),('WSS868','p41'),('WSS88','p41'),('WSS902','p41'),('WSS921','p41'),('WSS924','p41'),('WSS933','p41'),('WSS935','p41'),('WSS945','p41'),('WSS962','p41'),('WSS963','p41'),('WSS967','p41'),('WSS979','p41'),('WSS991','p41'),('WSS999','p41'),('WSS119','p42'),('WSS137','p42'),('WSS140','p42'),('WSS145','p42'),('WSS159','p42'),('WSS164','p42'),('WSS171','p42'),('WSS178','p42'),('WSS179','p42'),('WSS180','p42'),('WSS183','p42'),('WSS193','p42'),('WSS197','p42'),('WSS20','p42'),('WSS200','p42'),('WSS204','p42'),('WSS224','p42'),('WSS28','p42'),('WSS338','p42'),('WSS340','p42'),('WSS374','p42'),('WSS379','p42'),('WSS390','p42'),('WSS420','p42'),('WSS442','p42'),('WSS458','p42'),('WSS472','p42'),('WSS474','p42'),('WSS477','p42'),('WSS490','p42'),('WSS493','p42'),('WSS510','p42'),('WSS523','p42'),('WSS540','p42'),('WSS568','p42'),('WSS571','p42'),('WSS6','p42'),('WSS604','p42'),('WSS608','p42'),('WSS611','p42'),('WSS614','p42'),('WSS695','p42'),('WSS703','p42'),('WSS714','p42'),('WSS715','p42'),('WSS722','p42'),('WSS736','p42'),('WSS749','p42'),('WSS759','p42'),('WSS76','p42'),('WSS777','p42'),('WSS803','p42'),('WSS811','p42'),('WSS827','p42'),('WSS843','p42'),('WSS861','p42'),('WSS869','p42'),('WSS870','p42'),('WSS877','p42'),('WSS883','p42'),('WSS909','p42'),('WSS922','p42'),('WSS927','p42'),('WSS95','p42'),('WSS977','p42'),('WSS1','p43'),('WSS133','p43'),('WSS142','p43'),('WSS16','p43'),('WSS186','p43'),('WSS194','p43'),('WSS205','p43'),('WSS206','p43'),('WSS218','p43'),('WSS238','p43'),('WSS257','p43'),('WSS263','p43'),('WSS267','p43'),('WSS27','p43'),('WSS270','p43'),('WSS271','p43'),('WSS272','p43'),('WSS274','p43'),('WSS275','p43'),('WSS288','p43'),('WSS307','p43'),('WSS340','p43'),('WSS354','p43'),('WSS355','p43'),('WSS404','p43'),('WSS453','p43'),('WSS464','p43'),('WSS481','p43'),('WSS495','p43'),('WSS499','p43'),('WSS515','p43'),('WSS545','p43'),('WSS57','p43'),('WSS596','p43'),('WSS618','p43'),('WSS635','p43'),('WSS653','p43'),('WSS662','p43'),('WSS683','p43'),('WSS685','p43'),('WSS7','p43'),('WSS701','p43'),('WSS711','p43'),('WSS720','p43'),('WSS728','p43'),('WSS740','p43'),('WSS748','p43'),('WSS75','p43'),('WSS765','p43'),('WSS781','p43'),('WSS790','p43'),('WSS802','p43'),('WSS828','p43'),('WSS844','p43'),('WSS857','p43'),('WSS858','p43'),('WSS879','p43'),('WSS886','p43'),('WSS91','p43'),('WSS916','p43'),('WSS917','p43'),('WSS918','p43'),('WSS933','p43'),('WSS934','p43'),('WSS943','p43'),('WSS95','p43'),('WSS973','p43'),('WSS977','p43'),('WSS992','p43'),('WSS117','p44'),('WSS145','p44'),('WSS172','p44'),('WSS173','p44'),('WSS179','p44'),('WSS222','p44'),('WSS230','p44'),('WSS273','p44'),('WSS3','p44'),('WSS313','p44'),('WSS322','p44'),('WSS332','p44'),('WSS362','p44'),('WSS364','p44'),('WSS369','p44'),('WSS387','p44'),('WSS391','p44'),('WSS409','p44'),('WSS422','p44'),('WSS428','p44'),('WSS429','p44'),('WSS432','p44'),('WSS434','p44'),('WSS44','p44'),('WSS463','p44'),('WSS484','p44'),('WSS485','p44'),('WSS514','p44'),('WSS518','p44'),('WSS522','p44'),('WSS526','p44'),('WSS534','p44'),('WSS561','p44'),('WSS596','p44'),('WSS600','p44'),('WSS607','p44'),('WSS624','p44'),('WSS637','p44'),('WSS643','p44'),('WSS644','p44'),('WSS66','p44'),('WSS672','p44'),('WSS685','p44'),('WSS690','p44'),('WSS714','p44'),('WSS718','p44'),('WSS778','p44'),('WSS80','p44'),('WSS817','p44'),('WSS820','p44'),('WSS837','p44'),('WSS842','p44'),('WSS863','p44'),('WSS908','p44'),('WSS909','p44'),('WSS913','p44'),('WSS920','p44'),('WSS948','p44'),('WSS952','p44'),('WSS959','p44'),('WSS994','p44'),('WSS995','p44'),('WSS10','p45'),('WSS12','p45'),('WSS125','p45'),('WSS137','p45'),('WSS141','p45'),('WSS156','p45'),('WSS18','p45'),('WSS190','p45'),('WSS195','p45'),('WSS196','p45'),('WSS219','p45'),('WSS220','p45'),('WSS221','p45'),('WSS227','p45'),('WSS251','p45'),('WSS319','p45'),('WSS345','p45'),('WSS350','p45'),('WSS353','p45'),('WSS366','p45'),('WSS37','p45'),('WSS370','p45'),('WSS383','p45'),('WSS438','p45'),('WSS489','p45'),('WSS495','p45'),('WSS531','p45'),('WSS54','p45'),('WSS542','p45'),('WSS557','p45'),('WSS566','p45'),('WSS583','p45'),('WSS60','p45'),('WSS603','p45'),('WSS61','p45'),('WSS632','p45'),('WSS642','p45'),('WSS644','p45'),('WSS650','p45'),('WSS686','p45'),('WSS701','p45'),('WSS71','p45'),('WSS724','p45'),('WSS742','p45'),('WSS746','p45'),('WSS753','p45'),('WSS774','p45'),('WSS815','p45'),('WSS824','p45'),('WSS848','p45'),('WSS850','p45'),('WSS866','p45'),('WSS879','p45'),('WSS884','p45'),('WSS893','p45'),('WSS906','p45'),('WSS910','p45'),('WSS927','p45'),('WSS941','p45'),('WSS944','p45'),('WSS949','p45'),('WSS950','p45'),('WSS958','p45'),('WSS967','p45'),('WSS104','p46'),('WSS152','p46'),('WSS168','p46'),('WSS17','p46'),('WSS201','p46'),('WSS214','p46'),('WSS228','p46'),('WSS250','p46'),('WSS277','p46'),('WSS304','p46'),('WSS312','p46'),('WSS316','p46'),('WSS326','p46'),('WSS338','p46'),('WSS34','p46'),('WSS347','p46'),('WSS352','p46'),('WSS37','p46'),('WSS384','p46'),('WSS402','p46'),('WSS440','p46'),('WSS456','p46'),('WSS476','p46'),('WSS487','p46'),('WSS504','p46'),('WSS518','p46'),('WSS538','p46'),('WSS549','p46'),('WSS550','p46'),('WSS56','p46'),('WSS562','p46'),('WSS580','p46'),('WSS591','p46'),('WSS592','p46'),('WSS599','p46'),('WSS607','p46'),('WSS619','p46'),('WSS62','p46'),('WSS637','p46'),('WSS641','p46'),('WSS670','p46'),('WSS682','p46'),('WSS684','p46'),('WSS687','p46'),('WSS699','p46'),('WSS77','p46'),('WSS779','p46'),('WSS793','p46'),('WSS794','p46'),('WSS795','p46'),('WSS803','p46'),('WSS813','p46'),('WSS828','p46'),('WSS84','p46'),('WSS842','p46'),('WSS85','p46'),('WSS877','p46'),('WSS923','p46'),('WSS927','p46'),('WSS932','p46'),('WSS975','p46'),('WSS978','p46'),('WSS985','p46'),('WSS998','p46'),('WSS1','p47'),('WSS106','p47'),('WSS114','p47'),('WSS154','p47'),('WSS158','p47'),('WSS166','p47'),('WSS187','p47'),('WSS224','p47'),('WSS23','p47'),('WSS231','p47'),('WSS242','p47'),('WSS260','p47'),('WSS264','p47'),('WSS278','p47'),('WSS280','p47'),('WSS283','p47'),('WSS291','p47'),('WSS294','p47'),('WSS309','p47'),('WSS314','p47'),('WSS323','p47'),('WSS325','p47'),('WSS331','p47'),('WSS336','p47'),('WSS343','p47'),('WSS354','p47'),('WSS357','p47'),('WSS372','p47'),('WSS381','p47'),('WSS409','p47'),('WSS42','p47'),('WSS423','p47'),('WSS432','p47'),('WSS454','p47'),('WSS490','p47'),('WSS522','p47'),('WSS525','p47'),('WSS526','p47'),('WSS534','p47'),('WSS544','p47'),('WSS546','p47'),('WSS562','p47'),('WSS572','p47'),('WSS606','p47'),('WSS617','p47'),('WSS655','p47'),('WSS668','p47'),('WSS679','p47'),('WSS680','p47'),('WSS686','p47'),('WSS697','p47'),('WSS70','p47'),('WSS729','p47'),('WSS739','p47'),('WSS741','p47'),('WSS768','p47'),('WSS772','p47'),('WSS786','p47'),('WSS79','p47'),('WSS792','p47'),('WSS809','p47'),('WSS820','p47'),('WSS848','p47'),('WSS854','p47'),('WSS869','p47'),('WSS884','p47'),('WSS893','p47'),('WSS9','p47'),('WSS904','p47'),('WSS914','p47'),('WSS918','p47'),('WSS924','p47'),('WSS951','p47'),('WSS966','p47'),('WSS971','p47'),('WSS994','p47'),('WSS102','p48'),('WSS103','p48'),('WSS110','p48'),('WSS14','p48'),('WSS146','p48'),('WSS190','p48'),('WSS210','p48'),('WSS219','p48'),('WSS264','p48'),('WSS282','p48'),('WSS33','p48'),('WSS335','p48'),('WSS337','p48'),('WSS356','p48'),('WSS363','p48'),('WSS364','p48'),('WSS381','p48'),('WSS391','p48'),('WSS405','p48'),('WSS406','p48'),('WSS432','p48'),('WSS433','p48'),('WSS435','p48'),('WSS498','p48'),('WSS517','p48'),('WSS530','p48'),('WSS533','p48'),('WSS543','p48'),('WSS560','p48'),('WSS577','p48'),('WSS586','p48'),('WSS595','p48'),('WSS600','p48'),('WSS619','p48'),('WSS658','p48'),('WSS668','p48'),('WSS675','p48'),('WSS691','p48'),('WSS692','p48'),('WSS703','p48'),('WSS746','p48'),('WSS747','p48'),('WSS762','p48'),('WSS780','p48'),('WSS792','p48'),('WSS807','p48'),('WSS833','p48'),('WSS851','p48'),('WSS880','p48'),('WSS891','p48'),('WSS905','p48'),('WSS928','p48'),('WSS929','p48'),('WSS930','p48'),('WSS943','p48'),('WSS960','p48'),('WSS974','p48'),('WSS978','p48'),('WSS988','p48'),('WSS138','p49'),('WSS151','p49'),('WSS157','p49'),('WSS168','p49'),('WSS211','p49'),('WSS212','p49'),('WSS24','p49'),('WSS246','p49'),('WSS266','p49'),('WSS270','p49'),('WSS308','p49'),('WSS315','p49'),('WSS324','p49'),('WSS38','p49'),('WSS39','p49'),('WSS399','p49'),('WSS436','p49'),('WSS443','p49'),('WSS450','p49'),('WSS468','p49'),('WSS509','p49'),('WSS518','p49'),('WSS546','p49'),('WSS547','p49'),('WSS564','p49'),('WSS592','p49'),('WSS6','p49'),('WSS617','p49'),('WSS633','p49'),('WSS668','p49'),('WSS674','p49'),('WSS706','p49'),('WSS709','p49'),('WSS730','p49'),('WSS737','p49'),('WSS747','p49'),('WSS800','p49'),('WSS82','p49'),('WSS822','p49'),('WSS831','p49'),('WSS850','p49'),('WSS859','p49'),('WSS871','p49'),('WSS874','p49'),('WSS886','p49'),('WSS897','p49'),('WSS906','p49'),('WSS964','p49'),('WSS970','p49'),('WSS991','p49'),('WSS993','p49'),('WSS108','p5'),('WSS133','p5'),('WSS144','p5'),('WSS209','p5'),('WSS210','p5'),('WSS221','p5'),('WSS229','p5'),('WSS239','p5'),('WSS241','p5'),('WSS249','p5'),('WSS257','p5'),('WSS26','p5'),('WSS266','p5'),('WSS267','p5'),('WSS305','p5'),('WSS334','p5'),('WSS341','p5'),('WSS351','p5'),('WSS359','p5'),('WSS368','p5'),('WSS376','p5'),('WSS386','p5'),('WSS404','p5'),('WSS407','p5'),('WSS418','p5'),('WSS42','p5'),('WSS424','p5'),('WSS446','p5'),('WSS449','p5'),('WSS457','p5'),('WSS513','p5'),('WSS519','p5'),('WSS529','p5'),('WSS550','p5'),('WSS559','p5'),('WSS585','p5'),('WSS597','p5'),('WSS616','p5'),('WSS620','p5'),('WSS622','p5'),('WSS625','p5'),('WSS64','p5'),('WSS662','p5'),('WSS663','p5'),('WSS670','p5'),('WSS699','p5'),('WSS704','p5'),('WSS768','p5'),('WSS814','p5'),('WSS819','p5'),('WSS821','p5'),('WSS867','p5'),('WSS881','p5'),('WSS887','p5'),('WSS888','p5'),('WSS889','p5'),('WSS951','p5'),('WSS964','p5'),('WSS965','p5'),('WSS972','p5'),('WSS100','p50'),('WSS142','p50'),('WSS148','p50'),('WSS149','p50'),('WSS168','p50'),('WSS195','p50'),('WSS197','p50'),('WSS208','p50'),('WSS22','p50'),('WSS226','p50'),('WSS229','p50'),('WSS231','p50'),('WSS248','p50'),('WSS260','p50'),('WSS263','p50'),('WSS290','p50'),('WSS345','p50'),('WSS352','p50'),('WSS38','p50'),('WSS382','p50'),('WSS385','p50'),('WSS412','p50'),('WSS414','p50'),('WSS431','p50'),('WSS457','p50'),('WSS459','p50'),('WSS532','p50'),('WSS581','p50'),('WSS602','p50'),('WSS608','p50'),('WSS612','p50'),('WSS624','p50'),('WSS628','p50'),('WSS63','p50'),('WSS642','p50'),('WSS660','p50'),('WSS665','p50'),('WSS700','p50'),('WSS71','p50'),('WSS715','p50'),('WSS740','p50'),('WSS741','p50'),('WSS745','p50'),('WSS75','p50'),('WSS756','p50'),('WSS757','p50'),('WSS782','p50'),('WSS839','p50'),('WSS841','p50'),('WSS843','p50'),('WSS899','p50'),('WSS91','p50'),('WSS915','p50'),('WSS932','p50'),('WSS957','p50'),('WSS968','p50'),('WSS974','p50'),('WSS116','p6'),('WSS134','p6'),('WSS149','p6'),('WSS181','p6'),('WSS213','p6'),('WSS226','p6'),('WSS227','p6'),('WSS23','p6'),('WSS25','p6'),('WSS281','p6'),('WSS3','p6'),('WSS311','p6'),('WSS326','p6'),('WSS334','p6'),('WSS338','p6'),('WSS344','p6'),('WSS399','p6'),('WSS42','p6'),('WSS445','p6'),('WSS451','p6'),('WSS497','p6'),('WSS502','p6'),('WSS521','p6'),('WSS539','p6'),('WSS555','p6'),('WSS59','p6'),('WSS590','p6'),('WSS613','p6'),('WSS636','p6'),('WSS643','p6'),('WSS654','p6'),('WSS656','p6'),('WSS686','p6'),('WSS696','p6'),('WSS698','p6'),('WSS700','p6'),('WSS713','p6'),('WSS736','p6'),('WSS737','p6'),('WSS755','p6'),('WSS762','p6'),('WSS771','p6'),('WSS780','p6'),('WSS784','p6'),('WSS787','p6'),('WSS792','p6'),('WSS805','p6'),('WSS806','p6'),('WSS810','p6'),('WSS817','p6'),('WSS821','p6'),('WSS836','p6'),('WSS865','p6'),('WSS901','p6'),('WSS917','p6'),('WSS924','p6'),('WSS925','p6'),('WSS935','p6'),('WSS94','p6'),('WSS966','p6'),('WSS977','p6'),('WSS98','p6'),('WSS100','p7'),('WSS128','p7'),('WSS130','p7'),('WSS132','p7'),('WSS147','p7'),('WSS153','p7'),('WSS157','p7'),('WSS177','p7'),('WSS233','p7'),('WSS241','p7'),('WSS25','p7'),('WSS261','p7'),('WSS268','p7'),('WSS328','p7'),('WSS339','p7'),('WSS353','p7'),('WSS364','p7'),('WSS369','p7'),('WSS373','p7'),('WSS387','p7'),('WSS388','p7'),('WSS416','p7'),('WSS417','p7'),('WSS466','p7'),('WSS471','p7'),('WSS478','p7'),('WSS481','p7'),('WSS49','p7'),('WSS507','p7'),('WSS520','p7'),('WSS552','p7'),('WSS570','p7'),('WSS579','p7'),('WSS618','p7'),('WSS62','p7'),('WSS628','p7'),('WSS630','p7'),('WSS645','p7'),('WSS653','p7'),('WSS667','p7'),('WSS681','p7'),('WSS73','p7'),('WSS74','p7'),('WSS758','p7'),('WSS767','p7'),('WSS796','p7'),('WSS80','p7'),('WSS809','p7'),('WSS816','p7'),('WSS823','p7'),('WSS833','p7'),('WSS880','p7'),('WSS894','p7'),('WSS896','p7'),('WSS939','p7'),('WSS940','p7'),('WSS948','p7'),('WSS953','p7'),('WSS97','p7'),('WSS987','p7'),('WSS162','p8'),('WSS201','p8'),('WSS212','p8'),('WSS249','p8'),('WSS250','p8'),('WSS26','p8'),('WSS276','p8'),('WSS343','p8'),('WSS347','p8'),('WSS391','p8'),('WSS412','p8'),('WSS423','p8'),('WSS441','p8'),('WSS479','p8'),('WSS491','p8'),('WSS501','p8'),('WSS508','p8'),('WSS509','p8'),('WSS52','p8'),('WSS54','p8'),('WSS598','p8'),('WSS636','p8'),('WSS651','p8'),('WSS658','p8'),('WSS666','p8'),('WSS723','p8'),('WSS731','p8'),('WSS770','p8'),('WSS771','p8'),('WSS811','p8'),('WSS814','p8'),('WSS839','p8'),('WSS84','p8'),('WSS901','p8'),('WSS907','p8'),('WSS929','p8'),('WSS942','p8'),('WSS947','p8'),('WSS970','p8'),('WSS982','p8'),('WSS999','p8'),('WSS11','p9'),('WSS130','p9'),('WSS143','p9'),('WSS16','p9'),('WSS164','p9'),('WSS174','p9'),('WSS180','p9'),('WSS19','p9'),('WSS214','p9'),('WSS220','p9'),('WSS268','p9'),('WSS270','p9'),('WSS281','p9'),('WSS287','p9'),('WSS29','p9'),('WSS290','p9'),('WSS292','p9'),('WSS298','p9'),('WSS30','p9'),('WSS32','p9'),('WSS346','p9'),('WSS366','p9'),('WSS378','p9'),('WSS386','p9'),('WSS418','p9'),('WSS422','p9'),('WSS435','p9'),('WSS443','p9'),('WSS452','p9'),('WSS476','p9'),('WSS480','p9'),('WSS486','p9'),('WSS494','p9'),('WSS497','p9'),('WSS502','p9'),('WSS522','p9'),('WSS535','p9'),('WSS536','p9'),('WSS55','p9'),('WSS560','p9'),('WSS574','p9'),('WSS582','p9'),('WSS589','p9'),('WSS605','p9'),('WSS609','p9'),('WSS638','p9'),('WSS656','p9'),('WSS683','p9'),('WSS696','p9'),('WSS714','p9'),('WSS715','p9'),('WSS73','p9'),('WSS732','p9'),('WSS738','p9'),('WSS753','p9'),('WSS763','p9'),('WSS78','p9'),('WSS804','p9'),('WSS827','p9'),('WSS834','p9'),('WSS840','p9'),('WSS846','p9'),('WSS853','p9'),('WSS864','p9'),('WSS87','p9'),('WSS892','p9'),('WSS900','p9'),('WSS911','p9'),('WSS912','p9'),('WSS92','p9'),('WSS926','p9'),('WSS94','p9'),('WSS941','p9'),('WSS950','p9'),('WSS992','p9');
/*!40000 ALTER TABLE `inputparameter` ENABLE KEYS */;
UNLOCK TABLES;

--
-- Table structure for table `knowledgeforcareerpath`
--

DROP TABLE IF EXISTS `knowledgeforcareerpath`;
/*!40101 SET @saved_cs_client     = @@character_set_client */;
/*!50503 SET character_set_client = utf8mb4 */;
CREATE TABLE `knowledgeforcareerpath` (
  `careerPathID` char(4) NOT NULL,
  `knowledgeID` char(6) NOT NULL,
  PRIMARY KEY (`careerPathID`,`knowledgeID`)
) ENGINE=InnoDB DEFAULT CHARSET=latin1;
/*!40101 SET character_set_client = @saved_cs_client */;

--
-- Dumping data for table `knowledgeforcareerpath`
--

LOCK TABLES `knowledgeforcareerpath` WRITE;
/*!40000 ALTER TABLE `knowledgeforcareerpath` DISABLE KEYS */;
INSERT INTO `knowledgeforcareerpath` VALUES ('C100','k1C311'),('C100','k1C412'),('C100','k1C469'),('C100','k1C500');
/*!40000 ALTER TABLE `knowledgeforcareerpath` ENABLE KEYS */;
UNLOCK TABLES;

--
-- Table structure for table `lhs`
--

DROP TABLE IF EXISTS `lhs`;
/*!40101 SET @saved_cs_client     = @@character_set_client */;
/*!50503 SET character_set_client = utf8mb4 */;
CREATE TABLE `lhs` (
  `ruleid` int NOT NULL,
  `courseid` varchar(10) NOT NULL,
  PRIMARY KEY (`ruleid`,`courseid`)
) ENGINE=InnoDB DEFAULT CHARSET=latin1;
/*!40101 SET character_set_client = @saved_cs_client */;

--
-- Dumping data for table `lhs`
--

LOCK TABLES `lhs` WRITE;
/*!40000 ALTER TABLE `lhs` DISABLE KEYS */;
INSERT INTO `lhs` VALUES (1,'ICP006'),(2,'ICP006'),(3,'ICP006'),(4,'ICP110'),(5,'ICP110'),(6,'ICP311'),(7,'ICP006'),(7,'ICP110'),(8,'ICP006'),(8,'ICP110'),(9,'ICP006'),(9,'ICP311'),(10,'ICP110'),(10,'ICP311'),(11,'ICP006'),(11,'ICP110'),(11,'ICP311');
/*!40000 ALTER TABLE `lhs` ENABLE KEYS */;
UNLOCK TABLES;

--
-- Table structure for table `outputparameter`
--

DROP TABLE IF EXISTS `outputparameter`;
/*!40101 SET @saved_cs_client     = @@character_set_client */;
/*!50503 SET character_set_client = utf8mb4 */;
CREATE TABLE `outputparameter` (
  `webServiceID` varchar(10) NOT NULL,
  `parameterID` varchar(10) NOT NULL,
  PRIMARY KEY (`webServiceID`,`parameterID`),
  KEY `knowledgeID` (`parameterID`)
) ENGINE=InnoDB DEFAULT CHARSET=latin1;
/*!40101 SET character_set_client = @saved_cs_client */;

--
-- Dumping data for table `outputparameter`
--

LOCK TABLES `outputparameter` WRITE;
/*!40000 ALTER TABLE `outputparameter` DISABLE KEYS */;
INSERT INTO `outputparameter` VALUES ('WSS10','p1'),('WSS102','p1'),('WSS103','p1'),('WSS117','p1'),('WSS136','p1'),('WSS14','p1'),('WSS147','p1'),('WSS173','p1'),('WSS184','p1'),('WSS188','p1'),('WSS190','p1'),('WSS199','p1'),('WSS202','p1'),('WSS205','p1'),('WSS229','p1'),('WSS233','p1'),('WSS245','p1'),('WSS248','p1'),('WSS251','p1'),('WSS258','p1'),('WSS259','p1'),('WSS271','p1'),('WSS277','p1'),('WSS288','p1'),('WSS292','p1'),('WSS294','p1'),('WSS341','p1'),('WSS345','p1'),('WSS364','p1'),('WSS371','p1'),('WSS373','p1'),('WSS379','p1'),('WSS381','p1'),('WSS383','p1'),('WSS414','p1'),('WSS422','p1'),('WSS436','p1'),('WSS441','p1'),('WSS468','p1'),('WSS483','p1'),('WSS50','p1'),('WSS520','p1'),('WSS534','p1'),('WSS535','p1'),('WSS54','p1'),('WSS545','p1'),('WSS546','p1'),('WSS549','p1'),('WSS550','p1'),('WSS558','p1'),('WSS567','p1'),('WSS571','p1'),('WSS582','p1'),('WSS584','p1'),('WSS585','p1'),('WSS586','p1'),('WSS591','p1'),('WSS599','p1'),('WSS604','p1'),('WSS619','p1'),('WSS627','p1'),('WSS63','p1'),('WSS632','p1'),('WSS634','p1'),('WSS638','p1'),('WSS641','p1'),('WSS643','p1'),('WSS644','p1'),('WSS649','p1'),('WSS652','p1'),('WSS661','p1'),('WSS666','p1'),('WSS68','p1'),('WSS686','p1'),('WSS688','p1'),('WSS69','p1'),('WSS698','p1'),('WSS702','p1'),('WSS704','p1'),('WSS709','p1'),('WSS714','p1'),('WSS728','p1'),('WSS73','p1'),('WSS732','p1'),('WSS735','p1'),('WSS742','p1'),('WSS752','p1'),('WSS756','p1'),('WSS759','p1'),('WSS765','p1'),('WSS766','p1'),('WSS796','p1'),('WSS812','p1'),('WSS825','p1'),('WSS836','p1'),('WSS837','p1'),('WSS867','p1'),('WSS879','p1'),('WSS887','p1'),('WSS892','p1'),('WSS895','p1'),('WSS897','p1'),('WSS901','p1'),('WSS905','p1'),('WSS914','p1'),('WSS919','p1'),('WSS922','p1'),('WSS950','p1'),('WSS969','p1'),('WSS972','p1'),('WSS974','p1'),('WSS981','p1'),('WSS983','p1'),('WSS984','p1'),('WSS988','p1'),('WSS994','p1'),('WSS11','p10'),('WSS110','p10'),('WSS115','p10'),('WSS118','p10'),('WSS12','p10'),('WSS129','p10'),('WSS13','p10'),('WSS140','p10'),('WSS149','p10'),('WSS164','p10'),('WSS182','p10'),('WSS195','p10'),('WSS212','p10'),('WSS226','p10'),('WSS23','p10'),('WSS232','p10'),('WSS239','p10'),('WSS241','p10'),('WSS247','p10'),('WSS254','p10'),('WSS269','p10'),('WSS275','p10'),('WSS279','p10'),('WSS291','p10'),('WSS298','p10'),('WSS3','p10'),('WSS302','p10'),('WSS303','p10'),('WSS310','p10'),('WSS321','p10'),('WSS323','p10'),('WSS33','p10'),('WSS333','p10'),('WSS335','p10'),('WSS338','p10'),('WSS35','p10'),('WSS353','p10'),('WSS372','p10'),('WSS386','p10'),('WSS390','p10'),('WSS391','p10'),('WSS396','p10'),('WSS398','p10'),('WSS4','p10'),('WSS404','p10'),('WSS405','p10'),('WSS410','p10'),('WSS434','p10'),('WSS447','p10'),('WSS449','p10'),('WSS450','p10'),('WSS451','p10'),('WSS469','p10'),('WSS474','p10'),('WSS476','p10'),('WSS481','p10'),('WSS482','p10'),('WSS494','p10'),('WSS523','p10'),('WSS539','p10'),('WSS582','p10'),('WSS594','p10'),('WSS596','p10'),('WSS607','p10'),('WSS61','p10'),('WSS631','p10'),('WSS637','p10'),('WSS648','p10'),('WSS659','p10'),('WSS663','p10'),('WSS667','p10'),('WSS669','p10'),('WSS680','p10'),('WSS681','p10'),('WSS683','p10'),('WSS690','p10'),('WSS696','p10'),('WSS701','p10'),('WSS705','p10'),('WSS716','p10'),('WSS719','p10'),('WSS72','p10'),('WSS738','p10'),('WSS744','p10'),('WSS755','p10'),('WSS769','p10'),('WSS779','p10'),('WSS793','p10'),('WSS796','p10'),('WSS798','p10'),('WSS801','p10'),('WSS809','p10'),('WSS826','p10'),('WSS833','p10'),('WSS840','p10'),('WSS849','p10'),('WSS858','p10'),('WSS87','p10'),('WSS873','p10'),('WSS879','p10'),('WSS886','p10'),('WSS907','p10'),('WSS909','p10'),('WSS917','p10'),('WSS925','p10'),('WSS932','p10'),('WSS934','p10'),('WSS935','p10'),('WSS937','p10'),('WSS949','p10'),('WSS95','p10'),('WSS965','p10'),('WSS978','p10'),('WSS980','p10'),('WSS985','p10'),('WSS988','p10'),('WSS997','p10'),('WSS10','p11'),('WSS105','p11'),('WSS106','p11'),('WSS11','p11'),('WSS111','p11'),('WSS121','p11'),('WSS128','p11'),('WSS138','p11'),('WSS145','p11'),('WSS174','p11'),('WSS175','p11'),('WSS176','p11'),('WSS183','p11'),('WSS186','p11'),('WSS208','p11'),('WSS210','p11'),('WSS218','p11'),('WSS223','p11'),('WSS234','p11'),('WSS236','p11'),('WSS241','p11'),('WSS247','p11'),('WSS249','p11'),('WSS253','p11'),('WSS261','p11'),('WSS263','p11'),('WSS28','p11'),('WSS280','p11'),('WSS290','p11'),('WSS291','p11'),('WSS297','p11'),('WSS302','p11'),('WSS304','p11'),('WSS307','p11'),('WSS317','p11'),('WSS33','p11'),('WSS334','p11'),('WSS342','p11'),('WSS351','p11'),('WSS364','p11'),('WSS369','p11'),('WSS37','p11'),('WSS371','p11'),('WSS375','p11'),('WSS38','p11'),('WSS383','p11'),('WSS391','p11'),('WSS4','p11'),('WSS419','p11'),('WSS43','p11'),('WSS430','p11'),('WSS439','p11'),('WSS442','p11'),('WSS446','p11'),('WSS452','p11'),('WSS48','p11'),('WSS49','p11'),('WSS492','p11'),('WSS493','p11'),('WSS496','p11'),('WSS502','p11'),('WSS503','p11'),('WSS516','p11'),('WSS52','p11'),('WSS530','p11'),('WSS557','p11'),('WSS558','p11'),('WSS56','p11'),('WSS565','p11'),('WSS570','p11'),('WSS572','p11'),('WSS584','p11'),('WSS595','p11'),('WSS596','p11'),('WSS598','p11'),('WSS6','p11'),('WSS609','p11'),('WSS624','p11'),('WSS626','p11'),('WSS630','p11'),('WSS633','p11'),('WSS635','p11'),('WSS636','p11'),('WSS643','p11'),('WSS660','p11'),('WSS68','p11'),('WSS684','p11'),('WSS685','p11'),('WSS689','p11'),('WSS691','p11'),('WSS7','p11'),('WSS708','p11'),('WSS709','p11'),('WSS727','p11'),('WSS746','p11'),('WSS747','p11'),('WSS758','p11'),('WSS77','p11'),('WSS778','p11'),('WSS779','p11'),('WSS782','p11'),('WSS794','p11'),('WSS804','p11'),('WSS818','p11'),('WSS83','p11'),('WSS834','p11'),('WSS854','p11'),('WSS857','p11'),('WSS859','p11'),('WSS866','p11'),('WSS867','p11'),('WSS870','p11'),('WSS873','p11'),('WSS883','p11'),('WSS885','p11'),('WSS897','p11'),('WSS914','p11'),('WSS918','p11'),('WSS923','p11'),('WSS924','p11'),('WSS929','p11'),('WSS938','p11'),('WSS959','p11'),('WSS960','p11'),('WSS968','p11'),('WSS984','p11'),('WSS111','p12'),('WSS118','p12'),('WSS122','p12'),('WSS123','p12'),('WSS124','p12'),('WSS163','p12'),('WSS168','p12'),('WSS195','p12'),('WSS2','p12'),('WSS206','p12'),('WSS211','p12'),('WSS213','p12'),('WSS220','p12'),('WSS224','p12'),('WSS255','p12'),('WSS284','p12'),('WSS285','p12'),('WSS286','p12'),('WSS299','p12'),('WSS30','p12'),('WSS305','p12'),('WSS309','p12'),('WSS31','p12'),('WSS346','p12'),('WSS361','p12'),('WSS362','p12'),('WSS367','p12'),('WSS372','p12'),('WSS376','p12'),('WSS385','p12'),('WSS395','p12'),('WSS407','p12'),('WSS417','p12'),('WSS420','p12'),('WSS429','p12'),('WSS449','p12'),('WSS46','p12'),('WSS490','p12'),('WSS50','p12'),('WSS508','p12'),('WSS522','p12'),('WSS525','p12'),('WSS528','p12'),('WSS539','p12'),('WSS542','p12'),('WSS544','p12'),('WSS545','p12'),('WSS55','p12'),('WSS571','p12'),('WSS579','p12'),('WSS585','p12'),('WSS587','p12'),('WSS588','p12'),('WSS595','p12'),('WSS605','p12'),('WSS607','p12'),('WSS613','p12'),('WSS617','p12'),('WSS620','p12'),('WSS625','p12'),('WSS626','p12'),('WSS634','p12'),('WSS643','p12'),('WSS657','p12'),('WSS664','p12'),('WSS665','p12'),('WSS681','p12'),('WSS687','p12'),('WSS699','p12'),('WSS702','p12'),('WSS704','p12'),('WSS708','p12'),('WSS714','p12'),('WSS738','p12'),('WSS739','p12'),('WSS74','p12'),('WSS745','p12'),('WSS749','p12'),('WSS75','p12'),('WSS754','p12'),('WSS756','p12'),('WSS77','p12'),('WSS780','p12'),('WSS796','p12'),('WSS804','p12'),('WSS805','p12'),('WSS829','p12'),('WSS843','p12'),('WSS855','p12'),('WSS856','p12'),('WSS875','p12'),('WSS876','p12'),('WSS877','p12'),('WSS879','p12'),('WSS887','p12'),('WSS89','p12'),('WSS903','p12'),('WSS909','p12'),('WSS917','p12'),('WSS919','p12'),('WSS928','p12'),('WSS934','p12'),('WSS937','p12'),('WSS960','p12'),('WSS966','p12'),('WSS978','p12'),('WSS994','p12'),('WSS105','p13'),('WSS113','p13'),('WSS121','p13'),('WSS122','p13'),('WSS131','p13'),('WSS135','p13'),('WSS143','p13'),('WSS155','p13'),('WSS156','p13'),('WSS161','p13'),('WSS181','p13'),('WSS182','p13'),('WSS183','p13'),('WSS186','p13'),('WSS201','p13'),('WSS209','p13'),('WSS210','p13'),('WSS224','p13'),('WSS227','p13'),('WSS228','p13'),('WSS233','p13'),('WSS240','p13'),('WSS25','p13'),('WSS250','p13'),('WSS255','p13'),('WSS26','p13'),('WSS260','p13'),('WSS272','p13'),('WSS273','p13'),('WSS274','p13'),('WSS280','p13'),('WSS283','p13'),('WSS292','p13'),('WSS30','p13'),('WSS313','p13'),('WSS318','p13'),('WSS319','p13'),('WSS32','p13'),('WSS342','p13'),('WSS344','p13'),('WSS349','p13'),('WSS359','p13'),('WSS370','p13'),('WSS38','p13'),('WSS387','p13'),('WSS394','p13'),('WSS401','p13'),('WSS402','p13'),('WSS405','p13'),('WSS406','p13'),('WSS408','p13'),('WSS418','p13'),('WSS426','p13'),('WSS43','p13'),('WSS445','p13'),('WSS46','p13'),('WSS463','p13'),('WSS467','p13'),('WSS477','p13'),('WSS479','p13'),('WSS48','p13'),('WSS487','p13'),('WSS488','p13'),('WSS496','p13'),('WSS508','p13'),('WSS512','p13'),('WSS513','p13'),('WSS515','p13'),('WSS524','p13'),('WSS525','p13'),('WSS527','p13'),('WSS531','p13'),('WSS546','p13'),('WSS552','p13'),('WSS559','p13'),('WSS570','p13'),('WSS576','p13'),('WSS581','p13'),('WSS583','p13'),('WSS619','p13'),('WSS620','p13'),('WSS622','p13'),('WSS64','p13'),('WSS650','p13'),('WSS672','p13'),('WSS683','p13'),('WSS684','p13'),('WSS687','p13'),('WSS700','p13'),('WSS714','p13'),('WSS725','p13'),('WSS73','p13'),('WSS735','p13'),('WSS737','p13'),('WSS750','p13'),('WSS751','p13'),('WSS771','p13'),('WSS772','p13'),('WSS781','p13'),('WSS782','p13'),('WSS789','p13'),('WSS795','p13'),('WSS803','p13'),('WSS806','p13'),('WSS810','p13'),('WSS811','p13'),('WSS814','p13'),('WSS821','p13'),('WSS822','p13'),('WSS826','p13'),('WSS838','p13'),('WSS84','p13'),('WSS855','p13'),('WSS856','p13'),('WSS867','p13'),('WSS868','p13'),('WSS873','p13'),('WSS912','p13'),('WSS917','p13'),('WSS92','p13'),('WSS921','p13'),('WSS926','p13'),('WSS940','p13'),('WSS954','p13'),('WSS983','p13'),('WSS987','p13'),('WSS99','p13'),('WSS997','p13'),('WSS141','p14'),('WSS142','p14'),('WSS153','p14'),('WSS154','p14'),('WSS16','p14'),('WSS179','p14'),('WSS187','p14'),('WSS199','p14'),('WSS200','p14'),('WSS201','p14'),('WSS202','p14'),('WSS208','p14'),('WSS216','p14'),('WSS233','p14'),('WSS269','p14'),('WSS277','p14'),('WSS279','p14'),('WSS29','p14'),('WSS292','p14'),('WSS3','p14'),('WSS310','p14'),('WSS316','p14'),('WSS317','p14'),('WSS319','p14'),('WSS320','p14'),('WSS323','p14'),('WSS347','p14'),('WSS348','p14'),('WSS356','p14'),('WSS357','p14'),('WSS392','p14'),('WSS399','p14'),('WSS40','p14'),('WSS402','p14'),('WSS406','p14'),('WSS420','p14'),('WSS431','p14'),('WSS460','p14'),('WSS463','p14'),('WSS476','p14'),('WSS5','p14'),('WSS514','p14'),('WSS523','p14'),('WSS530','p14'),('WSS56','p14'),('WSS566','p14'),('WSS568','p14'),('WSS569','p14'),('WSS57','p14'),('WSS572','p14'),('WSS577','p14'),('WSS587','p14'),('WSS632','p14'),('WSS635','p14'),('WSS652','p14'),('WSS655','p14'),('WSS656','p14'),('WSS662','p14'),('WSS665','p14'),('WSS668','p14'),('WSS673','p14'),('WSS674','p14'),('WSS694','p14'),('WSS705','p14'),('WSS71','p14'),('WSS712','p14'),('WSS739','p14'),('WSS745','p14'),('WSS760','p14'),('WSS785','p14'),('WSS791','p14'),('WSS794','p14'),('WSS805','p14'),('WSS835','p14'),('WSS85','p14'),('WSS861','p14'),('WSS875','p14'),('WSS876','p14'),('WSS891','p14'),('WSS9','p14'),('WSS905','p14'),('WSS916','p14'),('WSS919','p14'),('WSS930','p14'),('WSS954','p14'),('WSS958','p14'),('WSS963','p14'),('WSS964','p14'),('WSS992','p14'),('WSS998','p14'),('WSS103','p15'),('WSS104','p15'),('WSS106','p15'),('WSS112','p15'),('WSS116','p15'),('WSS12','p15'),('WSS127','p15'),('WSS131','p15'),('WSS140','p15'),('WSS142','p15'),('WSS143','p15'),('WSS149','p15'),('WSS154','p15'),('WSS155','p15'),('WSS162','p15'),('WSS172','p15'),('WSS191','p15'),('WSS193','p15'),('WSS214','p15'),('WSS223','p15'),('WSS246','p15'),('WSS256','p15'),('WSS257','p15'),('WSS270','p15'),('WSS272','p15'),('WSS276','p15'),('WSS303','p15'),('WSS320','p15'),('WSS326','p15'),('WSS34','p15'),('WSS347','p15'),('WSS353','p15'),('WSS354','p15'),('WSS359','p15'),('WSS361','p15'),('WSS371','p15'),('WSS375','p15'),('WSS379','p15'),('WSS380','p15'),('WSS412','p15'),('WSS414','p15'),('WSS418','p15'),('WSS420','p15'),('WSS423','p15'),('WSS428','p15'),('WSS429','p15'),('WSS442','p15'),('WSS458','p15'),('WSS475','p15'),('WSS478','p15'),('WSS479','p15'),('WSS490','p15'),('WSS498','p15'),('WSS50','p15'),('WSS505','p15'),('WSS506','p15'),('WSS511','p15'),('WSS512','p15'),('WSS517','p15'),('WSS521','p15'),('WSS533','p15'),('WSS535','p15'),('WSS537','p15'),('WSS538','p15'),('WSS541','p15'),('WSS556','p15'),('WSS560','p15'),('WSS570','p15'),('WSS580','p15'),('WSS592','p15'),('WSS599','p15'),('WSS600','p15'),('WSS611','p15'),('WSS621','p15'),('WSS622','p15'),('WSS631','p15'),('WSS638','p15'),('WSS64','p15'),('WSS641','p15'),('WSS644','p15'),('WSS651','p15'),('WSS657','p15'),('WSS669','p15'),('WSS695','p15'),('WSS706','p15'),('WSS717','p15'),('WSS718','p15'),('WSS72','p15'),('WSS722','p15'),('WSS73','p15'),('WSS746','p15'),('WSS76','p15'),('WSS775','p15'),('WSS786','p15'),('WSS788','p15'),('WSS796','p15'),('WSS807','p15'),('WSS817','p15'),('WSS821','p15'),('WSS828','p15'),('WSS831','p15'),('WSS832','p15'),('WSS837','p15'),('WSS839','p15'),('WSS846','p15'),('WSS85','p15'),('WSS850','p15'),('WSS881','p15'),('WSS893','p15'),('WSS9','p15'),('WSS900','p15'),('WSS901','p15'),('WSS904','p15'),('WSS911','p15'),('WSS915','p15'),('WSS924','p15'),('WSS928','p15'),('WSS94','p15'),('WSS943','p15'),('WSS944','p15'),('WSS948','p15'),('WSS952','p15'),('WSS958','p15'),('WSS1000','p16'),('WSS109','p16'),('WSS11','p16'),('WSS113','p16'),('WSS114','p16'),('WSS115','p16'),('WSS118','p16'),('WSS120','p16'),('WSS141','p16'),('WSS144','p16'),('WSS152','p16'),('WSS153','p16'),('WSS158','p16'),('WSS173','p16'),('WSS174','p16'),('WSS19','p16'),('WSS200','p16'),('WSS204','p16'),('WSS207','p16'),('WSS21','p16'),('WSS221','p16'),('WSS244','p16'),('WSS26','p16'),('WSS261','p16'),('WSS264','p16'),('WSS266','p16'),('WSS271','p16'),('WSS277','p16'),('WSS281','p16'),('WSS283','p16'),('WSS3','p16'),('WSS305','p16'),('WSS311','p16'),('WSS315','p16'),('WSS327','p16'),('WSS333','p16'),('WSS341','p16'),('WSS342','p16'),('WSS359','p16'),('WSS390','p16'),('WSS402','p16'),('WSS414','p16'),('WSS419','p16'),('WSS420','p16'),('WSS422','p16'),('WSS43','p16'),('WSS440','p16'),('WSS450','p16'),('WSS458','p16'),('WSS459','p16'),('WSS465','p16'),('WSS472','p16'),('WSS474','p16'),('WSS476','p16'),('WSS492','p16'),('WSS511','p16'),('WSS514','p16'),('WSS535','p16'),('WSS539','p16'),('WSS54','p16'),('WSS541','p16'),('WSS55','p16'),('WSS550','p16'),('WSS553','p16'),('WSS558','p16'),('WSS561','p16'),('WSS563','p16'),('WSS568','p16'),('WSS573','p16'),('WSS579','p16'),('WSS6','p16'),('WSS602','p16'),('WSS605','p16'),('WSS61','p16'),('WSS610','p16'),('WSS612','p16'),('WSS625','p16'),('WSS645','p16'),('WSS657','p16'),('WSS658','p16'),('WSS659','p16'),('WSS687','p16'),('WSS696','p16'),('WSS730','p16'),('WSS797','p16'),('WSS802','p16'),('WSS830','p16'),('WSS838','p16'),('WSS851','p16'),('WSS856','p16'),('WSS877','p16'),('WSS88','p16'),('WSS899','p16'),('WSS904','p16'),('WSS910','p16'),('WSS911','p16'),('WSS912','p16'),('WSS925','p16'),('WSS93','p16'),('WSS930','p16'),('WSS932','p16'),('WSS933','p16'),('WSS942','p16'),('WSS945','p16'),('WSS948','p16'),('WSS956','p16'),('WSS964','p16'),('WSS976','p16'),('WSS983','p16'),('WSS985','p16'),('WSS986','p16'),('WSS988','p16'),('WSS990','p16'),('WSS994','p16'),('WSS103','p17'),('WSS112','p17'),('WSS122','p17'),('WSS13','p17'),('WSS141','p17'),('WSS153','p17'),('WSS194','p17'),('WSS2','p17'),('WSS201','p17'),('WSS209','p17'),('WSS211','p17'),('WSS220','p17'),('WSS222','p17'),('WSS224','p17'),('WSS226','p17'),('WSS228','p17'),('WSS238','p17'),('WSS24','p17'),('WSS269','p17'),('WSS283','p17'),('WSS287','p17'),('WSS289','p17'),('WSS309','p17'),('WSS326','p17'),('WSS345','p17'),('WSS356','p17'),('WSS375','p17'),('WSS376','p17'),('WSS385','p17'),('WSS399','p17'),('WSS400','p17'),('WSS409','p17'),('WSS424','p17'),('WSS429','p17'),('WSS433','p17'),('WSS434','p17'),('WSS445','p17'),('WSS45','p17'),('WSS452','p17'),('WSS458','p17'),('WSS47','p17'),('WSS470','p17'),('WSS471','p17'),('WSS489','p17'),('WSS491','p17'),('WSS496','p17'),('WSS502','p17'),('WSS503','p17'),('WSS507','p17'),('WSS508','p17'),('WSS515','p17'),('WSS522','p17'),('WSS529','p17'),('WSS566','p17'),('WSS570','p17'),('WSS587','p17'),('WSS60','p17'),('WSS603','p17'),('WSS635','p17'),('WSS647','p17'),('WSS650','p17'),('WSS66','p17'),('WSS666','p17'),('WSS668','p17'),('WSS680','p17'),('WSS694','p17'),('WSS705','p17'),('WSS72','p17'),('WSS731','p17'),('WSS733','p17'),('WSS734','p17'),('WSS737','p17'),('WSS741','p17'),('WSS744','p17'),('WSS747','p17'),('WSS750','p17'),('WSS765','p17'),('WSS767','p17'),('WSS774','p17'),('WSS783','p17'),('WSS833','p17'),('WSS835','p17'),('WSS837','p17'),('WSS851','p17'),('WSS853','p17'),('WSS855','p17'),('WSS862','p17'),('WSS871','p17'),('WSS878','p17'),('WSS888','p17'),('WSS908','p17'),('WSS920','p17'),('WSS924','p17'),('WSS93','p17'),('WSS938','p17'),('WSS939','p17'),('WSS944','p17'),('WSS949','p17'),('WSS970','p17'),('WSS972','p17'),('WSS984','p17'),('WSS1000','p18'),('WSS103','p18'),('WSS108','p18'),('WSS119','p18'),('WSS127','p18'),('WSS129','p18'),('WSS132','p18'),('WSS14','p18'),('WSS157','p18'),('WSS159','p18'),('WSS160','p18'),('WSS162','p18'),('WSS163','p18'),('WSS164','p18'),('WSS181','p18'),('WSS190','p18'),('WSS192','p18'),('WSS198','p18'),('WSS203','p18'),('WSS205','p18'),('WSS226','p18'),('WSS229','p18'),('WSS23','p18'),('WSS242','p18'),('WSS249','p18'),('WSS25','p18'),('WSS252','p18'),('WSS255','p18'),('WSS263','p18'),('WSS282','p18'),('WSS287','p18'),('WSS290','p18'),('WSS292','p18'),('WSS302','p18'),('WSS303','p18'),('WSS318','p18'),('WSS319','p18'),('WSS320','p18'),('WSS332','p18'),('WSS34','p18'),('WSS340','p18'),('WSS347','p18'),('WSS351','p18'),('WSS352','p18'),('WSS354','p18'),('WSS362','p18'),('WSS366','p18'),('WSS368','p18'),('WSS370','p18'),('WSS378','p18'),('WSS40','p18'),('WSS408','p18'),('WSS411','p18'),('WSS422','p18'),('WSS432','p18'),('WSS435','p18'),('WSS437','p18'),('WSS443','p18'),('WSS446','p18'),('WSS451','p18'),('WSS453','p18'),('WSS454','p18'),('WSS456','p18'),('WSS459','p18'),('WSS469','p18'),('WSS470','p18'),('WSS471','p18'),('WSS474','p18'),('WSS475','p18'),('WSS480','p18'),('WSS486','p18'),('WSS490','p18'),('WSS497','p18'),('WSS500','p18'),('WSS507','p18'),('WSS536','p18'),('WSS545','p18'),('WSS564','p18'),('WSS576','p18'),('WSS582','p18'),('WSS594','p18'),('WSS612','p18'),('WSS62','p18'),('WSS66','p18'),('WSS660','p18'),('WSS662','p18'),('WSS665','p18'),('WSS67','p18'),('WSS670','p18'),('WSS684','p18'),('WSS693','p18'),('WSS695','p18'),('WSS729','p18'),('WSS734','p18'),('WSS750','p18'),('WSS751','p18'),('WSS766','p18'),('WSS767','p18'),('WSS778','p18'),('WSS785','p18'),('WSS794','p18'),('WSS797','p18'),('WSS799','p18'),('WSS805','p18'),('WSS827','p18'),('WSS839','p18'),('WSS85','p18'),('WSS859','p18'),('WSS875','p18'),('WSS879','p18'),('WSS88','p18'),('WSS89','p18'),('WSS904','p18'),('WSS912','p18'),('WSS92','p18'),('WSS932','p18'),('WSS934','p18'),('WSS957','p18'),('WSS958','p18'),('WSS967','p18'),('WSS968','p18'),('WSS975','p18'),('WSS981','p18'),('WSS988','p18'),('WSS989','p18'),('WSS996','p18'),('WSS107','p19'),('WSS115','p19'),('WSS116','p19'),('WSS134','p19'),('WSS135','p19'),('WSS145','p19'),('WSS153','p19'),('WSS157','p19'),('WSS160','p19'),('WSS161','p19'),('WSS17','p19'),('WSS170','p19'),('WSS18','p19'),('WSS184','p19'),('WSS189','p19'),('WSS198','p19'),('WSS225','p19'),('WSS235','p19'),('WSS242','p19'),('WSS25','p19'),('WSS258','p19'),('WSS270','p19'),('WSS274','p19'),('WSS293','p19'),('WSS296','p19'),('WSS328','p19'),('WSS333','p19'),('WSS346','p19'),('WSS36','p19'),('WSS361','p19'),('WSS362','p19'),('WSS396','p19'),('WSS402','p19'),('WSS407','p19'),('WSS413','p19'),('WSS427','p19'),('WSS439','p19'),('WSS449','p19'),('WSS465','p19'),('WSS490','p19'),('WSS493','p19'),('WSS506','p19'),('WSS51','p19'),('WSS519','p19'),('WSS520','p19'),('WSS534','p19'),('WSS547','p19'),('WSS558','p19'),('WSS562','p19'),('WSS565','p19'),('WSS567','p19'),('WSS585','p19'),('WSS588','p19'),('WSS60','p19'),('WSS611','p19'),('WSS622','p19'),('WSS630','p19'),('WSS645','p19'),('WSS657','p19'),('WSS661','p19'),('WSS664','p19'),('WSS668','p19'),('WSS678','p19'),('WSS691','p19'),('WSS70','p19'),('WSS713','p19'),('WSS724','p19'),('WSS732','p19'),('WSS755','p19'),('WSS757','p19'),('WSS765','p19'),('WSS766','p19'),('WSS778','p19'),('WSS78','p19'),('WSS784','p19'),('WSS785','p19'),('WSS802','p19'),('WSS804','p19'),('WSS806','p19'),('WSS821','p19'),('WSS827','p19'),('WSS829','p19'),('WSS836','p19'),('WSS839','p19'),('WSS840','p19'),('WSS842','p19'),('WSS852','p19'),('WSS860','p19'),('WSS865','p19'),('WSS870','p19'),('WSS877','p19'),('WSS891','p19'),('WSS894','p19'),('WSS9','p19'),('WSS900','p19'),('WSS908','p19'),('WSS927','p19'),('WSS935','p19'),('WSS942','p19'),('WSS946','p19'),('WSS956','p19'),('WSS975','p19'),('WSS985','p19'),('WSS986','p19'),('WSS987','p19'),('WSS111','p2'),('WSS115','p2'),('WSS120','p2'),('WSS126','p2'),('WSS129','p2'),('WSS161','p2'),('WSS165','p2'),('WSS168','p2'),('WSS171','p2'),('WSS178','p2'),('WSS186','p2'),('WSS188','p2'),('WSS191','p2'),('WSS195','p2'),('WSS204','p2'),('WSS206','p2'),('WSS222','p2'),('WSS236','p2'),('WSS247','p2'),('WSS296','p2'),('WSS304','p2'),('WSS308','p2'),('WSS322','p2'),('WSS331','p2'),('WSS334','p2'),('WSS343','p2'),('WSS346','p2'),('WSS35','p2'),('WSS392','p2'),('WSS396','p2'),('WSS4','p2'),('WSS400','p2'),('WSS402','p2'),('WSS421','p2'),('WSS434','p2'),('WSS436','p2'),('WSS444','p2'),('WSS484','p2'),('WSS5','p2'),('WSS504','p2'),('WSS505','p2'),('WSS51','p2'),('WSS513','p2'),('WSS514','p2'),('WSS515','p2'),('WSS522','p2'),('WSS533','p2'),('WSS543','p2'),('WSS565','p2'),('WSS575','p2'),('WSS587','p2'),('WSS603','p2'),('WSS616','p2'),('WSS635','p2'),('WSS642','p2'),('WSS644','p2'),('WSS649','p2'),('WSS651','p2'),('WSS653','p2'),('WSS672','p2'),('WSS678','p2'),('WSS688','p2'),('WSS692','p2'),('WSS693','p2'),('WSS713','p2'),('WSS724','p2'),('WSS742','p2'),('WSS745','p2'),('WSS746','p2'),('WSS760','p2'),('WSS765','p2'),('WSS775','p2'),('WSS777','p2'),('WSS780','p2'),('WSS785','p2'),('WSS788','p2'),('WSS798','p2'),('WSS810','p2'),('WSS817','p2'),('WSS818','p2'),('WSS825','p2'),('WSS831','p2'),('WSS832','p2'),('WSS845','p2'),('WSS859','p2'),('WSS863','p2'),('WSS87','p2'),('WSS885','p2'),('WSS895','p2'),('WSS903','p2'),('WSS908','p2'),('WSS910','p2'),('WSS913','p2'),('WSS917','p2'),('WSS93','p2'),('WSS932','p2'),('WSS947','p2'),('WSS958','p2'),('WSS962','p2'),('WSS982','p2'),('WSS990','p2'),('WSS992','p2'),('WSS995','p2'),('WSS996','p2'),('WSS999','p2'),('WSS107','p20'),('WSS113','p20'),('WSS114','p20'),('WSS119','p20'),('WSS126','p20'),('WSS139','p20'),('WSS146','p20'),('WSS148','p20'),('WSS150','p20'),('WSS155','p20'),('WSS157','p20'),('WSS18','p20'),('WSS182','p20'),('WSS187','p20'),('WSS188','p20'),('WSS190','p20'),('WSS194','p20'),('WSS208','p20'),('WSS215','p20'),('WSS228','p20'),('WSS241','p20'),('WSS252','p20'),('WSS269','p20'),('WSS272','p20'),('WSS279','p20'),('WSS295','p20'),('WSS299','p20'),('WSS301','p20'),('WSS31','p20'),('WSS325','p20'),('WSS331','p20'),('WSS342','p20'),('WSS343','p20'),('WSS349','p20'),('WSS355','p20'),('WSS370','p20'),('WSS371','p20'),('WSS380','p20'),('WSS389','p20'),('WSS395','p20'),('WSS404','p20'),('WSS410','p20'),('WSS411','p20'),('WSS414','p20'),('WSS438','p20'),('WSS452','p20'),('WSS454','p20'),('WSS462','p20'),('WSS473','p20'),('WSS492','p20'),('WSS495','p20'),('WSS497','p20'),('WSS518','p20'),('WSS519','p20'),('WSS549','p20'),('WSS560','p20'),('WSS562','p20'),('WSS572','p20'),('WSS583','p20'),('WSS59','p20'),('WSS593','p20'),('WSS6','p20'),('WSS603','p20'),('WSS608','p20'),('WSS62','p20'),('WSS620','p20'),('WSS621','p20'),('WSS66','p20'),('WSS663','p20'),('WSS665','p20'),('WSS666','p20'),('WSS669','p20'),('WSS689','p20'),('WSS697','p20'),('WSS699','p20'),('WSS710','p20'),('WSS715','p20'),('WSS716','p20'),('WSS720','p20'),('WSS723','p20'),('WSS731','p20'),('WSS732','p20'),('WSS749','p20'),('WSS751','p20'),('WSS753','p20'),('WSS754','p20'),('WSS763','p20'),('WSS770','p20'),('WSS773','p20'),('WSS79','p20'),('WSS795','p20'),('WSS81','p20'),('WSS815','p20'),('WSS817','p20'),('WSS822','p20'),('WSS824','p20'),('WSS826','p20'),('WSS843','p20'),('WSS844','p20'),('WSS846','p20'),('WSS866','p20'),('WSS872','p20'),('WSS883','p20'),('WSS902','p20'),('WSS923','p20'),('WSS945','p20'),('WSS95','p20'),('WSS952','p20'),('WSS957','p20'),('WSS977','p20'),('WSS978','p20'),('WSS980','p20'),('WSS984','p20'),('WSS993','p20'),('WSS102','p21'),('WSS116','p21'),('WSS128','p21'),('WSS13','p21'),('WSS131','p21'),('WSS137','p21'),('WSS141','p21'),('WSS150','p21'),('WSS156','p21'),('WSS158','p21'),('WSS167','p21'),('WSS178','p21'),('WSS18','p21'),('WSS186','p21'),('WSS192','p21'),('WSS2','p21'),('WSS207','p21'),('WSS21','p21'),('WSS213','p21'),('WSS230','p21'),('WSS231','p21'),('WSS243','p21'),('WSS248','p21'),('WSS250','p21'),('WSS253','p21'),('WSS268','p21'),('WSS275','p21'),('WSS281','p21'),('WSS284','p21'),('WSS288','p21'),('WSS299','p21'),('WSS311','p21'),('WSS319','p21'),('WSS325','p21'),('WSS33','p21'),('WSS336','p21'),('WSS352','p21'),('WSS354','p21'),('WSS365','p21'),('WSS373','p21'),('WSS375','p21'),('WSS378','p21'),('WSS380','p21'),('WSS388','p21'),('WSS391','p21'),('WSS392','p21'),('WSS399','p21'),('WSS407','p21'),('WSS415','p21'),('WSS417','p21'),('WSS420','p21'),('WSS428','p21'),('WSS43','p21'),('WSS437','p21'),('WSS44','p21'),('WSS452','p21'),('WSS457','p21'),('WSS462','p21'),('WSS470','p21'),('WSS472','p21'),('WSS483','p21'),('WSS484','p21'),('WSS501','p21'),('WSS505','p21'),('WSS515','p21'),('WSS516','p21'),('WSS517','p21'),('WSS518','p21'),('WSS528','p21'),('WSS529','p21'),('WSS531','p21'),('WSS543','p21'),('WSS554','p21'),('WSS56','p21'),('WSS575','p21'),('WSS586','p21'),('WSS601','p21'),('WSS617','p21'),('WSS624','p21'),('WSS637','p21'),('WSS64','p21'),('WSS645','p21'),('WSS649','p21'),('WSS656','p21'),('WSS671','p21'),('WSS678','p21'),('WSS696','p21'),('WSS707','p21'),('WSS716','p21'),('WSS721','p21'),('WSS726','p21'),('WSS735','p21'),('WSS740','p21'),('WSS742','p21'),('WSS743','p21'),('WSS752','p21'),('WSS753','p21'),('WSS765','p21'),('WSS767','p21'),('WSS777','p21'),('WSS788','p21'),('WSS794','p21'),('WSS798','p21'),('WSS803','p21'),('WSS83','p21'),('WSS834','p21'),('WSS836','p21'),('WSS841','p21'),('WSS882','p21'),('WSS883','p21'),('WSS884','p21'),('WSS89','p21'),('WSS890','p21'),('WSS90','p21'),('WSS908','p21'),('WSS911','p21'),('WSS915','p21'),('WSS945','p21'),('WSS972','p21'),('WSS998','p21'),('WSS107','p22'),('WSS110','p22'),('WSS136','p22'),('WSS152','p22'),('WSS168','p22'),('WSS175','p22'),('WSS176','p22'),('WSS189','p22'),('WSS215','p22'),('WSS217','p22'),('WSS25','p22'),('WSS254','p22'),('WSS27','p22'),('WSS287','p22'),('WSS305','p22'),('WSS309','p22'),('WSS31','p22'),('WSS310','p22'),('WSS311','p22'),('WSS312','p22'),('WSS329','p22'),('WSS33','p22'),('WSS338','p22'),('WSS343','p22'),('WSS352','p22'),('WSS359','p22'),('WSS362','p22'),('WSS375','p22'),('WSS389','p22'),('WSS397','p22'),('WSS404','p22'),('WSS419','p22'),('WSS42','p22'),('WSS43','p22'),('WSS445','p22'),('WSS448','p22'),('WSS461','p22'),('WSS480','p22'),('WSS487','p22'),('WSS491','p22'),('WSS509','p22'),('WSS529','p22'),('WSS532','p22'),('WSS536','p22'),('WSS551','p22'),('WSS555','p22'),('WSS57','p22'),('WSS578','p22'),('WSS582','p22'),('WSS589','p22'),('WSS60','p22'),('WSS603','p22'),('WSS606','p22'),('WSS615','p22'),('WSS619','p22'),('WSS636','p22'),('WSS646','p22'),('WSS647','p22'),('WSS649','p22'),('WSS654','p22'),('WSS658','p22'),('WSS663','p22'),('WSS666','p22'),('WSS668','p22'),('WSS677','p22'),('WSS680','p22'),('WSS697','p22'),('WSS698','p22'),('WSS708','p22'),('WSS712','p22'),('WSS716','p22'),('WSS728','p22'),('WSS729','p22'),('WSS73','p22'),('WSS736','p22'),('WSS74','p22'),('WSS755','p22'),('WSS769','p22'),('WSS780','p22'),('WSS785','p22'),('WSS792','p22'),('WSS794','p22'),('WSS811','p22'),('WSS813','p22'),('WSS82','p22'),('WSS824','p22'),('WSS841','p22'),('WSS842','p22'),('WSS851','p22'),('WSS862','p22'),('WSS864','p22'),('WSS868','p22'),('WSS878','p22'),('WSS880','p22'),('WSS882','p22'),('WSS890','p22'),('WSS895','p22'),('WSS896','p22'),('WSS91','p22'),('WSS914','p22'),('WSS940','p22'),('WSS96','p22'),('WSS969','p22'),('WSS980','p22'),('WSS987','p22'),('WSS992','p22'),('WSS999','p22'),('WSS133','p23'),('WSS146','p23'),('WSS148','p23'),('WSS15','p23'),('WSS16','p23'),('WSS172','p23'),('WSS187','p23'),('WSS19','p23'),('WSS194','p23'),('WSS196','p23'),('WSS197','p23'),('WSS214','p23'),('WSS217','p23'),('WSS228','p23'),('WSS238','p23'),('WSS251','p23'),('WSS269','p23'),('WSS271','p23'),('WSS29','p23'),('WSS336','p23'),('WSS339','p23'),('WSS345','p23'),('WSS358','p23'),('WSS366','p23'),('WSS369','p23'),('WSS373','p23'),('WSS374','p23'),('WSS384','p23'),('WSS387','p23'),('WSS388','p23'),('WSS39','p23'),('WSS421','p23'),('WSS422','p23'),('WSS436','p23'),('WSS440','p23'),('WSS450','p23'),('WSS453','p23'),('WSS454','p23'),('WSS457','p23'),('WSS459','p23'),('WSS46','p23'),('WSS469','p23'),('WSS470','p23'),('WSS48','p23'),('WSS491','p23'),('WSS502','p23'),('WSS516','p23'),('WSS518','p23'),('WSS521','p23'),('WSS524','p23'),('WSS531','p23'),('WSS539','p23'),('WSS544','p23'),('WSS549','p23'),('WSS553','p23'),('WSS559','p23'),('WSS563','p23'),('WSS583','p23'),('WSS593','p23'),('WSS597','p23'),('WSS598','p23'),('WSS6','p23'),('WSS600','p23'),('WSS608','p23'),('WSS617','p23'),('WSS618','p23'),('WSS624','p23'),('WSS629','p23'),('WSS630','p23'),('WSS645','p23'),('WSS655','p23'),('WSS682','p23'),('WSS683','p23'),('WSS686','p23'),('WSS690','p23'),('WSS701','p23'),('WSS71','p23'),('WSS710','p23'),('WSS720','p23'),('WSS737','p23'),('WSS74','p23'),('WSS752','p23'),('WSS755','p23'),('WSS768','p23'),('WSS770','p23'),('WSS807','p23'),('WSS817','p23'),('WSS835','p23'),('WSS840','p23'),('WSS848','p23'),('WSS850','p23'),('WSS871','p23'),('WSS893','p23'),('WSS9','p23'),('WSS907','p23'),('WSS909','p23'),('WSS932','p23'),('WSS94','p23'),('WSS945','p23'),('WSS955','p23'),('WSS959','p23'),('WSS973','p23'),('WSS985','p23'),('WSS991','p23'),('WSS992','p23'),('WSS996','p23'),('WSS999','p23'),('WSS1000','p24'),('WSS103','p24'),('WSS109','p24'),('WSS120','p24'),('WSS127','p24'),('WSS133','p24'),('WSS146','p24'),('WSS163','p24'),('WSS165','p24'),('WSS167','p24'),('WSS168','p24'),('WSS187','p24'),('WSS221','p24'),('WSS230','p24'),('WSS231','p24'),('WSS255','p24'),('WSS260','p24'),('WSS269','p24'),('WSS294','p24'),('WSS295','p24'),('WSS297','p24'),('WSS32','p24'),('WSS322','p24'),('WSS327','p24'),('WSS338','p24'),('WSS347','p24'),('WSS364','p24'),('WSS376','p24'),('WSS378','p24'),('WSS38','p24'),('WSS397','p24'),('WSS399','p24'),('WSS400','p24'),('WSS401','p24'),('WSS421','p24'),('WSS424','p24'),('WSS430','p24'),('WSS437','p24'),('WSS465','p24'),('WSS466','p24'),('WSS471','p24'),('WSS5','p24'),('WSS500','p24'),('WSS510','p24'),('WSS522','p24'),('WSS523','p24'),('WSS526','p24'),('WSS533','p24'),('WSS541','p24'),('WSS545','p24'),('WSS546','p24'),('WSS547','p24'),('WSS55','p24'),('WSS554','p24'),('WSS557','p24'),('WSS561','p24'),('WSS574','p24'),('WSS586','p24'),('WSS593','p24'),('WSS596','p24'),('WSS60','p24'),('WSS607','p24'),('WSS608','p24'),('WSS613','p24'),('WSS616','p24'),('WSS618','p24'),('WSS619','p24'),('WSS62','p24'),('WSS621','p24'),('WSS628','p24'),('WSS629','p24'),('WSS637','p24'),('WSS638','p24'),('WSS651','p24'),('WSS652','p24'),('WSS660','p24'),('WSS664','p24'),('WSS669','p24'),('WSS672','p24'),('WSS69','p24'),('WSS706','p24'),('WSS719','p24'),('WSS72','p24'),('WSS724','p24'),('WSS728','p24'),('WSS730','p24'),('WSS747','p24'),('WSS768','p24'),('WSS776','p24'),('WSS779','p24'),('WSS784','p24'),('WSS789','p24'),('WSS793','p24'),('WSS801','p24'),('WSS803','p24'),('WSS830','p24'),('WSS844','p24'),('WSS862','p24'),('WSS869','p24'),('WSS873','p24'),('WSS874','p24'),('WSS877','p24'),('WSS88','p24'),('WSS882','p24'),('WSS890','p24'),('WSS892','p24'),('WSS894','p24'),('WSS91','p24'),('WSS925','p24'),('WSS951','p24'),('WSS956','p24'),('WSS962','p24'),('WSS966','p24'),('WSS98','p24'),('WSS986','p24'),('WSS998','p24'),('WSS113','p25'),('WSS116','p25'),('WSS126','p25'),('WSS147','p25'),('WSS16','p25'),('WSS17','p25'),('WSS178','p25'),('WSS200','p25'),('WSS215','p25'),('WSS217','p25'),('WSS222','p25'),('WSS226','p25'),('WSS239','p25'),('WSS275','p25'),('WSS284','p25'),('WSS320','p25'),('WSS325','p25'),('WSS330','p25'),('WSS335','p25'),('WSS342','p25'),('WSS35','p25'),('WSS350','p25'),('WSS367','p25'),('WSS370','p25'),('WSS382','p25'),('WSS400','p25'),('WSS402','p25'),('WSS409','p25'),('WSS412','p25'),('WSS413','p25'),('WSS417','p25'),('WSS426','p25'),('WSS431','p25'),('WSS432','p25'),('WSS445','p25'),('WSS448','p25'),('WSS453','p25'),('WSS455','p25'),('WSS470','p25'),('WSS478','p25'),('WSS486','p25'),('WSS496','p25'),('WSS498','p25'),('WSS499','p25'),('WSS509','p25'),('WSS527','p25'),('WSS532','p25'),('WSS54','p25'),('WSS559','p25'),('WSS573','p25'),('WSS574','p25'),('WSS581','p25'),('WSS584','p25'),('WSS588','p25'),('WSS592','p25'),('WSS599','p25'),('WSS602','p25'),('WSS608','p25'),('WSS61','p25'),('WSS612','p25'),('WSS621','p25'),('WSS64','p25'),('WSS647','p25'),('WSS661','p25'),('WSS673','p25'),('WSS690','p25'),('WSS692','p25'),('WSS703','p25'),('WSS706','p25'),('WSS707','p25'),('WSS710','p25'),('WSS717','p25'),('WSS719','p25'),('WSS721','p25'),('WSS749','p25'),('WSS751','p25'),('WSS752','p25'),('WSS757','p25'),('WSS761','p25'),('WSS772','p25'),('WSS776','p25'),('WSS784','p25'),('WSS81','p25'),('WSS820','p25'),('WSS823','p25'),('WSS828','p25'),('WSS840','p25'),('WSS847','p25'),('WSS848','p25'),('WSS852','p25'),('WSS86','p25'),('WSS863','p25'),('WSS873','p25'),('WSS887','p25'),('WSS897','p25'),('WSS898','p25'),('WSS899','p25'),('WSS904','p25'),('WSS905','p25'),('WSS911','p25'),('WSS92','p25'),('WSS948','p25'),('WSS96','p25'),('WSS962','p25'),('WSS970','p25'),('WSS971','p25'),('WSS99','p25'),('WSS1','p26'),('WSS10','p26'),('WSS102','p26'),('WSS108','p26'),('WSS11','p26'),('WSS118','p26'),('WSS121','p26'),('WSS122','p26'),('WSS125','p26'),('WSS17','p26'),('WSS185','p26'),('WSS188','p26'),('WSS227','p26'),('WSS230','p26'),('WSS232','p26'),('WSS240','p26'),('WSS241','p26'),('WSS242','p26'),('WSS259','p26'),('WSS277','p26'),('WSS290','p26'),('WSS308','p26'),('WSS31','p26'),('WSS315','p26'),('WSS316','p26'),('WSS320','p26'),('WSS338','p26'),('WSS339','p26'),('WSS354','p26'),('WSS358','p26'),('WSS359','p26'),('WSS388','p26'),('WSS393','p26'),('WSS398','p26'),('WSS409','p26'),('WSS412','p26'),('WSS421','p26'),('WSS424','p26'),('WSS427','p26'),('WSS437','p26'),('WSS462','p26'),('WSS470','p26'),('WSS489','p26'),('WSS490','p26'),('WSS494','p26'),('WSS495','p26'),('WSS5','p26'),('WSS520','p26'),('WSS526','p26'),('WSS53','p26'),('WSS533','p26'),('WSS538','p26'),('WSS543','p26'),('WSS551','p26'),('WSS553','p26'),('WSS555','p26'),('WSS568','p26'),('WSS581','p26'),('WSS582','p26'),('WSS59','p26'),('WSS590','p26'),('WSS592','p26'),('WSS596','p26'),('WSS599','p26'),('WSS602','p26'),('WSS604','p26'),('WSS617','p26'),('WSS62','p26'),('WSS625','p26'),('WSS627','p26'),('WSS629','p26'),('WSS636','p26'),('WSS639','p26'),('WSS64','p26'),('WSS640','p26'),('WSS654','p26'),('WSS658','p26'),('WSS660','p26'),('WSS675','p26'),('WSS685','p26'),('WSS694','p26'),('WSS699','p26'),('WSS70','p26'),('WSS733','p26'),('WSS740','p26'),('WSS745','p26'),('WSS760','p26'),('WSS764','p26'),('WSS766','p26'),('WSS769','p26'),('WSS778','p26'),('WSS79','p26'),('WSS790','p26'),('WSS793','p26'),('WSS799','p26'),('WSS814','p26'),('WSS815','p26'),('WSS816','p26'),('WSS825','p26'),('WSS826','p26'),('WSS834','p26'),('WSS835','p26'),('WSS841','p26'),('WSS848','p26'),('WSS849','p26'),('WSS850','p26'),('WSS860','p26'),('WSS877','p26'),('WSS88','p26'),('WSS887','p26'),('WSS892','p26'),('WSS903','p26'),('WSS904','p26'),('WSS909','p26'),('WSS925','p26'),('WSS926','p26'),('WSS935','p26'),('WSS941','p26'),('WSS943','p26'),('WSS947','p26'),('WSS962','p26'),('WSS971','p26'),('WSS997','p26'),('WSS136','p27'),('WSS153','p27'),('WSS161','p27'),('WSS166','p27'),('WSS17','p27'),('WSS176','p27'),('WSS177','p27'),('WSS20','p27'),('WSS204','p27'),('WSS207','p27'),('WSS214','p27'),('WSS215','p27'),('WSS233','p27'),('WSS256','p27'),('WSS257','p27'),('WSS281','p27'),('WSS307','p27'),('WSS315','p27'),('WSS321','p27'),('WSS324','p27'),('WSS325','p27'),('WSS326','p27'),('WSS334','p27'),('WSS344','p27'),('WSS348','p27'),('WSS360','p27'),('WSS363','p27'),('WSS369','p27'),('WSS384','p27'),('WSS390','p27'),('WSS393','p27'),('WSS4','p27'),('WSS407','p27'),('WSS411','p27'),('WSS423','p27'),('WSS427','p27'),('WSS433','p27'),('WSS441','p27'),('WSS442','p27'),('WSS455','p27'),('WSS457','p27'),('WSS476','p27'),('WSS478','p27'),('WSS480','p27'),('WSS481','p27'),('WSS492','p27'),('WSS498','p27'),('WSS507','p27'),('WSS510','p27'),('WSS517','p27'),('WSS52','p27'),('WSS526','p27'),('WSS528','p27'),('WSS53','p27'),('WSS54','p27'),('WSS540','p27'),('WSS544','p27'),('WSS576','p27'),('WSS579','p27'),('WSS584','p27'),('WSS590','p27'),('WSS592','p27'),('WSS606','p27'),('WSS623','p27'),('WSS634','p27'),('WSS641','p27'),('WSS650','p27'),('WSS652','p27'),('WSS667','p27'),('WSS672','p27'),('WSS677','p27'),('WSS682','p27'),('WSS69','p27'),('WSS691','p27'),('WSS7','p27'),('WSS702','p27'),('WSS703','p27'),('WSS724','p27'),('WSS742','p27'),('WSS746','p27'),('WSS75','p27'),('WSS757','p27'),('WSS76','p27'),('WSS761','p27'),('WSS763','p27'),('WSS783','p27'),('WSS786','p27'),('WSS80','p27'),('WSS800','p27'),('WSS819','p27'),('WSS823','p27'),('WSS837','p27'),('WSS839','p27'),('WSS84','p27'),('WSS840','p27'),('WSS846','p27'),('WSS851','p27'),('WSS854','p27'),('WSS863','p27'),('WSS865','p27'),('WSS881','p27'),('WSS893','p27'),('WSS896','p27'),('WSS902','p27'),('WSS912','p27'),('WSS915','p27'),('WSS922','p27'),('WSS930','p27'),('WSS939','p27'),('WSS94','p27'),('WSS946','p27'),('WSS956','p27'),('WSS970','p27'),('WSS985','p27'),('WSS100','p28'),('WSS136','p28'),('WSS149','p28'),('WSS151','p28'),('WSS19','p28'),('WSS197','p28'),('WSS205','p28'),('WSS206','p28'),('WSS210','p28'),('WSS225','p28'),('WSS23','p28'),('WSS231','p28'),('WSS24','p28'),('WSS242','p28'),('WSS248','p28'),('WSS256','p28'),('WSS262','p28'),('WSS266','p28'),('WSS28','p28'),('WSS281','p28'),('WSS283','p28'),('WSS293','p28'),('WSS297','p28'),('WSS298','p28'),('WSS304','p28'),('WSS320','p28'),('WSS324','p28'),('WSS330','p28'),('WSS339','p28'),('WSS340','p28'),('WSS344','p28'),('WSS383','p28'),('WSS385','p28'),('WSS387','p28'),('WSS398','p28'),('WSS40','p28'),('WSS408','p28'),('WSS410','p28'),('WSS422','p28'),('WSS435','p28'),('WSS444','p28'),('WSS464','p28'),('WSS469','p28'),('WSS474','p28'),('WSS481','p28'),('WSS485','p28'),('WSS50','p28'),('WSS501','p28'),('WSS506','p28'),('WSS521','p28'),('WSS530','p28'),('WSS535','p28'),('WSS563','p28'),('WSS564','p28'),('WSS578','p28'),('WSS579','p28'),('WSS581','p28'),('WSS588','p28'),('WSS589','p28'),('WSS591','p28'),('WSS597','p28'),('WSS600','p28'),('WSS628','p28'),('WSS63','p28'),('WSS640','p28'),('WSS641','p28'),('WSS651','p28'),('WSS653','p28'),('WSS656','p28'),('WSS66','p28'),('WSS671','p28'),('WSS677','p28'),('WSS701','p28'),('WSS704','p28'),('WSS706','p28'),('WSS71','p28'),('WSS714','p28'),('WSS717','p28'),('WSS723','p28'),('WSS726','p28'),('WSS729','p28'),('WSS732','p28'),('WSS739','p28'),('WSS740','p28'),('WSS743','p28'),('WSS748','p28'),('WSS750','p28'),('WSS757','p28'),('WSS762','p28'),('WSS767','p28'),('WSS77','p28'),('WSS777','p28'),('WSS779','p28'),('WSS78','p28'),('WSS789','p28'),('WSS799','p28'),('WSS8','p28'),('WSS800','p28'),('WSS81','p28'),('WSS820','p28'),('WSS829','p28'),('WSS844','p28'),('WSS848','p28'),('WSS872','p28'),('WSS874','p28'),('WSS889','p28'),('WSS903','p28'),('WSS905','p28'),('WSS91','p28'),('WSS912','p28'),('WSS923','p28'),('WSS927','p28'),('WSS931','p28'),('WSS940','p28'),('WSS941','p28'),('WSS963','p28'),('WSS97','p28'),('WSS986','p28'),('WSS99','p28'),('WSS993','p28'),('WSS100','p29'),('WSS104','p29'),('WSS120','p29'),('WSS129','p29'),('WSS134','p29'),('WSS137','p29'),('WSS142','p29'),('WSS167','p29'),('WSS170','p29'),('WSS177','p29'),('WSS178','p29'),('WSS185','p29'),('WSS186','p29'),('WSS188','p29'),('WSS190','p29'),('WSS193','p29'),('WSS195','p29'),('WSS212','p29'),('WSS24','p29'),('WSS247','p29'),('WSS249','p29'),('WSS25','p29'),('WSS252','p29'),('WSS262','p29'),('WSS27','p29'),('WSS273','p29'),('WSS286','p29'),('WSS288','p29'),('WSS289','p29'),('WSS296','p29'),('WSS301','p29'),('WSS303','p29'),('WSS307','p29'),('WSS324','p29'),('WSS326','p29'),('WSS333','p29'),('WSS335','p29'),('WSS360','p29'),('WSS375','p29'),('WSS378','p29'),('WSS382','p29'),('WSS387','p29'),('WSS389','p29'),('WSS391','p29'),('WSS397','p29'),('WSS411','p29'),('WSS413','p29'),('WSS419','p29'),('WSS450','p29'),('WSS454','p29'),('WSS467','p29'),('WSS468','p29'),('WSS50','p29'),('WSS51','p29'),('WSS520','p29'),('WSS527','p29'),('WSS533','p29'),('WSS548','p29'),('WSS554','p29'),('WSS557','p29'),('WSS574','p29'),('WSS577','p29'),('WSS580','p29'),('WSS595','p29'),('WSS603','p29'),('WSS605','p29'),('WSS65','p29'),('WSS653','p29'),('WSS658','p29'),('WSS664','p29'),('WSS675','p29'),('WSS680','p29'),('WSS693','p29'),('WSS703','p29'),('WSS704','p29'),('WSS733','p29'),('WSS735','p29'),('WSS74','p29'),('WSS75','p29'),('WSS764','p29'),('WSS774','p29'),('WSS797','p29'),('WSS806','p29'),('WSS822','p29'),('WSS838','p29'),('WSS861','p29'),('WSS87','p29'),('WSS874','p29'),('WSS878','p29'),('WSS884','p29'),('WSS90','p29'),('WSS903','p29'),('WSS913','p29'),('WSS917','p29'),('WSS918','p29'),('WSS921','p29'),('WSS922','p29'),('WSS935','p29'),('WSS952','p29'),('WSS956','p29'),('WSS964','p29'),('WSS969','p29'),('WSS999','p29'),('WSS123','p3'),('WSS125','p3'),('WSS127','p3'),('WSS129','p3'),('WSS130','p3'),('WSS14','p3'),('WSS15','p3'),('WSS163','p3'),('WSS165','p3'),('WSS167','p3'),('WSS170','p3'),('WSS177','p3'),('WSS18','p3'),('WSS181','p3'),('WSS19','p3'),('WSS205','p3'),('WSS210','p3'),('WSS211','p3'),('WSS214','p3'),('WSS220','p3'),('WSS232','p3'),('WSS243','p3'),('WSS245','p3'),('WSS249','p3'),('WSS250','p3'),('WSS251','p3'),('WSS256','p3'),('WSS274','p3'),('WSS28','p3'),('WSS280','p3'),('WSS289','p3'),('WSS30','p3'),('WSS307','p3'),('WSS311','p3'),('WSS323','p3'),('WSS327','p3'),('WSS330','p3'),('WSS335','p3'),('WSS349','p3'),('WSS354','p3'),('WSS365','p3'),('WSS379','p3'),('WSS389','p3'),('WSS414','p3'),('WSS416','p3'),('WSS418','p3'),('WSS428','p3'),('WSS434','p3'),('WSS446','p3'),('WSS452','p3'),('WSS462','p3'),('WSS477','p3'),('WSS494','p3'),('WSS500','p3'),('WSS501','p3'),('WSS506','p3'),('WSS508','p3'),('WSS51','p3'),('WSS510','p3'),('WSS516','p3'),('WSS541','p3'),('WSS552','p3'),('WSS573','p3'),('WSS574','p3'),('WSS575','p3'),('WSS602','p3'),('WSS608','p3'),('WSS609','p3'),('WSS614','p3'),('WSS624','p3'),('WSS626','p3'),('WSS627','p3'),('WSS636','p3'),('WSS667','p3'),('WSS67','p3'),('WSS671','p3'),('WSS674','p3'),('WSS676','p3'),('WSS683','p3'),('WSS709','p3'),('WSS71','p3'),('WSS715','p3'),('WSS727','p3'),('WSS73','p3'),('WSS730','p3'),('WSS739','p3'),('WSS756','p3'),('WSS761','p3'),('WSS762','p3'),('WSS768','p3'),('WSS78','p3'),('WSS783','p3'),('WSS789','p3'),('WSS806','p3'),('WSS809','p3'),('WSS814','p3'),('WSS823','p3'),('WSS835','p3'),('WSS839','p3'),('WSS857','p3'),('WSS878','p3'),('WSS879','p3'),('WSS897','p3'),('WSS899','p3'),('WSS95','p3'),('WSS955','p3'),('WSS958','p3'),('WSS963','p3'),('WSS976','p3'),('WSS977','p3'),('WSS981','p3'),('WSS110','p30'),('WSS112','p30'),('WSS113','p30'),('WSS119','p30'),('WSS133','p30'),('WSS138','p30'),('WSS151','p30'),('WSS159','p30'),('WSS164','p30'),('WSS166','p30'),('WSS177','p30'),('WSS181','p30'),('WSS197','p30'),('WSS200','p30'),('WSS221','p30'),('WSS244','p30'),('WSS249','p30'),('WSS26','p30'),('WSS261','p30'),('WSS263','p30'),('WSS27','p30'),('WSS282','p30'),('WSS292','p30'),('WSS293','p30'),('WSS294','p30'),('WSS299','p30'),('WSS315','p30'),('WSS317','p30'),('WSS326','p30'),('WSS330','p30'),('WSS332','p30'),('WSS368','p30'),('WSS386','p30'),('WSS396','p30'),('WSS407','p30'),('WSS409','p30'),('WSS410','p30'),('WSS415','p30'),('WSS419','p30'),('WSS42','p30'),('WSS444','p30'),('WSS464','p30'),('WSS477','p30'),('WSS491','p30'),('WSS494','p30'),('WSS504','p30'),('WSS505','p30'),('WSS508','p30'),('WSS526','p30'),('WSS547','p30'),('WSS548','p30'),('WSS558','p30'),('WSS560','p30'),('WSS569','p30'),('WSS57','p30'),('WSS578','p30'),('WSS594','p30'),('WSS597','p30'),('WSS599','p30'),('WSS609','p30'),('WSS615','p30'),('WSS616','p30'),('WSS62','p30'),('WSS63','p30'),('WSS636','p30'),('WSS646','p30'),('WSS653','p30'),('WSS673','p30'),('WSS685','p30'),('WSS70','p30'),('WSS701','p30'),('WSS705','p30'),('WSS738','p30'),('WSS745','p30'),('WSS746','p30'),('WSS748','p30'),('WSS750','p30'),('WSS753','p30'),('WSS772','p30'),('WSS787','p30'),('WSS790','p30'),('WSS795','p30'),('WSS804','p30'),('WSS808','p30'),('WSS813','p30'),('WSS814','p30'),('WSS817','p30'),('WSS830','p30'),('WSS831','p30'),('WSS832','p30'),('WSS833','p30'),('WSS835','p30'),('WSS860','p30'),('WSS870','p30'),('WSS874','p30'),('WSS897','p30'),('WSS901','p30'),('WSS907','p30'),('WSS908','p30'),('WSS930','p30'),('WSS948','p30'),('WSS953','p30'),('WSS967','p30'),('WSS973','p30'),('WSS979','p30'),('WSS98','p30'),('WSS992','p30'),('WSS994','p30'),('WSS1','p31'),('WSS114','p31'),('WSS125','p31'),('WSS130','p31'),('WSS135','p31'),('WSS15','p31'),('WSS155','p31'),('WSS159','p31'),('WSS185','p31'),('WSS188','p31'),('WSS197','p31'),('WSS225','p31'),('WSS235','p31'),('WSS236','p31'),('WSS239','p31'),('WSS243','p31'),('WSS245','p31'),('WSS259','p31'),('WSS265','p31'),('WSS300','p31'),('WSS302','p31'),('WSS306','p31'),('WSS309','p31'),('WSS31','p31'),('WSS324','p31'),('WSS358','p31'),('WSS37','p31'),('WSS372','p31'),('WSS385','p31'),('WSS387','p31'),('WSS388','p31'),('WSS39','p31'),('WSS390','p31'),('WSS392','p31'),('WSS393','p31'),('WSS394','p31'),('WSS395','p31'),('WSS40','p31'),('WSS401','p31'),('WSS403','p31'),('WSS423','p31'),('WSS439','p31'),('WSS440','p31'),('WSS445','p31'),('WSS446','p31'),('WSS475','p31'),('WSS480','p31'),('WSS495','p31'),('WSS507','p31'),('WSS521','p31'),('WSS525','p31'),('WSS544','p31'),('WSS566','p31'),('WSS569','p31'),('WSS571','p31'),('WSS575','p31'),('WSS580','p31'),('WSS581','p31'),('WSS60','p31'),('WSS601','p31'),('WSS607','p31'),('WSS627','p31'),('WSS632','p31'),('WSS634','p31'),('WSS645','p31'),('WSS653','p31'),('WSS655','p31'),('WSS66','p31'),('WSS675','p31'),('WSS689','p31'),('WSS694','p31'),('WSS711','p31'),('WSS713','p31'),('WSS714','p31'),('WSS722','p31'),('WSS731','p31'),('WSS735','p31'),('WSS738','p31'),('WSS761','p31'),('WSS769','p31'),('WSS770','p31'),('WSS773','p31'),('WSS780','p31'),('WSS79','p31'),('WSS792','p31'),('WSS793','p31'),('WSS798','p31'),('WSS802','p31'),('WSS81','p31'),('WSS819','p31'),('WSS823','p31'),('WSS838','p31'),('WSS840','p31'),('WSS843','p31'),('WSS872','p31'),('WSS878','p31'),('WSS893','p31'),('WSS895','p31'),('WSS90','p31'),('WSS901','p31'),('WSS91','p31'),('WSS916','p31'),('WSS917','p31'),('WSS924','p31'),('WSS927','p31'),('WSS937','p31'),('WSS938','p31'),('WSS942','p31'),('WSS945','p31'),('WSS95','p31'),('WSS951','p31'),('WSS954','p31'),('WSS957','p31'),('WSS991','p31'),('WSS995','p31'),('WSS100','p32'),('WSS108','p32'),('WSS11','p32'),('WSS119','p32'),('WSS139','p32'),('WSS142','p32'),('WSS143','p32'),('WSS144','p32'),('WSS147','p32'),('WSS171','p32'),('WSS172','p32'),('WSS179','p32'),('WSS180','p32'),('WSS183','p32'),('WSS192','p32'),('WSS208','p32'),('WSS216','p32'),('WSS218','p32'),('WSS219','p32'),('WSS223','p32'),('WSS23','p32'),('WSS236','p32'),('WSS259','p32'),('WSS270','p32'),('WSS271','p32'),('WSS276','p32'),('WSS282','p32'),('WSS285','p32'),('WSS290','p32'),('WSS291','p32'),('WSS306','p32'),('WSS318','p32'),('WSS328','p32'),('WSS336','p32'),('WSS337','p32'),('WSS348','p32'),('WSS354','p32'),('WSS356','p32'),('WSS377','p32'),('WSS382','p32'),('WSS383','p32'),('WSS389','p32'),('WSS399','p32'),('WSS404','p32'),('WSS407','p32'),('WSS42','p32'),('WSS431','p32'),('WSS432','p32'),('WSS433','p32'),('WSS44','p32'),('WSS449','p32'),('WSS45','p32'),('WSS456','p32'),('WSS458','p32'),('WSS46','p32'),('WSS462','p32'),('WSS47','p32'),('WSS471','p32'),('WSS475','p32'),('WSS480','p32'),('WSS488','p32'),('WSS49','p32'),('WSS497','p32'),('WSS500','p32'),('WSS503','p32'),('WSS524','p32'),('WSS527','p32'),('WSS531','p32'),('WSS534','p32'),('WSS546','p32'),('WSS55','p32'),('WSS550','p32'),('WSS557','p32'),('WSS568','p32'),('WSS580','p32'),('WSS587','p32'),('WSS588','p32'),('WSS63','p32'),('WSS656','p32'),('WSS663','p32'),('WSS664','p32'),('WSS671','p32'),('WSS689','p32'),('WSS692','p32'),('WSS7','p32'),('WSS704','p32'),('WSS721','p32'),('WSS731','p32'),('WSS75','p32'),('WSS754','p32'),('WSS769','p32'),('WSS778','p32'),('WSS781','p32'),('WSS784','p32'),('WSS786','p32'),('WSS790','p32'),('WSS796','p32'),('WSS806','p32'),('WSS825','p32'),('WSS846','p32'),('WSS853','p32'),('WSS855','p32'),('WSS858','p32'),('WSS865','p32'),('WSS866','p32'),('WSS881','p32'),('WSS882','p32'),('WSS887','p32'),('WSS889','p32'),('WSS895','p32'),('WSS899','p32'),('WSS900','p32'),('WSS909','p32'),('WSS923','p32'),('WSS931','p32'),('WSS932','p32'),('WSS941','p32'),('WSS946','p32'),('WSS957','p32'),('WSS966','p32'),('WSS973','p32'),('WSS98','p32'),('WSS980','p32'),('WSS993','p32'),('WSS10','p33'),('WSS1000','p33'),('WSS118','p33'),('WSS123','p33'),('WSS14','p33'),('WSS140','p33'),('WSS145','p33'),('WSS166','p33'),('WSS180','p33'),('WSS198','p33'),('WSS206','p33'),('WSS228','p33'),('WSS264','p33'),('WSS285','p33'),('WSS287','p33'),('WSS296','p33'),('WSS300','p33'),('WSS316','p33'),('WSS341','p33'),('WSS353','p33'),('WSS362','p33'),('WSS366','p33'),('WSS373','p33'),('WSS392','p33'),('WSS404','p33'),('WSS409','p33'),('WSS412','p33'),('WSS415','p33'),('WSS42','p33'),('WSS421','p33'),('WSS425','p33'),('WSS447','p33'),('WSS448','p33'),('WSS459','p33'),('WSS461','p33'),('WSS478','p33'),('WSS479','p33'),('WSS485','p33'),('WSS493','p33'),('WSS495','p33'),('WSS515','p33'),('WSS516','p33'),('WSS53','p33'),('WSS532','p33'),('WSS543','p33'),('WSS560','p33'),('WSS571','p33'),('WSS578','p33'),('WSS585','p33'),('WSS586','p33'),('WSS613','p33'),('WSS618','p33'),('WSS624','p33'),('WSS644','p33'),('WSS646','p33'),('WSS654','p33'),('WSS676','p33'),('WSS699','p33'),('WSS718','p33'),('WSS721','p33'),('WSS726','p33'),('WSS730','p33'),('WSS748','p33'),('WSS760','p33'),('WSS762','p33'),('WSS765','p33'),('WSS77','p33'),('WSS777','p33'),('WSS778','p33'),('WSS790','p33'),('WSS800','p33'),('WSS813','p33'),('WSS819','p33'),('WSS826','p33'),('WSS831','p33'),('WSS845','p33'),('WSS847','p33'),('WSS849','p33'),('WSS850','p33'),('WSS86','p33'),('WSS880','p33'),('WSS9','p33'),('WSS913','p33'),('WSS915','p33'),('WSS923','p33'),('WSS929','p33'),('WSS936','p33'),('WSS937','p33'),('WSS950','p33'),('WSS953','p33'),('WSS955','p33'),('WSS97','p33'),('WSS971','p33'),('WSS974','p33'),('WSS978','p33'),('WSS985','p33'),('WSS99','p33'),('WSS991','p33'),('WSS108','p34'),('WSS116','p34'),('WSS13','p34'),('WSS130','p34'),('WSS140','p34'),('WSS143','p34'),('WSS152','p34'),('WSS168','p34'),('WSS169','p34'),('WSS185','p34'),('WSS194','p34'),('WSS195','p34'),('WSS201','p34'),('WSS229','p34'),('WSS237','p34'),('WSS253','p34'),('WSS290','p34'),('WSS323','p34'),('WSS329','p34'),('WSS33','p34'),('WSS344','p34'),('WSS356','p34'),('WSS367','p34'),('WSS381','p34'),('WSS394','p34'),('WSS396','p34'),('WSS413','p34'),('WSS430','p34'),('WSS432','p34'),('WSS434','p34'),('WSS435','p34'),('WSS44','p34'),('WSS441','p34'),('WSS446','p34'),('WSS449','p34'),('WSS450','p34'),('WSS452','p34'),('WSS458','p34'),('WSS461','p34'),('WSS464','p34'),('WSS494','p34'),('WSS498','p34'),('WSS499','p34'),('WSS505','p34'),('WSS517','p34'),('WSS52','p34'),('WSS522','p34'),('WSS535','p34'),('WSS548','p34'),('WSS553','p34'),('WSS564','p34'),('WSS571','p34'),('WSS572','p34'),('WSS573','p34'),('WSS574','p34'),('WSS575','p34'),('WSS579','p34'),('WSS58','p34'),('WSS585','p34'),('WSS591','p34'),('WSS599','p34'),('WSS600','p34'),('WSS603','p34'),('WSS604','p34'),('WSS606','p34'),('WSS617','p34'),('WSS628','p34'),('WSS631','p34'),('WSS633','p34'),('WSS662','p34'),('WSS697','p34'),('WSS705','p34'),('WSS723','p34'),('WSS74','p34'),('WSS756','p34'),('WSS771','p34'),('WSS773','p34'),('WSS776','p34'),('WSS787','p34'),('WSS788','p34'),('WSS808','p34'),('WSS809','p34'),('WSS811','p34'),('WSS818','p34'),('WSS82','p34'),('WSS834','p34'),('WSS838','p34'),('WSS842','p34'),('WSS844','p34'),('WSS848','p34'),('WSS849','p34'),('WSS852','p34'),('WSS860','p34'),('WSS865','p34'),('WSS884','p34'),('WSS888','p34'),('WSS896','p34'),('WSS900','p34'),('WSS911','p34'),('WSS916','p34'),('WSS931','p34'),('WSS936','p34'),('WSS944','p34'),('WSS963','p34'),('WSS966','p34'),('WSS972','p34'),('WSS979','p34'),('WSS987','p34'),('WSS992','p34'),('WSS105','p35'),('WSS11','p35'),('WSS111','p35'),('WSS123','p35'),('WSS137','p35'),('WSS138','p35'),('WSS139','p35'),('WSS148','p35'),('WSS152','p35'),('WSS154','p35'),('WSS158','p35'),('WSS160','p35'),('WSS169','p35'),('WSS180','p35'),('WSS181','p35'),('WSS184','p35'),('WSS189','p35'),('WSS197','p35'),('WSS212','p35'),('WSS227','p35'),('WSS235','p35'),('WSS238','p35'),('WSS239','p35'),('WSS242','p35'),('WSS26','p35'),('WSS262','p35'),('WSS270','p35'),('WSS278','p35'),('WSS280','p35'),('WSS284','p35'),('WSS285','p35'),('WSS289','p35'),('WSS303','p35'),('WSS313','p35'),('WSS314','p35'),('WSS321','p35'),('WSS327','p35'),('WSS334','p35'),('WSS34','p35'),('WSS340','p35'),('WSS341','p35'),('WSS345','p35'),('WSS346','p35'),('WSS348','p35'),('WSS353','p35'),('WSS357','p35'),('WSS360','p35'),('WSS371','p35'),('WSS380','p35'),('WSS389','p35'),('WSS395','p35'),('WSS400','p35'),('WSS403','p35'),('WSS417','p35'),('WSS419','p35'),('WSS425','p35'),('WSS426','p35'),('WSS428','p35'),('WSS431','p35'),('WSS438','p35'),('WSS444','p35'),('WSS453','p35'),('WSS465','p35'),('WSS467','p35'),('WSS47','p35'),('WSS472','p35'),('WSS487','p35'),('WSS494','p35'),('WSS497','p35'),('WSS506','p35'),('WSS519','p35'),('WSS536','p35'),('WSS543','p35'),('WSS545','p35'),('WSS547','p35'),('WSS548','p35'),('WSS549','p35'),('WSS55','p35'),('WSS551','p35'),('WSS554','p35'),('WSS555','p35'),('WSS564','p35'),('WSS581','p35'),('WSS59','p35'),('WSS590','p35'),('WSS591','p35'),('WSS598','p35'),('WSS60','p35'),('WSS610','p35'),('WSS611','p35'),('WSS622','p35'),('WSS623','p35'),('WSS633','p35'),('WSS657','p35'),('WSS661','p35'),('WSS670','p35'),('WSS677','p35'),('WSS682','p35'),('WSS689','p35'),('WSS69','p35'),('WSS693','p35'),('WSS695','p35'),('WSS703','p35'),('WSS708','p35'),('WSS715','p35'),('WSS751','p35'),('WSS760','p35'),('WSS767','p35'),('WSS768','p35'),('WSS770','p35'),('WSS777','p35'),('WSS783','p35'),('WSS8','p35'),('WSS803','p35'),('WSS807','p35'),('WSS811','p35'),('WSS821','p35'),('WSS827','p35'),('WSS846','p35'),('WSS847','p35'),('WSS860','p35'),('WSS869','p35'),('WSS886','p35'),('WSS899','p35'),('WSS92','p35'),('WSS920','p35'),('WSS939','p35'),('WSS940','p35'),('WSS955','p35'),('WSS956','p35'),('WSS961','p35'),('WSS967','p35'),('WSS975','p35'),('WSS979','p35'),('WSS990','p35'),('WSS999','p35'),('WSS101','p36'),('WSS12','p36'),('WSS124','p36'),('WSS132','p36'),('WSS143','p36'),('WSS145','p36'),('WSS146','p36'),('WSS151','p36'),('WSS163','p36'),('WSS168','p36'),('WSS170','p36'),('WSS171','p36'),('WSS174','p36'),('WSS176','p36'),('WSS182','p36'),('WSS19','p36'),('WSS192','p36'),('WSS196','p36'),('WSS199','p36'),('WSS213','p36'),('WSS216','p36'),('WSS22','p36'),('WSS232','p36'),('WSS238','p36'),('WSS256','p36'),('WSS262','p36'),('WSS263','p36'),('WSS268','p36'),('WSS271','p36'),('WSS274','p36'),('WSS286','p36'),('WSS288','p36'),('WSS328','p36'),('WSS336','p36'),('WSS353','p36'),('WSS381','p36'),('WSS382','p36'),('WSS393','p36'),('WSS433','p36'),('WSS435','p36'),('WSS44','p36'),('WSS440','p36'),('WSS45','p36'),('WSS450','p36'),('WSS461','p36'),('WSS466','p36'),('WSS468','p36'),('WSS484','p36'),('WSS489','p36'),('WSS499','p36'),('WSS5','p36'),('WSS518','p36'),('WSS527','p36'),('WSS538','p36'),('WSS539','p36'),('WSS549','p36'),('WSS551','p36'),('WSS556','p36'),('WSS557','p36'),('WSS567','p36'),('WSS576','p36'),('WSS578','p36'),('WSS595','p36'),('WSS597','p36'),('WSS605','p36'),('WSS613','p36'),('WSS615','p36'),('WSS619','p36'),('WSS620','p36'),('WSS628','p36'),('WSS631','p36'),('WSS672','p36'),('WSS675','p36'),('WSS679','p36'),('WSS681','p36'),('WSS683','p36'),('WSS692','p36'),('WSS697','p36'),('WSS711','p36'),('WSS717','p36'),('WSS719','p36'),('WSS732','p36'),('WSS735','p36'),('WSS743','p36'),('WSS748','p36'),('WSS75','p36'),('WSS763','p36'),('WSS776','p36'),('WSS787','p36'),('WSS79','p36'),('WSS798','p36'),('WSS80','p36'),('WSS803','p36'),('WSS804','p36'),('WSS808','p36'),('WSS809','p36'),('WSS810','p36'),('WSS818','p36'),('WSS827','p36'),('WSS843','p36'),('WSS854','p36'),('WSS855','p36'),('WSS86','p36'),('WSS870','p36'),('WSS886','p36'),('WSS896','p36'),('WSS913','p36'),('WSS949','p36'),('WSS955','p36'),('WSS964','p36'),('WSS966','p36'),('WSS995','p36'),('WSS998','p36'),('WSS10','p37'),('WSS101','p37'),('WSS116','p37'),('WSS128','p37'),('WSS130','p37'),('WSS139','p37'),('WSS140','p37'),('WSS147','p37'),('WSS162','p37'),('WSS164','p37'),('WSS170','p37'),('WSS179','p37'),('WSS196','p37'),('WSS2','p37'),('WSS202','p37'),('WSS206','p37'),('WSS210','p37'),('WSS240','p37'),('WSS265','p37'),('WSS266','p37'),('WSS279','p37'),('WSS284','p37'),('WSS285','p37'),('WSS293','p37'),('WSS296','p37'),('WSS299','p37'),('WSS310','p37'),('WSS318','p37'),('WSS32','p37'),('WSS331','p37'),('WSS342','p37'),('WSS350','p37'),('WSS357','p37'),('WSS365','p37'),('WSS37','p37'),('WSS372','p37'),('WSS384','p37'),('WSS420','p37'),('WSS429','p37'),('WSS430','p37'),('WSS440','p37'),('WSS443','p37'),('WSS45','p37'),('WSS493','p37'),('WSS50','p37'),('WSS502','p37'),('WSS505','p37'),('WSS52','p37'),('WSS530','p37'),('WSS534','p37'),('WSS541','p37'),('WSS552','p37'),('WSS563','p37'),('WSS565','p37'),('WSS570','p37'),('WSS592','p37'),('WSS610','p37'),('WSS613','p37'),('WSS618','p37'),('WSS62','p37'),('WSS620','p37'),('WSS632','p37'),('WSS642','p37'),('WSS648','p37'),('WSS65','p37'),('WSS654','p37'),('WSS666','p37'),('WSS670','p37'),('WSS671','p37'),('WSS673','p37'),('WSS676','p37'),('WSS679','p37'),('WSS688','p37'),('WSS698','p37'),('WSS70','p37'),('WSS741','p37'),('WSS748','p37'),('WSS75','p37'),('WSS754','p37'),('WSS763','p37'),('WSS773','p37'),('WSS801','p37'),('WSS808','p37'),('WSS812','p37'),('WSS815','p37'),('WSS816','p37'),('WSS818','p37'),('WSS819','p37'),('WSS82','p37'),('WSS829','p37'),('WSS84','p37'),('WSS841','p37'),('WSS849','p37'),('WSS86','p37'),('WSS861','p37'),('WSS866','p37'),('WSS883','p37'),('WSS885','p37'),('WSS888','p37'),('WSS892','p37'),('WSS928','p37'),('WSS929','p37'),('WSS934','p37'),('WSS939','p37'),('WSS973','p37'),('WSS1','p38'),('WSS10','p38'),('WSS105','p38'),('WSS113','p38'),('WSS122','p38'),('WSS130','p38'),('WSS132','p38'),('WSS137','p38'),('WSS145','p38'),('WSS150','p38'),('WSS151','p38'),('WSS152','p38'),('WSS156','p38'),('WSS163','p38'),('WSS171','p38'),('WSS179','p38'),('WSS182','p38'),('WSS183','p38'),('WSS189','p38'),('WSS195','p38'),('WSS202','p38'),('WSS217','p38'),('WSS220','p38'),('WSS221','p38'),('WSS230','p38'),('WSS233','p38'),('WSS234','p38'),('WSS239','p38'),('WSS241','p38'),('WSS245','p38'),('WSS248','p38'),('WSS255','p38'),('WSS265','p38'),('WSS270','p38'),('WSS274','p38'),('WSS280','p38'),('WSS295','p38'),('WSS30','p38'),('WSS300','p38'),('WSS301','p38'),('WSS305','p38'),('WSS306','p38'),('WSS312','p38'),('WSS319','p38'),('WSS32','p38'),('WSS34','p38'),('WSS346','p38'),('WSS350','p38'),('WSS352','p38'),('WSS355','p38'),('WSS368','p38'),('WSS369','p38'),('WSS370','p38'),('WSS383','p38'),('WSS394','p38'),('WSS397','p38'),('WSS403','p38'),('WSS438','p38'),('WSS441','p38'),('WSS447','p38'),('WSS460','p38'),('WSS492','p38'),('WSS493','p38'),('WSS501','p38'),('WSS502','p38'),('WSS510','p38'),('WSS512','p38'),('WSS513','p38'),('WSS528','p38'),('WSS530','p38'),('WSS532','p38'),('WSS556','p38'),('WSS56','p38'),('WSS562','p38'),('WSS566','p38'),('WSS567','p38'),('WSS58','p38'),('WSS586','p38'),('WSS594','p38'),('WSS6','p38'),('WSS606','p38'),('WSS610','p38'),('WSS615','p38'),('WSS639','p38'),('WSS640','p38'),('WSS644','p38'),('WSS650','p38'),('WSS652','p38'),('WSS655','p38'),('WSS662','p38'),('WSS674','p38'),('WSS678','p38'),('WSS68','p38'),('WSS687','p38'),('WSS688','p38'),('WSS698','p38'),('WSS699','p38'),('WSS704','p38'),('WSS709','p38'),('WSS731','p38'),('WSS744','p38'),('WSS752','p38'),('WSS758','p38'),('WSS764','p38'),('WSS770','p38'),('WSS791','p38'),('WSS807','p38'),('WSS823','p38'),('WSS826','p38'),('WSS844','p38'),('WSS846','p38'),('WSS851','p38'),('WSS852','p38'),('WSS853','p38'),('WSS858','p38'),('WSS87','p38'),('WSS872','p38'),('WSS885','p38'),('WSS906','p38'),('WSS912','p38'),('WSS914','p38'),('WSS915','p38'),('WSS920','p38'),('WSS926','p38'),('WSS931','p38'),('WSS935','p38'),('WSS943','p38'),('WSS946','p38'),('WSS960','p38'),('WSS965','p38'),('WSS966','p38'),('WSS968','p38'),('WSS972','p38'),('WSS975','p38'),('WSS982','p38'),('WSS983','p38'),('WSS987','p38'),('WSS998','p38'),('WSS101','p39'),('WSS107','p39'),('WSS121','p39'),('WSS130','p39'),('WSS132','p39'),('WSS133','p39'),('WSS138','p39'),('WSS142','p39'),('WSS149','p39'),('WSS159','p39'),('WSS171','p39'),('WSS173','p39'),('WSS174','p39'),('WSS198','p39'),('WSS199','p39'),('WSS2','p39'),('WSS204','p39'),('WSS212','p39'),('WSS22','p39'),('WSS222','p39'),('WSS233','p39'),('WSS244','p39'),('WSS258','p39'),('WSS267','p39'),('WSS268','p39'),('WSS275','p39'),('WSS277','p39'),('WSS282','p39'),('WSS3','p39'),('WSS309','p39'),('WSS31','p39'),('WSS311','p39'),('WSS316','p39'),('WSS317','p39'),('WSS323','p39'),('WSS328','p39'),('WSS336','p39'),('WSS34','p39'),('WSS345','p39'),('WSS347','p39'),('WSS364','p39'),('WSS366','p39'),('WSS374','p39'),('WSS387','p39'),('WSS39','p39'),('WSS396','p39'),('WSS427','p39'),('WSS428','p39'),('WSS431','p39'),('WSS437','p39'),('WSS455','p39'),('WSS456','p39'),('WSS463','p39'),('WSS464','p39'),('WSS473','p39'),('WSS474','p39'),('WSS482','p39'),('WSS484','p39'),('WSS488','p39'),('WSS499','p39'),('WSS511','p39'),('WSS525','p39'),('WSS536','p39'),('WSS542','p39'),('WSS550','p39'),('WSS552','p39'),('WSS56','p39'),('WSS563','p39'),('WSS577','p39'),('WSS58','p39'),('WSS59','p39'),('WSS608','p39'),('WSS631','p39'),('WSS637','p39'),('WSS638','p39'),('WSS643','p39'),('WSS654','p39'),('WSS658','p39'),('WSS659','p39'),('WSS669','p39'),('WSS678','p39'),('WSS686','p39'),('WSS690','p39'),('WSS703','p39'),('WSS707','p39'),('WSS715','p39'),('WSS718','p39'),('WSS728','p39'),('WSS734','p39'),('WSS737','p39'),('WSS740','p39'),('WSS744','p39'),('WSS761','p39'),('WSS771','p39'),('WSS772','p39'),('WSS789','p39'),('WSS793','p39'),('WSS799','p39'),('WSS800','p39'),('WSS825','p39'),('WSS83','p39'),('WSS833','p39'),('WSS862','p39'),('WSS865','p39'),('WSS877','p39'),('WSS881','p39'),('WSS887','p39'),('WSS893','p39'),('WSS897','p39'),('WSS929','p39'),('WSS935','p39'),('WSS94','p39'),('WSS940','p39'),('WSS945','p39'),('WSS950','p39'),('WSS952','p39'),('WSS964','p39'),('WSS965','p39'),('WSS984','p39'),('WSS986','p39'),('WSS995','p39'),('WSS1','p4'),('WSS114','p4'),('WSS138','p4'),('WSS142','p4'),('WSS147','p4'),('WSS153','p4'),('WSS17','p4'),('WSS174','p4'),('WSS19','p4'),('WSS192','p4'),('WSS194','p4'),('WSS203','p4'),('WSS206','p4'),('WSS208','p4'),('WSS21','p4'),('WSS219','p4'),('WSS234','p4'),('WSS244','p4'),('WSS248','p4'),('WSS251','p4'),('WSS258','p4'),('WSS260','p4'),('WSS28','p4'),('WSS287','p4'),('WSS288','p4'),('WSS29','p4'),('WSS297','p4'),('WSS300','p4'),('WSS307','p4'),('WSS316','p4'),('WSS330','p4'),('WSS331','p4'),('WSS335','p4'),('WSS336','p4'),('WSS358','p4'),('WSS361','p4'),('WSS363','p4'),('WSS364','p4'),('WSS37','p4'),('WSS370','p4'),('WSS376','p4'),('WSS379','p4'),('WSS388','p4'),('WSS405','p4'),('WSS41','p4'),('WSS416','p4'),('WSS417','p4'),('WSS434','p4'),('WSS44','p4'),('WSS455','p4'),('WSS48','p4'),('WSS485','p4'),('WSS486','p4'),('WSS495','p4'),('WSS516','p4'),('WSS518','p4'),('WSS524','p4'),('WSS525','p4'),('WSS527','p4'),('WSS538','p4'),('WSS54','p4'),('WSS540','p4'),('WSS541','p4'),('WSS556','p4'),('WSS560','p4'),('WSS562','p4'),('WSS568','p4'),('WSS57','p4'),('WSS573','p4'),('WSS577','p4'),('WSS58','p4'),('WSS580','p4'),('WSS588','p4'),('WSS592','p4'),('WSS602','p4'),('WSS615','p4'),('WSS622','p4'),('WSS638','p4'),('WSS667','p4'),('WSS675','p4'),('WSS676','p4'),('WSS678','p4'),('WSS679','p4'),('WSS680','p4'),('WSS681','p4'),('WSS684','p4'),('WSS688','p4'),('WSS696','p4'),('WSS706','p4'),('WSS709','p4'),('WSS723','p4'),('WSS734','p4'),('WSS737','p4'),('WSS740','p4'),('WSS752','p4'),('WSS759','p4'),('WSS76','p4'),('WSS771','p4'),('WSS781','p4'),('WSS79','p4'),('WSS790','p4'),('WSS810','p4'),('WSS811','p4'),('WSS815','p4'),('WSS821','p4'),('WSS824','p4'),('WSS825','p4'),('WSS842','p4'),('WSS845','p4'),('WSS847','p4'),('WSS852','p4'),('WSS853','p4'),('WSS854','p4'),('WSS855','p4'),('WSS869','p4'),('WSS874','p4'),('WSS875','p4'),('WSS889','p4'),('WSS892','p4'),('WSS898','p4'),('WSS907','p4'),('WSS922','p4'),('WSS925','p4'),('WSS929','p4'),('WSS958','p4'),('WSS968','p4'),('WSS977','p4'),('WSS980','p4'),('WSS981','p4'),('WSS983','p4'),('WSS994','p4'),('WSS104','p40'),('WSS105','p40'),('WSS108','p40'),('WSS110','p40'),('WSS114','p40'),('WSS131','p40'),('WSS134','p40'),('WSS135','p40'),('WSS136','p40'),('WSS151','p40'),('WSS159','p40'),('WSS162','p40'),('WSS166','p40'),('WSS169','p40'),('WSS170','p40'),('WSS177','p40'),('WSS185','p40'),('WSS187','p40'),('WSS190','p40'),('WSS191','p40'),('WSS207','p40'),('WSS220','p40'),('WSS228','p40'),('WSS255','p40'),('WSS263','p40'),('WSS265','p40'),('WSS278','p40'),('WSS29','p40'),('WSS294','p40'),('WSS298','p40'),('WSS303','p40'),('WSS312','p40'),('WSS313','p40'),('WSS321','p40'),('WSS328','p40'),('WSS34','p40'),('WSS350','p40'),('WSS36','p40'),('WSS368','p40'),('WSS37','p40'),('WSS371','p40'),('WSS374','p40'),('WSS379','p40'),('WSS381','p40'),('WSS390','p40'),('WSS395','p40'),('WSS410','p40'),('WSS413','p40'),('WSS42','p40'),('WSS424','p40'),('WSS429','p40'),('WSS442','p40'),('WSS447','p40'),('WSS456','p40'),('WSS460','p40'),('WSS469','p40'),('WSS473','p40'),('WSS476','p40'),('WSS479','p40'),('WSS488','p40'),('WSS49','p40'),('WSS503','p40'),('WSS504','p40'),('WSS507','p40'),('WSS519','p40'),('WSS529','p40'),('WSS53','p40'),('WSS538','p40'),('WSS544','p40'),('WSS55','p40'),('WSS559','p40'),('WSS59','p40'),('WSS590','p40'),('WSS596','p40'),('WSS598','p40'),('WSS607','p40'),('WSS61','p40'),('WSS664','p40'),('WSS670','p40'),('WSS687','p40'),('WSS695','p40'),('WSS70','p40'),('WSS707','p40'),('WSS72','p40'),('WSS722','p40'),('WSS762','p40'),('WSS764','p40'),('WSS769','p40'),('WSS776','p40'),('WSS780','p40'),('WSS786','p40'),('WSS791','p40'),('WSS80','p40'),('WSS800','p40'),('WSS805','p40'),('WSS813','p40'),('WSS824','p40'),('WSS828','p40'),('WSS834','p40'),('WSS836','p40'),('WSS837','p40'),('WSS856','p40'),('WSS863','p40'),('WSS867','p40'),('WSS868','p40'),('WSS87','p40'),('WSS884','p40'),('WSS886','p40'),('WSS892','p40'),('WSS896','p40'),('WSS913','p40'),('WSS927','p40'),('WSS928','p40'),('WSS947','p40'),('WSS950','p40'),('WSS953','p40'),('WSS965','p40'),('WSS968','p40'),('WSS976','p40'),('WSS979','p40'),('WSS101','p41'),('WSS111','p41'),('WSS14','p41'),('WSS141','p41'),('WSS143','p41'),('WSS146','p41'),('WSS151','p41'),('WSS165','p41'),('WSS167','p41'),('WSS169','p41'),('WSS182','p41'),('WSS203','p41'),('WSS208','p41'),('WSS211','p41'),('WSS215','p41'),('WSS218','p41'),('WSS237','p41'),('WSS240','p41'),('WSS244','p41'),('WSS252','p41'),('WSS253','p41'),('WSS257','p41'),('WSS263','p41'),('WSS27','p41'),('WSS273','p41'),('WSS276','p41'),('WSS298','p41'),('WSS3','p41'),('WSS314','p41'),('WSS318','p41'),('WSS322','p41'),('WSS323','p41'),('WSS343','p41'),('WSS346','p41'),('WSS350','p41'),('WSS360','p41'),('WSS364','p41'),('WSS374','p41'),('WSS399','p41'),('WSS4','p41'),('WSS411','p41'),('WSS414','p41'),('WSS415','p41'),('WSS438','p41'),('WSS444','p41'),('WSS451','p41'),('WSS462','p41'),('WSS468','p41'),('WSS477','p41'),('WSS481','p41'),('WSS484','p41'),('WSS485','p41'),('WSS509','p41'),('WSS512','p41'),('WSS524','p41'),('WSS529','p41'),('WSS550','p41'),('WSS555','p41'),('WSS556','p41'),('WSS566','p41'),('WSS6','p41'),('WSS604','p41'),('WSS611','p41'),('WSS627','p41'),('WSS646','p41'),('WSS647','p41'),('WSS648','p41'),('WSS668','p41'),('WSS682','p41'),('WSS69','p41'),('WSS693','p41'),('WSS7','p41'),('WSS700','p41'),('WSS702','p41'),('WSS711','p41'),('WSS714','p41'),('WSS718','p41'),('WSS725','p41'),('WSS738','p41'),('WSS741','p41'),('WSS742','p41'),('WSS743','p41'),('WSS754','p41'),('WSS755','p41'),('WSS756','p41'),('WSS759','p41'),('WSS770','p41'),('WSS776','p41'),('WSS780','p41'),('WSS782','p41'),('WSS792','p41'),('WSS795','p41'),('WSS8','p41'),('WSS810','p41'),('WSS820','p41'),('WSS824','p41'),('WSS832','p41'),('WSS864','p41'),('WSS876','p41'),('WSS880','p41'),('WSS884','p41'),('WSS89','p41'),('WSS890','p41'),('WSS891','p41'),('WSS926','p41'),('WSS937','p41'),('WSS939','p41'),('WSS946','p41'),('WSS947','p41'),('WSS949','p41'),('WSS963','p41'),('WSS97','p41'),('WSS974','p41'),('WSS984','p41'),('WSS989','p41'),('WSS106','p42'),('WSS126','p42'),('WSS132','p42'),('WSS135','p42'),('WSS154','p42'),('WSS157','p42'),('WSS16','p42'),('WSS172','p42'),('WSS175','p42'),('WSS191','p42'),('WSS193','p42'),('WSS196','p42'),('WSS217','p42'),('WSS220','p42'),('WSS223','p42'),('WSS232','p42'),('WSS238','p42'),('WSS246','p42'),('WSS272','p42'),('WSS295','p42'),('WSS297','p42'),('WSS298','p42'),('WSS299','p42'),('WSS301','p42'),('WSS302','p42'),('WSS305','p42'),('WSS312','p42'),('WSS313','p42'),('WSS315','p42'),('WSS326','p42'),('WSS327','p42'),('WSS331','p42'),('WSS334','p42'),('WSS337','p42'),('WSS341','p42'),('WSS355','p42'),('WSS358','p42'),('WSS377','p42'),('WSS380','p42'),('WSS390','p42'),('WSS393','p42'),('WSS404','p42'),('WSS42','p42'),('WSS427','p42'),('WSS454','p42'),('WSS463','p42'),('WSS483','p42'),('WSS488','p42'),('WSS49','p42'),('WSS501','p42'),('WSS503','p42'),('WSS509','p42'),('WSS511','p42'),('WSS513','p42'),('WSS524','p42'),('WSS542','p42'),('WSS545','p42'),('WSS561','p42'),('WSS565','p42'),('WSS612','p42'),('WSS614','p42'),('WSS621','p42'),('WSS625','p42'),('WSS630','p42'),('WSS648','p42'),('WSS655','p42'),('WSS665','p42'),('WSS670','p42'),('WSS680','p42'),('WSS705','p42'),('WSS708','p42'),('WSS713','p42'),('WSS720','p42'),('WSS722','p42'),('WSS724','p42'),('WSS729','p42'),('WSS732','p42'),('WSS749','p42'),('WSS750','p42'),('WSS759','p42'),('WSS76','p42'),('WSS762','p42'),('WSS771','p42'),('WSS772','p42'),('WSS786','p42'),('WSS790','p42'),('WSS793','p42'),('WSS812','p42'),('WSS818','p42'),('WSS829','p42'),('WSS856','p42'),('WSS860','p42'),('WSS863','p42'),('WSS869','p42'),('WSS876','p42'),('WSS894','p42'),('WSS9','p42'),('WSS901','p42'),('WSS905','p42'),('WSS909','p42'),('WSS918','p42'),('WSS92','p42'),('WSS928','p42'),('WSS950','p42'),('WSS953','p42'),('WSS972','p42'),('WSS978','p42'),('WSS981','p42'),('WSS982','p42'),('WSS107','p43'),('WSS112','p43'),('WSS117','p43'),('WSS123','p43'),('WSS128','p43'),('WSS133','p43'),('WSS134','p43'),('WSS136','p43'),('WSS156','p43'),('WSS160','p43'),('WSS172','p43'),('WSS173','p43'),('WSS189','p43'),('WSS199','p43'),('WSS200','p43'),('WSS202','p43'),('WSS207','p43'),('WSS211','p43'),('WSS214','p43'),('WSS215','p43'),('WSS219','p43'),('WSS226','p43'),('WSS227','p43'),('WSS230','p43'),('WSS243','p43'),('WSS246','p43'),('WSS282','p43'),('WSS296','p43'),('WSS308','p43'),('WSS322','p43'),('WSS353','p43'),('WSS377','p43'),('WSS381','p43'),('WSS382','p43'),('WSS384','p43'),('WSS394','p43'),('WSS397','p43'),('WSS40','p43'),('WSS401','p43'),('WSS409','p43'),('WSS412','p43'),('WSS418','p43'),('WSS422','p43'),('WSS426','p43'),('WSS433','p43'),('WSS436','p43'),('WSS439','p43'),('WSS451','p43'),('WSS468','p43'),('WSS489','p43'),('WSS491','p43'),('WSS497','p43'),('WSS503','p43'),('WSS504','p43'),('WSS507','p43'),('WSS520','p43'),('WSS521','p43'),('WSS542','p43'),('WSS557','p43'),('WSS561','p43'),('WSS571','p43'),('WSS587','p43'),('WSS590','p43'),('WSS605','p43'),('WSS606','p43'),('WSS616','p43'),('WSS626','p43'),('WSS627','p43'),('WSS63','p43'),('WSS630','p43'),('WSS636','p43'),('WSS647','p43'),('WSS662','p43'),('WSS663','p43'),('WSS665','p43'),('WSS67','p43'),('WSS675','p43'),('WSS688','p43'),('WSS690','p43'),('WSS734','p43'),('WSS741','p43'),('WSS746','p43'),('WSS758','p43'),('WSS760','p43'),('WSS761','p43'),('WSS764','p43'),('WSS77','p43'),('WSS773','p43'),('WSS784','p43'),('WSS785','p43'),('WSS797','p43'),('WSS8','p43'),('WSS801','p43'),('WSS815','p43'),('WSS819','p43'),('WSS820','p43'),('WSS828','p43'),('WSS83','p43'),('WSS84','p43'),('WSS841','p43'),('WSS842','p43'),('WSS859','p43'),('WSS861','p43'),('WSS868','p43'),('WSS870','p43'),('WSS871','p43'),('WSS880','p43'),('WSS896','p43'),('WSS902','p43'),('WSS906','p43'),('WSS910','p43'),('WSS938','p43'),('WSS944','p43'),('WSS947','p43'),('WSS952','p43'),('WSS954','p43'),('WSS962','p43'),('WSS98','p43'),('WSS981','p43'),('WSS994','p43'),('WSS996','p43'),('WSS997','p43'),('WSS1000','p44'),('WSS115','p44'),('WSS119','p44'),('WSS13','p44'),('WSS140','p44'),('WSS164','p44'),('WSS175','p44'),('WSS179','p44'),('WSS185','p44'),('WSS193','p44'),('WSS21','p44'),('WSS22','p44'),('WSS221','p44'),('WSS223','p44'),('WSS225','p44'),('WSS231','p44'),('WSS24','p44'),('WSS240','p44'),('WSS245','p44'),('WSS253','p44'),('WSS257','p44'),('WSS264','p44'),('WSS268','p44'),('WSS273','p44'),('WSS275','p44'),('WSS276','p44'),('WSS293','p44'),('WSS318','p44'),('WSS32','p44'),('WSS321','p44'),('WSS325','p44'),('WSS329','p44'),('WSS355','p44'),('WSS359','p44'),('WSS365','p44'),('WSS4','p44'),('WSS408','p44'),('WSS41','p44'),('WSS423','p44'),('WSS425','p44'),('WSS426','p44'),('WSS43','p44'),('WSS430','p44'),('WSS437','p44'),('WSS441','p44'),('WSS481','p44'),('WSS482','p44'),('WSS486','p44'),('WSS497','p44'),('WSS51','p44'),('WSS514','p44'),('WSS52','p44'),('WSS526','p44'),('WSS531','p44'),('WSS54','p44'),('WSS551','p44'),('WSS562','p44'),('WSS566','p44'),('WSS567','p44'),('WSS591','p44'),('WSS613','p44'),('WSS614','p44'),('WSS657','p44'),('WSS66','p44'),('WSS663','p44'),('WSS667','p44'),('WSS681','p44'),('WSS692','p44'),('WSS710','p44'),('WSS711','p44'),('WSS717','p44'),('WSS725','p44'),('WSS736','p44'),('WSS738','p44'),('WSS740','p44'),('WSS744','p44'),('WSS773','p44'),('WSS784','p44'),('WSS792','p44'),('WSS795','p44'),('WSS8','p44'),('WSS80','p44'),('WSS801','p44'),('WSS808','p44'),('WSS820','p44'),('WSS822','p44'),('WSS827','p44'),('WSS832','p44'),('WSS85','p44'),('WSS857','p44'),('WSS859','p44'),('WSS86','p44'),('WSS861','p44'),('WSS866','p44'),('WSS87','p44'),('WSS875','p44'),('WSS88','p44'),('WSS889','p44'),('WSS910','p44'),('WSS918','p44'),('WSS922','p44'),('WSS923','p44'),('WSS930','p44'),('WSS933','p44'),('WSS949','p44'),('WSS951','p44'),('WSS957','p44'),('WSS96','p44'),('WSS976','p44'),('WSS982','p44'),('WSS988','p44'),('WSS989','p44'),('WSS990','p44'),('WSS991','p44'),('WSS102','p45'),('WSS108','p45'),('WSS109','p45'),('WSS12','p45'),('WSS124','p45'),('WSS125','p45'),('WSS128','p45'),('WSS145','p45'),('WSS156','p45'),('WSS162','p45'),('WSS178','p45'),('WSS194','p45'),('WSS198','p45'),('WSS2','p45'),('WSS20','p45'),('WSS201','p45'),('WSS222','p45'),('WSS227','p45'),('WSS229','p45'),('WSS237','p45'),('WSS25','p45'),('WSS250','p45'),('WSS257','p45'),('WSS266','p45'),('WSS267','p45'),('WSS268','p45'),('WSS27','p45'),('WSS273','p45'),('WSS283','p45'),('WSS288','p45'),('WSS302','p45'),('WSS306','p45'),('WSS307','p45'),('WSS331','p45'),('WSS338','p45'),('WSS340','p45'),('WSS35','p45'),('WSS36','p45'),('WSS362','p45'),('WSS363','p45'),('WSS37','p45'),('WSS373','p45'),('WSS38','p45'),('WSS39','p45'),('WSS398','p45'),('WSS41','p45'),('WSS413','p45'),('WSS447','p45'),('WSS456','p45'),('WSS461','p45'),('WSS469','p45'),('WSS477','p45'),('WSS48','p45'),('WSS487','p45'),('WSS514','p45'),('WSS534','p45'),('WSS537','p45'),('WSS569','p45'),('WSS589','p45'),('WSS593','p45'),('WSS611','p45'),('WSS626','p45'),('WSS635','p45'),('WSS638','p45'),('WSS642','p45'),('WSS643','p45'),('WSS65','p45'),('WSS660','p45'),('WSS67','p45'),('WSS671','p45'),('WSS672','p45'),('WSS691','p45'),('WSS697','p45'),('WSS700','p45'),('WSS701','p45'),('WSS716','p45'),('WSS727','p45'),('WSS728','p45'),('WSS730','p45'),('WSS736','p45'),('WSS737','p45'),('WSS739','p45'),('WSS747','p45'),('WSS753','p45'),('WSS757','p45'),('WSS781','p45'),('WSS798','p45'),('WSS802','p45'),('WSS807','p45'),('WSS821','p45'),('WSS823','p45'),('WSS83','p45'),('WSS833','p45'),('WSS847','p45'),('WSS862','p45'),('WSS864','p45'),('WSS868','p45'),('WSS876','p45'),('WSS89','p45'),('WSS902','p45'),('WSS907','p45'),('WSS908','p45'),('WSS916','p45'),('WSS936','p45'),('WSS942','p45'),('WSS943','p45'),('WSS954','p45'),('WSS97','p45'),('WSS98','p45'),('WSS982','p45'),('WSS987','p45'),('WSS993','p45'),('WSS101','p46'),('WSS109','p46'),('WSS110','p46'),('WSS120','p46'),('WSS126','p46'),('WSS137','p46'),('WSS144','p46'),('WSS146','p46'),('WSS152','p46'),('WSS155','p46'),('WSS158','p46'),('WSS161','p46'),('WSS162','p46'),('WSS167','p46'),('WSS169','p46'),('WSS180','p46'),('WSS212','p46'),('WSS218','p46'),('WSS225','p46'),('WSS227','p46'),('WSS231','p46'),('WSS234','p46'),('WSS235','p46'),('WSS237','p46'),('WSS246','p46'),('WSS247','p46'),('WSS254','p46'),('WSS257','p46'),('WSS26','p46'),('WSS267','p46'),('WSS273','p46'),('WSS291','p46'),('WSS30','p46'),('WSS308','p46'),('WSS310','p46'),('WSS314','p46'),('WSS322','p46'),('WSS327','p46'),('WSS328','p46'),('WSS332','p46'),('WSS333','p46'),('WSS334','p46'),('WSS339','p46'),('WSS350','p46'),('WSS357','p46'),('WSS36','p46'),('WSS365','p46'),('WSS398','p46'),('WSS403','p46'),('WSS406','p46'),('WSS416','p46'),('WSS418','p46'),('WSS424','p46'),('WSS46','p46'),('WSS461','p46'),('WSS467','p46'),('WSS482','p46'),('WSS510','p46'),('WSS525','p46'),('WSS526','p46'),('WSS53','p46'),('WSS574','p46'),('WSS597','p46'),('WSS598','p46'),('WSS600','p46'),('WSS601','p46'),('WSS604','p46'),('WSS617','p46'),('WSS634','p46'),('WSS637','p46'),('WSS641','p46'),('WSS647','p46'),('WSS65','p46'),('WSS676','p46'),('WSS677','p46'),('WSS691','p46'),('WSS696','p46'),('WSS700','p46'),('WSS702','p46'),('WSS719','p46'),('WSS723','p46'),('WSS726','p46'),('WSS73','p46'),('WSS734','p46'),('WSS736','p46'),('WSS757','p46'),('WSS775','p46'),('WSS797','p46'),('WSS810','p46'),('WSS816','p46'),('WSS82','p46'),('WSS822','p46'),('WSS829','p46'),('WSS843','p46'),('WSS857','p46'),('WSS858','p46'),('WSS871','p46'),('WSS882','p46'),('WSS884','p46'),('WSS888','p46'),('WSS889','p46'),('WSS906','p46'),('WSS91','p46'),('WSS913','p46'),('WSS920','p46'),('WSS926','p46'),('WSS94','p46'),('WSS951','p46'),('WSS959','p46'),('WSS961','p46'),('WSS977','p46'),('WSS980','p46'),('WSS997','p46'),('WSS106','p47'),('WSS121','p47'),('WSS133','p47'),('WSS148','p47'),('WSS154','p47'),('WSS17','p47'),('WSS175','p47'),('WSS18','p47'),('WSS20','p47'),('WSS209','p47'),('WSS217','p47'),('WSS224','p47'),('WSS230','p47'),('WSS244','p47'),('WSS250','p47'),('WSS259','p47'),('WSS28','p47'),('WSS284','p47'),('WSS293','p47'),('WSS300','p47'),('WSS305','p47'),('WSS317','p47'),('WSS332','p47'),('WSS338','p47'),('WSS344','p47'),('WSS351','p47'),('WSS363','p47'),('WSS366','p47'),('WSS374','p47'),('WSS381','p47'),('WSS386','p47'),('WSS408','p47'),('WSS438','p47'),('WSS439','p47'),('WSS44','p47'),('WSS458','p47'),('WSS46','p47'),('WSS460','p47'),('WSS466','p47'),('WSS47','p47'),('WSS482','p47'),('WSS485','p47'),('WSS504','p47'),('WSS511','p47'),('WSS512','p47'),('WSS514','p47'),('WSS528','p47'),('WSS529','p47'),('WSS534','p47'),('WSS546','p47'),('WSS552','p47'),('WSS554','p47'),('WSS556','p47'),('WSS559','p47'),('WSS562','p47'),('WSS572','p47'),('WSS576','p47'),('WSS589','p47'),('WSS593','p47'),('WSS620','p47'),('WSS633','p47'),('WSS648','p47'),('WSS684','p47'),('WSS697','p47'),('WSS7','p47'),('WSS707','p47'),('WSS720','p47'),('WSS722','p47'),('WSS739','p47'),('WSS743','p47'),('WSS758','p47'),('WSS76','p47'),('WSS774','p47'),('WSS781','p47'),('WSS786','p47'),('WSS792','p47'),('WSS807','p47'),('WSS814','p47'),('WSS828','p47'),('WSS836','p47'),('WSS848','p47'),('WSS857','p47'),('WSS863','p47'),('WSS875','p47'),('WSS876','p47'),('WSS883','p47'),('WSS89','p47'),('WSS891','p47'),('WSS894','p47'),('WSS899','p47'),('WSS904','p47'),('WSS914','p47'),('WSS918','p47'),('WSS921','p47'),('WSS927','p47'),('WSS933','p47'),('WSS934','p47'),('WSS936','p47'),('WSS951','p47'),('WSS974','p47'),('WSS978','p47'),('WSS98','p47'),('WSS989','p47'),('WSS991','p47'),('WSS996','p47'),('WSS998','p47'),('WSS106','p48'),('WSS117','p48'),('WSS12','p48'),('WSS127','p48'),('WSS137','p48'),('WSS139','p48'),('WSS159','p48'),('WSS16','p48'),('WSS165','p48'),('WSS169','p48'),('WSS178','p48'),('WSS179','p48'),('WSS191','p48'),('WSS196','p48'),('WSS197','p48'),('WSS219','p48'),('WSS224','p48'),('WSS23','p48'),('WSS24','p48'),('WSS260','p48'),('WSS278','p48'),('WSS283','p48'),('WSS30','p48'),('WSS301','p48'),('WSS319','p48'),('WSS32','p48'),('WSS321','p48'),('WSS335','p48'),('WSS337','p48'),('WSS341','p48'),('WSS348','p48'),('WSS349','p48'),('WSS355','p48'),('WSS357','p48'),('WSS358','p48'),('WSS372','p48'),('WSS377','p48'),('WSS378','p48'),('WSS38','p48'),('WSS40','p48'),('WSS415','p48'),('WSS416','p48'),('WSS443','p48'),('WSS465','p48'),('WSS471','p48'),('WSS475','p48'),('WSS482','p48'),('WSS483','p48'),('WSS498','p48'),('WSS500','p48'),('WSS502','p48'),('WSS519','p48'),('WSS532','p48'),('WSS537','p48'),('WSS538','p48'),('WSS542','p48'),('WSS548','p48'),('WSS560','p48'),('WSS564','p48'),('WSS58','p48'),('WSS584','p48'),('WSS601','p48'),('WSS616','p48'),('WSS619','p48'),('WSS621','p48'),('WSS631','p48'),('WSS632','p48'),('WSS637','p48'),('WSS651','p48'),('WSS679','p48'),('WSS681','p48'),('WSS709','p48'),('WSS71','p48'),('WSS72','p48'),('WSS725','p48'),('WSS729','p48'),('WSS747','p48'),('WSS76','p48'),('WSS766','p48'),('WSS775','p48'),('WSS782','p48'),('WSS795','p48'),('WSS81','p48'),('WSS816','p48'),('WSS85','p48'),('WSS862','p48'),('WSS864','p48'),('WSS881','p48'),('WSS894','p48'),('WSS898','p48'),('WSS90','p48'),('WSS91','p48'),('WSS929','p48'),('WSS93','p48'),('WSS930','p48'),('WSS936','p48'),('WSS941','p48'),('WSS943','p48'),('WSS961','p48'),('WSS964','p48'),('WSS965','p48'),('WSS969','p48'),('WSS979','p48'),('WSS989','p48'),('WSS102','p49'),('WSS104','p49'),('WSS109','p49'),('WSS123','p49'),('WSS135','p49'),('WSS148','p49'),('WSS15','p49'),('WSS157','p49'),('WSS158','p49'),('WSS16','p49'),('WSS160','p49'),('WSS166','p49'),('WSS175','p49'),('WSS180','p49'),('WSS183','p49'),('WSS20','p49'),('WSS203','p49'),('WSS210','p49'),('WSS216','p49'),('WSS239','p49'),('WSS250','p49'),('WSS251','p49'),('WSS252','p49'),('WSS258','p49'),('WSS259','p49'),('WSS267','p49'),('WSS270','p49'),('WSS272','p49'),('WSS277','p49'),('WSS289','p49'),('WSS310','p49'),('WSS312','p49'),('WSS314','p49'),('WSS324','p49'),('WSS330','p49'),('WSS35','p49'),('WSS352','p49'),('WSS355','p49'),('WSS357','p49'),('WSS36','p49'),('WSS360','p49'),('WSS395','p49'),('WSS401','p49'),('WSS417','p49'),('WSS424','p49'),('WSS425','p49'),('WSS427','p49'),('WSS432','p49'),('WSS436','p49'),('WSS439','p49'),('WSS443','p49'),('WSS445','p49'),('WSS456','p49'),('WSS457','p49'),('WSS463','p49'),('WSS479','p49'),('WSS49','p49'),('WSS492','p49'),('WSS500','p49'),('WSS511','p49'),('WSS522','p49'),('WSS546','p49'),('WSS553','p49'),('WSS554','p49'),('WSS569','p49'),('WSS573','p49'),('WSS579','p49'),('WSS594','p49'),('WSS595','p49'),('WSS598','p49'),('WSS605','p49'),('WSS609','p49'),('WSS624','p49'),('WSS629','p49'),('WSS635','p49'),('WSS650','p49'),('WSS659','p49'),('WSS670','p49'),('WSS673','p49'),('WSS679','p49'),('WSS685','p49'),('WSS695','p49'),('WSS701','p49'),('WSS715','p49'),('WSS716','p49'),('WSS718','p49'),('WSS751','p49'),('WSS758','p49'),('WSS768','p49'),('WSS774','p49'),('WSS775','p49'),('WSS78','p49'),('WSS787','p49'),('WSS788','p49'),('WSS79','p49'),('WSS799','p49'),('WSS8','p49'),('WSS805','p49'),('WSS836','p49'),('WSS849','p49'),('WSS865','p49'),('WSS871','p49'),('WSS883','p49'),('WSS886','p49'),('WSS890','p49'),('WSS907','p49'),('WSS915','p49'),('WSS916','p49'),('WSS93','p49'),('WSS931','p49'),('WSS939','p49'),('WSS944','p49'),('WSS952','p49'),('WSS965','p49'),('WSS996','p49'),('WSS1','p5'),('WSS101','p5'),('WSS112','p5'),('WSS12','p5'),('WSS124','p5'),('WSS131','p5'),('WSS141','p5'),('WSS15','p5'),('WSS174','p5'),('WSS176','p5'),('WSS177','p5'),('WSS184','p5'),('WSS190','p5'),('WSS192','p5'),('WSS20','p5'),('WSS21','p5'),('WSS218','p5'),('WSS241','p5'),('WSS247','p5'),('WSS256','p5'),('WSS261','p5'),('WSS276','p5'),('WSS286','p5'),('WSS295','p5'),('WSS304','p5'),('WSS306','p5'),('WSS312','p5'),('WSS322','p5'),('WSS329','p5'),('WSS337','p5'),('WSS339','p5'),('WSS344','p5'),('WSS348','p5'),('WSS36','p5'),('WSS361','p5'),('WSS376','p5'),('WSS379','p5'),('WSS386','p5'),('WSS403','p5'),('WSS416','p5'),('WSS423','p5'),('WSS425','p5'),('WSS449','p5'),('WSS453','p5'),('WSS457','p5'),('WSS468','p5'),('WSS473','p5'),('WSS483','p5'),('WSS485','p5'),('WSS491','p5'),('WSS504','p5'),('WSS517','p5'),('WSS537','p5'),('WSS540','p5'),('WSS555','p5'),('WSS563','p5'),('WSS569','p5'),('WSS577','p5'),('WSS578','p5'),('WSS583','p5'),('WSS584','p5'),('WSS585','p5'),('WSS595','p5'),('WSS61','p5'),('WSS611','p5'),('WSS614','p5'),('WSS628','p5'),('WSS630','p5'),('WSS639','p5'),('WSS641','p5'),('WSS648','p5'),('WSS651','p5'),('WSS658','p5'),('WSS684','p5'),('WSS691','p5'),('WSS700','p5'),('WSS710','p5'),('WSS711','p5'),('WSS713','p5'),('WSS729','p5'),('WSS730','p5'),('WSS741','p5'),('WSS763','p5'),('WSS775','p5'),('WSS777','p5'),('WSS789','p5'),('WSS811','p5'),('WSS813','p5'),('WSS816','p5'),('WSS824','p5'),('WSS853','p5'),('WSS864','p5'),('WSS882','p5'),('WSS885','p5'),('WSS898','p5'),('WSS900','p5'),('WSS901','p5'),('WSS902','p5'),('WSS906','p5'),('WSS914','p5'),('WSS919','p5'),('WSS925','p5'),('WSS933','p5'),('WSS938','p5'),('WSS940','p5'),('WSS941','p5'),('WSS959','p5'),('WSS96','p5'),('WSS961','p5'),('WSS967','p5'),('WSS973','p5'),('WSS974','p5'),('WSS977','p5'),('WSS982','p5'),('WSS1000','p50'),('WSS104','p50'),('WSS114','p50'),('WSS117','p50'),('WSS131','p50'),('WSS144','p50'),('WSS161','p50'),('WSS203','p50'),('WSS204','p50'),('WSS222','p50'),('WSS238','p50'),('WSS240','p50'),('WSS248','p50'),('WSS252','p50'),('WSS261','p50'),('WSS266','p50'),('WSS285','p50'),('WSS286','p50'),('WSS291','p50'),('WSS300','p50'),('WSS304','p50'),('WSS313','p50'),('WSS337','p50'),('WSS347','p50'),('WSS360','p50'),('WSS361','p50'),('WSS363','p50'),('WSS368','p50'),('WSS373','p50'),('WSS385','p50'),('WSS388','p50'),('WSS400','p50'),('WSS403','p50'),('WSS406','p50'),('WSS408','p50'),('WSS412','p50'),('WSS418','p50'),('WSS448','p50'),('WSS451','p50'),('WSS460','p50'),('WSS463','p50'),('WSS467','p50'),('WSS47','p50'),('WSS472','p50'),('WSS489','p50'),('WSS496','p50'),('WSS508','p50'),('WSS509','p50'),('WSS528','p50'),('WSS53','p50'),('WSS547','p50'),('WSS548','p50'),('WSS553','p50'),('WSS561','p50'),('WSS577','p50'),('WSS597','p50'),('WSS601','p50'),('WSS623','p50'),('WSS633','p50'),('WSS64','p50'),('WSS646','p50'),('WSS649','p50'),('WSS655','p50'),('WSS656','p50'),('WSS67','p50'),('WSS679','p50'),('WSS694','p50'),('WSS698','p50'),('WSS699','p50'),('WSS715','p50'),('WSS721','p50'),('WSS727','p50'),('WSS733','p50'),('WSS736','p50'),('WSS74','p50'),('WSS741','p50'),('WSS743','p50'),('WSS763','p50'),('WSS766','p50'),('WSS78','p50'),('WSS787','p50'),('WSS799','p50'),('WSS806','p50'),('WSS812','p50'),('WSS816','p50'),('WSS82','p50'),('WSS834','p50'),('WSS837','p50'),('WSS850','p50'),('WSS854','p50'),('WSS859','p50'),('WSS867','p50'),('WSS869','p50'),('WSS894','p50'),('WSS92','p50'),('WSS926','p50'),('WSS933','p50'),('WSS936','p50'),('WSS937','p50'),('WSS942','p50'),('WSS944','p50'),('WSS95','p50'),('WSS954','p50'),('WSS955','p50'),('WSS959','p50'),('WSS96','p50'),('WSS960','p50'),('WSS961','p50'),('WSS970','p50'),('WSS995','p50'),('WSS107','p6'),('WSS118','p6'),('WSS132','p6'),('WSS134','p6'),('WSS149','p6'),('WSS165','p6'),('WSS186','p6'),('WSS196','p6'),('WSS201','p6'),('WSS204','p6'),('WSS205','p6'),('WSS213','p6'),('WSS229','p6'),('WSS232','p6'),('WSS243','p6'),('WSS253','p6'),('WSS254','p6'),('WSS258','p6'),('WSS262','p6'),('WSS271','p6'),('WSS274','p6'),('WSS278','p6'),('WSS279','p6'),('WSS294','p6'),('WSS297','p6'),('WSS308','p6'),('WSS316','p6'),('WSS329','p6'),('WSS332','p6'),('WSS339','p6'),('WSS369','p6'),('WSS376','p6'),('WSS38','p6'),('WSS384','p6'),('WSS392','p6'),('WSS394','p6'),('WSS41','p6'),('WSS416','p6'),('WSS425','p6'),('WSS430','p6'),('WSS432','p6'),('WSS435','p6'),('WSS448','p6'),('WSS45','p6'),('WSS459','p6'),('WSS464','p6'),('WSS466','p6'),('WSS477','p6'),('WSS513','p6'),('WSS521','p6'),('WSS539','p6'),('WSS550','p6'),('WSS564','p6'),('WSS589','p6'),('WSS601','p6'),('WSS606','p6'),('WSS61','p6'),('WSS623','p6'),('WSS633','p6'),('WSS639','p6'),('WSS640','p6'),('WSS646','p6'),('WSS653','p6'),('WSS673','p6'),('WSS674','p6'),('WSS677','p6'),('WSS686','p6'),('WSS692','p6'),('WSS694','p6'),('WSS70','p6'),('WSS710','p6'),('WSS712','p6'),('WSS725','p6'),('WSS727','p6'),('WSS744','p6'),('WSS745','p6'),('WSS753','p6'),('WSS772','p6'),('WSS774','p6'),('WSS779','p6'),('WSS78','p6'),('WSS792','p6'),('WSS796','p6'),('WSS830','p6'),('WSS847','p6'),('WSS85','p6'),('WSS851','p6'),('WSS853','p6'),('WSS854','p6'),('WSS869','p6'),('WSS870','p6'),('WSS872','p6'),('WSS886','p6'),('WSS888','p6'),('WSS902','p6'),('WSS903','p6'),('WSS906','p6'),('WSS920','p6'),('WSS921','p6'),('WSS927','p6'),('WSS928','p6'),('WSS933','p6'),('WSS976','p6'),('WSS986','p6'),('WSS988','p6'),('WSS989','p6'),('WSS103','p7'),('WSS106','p7'),('WSS110','p7'),('WSS134','p7'),('WSS150','p7'),('WSS171','p7'),('WSS173','p7'),('WSS180','p7'),('WSS187','p7'),('WSS189','p7'),('WSS193','p7'),('WSS205','p7'),('WSS207','p7'),('WSS212','p7'),('WSS219','p7'),('WSS235','p7'),('WSS246','p7'),('WSS260','p7'),('WSS261','p7'),('WSS264','p7'),('WSS265','p7'),('WSS267','p7'),('WSS272','p7'),('WSS279','p7'),('WSS28','p7'),('WSS281','p7'),('WSS29','p7'),('WSS315','p7'),('WSS340','p7'),('WSS343','p7'),('WSS351','p7'),('WSS356','p7'),('WSS367','p7'),('WSS368','p7'),('WSS374','p7'),('WSS380','p7'),('WSS386','p7'),('WSS405','p7'),('WSS410','p7'),('WSS443','p7'),('WSS444','p7'),('WSS448','p7'),('WSS451','p7'),('WSS467','p7'),('WSS475','p7'),('WSS48','p7'),('WSS487','p7'),('WSS49','p7'),('WSS490','p7'),('WSS493','p7'),('WSS509','p7'),('WSS523','p7'),('WSS530','p7'),('WSS543','p7'),('WSS551','p7'),('WSS552','p7'),('WSS568','p7'),('WSS572','p7'),('WSS576','p7'),('WSS582','p7'),('WSS594','p7'),('WSS596','p7'),('WSS604','p7'),('WSS616','p7'),('WSS618','p7'),('WSS622','p7'),('WSS632','p7'),('WSS634','p7'),('WSS643','p7'),('WSS644','p7'),('WSS65','p7'),('WSS659','p7'),('WSS660','p7'),('WSS67','p7'),('WSS685','p7'),('WSS702','p7'),('WSS703','p7'),('WSS71','p7'),('WSS712','p7'),('WSS718','p7'),('WSS719','p7'),('WSS748','p7'),('WSS754','p7'),('WSS756','p7'),('WSS759','p7'),('WSS764','p7'),('WSS771','p7'),('WSS779','p7'),('WSS782','p7'),('WSS783','p7'),('WSS787','p7'),('WSS80','p7'),('WSS802','p7'),('WSS804','p7'),('WSS808','p7'),('WSS822','p7'),('WSS827','p7'),('WSS832','p7'),('WSS845','p7'),('WSS850','p7'),('WSS852','p7'),('WSS856','p7'),('WSS86','p7'),('WSS871','p7'),('WSS873','p7'),('WSS88','p7'),('WSS881','p7'),('WSS885','p7'),('WSS889','p7'),('WSS921','p7'),('WSS942','p7'),('WSS946','p7'),('WSS948','p7'),('WSS949','p7'),('WSS951','p7'),('WSS962','p7'),('WSS968','p7'),('WSS973','p7'),('WSS993','p7'),('WSS100','p8'),('WSS115','p8'),('WSS122','p8'),('WSS127','p8'),('WSS138','p8'),('WSS144','p8'),('WSS160','p8'),('WSS164','p8'),('WSS172','p8'),('WSS184','p8'),('WSS202','p8'),('WSS209','p8'),('WSS211','p8'),('WSS213','p8'),('WSS214','p8'),('WSS216','p8'),('WSS22','p8'),('WSS231','p8'),('WSS234','p8'),('WSS236','p8'),('WSS243','p8'),('WSS260','p8'),('WSS264','p8'),('WSS276','p8'),('WSS280','p8'),('WSS317','p8'),('WSS324','p8'),('WSS33','p8'),('WSS332','p8'),('WSS349','p8'),('WSS351','p8'),('WSS356','p8'),('WSS365','p8'),('WSS367','p8'),('WSS372','p8'),('WSS377','p8'),('WSS385','p8'),('WSS39','p8'),('WSS393','p8'),('WSS406','p8'),('WSS431','p8'),('WSS442','p8'),('WSS446','p8'),('WSS447','p8'),('WSS45','p8'),('WSS457','p8'),('WSS466','p8'),('WSS473','p8'),('WSS474','p8'),('WSS478','p8'),('WSS480','p8'),('WSS486','p8'),('WSS523','p8'),('WSS533','p8'),('WSS536','p8'),('WSS537','p8'),('WSS555','p8'),('WSS559','p8'),('WSS575','p8'),('WSS59','p8'),('WSS591','p8'),('WSS593','p8'),('WSS602','p8'),('WSS639','p8'),('WSS640','p8'),('WSS642','p8'),('WSS650','p8'),('WSS652','p8'),('WSS676','p8'),('WSS68','p8'),('WSS69','p8'),('WSS693','p8'),('WSS695','p8'),('WSS698','p8'),('WSS700','p8'),('WSS711','p8'),('WSS712','p8'),('WSS717','p8'),('WSS723','p8'),('WSS724','p8'),('WSS733','p8'),('WSS749','p8'),('WSS759','p8'),('WSS782','p8'),('WSS783','p8'),('WSS809','p8'),('WSS815','p8'),('WSS819','p8'),('WSS82','p8'),('WSS830','p8'),('WSS839','p8'),('WSS84','p8'),('WSS867','p8'),('WSS891','p8'),('WSS898','p8'),('WSS906','p8'),('WSS919','p8'),('WSS924','p8'),('WSS95','p8'),('WSS953','p8'),('WSS960','p8'),('WSS969','p8'),('WSS97','p8'),('WSS970','p8'),('WSS975','p8'),('WSS976','p8'),('WSS102','p9'),('WSS111','p9'),('WSS117','p9'),('WSS121','p9'),('WSS125','p9'),('WSS126','p9'),('WSS144','p9'),('WSS150','p9'),('WSS154','p9'),('WSS155','p9'),('WSS158','p9'),('WSS173','p9'),('WSS18','p9'),('WSS181','p9'),('WSS183','p9'),('WSS193','p9'),('WSS199','p9'),('WSS209','p9'),('WSS21','p9'),('WSS223','p9'),('WSS229','p9'),('WSS237','p9'),('WSS246','p9'),('WSS254','p9'),('WSS26','p9'),('WSS262','p9'),('WSS264','p9'),('WSS265','p9'),('WSS268','p9'),('WSS27','p9'),('WSS278','p9'),('WSS291','p9'),('WSS298','p9'),('WSS3','p9'),('WSS301','p9'),('WSS304','p9'),('WSS306','p9'),('WSS309','p9'),('WSS311','p9'),('WSS314','p9'),('WSS325','p9'),('WSS343','p9'),('WSS35','p9'),('WSS351','p9'),('WSS369','p9'),('WSS382','p9'),('WSS383','p9'),('WSS39','p9'),('WSS398','p9'),('WSS405','p9'),('WSS406','p9'),('WSS41','p9'),('WSS421','p9'),('WSS429','p9'),('WSS435','p9'),('WSS436','p9'),('WSS443','p9'),('WSS453','p9'),('WSS454','p9'),('WSS455','p9'),('WSS464','p9'),('WSS465','p9'),('WSS472','p9'),('WSS483','p9'),('WSS487','p9'),('WSS496','p9'),('WSS5','p9'),('WSS510','p9'),('WSS519','p9'),('WSS52','p9'),('WSS520','p9'),('WSS532','p9'),('WSS535','p9'),('WSS536','p9'),('WSS542','p9'),('WSS544','p9'),('WSS547','p9'),('WSS561','p9'),('WSS580','p9'),('WSS589','p9'),('WSS590','p9'),('WSS600','p9'),('WSS607','p9'),('WSS609','p9'),('WSS610','p9'),('WSS612','p9'),('WSS614','p9'),('WSS618','p9'),('WSS623','p9'),('WSS629','p9'),('WSS642','p9'),('WSS654','p9'),('WSS659','p9'),('WSS661','p9'),('WSS667','p9'),('WSS674','p9'),('WSS68','p9'),('WSS682','p9'),('WSS686','p9'),('WSS687','p9'),('WSS706','p9'),('WSS712','p9'),('WSS720','p9'),('WSS755','p9'),('WSS762','p9'),('WSS77','p9'),('WSS781','p9'),('WSS788','p9'),('WSS791','p9'),('WSS800','p9'),('WSS809','p9'),('WSS812','p9'),('WSS820','p9'),('WSS830','p9'),('WSS842','p9'),('WSS843','p9'),('WSS879','p9'),('WSS900','p9'),('WSS918','p9'),('WSS921','p9'),('WSS943','p9'),('WSS947','p9'),('WSS953','p9'),('WSS957','p9'),('WSS960','p9'),('WSS97','p9'),('WSS971','p9'),('WSS975','p9'),('WSS977','p9'),('WSS979','p9'),('WSS99','p9'),('WSS990','p9');
/*!40000 ALTER TABLE `outputparameter` ENABLE KEYS */;
UNLOCK TABLES;

--
-- Table structure for table `parameterhierarchy`
--

DROP TABLE IF EXISTS `parameterhierarchy`;
/*!40101 SET @saved_cs_client     = @@character_set_client */;
/*!50503 SET character_set_client = utf8mb4 */;
CREATE TABLE `parameterhierarchy` (
  `parentParameterID` varchar(10) NOT NULL,
  `childParameterID` varchar(10) NOT NULL,
  PRIMARY KEY (`parentParameterID`,`childParameterID`)
) ENGINE=InnoDB DEFAULT CHARSET=latin1;
/*!40101 SET character_set_client = @saved_cs_client */;

--
-- Dumping data for table `parameterhierarchy`
--

LOCK TABLES `parameterhierarchy` WRITE;
/*!40000 ALTER TABLE `parameterhierarchy` DISABLE KEYS */;
/*!40000 ALTER TABLE `parameterhierarchy` ENABLE KEYS */;
UNLOCK TABLES;

--
-- Table structure for table `parameterlist`
--

DROP TABLE IF EXISTS `parameterlist`;
/*!40101 SET @saved_cs_client     = @@character_set_client */;
/*!50503 SET character_set_client = utf8mb4 */;
CREATE TABLE `parameterlist` (
  `parameterID` varchar(10) NOT NULL,
  `parameterName` varchar(100) DEFAULT NULL,
  PRIMARY KEY (`parameterID`)
) ENGINE=InnoDB DEFAULT CHARSET=latin1;
/*!40101 SET character_set_client = @saved_cs_client */;

--
-- Dumping data for table `parameterlist`
--

LOCK TABLES `parameterlist` WRITE;
/*!40000 ALTER TABLE `parameterlist` DISABLE KEYS */;
INSERT INTO `parameterlist` VALUES ('p1','p1name'),('p10','p10name'),('p11','p11name'),('p12','p12name'),('p13','p13name'),('p14','p14name'),('p15','p15name'),('p16','p16name'),('p17','p17name'),('p18','p18name'),('p19','p19name'),('p2','p2name'),('p20','p20name'),('p21','p21name'),('p22','p22name'),('p23','p23name'),('p24','p24name'),('p25','p25name'),('p26','p26name'),('p27','p27name'),('p28','p28name'),('p29','p29name'),('p3','p3name'),('p30','p30name'),('p31','p31name'),('p32','p32name'),('p33','p33name'),('p34','p34name'),('p35','p35name'),('p36','p36name'),('p37','p37name'),('p38','p38name'),('p39','p39name'),('p4','p4name'),('p40','p40name'),('p41','p41name'),('p42','p42name'),('p43','p43name'),('p44','p44name'),('p45','p45name'),('p46','p46name'),('p47','p47name'),('p48','p48name'),('p49','p49name'),('p5','p5name'),('p50','p50name'),('p6','p6name'),('p7','p7name'),('p8','p8name'),('p9','p9name');
/*!40000 ALTER TABLE `parameterlist` ENABLE KEYS */;
UNLOCK TABLES;

--
-- Table structure for table `result`
--

DROP TABLE IF EXISTS `result`;
/*!40101 SET @saved_cs_client     = @@character_set_client */;
/*!50503 SET character_set_client = utf8mb4 */;
CREATE TABLE `result` (
  `transactionID` bigint NOT NULL,
  `stage` int NOT NULL,
  `webServiceID` varchar(10) NOT NULL,
  PRIMARY KEY (`transactionID`,`stage`,`webServiceID`)
) ENGINE=InnoDB DEFAULT CHARSET=latin1;
/*!40101 SET character_set_client = @saved_cs_client */;

--
-- Dumping data for table `result`
--

LOCK TABLES `result` WRITE;
/*!40000 ALTER TABLE `result` DISABLE KEYS */;
INSERT INTO `result` VALUES (1,1,'WSS375'),(1,1,'WSS993'),(1,2,'WSS956'),(1,3,'WSS422'),(1,4,'WSS1000'),(2,1,'WSS336'),(2,1,'WSS740'),(2,2,'WSS568'),(2,2,'WSS898'),(3,1,'WSS374'),(3,1,'WSS513'),(3,1,'WSS665'),(3,2,'WSS76'),(3,2,'WSS810'),(4,1,'WSS690'),(4,2,'WSS3'),(4,3,'WSS128'),(4,3,'WSS573'),(4,4,'WSS371'),(5,1,'WSS696'),(5,2,'WSS883'),(5,3,'WSS139'),(5,4,'WSS470'),(5,4,'WSS62'),(6,1,'WSS656'),(6,1,'WSS732'),(6,1,'WSS983'),(6,2,'WSS665'),(6,2,'WSS767'),(7,1,'WSS328'),(7,1,'WSS887'),(7,2,'WSS327'),(7,2,'WSS757'),(7,3,'WSS295'),(8,1,'WSS311'),(8,2,'WSS672'),(8,2,'WSS680'),(8,3,'WSS557'),(8,3,'WSS918'),(9,1,'WSS369'),(9,1,'WSS504'),(9,1,'WSS849'),(9,2,'WSS402'),(9,2,'WSS882'),(10,1,'WSS171'),(10,2,'WSS319'),(10,2,'WSS713'),(10,2,'WSS945'),(10,3,'WSS109'),(11,1,'WSS380'),(11,1,'WSS796'),(11,1,'WSS920'),(11,2,'WSS271'),(12,1,'WSS64'),(12,2,'WSS180'),(12,2,'WSS701'),(12,2,'WSS880'),(12,3,'WSS22'),(13,1,'WSS856'),(13,2,'WSS536'),(13,3,'WSS249'),(13,3,'WSS435'),(14,1,'WSS601'),(14,2,'WSS898'),(14,3,'WSS586'),(14,4,'WSS572'),(15,1,'WSS924'),(15,2,'WSS136'),(15,2,'WSS862'),(15,3,'WSS276'),(15,4,'WSS780'),(16,1,'WSS59'),(16,2,'WSS527'),(16,2,'WSS847'),(16,3,'WSS575'),(16,4,'WSS710'),(17,1,'WSS863'),(17,2,'WSS369'),(17,2,'WSS496'),(17,3,'WSS585'),(17,3,'WSS748'),(18,1,'WSS122'),(18,1,'WSS242'),(18,1,'WSS342'),(18,1,'WSS681'),(18,1,'WSS703'),(19,1,'WSS3'),(19,2,'WSS336'),(19,3,'WSS102'),(19,3,'WSS436'),(19,3,'WSS520'),(20,1,'WSS987'),(20,2,'WSS108'),(20,2,'WSS604'),(20,3,'WSS17'),(20,3,'WSS46'),(21,1,'WSS576'),(21,1,'WSS666'),(21,2,'WSS848'),(21,2,'WSS886'),(21,3,'WSS717'),(22,1,'WSS826'),(22,2,'WSS708'),(22,2,'WSS876'),(22,3,'WSS268'),(23,1,'WSS51'),(23,2,'WSS199'),(23,2,'WSS527'),(23,3,'WSS143'),(23,3,'WSS356'),(24,1,'WSS97'),(24,2,'WSS634'),(24,3,'WSS191'),(24,3,'WSS435'),(25,1,'WSS634'),(25,2,'WSS681'),(25,3,'WSS529'),(25,3,'WSS552'),(25,4,'WSS657'),(26,1,'WSS291'),(26,1,'WSS620'),(26,2,'WSS748'),(26,2,'WSS930'),(26,2,'WSS99'),(27,1,'WSS639'),(27,1,'WSS931'),(27,2,'WSS766'),(27,2,'WSS957'),(27,2,'WSS965'),(28,1,'WSS543'),(28,1,'WSS675'),(28,2,'WSS826'),(28,2,'WSS998'),(29,1,'WSS618'),(29,2,'WSS437'),(29,2,'WSS792'),(29,3,'WSS197'),(30,1,'WSS497'),(30,1,'WSS839'),(30,2,'WSS107'),(30,2,'WSS379'),(30,2,'WSS686'),(1031,1,'ICP006'),(1031,1,'ICP110'),(1031,1,'ICP311'),(1031,2,'ICP500'),(1035,1,'ICP386'),(1035,2,'ICP466'),(1133,1,'ICP103'),(1133,2,'ICP341'),(1133,3,'ICP395'),(1136,1,'ICP110'),(1136,2,'ICP710'),(1141,1,'ICP311'),(1141,2,'ICP422'),(1288,1,'ICP001'),(1288,2,'ICP110'),(1291,1,'ICP110'),(1291,2,'ICP720'),(1293,1,'ICP110'),(1293,1,'ICP311'),(1293,2,'ICP500'),(1296,1,'ICP006'),(1296,1,'ICP103'),(1296,1,'ICP110'),(1296,1,'ICP311'),(1296,1,'ICP313'),(1296,2,'ICP341'),(1296,2,'ICP500'),(1296,3,'ICP395'),(1325,1,'ICP110'),(1325,2,'ICP680'),(1355,1,'ICP110'),(1355,2,'ICP469'),(1406,1,'ICP110'),(1435,1,'ICP006'),(1435,1,'ICP110'),(1435,1,'ICP311'),(1435,2,'ICP500'),(1509,1,'ICP001'),(1509,1,'ICP006'),(1509,2,'ICP002'),(1509,2,'ICP110'),(1509,3,'ICP311'),(1509,4,'ICP500'),(1572,1,'ICP103'),(1572,1,'ICP110'),(1572,1,'ICP386'),(1572,2,'ICP341'),(1572,2,'ICP395'),(1572,2,'ICP466'),(1572,2,'ICP620'),(1572,2,'ICP720'),(1572,3,'ICP445'),(1583,1,'ICP386'),(1583,2,'ICP466'),(1607,1,'ICP301'),(1607,1,'ICP341'),(1607,1,'ICP386'),(1607,2,'ICP481'),(1620,1,'ICP006'),(1620,1,'ICP110'),(1620,1,'ICP311'),(1620,2,'ICP500'),(1646,1,'ICP006'),(1646,1,'ICP110'),(1646,1,'ICP311'),(1646,2,'ICP469'),(1646,2,'ICP500'),(1733,1,'ICP311'),(1733,2,'ICP422'),(1797,1,'ICP386'),(1797,2,'ICP466'),(1851,1,'ICP003'),(1851,1,'ICP311'),(1851,2,'ICP313'),(1851,3,'ICP486'),(1981,1,'ICP110'),(1981,1,'ICP311'),(1981,2,'ICP500'),(2015,1,'ICP006'),(2015,1,'ICP110'),(2015,1,'ICP311'),(2015,2,'ICP500'),(2026,1,'ICP386'),(2026,2,'ICP466'),(2114,1,'ICP341'),(2114,2,'ICP395'),(2114,3,'ICP445'),(2280,1,'ICP103'),(2280,1,'ICP386'),(2280,2,'ICP341'),(2280,2,'ICP395'),(2280,2,'ICP466'),(2280,3,'ICP495'),(2317,1,'ICP313'),(2317,1,'ICP341'),(2317,1,'ICP680'),(2317,2,'ICP395'),(2317,3,'ICP445'),(2474,1,'ICP003'),(2474,1,'ICP311'),(2474,2,'ICP313'),(2474,3,'ICP486'),(2565,1,'ICP313'),(2565,1,'ICP341'),(2565,2,'ICP395'),(2565,3,'ICP445'),(2598,1,'ICP006'),(2598,1,'ICP110'),(2598,1,'ICP311'),(2598,1,'ICP313'),(2598,1,'ICP331'),(2598,2,'ICP500'),(2610,1,'ICP003'),(2610,1,'ICP311'),(2610,2,'ICP313'),(2610,3,'ICP486'),(2659,1,'ICP006'),(2659,1,'ICP110'),(2659,1,'ICP311'),(2659,2,'ICP469'),(2659,2,'ICP500'),(2675,1,'ICP386'),(2675,2,'ICP466'),(2711,1,'ICP103'),(2711,1,'ICP386'),(2711,2,'ICP341'),(2711,3,'ICP481'),(2779,1,'ICP003'),(2779,1,'ICP311'),(2779,2,'ICP313'),(2779,3,'ICP486'),(2985,1,'ICP103'),(3021,1,'ICP006'),(3021,1,'ICP110'),(3021,1,'ICP302'),(3021,2,'ICP500'),(3075,1,'ICP006'),(3075,1,'ICP110'),(3075,1,'ICP311'),(3075,2,'ICP500'),(3226,1,'ICP110'),(3226,2,'ICP818'),(3286,1,'ICP006'),(3286,1,'ICP110'),(3286,1,'ICP311'),(3286,2,'ICP500'),(3357,1,'ICP006'),(3357,1,'ICP110'),(3357,1,'ICP311'),(3357,2,'ICP500'),(3667,1,'ICP103'),(3667,1,'ICP301'),(3667,1,'ICP386'),(3667,2,'ICP341'),(3667,3,'ICP481'),(3668,1,'ICP103'),(3668,1,'ICP301'),(3668,1,'ICP386'),(3668,2,'ICP341'),(3668,3,'ICP481'),(3705,1,'ICP103'),(3705,1,'ICP301'),(3705,1,'ICP386'),(3705,2,'ICP341'),(3705,3,'ICP481'),(3718,1,'ICP001'),(3718,2,'ICP002'),(3718,2,'ICP110'),(3718,3,'ICP311'),(3718,4,'ICP819'),(3877,1,'ICP386'),(3948,1,'ICP006'),(3948,1,'ICP110'),(3948,1,'ICP311'),(3948,2,'ICP500'),(3969,1,'ICP301'),(3969,1,'ICP341'),(3969,1,'ICP386'),(3969,2,'ICP481'),(3971,1,'ICP386'),(3971,2,'ICP466'),(4112,1,'ICP006'),(4112,1,'ICP110'),(4112,1,'ICP311'),(4112,2,'ICP469'),(4112,2,'ICP500'),(4178,1,'ICP002'),(4178,1,'ICP110'),(4178,2,'ICP311'),(4178,3,'ICP819'),(4281,1,'ICP110'),(4281,2,'ICP469'),(4296,1,'ICP006'),(4296,1,'ICP110'),(4296,1,'ICP311'),(4296,2,'ICP469'),(4296,2,'ICP500'),(4375,1,'ICP003'),(4375,1,'ICP311'),(4375,2,'ICP313'),(4375,3,'ICP486'),(4589,1,'ICP006'),(4589,1,'ICP110'),(4589,1,'ICP311'),(4589,2,'ICP469'),(4589,2,'ICP500'),(4607,1,'ICP006'),(4607,1,'ICP110'),(4607,1,'ICP302'),(4607,2,'ICP500'),(4747,1,'ICP311'),(4747,1,'ICP313'),(4747,2,'ICP486'),(4775,1,'ICP110'),(4775,2,'ICP500'),(4934,1,'ICP103'),(4934,2,'ICP341'),(4978,1,'ICP103'),(4980,1,'ICP006'),(4980,1,'ICP110'),(4980,1,'ICP311'),(4980,2,'ICP469'),(4980,2,'ICP500'),(4980,2,'ICP720'),(4980,3,'ICP740'),(5049,1,'ICP006'),(5049,1,'ICP110'),(5049,1,'ICP311'),(5049,2,'ICP500'),(5417,1,'ICP301'),(5417,1,'ICP341'),(5417,1,'ICP386'),(5417,2,'ICP481'),(5448,1,'ICP386'),(5448,2,'ICP466'),(5450,1,'ICP103'),(5450,1,'ICP110'),(5450,1,'ICP386'),(5450,1,'ICP817'),(5450,2,'ICP341'),(5450,2,'ICP395'),(5450,2,'ICP466'),(5450,2,'ICP620'),(5450,2,'ICP720'),(5450,3,'ICP445'),(5450,3,'ICP815'),(5461,1,'ICP002'),(5461,1,'ICP006'),(5461,1,'ICP110'),(5461,1,'ICP302'),(5461,2,'ICP500'),(5461,2,'ICP720'),(5461,3,'ICP740'),(5472,1,'ICP110'),(5472,2,'ICP818'),(5497,1,'ICP103'),(5497,2,'ICP341'),(5569,1,'ICP386'),(5569,2,'ICP466'),(5571,1,'ICP103'),(5571,2,'ICP810'),(5757,1,'ICP386'),(5757,2,'ICP466'),(5779,1,'ICP006'),(5779,1,'ICP110'),(5779,1,'ICP302'),(5779,2,'ICP500'),(5814,1,'ICP006'),(5814,1,'ICP110'),(5814,1,'ICP311'),(5814,2,'ICP500'),(5897,1,'ICP110'),(5897,2,'ICP710'),(5966,1,'ICP103'),(5966,1,'ICP301'),(5966,1,'ICP386'),(5966,2,'ICP341'),(5966,3,'ICP481'),(6032,1,'ICP386'),(6032,2,'ICP466'),(6279,1,'ICP006'),(6279,1,'ICP110'),(6279,1,'ICP311'),(6279,2,'ICP469'),(6279,2,'ICP500'),(6294,1,'ICP006'),(6294,1,'ICP110'),(6294,1,'ICP311'),(6294,2,'ICP500'),(6325,1,'ICP002'),(6325,2,'ICP003'),(6363,1,'ICP006'),(6363,1,'ICP110'),(6363,1,'ICP311'),(6363,2,'ICP469'),(6363,2,'ICP500'),(6437,1,'ICP103'),(6437,1,'ICP301'),(6437,1,'ICP386'),(6437,2,'ICP341'),(6437,3,'ICP481'),(6533,1,'ICP006'),(6533,1,'ICP110'),(6533,1,'ICP311'),(6533,2,'ICP469'),(6533,2,'ICP500'),(6574,1,'ICP002'),(6574,1,'ICP110'),(6574,2,'ICP311'),(6574,3,'ICP819'),(6604,1,'ICP103'),(6604,1,'ICP386'),(6604,2,'ICP341'),(6604,3,'ICP481'),(6679,1,'ICP003'),(6679,1,'ICP311'),(6679,2,'ICP313'),(6679,3,'ICP486'),(6692,1,'ICP103'),(6692,1,'ICP386'),(6692,1,'ICP465'),(6692,2,'ICP341'),(6692,3,'ICP481'),(6874,1,'ICP467'),(6898,1,'ICP103'),(6898,1,'ICP386'),(6898,2,'ICP341'),(6898,3,'ICP481'),(6922,1,'ICP313'),(6922,1,'ICP341'),(6922,2,'ICP395'),(6974,1,'ICP110'),(6974,2,'ICP469'),(7056,1,'ICP006'),(7056,1,'ICP110'),(7056,1,'ICP311'),(7056,1,'ICP341'),(7056,2,'ICP395'),(7056,2,'ICP500'),(7056,2,'ICP720'),(7056,3,'ICP445'),(7056,3,'ICP740'),(7107,1,'ICP311'),(7107,1,'ICP313'),(7107,2,'ICP486'),(7159,1,'ICP311'),(7159,2,'ICP422'),(7196,1,'ICP103'),(7196,2,'ICP341'),(7196,2,'ICP395'),(7196,3,'ICP495'),(7227,1,'ICP103'),(7227,1,'ICP110'),(7227,1,'ICP301'),(7227,1,'ICP311'),(7227,1,'ICP386'),(7227,2,'ICP341'),(7227,2,'ICP500'),(7227,3,'ICP481'),(7297,1,'ICP386'),(7297,2,'ICP466'),(7326,1,'ICP006'),(7326,1,'ICP110'),(7326,1,'ICP311'),(7326,2,'ICP500'),(7398,1,'ICP002'),(7398,1,'ICP006'),(7398,1,'ICP103'),(7398,1,'ICP110'),(7398,2,'ICP311'),(7398,2,'ICP720'),(7398,2,'ICP810'),(7398,3,'ICP500'),(7398,3,'ICP819'),(7398,4,'ICP740'),(7420,1,'ICP006'),(7420,1,'ICP311'),(7420,2,'ICP500'),(7484,1,'ICP006'),(7484,1,'ICP110'),(7484,1,'ICP311'),(7484,2,'ICP469'),(7484,2,'ICP500'),(7515,1,'ICP006'),(7515,1,'ICP110'),(7515,1,'ICP311'),(7515,2,'ICP469'),(7515,2,'ICP500'),(7593,1,'ICP301'),(7593,1,'ICP341'),(7593,1,'ICP386'),(7593,2,'ICP481'),(7645,1,'ICP001'),(7645,1,'ICP006'),(7645,2,'ICP002'),(7645,2,'ICP110'),(7645,3,'ICP311'),(7645,4,'ICP500'),(7720,1,'ICP006'),(7720,1,'ICP311'),(7720,1,'ICP720'),(7720,2,'ICP500'),(7720,3,'ICP740'),(7769,1,'ICP103'),(7769,2,'ICP341'),(7797,1,'ICP006'),(7797,1,'ICP110'),(7797,1,'ICP302'),(7797,2,'ICP500'),(7797,2,'ICP720'),(7817,1,'ICP006'),(7817,1,'ICP311'),(7817,2,'ICP500'),(7821,1,'ICP006'),(7821,1,'ICP110'),(7821,1,'ICP311'),(7821,2,'ICP500'),(7831,1,'ICP006'),(7831,1,'ICP311'),(7831,2,'ICP500'),(7832,1,'ICP006'),(7832,1,'ICP110'),(7832,1,'ICP311'),(7832,2,'ICP500'),(8030,1,'ICP386'),(8030,2,'ICP466'),(8062,1,'ICP006'),(8062,1,'ICP110'),(8062,1,'ICP311'),(8062,2,'ICP500'),(8155,1,'ICP006'),(8155,1,'ICP110'),(8155,1,'ICP311'),(8155,2,'ICP469'),(8155,2,'ICP500'),(8306,1,'ICP006'),(8306,1,'ICP110'),(8306,1,'ICP311'),(8306,2,'ICP500'),(8509,1,'ICP467'),(8527,1,'ICP110'),(8527,2,'ICP500'),(8628,1,'ICP103'),(8628,1,'ICP301'),(8628,1,'ICP386'),(8628,2,'ICP341'),(8628,3,'ICP481'),(8647,1,'ICP103'),(8647,2,'ICP341'),(8688,1,'ICP103'),(8688,1,'ICP301'),(8688,1,'ICP386'),(8688,2,'ICP341'),(8688,3,'ICP481'),(8877,1,'ICP386'),(8877,2,'ICP466'),(8889,1,'ICP110'),(8889,2,'ICP620'),(8941,1,'ICP103'),(8941,2,'ICP341'),(8941,2,'ICP395'),(8941,3,'ICP495'),(8952,1,'ICP103'),(8952,1,'ICP386'),(8952,2,'ICP341'),(8952,3,'ICP481'),(8959,1,'ICP103'),(8959,2,'ICP341'),(9050,1,'ICP006'),(9050,1,'ICP110'),(9050,1,'ICP311'),(9050,2,'ICP500'),(9076,1,'ICP004'),(9076,2,'ICP005'),(9076,3,'ICP331'),(9117,1,'ICP110'),(9117,2,'ICP469'),(9185,1,'ICP341'),(9185,2,'ICP395'),(9185,3,'ICP445'),(9249,1,'ICP006'),(9249,1,'ICP110'),(9249,1,'ICP311'),(9249,2,'ICP500'),(9249,2,'ICP720'),(9306,1,'ICP006'),(9306,1,'ICP110'),(9306,1,'ICP302'),(9306,2,'ICP500'),(9325,1,'ICP386'),(9422,1,'ICP110'),(9422,2,'ICP469'),(9451,1,'ICP006'),(9451,1,'ICP110'),(9451,1,'ICP311'),(9451,1,'ICP341'),(9451,2,'ICP395'),(9451,2,'ICP500'),(9451,2,'ICP720'),(9451,3,'ICP445'),(9451,3,'ICP740'),(9524,1,'ICP001'),(9524,1,'ICP006'),(9524,2,'ICP002'),(9524,2,'ICP110'),(9524,3,'ICP311'),(9524,4,'ICP500'),(9784,1,'ICP110'),(9784,2,'ICP469'),(9797,1,'ICP103'),(9797,2,'ICP341'),(9812,1,'ICP311'),(9812,1,'ICP313'),(9812,2,'ICP486'),(9814,1,'ICP006'),(9814,1,'ICP110'),(9814,1,'ICP311'),(9814,2,'ICP500'),(9868,1,'ICP006'),(9868,1,'ICP110'),(9868,1,'ICP311'),(9868,2,'ICP500'),(9968,1,'ICP103'),(9968,1,'ICP301'),(9968,1,'ICP386'),(9968,2,'ICP341'),(9968,3,'ICP481'),(9978,1,'ICP311'),(9978,1,'ICP313'),(9978,2,'ICP486'),(111174351,1,'ICP001'),(111174351,2,'ICP002'),(111174351,3,'ICP003'),(111174351,3,'ICP311'),(111174351,4,'ICP313'),(111174351,5,'ICP486'),(112793854,1,'ICP006'),(112793854,1,'ICP110'),(112793854,1,'ICP311'),(112793854,2,'ICP500'),(125202274,1,'ICP001'),(125202274,1,'ICP103'),(125202274,2,'ICP301'),(125202274,2,'ICP341'),(125202274,2,'ICP386'),(125202274,3,'ICP481'),(137852438,1,'ICP006'),(137852438,1,'ICP110'),(137852438,1,'ICP311'),(137852438,2,'ICP500'),(141922012,1,'ICP002'),(141922012,2,'ICP003'),(141922012,2,'ICP311'),(141922012,3,'ICP313'),(141922012,4,'ICP486'),(164821430,1,'ICP001'),(164821430,2,'ICP002'),(164821430,3,'ICP003'),(164821430,3,'ICP311'),(164821430,4,'ICP313'),(164821430,5,'ICP486'),(166203121,1,'ICP001'),(166203121,1,'ICP006'),(166203121,1,'ICP200'),(166203121,2,'ICP002'),(166203121,2,'ICP110'),(166203121,2,'ICP720'),(166203121,3,'ICP311'),(166203121,4,'ICP500'),(166203121,4,'ICP819'),(166203121,5,'ICP740'),(178957047,1,'ICP110'),(178957047,2,'ICP469'),(192081592,1,'ICP006'),(192081592,1,'ICP200'),(192081592,1,'ICP311'),(192081592,2,'ICP500'),(192081592,2,'ICP720'),(192081592,3,'ICP740'),(196046272,1,'ICP002'),(196046272,1,'ICP006'),(196046272,1,'ICP110'),(196046272,2,'ICP311'),(196046272,2,'ICP469'),(196046272,3,'ICP500'),(222936116,1,'ICP006'),(222936116,1,'ICP200'),(222936116,1,'ICP311'),(222936116,2,'ICP500'),(222936116,2,'ICP720'),(222936116,2,'ICP819'),(222936116,3,'ICP740'),(258370250,1,'ICP006'),(258370250,1,'ICP200'),(258370250,1,'ICP311'),(258370250,2,'ICP500'),(258370250,2,'ICP720'),(258370250,2,'ICP818'),(258370250,2,'ICP819'),(258370250,3,'ICP740'),(285611992,1,'ICP006'),(285611992,1,'ICP110'),(285611992,1,'ICP200'),(285611992,1,'ICP311'),(285611992,2,'ICP500'),(285611992,2,'ICP720'),(285611992,3,'ICP740'),(287034437,1,'ICP006'),(287034437,1,'ICP200'),(287034437,1,'ICP311'),(287034437,2,'ICP500'),(287034437,2,'ICP720'),(287034437,2,'ICP819'),(287034437,3,'ICP740'),(291687847,1,'ICP006'),(291687847,1,'ICP200'),(291687847,1,'ICP311'),(291687847,2,'ICP500'),(291687847,2,'ICP720'),(291687847,2,'ICP819'),(291687847,3,'ICP740'),(292870227,1,'ICP001'),(292870227,1,'ICP006'),(292870227,1,'ICP720'),(292870227,2,'ICP002'),(292870227,2,'ICP110'),(292870227,3,'ICP311'),(292870227,4,'ICP500'),(292870227,5,'ICP740'),(316379525,1,'ICP110'),(316379525,1,'ICP311'),(316379525,2,'ICP361'),(316379525,3,'ICP461'),(324432052,1,'ICP001'),(324432052,2,'ICP002'),(324432052,3,'ICP003'),(324432052,3,'ICP311'),(324432052,4,'ICP313'),(324432052,5,'ICP486'),(348444351,1,'ICP311'),(348444351,1,'ICP313'),(348444351,2,'ICP486'),(356640298,1,'ICP469'),(356640298,1,'ICP818'),(356640298,2,'ICP660'),(362849335,1,'ICP006'),(362849335,1,'ICP200'),(362849335,1,'ICP311'),(362849335,2,'ICP500'),(362849335,2,'ICP720'),(362849335,2,'ICP818'),(362849335,3,'ICP740'),(370058038,1,'ICP006'),(370058038,1,'ICP110'),(370058038,1,'ICP311'),(370058038,2,'ICP469'),(370058038,2,'ICP500'),(410309476,1,'ICP001'),(410309476,1,'ICP006'),(410309476,1,'ICP200'),(410309476,2,'ICP002'),(410309476,2,'ICP720'),(410309476,3,'ICP311'),(410309476,4,'ICP500'),(410309476,4,'ICP819'),(410309476,5,'ICP740'),(411681300,1,'ICP006'),(411681300,1,'ICP200'),(411681300,1,'ICP311'),(411681300,2,'ICP500'),(411681300,2,'ICP720'),(411681300,2,'ICP819'),(411681300,3,'ICP740'),(413889315,1,'ICP002'),(413889315,2,'ICP003'),(413889315,2,'ICP311'),(413889315,3,'ICP313'),(413889315,4,'ICP486'),(435075950,1,'ICP002'),(435075950,1,'ICP006'),(435075950,1,'ICP110'),(435075950,1,'ICP720'),(435075950,2,'ICP311'),(435075950,3,'ICP500'),(435075950,4,'ICP740'),(442506203,1,'ICP006'),(442506203,1,'ICP110'),(442506203,1,'ICP311'),(442506203,2,'ICP469'),(442506203,2,'ICP500'),(448741355,1,'ICP001'),(448741355,2,'ICP002'),(448741355,3,'ICP003'),(448741355,3,'ICP311'),(448741355,4,'ICP313'),(448741355,5,'ICP486'),(452470039,1,'ICP006'),(452470039,1,'ICP110'),(452470039,1,'ICP311'),(452470039,2,'ICP500'),(495404878,1,'ICP006'),(495404878,1,'ICP110'),(495404878,1,'ICP200'),(495404878,1,'ICP302'),(495404878,2,'ICP500'),(495404878,2,'ICP720'),(495404878,3,'ICP740'),(496776246,1,'ICP103'),(496776246,2,'ICP341'),(496776246,3,'ICP403'),(497270695,1,'ICP001'),(497270695,1,'ICP103'),(497270695,2,'ICP301'),(497270695,2,'ICP341'),(497270695,2,'ICP386'),(497270695,3,'ICP481'),(506023024,1,'ICP680'),(516484914,1,'ICP006'),(516484914,1,'ICP200'),(516484914,1,'ICP311'),(516484914,2,'ICP500'),(516484914,2,'ICP720'),(516484914,3,'ICP740'),(524497078,1,'ICP006'),(524497078,1,'ICP200'),(524497078,1,'ICP311'),(524497078,2,'ICP500'),(524497078,2,'ICP720'),(524497078,2,'ICP819'),(524497078,3,'ICP740'),(532135187,1,'ICP200'),(532135187,2,'ICP720'),(532135187,3,'ICP811'),(532135187,4,'ICP813'),(561361210,1,'ICP006'),(561361210,1,'ICP200'),(561361210,1,'ICP311'),(561361210,2,'ICP500'),(561361210,2,'ICP720'),(561361210,2,'ICP819'),(561361210,3,'ICP740'),(578460210,1,'ICP110'),(578460210,2,'ICP469'),(601145152,1,'ICP006'),(601145152,1,'ICP200'),(601145152,1,'ICP311'),(601145152,2,'ICP500'),(601145152,2,'ICP720'),(601145152,2,'ICP819'),(601145152,3,'ICP740'),(630767823,1,'ICP006'),(630767823,1,'ICP200'),(630767823,1,'ICP311'),(630767823,2,'ICP500'),(630767823,2,'ICP720'),(630767823,2,'ICP819'),(630767823,3,'ICP740'),(658685554,1,'ICP006'),(658685554,1,'ICP200'),(658685554,1,'ICP311'),(658685554,2,'ICP500'),(658685554,2,'ICP720'),(658685554,3,'ICP740'),(659691843,1,'ICP006'),(659691843,1,'ICP200'),(659691843,1,'ICP311'),(659691843,2,'ICP500'),(659691843,2,'ICP720'),(659691843,3,'ICP740'),(664758087,1,'ICP006'),(664758087,1,'ICP200'),(664758087,1,'ICP311'),(664758087,2,'ICP500'),(664758087,2,'ICP720'),(664758087,2,'ICP819'),(664758087,3,'ICP740'),(669457938,1,'ICP006'),(669457938,1,'ICP200'),(669457938,1,'ICP311'),(669457938,2,'ICP500'),(669457938,2,'ICP720'),(669457938,3,'ICP740'),(683869712,1,'ICP006'),(683869712,1,'ICP200'),(683869712,1,'ICP311'),(683869712,2,'ICP500'),(683869712,2,'ICP720'),(683869712,2,'ICP819'),(683869712,3,'ICP740'),(716407017,1,'ICP006'),(716407017,1,'ICP110'),(716407017,1,'ICP311'),(716407017,1,'ICP720'),(716407017,2,'ICP500'),(716407017,2,'ICP811'),(716407017,3,'ICP813'),(726508464,1,'ICP006'),(726508464,1,'ICP110'),(726508464,1,'ICP311'),(726508464,2,'ICP469'),(726508464,2,'ICP500'),(739074091,1,'ICP006'),(739074091,1,'ICP200'),(739074091,1,'ICP311'),(739074091,2,'ICP500'),(739074091,2,'ICP720'),(739074091,3,'ICP740'),(739546796,1,'ICP006'),(739546796,1,'ICP200'),(739546796,1,'ICP311'),(739546796,2,'ICP500'),(739546796,2,'ICP720'),(739546796,3,'ICP740'),(742695516,1,'ICP001'),(742695516,2,'ICP110'),(742695516,2,'ICP302'),(742695516,3,'ICP500'),(749479466,1,'ICP103'),(749479466,1,'ICP301'),(749479466,1,'ICP386'),(749479466,2,'ICP341'),(749479466,3,'ICP481'),(759784803,1,'ICP001'),(759784803,1,'ICP006'),(759784803,2,'ICP110'),(759784803,2,'ICP302'),(759784803,3,'ICP500'),(784019298,1,'ICP001'),(784019298,1,'ICP103'),(784019298,2,'ICP301'),(784019298,2,'ICP341'),(784019298,2,'ICP386'),(784019298,3,'ICP481'),(809869431,1,'ICP006'),(809869431,1,'ICP110'),(809869431,1,'ICP311'),(809869431,2,'ICP500'),(833064024,1,'ICP001'),(833064024,1,'ICP006'),(833064024,1,'ICP720'),(833064024,2,'ICP002'),(833064024,2,'ICP110'),(833064024,3,'ICP311'),(833064024,4,'ICP500'),(833064024,5,'ICP740'),(882961008,1,'ICP006'),(882961008,1,'ICP110'),(882961008,1,'ICP311'),(882961008,2,'ICP500'),(916025637,1,'ICP001'),(916025637,2,'ICP110'),(916025637,3,'ICP469'),(960676621,1,'ICP006'),(960676621,1,'ICP200'),(960676621,1,'ICP311'),(960676621,2,'ICP500'),(960676621,2,'ICP720'),(960676621,3,'ICP740'),(971245096,1,'ICP006'),(971245096,1,'ICP110'),(971245096,1,'ICP311'),(971245096,2,'ICP469'),(971245096,2,'ICP500');
/*!40000 ALTER TABLE `result` ENABLE KEYS */;
UNLOCK TABLES;

--
-- Table structure for table `rhs`
--

DROP TABLE IF EXISTS `rhs`;
/*!40101 SET @saved_cs_client     = @@character_set_client */;
/*!50503 SET character_set_client = utf8mb4 */;
CREATE TABLE `rhs` (
  `ruleid` int NOT NULL,
  `courseid` varchar(10) NOT NULL,
  PRIMARY KEY (`ruleid`,`courseid`)
) ENGINE=InnoDB DEFAULT CHARSET=latin1;
/*!40101 SET character_set_client = @saved_cs_client */;

--
-- Dumping data for table `rhs`
--

LOCK TABLES `rhs` WRITE;
/*!40000 ALTER TABLE `rhs` DISABLE KEYS */;
INSERT INTO `rhs` VALUES (1,'ICP110'),(2,'ICP311'),(3,'ICP500'),(4,'ICP311'),(5,'ICP500'),(6,'ICP500'),(7,'ICP311'),(8,'ICP500'),(9,'ICP500'),(10,'ICP500'),(11,'ICP500');
/*!40000 ALTER TABLE `rhs` ENABLE KEYS */;
UNLOCK TABLES;

--
-- Table structure for table `ruleinfo`
--

DROP TABLE IF EXISTS `ruleinfo`;
/*!40101 SET @saved_cs_client     = @@character_set_client */;
/*!50503 SET character_set_client = utf8mb4 */;
CREATE TABLE `ruleinfo` (
  `ruleid` int NOT NULL,
  `support` float DEFAULT NULL,
  `confidence` float DEFAULT NULL,
  `lift` float DEFAULT NULL,
  `count` int DEFAULT NULL,
  PRIMARY KEY (`ruleid`)
) ENGINE=InnoDB DEFAULT CHARSET=latin1;
/*!40101 SET character_set_client = @saved_cs_client */;

--
-- Dumping data for table `ruleinfo`
--

LOCK TABLES `ruleinfo` WRITE;
/*!40000 ALTER TABLE `ruleinfo` DISABLE KEYS */;
INSERT INTO `ruleinfo` VALUES (1,0.2,0.719101,1.53765,3),(2,0.2,0.910112,1.69382,3),(3,0.2,1,2.11579,3),(4,0.2,0.670213,1.24734,3),(5,0.2,0.744681,1.57559,3),(6,0.2,0.777778,1.64561,3),(7,0.2,0.875,1.62847,3),(8,0.2,1,2.11579,3),(9,0.2,1,2.11579,3),(10,0.2,0.936508,1.98145,3),(11,0.2,1,2.11579,3);
/*!40000 ALTER TABLE `ruleinfo` ENABLE KEYS */;
UNLOCK TABLES;

--
-- Table structure for table `webservicelist`
--

DROP TABLE IF EXISTS `webservicelist`;
/*!40101 SET @saved_cs_client     = @@character_set_client */;
/*!50503 SET character_set_client = utf8mb4 */;
CREATE TABLE `webservicelist` (
  `webServiceID` varchar(10) NOT NULL,
  `webServiceName` varchar(100) DEFAULT NULL,
  `reputation` float DEFAULT NULL,
  `price` float DEFAULT NULL,
  `duration` int DEFAULT NULL,
  `provider` varchar(50) DEFAULT NULL,
  `url` varchar(100) DEFAULT NULL,
  PRIMARY KEY (`webServiceID`)
) ENGINE=InnoDB DEFAULT CHARSET=latin1;
/*!40101 SET character_set_client = @saved_cs_client */;

--
-- Dumping data for table `webservicelist`
--

LOCK TABLES `webservicelist` WRITE;
/*!40000 ALTER TABLE `webservicelist` DISABLE KEYS */;
INSERT INTO `webservicelist` VALUES ('WSS1','WSS1Name',3,1,3,'serviceprovider','https://serviceprovider.com'),('WSS10','WSS10Name',3,1,3,'serviceprovider','https://serviceprovider.com'),('WSS100','WSS100Name',3,1,3,'serviceprovider','https://serviceprovider.com'),('WSS1000','WSS1000Name',3,1,3,'serviceprovider','https://serviceprovider.com'),('WSS101','WSS101Name',3,1,3,'serviceprovider','https://serviceprovider.com'),('WSS102','WSS102Name',3,1,3,'serviceprovider','https://serviceprovider.com'),('WSS103','WSS103Name',3,1,3,'serviceprovider','https://serviceprovider.com'),('WSS104','WSS104Name',3,1,3,'serviceprovider','https://serviceprovider.com'),('WSS105','WSS105Name',3,1,3,'serviceprovider','https://serviceprovider.com'),('WSS106','WSS106Name',3,1,3,'serviceprovider','https://serviceprovider.com'),('WSS107','WSS107Name',3,1,3,'serviceprovider','https://serviceprovider.com'),('WSS108','WSS108Name',3,1,3,'serviceprovider','https://serviceprovider.com'),('WSS109','WSS109Name',3,1,3,'serviceprovider','https://serviceprovider.com'),('WSS11','WSS11Name',3,1,3,'serviceprovider','https://serviceprovider.com'),('WSS110','WSS110Name',3,1,3,'serviceprovider','https://serviceprovider.com'),('WSS111','WSS111Name',3,1,3,'serviceprovider','https://serviceprovider.com'),('WSS112','WSS112Name',3,1,3,'serviceprovider','https://serviceprovider.com'),('WSS113','WSS113Name',3,1,3,'serviceprovider','https://serviceprovider.com'),('WSS114','WSS114Name',3,1,3,'serviceprovider','https://serviceprovider.com'),('WSS115','WSS115Name',3,1,3,'serviceprovider','https://serviceprovider.com'),('WSS116','WSS116Name',3,1,3,'serviceprovider','https://serviceprovider.com'),('WSS117','WSS117Name',3,1,3,'serviceprovider','https://serviceprovider.com'),('WSS118','WSS118Name',3,1,3,'serviceprovider','https://serviceprovider.com'),('WSS119','WSS119Name',3,1,3,'serviceprovider','https://serviceprovider.com'),('WSS12','WSS12Name',3,1,3,'serviceprovider','https://serviceprovider.com'),('WSS120','WSS120Name',3,1,3,'serviceprovider','https://serviceprovider.com'),('WSS121','WSS121Name',3,1,3,'serviceprovider','https://serviceprovider.com'),('WSS122','WSS122Name',3,1,3,'serviceprovider','https://serviceprovider.com'),('WSS123','WSS123Name',3,1,3,'serviceprovider','https://serviceprovider.com'),('WSS124','WSS124Name',3,1,3,'serviceprovider','https://serviceprovider.com'),('WSS125','WSS125Name',3,1,3,'serviceprovider','https://serviceprovider.com'),('WSS126','WSS126Name',3,1,3,'serviceprovider','https://serviceprovider.com'),('WSS127','WSS127Name',3,1,3,'serviceprovider','https://serviceprovider.com'),('WSS128','WSS128Name',3,1,3,'serviceprovider','https://serviceprovider.com'),('WSS129','WSS129Name',3,1,3,'serviceprovider','https://serviceprovider.com'),('WSS13','WSS13Name',3,1,3,'serviceprovider','https://serviceprovider.com'),('WSS130','WSS130Name',3,1,3,'serviceprovider','https://serviceprovider.com'),('WSS131','WSS131Name',3,1,3,'serviceprovider','https://serviceprovider.com'),('WSS132','WSS132Name',3,1,3,'serviceprovider','https://serviceprovider.com'),('WSS133','WSS133Name',3,1,3,'serviceprovider','https://serviceprovider.com'),('WSS134','WSS134Name',3,1,3,'serviceprovider','https://serviceprovider.com'),('WSS135','WSS135Name',3,1,3,'serviceprovider','https://serviceprovider.com'),('WSS136','WSS136Name',3,1,3,'serviceprovider','https://serviceprovider.com'),('WSS137','WSS137Name',3,1,3,'serviceprovider','https://serviceprovider.com'),('WSS138','WSS138Name',3,1,3,'serviceprovider','https://serviceprovider.com'),('WSS139','WSS139Name',3,1,3,'serviceprovider','https://serviceprovider.com'),('WSS14','WSS14Name',3,1,3,'serviceprovider','https://serviceprovider.com'),('WSS140','WSS140Name',3,1,3,'serviceprovider','https://serviceprovider.com'),('WSS141','WSS141Name',3,1,3,'serviceprovider','https://serviceprovider.com'),('WSS142','WSS142Name',3,1,3,'serviceprovider','https://serviceprovider.com'),('WSS143','WSS143Name',3,1,3,'serviceprovider','https://serviceprovider.com'),('WSS144','WSS144Name',3,1,3,'serviceprovider','https://serviceprovider.com'),('WSS145','WSS145Name',3,1,3,'serviceprovider','https://serviceprovider.com'),('WSS146','WSS146Name',3,1,3,'serviceprovider','https://serviceprovider.com'),('WSS147','WSS147Name',3,1,3,'serviceprovider','https://serviceprovider.com'),('WSS148','WSS148Name',3,1,3,'serviceprovider','https://serviceprovider.com'),('WSS149','WSS149Name',3,1,3,'serviceprovider','https://serviceprovider.com'),('WSS15','WSS15Name',3,1,3,'serviceprovider','https://serviceprovider.com'),('WSS150','WSS150Name',3,1,3,'serviceprovider','https://serviceprovider.com'),('WSS151','WSS151Name',3,1,3,'serviceprovider','https://serviceprovider.com'),('WSS152','WSS152Name',3,1,3,'serviceprovider','https://serviceprovider.com'),('WSS153','WSS153Name',3,1,3,'serviceprovider','https://serviceprovider.com'),('WSS154','WSS154Name',3,1,3,'serviceprovider','https://serviceprovider.com'),('WSS155','WSS155Name',3,1,3,'serviceprovider','https://serviceprovider.com'),('WSS156','WSS156Name',3,1,3,'serviceprovider','https://serviceprovider.com'),('WSS157','WSS157Name',3,1,3,'serviceprovider','https://serviceprovider.com'),('WSS158','WSS158Name',3,1,3,'serviceprovider','https://serviceprovider.com'),('WSS159','WSS159Name',3,1,3,'serviceprovider','https://serviceprovider.com'),('WSS16','WSS16Name',3,1,3,'serviceprovider','https://serviceprovider.com'),('WSS160','WSS160Name',3,1,3,'serviceprovider','https://serviceprovider.com'),('WSS161','WSS161Name',3,1,3,'serviceprovider','https://serviceprovider.com'),('WSS162','WSS162Name',3,1,3,'serviceprovider','https://serviceprovider.com'),('WSS163','WSS163Name',3,1,3,'serviceprovider','https://serviceprovider.com'),('WSS164','WSS164Name',3,1,3,'serviceprovider','https://serviceprovider.com'),('WSS165','WSS165Name',3,1,3,'serviceprovider','https://serviceprovider.com'),('WSS166','WSS166Name',3,1,3,'serviceprovider','https://serviceprovider.com'),('WSS167','WSS167Name',3,1,3,'serviceprovider','https://serviceprovider.com'),('WSS168','WSS168Name',3,1,3,'serviceprovider','https://serviceprovider.com'),('WSS169','WSS169Name',3,1,3,'serviceprovider','https://serviceprovider.com'),('WSS17','WSS17Name',3,1,3,'serviceprovider','https://serviceprovider.com'),('WSS170','WSS170Name',3,1,3,'serviceprovider','https://serviceprovider.com'),('WSS171','WSS171Name',3,1,3,'serviceprovider','https://serviceprovider.com'),('WSS172','WSS172Name',3,1,3,'serviceprovider','https://serviceprovider.com'),('WSS173','WSS173Name',3,1,3,'serviceprovider','https://serviceprovider.com'),('WSS174','WSS174Name',3,1,3,'serviceprovider','https://serviceprovider.com'),('WSS175','WSS175Name',3,1,3,'serviceprovider','https://serviceprovider.com'),('WSS176','WSS176Name',3,1,3,'serviceprovider','https://serviceprovider.com'),('WSS177','WSS177Name',3,1,3,'serviceprovider','https://serviceprovider.com'),('WSS178','WSS178Name',3,1,3,'serviceprovider','https://serviceprovider.com'),('WSS179','WSS179Name',3,1,3,'serviceprovider','https://serviceprovider.com'),('WSS18','WSS18Name',3,1,3,'serviceprovider','https://serviceprovider.com'),('WSS180','WSS180Name',3,1,3,'serviceprovider','https://serviceprovider.com'),('WSS181','WSS181Name',3,1,3,'serviceprovider','https://serviceprovider.com'),('WSS182','WSS182Name',3,1,3,'serviceprovider','https://serviceprovider.com'),('WSS183','WSS183Name',3,1,3,'serviceprovider','https://serviceprovider.com'),('WSS184','WSS184Name',3,1,3,'serviceprovider','https://serviceprovider.com'),('WSS185','WSS185Name',3,1,3,'serviceprovider','https://serviceprovider.com'),('WSS186','WSS186Name',3,1,3,'serviceprovider','https://serviceprovider.com'),('WSS187','WSS187Name',3,1,3,'serviceprovider','https://serviceprovider.com'),('WSS188','WSS188Name',3,1,3,'serviceprovider','https://serviceprovider.com'),('WSS189','WSS189Name',3,1,3,'serviceprovider','https://serviceprovider.com'),('WSS19','WSS19Name',3,1,3,'serviceprovider','https://serviceprovider.com'),('WSS190','WSS190Name',3,1,3,'serviceprovider','https://serviceprovider.com'),('WSS191','WSS191Name',3,1,3,'serviceprovider','https://serviceprovider.com'),('WSS192','WSS192Name',3,1,3,'serviceprovider','https://serviceprovider.com'),('WSS193','WSS193Name',3,1,3,'serviceprovider','https://serviceprovider.com'),('WSS194','WSS194Name',3,1,3,'serviceprovider','https://serviceprovider.com'),('WSS195','WSS195Name',3,1,3,'serviceprovider','https://serviceprovider.com'),('WSS196','WSS196Name',3,1,3,'serviceprovider','https://serviceprovider.com'),('WSS197','WSS197Name',3,1,3,'serviceprovider','https://serviceprovider.com'),('WSS198','WSS198Name',3,1,3,'serviceprovider','https://serviceprovider.com'),('WSS199','WSS199Name',3,1,3,'serviceprovider','https://serviceprovider.com'),('WSS2','WSS2Name',3,1,3,'serviceprovider','https://serviceprovider.com'),('WSS20','WSS20Name',3,1,3,'serviceprovider','https://serviceprovider.com'),('WSS200','WSS200Name',3,1,3,'serviceprovider','https://serviceprovider.com'),('WSS201','WSS201Name',3,1,3,'serviceprovider','https://serviceprovider.com'),('WSS202','WSS202Name',3,1,3,'serviceprovider','https://serviceprovider.com'),('WSS203','WSS203Name',3,1,3,'serviceprovider','https://serviceprovider.com'),('WSS204','WSS204Name',3,1,3,'serviceprovider','https://serviceprovider.com'),('WSS205','WSS205Name',3,1,3,'serviceprovider','https://serviceprovider.com'),('WSS206','WSS206Name',3,1,3,'serviceprovider','https://serviceprovider.com'),('WSS207','WSS207Name',3,1,3,'serviceprovider','https://serviceprovider.com'),('WSS208','WSS208Name',3,1,3,'serviceprovider','https://serviceprovider.com'),('WSS209','WSS209Name',3,1,3,'serviceprovider','https://serviceprovider.com'),('WSS21','WSS21Name',3,1,3,'serviceprovider','https://serviceprovider.com'),('WSS210','WSS210Name',3,1,3,'serviceprovider','https://serviceprovider.com'),('WSS211','WSS211Name',3,1,3,'serviceprovider','https://serviceprovider.com'),('WSS212','WSS212Name',3,1,3,'serviceprovider','https://serviceprovider.com'),('WSS213','WSS213Name',3,1,3,'serviceprovider','https://serviceprovider.com'),('WSS214','WSS214Name',3,1,3,'serviceprovider','https://serviceprovider.com'),('WSS215','WSS215Name',3,1,3,'serviceprovider','https://serviceprovider.com'),('WSS216','WSS216Name',3,1,3,'serviceprovider','https://serviceprovider.com'),('WSS217','WSS217Name',3,1,3,'serviceprovider','https://serviceprovider.com'),('WSS218','WSS218Name',3,1,3,'serviceprovider','https://serviceprovider.com'),('WSS219','WSS219Name',3,1,3,'serviceprovider','https://serviceprovider.com'),('WSS22','WSS22Name',3,1,3,'serviceprovider','https://serviceprovider.com'),('WSS220','WSS220Name',3,1,3,'serviceprovider','https://serviceprovider.com'),('WSS221','WSS221Name',3,1,3,'serviceprovider','https://serviceprovider.com'),('WSS222','WSS222Name',3,1,3,'serviceprovider','https://serviceprovider.com'),('WSS223','WSS223Name',3,1,3,'serviceprovider','https://serviceprovider.com'),('WSS224','WSS224Name',3,1,3,'serviceprovider','https://serviceprovider.com'),('WSS225','WSS225Name',3,1,3,'serviceprovider','https://serviceprovider.com'),('WSS226','WSS226Name',3,1,3,'serviceprovider','https://serviceprovider.com'),('WSS227','WSS227Name',3,1,3,'serviceprovider','https://serviceprovider.com'),('WSS228','WSS228Name',3,1,3,'serviceprovider','https://serviceprovider.com'),('WSS229','WSS229Name',3,1,3,'serviceprovider','https://serviceprovider.com'),('WSS23','WSS23Name',3,1,3,'serviceprovider','https://serviceprovider.com'),('WSS230','WSS230Name',3,1,3,'serviceprovider','https://serviceprovider.com'),('WSS231','WSS231Name',3,1,3,'serviceprovider','https://serviceprovider.com'),('WSS232','WSS232Name',3,1,3,'serviceprovider','https://serviceprovider.com'),('WSS233','WSS233Name',3,1,3,'serviceprovider','https://serviceprovider.com'),('WSS234','WSS234Name',3,1,3,'serviceprovider','https://serviceprovider.com'),('WSS235','WSS235Name',3,1,3,'serviceprovider','https://serviceprovider.com'),('WSS236','WSS236Name',3,1,3,'serviceprovider','https://serviceprovider.com'),('WSS237','WSS237Name',3,1,3,'serviceprovider','https://serviceprovider.com'),('WSS238','WSS238Name',3,1,3,'serviceprovider','https://serviceprovider.com'),('WSS239','WSS239Name',3,1,3,'serviceprovider','https://serviceprovider.com'),('WSS24','WSS24Name',3,1,3,'serviceprovider','https://serviceprovider.com'),('WSS240','WSS240Name',3,1,3,'serviceprovider','https://serviceprovider.com'),('WSS241','WSS241Name',3,1,3,'serviceprovider','https://serviceprovider.com'),('WSS242','WSS242Name',3,1,3,'serviceprovider','https://serviceprovider.com'),('WSS243','WSS243Name',3,1,3,'serviceprovider','https://serviceprovider.com'),('WSS244','WSS244Name',3,1,3,'serviceprovider','https://serviceprovider.com'),('WSS245','WSS245Name',3,1,3,'serviceprovider','https://serviceprovider.com'),('WSS246','WSS246Name',3,1,3,'serviceprovider','https://serviceprovider.com'),('WSS247','WSS247Name',3,1,3,'serviceprovider','https://serviceprovider.com'),('WSS248','WSS248Name',3,1,3,'serviceprovider','https://serviceprovider.com'),('WSS249','WSS249Name',3,1,3,'serviceprovider','https://serviceprovider.com'),('WSS25','WSS25Name',3,1,3,'serviceprovider','https://serviceprovider.com'),('WSS250','WSS250Name',3,1,3,'serviceprovider','https://serviceprovider.com'),('WSS251','WSS251Name',3,1,3,'serviceprovider','https://serviceprovider.com'),('WSS252','WSS252Name',3,1,3,'serviceprovider','https://serviceprovider.com'),('WSS253','WSS253Name',3,1,3,'serviceprovider','https://serviceprovider.com'),('WSS254','WSS254Name',3,1,3,'serviceprovider','https://serviceprovider.com'),('WSS255','WSS255Name',3,1,3,'serviceprovider','https://serviceprovider.com'),('WSS256','WSS256Name',3,1,3,'serviceprovider','https://serviceprovider.com'),('WSS257','WSS257Name',3,1,3,'serviceprovider','https://serviceprovider.com'),('WSS258','WSS258Name',3,1,3,'serviceprovider','https://serviceprovider.com'),('WSS259','WSS259Name',3,1,3,'serviceprovider','https://serviceprovider.com'),('WSS26','WSS26Name',3,1,3,'serviceprovider','https://serviceprovider.com'),('WSS260','WSS260Name',3,1,3,'serviceprovider','https://serviceprovider.com'),('WSS261','WSS261Name',3,1,3,'serviceprovider','https://serviceprovider.com'),('WSS262','WSS262Name',3,1,3,'serviceprovider','https://serviceprovider.com'),('WSS263','WSS263Name',3,1,3,'serviceprovider','https://serviceprovider.com'),('WSS264','WSS264Name',3,1,3,'serviceprovider','https://serviceprovider.com'),('WSS265','WSS265Name',3,1,3,'serviceprovider','https://serviceprovider.com'),('WSS266','WSS266Name',3,1,3,'serviceprovider','https://serviceprovider.com'),('WSS267','WSS267Name',3,1,3,'serviceprovider','https://serviceprovider.com'),('WSS268','WSS268Name',3,1,3,'serviceprovider','https://serviceprovider.com'),('WSS269','WSS269Name',3,1,3,'serviceprovider','https://serviceprovider.com'),('WSS27','WSS27Name',3,1,3,'serviceprovider','https://serviceprovider.com'),('WSS270','WSS270Name',3,1,3,'serviceprovider','https://serviceprovider.com'),('WSS271','WSS271Name',3,1,3,'serviceprovider','https://serviceprovider.com'),('WSS272','WSS272Name',3,1,3,'serviceprovider','https://serviceprovider.com'),('WSS273','WSS273Name',3,1,3,'serviceprovider','https://serviceprovider.com'),('WSS274','WSS274Name',3,1,3,'serviceprovider','https://serviceprovider.com'),('WSS275','WSS275Name',3,1,3,'serviceprovider','https://serviceprovider.com'),('WSS276','WSS276Name',3,1,3,'serviceprovider','https://serviceprovider.com'),('WSS277','WSS277Name',3,1,3,'serviceprovider','https://serviceprovider.com'),('WSS278','WSS278Name',3,1,3,'serviceprovider','https://serviceprovider.com'),('WSS279','WSS279Name',3,1,3,'serviceprovider','https://serviceprovider.com'),('WSS28','WSS28Name',3,1,3,'serviceprovider','https://serviceprovider.com'),('WSS280','WSS280Name',3,1,3,'serviceprovider','https://serviceprovider.com'),('WSS281','WSS281Name',3,1,3,'serviceprovider','https://serviceprovider.com'),('WSS282','WSS282Name',3,1,3,'serviceprovider','https://serviceprovider.com'),('WSS283','WSS283Name',3,1,3,'serviceprovider','https://serviceprovider.com'),('WSS284','WSS284Name',3,1,3,'serviceprovider','https://serviceprovider.com'),('WSS285','WSS285Name',3,1,3,'serviceprovider','https://serviceprovider.com'),('WSS286','WSS286Name',3,1,3,'serviceprovider','https://serviceprovider.com'),('WSS287','WSS287Name',3,1,3,'serviceprovider','https://serviceprovider.com'),('WSS288','WSS288Name',3,1,3,'serviceprovider','https://serviceprovider.com'),('WSS289','WSS289Name',3,1,3,'serviceprovider','https://serviceprovider.com'),('WSS29','WSS29Name',3,1,3,'serviceprovider','https://serviceprovider.com'),('WSS290','WSS290Name',3,1,3,'serviceprovider','https://serviceprovider.com'),('WSS291','WSS291Name',3,1,3,'serviceprovider','https://serviceprovider.com'),('WSS292','WSS292Name',3,1,3,'serviceprovider','https://serviceprovider.com'),('WSS293','WSS293Name',3,1,3,'serviceprovider','https://serviceprovider.com'),('WSS294','WSS294Name',3,1,3,'serviceprovider','https://serviceprovider.com'),('WSS295','WSS295Name',3,1,3,'serviceprovider','https://serviceprovider.com'),('WSS296','WSS296Name',3,1,3,'serviceprovider','https://serviceprovider.com'),('WSS297','WSS297Name',3,1,3,'serviceprovider','https://serviceprovider.com'),('WSS298','WSS298Name',3,1,3,'serviceprovider','https://serviceprovider.com'),('WSS299','WSS299Name',3,1,3,'serviceprovider','https://serviceprovider.com'),('WSS3','WSS3Name',3,1,3,'serviceprovider','https://serviceprovider.com'),('WSS30','WSS30Name',3,1,3,'serviceprovider','https://serviceprovider.com'),('WSS300','WSS300Name',3,1,3,'serviceprovider','https://serviceprovider.com'),('WSS301','WSS301Name',3,1,3,'serviceprovider','https://serviceprovider.com'),('WSS302','WSS302Name',3,1,3,'serviceprovider','https://serviceprovider.com'),('WSS303','WSS303Name',3,1,3,'serviceprovider','https://serviceprovider.com'),('WSS304','WSS304Name',3,1,3,'serviceprovider','https://serviceprovider.com'),('WSS305','WSS305Name',3,1,3,'serviceprovider','https://serviceprovider.com'),('WSS306','WSS306Name',3,1,3,'serviceprovider','https://serviceprovider.com'),('WSS307','WSS307Name',3,1,3,'serviceprovider','https://serviceprovider.com'),('WSS308','WSS308Name',3,1,3,'serviceprovider','https://serviceprovider.com'),('WSS309','WSS309Name',3,1,3,'serviceprovider','https://serviceprovider.com'),('WSS31','WSS31Name',3,1,3,'serviceprovider','https://serviceprovider.com'),('WSS310','WSS310Name',3,1,3,'serviceprovider','https://serviceprovider.com'),('WSS311','WSS311Name',3,1,3,'serviceprovider','https://serviceprovider.com'),('WSS312','WSS312Name',3,1,3,'serviceprovider','https://serviceprovider.com'),('WSS313','WSS313Name',3,1,3,'serviceprovider','https://serviceprovider.com'),('WSS314','WSS314Name',3,1,3,'serviceprovider','https://serviceprovider.com'),('WSS315','WSS315Name',3,1,3,'serviceprovider','https://serviceprovider.com'),('WSS316','WSS316Name',3,1,3,'serviceprovider','https://serviceprovider.com'),('WSS317','WSS317Name',3,1,3,'serviceprovider','https://serviceprovider.com'),('WSS318','WSS318Name',3,1,3,'serviceprovider','https://serviceprovider.com'),('WSS319','WSS319Name',3,1,3,'serviceprovider','https://serviceprovider.com'),('WSS32','WSS32Name',3,1,3,'serviceprovider','https://serviceprovider.com'),('WSS320','WSS320Name',3,1,3,'serviceprovider','https://serviceprovider.com'),('WSS321','WSS321Name',3,1,3,'serviceprovider','https://serviceprovider.com'),('WSS322','WSS322Name',3,1,3,'serviceprovider','https://serviceprovider.com'),('WSS323','WSS323Name',3,1,3,'serviceprovider','https://serviceprovider.com'),('WSS324','WSS324Name',3,1,3,'serviceprovider','https://serviceprovider.com'),('WSS325','WSS325Name',3,1,3,'serviceprovider','https://serviceprovider.com'),('WSS326','WSS326Name',3,1,3,'serviceprovider','https://serviceprovider.com'),('WSS327','WSS327Name',3,1,3,'serviceprovider','https://serviceprovider.com'),('WSS328','WSS328Name',3,1,3,'serviceprovider','https://serviceprovider.com'),('WSS329','WSS329Name',3,1,3,'serviceprovider','https://serviceprovider.com'),('WSS33','WSS33Name',3,1,3,'serviceprovider','https://serviceprovider.com'),('WSS330','WSS330Name',3,1,3,'serviceprovider','https://serviceprovider.com'),('WSS331','WSS331Name',3,1,3,'serviceprovider','https://serviceprovider.com'),('WSS332','WSS332Name',3,1,3,'serviceprovider','https://serviceprovider.com'),('WSS333','WSS333Name',3,1,3,'serviceprovider','https://serviceprovider.com'),('WSS334','WSS334Name',3,1,3,'serviceprovider','https://serviceprovider.com'),('WSS335','WSS335Name',3,1,3,'serviceprovider','https://serviceprovider.com'),('WSS336','WSS336Name',3,1,3,'serviceprovider','https://serviceprovider.com'),('WSS337','WSS337Name',3,1,3,'serviceprovider','https://serviceprovider.com'),('WSS338','WSS338Name',3,1,3,'serviceprovider','https://serviceprovider.com'),('WSS339','WSS339Name',3,1,3,'serviceprovider','https://serviceprovider.com'),('WSS34','WSS34Name',3,1,3,'serviceprovider','https://serviceprovider.com'),('WSS340','WSS340Name',3,1,3,'serviceprovider','https://serviceprovider.com'),('WSS341','WSS341Name',3,1,3,'serviceprovider','https://serviceprovider.com'),('WSS342','WSS342Name',3,1,3,'serviceprovider','https://serviceprovider.com'),('WSS343','WSS343Name',3,1,3,'serviceprovider','https://serviceprovider.com'),('WSS344','WSS344Name',3,1,3,'serviceprovider','https://serviceprovider.com'),('WSS345','WSS345Name',3,1,3,'serviceprovider','https://serviceprovider.com'),('WSS346','WSS346Name',3,1,3,'serviceprovider','https://serviceprovider.com'),('WSS347','WSS347Name',3,1,3,'serviceprovider','https://serviceprovider.com'),('WSS348','WSS348Name',3,1,3,'serviceprovider','https://serviceprovider.com'),('WSS349','WSS349Name',3,1,3,'serviceprovider','https://serviceprovider.com'),('WSS35','WSS35Name',3,1,3,'serviceprovider','https://serviceprovider.com'),('WSS350','WSS350Name',3,1,3,'serviceprovider','https://serviceprovider.com'),('WSS351','WSS351Name',3,1,3,'serviceprovider','https://serviceprovider.com'),('WSS352','WSS352Name',3,1,3,'serviceprovider','https://serviceprovider.com'),('WSS353','WSS353Name',3,1,3,'serviceprovider','https://serviceprovider.com'),('WSS354','WSS354Name',3,1,3,'serviceprovider','https://serviceprovider.com'),('WSS355','WSS355Name',3,1,3,'serviceprovider','https://serviceprovider.com'),('WSS356','WSS356Name',3,1,3,'serviceprovider','https://serviceprovider.com'),('WSS357','WSS357Name',3,1,3,'serviceprovider','https://serviceprovider.com'),('WSS358','WSS358Name',3,1,3,'serviceprovider','https://serviceprovider.com'),('WSS359','WSS359Name',3,1,3,'serviceprovider','https://serviceprovider.com'),('WSS36','WSS36Name',3,1,3,'serviceprovider','https://serviceprovider.com'),('WSS360','WSS360Name',3,1,3,'serviceprovider','https://serviceprovider.com'),('WSS361','WSS361Name',3,1,3,'serviceprovider','https://serviceprovider.com'),('WSS362','WSS362Name',3,1,3,'serviceprovider','https://serviceprovider.com'),('WSS363','WSS363Name',3,1,3,'serviceprovider','https://serviceprovider.com'),('WSS364','WSS364Name',3,1,3,'serviceprovider','https://serviceprovider.com'),('WSS365','WSS365Name',3,1,3,'serviceprovider','https://serviceprovider.com'),('WSS366','WSS366Name',3,1,3,'serviceprovider','https://serviceprovider.com'),('WSS367','WSS367Name',3,1,3,'serviceprovider','https://serviceprovider.com'),('WSS368','WSS368Name',3,1,3,'serviceprovider','https://serviceprovider.com'),('WSS369','WSS369Name',3,1,3,'serviceprovider','https://serviceprovider.com'),('WSS37','WSS37Name',3,1,3,'serviceprovider','https://serviceprovider.com'),('WSS370','WSS370Name',3,1,3,'serviceprovider','https://serviceprovider.com'),('WSS371','WSS371Name',3,1,3,'serviceprovider','https://serviceprovider.com'),('WSS372','WSS372Name',3,1,3,'serviceprovider','https://serviceprovider.com'),('WSS373','WSS373Name',3,1,3,'serviceprovider','https://serviceprovider.com'),('WSS374','WSS374Name',3,1,3,'serviceprovider','https://serviceprovider.com'),('WSS375','WSS375Name',3,1,3,'serviceprovider','https://serviceprovider.com'),('WSS376','WSS376Name',3,1,3,'serviceprovider','https://serviceprovider.com'),('WSS377','WSS377Name',3,1,3,'serviceprovider','https://serviceprovider.com'),('WSS378','WSS378Name',3,1,3,'serviceprovider','https://serviceprovider.com'),('WSS379','WSS379Name',3,1,3,'serviceprovider','https://serviceprovider.com'),('WSS38','WSS38Name',3,1,3,'serviceprovider','https://serviceprovider.com'),('WSS380','WSS380Name',3,1,3,'serviceprovider','https://serviceprovider.com'),('WSS381','WSS381Name',3,1,3,'serviceprovider','https://serviceprovider.com'),('WSS382','WSS382Name',3,1,3,'serviceprovider','https://serviceprovider.com'),('WSS383','WSS383Name',3,1,3,'serviceprovider','https://serviceprovider.com'),('WSS384','WSS384Name',3,1,3,'serviceprovider','https://serviceprovider.com'),('WSS385','WSS385Name',3,1,3,'serviceprovider','https://serviceprovider.com'),('WSS386','WSS386Name',3,1,3,'serviceprovider','https://serviceprovider.com'),('WSS387','WSS387Name',3,1,3,'serviceprovider','https://serviceprovider.com'),('WSS388','WSS388Name',3,1,3,'serviceprovider','https://serviceprovider.com'),('WSS389','WSS389Name',3,1,3,'serviceprovider','https://serviceprovider.com'),('WSS39','WSS39Name',3,1,3,'serviceprovider','https://serviceprovider.com'),('WSS390','WSS390Name',3,1,3,'serviceprovider','https://serviceprovider.com'),('WSS391','WSS391Name',3,1,3,'serviceprovider','https://serviceprovider.com'),('WSS392','WSS392Name',3,1,3,'serviceprovider','https://serviceprovider.com'),('WSS393','WSS393Name',3,1,3,'serviceprovider','https://serviceprovider.com'),('WSS394','WSS394Name',3,1,3,'serviceprovider','https://serviceprovider.com'),('WSS395','WSS395Name',3,1,3,'serviceprovider','https://serviceprovider.com'),('WSS396','WSS396Name',3,1,3,'serviceprovider','https://serviceprovider.com'),('WSS397','WSS397Name',3,1,3,'serviceprovider','https://serviceprovider.com'),('WSS398','WSS398Name',3,1,3,'serviceprovider','https://serviceprovider.com'),('WSS399','WSS399Name',3,1,3,'serviceprovider','https://serviceprovider.com'),('WSS4','WSS4Name',3,1,3,'serviceprovider','https://serviceprovider.com'),('WSS40','WSS40Name',3,1,3,'serviceprovider','https://serviceprovider.com'),('WSS400','WSS400Name',3,1,3,'serviceprovider','https://serviceprovider.com'),('WSS401','WSS401Name',3,1,3,'serviceprovider','https://serviceprovider.com'),('WSS402','WSS402Name',3,1,3,'serviceprovider','https://serviceprovider.com'),('WSS403','WSS403Name',3,1,3,'serviceprovider','https://serviceprovider.com'),('WSS404','WSS404Name',3,1,3,'serviceprovider','https://serviceprovider.com'),('WSS405','WSS405Name',3,1,3,'serviceprovider','https://serviceprovider.com'),('WSS406','WSS406Name',3,1,3,'serviceprovider','https://serviceprovider.com'),('WSS407','WSS407Name',3,1,3,'serviceprovider','https://serviceprovider.com'),('WSS408','WSS408Name',3,1,3,'serviceprovider','https://serviceprovider.com'),('WSS409','WSS409Name',3,1,3,'serviceprovider','https://serviceprovider.com'),('WSS41','WSS41Name',3,1,3,'serviceprovider','https://serviceprovider.com'),('WSS410','WSS410Name',3,1,3,'serviceprovider','https://serviceprovider.com'),('WSS411','WSS411Name',3,1,3,'serviceprovider','https://serviceprovider.com'),('WSS412','WSS412Name',3,1,3,'serviceprovider','https://serviceprovider.com'),('WSS413','WSS413Name',3,1,3,'serviceprovider','https://serviceprovider.com'),('WSS414','WSS414Name',3,1,3,'serviceprovider','https://serviceprovider.com'),('WSS415','WSS415Name',3,1,3,'serviceprovider','https://serviceprovider.com'),('WSS416','WSS416Name',3,1,3,'serviceprovider','https://serviceprovider.com'),('WSS417','WSS417Name',3,1,3,'serviceprovider','https://serviceprovider.com'),('WSS418','WSS418Name',3,1,3,'serviceprovider','https://serviceprovider.com'),('WSS419','WSS419Name',3,1,3,'serviceprovider','https://serviceprovider.com'),('WSS42','WSS42Name',3,1,3,'serviceprovider','https://serviceprovider.com'),('WSS420','WSS420Name',3,1,3,'serviceprovider','https://serviceprovider.com'),('WSS421','WSS421Name',3,1,3,'serviceprovider','https://serviceprovider.com'),('WSS422','WSS422Name',3,1,3,'serviceprovider','https://serviceprovider.com'),('WSS423','WSS423Name',3,1,3,'serviceprovider','https://serviceprovider.com'),('WSS424','WSS424Name',3,1,3,'serviceprovider','https://serviceprovider.com'),('WSS425','WSS425Name',3,1,3,'serviceprovider','https://serviceprovider.com'),('WSS426','WSS426Name',3,1,3,'serviceprovider','https://serviceprovider.com'),('WSS427','WSS427Name',3,1,3,'serviceprovider','https://serviceprovider.com'),('WSS428','WSS428Name',3,1,3,'serviceprovider','https://serviceprovider.com'),('WSS429','WSS429Name',3,1,3,'serviceprovider','https://serviceprovider.com'),('WSS43','WSS43Name',3,1,3,'serviceprovider','https://serviceprovider.com'),('WSS430','WSS430Name',3,1,3,'serviceprovider','https://serviceprovider.com'),('WSS431','WSS431Name',3,1,3,'serviceprovider','https://serviceprovider.com'),('WSS432','WSS432Name',3,1,3,'serviceprovider','https://serviceprovider.com'),('WSS433','WSS433Name',3,1,3,'serviceprovider','https://serviceprovider.com'),('WSS434','WSS434Name',3,1,3,'serviceprovider','https://serviceprovider.com'),('WSS435','WSS435Name',3,1,3,'serviceprovider','https://serviceprovider.com'),('WSS436','WSS436Name',3,1,3,'serviceprovider','https://serviceprovider.com'),('WSS437','WSS437Name',3,1,3,'serviceprovider','https://serviceprovider.com'),('WSS438','WSS438Name',3,1,3,'serviceprovider','https://serviceprovider.com'),('WSS439','WSS439Name',3,1,3,'serviceprovider','https://serviceprovider.com'),('WSS44','WSS44Name',3,1,3,'serviceprovider','https://serviceprovider.com'),('WSS440','WSS440Name',3,1,3,'serviceprovider','https://serviceprovider.com'),('WSS441','WSS441Name',3,1,3,'serviceprovider','https://serviceprovider.com'),('WSS442','WSS442Name',3,1,3,'serviceprovider','https://serviceprovider.com'),('WSS443','WSS443Name',3,1,3,'serviceprovider','https://serviceprovider.com'),('WSS444','WSS444Name',3,1,3,'serviceprovider','https://serviceprovider.com'),('WSS445','WSS445Name',3,1,3,'serviceprovider','https://serviceprovider.com'),('WSS446','WSS446Name',3,1,3,'serviceprovider','https://serviceprovider.com'),('WSS447','WSS447Name',3,1,3,'serviceprovider','https://serviceprovider.com'),('WSS448','WSS448Name',3,1,3,'serviceprovider','https://serviceprovider.com'),('WSS449','WSS449Name',3,1,3,'serviceprovider','https://serviceprovider.com'),('WSS45','WSS45Name',3,1,3,'serviceprovider','https://serviceprovider.com'),('WSS450','WSS450Name',3,1,3,'serviceprovider','https://serviceprovider.com'),('WSS451','WSS451Name',3,1,3,'serviceprovider','https://serviceprovider.com'),('WSS452','WSS452Name',3,1,3,'serviceprovider','https://serviceprovider.com'),('WSS453','WSS453Name',3,1,3,'serviceprovider','https://serviceprovider.com'),('WSS454','WSS454Name',3,1,3,'serviceprovider','https://serviceprovider.com'),('WSS455','WSS455Name',3,1,3,'serviceprovider','https://serviceprovider.com'),('WSS456','WSS456Name',3,1,3,'serviceprovider','https://serviceprovider.com'),('WSS457','WSS457Name',3,1,3,'serviceprovider','https://serviceprovider.com'),('WSS458','WSS458Name',3,1,3,'serviceprovider','https://serviceprovider.com'),('WSS459','WSS459Name',3,1,3,'serviceprovider','https://serviceprovider.com'),('WSS46','WSS46Name',3,1,3,'serviceprovider','https://serviceprovider.com'),('WSS460','WSS460Name',3,1,3,'serviceprovider','https://serviceprovider.com'),('WSS461','WSS461Name',3,1,3,'serviceprovider','https://serviceprovider.com'),('WSS462','WSS462Name',3,1,3,'serviceprovider','https://serviceprovider.com'),('WSS463','WSS463Name',3,1,3,'serviceprovider','https://serviceprovider.com'),('WSS464','WSS464Name',3,1,3,'serviceprovider','https://serviceprovider.com'),('WSS465','WSS465Name',3,1,3,'serviceprovider','https://serviceprovider.com'),('WSS466','WSS466Name',3,1,3,'serviceprovider','https://serviceprovider.com'),('WSS467','WSS467Name',3,1,3,'serviceprovider','https://serviceprovider.com'),('WSS468','WSS468Name',3,1,3,'serviceprovider','https://serviceprovider.com'),('WSS469','WSS469Name',3,1,3,'serviceprovider','https://serviceprovider.com'),('WSS47','WSS47Name',3,1,3,'serviceprovider','https://serviceprovider.com'),('WSS470','WSS470Name',3,1,3,'serviceprovider','https://serviceprovider.com'),('WSS471','WSS471Name',3,1,3,'serviceprovider','https://serviceprovider.com'),('WSS472','WSS472Name',3,1,3,'serviceprovider','https://serviceprovider.com'),('WSS473','WSS473Name',3,1,3,'serviceprovider','https://serviceprovider.com'),('WSS474','WSS474Name',3,1,3,'serviceprovider','https://serviceprovider.com'),('WSS475','WSS475Name',3,1,3,'serviceprovider','https://serviceprovider.com'),('WSS476','WSS476Name',3,1,3,'serviceprovider','https://serviceprovider.com'),('WSS477','WSS477Name',3,1,3,'serviceprovider','https://serviceprovider.com'),('WSS478','WSS478Name',3,1,3,'serviceprovider','https://serviceprovider.com'),('WSS479','WSS479Name',3,1,3,'serviceprovider','https://serviceprovider.com'),('WSS48','WSS48Name',3,1,3,'serviceprovider','https://serviceprovider.com'),('WSS480','WSS480Name',3,1,3,'serviceprovider','https://serviceprovider.com'),('WSS481','WSS481Name',3,1,3,'serviceprovider','https://serviceprovider.com'),('WSS482','WSS482Name',3,1,3,'serviceprovider','https://serviceprovider.com'),('WSS483','WSS483Name',3,1,3,'serviceprovider','https://serviceprovider.com'),('WSS484','WSS484Name',3,1,3,'serviceprovider','https://serviceprovider.com'),('WSS485','WSS485Name',3,1,3,'serviceprovider','https://serviceprovider.com'),('WSS486','WSS486Name',3,1,3,'serviceprovider','https://serviceprovider.com'),('WSS487','WSS487Name',3,1,3,'serviceprovider','https://serviceprovider.com'),('WSS488','WSS488Name',3,1,3,'serviceprovider','https://serviceprovider.com'),('WSS489','WSS489Name',3,1,3,'serviceprovider','https://serviceprovider.com'),('WSS49','WSS49Name',3,1,3,'serviceprovider','https://serviceprovider.com'),('WSS490','WSS490Name',3,1,3,'serviceprovider','https://serviceprovider.com'),('WSS491','WSS491Name',3,1,3,'serviceprovider','https://serviceprovider.com'),('WSS492','WSS492Name',3,1,3,'serviceprovider','https://serviceprovider.com'),('WSS493','WSS493Name',3,1,3,'serviceprovider','https://serviceprovider.com'),('WSS494','WSS494Name',3,1,3,'serviceprovider','https://serviceprovider.com'),('WSS495','WSS495Name',3,1,3,'serviceprovider','https://serviceprovider.com'),('WSS496','WSS496Name',3,1,3,'serviceprovider','https://serviceprovider.com'),('WSS497','WSS497Name',3,1,3,'serviceprovider','https://serviceprovider.com'),('WSS498','WSS498Name',3,1,3,'serviceprovider','https://serviceprovider.com'),('WSS499','WSS499Name',3,1,3,'serviceprovider','https://serviceprovider.com'),('WSS5','WSS5Name',3,1,3,'serviceprovider','https://serviceprovider.com'),('WSS50','WSS50Name',3,1,3,'serviceprovider','https://serviceprovider.com'),('WSS500','WSS500Name',3,1,3,'serviceprovider','https://serviceprovider.com'),('WSS501','WSS501Name',3,1,3,'serviceprovider','https://serviceprovider.com'),('WSS502','WSS502Name',3,1,3,'serviceprovider','https://serviceprovider.com'),('WSS503','WSS503Name',3,1,3,'serviceprovider','https://serviceprovider.com'),('WSS504','WSS504Name',3,1,3,'serviceprovider','https://serviceprovider.com'),('WSS505','WSS505Name',3,1,3,'serviceprovider','https://serviceprovider.com'),('WSS506','WSS506Name',3,1,3,'serviceprovider','https://serviceprovider.com'),('WSS507','WSS507Name',3,1,3,'serviceprovider','https://serviceprovider.com'),('WSS508','WSS508Name',3,1,3,'serviceprovider','https://serviceprovider.com'),('WSS509','WSS509Name',3,1,3,'serviceprovider','https://serviceprovider.com'),('WSS51','WSS51Name',3,1,3,'serviceprovider','https://serviceprovider.com'),('WSS510','WSS510Name',3,1,3,'serviceprovider','https://serviceprovider.com'),('WSS511','WSS511Name',3,1,3,'serviceprovider','https://serviceprovider.com'),('WSS512','WSS512Name',3,1,3,'serviceprovider','https://serviceprovider.com'),('WSS513','WSS513Name',3,1,3,'serviceprovider','https://serviceprovider.com'),('WSS514','WSS514Name',3,1,3,'serviceprovider','https://serviceprovider.com'),('WSS515','WSS515Name',3,1,3,'serviceprovider','https://serviceprovider.com'),('WSS516','WSS516Name',3,1,3,'serviceprovider','https://serviceprovider.com'),('WSS517','WSS517Name',3,1,3,'serviceprovider','https://serviceprovider.com'),('WSS518','WSS518Name',3,1,3,'serviceprovider','https://serviceprovider.com'),('WSS519','WSS519Name',3,1,3,'serviceprovider','https://serviceprovider.com'),('WSS52','WSS52Name',3,1,3,'serviceprovider','https://serviceprovider.com'),('WSS520','WSS520Name',3,1,3,'serviceprovider','https://serviceprovider.com'),('WSS521','WSS521Name',3,1,3,'serviceprovider','https://serviceprovider.com'),('WSS522','WSS522Name',3,1,3,'serviceprovider','https://serviceprovider.com'),('WSS523','WSS523Name',3,1,3,'serviceprovider','https://serviceprovider.com'),('WSS524','WSS524Name',3,1,3,'serviceprovider','https://serviceprovider.com'),('WSS525','WSS525Name',3,1,3,'serviceprovider','https://serviceprovider.com'),('WSS526','WSS526Name',3,1,3,'serviceprovider','https://serviceprovider.com'),('WSS527','WSS527Name',3,1,3,'serviceprovider','https://serviceprovider.com'),('WSS528','WSS528Name',3,1,3,'serviceprovider','https://serviceprovider.com'),('WSS529','WSS529Name',3,1,3,'serviceprovider','https://serviceprovider.com'),('WSS53','WSS53Name',3,1,3,'serviceprovider','https://serviceprovider.com'),('WSS530','WSS530Name',3,1,3,'serviceprovider','https://serviceprovider.com'),('WSS531','WSS531Name',3,1,3,'serviceprovider','https://serviceprovider.com'),('WSS532','WSS532Name',3,1,3,'serviceprovider','https://serviceprovider.com'),('WSS533','WSS533Name',3,1,3,'serviceprovider','https://serviceprovider.com'),('WSS534','WSS534Name',3,1,3,'serviceprovider','https://serviceprovider.com'),('WSS535','WSS535Name',3,1,3,'serviceprovider','https://serviceprovider.com'),('WSS536','WSS536Name',3,1,3,'serviceprovider','https://serviceprovider.com'),('WSS537','WSS537Name',3,1,3,'serviceprovider','https://serviceprovider.com'),('WSS538','WSS538Name',3,1,3,'serviceprovider','https://serviceprovider.com'),('WSS539','WSS539Name',3,1,3,'serviceprovider','https://serviceprovider.com'),('WSS54','WSS54Name',3,1,3,'serviceprovider','https://serviceprovider.com'),('WSS540','WSS540Name',3,1,3,'serviceprovider','https://serviceprovider.com'),('WSS541','WSS541Name',3,1,3,'serviceprovider','https://serviceprovider.com'),('WSS542','WSS542Name',3,1,3,'serviceprovider','https://serviceprovider.com'),('WSS543','WSS543Name',3,1,3,'serviceprovider','https://serviceprovider.com'),('WSS544','WSS544Name',3,1,3,'serviceprovider','https://serviceprovider.com'),('WSS545','WSS545Name',3,1,3,'serviceprovider','https://serviceprovider.com'),('WSS546','WSS546Name',3,1,3,'serviceprovider','https://serviceprovider.com'),('WSS547','WSS547Name',3,1,3,'serviceprovider','https://serviceprovider.com'),('WSS548','WSS548Name',3,1,3,'serviceprovider','https://serviceprovider.com'),('WSS549','WSS549Name',3,1,3,'serviceprovider','https://serviceprovider.com'),('WSS55','WSS55Name',3,1,3,'serviceprovider','https://serviceprovider.com'),('WSS550','WSS550Name',3,1,3,'serviceprovider','https://serviceprovider.com'),('WSS551','WSS551Name',3,1,3,'serviceprovider','https://serviceprovider.com'),('WSS552','WSS552Name',3,1,3,'serviceprovider','https://serviceprovider.com'),('WSS553','WSS553Name',3,1,3,'serviceprovider','https://serviceprovider.com'),('WSS554','WSS554Name',3,1,3,'serviceprovider','https://serviceprovider.com'),('WSS555','WSS555Name',3,1,3,'serviceprovider','https://serviceprovider.com'),('WSS556','WSS556Name',3,1,3,'serviceprovider','https://serviceprovider.com'),('WSS557','WSS557Name',3,1,3,'serviceprovider','https://serviceprovider.com'),('WSS558','WSS558Name',3,1,3,'serviceprovider','https://serviceprovider.com'),('WSS559','WSS559Name',3,1,3,'serviceprovider','https://serviceprovider.com'),('WSS56','WSS56Name',3,1,3,'serviceprovider','https://serviceprovider.com'),('WSS560','WSS560Name',3,1,3,'serviceprovider','https://serviceprovider.com'),('WSS561','WSS561Name',3,1,3,'serviceprovider','https://serviceprovider.com'),('WSS562','WSS562Name',3,1,3,'serviceprovider','https://serviceprovider.com'),('WSS563','WSS563Name',3,1,3,'serviceprovider','https://serviceprovider.com'),('WSS564','WSS564Name',3,1,3,'serviceprovider','https://serviceprovider.com'),('WSS565','WSS565Name',3,1,3,'serviceprovider','https://serviceprovider.com'),('WSS566','WSS566Name',3,1,3,'serviceprovider','https://serviceprovider.com'),('WSS567','WSS567Name',3,1,3,'serviceprovider','https://serviceprovider.com'),('WSS568','WSS568Name',3,1,3,'serviceprovider','https://serviceprovider.com'),('WSS569','WSS569Name',3,1,3,'serviceprovider','https://serviceprovider.com'),('WSS57','WSS57Name',3,1,3,'serviceprovider','https://serviceprovider.com'),('WSS570','WSS570Name',3,1,3,'serviceprovider','https://serviceprovider.com'),('WSS571','WSS571Name',3,1,3,'serviceprovider','https://serviceprovider.com'),('WSS572','WSS572Name',3,1,3,'serviceprovider','https://serviceprovider.com'),('WSS573','WSS573Name',3,1,3,'serviceprovider','https://serviceprovider.com'),('WSS574','WSS574Name',3,1,3,'serviceprovider','https://serviceprovider.com'),('WSS575','WSS575Name',3,1,3,'serviceprovider','https://serviceprovider.com'),('WSS576','WSS576Name',3,1,3,'serviceprovider','https://serviceprovider.com'),('WSS577','WSS577Name',3,1,3,'serviceprovider','https://serviceprovider.com'),('WSS578','WSS578Name',3,1,3,'serviceprovider','https://serviceprovider.com'),('WSS579','WSS579Name',3,1,3,'serviceprovider','https://serviceprovider.com'),('WSS58','WSS58Name',3,1,3,'serviceprovider','https://serviceprovider.com'),('WSS580','WSS580Name',3,1,3,'serviceprovider','https://serviceprovider.com'),('WSS581','WSS581Name',3,1,3,'serviceprovider','https://serviceprovider.com'),('WSS582','WSS582Name',3,1,3,'serviceprovider','https://serviceprovider.com'),('WSS583','WSS583Name',3,1,3,'serviceprovider','https://serviceprovider.com'),('WSS584','WSS584Name',3,1,3,'serviceprovider','https://serviceprovider.com'),('WSS585','WSS585Name',3,1,3,'serviceprovider','https://serviceprovider.com'),('WSS586','WSS586Name',3,1,3,'serviceprovider','https://serviceprovider.com'),('WSS587','WSS587Name',3,1,3,'serviceprovider','https://serviceprovider.com'),('WSS588','WSS588Name',3,1,3,'serviceprovider','https://serviceprovider.com'),('WSS589','WSS589Name',3,1,3,'serviceprovider','https://serviceprovider.com'),('WSS59','WSS59Name',3,1,3,'serviceprovider','https://serviceprovider.com'),('WSS590','WSS590Name',3,1,3,'serviceprovider','https://serviceprovider.com'),('WSS591','WSS591Name',3,1,3,'serviceprovider','https://serviceprovider.com'),('WSS592','WSS592Name',3,1,3,'serviceprovider','https://serviceprovider.com'),('WSS593','WSS593Name',3,1,3,'serviceprovider','https://serviceprovider.com'),('WSS594','WSS594Name',3,1,3,'serviceprovider','https://serviceprovider.com'),('WSS595','WSS595Name',3,1,3,'serviceprovider','https://serviceprovider.com'),('WSS596','WSS596Name',3,1,3,'serviceprovider','https://serviceprovider.com'),('WSS597','WSS597Name',3,1,3,'serviceprovider','https://serviceprovider.com'),('WSS598','WSS598Name',3,1,3,'serviceprovider','https://serviceprovider.com'),('WSS599','WSS599Name',3,1,3,'serviceprovider','https://serviceprovider.com'),('WSS6','WSS6Name',3,1,3,'serviceprovider','https://serviceprovider.com'),('WSS60','WSS60Name',3,1,3,'serviceprovider','https://serviceprovider.com'),('WSS600','WSS600Name',3,1,3,'serviceprovider','https://serviceprovider.com'),('WSS601','WSS601Name',3,1,3,'serviceprovider','https://serviceprovider.com'),('WSS602','WSS602Name',3,1,3,'serviceprovider','https://serviceprovider.com'),('WSS603','WSS603Name',3,1,3,'serviceprovider','https://serviceprovider.com'),('WSS604','WSS604Name',3,1,3,'serviceprovider','https://serviceprovider.com'),('WSS605','WSS605Name',3,1,3,'serviceprovider','https://serviceprovider.com'),('WSS606','WSS606Name',3,1,3,'serviceprovider','https://serviceprovider.com'),('WSS607','WSS607Name',3,1,3,'serviceprovider','https://serviceprovider.com'),('WSS608','WSS608Name',3,1,3,'serviceprovider','https://serviceprovider.com'),('WSS609','WSS609Name',3,1,3,'serviceprovider','https://serviceprovider.com'),('WSS61','WSS61Name',3,1,3,'serviceprovider','https://serviceprovider.com'),('WSS610','WSS610Name',3,1,3,'serviceprovider','https://serviceprovider.com'),('WSS611','WSS611Name',3,1,3,'serviceprovider','https://serviceprovider.com'),('WSS612','WSS612Name',3,1,3,'serviceprovider','https://serviceprovider.com'),('WSS613','WSS613Name',3,1,3,'serviceprovider','https://serviceprovider.com'),('WSS614','WSS614Name',3,1,3,'serviceprovider','https://serviceprovider.com'),('WSS615','WSS615Name',3,1,3,'serviceprovider','https://serviceprovider.com'),('WSS616','WSS616Name',3,1,3,'serviceprovider','https://serviceprovider.com'),('WSS617','WSS617Name',3,1,3,'serviceprovider','https://serviceprovider.com'),('WSS618','WSS618Name',3,1,3,'serviceprovider','https://serviceprovider.com'),('WSS619','WSS619Name',3,1,3,'serviceprovider','https://serviceprovider.com'),('WSS62','WSS62Name',3,1,3,'serviceprovider','https://serviceprovider.com'),('WSS620','WSS620Name',3,1,3,'serviceprovider','https://serviceprovider.com'),('WSS621','WSS621Name',3,1,3,'serviceprovider','https://serviceprovider.com'),('WSS622','WSS622Name',3,1,3,'serviceprovider','https://serviceprovider.com'),('WSS623','WSS623Name',3,1,3,'serviceprovider','https://serviceprovider.com'),('WSS624','WSS624Name',3,1,3,'serviceprovider','https://serviceprovider.com'),('WSS625','WSS625Name',3,1,3,'serviceprovider','https://serviceprovider.com'),('WSS626','WSS626Name',3,1,3,'serviceprovider','https://serviceprovider.com'),('WSS627','WSS627Name',3,1,3,'serviceprovider','https://serviceprovider.com'),('WSS628','WSS628Name',3,1,3,'serviceprovider','https://serviceprovider.com'),('WSS629','WSS629Name',3,1,3,'serviceprovider','https://serviceprovider.com'),('WSS63','WSS63Name',3,1,3,'serviceprovider','https://serviceprovider.com'),('WSS630','WSS630Name',3,1,3,'serviceprovider','https://serviceprovider.com'),('WSS631','WSS631Name',3,1,3,'serviceprovider','https://serviceprovider.com'),('WSS632','WSS632Name',3,1,3,'serviceprovider','https://serviceprovider.com'),('WSS633','WSS633Name',3,1,3,'serviceprovider','https://serviceprovider.com'),('WSS634','WSS634Name',3,1,3,'serviceprovider','https://serviceprovider.com'),('WSS635','WSS635Name',3,1,3,'serviceprovider','https://serviceprovider.com'),('WSS636','WSS636Name',3,1,3,'serviceprovider','https://serviceprovider.com'),('WSS637','WSS637Name',3,1,3,'serviceprovider','https://serviceprovider.com'),('WSS638','WSS638Name',3,1,3,'serviceprovider','https://serviceprovider.com'),('WSS639','WSS639Name',3,1,3,'serviceprovider','https://serviceprovider.com'),('WSS64','WSS64Name',3,1,3,'serviceprovider','https://serviceprovider.com'),('WSS640','WSS640Name',3,1,3,'serviceprovider','https://serviceprovider.com'),('WSS641','WSS641Name',3,1,3,'serviceprovider','https://serviceprovider.com'),('WSS642','WSS642Name',3,1,3,'serviceprovider','https://serviceprovider.com'),('WSS643','WSS643Name',3,1,3,'serviceprovider','https://serviceprovider.com'),('WSS644','WSS644Name',3,1,3,'serviceprovider','https://serviceprovider.com'),('WSS645','WSS645Name',3,1,3,'serviceprovider','https://serviceprovider.com'),('WSS646','WSS646Name',3,1,3,'serviceprovider','https://serviceprovider.com'),('WSS647','WSS647Name',3,1,3,'serviceprovider','https://serviceprovider.com'),('WSS648','WSS648Name',3,1,3,'serviceprovider','https://serviceprovider.com'),('WSS649','WSS649Name',3,1,3,'serviceprovider','https://serviceprovider.com'),('WSS65','WSS65Name',3,1,3,'serviceprovider','https://serviceprovider.com'),('WSS650','WSS650Name',3,1,3,'serviceprovider','https://serviceprovider.com'),('WSS651','WSS651Name',3,1,3,'serviceprovider','https://serviceprovider.com'),('WSS652','WSS652Name',3,1,3,'serviceprovider','https://serviceprovider.com'),('WSS653','WSS653Name',3,1,3,'serviceprovider','https://serviceprovider.com'),('WSS654','WSS654Name',3,1,3,'serviceprovider','https://serviceprovider.com'),('WSS655','WSS655Name',3,1,3,'serviceprovider','https://serviceprovider.com'),('WSS656','WSS656Name',3,1,3,'serviceprovider','https://serviceprovider.com'),('WSS657','WSS657Name',3,1,3,'serviceprovider','https://serviceprovider.com'),('WSS658','WSS658Name',3,1,3,'serviceprovider','https://serviceprovider.com'),('WSS659','WSS659Name',3,1,3,'serviceprovider','https://serviceprovider.com'),('WSS66','WSS66Name',3,1,3,'serviceprovider','https://serviceprovider.com'),('WSS660','WSS660Name',3,1,3,'serviceprovider','https://serviceprovider.com'),('WSS661','WSS661Name',3,1,3,'serviceprovider','https://serviceprovider.com'),('WSS662','WSS662Name',3,1,3,'serviceprovider','https://serviceprovider.com'),('WSS663','WSS663Name',3,1,3,'serviceprovider','https://serviceprovider.com'),('WSS664','WSS664Name',3,1,3,'serviceprovider','https://serviceprovider.com'),('WSS665','WSS665Name',3,1,3,'serviceprovider','https://serviceprovider.com'),('WSS666','WSS666Name',3,1,3,'serviceprovider','https://serviceprovider.com'),('WSS667','WSS667Name',3,1,3,'serviceprovider','https://serviceprovider.com'),('WSS668','WSS668Name',3,1,3,'serviceprovider','https://serviceprovider.com'),('WSS669','WSS669Name',3,1,3,'serviceprovider','https://serviceprovider.com'),('WSS67','WSS67Name',3,1,3,'serviceprovider','https://serviceprovider.com'),('WSS670','WSS670Name',3,1,3,'serviceprovider','https://serviceprovider.com'),('WSS671','WSS671Name',3,1,3,'serviceprovider','https://serviceprovider.com'),('WSS672','WSS672Name',3,1,3,'serviceprovider','https://serviceprovider.com'),('WSS673','WSS673Name',3,1,3,'serviceprovider','https://serviceprovider.com'),('WSS674','WSS674Name',3,1,3,'serviceprovider','https://serviceprovider.com'),('WSS675','WSS675Name',3,1,3,'serviceprovider','https://serviceprovider.com'),('WSS676','WSS676Name',3,1,3,'serviceprovider','https://serviceprovider.com'),('WSS677','WSS677Name',3,1,3,'serviceprovider','https://serviceprovider.com'),('WSS678','WSS678Name',3,1,3,'serviceprovider','https://serviceprovider.com'),('WSS679','WSS679Name',3,1,3,'serviceprovider','https://serviceprovider.com'),('WSS68','WSS68Name',3,1,3,'serviceprovider','https://serviceprovider.com'),('WSS680','WSS680Name',3,1,3,'serviceprovider','https://serviceprovider.com'),('WSS681','WSS681Name',3,1,3,'serviceprovider','https://serviceprovider.com'),('WSS682','WSS682Name',3,1,3,'serviceprovider','https://serviceprovider.com'),('WSS683','WSS683Name',3,1,3,'serviceprovider','https://serviceprovider.com'),('WSS684','WSS684Name',3,1,3,'serviceprovider','https://serviceprovider.com'),('WSS685','WSS685Name',3,1,3,'serviceprovider','https://serviceprovider.com'),('WSS686','WSS686Name',3,1,3,'serviceprovider','https://serviceprovider.com'),('WSS687','WSS687Name',3,1,3,'serviceprovider','https://serviceprovider.com'),('WSS688','WSS688Name',3,1,3,'serviceprovider','https://serviceprovider.com'),('WSS689','WSS689Name',3,1,3,'serviceprovider','https://serviceprovider.com'),('WSS69','WSS69Name',3,1,3,'serviceprovider','https://serviceprovider.com'),('WSS690','WSS690Name',3,1,3,'serviceprovider','https://serviceprovider.com'),('WSS691','WSS691Name',3,1,3,'serviceprovider','https://serviceprovider.com'),('WSS692','WSS692Name',3,1,3,'serviceprovider','https://serviceprovider.com'),('WSS693','WSS693Name',3,1,3,'serviceprovider','https://serviceprovider.com'),('WSS694','WSS694Name',3,1,3,'serviceprovider','https://serviceprovider.com'),('WSS695','WSS695Name',3,1,3,'serviceprovider','https://serviceprovider.com'),('WSS696','WSS696Name',3,1,3,'serviceprovider','https://serviceprovider.com'),('WSS697','WSS697Name',3,1,3,'serviceprovider','https://serviceprovider.com'),('WSS698','WSS698Name',3,1,3,'serviceprovider','https://serviceprovider.com'),('WSS699','WSS699Name',3,1,3,'serviceprovider','https://serviceprovider.com'),('WSS7','WSS7Name',3,1,3,'serviceprovider','https://serviceprovider.com'),('WSS70','WSS70Name',3,1,3,'serviceprovider','https://serviceprovider.com'),('WSS700','WSS700Name',3,1,3,'serviceprovider','https://serviceprovider.com'),('WSS701','WSS701Name',3,1,3,'serviceprovider','https://serviceprovider.com'),('WSS702','WSS702Name',3,1,3,'serviceprovider','https://serviceprovider.com'),('WSS703','WSS703Name',3,1,3,'serviceprovider','https://serviceprovider.com'),('WSS704','WSS704Name',3,1,3,'serviceprovider','https://serviceprovider.com'),('WSS705','WSS705Name',3,1,3,'serviceprovider','https://serviceprovider.com'),('WSS706','WSS706Name',3,1,3,'serviceprovider','https://serviceprovider.com'),('WSS707','WSS707Name',3,1,3,'serviceprovider','https://serviceprovider.com'),('WSS708','WSS708Name',3,1,3,'serviceprovider','https://serviceprovider.com'),('WSS709','WSS709Name',3,1,3,'serviceprovider','https://serviceprovider.com'),('WSS71','WSS71Name',3,1,3,'serviceprovider','https://serviceprovider.com'),('WSS710','WSS710Name',3,1,3,'serviceprovider','https://serviceprovider.com'),('WSS711','WSS711Name',3,1,3,'serviceprovider','https://serviceprovider.com'),('WSS712','WSS712Name',3,1,3,'serviceprovider','https://serviceprovider.com'),('WSS713','WSS713Name',3,1,3,'serviceprovider','https://serviceprovider.com'),('WSS714','WSS714Name',3,1,3,'serviceprovider','https://serviceprovider.com'),('WSS715','WSS715Name',3,1,3,'serviceprovider','https://serviceprovider.com'),('WSS716','WSS716Name',3,1,3,'serviceprovider','https://serviceprovider.com'),('WSS717','WSS717Name',3,1,3,'serviceprovider','https://serviceprovider.com'),('WSS718','WSS718Name',3,1,3,'serviceprovider','https://serviceprovider.com'),('WSS719','WSS719Name',3,1,3,'serviceprovider','https://serviceprovider.com'),('WSS72','WSS72Name',3,1,3,'serviceprovider','https://serviceprovider.com'),('WSS720','WSS720Name',3,1,3,'serviceprovider','https://serviceprovider.com'),('WSS721','WSS721Name',3,1,3,'serviceprovider','https://serviceprovider.com'),('WSS722','WSS722Name',3,1,3,'serviceprovider','https://serviceprovider.com'),('WSS723','WSS723Name',3,1,3,'serviceprovider','https://serviceprovider.com'),('WSS724','WSS724Name',3,1,3,'serviceprovider','https://serviceprovider.com'),('WSS725','WSS725Name',3,1,3,'serviceprovider','https://serviceprovider.com'),('WSS726','WSS726Name',3,1,3,'serviceprovider','https://serviceprovider.com'),('WSS727','WSS727Name',3,1,3,'serviceprovider','https://serviceprovider.com'),('WSS728','WSS728Name',3,1,3,'serviceprovider','https://serviceprovider.com'),('WSS729','WSS729Name',3,1,3,'serviceprovider','https://serviceprovider.com'),('WSS73','WSS73Name',3,1,3,'serviceprovider','https://serviceprovider.com'),('WSS730','WSS730Name',3,1,3,'serviceprovider','https://serviceprovider.com'),('WSS731','WSS731Name',3,1,3,'serviceprovider','https://serviceprovider.com'),('WSS732','WSS732Name',3,1,3,'serviceprovider','https://serviceprovider.com'),('WSS733','WSS733Name',3,1,3,'serviceprovider','https://serviceprovider.com'),('WSS734','WSS734Name',3,1,3,'serviceprovider','https://serviceprovider.com'),('WSS735','WSS735Name',3,1,3,'serviceprovider','https://serviceprovider.com'),('WSS736','WSS736Name',3,1,3,'serviceprovider','https://serviceprovider.com'),('WSS737','WSS737Name',3,1,3,'serviceprovider','https://serviceprovider.com'),('WSS738','WSS738Name',3,1,3,'serviceprovider','https://serviceprovider.com'),('WSS739','WSS739Name',3,1,3,'serviceprovider','https://serviceprovider.com'),('WSS74','WSS74Name',3,1,3,'serviceprovider','https://serviceprovider.com'),('WSS740','WSS740Name',3,1,3,'serviceprovider','https://serviceprovider.com'),('WSS741','WSS741Name',3,1,3,'serviceprovider','https://serviceprovider.com'),('WSS742','WSS742Name',3,1,3,'serviceprovider','https://serviceprovider.com'),('WSS743','WSS743Name',3,1,3,'serviceprovider','https://serviceprovider.com'),('WSS744','WSS744Name',3,1,3,'serviceprovider','https://serviceprovider.com'),('WSS745','WSS745Name',3,1,3,'serviceprovider','https://serviceprovider.com'),('WSS746','WSS746Name',3,1,3,'serviceprovider','https://serviceprovider.com'),('WSS747','WSS747Name',3,1,3,'serviceprovider','https://serviceprovider.com'),('WSS748','WSS748Name',3,1,3,'serviceprovider','https://serviceprovider.com'),('WSS749','WSS749Name',3,1,3,'serviceprovider','https://serviceprovider.com'),('WSS75','WSS75Name',3,1,3,'serviceprovider','https://serviceprovider.com'),('WSS750','WSS750Name',3,1,3,'serviceprovider','https://serviceprovider.com'),('WSS751','WSS751Name',3,1,3,'serviceprovider','https://serviceprovider.com'),('WSS752','WSS752Name',3,1,3,'serviceprovider','https://serviceprovider.com'),('WSS753','WSS753Name',3,1,3,'serviceprovider','https://serviceprovider.com'),('WSS754','WSS754Name',3,1,3,'serviceprovider','https://serviceprovider.com'),('WSS755','WSS755Name',3,1,3,'serviceprovider','https://serviceprovider.com'),('WSS756','WSS756Name',3,1,3,'serviceprovider','https://serviceprovider.com'),('WSS757','WSS757Name',3,1,3,'serviceprovider','https://serviceprovider.com'),('WSS758','WSS758Name',3,1,3,'serviceprovider','https://serviceprovider.com'),('WSS759','WSS759Name',3,1,3,'serviceprovider','https://serviceprovider.com'),('WSS76','WSS76Name',3,1,3,'serviceprovider','https://serviceprovider.com'),('WSS760','WSS760Name',3,1,3,'serviceprovider','https://serviceprovider.com'),('WSS761','WSS761Name',3,1,3,'serviceprovider','https://serviceprovider.com'),('WSS762','WSS762Name',3,1,3,'serviceprovider','https://serviceprovider.com'),('WSS763','WSS763Name',3,1,3,'serviceprovider','https://serviceprovider.com'),('WSS764','WSS764Name',3,1,3,'serviceprovider','https://serviceprovider.com'),('WSS765','WSS765Name',3,1,3,'serviceprovider','https://serviceprovider.com'),('WSS766','WSS766Name',3,1,3,'serviceprovider','https://serviceprovider.com'),('WSS767','WSS767Name',3,1,3,'serviceprovider','https://serviceprovider.com'),('WSS768','WSS768Name',3,1,3,'serviceprovider','https://serviceprovider.com'),('WSS769','WSS769Name',3,1,3,'serviceprovider','https://serviceprovider.com'),('WSS77','WSS77Name',3,1,3,'serviceprovider','https://serviceprovider.com'),('WSS770','WSS770Name',3,1,3,'serviceprovider','https://serviceprovider.com'),('WSS771','WSS771Name',3,1,3,'serviceprovider','https://serviceprovider.com'),('WSS772','WSS772Name',3,1,3,'serviceprovider','https://serviceprovider.com'),('WSS773','WSS773Name',3,1,3,'serviceprovider','https://serviceprovider.com'),('WSS774','WSS774Name',3,1,3,'serviceprovider','https://serviceprovider.com'),('WSS775','WSS775Name',3,1,3,'serviceprovider','https://serviceprovider.com'),('WSS776','WSS776Name',3,1,3,'serviceprovider','https://serviceprovider.com'),('WSS777','WSS777Name',3,1,3,'serviceprovider','https://serviceprovider.com'),('WSS778','WSS778Name',3,1,3,'serviceprovider','https://serviceprovider.com'),('WSS779','WSS779Name',3,1,3,'serviceprovider','https://serviceprovider.com'),('WSS78','WSS78Name',3,1,3,'serviceprovider','https://serviceprovider.com'),('WSS780','WSS780Name',3,1,3,'serviceprovider','https://serviceprovider.com'),('WSS781','WSS781Name',3,1,3,'serviceprovider','https://serviceprovider.com'),('WSS782','WSS782Name',3,1,3,'serviceprovider','https://serviceprovider.com'),('WSS783','WSS783Name',3,1,3,'serviceprovider','https://serviceprovider.com'),('WSS784','WSS784Name',3,1,3,'serviceprovider','https://serviceprovider.com'),('WSS785','WSS785Name',3,1,3,'serviceprovider','https://serviceprovider.com'),('WSS786','WSS786Name',3,1,3,'serviceprovider','https://serviceprovider.com'),('WSS787','WSS787Name',3,1,3,'serviceprovider','https://serviceprovider.com'),('WSS788','WSS788Name',3,1,3,'serviceprovider','https://serviceprovider.com'),('WSS789','WSS789Name',3,1,3,'serviceprovider','https://serviceprovider.com'),('WSS79','WSS79Name',3,1,3,'serviceprovider','https://serviceprovider.com'),('WSS790','WSS790Name',3,1,3,'serviceprovider','https://serviceprovider.com'),('WSS791','WSS791Name',3,1,3,'serviceprovider','https://serviceprovider.com'),('WSS792','WSS792Name',3,1,3,'serviceprovider','https://serviceprovider.com'),('WSS793','WSS793Name',3,1,3,'serviceprovider','https://serviceprovider.com'),('WSS794','WSS794Name',3,1,3,'serviceprovider','https://serviceprovider.com'),('WSS795','WSS795Name',3,1,3,'serviceprovider','https://serviceprovider.com'),('WSS796','WSS796Name',3,1,3,'serviceprovider','https://serviceprovider.com'),('WSS797','WSS797Name',3,1,3,'serviceprovider','https://serviceprovider.com'),('WSS798','WSS798Name',3,1,3,'serviceprovider','https://serviceprovider.com'),('WSS799','WSS799Name',3,1,3,'serviceprovider','https://serviceprovider.com'),('WSS8','WSS8Name',3,1,3,'serviceprovider','https://serviceprovider.com'),('WSS80','WSS80Name',3,1,3,'serviceprovider','https://serviceprovider.com'),('WSS800','WSS800Name',3,1,3,'serviceprovider','https://serviceprovider.com'),('WSS801','WSS801Name',3,1,3,'serviceprovider','https://serviceprovider.com'),('WSS802','WSS802Name',3,1,3,'serviceprovider','https://serviceprovider.com'),('WSS803','WSS803Name',3,1,3,'serviceprovider','https://serviceprovider.com'),('WSS804','WSS804Name',3,1,3,'serviceprovider','https://serviceprovider.com'),('WSS805','WSS805Name',3,1,3,'serviceprovider','https://serviceprovider.com'),('WSS806','WSS806Name',3,1,3,'serviceprovider','https://serviceprovider.com'),('WSS807','WSS807Name',3,1,3,'serviceprovider','https://serviceprovider.com'),('WSS808','WSS808Name',3,1,3,'serviceprovider','https://serviceprovider.com'),('WSS809','WSS809Name',3,1,3,'serviceprovider','https://serviceprovider.com'),('WSS81','WSS81Name',3,1,3,'serviceprovider','https://serviceprovider.com'),('WSS810','WSS810Name',3,1,3,'serviceprovider','https://serviceprovider.com'),('WSS811','WSS811Name',3,1,3,'serviceprovider','https://serviceprovider.com'),('WSS812','WSS812Name',3,1,3,'serviceprovider','https://serviceprovider.com'),('WSS813','WSS813Name',3,1,3,'serviceprovider','https://serviceprovider.com'),('WSS814','WSS814Name',3,1,3,'serviceprovider','https://serviceprovider.com'),('WSS815','WSS815Name',3,1,3,'serviceprovider','https://serviceprovider.com'),('WSS816','WSS816Name',3,1,3,'serviceprovider','https://serviceprovider.com'),('WSS817','WSS817Name',3,1,3,'serviceprovider','https://serviceprovider.com'),('WSS818','WSS818Name',3,1,3,'serviceprovider','https://serviceprovider.com'),('WSS819','WSS819Name',3,1,3,'serviceprovider','https://serviceprovider.com'),('WSS82','WSS82Name',3,1,3,'serviceprovider','https://serviceprovider.com'),('WSS820','WSS820Name',3,1,3,'serviceprovider','https://serviceprovider.com'),('WSS821','WSS821Name',3,1,3,'serviceprovider','https://serviceprovider.com'),('WSS822','WSS822Name',3,1,3,'serviceprovider','https://serviceprovider.com'),('WSS823','WSS823Name',3,1,3,'serviceprovider','https://serviceprovider.com'),('WSS824','WSS824Name',3,1,3,'serviceprovider','https://serviceprovider.com'),('WSS825','WSS825Name',3,1,3,'serviceprovider','https://serviceprovider.com'),('WSS826','WSS826Name',3,1,3,'serviceprovider','https://serviceprovider.com'),('WSS827','WSS827Name',3,1,3,'serviceprovider','https://serviceprovider.com'),('WSS828','WSS828Name',3,1,3,'serviceprovider','https://serviceprovider.com'),('WSS829','WSS829Name',3,1,3,'serviceprovider','https://serviceprovider.com'),('WSS83','WSS83Name',3,1,3,'serviceprovider','https://serviceprovider.com'),('WSS830','WSS830Name',3,1,3,'serviceprovider','https://serviceprovider.com'),('WSS831','WSS831Name',3,1,3,'serviceprovider','https://serviceprovider.com'),('WSS832','WSS832Name',3,1,3,'serviceprovider','https://serviceprovider.com'),('WSS833','WSS833Name',3,1,3,'serviceprovider','https://serviceprovider.com'),('WSS834','WSS834Name',3,1,3,'serviceprovider','https://serviceprovider.com'),('WSS835','WSS835Name',3,1,3,'serviceprovider','https://serviceprovider.com'),('WSS836','WSS836Name',3,1,3,'serviceprovider','https://serviceprovider.com'),('WSS837','WSS837Name',3,1,3,'serviceprovider','https://serviceprovider.com'),('WSS838','WSS838Name',3,1,3,'serviceprovider','https://serviceprovider.com'),('WSS839','WSS839Name',3,1,3,'serviceprovider','https://serviceprovider.com'),('WSS84','WSS84Name',3,1,3,'serviceprovider','https://serviceprovider.com'),('WSS840','WSS840Name',3,1,3,'serviceprovider','https://serviceprovider.com'),('WSS841','WSS841Name',3,1,3,'serviceprovider','https://serviceprovider.com'),('WSS842','WSS842Name',3,1,3,'serviceprovider','https://serviceprovider.com'),('WSS843','WSS843Name',3,1,3,'serviceprovider','https://serviceprovider.com'),('WSS844','WSS844Name',3,1,3,'serviceprovider','https://serviceprovider.com'),('WSS845','WSS845Name',3,1,3,'serviceprovider','https://serviceprovider.com'),('WSS846','WSS846Name',3,1,3,'serviceprovider','https://serviceprovider.com'),('WSS847','WSS847Name',3,1,3,'serviceprovider','https://serviceprovider.com'),('WSS848','WSS848Name',3,1,3,'serviceprovider','https://serviceprovider.com'),('WSS849','WSS849Name',3,1,3,'serviceprovider','https://serviceprovider.com'),('WSS85','WSS85Name',3,1,3,'serviceprovider','https://serviceprovider.com'),('WSS850','WSS850Name',3,1,3,'serviceprovider','https://serviceprovider.com'),('WSS851','WSS851Name',3,1,3,'serviceprovider','https://serviceprovider.com'),('WSS852','WSS852Name',3,1,3,'serviceprovider','https://serviceprovider.com'),('WSS853','WSS853Name',3,1,3,'serviceprovider','https://serviceprovider.com'),('WSS854','WSS854Name',3,1,3,'serviceprovider','https://serviceprovider.com'),('WSS855','WSS855Name',3,1,3,'serviceprovider','https://serviceprovider.com'),('WSS856','WSS856Name',3,1,3,'serviceprovider','https://serviceprovider.com'),('WSS857','WSS857Name',3,1,3,'serviceprovider','https://serviceprovider.com'),('WSS858','WSS858Name',3,1,3,'serviceprovider','https://serviceprovider.com'),('WSS859','WSS859Name',3,1,3,'serviceprovider','https://serviceprovider.com'),('WSS86','WSS86Name',3,1,3,'serviceprovider','https://serviceprovider.com'),('WSS860','WSS860Name',3,1,3,'serviceprovider','https://serviceprovider.com'),('WSS861','WSS861Name',3,1,3,'serviceprovider','https://serviceprovider.com'),('WSS862','WSS862Name',3,1,3,'serviceprovider','https://serviceprovider.com'),('WSS863','WSS863Name',3,1,3,'serviceprovider','https://serviceprovider.com'),('WSS864','WSS864Name',3,1,3,'serviceprovider','https://serviceprovider.com'),('WSS865','WSS865Name',3,1,3,'serviceprovider','https://serviceprovider.com'),('WSS866','WSS866Name',3,1,3,'serviceprovider','https://serviceprovider.com'),('WSS867','WSS867Name',3,1,3,'serviceprovider','https://serviceprovider.com'),('WSS868','WSS868Name',3,1,3,'serviceprovider','https://serviceprovider.com'),('WSS869','WSS869Name',3,1,3,'serviceprovider','https://serviceprovider.com'),('WSS87','WSS87Name',3,1,3,'serviceprovider','https://serviceprovider.com'),('WSS870','WSS870Name',3,1,3,'serviceprovider','https://serviceprovider.com'),('WSS871','WSS871Name',3,1,3,'serviceprovider','https://serviceprovider.com'),('WSS872','WSS872Name',3,1,3,'serviceprovider','https://serviceprovider.com'),('WSS873','WSS873Name',3,1,3,'serviceprovider','https://serviceprovider.com'),('WSS874','WSS874Name',3,1,3,'serviceprovider','https://serviceprovider.com'),('WSS875','WSS875Name',3,1,3,'serviceprovider','https://serviceprovider.com'),('WSS876','WSS876Name',3,1,3,'serviceprovider','https://serviceprovider.com'),('WSS877','WSS877Name',3,1,3,'serviceprovider','https://serviceprovider.com'),('WSS878','WSS878Name',3,1,3,'serviceprovider','https://serviceprovider.com'),('WSS879','WSS879Name',3,1,3,'serviceprovider','https://serviceprovider.com'),('WSS88','WSS88Name',3,1,3,'serviceprovider','https://serviceprovider.com'),('WSS880','WSS880Name',3,1,3,'serviceprovider','https://serviceprovider.com'),('WSS881','WSS881Name',3,1,3,'serviceprovider','https://serviceprovider.com'),('WSS882','WSS882Name',3,1,3,'serviceprovider','https://serviceprovider.com'),('WSS883','WSS883Name',3,1,3,'serviceprovider','https://serviceprovider.com'),('WSS884','WSS884Name',3,1,3,'serviceprovider','https://serviceprovider.com'),('WSS885','WSS885Name',3,1,3,'serviceprovider','https://serviceprovider.com'),('WSS886','WSS886Name',3,1,3,'serviceprovider','https://serviceprovider.com'),('WSS887','WSS887Name',3,1,3,'serviceprovider','https://serviceprovider.com'),('WSS888','WSS888Name',3,1,3,'serviceprovider','https://serviceprovider.com'),('WSS889','WSS889Name',3,1,3,'serviceprovider','https://serviceprovider.com'),('WSS89','WSS89Name',3,1,3,'serviceprovider','https://serviceprovider.com'),('WSS890','WSS890Name',3,1,3,'serviceprovider','https://serviceprovider.com'),('WSS891','WSS891Name',3,1,3,'serviceprovider','https://serviceprovider.com'),('WSS892','WSS892Name',3,1,3,'serviceprovider','https://serviceprovider.com'),('WSS893','WSS893Name',3,1,3,'serviceprovider','https://serviceprovider.com'),('WSS894','WSS894Name',3,1,3,'serviceprovider','https://serviceprovider.com'),('WSS895','WSS895Name',3,1,3,'serviceprovider','https://serviceprovider.com'),('WSS896','WSS896Name',3,1,3,'serviceprovider','https://serviceprovider.com'),('WSS897','WSS897Name',3,1,3,'serviceprovider','https://serviceprovider.com'),('WSS898','WSS898Name',3,1,3,'serviceprovider','https://serviceprovider.com'),('WSS899','WSS899Name',3,1,3,'serviceprovider','https://serviceprovider.com'),('WSS9','WSS9Name',3,1,3,'serviceprovider','https://serviceprovider.com'),('WSS90','WSS90Name',3,1,3,'serviceprovider','https://serviceprovider.com'),('WSS900','WSS900Name',3,1,3,'serviceprovider','https://serviceprovider.com'),('WSS901','WSS901Name',3,1,3,'serviceprovider','https://serviceprovider.com'),('WSS902','WSS902Name',3,1,3,'serviceprovider','https://serviceprovider.com'),('WSS903','WSS903Name',3,1,3,'serviceprovider','https://serviceprovider.com'),('WSS904','WSS904Name',3,1,3,'serviceprovider','https://serviceprovider.com'),('WSS905','WSS905Name',3,1,3,'serviceprovider','https://serviceprovider.com'),('WSS906','WSS906Name',3,1,3,'serviceprovider','https://serviceprovider.com'),('WSS907','WSS907Name',3,1,3,'serviceprovider','https://serviceprovider.com'),('WSS908','WSS908Name',3,1,3,'serviceprovider','https://serviceprovider.com'),('WSS909','WSS909Name',3,1,3,'serviceprovider','https://serviceprovider.com'),('WSS91','WSS91Name',3,1,3,'serviceprovider','https://serviceprovider.com'),('WSS910','WSS910Name',3,1,3,'serviceprovider','https://serviceprovider.com'),('WSS911','WSS911Name',3,1,3,'serviceprovider','https://serviceprovider.com'),('WSS912','WSS912Name',3,1,3,'serviceprovider','https://serviceprovider.com'),('WSS913','WSS913Name',3,1,3,'serviceprovider','https://serviceprovider.com'),('WSS914','WSS914Name',3,1,3,'serviceprovider','https://serviceprovider.com'),('WSS915','WSS915Name',3,1,3,'serviceprovider','https://serviceprovider.com'),('WSS916','WSS916Name',3,1,3,'serviceprovider','https://serviceprovider.com'),('WSS917','WSS917Name',3,1,3,'serviceprovider','https://serviceprovider.com'),('WSS918','WSS918Name',3,1,3,'serviceprovider','https://serviceprovider.com'),('WSS919','WSS919Name',3,1,3,'serviceprovider','https://serviceprovider.com'),('WSS92','WSS92Name',3,1,3,'serviceprovider','https://serviceprovider.com'),('WSS920','WSS920Name',3,1,3,'serviceprovider','https://serviceprovider.com'),('WSS921','WSS921Name',3,1,3,'serviceprovider','https://serviceprovider.com'),('WSS922','WSS922Name',3,1,3,'serviceprovider','https://serviceprovider.com'),('WSS923','WSS923Name',3,1,3,'serviceprovider','https://serviceprovider.com'),('WSS924','WSS924Name',3,1,3,'serviceprovider','https://serviceprovider.com'),('WSS925','WSS925Name',3,1,3,'serviceprovider','https://serviceprovider.com'),('WSS926','WSS926Name',3,1,3,'serviceprovider','https://serviceprovider.com'),('WSS927','WSS927Name',3,1,3,'serviceprovider','https://serviceprovider.com'),('WSS928','WSS928Name',3,1,3,'serviceprovider','https://serviceprovider.com'),('WSS929','WSS929Name',3,1,3,'serviceprovider','https://serviceprovider.com'),('WSS93','WSS93Name',3,1,3,'serviceprovider','https://serviceprovider.com'),('WSS930','WSS930Name',3,1,3,'serviceprovider','https://serviceprovider.com'),('WSS931','WSS931Name',3,1,3,'serviceprovider','https://serviceprovider.com'),('WSS932','WSS932Name',3,1,3,'serviceprovider','https://serviceprovider.com'),('WSS933','WSS933Name',3,1,3,'serviceprovider','https://serviceprovider.com'),('WSS934','WSS934Name',3,1,3,'serviceprovider','https://serviceprovider.com'),('WSS935','WSS935Name',3,1,3,'serviceprovider','https://serviceprovider.com'),('WSS936','WSS936Name',3,1,3,'serviceprovider','https://serviceprovider.com'),('WSS937','WSS937Name',3,1,3,'serviceprovider','https://serviceprovider.com'),('WSS938','WSS938Name',3,1,3,'serviceprovider','https://serviceprovider.com'),('WSS939','WSS939Name',3,1,3,'serviceprovider','https://serviceprovider.com'),('WSS94','WSS94Name',3,1,3,'serviceprovider','https://serviceprovider.com'),('WSS940','WSS940Name',3,1,3,'serviceprovider','https://serviceprovider.com'),('WSS941','WSS941Name',3,1,3,'serviceprovider','https://serviceprovider.com'),('WSS942','WSS942Name',3,1,3,'serviceprovider','https://serviceprovider.com'),('WSS943','WSS943Name',3,1,3,'serviceprovider','https://serviceprovider.com'),('WSS944','WSS944Name',3,1,3,'serviceprovider','https://serviceprovider.com'),('WSS945','WSS945Name',3,1,3,'serviceprovider','https://serviceprovider.com'),('WSS946','WSS946Name',3,1,3,'serviceprovider','https://serviceprovider.com'),('WSS947','WSS947Name',3,1,3,'serviceprovider','https://serviceprovider.com'),('WSS948','WSS948Name',3,1,3,'serviceprovider','https://serviceprovider.com'),('WSS949','WSS949Name',3,1,3,'serviceprovider','https://serviceprovider.com'),('WSS95','WSS95Name',3,1,3,'serviceprovider','https://serviceprovider.com'),('WSS950','WSS950Name',3,1,3,'serviceprovider','https://serviceprovider.com'),('WSS951','WSS951Name',3,1,3,'serviceprovider','https://serviceprovider.com'),('WSS952','WSS952Name',3,1,3,'serviceprovider','https://serviceprovider.com'),('WSS953','WSS953Name',3,1,3,'serviceprovider','https://serviceprovider.com'),('WSS954','WSS954Name',3,1,3,'serviceprovider','https://serviceprovider.com'),('WSS955','WSS955Name',3,1,3,'serviceprovider','https://serviceprovider.com'),('WSS956','WSS956Name',3,1,3,'serviceprovider','https://serviceprovider.com'),('WSS957','WSS957Name',3,1,3,'serviceprovider','https://serviceprovider.com'),('WSS958','WSS958Name',3,1,3,'serviceprovider','https://serviceprovider.com'),('WSS959','WSS959Name',3,1,3,'serviceprovider','https://serviceprovider.com'),('WSS96','WSS96Name',3,1,3,'serviceprovider','https://serviceprovider.com'),('WSS960','WSS960Name',3,1,3,'serviceprovider','https://serviceprovider.com'),('WSS961','WSS961Name',3,1,3,'serviceprovider','https://serviceprovider.com'),('WSS962','WSS962Name',3,1,3,'serviceprovider','https://serviceprovider.com'),('WSS963','WSS963Name',3,1,3,'serviceprovider','https://serviceprovider.com'),('WSS964','WSS964Name',3,1,3,'serviceprovider','https://serviceprovider.com'),('WSS965','WSS965Name',3,1,3,'serviceprovider','https://serviceprovider.com'),('WSS966','WSS966Name',3,1,3,'serviceprovider','https://serviceprovider.com'),('WSS967','WSS967Name',3,1,3,'serviceprovider','https://serviceprovider.com'),('WSS968','WSS968Name',3,1,3,'serviceprovider','https://serviceprovider.com'),('WSS969','WSS969Name',3,1,3,'serviceprovider','https://serviceprovider.com'),('WSS97','WSS97Name',3,1,3,'serviceprovider','https://serviceprovider.com'),('WSS970','WSS970Name',3,1,3,'serviceprovider','https://serviceprovider.com'),('WSS971','WSS971Name',3,1,3,'serviceprovider','https://serviceprovider.com'),('WSS972','WSS972Name',3,1,3,'serviceprovider','https://serviceprovider.com'),('WSS973','WSS973Name',3,1,3,'serviceprovider','https://serviceprovider.com'),('WSS974','WSS974Name',3,1,3,'serviceprovider','https://serviceprovider.com'),('WSS975','WSS975Name',3,1,3,'serviceprovider','https://serviceprovider.com'),('WSS976','WSS976Name',3,1,3,'serviceprovider','https://serviceprovider.com'),('WSS977','WSS977Name',3,1,3,'serviceprovider','https://serviceprovider.com'),('WSS978','WSS978Name',3,1,3,'serviceprovider','https://serviceprovider.com'),('WSS979','WSS979Name',3,1,3,'serviceprovider','https://serviceprovider.com'),('WSS98','WSS98Name',3,1,3,'serviceprovider','https://serviceprovider.com'),('WSS980','WSS980Name',3,1,3,'serviceprovider','https://serviceprovider.com'),('WSS981','WSS981Name',3,1,3,'serviceprovider','https://serviceprovider.com'),('WSS982','WSS982Name',3,1,3,'serviceprovider','https://serviceprovider.com'),('WSS983','WSS983Name',3,1,3,'serviceprovider','https://serviceprovider.com'),('WSS984','WSS984Name',3,1,3,'serviceprovider','https://serviceprovider.com'),('WSS985','WSS985Name',3,1,3,'serviceprovider','https://serviceprovider.com'),('WSS986','WSS986Name',3,1,3,'serviceprovider','https://serviceprovider.com'),('WSS987','WSS987Name',3,1,3,'serviceprovider','https://serviceprovider.com'),('WSS988','WSS988Name',3,1,3,'serviceprovider','https://serviceprovider.com'),('WSS989','WSS989Name',3,1,3,'serviceprovider','https://serviceprovider.com'),('WSS99','WSS99Name',3,1,3,'serviceprovider','https://serviceprovider.com'),('WSS990','WSS990Name',3,1,3,'serviceprovider','https://serviceprovider.com'),('WSS991','WSS991Name',3,1,3,'serviceprovider','https://serviceprovider.com'),('WSS992','WSS992Name',3,1,3,'serviceprovider','https://serviceprovider.com'),('WSS993','WSS993Name',3,1,3,'serviceprovider','https://serviceprovider.com'),('WSS994','WSS994Name',3,1,3,'serviceprovider','https://serviceprovider.com'),('WSS995','WSS995Name',3,1,3,'serviceprovider','https://serviceprovider.com'),('WSS996','WSS996Name',3,1,3,'serviceprovider','https://serviceprovider.com'),('WSS997','WSS997Name',3,1,3,'serviceprovider','https://serviceprovider.com'),('WSS998','WSS998Name',3,1,3,'serviceprovider','https://serviceprovider.com'),('WSS999','WSS999Name',3,1,3,'serviceprovider','https://serviceprovider.com');
/*!40000 ALTER TABLE `webservicelist` ENABLE KEYS */;
UNLOCK TABLES;
/*!40103 SET TIME_ZONE=@OLD_TIME_ZONE */;

/*!40101 SET SQL_MODE=@OLD_SQL_MODE */;
/*!40014 SET FOREIGN_KEY_CHECKS=@OLD_FOREIGN_KEY_CHECKS */;
/*!40014 SET UNIQUE_CHECKS=@OLD_UNIQUE_CHECKS */;
/*!40101 SET CHARACTER_SET_CLIENT=@OLD_CHARACTER_SET_CLIENT */;
/*!40101 SET CHARACTER_SET_RESULTS=@OLD_CHARACTER_SET_RESULTS */;
/*!40101 SET COLLATION_CONNECTION=@OLD_COLLATION_CONNECTION */;
/*!40111 SET SQL_NOTES=@OLD_SQL_NOTES */;

-- Dump completed on 2023-07-02  8:11:38
