-- MySQL dump 10.13  Distrib 8.0.32, for Win64 (x86_64)
--
-- Host: localhost    Database: autowscs
-- ------------------------------------------------------
-- Server version	8.0.32

/*!40101 SET @OLD_CHARACTER_SET_CLIENT=@@CHARACTER_SET_CLIENT */;
/*!40101 SET @OLD_CHARACTER_SET_RESULTS=@@CHARACTER_SET_RESULTS */;
/*!40101 SET @OLD_COLLATION_CONNECTION=@@COLLATION_CONNECTION */;
/*!50503 SET NAMES utf8mb4 */;
/*!40103 SET @OLD_TIME_ZONE=@@TIME_ZONE */;
/*!40103 SET TIME_ZONE='+00:00' */;
/*!40014 SET @OLD_UNIQUE_CHECKS=@@UNIQUE_CHECKS, UNIQUE_CHECKS=0 */;
/*!40014 SET @OLD_FOREIGN_KEY_CHECKS=@@FOREIGN_KEY_CHECKS, FOREIGN_KEY_CHECKS=0 */;
/*!40101 SET @OLD_SQL_MODE=@@SQL_MODE, SQL_MODE='NO_AUTO_VALUE_ON_ZERO' */;
/*!40111 SET @OLD_SQL_NOTES=@@SQL_NOTES, SQL_NOTES=0 */;

--
-- Table structure for table `auth_group`
--

DROP TABLE IF EXISTS `auth_group`;
/*!40101 SET @saved_cs_client     = @@character_set_client */;
/*!50503 SET character_set_client = utf8mb4 */;
CREATE TABLE `auth_group` (
  `id` int NOT NULL AUTO_INCREMENT,
  `name` varchar(80) NOT NULL,
  PRIMARY KEY (`id`),
  UNIQUE KEY `name` (`name`)
) ENGINE=InnoDB DEFAULT CHARSET=latin1;
/*!40101 SET character_set_client = @saved_cs_client */;

--
-- Dumping data for table `auth_group`
--

LOCK TABLES `auth_group` WRITE;
/*!40000 ALTER TABLE `auth_group` DISABLE KEYS */;
/*!40000 ALTER TABLE `auth_group` ENABLE KEYS */;
UNLOCK TABLES;

--
-- Table structure for table `auth_group_permissions`
--

DROP TABLE IF EXISTS `auth_group_permissions`;
/*!40101 SET @saved_cs_client     = @@character_set_client */;
/*!50503 SET character_set_client = utf8mb4 */;
CREATE TABLE `auth_group_permissions` (
  `id` int NOT NULL AUTO_INCREMENT,
  `group_id` int NOT NULL,
  `permission_id` int NOT NULL,
  PRIMARY KEY (`id`),
  UNIQUE KEY `auth_group_permissions_group_id_permission_id_0cd325b0_uniq` (`group_id`,`permission_id`),
  KEY `auth_group_permissio_permission_id_84c5c92e_fk_auth_perm` (`permission_id`),
  CONSTRAINT `auth_group_permissio_permission_id_84c5c92e_fk_auth_perm` FOREIGN KEY (`permission_id`) REFERENCES `auth_permission` (`id`),
  CONSTRAINT `auth_group_permissions_group_id_b120cbf9_fk_auth_group_id` FOREIGN KEY (`group_id`) REFERENCES `auth_group` (`id`)
) ENGINE=InnoDB DEFAULT CHARSET=latin1;
/*!40101 SET character_set_client = @saved_cs_client */;

--
-- Dumping data for table `auth_group_permissions`
--

LOCK TABLES `auth_group_permissions` WRITE;
/*!40000 ALTER TABLE `auth_group_permissions` DISABLE KEYS */;
/*!40000 ALTER TABLE `auth_group_permissions` ENABLE KEYS */;
UNLOCK TABLES;

--
-- Table structure for table `auth_permission`
--

DROP TABLE IF EXISTS `auth_permission`;
/*!40101 SET @saved_cs_client     = @@character_set_client */;
/*!50503 SET character_set_client = utf8mb4 */;
CREATE TABLE `auth_permission` (
  `id` int NOT NULL AUTO_INCREMENT,
  `name` varchar(255) NOT NULL,
  `content_type_id` int NOT NULL,
  `codename` varchar(100) NOT NULL,
  PRIMARY KEY (`id`),
  UNIQUE KEY `auth_permission_content_type_id_codename_01ab375a_uniq` (`content_type_id`,`codename`),
  CONSTRAINT `auth_permission_content_type_id_2f476e4b_fk_django_co` FOREIGN KEY (`content_type_id`) REFERENCES `django_content_type` (`id`)
) ENGINE=InnoDB AUTO_INCREMENT=25 DEFAULT CHARSET=latin1;
/*!40101 SET character_set_client = @saved_cs_client */;

--
-- Dumping data for table `auth_permission`
--

LOCK TABLES `auth_permission` WRITE;
/*!40000 ALTER TABLE `auth_permission` DISABLE KEYS */;
INSERT INTO `auth_permission` VALUES (1,'Can add log entry',1,'add_logentry'),(2,'Can change log entry',1,'change_logentry'),(3,'Can delete log entry',1,'delete_logentry'),(4,'Can view log entry',1,'view_logentry'),(5,'Can add permission',2,'add_permission'),(6,'Can change permission',2,'change_permission'),(7,'Can delete permission',2,'delete_permission'),(8,'Can view permission',2,'view_permission'),(9,'Can add group',3,'add_group'),(10,'Can change group',3,'change_group'),(11,'Can delete group',3,'delete_group'),(12,'Can view group',3,'view_group'),(13,'Can add user',4,'add_user'),(14,'Can change user',4,'change_user'),(15,'Can delete user',4,'delete_user'),(16,'Can view user',4,'view_user'),(17,'Can add content type',5,'add_contenttype'),(18,'Can change content type',5,'change_contenttype'),(19,'Can delete content type',5,'delete_contenttype'),(20,'Can view content type',5,'view_contenttype'),(21,'Can add session',6,'add_session'),(22,'Can change session',6,'change_session'),(23,'Can delete session',6,'delete_session'),(24,'Can view session',6,'view_session');
/*!40000 ALTER TABLE `auth_permission` ENABLE KEYS */;
UNLOCK TABLES;

--
-- Table structure for table `auth_user`
--

DROP TABLE IF EXISTS `auth_user`;
/*!40101 SET @saved_cs_client     = @@character_set_client */;
/*!50503 SET character_set_client = utf8mb4 */;
CREATE TABLE `auth_user` (
  `id` int NOT NULL AUTO_INCREMENT,
  `password` varchar(128) NOT NULL,
  `last_login` datetime(6) DEFAULT NULL,
  `is_superuser` tinyint(1) NOT NULL,
  `username` varchar(150) NOT NULL,
  `first_name` varchar(30) NOT NULL,
  `last_name` varchar(150) NOT NULL,
  `email` varchar(254) NOT NULL,
  `is_staff` tinyint(1) NOT NULL,
  `is_active` tinyint(1) NOT NULL,
  `date_joined` datetime(6) NOT NULL,
  PRIMARY KEY (`id`),
  UNIQUE KEY `username` (`username`)
) ENGINE=InnoDB AUTO_INCREMENT=2 DEFAULT CHARSET=latin1;
/*!40101 SET character_set_client = @saved_cs_client */;

--
-- Dumping data for table `auth_user`
--

LOCK TABLES `auth_user` WRITE;
/*!40000 ALTER TABLE `auth_user` DISABLE KEYS */;
INSERT INTO `auth_user` VALUES (1,'pbkdf2_sha256$120000$t1PV0MeFrM2P$mdFVt5O/PMrM6U6PP4ei7LDjVNuN0OJi97bq+oRxpQg=','2020-10-19 22:21:14.385392',0,'kgayke','','','k2gaike@gmail.com',0,1,'2020-10-19 22:21:13.589791');
/*!40000 ALTER TABLE `auth_user` ENABLE KEYS */;
UNLOCK TABLES;

--
-- Table structure for table `auth_user_groups`
--

DROP TABLE IF EXISTS `auth_user_groups`;
/*!40101 SET @saved_cs_client     = @@character_set_client */;
/*!50503 SET character_set_client = utf8mb4 */;
CREATE TABLE `auth_user_groups` (
  `id` int NOT NULL AUTO_INCREMENT,
  `user_id` int NOT NULL,
  `group_id` int NOT NULL,
  PRIMARY KEY (`id`),
  UNIQUE KEY `auth_user_groups_user_id_group_id_94350c0c_uniq` (`user_id`,`group_id`),
  KEY `auth_user_groups_group_id_97559544_fk_auth_group_id` (`group_id`),
  CONSTRAINT `auth_user_groups_group_id_97559544_fk_auth_group_id` FOREIGN KEY (`group_id`) REFERENCES `auth_group` (`id`),
  CONSTRAINT `auth_user_groups_user_id_6a12ed8b_fk_auth_user_id` FOREIGN KEY (`user_id`) REFERENCES `auth_user` (`id`)
) ENGINE=InnoDB DEFAULT CHARSET=latin1;
/*!40101 SET character_set_client = @saved_cs_client */;

--
-- Dumping data for table `auth_user_groups`
--

LOCK TABLES `auth_user_groups` WRITE;
/*!40000 ALTER TABLE `auth_user_groups` DISABLE KEYS */;
/*!40000 ALTER TABLE `auth_user_groups` ENABLE KEYS */;
UNLOCK TABLES;

--
-- Table structure for table `auth_user_user_permissions`
--

DROP TABLE IF EXISTS `auth_user_user_permissions`;
/*!40101 SET @saved_cs_client     = @@character_set_client */;
/*!50503 SET character_set_client = utf8mb4 */;
CREATE TABLE `auth_user_user_permissions` (
  `id` int NOT NULL AUTO_INCREMENT,
  `user_id` int NOT NULL,
  `permission_id` int NOT NULL,
  PRIMARY KEY (`id`),
  UNIQUE KEY `auth_user_user_permissions_user_id_permission_id_14a6b632_uniq` (`user_id`,`permission_id`),
  KEY `auth_user_user_permi_permission_id_1fbb5f2c_fk_auth_perm` (`permission_id`),
  CONSTRAINT `auth_user_user_permi_permission_id_1fbb5f2c_fk_auth_perm` FOREIGN KEY (`permission_id`) REFERENCES `auth_permission` (`id`),
  CONSTRAINT `auth_user_user_permissions_user_id_a95ead1b_fk_auth_user_id` FOREIGN KEY (`user_id`) REFERENCES `auth_user` (`id`)
) ENGINE=InnoDB DEFAULT CHARSET=latin1;
/*!40101 SET character_set_client = @saved_cs_client */;

--
-- Dumping data for table `auth_user_user_permissions`
--

LOCK TABLES `auth_user_user_permissions` WRITE;
/*!40000 ALTER TABLE `auth_user_user_permissions` DISABLE KEYS */;
/*!40000 ALTER TABLE `auth_user_user_permissions` ENABLE KEYS */;
UNLOCK TABLES;

--
-- Table structure for table `careerpath`
--

DROP TABLE IF EXISTS `careerpath`;
/*!40101 SET @saved_cs_client     = @@character_set_client */;
/*!50503 SET character_set_client = utf8mb4 */;
CREATE TABLE `careerpath` (
  `careerPathID` char(4) NOT NULL,
  `careerPathName` varchar(50) DEFAULT NULL,
  PRIMARY KEY (`careerPathID`)
) ENGINE=InnoDB DEFAULT CHARSET=latin1;
/*!40101 SET character_set_client = @saved_cs_client */;

--
-- Dumping data for table `careerpath`
--

LOCK TABLES `careerpath` WRITE;
/*!40000 ALTER TABLE `careerpath` DISABLE KEYS */;
INSERT INTO `careerpath` VALUES ('C100','Data Analyst');
/*!40000 ALTER TABLE `careerpath` ENABLE KEYS */;
UNLOCK TABLES;

--
-- Table structure for table `django_admin_log`
--

DROP TABLE IF EXISTS `django_admin_log`;
/*!40101 SET @saved_cs_client     = @@character_set_client */;
/*!50503 SET character_set_client = utf8mb4 */;
CREATE TABLE `django_admin_log` (
  `id` int NOT NULL AUTO_INCREMENT,
  `action_time` datetime(6) NOT NULL,
  `object_id` longtext,
  `object_repr` varchar(200) NOT NULL,
  `action_flag` smallint unsigned NOT NULL,
  `change_message` longtext NOT NULL,
  `content_type_id` int DEFAULT NULL,
  `user_id` int NOT NULL,
  PRIMARY KEY (`id`),
  KEY `django_admin_log_content_type_id_c4bce8eb_fk_django_co` (`content_type_id`),
  KEY `django_admin_log_user_id_c564eba6_fk_auth_user_id` (`user_id`),
  CONSTRAINT `django_admin_log_content_type_id_c4bce8eb_fk_django_co` FOREIGN KEY (`content_type_id`) REFERENCES `django_content_type` (`id`),
  CONSTRAINT `django_admin_log_user_id_c564eba6_fk_auth_user_id` FOREIGN KEY (`user_id`) REFERENCES `auth_user` (`id`)
) ENGINE=InnoDB DEFAULT CHARSET=latin1;
/*!40101 SET character_set_client = @saved_cs_client */;

--
-- Dumping data for table `django_admin_log`
--

LOCK TABLES `django_admin_log` WRITE;
/*!40000 ALTER TABLE `django_admin_log` DISABLE KEYS */;
/*!40000 ALTER TABLE `django_admin_log` ENABLE KEYS */;
UNLOCK TABLES;

--
-- Table structure for table `django_content_type`
--

DROP TABLE IF EXISTS `django_content_type`;
/*!40101 SET @saved_cs_client     = @@character_set_client */;
/*!50503 SET character_set_client = utf8mb4 */;
CREATE TABLE `django_content_type` (
  `id` int NOT NULL AUTO_INCREMENT,
  `app_label` varchar(100) NOT NULL,
  `model` varchar(100) NOT NULL,
  PRIMARY KEY (`id`),
  UNIQUE KEY `django_content_type_app_label_model_76bd3d3b_uniq` (`app_label`,`model`)
) ENGINE=InnoDB AUTO_INCREMENT=7 DEFAULT CHARSET=latin1;
/*!40101 SET character_set_client = @saved_cs_client */;

--
-- Dumping data for table `django_content_type`
--

LOCK TABLES `django_content_type` WRITE;
/*!40000 ALTER TABLE `django_content_type` DISABLE KEYS */;
INSERT INTO `django_content_type` VALUES (1,'admin','logentry'),(3,'auth','group'),(2,'auth','permission'),(4,'auth','user'),(5,'contenttypes','contenttype'),(6,'sessions','session');
/*!40000 ALTER TABLE `django_content_type` ENABLE KEYS */;
UNLOCK TABLES;

--
-- Table structure for table `django_migrations`
--

DROP TABLE IF EXISTS `django_migrations`;
/*!40101 SET @saved_cs_client     = @@character_set_client */;
/*!50503 SET character_set_client = utf8mb4 */;
CREATE TABLE `django_migrations` (
  `id` int NOT NULL AUTO_INCREMENT,
  `app` varchar(255) NOT NULL,
  `name` varchar(255) NOT NULL,
  `applied` datetime(6) NOT NULL,
  PRIMARY KEY (`id`)
) ENGINE=InnoDB AUTO_INCREMENT=16 DEFAULT CHARSET=latin1;
/*!40101 SET character_set_client = @saved_cs_client */;

--
-- Dumping data for table `django_migrations`
--

LOCK TABLES `django_migrations` WRITE;
/*!40000 ALTER TABLE `django_migrations` DISABLE KEYS */;
INSERT INTO `django_migrations` VALUES (1,'contenttypes','0001_initial','2020-03-09 23:45:06.538733'),(2,'auth','0001_initial','2020-03-09 23:45:10.018233'),(3,'admin','0001_initial','2020-03-09 23:45:11.118233'),(4,'admin','0002_logentry_remove_auto_add','2020-03-09 23:45:11.139233'),(5,'admin','0003_logentry_add_action_flag_choices','2020-03-09 23:45:11.169233'),(6,'contenttypes','0002_remove_content_type_name','2020-03-09 23:45:11.498233'),(7,'auth','0002_alter_permission_name_max_length','2020-03-09 23:45:11.539233'),(8,'auth','0003_alter_user_email_max_length','2020-03-09 23:45:11.619233'),(9,'auth','0004_alter_user_username_opts','2020-03-09 23:45:11.629233'),(10,'auth','0005_alter_user_last_login_null','2020-03-09 23:45:11.770233'),(11,'auth','0006_require_contenttypes_0002','2020-03-09 23:45:11.810233'),(12,'auth','0007_alter_validators_add_error_messages','2020-03-09 23:45:11.820233'),(13,'auth','0008_alter_user_username_max_length','2020-03-09 23:45:11.831233'),(14,'auth','0009_alter_user_last_name_max_length','2020-03-09 23:45:11.949233'),(15,'sessions','0001_initial','2020-03-09 23:45:12.140233');
/*!40000 ALTER TABLE `django_migrations` ENABLE KEYS */;
UNLOCK TABLES;

--
-- Table structure for table `django_session`
--

DROP TABLE IF EXISTS `django_session`;
/*!40101 SET @saved_cs_client     = @@character_set_client */;
/*!50503 SET character_set_client = utf8mb4 */;
CREATE TABLE `django_session` (
  `session_key` varchar(40) NOT NULL,
  `session_data` longtext NOT NULL,
  `expire_date` datetime(6) NOT NULL,
  PRIMARY KEY (`session_key`),
  KEY `django_session_expire_date_a5c62663` (`expire_date`)
) ENGINE=InnoDB DEFAULT CHARSET=latin1;
/*!40101 SET character_set_client = @saved_cs_client */;

--
-- Dumping data for table `django_session`
--

LOCK TABLES `django_session` WRITE;
/*!40000 ALTER TABLE `django_session` DISABLE KEYS */;
INSERT INTO `django_session` VALUES ('tyl1c5xdi2x8x2jwg76rgv4m7k8zrh9f','Y2FhMTEwYWE3NTdhZjlkMTFkYzhlMDM0OGM4NTU4YzVjZGQwZDM0Njp7Il9hdXRoX3VzZXJfaWQiOiIxIiwiX2F1dGhfdXNlcl9iYWNrZW5kIjoiZGphbmdvLmNvbnRyaWIuYXV0aC5iYWNrZW5kcy5Nb2RlbEJhY2tlbmQiLCJfYXV0aF91c2VyX2hhc2giOiJmMzIyNjA4ZWY3OTQ5MWYwMTUwOGMyMDFlMDIzZmRjNjI3MTU4N2IzIn0=','2020-11-02 22:21:14.400992');
/*!40000 ALTER TABLE `django_session` ENABLE KEYS */;
UNLOCK TABLES;

--
-- Table structure for table `initialgoalparameter`
--

DROP TABLE IF EXISTS `initialgoalparameter`;
/*!40101 SET @saved_cs_client     = @@character_set_client */;
/*!50503 SET character_set_client = utf8mb4 */;
CREATE TABLE `initialgoalparameter` (
  `transactionID` bigint NOT NULL,
  `iorg` varchar(10) NOT NULL,
  `parameterID` varchar(10) NOT NULL,
  PRIMARY KEY (`transactionID`,`iorg`,`parameterID`),
  KEY `knowledgeID` (`parameterID`),
  CONSTRAINT `initialgoalparameter_ibfk_1` FOREIGN KEY (`parameterID`) REFERENCES `parameterlist` (`parameterID`)
) ENGINE=InnoDB DEFAULT CHARSET=latin1;
/*!40101 SET character_set_client = @saved_cs_client */;

--
-- Dumping data for table `initialgoalparameter`
--

LOCK TABLES `initialgoalparameter` WRITE;
/*!40000 ALTER TABLE `initialgoalparameter` DISABLE KEYS */;
INSERT INTO `initialgoalparameter` VALUES (3,'G','p1'),(4,'I','p1'),(5,'I','p1'),(7,'I','p1'),(8,'I','p1'),(10,'G','p1'),(12,'I','p1'),(14,'G','p1'),(18,'G','p1'),(19,'I','p1'),(20,'G','p1'),(21,'I','p1'),(24,'I','p1'),(30,'I','p1'),(1,'I','p10'),(6,'I','p10'),(10,'I','p10'),(13,'I','p10'),(17,'G','p10'),(19,'I','p10'),(20,'I','p10'),(21,'G','p10'),(22,'G','p10'),(23,'I','p10'),(25,'I','p10'),(27,'G','p10'),(29,'G','p10'),(30,'G','p10'),(1,'G','p11'),(2,'G','p11'),(3,'I','p11'),(5,'G','p11'),(7,'I','p11'),(9,'I','p11'),(11,'I','p11'),(13,'I','p11'),(14,'I','p11'),(15,'I','p11'),(20,'I','p11'),(21,'I','p11'),(24,'G','p11'),(1,'I','p12'),(7,'I','p12'),(11,'G','p12'),(12,'I','p12'),(14,'G','p12'),(18,'I','p12'),(19,'I','p12'),(20,'I','p12'),(22,'I','p12'),(27,'G','p12'),(28,'I','p12'),(30,'I','p12'),(6,'I','p13'),(8,'G','p13'),(11,'I','p13'),(16,'G','p13'),(20,'I','p13'),(21,'G','p13'),(23,'I','p13'),(29,'G','p13'),(4,'I','p14'),(5,'G','p14'),(7,'G','p14'),(9,'I','p14'),(10,'I','p14'),(13,'G','p14'),(14,'I','p14'),(15,'G','p14'),(20,'G','p14'),(21,'G','p14'),(24,'I','p14'),(26,'I','p14'),(27,'G','p14'),(28,'I','p14'),(30,'I','p14'),(6,'G','p15'),(8,'G','p15'),(12,'G','p15'),(15,'G','p15'),(16,'I','p15'),(19,'G','p15'),(1,'I','p16'),(2,'I','p16'),(4,'I','p16'),(5,'G','p16'),(11,'I','p16'),(13,'I','p16'),(16,'G','p16'),(18,'G','p16'),(23,'G','p16'),(29,'I','p16'),(1,'G','p17'),(2,'I','p17'),(3,'I','p17'),(4,'G','p17'),(5,'G','p17'),(9,'G','p17'),(11,'I','p17'),(13,'I','p17'),(14,'G','p17'),(15,'G','p17'),(24,'I','p17'),(26,'I','p17'),(27,'I','p17'),(2,'G','p18'),(3,'G','p18'),(8,'I','p18'),(9,'G','p18'),(11,'G','p18'),(12,'I','p18'),(15,'I','p18'),(16,'I','p18'),(18,'G','p18'),(19,'I','p18'),(21,'I','p18'),(23,'I','p18'),(25,'I','p18'),(27,'I','p18'),(28,'G','p18'),(4,'G','p19'),(5,'I','p19'),(6,'G','p19'),(7,'G','p19'),(8,'G','p19'),(9,'I','p19'),(10,'G','p19'),(12,'I','p19'),(14,'I','p19'),(17,'G','p19'),(19,'G','p19'),(21,'G','p19'),(23,'I','p19'),(25,'I','p19'),(26,'G','p19'),(2,'I','p2'),(4,'G','p2'),(12,'G','p2'),(14,'G','p2'),(18,'I','p2'),(25,'I','p2'),(26,'I','p2'),(27,'I','p2'),(28,'I','p2'),(29,'G','p2'),(7,'I','p20'),(8,'G','p20'),(10,'I','p20'),(12,'G','p20'),(15,'G','p20'),(17,'G','p20'),(22,'I','p20'),(24,'G','p20'),(26,'I','p20'),(28,'I','p20'),(3,'G','p3'),(5,'I','p3'),(9,'I','p3'),(13,'G','p3'),(16,'G','p3'),(17,'I','p3'),(19,'G','p3'),(20,'G','p3'),(21,'I','p3'),(22,'G','p3'),(24,'I','p3'),(30,'G','p3'),(1,'G','p4'),(2,'G','p4'),(3,'I','p4'),(6,'I','p4'),(10,'G','p4'),(11,'G','p4'),(16,'I','p4'),(18,'I','p4'),(22,'G','p4'),(25,'G','p4'),(28,'G','p4'),(29,'I','p4'),(30,'I','p4'),(1,'I','p5'),(4,'G','p5'),(6,'G','p5'),(7,'G','p5'),(10,'I','p5'),(13,'G','p5'),(15,'I','p5'),(16,'G','p5'),(17,'I','p5'),(18,'G','p5'),(20,'G','p5'),(22,'I','p5'),(23,'G','p5'),(26,'G','p5'),(27,'G','p5'),(28,'G','p5'),(30,'G','p5'),(1,'G','p6'),(2,'I','p6'),(3,'G','p6'),(6,'G','p6'),(15,'I','p6'),(22,'G','p6'),(24,'G','p6'),(25,'G','p6'),(26,'G','p6'),(29,'I','p6'),(6,'I','p7'),(8,'I','p7'),(17,'I','p7'),(18,'I','p7'),(22,'I','p7'),(23,'G','p7'),(28,'G','p7'),(3,'I','p8'),(5,'I','p8'),(7,'G','p8'),(8,'I','p8'),(9,'G','p8'),(11,'G','p8'),(12,'G','p8'),(16,'I','p8'),(17,'G','p8'),(19,'G','p8'),(23,'G','p8'),(25,'G','p8'),(29,'G','p8'),(2,'G','p9'),(4,'I','p9'),(9,'G','p9'),(10,'G','p9'),(13,'G','p9'),(14,'I','p9'),(17,'I','p9'),(24,'G','p9'),(25,'G','p9'),(26,'G','p9'),(27,'I','p9'),(29,'I','p9'),(30,'G','p9');
/*!40000 ALTER TABLE `initialgoalparameter` ENABLE KEYS */;
UNLOCK TABLES;

--
-- Table structure for table `inputparameter`
--

DROP TABLE IF EXISTS `inputparameter`;
/*!40101 SET @saved_cs_client     = @@character_set_client */;
/*!50503 SET character_set_client = utf8mb4 */;
CREATE TABLE `inputparameter` (
  `webServiceID` varchar(10) NOT NULL,
  `parameterID` varchar(10) NOT NULL,
  PRIMARY KEY (`webServiceID`,`parameterID`),
  KEY `knowledgeID` (`parameterID`)
) ENGINE=InnoDB DEFAULT CHARSET=latin1;
/*!40101 SET character_set_client = @saved_cs_client */;

--
-- Dumping data for table `inputparameter`
--

LOCK TABLES `inputparameter` WRITE;
/*!40000 ALTER TABLE `inputparameter` DISABLE KEYS */;
INSERT INTO `inputparameter` VALUES ('WSS118','p1'),('WSS13','p1'),('WSS130','p1'),('WSS149','p1'),('WSS152','p1'),('WSS188','p1'),('WSS191','p1'),('WSS199','p1'),('WSS203','p1'),('WSS211','p1'),('WSS213','p1'),('WSS23','p1'),('WSS233','p1'),('WSS254','p1'),('WSS275','p1'),('WSS28','p1'),('WSS287','p1'),('WSS294','p1'),('WSS30','p1'),('WSS305','p1'),('WSS318','p1'),('WSS328','p1'),('WSS334','p1'),('WSS341','p1'),('WSS35','p1'),('WSS350','p1'),('WSS353','p1'),('WSS371','p1'),('WSS373','p1'),('WSS375','p1'),('WSS389','p1'),('WSS41','p1'),('WSS44','p1'),('WSS446','p1'),('WSS47','p1'),('WSS472','p1'),('WSS498','p1'),('WSS506','p1'),('WSS511','p1'),('WSS519','p1'),('WSS529','p1'),('WSS539','p1'),('WSS545','p1'),('WSS569','p1'),('WSS581','p1'),('WSS589','p1'),('WSS59','p1'),('WSS590','p1'),('WSS6','p1'),('WSS609','p1'),('WSS611','p1'),('WSS612','p1'),('WSS617','p1'),('WSS639','p1'),('WSS657','p1'),('WSS69','p1'),('WSS691','p1'),('WSS70','p1'),('WSS705','p1'),('WSS712','p1'),('WSS724','p1'),('WSS725','p1'),('WSS730','p1'),('WSS735','p1'),('WSS737','p1'),('WSS742','p1'),('WSS745','p1'),('WSS748','p1'),('WSS771','p1'),('WSS775','p1'),('WSS786','p1'),('WSS788','p1'),('WSS794','p1'),('WSS795','p1'),('WSS111','p10'),('WSS122','p10'),('WSS155','p10'),('WSS161','p10'),('WSS173','p10'),('WSS174','p10'),('WSS179','p10'),('WSS214','p10'),('WSS218','p10'),('WSS236','p10'),('WSS251','p10'),('WSS253','p10'),('WSS265','p10'),('WSS27','p10'),('WSS282','p10'),('WSS287','p10'),('WSS295','p10'),('WSS297','p10'),('WSS301','p10'),('WSS302','p10'),('WSS315','p10'),('WSS317','p10'),('WSS321','p10'),('WSS323','p10'),('WSS330','p10'),('WSS347','p10'),('WSS359','p10'),('WSS37','p10'),('WSS393','p10'),('WSS395','p10'),('WSS398','p10'),('WSS407','p10'),('WSS413','p10'),('WSS434','p10'),('WSS439','p10'),('WSS452','p10'),('WSS468','p10'),('WSS469','p10'),('WSS486','p10'),('WSS487','p10'),('WSS491','p10'),('WSS492','p10'),('WSS506','p10'),('WSS507','p10'),('WSS515','p10'),('WSS518','p10'),('WSS520','p10'),('WSS535','p10'),('WSS537','p10'),('WSS538','p10'),('WSS541','p10'),('WSS548','p10'),('WSS550','p10'),('WSS553','p10'),('WSS554','p10'),('WSS558','p10'),('WSS571','p10'),('WSS574','p10'),('WSS576','p10'),('WSS58','p10'),('WSS585','p10'),('WSS598','p10'),('WSS608','p10'),('WSS63','p10'),('WSS633','p10'),('WSS635','p10'),('WSS644','p10'),('WSS671','p10'),('WSS678','p10'),('WSS688','p10'),('WSS690','p10'),('WSS716','p10'),('WSS723','p10'),('WSS727','p10'),('WSS729','p10'),('WSS756','p10'),('WSS757','p10'),('WSS77','p10'),('WSS799','p10'),('WSS81','p10'),('WSS105','p11'),('WSS106','p11'),('WSS109','p11'),('WSS120','p11'),('WSS131','p11'),('WSS135','p11'),('WSS172','p11'),('WSS184','p11'),('WSS19','p11'),('WSS197','p11'),('WSS206','p11'),('WSS207','p11'),('WSS21','p11'),('WSS237','p11'),('WSS241','p11'),('WSS250','p11'),('WSS259','p11'),('WSS260','p11'),('WSS276','p11'),('WSS277','p11'),('WSS283','p11'),('WSS3','p11'),('WSS300','p11'),('WSS304','p11'),('WSS320','p11'),('WSS324','p11'),('WSS332','p11'),('WSS338','p11'),('WSS346','p11'),('WSS352','p11'),('WSS399','p11'),('WSS432','p11'),('WSS44','p11'),('WSS440','p11'),('WSS442','p11'),('WSS445','p11'),('WSS457','p11'),('WSS461','p11'),('WSS477','p11'),('WSS493','p11'),('WSS497','p11'),('WSS503','p11'),('WSS508','p11'),('WSS51','p11'),('WSS511','p11'),('WSS512','p11'),('WSS524','p11'),('WSS525','p11'),('WSS543','p11'),('WSS544','p11'),('WSS564','p11'),('WSS566','p11'),('WSS570','p11'),('WSS573','p11'),('WSS582','p11'),('WSS596','p11'),('WSS603','p11'),('WSS609','p11'),('WSS614','p11'),('WSS627','p11'),('WSS650','p11'),('WSS652','p11'),('WSS654','p11'),('WSS689','p11'),('WSS697','p11'),('WSS710','p11'),('WSS719','p11'),('WSS721','p11'),('WSS749','p11'),('WSS751','p11'),('WSS752','p11'),('WSS755','p11'),('WSS759','p11'),('WSS765','p11'),('WSS766','p11'),('WSS777','p11'),('WSS781','p11'),('WSS89','p11'),('WSS9','p11'),('WSS99','p11'),('WSS102','p12'),('WSS113','p12'),('WSS115','p12'),('WSS138','p12'),('WSS140','p12'),('WSS164','p12'),('WSS17','p12'),('WSS175','p12'),('WSS18','p12'),('WSS192','p12'),('WSS2','p12'),('WSS220','p12'),('WSS240','p12'),('WSS248','p12'),('WSS250','p12'),('WSS256','p12'),('WSS269','p12'),('WSS271','p12'),('WSS273','p12'),('WSS285','p12'),('WSS299','p12'),('WSS311','p12'),('WSS313','p12'),('WSS314','p12'),('WSS316','p12'),('WSS319','p12'),('WSS322','p12'),('WSS328','p12'),('WSS333','p12'),('WSS347','p12'),('WSS369','p12'),('WSS392','p12'),('WSS397','p12'),('WSS414','p12'),('WSS419','p12'),('WSS421','p12'),('WSS429','p12'),('WSS431','p12'),('WSS448','p12'),('WSS462','p12'),('WSS473','p12'),('WSS477','p12'),('WSS480','p12'),('WSS482','p12'),('WSS486','p12'),('WSS49','p12'),('WSS491','p12'),('WSS501','p12'),('WSS513','p12'),('WSS526','p12'),('WSS527','p12'),('WSS547','p12'),('WSS55','p12'),('WSS555','p12'),('WSS629','p12'),('WSS633','p12'),('WSS64','p12'),('WSS643','p12'),('WSS658','p12'),('WSS659','p12'),('WSS660','p12'),('WSS663','p12'),('WSS665','p12'),('WSS672','p12'),('WSS68','p12'),('WSS681','p12'),('WSS685','p12'),('WSS695','p12'),('WSS701','p12'),('WSS706','p12'),('WSS709','p12'),('WSS724','p12'),('WSS731','p12'),('WSS744','p12'),('WSS760','p12'),('WSS783','p12'),('WSS79','p12'),('WSS798','p12'),('WSS90','p12'),('WSS97','p12'),('WSS1','p13'),('WSS105','p13'),('WSS132','p13'),('WSS144','p13'),('WSS146','p13'),('WSS148','p13'),('WSS185','p13'),('WSS193','p13'),('WSS210','p13'),('WSS211','p13'),('WSS213','p13'),('WSS227','p13'),('WSS231','p13'),('WSS232','p13'),('WSS240','p13'),('WSS258','p13'),('WSS262','p13'),('WSS27','p13'),('WSS286','p13'),('WSS309','p13'),('WSS32','p13'),('WSS339','p13'),('WSS344','p13'),('WSS345','p13'),('WSS348','p13'),('WSS35','p13'),('WSS358','p13'),('WSS362','p13'),('WSS375','p13'),('WSS376','p13'),('WSS379','p13'),('WSS382','p13'),('WSS389','p13'),('WSS397','p13'),('WSS408','p13'),('WSS415','p13'),('WSS416','p13'),('WSS426','p13'),('WSS428','p13'),('WSS449','p13'),('WSS464','p13'),('WSS481','p13'),('WSS483','p13'),('WSS500','p13'),('WSS505','p13'),('WSS523','p13'),('WSS533','p13'),('WSS539','p13'),('WSS560','p13'),('WSS565','p13'),('WSS573','p13'),('WSS586','p13'),('WSS593','p13'),('WSS607','p13'),('WSS610','p13'),('WSS618','p13'),('WSS638','p13'),('WSS645','p13'),('WSS647','p13'),('WSS660','p13'),('WSS667','p13'),('WSS675','p13'),('WSS68','p13'),('WSS683','p13'),('WSS697','p13'),('WSS704','p13'),('WSS718','p13'),('WSS738','p13'),('WSS739','p13'),('WSS740','p13'),('WSS741','p13'),('WSS745','p13'),('WSS747','p13'),('WSS749','p13'),('WSS750','p13'),('WSS755','p13'),('WSS778','p13'),('WSS793','p13'),('WSS8','p13'),('WSS83','p13'),('WSS92','p13'),('WSS97','p13'),('WSS10','p14'),('WSS101','p14'),('WSS109','p14'),('WSS126','p14'),('WSS134','p14'),('WSS158','p14'),('WSS164','p14'),('WSS202','p14'),('WSS207','p14'),('WSS230','p14'),('WSS233','p14'),('WSS255','p14'),('WSS260','p14'),('WSS344','p14'),('WSS346','p14'),('WSS376','p14'),('WSS38','p14'),('WSS385','p14'),('WSS386','p14'),('WSS388','p14'),('WSS390','p14'),('WSS396','p14'),('WSS400','p14'),('WSS401','p14'),('WSS412','p14'),('WSS420','p14'),('WSS432','p14'),('WSS456','p14'),('WSS471','p14'),('WSS479','p14'),('WSS482','p14'),('WSS521','p14'),('WSS53','p14'),('WSS532','p14'),('WSS533','p14'),('WSS543','p14'),('WSS556','p14'),('WSS558','p14'),('WSS575','p14'),('WSS584','p14'),('WSS602','p14'),('WSS623','p14'),('WSS626','p14'),('WSS629','p14'),('WSS634','p14'),('WSS644','p14'),('WSS647','p14'),('WSS657','p14'),('WSS666','p14'),('WSS699','p14'),('WSS7','p14'),('WSS702','p14'),('WSS707','p14'),('WSS715','p14'),('WSS734','p14'),('WSS743','p14'),('WSS744','p14'),('WSS746','p14'),('WSS752','p14'),('WSS764','p14'),('WSS773','p14'),('WSS791','p14'),('WSS87','p14'),('WSS9','p14'),('WSS96','p14'),('WSS107','p15'),('WSS119','p15'),('WSS12','p15'),('WSS128','p15'),('WSS137','p15'),('WSS139','p15'),('WSS141','p15'),('WSS143','p15'),('WSS146','p15'),('WSS149','p15'),('WSS151','p15'),('WSS160','p15'),('WSS168','p15'),('WSS176','p15'),('WSS178','p15'),('WSS18','p15'),('WSS182','p15'),('WSS219','p15'),('WSS22','p15'),('WSS225','p15'),('WSS226','p15'),('WSS234','p15'),('WSS24','p15'),('WSS245','p15'),('WSS257','p15'),('WSS261','p15'),('WSS278','p15'),('WSS291','p15'),('WSS294','p15'),('WSS318','p15'),('WSS329','p15'),('WSS331','p15'),('WSS341','p15'),('WSS342','p15'),('WSS349','p15'),('WSS362','p15'),('WSS364','p15'),('WSS367','p15'),('WSS372','p15'),('WSS382','p15'),('WSS391','p15'),('WSS402','p15'),('WSS405','p15'),('WSS407','p15'),('WSS408','p15'),('WSS410','p15'),('WSS413','p15'),('WSS416','p15'),('WSS422','p15'),('WSS424','p15'),('WSS425','p15'),('WSS43','p15'),('WSS441','p15'),('WSS447','p15'),('WSS451','p15'),('WSS453','p15'),('WSS459','p15'),('WSS460','p15'),('WSS476','p15'),('WSS52','p15'),('WSS522','p15'),('WSS528','p15'),('WSS556','p15'),('WSS56','p15'),('WSS565','p15'),('WSS567','p15'),('WSS577','p15'),('WSS587','p15'),('WSS591','p15'),('WSS600','p15'),('WSS604','p15'),('WSS620','p15'),('WSS630','p15'),('WSS648','p15'),('WSS650','p15'),('WSS655','p15'),('WSS661','p15'),('WSS664','p15'),('WSS669','p15'),('WSS67','p15'),('WSS679','p15'),('WSS687','p15'),('WSS691','p15'),('WSS720','p15'),('WSS723','p15'),('WSS728','p15'),('WSS738','p15'),('WSS754','p15'),('WSS770','p15'),('WSS782','p15'),('WSS788','p15'),('WSS103','p16'),('WSS116','p16'),('WSS12','p16'),('WSS129','p16'),('WSS133','p16'),('WSS142','p16'),('WSS145','p16'),('WSS150','p16'),('WSS152','p16'),('WSS153','p16'),('WSS156','p16'),('WSS158','p16'),('WSS175','p16'),('WSS19','p16'),('WSS192','p16'),('WSS206','p16'),('WSS210','p16'),('WSS216','p16'),('WSS222','p16'),('WSS227','p16'),('WSS229','p16'),('WSS265','p16'),('WSS266','p16'),('WSS270','p16'),('WSS273','p16'),('WSS281','p16'),('WSS307','p16'),('WSS311','p16'),('WSS338','p16'),('WSS39','p16'),('WSS4','p16'),('WSS406','p16'),('WSS43','p16'),('WSS435','p16'),('WSS438','p16'),('WSS442','p16'),('WSS448','p16'),('WSS452','p16'),('WSS458','p16'),('WSS462','p16'),('WSS463','p16'),('WSS467','p16'),('WSS487','p16'),('WSS489','p16'),('WSS490','p16'),('WSS496','p16'),('WSS5','p16'),('WSS509','p16'),('WSS52','p16'),('WSS531','p16'),('WSS546','p16'),('WSS55','p16'),('WSS571','p16'),('WSS575','p16'),('WSS581','p16'),('WSS585','p16'),('WSS597','p16'),('WSS603','p16'),('WSS613','p16'),('WSS614','p16'),('WSS619','p16'),('WSS621','p16'),('WSS624','p16'),('WSS632','p16'),('WSS653','p16'),('WSS656','p16'),('WSS658','p16'),('WSS66','p16'),('WSS670','p16'),('WSS671','p16'),('WSS674','p16'),('WSS708','p16'),('WSS717','p16'),('WSS720','p16'),('WSS732','p16'),('WSS733','p16'),('WSS740','p16'),('WSS747','p16'),('WSS784','p16'),('WSS787','p16'),('WSS789','p16'),('WSS85','p16'),('WSS88','p16'),('WSS92','p16'),('WSS95','p16'),('WSS108','p17'),('WSS120','p17'),('WSS125','p17'),('WSS127','p17'),('WSS147','p17'),('WSS157','p17'),('WSS165','p17'),('WSS172','p17'),('WSS179','p17'),('WSS182','p17'),('WSS185','p17'),('WSS190','p17'),('WSS193','p17'),('WSS204','p17'),('WSS21','p17'),('WSS215','p17'),('WSS217','p17'),('WSS228','p17'),('WSS231','p17'),('WSS243','p17'),('WSS244','p17'),('WSS295','p17'),('WSS300','p17'),('WSS306','p17'),('WSS312','p17'),('WSS313','p17'),('WSS319','p17'),('WSS32','p17'),('WSS322','p17'),('WSS332','p17'),('WSS335','p17'),('WSS337','p17'),('WSS342','p17'),('WSS355','p17'),('WSS370','p17'),('WSS371','p17'),('WSS373','p17'),('WSS377','p17'),('WSS426','p17'),('WSS446','p17'),('WSS450','p17'),('WSS466','p17'),('WSS48','p17'),('WSS497','p17'),('WSS502','p17'),('WSS514','p17'),('WSS526','p17'),('WSS561','p17'),('WSS562','p17'),('WSS568','p17'),('WSS577','p17'),('WSS579','p17'),('WSS591','p17'),('WSS60','p17'),('WSS600','p17'),('WSS636','p17'),('WSS64','p17'),('WSS668','p17'),('WSS677','p17'),('WSS682','p17'),('WSS69','p17'),('WSS693','p17'),('WSS707','p17'),('WSS713','p17'),('WSS725','p17'),('WSS735','p17'),('WSS75','p17'),('WSS763','p17'),('WSS88','p17'),('WSS104','p18'),('WSS124','p18'),('WSS13','p18'),('WSS14','p18'),('WSS143','p18'),('WSS145','p18'),('WSS150','p18'),('WSS159','p18'),('WSS166','p18'),('WSS170','p18'),('WSS194','p18'),('WSS2','p18'),('WSS205','p18'),('WSS234','p18'),('WSS244','p18'),('WSS251','p18'),('WSS26','p18'),('WSS262','p18'),('WSS276','p18'),('WSS277','p18'),('WSS29','p18'),('WSS290','p18'),('WSS293','p18'),('WSS302','p18'),('WSS308','p18'),('WSS31','p18'),('WSS310','p18'),('WSS326','p18'),('WSS334','p18'),('WSS348','p18'),('WSS356','p18'),('WSS365','p18'),('WSS383','p18'),('WSS384','p18'),('WSS387','p18'),('WSS430','p18'),('WSS455','p18'),('WSS470','p18'),('WSS472','p18'),('WSS475','p18'),('WSS481','p18'),('WSS488','p18'),('WSS489','p18'),('WSS499','p18'),('WSS508','p18'),('WSS53','p18'),('WSS531','p18'),('WSS554','p18'),('WSS570','p18'),('WSS572','p18'),('WSS596','p18'),('WSS617','p18'),('WSS62','p18'),('WSS620','p18'),('WSS642','p18'),('WSS651','p18'),('WSS661','p18'),('WSS684','p18'),('WSS690','p18'),('WSS692','p18'),('WSS700','p18'),('WSS72','p18'),('WSS730','p18'),('WSS739','p18'),('WSS743','p18'),('WSS758','p18'),('WSS765','p18'),('WSS766','p18'),('WSS768','p18'),('WSS77','p18'),('WSS780','p18'),('WSS784','p18'),('WSS792','p18'),('WSS799','p18'),('WSS82','p18'),('WSS99','p18'),('WSS1','p19'),('WSS110','p19'),('WSS119','p19'),('WSS135','p19'),('WSS156','p19'),('WSS16','p19'),('WSS167','p19'),('WSS17','p19'),('WSS176','p19'),('WSS181','p19'),('WSS201','p19'),('WSS205','p19'),('WSS221','p19'),('WSS223','p19'),('WSS225','p19'),('WSS226','p19'),('WSS230','p19'),('WSS238','p19'),('WSS242','p19'),('WSS249','p19'),('WSS25','p19'),('WSS254','p19'),('WSS261','p19'),('WSS267','p19'),('WSS283','p19'),('WSS284','p19'),('WSS289','p19'),('WSS298','p19'),('WSS301','p19'),('WSS307','p19'),('WSS320','p19'),('WSS327','p19'),('WSS349','p19'),('WSS350','p19'),('WSS352','p19'),('WSS356','p19'),('WSS366','p19'),('WSS377','p19'),('WSS383','p19'),('WSS394','p19'),('WSS411','p19'),('WSS433','p19'),('WSS438','p19'),('WSS441','p19'),('WSS454','p19'),('WSS457','p19'),('WSS46','p19'),('WSS460','p19'),('WSS474','p19'),('WSS50','p19'),('WSS512','p19'),('WSS519','p19'),('WSS540','p19'),('WSS546','p19'),('WSS551','p19'),('WSS552','p19'),('WSS557','p19'),('WSS57','p19'),('WSS572','p19'),('WSS580','p19'),('WSS592','p19'),('WSS594','p19'),('WSS622','p19'),('WSS625','p19'),('WSS628','p19'),('WSS656','p19'),('WSS662','p19'),('WSS664','p19'),('WSS665','p19'),('WSS687','p19'),('WSS696','p19'),('WSS703','p19'),('WSS708','p19'),('WSS729','p19'),('WSS73','p19'),('WSS731','p19'),('WSS737','p19'),('WSS753','p19'),('WSS76','p19'),('WSS78','p19'),('WSS794','p19'),('WSS797','p19'),('WSS81','p19'),('WSS94','p19'),('WSS98','p19'),('WSS100','p2'),('WSS103','p2'),('WSS107','p2'),('WSS125','p2'),('WSS127','p2'),('WSS144','p2'),('WSS159','p2'),('WSS163','p2'),('WSS186','p2'),('WSS187','p2'),('WSS200','p2'),('WSS202','p2'),('WSS208','p2'),('WSS219','p2'),('WSS224','p2'),('WSS239','p2'),('WSS243','p2'),('WSS255','p2'),('WSS267','p2'),('WSS272','p2'),('WSS292','p2'),('WSS298','p2'),('WSS306','p2'),('WSS325','p2'),('WSS33','p2'),('WSS381','p2'),('WSS390','p2'),('WSS404','p2'),('WSS409','p2'),('WSS427','p2'),('WSS443','p2'),('WSS444','p2'),('WSS465','p2'),('WSS488','p2'),('WSS494','p2'),('WSS50','p2'),('WSS524','p2'),('WSS529','p2'),('WSS542','p2'),('WSS549','p2'),('WSS553','p2'),('WSS562','p2'),('WSS567','p2'),('WSS569','p2'),('WSS583','p2'),('WSS598','p2'),('WSS605','p2'),('WSS611','p2'),('WSS638','p2'),('WSS643','p2'),('WSS645','p2'),('WSS649','p2'),('WSS65','p2'),('WSS667','p2'),('WSS684','p2'),('WSS700','p2'),('WSS716','p2'),('WSS719','p2'),('WSS722','p2'),('WSS732','p2'),('WSS733','p2'),('WSS736','p2'),('WSS746','p2'),('WSS772','p2'),('WSS776','p2'),('WSS792','p2'),('WSS793','p2'),('WSS797','p2'),('WSS11','p20'),('WSS133','p20'),('WSS134','p20'),('WSS15','p20'),('WSS168','p20'),('WSS177','p20'),('WSS180','p20'),('WSS208','p20'),('WSS222','p20'),('WSS247','p20'),('WSS253','p20'),('WSS258','p20'),('WSS288','p20'),('WSS290','p20'),('WSS291','p20'),('WSS304','p20'),('WSS309','p20'),('WSS325','p20'),('WSS327','p20'),('WSS333','p20'),('WSS336','p20'),('WSS343','p20'),('WSS345','p20'),('WSS355','p20'),('WSS361','p20'),('WSS368','p20'),('WSS369','p20'),('WSS381','p20'),('WSS396','p20'),('WSS402','p20'),('WSS41','p20'),('WSS417','p20'),('WSS423','p20'),('WSS430','p20'),('WSS443','p20'),('WSS456','p20'),('WSS467','p20'),('WSS478','p20'),('WSS509','p20'),('WSS514','p20'),('WSS516','p20'),('WSS523','p20'),('WSS527','p20'),('WSS54','p20'),('WSS544','p20'),('WSS557','p20'),('WSS560','p20'),('WSS561','p20'),('WSS574','p20'),('WSS586','p20'),('WSS588','p20'),('WSS592','p20'),('WSS595','p20'),('WSS597','p20'),('WSS599','p20'),('WSS601','p20'),('WSS610','p20'),('WSS615','p20'),('WSS649','p20'),('WSS668','p20'),('WSS67','p20'),('WSS670','p20'),('WSS674','p20'),('WSS682','p20'),('WSS686','p20'),('WSS689','p20'),('WSS692','p20'),('WSS694','p20'),('WSS701','p20'),('WSS705','p20'),('WSS714','p20'),('WSS715','p20'),('WSS722','p20'),('WSS74','p20'),('WSS741','p20'),('WSS762','p20'),('WSS767','p20'),('WSS769','p20'),('WSS771','p20'),('WSS783','p20'),('WSS795','p20'),('WSS796','p20'),('WSS8','p20'),('WSS84','p20'),('WSS93','p20'),('WSS95','p20'),('WSS11','p3'),('WSS115','p3'),('WSS123','p3'),('WSS130','p3'),('WSS132','p3'),('WSS155','p3'),('WSS16','p3'),('WSS162','p3'),('WSS178','p3'),('WSS191','p3'),('WSS195','p3'),('WSS198','p3'),('WSS218','p3'),('WSS220','p3'),('WSS239','p3'),('WSS24','p3'),('WSS249','p3'),('WSS256','p3'),('WSS268','p3'),('WSS269','p3'),('WSS274','p3'),('WSS279','p3'),('WSS286','p3'),('WSS288','p3'),('WSS296','p3'),('WSS3','p3'),('WSS329','p3'),('WSS331','p3'),('WSS336','p3'),('WSS337','p3'),('WSS351','p3'),('WSS365','p3'),('WSS374','p3'),('WSS378','p3'),('WSS393','p3'),('WSS400','p3'),('WSS403','p3'),('WSS406','p3'),('WSS410','p3'),('WSS412','p3'),('WSS42','p3'),('WSS427','p3'),('WSS465','p3'),('WSS480','p3'),('WSS485','p3'),('WSS498','p3'),('WSS501','p3'),('WSS504','p3'),('WSS536','p3'),('WSS545','p3'),('WSS548','p3'),('WSS578','p3'),('WSS582','p3'),('WSS583','p3'),('WSS59','p3'),('WSS604','p3'),('WSS615','p3'),('WSS626','p3'),('WSS630','p3'),('WSS631','p3'),('WSS634','p3'),('WSS639','p3'),('WSS648','p3'),('WSS679','p3'),('WSS698','p3'),('WSS70','p3'),('WSS704','p3'),('WSS721','p3'),('WSS734','p3'),('WSS754','p3'),('WSS756','p3'),('WSS759','p3'),('WSS761','p3'),('WSS762','p3'),('WSS763','p3'),('WSS785','p3'),('WSS790','p3'),('WSS82','p3'),('WSS83','p3'),('WSS84','p3'),('WSS89','p3'),('WSS94','p3'),('WSS96','p3'),('WSS102','p4'),('WSS106','p4'),('WSS112','p4'),('WSS116','p4'),('WSS139','p4'),('WSS142','p4'),('WSS169','p4'),('WSS171','p4'),('WSS177','p4'),('WSS187','p4'),('WSS194','p4'),('WSS196','p4'),('WSS20','p4'),('WSS200','p4'),('WSS203','p4'),('WSS209','p4'),('WSS212','p4'),('WSS216','p4'),('WSS235','p4'),('WSS241','p4'),('WSS252','p4'),('WSS263','p4'),('WSS279','p4'),('WSS280','p4'),('WSS282','p4'),('WSS296','p4'),('WSS299','p4'),('WSS315','p4'),('WSS354','p4'),('WSS36','p4'),('WSS361','p4'),('WSS363','p4'),('WSS368','p4'),('WSS370','p4'),('WSS38','p4'),('WSS388','p4'),('WSS399','p4'),('WSS405','p4'),('WSS419','p4'),('WSS424','p4'),('WSS436','p4'),('WSS45','p4'),('WSS450','p4'),('WSS451','p4'),('WSS473','p4'),('WSS474','p4'),('WSS475','p4'),('WSS484','p4'),('WSS530','p4'),('WSS535','p4'),('WSS540','p4'),('WSS550','p4'),('WSS605','p4'),('WSS613','p4'),('WSS621','p4'),('WSS628','p4'),('WSS637','p4'),('WSS641','p4'),('WSS651','p4'),('WSS652','p4'),('WSS672','p4'),('WSS702','p4'),('WSS710','p4'),('WSS718','p4'),('WSS726','p4'),('WSS748','p4'),('WSS774','p4'),('WSS786','p4'),('WSS86','p4'),('WSS112','p5'),('WSS118','p5'),('WSS121','p5'),('WSS128','p5'),('WSS154','p5'),('WSS184','p5'),('WSS186','p5'),('WSS188','p5'),('WSS20','p5'),('WSS201','p5'),('WSS215','p5'),('WSS217','p5'),('WSS228','p5'),('WSS23','p5'),('WSS242','p5'),('WSS248','p5'),('WSS252','p5'),('WSS257','p5'),('WSS263','p5'),('WSS270','p5'),('WSS280','p5'),('WSS297','p5'),('WSS30','p5'),('WSS324','p5'),('WSS326','p5'),('WSS34','p5'),('WSS340','p5'),('WSS343','p5'),('WSS372','p5'),('WSS385','p5'),('WSS387','p5'),('WSS404','p5'),('WSS418','p5'),('WSS423','p5'),('WSS431','p5'),('WSS434','p5'),('WSS439','p5'),('WSS453','p5'),('WSS454','p5'),('WSS468','p5'),('WSS48','p5'),('WSS484','p5'),('WSS495','p5'),('WSS515','p5'),('WSS520','p5'),('WSS54','p5'),('WSS542','p5'),('WSS549','p5'),('WSS568','p5'),('WSS588','p5'),('WSS606','p5'),('WSS607','p5'),('WSS61','p5'),('WSS612','p5'),('WSS616','p5'),('WSS62','p5'),('WSS625','p5'),('WSS635','p5'),('WSS640','p5'),('WSS641','p5'),('WSS673','p5'),('WSS675','p5'),('WSS694','p5'),('WSS709','p5'),('WSS72','p5'),('WSS74','p5'),('WSS767','p5'),('WSS78','p5'),('WSS781','p5'),('WSS785','p5'),('WSS790','p5'),('WSS798','p5'),('WSS111','p6'),('WSS117','p6'),('WSS126','p6'),('WSS129','p6'),('WSS138','p6'),('WSS140','p6'),('WSS151','p6'),('WSS183','p6'),('WSS189','p6'),('WSS190','p6'),('WSS197','p6'),('WSS198','p6'),('WSS199','p6'),('WSS223','p6'),('WSS237','p6'),('WSS246','p6'),('WSS278','p6'),('WSS284','p6'),('WSS285','p6'),('WSS289','p6'),('WSS29','p6'),('WSS293','p6'),('WSS314','p6'),('WSS339','p6'),('WSS36','p6'),('WSS360','p6'),('WSS374','p6'),('WSS379','p6'),('WSS4','p6'),('WSS40','p6'),('WSS411','p6'),('WSS418','p6'),('WSS420','p6'),('WSS421','p6'),('WSS422','p6'),('WSS425','p6'),('WSS437','p6'),('WSS444','p6'),('WSS45','p6'),('WSS463','p6'),('WSS496','p6'),('WSS499','p6'),('WSS500','p6'),('WSS51','p6'),('WSS510','p6'),('WSS517','p6'),('WSS530','p6'),('WSS534','p6'),('WSS551','p6'),('WSS559','p6'),('WSS563','p6'),('WSS578','p6'),('WSS58','p6'),('WSS580','p6'),('WSS601','p6'),('WSS616','p6'),('WSS654','p6'),('WSS669','p6'),('WSS677','p6'),('WSS696','p6'),('WSS7','p6'),('WSS711','p6'),('WSS712','p6'),('WSS736','p6'),('WSS742','p6'),('WSS753','p6'),('WSS760','p6'),('WSS764','p6'),('WSS773','p6'),('WSS780','p6'),('WSS79','p6'),('WSS80','p6'),('WSS800','p6'),('WSS85','p6'),('WSS86','p6'),('WSS91','p6'),('WSS93','p6'),('WSS98','p6'),('WSS110','p7'),('WSS121','p7'),('WSS122','p7'),('WSS136','p7'),('WSS137','p7'),('WSS14','p7'),('WSS147','p7'),('WSS154','p7'),('WSS161','p7'),('WSS162','p7'),('WSS165','p7'),('WSS180','p7'),('WSS183','p7'),('WSS195','p7'),('WSS196','p7'),('WSS214','p7'),('WSS22','p7'),('WSS221','p7'),('WSS224','p7'),('WSS238','p7'),('WSS245','p7'),('WSS247','p7'),('WSS259','p7'),('WSS264','p7'),('WSS266','p7'),('WSS281','p7'),('WSS305','p7'),('WSS321','p7'),('WSS33','p7'),('WSS330','p7'),('WSS340','p7'),('WSS366','p7'),('WSS367','p7'),('WSS378','p7'),('WSS380','p7'),('WSS391','p7'),('WSS392','p7'),('WSS394','p7'),('WSS398','p7'),('WSS40','p7'),('WSS435','p7'),('WSS440','p7'),('WSS449','p7'),('WSS458','p7'),('WSS471','p7'),('WSS495','p7'),('WSS502','p7'),('WSS504','p7'),('WSS510','p7'),('WSS517','p7'),('WSS518','p7'),('WSS525','p7'),('WSS534','p7'),('WSS541','p7'),('WSS555','p7'),('WSS56','p7'),('WSS563','p7'),('WSS564','p7'),('WSS566','p7'),('WSS584','p7'),('WSS593','p7'),('WSS595','p7'),('WSS6','p7'),('WSS60','p7'),('WSS608','p7'),('WSS61','p7'),('WSS623','p7'),('WSS642','p7'),('WSS653','p7'),('WSS676','p7'),('WSS681','p7'),('WSS683','p7'),('WSS685','p7'),('WSS688','p7'),('WSS693','p7'),('WSS698','p7'),('WSS71','p7'),('WSS717','p7'),('WSS75','p7'),('WSS761','p7'),('WSS775','p7'),('WSS776','p7'),('WSS778','p7'),('WSS796','p7'),('WSS80','p7'),('WSS101','p8'),('WSS104','p8'),('WSS114','p8'),('WSS117','p8'),('WSS124','p8'),('WSS136','p8'),('WSS141','p8'),('WSS148','p8'),('WSS157','p8'),('WSS163','p8'),('WSS167','p8'),('WSS170','p8'),('WSS171','p8'),('WSS173','p8'),('WSS189','p8'),('WSS204','p8'),('WSS25','p8'),('WSS264','p8'),('WSS303','p8'),('WSS308','p8'),('WSS357','p8'),('WSS359','p8'),('WSS363','p8'),('WSS37','p8'),('WSS380','p8'),('WSS386','p8'),('WSS39','p8'),('WSS395','p8'),('WSS409','p8'),('WSS414','p8'),('WSS415','p8'),('WSS428','p8'),('WSS429','p8'),('WSS445','p8'),('WSS447','p8'),('WSS455','p8'),('WSS459','p8'),('WSS461','p8'),('WSS469','p8'),('WSS470','p8'),('WSS478','p8'),('WSS479','p8'),('WSS483','p8'),('WSS490','p8'),('WSS493','p8'),('WSS507','p8'),('WSS532','p8'),('WSS537','p8'),('WSS547','p8'),('WSS559','p8'),('WSS579','p8'),('WSS589','p8'),('WSS602','p8'),('WSS618','p8'),('WSS619','p8'),('WSS622','p8'),('WSS624','p8'),('WSS627','p8'),('WSS63','p8'),('WSS631','p8'),('WSS636','p8'),('WSS646','p8'),('WSS662','p8'),('WSS663','p8'),('WSS666','p8'),('WSS673','p8'),('WSS678','p8'),('WSS686','p8'),('WSS695','p8'),('WSS699','p8'),('WSS703','p8'),('WSS711','p8'),('WSS727','p8'),('WSS728','p8'),('WSS73','p8'),('WSS750','p8'),('WSS768','p8'),('WSS772','p8'),('WSS774','p8'),('WSS779','p8'),('WSS800','p8'),('WSS90','p8'),('WSS10','p9'),('WSS100','p9'),('WSS108','p9'),('WSS113','p9'),('WSS114','p9'),('WSS123','p9'),('WSS131','p9'),('WSS15','p9'),('WSS160','p9'),('WSS166','p9'),('WSS169','p9'),('WSS212','p9'),('WSS235','p9'),('WSS236','p9'),('WSS268','p9'),('WSS271','p9'),('WSS274','p9'),('WSS275','p9'),('WSS28','p9'),('WSS303','p9'),('WSS31','p9'),('WSS310','p9'),('WSS323','p9'),('WSS34','p9'),('WSS351','p9'),('WSS353','p9'),('WSS354','p9'),('WSS364','p9'),('WSS384','p9'),('WSS401','p9'),('WSS403','p9'),('WSS417','p9'),('WSS436','p9'),('WSS46','p9'),('WSS464','p9'),('WSS466','p9'),('WSS47','p9'),('WSS485','p9'),('WSS49','p9'),('WSS494','p9'),('WSS513','p9'),('WSS521','p9'),('WSS528','p9'),('WSS538','p9'),('WSS552','p9'),('WSS57','p9'),('WSS590','p9'),('WSS606','p9'),('WSS637','p9'),('WSS640','p9'),('WSS65','p9'),('WSS659','p9'),('WSS66','p9'),('WSS680','p9'),('WSS714','p9'),('WSS751','p9'),('WSS758','p9'),('WSS76','p9'),('WSS769','p9'),('WSS777','p9'),('WSS782','p9'),('WSS791','p9'),('WSS87','p9'),('WSS91','p9');
/*!40000 ALTER TABLE `inputparameter` ENABLE KEYS */;
UNLOCK TABLES;

--
-- Table structure for table `knowledgeforcareerpath`
--

DROP TABLE IF EXISTS `knowledgeforcareerpath`;
/*!40101 SET @saved_cs_client     = @@character_set_client */;
/*!50503 SET character_set_client = utf8mb4 */;
CREATE TABLE `knowledgeforcareerpath` (
  `careerPathID` char(4) NOT NULL,
  `knowledgeID` char(6) NOT NULL,
  PRIMARY KEY (`careerPathID`,`knowledgeID`)
) ENGINE=InnoDB DEFAULT CHARSET=latin1;
/*!40101 SET character_set_client = @saved_cs_client */;

--
-- Dumping data for table `knowledgeforcareerpath`
--

LOCK TABLES `knowledgeforcareerpath` WRITE;
/*!40000 ALTER TABLE `knowledgeforcareerpath` DISABLE KEYS */;
INSERT INTO `knowledgeforcareerpath` VALUES ('C100','k1C311'),('C100','k1C412'),('C100','k1C469'),('C100','k1C500');
/*!40000 ALTER TABLE `knowledgeforcareerpath` ENABLE KEYS */;
UNLOCK TABLES;

--
-- Table structure for table `lhs`
--

DROP TABLE IF EXISTS `lhs`;
/*!40101 SET @saved_cs_client     = @@character_set_client */;
/*!50503 SET character_set_client = utf8mb4 */;
CREATE TABLE `lhs` (
  `ruleid` int NOT NULL,
  `courseid` varchar(10) NOT NULL,
  PRIMARY KEY (`ruleid`,`courseid`)
) ENGINE=InnoDB DEFAULT CHARSET=latin1;
/*!40101 SET character_set_client = @saved_cs_client */;

--
-- Dumping data for table `lhs`
--

LOCK TABLES `lhs` WRITE;
/*!40000 ALTER TABLE `lhs` DISABLE KEYS */;
INSERT INTO `lhs` VALUES (1,'ICP006'),(2,'ICP006'),(3,'ICP006'),(4,'ICP110'),(5,'ICP110'),(6,'ICP311'),(7,'ICP006'),(7,'ICP110'),(8,'ICP006'),(8,'ICP110'),(9,'ICP006'),(9,'ICP311'),(10,'ICP110'),(10,'ICP311'),(11,'ICP006'),(11,'ICP110'),(11,'ICP311');
/*!40000 ALTER TABLE `lhs` ENABLE KEYS */;
UNLOCK TABLES;

--
-- Table structure for table `outputparameter`
--

DROP TABLE IF EXISTS `outputparameter`;
/*!40101 SET @saved_cs_client     = @@character_set_client */;
/*!50503 SET character_set_client = utf8mb4 */;
CREATE TABLE `outputparameter` (
  `webServiceID` varchar(10) NOT NULL,
  `parameterID` varchar(10) NOT NULL,
  PRIMARY KEY (`webServiceID`,`parameterID`),
  KEY `knowledgeID` (`parameterID`)
) ENGINE=InnoDB DEFAULT CHARSET=latin1;
/*!40101 SET character_set_client = @saved_cs_client */;

--
-- Dumping data for table `outputparameter`
--

LOCK TABLES `outputparameter` WRITE;
/*!40000 ALTER TABLE `outputparameter` DISABLE KEYS */;
INSERT INTO `outputparameter` VALUES ('WSS111','p1'),('WSS127','p1'),('WSS129','p1'),('WSS134','p1'),('WSS136','p1'),('WSS140','p1'),('WSS159','p1'),('WSS165','p1'),('WSS169','p1'),('WSS170','p1'),('WSS175','p1'),('WSS18','p1'),('WSS19','p1'),('WSS194','p1'),('WSS206','p1'),('WSS220','p1'),('WSS226','p1'),('WSS250','p1'),('WSS258','p1'),('WSS26','p1'),('WSS267','p1'),('WSS275','p1'),('WSS289','p1'),('WSS29','p1'),('WSS302','p1'),('WSS309','p1'),('WSS33','p1'),('WSS332','p1'),('WSS344','p1'),('WSS354','p1'),('WSS355','p1'),('WSS358','p1'),('WSS38','p1'),('WSS381','p1'),('WSS4','p1'),('WSS404','p1'),('WSS419','p1'),('WSS422','p1'),('WSS425','p1'),('WSS440','p1'),('WSS442','p1'),('WSS449','p1'),('WSS462','p1'),('WSS466','p1'),('WSS486','p1'),('WSS49','p1'),('WSS496','p1'),('WSS50','p1'),('WSS519','p1'),('WSS524','p1'),('WSS528','p1'),('WSS533','p1'),('WSS541','p1'),('WSS551','p1'),('WSS565','p1'),('WSS596','p1'),('WSS601','p1'),('WSS602','p1'),('WSS624','p1'),('WSS635','p1'),('WSS659','p1'),('WSS664','p1'),('WSS668','p1'),('WSS669','p1'),('WSS678','p1'),('WSS679','p1'),('WSS68','p1'),('WSS681','p1'),('WSS690','p1'),('WSS706','p1'),('WSS719','p1'),('WSS725','p1'),('WSS732','p1'),('WSS740','p1'),('WSS769','p1'),('WSS77','p1'),('WSS790','p1'),('WSS85','p1'),('WSS97','p1'),('WSS111','p10'),('WSS125','p10'),('WSS133','p10'),('WSS171','p10'),('WSS209','p10'),('WSS210','p10'),('WSS227','p10'),('WSS232','p10'),('WSS235','p10'),('WSS236','p10'),('WSS242','p10'),('WSS256','p10'),('WSS274','p10'),('WSS287','p10'),('WSS292','p10'),('WSS315','p10'),('WSS334','p10'),('WSS340','p10'),('WSS356','p10'),('WSS36','p10'),('WSS368','p10'),('WSS37','p10'),('WSS374','p10'),('WSS377','p10'),('WSS390','p10'),('WSS392','p10'),('WSS399','p10'),('WSS405','p10'),('WSS408','p10'),('WSS41','p10'),('WSS453','p10'),('WSS455','p10'),('WSS461','p10'),('WSS478','p10'),('WSS48','p10'),('WSS481','p10'),('WSS505','p10'),('WSS516','p10'),('WSS521','p10'),('WSS526','p10'),('WSS540','p10'),('WSS542','p10'),('WSS566','p10'),('WSS568','p10'),('WSS579','p10'),('WSS589','p10'),('WSS603','p10'),('WSS612','p10'),('WSS629','p10'),('WSS63','p10'),('WSS645','p10'),('WSS657','p10'),('WSS671','p10'),('WSS68','p10'),('WSS703','p10'),('WSS707','p10'),('WSS745','p10'),('WSS750','p10'),('WSS753','p10'),('WSS760','p10'),('WSS765','p10'),('WSS771','p10'),('WSS785','p10'),('WSS8','p10'),('WSS82','p10'),('WSS112','p11'),('WSS117','p11'),('WSS125','p11'),('WSS138','p11'),('WSS143','p11'),('WSS151','p11'),('WSS153','p11'),('WSS154','p11'),('WSS156','p11'),('WSS158','p11'),('WSS17','p11'),('WSS178','p11'),('WSS207','p11'),('WSS208','p11'),('WSS212','p11'),('WSS22','p11'),('WSS224','p11'),('WSS229','p11'),('WSS235','p11'),('WSS241','p11'),('WSS249','p11'),('WSS251','p11'),('WSS256','p11'),('WSS263','p11'),('WSS264','p11'),('WSS312','p11'),('WSS314','p11'),('WSS318','p11'),('WSS319','p11'),('WSS322','p11'),('WSS323','p11'),('WSS329','p11'),('WSS334','p11'),('WSS340','p11'),('WSS379','p11'),('WSS386','p11'),('WSS394','p11'),('WSS395','p11'),('WSS398','p11'),('WSS405','p11'),('WSS411','p11'),('WSS413','p11'),('WSS420','p11'),('WSS427','p11'),('WSS429','p11'),('WSS452','p11'),('WSS453','p11'),('WSS456','p11'),('WSS459','p11'),('WSS460','p11'),('WSS468','p11'),('WSS472','p11'),('WSS495','p11'),('WSS502','p11'),('WSS506','p11'),('WSS523','p11'),('WSS532','p11'),('WSS536','p11'),('WSS56','p11'),('WSS577','p11'),('WSS586','p11'),('WSS588','p11'),('WSS598','p11'),('WSS599','p11'),('WSS609','p11'),('WSS641','p11'),('WSS643','p11'),('WSS644','p11'),('WSS677','p11'),('WSS69','p11'),('WSS704','p11'),('WSS728','p11'),('WSS735','p11'),('WSS736','p11'),('WSS758','p11'),('WSS759','p11'),('WSS763','p11'),('WSS766','p11'),('WSS78','p11'),('WSS781','p11'),('WSS84','p11'),('WSS85','p11'),('WSS91','p11'),('WSS113','p12'),('WSS116','p12'),('WSS118','p12'),('WSS124','p12'),('WSS130','p12'),('WSS135','p12'),('WSS137','p12'),('WSS164','p12'),('WSS178','p12'),('WSS181','p12'),('WSS182','p12'),('WSS183','p12'),('WSS184','p12'),('WSS186','p12'),('WSS199','p12'),('WSS205','p12'),('WSS217','p12'),('WSS221','p12'),('WSS23','p12'),('WSS237','p12'),('WSS238','p12'),('WSS240','p12'),('WSS246','p12'),('WSS281','p12'),('WSS296','p12'),('WSS30','p12'),('WSS301','p12'),('WSS307','p12'),('WSS322','p12'),('WSS349','p12'),('WSS361','p12'),('WSS371','p12'),('WSS375','p12'),('WSS376','p12'),('WSS391','p12'),('WSS40','p12'),('WSS42','p12'),('WSS430','p12'),('WSS435','p12'),('WSS440','p12'),('WSS441','p12'),('WSS444','p12'),('WSS462','p12'),('WSS469','p12'),('WSS471','p12'),('WSS479','p12'),('WSS48','p12'),('WSS491','p12'),('WSS497','p12'),('WSS511','p12'),('WSS534','p12'),('WSS535','p12'),('WSS545','p12'),('WSS550','p12'),('WSS560','p12'),('WSS57','p12'),('WSS576','p12'),('WSS58','p12'),('WSS593','p12'),('WSS604','p12'),('WSS61','p12'),('WSS620','p12'),('WSS631','p12'),('WSS651','p12'),('WSS653','p12'),('WSS657','p12'),('WSS679','p12'),('WSS683','p12'),('WSS692','p12'),('WSS694','p12'),('WSS695','p12'),('WSS697','p12'),('WSS701','p12'),('WSS72','p12'),('WSS722','p12'),('WSS727','p12'),('WSS744','p12'),('WSS748','p12'),('WSS749','p12'),('WSS764','p12'),('WSS77','p12'),('WSS776','p12'),('WSS788','p12'),('WSS795','p12'),('WSS94','p12'),('WSS95','p12'),('WSS106','p13'),('WSS108','p13'),('WSS119','p13'),('WSS13','p13'),('WSS136','p13'),('WSS160','p13'),('WSS161','p13'),('WSS167','p13'),('WSS177','p13'),('WSS179','p13'),('WSS21','p13'),('WSS22','p13'),('WSS220','p13'),('WSS225','p13'),('WSS237','p13'),('WSS239','p13'),('WSS283','p13'),('WSS29','p13'),('WSS290','p13'),('WSS291','p13'),('WSS3','p13'),('WSS304','p13'),('WSS310','p13'),('WSS328','p13'),('WSS342','p13'),('WSS353','p13'),('WSS360','p13'),('WSS369','p13'),('WSS389','p13'),('WSS392','p13'),('WSS396','p13'),('WSS400','p13'),('WSS401','p13'),('WSS403','p13'),('WSS415','p13'),('WSS418','p13'),('WSS42','p13'),('WSS423','p13'),('WSS433','p13'),('WSS438','p13'),('WSS469','p13'),('WSS47','p13'),('WSS475','p13'),('WSS478','p13'),('WSS482','p13'),('WSS489','p13'),('WSS491','p13'),('WSS498','p13'),('WSS500','p13'),('WSS502','p13'),('WSS51','p13'),('WSS517','p13'),('WSS53','p13'),('WSS537','p13'),('WSS548','p13'),('WSS558','p13'),('WSS561','p13'),('WSS613','p13'),('WSS620','p13'),('WSS627','p13'),('WSS633','p13'),('WSS639','p13'),('WSS658','p13'),('WSS666','p13'),('WSS67','p13'),('WSS7','p13'),('WSS70','p13'),('WSS705','p13'),('WSS712','p13'),('WSS73','p13'),('WSS755','p13'),('WSS761','p13'),('WSS770','p13'),('WSS87','p13'),('WSS89','p13'),('WSS93','p13'),('WSS102','p14'),('WSS103','p14'),('WSS104','p14'),('WSS128','p14'),('WSS132','p14'),('WSS135','p14'),('WSS139','p14'),('WSS156','p14'),('WSS157','p14'),('WSS158','p14'),('WSS163','p14'),('WSS195','p14'),('WSS215','p14'),('WSS244','p14'),('WSS248','p14'),('WSS25','p14'),('WSS253','p14'),('WSS266','p14'),('WSS272','p14'),('WSS285','p14'),('WSS286','p14'),('WSS297','p14'),('WSS311','p14'),('WSS325','p14'),('WSS33','p14'),('WSS333','p14'),('WSS338','p14'),('WSS34','p14'),('WSS354','p14'),('WSS367','p14'),('WSS368','p14'),('WSS375','p14'),('WSS383','p14'),('WSS401','p14'),('WSS407','p14'),('WSS431','p14'),('WSS438','p14'),('WSS442','p14'),('WSS45','p14'),('WSS463','p14'),('WSS466','p14'),('WSS474','p14'),('WSS480','p14'),('WSS487','p14'),('WSS498','p14'),('WSS503','p14'),('WSS512','p14'),('WSS519','p14'),('WSS522','p14'),('WSS525','p14'),('WSS527','p14'),('WSS528','p14'),('WSS547','p14'),('WSS549','p14'),('WSS555','p14'),('WSS558','p14'),('WSS576','p14'),('WSS587','p14'),('WSS595','p14'),('WSS607','p14'),('WSS608','p14'),('WSS623','p14'),('WSS627','p14'),('WSS632','p14'),('WSS637','p14'),('WSS638','p14'),('WSS666','p14'),('WSS71','p14'),('WSS710','p14'),('WSS714','p14'),('WSS716','p14'),('WSS726','p14'),('WSS749','p14'),('WSS758','p14'),('WSS772','p14'),('WSS782','p14'),('WSS794','p14'),('WSS83','p14'),('WSS86','p14'),('WSS11','p15'),('WSS12','p15'),('WSS121','p15'),('WSS124','p15'),('WSS127','p15'),('WSS142','p15'),('WSS149','p15'),('WSS164','p15'),('WSS168','p15'),('WSS170','p15'),('WSS183','p15'),('WSS193','p15'),('WSS208','p15'),('WSS211','p15'),('WSS218','p15'),('WSS219','p15'),('WSS233','p15'),('WSS243','p15'),('WSS246','p15'),('WSS25','p15'),('WSS260','p15'),('WSS263','p15'),('WSS273','p15'),('WSS279','p15'),('WSS280','p15'),('WSS282','p15'),('WSS32','p15'),('WSS331','p15'),('WSS336','p15'),('WSS36','p15'),('WSS365','p15'),('WSS380','p15'),('WSS431','p15'),('WSS432','p15'),('WSS443','p15'),('WSS446','p15'),('WSS461','p15'),('WSS468','p15'),('WSS481','p15'),('WSS482','p15'),('WSS507','p15'),('WSS509','p15'),('WSS53','p15'),('WSS530','p15'),('WSS541','p15'),('WSS550','p15'),('WSS555','p15'),('WSS559','p15'),('WSS562','p15'),('WSS565','p15'),('WSS572','p15'),('WSS580','p15'),('WSS589','p15'),('WSS593','p15'),('WSS597','p15'),('WSS6','p15'),('WSS613','p15'),('WSS619','p15'),('WSS621','p15'),('WSS625','p15'),('WSS634','p15'),('WSS635','p15'),('WSS636','p15'),('WSS654','p15'),('WSS677','p15'),('WSS713','p15'),('WSS714','p15'),('WSS715','p15'),('WSS739','p15'),('WSS775','p15'),('WSS790','p15'),('WSS792','p15'),('WSS800','p15'),('WSS90','p15'),('WSS101','p16'),('WSS115','p16'),('WSS116','p16'),('WSS120','p16'),('WSS141','p16'),('WSS166','p16'),('WSS18','p16'),('WSS180','p16'),('WSS19','p16'),('WSS196','p16'),('WSS199','p16'),('WSS20','p16'),('WSS207','p16'),('WSS209','p16'),('WSS21','p16'),('WSS212','p16'),('WSS221','p16'),('WSS222','p16'),('WSS234','p16'),('WSS250','p16'),('WSS268','p16'),('WSS269','p16'),('WSS288','p16'),('WSS299','p16'),('WSS300','p16'),('WSS309','p16'),('WSS313','p16'),('WSS326','p16'),('WSS328','p16'),('WSS335','p16'),('WSS342','p16'),('WSS35','p16'),('WSS352','p16'),('WSS356','p16'),('WSS365','p16'),('WSS385','p16'),('WSS40','p16'),('WSS406','p16'),('WSS408','p16'),('WSS412','p16'),('WSS414','p16'),('WSS433','p16'),('WSS44','p16'),('WSS450','p16'),('WSS451','p16'),('WSS463','p16'),('WSS488','p16'),('WSS501','p16'),('WSS504','p16'),('WSS527','p16'),('WSS55','p16'),('WSS567','p16'),('WSS569','p16'),('WSS571','p16'),('WSS579','p16'),('WSS581','p16'),('WSS606','p16'),('WSS610','p16'),('WSS614','p16'),('WSS615','p16'),('WSS617','p16'),('WSS623','p16'),('WSS629','p16'),('WSS631','p16'),('WSS632','p16'),('WSS633','p16'),('WSS639','p16'),('WSS641','p16'),('WSS663','p16'),('WSS691','p16'),('WSS698','p16'),('WSS704','p16'),('WSS709','p16'),('WSS711','p16'),('WSS727','p16'),('WSS739','p16'),('WSS75','p16'),('WSS757','p16'),('WSS765','p16'),('WSS767','p16'),('WSS777','p16'),('WSS78','p16'),('WSS786','p16'),('WSS791','p16'),('WSS797','p16'),('WSS80','p16'),('WSS81','p16'),('WSS88','p16'),('WSS92','p16'),('WSS109','p17'),('WSS122','p17'),('WSS126','p17'),('WSS13','p17'),('WSS143','p17'),('WSS150','p17'),('WSS16','p17'),('WSS180','p17'),('WSS190','p17'),('WSS192','p17'),('WSS193','p17'),('WSS194','p17'),('WSS197','p17'),('WSS204','p17'),('WSS240','p17'),('WSS242','p17'),('WSS249','p17'),('WSS26','p17'),('WSS277','p17'),('WSS278','p17'),('WSS292','p17'),('WSS30','p17'),('WSS301','p17'),('WSS308','p17'),('WSS324','p17'),('WSS325','p17'),('WSS326','p17'),('WSS335','p17'),('WSS339','p17'),('WSS345','p17'),('WSS350','p17'),('WSS364','p17'),('WSS389','p17'),('WSS400','p17'),('WSS409','p17'),('WSS426','p17'),('WSS443','p17'),('WSS444','p17'),('WSS470','p17'),('WSS479','p17'),('WSS484','p17'),('WSS493','p17'),('WSS500','p17'),('WSS501','p17'),('WSS503','p17'),('WSS51','p17'),('WSS510','p17'),('WSS517','p17'),('WSS518','p17'),('WSS520','p17'),('WSS522','p17'),('WSS529','p17'),('WSS531','p17'),('WSS532','p17'),('WSS540','p17'),('WSS549','p17'),('WSS563','p17'),('WSS566','p17'),('WSS577','p17'),('WSS584','p17'),('WSS588','p17'),('WSS594','p17'),('WSS6','p17'),('WSS610','p17'),('WSS611','p17'),('WSS616','p17'),('WSS617','p17'),('WSS619','p17'),('WSS630','p17'),('WSS670','p17'),('WSS671','p17'),('WSS680','p17'),('WSS687','p17'),('WSS691','p17'),('WSS696','p17'),('WSS699','p17'),('WSS712','p17'),('WSS715','p17'),('WSS723','p17'),('WSS729','p17'),('WSS731','p17'),('WSS737','p17'),('WSS741','p17'),('WSS751','p17'),('WSS762','p17'),('WSS764','p17'),('WSS773','p17'),('WSS778','p17'),('WSS780','p17'),('WSS781','p17'),('WSS784','p17'),('WSS794','p17'),('WSS8','p17'),('WSS83','p17'),('WSS94','p17'),('WSS98','p17'),('WSS102','p18'),('WSS106','p18'),('WSS107','p18'),('WSS119','p18'),('WSS120','p18'),('WSS128','p18'),('WSS131','p18'),('WSS133','p18'),('WSS161','p18'),('WSS173','p18'),('WSS174','p18'),('WSS181','p18'),('WSS185','p18'),('WSS200','p18'),('WSS203','p18'),('WSS213','p18'),('WSS216','p18'),('WSS233','p18'),('WSS258','p18'),('WSS259','p18'),('WSS286','p18'),('WSS287','p18'),('WSS302','p18'),('WSS310','p18'),('WSS327','p18'),('WSS333','p18'),('WSS338','p18'),('WSS341','p18'),('WSS346','p18'),('WSS363','p18'),('WSS367','p18'),('WSS372','p18'),('WSS394','p18'),('WSS397','p18'),('WSS399','p18'),('WSS421','p18'),('WSS426','p18'),('WSS43','p18'),('WSS437','p18'),('WSS439','p18'),('WSS448','p18'),('WSS449','p18'),('WSS45','p18'),('WSS47','p18'),('WSS470','p18'),('WSS485','p18'),('WSS506','p18'),('WSS509','p18'),('WSS515','p18'),('WSS52','p18'),('WSS523','p18'),('WSS54','p18'),('WSS545','p18'),('WSS55','p18'),('WSS552','p18'),('WSS563','p18'),('WSS574','p18'),('WSS585','p18'),('WSS586','p18'),('WSS595','p18'),('WSS605','p18'),('WSS65','p18'),('WSS656','p18'),('WSS675','p18'),('WSS708','p18'),('WSS738','p18'),('WSS746','p18'),('WSS748','p18'),('WSS754','p18'),('WSS756','p18'),('WSS76','p18'),('WSS779','p18'),('WSS783','p18'),('WSS785','p18'),('WSS799','p18'),('WSS800','p18'),('WSS82','p18'),('WSS87','p18'),('WSS11','p19'),('WSS123','p19'),('WSS141','p19'),('WSS144','p19'),('WSS145','p19'),('WSS148','p19'),('WSS15','p19'),('WSS151','p19'),('WSS157','p19'),('WSS186','p19'),('WSS188','p19'),('WSS201','p19'),('WSS211','p19'),('WSS213','p19'),('WSS214','p19'),('WSS224','p19'),('WSS226','p19'),('WSS245','p19'),('WSS254','p19'),('WSS261','p19'),('WSS265','p19'),('WSS27','p19'),('WSS28','p19'),('WSS293','p19'),('WSS299','p19'),('WSS305','p19'),('WSS313','p19'),('WSS316','p19'),('WSS321','p19'),('WSS324','p19'),('WSS343','p19'),('WSS350','p19'),('WSS352','p19'),('WSS379','p19'),('WSS39','p19'),('WSS411','p19'),('WSS416','p19'),('WSS421','p19'),('WSS423','p19'),('WSS434','p19'),('WSS441','p19'),('WSS459','p19'),('WSS460','p19'),('WSS465','p19'),('WSS467','p19'),('WSS472','p19'),('WSS492','p19'),('WSS493','p19'),('WSS507','p19'),('WSS514','p19'),('WSS52','p19'),('WSS536','p19'),('WSS556','p19'),('WSS557','p19'),('WSS573','p19'),('WSS585','p19'),('WSS59','p19'),('WSS600','p19'),('WSS603','p19'),('WSS61','p19'),('WSS622','p19'),('WSS626','p19'),('WSS644','p19'),('WSS655','p19'),('WSS661','p19'),('WSS664','p19'),('WSS667','p19'),('WSS682','p19'),('WSS686','p19'),('WSS692','p19'),('WSS717','p19'),('WSS722','p19'),('WSS730','p19'),('WSS736','p19'),('WSS742','p19'),('WSS744','p19'),('WSS746','p19'),('WSS75','p19'),('WSS768','p19'),('WSS789','p19'),('WSS792','p19'),('WSS799','p19'),('WSS96','p19'),('WSS115','p2'),('WSS121','p2'),('WSS123','p2'),('WSS129','p2'),('WSS147','p2'),('WSS160','p2'),('WSS179','p2'),('WSS2','p2'),('WSS227','p2'),('WSS228','p2'),('WSS231','p2'),('WSS234','p2'),('WSS245','p2'),('WSS252','p2'),('WSS261','p2'),('WSS276','p2'),('WSS28','p2'),('WSS294','p2'),('WSS303','p2'),('WSS306','p2'),('WSS307','p2'),('WSS317','p2'),('WSS336','p2'),('WSS34','p2'),('WSS343','p2'),('WSS346','p2'),('WSS35','p2'),('WSS353','p2'),('WSS373','p2'),('WSS376','p2'),('WSS378','p2'),('WSS402','p2'),('WSS412','p2'),('WSS414','p2'),('WSS428','p2'),('WSS434','p2'),('WSS435','p2'),('WSS439','p2'),('WSS445','p2'),('WSS454','p2'),('WSS457','p2'),('WSS477','p2'),('WSS499','p2'),('WSS508','p2'),('WSS516','p2'),('WSS535','p2'),('WSS538','p2'),('WSS546','p2'),('WSS573','p2'),('WSS575','p2'),('WSS583','p2'),('WSS590','p2'),('WSS591','p2'),('WSS601','p2'),('WSS614','p2'),('WSS618','p2'),('WSS622','p2'),('WSS646','p2'),('WSS647','p2'),('WSS66','p2'),('WSS660','p2'),('WSS661','p2'),('WSS662','p2'),('WSS675','p2'),('WSS676','p2'),('WSS684','p2'),('WSS685','p2'),('WSS686','p2'),('WSS688','p2'),('WSS702','p2'),('WSS720','p2'),('WSS723','p2'),('WSS729','p2'),('WSS730','p2'),('WSS734','p2'),('WSS737','p2'),('WSS745','p2'),('WSS751','p2'),('WSS756','p2'),('WSS766','p2'),('WSS773','p2'),('WSS793','p2'),('WSS795','p2'),('WSS796','p2'),('WSS93','p2'),('WSS99','p2'),('WSS1','p20'),('WSS113','p20'),('WSS117','p20'),('WSS126','p20'),('WSS153','p20'),('WSS16','p20'),('WSS162','p20'),('WSS169','p20'),('WSS187','p20'),('WSS20','p20'),('WSS202','p20'),('WSS24','p20'),('WSS254','p20'),('WSS269','p20'),('WSS281','p20'),('WSS284','p20'),('WSS303','p20'),('WSS31','p20'),('WSS330','p20'),('WSS351','p20'),('WSS355','p20'),('WSS357','p20'),('WSS359','p20'),('WSS370','p20'),('WSS393','p20'),('WSS395','p20'),('WSS417','p20'),('WSS418','p20'),('WSS419','p20'),('WSS420','p20'),('WSS429','p20'),('WSS432','p20'),('WSS44','p20'),('WSS450','p20'),('WSS485','p20'),('WSS490','p20'),('WSS504','p20'),('WSS512','p20'),('WSS520','p20'),('WSS533','p20'),('WSS546','p20'),('WSS552','p20'),('WSS554','p20'),('WSS557','p20'),('WSS594','p20'),('WSS599','p20'),('WSS626','p20'),('WSS638','p20'),('WSS642','p20'),('WSS649','p20'),('WSS663','p20'),('WSS698','p20'),('WSS72','p20'),('WSS724','p20'),('WSS733','p20'),('WSS740','p20'),('WSS741','p20'),('WSS743','p20'),('WSS752','p20'),('WSS761','p20'),('WSS774','p20'),('WSS783','p20'),('WSS791','p20'),('WSS796','p20'),('WSS91','p20'),('WSS100','p3'),('WSS110','p3'),('WSS130','p3'),('WSS144','p3'),('WSS146','p3'),('WSS167','p3'),('WSS172','p3'),('WSS191','p3'),('WSS198','p3'),('WSS217','p3'),('WSS219','p3'),('WSS222','p3'),('WSS225','p3'),('WSS229','p3'),('WSS257','p3'),('WSS266','p3'),('WSS273','p3'),('WSS275','p3'),('WSS277','p3'),('WSS294','p3'),('WSS298','p3'),('WSS3','p3'),('WSS314','p3'),('WSS321','p3'),('WSS327','p3'),('WSS330','p3'),('WSS331','p3'),('WSS337','p3'),('WSS345','p3'),('WSS362','p3'),('WSS363','p3'),('WSS382','p3'),('WSS383','p3'),('WSS387','p3'),('WSS398','p3'),('WSS4','p3'),('WSS404','p3'),('WSS409','p3'),('WSS425','p3'),('WSS430','p3'),('WSS446','p3'),('WSS447','p3'),('WSS458','p3'),('WSS473','p3'),('WSS476','p3'),('WSS489','p3'),('WSS492','p3'),('WSS505','p3'),('WSS513','p3'),('WSS539','p3'),('WSS543','p3'),('WSS553','p3'),('WSS559','p3'),('WSS560','p3'),('WSS572','p3'),('WSS578','p3'),('WSS587','p3'),('WSS59','p3'),('WSS592','p3'),('WSS60','p3'),('WSS602','p3'),('WSS608','p3'),('WSS625','p3'),('WSS634','p3'),('WSS636','p3'),('WSS64','p3'),('WSS643','p3'),('WSS647','p3'),('WSS648','p3'),('WSS649','p3'),('WSS651','p3'),('WSS654','p3'),('WSS66','p3'),('WSS670','p3'),('WSS672','p3'),('WSS699','p3'),('WSS707','p3'),('WSS709','p3'),('WSS711','p3'),('WSS716','p3'),('WSS750','p3'),('WSS762','p3'),('WSS81','p3'),('WSS89','p3'),('WSS9','p3'),('WSS1','p4'),('WSS10','p4'),('WSS105','p4'),('WSS140','p4'),('WSS142','p4'),('WSS146','p4'),('WSS15','p4'),('WSS174','p4'),('WSS184','p4'),('WSS195','p4'),('WSS203','p4'),('WSS230','p4'),('WSS231','p4'),('WSS255','p4'),('WSS259','p4'),('WSS262','p4'),('WSS271','p4'),('WSS276','p4'),('WSS295','p4'),('WSS304','p4'),('WSS308','p4'),('WSS312','p4'),('WSS332','p4'),('WSS337','p4'),('WSS360','p4'),('WSS361','p4'),('WSS370','p4'),('WSS371','p4'),('WSS382','p4'),('WSS384','p4'),('WSS393','p4'),('WSS397','p4'),('WSS403','p4'),('WSS406','p4'),('WSS416','p4'),('WSS448','p4'),('WSS456','p4'),('WSS465','p4'),('WSS471','p4'),('WSS474','p4'),('WSS5','p4'),('WSS508','p4'),('WSS518','p4'),('WSS526','p4'),('WSS542','p4'),('WSS57','p4'),('WSS575','p4'),('WSS582','p4'),('WSS592','p4'),('WSS600','p4'),('WSS645','p4'),('WSS646','p4'),('WSS650','p4'),('WSS659','p4'),('WSS660','p4'),('WSS667','p4'),('WSS668','p4'),('WSS669','p4'),('WSS673','p4'),('WSS676','p4'),('WSS680','p4'),('WSS69','p4'),('WSS7','p4'),('WSS700','p4'),('WSS701','p4'),('WSS708','p4'),('WSS726','p4'),('WSS733','p4'),('WSS735','p4'),('WSS738','p4'),('WSS742','p4'),('WSS759','p4'),('WSS76','p4'),('WSS775','p4'),('WSS780','p4'),('WSS788','p4'),('WSS789','p4'),('WSS793','p4'),('WSS84','p4'),('WSS88','p4'),('WSS10','p5'),('WSS100','p5'),('WSS104','p5'),('WSS105','p5'),('WSS108','p5'),('WSS109','p5'),('WSS112','p5'),('WSS114','p5'),('WSS122','p5'),('WSS14','p5'),('WSS147','p5'),('WSS152','p5'),('WSS163','p5'),('WSS166','p5'),('WSS182','p5'),('WSS197','p5'),('WSS202','p5'),('WSS206','p5'),('WSS210','p5'),('WSS214','p5'),('WSS238','p5'),('WSS24','p5'),('WSS253','p5'),('WSS270','p5'),('WSS278','p5'),('WSS317','p5'),('WSS32','p5'),('WSS320','p5'),('WSS347','p5'),('WSS349','p5'),('WSS37','p5'),('WSS384','p5'),('WSS387','p5'),('WSS388','p5'),('WSS391','p5'),('WSS407','p5'),('WSS424','p5'),('WSS428','p5'),('WSS43','p5'),('WSS436','p5'),('WSS451','p5'),('WSS475','p5'),('WSS49','p5'),('WSS510','p5'),('WSS511','p5'),('WSS521','p5'),('WSS538','p5'),('WSS544','p5'),('WSS548','p5'),('WSS564','p5'),('WSS568','p5'),('WSS570','p5'),('WSS584','p5'),('WSS597','p5'),('WSS605','p5'),('WSS607','p5'),('WSS62','p5'),('WSS628','p5'),('WSS640','p5'),('WSS642','p5'),('WSS65','p5'),('WSS665','p5'),('WSS673','p5'),('WSS685','p5'),('WSS687','p5'),('WSS695','p5'),('WSS70','p5'),('WSS702','p5'),('WSS718','p5'),('WSS721','p5'),('WSS74','p5'),('WSS752','p5'),('WSS755','p5'),('WSS760','p5'),('WSS769','p5'),('WSS787','p5'),('WSS79','p5'),('WSS797','p5'),('WSS798','p5'),('WSS92','p5'),('WSS107','p6'),('WSS131','p6'),('WSS152','p6'),('WSS154','p6'),('WSS168','p6'),('WSS17','p6'),('WSS176','p6'),('WSS196','p6'),('WSS215','p6'),('WSS216','p6'),('WSS218','p6'),('WSS230','p6'),('WSS239','p6'),('WSS255','p6'),('WSS265','p6'),('WSS267','p6'),('WSS27','p6'),('WSS272','p6'),('WSS274','p6'),('WSS279','p6'),('WSS284','p6'),('WSS298','p6'),('WSS306','p6'),('WSS315','p6'),('WSS318','p6'),('WSS323','p6'),('WSS344','p6'),('WSS366','p6'),('WSS372','p6'),('WSS378','p6'),('WSS380','p6'),('WSS390','p6'),('WSS427','p6'),('WSS436','p6'),('WSS447','p6'),('WSS494','p6'),('WSS495','p6'),('WSS5','p6'),('WSS50','p6'),('WSS530','p6'),('WSS531','p6'),('WSS534','p6'),('WSS551','p6'),('WSS56','p6'),('WSS567','p6'),('WSS58','p6'),('WSS621','p6'),('WSS640','p6'),('WSS648','p6'),('WSS655','p6'),('WSS658','p6'),('WSS674','p6'),('WSS682','p6'),('WSS683','p6'),('WSS689','p6'),('WSS697','p6'),('WSS705','p6'),('WSS718','p6'),('WSS743','p6'),('WSS747','p6'),('WSS771','p6'),('WSS774','p6'),('WSS110','p7'),('WSS114','p7'),('WSS12','p7'),('WSS134','p7'),('WSS137','p7'),('WSS138','p7'),('WSS150','p7'),('WSS155','p7'),('WSS173','p7'),('WSS189','p7'),('WSS190','p7'),('WSS191','p7'),('WSS192','p7'),('WSS2','p7'),('WSS200','p7'),('WSS204','p7'),('WSS205','p7'),('WSS223','p7'),('WSS228','p7'),('WSS232','p7'),('WSS236','p7'),('WSS247','p7'),('WSS248','p7'),('WSS268','p7'),('WSS270','p7'),('WSS289','p7'),('WSS291','p7'),('WSS296','p7'),('WSS300','p7'),('WSS305','p7'),('WSS31','p7'),('WSS316','p7'),('WSS319','p7'),('WSS348','p7'),('WSS357','p7'),('WSS359','p7'),('WSS362','p7'),('WSS366','p7'),('WSS369','p7'),('WSS377','p7'),('WSS385','p7'),('WSS410','p7'),('WSS457','p7'),('WSS458','p7'),('WSS46','p7'),('WSS467','p7'),('WSS473','p7'),('WSS476','p7'),('WSS480','p7'),('WSS484','p7'),('WSS494','p7'),('WSS543','p7'),('WSS556','p7'),('WSS570','p7'),('WSS574','p7'),('WSS606','p7'),('WSS618','p7'),('WSS62','p7'),('WSS628','p7'),('WSS652','p7'),('WSS656','p7'),('WSS67','p7'),('WSS672','p7'),('WSS688','p7'),('WSS693','p7'),('WSS696','p7'),('WSS71','p7'),('WSS710','p7'),('WSS724','p7'),('WSS725','p7'),('WSS732','p7'),('WSS734','p7'),('WSS747','p7'),('WSS763','p7'),('WSS776','p7'),('WSS777','p7'),('WSS779','p7'),('WSS784','p7'),('WSS96','p7'),('WSS101','p8'),('WSS132','p8'),('WSS14','p8'),('WSS145','p8'),('WSS165','p8'),('WSS177','p8'),('WSS185','p8'),('WSS23','p8'),('WSS244','p8'),('WSS251','p8'),('WSS252','p8'),('WSS262','p8'),('WSS285','p8'),('WSS290','p8'),('WSS293','p8'),('WSS295','p8'),('WSS297','p8'),('WSS311','p8'),('WSS329','p8'),('WSS339','p8'),('WSS358','p8'),('WSS373','p8'),('WSS374','p8'),('WSS38','p8'),('WSS386','p8'),('WSS388','p8'),('WSS410','p8'),('WSS415','p8'),('WSS417','p8'),('WSS422','p8'),('WSS437','p8'),('WSS445','p8'),('WSS452','p8'),('WSS455','p8'),('WSS46','p8'),('WSS464','p8'),('WSS477','p8'),('WSS483','p8'),('WSS496','p8'),('WSS499','p8'),('WSS514','p8'),('WSS524','p8'),('WSS537','p8'),('WSS544','p8'),('WSS553','p8'),('WSS561','p8'),('WSS564','p8'),('WSS571','p8'),('WSS578','p8'),('WSS583','p8'),('WSS598','p8'),('WSS609','p8'),('WSS611','p8'),('WSS612','p8'),('WSS63','p8'),('WSS630','p8'),('WSS652','p8'),('WSS653','p8'),('WSS662','p8'),('WSS665','p8'),('WSS678','p8'),('WSS693','p8'),('WSS706','p8'),('WSS720','p8'),('WSS731','p8'),('WSS767','p8'),('WSS768','p8'),('WSS787','p8'),('WSS86','p8'),('WSS90','p8'),('WSS95','p8'),('WSS99','p8'),('WSS103','p9'),('WSS139','p9'),('WSS148','p9'),('WSS159','p9'),('WSS162','p9'),('WSS172','p9'),('WSS175','p9'),('WSS176','p9'),('WSS188','p9'),('WSS189','p9'),('WSS198','p9'),('WSS223','p9'),('WSS241','p9'),('WSS243','p9'),('WSS257','p9'),('WSS260','p9'),('WSS264','p9'),('WSS282','p9'),('WSS283','p9'),('WSS320','p9'),('WSS347','p9'),('WSS348','p9'),('WSS364','p9'),('WSS381','p9'),('WSS402','p9'),('WSS41','p9'),('WSS413','p9'),('WSS424','p9'),('WSS454','p9'),('WSS464','p9'),('WSS487','p9'),('WSS497','p9'),('WSS525','p9'),('WSS529','p9'),('WSS539','p9'),('WSS54','p9'),('WSS554','p9'),('WSS562','p9'),('WSS580','p9'),('WSS581','p9'),('WSS582','p9'),('WSS590','p9'),('WSS591','p9'),('WSS596','p9'),('WSS604','p9'),('WSS615','p9'),('WSS616','p9'),('WSS624','p9'),('WSS637','p9'),('WSS64','p9'),('WSS674','p9'),('WSS690','p9'),('WSS694','p9'),('WSS717','p9'),('WSS721','p9'),('WSS728','p9'),('WSS74','p9'),('WSS753','p9'),('WSS757','p9'),('WSS770','p9'),('WSS772','p9'),('WSS79','p9'),('WSS798','p9'),('WSS9','p9'),('WSS97','p9'),('WSS98','p9');
/*!40000 ALTER TABLE `outputparameter` ENABLE KEYS */;
UNLOCK TABLES;

--
-- Table structure for table `parameterhierarchy`
--

DROP TABLE IF EXISTS `parameterhierarchy`;
/*!40101 SET @saved_cs_client     = @@character_set_client */;
/*!50503 SET character_set_client = utf8mb4 */;
CREATE TABLE `parameterhierarchy` (
  `parentParameterID` varchar(10) NOT NULL,
  `childParameterID` varchar(10) NOT NULL,
  PRIMARY KEY (`parentParameterID`,`childParameterID`)
) ENGINE=InnoDB DEFAULT CHARSET=latin1;
/*!40101 SET character_set_client = @saved_cs_client */;

--
-- Dumping data for table `parameterhierarchy`
--

LOCK TABLES `parameterhierarchy` WRITE;
/*!40000 ALTER TABLE `parameterhierarchy` DISABLE KEYS */;
/*!40000 ALTER TABLE `parameterhierarchy` ENABLE KEYS */;
UNLOCK TABLES;

--
-- Table structure for table `parameterlist`
--

DROP TABLE IF EXISTS `parameterlist`;
/*!40101 SET @saved_cs_client     = @@character_set_client */;
/*!50503 SET character_set_client = utf8mb4 */;
CREATE TABLE `parameterlist` (
  `parameterID` varchar(10) NOT NULL,
  `parameterName` varchar(100) DEFAULT NULL,
  PRIMARY KEY (`parameterID`)
) ENGINE=InnoDB DEFAULT CHARSET=latin1;
/*!40101 SET character_set_client = @saved_cs_client */;

--
-- Dumping data for table `parameterlist`
--

LOCK TABLES `parameterlist` WRITE;
/*!40000 ALTER TABLE `parameterlist` DISABLE KEYS */;
INSERT INTO `parameterlist` VALUES ('p1','p1name'),('p10','p10name'),('p11','p11name'),('p12','p12name'),('p13','p13name'),('p14','p14name'),('p15','p15name'),('p16','p16name'),('p17','p17name'),('p18','p18name'),('p19','p19name'),('p2','p2name'),('p20','p20name'),('p3','p3name'),('p4','p4name'),('p5','p5name'),('p6','p6name'),('p7','p7name'),('p8','p8name'),('p9','p9name');
/*!40000 ALTER TABLE `parameterlist` ENABLE KEYS */;
UNLOCK TABLES;

--
-- Table structure for table `result`
--

DROP TABLE IF EXISTS `result`;
/*!40101 SET @saved_cs_client     = @@character_set_client */;
/*!50503 SET character_set_client = utf8mb4 */;
CREATE TABLE `result` (
  `transactionID` bigint NOT NULL,
  `stage` int NOT NULL,
  `webServiceID` varchar(10) NOT NULL,
  PRIMARY KEY (`transactionID`,`stage`,`webServiceID`)
) ENGINE=InnoDB DEFAULT CHARSET=latin1;
/*!40101 SET character_set_client = @saved_cs_client */;

--
-- Dumping data for table `result`
--

LOCK TABLES `result` WRITE;
/*!40000 ALTER TABLE `result` DISABLE KEYS */;
INSERT INTO `result` VALUES (1,1,'WSS98'),(1,2,'WSS289'),(2,1,'WSS401'),(2,2,'WSS296'),(3,1,'WSS768'),(3,2,'WSS405'),(4,1,'WSS402'),(4,2,'WSS403'),(5,1,'WSS291'),(5,2,'WSS728'),(6,1,'WSS771'),(6,2,'WSS63'),(7,1,'WSS785'),(8,1,'WSS735'),(8,2,'WSS758'),(9,1,'WSS775'),(9,2,'WSS88'),(10,1,'WSS748'),(10,2,'WSS593'),(11,1,'WSS734'),(11,2,'WSS737'),(12,1,'WSS289'),(12,1,'WSS741'),(13,1,'WSS739'),(13,1,'WSS776'),(14,1,'WSS272'),(14,2,'WSS727'),(15,1,'WSS346'),(16,1,'WSS286'),(16,2,'WSS63'),(17,1,'WSS776'),(17,2,'WSS746'),(18,1,'WSS413'),(18,2,'WSS401'),(19,1,'WSS757'),(19,2,'WSS296'),(20,1,'WSS469'),(21,1,'WSS762'),(21,2,'WSS770'),(22,1,'WSS746'),(22,2,'WSS753'),(23,1,'WSS98'),(23,2,'WSS763'),(24,1,'WSS727'),(24,2,'WSS413'),(25,1,'WSS759'),(25,2,'WSS742'),(26,1,'WSS758'),(26,2,'WSS760'),(27,1,'WSS407'),(27,2,'WSS259'),(28,1,'WSS600'),(29,1,'WSS551'),(30,1,'WSS404'),(30,1,'WSS413'),(1031,1,'ICP006'),(1031,1,'ICP110'),(1031,1,'ICP311'),(1031,2,'ICP500'),(1035,1,'ICP386'),(1035,2,'ICP466'),(1133,1,'ICP103'),(1133,2,'ICP341'),(1133,3,'ICP395'),(1136,1,'ICP110'),(1136,2,'ICP710'),(1141,1,'ICP311'),(1141,2,'ICP422'),(1288,1,'ICP001'),(1288,2,'ICP110'),(1291,1,'ICP110'),(1291,2,'ICP720'),(1293,1,'ICP110'),(1293,1,'ICP311'),(1293,2,'ICP500'),(1296,1,'ICP006'),(1296,1,'ICP103'),(1296,1,'ICP110'),(1296,1,'ICP311'),(1296,1,'ICP313'),(1296,2,'ICP341'),(1296,2,'ICP500'),(1296,3,'ICP395'),(1325,1,'ICP110'),(1325,2,'ICP680'),(1355,1,'ICP110'),(1355,2,'ICP469'),(1406,1,'ICP110'),(1435,1,'ICP006'),(1435,1,'ICP110'),(1435,1,'ICP311'),(1435,2,'ICP500'),(1509,1,'ICP001'),(1509,1,'ICP006'),(1509,2,'ICP002'),(1509,2,'ICP110'),(1509,3,'ICP311'),(1509,4,'ICP500'),(1572,1,'ICP103'),(1572,1,'ICP110'),(1572,1,'ICP386'),(1572,2,'ICP341'),(1572,2,'ICP395'),(1572,2,'ICP466'),(1572,2,'ICP620'),(1572,2,'ICP720'),(1572,3,'ICP445'),(1583,1,'ICP386'),(1583,2,'ICP466'),(1607,1,'ICP301'),(1607,1,'ICP341'),(1607,1,'ICP386'),(1607,2,'ICP481'),(1620,1,'ICP006'),(1620,1,'ICP110'),(1620,1,'ICP311'),(1620,2,'ICP500'),(1646,1,'ICP006'),(1646,1,'ICP110'),(1646,1,'ICP311'),(1646,2,'ICP469'),(1646,2,'ICP500'),(1733,1,'ICP311'),(1733,2,'ICP422'),(1797,1,'ICP386'),(1797,2,'ICP466'),(1851,1,'ICP003'),(1851,1,'ICP311'),(1851,2,'ICP313'),(1851,3,'ICP486'),(1981,1,'ICP110'),(1981,1,'ICP311'),(1981,2,'ICP500'),(2015,1,'ICP006'),(2015,1,'ICP110'),(2015,1,'ICP311'),(2015,2,'ICP500'),(2026,1,'ICP386'),(2026,2,'ICP466'),(2114,1,'ICP341'),(2114,2,'ICP395'),(2114,3,'ICP445'),(2280,1,'ICP103'),(2280,1,'ICP386'),(2280,2,'ICP341'),(2280,2,'ICP395'),(2280,2,'ICP466'),(2280,3,'ICP495'),(2317,1,'ICP313'),(2317,1,'ICP341'),(2317,1,'ICP680'),(2317,2,'ICP395'),(2317,3,'ICP445'),(2474,1,'ICP003'),(2474,1,'ICP311'),(2474,2,'ICP313'),(2474,3,'ICP486'),(2565,1,'ICP313'),(2565,1,'ICP341'),(2565,2,'ICP395'),(2565,3,'ICP445'),(2598,1,'ICP006'),(2598,1,'ICP110'),(2598,1,'ICP311'),(2598,1,'ICP313'),(2598,1,'ICP331'),(2598,2,'ICP500'),(2610,1,'ICP003'),(2610,1,'ICP311'),(2610,2,'ICP313'),(2610,3,'ICP486'),(2659,1,'ICP006'),(2659,1,'ICP110'),(2659,1,'ICP311'),(2659,2,'ICP469'),(2659,2,'ICP500'),(2675,1,'ICP386'),(2675,2,'ICP466'),(2711,1,'ICP103'),(2711,1,'ICP386'),(2711,2,'ICP341'),(2711,3,'ICP481'),(2779,1,'ICP003'),(2779,1,'ICP311'),(2779,2,'ICP313'),(2779,3,'ICP486'),(2985,1,'ICP103'),(3021,1,'ICP006'),(3021,1,'ICP110'),(3021,1,'ICP302'),(3021,2,'ICP500'),(3075,1,'ICP006'),(3075,1,'ICP110'),(3075,1,'ICP311'),(3075,2,'ICP500'),(3226,1,'ICP110'),(3226,2,'ICP818'),(3286,1,'ICP006'),(3286,1,'ICP110'),(3286,1,'ICP311'),(3286,2,'ICP500'),(3357,1,'ICP006'),(3357,1,'ICP110'),(3357,1,'ICP311'),(3357,2,'ICP500'),(3667,1,'ICP103'),(3667,1,'ICP301'),(3667,1,'ICP386'),(3667,2,'ICP341'),(3667,3,'ICP481'),(3668,1,'ICP103'),(3668,1,'ICP301'),(3668,1,'ICP386'),(3668,2,'ICP341'),(3668,3,'ICP481'),(3705,1,'ICP103'),(3705,1,'ICP301'),(3705,1,'ICP386'),(3705,2,'ICP341'),(3705,3,'ICP481'),(3718,1,'ICP001'),(3718,2,'ICP002'),(3718,2,'ICP110'),(3718,3,'ICP311'),(3718,4,'ICP819'),(3877,1,'ICP386'),(3948,1,'ICP006'),(3948,1,'ICP110'),(3948,1,'ICP311'),(3948,2,'ICP500'),(3969,1,'ICP301'),(3969,1,'ICP341'),(3969,1,'ICP386'),(3969,2,'ICP481'),(3971,1,'ICP386'),(3971,2,'ICP466'),(4112,1,'ICP006'),(4112,1,'ICP110'),(4112,1,'ICP311'),(4112,2,'ICP469'),(4112,2,'ICP500'),(4178,1,'ICP002'),(4178,1,'ICP110'),(4178,2,'ICP311'),(4178,3,'ICP819'),(4281,1,'ICP110'),(4281,2,'ICP469'),(4296,1,'ICP006'),(4296,1,'ICP110'),(4296,1,'ICP311'),(4296,2,'ICP469'),(4296,2,'ICP500'),(4375,1,'ICP003'),(4375,1,'ICP311'),(4375,2,'ICP313'),(4375,3,'ICP486'),(4589,1,'ICP006'),(4589,1,'ICP110'),(4589,1,'ICP311'),(4589,2,'ICP469'),(4589,2,'ICP500'),(4607,1,'ICP006'),(4607,1,'ICP110'),(4607,1,'ICP302'),(4607,2,'ICP500'),(4747,1,'ICP311'),(4747,1,'ICP313'),(4747,2,'ICP486'),(4775,1,'ICP110'),(4775,2,'ICP500'),(4934,1,'ICP103'),(4934,2,'ICP341'),(4978,1,'ICP103'),(4980,1,'ICP006'),(4980,1,'ICP110'),(4980,1,'ICP311'),(4980,2,'ICP469'),(4980,2,'ICP500'),(4980,2,'ICP720'),(4980,3,'ICP740'),(5049,1,'ICP006'),(5049,1,'ICP110'),(5049,1,'ICP311'),(5049,2,'ICP500'),(5417,1,'ICP301'),(5417,1,'ICP341'),(5417,1,'ICP386'),(5417,2,'ICP481'),(5448,1,'ICP386'),(5448,2,'ICP466'),(5450,1,'ICP103'),(5450,1,'ICP110'),(5450,1,'ICP386'),(5450,1,'ICP817'),(5450,2,'ICP341'),(5450,2,'ICP395'),(5450,2,'ICP466'),(5450,2,'ICP620'),(5450,2,'ICP720'),(5450,3,'ICP445'),(5450,3,'ICP815'),(5461,1,'ICP002'),(5461,1,'ICP006'),(5461,1,'ICP110'),(5461,1,'ICP302'),(5461,2,'ICP500'),(5461,2,'ICP720'),(5461,3,'ICP740'),(5472,1,'ICP110'),(5472,2,'ICP818'),(5497,1,'ICP103'),(5497,2,'ICP341'),(5569,1,'ICP386'),(5569,2,'ICP466'),(5571,1,'ICP103'),(5571,2,'ICP810'),(5757,1,'ICP386'),(5757,2,'ICP466'),(5779,1,'ICP006'),(5779,1,'ICP110'),(5779,1,'ICP302'),(5779,2,'ICP500'),(5814,1,'ICP006'),(5814,1,'ICP110'),(5814,1,'ICP311'),(5814,2,'ICP500'),(5897,1,'ICP110'),(5897,2,'ICP710'),(5966,1,'ICP103'),(5966,1,'ICP301'),(5966,1,'ICP386'),(5966,2,'ICP341'),(5966,3,'ICP481'),(6032,1,'ICP386'),(6032,2,'ICP466'),(6279,1,'ICP006'),(6279,1,'ICP110'),(6279,1,'ICP311'),(6279,2,'ICP469'),(6279,2,'ICP500'),(6294,1,'ICP006'),(6294,1,'ICP110'),(6294,1,'ICP311'),(6294,2,'ICP500'),(6325,1,'ICP002'),(6325,2,'ICP003'),(6363,1,'ICP006'),(6363,1,'ICP110'),(6363,1,'ICP311'),(6363,2,'ICP469'),(6363,2,'ICP500'),(6437,1,'ICP103'),(6437,1,'ICP301'),(6437,1,'ICP386'),(6437,2,'ICP341'),(6437,3,'ICP481'),(6533,1,'ICP006'),(6533,1,'ICP110'),(6533,1,'ICP311'),(6533,2,'ICP469'),(6533,2,'ICP500'),(6574,1,'ICP002'),(6574,1,'ICP110'),(6574,2,'ICP311'),(6574,3,'ICP819'),(6604,1,'ICP103'),(6604,1,'ICP386'),(6604,2,'ICP341'),(6604,3,'ICP481'),(6679,1,'ICP003'),(6679,1,'ICP311'),(6679,2,'ICP313'),(6679,3,'ICP486'),(6692,1,'ICP103'),(6692,1,'ICP386'),(6692,1,'ICP465'),(6692,2,'ICP341'),(6692,3,'ICP481'),(6874,1,'ICP467'),(6898,1,'ICP103'),(6898,1,'ICP386'),(6898,2,'ICP341'),(6898,3,'ICP481'),(6922,1,'ICP313'),(6922,1,'ICP341'),(6922,2,'ICP395'),(6974,1,'ICP110'),(6974,2,'ICP469'),(7056,1,'ICP006'),(7056,1,'ICP110'),(7056,1,'ICP311'),(7056,1,'ICP341'),(7056,2,'ICP395'),(7056,2,'ICP500'),(7056,2,'ICP720'),(7056,3,'ICP445'),(7056,3,'ICP740'),(7107,1,'ICP311'),(7107,1,'ICP313'),(7107,2,'ICP486'),(7159,1,'ICP311'),(7159,2,'ICP422'),(7196,1,'ICP103'),(7196,2,'ICP341'),(7196,2,'ICP395'),(7196,3,'ICP495'),(7227,1,'ICP103'),(7227,1,'ICP110'),(7227,1,'ICP301'),(7227,1,'ICP311'),(7227,1,'ICP386'),(7227,2,'ICP341'),(7227,2,'ICP500'),(7227,3,'ICP481'),(7297,1,'ICP386'),(7297,2,'ICP466'),(7326,1,'ICP006'),(7326,1,'ICP110'),(7326,1,'ICP311'),(7326,2,'ICP500'),(7398,1,'ICP002'),(7398,1,'ICP006'),(7398,1,'ICP103'),(7398,1,'ICP110'),(7398,2,'ICP311'),(7398,2,'ICP720'),(7398,2,'ICP810'),(7398,3,'ICP500'),(7398,3,'ICP819'),(7398,4,'ICP740'),(7420,1,'ICP006'),(7420,1,'ICP311'),(7420,2,'ICP500'),(7484,1,'ICP006'),(7484,1,'ICP110'),(7484,1,'ICP311'),(7484,2,'ICP469'),(7484,2,'ICP500'),(7515,1,'ICP006'),(7515,1,'ICP110'),(7515,1,'ICP311'),(7515,2,'ICP469'),(7515,2,'ICP500'),(7593,1,'ICP301'),(7593,1,'ICP341'),(7593,1,'ICP386'),(7593,2,'ICP481'),(7645,1,'ICP001'),(7645,1,'ICP006'),(7645,2,'ICP002'),(7645,2,'ICP110'),(7645,3,'ICP311'),(7645,4,'ICP500'),(7720,1,'ICP006'),(7720,1,'ICP311'),(7720,1,'ICP720'),(7720,2,'ICP500'),(7720,3,'ICP740'),(7769,1,'ICP103'),(7769,2,'ICP341'),(7797,1,'ICP006'),(7797,1,'ICP110'),(7797,1,'ICP302'),(7797,2,'ICP500'),(7797,2,'ICP720'),(7817,1,'ICP006'),(7817,1,'ICP311'),(7817,2,'ICP500'),(7821,1,'ICP006'),(7821,1,'ICP110'),(7821,1,'ICP311'),(7821,2,'ICP500'),(7831,1,'ICP006'),(7831,1,'ICP311'),(7831,2,'ICP500'),(7832,1,'ICP006'),(7832,1,'ICP110'),(7832,1,'ICP311'),(7832,2,'ICP500'),(8030,1,'ICP386'),(8030,2,'ICP466'),(8062,1,'ICP006'),(8062,1,'ICP110'),(8062,1,'ICP311'),(8062,2,'ICP500'),(8155,1,'ICP006'),(8155,1,'ICP110'),(8155,1,'ICP311'),(8155,2,'ICP469'),(8155,2,'ICP500'),(8306,1,'ICP006'),(8306,1,'ICP110'),(8306,1,'ICP311'),(8306,2,'ICP500'),(8509,1,'ICP467'),(8527,1,'ICP110'),(8527,2,'ICP500'),(8628,1,'ICP103'),(8628,1,'ICP301'),(8628,1,'ICP386'),(8628,2,'ICP341'),(8628,3,'ICP481'),(8647,1,'ICP103'),(8647,2,'ICP341'),(8688,1,'ICP103'),(8688,1,'ICP301'),(8688,1,'ICP386'),(8688,2,'ICP341'),(8688,3,'ICP481'),(8877,1,'ICP386'),(8877,2,'ICP466'),(8889,1,'ICP110'),(8889,2,'ICP620'),(8941,1,'ICP103'),(8941,2,'ICP341'),(8941,2,'ICP395'),(8941,3,'ICP495'),(8952,1,'ICP103'),(8952,1,'ICP386'),(8952,2,'ICP341'),(8952,3,'ICP481'),(8959,1,'ICP103'),(8959,2,'ICP341'),(9050,1,'ICP006'),(9050,1,'ICP110'),(9050,1,'ICP311'),(9050,2,'ICP500'),(9076,1,'ICP004'),(9076,2,'ICP005'),(9076,3,'ICP331'),(9117,1,'ICP110'),(9117,2,'ICP469'),(9185,1,'ICP341'),(9185,2,'ICP395'),(9185,3,'ICP445'),(9249,1,'ICP006'),(9249,1,'ICP110'),(9249,1,'ICP311'),(9249,2,'ICP500'),(9249,2,'ICP720'),(9306,1,'ICP006'),(9306,1,'ICP110'),(9306,1,'ICP302'),(9306,2,'ICP500'),(9325,1,'ICP386'),(9422,1,'ICP110'),(9422,2,'ICP469'),(9451,1,'ICP006'),(9451,1,'ICP110'),(9451,1,'ICP311'),(9451,1,'ICP341'),(9451,2,'ICP395'),(9451,2,'ICP500'),(9451,2,'ICP720'),(9451,3,'ICP445'),(9451,3,'ICP740'),(9524,1,'ICP001'),(9524,1,'ICP006'),(9524,2,'ICP002'),(9524,2,'ICP110'),(9524,3,'ICP311'),(9524,4,'ICP500'),(9784,1,'ICP110'),(9784,2,'ICP469'),(9797,1,'ICP103'),(9797,2,'ICP341'),(9812,1,'ICP311'),(9812,1,'ICP313'),(9812,2,'ICP486'),(9814,1,'ICP006'),(9814,1,'ICP110'),(9814,1,'ICP311'),(9814,2,'ICP500'),(9868,1,'ICP006'),(9868,1,'ICP110'),(9868,1,'ICP311'),(9868,2,'ICP500'),(9968,1,'ICP103'),(9968,1,'ICP301'),(9968,1,'ICP386'),(9968,2,'ICP341'),(9968,3,'ICP481'),(9978,1,'ICP311'),(9978,1,'ICP313'),(9978,2,'ICP486'),(111174351,1,'ICP001'),(111174351,2,'ICP002'),(111174351,3,'ICP003'),(111174351,3,'ICP311'),(111174351,4,'ICP313'),(111174351,5,'ICP486'),(112793854,1,'ICP006'),(112793854,1,'ICP110'),(112793854,1,'ICP311'),(112793854,2,'ICP500'),(125202274,1,'ICP001'),(125202274,1,'ICP103'),(125202274,2,'ICP301'),(125202274,2,'ICP341'),(125202274,2,'ICP386'),(125202274,3,'ICP481'),(137852438,1,'ICP006'),(137852438,1,'ICP110'),(137852438,1,'ICP311'),(137852438,2,'ICP500'),(141922012,1,'ICP002'),(141922012,2,'ICP003'),(141922012,2,'ICP311'),(141922012,3,'ICP313'),(141922012,4,'ICP486'),(164821430,1,'ICP001'),(164821430,2,'ICP002'),(164821430,3,'ICP003'),(164821430,3,'ICP311'),(164821430,4,'ICP313'),(164821430,5,'ICP486'),(166203121,1,'ICP001'),(166203121,1,'ICP006'),(166203121,1,'ICP200'),(166203121,2,'ICP002'),(166203121,2,'ICP110'),(166203121,2,'ICP720'),(166203121,3,'ICP311'),(166203121,4,'ICP500'),(166203121,4,'ICP819'),(166203121,5,'ICP740'),(178957047,1,'ICP110'),(178957047,2,'ICP469'),(192081592,1,'ICP006'),(192081592,1,'ICP200'),(192081592,1,'ICP311'),(192081592,2,'ICP500'),(192081592,2,'ICP720'),(192081592,3,'ICP740'),(196046272,1,'ICP002'),(196046272,1,'ICP006'),(196046272,1,'ICP110'),(196046272,2,'ICP311'),(196046272,2,'ICP469'),(196046272,3,'ICP500'),(222936116,1,'ICP006'),(222936116,1,'ICP200'),(222936116,1,'ICP311'),(222936116,2,'ICP500'),(222936116,2,'ICP720'),(222936116,2,'ICP819'),(222936116,3,'ICP740'),(258370250,1,'ICP006'),(258370250,1,'ICP200'),(258370250,1,'ICP311'),(258370250,2,'ICP500'),(258370250,2,'ICP720'),(258370250,2,'ICP818'),(258370250,2,'ICP819'),(258370250,3,'ICP740'),(285611992,1,'ICP006'),(285611992,1,'ICP110'),(285611992,1,'ICP200'),(285611992,1,'ICP311'),(285611992,2,'ICP500'),(285611992,2,'ICP720'),(285611992,3,'ICP740'),(287034437,1,'ICP006'),(287034437,1,'ICP200'),(287034437,1,'ICP311'),(287034437,2,'ICP500'),(287034437,2,'ICP720'),(287034437,2,'ICP819'),(287034437,3,'ICP740'),(291687847,1,'ICP006'),(291687847,1,'ICP200'),(291687847,1,'ICP311'),(291687847,2,'ICP500'),(291687847,2,'ICP720'),(291687847,2,'ICP819'),(291687847,3,'ICP740'),(292870227,1,'ICP001'),(292870227,1,'ICP006'),(292870227,1,'ICP720'),(292870227,2,'ICP002'),(292870227,2,'ICP110'),(292870227,3,'ICP311'),(292870227,4,'ICP500'),(292870227,5,'ICP740'),(316379525,1,'ICP110'),(316379525,1,'ICP311'),(316379525,2,'ICP361'),(316379525,3,'ICP461'),(324432052,1,'ICP001'),(324432052,2,'ICP002'),(324432052,3,'ICP003'),(324432052,3,'ICP311'),(324432052,4,'ICP313'),(324432052,5,'ICP486'),(348444351,1,'ICP311'),(348444351,1,'ICP313'),(348444351,2,'ICP486'),(356640298,1,'ICP469'),(356640298,1,'ICP818'),(356640298,2,'ICP660'),(362849335,1,'ICP006'),(362849335,1,'ICP200'),(362849335,1,'ICP311'),(362849335,2,'ICP500'),(362849335,2,'ICP720'),(362849335,2,'ICP818'),(362849335,3,'ICP740'),(370058038,1,'ICP006'),(370058038,1,'ICP110'),(370058038,1,'ICP311'),(370058038,2,'ICP469'),(370058038,2,'ICP500'),(410309476,1,'ICP001'),(410309476,1,'ICP006'),(410309476,1,'ICP200'),(410309476,2,'ICP002'),(410309476,2,'ICP720'),(410309476,3,'ICP311'),(410309476,4,'ICP500'),(410309476,4,'ICP819'),(410309476,5,'ICP740'),(411681300,1,'ICP006'),(411681300,1,'ICP200'),(411681300,1,'ICP311'),(411681300,2,'ICP500'),(411681300,2,'ICP720'),(411681300,2,'ICP819'),(411681300,3,'ICP740'),(413889315,1,'ICP002'),(413889315,2,'ICP003'),(413889315,2,'ICP311'),(413889315,3,'ICP313'),(413889315,4,'ICP486'),(435075950,1,'ICP002'),(435075950,1,'ICP006'),(435075950,1,'ICP110'),(435075950,1,'ICP720'),(435075950,2,'ICP311'),(435075950,3,'ICP500'),(435075950,4,'ICP740'),(442506203,1,'ICP006'),(442506203,1,'ICP110'),(442506203,1,'ICP311'),(442506203,2,'ICP469'),(442506203,2,'ICP500'),(448741355,1,'ICP001'),(448741355,2,'ICP002'),(448741355,3,'ICP003'),(448741355,3,'ICP311'),(448741355,4,'ICP313'),(448741355,5,'ICP486'),(452470039,1,'ICP006'),(452470039,1,'ICP110'),(452470039,1,'ICP311'),(452470039,2,'ICP500'),(495404878,1,'ICP006'),(495404878,1,'ICP110'),(495404878,1,'ICP200'),(495404878,1,'ICP302'),(495404878,2,'ICP500'),(495404878,2,'ICP720'),(495404878,3,'ICP740'),(496776246,1,'ICP103'),(496776246,2,'ICP341'),(496776246,3,'ICP403'),(497270695,1,'ICP001'),(497270695,1,'ICP103'),(497270695,2,'ICP301'),(497270695,2,'ICP341'),(497270695,2,'ICP386'),(497270695,3,'ICP481'),(506023024,1,'ICP680'),(516484914,1,'ICP006'),(516484914,1,'ICP200'),(516484914,1,'ICP311'),(516484914,2,'ICP500'),(516484914,2,'ICP720'),(516484914,3,'ICP740'),(524497078,1,'ICP006'),(524497078,1,'ICP200'),(524497078,1,'ICP311'),(524497078,2,'ICP500'),(524497078,2,'ICP720'),(524497078,2,'ICP819'),(524497078,3,'ICP740'),(532135187,1,'ICP200'),(532135187,2,'ICP720'),(532135187,3,'ICP811'),(532135187,4,'ICP813'),(561361210,1,'ICP006'),(561361210,1,'ICP200'),(561361210,1,'ICP311'),(561361210,2,'ICP500'),(561361210,2,'ICP720'),(561361210,2,'ICP819'),(561361210,3,'ICP740'),(578460210,1,'ICP110'),(578460210,2,'ICP469'),(601145152,1,'ICP006'),(601145152,1,'ICP200'),(601145152,1,'ICP311'),(601145152,2,'ICP500'),(601145152,2,'ICP720'),(601145152,2,'ICP819'),(601145152,3,'ICP740'),(630767823,1,'ICP006'),(630767823,1,'ICP200'),(630767823,1,'ICP311'),(630767823,2,'ICP500'),(630767823,2,'ICP720'),(630767823,2,'ICP819'),(630767823,3,'ICP740'),(658685554,1,'ICP006'),(658685554,1,'ICP200'),(658685554,1,'ICP311'),(658685554,2,'ICP500'),(658685554,2,'ICP720'),(658685554,3,'ICP740'),(659691843,1,'ICP006'),(659691843,1,'ICP200'),(659691843,1,'ICP311'),(659691843,2,'ICP500'),(659691843,2,'ICP720'),(659691843,3,'ICP740'),(664758087,1,'ICP006'),(664758087,1,'ICP200'),(664758087,1,'ICP311'),(664758087,2,'ICP500'),(664758087,2,'ICP720'),(664758087,2,'ICP819'),(664758087,3,'ICP740'),(669457938,1,'ICP006'),(669457938,1,'ICP200'),(669457938,1,'ICP311'),(669457938,2,'ICP500'),(669457938,2,'ICP720'),(669457938,3,'ICP740'),(683869712,1,'ICP006'),(683869712,1,'ICP200'),(683869712,1,'ICP311'),(683869712,2,'ICP500'),(683869712,2,'ICP720'),(683869712,2,'ICP819'),(683869712,3,'ICP740'),(716407017,1,'ICP006'),(716407017,1,'ICP110'),(716407017,1,'ICP311'),(716407017,1,'ICP720'),(716407017,2,'ICP500'),(716407017,2,'ICP811'),(716407017,3,'ICP813'),(726508464,1,'ICP006'),(726508464,1,'ICP110'),(726508464,1,'ICP311'),(726508464,2,'ICP469'),(726508464,2,'ICP500'),(739074091,1,'ICP006'),(739074091,1,'ICP200'),(739074091,1,'ICP311'),(739074091,2,'ICP500'),(739074091,2,'ICP720'),(739074091,3,'ICP740'),(739546796,1,'ICP006'),(739546796,1,'ICP200'),(739546796,1,'ICP311'),(739546796,2,'ICP500'),(739546796,2,'ICP720'),(739546796,3,'ICP740'),(742695516,1,'ICP001'),(742695516,2,'ICP110'),(742695516,2,'ICP302'),(742695516,3,'ICP500'),(749479466,1,'ICP103'),(749479466,1,'ICP301'),(749479466,1,'ICP386'),(749479466,2,'ICP341'),(749479466,3,'ICP481'),(759784803,1,'ICP001'),(759784803,1,'ICP006'),(759784803,2,'ICP110'),(759784803,2,'ICP302'),(759784803,3,'ICP500'),(784019298,1,'ICP001'),(784019298,1,'ICP103'),(784019298,2,'ICP301'),(784019298,2,'ICP341'),(784019298,2,'ICP386'),(784019298,3,'ICP481'),(809869431,1,'ICP006'),(809869431,1,'ICP110'),(809869431,1,'ICP311'),(809869431,2,'ICP500'),(833064024,1,'ICP001'),(833064024,1,'ICP006'),(833064024,1,'ICP720'),(833064024,2,'ICP002'),(833064024,2,'ICP110'),(833064024,3,'ICP311'),(833064024,4,'ICP500'),(833064024,5,'ICP740'),(882961008,1,'ICP006'),(882961008,1,'ICP110'),(882961008,1,'ICP311'),(882961008,2,'ICP500'),(916025637,1,'ICP001'),(916025637,2,'ICP110'),(916025637,3,'ICP469'),(960676621,1,'ICP006'),(960676621,1,'ICP200'),(960676621,1,'ICP311'),(960676621,2,'ICP500'),(960676621,2,'ICP720'),(960676621,3,'ICP740'),(971245096,1,'ICP006'),(971245096,1,'ICP110'),(971245096,1,'ICP311'),(971245096,2,'ICP469'),(971245096,2,'ICP500');
/*!40000 ALTER TABLE `result` ENABLE KEYS */;
UNLOCK TABLES;

--
-- Table structure for table `rhs`
--

DROP TABLE IF EXISTS `rhs`;
/*!40101 SET @saved_cs_client     = @@character_set_client */;
/*!50503 SET character_set_client = utf8mb4 */;
CREATE TABLE `rhs` (
  `ruleid` int NOT NULL,
  `courseid` varchar(10) NOT NULL,
  PRIMARY KEY (`ruleid`,`courseid`)
) ENGINE=InnoDB DEFAULT CHARSET=latin1;
/*!40101 SET character_set_client = @saved_cs_client */;

--
-- Dumping data for table `rhs`
--

LOCK TABLES `rhs` WRITE;
/*!40000 ALTER TABLE `rhs` DISABLE KEYS */;
INSERT INTO `rhs` VALUES (1,'ICP110'),(2,'ICP311'),(3,'ICP500'),(4,'ICP311'),(5,'ICP500'),(6,'ICP500'),(7,'ICP311'),(8,'ICP500'),(9,'ICP500'),(10,'ICP500'),(11,'ICP500');
/*!40000 ALTER TABLE `rhs` ENABLE KEYS */;
UNLOCK TABLES;

--
-- Table structure for table `ruleinfo`
--

DROP TABLE IF EXISTS `ruleinfo`;
/*!40101 SET @saved_cs_client     = @@character_set_client */;
/*!50503 SET character_set_client = utf8mb4 */;
CREATE TABLE `ruleinfo` (
  `ruleid` int NOT NULL,
  `support` float DEFAULT NULL,
  `confidence` float DEFAULT NULL,
  `lift` float DEFAULT NULL,
  `count` int DEFAULT NULL,
  PRIMARY KEY (`ruleid`)
) ENGINE=InnoDB DEFAULT CHARSET=latin1;
/*!40101 SET character_set_client = @saved_cs_client */;

--
-- Dumping data for table `ruleinfo`
--

LOCK TABLES `ruleinfo` WRITE;
/*!40000 ALTER TABLE `ruleinfo` DISABLE KEYS */;
INSERT INTO `ruleinfo` VALUES (1,0.2,0.719101,1.53765,3),(2,0.2,0.910112,1.69382,3),(3,0.2,1,2.11579,3),(4,0.2,0.670213,1.24734,3),(5,0.2,0.744681,1.57559,3),(6,0.2,0.777778,1.64561,3),(7,0.2,0.875,1.62847,3),(8,0.2,1,2.11579,3),(9,0.2,1,2.11579,3),(10,0.2,0.936508,1.98145,3),(11,0.2,1,2.11579,3);
/*!40000 ALTER TABLE `ruleinfo` ENABLE KEYS */;
UNLOCK TABLES;

--
-- Table structure for table `webservicelist`
--

DROP TABLE IF EXISTS `webservicelist`;
/*!40101 SET @saved_cs_client     = @@character_set_client */;
/*!50503 SET character_set_client = utf8mb4 */;
CREATE TABLE `webservicelist` (
  `webServiceID` varchar(10) NOT NULL,
  `webServiceName` varchar(100) DEFAULT NULL,
  `reputation` float DEFAULT NULL,
  `price` float DEFAULT NULL,
  `duration` int DEFAULT NULL,
  `provider` varchar(50) DEFAULT NULL,
  `url` varchar(100) DEFAULT NULL,
  PRIMARY KEY (`webServiceID`)
) ENGINE=InnoDB DEFAULT CHARSET=latin1;
/*!40101 SET character_set_client = @saved_cs_client */;

--
-- Dumping data for table `webservicelist`
--

LOCK TABLES `webservicelist` WRITE;
/*!40000 ALTER TABLE `webservicelist` DISABLE KEYS */;
INSERT INTO `webservicelist` VALUES ('WSS1','WSS1Name',3,1,3,'serviceprovider','https://serviceprovider.com'),('WSS10','WSS10Name',3,1,3,'serviceprovider','https://serviceprovider.com'),('WSS100','WSS100Name',3,1,3,'serviceprovider','https://serviceprovider.com'),('WSS101','WSS101Name',3,1,3,'serviceprovider','https://serviceprovider.com'),('WSS102','WSS102Name',3,1,3,'serviceprovider','https://serviceprovider.com'),('WSS103','WSS103Name',3,1,3,'serviceprovider','https://serviceprovider.com'),('WSS104','WSS104Name',3,1,3,'serviceprovider','https://serviceprovider.com'),('WSS105','WSS105Name',3,1,3,'serviceprovider','https://serviceprovider.com'),('WSS106','WSS106Name',3,1,3,'serviceprovider','https://serviceprovider.com'),('WSS107','WSS107Name',3,1,3,'serviceprovider','https://serviceprovider.com'),('WSS108','WSS108Name',3,1,3,'serviceprovider','https://serviceprovider.com'),('WSS109','WSS109Name',3,1,3,'serviceprovider','https://serviceprovider.com'),('WSS11','WSS11Name',3,1,3,'serviceprovider','https://serviceprovider.com'),('WSS110','WSS110Name',3,1,3,'serviceprovider','https://serviceprovider.com'),('WSS111','WSS111Name',3,1,3,'serviceprovider','https://serviceprovider.com'),('WSS112','WSS112Name',3,1,3,'serviceprovider','https://serviceprovider.com'),('WSS113','WSS113Name',3,1,3,'serviceprovider','https://serviceprovider.com'),('WSS114','WSS114Name',3,1,3,'serviceprovider','https://serviceprovider.com'),('WSS115','WSS115Name',3,1,3,'serviceprovider','https://serviceprovider.com'),('WSS116','WSS116Name',3,1,3,'serviceprovider','https://serviceprovider.com'),('WSS117','WSS117Name',3,1,3,'serviceprovider','https://serviceprovider.com'),('WSS118','WSS118Name',3,1,3,'serviceprovider','https://serviceprovider.com'),('WSS119','WSS119Name',3,1,3,'serviceprovider','https://serviceprovider.com'),('WSS12','WSS12Name',3,1,3,'serviceprovider','https://serviceprovider.com'),('WSS120','WSS120Name',3,1,3,'serviceprovider','https://serviceprovider.com'),('WSS121','WSS121Name',3,1,3,'serviceprovider','https://serviceprovider.com'),('WSS122','WSS122Name',3,1,3,'serviceprovider','https://serviceprovider.com'),('WSS123','WSS123Name',3,1,3,'serviceprovider','https://serviceprovider.com'),('WSS124','WSS124Name',3,1,3,'serviceprovider','https://serviceprovider.com'),('WSS125','WSS125Name',3,1,3,'serviceprovider','https://serviceprovider.com'),('WSS126','WSS126Name',3,1,3,'serviceprovider','https://serviceprovider.com'),('WSS127','WSS127Name',3,1,3,'serviceprovider','https://serviceprovider.com'),('WSS128','WSS128Name',3,1,3,'serviceprovider','https://serviceprovider.com'),('WSS129','WSS129Name',3,1,3,'serviceprovider','https://serviceprovider.com'),('WSS13','WSS13Name',3,1,3,'serviceprovider','https://serviceprovider.com'),('WSS130','WSS130Name',3,1,3,'serviceprovider','https://serviceprovider.com'),('WSS131','WSS131Name',3,1,3,'serviceprovider','https://serviceprovider.com'),('WSS132','WSS132Name',3,1,3,'serviceprovider','https://serviceprovider.com'),('WSS133','WSS133Name',3,1,3,'serviceprovider','https://serviceprovider.com'),('WSS134','WSS134Name',3,1,3,'serviceprovider','https://serviceprovider.com'),('WSS135','WSS135Name',3,1,3,'serviceprovider','https://serviceprovider.com'),('WSS136','WSS136Name',3,1,3,'serviceprovider','https://serviceprovider.com'),('WSS137','WSS137Name',3,1,3,'serviceprovider','https://serviceprovider.com'),('WSS138','WSS138Name',3,1,3,'serviceprovider','https://serviceprovider.com'),('WSS139','WSS139Name',3,1,3,'serviceprovider','https://serviceprovider.com'),('WSS14','WSS14Name',3,1,3,'serviceprovider','https://serviceprovider.com'),('WSS140','WSS140Name',3,1,3,'serviceprovider','https://serviceprovider.com'),('WSS141','WSS141Name',3,1,3,'serviceprovider','https://serviceprovider.com'),('WSS142','WSS142Name',3,1,3,'serviceprovider','https://serviceprovider.com'),('WSS143','WSS143Name',3,1,3,'serviceprovider','https://serviceprovider.com'),('WSS144','WSS144Name',3,1,3,'serviceprovider','https://serviceprovider.com'),('WSS145','WSS145Name',3,1,3,'serviceprovider','https://serviceprovider.com'),('WSS146','WSS146Name',3,1,3,'serviceprovider','https://serviceprovider.com'),('WSS147','WSS147Name',3,1,3,'serviceprovider','https://serviceprovider.com'),('WSS148','WSS148Name',3,1,3,'serviceprovider','https://serviceprovider.com'),('WSS149','WSS149Name',3,1,3,'serviceprovider','https://serviceprovider.com'),('WSS15','WSS15Name',3,1,3,'serviceprovider','https://serviceprovider.com'),('WSS150','WSS150Name',3,1,3,'serviceprovider','https://serviceprovider.com'),('WSS151','WSS151Name',3,1,3,'serviceprovider','https://serviceprovider.com'),('WSS152','WSS152Name',3,1,3,'serviceprovider','https://serviceprovider.com'),('WSS153','WSS153Name',3,1,3,'serviceprovider','https://serviceprovider.com'),('WSS154','WSS154Name',3,1,3,'serviceprovider','https://serviceprovider.com'),('WSS155','WSS155Name',3,1,3,'serviceprovider','https://serviceprovider.com'),('WSS156','WSS156Name',3,1,3,'serviceprovider','https://serviceprovider.com'),('WSS157','WSS157Name',3,1,3,'serviceprovider','https://serviceprovider.com'),('WSS158','WSS158Name',3,1,3,'serviceprovider','https://serviceprovider.com'),('WSS159','WSS159Name',3,1,3,'serviceprovider','https://serviceprovider.com'),('WSS16','WSS16Name',3,1,3,'serviceprovider','https://serviceprovider.com'),('WSS160','WSS160Name',3,1,3,'serviceprovider','https://serviceprovider.com'),('WSS161','WSS161Name',3,1,3,'serviceprovider','https://serviceprovider.com'),('WSS162','WSS162Name',3,1,3,'serviceprovider','https://serviceprovider.com'),('WSS163','WSS163Name',3,1,3,'serviceprovider','https://serviceprovider.com'),('WSS164','WSS164Name',3,1,3,'serviceprovider','https://serviceprovider.com'),('WSS165','WSS165Name',3,1,3,'serviceprovider','https://serviceprovider.com'),('WSS166','WSS166Name',3,1,3,'serviceprovider','https://serviceprovider.com'),('WSS167','WSS167Name',3,1,3,'serviceprovider','https://serviceprovider.com'),('WSS168','WSS168Name',3,1,3,'serviceprovider','https://serviceprovider.com'),('WSS169','WSS169Name',3,1,3,'serviceprovider','https://serviceprovider.com'),('WSS17','WSS17Name',3,1,3,'serviceprovider','https://serviceprovider.com'),('WSS170','WSS170Name',3,1,3,'serviceprovider','https://serviceprovider.com'),('WSS171','WSS171Name',3,1,3,'serviceprovider','https://serviceprovider.com'),('WSS172','WSS172Name',3,1,3,'serviceprovider','https://serviceprovider.com'),('WSS173','WSS173Name',3,1,3,'serviceprovider','https://serviceprovider.com'),('WSS174','WSS174Name',3,1,3,'serviceprovider','https://serviceprovider.com'),('WSS175','WSS175Name',3,1,3,'serviceprovider','https://serviceprovider.com'),('WSS176','WSS176Name',3,1,3,'serviceprovider','https://serviceprovider.com'),('WSS177','WSS177Name',3,1,3,'serviceprovider','https://serviceprovider.com'),('WSS178','WSS178Name',3,1,3,'serviceprovider','https://serviceprovider.com'),('WSS179','WSS179Name',3,1,3,'serviceprovider','https://serviceprovider.com'),('WSS18','WSS18Name',3,1,3,'serviceprovider','https://serviceprovider.com'),('WSS180','WSS180Name',3,1,3,'serviceprovider','https://serviceprovider.com'),('WSS181','WSS181Name',3,1,3,'serviceprovider','https://serviceprovider.com'),('WSS182','WSS182Name',3,1,3,'serviceprovider','https://serviceprovider.com'),('WSS183','WSS183Name',3,1,3,'serviceprovider','https://serviceprovider.com'),('WSS184','WSS184Name',3,1,3,'serviceprovider','https://serviceprovider.com'),('WSS185','WSS185Name',3,1,3,'serviceprovider','https://serviceprovider.com'),('WSS186','WSS186Name',3,1,3,'serviceprovider','https://serviceprovider.com'),('WSS187','WSS187Name',3,1,3,'serviceprovider','https://serviceprovider.com'),('WSS188','WSS188Name',3,1,3,'serviceprovider','https://serviceprovider.com'),('WSS189','WSS189Name',3,1,3,'serviceprovider','https://serviceprovider.com'),('WSS19','WSS19Name',3,1,3,'serviceprovider','https://serviceprovider.com'),('WSS190','WSS190Name',3,1,3,'serviceprovider','https://serviceprovider.com'),('WSS191','WSS191Name',3,1,3,'serviceprovider','https://serviceprovider.com'),('WSS192','WSS192Name',3,1,3,'serviceprovider','https://serviceprovider.com'),('WSS193','WSS193Name',3,1,3,'serviceprovider','https://serviceprovider.com'),('WSS194','WSS194Name',3,1,3,'serviceprovider','https://serviceprovider.com'),('WSS195','WSS195Name',3,1,3,'serviceprovider','https://serviceprovider.com'),('WSS196','WSS196Name',3,1,3,'serviceprovider','https://serviceprovider.com'),('WSS197','WSS197Name',3,1,3,'serviceprovider','https://serviceprovider.com'),('WSS198','WSS198Name',3,1,3,'serviceprovider','https://serviceprovider.com'),('WSS199','WSS199Name',3,1,3,'serviceprovider','https://serviceprovider.com'),('WSS2','WSS2Name',3,1,3,'serviceprovider','https://serviceprovider.com'),('WSS20','WSS20Name',3,1,3,'serviceprovider','https://serviceprovider.com'),('WSS200','WSS200Name',3,1,3,'serviceprovider','https://serviceprovider.com'),('WSS201','WSS201Name',3,1,3,'serviceprovider','https://serviceprovider.com'),('WSS202','WSS202Name',3,1,3,'serviceprovider','https://serviceprovider.com'),('WSS203','WSS203Name',3,1,3,'serviceprovider','https://serviceprovider.com'),('WSS204','WSS204Name',3,1,3,'serviceprovider','https://serviceprovider.com'),('WSS205','WSS205Name',3,1,3,'serviceprovider','https://serviceprovider.com'),('WSS206','WSS206Name',3,1,3,'serviceprovider','https://serviceprovider.com'),('WSS207','WSS207Name',3,1,3,'serviceprovider','https://serviceprovider.com'),('WSS208','WSS208Name',3,1,3,'serviceprovider','https://serviceprovider.com'),('WSS209','WSS209Name',3,1,3,'serviceprovider','https://serviceprovider.com'),('WSS21','WSS21Name',3,1,3,'serviceprovider','https://serviceprovider.com'),('WSS210','WSS210Name',3,1,3,'serviceprovider','https://serviceprovider.com'),('WSS211','WSS211Name',3,1,3,'serviceprovider','https://serviceprovider.com'),('WSS212','WSS212Name',3,1,3,'serviceprovider','https://serviceprovider.com'),('WSS213','WSS213Name',3,1,3,'serviceprovider','https://serviceprovider.com'),('WSS214','WSS214Name',3,1,3,'serviceprovider','https://serviceprovider.com'),('WSS215','WSS215Name',3,1,3,'serviceprovider','https://serviceprovider.com'),('WSS216','WSS216Name',3,1,3,'serviceprovider','https://serviceprovider.com'),('WSS217','WSS217Name',3,1,3,'serviceprovider','https://serviceprovider.com'),('WSS218','WSS218Name',3,1,3,'serviceprovider','https://serviceprovider.com'),('WSS219','WSS219Name',3,1,3,'serviceprovider','https://serviceprovider.com'),('WSS22','WSS22Name',3,1,3,'serviceprovider','https://serviceprovider.com'),('WSS220','WSS220Name',3,1,3,'serviceprovider','https://serviceprovider.com'),('WSS221','WSS221Name',3,1,3,'serviceprovider','https://serviceprovider.com'),('WSS222','WSS222Name',3,1,3,'serviceprovider','https://serviceprovider.com'),('WSS223','WSS223Name',3,1,3,'serviceprovider','https://serviceprovider.com'),('WSS224','WSS224Name',3,1,3,'serviceprovider','https://serviceprovider.com'),('WSS225','WSS225Name',3,1,3,'serviceprovider','https://serviceprovider.com'),('WSS226','WSS226Name',3,1,3,'serviceprovider','https://serviceprovider.com'),('WSS227','WSS227Name',3,1,3,'serviceprovider','https://serviceprovider.com'),('WSS228','WSS228Name',3,1,3,'serviceprovider','https://serviceprovider.com'),('WSS229','WSS229Name',3,1,3,'serviceprovider','https://serviceprovider.com'),('WSS23','WSS23Name',3,1,3,'serviceprovider','https://serviceprovider.com'),('WSS230','WSS230Name',3,1,3,'serviceprovider','https://serviceprovider.com'),('WSS231','WSS231Name',3,1,3,'serviceprovider','https://serviceprovider.com'),('WSS232','WSS232Name',3,1,3,'serviceprovider','https://serviceprovider.com'),('WSS233','WSS233Name',3,1,3,'serviceprovider','https://serviceprovider.com'),('WSS234','WSS234Name',3,1,3,'serviceprovider','https://serviceprovider.com'),('WSS235','WSS235Name',3,1,3,'serviceprovider','https://serviceprovider.com'),('WSS236','WSS236Name',3,1,3,'serviceprovider','https://serviceprovider.com'),('WSS237','WSS237Name',3,1,3,'serviceprovider','https://serviceprovider.com'),('WSS238','WSS238Name',3,1,3,'serviceprovider','https://serviceprovider.com'),('WSS239','WSS239Name',3,1,3,'serviceprovider','https://serviceprovider.com'),('WSS24','WSS24Name',3,1,3,'serviceprovider','https://serviceprovider.com'),('WSS240','WSS240Name',3,1,3,'serviceprovider','https://serviceprovider.com'),('WSS241','WSS241Name',3,1,3,'serviceprovider','https://serviceprovider.com'),('WSS242','WSS242Name',3,1,3,'serviceprovider','https://serviceprovider.com'),('WSS243','WSS243Name',3,1,3,'serviceprovider','https://serviceprovider.com'),('WSS244','WSS244Name',3,1,3,'serviceprovider','https://serviceprovider.com'),('WSS245','WSS245Name',3,1,3,'serviceprovider','https://serviceprovider.com'),('WSS246','WSS246Name',3,1,3,'serviceprovider','https://serviceprovider.com'),('WSS247','WSS247Name',3,1,3,'serviceprovider','https://serviceprovider.com'),('WSS248','WSS248Name',3,1,3,'serviceprovider','https://serviceprovider.com'),('WSS249','WSS249Name',3,1,3,'serviceprovider','https://serviceprovider.com'),('WSS25','WSS25Name',3,1,3,'serviceprovider','https://serviceprovider.com'),('WSS250','WSS250Name',3,1,3,'serviceprovider','https://serviceprovider.com'),('WSS251','WSS251Name',3,1,3,'serviceprovider','https://serviceprovider.com'),('WSS252','WSS252Name',3,1,3,'serviceprovider','https://serviceprovider.com'),('WSS253','WSS253Name',3,1,3,'serviceprovider','https://serviceprovider.com'),('WSS254','WSS254Name',3,1,3,'serviceprovider','https://serviceprovider.com'),('WSS255','WSS255Name',3,1,3,'serviceprovider','https://serviceprovider.com'),('WSS256','WSS256Name',3,1,3,'serviceprovider','https://serviceprovider.com'),('WSS257','WSS257Name',3,1,3,'serviceprovider','https://serviceprovider.com'),('WSS258','WSS258Name',3,1,3,'serviceprovider','https://serviceprovider.com'),('WSS259','WSS259Name',3,1,3,'serviceprovider','https://serviceprovider.com'),('WSS26','WSS26Name',3,1,3,'serviceprovider','https://serviceprovider.com'),('WSS260','WSS260Name',3,1,3,'serviceprovider','https://serviceprovider.com'),('WSS261','WSS261Name',3,1,3,'serviceprovider','https://serviceprovider.com'),('WSS262','WSS262Name',3,1,3,'serviceprovider','https://serviceprovider.com'),('WSS263','WSS263Name',3,1,3,'serviceprovider','https://serviceprovider.com'),('WSS264','WSS264Name',3,1,3,'serviceprovider','https://serviceprovider.com'),('WSS265','WSS265Name',3,1,3,'serviceprovider','https://serviceprovider.com'),('WSS266','WSS266Name',3,1,3,'serviceprovider','https://serviceprovider.com'),('WSS267','WSS267Name',3,1,3,'serviceprovider','https://serviceprovider.com'),('WSS268','WSS268Name',3,1,3,'serviceprovider','https://serviceprovider.com'),('WSS269','WSS269Name',3,1,3,'serviceprovider','https://serviceprovider.com'),('WSS27','WSS27Name',3,1,3,'serviceprovider','https://serviceprovider.com'),('WSS270','WSS270Name',3,1,3,'serviceprovider','https://serviceprovider.com'),('WSS271','WSS271Name',3,1,3,'serviceprovider','https://serviceprovider.com'),('WSS272','WSS272Name',3,1,3,'serviceprovider','https://serviceprovider.com'),('WSS273','WSS273Name',3,1,3,'serviceprovider','https://serviceprovider.com'),('WSS274','WSS274Name',3,1,3,'serviceprovider','https://serviceprovider.com'),('WSS275','WSS275Name',3,1,3,'serviceprovider','https://serviceprovider.com'),('WSS276','WSS276Name',3,1,3,'serviceprovider','https://serviceprovider.com'),('WSS277','WSS277Name',3,1,3,'serviceprovider','https://serviceprovider.com'),('WSS278','WSS278Name',3,1,3,'serviceprovider','https://serviceprovider.com'),('WSS279','WSS279Name',3,1,3,'serviceprovider','https://serviceprovider.com'),('WSS28','WSS28Name',3,1,3,'serviceprovider','https://serviceprovider.com'),('WSS280','WSS280Name',3,1,3,'serviceprovider','https://serviceprovider.com'),('WSS281','WSS281Name',3,1,3,'serviceprovider','https://serviceprovider.com'),('WSS282','WSS282Name',3,1,3,'serviceprovider','https://serviceprovider.com'),('WSS283','WSS283Name',3,1,3,'serviceprovider','https://serviceprovider.com'),('WSS284','WSS284Name',3,1,3,'serviceprovider','https://serviceprovider.com'),('WSS285','WSS285Name',3,1,3,'serviceprovider','https://serviceprovider.com'),('WSS286','WSS286Name',3,1,3,'serviceprovider','https://serviceprovider.com'),('WSS287','WSS287Name',3,1,3,'serviceprovider','https://serviceprovider.com'),('WSS288','WSS288Name',3,1,3,'serviceprovider','https://serviceprovider.com'),('WSS289','WSS289Name',3,1,3,'serviceprovider','https://serviceprovider.com'),('WSS29','WSS29Name',3,1,3,'serviceprovider','https://serviceprovider.com'),('WSS290','WSS290Name',3,1,3,'serviceprovider','https://serviceprovider.com'),('WSS291','WSS291Name',3,1,3,'serviceprovider','https://serviceprovider.com'),('WSS292','WSS292Name',3,1,3,'serviceprovider','https://serviceprovider.com'),('WSS293','WSS293Name',3,1,3,'serviceprovider','https://serviceprovider.com'),('WSS294','WSS294Name',3,1,3,'serviceprovider','https://serviceprovider.com'),('WSS295','WSS295Name',3,1,3,'serviceprovider','https://serviceprovider.com'),('WSS296','WSS296Name',3,1,3,'serviceprovider','https://serviceprovider.com'),('WSS297','WSS297Name',3,1,3,'serviceprovider','https://serviceprovider.com'),('WSS298','WSS298Name',3,1,3,'serviceprovider','https://serviceprovider.com'),('WSS299','WSS299Name',3,1,3,'serviceprovider','https://serviceprovider.com'),('WSS3','WSS3Name',3,1,3,'serviceprovider','https://serviceprovider.com'),('WSS30','WSS30Name',3,1,3,'serviceprovider','https://serviceprovider.com'),('WSS300','WSS300Name',3,1,3,'serviceprovider','https://serviceprovider.com'),('WSS301','WSS301Name',3,1,3,'serviceprovider','https://serviceprovider.com'),('WSS302','WSS302Name',3,1,3,'serviceprovider','https://serviceprovider.com'),('WSS303','WSS303Name',3,1,3,'serviceprovider','https://serviceprovider.com'),('WSS304','WSS304Name',3,1,3,'serviceprovider','https://serviceprovider.com'),('WSS305','WSS305Name',3,1,3,'serviceprovider','https://serviceprovider.com'),('WSS306','WSS306Name',3,1,3,'serviceprovider','https://serviceprovider.com'),('WSS307','WSS307Name',3,1,3,'serviceprovider','https://serviceprovider.com'),('WSS308','WSS308Name',3,1,3,'serviceprovider','https://serviceprovider.com'),('WSS309','WSS309Name',3,1,3,'serviceprovider','https://serviceprovider.com'),('WSS31','WSS31Name',3,1,3,'serviceprovider','https://serviceprovider.com'),('WSS310','WSS310Name',3,1,3,'serviceprovider','https://serviceprovider.com'),('WSS311','WSS311Name',3,1,3,'serviceprovider','https://serviceprovider.com'),('WSS312','WSS312Name',3,1,3,'serviceprovider','https://serviceprovider.com'),('WSS313','WSS313Name',3,1,3,'serviceprovider','https://serviceprovider.com'),('WSS314','WSS314Name',3,1,3,'serviceprovider','https://serviceprovider.com'),('WSS315','WSS315Name',3,1,3,'serviceprovider','https://serviceprovider.com'),('WSS316','WSS316Name',3,1,3,'serviceprovider','https://serviceprovider.com'),('WSS317','WSS317Name',3,1,3,'serviceprovider','https://serviceprovider.com'),('WSS318','WSS318Name',3,1,3,'serviceprovider','https://serviceprovider.com'),('WSS319','WSS319Name',3,1,3,'serviceprovider','https://serviceprovider.com'),('WSS32','WSS32Name',3,1,3,'serviceprovider','https://serviceprovider.com'),('WSS320','WSS320Name',3,1,3,'serviceprovider','https://serviceprovider.com'),('WSS321','WSS321Name',3,1,3,'serviceprovider','https://serviceprovider.com'),('WSS322','WSS322Name',3,1,3,'serviceprovider','https://serviceprovider.com'),('WSS323','WSS323Name',3,1,3,'serviceprovider','https://serviceprovider.com'),('WSS324','WSS324Name',3,1,3,'serviceprovider','https://serviceprovider.com'),('WSS325','WSS325Name',3,1,3,'serviceprovider','https://serviceprovider.com'),('WSS326','WSS326Name',3,1,3,'serviceprovider','https://serviceprovider.com'),('WSS327','WSS327Name',3,1,3,'serviceprovider','https://serviceprovider.com'),('WSS328','WSS328Name',3,1,3,'serviceprovider','https://serviceprovider.com'),('WSS329','WSS329Name',3,1,3,'serviceprovider','https://serviceprovider.com'),('WSS33','WSS33Name',3,1,3,'serviceprovider','https://serviceprovider.com'),('WSS330','WSS330Name',3,1,3,'serviceprovider','https://serviceprovider.com'),('WSS331','WSS331Name',3,1,3,'serviceprovider','https://serviceprovider.com'),('WSS332','WSS332Name',3,1,3,'serviceprovider','https://serviceprovider.com'),('WSS333','WSS333Name',3,1,3,'serviceprovider','https://serviceprovider.com'),('WSS334','WSS334Name',3,1,3,'serviceprovider','https://serviceprovider.com'),('WSS335','WSS335Name',3,1,3,'serviceprovider','https://serviceprovider.com'),('WSS336','WSS336Name',3,1,3,'serviceprovider','https://serviceprovider.com'),('WSS337','WSS337Name',3,1,3,'serviceprovider','https://serviceprovider.com'),('WSS338','WSS338Name',3,1,3,'serviceprovider','https://serviceprovider.com'),('WSS339','WSS339Name',3,1,3,'serviceprovider','https://serviceprovider.com'),('WSS34','WSS34Name',3,1,3,'serviceprovider','https://serviceprovider.com'),('WSS340','WSS340Name',3,1,3,'serviceprovider','https://serviceprovider.com'),('WSS341','WSS341Name',3,1,3,'serviceprovider','https://serviceprovider.com'),('WSS342','WSS342Name',3,1,3,'serviceprovider','https://serviceprovider.com'),('WSS343','WSS343Name',3,1,3,'serviceprovider','https://serviceprovider.com'),('WSS344','WSS344Name',3,1,3,'serviceprovider','https://serviceprovider.com'),('WSS345','WSS345Name',3,1,3,'serviceprovider','https://serviceprovider.com'),('WSS346','WSS346Name',3,1,3,'serviceprovider','https://serviceprovider.com'),('WSS347','WSS347Name',3,1,3,'serviceprovider','https://serviceprovider.com'),('WSS348','WSS348Name',3,1,3,'serviceprovider','https://serviceprovider.com'),('WSS349','WSS349Name',3,1,3,'serviceprovider','https://serviceprovider.com'),('WSS35','WSS35Name',3,1,3,'serviceprovider','https://serviceprovider.com'),('WSS350','WSS350Name',3,1,3,'serviceprovider','https://serviceprovider.com'),('WSS351','WSS351Name',3,1,3,'serviceprovider','https://serviceprovider.com'),('WSS352','WSS352Name',3,1,3,'serviceprovider','https://serviceprovider.com'),('WSS353','WSS353Name',3,1,3,'serviceprovider','https://serviceprovider.com'),('WSS354','WSS354Name',3,1,3,'serviceprovider','https://serviceprovider.com'),('WSS355','WSS355Name',3,1,3,'serviceprovider','https://serviceprovider.com'),('WSS356','WSS356Name',3,1,3,'serviceprovider','https://serviceprovider.com'),('WSS357','WSS357Name',3,1,3,'serviceprovider','https://serviceprovider.com'),('WSS358','WSS358Name',3,1,3,'serviceprovider','https://serviceprovider.com'),('WSS359','WSS359Name',3,1,3,'serviceprovider','https://serviceprovider.com'),('WSS36','WSS36Name',3,1,3,'serviceprovider','https://serviceprovider.com'),('WSS360','WSS360Name',3,1,3,'serviceprovider','https://serviceprovider.com'),('WSS361','WSS361Name',3,1,3,'serviceprovider','https://serviceprovider.com'),('WSS362','WSS362Name',3,1,3,'serviceprovider','https://serviceprovider.com'),('WSS363','WSS363Name',3,1,3,'serviceprovider','https://serviceprovider.com'),('WSS364','WSS364Name',3,1,3,'serviceprovider','https://serviceprovider.com'),('WSS365','WSS365Name',3,1,3,'serviceprovider','https://serviceprovider.com'),('WSS366','WSS366Name',3,1,3,'serviceprovider','https://serviceprovider.com'),('WSS367','WSS367Name',3,1,3,'serviceprovider','https://serviceprovider.com'),('WSS368','WSS368Name',3,1,3,'serviceprovider','https://serviceprovider.com'),('WSS369','WSS369Name',3,1,3,'serviceprovider','https://serviceprovider.com'),('WSS37','WSS37Name',3,1,3,'serviceprovider','https://serviceprovider.com'),('WSS370','WSS370Name',3,1,3,'serviceprovider','https://serviceprovider.com'),('WSS371','WSS371Name',3,1,3,'serviceprovider','https://serviceprovider.com'),('WSS372','WSS372Name',3,1,3,'serviceprovider','https://serviceprovider.com'),('WSS373','WSS373Name',3,1,3,'serviceprovider','https://serviceprovider.com'),('WSS374','WSS374Name',3,1,3,'serviceprovider','https://serviceprovider.com'),('WSS375','WSS375Name',3,1,3,'serviceprovider','https://serviceprovider.com'),('WSS376','WSS376Name',3,1,3,'serviceprovider','https://serviceprovider.com'),('WSS377','WSS377Name',3,1,3,'serviceprovider','https://serviceprovider.com'),('WSS378','WSS378Name',3,1,3,'serviceprovider','https://serviceprovider.com'),('WSS379','WSS379Name',3,1,3,'serviceprovider','https://serviceprovider.com'),('WSS38','WSS38Name',3,1,3,'serviceprovider','https://serviceprovider.com'),('WSS380','WSS380Name',3,1,3,'serviceprovider','https://serviceprovider.com'),('WSS381','WSS381Name',3,1,3,'serviceprovider','https://serviceprovider.com'),('WSS382','WSS382Name',3,1,3,'serviceprovider','https://serviceprovider.com'),('WSS383','WSS383Name',3,1,3,'serviceprovider','https://serviceprovider.com'),('WSS384','WSS384Name',3,1,3,'serviceprovider','https://serviceprovider.com'),('WSS385','WSS385Name',3,1,3,'serviceprovider','https://serviceprovider.com'),('WSS386','WSS386Name',3,1,3,'serviceprovider','https://serviceprovider.com'),('WSS387','WSS387Name',3,1,3,'serviceprovider','https://serviceprovider.com'),('WSS388','WSS388Name',3,1,3,'serviceprovider','https://serviceprovider.com'),('WSS389','WSS389Name',3,1,3,'serviceprovider','https://serviceprovider.com'),('WSS39','WSS39Name',3,1,3,'serviceprovider','https://serviceprovider.com'),('WSS390','WSS390Name',3,1,3,'serviceprovider','https://serviceprovider.com'),('WSS391','WSS391Name',3,1,3,'serviceprovider','https://serviceprovider.com'),('WSS392','WSS392Name',3,1,3,'serviceprovider','https://serviceprovider.com'),('WSS393','WSS393Name',3,1,3,'serviceprovider','https://serviceprovider.com'),('WSS394','WSS394Name',3,1,3,'serviceprovider','https://serviceprovider.com'),('WSS395','WSS395Name',3,1,3,'serviceprovider','https://serviceprovider.com'),('WSS396','WSS396Name',3,1,3,'serviceprovider','https://serviceprovider.com'),('WSS397','WSS397Name',3,1,3,'serviceprovider','https://serviceprovider.com'),('WSS398','WSS398Name',3,1,3,'serviceprovider','https://serviceprovider.com'),('WSS399','WSS399Name',3,1,3,'serviceprovider','https://serviceprovider.com'),('WSS4','WSS4Name',3,1,3,'serviceprovider','https://serviceprovider.com'),('WSS40','WSS40Name',3,1,3,'serviceprovider','https://serviceprovider.com'),('WSS400','WSS400Name',3,1,3,'serviceprovider','https://serviceprovider.com'),('WSS401','WSS401Name',3,1,3,'serviceprovider','https://serviceprovider.com'),('WSS402','WSS402Name',3,1,3,'serviceprovider','https://serviceprovider.com'),('WSS403','WSS403Name',3,1,3,'serviceprovider','https://serviceprovider.com'),('WSS404','WSS404Name',3,1,3,'serviceprovider','https://serviceprovider.com'),('WSS405','WSS405Name',3,1,3,'serviceprovider','https://serviceprovider.com'),('WSS406','WSS406Name',3,1,3,'serviceprovider','https://serviceprovider.com'),('WSS407','WSS407Name',3,1,3,'serviceprovider','https://serviceprovider.com'),('WSS408','WSS408Name',3,1,3,'serviceprovider','https://serviceprovider.com'),('WSS409','WSS409Name',3,1,3,'serviceprovider','https://serviceprovider.com'),('WSS41','WSS41Name',3,1,3,'serviceprovider','https://serviceprovider.com'),('WSS410','WSS410Name',3,1,3,'serviceprovider','https://serviceprovider.com'),('WSS411','WSS411Name',3,1,3,'serviceprovider','https://serviceprovider.com'),('WSS412','WSS412Name',3,1,3,'serviceprovider','https://serviceprovider.com'),('WSS413','WSS413Name',3,1,3,'serviceprovider','https://serviceprovider.com'),('WSS414','WSS414Name',3,1,3,'serviceprovider','https://serviceprovider.com'),('WSS415','WSS415Name',3,1,3,'serviceprovider','https://serviceprovider.com'),('WSS416','WSS416Name',3,1,3,'serviceprovider','https://serviceprovider.com'),('WSS417','WSS417Name',3,1,3,'serviceprovider','https://serviceprovider.com'),('WSS418','WSS418Name',3,1,3,'serviceprovider','https://serviceprovider.com'),('WSS419','WSS419Name',3,1,3,'serviceprovider','https://serviceprovider.com'),('WSS42','WSS42Name',3,1,3,'serviceprovider','https://serviceprovider.com'),('WSS420','WSS420Name',3,1,3,'serviceprovider','https://serviceprovider.com'),('WSS421','WSS421Name',3,1,3,'serviceprovider','https://serviceprovider.com'),('WSS422','WSS422Name',3,1,3,'serviceprovider','https://serviceprovider.com'),('WSS423','WSS423Name',3,1,3,'serviceprovider','https://serviceprovider.com'),('WSS424','WSS424Name',3,1,3,'serviceprovider','https://serviceprovider.com'),('WSS425','WSS425Name',3,1,3,'serviceprovider','https://serviceprovider.com'),('WSS426','WSS426Name',3,1,3,'serviceprovider','https://serviceprovider.com'),('WSS427','WSS427Name',3,1,3,'serviceprovider','https://serviceprovider.com'),('WSS428','WSS428Name',3,1,3,'serviceprovider','https://serviceprovider.com'),('WSS429','WSS429Name',3,1,3,'serviceprovider','https://serviceprovider.com'),('WSS43','WSS43Name',3,1,3,'serviceprovider','https://serviceprovider.com'),('WSS430','WSS430Name',3,1,3,'serviceprovider','https://serviceprovider.com'),('WSS431','WSS431Name',3,1,3,'serviceprovider','https://serviceprovider.com'),('WSS432','WSS432Name',3,1,3,'serviceprovider','https://serviceprovider.com'),('WSS433','WSS433Name',3,1,3,'serviceprovider','https://serviceprovider.com'),('WSS434','WSS434Name',3,1,3,'serviceprovider','https://serviceprovider.com'),('WSS435','WSS435Name',3,1,3,'serviceprovider','https://serviceprovider.com'),('WSS436','WSS436Name',3,1,3,'serviceprovider','https://serviceprovider.com'),('WSS437','WSS437Name',3,1,3,'serviceprovider','https://serviceprovider.com'),('WSS438','WSS438Name',3,1,3,'serviceprovider','https://serviceprovider.com'),('WSS439','WSS439Name',3,1,3,'serviceprovider','https://serviceprovider.com'),('WSS44','WSS44Name',3,1,3,'serviceprovider','https://serviceprovider.com'),('WSS440','WSS440Name',3,1,3,'serviceprovider','https://serviceprovider.com'),('WSS441','WSS441Name',3,1,3,'serviceprovider','https://serviceprovider.com'),('WSS442','WSS442Name',3,1,3,'serviceprovider','https://serviceprovider.com'),('WSS443','WSS443Name',3,1,3,'serviceprovider','https://serviceprovider.com'),('WSS444','WSS444Name',3,1,3,'serviceprovider','https://serviceprovider.com'),('WSS445','WSS445Name',3,1,3,'serviceprovider','https://serviceprovider.com'),('WSS446','WSS446Name',3,1,3,'serviceprovider','https://serviceprovider.com'),('WSS447','WSS447Name',3,1,3,'serviceprovider','https://serviceprovider.com'),('WSS448','WSS448Name',3,1,3,'serviceprovider','https://serviceprovider.com'),('WSS449','WSS449Name',3,1,3,'serviceprovider','https://serviceprovider.com'),('WSS45','WSS45Name',3,1,3,'serviceprovider','https://serviceprovider.com'),('WSS450','WSS450Name',3,1,3,'serviceprovider','https://serviceprovider.com'),('WSS451','WSS451Name',3,1,3,'serviceprovider','https://serviceprovider.com'),('WSS452','WSS452Name',3,1,3,'serviceprovider','https://serviceprovider.com'),('WSS453','WSS453Name',3,1,3,'serviceprovider','https://serviceprovider.com'),('WSS454','WSS454Name',3,1,3,'serviceprovider','https://serviceprovider.com'),('WSS455','WSS455Name',3,1,3,'serviceprovider','https://serviceprovider.com'),('WSS456','WSS456Name',3,1,3,'serviceprovider','https://serviceprovider.com'),('WSS457','WSS457Name',3,1,3,'serviceprovider','https://serviceprovider.com'),('WSS458','WSS458Name',3,1,3,'serviceprovider','https://serviceprovider.com'),('WSS459','WSS459Name',3,1,3,'serviceprovider','https://serviceprovider.com'),('WSS46','WSS46Name',3,1,3,'serviceprovider','https://serviceprovider.com'),('WSS460','WSS460Name',3,1,3,'serviceprovider','https://serviceprovider.com'),('WSS461','WSS461Name',3,1,3,'serviceprovider','https://serviceprovider.com'),('WSS462','WSS462Name',3,1,3,'serviceprovider','https://serviceprovider.com'),('WSS463','WSS463Name',3,1,3,'serviceprovider','https://serviceprovider.com'),('WSS464','WSS464Name',3,1,3,'serviceprovider','https://serviceprovider.com'),('WSS465','WSS465Name',3,1,3,'serviceprovider','https://serviceprovider.com'),('WSS466','WSS466Name',3,1,3,'serviceprovider','https://serviceprovider.com'),('WSS467','WSS467Name',3,1,3,'serviceprovider','https://serviceprovider.com'),('WSS468','WSS468Name',3,1,3,'serviceprovider','https://serviceprovider.com'),('WSS469','WSS469Name',3,1,3,'serviceprovider','https://serviceprovider.com'),('WSS47','WSS47Name',3,1,3,'serviceprovider','https://serviceprovider.com'),('WSS470','WSS470Name',3,1,3,'serviceprovider','https://serviceprovider.com'),('WSS471','WSS471Name',3,1,3,'serviceprovider','https://serviceprovider.com'),('WSS472','WSS472Name',3,1,3,'serviceprovider','https://serviceprovider.com'),('WSS473','WSS473Name',3,1,3,'serviceprovider','https://serviceprovider.com'),('WSS474','WSS474Name',3,1,3,'serviceprovider','https://serviceprovider.com'),('WSS475','WSS475Name',3,1,3,'serviceprovider','https://serviceprovider.com'),('WSS476','WSS476Name',3,1,3,'serviceprovider','https://serviceprovider.com'),('WSS477','WSS477Name',3,1,3,'serviceprovider','https://serviceprovider.com'),('WSS478','WSS478Name',3,1,3,'serviceprovider','https://serviceprovider.com'),('WSS479','WSS479Name',3,1,3,'serviceprovider','https://serviceprovider.com'),('WSS48','WSS48Name',3,1,3,'serviceprovider','https://serviceprovider.com'),('WSS480','WSS480Name',3,1,3,'serviceprovider','https://serviceprovider.com'),('WSS481','WSS481Name',3,1,3,'serviceprovider','https://serviceprovider.com'),('WSS482','WSS482Name',3,1,3,'serviceprovider','https://serviceprovider.com'),('WSS483','WSS483Name',3,1,3,'serviceprovider','https://serviceprovider.com'),('WSS484','WSS484Name',3,1,3,'serviceprovider','https://serviceprovider.com'),('WSS485','WSS485Name',3,1,3,'serviceprovider','https://serviceprovider.com'),('WSS486','WSS486Name',3,1,3,'serviceprovider','https://serviceprovider.com'),('WSS487','WSS487Name',3,1,3,'serviceprovider','https://serviceprovider.com'),('WSS488','WSS488Name',3,1,3,'serviceprovider','https://serviceprovider.com'),('WSS489','WSS489Name',3,1,3,'serviceprovider','https://serviceprovider.com'),('WSS49','WSS49Name',3,1,3,'serviceprovider','https://serviceprovider.com'),('WSS490','WSS490Name',3,1,3,'serviceprovider','https://serviceprovider.com'),('WSS491','WSS491Name',3,1,3,'serviceprovider','https://serviceprovider.com'),('WSS492','WSS492Name',3,1,3,'serviceprovider','https://serviceprovider.com'),('WSS493','WSS493Name',3,1,3,'serviceprovider','https://serviceprovider.com'),('WSS494','WSS494Name',3,1,3,'serviceprovider','https://serviceprovider.com'),('WSS495','WSS495Name',3,1,3,'serviceprovider','https://serviceprovider.com'),('WSS496','WSS496Name',3,1,3,'serviceprovider','https://serviceprovider.com'),('WSS497','WSS497Name',3,1,3,'serviceprovider','https://serviceprovider.com'),('WSS498','WSS498Name',3,1,3,'serviceprovider','https://serviceprovider.com'),('WSS499','WSS499Name',3,1,3,'serviceprovider','https://serviceprovider.com'),('WSS5','WSS5Name',3,1,3,'serviceprovider','https://serviceprovider.com'),('WSS50','WSS50Name',3,1,3,'serviceprovider','https://serviceprovider.com'),('WSS500','WSS500Name',3,1,3,'serviceprovider','https://serviceprovider.com'),('WSS501','WSS501Name',3,1,3,'serviceprovider','https://serviceprovider.com'),('WSS502','WSS502Name',3,1,3,'serviceprovider','https://serviceprovider.com'),('WSS503','WSS503Name',3,1,3,'serviceprovider','https://serviceprovider.com'),('WSS504','WSS504Name',3,1,3,'serviceprovider','https://serviceprovider.com'),('WSS505','WSS505Name',3,1,3,'serviceprovider','https://serviceprovider.com'),('WSS506','WSS506Name',3,1,3,'serviceprovider','https://serviceprovider.com'),('WSS507','WSS507Name',3,1,3,'serviceprovider','https://serviceprovider.com'),('WSS508','WSS508Name',3,1,3,'serviceprovider','https://serviceprovider.com'),('WSS509','WSS509Name',3,1,3,'serviceprovider','https://serviceprovider.com'),('WSS51','WSS51Name',3,1,3,'serviceprovider','https://serviceprovider.com'),('WSS510','WSS510Name',3,1,3,'serviceprovider','https://serviceprovider.com'),('WSS511','WSS511Name',3,1,3,'serviceprovider','https://serviceprovider.com'),('WSS512','WSS512Name',3,1,3,'serviceprovider','https://serviceprovider.com'),('WSS513','WSS513Name',3,1,3,'serviceprovider','https://serviceprovider.com'),('WSS514','WSS514Name',3,1,3,'serviceprovider','https://serviceprovider.com'),('WSS515','WSS515Name',3,1,3,'serviceprovider','https://serviceprovider.com'),('WSS516','WSS516Name',3,1,3,'serviceprovider','https://serviceprovider.com'),('WSS517','WSS517Name',3,1,3,'serviceprovider','https://serviceprovider.com'),('WSS518','WSS518Name',3,1,3,'serviceprovider','https://serviceprovider.com'),('WSS519','WSS519Name',3,1,3,'serviceprovider','https://serviceprovider.com'),('WSS52','WSS52Name',3,1,3,'serviceprovider','https://serviceprovider.com'),('WSS520','WSS520Name',3,1,3,'serviceprovider','https://serviceprovider.com'),('WSS521','WSS521Name',3,1,3,'serviceprovider','https://serviceprovider.com'),('WSS522','WSS522Name',3,1,3,'serviceprovider','https://serviceprovider.com'),('WSS523','WSS523Name',3,1,3,'serviceprovider','https://serviceprovider.com'),('WSS524','WSS524Name',3,1,3,'serviceprovider','https://serviceprovider.com'),('WSS525','WSS525Name',3,1,3,'serviceprovider','https://serviceprovider.com'),('WSS526','WSS526Name',3,1,3,'serviceprovider','https://serviceprovider.com'),('WSS527','WSS527Name',3,1,3,'serviceprovider','https://serviceprovider.com'),('WSS528','WSS528Name',3,1,3,'serviceprovider','https://serviceprovider.com'),('WSS529','WSS529Name',3,1,3,'serviceprovider','https://serviceprovider.com'),('WSS53','WSS53Name',3,1,3,'serviceprovider','https://serviceprovider.com'),('WSS530','WSS530Name',3,1,3,'serviceprovider','https://serviceprovider.com'),('WSS531','WSS531Name',3,1,3,'serviceprovider','https://serviceprovider.com'),('WSS532','WSS532Name',3,1,3,'serviceprovider','https://serviceprovider.com'),('WSS533','WSS533Name',3,1,3,'serviceprovider','https://serviceprovider.com'),('WSS534','WSS534Name',3,1,3,'serviceprovider','https://serviceprovider.com'),('WSS535','WSS535Name',3,1,3,'serviceprovider','https://serviceprovider.com'),('WSS536','WSS536Name',3,1,3,'serviceprovider','https://serviceprovider.com'),('WSS537','WSS537Name',3,1,3,'serviceprovider','https://serviceprovider.com'),('WSS538','WSS538Name',3,1,3,'serviceprovider','https://serviceprovider.com'),('WSS539','WSS539Name',3,1,3,'serviceprovider','https://serviceprovider.com'),('WSS54','WSS54Name',3,1,3,'serviceprovider','https://serviceprovider.com'),('WSS540','WSS540Name',3,1,3,'serviceprovider','https://serviceprovider.com'),('WSS541','WSS541Name',3,1,3,'serviceprovider','https://serviceprovider.com'),('WSS542','WSS542Name',3,1,3,'serviceprovider','https://serviceprovider.com'),('WSS543','WSS543Name',3,1,3,'serviceprovider','https://serviceprovider.com'),('WSS544','WSS544Name',3,1,3,'serviceprovider','https://serviceprovider.com'),('WSS545','WSS545Name',3,1,3,'serviceprovider','https://serviceprovider.com'),('WSS546','WSS546Name',3,1,3,'serviceprovider','https://serviceprovider.com'),('WSS547','WSS547Name',3,1,3,'serviceprovider','https://serviceprovider.com'),('WSS548','WSS548Name',3,1,3,'serviceprovider','https://serviceprovider.com'),('WSS549','WSS549Name',3,1,3,'serviceprovider','https://serviceprovider.com'),('WSS55','WSS55Name',3,1,3,'serviceprovider','https://serviceprovider.com'),('WSS550','WSS550Name',3,1,3,'serviceprovider','https://serviceprovider.com'),('WSS551','WSS551Name',3,1,3,'serviceprovider','https://serviceprovider.com'),('WSS552','WSS552Name',3,1,3,'serviceprovider','https://serviceprovider.com'),('WSS553','WSS553Name',3,1,3,'serviceprovider','https://serviceprovider.com'),('WSS554','WSS554Name',3,1,3,'serviceprovider','https://serviceprovider.com'),('WSS555','WSS555Name',3,1,3,'serviceprovider','https://serviceprovider.com'),('WSS556','WSS556Name',3,1,3,'serviceprovider','https://serviceprovider.com'),('WSS557','WSS557Name',3,1,3,'serviceprovider','https://serviceprovider.com'),('WSS558','WSS558Name',3,1,3,'serviceprovider','https://serviceprovider.com'),('WSS559','WSS559Name',3,1,3,'serviceprovider','https://serviceprovider.com'),('WSS56','WSS56Name',3,1,3,'serviceprovider','https://serviceprovider.com'),('WSS560','WSS560Name',3,1,3,'serviceprovider','https://serviceprovider.com'),('WSS561','WSS561Name',3,1,3,'serviceprovider','https://serviceprovider.com'),('WSS562','WSS562Name',3,1,3,'serviceprovider','https://serviceprovider.com'),('WSS563','WSS563Name',3,1,3,'serviceprovider','https://serviceprovider.com'),('WSS564','WSS564Name',3,1,3,'serviceprovider','https://serviceprovider.com'),('WSS565','WSS565Name',3,1,3,'serviceprovider','https://serviceprovider.com'),('WSS566','WSS566Name',3,1,3,'serviceprovider','https://serviceprovider.com'),('WSS567','WSS567Name',3,1,3,'serviceprovider','https://serviceprovider.com'),('WSS568','WSS568Name',3,1,3,'serviceprovider','https://serviceprovider.com'),('WSS569','WSS569Name',3,1,3,'serviceprovider','https://serviceprovider.com'),('WSS57','WSS57Name',3,1,3,'serviceprovider','https://serviceprovider.com'),('WSS570','WSS570Name',3,1,3,'serviceprovider','https://serviceprovider.com'),('WSS571','WSS571Name',3,1,3,'serviceprovider','https://serviceprovider.com'),('WSS572','WSS572Name',3,1,3,'serviceprovider','https://serviceprovider.com'),('WSS573','WSS573Name',3,1,3,'serviceprovider','https://serviceprovider.com'),('WSS574','WSS574Name',3,1,3,'serviceprovider','https://serviceprovider.com'),('WSS575','WSS575Name',3,1,3,'serviceprovider','https://serviceprovider.com'),('WSS576','WSS576Name',3,1,3,'serviceprovider','https://serviceprovider.com'),('WSS577','WSS577Name',3,1,3,'serviceprovider','https://serviceprovider.com'),('WSS578','WSS578Name',3,1,3,'serviceprovider','https://serviceprovider.com'),('WSS579','WSS579Name',3,1,3,'serviceprovider','https://serviceprovider.com'),('WSS58','WSS58Name',3,1,3,'serviceprovider','https://serviceprovider.com'),('WSS580','WSS580Name',3,1,3,'serviceprovider','https://serviceprovider.com'),('WSS581','WSS581Name',3,1,3,'serviceprovider','https://serviceprovider.com'),('WSS582','WSS582Name',3,1,3,'serviceprovider','https://serviceprovider.com'),('WSS583','WSS583Name',3,1,3,'serviceprovider','https://serviceprovider.com'),('WSS584','WSS584Name',3,1,3,'serviceprovider','https://serviceprovider.com'),('WSS585','WSS585Name',3,1,3,'serviceprovider','https://serviceprovider.com'),('WSS586','WSS586Name',3,1,3,'serviceprovider','https://serviceprovider.com'),('WSS587','WSS587Name',3,1,3,'serviceprovider','https://serviceprovider.com'),('WSS588','WSS588Name',3,1,3,'serviceprovider','https://serviceprovider.com'),('WSS589','WSS589Name',3,1,3,'serviceprovider','https://serviceprovider.com'),('WSS59','WSS59Name',3,1,3,'serviceprovider','https://serviceprovider.com'),('WSS590','WSS590Name',3,1,3,'serviceprovider','https://serviceprovider.com'),('WSS591','WSS591Name',3,1,3,'serviceprovider','https://serviceprovider.com'),('WSS592','WSS592Name',3,1,3,'serviceprovider','https://serviceprovider.com'),('WSS593','WSS593Name',3,1,3,'serviceprovider','https://serviceprovider.com'),('WSS594','WSS594Name',3,1,3,'serviceprovider','https://serviceprovider.com'),('WSS595','WSS595Name',3,1,3,'serviceprovider','https://serviceprovider.com'),('WSS596','WSS596Name',3,1,3,'serviceprovider','https://serviceprovider.com'),('WSS597','WSS597Name',3,1,3,'serviceprovider','https://serviceprovider.com'),('WSS598','WSS598Name',3,1,3,'serviceprovider','https://serviceprovider.com'),('WSS599','WSS599Name',3,1,3,'serviceprovider','https://serviceprovider.com'),('WSS6','WSS6Name',3,1,3,'serviceprovider','https://serviceprovider.com'),('WSS60','WSS60Name',3,1,3,'serviceprovider','https://serviceprovider.com'),('WSS600','WSS600Name',3,1,3,'serviceprovider','https://serviceprovider.com'),('WSS601','WSS601Name',3,1,3,'serviceprovider','https://serviceprovider.com'),('WSS602','WSS602Name',3,1,3,'serviceprovider','https://serviceprovider.com'),('WSS603','WSS603Name',3,1,3,'serviceprovider','https://serviceprovider.com'),('WSS604','WSS604Name',3,1,3,'serviceprovider','https://serviceprovider.com'),('WSS605','WSS605Name',3,1,3,'serviceprovider','https://serviceprovider.com'),('WSS606','WSS606Name',3,1,3,'serviceprovider','https://serviceprovider.com'),('WSS607','WSS607Name',3,1,3,'serviceprovider','https://serviceprovider.com'),('WSS608','WSS608Name',3,1,3,'serviceprovider','https://serviceprovider.com'),('WSS609','WSS609Name',3,1,3,'serviceprovider','https://serviceprovider.com'),('WSS61','WSS61Name',3,1,3,'serviceprovider','https://serviceprovider.com'),('WSS610','WSS610Name',3,1,3,'serviceprovider','https://serviceprovider.com'),('WSS611','WSS611Name',3,1,3,'serviceprovider','https://serviceprovider.com'),('WSS612','WSS612Name',3,1,3,'serviceprovider','https://serviceprovider.com'),('WSS613','WSS613Name',3,1,3,'serviceprovider','https://serviceprovider.com'),('WSS614','WSS614Name',3,1,3,'serviceprovider','https://serviceprovider.com'),('WSS615','WSS615Name',3,1,3,'serviceprovider','https://serviceprovider.com'),('WSS616','WSS616Name',3,1,3,'serviceprovider','https://serviceprovider.com'),('WSS617','WSS617Name',3,1,3,'serviceprovider','https://serviceprovider.com'),('WSS618','WSS618Name',3,1,3,'serviceprovider','https://serviceprovider.com'),('WSS619','WSS619Name',3,1,3,'serviceprovider','https://serviceprovider.com'),('WSS62','WSS62Name',3,1,3,'serviceprovider','https://serviceprovider.com'),('WSS620','WSS620Name',3,1,3,'serviceprovider','https://serviceprovider.com'),('WSS621','WSS621Name',3,1,3,'serviceprovider','https://serviceprovider.com'),('WSS622','WSS622Name',3,1,3,'serviceprovider','https://serviceprovider.com'),('WSS623','WSS623Name',3,1,3,'serviceprovider','https://serviceprovider.com'),('WSS624','WSS624Name',3,1,3,'serviceprovider','https://serviceprovider.com'),('WSS625','WSS625Name',3,1,3,'serviceprovider','https://serviceprovider.com'),('WSS626','WSS626Name',3,1,3,'serviceprovider','https://serviceprovider.com'),('WSS627','WSS627Name',3,1,3,'serviceprovider','https://serviceprovider.com'),('WSS628','WSS628Name',3,1,3,'serviceprovider','https://serviceprovider.com'),('WSS629','WSS629Name',3,1,3,'serviceprovider','https://serviceprovider.com'),('WSS63','WSS63Name',3,1,3,'serviceprovider','https://serviceprovider.com'),('WSS630','WSS630Name',3,1,3,'serviceprovider','https://serviceprovider.com'),('WSS631','WSS631Name',3,1,3,'serviceprovider','https://serviceprovider.com'),('WSS632','WSS632Name',3,1,3,'serviceprovider','https://serviceprovider.com'),('WSS633','WSS633Name',3,1,3,'serviceprovider','https://serviceprovider.com'),('WSS634','WSS634Name',3,1,3,'serviceprovider','https://serviceprovider.com'),('WSS635','WSS635Name',3,1,3,'serviceprovider','https://serviceprovider.com'),('WSS636','WSS636Name',3,1,3,'serviceprovider','https://serviceprovider.com'),('WSS637','WSS637Name',3,1,3,'serviceprovider','https://serviceprovider.com'),('WSS638','WSS638Name',3,1,3,'serviceprovider','https://serviceprovider.com'),('WSS639','WSS639Name',3,1,3,'serviceprovider','https://serviceprovider.com'),('WSS64','WSS64Name',3,1,3,'serviceprovider','https://serviceprovider.com'),('WSS640','WSS640Name',3,1,3,'serviceprovider','https://serviceprovider.com'),('WSS641','WSS641Name',3,1,3,'serviceprovider','https://serviceprovider.com'),('WSS642','WSS642Name',3,1,3,'serviceprovider','https://serviceprovider.com'),('WSS643','WSS643Name',3,1,3,'serviceprovider','https://serviceprovider.com'),('WSS644','WSS644Name',3,1,3,'serviceprovider','https://serviceprovider.com'),('WSS645','WSS645Name',3,1,3,'serviceprovider','https://serviceprovider.com'),('WSS646','WSS646Name',3,1,3,'serviceprovider','https://serviceprovider.com'),('WSS647','WSS647Name',3,1,3,'serviceprovider','https://serviceprovider.com'),('WSS648','WSS648Name',3,1,3,'serviceprovider','https://serviceprovider.com'),('WSS649','WSS649Name',3,1,3,'serviceprovider','https://serviceprovider.com'),('WSS65','WSS65Name',3,1,3,'serviceprovider','https://serviceprovider.com'),('WSS650','WSS650Name',3,1,3,'serviceprovider','https://serviceprovider.com'),('WSS651','WSS651Name',3,1,3,'serviceprovider','https://serviceprovider.com'),('WSS652','WSS652Name',3,1,3,'serviceprovider','https://serviceprovider.com'),('WSS653','WSS653Name',3,1,3,'serviceprovider','https://serviceprovider.com'),('WSS654','WSS654Name',3,1,3,'serviceprovider','https://serviceprovider.com'),('WSS655','WSS655Name',3,1,3,'serviceprovider','https://serviceprovider.com'),('WSS656','WSS656Name',3,1,3,'serviceprovider','https://serviceprovider.com'),('WSS657','WSS657Name',3,1,3,'serviceprovider','https://serviceprovider.com'),('WSS658','WSS658Name',3,1,3,'serviceprovider','https://serviceprovider.com'),('WSS659','WSS659Name',3,1,3,'serviceprovider','https://serviceprovider.com'),('WSS66','WSS66Name',3,1,3,'serviceprovider','https://serviceprovider.com'),('WSS660','WSS660Name',3,1,3,'serviceprovider','https://serviceprovider.com'),('WSS661','WSS661Name',3,1,3,'serviceprovider','https://serviceprovider.com'),('WSS662','WSS662Name',3,1,3,'serviceprovider','https://serviceprovider.com'),('WSS663','WSS663Name',3,1,3,'serviceprovider','https://serviceprovider.com'),('WSS664','WSS664Name',3,1,3,'serviceprovider','https://serviceprovider.com'),('WSS665','WSS665Name',3,1,3,'serviceprovider','https://serviceprovider.com'),('WSS666','WSS666Name',3,1,3,'serviceprovider','https://serviceprovider.com'),('WSS667','WSS667Name',3,1,3,'serviceprovider','https://serviceprovider.com'),('WSS668','WSS668Name',3,1,3,'serviceprovider','https://serviceprovider.com'),('WSS669','WSS669Name',3,1,3,'serviceprovider','https://serviceprovider.com'),('WSS67','WSS67Name',3,1,3,'serviceprovider','https://serviceprovider.com'),('WSS670','WSS670Name',3,1,3,'serviceprovider','https://serviceprovider.com'),('WSS671','WSS671Name',3,1,3,'serviceprovider','https://serviceprovider.com'),('WSS672','WSS672Name',3,1,3,'serviceprovider','https://serviceprovider.com'),('WSS673','WSS673Name',3,1,3,'serviceprovider','https://serviceprovider.com'),('WSS674','WSS674Name',3,1,3,'serviceprovider','https://serviceprovider.com'),('WSS675','WSS675Name',3,1,3,'serviceprovider','https://serviceprovider.com'),('WSS676','WSS676Name',3,1,3,'serviceprovider','https://serviceprovider.com'),('WSS677','WSS677Name',3,1,3,'serviceprovider','https://serviceprovider.com'),('WSS678','WSS678Name',3,1,3,'serviceprovider','https://serviceprovider.com'),('WSS679','WSS679Name',3,1,3,'serviceprovider','https://serviceprovider.com'),('WSS68','WSS68Name',3,1,3,'serviceprovider','https://serviceprovider.com'),('WSS680','WSS680Name',3,1,3,'serviceprovider','https://serviceprovider.com'),('WSS681','WSS681Name',3,1,3,'serviceprovider','https://serviceprovider.com'),('WSS682','WSS682Name',3,1,3,'serviceprovider','https://serviceprovider.com'),('WSS683','WSS683Name',3,1,3,'serviceprovider','https://serviceprovider.com'),('WSS684','WSS684Name',3,1,3,'serviceprovider','https://serviceprovider.com'),('WSS685','WSS685Name',3,1,3,'serviceprovider','https://serviceprovider.com'),('WSS686','WSS686Name',3,1,3,'serviceprovider','https://serviceprovider.com'),('WSS687','WSS687Name',3,1,3,'serviceprovider','https://serviceprovider.com'),('WSS688','WSS688Name',3,1,3,'serviceprovider','https://serviceprovider.com'),('WSS689','WSS689Name',3,1,3,'serviceprovider','https://serviceprovider.com'),('WSS69','WSS69Name',3,1,3,'serviceprovider','https://serviceprovider.com'),('WSS690','WSS690Name',3,1,3,'serviceprovider','https://serviceprovider.com'),('WSS691','WSS691Name',3,1,3,'serviceprovider','https://serviceprovider.com'),('WSS692','WSS692Name',3,1,3,'serviceprovider','https://serviceprovider.com'),('WSS693','WSS693Name',3,1,3,'serviceprovider','https://serviceprovider.com'),('WSS694','WSS694Name',3,1,3,'serviceprovider','https://serviceprovider.com'),('WSS695','WSS695Name',3,1,3,'serviceprovider','https://serviceprovider.com'),('WSS696','WSS696Name',3,1,3,'serviceprovider','https://serviceprovider.com'),('WSS697','WSS697Name',3,1,3,'serviceprovider','https://serviceprovider.com'),('WSS698','WSS698Name',3,1,3,'serviceprovider','https://serviceprovider.com'),('WSS699','WSS699Name',3,1,3,'serviceprovider','https://serviceprovider.com'),('WSS7','WSS7Name',3,1,3,'serviceprovider','https://serviceprovider.com'),('WSS70','WSS70Name',3,1,3,'serviceprovider','https://serviceprovider.com'),('WSS700','WSS700Name',3,1,3,'serviceprovider','https://serviceprovider.com'),('WSS701','WSS701Name',3,1,3,'serviceprovider','https://serviceprovider.com'),('WSS702','WSS702Name',3,1,3,'serviceprovider','https://serviceprovider.com'),('WSS703','WSS703Name',3,1,3,'serviceprovider','https://serviceprovider.com'),('WSS704','WSS704Name',3,1,3,'serviceprovider','https://serviceprovider.com'),('WSS705','WSS705Name',3,1,3,'serviceprovider','https://serviceprovider.com'),('WSS706','WSS706Name',3,1,3,'serviceprovider','https://serviceprovider.com'),('WSS707','WSS707Name',3,1,3,'serviceprovider','https://serviceprovider.com'),('WSS708','WSS708Name',3,1,3,'serviceprovider','https://serviceprovider.com'),('WSS709','WSS709Name',3,1,3,'serviceprovider','https://serviceprovider.com'),('WSS71','WSS71Name',3,1,3,'serviceprovider','https://serviceprovider.com'),('WSS710','WSS710Name',3,1,3,'serviceprovider','https://serviceprovider.com'),('WSS711','WSS711Name',3,1,3,'serviceprovider','https://serviceprovider.com'),('WSS712','WSS712Name',3,1,3,'serviceprovider','https://serviceprovider.com'),('WSS713','WSS713Name',3,1,3,'serviceprovider','https://serviceprovider.com'),('WSS714','WSS714Name',3,1,3,'serviceprovider','https://serviceprovider.com'),('WSS715','WSS715Name',3,1,3,'serviceprovider','https://serviceprovider.com'),('WSS716','WSS716Name',3,1,3,'serviceprovider','https://serviceprovider.com'),('WSS717','WSS717Name',3,1,3,'serviceprovider','https://serviceprovider.com'),('WSS718','WSS718Name',3,1,3,'serviceprovider','https://serviceprovider.com'),('WSS719','WSS719Name',3,1,3,'serviceprovider','https://serviceprovider.com'),('WSS72','WSS72Name',3,1,3,'serviceprovider','https://serviceprovider.com'),('WSS720','WSS720Name',3,1,3,'serviceprovider','https://serviceprovider.com'),('WSS721','WSS721Name',3,1,3,'serviceprovider','https://serviceprovider.com'),('WSS722','WSS722Name',3,1,3,'serviceprovider','https://serviceprovider.com'),('WSS723','WSS723Name',3,1,3,'serviceprovider','https://serviceprovider.com'),('WSS724','WSS724Name',3,1,3,'serviceprovider','https://serviceprovider.com'),('WSS725','WSS725Name',3,1,3,'serviceprovider','https://serviceprovider.com'),('WSS726','WSS726Name',3,1,3,'serviceprovider','https://serviceprovider.com'),('WSS727','WSS727Name',3,1,3,'serviceprovider','https://serviceprovider.com'),('WSS728','WSS728Name',3,1,3,'serviceprovider','https://serviceprovider.com'),('WSS729','WSS729Name',3,1,3,'serviceprovider','https://serviceprovider.com'),('WSS73','WSS73Name',3,1,3,'serviceprovider','https://serviceprovider.com'),('WSS730','WSS730Name',3,1,3,'serviceprovider','https://serviceprovider.com'),('WSS731','WSS731Name',3,1,3,'serviceprovider','https://serviceprovider.com'),('WSS732','WSS732Name',3,1,3,'serviceprovider','https://serviceprovider.com'),('WSS733','WSS733Name',3,1,3,'serviceprovider','https://serviceprovider.com'),('WSS734','WSS734Name',3,1,3,'serviceprovider','https://serviceprovider.com'),('WSS735','WSS735Name',3,1,3,'serviceprovider','https://serviceprovider.com'),('WSS736','WSS736Name',3,1,3,'serviceprovider','https://serviceprovider.com'),('WSS737','WSS737Name',3,1,3,'serviceprovider','https://serviceprovider.com'),('WSS738','WSS738Name',3,1,3,'serviceprovider','https://serviceprovider.com'),('WSS739','WSS739Name',3,1,3,'serviceprovider','https://serviceprovider.com'),('WSS74','WSS74Name',3,1,3,'serviceprovider','https://serviceprovider.com'),('WSS740','WSS740Name',3,1,3,'serviceprovider','https://serviceprovider.com'),('WSS741','WSS741Name',3,1,3,'serviceprovider','https://serviceprovider.com'),('WSS742','WSS742Name',3,1,3,'serviceprovider','https://serviceprovider.com'),('WSS743','WSS743Name',3,1,3,'serviceprovider','https://serviceprovider.com'),('WSS744','WSS744Name',3,1,3,'serviceprovider','https://serviceprovider.com'),('WSS745','WSS745Name',3,1,3,'serviceprovider','https://serviceprovider.com'),('WSS746','WSS746Name',3,1,3,'serviceprovider','https://serviceprovider.com'),('WSS747','WSS747Name',3,1,3,'serviceprovider','https://serviceprovider.com'),('WSS748','WSS748Name',3,1,3,'serviceprovider','https://serviceprovider.com'),('WSS749','WSS749Name',3,1,3,'serviceprovider','https://serviceprovider.com'),('WSS75','WSS75Name',3,1,3,'serviceprovider','https://serviceprovider.com'),('WSS750','WSS750Name',3,1,3,'serviceprovider','https://serviceprovider.com'),('WSS751','WSS751Name',3,1,3,'serviceprovider','https://serviceprovider.com'),('WSS752','WSS752Name',3,1,3,'serviceprovider','https://serviceprovider.com'),('WSS753','WSS753Name',3,1,3,'serviceprovider','https://serviceprovider.com'),('WSS754','WSS754Name',3,1,3,'serviceprovider','https://serviceprovider.com'),('WSS755','WSS755Name',3,1,3,'serviceprovider','https://serviceprovider.com'),('WSS756','WSS756Name',3,1,3,'serviceprovider','https://serviceprovider.com'),('WSS757','WSS757Name',3,1,3,'serviceprovider','https://serviceprovider.com'),('WSS758','WSS758Name',3,1,3,'serviceprovider','https://serviceprovider.com'),('WSS759','WSS759Name',3,1,3,'serviceprovider','https://serviceprovider.com'),('WSS76','WSS76Name',3,1,3,'serviceprovider','https://serviceprovider.com'),('WSS760','WSS760Name',3,1,3,'serviceprovider','https://serviceprovider.com'),('WSS761','WSS761Name',3,1,3,'serviceprovider','https://serviceprovider.com'),('WSS762','WSS762Name',3,1,3,'serviceprovider','https://serviceprovider.com'),('WSS763','WSS763Name',3,1,3,'serviceprovider','https://serviceprovider.com'),('WSS764','WSS764Name',3,1,3,'serviceprovider','https://serviceprovider.com'),('WSS765','WSS765Name',3,1,3,'serviceprovider','https://serviceprovider.com'),('WSS766','WSS766Name',3,1,3,'serviceprovider','https://serviceprovider.com'),('WSS767','WSS767Name',3,1,3,'serviceprovider','https://serviceprovider.com'),('WSS768','WSS768Name',3,1,3,'serviceprovider','https://serviceprovider.com'),('WSS769','WSS769Name',3,1,3,'serviceprovider','https://serviceprovider.com'),('WSS77','WSS77Name',3,1,3,'serviceprovider','https://serviceprovider.com'),('WSS770','WSS770Name',3,1,3,'serviceprovider','https://serviceprovider.com'),('WSS771','WSS771Name',3,1,3,'serviceprovider','https://serviceprovider.com'),('WSS772','WSS772Name',3,1,3,'serviceprovider','https://serviceprovider.com'),('WSS773','WSS773Name',3,1,3,'serviceprovider','https://serviceprovider.com'),('WSS774','WSS774Name',3,1,3,'serviceprovider','https://serviceprovider.com'),('WSS775','WSS775Name',3,1,3,'serviceprovider','https://serviceprovider.com'),('WSS776','WSS776Name',3,1,3,'serviceprovider','https://serviceprovider.com'),('WSS777','WSS777Name',3,1,3,'serviceprovider','https://serviceprovider.com'),('WSS778','WSS778Name',3,1,3,'serviceprovider','https://serviceprovider.com'),('WSS779','WSS779Name',3,1,3,'serviceprovider','https://serviceprovider.com'),('WSS78','WSS78Name',3,1,3,'serviceprovider','https://serviceprovider.com'),('WSS780','WSS780Name',3,1,3,'serviceprovider','https://serviceprovider.com'),('WSS781','WSS781Name',3,1,3,'serviceprovider','https://serviceprovider.com'),('WSS782','WSS782Name',3,1,3,'serviceprovider','https://serviceprovider.com'),('WSS783','WSS783Name',3,1,3,'serviceprovider','https://serviceprovider.com'),('WSS784','WSS784Name',3,1,3,'serviceprovider','https://serviceprovider.com'),('WSS785','WSS785Name',3,1,3,'serviceprovider','https://serviceprovider.com'),('WSS786','WSS786Name',3,1,3,'serviceprovider','https://serviceprovider.com'),('WSS787','WSS787Name',3,1,3,'serviceprovider','https://serviceprovider.com'),('WSS788','WSS788Name',3,1,3,'serviceprovider','https://serviceprovider.com'),('WSS789','WSS789Name',3,1,3,'serviceprovider','https://serviceprovider.com'),('WSS79','WSS79Name',3,1,3,'serviceprovider','https://serviceprovider.com'),('WSS790','WSS790Name',3,1,3,'serviceprovider','https://serviceprovider.com'),('WSS791','WSS791Name',3,1,3,'serviceprovider','https://serviceprovider.com'),('WSS792','WSS792Name',3,1,3,'serviceprovider','https://serviceprovider.com'),('WSS793','WSS793Name',3,1,3,'serviceprovider','https://serviceprovider.com'),('WSS794','WSS794Name',3,1,3,'serviceprovider','https://serviceprovider.com'),('WSS795','WSS795Name',3,1,3,'serviceprovider','https://serviceprovider.com'),('WSS796','WSS796Name',3,1,3,'serviceprovider','https://serviceprovider.com'),('WSS797','WSS797Name',3,1,3,'serviceprovider','https://serviceprovider.com'),('WSS798','WSS798Name',3,1,3,'serviceprovider','https://serviceprovider.com'),('WSS799','WSS799Name',3,1,3,'serviceprovider','https://serviceprovider.com'),('WSS8','WSS8Name',3,1,3,'serviceprovider','https://serviceprovider.com'),('WSS80','WSS80Name',3,1,3,'serviceprovider','https://serviceprovider.com'),('WSS800','WSS800Name',3,1,3,'serviceprovider','https://serviceprovider.com'),('WSS81','WSS81Name',3,1,3,'serviceprovider','https://serviceprovider.com'),('WSS82','WSS82Name',3,1,3,'serviceprovider','https://serviceprovider.com'),('WSS83','WSS83Name',3,1,3,'serviceprovider','https://serviceprovider.com'),('WSS84','WSS84Name',3,1,3,'serviceprovider','https://serviceprovider.com'),('WSS85','WSS85Name',3,1,3,'serviceprovider','https://serviceprovider.com'),('WSS86','WSS86Name',3,1,3,'serviceprovider','https://serviceprovider.com'),('WSS87','WSS87Name',3,1,3,'serviceprovider','https://serviceprovider.com'),('WSS88','WSS88Name',3,1,3,'serviceprovider','https://serviceprovider.com'),('WSS89','WSS89Name',3,1,3,'serviceprovider','https://serviceprovider.com'),('WSS9','WSS9Name',3,1,3,'serviceprovider','https://serviceprovider.com'),('WSS90','WSS90Name',3,1,3,'serviceprovider','https://serviceprovider.com'),('WSS91','WSS91Name',3,1,3,'serviceprovider','https://serviceprovider.com'),('WSS92','WSS92Name',3,1,3,'serviceprovider','https://serviceprovider.com'),('WSS93','WSS93Name',3,1,3,'serviceprovider','https://serviceprovider.com'),('WSS94','WSS94Name',3,1,3,'serviceprovider','https://serviceprovider.com'),('WSS95','WSS95Name',3,1,3,'serviceprovider','https://serviceprovider.com'),('WSS96','WSS96Name',3,1,3,'serviceprovider','https://serviceprovider.com'),('WSS97','WSS97Name',3,1,3,'serviceprovider','https://serviceprovider.com'),('WSS98','WSS98Name',3,1,3,'serviceprovider','https://serviceprovider.com'),('WSS99','WSS99Name',3,1,3,'serviceprovider','https://serviceprovider.com');
/*!40000 ALTER TABLE `webservicelist` ENABLE KEYS */;
UNLOCK TABLES;
/*!40103 SET TIME_ZONE=@OLD_TIME_ZONE */;

/*!40101 SET SQL_MODE=@OLD_SQL_MODE */;
/*!40014 SET FOREIGN_KEY_CHECKS=@OLD_FOREIGN_KEY_CHECKS */;
/*!40014 SET UNIQUE_CHECKS=@OLD_UNIQUE_CHECKS */;
/*!40101 SET CHARACTER_SET_CLIENT=@OLD_CHARACTER_SET_CLIENT */;
/*!40101 SET CHARACTER_SET_RESULTS=@OLD_CHARACTER_SET_RESULTS */;
/*!40101 SET COLLATION_CONNECTION=@OLD_COLLATION_CONNECTION */;
/*!40111 SET SQL_NOTES=@OLD_SQL_NOTES */;

-- Dump completed on 2023-07-07 10:02:15
