-- MySQL dump 10.13  Distrib 8.0.32, for Win64 (x86_64)
--
-- Host: localhost    Database: autowscs
-- ------------------------------------------------------
-- Server version	8.0.32

/*!40101 SET @OLD_CHARACTER_SET_CLIENT=@@CHARACTER_SET_CLIENT */;
/*!40101 SET @OLD_CHARACTER_SET_RESULTS=@@CHARACTER_SET_RESULTS */;
/*!40101 SET @OLD_COLLATION_CONNECTION=@@COLLATION_CONNECTION */;
/*!50503 SET NAMES utf8mb4 */;
/*!40103 SET @OLD_TIME_ZONE=@@TIME_ZONE */;
/*!40103 SET TIME_ZONE='+00:00' */;
/*!40014 SET @OLD_UNIQUE_CHECKS=@@UNIQUE_CHECKS, UNIQUE_CHECKS=0 */;
/*!40014 SET @OLD_FOREIGN_KEY_CHECKS=@@FOREIGN_KEY_CHECKS, FOREIGN_KEY_CHECKS=0 */;
/*!40101 SET @OLD_SQL_MODE=@@SQL_MODE, SQL_MODE='NO_AUTO_VALUE_ON_ZERO' */;
/*!40111 SET @OLD_SQL_NOTES=@@SQL_NOTES, SQL_NOTES=0 */;

--
-- Table structure for table `auth_group`
--

DROP TABLE IF EXISTS `auth_group`;
/*!40101 SET @saved_cs_client     = @@character_set_client */;
/*!50503 SET character_set_client = utf8mb4 */;
CREATE TABLE `auth_group` (
  `id` int NOT NULL AUTO_INCREMENT,
  `name` varchar(80) NOT NULL,
  PRIMARY KEY (`id`),
  UNIQUE KEY `name` (`name`)
) ENGINE=InnoDB DEFAULT CHARSET=latin1;
/*!40101 SET character_set_client = @saved_cs_client */;

--
-- Dumping data for table `auth_group`
--

LOCK TABLES `auth_group` WRITE;
/*!40000 ALTER TABLE `auth_group` DISABLE KEYS */;
/*!40000 ALTER TABLE `auth_group` ENABLE KEYS */;
UNLOCK TABLES;

--
-- Table structure for table `auth_group_permissions`
--

DROP TABLE IF EXISTS `auth_group_permissions`;
/*!40101 SET @saved_cs_client     = @@character_set_client */;
/*!50503 SET character_set_client = utf8mb4 */;
CREATE TABLE `auth_group_permissions` (
  `id` int NOT NULL AUTO_INCREMENT,
  `group_id` int NOT NULL,
  `permission_id` int NOT NULL,
  PRIMARY KEY (`id`),
  UNIQUE KEY `auth_group_permissions_group_id_permission_id_0cd325b0_uniq` (`group_id`,`permission_id`),
  KEY `auth_group_permissio_permission_id_84c5c92e_fk_auth_perm` (`permission_id`),
  CONSTRAINT `auth_group_permissio_permission_id_84c5c92e_fk_auth_perm` FOREIGN KEY (`permission_id`) REFERENCES `auth_permission` (`id`),
  CONSTRAINT `auth_group_permissions_group_id_b120cbf9_fk_auth_group_id` FOREIGN KEY (`group_id`) REFERENCES `auth_group` (`id`)
) ENGINE=InnoDB DEFAULT CHARSET=latin1;
/*!40101 SET character_set_client = @saved_cs_client */;

--
-- Dumping data for table `auth_group_permissions`
--

LOCK TABLES `auth_group_permissions` WRITE;
/*!40000 ALTER TABLE `auth_group_permissions` DISABLE KEYS */;
/*!40000 ALTER TABLE `auth_group_permissions` ENABLE KEYS */;
UNLOCK TABLES;

--
-- Table structure for table `auth_permission`
--

DROP TABLE IF EXISTS `auth_permission`;
/*!40101 SET @saved_cs_client     = @@character_set_client */;
/*!50503 SET character_set_client = utf8mb4 */;
CREATE TABLE `auth_permission` (
  `id` int NOT NULL AUTO_INCREMENT,
  `name` varchar(255) NOT NULL,
  `content_type_id` int NOT NULL,
  `codename` varchar(100) NOT NULL,
  PRIMARY KEY (`id`),
  UNIQUE KEY `auth_permission_content_type_id_codename_01ab375a_uniq` (`content_type_id`,`codename`),
  CONSTRAINT `auth_permission_content_type_id_2f476e4b_fk_django_co` FOREIGN KEY (`content_type_id`) REFERENCES `django_content_type` (`id`)
) ENGINE=InnoDB AUTO_INCREMENT=25 DEFAULT CHARSET=latin1;
/*!40101 SET character_set_client = @saved_cs_client */;

--
-- Dumping data for table `auth_permission`
--

LOCK TABLES `auth_permission` WRITE;
/*!40000 ALTER TABLE `auth_permission` DISABLE KEYS */;
INSERT INTO `auth_permission` VALUES (1,'Can add log entry',1,'add_logentry'),(2,'Can change log entry',1,'change_logentry'),(3,'Can delete log entry',1,'delete_logentry'),(4,'Can view log entry',1,'view_logentry'),(5,'Can add permission',2,'add_permission'),(6,'Can change permission',2,'change_permission'),(7,'Can delete permission',2,'delete_permission'),(8,'Can view permission',2,'view_permission'),(9,'Can add group',3,'add_group'),(10,'Can change group',3,'change_group'),(11,'Can delete group',3,'delete_group'),(12,'Can view group',3,'view_group'),(13,'Can add user',4,'add_user'),(14,'Can change user',4,'change_user'),(15,'Can delete user',4,'delete_user'),(16,'Can view user',4,'view_user'),(17,'Can add content type',5,'add_contenttype'),(18,'Can change content type',5,'change_contenttype'),(19,'Can delete content type',5,'delete_contenttype'),(20,'Can view content type',5,'view_contenttype'),(21,'Can add session',6,'add_session'),(22,'Can change session',6,'change_session'),(23,'Can delete session',6,'delete_session'),(24,'Can view session',6,'view_session');
/*!40000 ALTER TABLE `auth_permission` ENABLE KEYS */;
UNLOCK TABLES;

--
-- Table structure for table `auth_user`
--

DROP TABLE IF EXISTS `auth_user`;
/*!40101 SET @saved_cs_client     = @@character_set_client */;
/*!50503 SET character_set_client = utf8mb4 */;
CREATE TABLE `auth_user` (
  `id` int NOT NULL AUTO_INCREMENT,
  `password` varchar(128) NOT NULL,
  `last_login` datetime(6) DEFAULT NULL,
  `is_superuser` tinyint(1) NOT NULL,
  `username` varchar(150) NOT NULL,
  `first_name` varchar(30) NOT NULL,
  `last_name` varchar(150) NOT NULL,
  `email` varchar(254) NOT NULL,
  `is_staff` tinyint(1) NOT NULL,
  `is_active` tinyint(1) NOT NULL,
  `date_joined` datetime(6) NOT NULL,
  PRIMARY KEY (`id`),
  UNIQUE KEY `username` (`username`)
) ENGINE=InnoDB AUTO_INCREMENT=2 DEFAULT CHARSET=latin1;
/*!40101 SET character_set_client = @saved_cs_client */;

--
-- Dumping data for table `auth_user`
--

LOCK TABLES `auth_user` WRITE;
/*!40000 ALTER TABLE `auth_user` DISABLE KEYS */;
INSERT INTO `auth_user` VALUES (1,'pbkdf2_sha256$120000$t1PV0MeFrM2P$mdFVt5O/PMrM6U6PP4ei7LDjVNuN0OJi97bq+oRxpQg=','2020-10-19 22:21:14.385392',0,'kgayke','','','k2gaike@gmail.com',0,1,'2020-10-19 22:21:13.589791');
/*!40000 ALTER TABLE `auth_user` ENABLE KEYS */;
UNLOCK TABLES;

--
-- Table structure for table `auth_user_groups`
--

DROP TABLE IF EXISTS `auth_user_groups`;
/*!40101 SET @saved_cs_client     = @@character_set_client */;
/*!50503 SET character_set_client = utf8mb4 */;
CREATE TABLE `auth_user_groups` (
  `id` int NOT NULL AUTO_INCREMENT,
  `user_id` int NOT NULL,
  `group_id` int NOT NULL,
  PRIMARY KEY (`id`),
  UNIQUE KEY `auth_user_groups_user_id_group_id_94350c0c_uniq` (`user_id`,`group_id`),
  KEY `auth_user_groups_group_id_97559544_fk_auth_group_id` (`group_id`),
  CONSTRAINT `auth_user_groups_group_id_97559544_fk_auth_group_id` FOREIGN KEY (`group_id`) REFERENCES `auth_group` (`id`),
  CONSTRAINT `auth_user_groups_user_id_6a12ed8b_fk_auth_user_id` FOREIGN KEY (`user_id`) REFERENCES `auth_user` (`id`)
) ENGINE=InnoDB DEFAULT CHARSET=latin1;
/*!40101 SET character_set_client = @saved_cs_client */;

--
-- Dumping data for table `auth_user_groups`
--

LOCK TABLES `auth_user_groups` WRITE;
/*!40000 ALTER TABLE `auth_user_groups` DISABLE KEYS */;
/*!40000 ALTER TABLE `auth_user_groups` ENABLE KEYS */;
UNLOCK TABLES;

--
-- Table structure for table `auth_user_user_permissions`
--

DROP TABLE IF EXISTS `auth_user_user_permissions`;
/*!40101 SET @saved_cs_client     = @@character_set_client */;
/*!50503 SET character_set_client = utf8mb4 */;
CREATE TABLE `auth_user_user_permissions` (
  `id` int NOT NULL AUTO_INCREMENT,
  `user_id` int NOT NULL,
  `permission_id` int NOT NULL,
  PRIMARY KEY (`id`),
  UNIQUE KEY `auth_user_user_permissions_user_id_permission_id_14a6b632_uniq` (`user_id`,`permission_id`),
  KEY `auth_user_user_permi_permission_id_1fbb5f2c_fk_auth_perm` (`permission_id`),
  CONSTRAINT `auth_user_user_permi_permission_id_1fbb5f2c_fk_auth_perm` FOREIGN KEY (`permission_id`) REFERENCES `auth_permission` (`id`),
  CONSTRAINT `auth_user_user_permissions_user_id_a95ead1b_fk_auth_user_id` FOREIGN KEY (`user_id`) REFERENCES `auth_user` (`id`)
) ENGINE=InnoDB DEFAULT CHARSET=latin1;
/*!40101 SET character_set_client = @saved_cs_client */;

--
-- Dumping data for table `auth_user_user_permissions`
--

LOCK TABLES `auth_user_user_permissions` WRITE;
/*!40000 ALTER TABLE `auth_user_user_permissions` DISABLE KEYS */;
/*!40000 ALTER TABLE `auth_user_user_permissions` ENABLE KEYS */;
UNLOCK TABLES;

--
-- Table structure for table `careerpath`
--

DROP TABLE IF EXISTS `careerpath`;
/*!40101 SET @saved_cs_client     = @@character_set_client */;
/*!50503 SET character_set_client = utf8mb4 */;
CREATE TABLE `careerpath` (
  `careerPathID` char(4) NOT NULL,
  `careerPathName` varchar(50) DEFAULT NULL,
  PRIMARY KEY (`careerPathID`)
) ENGINE=InnoDB DEFAULT CHARSET=latin1;
/*!40101 SET character_set_client = @saved_cs_client */;

--
-- Dumping data for table `careerpath`
--

LOCK TABLES `careerpath` WRITE;
/*!40000 ALTER TABLE `careerpath` DISABLE KEYS */;
INSERT INTO `careerpath` VALUES ('C100','Data Analyst');
/*!40000 ALTER TABLE `careerpath` ENABLE KEYS */;
UNLOCK TABLES;

--
-- Table structure for table `django_admin_log`
--

DROP TABLE IF EXISTS `django_admin_log`;
/*!40101 SET @saved_cs_client     = @@character_set_client */;
/*!50503 SET character_set_client = utf8mb4 */;
CREATE TABLE `django_admin_log` (
  `id` int NOT NULL AUTO_INCREMENT,
  `action_time` datetime(6) NOT NULL,
  `object_id` longtext,
  `object_repr` varchar(200) NOT NULL,
  `action_flag` smallint unsigned NOT NULL,
  `change_message` longtext NOT NULL,
  `content_type_id` int DEFAULT NULL,
  `user_id` int NOT NULL,
  PRIMARY KEY (`id`),
  KEY `django_admin_log_content_type_id_c4bce8eb_fk_django_co` (`content_type_id`),
  KEY `django_admin_log_user_id_c564eba6_fk_auth_user_id` (`user_id`),
  CONSTRAINT `django_admin_log_content_type_id_c4bce8eb_fk_django_co` FOREIGN KEY (`content_type_id`) REFERENCES `django_content_type` (`id`),
  CONSTRAINT `django_admin_log_user_id_c564eba6_fk_auth_user_id` FOREIGN KEY (`user_id`) REFERENCES `auth_user` (`id`)
) ENGINE=InnoDB DEFAULT CHARSET=latin1;
/*!40101 SET character_set_client = @saved_cs_client */;

--
-- Dumping data for table `django_admin_log`
--

LOCK TABLES `django_admin_log` WRITE;
/*!40000 ALTER TABLE `django_admin_log` DISABLE KEYS */;
/*!40000 ALTER TABLE `django_admin_log` ENABLE KEYS */;
UNLOCK TABLES;

--
-- Table structure for table `django_content_type`
--

DROP TABLE IF EXISTS `django_content_type`;
/*!40101 SET @saved_cs_client     = @@character_set_client */;
/*!50503 SET character_set_client = utf8mb4 */;
CREATE TABLE `django_content_type` (
  `id` int NOT NULL AUTO_INCREMENT,
  `app_label` varchar(100) NOT NULL,
  `model` varchar(100) NOT NULL,
  PRIMARY KEY (`id`),
  UNIQUE KEY `django_content_type_app_label_model_76bd3d3b_uniq` (`app_label`,`model`)
) ENGINE=InnoDB AUTO_INCREMENT=7 DEFAULT CHARSET=latin1;
/*!40101 SET character_set_client = @saved_cs_client */;

--
-- Dumping data for table `django_content_type`
--

LOCK TABLES `django_content_type` WRITE;
/*!40000 ALTER TABLE `django_content_type` DISABLE KEYS */;
INSERT INTO `django_content_type` VALUES (1,'admin','logentry'),(3,'auth','group'),(2,'auth','permission'),(4,'auth','user'),(5,'contenttypes','contenttype'),(6,'sessions','session');
/*!40000 ALTER TABLE `django_content_type` ENABLE KEYS */;
UNLOCK TABLES;

--
-- Table structure for table `django_migrations`
--

DROP TABLE IF EXISTS `django_migrations`;
/*!40101 SET @saved_cs_client     = @@character_set_client */;
/*!50503 SET character_set_client = utf8mb4 */;
CREATE TABLE `django_migrations` (
  `id` int NOT NULL AUTO_INCREMENT,
  `app` varchar(255) NOT NULL,
  `name` varchar(255) NOT NULL,
  `applied` datetime(6) NOT NULL,
  PRIMARY KEY (`id`)
) ENGINE=InnoDB AUTO_INCREMENT=16 DEFAULT CHARSET=latin1;
/*!40101 SET character_set_client = @saved_cs_client */;

--
-- Dumping data for table `django_migrations`
--

LOCK TABLES `django_migrations` WRITE;
/*!40000 ALTER TABLE `django_migrations` DISABLE KEYS */;
INSERT INTO `django_migrations` VALUES (1,'contenttypes','0001_initial','2020-03-09 23:45:06.538733'),(2,'auth','0001_initial','2020-03-09 23:45:10.018233'),(3,'admin','0001_initial','2020-03-09 23:45:11.118233'),(4,'admin','0002_logentry_remove_auto_add','2020-03-09 23:45:11.139233'),(5,'admin','0003_logentry_add_action_flag_choices','2020-03-09 23:45:11.169233'),(6,'contenttypes','0002_remove_content_type_name','2020-03-09 23:45:11.498233'),(7,'auth','0002_alter_permission_name_max_length','2020-03-09 23:45:11.539233'),(8,'auth','0003_alter_user_email_max_length','2020-03-09 23:45:11.619233'),(9,'auth','0004_alter_user_username_opts','2020-03-09 23:45:11.629233'),(10,'auth','0005_alter_user_last_login_null','2020-03-09 23:45:11.770233'),(11,'auth','0006_require_contenttypes_0002','2020-03-09 23:45:11.810233'),(12,'auth','0007_alter_validators_add_error_messages','2020-03-09 23:45:11.820233'),(13,'auth','0008_alter_user_username_max_length','2020-03-09 23:45:11.831233'),(14,'auth','0009_alter_user_last_name_max_length','2020-03-09 23:45:11.949233'),(15,'sessions','0001_initial','2020-03-09 23:45:12.140233');
/*!40000 ALTER TABLE `django_migrations` ENABLE KEYS */;
UNLOCK TABLES;

--
-- Table structure for table `django_session`
--

DROP TABLE IF EXISTS `django_session`;
/*!40101 SET @saved_cs_client     = @@character_set_client */;
/*!50503 SET character_set_client = utf8mb4 */;
CREATE TABLE `django_session` (
  `session_key` varchar(40) NOT NULL,
  `session_data` longtext NOT NULL,
  `expire_date` datetime(6) NOT NULL,
  PRIMARY KEY (`session_key`),
  KEY `django_session_expire_date_a5c62663` (`expire_date`)
) ENGINE=InnoDB DEFAULT CHARSET=latin1;
/*!40101 SET character_set_client = @saved_cs_client */;

--
-- Dumping data for table `django_session`
--

LOCK TABLES `django_session` WRITE;
/*!40000 ALTER TABLE `django_session` DISABLE KEYS */;
INSERT INTO `django_session` VALUES ('tyl1c5xdi2x8x2jwg76rgv4m7k8zrh9f','Y2FhMTEwYWE3NTdhZjlkMTFkYzhlMDM0OGM4NTU4YzVjZGQwZDM0Njp7Il9hdXRoX3VzZXJfaWQiOiIxIiwiX2F1dGhfdXNlcl9iYWNrZW5kIjoiZGphbmdvLmNvbnRyaWIuYXV0aC5iYWNrZW5kcy5Nb2RlbEJhY2tlbmQiLCJfYXV0aF91c2VyX2hhc2giOiJmMzIyNjA4ZWY3OTQ5MWYwMTUwOGMyMDFlMDIzZmRjNjI3MTU4N2IzIn0=','2020-11-02 22:21:14.400992');
/*!40000 ALTER TABLE `django_session` ENABLE KEYS */;
UNLOCK TABLES;

--
-- Table structure for table `initialgoalparameter`
--

DROP TABLE IF EXISTS `initialgoalparameter`;
/*!40101 SET @saved_cs_client     = @@character_set_client */;
/*!50503 SET character_set_client = utf8mb4 */;
CREATE TABLE `initialgoalparameter` (
  `transactionID` bigint NOT NULL,
  `iorg` varchar(10) NOT NULL,
  `parameterID` varchar(10) NOT NULL,
  PRIMARY KEY (`transactionID`,`iorg`,`parameterID`),
  KEY `knowledgeID` (`parameterID`),
  CONSTRAINT `initialgoalparameter_ibfk_1` FOREIGN KEY (`parameterID`) REFERENCES `parameterlist` (`parameterID`)
) ENGINE=InnoDB DEFAULT CHARSET=latin1;
/*!40101 SET character_set_client = @saved_cs_client */;

--
-- Dumping data for table `initialgoalparameter`
--

LOCK TABLES `initialgoalparameter` WRITE;
/*!40000 ALTER TABLE `initialgoalparameter` DISABLE KEYS */;
INSERT INTO `initialgoalparameter` VALUES (1,'G','p1'),(7,'I','p1'),(8,'G','p1'),(10,'I','p1'),(13,'I','p1'),(16,'I','p1'),(19,'G','p1'),(20,'I','p1'),(26,'G','p1'),(1,'I','p10'),(2,'I','p10'),(9,'I','p10'),(11,'G','p10'),(15,'I','p10'),(17,'G','p10'),(27,'G','p10'),(1,'I','p11'),(4,'I','p11'),(5,'I','p11'),(13,'I','p11'),(16,'I','p11'),(17,'G','p11'),(21,'G','p11'),(24,'I','p11'),(30,'I','p11'),(8,'G','p12'),(9,'G','p12'),(13,'I','p12'),(14,'I','p12'),(19,'I','p12'),(20,'I','p12'),(24,'G','p12'),(25,'I','p12'),(29,'I','p12'),(30,'I','p12'),(3,'I','p13'),(6,'G','p13'),(7,'I','p13'),(10,'I','p13'),(11,'I','p13'),(16,'G','p13'),(21,'I','p13'),(24,'I','p13'),(25,'G','p13'),(28,'I','p13'),(29,'I','p13'),(2,'I','p14'),(3,'I','p14'),(10,'I','p14'),(11,'I','p14'),(12,'I','p14'),(20,'G','p14'),(22,'I','p14'),(23,'I','p14'),(25,'G','p14'),(28,'G','p14'),(4,'I','p15'),(6,'I','p15'),(10,'G','p15'),(16,'G','p15'),(23,'I','p15'),(28,'G','p15'),(29,'I','p15'),(30,'G','p15'),(3,'I','p16'),(4,'G','p16'),(6,'I','p16'),(14,'I','p16'),(16,'I','p16'),(17,'G','p16'),(20,'I','p16'),(23,'I','p16'),(26,'I','p16'),(27,'G','p16'),(30,'G','p16'),(2,'G','p17'),(4,'G','p17'),(7,'I','p17'),(8,'G','p17'),(10,'I','p17'),(11,'G','p17'),(13,'G','p17'),(14,'I','p17'),(15,'G','p17'),(21,'G','p17'),(22,'G','p17'),(26,'G','p17'),(28,'I','p17'),(3,'I','p18'),(9,'G','p18'),(12,'I','p18'),(14,'G','p18'),(18,'I','p18'),(20,'I','p18'),(22,'I','p18'),(23,'G','p18'),(2,'I','p19'),(5,'G','p19'),(7,'I','p19'),(16,'I','p19'),(18,'G','p19'),(19,'G','p19'),(24,'I','p19'),(27,'I','p19'),(1,'G','p2'),(3,'G','p2'),(5,'I','p2'),(6,'G','p2'),(7,'G','p2'),(10,'I','p2'),(15,'G','p2'),(18,'I','p2'),(21,'G','p2'),(22,'I','p2'),(26,'G','p2'),(29,'G','p2'),(5,'G','p20'),(8,'I','p20'),(9,'I','p20'),(13,'G','p20'),(15,'I','p20'),(18,'I','p20'),(20,'I','p20'),(27,'G','p20'),(30,'I','p20'),(2,'I','p21'),(5,'I','p21'),(6,'I','p21'),(7,'G','p21'),(8,'I','p21'),(10,'I','p21'),(11,'G','p21'),(12,'I','p21'),(13,'G','p21'),(14,'G','p21'),(19,'I','p21'),(21,'I','p21'),(23,'G','p21'),(25,'I','p21'),(26,'I','p21'),(29,'I','p21'),(30,'I','p21'),(1,'I','p22'),(2,'I','p22'),(4,'I','p22'),(8,'I','p22'),(12,'I','p22'),(17,'G','p22'),(24,'I','p22'),(26,'I','p22'),(28,'G','p22'),(30,'I','p22'),(2,'I','p23'),(7,'G','p23'),(8,'G','p23'),(12,'G','p23'),(23,'I','p23'),(24,'G','p23'),(26,'I','p23'),(29,'G','p23'),(4,'G','p24'),(5,'G','p24'),(8,'I','p24'),(17,'I','p24'),(19,'G','p24'),(23,'G','p24'),(27,'G','p24'),(28,'I','p24'),(29,'G','p24'),(30,'I','p24'),(1,'G','p25'),(3,'I','p25'),(12,'I','p25'),(14,'I','p25'),(18,'G','p25'),(20,'G','p25'),(21,'I','p25'),(28,'I','p25'),(29,'I','p25'),(30,'G','p25'),(1,'I','p26'),(5,'G','p26'),(6,'I','p26'),(8,'I','p26'),(14,'I','p26'),(15,'I','p26'),(17,'I','p26'),(21,'I','p26'),(22,'G','p26'),(23,'I','p26'),(25,'G','p26'),(27,'I','p26'),(28,'I','p26'),(9,'I','p27'),(14,'G','p27'),(16,'G','p27'),(17,'I','p27'),(19,'I','p27'),(22,'I','p27'),(23,'I','p27'),(3,'I','p28'),(6,'G','p28'),(10,'G','p28'),(12,'G','p28'),(15,'I','p28'),(27,'I','p28'),(2,'G','p29'),(4,'I','p29'),(5,'I','p29'),(6,'G','p29'),(9,'I','p29'),(10,'G','p29'),(11,'I','p29'),(12,'G','p29'),(17,'I','p29'),(18,'I','p29'),(19,'G','p29'),(22,'G','p29'),(24,'G','p29'),(25,'I','p29'),(26,'G','p29'),(9,'G','p3'),(12,'I','p3'),(13,'I','p3'),(14,'G','p3'),(15,'G','p3'),(16,'I','p3'),(20,'I','p3'),(22,'I','p3'),(24,'G','p3'),(25,'I','p3'),(28,'G','p3'),(29,'I','p3'),(1,'I','p30'),(7,'I','p30'),(9,'G','p30'),(10,'G','p30'),(15,'I','p30'),(17,'I','p30'),(21,'G','p30'),(23,'G','p30'),(25,'I','p30'),(2,'G','p4'),(5,'I','p4'),(11,'I','p4'),(12,'G','p4'),(16,'I','p4'),(18,'G','p4'),(20,'G','p4'),(25,'G','p4'),(2,'G','p5'),(3,'G','p5'),(8,'I','p5'),(13,'I','p5'),(16,'G','p5'),(19,'I','p5'),(21,'I','p5'),(22,'I','p5'),(24,'I','p5'),(28,'I','p5'),(3,'G','p6'),(4,'I','p6'),(15,'I','p6'),(19,'I','p6'),(27,'I','p6'),(29,'G','p6'),(30,'G','p6'),(4,'I','p7'),(7,'I','p7'),(9,'I','p7'),(11,'I','p7'),(13,'G','p7'),(17,'I','p7'),(18,'G','p7'),(19,'I','p7'),(26,'I','p7'),(27,'I','p7'),(1,'G','p8'),(3,'G','p8'),(5,'I','p8'),(6,'I','p8'),(7,'G','p8'),(9,'I','p8'),(11,'G','p8'),(13,'I','p8'),(18,'I','p8'),(20,'G','p8'),(24,'I','p8'),(26,'I','p8'),(27,'I','p8'),(1,'I','p9'),(4,'G','p9'),(6,'I','p9'),(11,'I','p9'),(14,'I','p9'),(15,'G','p9'),(18,'I','p9'),(21,'I','p9'),(22,'G','p9'),(25,'I','p9');
/*!40000 ALTER TABLE `initialgoalparameter` ENABLE KEYS */;
UNLOCK TABLES;

--
-- Table structure for table `inputparameter`
--

DROP TABLE IF EXISTS `inputparameter`;
/*!40101 SET @saved_cs_client     = @@character_set_client */;
/*!50503 SET character_set_client = utf8mb4 */;
CREATE TABLE `inputparameter` (
  `webServiceID` varchar(10) NOT NULL,
  `parameterID` varchar(10) NOT NULL,
  PRIMARY KEY (`webServiceID`,`parameterID`),
  KEY `knowledgeID` (`parameterID`)
) ENGINE=InnoDB DEFAULT CHARSET=latin1;
/*!40101 SET character_set_client = @saved_cs_client */;

--
-- Dumping data for table `inputparameter`
--

LOCK TABLES `inputparameter` WRITE;
/*!40000 ALTER TABLE `inputparameter` DISABLE KEYS */;
INSERT INTO `inputparameter` VALUES ('WSS104','p1'),('WSS108','p1'),('WSS120','p1'),('WSS129','p1'),('WSS135','p1'),('WSS160','p1'),('WSS213','p1'),('WSS216','p1'),('WSS217','p1'),('WSS242','p1'),('WSS262','p1'),('WSS263','p1'),('WSS277','p1'),('WSS284','p1'),('WSS3','p1'),('WSS311','p1'),('WSS324','p1'),('WSS333','p1'),('WSS342','p1'),('WSS349','p1'),('WSS353','p1'),('WSS356','p1'),('WSS399','p1'),('WSS40','p1'),('WSS408','p1'),('WSS41','p1'),('WSS411','p1'),('WSS43','p1'),('WSS435','p1'),('WSS459','p1'),('WSS489','p1'),('WSS50','p1'),('WSS503','p1'),('WSS505','p1'),('WSS514','p1'),('WSS515','p1'),('WSS516','p1'),('WSS522','p1'),('WSS528','p1'),('WSS533','p1'),('WSS601','p1'),('WSS610','p1'),('WSS625','p1'),('WSS644','p1'),('WSS649','p1'),('WSS671','p1'),('WSS683','p1'),('WSS691','p1'),('WSS81','p1'),('WSS100','p10'),('WSS124','p10'),('WSS132','p10'),('WSS133','p10'),('WSS142','p10'),('WSS143','p10'),('WSS199','p10'),('WSS205','p10'),('WSS254','p10'),('WSS26','p10'),('WSS275','p10'),('WSS29','p10'),('WSS309','p10'),('WSS310','p10'),('WSS334','p10'),('WSS384','p10'),('WSS385','p10'),('WSS393','p10'),('WSS419','p10'),('WSS448','p10'),('WSS460','p10'),('WSS470','p10'),('WSS508','p10'),('WSS540','p10'),('WSS555','p10'),('WSS587','p10'),('WSS595','p10'),('WSS6','p10'),('WSS619','p10'),('WSS629','p10'),('WSS639','p10'),('WSS666','p10'),('WSS667','p10'),('WSS689','p10'),('WSS697','p10'),('WSS107','p11'),('WSS109','p11'),('WSS114','p11'),('WSS15','p11'),('WSS162','p11'),('WSS17','p11'),('WSS170','p11'),('WSS176','p11'),('WSS180','p11'),('WSS201','p11'),('WSS209','p11'),('WSS216','p11'),('WSS226','p11'),('WSS251','p11'),('WSS263','p11'),('WSS268','p11'),('WSS275','p11'),('WSS297','p11'),('WSS304','p11'),('WSS318','p11'),('WSS319','p11'),('WSS328','p11'),('WSS337','p11'),('WSS340','p11'),('WSS36','p11'),('WSS363','p11'),('WSS365','p11'),('WSS367','p11'),('WSS379','p11'),('WSS390','p11'),('WSS401','p11'),('WSS413','p11'),('WSS429','p11'),('WSS432','p11'),('WSS453','p11'),('WSS475','p11'),('WSS520','p11'),('WSS574','p11'),('WSS576','p11'),('WSS592','p11'),('WSS598','p11'),('WSS61','p11'),('WSS628','p11'),('WSS642','p11'),('WSS659','p11'),('WSS662','p11'),('WSS676','p11'),('WSS682','p11'),('WSS692','p11'),('WSS697','p11'),('WSS71','p11'),('WSS117','p12'),('WSS167','p12'),('WSS179','p12'),('WSS221','p12'),('WSS250','p12'),('WSS251','p12'),('WSS264','p12'),('WSS281','p12'),('WSS283','p12'),('WSS287','p12'),('WSS29','p12'),('WSS297','p12'),('WSS315','p12'),('WSS316','p12'),('WSS334','p12'),('WSS352','p12'),('WSS371','p12'),('WSS445','p12'),('WSS449','p12'),('WSS487','p12'),('WSS506','p12'),('WSS513','p12'),('WSS522','p12'),('WSS529','p12'),('WSS55','p12'),('WSS553','p12'),('WSS558','p12'),('WSS564','p12'),('WSS568','p12'),('WSS570','p12'),('WSS590','p12'),('WSS592','p12'),('WSS597','p12'),('WSS625','p12'),('WSS636','p12'),('WSS640','p12'),('WSS648','p12'),('WSS682','p12'),('WSS69','p12'),('WSS690','p12'),('WSS83','p12'),('WSS88','p12'),('WSS121','p13'),('WSS144','p13'),('WSS16','p13'),('WSS194','p13'),('WSS197','p13'),('WSS21','p13'),('WSS223','p13'),('WSS237','p13'),('WSS240','p13'),('WSS290','p13'),('WSS293','p13'),('WSS304','p13'),('WSS306','p13'),('WSS312','p13'),('WSS315','p13'),('WSS328','p13'),('WSS34','p13'),('WSS347','p13'),('WSS405','p13'),('WSS412','p13'),('WSS429','p13'),('WSS43','p13'),('WSS438','p13'),('WSS446','p13'),('WSS464','p13'),('WSS473','p13'),('WSS481','p13'),('WSS483','p13'),('WSS540','p13'),('WSS566','p13'),('WSS57','p13'),('WSS59','p13'),('WSS599','p13'),('WSS60','p13'),('WSS618','p13'),('WSS619','p13'),('WSS635','p13'),('WSS661','p13'),('WSS665','p13'),('WSS687','p13'),('WSS689','p13'),('WSS693','p13'),('WSS695','p13'),('WSS698','p13'),('WSS699','p13'),('WSS70','p13'),('WSS71','p13'),('WSS83','p13'),('WSS87','p13'),('WSS113','p14'),('WSS14','p14'),('WSS155','p14'),('WSS171','p14'),('WSS203','p14'),('WSS224','p14'),('WSS242','p14'),('WSS244','p14'),('WSS256','p14'),('WSS298','p14'),('WSS325','p14'),('WSS346','p14'),('WSS351','p14'),('WSS354','p14'),('WSS368','p14'),('WSS377','p14'),('WSS378','p14'),('WSS402','p14'),('WSS422','p14'),('WSS428','p14'),('WSS433','p14'),('WSS443','p14'),('WSS469','p14'),('WSS471','p14'),('WSS509','p14'),('WSS51','p14'),('WSS534','p14'),('WSS561','p14'),('WSS565','p14'),('WSS59','p14'),('WSS601','p14'),('WSS616','p14'),('WSS646','p14'),('WSS664','p14'),('WSS72','p14'),('WSS73','p14'),('WSS76','p14'),('WSS94','p14'),('WSS118','p15'),('WSS125','p15'),('WSS140','p15'),('WSS174','p15'),('WSS178','p15'),('WSS18','p15'),('WSS184','p15'),('WSS187','p15'),('WSS195','p15'),('WSS207','p15'),('WSS208','p15'),('WSS218','p15'),('WSS24','p15'),('WSS255','p15'),('WSS27','p15'),('WSS273','p15'),('WSS276','p15'),('WSS282','p15'),('WSS286','p15'),('WSS294','p15'),('WSS295','p15'),('WSS301','p15'),('WSS326','p15'),('WSS342','p15'),('WSS345','p15'),('WSS361','p15'),('WSS398','p15'),('WSS400','p15'),('WSS403','p15'),('WSS415','p15'),('WSS42','p15'),('WSS424','p15'),('WSS428','p15'),('WSS430','p15'),('WSS433','p15'),('WSS481','p15'),('WSS482','p15'),('WSS507','p15'),('WSS539','p15'),('WSS542','p15'),('WSS572','p15'),('WSS632','p15'),('WSS635','p15'),('WSS636','p15'),('WSS652','p15'),('WSS663','p15'),('WSS677','p15'),('WSS678','p15'),('WSS681','p15'),('WSS97','p15'),('WSS100','p16'),('WSS126','p16'),('WSS128','p16'),('WSS130','p16'),('WSS138','p16'),('WSS149','p16'),('WSS159','p16'),('WSS167','p16'),('WSS189','p16'),('WSS197','p16'),('WSS200','p16'),('WSS223','p16'),('WSS234','p16'),('WSS265','p16'),('WSS287','p16'),('WSS289','p16'),('WSS350','p16'),('WSS357','p16'),('WSS411','p16'),('WSS417','p16'),('WSS431','p16'),('WSS480','p16'),('WSS486','p16'),('WSS501','p16'),('WSS510','p16'),('WSS511','p16'),('WSS521','p16'),('WSS526','p16'),('WSS535','p16'),('WSS545','p16'),('WSS571','p16'),('WSS591','p16'),('WSS594','p16'),('WSS623','p16'),('WSS648','p16'),('WSS655','p16'),('WSS658','p16'),('WSS66','p16'),('WSS67','p16'),('WSS7','p16'),('WSS77','p16'),('WSS84','p16'),('WSS94','p16'),('WSS102','p17'),('WSS103','p17'),('WSS116','p17'),('WSS134','p17'),('WSS14','p17'),('WSS143','p17'),('WSS152','p17'),('WSS165','p17'),('WSS173','p17'),('WSS191','p17'),('WSS2','p17'),('WSS212','p17'),('WSS22','p17'),('WSS246','p17'),('WSS25','p17'),('WSS273','p17'),('WSS291','p17'),('WSS325','p17'),('WSS357','p17'),('WSS373','p17'),('WSS388','p17'),('WSS392','p17'),('WSS427','p17'),('WSS478','p17'),('WSS479','p17'),('WSS493','p17'),('WSS509','p17'),('WSS53','p17'),('WSS578','p17'),('WSS579','p17'),('WSS582','p17'),('WSS585','p17'),('WSS600','p17'),('WSS607','p17'),('WSS629','p17'),('WSS669','p17'),('WSS84','p17'),('WSS90','p17'),('WSS96','p17'),('WSS1','p18'),('WSS104','p18'),('WSS105','p18'),('WSS111','p18'),('WSS118','p18'),('WSS120','p18'),('WSS126','p18'),('WSS136','p18'),('WSS163','p18'),('WSS175','p18'),('WSS179','p18'),('WSS190','p18'),('WSS217','p18'),('WSS243','p18'),('WSS248','p18'),('WSS296','p18'),('WSS301','p18'),('WSS308','p18'),('WSS322','p18'),('WSS323','p18'),('WSS333','p18'),('WSS350','p18'),('WSS363','p18'),('WSS364','p18'),('WSS383','p18'),('WSS386','p18'),('WSS399','p18'),('WSS407','p18'),('WSS419','p18'),('WSS434','p18'),('WSS45','p18'),('WSS47','p18'),('WSS474','p18'),('WSS478','p18'),('WSS483','p18'),('WSS487','p18'),('WSS507','p18'),('WSS531','p18'),('WSS541','p18'),('WSS543','p18'),('WSS549','p18'),('WSS573','p18'),('WSS60','p18'),('WSS602','p18'),('WSS634','p18'),('WSS644','p18'),('WSS646','p18'),('WSS653','p18'),('WSS668','p18'),('WSS8','p18'),('WSS89','p18'),('WSS96','p18'),('WSS115','p19'),('WSS147','p19'),('WSS20','p19'),('WSS200','p19'),('WSS211','p19'),('WSS220','p19'),('WSS25','p19'),('WSS250','p19'),('WSS257','p19'),('WSS258','p19'),('WSS262','p19'),('WSS267','p19'),('WSS268','p19'),('WSS272','p19'),('WSS303','p19'),('WSS32','p19'),('WSS324','p19'),('WSS346','p19'),('WSS35','p19'),('WSS359','p19'),('WSS381','p19'),('WSS386','p19'),('WSS387','p19'),('WSS391','p19'),('WSS401','p19'),('WSS426','p19'),('WSS449','p19'),('WSS468','p19'),('WSS47','p19'),('WSS480','p19'),('WSS494','p19'),('WSS511','p19'),('WSS517','p19'),('WSS525','p19'),('WSS527','p19'),('WSS535','p19'),('WSS537','p19'),('WSS539','p19'),('WSS554','p19'),('WSS581','p19'),('WSS609','p19'),('WSS613','p19'),('WSS618','p19'),('WSS626','p19'),('WSS641','p19'),('WSS654','p19'),('WSS658','p19'),('WSS684','p19'),('WSS8','p19'),('WSS86','p19'),('WSS93','p19'),('WSS98','p19'),('WSS101','p2'),('WSS115','p2'),('WSS117','p2'),('WSS123','p2'),('WSS125','p2'),('WSS128','p2'),('WSS157','p2'),('WSS158','p2'),('WSS172','p2'),('WSS180','p2'),('WSS186','p2'),('WSS188','p2'),('WSS192','p2'),('WSS228','p2'),('WSS252','p2'),('WSS254','p2'),('WSS26','p2'),('WSS269','p2'),('WSS27','p2'),('WSS278','p2'),('WSS279','p2'),('WSS288','p2'),('WSS293','p2'),('WSS30','p2'),('WSS326','p2'),('WSS348','p2'),('WSS354','p2'),('WSS359','p2'),('WSS388','p2'),('WSS396','p2'),('WSS406','p2'),('WSS416','p2'),('WSS420','p2'),('WSS432','p2'),('WSS435','p2'),('WSS441','p2'),('WSS466','p2'),('WSS470','p2'),('WSS471','p2'),('WSS472','p2'),('WSS477','p2'),('WSS488','p2'),('WSS494','p2'),('WSS50','p2'),('WSS513','p2'),('WSS533','p2'),('WSS54','p2'),('WSS56','p2'),('WSS560','p2'),('WSS588','p2'),('WSS589','p2'),('WSS614','p2'),('WSS627','p2'),('WSS643','p2'),('WSS67','p2'),('WSS680','p2'),('WSS690','p2'),('WSS7','p2'),('WSS79','p2'),('WSS101','p20'),('WSS105','p20'),('WSS134','p20'),('WSS138','p20'),('WSS153','p20'),('WSS166','p20'),('WSS176','p20'),('WSS183','p20'),('WSS186','p20'),('WSS201','p20'),('WSS204','p20'),('WSS230','p20'),('WSS24','p20'),('WSS261','p20'),('WSS309','p20'),('WSS312','p20'),('WSS352','p20'),('WSS361','p20'),('WSS369','p20'),('WSS37','p20'),('WSS370','p20'),('WSS378','p20'),('WSS382','p20'),('WSS4','p20'),('WSS418','p20'),('WSS420','p20'),('WSS421','p20'),('WSS437','p20'),('WSS44','p20'),('WSS455','p20'),('WSS458','p20'),('WSS488','p20'),('WSS490','p20'),('WSS491','p20'),('WSS514','p20'),('WSS52','p20'),('WSS524','p20'),('WSS542','p20'),('WSS550','p20'),('WSS562','p20'),('WSS590','p20'),('WSS617','p20'),('WSS631','p20'),('WSS645','p20'),('WSS664','p20'),('WSS685','p20'),('WSS688','p20'),('WSS89','p20'),('WSS9','p20'),('WSS10','p21'),('WSS108','p21'),('WSS127','p21'),('WSS145','p21'),('WSS150','p21'),('WSS157','p21'),('WSS168','p21'),('WSS169','p21'),('WSS173','p21'),('WSS177','p21'),('WSS181','p21'),('WSS234','p21'),('WSS247','p21'),('WSS253','p21'),('WSS259','p21'),('WSS276','p21'),('WSS305','p21'),('WSS313','p21'),('WSS314','p21'),('WSS321','p21'),('WSS347','p21'),('WSS348','p21'),('WSS384','p21'),('WSS393','p21'),('WSS395','p21'),('WSS425','p21'),('WSS451','p21'),('WSS462','p21'),('WSS49','p21'),('WSS520','p21'),('WSS534','p21'),('WSS606','p21'),('WSS63','p21'),('WSS645','p21'),('WSS647','p21'),('WSS659','p21'),('WSS675','p21'),('WSS69','p21'),('WSS696','p21'),('WSS112','p22'),('WSS131','p22'),('WSS135','p22'),('WSS175','p22'),('WSS184','p22'),('WSS19','p22'),('WSS214','p22'),('WSS233','p22'),('WSS239','p22'),('WSS253','p22'),('WSS267','p22'),('WSS269','p22'),('WSS320','p22'),('WSS345','p22'),('WSS351','p22'),('WSS355','p22'),('WSS36','p22'),('WSS375','p22'),('WSS376','p22'),('WSS389','p22'),('WSS39','p22'),('WSS4','p22'),('WSS400','p22'),('WSS442','p22'),('WSS496','p22'),('WSS508','p22'),('WSS559','p22'),('WSS600','p22'),('WSS603','p22'),('WSS621','p22'),('WSS631','p22'),('WSS634','p22'),('WSS93','p22'),('WSS145','p23'),('WSS148','p23'),('WSS156','p23'),('WSS163','p23'),('WSS190','p23'),('WSS196','p23'),('WSS213','p23'),('WSS23','p23'),('WSS230','p23'),('WSS239','p23'),('WSS247','p23'),('WSS279','p23'),('WSS308','p23'),('WSS327','p23'),('WSS332','p23'),('WSS366','p23'),('WSS380','p23'),('WSS381','p23'),('WSS395','p23'),('WSS406','p23'),('WSS410','p23'),('WSS414','p23'),('WSS425','p23'),('WSS450','p23'),('WSS455','p23'),('WSS457','p23'),('WSS465','p23'),('WSS492','p23'),('WSS521','p23'),('WSS529','p23'),('WSS532','p23'),('WSS537','p23'),('WSS544','p23'),('WSS552','p23'),('WSS555','p23'),('WSS586','p23'),('WSS611','p23'),('WSS612','p23'),('WSS615','p23'),('WSS643','p23'),('WSS653','p23'),('WSS663','p23'),('WSS11','p24'),('WSS113','p24'),('WSS146','p24'),('WSS172','p24'),('WSS192','p24'),('WSS194','p24'),('WSS195','p24'),('WSS206','p24'),('WSS207','p24'),('WSS240','p24'),('WSS245','p24'),('WSS260','p24'),('WSS302','p24'),('WSS314','p24'),('WSS349','p24'),('WSS364','p24'),('WSS365','p24'),('WSS37','p24'),('WSS374','p24'),('WSS382','p24'),('WSS407','p24'),('WSS451','p24'),('WSS46','p24'),('WSS476','p24'),('WSS502','p24'),('WSS523','p24'),('WSS524','p24'),('WSS530','p24'),('WSS563','p24'),('WSS569','p24'),('WSS584','p24'),('WSS585','p24'),('WSS603','p24'),('WSS609','p24'),('WSS62','p24'),('WSS623','p24'),('WSS647','p24'),('WSS656','p24'),('WSS665','p24'),('WSS670','p24'),('WSS72','p24'),('WSS85','p24'),('WSS95','p24'),('WSS110','p25'),('WSS122','p25'),('WSS132','p25'),('WSS146','p25'),('WSS152','p25'),('WSS161','p25'),('WSS162','p25'),('WSS193','p25'),('WSS21','p25'),('WSS219','p25'),('WSS225','p25'),('WSS227','p25'),('WSS232','p25'),('WSS235','p25'),('WSS238','p25'),('WSS248','p25'),('WSS265','p25'),('WSS295','p25'),('WSS3','p25'),('WSS318','p25'),('WSS321','p25'),('WSS331','p25'),('WSS343','p25'),('WSS358','p25'),('WSS362','p25'),('WSS372','p25'),('WSS375','p25'),('WSS391','p25'),('WSS405','p25'),('WSS438','p25'),('WSS484','p25'),('WSS497','p25'),('WSS498','p25'),('WSS501','p25'),('WSS518','p25'),('WSS523','p25'),('WSS538','p25'),('WSS546','p25'),('WSS56','p25'),('WSS560','p25'),('WSS568','p25'),('WSS571','p25'),('WSS575','p25'),('WSS584','p25'),('WSS602','p25'),('WSS607','p25'),('WSS61','p25'),('WSS615','p25'),('WSS620','p25'),('WSS621','p25'),('WSS628','p25'),('WSS649','p25'),('WSS650','p25'),('WSS66','p25'),('WSS683','p25'),('WSS685','p25'),('WSS688','p25'),('WSS110','p26'),('WSS116','p26'),('WSS124','p26'),('WSS153','p26'),('WSS156','p26'),('WSS181','p26'),('WSS198','p26'),('WSS20','p26'),('WSS202','p26'),('WSS210','p26'),('WSS219','p26'),('WSS244','p26'),('WSS257','p26'),('WSS258','p26'),('WSS28','p26'),('WSS280','p26'),('WSS283','p26'),('WSS300','p26'),('WSS322','p26'),('WSS330','p26'),('WSS339','p26'),('WSS343','p26'),('WSS370','p26'),('WSS397','p26'),('WSS403','p26'),('WSS41','p26'),('WSS423','p26'),('WSS439','p26'),('WSS459','p26'),('WSS484','p26'),('WSS486','p26'),('WSS499','p26'),('WSS505','p26'),('WSS519','p26'),('WSS544','p26'),('WSS553','p26'),('WSS563','p26'),('WSS577','p26'),('WSS579','p26'),('WSS581','p26'),('WSS593','p26'),('WSS617','p26'),('WSS622','p26'),('WSS624','p26'),('WSS630','p26'),('WSS651','p26'),('WSS667','p26'),('WSS686','p26'),('WSS700','p26'),('WSS86','p26'),('WSS88','p26'),('WSS99','p26'),('WSS1','p27'),('WSS106','p27'),('WSS127','p27'),('WSS130','p27'),('WSS16','p27'),('WSS160','p27'),('WSS17','p27'),('WSS19','p27'),('WSS228','p27'),('WSS249','p27'),('WSS261','p27'),('WSS285','p27'),('WSS299','p27'),('WSS31','p27'),('WSS310','p27'),('WSS33','p27'),('WSS374','p27'),('WSS385','p27'),('WSS402','p27'),('WSS415','p27'),('WSS444','p27'),('WSS448','p27'),('WSS45','p27'),('WSS452','p27'),('WSS454','p27'),('WSS466','p27'),('WSS476','p27'),('WSS482','p27'),('WSS489','p27'),('WSS492','p27'),('WSS498','p27'),('WSS5','p27'),('WSS517','p27'),('WSS52','p27'),('WSS528','p27'),('WSS565','p27'),('WSS576','p27'),('WSS595','p27'),('WSS596','p27'),('WSS604','p27'),('WSS641','p27'),('WSS642','p27'),('WSS657','p27'),('WSS660','p27'),('WSS666','p27'),('WSS671','p27'),('WSS672','p27'),('WSS684','p27'),('WSS698','p27'),('WSS699','p27'),('WSS700','p27'),('WSS82','p27'),('WSS87','p27'),('WSS106','p28'),('WSS11','p28'),('WSS12','p28'),('WSS122','p28'),('WSS13','p28'),('WSS141','p28'),('WSS148','p28'),('WSS150','p28'),('WSS187','p28'),('WSS212','p28'),('WSS215','p28'),('WSS225','p28'),('WSS23','p28'),('WSS231','p28'),('WSS237','p28'),('WSS241','p28'),('WSS243','p28'),('WSS272','p28'),('WSS30','p28'),('WSS306','p28'),('WSS34','p28'),('WSS367','p28'),('WSS368','p28'),('WSS371','p28'),('WSS390','p28'),('WSS398','p28'),('WSS40','p28'),('WSS430','p28'),('WSS434','p28'),('WSS44','p28'),('WSS440','p28'),('WSS445','p28'),('WSS460','p28'),('WSS467','p28'),('WSS475','p28'),('WSS48','p28'),('WSS491','p28'),('WSS495','p28'),('WSS519','p28'),('WSS531','p28'),('WSS567','p28'),('WSS570','p28'),('WSS587','p28'),('WSS626','p28'),('WSS633','p28'),('WSS65','p28'),('WSS655','p28'),('WSS675','p28'),('WSS677','p28'),('WSS691','p28'),('WSS694','p28'),('WSS74','p28'),('WSS80','p28'),('WSS91','p28'),('WSS99','p28'),('WSS107','p29'),('WSS111','p29'),('WSS112','p29'),('WSS114','p29'),('WSS13','p29'),('WSS185','p29'),('WSS198','p29'),('WSS203','p29'),('WSS204','p29'),('WSS210','p29'),('WSS222','p29'),('WSS236','p29'),('WSS252','p29'),('WSS255','p29'),('WSS256','p29'),('WSS277','p29'),('WSS290','p29'),('WSS291','p29'),('WSS292','p29'),('WSS311','p29'),('WSS336','p29'),('WSS353','p29'),('WSS356','p29'),('WSS366','p29'),('WSS409','p29'),('WSS422','p29'),('WSS427','p29'),('WSS444','p29'),('WSS453','p29'),('WSS490','p29'),('WSS497','p29'),('WSS500','p29'),('WSS504','p29'),('WSS53','p29'),('WSS54','p29'),('WSS557','p29'),('WSS558','p29'),('WSS561','p29'),('WSS578','p29'),('WSS583','p29'),('WSS596','p29'),('WSS611','p29'),('WSS613','p29'),('WSS75','p29'),('WSS77','p29'),('WSS92','p29'),('WSS95','p29'),('WSS97','p29'),('WSS98','p29'),('WSS133','p3'),('WSS140','p3'),('WSS15','p3'),('WSS155','p3'),('WSS159','p3'),('WSS161','p3'),('WSS164','p3'),('WSS183','p3'),('WSS191','p3'),('WSS229','p3'),('WSS271','p3'),('WSS286','p3'),('WSS289','p3'),('WSS298','p3'),('WSS31','p3'),('WSS319','p3'),('WSS329','p3'),('WSS335','p3'),('WSS338','p3'),('WSS387','p3'),('WSS410','p3'),('WSS412','p3'),('WSS417','p3'),('WSS421','p3'),('WSS436','p3'),('WSS457','p3'),('WSS458','p3'),('WSS46','p3'),('WSS485','p3'),('WSS49','p3'),('WSS493','p3'),('WSS499','p3'),('WSS500','p3'),('WSS515','p3'),('WSS518','p3'),('WSS536','p3'),('WSS541','p3'),('WSS564','p3'),('WSS572','p3'),('WSS580','p3'),('WSS582','p3'),('WSS593','p3'),('WSS650','p3'),('WSS695','p3'),('WSS81','p3'),('WSS82','p3'),('WSS131','p30'),('WSS137','p30'),('WSS139','p30'),('WSS151','p30'),('WSS168','p30'),('WSS209','p30'),('WSS214','p30'),('WSS241','p30'),('WSS270','p30'),('WSS302','p30'),('WSS316','p30'),('WSS332','p30'),('WSS340','p30'),('WSS341','p30'),('WSS35','p30'),('WSS355','p30'),('WSS397','p30'),('WSS418','p30'),('WSS447','p30'),('WSS461','p30'),('WSS463','p30'),('WSS477','p30'),('WSS485','p30'),('WSS503','p30'),('WSS530','p30'),('WSS549','p30'),('WSS557','p30'),('WSS574','p30'),('WSS589','p30'),('WSS605','p30'),('WSS608','p30'),('WSS622','p30'),('WSS637','p30'),('WSS654','p30'),('WSS672','p30'),('WSS673','p30'),('WSS679','p30'),('WSS68','p30'),('WSS692','p30'),('WSS79','p30'),('WSS85','p30'),('WSS109','p4'),('WSS129','p4'),('WSS139','p4'),('WSS141','p4'),('WSS154','p4'),('WSS158','p4'),('WSS188','p4'),('WSS22','p4'),('WSS221','p4'),('WSS224','p4'),('WSS233','p4'),('WSS235','p4'),('WSS264','p4'),('WSS28','p4'),('WSS292','p4'),('WSS294','p4'),('WSS300','p4'),('WSS32','p4'),('WSS344','p4'),('WSS373','p4'),('WSS38','p4'),('WSS404','p4'),('WSS409','p4'),('WSS456','p4'),('WSS467','p4'),('WSS51','p4'),('WSS512','p4'),('WSS543','p4'),('WSS547','p4'),('WSS550','p4'),('WSS57','p4'),('WSS575','p4'),('WSS605','p4'),('WSS610','p4'),('WSS640','p4'),('WSS662','p4'),('WSS674','p4'),('WSS694','p4'),('WSS73','p4'),('WSS9','p4'),('WSS10','p5'),('WSS103','p5'),('WSS119','p5'),('WSS144','p5'),('WSS170','p5'),('WSS177','p5'),('WSS208','p5'),('WSS215','p5'),('WSS229','p5'),('WSS231','p5'),('WSS236','p5'),('WSS274','p5'),('WSS278','p5'),('WSS299','p5'),('WSS307','p5'),('WSS329','p5'),('WSS338','p5'),('WSS377','p5'),('WSS379','p5'),('WSS396','p5'),('WSS442','p5'),('WSS443','p5'),('WSS447','p5'),('WSS461','p5'),('WSS473','p5'),('WSS496','p5'),('WSS504','p5'),('WSS536','p5'),('WSS551','p5'),('WSS562','p5'),('WSS567','p5'),('WSS577','p5'),('WSS598','p5'),('WSS604','p5'),('WSS608','p5'),('WSS614','p5'),('WSS63','p5'),('WSS638','p5'),('WSS64','p5'),('WSS652','p5'),('WSS686','p5'),('WSS70','p5'),('WSS119','p6'),('WSS137','p6'),('WSS149','p6'),('WSS166','p6'),('WSS18','p6'),('WSS189','p6'),('WSS206','p6'),('WSS227','p6'),('WSS232','p6'),('WSS238','p6'),('WSS270','p6'),('WSS274','p6'),('WSS281','p6'),('WSS282','p6'),('WSS296','p6'),('WSS317','p6'),('WSS358','p6'),('WSS376','p6'),('WSS380','p6'),('WSS39','p6'),('WSS394','p6'),('WSS431','p6'),('WSS437','p6'),('WSS454','p6'),('WSS462','p6'),('WSS468','p6'),('WSS548','p6'),('WSS554','p6'),('WSS573','p6'),('WSS591','p6'),('WSS606','p6'),('WSS624','p6'),('WSS638','p6'),('WSS65','p6'),('WSS670','p6'),('WSS680','p6'),('WSS687','p6'),('WSS76','p6'),('WSS78','p6'),('WSS90','p6'),('WSS147','p7'),('WSS154','p7'),('WSS171','p7'),('WSS182','p7'),('WSS185','p7'),('WSS193','p7'),('WSS199','p7'),('WSS205','p7'),('WSS211','p7'),('WSS220','p7'),('WSS246','p7'),('WSS259','p7'),('WSS266','p7'),('WSS280','p7'),('WSS313','p7'),('WSS317','p7'),('WSS320','p7'),('WSS323','p7'),('WSS327','p7'),('WSS331','p7'),('WSS335','p7'),('WSS339','p7'),('WSS360','p7'),('WSS362','p7'),('WSS369','p7'),('WSS383','p7'),('WSS392','p7'),('WSS394','p7'),('WSS416','p7'),('WSS436','p7'),('WSS439','p7'),('WSS441','p7'),('WSS452','p7'),('WSS463','p7'),('WSS465','p7'),('WSS472','p7'),('WSS48','p7'),('WSS5','p7'),('WSS506','p7'),('WSS516','p7'),('WSS525','p7'),('WSS532','p7'),('WSS538','p7'),('WSS545','p7'),('WSS548','p7'),('WSS551','p7'),('WSS566','p7'),('WSS594','p7'),('WSS597','p7'),('WSS62','p7'),('WSS639','p7'),('WSS64','p7'),('WSS651','p7'),('WSS673','p7'),('WSS693','p7'),('WSS696','p7'),('WSS78','p7'),('WSS91','p7'),('WSS121','p8'),('WSS123','p8'),('WSS164','p8'),('WSS165','p8'),('WSS174','p8'),('WSS222','p8'),('WSS226','p8'),('WSS245','p8'),('WSS271','p8'),('WSS285','p8'),('WSS307','p8'),('WSS33','p8'),('WSS330','p8'),('WSS341','p8'),('WSS360','p8'),('WSS389','p8'),('WSS404','p8'),('WSS413','p8'),('WSS446','p8'),('WSS456','p8'),('WSS464','p8'),('WSS474','p8'),('WSS479','p8'),('WSS495','p8'),('WSS547','p8'),('WSS552','p8'),('WSS559','p8'),('WSS586','p8'),('WSS588','p8'),('WSS599','p8'),('WSS6','p8'),('WSS612','p8'),('WSS616','p8'),('WSS620','p8'),('WSS657','p8'),('WSS678','p8'),('WSS679','p8'),('WSS681','p8'),('WSS74','p8'),('WSS102','p9'),('WSS12','p9'),('WSS136','p9'),('WSS142','p9'),('WSS151','p9'),('WSS169','p9'),('WSS182','p9'),('WSS196','p9'),('WSS218','p9'),('WSS249','p9'),('WSS260','p9'),('WSS266','p9'),('WSS288','p9'),('WSS305','p9'),('WSS336','p9'),('WSS337','p9'),('WSS344','p9'),('WSS38','p9'),('WSS408','p9'),('WSS414','p9'),('WSS42','p9'),('WSS423','p9'),('WSS426','p9'),('WSS440','p9'),('WSS450','p9'),('WSS469','p9'),('WSS502','p9'),('WSS526','p9'),('WSS527','p9'),('WSS546','p9'),('WSS556','p9'),('WSS569','p9'),('WSS58','p9'),('WSS632','p9'),('WSS656','p9'),('WSS660','p9'),('WSS674','p9'),('WSS68','p9'),('WSS75','p9'),('WSS80','p9'),('WSS92','p9');
/*!40000 ALTER TABLE `inputparameter` ENABLE KEYS */;
UNLOCK TABLES;

--
-- Table structure for table `knowledgeforcareerpath`
--

DROP TABLE IF EXISTS `knowledgeforcareerpath`;
/*!40101 SET @saved_cs_client     = @@character_set_client */;
/*!50503 SET character_set_client = utf8mb4 */;
CREATE TABLE `knowledgeforcareerpath` (
  `careerPathID` char(4) NOT NULL,
  `knowledgeID` char(6) NOT NULL,
  PRIMARY KEY (`careerPathID`,`knowledgeID`)
) ENGINE=InnoDB DEFAULT CHARSET=latin1;
/*!40101 SET character_set_client = @saved_cs_client */;

--
-- Dumping data for table `knowledgeforcareerpath`
--

LOCK TABLES `knowledgeforcareerpath` WRITE;
/*!40000 ALTER TABLE `knowledgeforcareerpath` DISABLE KEYS */;
INSERT INTO `knowledgeforcareerpath` VALUES ('C100','k1C311'),('C100','k1C412'),('C100','k1C469'),('C100','k1C500');
/*!40000 ALTER TABLE `knowledgeforcareerpath` ENABLE KEYS */;
UNLOCK TABLES;

--
-- Table structure for table `lhs`
--

DROP TABLE IF EXISTS `lhs`;
/*!40101 SET @saved_cs_client     = @@character_set_client */;
/*!50503 SET character_set_client = utf8mb4 */;
CREATE TABLE `lhs` (
  `ruleid` int NOT NULL,
  `courseid` varchar(10) NOT NULL,
  PRIMARY KEY (`ruleid`,`courseid`)
) ENGINE=InnoDB DEFAULT CHARSET=latin1;
/*!40101 SET character_set_client = @saved_cs_client */;

--
-- Dumping data for table `lhs`
--

LOCK TABLES `lhs` WRITE;
/*!40000 ALTER TABLE `lhs` DISABLE KEYS */;
INSERT INTO `lhs` VALUES (1,'ICP006'),(2,'ICP006'),(3,'ICP006'),(4,'ICP110'),(5,'ICP110'),(6,'ICP311'),(7,'ICP006'),(7,'ICP110'),(8,'ICP006'),(8,'ICP110'),(9,'ICP006'),(9,'ICP311'),(10,'ICP110'),(10,'ICP311'),(11,'ICP006'),(11,'ICP110'),(11,'ICP311');
/*!40000 ALTER TABLE `lhs` ENABLE KEYS */;
UNLOCK TABLES;

--
-- Table structure for table `outputparameter`
--

DROP TABLE IF EXISTS `outputparameter`;
/*!40101 SET @saved_cs_client     = @@character_set_client */;
/*!50503 SET character_set_client = utf8mb4 */;
CREATE TABLE `outputparameter` (
  `webServiceID` varchar(10) NOT NULL,
  `parameterID` varchar(10) NOT NULL,
  PRIMARY KEY (`webServiceID`,`parameterID`),
  KEY `knowledgeID` (`parameterID`)
) ENGINE=InnoDB DEFAULT CHARSET=latin1;
/*!40101 SET character_set_client = @saved_cs_client */;

--
-- Dumping data for table `outputparameter`
--

LOCK TABLES `outputparameter` WRITE;
/*!40000 ALTER TABLE `outputparameter` DISABLE KEYS */;
INSERT INTO `outputparameter` VALUES ('WSS1','p1'),('WSS10','p1'),('WSS103','p1'),('WSS105','p1'),('WSS109','p1'),('WSS117','p1'),('WSS118','p1'),('WSS122','p1'),('WSS124','p1'),('WSS125','p1'),('WSS126','p1'),('WSS132','p1'),('WSS134','p1'),('WSS135','p1'),('WSS136','p1'),('WSS159','p1'),('WSS16','p1'),('WSS164','p1'),('WSS165','p1'),('WSS171','p1'),('WSS179','p1'),('WSS180','p1'),('WSS186','p1'),('WSS194','p1'),('WSS195','p1'),('WSS200','p1'),('WSS203','p1'),('WSS205','p1'),('WSS207','p1'),('WSS216','p1'),('WSS217','p1'),('WSS218','p1'),('WSS219','p1'),('WSS22','p1'),('WSS220','p1'),('WSS224','p1'),('WSS228','p1'),('WSS233','p1'),('WSS238','p1'),('WSS241','p1'),('WSS243','p1'),('WSS246','p1'),('WSS247','p1'),('WSS26','p1'),('WSS263','p1'),('WSS265','p1'),('WSS270','p1'),('WSS277','p1'),('WSS278','p1'),('WSS281','p1'),('WSS287','p1'),('WSS288','p1'),('WSS296','p1'),('WSS298','p1'),('WSS30','p1'),('WSS300','p1'),('WSS302','p1'),('WSS308','p1'),('WSS309','p1'),('WSS31','p1'),('WSS310','p1'),('WSS311','p1'),('WSS315','p1'),('WSS322','p1'),('WSS324','p1'),('WSS328','p1'),('WSS329','p1'),('WSS333','p1'),('WSS336','p1'),('WSS342','p1'),('WSS348','p1'),('WSS355','p1'),('WSS358','p1'),('WSS36','p1'),('WSS363','p1'),('WSS365','p1'),('WSS37','p1'),('WSS371','p1'),('WSS376','p1'),('WSS379','p1'),('WSS383','p1'),('WSS387','p1'),('WSS389','p1'),('WSS402','p1'),('WSS404','p1'),('WSS407','p1'),('WSS410','p1'),('WSS413','p1'),('WSS417','p1'),('WSS419','p1'),('WSS43','p1'),('WSS432','p1'),('WSS437','p1'),('WSS439','p1'),('WSS440','p1'),('WSS446','p1'),('WSS452','p1'),('WSS461','p1'),('WSS463','p1'),('WSS464','p1'),('WSS470','p1'),('WSS474','p1'),('WSS477','p1'),('WSS479','p1'),('WSS484','p1'),('WSS492','p1'),('WSS493','p1'),('WSS494','p1'),('WSS495','p1'),('WSS499','p1'),('WSS505','p1'),('WSS509','p1'),('WSS51','p1'),('WSS513','p1'),('WSS514','p1'),('WSS518','p1'),('WSS52','p1'),('WSS524','p1'),('WSS528','p1'),('WSS529','p1'),('WSS531','p1'),('WSS536','p1'),('WSS538','p1'),('WSS54','p1'),('WSS540','p1'),('WSS544','p1'),('WSS552','p1'),('WSS553','p1'),('WSS555','p1'),('WSS556','p1'),('WSS560','p1'),('WSS566','p1'),('WSS575','p1'),('WSS585','p1'),('WSS59','p1'),('WSS594','p1'),('WSS597','p1'),('WSS614','p1'),('WSS617','p1'),('WSS618','p1'),('WSS621','p1'),('WSS625','p1'),('WSS627','p1'),('WSS631','p1'),('WSS633','p1'),('WSS636','p1'),('WSS638','p1'),('WSS65','p1'),('WSS656','p1'),('WSS661','p1'),('WSS662','p1'),('WSS667','p1'),('WSS685','p1'),('WSS688','p1'),('WSS74','p1'),('WSS77','p1'),('WSS84','p1'),('WSS91','p1'),('WSS101','p10'),('WSS105','p10'),('WSS107','p10'),('WSS112','p10'),('WSS115','p10'),('WSS116','p10'),('WSS117','p10'),('WSS118','p10'),('WSS123','p10'),('WSS125','p10'),('WSS13','p10'),('WSS133','p10'),('WSS138','p10'),('WSS140','p10'),('WSS141','p10'),('WSS144','p10'),('WSS145','p10'),('WSS147','p10'),('WSS166','p10'),('WSS167','p10'),('WSS169','p10'),('WSS188','p10'),('WSS193','p10'),('WSS195','p10'),('WSS197','p10'),('WSS198','p10'),('WSS200','p10'),('WSS202','p10'),('WSS203','p10'),('WSS204','p10'),('WSS217','p10'),('WSS218','p10'),('WSS233','p10'),('WSS234','p10'),('WSS24','p10'),('WSS241','p10'),('WSS250','p10'),('WSS258','p10'),('WSS262','p10'),('WSS263','p10'),('WSS273','p10'),('WSS274','p10'),('WSS278','p10'),('WSS284','p10'),('WSS285','p10'),('WSS289','p10'),('WSS29','p10'),('WSS30','p10'),('WSS304','p10'),('WSS311','p10'),('WSS313','p10'),('WSS319','p10'),('WSS323','p10'),('WSS325','p10'),('WSS343','p10'),('WSS345','p10'),('WSS352','p10'),('WSS357','p10'),('WSS360','p10'),('WSS362','p10'),('WSS364','p10'),('WSS377','p10'),('WSS384','p10'),('WSS386','p10'),('WSS397','p10'),('WSS398','p10'),('WSS399','p10'),('WSS405','p10'),('WSS411','p10'),('WSS412','p10'),('WSS415','p10'),('WSS416','p10'),('WSS423','p10'),('WSS434','p10'),('WSS437','p10'),('WSS44','p10'),('WSS449','p10'),('WSS452','p10'),('WSS456','p10'),('WSS459','p10'),('WSS460','p10'),('WSS462','p10'),('WSS463','p10'),('WSS467','p10'),('WSS474','p10'),('WSS483','p10'),('WSS488','p10'),('WSS491','p10'),('WSS494','p10'),('WSS497','p10'),('WSS502','p10'),('WSS504','p10'),('WSS506','p10'),('WSS51','p10'),('WSS511','p10'),('WSS526','p10'),('WSS529','p10'),('WSS531','p10'),('WSS533','p10'),('WSS535','p10'),('WSS540','p10'),('WSS541','p10'),('WSS547','p10'),('WSS548','p10'),('WSS55','p10'),('WSS550','p10'),('WSS552','p10'),('WSS553','p10'),('WSS554','p10'),('WSS555','p10'),('WSS556','p10'),('WSS558','p10'),('WSS566','p10'),('WSS567','p10'),('WSS568','p10'),('WSS569','p10'),('WSS571','p10'),('WSS581','p10'),('WSS584','p10'),('WSS585','p10'),('WSS587','p10'),('WSS588','p10'),('WSS59','p10'),('WSS591','p10'),('WSS596','p10'),('WSS598','p10'),('WSS60','p10'),('WSS602','p10'),('WSS603','p10'),('WSS605','p10'),('WSS607','p10'),('WSS610','p10'),('WSS611','p10'),('WSS616','p10'),('WSS62','p10'),('WSS620','p10'),('WSS622','p10'),('WSS632','p10'),('WSS640','p10'),('WSS644','p10'),('WSS645','p10'),('WSS653','p10'),('WSS664','p10'),('WSS671','p10'),('WSS673','p10'),('WSS677','p10'),('WSS678','p10'),('WSS681','p10'),('WSS682','p10'),('WSS684','p10'),('WSS686','p10'),('WSS69','p10'),('WSS692','p10'),('WSS693','p10'),('WSS73','p10'),('WSS87','p10'),('WSS89','p10'),('WSS90','p10'),('WSS91','p10'),('WSS94','p10'),('WSS99','p10'),('WSS10','p11'),('WSS104','p11'),('WSS107','p11'),('WSS11','p11'),('WSS118','p11'),('WSS124','p11'),('WSS126','p11'),('WSS130','p11'),('WSS132','p11'),('WSS136','p11'),('WSS137','p11'),('WSS138','p11'),('WSS140','p11'),('WSS141','p11'),('WSS142','p11'),('WSS144','p11'),('WSS158','p11'),('WSS159','p11'),('WSS161','p11'),('WSS168','p11'),('WSS170','p11'),('WSS172','p11'),('WSS178','p11'),('WSS183','p11'),('WSS184','p11'),('WSS189','p11'),('WSS194','p11'),('WSS197','p11'),('WSS20','p11'),('WSS202','p11'),('WSS208','p11'),('WSS212','p11'),('WSS213','p11'),('WSS214','p11'),('WSS216','p11'),('WSS22','p11'),('WSS221','p11'),('WSS224','p11'),('WSS227','p11'),('WSS229','p11'),('WSS234','p11'),('WSS239','p11'),('WSS244','p11'),('WSS245','p11'),('WSS250','p11'),('WSS251','p11'),('WSS253','p11'),('WSS255','p11'),('WSS256','p11'),('WSS258','p11'),('WSS259','p11'),('WSS260','p11'),('WSS261','p11'),('WSS265','p11'),('WSS266','p11'),('WSS268','p11'),('WSS27','p11'),('WSS272','p11'),('WSS278','p11'),('WSS281','p11'),('WSS288','p11'),('WSS290','p11'),('WSS293','p11'),('WSS294','p11'),('WSS295','p11'),('WSS301','p11'),('WSS306','p11'),('WSS309','p11'),('WSS310','p11'),('WSS311','p11'),('WSS314','p11'),('WSS315','p11'),('WSS319','p11'),('WSS322','p11'),('WSS332','p11'),('WSS337','p11'),('WSS34','p11'),('WSS354','p11'),('WSS356','p11'),('WSS359','p11'),('WSS361','p11'),('WSS364','p11'),('WSS372','p11'),('WSS374','p11'),('WSS377','p11'),('WSS378','p11'),('WSS38','p11'),('WSS381','p11'),('WSS389','p11'),('WSS395','p11'),('WSS396','p11'),('WSS398','p11'),('WSS399','p11'),('WSS406','p11'),('WSS413','p11'),('WSS419','p11'),('WSS42','p11'),('WSS420','p11'),('WSS421','p11'),('WSS427','p11'),('WSS429','p11'),('WSS433','p11'),('WSS436','p11'),('WSS437','p11'),('WSS441','p11'),('WSS446','p11'),('WSS448','p11'),('WSS449','p11'),('WSS45','p11'),('WSS453','p11'),('WSS455','p11'),('WSS456','p11'),('WSS459','p11'),('WSS46','p11'),('WSS465','p11'),('WSS466','p11'),('WSS467','p11'),('WSS469','p11'),('WSS47','p11'),('WSS471','p11'),('WSS48','p11'),('WSS481','p11'),('WSS482','p11'),('WSS485','p11'),('WSS488','p11'),('WSS495','p11'),('WSS496','p11'),('WSS498','p11'),('WSS5','p11'),('WSS50','p11'),('WSS503','p11'),('WSS509','p11'),('WSS510','p11'),('WSS512','p11'),('WSS513','p11'),('WSS518','p11'),('WSS529','p11'),('WSS53','p11'),('WSS532','p11'),('WSS54','p11'),('WSS546','p11'),('WSS549','p11'),('WSS558','p11'),('WSS560','p11'),('WSS561','p11'),('WSS562','p11'),('WSS563','p11'),('WSS564','p11'),('WSS566','p11'),('WSS568','p11'),('WSS570','p11'),('WSS578','p11'),('WSS580','p11'),('WSS584','p11'),('WSS588','p11'),('WSS592','p11'),('WSS593','p11'),('WSS594','p11'),('WSS595','p11'),('WSS596','p11'),('WSS597','p11'),('WSS6','p11'),('WSS600','p11'),('WSS605','p11'),('WSS606','p11'),('WSS607','p11'),('WSS61','p11'),('WSS611','p11'),('WSS613','p11'),('WSS617','p11'),('WSS618','p11'),('WSS622','p11'),('WSS627','p11'),('WSS63','p11'),('WSS630','p11'),('WSS635','p11'),('WSS638','p11'),('WSS64','p11'),('WSS647','p11'),('WSS650','p11'),('WSS657','p11'),('WSS66','p11'),('WSS662','p11'),('WSS663','p11'),('WSS669','p11'),('WSS670','p11'),('WSS675','p11'),('WSS678','p11'),('WSS68','p11'),('WSS682','p11'),('WSS683','p11'),('WSS688','p11'),('WSS694','p11'),('WSS698','p11'),('WSS75','p11'),('WSS79','p11'),('WSS8','p11'),('WSS80','p11'),('WSS83','p11'),('WSS84','p11'),('WSS88','p11'),('WSS90','p11'),('WSS94','p11'),('WSS97','p11'),('WSS98','p11'),('WSS99','p11'),('WSS105','p12'),('WSS107','p12'),('WSS108','p12'),('WSS110','p12'),('WSS113','p12'),('WSS121','p12'),('WSS128','p12'),('WSS13','p12'),('WSS131','p12'),('WSS143','p12'),('WSS150','p12'),('WSS153','p12'),('WSS155','p12'),('WSS157','p12'),('WSS159','p12'),('WSS16','p12'),('WSS17','p12'),('WSS173','p12'),('WSS182','p12'),('WSS188','p12'),('WSS19','p12'),('WSS190','p12'),('WSS192','p12'),('WSS193','p12'),('WSS194','p12'),('WSS196','p12'),('WSS206','p12'),('WSS21','p12'),('WSS215','p12'),('WSS222','p12'),('WSS223','p12'),('WSS229','p12'),('WSS23','p12'),('WSS237','p12'),('WSS239','p12'),('WSS25','p12'),('WSS252','p12'),('WSS256','p12'),('WSS260','p12'),('WSS265','p12'),('WSS266','p12'),('WSS267','p12'),('WSS269','p12'),('WSS271','p12'),('WSS274','p12'),('WSS276','p12'),('WSS279','p12'),('WSS280','p12'),('WSS286','p12'),('WSS292','p12'),('WSS296','p12'),('WSS301','p12'),('WSS303','p12'),('WSS304','p12'),('WSS313','p12'),('WSS314','p12'),('WSS315','p12'),('WSS316','p12'),('WSS322','p12'),('WSS323','p12'),('WSS339','p12'),('WSS342','p12'),('WSS345','p12'),('WSS348','p12'),('WSS349','p12'),('WSS353','p12'),('WSS355','p12'),('WSS357','p12'),('WSS360','p12'),('WSS365','p12'),('WSS368','p12'),('WSS380','p12'),('WSS388','p12'),('WSS391','p12'),('WSS398','p12'),('WSS401','p12'),('WSS404','p12'),('WSS41','p12'),('WSS412','p12'),('WSS414','p12'),('WSS420','p12'),('WSS426','p12'),('WSS428','p12'),('WSS43','p12'),('WSS435','p12'),('WSS436','p12'),('WSS442','p12'),('WSS451','p12'),('WSS452','p12'),('WSS458','p12'),('WSS466','p12'),('WSS468','p12'),('WSS470','p12'),('WSS474','p12'),('WSS476','p12'),('WSS486','p12'),('WSS490','p12'),('WSS492','p12'),('WSS497','p12'),('WSS498','p12'),('WSS499','p12'),('WSS5','p12'),('WSS504','p12'),('WSS505','p12'),('WSS510','p12'),('WSS512','p12'),('WSS515','p12'),('WSS518','p12'),('WSS52','p12'),('WSS528','p12'),('WSS531','p12'),('WSS533','p12'),('WSS536','p12'),('WSS54','p12'),('WSS540','p12'),('WSS545','p12'),('WSS546','p12'),('WSS548','p12'),('WSS550','p12'),('WSS553','p12'),('WSS562','p12'),('WSS573','p12'),('WSS576','p12'),('WSS578','p12'),('WSS58','p12'),('WSS581','p12'),('WSS599','p12'),('WSS601','p12'),('WSS605','p12'),('WSS607','p12'),('WSS61','p12'),('WSS613','p12'),('WSS614','p12'),('WSS622','p12'),('WSS624','p12'),('WSS627','p12'),('WSS630','p12'),('WSS632','p12'),('WSS637','p12'),('WSS638','p12'),('WSS639','p12'),('WSS643','p12'),('WSS646','p12'),('WSS647','p12'),('WSS658','p12'),('WSS660','p12'),('WSS662','p12'),('WSS663','p12'),('WSS673','p12'),('WSS674','p12'),('WSS675','p12'),('WSS68','p12'),('WSS680','p12'),('WSS681','p12'),('WSS682','p12'),('WSS692','p12'),('WSS7','p12'),('WSS76','p12'),('WSS77','p12'),('WSS78','p12'),('WSS80','p12'),('WSS85','p12'),('WSS91','p12'),('WSS94','p12'),('WSS95','p12'),('WSS98','p12'),('WSS105','p13'),('WSS108','p13'),('WSS109','p13'),('WSS111','p13'),('WSS119','p13'),('WSS121','p13'),('WSS122','p13'),('WSS123','p13'),('WSS125','p13'),('WSS130','p13'),('WSS134','p13'),('WSS135','p13'),('WSS138','p13'),('WSS144','p13'),('WSS15','p13'),('WSS150','p13'),('WSS152','p13'),('WSS155','p13'),('WSS159','p13'),('WSS16','p13'),('WSS160','p13'),('WSS164','p13'),('WSS167','p13'),('WSS17','p13'),('WSS176','p13'),('WSS20','p13'),('WSS200','p13'),('WSS210','p13'),('WSS213','p13'),('WSS215','p13'),('WSS217','p13'),('WSS219','p13'),('WSS220','p13'),('WSS228','p13'),('WSS230','p13'),('WSS231','p13'),('WSS253','p13'),('WSS264','p13'),('WSS265','p13'),('WSS274','p13'),('WSS278','p13'),('WSS28','p13'),('WSS285','p13'),('WSS288','p13'),('WSS289','p13'),('WSS291','p13'),('WSS299','p13'),('WSS3','p13'),('WSS303','p13'),('WSS306','p13'),('WSS307','p13'),('WSS31','p13'),('WSS324','p13'),('WSS334','p13'),('WSS336','p13'),('WSS338','p13'),('WSS343','p13'),('WSS344','p13'),('WSS35','p13'),('WSS352','p13'),('WSS357','p13'),('WSS358','p13'),('WSS385','p13'),('WSS397','p13'),('WSS398','p13'),('WSS4','p13'),('WSS400','p13'),('WSS403','p13'),('WSS413','p13'),('WSS417','p13'),('WSS422','p13'),('WSS423','p13'),('WSS426','p13'),('WSS439','p13'),('WSS440','p13'),('WSS445','p13'),('WSS447','p13'),('WSS452','p13'),('WSS453','p13'),('WSS458','p13'),('WSS46','p13'),('WSS467','p13'),('WSS468','p13'),('WSS487','p13'),('WSS49','p13'),('WSS494','p13'),('WSS496','p13'),('WSS498','p13'),('WSS503','p13'),('WSS511','p13'),('WSS52','p13'),('WSS520','p13'),('WSS521','p13'),('WSS525','p13'),('WSS541','p13'),('WSS547','p13'),('WSS548','p13'),('WSS55','p13'),('WSS557','p13'),('WSS558','p13'),('WSS56','p13'),('WSS560','p13'),('WSS562','p13'),('WSS564','p13'),('WSS572','p13'),('WSS573','p13'),('WSS574','p13'),('WSS579','p13'),('WSS586','p13'),('WSS594','p13'),('WSS599','p13'),('WSS60','p13'),('WSS601','p13'),('WSS606','p13'),('WSS607','p13'),('WSS614','p13'),('WSS615','p13'),('WSS620','p13'),('WSS621','p13'),('WSS623','p13'),('WSS624','p13'),('WSS631','p13'),('WSS634','p13'),('WSS635','p13'),('WSS639','p13'),('WSS64','p13'),('WSS642','p13'),('WSS643','p13'),('WSS646','p13'),('WSS65','p13'),('WSS650','p13'),('WSS656','p13'),('WSS659','p13'),('WSS663','p13'),('WSS664','p13'),('WSS667','p13'),('WSS671','p13'),('WSS673','p13'),('WSS675','p13'),('WSS679','p13'),('WSS681','p13'),('WSS684','p13'),('WSS686','p13'),('WSS69','p13'),('WSS694','p13'),('WSS695','p13'),('WSS699','p13'),('WSS71','p13'),('WSS72','p13'),('WSS74','p13'),('WSS79','p13'),('WSS83','p13'),('WSS85','p13'),('WSS88','p13'),('WSS9','p13'),('WSS90','p13'),('WSS94','p13'),('WSS95','p13'),('WSS99','p13'),('WSS100','p14'),('WSS109','p14'),('WSS111','p14'),('WSS112','p14'),('WSS115','p14'),('WSS12','p14'),('WSS123','p14'),('WSS125','p14'),('WSS128','p14'),('WSS129','p14'),('WSS134','p14'),('WSS136','p14'),('WSS137','p14'),('WSS139','p14'),('WSS147','p14'),('WSS163','p14'),('WSS164','p14'),('WSS166','p14'),('WSS167','p14'),('WSS172','p14'),('WSS177','p14'),('WSS185','p14'),('WSS186','p14'),('WSS187','p14'),('WSS193','p14'),('WSS197','p14'),('WSS198','p14'),('WSS204','p14'),('WSS205','p14'),('WSS207','p14'),('WSS208','p14'),('WSS215','p14'),('WSS218','p14'),('WSS224','p14'),('WSS226','p14'),('WSS228','p14'),('WSS229','p14'),('WSS23','p14'),('WSS236','p14'),('WSS245','p14'),('WSS25','p14'),('WSS253','p14'),('WSS255','p14'),('WSS256','p14'),('WSS264','p14'),('WSS266','p14'),('WSS283','p14'),('WSS284','p14'),('WSS285','p14'),('WSS287','p14'),('WSS288','p14'),('WSS290','p14'),('WSS293','p14'),('WSS295','p14'),('WSS309','p14'),('WSS314','p14'),('WSS315','p14'),('WSS317','p14'),('WSS319','p14'),('WSS324','p14'),('WSS325','p14'),('WSS326','p14'),('WSS327','p14'),('WSS328','p14'),('WSS337','p14'),('WSS339','p14'),('WSS342','p14'),('WSS343','p14'),('WSS348','p14'),('WSS35','p14'),('WSS357','p14'),('WSS359','p14'),('WSS365','p14'),('WSS367','p14'),('WSS37','p14'),('WSS372','p14'),('WSS374','p14'),('WSS378','p14'),('WSS381','p14'),('WSS388','p14'),('WSS39','p14'),('WSS394','p14'),('WSS395','p14'),('WSS40','p14'),('WSS405','p14'),('WSS412','p14'),('WSS414','p14'),('WSS415','p14'),('WSS416','p14'),('WSS420','p14'),('WSS423','p14'),('WSS428','p14'),('WSS430','p14'),('WSS433','p14'),('WSS434','p14'),('WSS435','p14'),('WSS456','p14'),('WSS457','p14'),('WSS486','p14'),('WSS487','p14'),('WSS495','p14'),('WSS50','p14'),('WSS508','p14'),('WSS518','p14'),('WSS519','p14'),('WSS52','p14'),('WSS520','p14'),('WSS521','p14'),('WSS523','p14'),('WSS527','p14'),('WSS528','p14'),('WSS533','p14'),('WSS536','p14'),('WSS54','p14'),('WSS541','p14'),('WSS542','p14'),('WSS543','p14'),('WSS55','p14'),('WSS550','p14'),('WSS552','p14'),('WSS554','p14'),('WSS556','p14'),('WSS567','p14'),('WSS571','p14'),('WSS576','p14'),('WSS580','p14'),('WSS582','p14'),('WSS584','p14'),('WSS587','p14'),('WSS588','p14'),('WSS589','p14'),('WSS60','p14'),('WSS609','p14'),('WSS610','p14'),('WSS613','p14'),('WSS616','p14'),('WSS618','p14'),('WSS624','p14'),('WSS633','p14'),('WSS635','p14'),('WSS636','p14'),('WSS637','p14'),('WSS648','p14'),('WSS653','p14'),('WSS661','p14'),('WSS663','p14'),('WSS664','p14'),('WSS665','p14'),('WSS669','p14'),('WSS67','p14'),('WSS673','p14'),('WSS678','p14'),('WSS679','p14'),('WSS692','p14'),('WSS697','p14'),('WSS7','p14'),('WSS700','p14'),('WSS81','p14'),('WSS84','p14'),('WSS90','p14'),('WSS93','p14'),('WSS96','p14'),('WSS97','p14'),('WSS103','p15'),('WSS106','p15'),('WSS107','p15'),('WSS109','p15'),('WSS111','p15'),('WSS113','p15'),('WSS114','p15'),('WSS115','p15'),('WSS13','p15'),('WSS132','p15'),('WSS133','p15'),('WSS146','p15'),('WSS148','p15'),('WSS149','p15'),('WSS150','p15'),('WSS154','p15'),('WSS158','p15'),('WSS163','p15'),('WSS167','p15'),('WSS178','p15'),('WSS179','p15'),('WSS186','p15'),('WSS190','p15'),('WSS191','p15'),('WSS192','p15'),('WSS194','p15'),('WSS195','p15'),('WSS197','p15'),('WSS2','p15'),('WSS206','p15'),('WSS207','p15'),('WSS209','p15'),('WSS211','p15'),('WSS212','p15'),('WSS213','p15'),('WSS214','p15'),('WSS219','p15'),('WSS22','p15'),('WSS222','p15'),('WSS225','p15'),('WSS238','p15'),('WSS242','p15'),('WSS244','p15'),('WSS247','p15'),('WSS248','p15'),('WSS25','p15'),('WSS253','p15'),('WSS257','p15'),('WSS259','p15'),('WSS26','p15'),('WSS261','p15'),('WSS269','p15'),('WSS271','p15'),('WSS277','p15'),('WSS287','p15'),('WSS290','p15'),('WSS294','p15'),('WSS296','p15'),('WSS299','p15'),('WSS301','p15'),('WSS318','p15'),('WSS319','p15'),('WSS322','p15'),('WSS323','p15'),('WSS326','p15'),('WSS331','p15'),('WSS334','p15'),('WSS338','p15'),('WSS339','p15'),('WSS341','p15'),('WSS345','p15'),('WSS346','p15'),('WSS347','p15'),('WSS348','p15'),('WSS351','p15'),('WSS354','p15'),('WSS360','p15'),('WSS365','p15'),('WSS369','p15'),('WSS374','p15'),('WSS375','p15'),('WSS379','p15'),('WSS383','p15'),('WSS386','p15'),('WSS392','p15'),('WSS394','p15'),('WSS395','p15'),('WSS396','p15'),('WSS400','p15'),('WSS402','p15'),('WSS403','p15'),('WSS405','p15'),('WSS408','p15'),('WSS419','p15'),('WSS423','p15'),('WSS425','p15'),('WSS429','p15'),('WSS431','p15'),('WSS435','p15'),('WSS437','p15'),('WSS441','p15'),('WSS444','p15'),('WSS447','p15'),('WSS45','p15'),('WSS452','p15'),('WSS453','p15'),('WSS46','p15'),('WSS464','p15'),('WSS47','p15'),('WSS489','p15'),('WSS490','p15'),('WSS5','p15'),('WSS500','p15'),('WSS504','p15'),('WSS506','p15'),('WSS51','p15'),('WSS510','p15'),('WSS515','p15'),('WSS516','p15'),('WSS518','p15'),('WSS519','p15'),('WSS521','p15'),('WSS524','p15'),('WSS528','p15'),('WSS531','p15'),('WSS537','p15'),('WSS545','p15'),('WSS547','p15'),('WSS55','p15'),('WSS555','p15'),('WSS556','p15'),('WSS557','p15'),('WSS558','p15'),('WSS561','p15'),('WSS566','p15'),('WSS572','p15'),('WSS577','p15'),('WSS582','p15'),('WSS583','p15'),('WSS589','p15'),('WSS604','p15'),('WSS606','p15'),('WSS612','p15'),('WSS619','p15'),('WSS621','p15'),('WSS625','p15'),('WSS630','p15'),('WSS631','p15'),('WSS638','p15'),('WSS64','p15'),('WSS658','p15'),('WSS659','p15'),('WSS665','p15'),('WSS666','p15'),('WSS67','p15'),('WSS679','p15'),('WSS682','p15'),('WSS683','p15'),('WSS695','p15'),('WSS700','p15'),('WSS74','p15'),('WSS76','p15'),('WSS79','p15'),('WSS84','p15'),('WSS86','p15'),('WSS96','p15'),('WSS1','p16'),('WSS100','p16'),('WSS109','p16'),('WSS11','p16'),('WSS110','p16'),('WSS117','p16'),('WSS131','p16'),('WSS133','p16'),('WSS14','p16'),('WSS141','p16'),('WSS143','p16'),('WSS15','p16'),('WSS151','p16'),('WSS152','p16'),('WSS155','p16'),('WSS158','p16'),('WSS162','p16'),('WSS164','p16'),('WSS165','p16'),('WSS166','p16'),('WSS170','p16'),('WSS171','p16'),('WSS172','p16'),('WSS176','p16'),('WSS177','p16'),('WSS180','p16'),('WSS181','p16'),('WSS183','p16'),('WSS185','p16'),('WSS19','p16'),('WSS2','p16'),('WSS20','p16'),('WSS201','p16'),('WSS203','p16'),('WSS204','p16'),('WSS222','p16'),('WSS224','p16'),('WSS235','p16'),('WSS236','p16'),('WSS237','p16'),('WSS238','p16'),('WSS24','p16'),('WSS243','p16'),('WSS248','p16'),('WSS249','p16'),('WSS259','p16'),('WSS260','p16'),('WSS264','p16'),('WSS268','p16'),('WSS270','p16'),('WSS271','p16'),('WSS272','p16'),('WSS276','p16'),('WSS278','p16'),('WSS28','p16'),('WSS281','p16'),('WSS286','p16'),('WSS290','p16'),('WSS294','p16'),('WSS296','p16'),('WSS302','p16'),('WSS303','p16'),('WSS305','p16'),('WSS308','p16'),('WSS309','p16'),('WSS311','p16'),('WSS33','p16'),('WSS333','p16'),('WSS334','p16'),('WSS337','p16'),('WSS339','p16'),('WSS341','p16'),('WSS350','p16'),('WSS366','p16'),('WSS373','p16'),('WSS374','p16'),('WSS375','p16'),('WSS384','p16'),('WSS385','p16'),('WSS386','p16'),('WSS394','p16'),('WSS395','p16'),('WSS397','p16'),('WSS398','p16'),('WSS40','p16'),('WSS401','p16'),('WSS402','p16'),('WSS408','p16'),('WSS41','p16'),('WSS411','p16'),('WSS414','p16'),('WSS416','p16'),('WSS417','p16'),('WSS42','p16'),('WSS421','p16'),('WSS424','p16'),('WSS425','p16'),('WSS427','p16'),('WSS432','p16'),('WSS435','p16'),('WSS438','p16'),('WSS441','p16'),('WSS442','p16'),('WSS467','p16'),('WSS472','p16'),('WSS474','p16'),('WSS476','p16'),('WSS477','p16'),('WSS482','p16'),('WSS483','p16'),('WSS484','p16'),('WSS487','p16'),('WSS489','p16'),('WSS495','p16'),('WSS507','p16'),('WSS508','p16'),('WSS522','p16'),('WSS545','p16'),('WSS547','p16'),('WSS550','p16'),('WSS554','p16'),('WSS558','p16'),('WSS564','p16'),('WSS565','p16'),('WSS567','p16'),('WSS57','p16'),('WSS573','p16'),('WSS574','p16'),('WSS580','p16'),('WSS585','p16'),('WSS586','p16'),('WSS588','p16'),('WSS590','p16'),('WSS591','p16'),('WSS600','p16'),('WSS603','p16'),('WSS613','p16'),('WSS615','p16'),('WSS618','p16'),('WSS62','p16'),('WSS621','p16'),('WSS623','p16'),('WSS626','p16'),('WSS629','p16'),('WSS632','p16'),('WSS634','p16'),('WSS642','p16'),('WSS643','p16'),('WSS644','p16'),('WSS65','p16'),('WSS657','p16'),('WSS660','p16'),('WSS666','p16'),('WSS671','p16'),('WSS672','p16'),('WSS675','p16'),('WSS676','p16'),('WSS683','p16'),('WSS685','p16'),('WSS690','p16'),('WSS695','p16'),('WSS698','p16'),('WSS699','p16'),('WSS72','p16'),('WSS73','p16'),('WSS83','p16'),('WSS86','p16'),('WSS88','p16'),('WSS89','p16'),('WSS98','p16'),('WSS99','p16'),('WSS101','p17'),('WSS11','p17'),('WSS116','p17'),('WSS125','p17'),('WSS130','p17'),('WSS134','p17'),('WSS137','p17'),('WSS139','p17'),('WSS144','p17'),('WSS146','p17'),('WSS148','p17'),('WSS150','p17'),('WSS151','p17'),('WSS153','p17'),('WSS155','p17'),('WSS161','p17'),('WSS169','p17'),('WSS171','p17'),('WSS176','p17'),('WSS181','p17'),('WSS187','p17'),('WSS195','p17'),('WSS197','p17'),('WSS216','p17'),('WSS217','p17'),('WSS227','p17'),('WSS232','p17'),('WSS235','p17'),('WSS241','p17'),('WSS243','p17'),('WSS244','p17'),('WSS254','p17'),('WSS258','p17'),('WSS260','p17'),('WSS261','p17'),('WSS262','p17'),('WSS267','p17'),('WSS27','p17'),('WSS271','p17'),('WSS272','p17'),('WSS281','p17'),('WSS284','p17'),('WSS287','p17'),('WSS29','p17'),('WSS297','p17'),('WSS298','p17'),('WSS304','p17'),('WSS315','p17'),('WSS318','p17'),('WSS32','p17'),('WSS324','p17'),('WSS325','p17'),('WSS328','p17'),('WSS337','p17'),('WSS345','p17'),('WSS350','p17'),('WSS351','p17'),('WSS356','p17'),('WSS358','p17'),('WSS359','p17'),('WSS365','p17'),('WSS37','p17'),('WSS370','p17'),('WSS376','p17'),('WSS377','p17'),('WSS38','p17'),('WSS382','p17'),('WSS386','p17'),('WSS387','p17'),('WSS390','p17'),('WSS393','p17'),('WSS399','p17'),('WSS4','p17'),('WSS400','p17'),('WSS402','p17'),('WSS406','p17'),('WSS408','p17'),('WSS410','p17'),('WSS412','p17'),('WSS42','p17'),('WSS423','p17'),('WSS424','p17'),('WSS426','p17'),('WSS430','p17'),('WSS440','p17'),('WSS445','p17'),('WSS449','p17'),('WSS45','p17'),('WSS450','p17'),('WSS458','p17'),('WSS463','p17'),('WSS466','p17'),('WSS471','p17'),('WSS477','p17'),('WSS480','p17'),('WSS486','p17'),('WSS49','p17'),('WSS5','p17'),('WSS500','p17'),('WSS510','p17'),('WSS516','p17'),('WSS520','p17'),('WSS523','p17'),('WSS533','p17'),('WSS534','p17'),('WSS539','p17'),('WSS542','p17'),('WSS546','p17'),('WSS551','p17'),('WSS553','p17'),('WSS555','p17'),('WSS559','p17'),('WSS560','p17'),('WSS561','p17'),('WSS566','p17'),('WSS574','p17'),('WSS575','p17'),('WSS577','p17'),('WSS583','p17'),('WSS587','p17'),('WSS590','p17'),('WSS595','p17'),('WSS602','p17'),('WSS608','p17'),('WSS611','p17'),('WSS612','p17'),('WSS617','p17'),('WSS619','p17'),('WSS62','p17'),('WSS624','p17'),('WSS626','p17'),('WSS627','p17'),('WSS629','p17'),('WSS637','p17'),('WSS64','p17'),('WSS641','p17'),('WSS644','p17'),('WSS645','p17'),('WSS646','p17'),('WSS647','p17'),('WSS651','p17'),('WSS652','p17'),('WSS66','p17'),('WSS660','p17'),('WSS662','p17'),('WSS676','p17'),('WSS68','p17'),('WSS691','p17'),('WSS696','p17'),('WSS697','p17'),('WSS76','p17'),('WSS82','p17'),('WSS85','p17'),('WSS87','p17'),('WSS88','p17'),('WSS9','p17'),('WSS97','p17'),('WSS98','p17'),('WSS101','p18'),('WSS102','p18'),('WSS103','p18'),('WSS110','p18'),('WSS113','p18'),('WSS117','p18'),('WSS119','p18'),('WSS121','p18'),('WSS124','p18'),('WSS132','p18'),('WSS136','p18'),('WSS138','p18'),('WSS144','p18'),('WSS146','p18'),('WSS150','p18'),('WSS154','p18'),('WSS155','p18'),('WSS156','p18'),('WSS162','p18'),('WSS170','p18'),('WSS171','p18'),('WSS175','p18'),('WSS177','p18'),('WSS178','p18'),('WSS182','p18'),('WSS184','p18'),('WSS19','p18'),('WSS190','p18'),('WSS192','p18'),('WSS194','p18'),('WSS197','p18'),('WSS20','p18'),('WSS204','p18'),('WSS208','p18'),('WSS21','p18'),('WSS212','p18'),('WSS219','p18'),('WSS22','p18'),('WSS225','p18'),('WSS226','p18'),('WSS230','p18'),('WSS233','p18'),('WSS235','p18'),('WSS237','p18'),('WSS239','p18'),('WSS241','p18'),('WSS244','p18'),('WSS246','p18'),('WSS248','p18'),('WSS250','p18'),('WSS251','p18'),('WSS263','p18'),('WSS266','p18'),('WSS267','p18'),('WSS270','p18'),('WSS283','p18'),('WSS288','p18'),('WSS297','p18'),('WSS3','p18'),('WSS30','p18'),('WSS307','p18'),('WSS308','p18'),('WSS316','p18'),('WSS322','p18'),('WSS326','p18'),('WSS331','p18'),('WSS332','p18'),('WSS342','p18'),('WSS345','p18'),('WSS347','p18'),('WSS363','p18'),('WSS364','p18'),('WSS366','p18'),('WSS367','p18'),('WSS370','p18'),('WSS372','p18'),('WSS376','p18'),('WSS377','p18'),('WSS380','p18'),('WSS384','p18'),('WSS390','p18'),('WSS392','p18'),('WSS395','p18'),('WSS399','p18'),('WSS40','p18'),('WSS401','p18'),('WSS403','p18'),('WSS404','p18'),('WSS409','p18'),('WSS41','p18'),('WSS410','p18'),('WSS412','p18'),('WSS413','p18'),('WSS415','p18'),('WSS417','p18'),('WSS422','p18'),('WSS427','p18'),('WSS43','p18'),('WSS436','p18'),('WSS438','p18'),('WSS439','p18'),('WSS441','p18'),('WSS442','p18'),('WSS443','p18'),('WSS446','p18'),('WSS450','p18'),('WSS454','p18'),('WSS462','p18'),('WSS464','p18'),('WSS473','p18'),('WSS479','p18'),('WSS48','p18'),('WSS480','p18'),('WSS481','p18'),('WSS482','p18'),('WSS488','p18'),('WSS49','p18'),('WSS495','p18'),('WSS50','p18'),('WSS509','p18'),('WSS520','p18'),('WSS521','p18'),('WSS522','p18'),('WSS53','p18'),('WSS531','p18'),('WSS532','p18'),('WSS534','p18'),('WSS535','p18'),('WSS538','p18'),('WSS544','p18'),('WSS546','p18'),('WSS548','p18'),('WSS553','p18'),('WSS555','p18'),('WSS56','p18'),('WSS569','p18'),('WSS572','p18'),('WSS579','p18'),('WSS58','p18'),('WSS580','p18'),('WSS581','p18'),('WSS583','p18'),('WSS588','p18'),('WSS596','p18'),('WSS599','p18'),('WSS6','p18'),('WSS608','p18'),('WSS61','p18'),('WSS615','p18'),('WSS620','p18'),('WSS638','p18'),('WSS645','p18'),('WSS657','p18'),('WSS667','p18'),('WSS668','p18'),('WSS669','p18'),('WSS682','p18'),('WSS686','p18'),('WSS692','p18'),('WSS695','p18'),('WSS7','p18'),('WSS70','p18'),('WSS71','p18'),('WSS82','p18'),('WSS86','p18'),('WSS87','p18'),('WSS95','p18'),('WSS115','p19'),('WSS123','p19'),('WSS134','p19'),('WSS135','p19'),('WSS137','p19'),('WSS141','p19'),('WSS146','p19'),('WSS147','p19'),('WSS15','p19'),('WSS152','p19'),('WSS172','p19'),('WSS175','p19'),('WSS177','p19'),('WSS18','p19'),('WSS181','p19'),('WSS184','p19'),('WSS191','p19'),('WSS193','p19'),('WSS194','p19'),('WSS202','p19'),('WSS205','p19'),('WSS206','p19'),('WSS207','p19'),('WSS22','p19'),('WSS226','p19'),('WSS229','p19'),('WSS231','p19'),('WSS233','p19'),('WSS240','p19'),('WSS244','p19'),('WSS247','p19'),('WSS249','p19'),('WSS252','p19'),('WSS254','p19'),('WSS256','p19'),('WSS257','p19'),('WSS27','p19'),('WSS270','p19'),('WSS271','p19'),('WSS274','p19'),('WSS279','p19'),('WSS280','p19'),('WSS288','p19'),('WSS296','p19'),('WSS3','p19'),('WSS30','p19'),('WSS304','p19'),('WSS311','p19'),('WSS312','p19'),('WSS316','p19'),('WSS32','p19'),('WSS33','p19'),('WSS344','p19'),('WSS354','p19'),('WSS355','p19'),('WSS357','p19'),('WSS36','p19'),('WSS362','p19'),('WSS363','p19'),('WSS367','p19'),('WSS371','p19'),('WSS372','p19'),('WSS375','p19'),('WSS376','p19'),('WSS379','p19'),('WSS38','p19'),('WSS380','p19'),('WSS384','p19'),('WSS386','p19'),('WSS390','p19'),('WSS392','p19'),('WSS4','p19'),('WSS40','p19'),('WSS400','p19'),('WSS404','p19'),('WSS409','p19'),('WSS411','p19'),('WSS423','p19'),('WSS427','p19'),('WSS43','p19'),('WSS430','p19'),('WSS432','p19'),('WSS433','p19'),('WSS44','p19'),('WSS441','p19'),('WSS443','p19'),('WSS444','p19'),('WSS445','p19'),('WSS448','p19'),('WSS46','p19'),('WSS461','p19'),('WSS468','p19'),('WSS47','p19'),('WSS471','p19'),('WSS472','p19'),('WSS475','p19'),('WSS478','p19'),('WSS479','p19'),('WSS481','p19'),('WSS485','p19'),('WSS49','p19'),('WSS490','p19'),('WSS493','p19'),('WSS494','p19'),('WSS503','p19'),('WSS505','p19'),('WSS511','p19'),('WSS514','p19'),('WSS515','p19'),('WSS52','p19'),('WSS520','p19'),('WSS523','p19'),('WSS524','p19'),('WSS526','p19'),('WSS530','p19'),('WSS533','p19'),('WSS534','p19'),('WSS536','p19'),('WSS539','p19'),('WSS540','p19'),('WSS55','p19'),('WSS572','p19'),('WSS573','p19'),('WSS577','p19'),('WSS58','p19'),('WSS586','p19'),('WSS59','p19'),('WSS594','p19'),('WSS595','p19'),('WSS596','p19'),('WSS605','p19'),('WSS607','p19'),('WSS609','p19'),('WSS610','p19'),('WSS619','p19'),('WSS62','p19'),('WSS635','p19'),('WSS638','p19'),('WSS642','p19'),('WSS646','p19'),('WSS647','p19'),('WSS649','p19'),('WSS65','p19'),('WSS659','p19'),('WSS662','p19'),('WSS665','p19'),('WSS670','p19'),('WSS672','p19'),('WSS69','p19'),('WSS691','p19'),('WSS693','p19'),('WSS696','p19'),('WSS7','p19'),('WSS70','p19'),('WSS75','p19'),('WSS8','p19'),('WSS80','p19'),('WSS81','p19'),('WSS84','p19'),('WSS85','p19'),('WSS88','p19'),('WSS92','p19'),('WSS93','p19'),('WSS104','p2'),('WSS107','p2'),('WSS108','p2'),('WSS11','p2'),('WSS110','p2'),('WSS112','p2'),('WSS123','p2'),('WSS124','p2'),('WSS127','p2'),('WSS138','p2'),('WSS140','p2'),('WSS151','p2'),('WSS154','p2'),('WSS155','p2'),('WSS167','p2'),('WSS169','p2'),('WSS173','p2'),('WSS180','p2'),('WSS189','p2'),('WSS191','p2'),('WSS195','p2'),('WSS196','p2'),('WSS198','p2'),('WSS2','p2'),('WSS202','p2'),('WSS206','p2'),('WSS208','p2'),('WSS21','p2'),('WSS215','p2'),('WSS216','p2'),('WSS219','p2'),('WSS226','p2'),('WSS227','p2'),('WSS228','p2'),('WSS233','p2'),('WSS235','p2'),('WSS236','p2'),('WSS238','p2'),('WSS240','p2'),('WSS246','p2'),('WSS25','p2'),('WSS253','p2'),('WSS254','p2'),('WSS260','p2'),('WSS261','p2'),('WSS262','p2'),('WSS264','p2'),('WSS268','p2'),('WSS275','p2'),('WSS278','p2'),('WSS282','p2'),('WSS29','p2'),('WSS291','p2'),('WSS299','p2'),('WSS300','p2'),('WSS303','p2'),('WSS311','p2'),('WSS318','p2'),('WSS329','p2'),('WSS333','p2'),('WSS336','p2'),('WSS337','p2'),('WSS339','p2'),('WSS341','p2'),('WSS351','p2'),('WSS359','p2'),('WSS360','p2'),('WSS363','p2'),('WSS368','p2'),('WSS369','p2'),('WSS37','p2'),('WSS376','p2'),('WSS377','p2'),('WSS378','p2'),('WSS383','p2'),('WSS390','p2'),('WSS391','p2'),('WSS393','p2'),('WSS404','p2'),('WSS406','p2'),('WSS411','p2'),('WSS418','p2'),('WSS419','p2'),('WSS420','p2'),('WSS425','p2'),('WSS426','p2'),('WSS433','p2'),('WSS434','p2'),('WSS437','p2'),('WSS44','p2'),('WSS440','p2'),('WSS442','p2'),('WSS444','p2'),('WSS445','p2'),('WSS449','p2'),('WSS45','p2'),('WSS451','p2'),('WSS452','p2'),('WSS460','p2'),('WSS465','p2'),('WSS471','p2'),('WSS472','p2'),('WSS475','p2'),('WSS480','p2'),('WSS481','p2'),('WSS482','p2'),('WSS483','p2'),('WSS484','p2'),('WSS487','p2'),('WSS488','p2'),('WSS492','p2'),('WSS495','p2'),('WSS497','p2'),('WSS499','p2'),('WSS500','p2'),('WSS501','p2'),('WSS502','p2'),('WSS503','p2'),('WSS513','p2'),('WSS519','p2'),('WSS526','p2'),('WSS528','p2'),('WSS529','p2'),('WSS53','p2'),('WSS532','p2'),('WSS534','p2'),('WSS538','p2'),('WSS539','p2'),('WSS541','p2'),('WSS543','p2'),('WSS548','p2'),('WSS549','p2'),('WSS550','p2'),('WSS57','p2'),('WSS570','p2'),('WSS571','p2'),('WSS572','p2'),('WSS575','p2'),('WSS581','p2'),('WSS588','p2'),('WSS589','p2'),('WSS59','p2'),('WSS590','p2'),('WSS592','p2'),('WSS596','p2'),('WSS598','p2'),('WSS6','p2'),('WSS606','p2'),('WSS609','p2'),('WSS615','p2'),('WSS616','p2'),('WSS620','p2'),('WSS621','p2'),('WSS623','p2'),('WSS625','p2'),('WSS630','p2'),('WSS636','p2'),('WSS638','p2'),('WSS642','p2'),('WSS644','p2'),('WSS648','p2'),('WSS654','p2'),('WSS658','p2'),('WSS67','p2'),('WSS672','p2'),('WSS674','p2'),('WSS680','p2'),('WSS682','p2'),('WSS688','p2'),('WSS69','p2'),('WSS690','p2'),('WSS693','p2'),('WSS696','p2'),('WSS699','p2'),('WSS72','p2'),('WSS78','p2'),('WSS83','p2'),('WSS89','p2'),('WSS9','p2'),('WSS95','p2'),('WSS98','p2'),('WSS1','p20'),('WSS101','p20'),('WSS103','p20'),('WSS108','p20'),('WSS109','p20'),('WSS110','p20'),('WSS111','p20'),('WSS116','p20'),('WSS12','p20'),('WSS121','p20'),('WSS13','p20'),('WSS131','p20'),('WSS133','p20'),('WSS134','p20'),('WSS135','p20'),('WSS139','p20'),('WSS145','p20'),('WSS151','p20'),('WSS157','p20'),('WSS158','p20'),('WSS16','p20'),('WSS163','p20'),('WSS17','p20'),('WSS173','p20'),('WSS174','p20'),('WSS175','p20'),('WSS180','p20'),('WSS199','p20'),('WSS201','p20'),('WSS21','p20'),('WSS211','p20'),('WSS214','p20'),('WSS218','p20'),('WSS220','p20'),('WSS222','p20'),('WSS223','p20'),('WSS230','p20'),('WSS231','p20'),('WSS232','p20'),('WSS239','p20'),('WSS240','p20'),('WSS246','p20'),('WSS250','p20'),('WSS254','p20'),('WSS26','p20'),('WSS263','p20'),('WSS27','p20'),('WSS273','p20'),('WSS275','p20'),('WSS277','p20'),('WSS279','p20'),('WSS292','p20'),('WSS293','p20'),('WSS299','p20'),('WSS303','p20'),('WSS306','p20'),('WSS319','p20'),('WSS32','p20'),('WSS328','p20'),('WSS33','p20'),('WSS331','p20'),('WSS335','p20'),('WSS339','p20'),('WSS34','p20'),('WSS340','p20'),('WSS341','p20'),('WSS346','p20'),('WSS35','p20'),('WSS356','p20'),('WSS361','p20'),('WSS362','p20'),('WSS368','p20'),('WSS369','p20'),('WSS37','p20'),('WSS373','p20'),('WSS376','p20'),('WSS38','p20'),('WSS391','p20'),('WSS398','p20'),('WSS406','p20'),('WSS407','p20'),('WSS408','p20'),('WSS409','p20'),('WSS415','p20'),('WSS416','p20'),('WSS419','p20'),('WSS420','p20'),('WSS422','p20'),('WSS430','p20'),('WSS433','p20'),('WSS440','p20'),('WSS442','p20'),('WSS444','p20'),('WSS45','p20'),('WSS453','p20'),('WSS455','p20'),('WSS456','p20'),('WSS458','p20'),('WSS459','p20'),('WSS464','p20'),('WSS465','p20'),('WSS466','p20'),('WSS468','p20'),('WSS471','p20'),('WSS475','p20'),('WSS487','p20'),('WSS488','p20'),('WSS491','p20'),('WSS496','p20'),('WSS498','p20'),('WSS506','p20'),('WSS507','p20'),('WSS508','p20'),('WSS509','p20'),('WSS510','p20'),('WSS521','p20'),('WSS522','p20'),('WSS525','p20'),('WSS530','p20'),('WSS539','p20'),('WSS540','p20'),('WSS544','p20'),('WSS546','p20'),('WSS549','p20'),('WSS554','p20'),('WSS557','p20'),('WSS565','p20'),('WSS569','p20'),('WSS57','p20'),('WSS580','p20'),('WSS590','p20'),('WSS593','p20'),('WSS60','p20'),('WSS605','p20'),('WSS606','p20'),('WSS607','p20'),('WSS609','p20'),('WSS61','p20'),('WSS611','p20'),('WSS62','p20'),('WSS629','p20'),('WSS636','p20'),('WSS637','p20'),('WSS641','p20'),('WSS644','p20'),('WSS645','p20'),('WSS652','p20'),('WSS654','p20'),('WSS655','p20'),('WSS657','p20'),('WSS659','p20'),('WSS664','p20'),('WSS666','p20'),('WSS668','p20'),('WSS671','p20'),('WSS678','p20'),('WSS689','p20'),('WSS693','p20'),('WSS694','p20'),('WSS695','p20'),('WSS70','p20'),('WSS700','p20'),('WSS74','p20'),('WSS75','p20'),('WSS78','p20'),('WSS80','p20'),('WSS83','p20'),('WSS86','p20'),('WSS89','p20'),('WSS9','p20'),('WSS93','p20'),('WSS96','p20'),('WSS97','p20'),('WSS98','p20'),('WSS103','p21'),('WSS116','p21'),('WSS12','p21'),('WSS120','p21'),('WSS121','p21'),('WSS129','p21'),('WSS13','p21'),('WSS132','p21'),('WSS138','p21'),('WSS15','p21'),('WSS151','p21'),('WSS156','p21'),('WSS160','p21'),('WSS164','p21'),('WSS165','p21'),('WSS166','p21'),('WSS186','p21'),('WSS188','p21'),('WSS192','p21'),('WSS198','p21'),('WSS201','p21'),('WSS202','p21'),('WSS203','p21'),('WSS209','p21'),('WSS21','p21'),('WSS216','p21'),('WSS228','p21'),('WSS229','p21'),('WSS23','p21'),('WSS232','p21'),('WSS237','p21'),('WSS238','p21'),('WSS24','p21'),('WSS240','p21'),('WSS242','p21'),('WSS243','p21'),('WSS251','p21'),('WSS257','p21'),('WSS262','p21'),('WSS264','p21'),('WSS272','p21'),('WSS275','p21'),('WSS277','p21'),('WSS281','p21'),('WSS282','p21'),('WSS291','p21'),('WSS295','p21'),('WSS298','p21'),('WSS304','p21'),('WSS305','p21'),('WSS306','p21'),('WSS318','p21'),('WSS320','p21'),('WSS327','p21'),('WSS328','p21'),('WSS331','p21'),('WSS332','p21'),('WSS333','p21'),('WSS334','p21'),('WSS336','p21'),('WSS344','p21'),('WSS346','p21'),('WSS349','p21'),('WSS350','p21'),('WSS357','p21'),('WSS358','p21'),('WSS361','p21'),('WSS368','p21'),('WSS372','p21'),('WSS376','p21'),('WSS382','p21'),('WSS388','p21'),('WSS39','p21'),('WSS392','p21'),('WSS4','p21'),('WSS40','p21'),('WSS401','p21'),('WSS407','p21'),('WSS408','p21'),('WSS416','p21'),('WSS417','p21'),('WSS420','p21'),('WSS432','p21'),('WSS435','p21'),('WSS436','p21'),('WSS44','p21'),('WSS442','p21'),('WSS443','p21'),('WSS444','p21'),('WSS445','p21'),('WSS446','p21'),('WSS447','p21'),('WSS449','p21'),('WSS454','p21'),('WSS455','p21'),('WSS457','p21'),('WSS459','p21'),('WSS461','p21'),('WSS463','p21'),('WSS472','p21'),('WSS478','p21'),('WSS481','p21'),('WSS483','p21'),('WSS486','p21'),('WSS501','p21'),('WSS507','p21'),('WSS51','p21'),('WSS512','p21'),('WSS515','p21'),('WSS516','p21'),('WSS531','p21'),('WSS539','p21'),('WSS543','p21'),('WSS553','p21'),('WSS554','p21'),('WSS561','p21'),('WSS568','p21'),('WSS569','p21'),('WSS572','p21'),('WSS576','p21'),('WSS582','p21'),('WSS594','p21'),('WSS598','p21'),('WSS6','p21'),('WSS602','p21'),('WSS609','p21'),('WSS61','p21'),('WSS622','p21'),('WSS628','p21'),('WSS629','p21'),('WSS631','p21'),('WSS637','p21'),('WSS643','p21'),('WSS645','p21'),('WSS648','p21'),('WSS650','p21'),('WSS652','p21'),('WSS661','p21'),('WSS672','p21'),('WSS676','p21'),('WSS677','p21'),('WSS678','p21'),('WSS684','p21'),('WSS685','p21'),('WSS686','p21'),('WSS687','p21'),('WSS693','p21'),('WSS694','p21'),('WSS697','p21'),('WSS72','p21'),('WSS76','p21'),('WSS78','p21'),('WSS8','p21'),('WSS87','p21'),('WSS98','p21'),('WSS10','p22'),('WSS110','p22'),('WSS111','p22'),('WSS112','p22'),('WSS120','p22'),('WSS122','p22'),('WSS123','p22'),('WSS126','p22'),('WSS128','p22'),('WSS129','p22'),('WSS130','p22'),('WSS132','p22'),('WSS135','p22'),('WSS146','p22'),('WSS15','p22'),('WSS153','p22'),('WSS163','p22'),('WSS165','p22'),('WSS166','p22'),('WSS169','p22'),('WSS17','p22'),('WSS173','p22'),('WSS176','p22'),('WSS18','p22'),('WSS182','p22'),('WSS185','p22'),('WSS187','p22'),('WSS19','p22'),('WSS191','p22'),('WSS199','p22'),('WSS211','p22'),('WSS233','p22'),('WSS241','p22'),('WSS25','p22'),('WSS264','p22'),('WSS273','p22'),('WSS28','p22'),('WSS285','p22'),('WSS293','p22'),('WSS298','p22'),('WSS299','p22'),('WSS3','p22'),('WSS300','p22'),('WSS302','p22'),('WSS306','p22'),('WSS308','p22'),('WSS310','p22'),('WSS314','p22'),('WSS32','p22'),('WSS321','p22'),('WSS327','p22'),('WSS33','p22'),('WSS330','p22'),('WSS332','p22'),('WSS335','p22'),('WSS338','p22'),('WSS341','p22'),('WSS344','p22'),('WSS345','p22'),('WSS350','p22'),('WSS352','p22'),('WSS353','p22'),('WSS359','p22'),('WSS36','p22'),('WSS360','p22'),('WSS361','p22'),('WSS368','p22'),('WSS372','p22'),('WSS375','p22'),('WSS382','p22'),('WSS383','p22'),('WSS386','p22'),('WSS387','p22'),('WSS390','p22'),('WSS391','p22'),('WSS392','p22'),('WSS393','p22'),('WSS4','p22'),('WSS402','p22'),('WSS409','p22'),('WSS410','p22'),('WSS415','p22'),('WSS417','p22'),('WSS418','p22'),('WSS419','p22'),('WSS424','p22'),('WSS425','p22'),('WSS431','p22'),('WSS438','p22'),('WSS440','p22'),('WSS456','p22'),('WSS460','p22'),('WSS462','p22'),('WSS463','p22'),('WSS469','p22'),('WSS474','p22'),('WSS476','p22'),('WSS478','p22'),('WSS485','p22'),('WSS496','p22'),('WSS497','p22'),('WSS505','p22'),('WSS506','p22'),('WSS514','p22'),('WSS515','p22'),('WSS519','p22'),('WSS526','p22'),('WSS530','p22'),('WSS536','p22'),('WSS54','p22'),('WSS543','p22'),('WSS544','p22'),('WSS548','p22'),('WSS55','p22'),('WSS552','p22'),('WSS555','p22'),('WSS557','p22'),('WSS558','p22'),('WSS56','p22'),('WSS563','p22'),('WSS569','p22'),('WSS57','p22'),('WSS571','p22'),('WSS578','p22'),('WSS584','p22'),('WSS585','p22'),('WSS587','p22'),('WSS596','p22'),('WSS6','p22'),('WSS600','p22'),('WSS601','p22'),('WSS606','p22'),('WSS608','p22'),('WSS613','p22'),('WSS62','p22'),('WSS624','p22'),('WSS63','p22'),('WSS649','p22'),('WSS650','p22'),('WSS654','p22'),('WSS655','p22'),('WSS670','p22'),('WSS676','p22'),('WSS678','p22'),('WSS680','p22'),('WSS682','p22'),('WSS683','p22'),('WSS686','p22'),('WSS690','p22'),('WSS70','p22'),('WSS71','p22'),('WSS74','p22'),('WSS83','p22'),('WSS88','p22'),('WSS9','p22'),('WSS90','p22'),('WSS95','p22'),('WSS1','p23'),('WSS102','p23'),('WSS106','p23'),('WSS107','p23'),('WSS110','p23'),('WSS116','p23'),('WSS119','p23'),('WSS126','p23'),('WSS131','p23'),('WSS135','p23'),('WSS14','p23'),('WSS142','p23'),('WSS148','p23'),('WSS150','p23'),('WSS152','p23'),('WSS153','p23'),('WSS156','p23'),('WSS157','p23'),('WSS158','p23'),('WSS159','p23'),('WSS160','p23'),('WSS161','p23'),('WSS162','p23'),('WSS166','p23'),('WSS169','p23'),('WSS177','p23'),('WSS180','p23'),('WSS182','p23'),('WSS186','p23'),('WSS187','p23'),('WSS189','p23'),('WSS198','p23'),('WSS199','p23'),('WSS204','p23'),('WSS211','p23'),('WSS220','p23'),('WSS228','p23'),('WSS230','p23'),('WSS232','p23'),('WSS237','p23'),('WSS240','p23'),('WSS246','p23'),('WSS248','p23'),('WSS251','p23'),('WSS253','p23'),('WSS262','p23'),('WSS263','p23'),('WSS267','p23'),('WSS268','p23'),('WSS270','p23'),('WSS276','p23'),('WSS286','p23'),('WSS295','p23'),('WSS298','p23'),('WSS301','p23'),('WSS304','p23'),('WSS305','p23'),('WSS313','p23'),('WSS317','p23'),('WSS318','p23'),('WSS319','p23'),('WSS320','p23'),('WSS324','p23'),('WSS344','p23'),('WSS350','p23'),('WSS351','p23'),('WSS354','p23'),('WSS372','p23'),('WSS381','p23'),('WSS382','p23'),('WSS389','p23'),('WSS39','p23'),('WSS390','p23'),('WSS391','p23'),('WSS393','p23'),('WSS405','p23'),('WSS415','p23'),('WSS42','p23'),('WSS423','p23'),('WSS427','p23'),('WSS434','p23'),('WSS442','p23'),('WSS445','p23'),('WSS447','p23'),('WSS460','p23'),('WSS461','p23'),('WSS469','p23'),('WSS47','p23'),('WSS482','p23'),('WSS484','p23'),('WSS490','p23'),('WSS503','p23'),('WSS511','p23'),('WSS517','p23'),('WSS527','p23'),('WSS53','p23'),('WSS534','p23'),('WSS535','p23'),('WSS538','p23'),('WSS543','p23'),('WSS552','p23'),('WSS559','p23'),('WSS57','p23'),('WSS573','p23'),('WSS575','p23'),('WSS577','p23'),('WSS578','p23'),('WSS58','p23'),('WSS599','p23'),('WSS60','p23'),('WSS601','p23'),('WSS605','p23'),('WSS61','p23'),('WSS619','p23'),('WSS621','p23'),('WSS623','p23'),('WSS625','p23'),('WSS626','p23'),('WSS63','p23'),('WSS631','p23'),('WSS632','p23'),('WSS634','p23'),('WSS637','p23'),('WSS639','p23'),('WSS64','p23'),('WSS641','p23'),('WSS647','p23'),('WSS651','p23'),('WSS656','p23'),('WSS659','p23'),('WSS66','p23'),('WSS661','p23'),('WSS664','p23'),('WSS668','p23'),('WSS68','p23'),('WSS681','p23'),('WSS683','p23'),('WSS684','p23'),('WSS685','p23'),('WSS690','p23'),('WSS691','p23'),('WSS699','p23'),('WSS72','p23'),('WSS75','p23'),('WSS87','p23'),('WSS1','p24'),('WSS103','p24'),('WSS106','p24'),('WSS115','p24'),('WSS118','p24'),('WSS12','p24'),('WSS128','p24'),('WSS139','p24'),('WSS14','p24'),('WSS150','p24'),('WSS152','p24'),('WSS161','p24'),('WSS162','p24'),('WSS164','p24'),('WSS168','p24'),('WSS17','p24'),('WSS170','p24'),('WSS174','p24'),('WSS18','p24'),('WSS188','p24'),('WSS2','p24'),('WSS20','p24'),('WSS205','p24'),('WSS209','p24'),('WSS212','p24'),('WSS215','p24'),('WSS218','p24'),('WSS220','p24'),('WSS221','p24'),('WSS222','p24'),('WSS223','p24'),('WSS224','p24'),('WSS225','p24'),('WSS227','p24'),('WSS231','p24'),('WSS236','p24'),('WSS24','p24'),('WSS243','p24'),('WSS245','p24'),('WSS247','p24'),('WSS25','p24'),('WSS255','p24'),('WSS256','p24'),('WSS257','p24'),('WSS258','p24'),('WSS259','p24'),('WSS26','p24'),('WSS262','p24'),('WSS267','p24'),('WSS268','p24'),('WSS27','p24'),('WSS278','p24'),('WSS279','p24'),('WSS280','p24'),('WSS281','p24'),('WSS283','p24'),('WSS289','p24'),('WSS292','p24'),('WSS293','p24'),('WSS299','p24'),('WSS30','p24'),('WSS31','p24'),('WSS312','p24'),('WSS317','p24'),('WSS319','p24'),('WSS321','p24'),('WSS322','p24'),('WSS325','p24'),('WSS330','p24'),('WSS332','p24'),('WSS334','p24'),('WSS335','p24'),('WSS346','p24'),('WSS348','p24'),('WSS349','p24'),('WSS352','p24'),('WSS355','p24'),('WSS367','p24'),('WSS372','p24'),('WSS377','p24'),('WSS38','p24'),('WSS384','p24'),('WSS387','p24'),('WSS388','p24'),('WSS390','p24'),('WSS394','p24'),('WSS400','p24'),('WSS401','p24'),('WSS405','p24'),('WSS411','p24'),('WSS413','p24'),('WSS42','p24'),('WSS422','p24'),('WSS426','p24'),('WSS428','p24'),('WSS429','p24'),('WSS439','p24'),('WSS451','p24'),('WSS452','p24'),('WSS454','p24'),('WSS457','p24'),('WSS470','p24'),('WSS480','p24'),('WSS489','p24'),('WSS49','p24'),('WSS492','p24'),('WSS499','p24'),('WSS501','p24'),('WSS51','p24'),('WSS511','p24'),('WSS512','p24'),('WSS515','p24'),('WSS517','p24'),('WSS518','p24'),('WSS521','p24'),('WSS522','p24'),('WSS528','p24'),('WSS529','p24'),('WSS530','p24'),('WSS535','p24'),('WSS536','p24'),('WSS538','p24'),('WSS548','p24'),('WSS551','p24'),('WSS562','p24'),('WSS569','p24'),('WSS570','p24'),('WSS575','p24'),('WSS577','p24'),('WSS58','p24'),('WSS581','p24'),('WSS590','p24'),('WSS591','p24'),('WSS592','p24'),('WSS593','p24'),('WSS599','p24'),('WSS6','p24'),('WSS600','p24'),('WSS611','p24'),('WSS616','p24'),('WSS617','p24'),('WSS618','p24'),('WSS621','p24'),('WSS630','p24'),('WSS633','p24'),('WSS636','p24'),('WSS637','p24'),('WSS64','p24'),('WSS644','p24'),('WSS647','p24'),('WSS655','p24'),('WSS659','p24'),('WSS665','p24'),('WSS671','p24'),('WSS679','p24'),('WSS68','p24'),('WSS681','p24'),('WSS684','p24'),('WSS687','p24'),('WSS689','p24'),('WSS692','p24'),('WSS695','p24'),('WSS700','p24'),('WSS82','p24'),('WSS9','p24'),('WSS96','p24'),('WSS10','p25'),('WSS100','p25'),('WSS105','p25'),('WSS108','p25'),('WSS112','p25'),('WSS114','p25'),('WSS118','p25'),('WSS122','p25'),('WSS127','p25'),('WSS132','p25'),('WSS139','p25'),('WSS14','p25'),('WSS142','p25'),('WSS148','p25'),('WSS149','p25'),('WSS15','p25'),('WSS156','p25'),('WSS157','p25'),('WSS161','p25'),('WSS165','p25'),('WSS168','p25'),('WSS170','p25'),('WSS173','p25'),('WSS174','p25'),('WSS179','p25'),('WSS181','p25'),('WSS182','p25'),('WSS184','p25'),('WSS185','p25'),('WSS191','p25'),('WSS195','p25'),('WSS198','p25'),('WSS200','p25'),('WSS204','p25'),('WSS207','p25'),('WSS210','p25'),('WSS212','p25'),('WSS213','p25'),('WSS216','p25'),('WSS224','p25'),('WSS226','p25'),('WSS234','p25'),('WSS235','p25'),('WSS237','p25'),('WSS243','p25'),('WSS245','p25'),('WSS246','p25'),('WSS269','p25'),('WSS27','p25'),('WSS271','p25'),('WSS273','p25'),('WSS275','p25'),('WSS284','p25'),('WSS286','p25'),('WSS292','p25'),('WSS298','p25'),('WSS303','p25'),('WSS313','p25'),('WSS317','p25'),('WSS32','p25'),('WSS329','p25'),('WSS332','p25'),('WSS338','p25'),('WSS341','p25'),('WSS349','p25'),('WSS351','p25'),('WSS356','p25'),('WSS360','p25'),('WSS361','p25'),('WSS364','p25'),('WSS366','p25'),('WSS368','p25'),('WSS371','p25'),('WSS374','p25'),('WSS375','p25'),('WSS378','p25'),('WSS38','p25'),('WSS386','p25'),('WSS39','p25'),('WSS396','p25'),('WSS403','p25'),('WSS404','p25'),('WSS409','p25'),('WSS410','p25'),('WSS412','p25'),('WSS415','p25'),('WSS422','p25'),('WSS427','p25'),('WSS432','p25'),('WSS443','p25'),('WSS448','p25'),('WSS451','p25'),('WSS452','p25'),('WSS453','p25'),('WSS454','p25'),('WSS458','p25'),('WSS459','p25'),('WSS465','p25'),('WSS469','p25'),('WSS470','p25'),('WSS472','p25'),('WSS473','p25'),('WSS475','p25'),('WSS480','p25'),('WSS481','p25'),('WSS485','p25'),('WSS488','p25'),('WSS490','p25'),('WSS498','p25'),('WSS5','p25'),('WSS504','p25'),('WSS507','p25'),('WSS512','p25'),('WSS513','p25'),('WSS517','p25'),('WSS519','p25'),('WSS520','p25'),('WSS524','p25'),('WSS527','p25'),('WSS531','p25'),('WSS537','p25'),('WSS541','p25'),('WSS545','p25'),('WSS547','p25'),('WSS55','p25'),('WSS551','p25'),('WSS557','p25'),('WSS56','p25'),('WSS563','p25'),('WSS564','p25'),('WSS565','p25'),('WSS568','p25'),('WSS57','p25'),('WSS574','p25'),('WSS579','p25'),('WSS589','p25'),('WSS591','p25'),('WSS595','p25'),('WSS598','p25'),('WSS602','p25'),('WSS603','p25'),('WSS604','p25'),('WSS606','p25'),('WSS612','p25'),('WSS615','p25'),('WSS627','p25'),('WSS63','p25'),('WSS633','p25'),('WSS64','p25'),('WSS640','p25'),('WSS641','p25'),('WSS649','p25'),('WSS65','p25'),('WSS650','p25'),('WSS651','p25'),('WSS652','p25'),('WSS653','p25'),('WSS656','p25'),('WSS657','p25'),('WSS667','p25'),('WSS669','p25'),('WSS670','p25'),('WSS676','p25'),('WSS678','p25'),('WSS680','p25'),('WSS687','p25'),('WSS688','p25'),('WSS689','p25'),('WSS690','p25'),('WSS692','p25'),('WSS694','p25'),('WSS699','p25'),('WSS700','p25'),('WSS73','p25'),('WSS83','p25'),('WSS93','p25'),('WSS95','p25'),('WSS10','p26'),('WSS100','p26'),('WSS102','p26'),('WSS104','p26'),('WSS106','p26'),('WSS108','p26'),('WSS109','p26'),('WSS11','p26'),('WSS111','p26'),('WSS112','p26'),('WSS113','p26'),('WSS120','p26'),('WSS124','p26'),('WSS125','p26'),('WSS126','p26'),('WSS13','p26'),('WSS140','p26'),('WSS144','p26'),('WSS147','p26'),('WSS148','p26'),('WSS159','p26'),('WSS160','p26'),('WSS175','p26'),('WSS18','p26'),('WSS184','p26'),('WSS19','p26'),('WSS192','p26'),('WSS193','p26'),('WSS194','p26'),('WSS196','p26'),('WSS197','p26'),('WSS20','p26'),('WSS206','p26'),('WSS208','p26'),('WSS21','p26'),('WSS211','p26'),('WSS214','p26'),('WSS218','p26'),('WSS22','p26'),('WSS223','p26'),('WSS224','p26'),('WSS226','p26'),('WSS229','p26'),('WSS231','p26'),('WSS237','p26'),('WSS242','p26'),('WSS243','p26'),('WSS248','p26'),('WSS254','p26'),('WSS26','p26'),('WSS260','p26'),('WSS280','p26'),('WSS283','p26'),('WSS285','p26'),('WSS286','p26'),('WSS287','p26'),('WSS289','p26'),('WSS291','p26'),('WSS294','p26'),('WSS299','p26'),('WSS3','p26'),('WSS301','p26'),('WSS302','p26'),('WSS313','p26'),('WSS314','p26'),('WSS320','p26'),('WSS322','p26'),('WSS329','p26'),('WSS33','p26'),('WSS333','p26'),('WSS339','p26'),('WSS340','p26'),('WSS344','p26'),('WSS346','p26'),('WSS347','p26'),('WSS353','p26'),('WSS354','p26'),('WSS357','p26'),('WSS363','p26'),('WSS367','p26'),('WSS37','p26'),('WSS373','p26'),('WSS379','p26'),('WSS387','p26'),('WSS398','p26'),('WSS40','p26'),('WSS402','p26'),('WSS404','p26'),('WSS424','p26'),('WSS43','p26'),('WSS430','p26'),('WSS432','p26'),('WSS434','p26'),('WSS439','p26'),('WSS445','p26'),('WSS455','p26'),('WSS460','p26'),('WSS464','p26'),('WSS467','p26'),('WSS474','p26'),('WSS478','p26'),('WSS479','p26'),('WSS48','p26'),('WSS483','p26'),('WSS488','p26'),('WSS492','p26'),('WSS493','p26'),('WSS494','p26'),('WSS501','p26'),('WSS502','p26'),('WSS506','p26'),('WSS507','p26'),('WSS508','p26'),('WSS51','p26'),('WSS512','p26'),('WSS514','p26'),('WSS523','p26'),('WSS535','p26'),('WSS537','p26'),('WSS54','p26'),('WSS547','p26'),('WSS549','p26'),('WSS556','p26'),('WSS560','p26'),('WSS563','p26'),('WSS58','p26'),('WSS583','p26'),('WSS584','p26'),('WSS589','p26'),('WSS592','p26'),('WSS597','p26'),('WSS598','p26'),('WSS6','p26'),('WSS600','p26'),('WSS626','p26'),('WSS63','p26'),('WSS633','p26'),('WSS634','p26'),('WSS635','p26'),('WSS641','p26'),('WSS643','p26'),('WSS649','p26'),('WSS650','p26'),('WSS651','p26'),('WSS652','p26'),('WSS653','p26'),('WSS655','p26'),('WSS666','p26'),('WSS668','p26'),('WSS669','p26'),('WSS67','p26'),('WSS674','p26'),('WSS68','p26'),('WSS685','p26'),('WSS69','p26'),('WSS690','p26'),('WSS693','p26'),('WSS7','p26'),('WSS75','p26'),('WSS78','p26'),('WSS79','p26'),('WSS81','p26'),('WSS92','p26'),('WSS96','p26'),('WSS97','p26'),('WSS100','p27'),('WSS101','p27'),('WSS104','p27'),('WSS106','p27'),('WSS107','p27'),('WSS108','p27'),('WSS113','p27'),('WSS114','p27'),('WSS119','p27'),('WSS12','p27'),('WSS126','p27'),('WSS127','p27'),('WSS129','p27'),('WSS136','p27'),('WSS137','p27'),('WSS15','p27'),('WSS153','p27'),('WSS168','p27'),('WSS169','p27'),('WSS173','p27'),('WSS174','p27'),('WSS18','p27'),('WSS183','p27'),('WSS185','p27'),('WSS187','p27'),('WSS198','p27'),('WSS199','p27'),('WSS200','p27'),('WSS203','p27'),('WSS204','p27'),('WSS210','p27'),('WSS212','p27'),('WSS213','p27'),('WSS221','p27'),('WSS223','p27'),('WSS227','p27'),('WSS231','p27'),('WSS234','p27'),('WSS235','p27'),('WSS242','p27'),('WSS245','p27'),('WSS249','p27'),('WSS250','p27'),('WSS256','p27'),('WSS257','p27'),('WSS260','p27'),('WSS266','p27'),('WSS267','p27'),('WSS269','p27'),('WSS287','p27'),('WSS288','p27'),('WSS290','p27'),('WSS294','p27'),('WSS296','p27'),('WSS301','p27'),('WSS306','p27'),('WSS307','p27'),('WSS309','p27'),('WSS312','p27'),('WSS314','p27'),('WSS32','p27'),('WSS320','p27'),('WSS324','p27'),('WSS336','p27'),('WSS340','p27'),('WSS341','p27'),('WSS343','p27'),('WSS346','p27'),('WSS349','p27'),('WSS35','p27'),('WSS352','p27'),('WSS358','p27'),('WSS360','p27'),('WSS362','p27'),('WSS365','p27'),('WSS367','p27'),('WSS371','p27'),('WSS381','p27'),('WSS383','p27'),('WSS389','p27'),('WSS39','p27'),('WSS392','p27'),('WSS409','p27'),('WSS410','p27'),('WSS412','p27'),('WSS417','p27'),('WSS421','p27'),('WSS424','p27'),('WSS426','p27'),('WSS429','p27'),('WSS440','p27'),('WSS443','p27'),('WSS448','p27'),('WSS450','p27'),('WSS451','p27'),('WSS456','p27'),('WSS457','p27'),('WSS465','p27'),('WSS466','p27'),('WSS47','p27'),('WSS476','p27'),('WSS478','p27'),('WSS488','p27'),('WSS497','p27'),('WSS519','p27'),('WSS521','p27'),('WSS522','p27'),('WSS523','p27'),('WSS525','p27'),('WSS529','p27'),('WSS530','p27'),('WSS532','p27'),('WSS545','p27'),('WSS552','p27'),('WSS562','p27'),('WSS563','p27'),('WSS567','p27'),('WSS570','p27'),('WSS574','p27'),('WSS583','p27'),('WSS592','p27'),('WSS602','p27'),('WSS604','p27'),('WSS607','p27'),('WSS608','p27'),('WSS609','p27'),('WSS614','p27'),('WSS618','p27'),('WSS62','p27'),('WSS626','p27'),('WSS627','p27'),('WSS628','p27'),('WSS634','p27'),('WSS636','p27'),('WSS643','p27'),('WSS646','p27'),('WSS647','p27'),('WSS648','p27'),('WSS649','p27'),('WSS65','p27'),('WSS650','p27'),('WSS658','p27'),('WSS66','p27'),('WSS660','p27'),('WSS669','p27'),('WSS671','p27'),('WSS673','p27'),('WSS675','p27'),('WSS677','p27'),('WSS68','p27'),('WSS685','p27'),('WSS689','p27'),('WSS69','p27'),('WSS690','p27'),('WSS697','p27'),('WSS7','p27'),('WSS73','p27'),('WSS94','p27'),('WSS96','p27'),('WSS1','p28'),('WSS10','p28'),('WSS100','p28'),('WSS101','p28'),('WSS105','p28'),('WSS12','p28'),('WSS122','p28'),('WSS126','p28'),('WSS130','p28'),('WSS133','p28'),('WSS14','p28'),('WSS142','p28'),('WSS148','p28'),('WSS149','p28'),('WSS153','p28'),('WSS154','p28'),('WSS159','p28'),('WSS160','p28'),('WSS176','p28'),('WSS178','p28'),('WSS179','p28'),('WSS180','p28'),('WSS182','p28'),('WSS193','p28'),('WSS196','p28'),('WSS197','p28'),('WSS202','p28'),('WSS203','p28'),('WSS209','p28'),('WSS218','p28'),('WSS219','p28'),('WSS221','p28'),('WSS222','p28'),('WSS23','p28'),('WSS230','p28'),('WSS233','p28'),('WSS236','p28'),('WSS239','p28'),('WSS240','p28'),('WSS245','p28'),('WSS258','p28'),('WSS259','p28'),('WSS266','p28'),('WSS272','p28'),('WSS275','p28'),('WSS276','p28'),('WSS277','p28'),('WSS28','p28'),('WSS280','p28'),('WSS282','p28'),('WSS283','p28'),('WSS284','p28'),('WSS295','p28'),('WSS296','p28'),('WSS298','p28'),('WSS300','p28'),('WSS305','p28'),('WSS312','p28'),('WSS316','p28'),('WSS318','p28'),('WSS323','p28'),('WSS325','p28'),('WSS330','p28'),('WSS331','p28'),('WSS332','p28'),('WSS334','p28'),('WSS336','p28'),('WSS34','p28'),('WSS343','p28'),('WSS347','p28'),('WSS350','p28'),('WSS352','p28'),('WSS353','p28'),('WSS356','p28'),('WSS366','p28'),('WSS37','p28'),('WSS370','p28'),('WSS380','p28'),('WSS384','p28'),('WSS389','p28'),('WSS394','p28'),('WSS41','p28'),('WSS414','p28'),('WSS42','p28'),('WSS422','p28'),('WSS426','p28'),('WSS428','p28'),('WSS437','p28'),('WSS438','p28'),('WSS446','p28'),('WSS448','p28'),('WSS453','p28'),('WSS454','p28'),('WSS458','p28'),('WSS460','p28'),('WSS465','p28'),('WSS470','p28'),('WSS472','p28'),('WSS475','p28'),('WSS476','p28'),('WSS478','p28'),('WSS484','p28'),('WSS485','p28'),('WSS494','p28'),('WSS50','p28'),('WSS500','p28'),('WSS502','p28'),('WSS509','p28'),('WSS514','p28'),('WSS519','p28'),('WSS527','p28'),('WSS532','p28'),('WSS541','p28'),('WSS546','p28'),('WSS549','p28'),('WSS557','p28'),('WSS558','p28'),('WSS559','p28'),('WSS56','p28'),('WSS560','p28'),('WSS565','p28'),('WSS566','p28'),('WSS568','p28'),('WSS570','p28'),('WSS573','p28'),('WSS574','p28'),('WSS575','p28'),('WSS576','p28'),('WSS577','p28'),('WSS579','p28'),('WSS581','p28'),('WSS583','p28'),('WSS585','p28'),('WSS59','p28'),('WSS591','p28'),('WSS594','p28'),('WSS595','p28'),('WSS598','p28'),('WSS603','p28'),('WSS608','p28'),('WSS61','p28'),('WSS614','p28'),('WSS622','p28'),('WSS628','p28'),('WSS629','p28'),('WSS632','p28'),('WSS637','p28'),('WSS639','p28'),('WSS642','p28'),('WSS643','p28'),('WSS645','p28'),('WSS649','p28'),('WSS65','p28'),('WSS653','p28'),('WSS654','p28'),('WSS655','p28'),('WSS658','p28'),('WSS661','p28'),('WSS662','p28'),('WSS668','p28'),('WSS674','p28'),('WSS677','p28'),('WSS682','p28'),('WSS684','p28'),('WSS685','p28'),('WSS687','p28'),('WSS691','p28'),('WSS696','p28'),('WSS70','p28'),('WSS71','p28'),('WSS72','p28'),('WSS74','p28'),('WSS79','p28'),('WSS8','p28'),('WSS80','p28'),('WSS82','p28'),('WSS91','p28'),('WSS92','p28'),('WSS94','p28'),('WSS99','p28'),('WSS102','p29'),('WSS135','p29'),('WSS136','p29'),('WSS139','p29'),('WSS143','p29'),('WSS146','p29'),('WSS157','p29'),('WSS161','p29'),('WSS162','p29'),('WSS163','p29'),('WSS167','p29'),('WSS168','p29'),('WSS17','p29'),('WSS170','p29'),('WSS174','p29'),('WSS185','p29'),('WSS199','p29'),('WSS2','p29'),('WSS202','p29'),('WSS205','p29'),('WSS208','p29'),('WSS210','p29'),('WSS217','p29'),('WSS22','p29'),('WSS223','p29'),('WSS227','p29'),('WSS229','p29'),('WSS230','p29'),('WSS231','p29'),('WSS242','p29'),('WSS247','p29'),('WSS250','p29'),('WSS261','p29'),('WSS263','p29'),('WSS265','p29'),('WSS269','p29'),('WSS280','p29'),('WSS282','p29'),('WSS283','p29'),('WSS289','p29'),('WSS29','p29'),('WSS293','p29'),('WSS294','p29'),('WSS30','p29'),('WSS307','p29'),('WSS316','p29'),('WSS317','p29'),('WSS320','p29'),('WSS321','p29'),('WSS323','p29'),('WSS326','p29'),('WSS328','p29'),('WSS334','p29'),('WSS340','p29'),('WSS343','p29'),('WSS348','p29'),('WSS353','p29'),('WSS359','p29'),('WSS363','p29'),('WSS365','p29'),('WSS369','p29'),('WSS371','p29'),('WSS377','p29'),('WSS392','p29'),('WSS393','p29'),('WSS396','p29'),('WSS397','p29'),('WSS400','p29'),('WSS401','p29'),('WSS402','p29'),('WSS406','p29'),('WSS407','p29'),('WSS410','p29'),('WSS418','p29'),('WSS428','p29'),('WSS43','p29'),('WSS441','p29'),('WSS447','p29'),('WSS448','p29'),('WSS449','p29'),('WSS455','p29'),('WSS46','p29'),('WSS461','p29'),('WSS462','p29'),('WSS467','p29'),('WSS468','p29'),('WSS470','p29'),('WSS471','p29'),('WSS472','p29'),('WSS473','p29'),('WSS477','p29'),('WSS48','p29'),('WSS482','p29'),('WSS485','p29'),('WSS489','p29'),('WSS496','p29'),('WSS502','p29'),('WSS509','p29'),('WSS510','p29'),('WSS512','p29'),('WSS513','p29'),('WSS516','p29'),('WSS517','p29'),('WSS52','p29'),('WSS523','p29'),('WSS524','p29'),('WSS530','p29'),('WSS531','p29'),('WSS538','p29'),('WSS541','p29'),('WSS546','p29'),('WSS551','p29'),('WSS556','p29'),('WSS565','p29'),('WSS568','p29'),('WSS575','p29'),('WSS576','p29'),('WSS580','p29'),('WSS588','p29'),('WSS597','p29'),('WSS599','p29'),('WSS602','p29'),('WSS610','p29'),('WSS612','p29'),('WSS613','p29'),('WSS615','p29'),('WSS617','p29'),('WSS618','p29'),('WSS619','p29'),('WSS62','p29'),('WSS625','p29'),('WSS628','p29'),('WSS634','p29'),('WSS639','p29'),('WSS641','p29'),('WSS645','p29'),('WSS648','p29'),('WSS651','p29'),('WSS653','p29'),('WSS658','p29'),('WSS659','p29'),('WSS67','p29'),('WSS672','p29'),('WSS673','p29'),('WSS687','p29'),('WSS689','p29'),('WSS694','p29'),('WSS697','p29'),('WSS71','p29'),('WSS76','p29'),('WSS77','p29'),('WSS8','p29'),('WSS81','p29'),('WSS91','p29'),('WSS92','p29'),('WSS99','p29'),('WSS106','p3'),('WSS11','p3'),('WSS114','p3'),('WSS116','p3'),('WSS117','p3'),('WSS119','p3'),('WSS120','p3'),('WSS125','p3'),('WSS127','p3'),('WSS133','p3'),('WSS140','p3'),('WSS141','p3'),('WSS143','p3'),('WSS145','p3'),('WSS151','p3'),('WSS154','p3'),('WSS157','p3'),('WSS159','p3'),('WSS16','p3'),('WSS169','p3'),('WSS176','p3'),('WSS18','p3'),('WSS182','p3'),('WSS186','p3'),('WSS188','p3'),('WSS190','p3'),('WSS191','p3'),('WSS200','p3'),('WSS201','p3'),('WSS206','p3'),('WSS209','p3'),('WSS216','p3'),('WSS220','p3'),('WSS221','p3'),('WSS225','p3'),('WSS229','p3'),('WSS232','p3'),('WSS234','p3'),('WSS236','p3'),('WSS247','p3'),('WSS248','p3'),('WSS254','p3'),('WSS275','p3'),('WSS282','p3'),('WSS287','p3'),('WSS301','p3'),('WSS302','p3'),('WSS306','p3'),('WSS308','p3'),('WSS312','p3'),('WSS315','p3'),('WSS318','p3'),('WSS32','p3'),('WSS326','p3'),('WSS330','p3'),('WSS331','p3'),('WSS334','p3'),('WSS338','p3'),('WSS340','p3'),('WSS341','p3'),('WSS349','p3'),('WSS350','p3'),('WSS355','p3'),('WSS356','p3'),('WSS36','p3'),('WSS362','p3'),('WSS366','p3'),('WSS367','p3'),('WSS368','p3'),('WSS373','p3'),('WSS379','p3'),('WSS380','p3'),('WSS382','p3'),('WSS385','p3'),('WSS387','p3'),('WSS388','p3'),('WSS393','p3'),('WSS394','p3'),('WSS396','p3'),('WSS4','p3'),('WSS406','p3'),('WSS411','p3'),('WSS429','p3'),('WSS431','p3'),('WSS432','p3'),('WSS437','p3'),('WSS445','p3'),('WSS446','p3'),('WSS447','p3'),('WSS451','p3'),('WSS453','p3'),('WSS459','p3'),('WSS462','p3'),('WSS47','p3'),('WSS470','p3'),('WSS477','p3'),('WSS481','p3'),('WSS483','p3'),('WSS486','p3'),('WSS487','p3'),('WSS491','p3'),('WSS497','p3'),('WSS498','p3'),('WSS501','p3'),('WSS509','p3'),('WSS51','p3'),('WSS511','p3'),('WSS514','p3'),('WSS515','p3'),('WSS523','p3'),('WSS524','p3'),('WSS525','p3'),('WSS53','p3'),('WSS533','p3'),('WSS534','p3'),('WSS537','p3'),('WSS538','p3'),('WSS543','p3'),('WSS550','p3'),('WSS555','p3'),('WSS557','p3'),('WSS561','p3'),('WSS562','p3'),('WSS569','p3'),('WSS573','p3'),('WSS578','p3'),('WSS582','p3'),('WSS584','p3'),('WSS594','p3'),('WSS595','p3'),('WSS597','p3'),('WSS60','p3'),('WSS600','p3'),('WSS603','p3'),('WSS604','p3'),('WSS605','p3'),('WSS610','p3'),('WSS611','p3'),('WSS613','p3'),('WSS620','p3'),('WSS626','p3'),('WSS630','p3'),('WSS632','p3'),('WSS635','p3'),('WSS638','p3'),('WSS640','p3'),('WSS644','p3'),('WSS660','p3'),('WSS661','p3'),('WSS665','p3'),('WSS668','p3'),('WSS67','p3'),('WSS692','p3'),('WSS693','p3'),('WSS74','p3'),('WSS78','p3'),('WSS8','p3'),('WSS87','p3'),('WSS89','p3'),('WSS90','p3'),('WSS10','p30'),('WSS106','p30'),('WSS110','p30'),('WSS112','p30'),('WSS118','p30'),('WSS119','p30'),('WSS12','p30'),('WSS122','p30'),('WSS126','p30'),('WSS128','p30'),('WSS129','p30'),('WSS13','p30'),('WSS132','p30'),('WSS137','p30'),('WSS142','p30'),('WSS143','p30'),('WSS145','p30'),('WSS147','p30'),('WSS148','p30'),('WSS158','p30'),('WSS161','p30'),('WSS163','p30'),('WSS168','p30'),('WSS179','p30'),('WSS183','p30'),('WSS185','p30'),('WSS187','p30'),('WSS188','p30'),('WSS19','p30'),('WSS190','p30'),('WSS191','p30'),('WSS198','p30'),('WSS199','p30'),('WSS210','p30'),('WSS212','p30'),('WSS213','p30'),('WSS214','p30'),('WSS217','p30'),('WSS221','p30'),('WSS227','p30'),('WSS23','p30'),('WSS231','p30'),('WSS232','p30'),('WSS234','p30'),('WSS235','p30'),('WSS241','p30'),('WSS244','p30'),('WSS249','p30'),('WSS251','p30'),('WSS259','p30'),('WSS261','p30'),('WSS263','p30'),('WSS268','p30'),('WSS273','p30'),('WSS277','p30'),('WSS278','p30'),('WSS28','p30'),('WSS281','p30'),('WSS282','p30'),('WSS286','p30'),('WSS288','p30'),('WSS30','p30'),('WSS300','p30'),('WSS306','p30'),('WSS307','p30'),('WSS308','p30'),('WSS310','p30'),('WSS311','p30'),('WSS323','p30'),('WSS328','p30'),('WSS329','p30'),('WSS333','p30'),('WSS335','p30'),('WSS349','p30'),('WSS35','p30'),('WSS352','p30'),('WSS353','p30'),('WSS358','p30'),('WSS359','p30'),('WSS36','p30'),('WSS363','p30'),('WSS364','p30'),('WSS366','p30'),('WSS373','p30'),('WSS377','p30'),('WSS378','p30'),('WSS379','p30'),('WSS381','p30'),('WSS383','p30'),('WSS385','p30'),('WSS388','p30'),('WSS397','p30'),('WSS399','p30'),('WSS400','p30'),('WSS408','p30'),('WSS413','p30'),('WSS418','p30'),('WSS420','p30'),('WSS422','p30'),('WSS424','p30'),('WSS427','p30'),('WSS429','p30'),('WSS433','p30'),('WSS436','p30'),('WSS444','p30'),('WSS446','p30'),('WSS447','p30'),('WSS45','p30'),('WSS450','p30'),('WSS456','p30'),('WSS464','p30'),('WSS465','p30'),('WSS469','p30'),('WSS473','p30'),('WSS476','p30'),('WSS477','p30'),('WSS48','p30'),('WSS484','p30'),('WSS486','p30'),('WSS49','p30'),('WSS492','p30'),('WSS493','p30'),('WSS494','p30'),('WSS499','p30'),('WSS502','p30'),('WSS505','p30'),('WSS506','p30'),('WSS512','p30'),('WSS514','p30'),('WSS515','p30'),('WSS522','p30'),('WSS523','p30'),('WSS524','p30'),('WSS525','p30'),('WSS530','p30'),('WSS532','p30'),('WSS536','p30'),('WSS54','p30'),('WSS544','p30'),('WSS545','p30'),('WSS55','p30'),('WSS550','p30'),('WSS554','p30'),('WSS56','p30'),('WSS561','p30'),('WSS564','p30'),('WSS565','p30'),('WSS571','p30'),('WSS573','p30'),('WSS575','p30'),('WSS578','p30'),('WSS58','p30'),('WSS586','p30'),('WSS587','p30'),('WSS588','p30'),('WSS592','p30'),('WSS593','p30'),('WSS596','p30'),('WSS601','p30'),('WSS602','p30'),('WSS603','p30'),('WSS611','p30'),('WSS613','p30'),('WSS617','p30'),('WSS620','p30'),('WSS621','p30'),('WSS622','p30'),('WSS623','p30'),('WSS627','p30'),('WSS641','p30'),('WSS648','p30'),('WSS656','p30'),('WSS66','p30'),('WSS662','p30'),('WSS671','p30'),('WSS675','p30'),('WSS681','p30'),('WSS684','p30'),('WSS688','p30'),('WSS689','p30'),('WSS69','p30'),('WSS691','p30'),('WSS693','p30'),('WSS696','p30'),('WSS698','p30'),('WSS72','p30'),('WSS73','p30'),('WSS82','p30'),('WSS84','p30'),('WSS85','p30'),('WSS87','p30'),('WSS89','p30'),('WSS91','p30'),('WSS94','p30'),('WSS97','p30'),('WSS1','p4'),('WSS103','p4'),('WSS105','p4'),('WSS106','p4'),('WSS113','p4'),('WSS116','p4'),('WSS117','p4'),('WSS121','p4'),('WSS122','p4'),('WSS129','p4'),('WSS134','p4'),('WSS137','p4'),('WSS140','p4'),('WSS143','p4'),('WSS147','p4'),('WSS153','p4'),('WSS157','p4'),('WSS16','p4'),('WSS161','p4'),('WSS164','p4'),('WSS174','p4'),('WSS176','p4'),('WSS178','p4'),('WSS180','p4'),('WSS181','p4'),('WSS183','p4'),('WSS189','p4'),('WSS203','p4'),('WSS204','p4'),('WSS209','p4'),('WSS21','p4'),('WSS210','p4'),('WSS212','p4'),('WSS214','p4'),('WSS234','p4'),('WSS236','p4'),('WSS242','p4'),('WSS244','p4'),('WSS248','p4'),('WSS249','p4'),('WSS251','p4'),('WSS252','p4'),('WSS253','p4'),('WSS254','p4'),('WSS255','p4'),('WSS259','p4'),('WSS262','p4'),('WSS263','p4'),('WSS266','p4'),('WSS269','p4'),('WSS279','p4'),('WSS28','p4'),('WSS283','p4'),('WSS284','p4'),('WSS285','p4'),('WSS289','p4'),('WSS29','p4'),('WSS293','p4'),('WSS297','p4'),('WSS3','p4'),('WSS305','p4'),('WSS309','p4'),('WSS31','p4'),('WSS310','p4'),('WSS318','p4'),('WSS327','p4'),('WSS330','p4'),('WSS340','p4'),('WSS345','p4'),('WSS348','p4'),('WSS351','p4'),('WSS354','p4'),('WSS356','p4'),('WSS361','p4'),('WSS375','p4'),('WSS378','p4'),('WSS385','p4'),('WSS389','p4'),('WSS395','p4'),('WSS397','p4'),('WSS40','p4'),('WSS407','p4'),('WSS409','p4'),('WSS41','p4'),('WSS416','p4'),('WSS421','p4'),('WSS429','p4'),('WSS431','p4'),('WSS436','p4'),('WSS438','p4'),('WSS443','p4'),('WSS449','p4'),('WSS454','p4'),('WSS458','p4'),('WSS46','p4'),('WSS463','p4'),('WSS466','p4'),('WSS470','p4'),('WSS473','p4'),('WSS477','p4'),('WSS478','p4'),('WSS483','p4'),('WSS489','p4'),('WSS491','p4'),('WSS492','p4'),('WSS493','p4'),('WSS50','p4'),('WSS501','p4'),('WSS505','p4'),('WSS508','p4'),('WSS510','p4'),('WSS511','p4'),('WSS513','p4'),('WSS517','p4'),('WSS518','p4'),('WSS521','p4'),('WSS525','p4'),('WSS529','p4'),('WSS540','p4'),('WSS542','p4'),('WSS543','p4'),('WSS544','p4'),('WSS554','p4'),('WSS559','p4'),('WSS564','p4'),('WSS565','p4'),('WSS568','p4'),('WSS57','p4'),('WSS571','p4'),('WSS579','p4'),('WSS58','p4'),('WSS586','p4'),('WSS587','p4'),('WSS590','p4'),('WSS591','p4'),('WSS593','p4'),('WSS594','p4'),('WSS596','p4'),('WSS597','p4'),('WSS614','p4'),('WSS616','p4'),('WSS619','p4'),('WSS622','p4'),('WSS623','p4'),('WSS624','p4'),('WSS625','p4'),('WSS628','p4'),('WSS642','p4'),('WSS648','p4'),('WSS655','p4'),('WSS66','p4'),('WSS667','p4'),('WSS670','p4'),('WSS671','p4'),('WSS672','p4'),('WSS674','p4'),('WSS676','p4'),('WSS685','p4'),('WSS686','p4'),('WSS691','p4'),('WSS72','p4'),('WSS73','p4'),('WSS77','p4'),('WSS81','p4'),('WSS85','p4'),('WSS86','p4'),('WSS89','p4'),('WSS93','p4'),('WSS1','p5'),('WSS102','p5'),('WSS111','p5'),('WSS114','p5'),('WSS118','p5'),('WSS120','p5'),('WSS121','p5'),('WSS128','p5'),('WSS130','p5'),('WSS133','p5'),('WSS135','p5'),('WSS145','p5'),('WSS154','p5'),('WSS156','p5'),('WSS165','p5'),('WSS167','p5'),('WSS168','p5'),('WSS17','p5'),('WSS172','p5'),('WSS182','p5'),('WSS189','p5'),('WSS190','p5'),('WSS196','p5'),('WSS199','p5'),('WSS20','p5'),('WSS200','p5'),('WSS201','p5'),('WSS205','p5'),('WSS208','p5'),('WSS218','p5'),('WSS227','p5'),('WSS240','p5'),('WSS241','p5'),('WSS245','p5'),('WSS249','p5'),('WSS252','p5'),('WSS253','p5'),('WSS257','p5'),('WSS261','p5'),('WSS268','p5'),('WSS27','p5'),('WSS274','p5'),('WSS286','p5'),('WSS292','p5'),('WSS295','p5'),('WSS297','p5'),('WSS302','p5'),('WSS308','p5'),('WSS309','p5'),('WSS31','p5'),('WSS310','p5'),('WSS311','p5'),('WSS316','p5'),('WSS317','p5'),('WSS320','p5'),('WSS323','p5'),('WSS329','p5'),('WSS33','p5'),('WSS330','p5'),('WSS335','p5'),('WSS339','p5'),('WSS34','p5'),('WSS342','p5'),('WSS35','p5'),('WSS353','p5'),('WSS36','p5'),('WSS361','p5'),('WSS362','p5'),('WSS369','p5'),('WSS370','p5'),('WSS373','p5'),('WSS380','p5'),('WSS381','p5'),('WSS382','p5'),('WSS383','p5'),('WSS385','p5'),('WSS391','p5'),('WSS394','p5'),('WSS401','p5'),('WSS404','p5'),('WSS406','p5'),('WSS417','p5'),('WSS429','p5'),('WSS431','p5'),('WSS433','p5'),('WSS439','p5'),('WSS455','p5'),('WSS459','p5'),('WSS462','p5'),('WSS468','p5'),('WSS473','p5'),('WSS479','p5'),('WSS480','p5'),('WSS486','p5'),('WSS489','p5'),('WSS491','p5'),('WSS496','p5'),('WSS50','p5'),('WSS502','p5'),('WSS503','p5'),('WSS504','p5'),('WSS505','p5'),('WSS506','p5'),('WSS520','p5'),('WSS524','p5'),('WSS526','p5'),('WSS527','p5'),('WSS530','p5'),('WSS534','p5'),('WSS536','p5'),('WSS539','p5'),('WSS545','p5'),('WSS551','p5'),('WSS558','p5'),('WSS559','p5'),('WSS561','p5'),('WSS563','p5'),('WSS570','p5'),('WSS572','p5'),('WSS577','p5'),('WSS579','p5'),('WSS582','p5'),('WSS590','p5'),('WSS591','p5'),('WSS593','p5'),('WSS597','p5'),('WSS600','p5'),('WSS610','p5'),('WSS616','p5'),('WSS628','p5'),('WSS629','p5'),('WSS632','p5'),('WSS633','p5'),('WSS636','p5'),('WSS639','p5'),('WSS64','p5'),('WSS640','p5'),('WSS642','p5'),('WSS651','p5'),('WSS654','p5'),('WSS661','p5'),('WSS663','p5'),('WSS665','p5'),('WSS674','p5'),('WSS677','p5'),('WSS683','p5'),('WSS686','p5'),('WSS698','p5'),('WSS73','p5'),('WSS74','p5'),('WSS76','p5'),('WSS79','p5'),('WSS82','p5'),('WSS86','p5'),('WSS89','p5'),('WSS95','p5'),('WSS10','p6'),('WSS115','p6'),('WSS117','p6'),('WSS12','p6'),('WSS122','p6'),('WSS123','p6'),('WSS129','p6'),('WSS131','p6'),('WSS139','p6'),('WSS14','p6'),('WSS150','p6'),('WSS153','p6'),('WSS156','p6'),('WSS162','p6'),('WSS163','p6'),('WSS169','p6'),('WSS170','p6'),('WSS171','p6'),('WSS18','p6'),('WSS183','p6'),('WSS184','p6'),('WSS196','p6'),('WSS199','p6'),('WSS200','p6'),('WSS21','p6'),('WSS225','p6'),('WSS234','p6'),('WSS235','p6'),('WSS238','p6'),('WSS239','p6'),('WSS24','p6'),('WSS244','p6'),('WSS246','p6'),('WSS249','p6'),('WSS252','p6'),('WSS26','p6'),('WSS261','p6'),('WSS264','p6'),('WSS267','p6'),('WSS270','p6'),('WSS271','p6'),('WSS280','p6'),('WSS282','p6'),('WSS284','p6'),('WSS289','p6'),('WSS291','p6'),('WSS292','p6'),('WSS302','p6'),('WSS304','p6'),('WSS31','p6'),('WSS320','p6'),('WSS321','p6'),('WSS323','p6'),('WSS326','p6'),('WSS338','p6'),('WSS344','p6'),('WSS347','p6'),('WSS354','p6'),('WSS36','p6'),('WSS367','p6'),('WSS374','p6'),('WSS387','p6'),('WSS390','p6'),('WSS40','p6'),('WSS403','p6'),('WSS405','p6'),('WSS41','p6'),('WSS412','p6'),('WSS42','p6'),('WSS423','p6'),('WSS425','p6'),('WSS428','p6'),('WSS448','p6'),('WSS45','p6'),('WSS450','p6'),('WSS46','p6'),('WSS460','p6'),('WSS469','p6'),('WSS475','p6'),('WSS478','p6'),('WSS490','p6'),('WSS493','p6'),('WSS497','p6'),('WSS498','p6'),('WSS50','p6'),('WSS501','p6'),('WSS504','p6'),('WSS52','p6'),('WSS527','p6'),('WSS529','p6'),('WSS532','p6'),('WSS535','p6'),('WSS537','p6'),('WSS538','p6'),('WSS544','p6'),('WSS548','p6'),('WSS549','p6'),('WSS551','p6'),('WSS553','p6'),('WSS559','p6'),('WSS56','p6'),('WSS560','p6'),('WSS562','p6'),('WSS564','p6'),('WSS567','p6'),('WSS569','p6'),('WSS570','p6'),('WSS579','p6'),('WSS581','p6'),('WSS589','p6'),('WSS591','p6'),('WSS592','p6'),('WSS595','p6'),('WSS6','p6'),('WSS604','p6'),('WSS605','p6'),('WSS608','p6'),('WSS615','p6'),('WSS617','p6'),('WSS625','p6'),('WSS629','p6'),('WSS63','p6'),('WSS631','p6'),('WSS640','p6'),('WSS646','p6'),('WSS647','p6'),('WSS652','p6'),('WSS655','p6'),('WSS656','p6'),('WSS670','p6'),('WSS672','p6'),('WSS674','p6'),('WSS677','p6'),('WSS680','p6'),('WSS687','p6'),('WSS698','p6'),('WSS7','p6'),('WSS70','p6'),('WSS700','p6'),('WSS71','p6'),('WSS76','p6'),('WSS79','p6'),('WSS81','p6'),('WSS88','p6'),('WSS9','p6'),('WSS93','p6'),('WSS104','p7'),('WSS107','p7'),('WSS109','p7'),('WSS114','p7'),('WSS118','p7'),('WSS119','p7'),('WSS125','p7'),('WSS127','p7'),('WSS129','p7'),('WSS13','p7'),('WSS136','p7'),('WSS137','p7'),('WSS144','p7'),('WSS145','p7'),('WSS149','p7'),('WSS151','p7'),('WSS154','p7'),('WSS158','p7'),('WSS165','p7'),('WSS172','p7'),('WSS173','p7'),('WSS175','p7'),('WSS177','p7'),('WSS179','p7'),('WSS184','p7'),('WSS188','p7'),('WSS189','p7'),('WSS19','p7'),('WSS190','p7'),('WSS192','p7'),('WSS205','p7'),('WSS209','p7'),('WSS210','p7'),('WSS22','p7'),('WSS225','p7'),('WSS237','p7'),('WSS24','p7'),('WSS242','p7'),('WSS259','p7'),('WSS262','p7'),('WSS267','p7'),('WSS269','p7'),('WSS270','p7'),('WSS273','p7'),('WSS277','p7'),('WSS283','p7'),('WSS285','p7'),('WSS290','p7'),('WSS291','p7'),('WSS294','p7'),('WSS297','p7'),('WSS298','p7'),('WSS299','p7'),('WSS300','p7'),('WSS302','p7'),('WSS31','p7'),('WSS313','p7'),('WSS315','p7'),('WSS321','p7'),('WSS325','p7'),('WSS326','p7'),('WSS327','p7'),('WSS329','p7'),('WSS33','p7'),('WSS330','p7'),('WSS335','p7'),('WSS342','p7'),('WSS343','p7'),('WSS354','p7'),('WSS355','p7'),('WSS362','p7'),('WSS363','p7'),('WSS366','p7'),('WSS370','p7'),('WSS371','p7'),('WSS38','p7'),('WSS381','p7'),('WSS386','p7'),('WSS39','p7'),('WSS392','p7'),('WSS393','p7'),('WSS394','p7'),('WSS395','p7'),('WSS399','p7'),('WSS4','p7'),('WSS411','p7'),('WSS413','p7'),('WSS414','p7'),('WSS421','p7'),('WSS424','p7'),('WSS433','p7'),('WSS435','p7'),('WSS45','p7'),('WSS450','p7'),('WSS451','p7'),('WSS453','p7'),('WSS457','p7'),('WSS460','p7'),('WSS462','p7'),('WSS469','p7'),('WSS47','p7'),('WSS471','p7'),('WSS472','p7'),('WSS476','p7'),('WSS487','p7'),('WSS496','p7'),('WSS498','p7'),('WSS499','p7'),('WSS50','p7'),('WSS506','p7'),('WSS507','p7'),('WSS51','p7'),('WSS516','p7'),('WSS526','p7'),('WSS528','p7'),('WSS53','p7'),('WSS535','p7'),('WSS537','p7'),('WSS540','p7'),('WSS544','p7'),('WSS551','p7'),('WSS552','p7'),('WSS561','p7'),('WSS562','p7'),('WSS563','p7'),('WSS567','p7'),('WSS571','p7'),('WSS574','p7'),('WSS580','p7'),('WSS582','p7'),('WSS590','p7'),('WSS60','p7'),('WSS608','p7'),('WSS609','p7'),('WSS612','p7'),('WSS616','p7'),('WSS619','p7'),('WSS620','p7'),('WSS626','p7'),('WSS628','p7'),('WSS630','p7'),('WSS640','p7'),('WSS641','p7'),('WSS646','p7'),('WSS649','p7'),('WSS651','p7'),('WSS653','p7'),('WSS654','p7'),('WSS660','p7'),('WSS665','p7'),('WSS666','p7'),('WSS668','p7'),('WSS67','p7'),('WSS672','p7'),('WSS677','p7'),('WSS687','p7'),('WSS689','p7'),('WSS691','p7'),('WSS694','p7'),('WSS696','p7'),('WSS697','p7'),('WSS698','p7'),('WSS699','p7'),('WSS700','p7'),('WSS79','p7'),('WSS82','p7'),('WSS84','p7'),('WSS90','p7'),('WSS95','p7'),('WSS96','p7'),('WSS98','p7'),('WSS112','p8'),('WSS114','p8'),('WSS120','p8'),('WSS123','p8'),('WSS127','p8'),('WSS134','p8'),('WSS14','p8'),('WSS145','p8'),('WSS148','p8'),('WSS149','p8'),('WSS155','p8'),('WSS157','p8'),('WSS158','p8'),('WSS164','p8'),('WSS168','p8'),('WSS17','p8'),('WSS171','p8'),('WSS174','p8'),('WSS175','p8'),('WSS177','p8'),('WSS179','p8'),('WSS181','p8'),('WSS185','p8'),('WSS186','p8'),('WSS188','p8'),('WSS193','p8'),('WSS194','p8'),('WSS20','p8'),('WSS205','p8'),('WSS207','p8'),('WSS209','p8'),('WSS210','p8'),('WSS211','p8'),('WSS214','p8'),('WSS217','p8'),('WSS219','p8'),('WSS220','p8'),('WSS222','p8'),('WSS225','p8'),('WSS232','p8'),('WSS236','p8'),('WSS238','p8'),('WSS239','p8'),('WSS243','p8'),('WSS245','p8'),('WSS247','p8'),('WSS250','p8'),('WSS256','p8'),('WSS265','p8'),('WSS273','p8'),('WSS275','p8'),('WSS276','p8'),('WSS279','p8'),('WSS28','p8'),('WSS282','p8'),('WSS29','p8'),('WSS295','p8'),('WSS30','p8'),('WSS300','p8'),('WSS301','p8'),('WSS305','p8'),('WSS307','p8'),('WSS308','p8'),('WSS310','p8'),('WSS312','p8'),('WSS313','p8'),('WSS316','p8'),('WSS317','p8'),('WSS321','p8'),('WSS324','p8'),('WSS327','p8'),('WSS33','p8'),('WSS330','p8'),('WSS333','p8'),('WSS335','p8'),('WSS337','p8'),('WSS34','p8'),('WSS346','p8'),('WSS35','p8'),('WSS351','p8'),('WSS359','p8'),('WSS364','p8'),('WSS366','p8'),('WSS376','p8'),('WSS379','p8'),('WSS380','p8'),('WSS382','p8'),('WSS395','p8'),('WSS397','p8'),('WSS407','p8'),('WSS418','p8'),('WSS421','p8'),('WSS422','p8'),('WSS431','p8'),('WSS44','p8'),('WSS443','p8'),('WSS450','p8'),('WSS451','p8'),('WSS454','p8'),('WSS459','p8'),('WSS466','p8'),('WSS468','p8'),('WSS48','p8'),('WSS483','p8'),('WSS484','p8'),('WSS485','p8'),('WSS486','p8'),('WSS489','p8'),('WSS500','p8'),('WSS501','p8'),('WSS504','p8'),('WSS508','p8'),('WSS513','p8'),('WSS514','p8'),('WSS516','p8'),('WSS517','p8'),('WSS519','p8'),('WSS52','p8'),('WSS525','p8'),('WSS527','p8'),('WSS533','p8'),('WSS534','p8'),('WSS539','p8'),('WSS542','p8'),('WSS546','p8'),('WSS547','p8'),('WSS565','p8'),('WSS57','p8'),('WSS571','p8'),('WSS574','p8'),('WSS576','p8'),('WSS584','p8'),('WSS586','p8'),('WSS589','p8'),('WSS59','p8'),('WSS592','p8'),('WSS600','p8'),('WSS61','p8'),('WSS610','p8'),('WSS614','p8'),('WSS615','p8'),('WSS616','p8'),('WSS623','p8'),('WSS635','p8'),('WSS640','p8'),('WSS644','p8'),('WSS657','p8'),('WSS660','p8'),('WSS663','p8'),('WSS667','p8'),('WSS673','p8'),('WSS675','p8'),('WSS679','p8'),('WSS681','p8'),('WSS686','p8'),('WSS688','p8'),('WSS690','p8'),('WSS7','p8'),('WSS80','p8'),('WSS81','p8'),('WSS84','p8'),('WSS9','p8'),('WSS91','p8'),('WSS92','p8'),('WSS104','p9'),('WSS11','p9'),('WSS114','p9'),('WSS115','p9'),('WSS127','p9'),('WSS128','p9'),('WSS130','p9'),('WSS131','p9'),('WSS138','p9'),('WSS139','p9'),('WSS140','p9'),('WSS141','p9'),('WSS142','p9'),('WSS147','p9'),('WSS149','p9'),('WSS15','p9'),('WSS152','p9'),('WSS156','p9'),('WSS160','p9'),('WSS170','p9'),('WSS171','p9'),('WSS172','p9'),('WSS174','p9'),('WSS176','p9'),('WSS179','p9'),('WSS183','p9'),('WSS187','p9'),('WSS189','p9'),('WSS191','p9'),('WSS193','p9'),('WSS195','p9'),('WSS2','p9'),('WSS206','p9'),('WSS207','p9'),('WSS213','p9'),('WSS215','p9'),('WSS221','p9'),('WSS223','p9'),('WSS228','p9'),('WSS230','p9'),('WSS240','p9'),('WSS246','p9'),('WSS25','p9'),('WSS250','p9'),('WSS252','p9'),('WSS257','p9'),('WSS260','p9'),('WSS272','p9'),('WSS273','p9'),('WSS274','p9'),('WSS281','p9'),('WSS287','p9'),('WSS296','p9'),('WSS297','p9'),('WSS304','p9'),('WSS307','p9'),('WSS314','p9'),('WSS317','p9'),('WSS320','p9'),('WSS321','p9'),('WSS325','p9'),('WSS326','p9'),('WSS327','p9'),('WSS331','p9'),('WSS333','p9'),('WSS336','p9'),('WSS338','p9'),('WSS340','p9'),('WSS342','p9'),('WSS343','p9'),('WSS347','p9'),('WSS348','p9'),('WSS350','p9'),('WSS357','p9'),('WSS358','p9'),('WSS36','p9'),('WSS364','p9'),('WSS369','p9'),('WSS37','p9'),('WSS371','p9'),('WSS374','p9'),('WSS382','p9'),('WSS385','p9'),('WSS393','p9'),('WSS396','p9'),('WSS405','p9'),('WSS414','p9'),('WSS418','p9'),('WSS420','p9'),('WSS430','p9'),('WSS432','p9'),('WSS438','p9'),('WSS439','p9'),('WSS442','p9'),('WSS446','p9'),('WSS447','p9'),('WSS457','p9'),('WSS458','p9'),('WSS461','p9'),('WSS462','p9'),('WSS463','p9'),('WSS465','p9'),('WSS469','p9'),('WSS473','p9'),('WSS474','p9'),('WSS48','p9'),('WSS482','p9'),('WSS484','p9'),('WSS485','p9'),('WSS487','p9'),('WSS489','p9'),('WSS49','p9'),('WSS490','p9'),('WSS491','p9'),('WSS495','p9'),('WSS500','p9'),('WSS503','p9'),('WSS504','p9'),('WSS509','p9'),('WSS525','p9'),('WSS532','p9'),('WSS533','p9'),('WSS537','p9'),('WSS542','p9'),('WSS549','p9'),('WSS553','p9'),('WSS556','p9'),('WSS557','p9'),('WSS56','p9'),('WSS566','p9'),('WSS567','p9'),('WSS576','p9'),('WSS579','p9'),('WSS586','p9'),('WSS59','p9'),('WSS593','p9'),('WSS601','p9'),('WSS602','p9'),('WSS603','p9'),('WSS607','p9'),('WSS612','p9'),('WSS63','p9'),('WSS630','p9'),('WSS635','p9'),('WSS639','p9'),('WSS642','p9'),('WSS643','p9'),('WSS645','p9'),('WSS648','p9'),('WSS66','p9'),('WSS660','p9'),('WSS661','p9'),('WSS664','p9'),('WSS667','p9'),('WSS68','p9'),('WSS680','p9'),('WSS683','p9'),('WSS687','p9'),('WSS688','p9'),('WSS689','p9'),('WSS695','p9'),('WSS697','p9'),('WSS699','p9'),('WSS70','p9'),('WSS71','p9'),('WSS75','p9'),('WSS77','p9'),('WSS85','p9'),('WSS88','p9'),('WSS91','p9'),('WSS94','p9'),('WSS96','p9'),('WSS97','p9');
/*!40000 ALTER TABLE `outputparameter` ENABLE KEYS */;
UNLOCK TABLES;

--
-- Table structure for table `parameterhierarchy`
--

DROP TABLE IF EXISTS `parameterhierarchy`;
/*!40101 SET @saved_cs_client     = @@character_set_client */;
/*!50503 SET character_set_client = utf8mb4 */;
CREATE TABLE `parameterhierarchy` (
  `parentParameterID` varchar(10) NOT NULL,
  `childParameterID` varchar(10) NOT NULL,
  PRIMARY KEY (`parentParameterID`,`childParameterID`)
) ENGINE=InnoDB DEFAULT CHARSET=latin1;
/*!40101 SET character_set_client = @saved_cs_client */;

--
-- Dumping data for table `parameterhierarchy`
--

LOCK TABLES `parameterhierarchy` WRITE;
/*!40000 ALTER TABLE `parameterhierarchy` DISABLE KEYS */;
/*!40000 ALTER TABLE `parameterhierarchy` ENABLE KEYS */;
UNLOCK TABLES;

--
-- Table structure for table `parameterlist`
--

DROP TABLE IF EXISTS `parameterlist`;
/*!40101 SET @saved_cs_client     = @@character_set_client */;
/*!50503 SET character_set_client = utf8mb4 */;
CREATE TABLE `parameterlist` (
  `parameterID` varchar(10) NOT NULL,
  `parameterName` varchar(100) DEFAULT NULL,
  PRIMARY KEY (`parameterID`)
) ENGINE=InnoDB DEFAULT CHARSET=latin1;
/*!40101 SET character_set_client = @saved_cs_client */;

--
-- Dumping data for table `parameterlist`
--

LOCK TABLES `parameterlist` WRITE;
/*!40000 ALTER TABLE `parameterlist` DISABLE KEYS */;
INSERT INTO `parameterlist` VALUES ('p1','p1name'),('p10','p10name'),('p11','p11name'),('p12','p12name'),('p13','p13name'),('p14','p14name'),('p15','p15name'),('p16','p16name'),('p17','p17name'),('p18','p18name'),('p19','p19name'),('p2','p2name'),('p20','p20name'),('p21','p21name'),('p22','p22name'),('p23','p23name'),('p24','p24name'),('p25','p25name'),('p26','p26name'),('p27','p27name'),('p28','p28name'),('p29','p29name'),('p3','p3name'),('p30','p30name'),('p4','p4name'),('p5','p5name'),('p6','p6name'),('p7','p7name'),('p8','p8name'),('p9','p9name');
/*!40000 ALTER TABLE `parameterlist` ENABLE KEYS */;
UNLOCK TABLES;

--
-- Table structure for table `result`
--

DROP TABLE IF EXISTS `result`;
/*!40101 SET @saved_cs_client     = @@character_set_client */;
/*!50503 SET character_set_client = utf8mb4 */;
CREATE TABLE `result` (
  `transactionID` bigint NOT NULL,
  `stage` int NOT NULL,
  `webServiceID` varchar(10) NOT NULL,
  PRIMARY KEY (`transactionID`,`stage`,`webServiceID`)
) ENGINE=InnoDB DEFAULT CHARSET=latin1;
/*!40101 SET character_set_client = @saved_cs_client */;

--
-- Dumping data for table `result`
--

LOCK TABLES `result` WRITE;
/*!40000 ALTER TABLE `result` DISABLE KEYS */;
INSERT INTO `result` VALUES (1,1,'WSS60'),(1,2,'WSS258'),(2,1,'WSS278'),(2,2,'WSS93'),(3,1,'WSS45'),(3,2,'WSS543'),(4,1,'WSS698'),(4,2,'WSS35'),(5,1,'WSS591'),(5,2,'WSS51'),(6,1,'WSS41'),(6,2,'WSS82'),(7,1,'WSS275'),(7,2,'WSS584'),(8,1,'WSS232'),(8,2,'WSS52'),(9,1,'WSS236'),(9,2,'WSS413'),(9,2,'WSS415'),(10,1,'WSS273'),(10,2,'WSS261'),(11,1,'WSS296'),(11,2,'WSS289'),(12,1,'WSS276'),(12,2,'WSS240'),(13,1,'WSS210'),(13,2,'WSS254'),(14,1,'WSS246'),(14,2,'WSS21'),(15,1,'WSS532'),(15,2,'WSS512'),(16,1,'WSS363'),(16,2,'WSS274'),(17,1,'WSS54'),(17,2,'WSS98'),(18,1,'WSS16'),(18,2,'WSS65'),(19,1,'WSS278'),(19,2,'WSS409'),(20,1,'WSS415'),(20,2,'WSS282'),(21,1,'WSS203'),(21,2,'WSS307'),(22,1,'WSS570'),(22,2,'WSS581'),(23,1,'WSS200'),(23,2,'WSS55'),(24,1,'WSS93'),(24,2,'WSS266'),(25,1,'WSS500'),(25,2,'WSS202'),(26,1,'WSS267'),(26,2,'WSS296'),(27,1,'WSS16'),(27,2,'WSS415'),(28,1,'WSS36'),(28,2,'WSS61'),(29,1,'WSS296'),(29,2,'WSS282'),(30,1,'WSS367'),(30,2,'WSS577'),(1031,1,'ICP006'),(1031,1,'ICP110'),(1031,1,'ICP311'),(1031,2,'ICP500'),(1035,1,'ICP386'),(1035,2,'ICP466'),(1133,1,'ICP103'),(1133,2,'ICP341'),(1133,3,'ICP395'),(1136,1,'ICP110'),(1136,2,'ICP710'),(1141,1,'ICP311'),(1141,2,'ICP422'),(1288,1,'ICP001'),(1288,2,'ICP110'),(1291,1,'ICP110'),(1291,2,'ICP720'),(1293,1,'ICP110'),(1293,1,'ICP311'),(1293,2,'ICP500'),(1296,1,'ICP006'),(1296,1,'ICP103'),(1296,1,'ICP110'),(1296,1,'ICP311'),(1296,1,'ICP313'),(1296,2,'ICP341'),(1296,2,'ICP500'),(1296,3,'ICP395'),(1325,1,'ICP110'),(1325,2,'ICP680'),(1355,1,'ICP110'),(1355,2,'ICP469'),(1406,1,'ICP110'),(1435,1,'ICP006'),(1435,1,'ICP110'),(1435,1,'ICP311'),(1435,2,'ICP500'),(1509,1,'ICP001'),(1509,1,'ICP006'),(1509,2,'ICP002'),(1509,2,'ICP110'),(1509,3,'ICP311'),(1509,4,'ICP500'),(1572,1,'ICP103'),(1572,1,'ICP110'),(1572,1,'ICP386'),(1572,2,'ICP341'),(1572,2,'ICP395'),(1572,2,'ICP466'),(1572,2,'ICP620'),(1572,2,'ICP720'),(1572,3,'ICP445'),(1583,1,'ICP386'),(1583,2,'ICP466'),(1607,1,'ICP301'),(1607,1,'ICP341'),(1607,1,'ICP386'),(1607,2,'ICP481'),(1620,1,'ICP006'),(1620,1,'ICP110'),(1620,1,'ICP311'),(1620,2,'ICP500'),(1646,1,'ICP006'),(1646,1,'ICP110'),(1646,1,'ICP311'),(1646,2,'ICP469'),(1646,2,'ICP500'),(1733,1,'ICP311'),(1733,2,'ICP422'),(1797,1,'ICP386'),(1797,2,'ICP466'),(1851,1,'ICP003'),(1851,1,'ICP311'),(1851,2,'ICP313'),(1851,3,'ICP486'),(1981,1,'ICP110'),(1981,1,'ICP311'),(1981,2,'ICP500'),(2015,1,'ICP006'),(2015,1,'ICP110'),(2015,1,'ICP311'),(2015,2,'ICP500'),(2026,1,'ICP386'),(2026,2,'ICP466'),(2114,1,'ICP341'),(2114,2,'ICP395'),(2114,3,'ICP445'),(2280,1,'ICP103'),(2280,1,'ICP386'),(2280,2,'ICP341'),(2280,2,'ICP395'),(2280,2,'ICP466'),(2280,3,'ICP495'),(2317,1,'ICP313'),(2317,1,'ICP341'),(2317,1,'ICP680'),(2317,2,'ICP395'),(2317,3,'ICP445'),(2474,1,'ICP003'),(2474,1,'ICP311'),(2474,2,'ICP313'),(2474,3,'ICP486'),(2565,1,'ICP313'),(2565,1,'ICP341'),(2565,2,'ICP395'),(2565,3,'ICP445'),(2598,1,'ICP006'),(2598,1,'ICP110'),(2598,1,'ICP311'),(2598,1,'ICP313'),(2598,1,'ICP331'),(2598,2,'ICP500'),(2610,1,'ICP003'),(2610,1,'ICP311'),(2610,2,'ICP313'),(2610,3,'ICP486'),(2659,1,'ICP006'),(2659,1,'ICP110'),(2659,1,'ICP311'),(2659,2,'ICP469'),(2659,2,'ICP500'),(2675,1,'ICP386'),(2675,2,'ICP466'),(2711,1,'ICP103'),(2711,1,'ICP386'),(2711,2,'ICP341'),(2711,3,'ICP481'),(2779,1,'ICP003'),(2779,1,'ICP311'),(2779,2,'ICP313'),(2779,3,'ICP486'),(2985,1,'ICP103'),(3021,1,'ICP006'),(3021,1,'ICP110'),(3021,1,'ICP302'),(3021,2,'ICP500'),(3075,1,'ICP006'),(3075,1,'ICP110'),(3075,1,'ICP311'),(3075,2,'ICP500'),(3226,1,'ICP110'),(3226,2,'ICP818'),(3286,1,'ICP006'),(3286,1,'ICP110'),(3286,1,'ICP311'),(3286,2,'ICP500'),(3357,1,'ICP006'),(3357,1,'ICP110'),(3357,1,'ICP311'),(3357,2,'ICP500'),(3667,1,'ICP103'),(3667,1,'ICP301'),(3667,1,'ICP386'),(3667,2,'ICP341'),(3667,3,'ICP481'),(3668,1,'ICP103'),(3668,1,'ICP301'),(3668,1,'ICP386'),(3668,2,'ICP341'),(3668,3,'ICP481'),(3705,1,'ICP103'),(3705,1,'ICP301'),(3705,1,'ICP386'),(3705,2,'ICP341'),(3705,3,'ICP481'),(3718,1,'ICP001'),(3718,2,'ICP002'),(3718,2,'ICP110'),(3718,3,'ICP311'),(3718,4,'ICP819'),(3877,1,'ICP386'),(3948,1,'ICP006'),(3948,1,'ICP110'),(3948,1,'ICP311'),(3948,2,'ICP500'),(3969,1,'ICP301'),(3969,1,'ICP341'),(3969,1,'ICP386'),(3969,2,'ICP481'),(3971,1,'ICP386'),(3971,2,'ICP466'),(4112,1,'ICP006'),(4112,1,'ICP110'),(4112,1,'ICP311'),(4112,2,'ICP469'),(4112,2,'ICP500'),(4178,1,'ICP002'),(4178,1,'ICP110'),(4178,2,'ICP311'),(4178,3,'ICP819'),(4281,1,'ICP110'),(4281,2,'ICP469'),(4296,1,'ICP006'),(4296,1,'ICP110'),(4296,1,'ICP311'),(4296,2,'ICP469'),(4296,2,'ICP500'),(4375,1,'ICP003'),(4375,1,'ICP311'),(4375,2,'ICP313'),(4375,3,'ICP486'),(4589,1,'ICP006'),(4589,1,'ICP110'),(4589,1,'ICP311'),(4589,2,'ICP469'),(4589,2,'ICP500'),(4607,1,'ICP006'),(4607,1,'ICP110'),(4607,1,'ICP302'),(4607,2,'ICP500'),(4747,1,'ICP311'),(4747,1,'ICP313'),(4747,2,'ICP486'),(4775,1,'ICP110'),(4775,2,'ICP500'),(4934,1,'ICP103'),(4934,2,'ICP341'),(4978,1,'ICP103'),(4980,1,'ICP006'),(4980,1,'ICP110'),(4980,1,'ICP311'),(4980,2,'ICP469'),(4980,2,'ICP500'),(4980,2,'ICP720'),(4980,3,'ICP740'),(5049,1,'ICP006'),(5049,1,'ICP110'),(5049,1,'ICP311'),(5049,2,'ICP500'),(5417,1,'ICP301'),(5417,1,'ICP341'),(5417,1,'ICP386'),(5417,2,'ICP481'),(5448,1,'ICP386'),(5448,2,'ICP466'),(5450,1,'ICP103'),(5450,1,'ICP110'),(5450,1,'ICP386'),(5450,1,'ICP817'),(5450,2,'ICP341'),(5450,2,'ICP395'),(5450,2,'ICP466'),(5450,2,'ICP620'),(5450,2,'ICP720'),(5450,3,'ICP445'),(5450,3,'ICP815'),(5461,1,'ICP002'),(5461,1,'ICP006'),(5461,1,'ICP110'),(5461,1,'ICP302'),(5461,2,'ICP500'),(5461,2,'ICP720'),(5461,3,'ICP740'),(5472,1,'ICP110'),(5472,2,'ICP818'),(5497,1,'ICP103'),(5497,2,'ICP341'),(5569,1,'ICP386'),(5569,2,'ICP466'),(5571,1,'ICP103'),(5571,2,'ICP810'),(5757,1,'ICP386'),(5757,2,'ICP466'),(5779,1,'ICP006'),(5779,1,'ICP110'),(5779,1,'ICP302'),(5779,2,'ICP500'),(5814,1,'ICP006'),(5814,1,'ICP110'),(5814,1,'ICP311'),(5814,2,'ICP500'),(5897,1,'ICP110'),(5897,2,'ICP710'),(5966,1,'ICP103'),(5966,1,'ICP301'),(5966,1,'ICP386'),(5966,2,'ICP341'),(5966,3,'ICP481'),(6032,1,'ICP386'),(6032,2,'ICP466'),(6279,1,'ICP006'),(6279,1,'ICP110'),(6279,1,'ICP311'),(6279,2,'ICP469'),(6279,2,'ICP500'),(6294,1,'ICP006'),(6294,1,'ICP110'),(6294,1,'ICP311'),(6294,2,'ICP500'),(6325,1,'ICP002'),(6325,2,'ICP003'),(6363,1,'ICP006'),(6363,1,'ICP110'),(6363,1,'ICP311'),(6363,2,'ICP469'),(6363,2,'ICP500'),(6437,1,'ICP103'),(6437,1,'ICP301'),(6437,1,'ICP386'),(6437,2,'ICP341'),(6437,3,'ICP481'),(6533,1,'ICP006'),(6533,1,'ICP110'),(6533,1,'ICP311'),(6533,2,'ICP469'),(6533,2,'ICP500'),(6574,1,'ICP002'),(6574,1,'ICP110'),(6574,2,'ICP311'),(6574,3,'ICP819'),(6604,1,'ICP103'),(6604,1,'ICP386'),(6604,2,'ICP341'),(6604,3,'ICP481'),(6679,1,'ICP003'),(6679,1,'ICP311'),(6679,2,'ICP313'),(6679,3,'ICP486'),(6692,1,'ICP103'),(6692,1,'ICP386'),(6692,1,'ICP465'),(6692,2,'ICP341'),(6692,3,'ICP481'),(6874,1,'ICP467'),(6898,1,'ICP103'),(6898,1,'ICP386'),(6898,2,'ICP341'),(6898,3,'ICP481'),(6922,1,'ICP313'),(6922,1,'ICP341'),(6922,2,'ICP395'),(6974,1,'ICP110'),(6974,2,'ICP469'),(7056,1,'ICP006'),(7056,1,'ICP110'),(7056,1,'ICP311'),(7056,1,'ICP341'),(7056,2,'ICP395'),(7056,2,'ICP500'),(7056,2,'ICP720'),(7056,3,'ICP445'),(7056,3,'ICP740'),(7107,1,'ICP311'),(7107,1,'ICP313'),(7107,2,'ICP486'),(7159,1,'ICP311'),(7159,2,'ICP422'),(7196,1,'ICP103'),(7196,2,'ICP341'),(7196,2,'ICP395'),(7196,3,'ICP495'),(7227,1,'ICP103'),(7227,1,'ICP110'),(7227,1,'ICP301'),(7227,1,'ICP311'),(7227,1,'ICP386'),(7227,2,'ICP341'),(7227,2,'ICP500'),(7227,3,'ICP481'),(7297,1,'ICP386'),(7297,2,'ICP466'),(7326,1,'ICP006'),(7326,1,'ICP110'),(7326,1,'ICP311'),(7326,2,'ICP500'),(7398,1,'ICP002'),(7398,1,'ICP006'),(7398,1,'ICP103'),(7398,1,'ICP110'),(7398,2,'ICP311'),(7398,2,'ICP720'),(7398,2,'ICP810'),(7398,3,'ICP500'),(7398,3,'ICP819'),(7398,4,'ICP740'),(7420,1,'ICP006'),(7420,1,'ICP311'),(7420,2,'ICP500'),(7484,1,'ICP006'),(7484,1,'ICP110'),(7484,1,'ICP311'),(7484,2,'ICP469'),(7484,2,'ICP500'),(7515,1,'ICP006'),(7515,1,'ICP110'),(7515,1,'ICP311'),(7515,2,'ICP469'),(7515,2,'ICP500'),(7593,1,'ICP301'),(7593,1,'ICP341'),(7593,1,'ICP386'),(7593,2,'ICP481'),(7645,1,'ICP001'),(7645,1,'ICP006'),(7645,2,'ICP002'),(7645,2,'ICP110'),(7645,3,'ICP311'),(7645,4,'ICP500'),(7720,1,'ICP006'),(7720,1,'ICP311'),(7720,1,'ICP720'),(7720,2,'ICP500'),(7720,3,'ICP740'),(7769,1,'ICP103'),(7769,2,'ICP341'),(7797,1,'ICP006'),(7797,1,'ICP110'),(7797,1,'ICP302'),(7797,2,'ICP500'),(7797,2,'ICP720'),(7817,1,'ICP006'),(7817,1,'ICP311'),(7817,2,'ICP500'),(7821,1,'ICP006'),(7821,1,'ICP110'),(7821,1,'ICP311'),(7821,2,'ICP500'),(7831,1,'ICP006'),(7831,1,'ICP311'),(7831,2,'ICP500'),(7832,1,'ICP006'),(7832,1,'ICP110'),(7832,1,'ICP311'),(7832,2,'ICP500'),(8030,1,'ICP386'),(8030,2,'ICP466'),(8062,1,'ICP006'),(8062,1,'ICP110'),(8062,1,'ICP311'),(8062,2,'ICP500'),(8155,1,'ICP006'),(8155,1,'ICP110'),(8155,1,'ICP311'),(8155,2,'ICP469'),(8155,2,'ICP500'),(8306,1,'ICP006'),(8306,1,'ICP110'),(8306,1,'ICP311'),(8306,2,'ICP500'),(8509,1,'ICP467'),(8527,1,'ICP110'),(8527,2,'ICP500'),(8628,1,'ICP103'),(8628,1,'ICP301'),(8628,1,'ICP386'),(8628,2,'ICP341'),(8628,3,'ICP481'),(8647,1,'ICP103'),(8647,2,'ICP341'),(8688,1,'ICP103'),(8688,1,'ICP301'),(8688,1,'ICP386'),(8688,2,'ICP341'),(8688,3,'ICP481'),(8877,1,'ICP386'),(8877,2,'ICP466'),(8889,1,'ICP110'),(8889,2,'ICP620'),(8941,1,'ICP103'),(8941,2,'ICP341'),(8941,2,'ICP395'),(8941,3,'ICP495'),(8952,1,'ICP103'),(8952,1,'ICP386'),(8952,2,'ICP341'),(8952,3,'ICP481'),(8959,1,'ICP103'),(8959,2,'ICP341'),(9050,1,'ICP006'),(9050,1,'ICP110'),(9050,1,'ICP311'),(9050,2,'ICP500'),(9076,1,'ICP004'),(9076,2,'ICP005'),(9076,3,'ICP331'),(9117,1,'ICP110'),(9117,2,'ICP469'),(9185,1,'ICP341'),(9185,2,'ICP395'),(9185,3,'ICP445'),(9249,1,'ICP006'),(9249,1,'ICP110'),(9249,1,'ICP311'),(9249,2,'ICP500'),(9249,2,'ICP720'),(9306,1,'ICP006'),(9306,1,'ICP110'),(9306,1,'ICP302'),(9306,2,'ICP500'),(9325,1,'ICP386'),(9422,1,'ICP110'),(9422,2,'ICP469'),(9451,1,'ICP006'),(9451,1,'ICP110'),(9451,1,'ICP311'),(9451,1,'ICP341'),(9451,2,'ICP395'),(9451,2,'ICP500'),(9451,2,'ICP720'),(9451,3,'ICP445'),(9451,3,'ICP740'),(9524,1,'ICP001'),(9524,1,'ICP006'),(9524,2,'ICP002'),(9524,2,'ICP110'),(9524,3,'ICP311'),(9524,4,'ICP500'),(9784,1,'ICP110'),(9784,2,'ICP469'),(9797,1,'ICP103'),(9797,2,'ICP341'),(9812,1,'ICP311'),(9812,1,'ICP313'),(9812,2,'ICP486'),(9814,1,'ICP006'),(9814,1,'ICP110'),(9814,1,'ICP311'),(9814,2,'ICP500'),(9868,1,'ICP006'),(9868,1,'ICP110'),(9868,1,'ICP311'),(9868,2,'ICP500'),(9968,1,'ICP103'),(9968,1,'ICP301'),(9968,1,'ICP386'),(9968,2,'ICP341'),(9968,3,'ICP481'),(9978,1,'ICP311'),(9978,1,'ICP313'),(9978,2,'ICP486'),(111174351,1,'ICP001'),(111174351,2,'ICP002'),(111174351,3,'ICP003'),(111174351,3,'ICP311'),(111174351,4,'ICP313'),(111174351,5,'ICP486'),(112793854,1,'ICP006'),(112793854,1,'ICP110'),(112793854,1,'ICP311'),(112793854,2,'ICP500'),(125202274,1,'ICP001'),(125202274,1,'ICP103'),(125202274,2,'ICP301'),(125202274,2,'ICP341'),(125202274,2,'ICP386'),(125202274,3,'ICP481'),(137852438,1,'ICP006'),(137852438,1,'ICP110'),(137852438,1,'ICP311'),(137852438,2,'ICP500'),(141922012,1,'ICP002'),(141922012,2,'ICP003'),(141922012,2,'ICP311'),(141922012,3,'ICP313'),(141922012,4,'ICP486'),(164821430,1,'ICP001'),(164821430,2,'ICP002'),(164821430,3,'ICP003'),(164821430,3,'ICP311'),(164821430,4,'ICP313'),(164821430,5,'ICP486'),(166203121,1,'ICP001'),(166203121,1,'ICP006'),(166203121,1,'ICP200'),(166203121,2,'ICP002'),(166203121,2,'ICP110'),(166203121,2,'ICP720'),(166203121,3,'ICP311'),(166203121,4,'ICP500'),(166203121,4,'ICP819'),(166203121,5,'ICP740'),(178957047,1,'ICP110'),(178957047,2,'ICP469'),(192081592,1,'ICP006'),(192081592,1,'ICP200'),(192081592,1,'ICP311'),(192081592,2,'ICP500'),(192081592,2,'ICP720'),(192081592,3,'ICP740'),(196046272,1,'ICP002'),(196046272,1,'ICP006'),(196046272,1,'ICP110'),(196046272,2,'ICP311'),(196046272,2,'ICP469'),(196046272,3,'ICP500'),(222936116,1,'ICP006'),(222936116,1,'ICP200'),(222936116,1,'ICP311'),(222936116,2,'ICP500'),(222936116,2,'ICP720'),(222936116,2,'ICP819'),(222936116,3,'ICP740'),(258370250,1,'ICP006'),(258370250,1,'ICP200'),(258370250,1,'ICP311'),(258370250,2,'ICP500'),(258370250,2,'ICP720'),(258370250,2,'ICP818'),(258370250,2,'ICP819'),(258370250,3,'ICP740'),(285611992,1,'ICP006'),(285611992,1,'ICP110'),(285611992,1,'ICP200'),(285611992,1,'ICP311'),(285611992,2,'ICP500'),(285611992,2,'ICP720'),(285611992,3,'ICP740'),(287034437,1,'ICP006'),(287034437,1,'ICP200'),(287034437,1,'ICP311'),(287034437,2,'ICP500'),(287034437,2,'ICP720'),(287034437,2,'ICP819'),(287034437,3,'ICP740'),(291687847,1,'ICP006'),(291687847,1,'ICP200'),(291687847,1,'ICP311'),(291687847,2,'ICP500'),(291687847,2,'ICP720'),(291687847,2,'ICP819'),(291687847,3,'ICP740'),(292870227,1,'ICP001'),(292870227,1,'ICP006'),(292870227,1,'ICP720'),(292870227,2,'ICP002'),(292870227,2,'ICP110'),(292870227,3,'ICP311'),(292870227,4,'ICP500'),(292870227,5,'ICP740'),(316379525,1,'ICP110'),(316379525,1,'ICP311'),(316379525,2,'ICP361'),(316379525,3,'ICP461'),(324432052,1,'ICP001'),(324432052,2,'ICP002'),(324432052,3,'ICP003'),(324432052,3,'ICP311'),(324432052,4,'ICP313'),(324432052,5,'ICP486'),(348444351,1,'ICP311'),(348444351,1,'ICP313'),(348444351,2,'ICP486'),(356640298,1,'ICP469'),(356640298,1,'ICP818'),(356640298,2,'ICP660'),(362849335,1,'ICP006'),(362849335,1,'ICP200'),(362849335,1,'ICP311'),(362849335,2,'ICP500'),(362849335,2,'ICP720'),(362849335,2,'ICP818'),(362849335,3,'ICP740'),(370058038,1,'ICP006'),(370058038,1,'ICP110'),(370058038,1,'ICP311'),(370058038,2,'ICP469'),(370058038,2,'ICP500'),(410309476,1,'ICP001'),(410309476,1,'ICP006'),(410309476,1,'ICP200'),(410309476,2,'ICP002'),(410309476,2,'ICP720'),(410309476,3,'ICP311'),(410309476,4,'ICP500'),(410309476,4,'ICP819'),(410309476,5,'ICP740'),(411681300,1,'ICP006'),(411681300,1,'ICP200'),(411681300,1,'ICP311'),(411681300,2,'ICP500'),(411681300,2,'ICP720'),(411681300,2,'ICP819'),(411681300,3,'ICP740'),(413889315,1,'ICP002'),(413889315,2,'ICP003'),(413889315,2,'ICP311'),(413889315,3,'ICP313'),(413889315,4,'ICP486'),(435075950,1,'ICP002'),(435075950,1,'ICP006'),(435075950,1,'ICP110'),(435075950,1,'ICP720'),(435075950,2,'ICP311'),(435075950,3,'ICP500'),(435075950,4,'ICP740'),(442506203,1,'ICP006'),(442506203,1,'ICP110'),(442506203,1,'ICP311'),(442506203,2,'ICP469'),(442506203,2,'ICP500'),(448741355,1,'ICP001'),(448741355,2,'ICP002'),(448741355,3,'ICP003'),(448741355,3,'ICP311'),(448741355,4,'ICP313'),(448741355,5,'ICP486'),(452470039,1,'ICP006'),(452470039,1,'ICP110'),(452470039,1,'ICP311'),(452470039,2,'ICP500'),(495404878,1,'ICP006'),(495404878,1,'ICP110'),(495404878,1,'ICP200'),(495404878,1,'ICP302'),(495404878,2,'ICP500'),(495404878,2,'ICP720'),(495404878,3,'ICP740'),(496776246,1,'ICP103'),(496776246,2,'ICP341'),(496776246,3,'ICP403'),(497270695,1,'ICP001'),(497270695,1,'ICP103'),(497270695,2,'ICP301'),(497270695,2,'ICP341'),(497270695,2,'ICP386'),(497270695,3,'ICP481'),(506023024,1,'ICP680'),(516484914,1,'ICP006'),(516484914,1,'ICP200'),(516484914,1,'ICP311'),(516484914,2,'ICP500'),(516484914,2,'ICP720'),(516484914,3,'ICP740'),(524497078,1,'ICP006'),(524497078,1,'ICP200'),(524497078,1,'ICP311'),(524497078,2,'ICP500'),(524497078,2,'ICP720'),(524497078,2,'ICP819'),(524497078,3,'ICP740'),(532135187,1,'ICP200'),(532135187,2,'ICP720'),(532135187,3,'ICP811'),(532135187,4,'ICP813'),(561361210,1,'ICP006'),(561361210,1,'ICP200'),(561361210,1,'ICP311'),(561361210,2,'ICP500'),(561361210,2,'ICP720'),(561361210,2,'ICP819'),(561361210,3,'ICP740'),(578460210,1,'ICP110'),(578460210,2,'ICP469'),(601145152,1,'ICP006'),(601145152,1,'ICP200'),(601145152,1,'ICP311'),(601145152,2,'ICP500'),(601145152,2,'ICP720'),(601145152,2,'ICP819'),(601145152,3,'ICP740'),(630767823,1,'ICP006'),(630767823,1,'ICP200'),(630767823,1,'ICP311'),(630767823,2,'ICP500'),(630767823,2,'ICP720'),(630767823,2,'ICP819'),(630767823,3,'ICP740'),(658685554,1,'ICP006'),(658685554,1,'ICP200'),(658685554,1,'ICP311'),(658685554,2,'ICP500'),(658685554,2,'ICP720'),(658685554,3,'ICP740'),(659691843,1,'ICP006'),(659691843,1,'ICP200'),(659691843,1,'ICP311'),(659691843,2,'ICP500'),(659691843,2,'ICP720'),(659691843,3,'ICP740'),(664758087,1,'ICP006'),(664758087,1,'ICP200'),(664758087,1,'ICP311'),(664758087,2,'ICP500'),(664758087,2,'ICP720'),(664758087,2,'ICP819'),(664758087,3,'ICP740'),(669457938,1,'ICP006'),(669457938,1,'ICP200'),(669457938,1,'ICP311'),(669457938,2,'ICP500'),(669457938,2,'ICP720'),(669457938,3,'ICP740'),(683869712,1,'ICP006'),(683869712,1,'ICP200'),(683869712,1,'ICP311'),(683869712,2,'ICP500'),(683869712,2,'ICP720'),(683869712,2,'ICP819'),(683869712,3,'ICP740'),(716407017,1,'ICP006'),(716407017,1,'ICP110'),(716407017,1,'ICP311'),(716407017,1,'ICP720'),(716407017,2,'ICP500'),(716407017,2,'ICP811'),(716407017,3,'ICP813'),(726508464,1,'ICP006'),(726508464,1,'ICP110'),(726508464,1,'ICP311'),(726508464,2,'ICP469'),(726508464,2,'ICP500'),(739074091,1,'ICP006'),(739074091,1,'ICP200'),(739074091,1,'ICP311'),(739074091,2,'ICP500'),(739074091,2,'ICP720'),(739074091,3,'ICP740'),(739546796,1,'ICP006'),(739546796,1,'ICP200'),(739546796,1,'ICP311'),(739546796,2,'ICP500'),(739546796,2,'ICP720'),(739546796,3,'ICP740'),(742695516,1,'ICP001'),(742695516,2,'ICP110'),(742695516,2,'ICP302'),(742695516,3,'ICP500'),(749479466,1,'ICP103'),(749479466,1,'ICP301'),(749479466,1,'ICP386'),(749479466,2,'ICP341'),(749479466,3,'ICP481'),(759784803,1,'ICP001'),(759784803,1,'ICP006'),(759784803,2,'ICP110'),(759784803,2,'ICP302'),(759784803,3,'ICP500'),(784019298,1,'ICP001'),(784019298,1,'ICP103'),(784019298,2,'ICP301'),(784019298,2,'ICP341'),(784019298,2,'ICP386'),(784019298,3,'ICP481'),(809869431,1,'ICP006'),(809869431,1,'ICP110'),(809869431,1,'ICP311'),(809869431,2,'ICP500'),(833064024,1,'ICP001'),(833064024,1,'ICP006'),(833064024,1,'ICP720'),(833064024,2,'ICP002'),(833064024,2,'ICP110'),(833064024,3,'ICP311'),(833064024,4,'ICP500'),(833064024,5,'ICP740'),(882961008,1,'ICP006'),(882961008,1,'ICP110'),(882961008,1,'ICP311'),(882961008,2,'ICP500'),(916025637,1,'ICP001'),(916025637,2,'ICP110'),(916025637,3,'ICP469'),(960676621,1,'ICP006'),(960676621,1,'ICP200'),(960676621,1,'ICP311'),(960676621,2,'ICP500'),(960676621,2,'ICP720'),(960676621,3,'ICP740'),(971245096,1,'ICP006'),(971245096,1,'ICP110'),(971245096,1,'ICP311'),(971245096,2,'ICP469'),(971245096,2,'ICP500');
/*!40000 ALTER TABLE `result` ENABLE KEYS */;
UNLOCK TABLES;

--
-- Table structure for table `rhs`
--

DROP TABLE IF EXISTS `rhs`;
/*!40101 SET @saved_cs_client     = @@character_set_client */;
/*!50503 SET character_set_client = utf8mb4 */;
CREATE TABLE `rhs` (
  `ruleid` int NOT NULL,
  `courseid` varchar(10) NOT NULL,
  PRIMARY KEY (`ruleid`,`courseid`)
) ENGINE=InnoDB DEFAULT CHARSET=latin1;
/*!40101 SET character_set_client = @saved_cs_client */;

--
-- Dumping data for table `rhs`
--

LOCK TABLES `rhs` WRITE;
/*!40000 ALTER TABLE `rhs` DISABLE KEYS */;
INSERT INTO `rhs` VALUES (1,'ICP110'),(2,'ICP311'),(3,'ICP500'),(4,'ICP311'),(5,'ICP500'),(6,'ICP500'),(7,'ICP311'),(8,'ICP500'),(9,'ICP500'),(10,'ICP500'),(11,'ICP500');
/*!40000 ALTER TABLE `rhs` ENABLE KEYS */;
UNLOCK TABLES;

--
-- Table structure for table `ruleinfo`
--

DROP TABLE IF EXISTS `ruleinfo`;
/*!40101 SET @saved_cs_client     = @@character_set_client */;
/*!50503 SET character_set_client = utf8mb4 */;
CREATE TABLE `ruleinfo` (
  `ruleid` int NOT NULL,
  `support` float DEFAULT NULL,
  `confidence` float DEFAULT NULL,
  `lift` float DEFAULT NULL,
  `count` int DEFAULT NULL,
  PRIMARY KEY (`ruleid`)
) ENGINE=InnoDB DEFAULT CHARSET=latin1;
/*!40101 SET character_set_client = @saved_cs_client */;

--
-- Dumping data for table `ruleinfo`
--

LOCK TABLES `ruleinfo` WRITE;
/*!40000 ALTER TABLE `ruleinfo` DISABLE KEYS */;
INSERT INTO `ruleinfo` VALUES (1,0.2,0.719101,1.53765,3),(2,0.2,0.910112,1.69382,3),(3,0.2,1,2.11579,3),(4,0.2,0.670213,1.24734,3),(5,0.2,0.744681,1.57559,3),(6,0.2,0.777778,1.64561,3),(7,0.2,0.875,1.62847,3),(8,0.2,1,2.11579,3),(9,0.2,1,2.11579,3),(10,0.2,0.936508,1.98145,3),(11,0.2,1,2.11579,3);
/*!40000 ALTER TABLE `ruleinfo` ENABLE KEYS */;
UNLOCK TABLES;

--
-- Table structure for table `webservicelist`
--

DROP TABLE IF EXISTS `webservicelist`;
/*!40101 SET @saved_cs_client     = @@character_set_client */;
/*!50503 SET character_set_client = utf8mb4 */;
CREATE TABLE `webservicelist` (
  `webServiceID` varchar(10) NOT NULL,
  `webServiceName` varchar(100) DEFAULT NULL,
  `reputation` float DEFAULT NULL,
  `price` float DEFAULT NULL,
  `duration` int DEFAULT NULL,
  `provider` varchar(50) DEFAULT NULL,
  `url` varchar(100) DEFAULT NULL,
  PRIMARY KEY (`webServiceID`)
) ENGINE=InnoDB DEFAULT CHARSET=latin1;
/*!40101 SET character_set_client = @saved_cs_client */;

--
-- Dumping data for table `webservicelist`
--

LOCK TABLES `webservicelist` WRITE;
/*!40000 ALTER TABLE `webservicelist` DISABLE KEYS */;
INSERT INTO `webservicelist` VALUES ('WSS1','WSS1Name',3,1,3,'serviceprovider','https://serviceprovider.com'),('WSS10','WSS10Name',3,1,3,'serviceprovider','https://serviceprovider.com'),('WSS100','WSS100Name',3,1,3,'serviceprovider','https://serviceprovider.com'),('WSS101','WSS101Name',3,1,3,'serviceprovider','https://serviceprovider.com'),('WSS102','WSS102Name',3,1,3,'serviceprovider','https://serviceprovider.com'),('WSS103','WSS103Name',3,1,3,'serviceprovider','https://serviceprovider.com'),('WSS104','WSS104Name',3,1,3,'serviceprovider','https://serviceprovider.com'),('WSS105','WSS105Name',3,1,3,'serviceprovider','https://serviceprovider.com'),('WSS106','WSS106Name',3,1,3,'serviceprovider','https://serviceprovider.com'),('WSS107','WSS107Name',3,1,3,'serviceprovider','https://serviceprovider.com'),('WSS108','WSS108Name',3,1,3,'serviceprovider','https://serviceprovider.com'),('WSS109','WSS109Name',3,1,3,'serviceprovider','https://serviceprovider.com'),('WSS11','WSS11Name',3,1,3,'serviceprovider','https://serviceprovider.com'),('WSS110','WSS110Name',3,1,3,'serviceprovider','https://serviceprovider.com'),('WSS111','WSS111Name',3,1,3,'serviceprovider','https://serviceprovider.com'),('WSS112','WSS112Name',3,1,3,'serviceprovider','https://serviceprovider.com'),('WSS113','WSS113Name',3,1,3,'serviceprovider','https://serviceprovider.com'),('WSS114','WSS114Name',3,1,3,'serviceprovider','https://serviceprovider.com'),('WSS115','WSS115Name',3,1,3,'serviceprovider','https://serviceprovider.com'),('WSS116','WSS116Name',3,1,3,'serviceprovider','https://serviceprovider.com'),('WSS117','WSS117Name',3,1,3,'serviceprovider','https://serviceprovider.com'),('WSS118','WSS118Name',3,1,3,'serviceprovider','https://serviceprovider.com'),('WSS119','WSS119Name',3,1,3,'serviceprovider','https://serviceprovider.com'),('WSS12','WSS12Name',3,1,3,'serviceprovider','https://serviceprovider.com'),('WSS120','WSS120Name',3,1,3,'serviceprovider','https://serviceprovider.com'),('WSS121','WSS121Name',3,1,3,'serviceprovider','https://serviceprovider.com'),('WSS122','WSS122Name',3,1,3,'serviceprovider','https://serviceprovider.com'),('WSS123','WSS123Name',3,1,3,'serviceprovider','https://serviceprovider.com'),('WSS124','WSS124Name',3,1,3,'serviceprovider','https://serviceprovider.com'),('WSS125','WSS125Name',3,1,3,'serviceprovider','https://serviceprovider.com'),('WSS126','WSS126Name',3,1,3,'serviceprovider','https://serviceprovider.com'),('WSS127','WSS127Name',3,1,3,'serviceprovider','https://serviceprovider.com'),('WSS128','WSS128Name',3,1,3,'serviceprovider','https://serviceprovider.com'),('WSS129','WSS129Name',3,1,3,'serviceprovider','https://serviceprovider.com'),('WSS13','WSS13Name',3,1,3,'serviceprovider','https://serviceprovider.com'),('WSS130','WSS130Name',3,1,3,'serviceprovider','https://serviceprovider.com'),('WSS131','WSS131Name',3,1,3,'serviceprovider','https://serviceprovider.com'),('WSS132','WSS132Name',3,1,3,'serviceprovider','https://serviceprovider.com'),('WSS133','WSS133Name',3,1,3,'serviceprovider','https://serviceprovider.com'),('WSS134','WSS134Name',3,1,3,'serviceprovider','https://serviceprovider.com'),('WSS135','WSS135Name',3,1,3,'serviceprovider','https://serviceprovider.com'),('WSS136','WSS136Name',3,1,3,'serviceprovider','https://serviceprovider.com'),('WSS137','WSS137Name',3,1,3,'serviceprovider','https://serviceprovider.com'),('WSS138','WSS138Name',3,1,3,'serviceprovider','https://serviceprovider.com'),('WSS139','WSS139Name',3,1,3,'serviceprovider','https://serviceprovider.com'),('WSS14','WSS14Name',3,1,3,'serviceprovider','https://serviceprovider.com'),('WSS140','WSS140Name',3,1,3,'serviceprovider','https://serviceprovider.com'),('WSS141','WSS141Name',3,1,3,'serviceprovider','https://serviceprovider.com'),('WSS142','WSS142Name',3,1,3,'serviceprovider','https://serviceprovider.com'),('WSS143','WSS143Name',3,1,3,'serviceprovider','https://serviceprovider.com'),('WSS144','WSS144Name',3,1,3,'serviceprovider','https://serviceprovider.com'),('WSS145','WSS145Name',3,1,3,'serviceprovider','https://serviceprovider.com'),('WSS146','WSS146Name',3,1,3,'serviceprovider','https://serviceprovider.com'),('WSS147','WSS147Name',3,1,3,'serviceprovider','https://serviceprovider.com'),('WSS148','WSS148Name',3,1,3,'serviceprovider','https://serviceprovider.com'),('WSS149','WSS149Name',3,1,3,'serviceprovider','https://serviceprovider.com'),('WSS15','WSS15Name',3,1,3,'serviceprovider','https://serviceprovider.com'),('WSS150','WSS150Name',3,1,3,'serviceprovider','https://serviceprovider.com'),('WSS151','WSS151Name',3,1,3,'serviceprovider','https://serviceprovider.com'),('WSS152','WSS152Name',3,1,3,'serviceprovider','https://serviceprovider.com'),('WSS153','WSS153Name',3,1,3,'serviceprovider','https://serviceprovider.com'),('WSS154','WSS154Name',3,1,3,'serviceprovider','https://serviceprovider.com'),('WSS155','WSS155Name',3,1,3,'serviceprovider','https://serviceprovider.com'),('WSS156','WSS156Name',3,1,3,'serviceprovider','https://serviceprovider.com'),('WSS157','WSS157Name',3,1,3,'serviceprovider','https://serviceprovider.com'),('WSS158','WSS158Name',3,1,3,'serviceprovider','https://serviceprovider.com'),('WSS159','WSS159Name',3,1,3,'serviceprovider','https://serviceprovider.com'),('WSS16','WSS16Name',3,1,3,'serviceprovider','https://serviceprovider.com'),('WSS160','WSS160Name',3,1,3,'serviceprovider','https://serviceprovider.com'),('WSS161','WSS161Name',3,1,3,'serviceprovider','https://serviceprovider.com'),('WSS162','WSS162Name',3,1,3,'serviceprovider','https://serviceprovider.com'),('WSS163','WSS163Name',3,1,3,'serviceprovider','https://serviceprovider.com'),('WSS164','WSS164Name',3,1,3,'serviceprovider','https://serviceprovider.com'),('WSS165','WSS165Name',3,1,3,'serviceprovider','https://serviceprovider.com'),('WSS166','WSS166Name',3,1,3,'serviceprovider','https://serviceprovider.com'),('WSS167','WSS167Name',3,1,3,'serviceprovider','https://serviceprovider.com'),('WSS168','WSS168Name',3,1,3,'serviceprovider','https://serviceprovider.com'),('WSS169','WSS169Name',3,1,3,'serviceprovider','https://serviceprovider.com'),('WSS17','WSS17Name',3,1,3,'serviceprovider','https://serviceprovider.com'),('WSS170','WSS170Name',3,1,3,'serviceprovider','https://serviceprovider.com'),('WSS171','WSS171Name',3,1,3,'serviceprovider','https://serviceprovider.com'),('WSS172','WSS172Name',3,1,3,'serviceprovider','https://serviceprovider.com'),('WSS173','WSS173Name',3,1,3,'serviceprovider','https://serviceprovider.com'),('WSS174','WSS174Name',3,1,3,'serviceprovider','https://serviceprovider.com'),('WSS175','WSS175Name',3,1,3,'serviceprovider','https://serviceprovider.com'),('WSS176','WSS176Name',3,1,3,'serviceprovider','https://serviceprovider.com'),('WSS177','WSS177Name',3,1,3,'serviceprovider','https://serviceprovider.com'),('WSS178','WSS178Name',3,1,3,'serviceprovider','https://serviceprovider.com'),('WSS179','WSS179Name',3,1,3,'serviceprovider','https://serviceprovider.com'),('WSS18','WSS18Name',3,1,3,'serviceprovider','https://serviceprovider.com'),('WSS180','WSS180Name',3,1,3,'serviceprovider','https://serviceprovider.com'),('WSS181','WSS181Name',3,1,3,'serviceprovider','https://serviceprovider.com'),('WSS182','WSS182Name',3,1,3,'serviceprovider','https://serviceprovider.com'),('WSS183','WSS183Name',3,1,3,'serviceprovider','https://serviceprovider.com'),('WSS184','WSS184Name',3,1,3,'serviceprovider','https://serviceprovider.com'),('WSS185','WSS185Name',3,1,3,'serviceprovider','https://serviceprovider.com'),('WSS186','WSS186Name',3,1,3,'serviceprovider','https://serviceprovider.com'),('WSS187','WSS187Name',3,1,3,'serviceprovider','https://serviceprovider.com'),('WSS188','WSS188Name',3,1,3,'serviceprovider','https://serviceprovider.com'),('WSS189','WSS189Name',3,1,3,'serviceprovider','https://serviceprovider.com'),('WSS19','WSS19Name',3,1,3,'serviceprovider','https://serviceprovider.com'),('WSS190','WSS190Name',3,1,3,'serviceprovider','https://serviceprovider.com'),('WSS191','WSS191Name',3,1,3,'serviceprovider','https://serviceprovider.com'),('WSS192','WSS192Name',3,1,3,'serviceprovider','https://serviceprovider.com'),('WSS193','WSS193Name',3,1,3,'serviceprovider','https://serviceprovider.com'),('WSS194','WSS194Name',3,1,3,'serviceprovider','https://serviceprovider.com'),('WSS195','WSS195Name',3,1,3,'serviceprovider','https://serviceprovider.com'),('WSS196','WSS196Name',3,1,3,'serviceprovider','https://serviceprovider.com'),('WSS197','WSS197Name',3,1,3,'serviceprovider','https://serviceprovider.com'),('WSS198','WSS198Name',3,1,3,'serviceprovider','https://serviceprovider.com'),('WSS199','WSS199Name',3,1,3,'serviceprovider','https://serviceprovider.com'),('WSS2','WSS2Name',3,1,3,'serviceprovider','https://serviceprovider.com'),('WSS20','WSS20Name',3,1,3,'serviceprovider','https://serviceprovider.com'),('WSS200','WSS200Name',3,1,3,'serviceprovider','https://serviceprovider.com'),('WSS201','WSS201Name',3,1,3,'serviceprovider','https://serviceprovider.com'),('WSS202','WSS202Name',3,1,3,'serviceprovider','https://serviceprovider.com'),('WSS203','WSS203Name',3,1,3,'serviceprovider','https://serviceprovider.com'),('WSS204','WSS204Name',3,1,3,'serviceprovider','https://serviceprovider.com'),('WSS205','WSS205Name',3,1,3,'serviceprovider','https://serviceprovider.com'),('WSS206','WSS206Name',3,1,3,'serviceprovider','https://serviceprovider.com'),('WSS207','WSS207Name',3,1,3,'serviceprovider','https://serviceprovider.com'),('WSS208','WSS208Name',3,1,3,'serviceprovider','https://serviceprovider.com'),('WSS209','WSS209Name',3,1,3,'serviceprovider','https://serviceprovider.com'),('WSS21','WSS21Name',3,1,3,'serviceprovider','https://serviceprovider.com'),('WSS210','WSS210Name',3,1,3,'serviceprovider','https://serviceprovider.com'),('WSS211','WSS211Name',3,1,3,'serviceprovider','https://serviceprovider.com'),('WSS212','WSS212Name',3,1,3,'serviceprovider','https://serviceprovider.com'),('WSS213','WSS213Name',3,1,3,'serviceprovider','https://serviceprovider.com'),('WSS214','WSS214Name',3,1,3,'serviceprovider','https://serviceprovider.com'),('WSS215','WSS215Name',3,1,3,'serviceprovider','https://serviceprovider.com'),('WSS216','WSS216Name',3,1,3,'serviceprovider','https://serviceprovider.com'),('WSS217','WSS217Name',3,1,3,'serviceprovider','https://serviceprovider.com'),('WSS218','WSS218Name',3,1,3,'serviceprovider','https://serviceprovider.com'),('WSS219','WSS219Name',3,1,3,'serviceprovider','https://serviceprovider.com'),('WSS22','WSS22Name',3,1,3,'serviceprovider','https://serviceprovider.com'),('WSS220','WSS220Name',3,1,3,'serviceprovider','https://serviceprovider.com'),('WSS221','WSS221Name',3,1,3,'serviceprovider','https://serviceprovider.com'),('WSS222','WSS222Name',3,1,3,'serviceprovider','https://serviceprovider.com'),('WSS223','WSS223Name',3,1,3,'serviceprovider','https://serviceprovider.com'),('WSS224','WSS224Name',3,1,3,'serviceprovider','https://serviceprovider.com'),('WSS225','WSS225Name',3,1,3,'serviceprovider','https://serviceprovider.com'),('WSS226','WSS226Name',3,1,3,'serviceprovider','https://serviceprovider.com'),('WSS227','WSS227Name',3,1,3,'serviceprovider','https://serviceprovider.com'),('WSS228','WSS228Name',3,1,3,'serviceprovider','https://serviceprovider.com'),('WSS229','WSS229Name',3,1,3,'serviceprovider','https://serviceprovider.com'),('WSS23','WSS23Name',3,1,3,'serviceprovider','https://serviceprovider.com'),('WSS230','WSS230Name',3,1,3,'serviceprovider','https://serviceprovider.com'),('WSS231','WSS231Name',3,1,3,'serviceprovider','https://serviceprovider.com'),('WSS232','WSS232Name',3,1,3,'serviceprovider','https://serviceprovider.com'),('WSS233','WSS233Name',3,1,3,'serviceprovider','https://serviceprovider.com'),('WSS234','WSS234Name',3,1,3,'serviceprovider','https://serviceprovider.com'),('WSS235','WSS235Name',3,1,3,'serviceprovider','https://serviceprovider.com'),('WSS236','WSS236Name',3,1,3,'serviceprovider','https://serviceprovider.com'),('WSS237','WSS237Name',3,1,3,'serviceprovider','https://serviceprovider.com'),('WSS238','WSS238Name',3,1,3,'serviceprovider','https://serviceprovider.com'),('WSS239','WSS239Name',3,1,3,'serviceprovider','https://serviceprovider.com'),('WSS24','WSS24Name',3,1,3,'serviceprovider','https://serviceprovider.com'),('WSS240','WSS240Name',3,1,3,'serviceprovider','https://serviceprovider.com'),('WSS241','WSS241Name',3,1,3,'serviceprovider','https://serviceprovider.com'),('WSS242','WSS242Name',3,1,3,'serviceprovider','https://serviceprovider.com'),('WSS243','WSS243Name',3,1,3,'serviceprovider','https://serviceprovider.com'),('WSS244','WSS244Name',3,1,3,'serviceprovider','https://serviceprovider.com'),('WSS245','WSS245Name',3,1,3,'serviceprovider','https://serviceprovider.com'),('WSS246','WSS246Name',3,1,3,'serviceprovider','https://serviceprovider.com'),('WSS247','WSS247Name',3,1,3,'serviceprovider','https://serviceprovider.com'),('WSS248','WSS248Name',3,1,3,'serviceprovider','https://serviceprovider.com'),('WSS249','WSS249Name',3,1,3,'serviceprovider','https://serviceprovider.com'),('WSS25','WSS25Name',3,1,3,'serviceprovider','https://serviceprovider.com'),('WSS250','WSS250Name',3,1,3,'serviceprovider','https://serviceprovider.com'),('WSS251','WSS251Name',3,1,3,'serviceprovider','https://serviceprovider.com'),('WSS252','WSS252Name',3,1,3,'serviceprovider','https://serviceprovider.com'),('WSS253','WSS253Name',3,1,3,'serviceprovider','https://serviceprovider.com'),('WSS254','WSS254Name',3,1,3,'serviceprovider','https://serviceprovider.com'),('WSS255','WSS255Name',3,1,3,'serviceprovider','https://serviceprovider.com'),('WSS256','WSS256Name',3,1,3,'serviceprovider','https://serviceprovider.com'),('WSS257','WSS257Name',3,1,3,'serviceprovider','https://serviceprovider.com'),('WSS258','WSS258Name',3,1,3,'serviceprovider','https://serviceprovider.com'),('WSS259','WSS259Name',3,1,3,'serviceprovider','https://serviceprovider.com'),('WSS26','WSS26Name',3,1,3,'serviceprovider','https://serviceprovider.com'),('WSS260','WSS260Name',3,1,3,'serviceprovider','https://serviceprovider.com'),('WSS261','WSS261Name',3,1,3,'serviceprovider','https://serviceprovider.com'),('WSS262','WSS262Name',3,1,3,'serviceprovider','https://serviceprovider.com'),('WSS263','WSS263Name',3,1,3,'serviceprovider','https://serviceprovider.com'),('WSS264','WSS264Name',3,1,3,'serviceprovider','https://serviceprovider.com'),('WSS265','WSS265Name',3,1,3,'serviceprovider','https://serviceprovider.com'),('WSS266','WSS266Name',3,1,3,'serviceprovider','https://serviceprovider.com'),('WSS267','WSS267Name',3,1,3,'serviceprovider','https://serviceprovider.com'),('WSS268','WSS268Name',3,1,3,'serviceprovider','https://serviceprovider.com'),('WSS269','WSS269Name',3,1,3,'serviceprovider','https://serviceprovider.com'),('WSS27','WSS27Name',3,1,3,'serviceprovider','https://serviceprovider.com'),('WSS270','WSS270Name',3,1,3,'serviceprovider','https://serviceprovider.com'),('WSS271','WSS271Name',3,1,3,'serviceprovider','https://serviceprovider.com'),('WSS272','WSS272Name',3,1,3,'serviceprovider','https://serviceprovider.com'),('WSS273','WSS273Name',3,1,3,'serviceprovider','https://serviceprovider.com'),('WSS274','WSS274Name',3,1,3,'serviceprovider','https://serviceprovider.com'),('WSS275','WSS275Name',3,1,3,'serviceprovider','https://serviceprovider.com'),('WSS276','WSS276Name',3,1,3,'serviceprovider','https://serviceprovider.com'),('WSS277','WSS277Name',3,1,3,'serviceprovider','https://serviceprovider.com'),('WSS278','WSS278Name',3,1,3,'serviceprovider','https://serviceprovider.com'),('WSS279','WSS279Name',3,1,3,'serviceprovider','https://serviceprovider.com'),('WSS28','WSS28Name',3,1,3,'serviceprovider','https://serviceprovider.com'),('WSS280','WSS280Name',3,1,3,'serviceprovider','https://serviceprovider.com'),('WSS281','WSS281Name',3,1,3,'serviceprovider','https://serviceprovider.com'),('WSS282','WSS282Name',3,1,3,'serviceprovider','https://serviceprovider.com'),('WSS283','WSS283Name',3,1,3,'serviceprovider','https://serviceprovider.com'),('WSS284','WSS284Name',3,1,3,'serviceprovider','https://serviceprovider.com'),('WSS285','WSS285Name',3,1,3,'serviceprovider','https://serviceprovider.com'),('WSS286','WSS286Name',3,1,3,'serviceprovider','https://serviceprovider.com'),('WSS287','WSS287Name',3,1,3,'serviceprovider','https://serviceprovider.com'),('WSS288','WSS288Name',3,1,3,'serviceprovider','https://serviceprovider.com'),('WSS289','WSS289Name',3,1,3,'serviceprovider','https://serviceprovider.com'),('WSS29','WSS29Name',3,1,3,'serviceprovider','https://serviceprovider.com'),('WSS290','WSS290Name',3,1,3,'serviceprovider','https://serviceprovider.com'),('WSS291','WSS291Name',3,1,3,'serviceprovider','https://serviceprovider.com'),('WSS292','WSS292Name',3,1,3,'serviceprovider','https://serviceprovider.com'),('WSS293','WSS293Name',3,1,3,'serviceprovider','https://serviceprovider.com'),('WSS294','WSS294Name',3,1,3,'serviceprovider','https://serviceprovider.com'),('WSS295','WSS295Name',3,1,3,'serviceprovider','https://serviceprovider.com'),('WSS296','WSS296Name',3,1,3,'serviceprovider','https://serviceprovider.com'),('WSS297','WSS297Name',3,1,3,'serviceprovider','https://serviceprovider.com'),('WSS298','WSS298Name',3,1,3,'serviceprovider','https://serviceprovider.com'),('WSS299','WSS299Name',3,1,3,'serviceprovider','https://serviceprovider.com'),('WSS3','WSS3Name',3,1,3,'serviceprovider','https://serviceprovider.com'),('WSS30','WSS30Name',3,1,3,'serviceprovider','https://serviceprovider.com'),('WSS300','WSS300Name',3,1,3,'serviceprovider','https://serviceprovider.com'),('WSS301','WSS301Name',3,1,3,'serviceprovider','https://serviceprovider.com'),('WSS302','WSS302Name',3,1,3,'serviceprovider','https://serviceprovider.com'),('WSS303','WSS303Name',3,1,3,'serviceprovider','https://serviceprovider.com'),('WSS304','WSS304Name',3,1,3,'serviceprovider','https://serviceprovider.com'),('WSS305','WSS305Name',3,1,3,'serviceprovider','https://serviceprovider.com'),('WSS306','WSS306Name',3,1,3,'serviceprovider','https://serviceprovider.com'),('WSS307','WSS307Name',3,1,3,'serviceprovider','https://serviceprovider.com'),('WSS308','WSS308Name',3,1,3,'serviceprovider','https://serviceprovider.com'),('WSS309','WSS309Name',3,1,3,'serviceprovider','https://serviceprovider.com'),('WSS31','WSS31Name',3,1,3,'serviceprovider','https://serviceprovider.com'),('WSS310','WSS310Name',3,1,3,'serviceprovider','https://serviceprovider.com'),('WSS311','WSS311Name',3,1,3,'serviceprovider','https://serviceprovider.com'),('WSS312','WSS312Name',3,1,3,'serviceprovider','https://serviceprovider.com'),('WSS313','WSS313Name',3,1,3,'serviceprovider','https://serviceprovider.com'),('WSS314','WSS314Name',3,1,3,'serviceprovider','https://serviceprovider.com'),('WSS315','WSS315Name',3,1,3,'serviceprovider','https://serviceprovider.com'),('WSS316','WSS316Name',3,1,3,'serviceprovider','https://serviceprovider.com'),('WSS317','WSS317Name',3,1,3,'serviceprovider','https://serviceprovider.com'),('WSS318','WSS318Name',3,1,3,'serviceprovider','https://serviceprovider.com'),('WSS319','WSS319Name',3,1,3,'serviceprovider','https://serviceprovider.com'),('WSS32','WSS32Name',3,1,3,'serviceprovider','https://serviceprovider.com'),('WSS320','WSS320Name',3,1,3,'serviceprovider','https://serviceprovider.com'),('WSS321','WSS321Name',3,1,3,'serviceprovider','https://serviceprovider.com'),('WSS322','WSS322Name',3,1,3,'serviceprovider','https://serviceprovider.com'),('WSS323','WSS323Name',3,1,3,'serviceprovider','https://serviceprovider.com'),('WSS324','WSS324Name',3,1,3,'serviceprovider','https://serviceprovider.com'),('WSS325','WSS325Name',3,1,3,'serviceprovider','https://serviceprovider.com'),('WSS326','WSS326Name',3,1,3,'serviceprovider','https://serviceprovider.com'),('WSS327','WSS327Name',3,1,3,'serviceprovider','https://serviceprovider.com'),('WSS328','WSS328Name',3,1,3,'serviceprovider','https://serviceprovider.com'),('WSS329','WSS329Name',3,1,3,'serviceprovider','https://serviceprovider.com'),('WSS33','WSS33Name',3,1,3,'serviceprovider','https://serviceprovider.com'),('WSS330','WSS330Name',3,1,3,'serviceprovider','https://serviceprovider.com'),('WSS331','WSS331Name',3,1,3,'serviceprovider','https://serviceprovider.com'),('WSS332','WSS332Name',3,1,3,'serviceprovider','https://serviceprovider.com'),('WSS333','WSS333Name',3,1,3,'serviceprovider','https://serviceprovider.com'),('WSS334','WSS334Name',3,1,3,'serviceprovider','https://serviceprovider.com'),('WSS335','WSS335Name',3,1,3,'serviceprovider','https://serviceprovider.com'),('WSS336','WSS336Name',3,1,3,'serviceprovider','https://serviceprovider.com'),('WSS337','WSS337Name',3,1,3,'serviceprovider','https://serviceprovider.com'),('WSS338','WSS338Name',3,1,3,'serviceprovider','https://serviceprovider.com'),('WSS339','WSS339Name',3,1,3,'serviceprovider','https://serviceprovider.com'),('WSS34','WSS34Name',3,1,3,'serviceprovider','https://serviceprovider.com'),('WSS340','WSS340Name',3,1,3,'serviceprovider','https://serviceprovider.com'),('WSS341','WSS341Name',3,1,3,'serviceprovider','https://serviceprovider.com'),('WSS342','WSS342Name',3,1,3,'serviceprovider','https://serviceprovider.com'),('WSS343','WSS343Name',3,1,3,'serviceprovider','https://serviceprovider.com'),('WSS344','WSS344Name',3,1,3,'serviceprovider','https://serviceprovider.com'),('WSS345','WSS345Name',3,1,3,'serviceprovider','https://serviceprovider.com'),('WSS346','WSS346Name',3,1,3,'serviceprovider','https://serviceprovider.com'),('WSS347','WSS347Name',3,1,3,'serviceprovider','https://serviceprovider.com'),('WSS348','WSS348Name',3,1,3,'serviceprovider','https://serviceprovider.com'),('WSS349','WSS349Name',3,1,3,'serviceprovider','https://serviceprovider.com'),('WSS35','WSS35Name',3,1,3,'serviceprovider','https://serviceprovider.com'),('WSS350','WSS350Name',3,1,3,'serviceprovider','https://serviceprovider.com'),('WSS351','WSS351Name',3,1,3,'serviceprovider','https://serviceprovider.com'),('WSS352','WSS352Name',3,1,3,'serviceprovider','https://serviceprovider.com'),('WSS353','WSS353Name',3,1,3,'serviceprovider','https://serviceprovider.com'),('WSS354','WSS354Name',3,1,3,'serviceprovider','https://serviceprovider.com'),('WSS355','WSS355Name',3,1,3,'serviceprovider','https://serviceprovider.com'),('WSS356','WSS356Name',3,1,3,'serviceprovider','https://serviceprovider.com'),('WSS357','WSS357Name',3,1,3,'serviceprovider','https://serviceprovider.com'),('WSS358','WSS358Name',3,1,3,'serviceprovider','https://serviceprovider.com'),('WSS359','WSS359Name',3,1,3,'serviceprovider','https://serviceprovider.com'),('WSS36','WSS36Name',3,1,3,'serviceprovider','https://serviceprovider.com'),('WSS360','WSS360Name',3,1,3,'serviceprovider','https://serviceprovider.com'),('WSS361','WSS361Name',3,1,3,'serviceprovider','https://serviceprovider.com'),('WSS362','WSS362Name',3,1,3,'serviceprovider','https://serviceprovider.com'),('WSS363','WSS363Name',3,1,3,'serviceprovider','https://serviceprovider.com'),('WSS364','WSS364Name',3,1,3,'serviceprovider','https://serviceprovider.com'),('WSS365','WSS365Name',3,1,3,'serviceprovider','https://serviceprovider.com'),('WSS366','WSS366Name',3,1,3,'serviceprovider','https://serviceprovider.com'),('WSS367','WSS367Name',3,1,3,'serviceprovider','https://serviceprovider.com'),('WSS368','WSS368Name',3,1,3,'serviceprovider','https://serviceprovider.com'),('WSS369','WSS369Name',3,1,3,'serviceprovider','https://serviceprovider.com'),('WSS37','WSS37Name',3,1,3,'serviceprovider','https://serviceprovider.com'),('WSS370','WSS370Name',3,1,3,'serviceprovider','https://serviceprovider.com'),('WSS371','WSS371Name',3,1,3,'serviceprovider','https://serviceprovider.com'),('WSS372','WSS372Name',3,1,3,'serviceprovider','https://serviceprovider.com'),('WSS373','WSS373Name',3,1,3,'serviceprovider','https://serviceprovider.com'),('WSS374','WSS374Name',3,1,3,'serviceprovider','https://serviceprovider.com'),('WSS375','WSS375Name',3,1,3,'serviceprovider','https://serviceprovider.com'),('WSS376','WSS376Name',3,1,3,'serviceprovider','https://serviceprovider.com'),('WSS377','WSS377Name',3,1,3,'serviceprovider','https://serviceprovider.com'),('WSS378','WSS378Name',3,1,3,'serviceprovider','https://serviceprovider.com'),('WSS379','WSS379Name',3,1,3,'serviceprovider','https://serviceprovider.com'),('WSS38','WSS38Name',3,1,3,'serviceprovider','https://serviceprovider.com'),('WSS380','WSS380Name',3,1,3,'serviceprovider','https://serviceprovider.com'),('WSS381','WSS381Name',3,1,3,'serviceprovider','https://serviceprovider.com'),('WSS382','WSS382Name',3,1,3,'serviceprovider','https://serviceprovider.com'),('WSS383','WSS383Name',3,1,3,'serviceprovider','https://serviceprovider.com'),('WSS384','WSS384Name',3,1,3,'serviceprovider','https://serviceprovider.com'),('WSS385','WSS385Name',3,1,3,'serviceprovider','https://serviceprovider.com'),('WSS386','WSS386Name',3,1,3,'serviceprovider','https://serviceprovider.com'),('WSS387','WSS387Name',3,1,3,'serviceprovider','https://serviceprovider.com'),('WSS388','WSS388Name',3,1,3,'serviceprovider','https://serviceprovider.com'),('WSS389','WSS389Name',3,1,3,'serviceprovider','https://serviceprovider.com'),('WSS39','WSS39Name',3,1,3,'serviceprovider','https://serviceprovider.com'),('WSS390','WSS390Name',3,1,3,'serviceprovider','https://serviceprovider.com'),('WSS391','WSS391Name',3,1,3,'serviceprovider','https://serviceprovider.com'),('WSS392','WSS392Name',3,1,3,'serviceprovider','https://serviceprovider.com'),('WSS393','WSS393Name',3,1,3,'serviceprovider','https://serviceprovider.com'),('WSS394','WSS394Name',3,1,3,'serviceprovider','https://serviceprovider.com'),('WSS395','WSS395Name',3,1,3,'serviceprovider','https://serviceprovider.com'),('WSS396','WSS396Name',3,1,3,'serviceprovider','https://serviceprovider.com'),('WSS397','WSS397Name',3,1,3,'serviceprovider','https://serviceprovider.com'),('WSS398','WSS398Name',3,1,3,'serviceprovider','https://serviceprovider.com'),('WSS399','WSS399Name',3,1,3,'serviceprovider','https://serviceprovider.com'),('WSS4','WSS4Name',3,1,3,'serviceprovider','https://serviceprovider.com'),('WSS40','WSS40Name',3,1,3,'serviceprovider','https://serviceprovider.com'),('WSS400','WSS400Name',3,1,3,'serviceprovider','https://serviceprovider.com'),('WSS401','WSS401Name',3,1,3,'serviceprovider','https://serviceprovider.com'),('WSS402','WSS402Name',3,1,3,'serviceprovider','https://serviceprovider.com'),('WSS403','WSS403Name',3,1,3,'serviceprovider','https://serviceprovider.com'),('WSS404','WSS404Name',3,1,3,'serviceprovider','https://serviceprovider.com'),('WSS405','WSS405Name',3,1,3,'serviceprovider','https://serviceprovider.com'),('WSS406','WSS406Name',3,1,3,'serviceprovider','https://serviceprovider.com'),('WSS407','WSS407Name',3,1,3,'serviceprovider','https://serviceprovider.com'),('WSS408','WSS408Name',3,1,3,'serviceprovider','https://serviceprovider.com'),('WSS409','WSS409Name',3,1,3,'serviceprovider','https://serviceprovider.com'),('WSS41','WSS41Name',3,1,3,'serviceprovider','https://serviceprovider.com'),('WSS410','WSS410Name',3,1,3,'serviceprovider','https://serviceprovider.com'),('WSS411','WSS411Name',3,1,3,'serviceprovider','https://serviceprovider.com'),('WSS412','WSS412Name',3,1,3,'serviceprovider','https://serviceprovider.com'),('WSS413','WSS413Name',3,1,3,'serviceprovider','https://serviceprovider.com'),('WSS414','WSS414Name',3,1,3,'serviceprovider','https://serviceprovider.com'),('WSS415','WSS415Name',3,1,3,'serviceprovider','https://serviceprovider.com'),('WSS416','WSS416Name',3,1,3,'serviceprovider','https://serviceprovider.com'),('WSS417','WSS417Name',3,1,3,'serviceprovider','https://serviceprovider.com'),('WSS418','WSS418Name',3,1,3,'serviceprovider','https://serviceprovider.com'),('WSS419','WSS419Name',3,1,3,'serviceprovider','https://serviceprovider.com'),('WSS42','WSS42Name',3,1,3,'serviceprovider','https://serviceprovider.com'),('WSS420','WSS420Name',3,1,3,'serviceprovider','https://serviceprovider.com'),('WSS421','WSS421Name',3,1,3,'serviceprovider','https://serviceprovider.com'),('WSS422','WSS422Name',3,1,3,'serviceprovider','https://serviceprovider.com'),('WSS423','WSS423Name',3,1,3,'serviceprovider','https://serviceprovider.com'),('WSS424','WSS424Name',3,1,3,'serviceprovider','https://serviceprovider.com'),('WSS425','WSS425Name',3,1,3,'serviceprovider','https://serviceprovider.com'),('WSS426','WSS426Name',3,1,3,'serviceprovider','https://serviceprovider.com'),('WSS427','WSS427Name',3,1,3,'serviceprovider','https://serviceprovider.com'),('WSS428','WSS428Name',3,1,3,'serviceprovider','https://serviceprovider.com'),('WSS429','WSS429Name',3,1,3,'serviceprovider','https://serviceprovider.com'),('WSS43','WSS43Name',3,1,3,'serviceprovider','https://serviceprovider.com'),('WSS430','WSS430Name',3,1,3,'serviceprovider','https://serviceprovider.com'),('WSS431','WSS431Name',3,1,3,'serviceprovider','https://serviceprovider.com'),('WSS432','WSS432Name',3,1,3,'serviceprovider','https://serviceprovider.com'),('WSS433','WSS433Name',3,1,3,'serviceprovider','https://serviceprovider.com'),('WSS434','WSS434Name',3,1,3,'serviceprovider','https://serviceprovider.com'),('WSS435','WSS435Name',3,1,3,'serviceprovider','https://serviceprovider.com'),('WSS436','WSS436Name',3,1,3,'serviceprovider','https://serviceprovider.com'),('WSS437','WSS437Name',3,1,3,'serviceprovider','https://serviceprovider.com'),('WSS438','WSS438Name',3,1,3,'serviceprovider','https://serviceprovider.com'),('WSS439','WSS439Name',3,1,3,'serviceprovider','https://serviceprovider.com'),('WSS44','WSS44Name',3,1,3,'serviceprovider','https://serviceprovider.com'),('WSS440','WSS440Name',3,1,3,'serviceprovider','https://serviceprovider.com'),('WSS441','WSS441Name',3,1,3,'serviceprovider','https://serviceprovider.com'),('WSS442','WSS442Name',3,1,3,'serviceprovider','https://serviceprovider.com'),('WSS443','WSS443Name',3,1,3,'serviceprovider','https://serviceprovider.com'),('WSS444','WSS444Name',3,1,3,'serviceprovider','https://serviceprovider.com'),('WSS445','WSS445Name',3,1,3,'serviceprovider','https://serviceprovider.com'),('WSS446','WSS446Name',3,1,3,'serviceprovider','https://serviceprovider.com'),('WSS447','WSS447Name',3,1,3,'serviceprovider','https://serviceprovider.com'),('WSS448','WSS448Name',3,1,3,'serviceprovider','https://serviceprovider.com'),('WSS449','WSS449Name',3,1,3,'serviceprovider','https://serviceprovider.com'),('WSS45','WSS45Name',3,1,3,'serviceprovider','https://serviceprovider.com'),('WSS450','WSS450Name',3,1,3,'serviceprovider','https://serviceprovider.com'),('WSS451','WSS451Name',3,1,3,'serviceprovider','https://serviceprovider.com'),('WSS452','WSS452Name',3,1,3,'serviceprovider','https://serviceprovider.com'),('WSS453','WSS453Name',3,1,3,'serviceprovider','https://serviceprovider.com'),('WSS454','WSS454Name',3,1,3,'serviceprovider','https://serviceprovider.com'),('WSS455','WSS455Name',3,1,3,'serviceprovider','https://serviceprovider.com'),('WSS456','WSS456Name',3,1,3,'serviceprovider','https://serviceprovider.com'),('WSS457','WSS457Name',3,1,3,'serviceprovider','https://serviceprovider.com'),('WSS458','WSS458Name',3,1,3,'serviceprovider','https://serviceprovider.com'),('WSS459','WSS459Name',3,1,3,'serviceprovider','https://serviceprovider.com'),('WSS46','WSS46Name',3,1,3,'serviceprovider','https://serviceprovider.com'),('WSS460','WSS460Name',3,1,3,'serviceprovider','https://serviceprovider.com'),('WSS461','WSS461Name',3,1,3,'serviceprovider','https://serviceprovider.com'),('WSS462','WSS462Name',3,1,3,'serviceprovider','https://serviceprovider.com'),('WSS463','WSS463Name',3,1,3,'serviceprovider','https://serviceprovider.com'),('WSS464','WSS464Name',3,1,3,'serviceprovider','https://serviceprovider.com'),('WSS465','WSS465Name',3,1,3,'serviceprovider','https://serviceprovider.com'),('WSS466','WSS466Name',3,1,3,'serviceprovider','https://serviceprovider.com'),('WSS467','WSS467Name',3,1,3,'serviceprovider','https://serviceprovider.com'),('WSS468','WSS468Name',3,1,3,'serviceprovider','https://serviceprovider.com'),('WSS469','WSS469Name',3,1,3,'serviceprovider','https://serviceprovider.com'),('WSS47','WSS47Name',3,1,3,'serviceprovider','https://serviceprovider.com'),('WSS470','WSS470Name',3,1,3,'serviceprovider','https://serviceprovider.com'),('WSS471','WSS471Name',3,1,3,'serviceprovider','https://serviceprovider.com'),('WSS472','WSS472Name',3,1,3,'serviceprovider','https://serviceprovider.com'),('WSS473','WSS473Name',3,1,3,'serviceprovider','https://serviceprovider.com'),('WSS474','WSS474Name',3,1,3,'serviceprovider','https://serviceprovider.com'),('WSS475','WSS475Name',3,1,3,'serviceprovider','https://serviceprovider.com'),('WSS476','WSS476Name',3,1,3,'serviceprovider','https://serviceprovider.com'),('WSS477','WSS477Name',3,1,3,'serviceprovider','https://serviceprovider.com'),('WSS478','WSS478Name',3,1,3,'serviceprovider','https://serviceprovider.com'),('WSS479','WSS479Name',3,1,3,'serviceprovider','https://serviceprovider.com'),('WSS48','WSS48Name',3,1,3,'serviceprovider','https://serviceprovider.com'),('WSS480','WSS480Name',3,1,3,'serviceprovider','https://serviceprovider.com'),('WSS481','WSS481Name',3,1,3,'serviceprovider','https://serviceprovider.com'),('WSS482','WSS482Name',3,1,3,'serviceprovider','https://serviceprovider.com'),('WSS483','WSS483Name',3,1,3,'serviceprovider','https://serviceprovider.com'),('WSS484','WSS484Name',3,1,3,'serviceprovider','https://serviceprovider.com'),('WSS485','WSS485Name',3,1,3,'serviceprovider','https://serviceprovider.com'),('WSS486','WSS486Name',3,1,3,'serviceprovider','https://serviceprovider.com'),('WSS487','WSS487Name',3,1,3,'serviceprovider','https://serviceprovider.com'),('WSS488','WSS488Name',3,1,3,'serviceprovider','https://serviceprovider.com'),('WSS489','WSS489Name',3,1,3,'serviceprovider','https://serviceprovider.com'),('WSS49','WSS49Name',3,1,3,'serviceprovider','https://serviceprovider.com'),('WSS490','WSS490Name',3,1,3,'serviceprovider','https://serviceprovider.com'),('WSS491','WSS491Name',3,1,3,'serviceprovider','https://serviceprovider.com'),('WSS492','WSS492Name',3,1,3,'serviceprovider','https://serviceprovider.com'),('WSS493','WSS493Name',3,1,3,'serviceprovider','https://serviceprovider.com'),('WSS494','WSS494Name',3,1,3,'serviceprovider','https://serviceprovider.com'),('WSS495','WSS495Name',3,1,3,'serviceprovider','https://serviceprovider.com'),('WSS496','WSS496Name',3,1,3,'serviceprovider','https://serviceprovider.com'),('WSS497','WSS497Name',3,1,3,'serviceprovider','https://serviceprovider.com'),('WSS498','WSS498Name',3,1,3,'serviceprovider','https://serviceprovider.com'),('WSS499','WSS499Name',3,1,3,'serviceprovider','https://serviceprovider.com'),('WSS5','WSS5Name',3,1,3,'serviceprovider','https://serviceprovider.com'),('WSS50','WSS50Name',3,1,3,'serviceprovider','https://serviceprovider.com'),('WSS500','WSS500Name',3,1,3,'serviceprovider','https://serviceprovider.com'),('WSS501','WSS501Name',3,1,3,'serviceprovider','https://serviceprovider.com'),('WSS502','WSS502Name',3,1,3,'serviceprovider','https://serviceprovider.com'),('WSS503','WSS503Name',3,1,3,'serviceprovider','https://serviceprovider.com'),('WSS504','WSS504Name',3,1,3,'serviceprovider','https://serviceprovider.com'),('WSS505','WSS505Name',3,1,3,'serviceprovider','https://serviceprovider.com'),('WSS506','WSS506Name',3,1,3,'serviceprovider','https://serviceprovider.com'),('WSS507','WSS507Name',3,1,3,'serviceprovider','https://serviceprovider.com'),('WSS508','WSS508Name',3,1,3,'serviceprovider','https://serviceprovider.com'),('WSS509','WSS509Name',3,1,3,'serviceprovider','https://serviceprovider.com'),('WSS51','WSS51Name',3,1,3,'serviceprovider','https://serviceprovider.com'),('WSS510','WSS510Name',3,1,3,'serviceprovider','https://serviceprovider.com'),('WSS511','WSS511Name',3,1,3,'serviceprovider','https://serviceprovider.com'),('WSS512','WSS512Name',3,1,3,'serviceprovider','https://serviceprovider.com'),('WSS513','WSS513Name',3,1,3,'serviceprovider','https://serviceprovider.com'),('WSS514','WSS514Name',3,1,3,'serviceprovider','https://serviceprovider.com'),('WSS515','WSS515Name',3,1,3,'serviceprovider','https://serviceprovider.com'),('WSS516','WSS516Name',3,1,3,'serviceprovider','https://serviceprovider.com'),('WSS517','WSS517Name',3,1,3,'serviceprovider','https://serviceprovider.com'),('WSS518','WSS518Name',3,1,3,'serviceprovider','https://serviceprovider.com'),('WSS519','WSS519Name',3,1,3,'serviceprovider','https://serviceprovider.com'),('WSS52','WSS52Name',3,1,3,'serviceprovider','https://serviceprovider.com'),('WSS520','WSS520Name',3,1,3,'serviceprovider','https://serviceprovider.com'),('WSS521','WSS521Name',3,1,3,'serviceprovider','https://serviceprovider.com'),('WSS522','WSS522Name',3,1,3,'serviceprovider','https://serviceprovider.com'),('WSS523','WSS523Name',3,1,3,'serviceprovider','https://serviceprovider.com'),('WSS524','WSS524Name',3,1,3,'serviceprovider','https://serviceprovider.com'),('WSS525','WSS525Name',3,1,3,'serviceprovider','https://serviceprovider.com'),('WSS526','WSS526Name',3,1,3,'serviceprovider','https://serviceprovider.com'),('WSS527','WSS527Name',3,1,3,'serviceprovider','https://serviceprovider.com'),('WSS528','WSS528Name',3,1,3,'serviceprovider','https://serviceprovider.com'),('WSS529','WSS529Name',3,1,3,'serviceprovider','https://serviceprovider.com'),('WSS53','WSS53Name',3,1,3,'serviceprovider','https://serviceprovider.com'),('WSS530','WSS530Name',3,1,3,'serviceprovider','https://serviceprovider.com'),('WSS531','WSS531Name',3,1,3,'serviceprovider','https://serviceprovider.com'),('WSS532','WSS532Name',3,1,3,'serviceprovider','https://serviceprovider.com'),('WSS533','WSS533Name',3,1,3,'serviceprovider','https://serviceprovider.com'),('WSS534','WSS534Name',3,1,3,'serviceprovider','https://serviceprovider.com'),('WSS535','WSS535Name',3,1,3,'serviceprovider','https://serviceprovider.com'),('WSS536','WSS536Name',3,1,3,'serviceprovider','https://serviceprovider.com'),('WSS537','WSS537Name',3,1,3,'serviceprovider','https://serviceprovider.com'),('WSS538','WSS538Name',3,1,3,'serviceprovider','https://serviceprovider.com'),('WSS539','WSS539Name',3,1,3,'serviceprovider','https://serviceprovider.com'),('WSS54','WSS54Name',3,1,3,'serviceprovider','https://serviceprovider.com'),('WSS540','WSS540Name',3,1,3,'serviceprovider','https://serviceprovider.com'),('WSS541','WSS541Name',3,1,3,'serviceprovider','https://serviceprovider.com'),('WSS542','WSS542Name',3,1,3,'serviceprovider','https://serviceprovider.com'),('WSS543','WSS543Name',3,1,3,'serviceprovider','https://serviceprovider.com'),('WSS544','WSS544Name',3,1,3,'serviceprovider','https://serviceprovider.com'),('WSS545','WSS545Name',3,1,3,'serviceprovider','https://serviceprovider.com'),('WSS546','WSS546Name',3,1,3,'serviceprovider','https://serviceprovider.com'),('WSS547','WSS547Name',3,1,3,'serviceprovider','https://serviceprovider.com'),('WSS548','WSS548Name',3,1,3,'serviceprovider','https://serviceprovider.com'),('WSS549','WSS549Name',3,1,3,'serviceprovider','https://serviceprovider.com'),('WSS55','WSS55Name',3,1,3,'serviceprovider','https://serviceprovider.com'),('WSS550','WSS550Name',3,1,3,'serviceprovider','https://serviceprovider.com'),('WSS551','WSS551Name',3,1,3,'serviceprovider','https://serviceprovider.com'),('WSS552','WSS552Name',3,1,3,'serviceprovider','https://serviceprovider.com'),('WSS553','WSS553Name',3,1,3,'serviceprovider','https://serviceprovider.com'),('WSS554','WSS554Name',3,1,3,'serviceprovider','https://serviceprovider.com'),('WSS555','WSS555Name',3,1,3,'serviceprovider','https://serviceprovider.com'),('WSS556','WSS556Name',3,1,3,'serviceprovider','https://serviceprovider.com'),('WSS557','WSS557Name',3,1,3,'serviceprovider','https://serviceprovider.com'),('WSS558','WSS558Name',3,1,3,'serviceprovider','https://serviceprovider.com'),('WSS559','WSS559Name',3,1,3,'serviceprovider','https://serviceprovider.com'),('WSS56','WSS56Name',3,1,3,'serviceprovider','https://serviceprovider.com'),('WSS560','WSS560Name',3,1,3,'serviceprovider','https://serviceprovider.com'),('WSS561','WSS561Name',3,1,3,'serviceprovider','https://serviceprovider.com'),('WSS562','WSS562Name',3,1,3,'serviceprovider','https://serviceprovider.com'),('WSS563','WSS563Name',3,1,3,'serviceprovider','https://serviceprovider.com'),('WSS564','WSS564Name',3,1,3,'serviceprovider','https://serviceprovider.com'),('WSS565','WSS565Name',3,1,3,'serviceprovider','https://serviceprovider.com'),('WSS566','WSS566Name',3,1,3,'serviceprovider','https://serviceprovider.com'),('WSS567','WSS567Name',3,1,3,'serviceprovider','https://serviceprovider.com'),('WSS568','WSS568Name',3,1,3,'serviceprovider','https://serviceprovider.com'),('WSS569','WSS569Name',3,1,3,'serviceprovider','https://serviceprovider.com'),('WSS57','WSS57Name',3,1,3,'serviceprovider','https://serviceprovider.com'),('WSS570','WSS570Name',3,1,3,'serviceprovider','https://serviceprovider.com'),('WSS571','WSS571Name',3,1,3,'serviceprovider','https://serviceprovider.com'),('WSS572','WSS572Name',3,1,3,'serviceprovider','https://serviceprovider.com'),('WSS573','WSS573Name',3,1,3,'serviceprovider','https://serviceprovider.com'),('WSS574','WSS574Name',3,1,3,'serviceprovider','https://serviceprovider.com'),('WSS575','WSS575Name',3,1,3,'serviceprovider','https://serviceprovider.com'),('WSS576','WSS576Name',3,1,3,'serviceprovider','https://serviceprovider.com'),('WSS577','WSS577Name',3,1,3,'serviceprovider','https://serviceprovider.com'),('WSS578','WSS578Name',3,1,3,'serviceprovider','https://serviceprovider.com'),('WSS579','WSS579Name',3,1,3,'serviceprovider','https://serviceprovider.com'),('WSS58','WSS58Name',3,1,3,'serviceprovider','https://serviceprovider.com'),('WSS580','WSS580Name',3,1,3,'serviceprovider','https://serviceprovider.com'),('WSS581','WSS581Name',3,1,3,'serviceprovider','https://serviceprovider.com'),('WSS582','WSS582Name',3,1,3,'serviceprovider','https://serviceprovider.com'),('WSS583','WSS583Name',3,1,3,'serviceprovider','https://serviceprovider.com'),('WSS584','WSS584Name',3,1,3,'serviceprovider','https://serviceprovider.com'),('WSS585','WSS585Name',3,1,3,'serviceprovider','https://serviceprovider.com'),('WSS586','WSS586Name',3,1,3,'serviceprovider','https://serviceprovider.com'),('WSS587','WSS587Name',3,1,3,'serviceprovider','https://serviceprovider.com'),('WSS588','WSS588Name',3,1,3,'serviceprovider','https://serviceprovider.com'),('WSS589','WSS589Name',3,1,3,'serviceprovider','https://serviceprovider.com'),('WSS59','WSS59Name',3,1,3,'serviceprovider','https://serviceprovider.com'),('WSS590','WSS590Name',3,1,3,'serviceprovider','https://serviceprovider.com'),('WSS591','WSS591Name',3,1,3,'serviceprovider','https://serviceprovider.com'),('WSS592','WSS592Name',3,1,3,'serviceprovider','https://serviceprovider.com'),('WSS593','WSS593Name',3,1,3,'serviceprovider','https://serviceprovider.com'),('WSS594','WSS594Name',3,1,3,'serviceprovider','https://serviceprovider.com'),('WSS595','WSS595Name',3,1,3,'serviceprovider','https://serviceprovider.com'),('WSS596','WSS596Name',3,1,3,'serviceprovider','https://serviceprovider.com'),('WSS597','WSS597Name',3,1,3,'serviceprovider','https://serviceprovider.com'),('WSS598','WSS598Name',3,1,3,'serviceprovider','https://serviceprovider.com'),('WSS599','WSS599Name',3,1,3,'serviceprovider','https://serviceprovider.com'),('WSS6','WSS6Name',3,1,3,'serviceprovider','https://serviceprovider.com'),('WSS60','WSS60Name',3,1,3,'serviceprovider','https://serviceprovider.com'),('WSS600','WSS600Name',3,1,3,'serviceprovider','https://serviceprovider.com'),('WSS601','WSS601Name',3,1,3,'serviceprovider','https://serviceprovider.com'),('WSS602','WSS602Name',3,1,3,'serviceprovider','https://serviceprovider.com'),('WSS603','WSS603Name',3,1,3,'serviceprovider','https://serviceprovider.com'),('WSS604','WSS604Name',3,1,3,'serviceprovider','https://serviceprovider.com'),('WSS605','WSS605Name',3,1,3,'serviceprovider','https://serviceprovider.com'),('WSS606','WSS606Name',3,1,3,'serviceprovider','https://serviceprovider.com'),('WSS607','WSS607Name',3,1,3,'serviceprovider','https://serviceprovider.com'),('WSS608','WSS608Name',3,1,3,'serviceprovider','https://serviceprovider.com'),('WSS609','WSS609Name',3,1,3,'serviceprovider','https://serviceprovider.com'),('WSS61','WSS61Name',3,1,3,'serviceprovider','https://serviceprovider.com'),('WSS610','WSS610Name',3,1,3,'serviceprovider','https://serviceprovider.com'),('WSS611','WSS611Name',3,1,3,'serviceprovider','https://serviceprovider.com'),('WSS612','WSS612Name',3,1,3,'serviceprovider','https://serviceprovider.com'),('WSS613','WSS613Name',3,1,3,'serviceprovider','https://serviceprovider.com'),('WSS614','WSS614Name',3,1,3,'serviceprovider','https://serviceprovider.com'),('WSS615','WSS615Name',3,1,3,'serviceprovider','https://serviceprovider.com'),('WSS616','WSS616Name',3,1,3,'serviceprovider','https://serviceprovider.com'),('WSS617','WSS617Name',3,1,3,'serviceprovider','https://serviceprovider.com'),('WSS618','WSS618Name',3,1,3,'serviceprovider','https://serviceprovider.com'),('WSS619','WSS619Name',3,1,3,'serviceprovider','https://serviceprovider.com'),('WSS62','WSS62Name',3,1,3,'serviceprovider','https://serviceprovider.com'),('WSS620','WSS620Name',3,1,3,'serviceprovider','https://serviceprovider.com'),('WSS621','WSS621Name',3,1,3,'serviceprovider','https://serviceprovider.com'),('WSS622','WSS622Name',3,1,3,'serviceprovider','https://serviceprovider.com'),('WSS623','WSS623Name',3,1,3,'serviceprovider','https://serviceprovider.com'),('WSS624','WSS624Name',3,1,3,'serviceprovider','https://serviceprovider.com'),('WSS625','WSS625Name',3,1,3,'serviceprovider','https://serviceprovider.com'),('WSS626','WSS626Name',3,1,3,'serviceprovider','https://serviceprovider.com'),('WSS627','WSS627Name',3,1,3,'serviceprovider','https://serviceprovider.com'),('WSS628','WSS628Name',3,1,3,'serviceprovider','https://serviceprovider.com'),('WSS629','WSS629Name',3,1,3,'serviceprovider','https://serviceprovider.com'),('WSS63','WSS63Name',3,1,3,'serviceprovider','https://serviceprovider.com'),('WSS630','WSS630Name',3,1,3,'serviceprovider','https://serviceprovider.com'),('WSS631','WSS631Name',3,1,3,'serviceprovider','https://serviceprovider.com'),('WSS632','WSS632Name',3,1,3,'serviceprovider','https://serviceprovider.com'),('WSS633','WSS633Name',3,1,3,'serviceprovider','https://serviceprovider.com'),('WSS634','WSS634Name',3,1,3,'serviceprovider','https://serviceprovider.com'),('WSS635','WSS635Name',3,1,3,'serviceprovider','https://serviceprovider.com'),('WSS636','WSS636Name',3,1,3,'serviceprovider','https://serviceprovider.com'),('WSS637','WSS637Name',3,1,3,'serviceprovider','https://serviceprovider.com'),('WSS638','WSS638Name',3,1,3,'serviceprovider','https://serviceprovider.com'),('WSS639','WSS639Name',3,1,3,'serviceprovider','https://serviceprovider.com'),('WSS64','WSS64Name',3,1,3,'serviceprovider','https://serviceprovider.com'),('WSS640','WSS640Name',3,1,3,'serviceprovider','https://serviceprovider.com'),('WSS641','WSS641Name',3,1,3,'serviceprovider','https://serviceprovider.com'),('WSS642','WSS642Name',3,1,3,'serviceprovider','https://serviceprovider.com'),('WSS643','WSS643Name',3,1,3,'serviceprovider','https://serviceprovider.com'),('WSS644','WSS644Name',3,1,3,'serviceprovider','https://serviceprovider.com'),('WSS645','WSS645Name',3,1,3,'serviceprovider','https://serviceprovider.com'),('WSS646','WSS646Name',3,1,3,'serviceprovider','https://serviceprovider.com'),('WSS647','WSS647Name',3,1,3,'serviceprovider','https://serviceprovider.com'),('WSS648','WSS648Name',3,1,3,'serviceprovider','https://serviceprovider.com'),('WSS649','WSS649Name',3,1,3,'serviceprovider','https://serviceprovider.com'),('WSS65','WSS65Name',3,1,3,'serviceprovider','https://serviceprovider.com'),('WSS650','WSS650Name',3,1,3,'serviceprovider','https://serviceprovider.com'),('WSS651','WSS651Name',3,1,3,'serviceprovider','https://serviceprovider.com'),('WSS652','WSS652Name',3,1,3,'serviceprovider','https://serviceprovider.com'),('WSS653','WSS653Name',3,1,3,'serviceprovider','https://serviceprovider.com'),('WSS654','WSS654Name',3,1,3,'serviceprovider','https://serviceprovider.com'),('WSS655','WSS655Name',3,1,3,'serviceprovider','https://serviceprovider.com'),('WSS656','WSS656Name',3,1,3,'serviceprovider','https://serviceprovider.com'),('WSS657','WSS657Name',3,1,3,'serviceprovider','https://serviceprovider.com'),('WSS658','WSS658Name',3,1,3,'serviceprovider','https://serviceprovider.com'),('WSS659','WSS659Name',3,1,3,'serviceprovider','https://serviceprovider.com'),('WSS66','WSS66Name',3,1,3,'serviceprovider','https://serviceprovider.com'),('WSS660','WSS660Name',3,1,3,'serviceprovider','https://serviceprovider.com'),('WSS661','WSS661Name',3,1,3,'serviceprovider','https://serviceprovider.com'),('WSS662','WSS662Name',3,1,3,'serviceprovider','https://serviceprovider.com'),('WSS663','WSS663Name',3,1,3,'serviceprovider','https://serviceprovider.com'),('WSS664','WSS664Name',3,1,3,'serviceprovider','https://serviceprovider.com'),('WSS665','WSS665Name',3,1,3,'serviceprovider','https://serviceprovider.com'),('WSS666','WSS666Name',3,1,3,'serviceprovider','https://serviceprovider.com'),('WSS667','WSS667Name',3,1,3,'serviceprovider','https://serviceprovider.com'),('WSS668','WSS668Name',3,1,3,'serviceprovider','https://serviceprovider.com'),('WSS669','WSS669Name',3,1,3,'serviceprovider','https://serviceprovider.com'),('WSS67','WSS67Name',3,1,3,'serviceprovider','https://serviceprovider.com'),('WSS670','WSS670Name',3,1,3,'serviceprovider','https://serviceprovider.com'),('WSS671','WSS671Name',3,1,3,'serviceprovider','https://serviceprovider.com'),('WSS672','WSS672Name',3,1,3,'serviceprovider','https://serviceprovider.com'),('WSS673','WSS673Name',3,1,3,'serviceprovider','https://serviceprovider.com'),('WSS674','WSS674Name',3,1,3,'serviceprovider','https://serviceprovider.com'),('WSS675','WSS675Name',3,1,3,'serviceprovider','https://serviceprovider.com'),('WSS676','WSS676Name',3,1,3,'serviceprovider','https://serviceprovider.com'),('WSS677','WSS677Name',3,1,3,'serviceprovider','https://serviceprovider.com'),('WSS678','WSS678Name',3,1,3,'serviceprovider','https://serviceprovider.com'),('WSS679','WSS679Name',3,1,3,'serviceprovider','https://serviceprovider.com'),('WSS68','WSS68Name',3,1,3,'serviceprovider','https://serviceprovider.com'),('WSS680','WSS680Name',3,1,3,'serviceprovider','https://serviceprovider.com'),('WSS681','WSS681Name',3,1,3,'serviceprovider','https://serviceprovider.com'),('WSS682','WSS682Name',3,1,3,'serviceprovider','https://serviceprovider.com'),('WSS683','WSS683Name',3,1,3,'serviceprovider','https://serviceprovider.com'),('WSS684','WSS684Name',3,1,3,'serviceprovider','https://serviceprovider.com'),('WSS685','WSS685Name',3,1,3,'serviceprovider','https://serviceprovider.com'),('WSS686','WSS686Name',3,1,3,'serviceprovider','https://serviceprovider.com'),('WSS687','WSS687Name',3,1,3,'serviceprovider','https://serviceprovider.com'),('WSS688','WSS688Name',3,1,3,'serviceprovider','https://serviceprovider.com'),('WSS689','WSS689Name',3,1,3,'serviceprovider','https://serviceprovider.com'),('WSS69','WSS69Name',3,1,3,'serviceprovider','https://serviceprovider.com'),('WSS690','WSS690Name',3,1,3,'serviceprovider','https://serviceprovider.com'),('WSS691','WSS691Name',3,1,3,'serviceprovider','https://serviceprovider.com'),('WSS692','WSS692Name',3,1,3,'serviceprovider','https://serviceprovider.com'),('WSS693','WSS693Name',3,1,3,'serviceprovider','https://serviceprovider.com'),('WSS694','WSS694Name',3,1,3,'serviceprovider','https://serviceprovider.com'),('WSS695','WSS695Name',3,1,3,'serviceprovider','https://serviceprovider.com'),('WSS696','WSS696Name',3,1,3,'serviceprovider','https://serviceprovider.com'),('WSS697','WSS697Name',3,1,3,'serviceprovider','https://serviceprovider.com'),('WSS698','WSS698Name',3,1,3,'serviceprovider','https://serviceprovider.com'),('WSS699','WSS699Name',3,1,3,'serviceprovider','https://serviceprovider.com'),('WSS7','WSS7Name',3,1,3,'serviceprovider','https://serviceprovider.com'),('WSS70','WSS70Name',3,1,3,'serviceprovider','https://serviceprovider.com'),('WSS700','WSS700Name',3,1,3,'serviceprovider','https://serviceprovider.com'),('WSS71','WSS71Name',3,1,3,'serviceprovider','https://serviceprovider.com'),('WSS72','WSS72Name',3,1,3,'serviceprovider','https://serviceprovider.com'),('WSS73','WSS73Name',3,1,3,'serviceprovider','https://serviceprovider.com'),('WSS74','WSS74Name',3,1,3,'serviceprovider','https://serviceprovider.com'),('WSS75','WSS75Name',3,1,3,'serviceprovider','https://serviceprovider.com'),('WSS76','WSS76Name',3,1,3,'serviceprovider','https://serviceprovider.com'),('WSS77','WSS77Name',3,1,3,'serviceprovider','https://serviceprovider.com'),('WSS78','WSS78Name',3,1,3,'serviceprovider','https://serviceprovider.com'),('WSS79','WSS79Name',3,1,3,'serviceprovider','https://serviceprovider.com'),('WSS8','WSS8Name',3,1,3,'serviceprovider','https://serviceprovider.com'),('WSS80','WSS80Name',3,1,3,'serviceprovider','https://serviceprovider.com'),('WSS81','WSS81Name',3,1,3,'serviceprovider','https://serviceprovider.com'),('WSS82','WSS82Name',3,1,3,'serviceprovider','https://serviceprovider.com'),('WSS83','WSS83Name',3,1,3,'serviceprovider','https://serviceprovider.com'),('WSS84','WSS84Name',3,1,3,'serviceprovider','https://serviceprovider.com'),('WSS85','WSS85Name',3,1,3,'serviceprovider','https://serviceprovider.com'),('WSS86','WSS86Name',3,1,3,'serviceprovider','https://serviceprovider.com'),('WSS87','WSS87Name',3,1,3,'serviceprovider','https://serviceprovider.com'),('WSS88','WSS88Name',3,1,3,'serviceprovider','https://serviceprovider.com'),('WSS89','WSS89Name',3,1,3,'serviceprovider','https://serviceprovider.com'),('WSS9','WSS9Name',3,1,3,'serviceprovider','https://serviceprovider.com'),('WSS90','WSS90Name',3,1,3,'serviceprovider','https://serviceprovider.com'),('WSS91','WSS91Name',3,1,3,'serviceprovider','https://serviceprovider.com'),('WSS92','WSS92Name',3,1,3,'serviceprovider','https://serviceprovider.com'),('WSS93','WSS93Name',3,1,3,'serviceprovider','https://serviceprovider.com'),('WSS94','WSS94Name',3,1,3,'serviceprovider','https://serviceprovider.com'),('WSS95','WSS95Name',3,1,3,'serviceprovider','https://serviceprovider.com'),('WSS96','WSS96Name',3,1,3,'serviceprovider','https://serviceprovider.com'),('WSS97','WSS97Name',3,1,3,'serviceprovider','https://serviceprovider.com'),('WSS98','WSS98Name',3,1,3,'serviceprovider','https://serviceprovider.com'),('WSS99','WSS99Name',3,1,3,'serviceprovider','https://serviceprovider.com');
/*!40000 ALTER TABLE `webservicelist` ENABLE KEYS */;
UNLOCK TABLES;
/*!40103 SET TIME_ZONE=@OLD_TIME_ZONE */;

/*!40101 SET SQL_MODE=@OLD_SQL_MODE */;
/*!40014 SET FOREIGN_KEY_CHECKS=@OLD_FOREIGN_KEY_CHECKS */;
/*!40014 SET UNIQUE_CHECKS=@OLD_UNIQUE_CHECKS */;
/*!40101 SET CHARACTER_SET_CLIENT=@OLD_CHARACTER_SET_CLIENT */;
/*!40101 SET CHARACTER_SET_RESULTS=@OLD_CHARACTER_SET_RESULTS */;
/*!40101 SET COLLATION_CONNECTION=@OLD_COLLATION_CONNECTION */;
/*!40111 SET SQL_NOTES=@OLD_SQL_NOTES */;

-- Dump completed on 2023-07-07  9:52:26
