-- MySQL dump 10.13  Distrib 8.0.32, for Win64 (x86_64)
--
-- Host: localhost    Database: autowscs
-- ------------------------------------------------------
-- Server version	8.0.32

/*!40101 SET @OLD_CHARACTER_SET_CLIENT=@@CHARACTER_SET_CLIENT */;
/*!40101 SET @OLD_CHARACTER_SET_RESULTS=@@CHARACTER_SET_RESULTS */;
/*!40101 SET @OLD_COLLATION_CONNECTION=@@COLLATION_CONNECTION */;
/*!50503 SET NAMES utf8mb4 */;
/*!40103 SET @OLD_TIME_ZONE=@@TIME_ZONE */;
/*!40103 SET TIME_ZONE='+00:00' */;
/*!40014 SET @OLD_UNIQUE_CHECKS=@@UNIQUE_CHECKS, UNIQUE_CHECKS=0 */;
/*!40014 SET @OLD_FOREIGN_KEY_CHECKS=@@FOREIGN_KEY_CHECKS, FOREIGN_KEY_CHECKS=0 */;
/*!40101 SET @OLD_SQL_MODE=@@SQL_MODE, SQL_MODE='NO_AUTO_VALUE_ON_ZERO' */;
/*!40111 SET @OLD_SQL_NOTES=@@SQL_NOTES, SQL_NOTES=0 */;

--
-- Table structure for table `auth_group`
--

DROP TABLE IF EXISTS `auth_group`;
/*!40101 SET @saved_cs_client     = @@character_set_client */;
/*!50503 SET character_set_client = utf8mb4 */;
CREATE TABLE `auth_group` (
  `id` int NOT NULL AUTO_INCREMENT,
  `name` varchar(80) NOT NULL,
  PRIMARY KEY (`id`),
  UNIQUE KEY `name` (`name`)
) ENGINE=InnoDB DEFAULT CHARSET=latin1;
/*!40101 SET character_set_client = @saved_cs_client */;

--
-- Dumping data for table `auth_group`
--

LOCK TABLES `auth_group` WRITE;
/*!40000 ALTER TABLE `auth_group` DISABLE KEYS */;
/*!40000 ALTER TABLE `auth_group` ENABLE KEYS */;
UNLOCK TABLES;

--
-- Table structure for table `auth_group_permissions`
--

DROP TABLE IF EXISTS `auth_group_permissions`;
/*!40101 SET @saved_cs_client     = @@character_set_client */;
/*!50503 SET character_set_client = utf8mb4 */;
CREATE TABLE `auth_group_permissions` (
  `id` int NOT NULL AUTO_INCREMENT,
  `group_id` int NOT NULL,
  `permission_id` int NOT NULL,
  PRIMARY KEY (`id`),
  UNIQUE KEY `auth_group_permissions_group_id_permission_id_0cd325b0_uniq` (`group_id`,`permission_id`),
  KEY `auth_group_permissio_permission_id_84c5c92e_fk_auth_perm` (`permission_id`),
  CONSTRAINT `auth_group_permissio_permission_id_84c5c92e_fk_auth_perm` FOREIGN KEY (`permission_id`) REFERENCES `auth_permission` (`id`),
  CONSTRAINT `auth_group_permissions_group_id_b120cbf9_fk_auth_group_id` FOREIGN KEY (`group_id`) REFERENCES `auth_group` (`id`)
) ENGINE=InnoDB DEFAULT CHARSET=latin1;
/*!40101 SET character_set_client = @saved_cs_client */;

--
-- Dumping data for table `auth_group_permissions`
--

LOCK TABLES `auth_group_permissions` WRITE;
/*!40000 ALTER TABLE `auth_group_permissions` DISABLE KEYS */;
/*!40000 ALTER TABLE `auth_group_permissions` ENABLE KEYS */;
UNLOCK TABLES;

--
-- Table structure for table `auth_permission`
--

DROP TABLE IF EXISTS `auth_permission`;
/*!40101 SET @saved_cs_client     = @@character_set_client */;
/*!50503 SET character_set_client = utf8mb4 */;
CREATE TABLE `auth_permission` (
  `id` int NOT NULL AUTO_INCREMENT,
  `name` varchar(255) NOT NULL,
  `content_type_id` int NOT NULL,
  `codename` varchar(100) NOT NULL,
  PRIMARY KEY (`id`),
  UNIQUE KEY `auth_permission_content_type_id_codename_01ab375a_uniq` (`content_type_id`,`codename`),
  CONSTRAINT `auth_permission_content_type_id_2f476e4b_fk_django_co` FOREIGN KEY (`content_type_id`) REFERENCES `django_content_type` (`id`)
) ENGINE=InnoDB AUTO_INCREMENT=25 DEFAULT CHARSET=latin1;
/*!40101 SET character_set_client = @saved_cs_client */;

--
-- Dumping data for table `auth_permission`
--

LOCK TABLES `auth_permission` WRITE;
/*!40000 ALTER TABLE `auth_permission` DISABLE KEYS */;
INSERT INTO `auth_permission` VALUES (1,'Can add log entry',1,'add_logentry'),(2,'Can change log entry',1,'change_logentry'),(3,'Can delete log entry',1,'delete_logentry'),(4,'Can view log entry',1,'view_logentry'),(5,'Can add permission',2,'add_permission'),(6,'Can change permission',2,'change_permission'),(7,'Can delete permission',2,'delete_permission'),(8,'Can view permission',2,'view_permission'),(9,'Can add group',3,'add_group'),(10,'Can change group',3,'change_group'),(11,'Can delete group',3,'delete_group'),(12,'Can view group',3,'view_group'),(13,'Can add user',4,'add_user'),(14,'Can change user',4,'change_user'),(15,'Can delete user',4,'delete_user'),(16,'Can view user',4,'view_user'),(17,'Can add content type',5,'add_contenttype'),(18,'Can change content type',5,'change_contenttype'),(19,'Can delete content type',5,'delete_contenttype'),(20,'Can view content type',5,'view_contenttype'),(21,'Can add session',6,'add_session'),(22,'Can change session',6,'change_session'),(23,'Can delete session',6,'delete_session'),(24,'Can view session',6,'view_session');
/*!40000 ALTER TABLE `auth_permission` ENABLE KEYS */;
UNLOCK TABLES;

--
-- Table structure for table `auth_user`
--

DROP TABLE IF EXISTS `auth_user`;
/*!40101 SET @saved_cs_client     = @@character_set_client */;
/*!50503 SET character_set_client = utf8mb4 */;
CREATE TABLE `auth_user` (
  `id` int NOT NULL AUTO_INCREMENT,
  `password` varchar(128) NOT NULL,
  `last_login` datetime(6) DEFAULT NULL,
  `is_superuser` tinyint(1) NOT NULL,
  `username` varchar(150) NOT NULL,
  `first_name` varchar(30) NOT NULL,
  `last_name` varchar(150) NOT NULL,
  `email` varchar(254) NOT NULL,
  `is_staff` tinyint(1) NOT NULL,
  `is_active` tinyint(1) NOT NULL,
  `date_joined` datetime(6) NOT NULL,
  PRIMARY KEY (`id`),
  UNIQUE KEY `username` (`username`)
) ENGINE=InnoDB AUTO_INCREMENT=2 DEFAULT CHARSET=latin1;
/*!40101 SET character_set_client = @saved_cs_client */;

--
-- Dumping data for table `auth_user`
--

LOCK TABLES `auth_user` WRITE;
/*!40000 ALTER TABLE `auth_user` DISABLE KEYS */;
INSERT INTO `auth_user` VALUES (1,'pbkdf2_sha256$120000$t1PV0MeFrM2P$mdFVt5O/PMrM6U6PP4ei7LDjVNuN0OJi97bq+oRxpQg=','2020-10-19 22:21:14.385392',0,'kgayke','','','k2gaike@gmail.com',0,1,'2020-10-19 22:21:13.589791');
/*!40000 ALTER TABLE `auth_user` ENABLE KEYS */;
UNLOCK TABLES;

--
-- Table structure for table `auth_user_groups`
--

DROP TABLE IF EXISTS `auth_user_groups`;
/*!40101 SET @saved_cs_client     = @@character_set_client */;
/*!50503 SET character_set_client = utf8mb4 */;
CREATE TABLE `auth_user_groups` (
  `id` int NOT NULL AUTO_INCREMENT,
  `user_id` int NOT NULL,
  `group_id` int NOT NULL,
  PRIMARY KEY (`id`),
  UNIQUE KEY `auth_user_groups_user_id_group_id_94350c0c_uniq` (`user_id`,`group_id`),
  KEY `auth_user_groups_group_id_97559544_fk_auth_group_id` (`group_id`),
  CONSTRAINT `auth_user_groups_group_id_97559544_fk_auth_group_id` FOREIGN KEY (`group_id`) REFERENCES `auth_group` (`id`),
  CONSTRAINT `auth_user_groups_user_id_6a12ed8b_fk_auth_user_id` FOREIGN KEY (`user_id`) REFERENCES `auth_user` (`id`)
) ENGINE=InnoDB DEFAULT CHARSET=latin1;
/*!40101 SET character_set_client = @saved_cs_client */;

--
-- Dumping data for table `auth_user_groups`
--

LOCK TABLES `auth_user_groups` WRITE;
/*!40000 ALTER TABLE `auth_user_groups` DISABLE KEYS */;
/*!40000 ALTER TABLE `auth_user_groups` ENABLE KEYS */;
UNLOCK TABLES;

--
-- Table structure for table `auth_user_user_permissions`
--

DROP TABLE IF EXISTS `auth_user_user_permissions`;
/*!40101 SET @saved_cs_client     = @@character_set_client */;
/*!50503 SET character_set_client = utf8mb4 */;
CREATE TABLE `auth_user_user_permissions` (
  `id` int NOT NULL AUTO_INCREMENT,
  `user_id` int NOT NULL,
  `permission_id` int NOT NULL,
  PRIMARY KEY (`id`),
  UNIQUE KEY `auth_user_user_permissions_user_id_permission_id_14a6b632_uniq` (`user_id`,`permission_id`),
  KEY `auth_user_user_permi_permission_id_1fbb5f2c_fk_auth_perm` (`permission_id`),
  CONSTRAINT `auth_user_user_permi_permission_id_1fbb5f2c_fk_auth_perm` FOREIGN KEY (`permission_id`) REFERENCES `auth_permission` (`id`),
  CONSTRAINT `auth_user_user_permissions_user_id_a95ead1b_fk_auth_user_id` FOREIGN KEY (`user_id`) REFERENCES `auth_user` (`id`)
) ENGINE=InnoDB DEFAULT CHARSET=latin1;
/*!40101 SET character_set_client = @saved_cs_client */;

--
-- Dumping data for table `auth_user_user_permissions`
--

LOCK TABLES `auth_user_user_permissions` WRITE;
/*!40000 ALTER TABLE `auth_user_user_permissions` DISABLE KEYS */;
/*!40000 ALTER TABLE `auth_user_user_permissions` ENABLE KEYS */;
UNLOCK TABLES;

--
-- Table structure for table `careerpath`
--

DROP TABLE IF EXISTS `careerpath`;
/*!40101 SET @saved_cs_client     = @@character_set_client */;
/*!50503 SET character_set_client = utf8mb4 */;
CREATE TABLE `careerpath` (
  `careerPathID` char(4) NOT NULL,
  `careerPathName` varchar(50) DEFAULT NULL,
  PRIMARY KEY (`careerPathID`)
) ENGINE=InnoDB DEFAULT CHARSET=latin1;
/*!40101 SET character_set_client = @saved_cs_client */;

--
-- Dumping data for table `careerpath`
--

LOCK TABLES `careerpath` WRITE;
/*!40000 ALTER TABLE `careerpath` DISABLE KEYS */;
INSERT INTO `careerpath` VALUES ('C100','Data Analyst');
/*!40000 ALTER TABLE `careerpath` ENABLE KEYS */;
UNLOCK TABLES;

--
-- Table structure for table `django_admin_log`
--

DROP TABLE IF EXISTS `django_admin_log`;
/*!40101 SET @saved_cs_client     = @@character_set_client */;
/*!50503 SET character_set_client = utf8mb4 */;
CREATE TABLE `django_admin_log` (
  `id` int NOT NULL AUTO_INCREMENT,
  `action_time` datetime(6) NOT NULL,
  `object_id` longtext,
  `object_repr` varchar(200) NOT NULL,
  `action_flag` smallint unsigned NOT NULL,
  `change_message` longtext NOT NULL,
  `content_type_id` int DEFAULT NULL,
  `user_id` int NOT NULL,
  PRIMARY KEY (`id`),
  KEY `django_admin_log_content_type_id_c4bce8eb_fk_django_co` (`content_type_id`),
  KEY `django_admin_log_user_id_c564eba6_fk_auth_user_id` (`user_id`),
  CONSTRAINT `django_admin_log_content_type_id_c4bce8eb_fk_django_co` FOREIGN KEY (`content_type_id`) REFERENCES `django_content_type` (`id`),
  CONSTRAINT `django_admin_log_user_id_c564eba6_fk_auth_user_id` FOREIGN KEY (`user_id`) REFERENCES `auth_user` (`id`)
) ENGINE=InnoDB DEFAULT CHARSET=latin1;
/*!40101 SET character_set_client = @saved_cs_client */;

--
-- Dumping data for table `django_admin_log`
--

LOCK TABLES `django_admin_log` WRITE;
/*!40000 ALTER TABLE `django_admin_log` DISABLE KEYS */;
/*!40000 ALTER TABLE `django_admin_log` ENABLE KEYS */;
UNLOCK TABLES;

--
-- Table structure for table `django_content_type`
--

DROP TABLE IF EXISTS `django_content_type`;
/*!40101 SET @saved_cs_client     = @@character_set_client */;
/*!50503 SET character_set_client = utf8mb4 */;
CREATE TABLE `django_content_type` (
  `id` int NOT NULL AUTO_INCREMENT,
  `app_label` varchar(100) NOT NULL,
  `model` varchar(100) NOT NULL,
  PRIMARY KEY (`id`),
  UNIQUE KEY `django_content_type_app_label_model_76bd3d3b_uniq` (`app_label`,`model`)
) ENGINE=InnoDB AUTO_INCREMENT=7 DEFAULT CHARSET=latin1;
/*!40101 SET character_set_client = @saved_cs_client */;

--
-- Dumping data for table `django_content_type`
--

LOCK TABLES `django_content_type` WRITE;
/*!40000 ALTER TABLE `django_content_type` DISABLE KEYS */;
INSERT INTO `django_content_type` VALUES (1,'admin','logentry'),(3,'auth','group'),(2,'auth','permission'),(4,'auth','user'),(5,'contenttypes','contenttype'),(6,'sessions','session');
/*!40000 ALTER TABLE `django_content_type` ENABLE KEYS */;
UNLOCK TABLES;

--
-- Table structure for table `django_migrations`
--

DROP TABLE IF EXISTS `django_migrations`;
/*!40101 SET @saved_cs_client     = @@character_set_client */;
/*!50503 SET character_set_client = utf8mb4 */;
CREATE TABLE `django_migrations` (
  `id` int NOT NULL AUTO_INCREMENT,
  `app` varchar(255) NOT NULL,
  `name` varchar(255) NOT NULL,
  `applied` datetime(6) NOT NULL,
  PRIMARY KEY (`id`)
) ENGINE=InnoDB AUTO_INCREMENT=16 DEFAULT CHARSET=latin1;
/*!40101 SET character_set_client = @saved_cs_client */;

--
-- Dumping data for table `django_migrations`
--

LOCK TABLES `django_migrations` WRITE;
/*!40000 ALTER TABLE `django_migrations` DISABLE KEYS */;
INSERT INTO `django_migrations` VALUES (1,'contenttypes','0001_initial','2020-03-09 23:45:06.538733'),(2,'auth','0001_initial','2020-03-09 23:45:10.018233'),(3,'admin','0001_initial','2020-03-09 23:45:11.118233'),(4,'admin','0002_logentry_remove_auto_add','2020-03-09 23:45:11.139233'),(5,'admin','0003_logentry_add_action_flag_choices','2020-03-09 23:45:11.169233'),(6,'contenttypes','0002_remove_content_type_name','2020-03-09 23:45:11.498233'),(7,'auth','0002_alter_permission_name_max_length','2020-03-09 23:45:11.539233'),(8,'auth','0003_alter_user_email_max_length','2020-03-09 23:45:11.619233'),(9,'auth','0004_alter_user_username_opts','2020-03-09 23:45:11.629233'),(10,'auth','0005_alter_user_last_login_null','2020-03-09 23:45:11.770233'),(11,'auth','0006_require_contenttypes_0002','2020-03-09 23:45:11.810233'),(12,'auth','0007_alter_validators_add_error_messages','2020-03-09 23:45:11.820233'),(13,'auth','0008_alter_user_username_max_length','2020-03-09 23:45:11.831233'),(14,'auth','0009_alter_user_last_name_max_length','2020-03-09 23:45:11.949233'),(15,'sessions','0001_initial','2020-03-09 23:45:12.140233');
/*!40000 ALTER TABLE `django_migrations` ENABLE KEYS */;
UNLOCK TABLES;

--
-- Table structure for table `django_session`
--

DROP TABLE IF EXISTS `django_session`;
/*!40101 SET @saved_cs_client     = @@character_set_client */;
/*!50503 SET character_set_client = utf8mb4 */;
CREATE TABLE `django_session` (
  `session_key` varchar(40) NOT NULL,
  `session_data` longtext NOT NULL,
  `expire_date` datetime(6) NOT NULL,
  PRIMARY KEY (`session_key`),
  KEY `django_session_expire_date_a5c62663` (`expire_date`)
) ENGINE=InnoDB DEFAULT CHARSET=latin1;
/*!40101 SET character_set_client = @saved_cs_client */;

--
-- Dumping data for table `django_session`
--

LOCK TABLES `django_session` WRITE;
/*!40000 ALTER TABLE `django_session` DISABLE KEYS */;
INSERT INTO `django_session` VALUES ('tyl1c5xdi2x8x2jwg76rgv4m7k8zrh9f','Y2FhMTEwYWE3NTdhZjlkMTFkYzhlMDM0OGM4NTU4YzVjZGQwZDM0Njp7Il9hdXRoX3VzZXJfaWQiOiIxIiwiX2F1dGhfdXNlcl9iYWNrZW5kIjoiZGphbmdvLmNvbnRyaWIuYXV0aC5iYWNrZW5kcy5Nb2RlbEJhY2tlbmQiLCJfYXV0aF91c2VyX2hhc2giOiJmMzIyNjA4ZWY3OTQ5MWYwMTUwOGMyMDFlMDIzZmRjNjI3MTU4N2IzIn0=','2020-11-02 22:21:14.400992');
/*!40000 ALTER TABLE `django_session` ENABLE KEYS */;
UNLOCK TABLES;

--
-- Table structure for table `initialgoalparameter`
--

DROP TABLE IF EXISTS `initialgoalparameter`;
/*!40101 SET @saved_cs_client     = @@character_set_client */;
/*!50503 SET character_set_client = utf8mb4 */;
CREATE TABLE `initialgoalparameter` (
  `transactionID` bigint NOT NULL,
  `iorg` varchar(10) NOT NULL,
  `parameterID` varchar(10) NOT NULL,
  PRIMARY KEY (`transactionID`,`iorg`,`parameterID`),
  KEY `knowledgeID` (`parameterID`),
  CONSTRAINT `initialgoalparameter_ibfk_1` FOREIGN KEY (`parameterID`) REFERENCES `parameterlist` (`parameterID`)
) ENGINE=InnoDB DEFAULT CHARSET=latin1;
/*!40101 SET character_set_client = @saved_cs_client */;

--
-- Dumping data for table `initialgoalparameter`
--

LOCK TABLES `initialgoalparameter` WRITE;
/*!40000 ALTER TABLE `initialgoalparameter` DISABLE KEYS */;
INSERT INTO `initialgoalparameter` VALUES (8,'I','p1'),(20,'I','p1'),(22,'I','p1'),(28,'I','p1'),(29,'I','p1'),(30,'I','p1'),(6,'G','p10'),(10,'I','p10'),(14,'I','p10'),(18,'I','p10'),(20,'I','p10'),(22,'I','p10'),(25,'I','p10'),(29,'I','p10'),(6,'I','p11'),(9,'I','p11'),(15,'I','p11'),(17,'I','p11'),(24,'I','p11'),(1,'I','p12'),(3,'I','p12'),(6,'I','p12'),(13,'I','p12'),(17,'G','p12'),(18,'I','p12'),(20,'I','p12'),(21,'I','p12'),(24,'G','p12'),(30,'I','p12'),(5,'I','p13'),(16,'I','p13'),(30,'I','p13'),(2,'I','p14'),(4,'I','p14'),(5,'G','p14'),(7,'I','p14'),(11,'I','p14'),(15,'G','p14'),(17,'I','p14'),(19,'I','p14'),(20,'I','p14'),(22,'G','p14'),(3,'I','p15'),(5,'I','p15'),(8,'G','p15'),(10,'I','p15'),(11,'G','p15'),(12,'I','p15'),(15,'G','p15'),(26,'I','p15'),(4,'I','p16'),(15,'I','p16'),(16,'G','p16'),(21,'I','p16'),(23,'I','p16'),(25,'I','p16'),(27,'I','p16'),(28,'I','p16'),(29,'I','p16'),(30,'I','p16'),(6,'I','p17'),(11,'I','p17'),(12,'I','p17'),(19,'G','p17'),(24,'I','p17'),(1,'G','p18'),(8,'I','p18'),(13,'I','p18'),(17,'I','p18'),(19,'I','p18'),(22,'I','p18'),(24,'I','p18'),(27,'I','p18'),(28,'I','p18'),(29,'I','p18'),(1,'I','p19'),(8,'I','p19'),(13,'G','p19'),(16,'I','p19'),(19,'G','p19'),(23,'I','p19'),(25,'G','p19'),(27,'I','p19'),(9,'G','p2'),(10,'G','p2'),(13,'I','p2'),(14,'G','p2'),(18,'I','p2'),(19,'I','p2'),(21,'I','p2'),(25,'I','p2'),(26,'G','p2'),(7,'I','p20'),(9,'I','p20'),(11,'I','p20'),(14,'G','p20'),(16,'G','p20'),(22,'I','p20'),(23,'G','p20'),(26,'I','p20'),(27,'G','p20'),(28,'I','p20'),(3,'G','p21'),(4,'I','p21'),(12,'G','p21'),(15,'I','p21'),(30,'I','p21'),(2,'I','p22'),(14,'I','p22'),(27,'G','p22'),(1,'G','p23'),(4,'G','p23'),(8,'I','p23'),(9,'I','p23'),(11,'I','p23'),(13,'I','p23'),(14,'I','p23'),(18,'I','p23'),(20,'I','p23'),(24,'I','p23'),(25,'I','p23'),(30,'G','p23'),(3,'I','p24'),(5,'I','p24'),(7,'I','p24'),(14,'I','p24'),(23,'I','p24'),(2,'I','p25'),(7,'I','p25'),(11,'I','p25'),(12,'I','p25'),(13,'I','p25'),(18,'I','p25'),(23,'I','p25'),(3,'G','p26'),(6,'I','p26'),(10,'I','p26'),(12,'I','p26'),(15,'I','p26'),(20,'I','p26'),(22,'I','p26'),(2,'G','p27'),(3,'I','p27'),(4,'I','p27'),(10,'G','p27'),(12,'G','p27'),(19,'I','p27'),(21,'I','p27'),(27,'I','p27'),(28,'G','p27'),(29,'G','p27'),(7,'G','p28'),(8,'I','p28'),(10,'I','p28'),(13,'I','p28'),(14,'I','p28'),(16,'I','p28'),(18,'G','p28'),(21,'G','p28'),(12,'I','p29'),(16,'I','p29'),(17,'I','p29'),(18,'I','p29'),(20,'G','p29'),(21,'G','p29'),(26,'I','p29'),(28,'G','p29'),(9,'I','p3'),(10,'I','p3'),(13,'G','p3'),(21,'I','p3'),(26,'I','p3'),(29,'I','p3'),(2,'G','p30'),(3,'I','p30'),(4,'I','p30'),(5,'I','p30'),(9,'G','p30'),(12,'I','p30'),(16,'I','p30'),(19,'I','p30'),(25,'I','p30'),(28,'I','p30'),(30,'I','p30'),(1,'I','p4'),(3,'I','p4'),(4,'I','p4'),(8,'I','p4'),(20,'G','p4'),(22,'I','p4'),(23,'I','p4'),(24,'G','p4'),(2,'I','p5'),(5,'I','p5'),(6,'G','p5'),(7,'G','p5'),(8,'G','p5'),(17,'I','p5'),(24,'I','p5'),(29,'I','p5'),(1,'I','p6'),(4,'G','p6'),(6,'I','p6'),(9,'I','p6'),(15,'I','p6'),(16,'I','p6'),(19,'I','p6'),(21,'I','p6'),(22,'G','p6'),(23,'G','p6'),(24,'I','p6'),(25,'I','p6'),(26,'I','p6'),(27,'I','p6'),(30,'G','p6'),(1,'I','p7'),(2,'I','p7'),(5,'I','p7'),(6,'I','p7'),(7,'I','p7'),(10,'I','p7'),(23,'I','p7'),(25,'G','p7'),(26,'G','p7'),(1,'I','p8'),(2,'I','p8'),(5,'G','p8'),(7,'I','p8'),(9,'I','p8'),(11,'I','p8'),(15,'I','p8'),(17,'G','p8'),(27,'I','p8'),(29,'G','p8'),(11,'G','p9'),(14,'I','p9'),(17,'I','p9'),(18,'G','p9'),(26,'I','p9'),(28,'I','p9');
/*!40000 ALTER TABLE `initialgoalparameter` ENABLE KEYS */;
UNLOCK TABLES;

--
-- Table structure for table `inputparameter`
--

DROP TABLE IF EXISTS `inputparameter`;
/*!40101 SET @saved_cs_client     = @@character_set_client */;
/*!50503 SET character_set_client = utf8mb4 */;
CREATE TABLE `inputparameter` (
  `webServiceID` varchar(10) NOT NULL,
  `parameterID` varchar(10) NOT NULL,
  PRIMARY KEY (`webServiceID`,`parameterID`),
  KEY `knowledgeID` (`parameterID`)
) ENGINE=InnoDB DEFAULT CHARSET=latin1;
/*!40101 SET character_set_client = @saved_cs_client */;

--
-- Dumping data for table `inputparameter`
--

LOCK TABLES `inputparameter` WRITE;
/*!40000 ALTER TABLE `inputparameter` DISABLE KEYS */;
INSERT INTO `inputparameter` VALUES ('WSS102','p1'),('WSS108','p1'),('WSS117','p1'),('WSS121','p1'),('WSS126','p1'),('WSS143','p1'),('WSS182','p1'),('WSS185','p1'),('WSS190','p1'),('WSS191','p1'),('WSS193','p1'),('WSS200','p1'),('WSS217','p1'),('WSS230','p1'),('WSS232','p1'),('WSS237','p1'),('WSS238','p1'),('WSS244','p1'),('WSS250','p1'),('WSS255','p1'),('WSS257','p1'),('WSS277','p1'),('WSS282','p1'),('WSS285','p1'),('WSS290','p1'),('WSS291','p1'),('WSS292','p1'),('WSS31','p1'),('WSS310','p1'),('WSS323','p1'),('WSS328','p1'),('WSS330','p1'),('WSS360','p1'),('WSS362','p1'),('WSS381','p1'),('WSS387','p1'),('WSS393','p1'),('WSS420','p1'),('WSS427','p1'),('WSS428','p1'),('WSS439','p1'),('WSS448','p1'),('WSS45','p1'),('WSS454','p1'),('WSS459','p1'),('WSS460','p1'),('WSS462','p1'),('WSS482','p1'),('WSS487','p1'),('WSS497','p1'),('WSS524','p1'),('WSS535','p1'),('WSS54','p1'),('WSS545','p1'),('WSS550','p1'),('WSS574','p1'),('WSS579','p1'),('WSS588','p1'),('WSS612','p1'),('WSS63','p1'),('WSS655','p1'),('WSS681','p1'),('WSS684','p1'),('WSS7','p1'),('WSS701','p1'),('WSS708','p1'),('WSS713','p1'),('WSS731','p1'),('WSS747','p1'),('WSS75','p1'),('WSS772','p1'),('WSS782','p1'),('WSS799','p1'),('WSS81','p1'),('WSS819','p1'),('WSS826','p1'),('WSS848','p1'),('WSS85','p1'),('WSS855','p1'),('WSS864','p1'),('WSS870','p1'),('WSS890','p1'),('WSS92','p1'),('WSS96','p1'),('WSS127','p10'),('WSS131','p10'),('WSS14','p10'),('WSS150','p10'),('WSS166','p10'),('WSS178','p10'),('WSS18','p10'),('WSS183','p10'),('WSS190','p10'),('WSS191','p10'),('WSS218','p10'),('WSS227','p10'),('WSS233','p10'),('WSS257','p10'),('WSS261','p10'),('WSS266','p10'),('WSS27','p10'),('WSS325','p10'),('WSS340','p10'),('WSS348','p10'),('WSS35','p10'),('WSS351','p10'),('WSS36','p10'),('WSS363','p10'),('WSS373','p10'),('WSS378','p10'),('WSS382','p10'),('WSS414','p10'),('WSS419','p10'),('WSS422','p10'),('WSS447','p10'),('WSS451','p10'),('WSS457','p10'),('WSS463','p10'),('WSS478','p10'),('WSS502','p10'),('WSS509','p10'),('WSS510','p10'),('WSS514','p10'),('WSS532','p10'),('WSS540','p10'),('WSS564','p10'),('WSS566','p10'),('WSS569','p10'),('WSS578','p10'),('WSS590','p10'),('WSS597','p10'),('WSS6','p10'),('WSS615','p10'),('WSS627','p10'),('WSS636','p10'),('WSS64','p10'),('WSS647','p10'),('WSS660','p10'),('WSS663','p10'),('WSS664','p10'),('WSS667','p10'),('WSS672','p10'),('WSS679','p10'),('WSS70','p10'),('WSS709','p10'),('WSS710','p10'),('WSS712','p10'),('WSS714','p10'),('WSS720','p10'),('WSS738','p10'),('WSS764','p10'),('WSS780','p10'),('WSS784','p10'),('WSS788','p10'),('WSS798','p10'),('WSS802','p10'),('WSS82','p10'),('WSS824','p10'),('WSS831','p10'),('WSS838','p10'),('WSS845','p10'),('WSS856','p10'),('WSS875','p10'),('WSS876','p10'),('WSS878','p10'),('WSS890','p10'),('WSS895','p10'),('WSS98','p10'),('WSS100','p11'),('WSS103','p11'),('WSS118','p11'),('WSS148','p11'),('WSS154','p11'),('WSS167','p11'),('WSS169','p11'),('WSS174','p11'),('WSS185','p11'),('WSS220','p11'),('WSS237','p11'),('WSS254','p11'),('WSS257','p11'),('WSS265','p11'),('WSS273','p11'),('WSS275','p11'),('WSS288','p11'),('WSS302','p11'),('WSS304','p11'),('WSS307','p11'),('WSS317','p11'),('WSS321','p11'),('WSS34','p11'),('WSS340','p11'),('WSS352','p11'),('WSS366','p11'),('WSS37','p11'),('WSS378','p11'),('WSS392','p11'),('WSS395','p11'),('WSS401','p11'),('WSS406','p11'),('WSS422','p11'),('WSS426','p11'),('WSS428','p11'),('WSS433','p11'),('WSS439','p11'),('WSS44','p11'),('WSS455','p11'),('WSS470','p11'),('WSS472','p11'),('WSS481','p11'),('WSS496','p11'),('WSS50','p11'),('WSS502','p11'),('WSS521','p11'),('WSS534','p11'),('WSS557','p11'),('WSS577','p11'),('WSS589','p11'),('WSS59','p11'),('WSS596','p11'),('WSS606','p11'),('WSS610','p11'),('WSS611','p11'),('WSS631','p11'),('WSS636','p11'),('WSS637','p11'),('WSS644','p11'),('WSS654','p11'),('WSS655','p11'),('WSS662','p11'),('WSS667','p11'),('WSS669','p11'),('WSS672','p11'),('WSS678','p11'),('WSS689','p11'),('WSS704','p11'),('WSS71','p11'),('WSS726','p11'),('WSS729','p11'),('WSS741','p11'),('WSS753','p11'),('WSS756','p11'),('WSS759','p11'),('WSS76','p11'),('WSS760','p11'),('WSS765','p11'),('WSS779','p11'),('WSS783','p11'),('WSS787','p11'),('WSS791','p11'),('WSS801','p11'),('WSS804','p11'),('WSS806','p11'),('WSS815','p11'),('WSS817','p11'),('WSS829','p11'),('WSS831','p11'),('WSS847','p11'),('WSS869','p11'),('WSS879','p11'),('WSS882','p11'),('WSS897','p11'),('WSS94','p11'),('WSS101','p12'),('WSS106','p12'),('WSS110','p12'),('WSS148','p12'),('WSS175','p12'),('WSS182','p12'),('WSS188','p12'),('WSS198','p12'),('WSS224','p12'),('WSS252','p12'),('WSS262','p12'),('WSS271','p12'),('WSS276','p12'),('WSS28','p12'),('WSS295','p12'),('WSS305','p12'),('WSS314','p12'),('WSS330','p12'),('WSS356','p12'),('WSS360','p12'),('WSS366','p12'),('WSS372','p12'),('WSS389','p12'),('WSS391','p12'),('WSS392','p12'),('WSS396','p12'),('WSS398','p12'),('WSS40','p12'),('WSS400','p12'),('WSS402','p12'),('WSS410','p12'),('WSS416','p12'),('WSS417','p12'),('WSS422','p12'),('WSS424','p12'),('WSS425','p12'),('WSS435','p12'),('WSS436','p12'),('WSS457','p12'),('WSS472','p12'),('WSS481','p12'),('WSS484','p12'),('WSS490','p12'),('WSS494','p12'),('WSS498','p12'),('WSS5','p12'),('WSS508','p12'),('WSS519','p12'),('WSS548','p12'),('WSS551','p12'),('WSS599','p12'),('WSS6','p12'),('WSS605','p12'),('WSS614','p12'),('WSS620','p12'),('WSS624','p12'),('WSS634','p12'),('WSS64','p12'),('WSS640','p12'),('WSS649','p12'),('WSS657','p12'),('WSS685','p12'),('WSS686','p12'),('WSS697','p12'),('WSS704','p12'),('WSS707','p12'),('WSS717','p12'),('WSS740','p12'),('WSS765','p12'),('WSS77','p12'),('WSS781','p12'),('WSS783','p12'),('WSS784','p12'),('WSS799','p12'),('WSS808','p12'),('WSS816','p12'),('WSS818','p12'),('WSS841','p12'),('WSS859','p12'),('WSS87','p12'),('WSS876','p12'),('WSS889','p12'),('WSS896','p12'),('WSS90','p12'),('WSS91','p12'),('WSS98','p12'),('WSS113','p13'),('WSS119','p13'),('WSS146','p13'),('WSS158','p13'),('WSS16','p13'),('WSS163','p13'),('WSS179','p13'),('WSS186','p13'),('WSS19','p13'),('WSS20','p13'),('WSS201','p13'),('WSS222','p13'),('WSS240','p13'),('WSS242','p13'),('WSS249','p13'),('WSS260','p13'),('WSS267','p13'),('WSS275','p13'),('WSS288','p13'),('WSS307','p13'),('WSS309','p13'),('WSS318','p13'),('WSS325','p13'),('WSS331','p13'),('WSS338','p13'),('WSS345','p13'),('WSS36','p13'),('WSS377','p13'),('WSS397','p13'),('WSS404','p13'),('WSS410','p13'),('WSS442','p13'),('WSS453','p13'),('WSS475','p13'),('WSS479','p13'),('WSS482','p13'),('WSS495','p13'),('WSS497','p13'),('WSS498','p13'),('WSS507','p13'),('WSS508','p13'),('WSS51','p13'),('WSS519','p13'),('WSS525','p13'),('WSS539','p13'),('WSS545','p13'),('WSS574','p13'),('WSS585','p13'),('WSS587','p13'),('WSS598','p13'),('WSS60','p13'),('WSS608','p13'),('WSS622','p13'),('WSS623','p13'),('WSS637','p13'),('WSS646','p13'),('WSS669','p13'),('WSS673','p13'),('WSS675','p13'),('WSS685','p13'),('WSS710','p13'),('WSS714','p13'),('WSS715','p13'),('WSS724','p13'),('WSS729','p13'),('WSS734','p13'),('WSS752','p13'),('WSS755','p13'),('WSS770','p13'),('WSS784','p13'),('WSS788','p13'),('WSS801','p13'),('WSS81','p13'),('WSS814','p13'),('WSS84','p13'),('WSS844','p13'),('WSS861','p13'),('WSS96','p13'),('WSS113','p14'),('WSS120','p14'),('WSS127','p14'),('WSS13','p14'),('WSS132','p14'),('WSS159','p14'),('WSS164','p14'),('WSS172','p14'),('WSS173','p14'),('WSS177','p14'),('WSS19','p14'),('WSS198','p14'),('WSS205','p14'),('WSS215','p14'),('WSS216','p14'),('WSS219','p14'),('WSS237','p14'),('WSS239','p14'),('WSS243','p14'),('WSS246','p14'),('WSS254','p14'),('WSS263','p14'),('WSS270','p14'),('WSS271','p14'),('WSS279','p14'),('WSS284','p14'),('WSS293','p14'),('WSS309','p14'),('WSS313','p14'),('WSS322','p14'),('WSS326','p14'),('WSS346','p14'),('WSS370','p14'),('WSS384','p14'),('WSS394','p14'),('WSS396','p14'),('WSS397','p14'),('WSS400','p14'),('WSS416','p14'),('WSS426','p14'),('WSS43','p14'),('WSS436','p14'),('WSS452','p14'),('WSS463','p14'),('WSS467','p14'),('WSS470','p14'),('WSS473','p14'),('WSS48','p14'),('WSS481','p14'),('WSS485','p14'),('WSS492','p14'),('WSS497','p14'),('WSS527','p14'),('WSS528','p14'),('WSS529','p14'),('WSS537','p14'),('WSS57','p14'),('WSS590','p14'),('WSS592','p14'),('WSS626','p14'),('WSS641','p14'),('WSS651','p14'),('WSS652','p14'),('WSS656','p14'),('WSS664','p14'),('WSS675','p14'),('WSS692','p14'),('WSS697','p14'),('WSS701','p14'),('WSS711','p14'),('WSS721','p14'),('WSS727','p14'),('WSS73','p14'),('WSS733','p14'),('WSS754','p14'),('WSS757','p14'),('WSS785','p14'),('WSS795','p14'),('WSS802','p14'),('WSS813','p14'),('WSS815','p14'),('WSS817','p14'),('WSS825','p14'),('WSS829','p14'),('WSS831','p14'),('WSS855','p14'),('WSS857','p14'),('WSS862','p14'),('WSS864','p14'),('WSS876','p14'),('WSS883','p14'),('WSS112','p15'),('WSS151','p15'),('WSS153','p15'),('WSS158','p15'),('WSS162','p15'),('WSS180','p15'),('WSS201','p15'),('WSS204','p15'),('WSS205','p15'),('WSS207','p15'),('WSS213','p15'),('WSS22','p15'),('WSS226','p15'),('WSS229','p15'),('WSS234','p15'),('WSS241','p15'),('WSS242','p15'),('WSS244','p15'),('WSS256','p15'),('WSS261','p15'),('WSS263','p15'),('WSS269','p15'),('WSS270','p15'),('WSS28','p15'),('WSS281','p15'),('WSS287','p15'),('WSS290','p15'),('WSS293','p15'),('WSS326','p15'),('WSS327','p15'),('WSS355','p15'),('WSS368','p15'),('WSS369','p15'),('WSS372','p15'),('WSS376','p15'),('WSS381','p15'),('WSS385','p15'),('WSS402','p15'),('WSS42','p15'),('WSS429','p15'),('WSS431','p15'),('WSS442','p15'),('WSS443','p15'),('WSS444','p15'),('WSS445','p15'),('WSS464','p15'),('WSS471','p15'),('WSS477','p15'),('WSS478','p15'),('WSS495','p15'),('WSS5','p15'),('WSS510','p15'),('WSS511','p15'),('WSS515','p15'),('WSS522','p15'),('WSS531','p15'),('WSS540','p15'),('WSS543','p15'),('WSS561','p15'),('WSS579','p15'),('WSS58','p15'),('WSS593','p15'),('WSS595','p15'),('WSS600','p15'),('WSS613','p15'),('WSS618','p15'),('WSS620','p15'),('WSS626','p15'),('WSS629','p15'),('WSS648','p15'),('WSS668','p15'),('WSS709','p15'),('WSS716','p15'),('WSS72','p15'),('WSS744','p15'),('WSS761','p15'),('WSS767','p15'),('WSS771','p15'),('WSS794','p15'),('WSS805','p15'),('WSS811','p15'),('WSS826','p15'),('WSS837','p15'),('WSS850','p15'),('WSS857','p15'),('WSS867','p15'),('WSS87','p15'),('WSS871','p15'),('WSS874','p15'),('WSS887','p15'),('WSS891','p15'),('WSS109','p16'),('WSS124','p16'),('WSS132','p16'),('WSS141','p16'),('WSS150','p16'),('WSS170','p16'),('WSS175','p16'),('WSS180','p16'),('WSS196','p16'),('WSS199','p16'),('WSS210','p16'),('WSS216','p16'),('WSS223','p16'),('WSS252','p16'),('WSS255','p16'),('WSS259','p16'),('WSS26','p16'),('WSS281','p16'),('WSS283','p16'),('WSS301','p16'),('WSS319','p16'),('WSS33','p16'),('WSS344','p16'),('WSS357','p16'),('WSS367','p16'),('WSS37','p16'),('WSS373','p16'),('WSS380','p16'),('WSS387','p16'),('WSS402','p16'),('WSS41','p16'),('WSS427','p16'),('WSS442','p16'),('WSS45','p16'),('WSS451','p16'),('WSS452','p16'),('WSS461','p16'),('WSS464','p16'),('WSS506','p16'),('WSS517','p16'),('WSS525','p16'),('WSS534','p16'),('WSS535','p16'),('WSS539','p16'),('WSS544','p16'),('WSS548','p16'),('WSS558','p16'),('WSS568','p16'),('WSS570','p16'),('WSS582','p16'),('WSS598','p16'),('WSS600','p16'),('WSS608','p16'),('WSS609','p16'),('WSS617','p16'),('WSS618','p16'),('WSS638','p16'),('WSS657','p16'),('WSS659','p16'),('WSS665','p16'),('WSS670','p16'),('WSS680','p16'),('WSS686','p16'),('WSS705','p16'),('WSS71','p16'),('WSS719','p16'),('WSS737','p16'),('WSS740','p16'),('WSS749','p16'),('WSS773','p16'),('WSS775','p16'),('WSS779','p16'),('WSS78','p16'),('WSS785','p16'),('WSS793','p16'),('WSS795','p16'),('WSS797','p16'),('WSS83','p16'),('WSS842','p16'),('WSS849','p16'),('WSS856','p16'),('WSS857','p16'),('WSS863','p16'),('WSS865','p16'),('WSS868','p16'),('WSS872','p16'),('WSS874','p16'),('WSS893','p16'),('WSS106','p17'),('WSS107','p17'),('WSS116','p17'),('WSS118','p17'),('WSS134','p17'),('WSS150','p17'),('WSS155','p17'),('WSS177','p17'),('WSS215','p17'),('WSS245','p17'),('WSS251','p17'),('WSS263','p17'),('WSS29','p17'),('WSS298','p17'),('WSS31','p17'),('WSS313','p17'),('WSS32','p17'),('WSS335','p17'),('WSS336','p17'),('WSS337','p17'),('WSS356','p17'),('WSS373','p17'),('WSS390','p17'),('WSS396','p17'),('WSS400','p17'),('WSS401','p17'),('WSS415','p17'),('WSS488','p17'),('WSS489','p17'),('WSS490','p17'),('WSS491','p17'),('WSS500','p17'),('WSS503','p17'),('WSS506','p17'),('WSS512','p17'),('WSS542','p17'),('WSS546','p17'),('WSS547','p17'),('WSS549','p17'),('WSS553','p17'),('WSS554','p17'),('WSS569','p17'),('WSS580','p17'),('WSS581','p17'),('WSS583','p17'),('WSS589','p17'),('WSS609','p17'),('WSS633','p17'),('WSS635','p17'),('WSS644','p17'),('WSS653','p17'),('WSS655','p17'),('WSS658','p17'),('WSS659','p17'),('WSS693','p17'),('WSS7','p17'),('WSS703','p17'),('WSS704','p17'),('WSS711','p17'),('WSS716','p17'),('WSS718','p17'),('WSS725','p17'),('WSS728','p17'),('WSS735','p17'),('WSS736','p17'),('WSS742','p17'),('WSS759','p17'),('WSS760','p17'),('WSS771','p17'),('WSS776','p17'),('WSS796','p17'),('WSS798','p17'),('WSS80','p17'),('WSS800','p17'),('WSS812','p17'),('WSS827','p17'),('WSS835','p17'),('WSS837','p17'),('WSS840','p17'),('WSS841','p17'),('WSS843','p17'),('WSS849','p17'),('WSS860','p17'),('WSS882','p17'),('WSS891','p17'),('WSS122','p18'),('WSS137','p18'),('WSS142','p18'),('WSS147','p18'),('WSS149','p18'),('WSS157','p18'),('WSS165','p18'),('WSS187','p18'),('WSS21','p18'),('WSS236','p18'),('WSS238','p18'),('WSS252','p18'),('WSS262','p18'),('WSS269','p18'),('WSS272','p18'),('WSS274','p18'),('WSS278','p18'),('WSS308','p18'),('WSS32','p18'),('WSS320','p18'),('WSS332','p18'),('WSS339','p18'),('WSS342','p18'),('WSS35','p18'),('WSS353','p18'),('WSS365','p18'),('WSS377','p18'),('WSS38','p18'),('WSS388','p18'),('WSS395','p18'),('WSS4','p18'),('WSS403','p18'),('WSS409','p18'),('WSS414','p18'),('WSS453','p18'),('WSS456','p18'),('WSS461','p18'),('WSS480','p18'),('WSS489','p18'),('WSS499','p18'),('WSS506','p18'),('WSS521','p18'),('WSS529','p18'),('WSS535','p18'),('WSS536','p18'),('WSS544','p18'),('WSS550','p18'),('WSS554','p18'),('WSS561','p18'),('WSS576','p18'),('WSS585','p18'),('WSS589','p18'),('WSS59','p18'),('WSS591','p18'),('WSS613','p18'),('WSS616','p18'),('WSS626','p18'),('WSS638','p18'),('WSS642','p18'),('WSS661','p18'),('WSS668','p18'),('WSS67','p18'),('WSS674','p18'),('WSS68','p18'),('WSS683','p18'),('WSS688','p18'),('WSS726','p18'),('WSS736','p18'),('WSS742','p18'),('WSS753','p18'),('WSS755','p18'),('WSS757','p18'),('WSS768','p18'),('WSS792','p18'),('WSS802','p18'),('WSS839','p18'),('WSS86','p18'),('WSS871','p18'),('WSS883','p18'),('WSS104','p19'),('WSS115','p19'),('WSS116','p19'),('WSS129','p19'),('WSS144','p19'),('WSS151','p19'),('WSS153','p19'),('WSS154','p19'),('WSS155','p19'),('WSS156','p19'),('WSS158','p19'),('WSS162','p19'),('WSS179','p19'),('WSS184','p19'),('WSS189','p19'),('WSS190','p19'),('WSS191','p19'),('WSS196','p19'),('WSS2','p19'),('WSS206','p19'),('WSS212','p19'),('WSS213','p19'),('WSS241','p19'),('WSS258','p19'),('WSS270','p19'),('WSS273','p19'),('WSS274','p19'),('WSS280','p19'),('WSS286','p19'),('WSS297','p19'),('WSS304','p19'),('WSS312','p19'),('WSS323','p19'),('WSS328','p19'),('WSS334','p19'),('WSS340','p19'),('WSS355','p19'),('WSS358','p19'),('WSS360','p19'),('WSS361','p19'),('WSS364','p19'),('WSS377','p19'),('WSS382','p19'),('WSS406','p19'),('WSS408','p19'),('WSS411','p19'),('WSS415','p19'),('WSS431','p19'),('WSS440','p19'),('WSS447','p19'),('WSS450','p19'),('WSS459','p19'),('WSS473','p19'),('WSS480','p19'),('WSS493','p19'),('WSS5','p19'),('WSS524','p19'),('WSS551','p19'),('WSS561','p19'),('WSS574','p19'),('WSS580','p19'),('WSS588','p19'),('WSS595','p19'),('WSS596','p19'),('WSS604','p19'),('WSS606','p19'),('WSS622','p19'),('WSS629','p19'),('WSS658','p19'),('WSS684','p19'),('WSS687','p19'),('WSS688','p19'),('WSS697','p19'),('WSS719','p19'),('WSS723','p19'),('WSS727','p19'),('WSS728','p19'),('WSS732','p19'),('WSS747','p19'),('WSS751','p19'),('WSS756','p19'),('WSS757','p19'),('WSS762','p19'),('WSS77','p19'),('WSS790','p19'),('WSS794','p19'),('WSS818','p19'),('WSS836','p19'),('WSS852','p19'),('WSS854','p19'),('WSS858','p19'),('WSS862','p19'),('WSS893','p19'),('WSS95','p19'),('WSS102','p2'),('WSS11','p2'),('WSS114','p2'),('WSS124','p2'),('WSS14','p2'),('WSS140','p2'),('WSS145','p2'),('WSS173','p2'),('WSS176','p2'),('WSS203','p2'),('WSS208','p2'),('WSS229','p2'),('WSS244','p2'),('WSS248','p2'),('WSS268','p2'),('WSS303','p2'),('WSS305','p2'),('WSS322','p2'),('WSS331','p2'),('WSS333','p2'),('WSS334','p2'),('WSS347','p2'),('WSS359','p2'),('WSS361','p2'),('WSS367','p2'),('WSS407','p2'),('WSS432','p2'),('WSS435','p2'),('WSS462','p2'),('WSS471','p2'),('WSS483','p2'),('WSS486','p2'),('WSS487','p2'),('WSS503','p2'),('WSS504','p2'),('WSS516','p2'),('WSS518','p2'),('WSS533','p2'),('WSS534','p2'),('WSS542','p2'),('WSS549','p2'),('WSS567','p2'),('WSS627','p2'),('WSS63','p2'),('WSS632','p2'),('WSS641','p2'),('WSS646','p2'),('WSS650','p2'),('WSS665','p2'),('WSS682','p2'),('WSS683','p2'),('WSS689','p2'),('WSS690','p2'),('WSS705','p2'),('WSS707','p2'),('WSS712','p2'),('WSS718','p2'),('WSS722','p2'),('WSS73','p2'),('WSS738','p2'),('WSS739','p2'),('WSS748','p2'),('WSS760','p2'),('WSS763','p2'),('WSS769','p2'),('WSS770','p2'),('WSS788','p2'),('WSS789','p2'),('WSS795','p2'),('WSS797','p2'),('WSS8','p2'),('WSS810','p2'),('WSS813','p2'),('WSS820','p2'),('WSS828','p2'),('WSS84','p2'),('WSS848','p2'),('WSS855','p2'),('WSS884','p2'),('WSS89','p2'),('WSS893','p2'),('WSS12','p20'),('WSS129','p20'),('WSS130','p20'),('WSS136','p20'),('WSS140','p20'),('WSS17','p20'),('WSS174','p20'),('WSS18','p20'),('WSS197','p20'),('WSS21','p20'),('WSS22','p20'),('WSS234','p20'),('WSS248','p20'),('WSS250','p20'),('WSS264','p20'),('WSS268','p20'),('WSS274','p20'),('WSS275','p20'),('WSS3','p20'),('WSS30','p20'),('WSS308','p20'),('WSS318','p20'),('WSS319','p20'),('WSS331','p20'),('WSS343','p20'),('WSS348','p20'),('WSS350','p20'),('WSS359','p20'),('WSS371','p20'),('WSS399','p20'),('WSS405','p20'),('WSS415','p20'),('WSS466','p20'),('WSS47','p20'),('WSS476','p20'),('WSS49','p20'),('WSS492','p20'),('WSS500','p20'),('WSS502','p20'),('WSS505','p20'),('WSS538','p20'),('WSS54','p20'),('WSS558','p20'),('WSS559','p20'),('WSS567','p20'),('WSS568','p20'),('WSS572','p20'),('WSS58','p20'),('WSS590','p20'),('WSS61','p20'),('WSS645','p20'),('WSS66','p20'),('WSS666','p20'),('WSS676','p20'),('WSS695','p20'),('WSS719','p20'),('WSS726','p20'),('WSS738','p20'),('WSS766','p20'),('WSS769','p20'),('WSS77','p20'),('WSS774','p20'),('WSS797','p20'),('WSS814','p20'),('WSS823','p20'),('WSS842','p20'),('WSS843','p20'),('WSS844','p20'),('WSS845','p20'),('WSS852','p20'),('WSS858','p20'),('WSS89','p20'),('WSS892','p20'),('WSS9','p20'),('WSS90','p20'),('WSS10','p21'),('WSS101','p21'),('WSS105','p21'),('WSS12','p21'),('WSS122','p21'),('WSS133','p21'),('WSS149','p21'),('WSS166','p21'),('WSS175','p21'),('WSS197','p21'),('WSS20','p21'),('WSS206','p21'),('WSS209','p21'),('WSS217','p21'),('WSS220','p21'),('WSS228','p21'),('WSS232','p21'),('WSS24','p21'),('WSS247','p21'),('WSS259','p21'),('WSS27','p21'),('WSS284','p21'),('WSS289','p21'),('WSS310','p21'),('WSS311','p21'),('WSS317','p21'),('WSS322','p21'),('WSS328','p21'),('WSS330','p21'),('WSS337','p21'),('WSS344','p21'),('WSS346','p21'),('WSS362','p21'),('WSS374','p21'),('WSS376','p21'),('WSS379','p21'),('WSS380','p21'),('WSS404','p21'),('WSS409','p21'),('WSS432','p21'),('WSS448','p21'),('WSS469','p21'),('WSS501','p21'),('WSS503','p21'),('WSS513','p21'),('WSS516','p21'),('WSS520','p21'),('WSS523','p21'),('WSS545','p21'),('WSS549','p21'),('WSS564','p21'),('WSS587','p21'),('WSS594','p21'),('WSS607','p21'),('WSS630','p21'),('WSS633','p21'),('WSS647','p21'),('WSS671','p21'),('WSS675','p21'),('WSS689','p21'),('WSS699','p21'),('WSS70','p21'),('WSS702','p21'),('WSS708','p21'),('WSS716','p21'),('WSS72','p21'),('WSS723','p21'),('WSS754','p21'),('WSS755','p21'),('WSS763','p21'),('WSS774','p21'),('WSS783','p21'),('WSS786','p21'),('WSS79','p21'),('WSS808','p21'),('WSS809','p21'),('WSS812','p21'),('WSS822','p21'),('WSS827','p21'),('WSS83','p21'),('WSS833','p21'),('WSS839','p21'),('WSS885','p21'),('WSS888','p21'),('WSS898','p21'),('WSS9','p21'),('WSS95','p21'),('WSS109','p22'),('WSS114','p22'),('WSS127','p22'),('WSS133','p22'),('WSS148','p22'),('WSS170','p22'),('WSS176','p22'),('WSS194','p22'),('WSS214','p22'),('WSS223','p22'),('WSS229','p22'),('WSS23','p22'),('WSS235','p22'),('WSS245','p22'),('WSS27','p22'),('WSS294','p22'),('WSS300','p22'),('WSS310','p22'),('WSS32','p22'),('WSS320','p22'),('WSS321','p22'),('WSS338','p22'),('WSS34','p22'),('WSS343','p22'),('WSS352','p22'),('WSS357','p22'),('WSS398','p22'),('WSS4','p22'),('WSS40','p22'),('WSS403','p22'),('WSS42','p22'),('WSS420','p22'),('WSS421','p22'),('WSS434','p22'),('WSS453','p22'),('WSS460','p22'),('WSS463','p22'),('WSS465','p22'),('WSS480','p22'),('WSS483','p22'),('WSS488','p22'),('WSS491','p22'),('WSS494','p22'),('WSS499','p22'),('WSS507','p22'),('WSS509','p22'),('WSS512','p22'),('WSS526','p22'),('WSS536','p22'),('WSS547','p22'),('WSS55','p22'),('WSS556','p22'),('WSS576','p22'),('WSS592','p22'),('WSS597','p22'),('WSS6','p22'),('WSS600','p22'),('WSS61','p22'),('WSS630','p22'),('WSS635','p22'),('WSS646','p22'),('WSS649','p22'),('WSS65','p22'),('WSS652','p22'),('WSS653','p22'),('WSS662','p22'),('WSS668','p22'),('WSS676','p22'),('WSS702','p22'),('WSS751','p22'),('WSS758','p22'),('WSS76','p22'),('WSS765','p22'),('WSS767','p22'),('WSS780','p22'),('WSS786','p22'),('WSS787','p22'),('WSS791','p22'),('WSS796','p22'),('WSS799','p22'),('WSS804','p22'),('WSS809','p22'),('WSS81','p22'),('WSS82','p22'),('WSS824','p22'),('WSS860','p22'),('WSS868','p22'),('WSS880','p22'),('WSS882','p22'),('WSS888','p22'),('WSS896','p22'),('WSS108','p23'),('WSS111','p23'),('WSS121','p23'),('WSS125','p23'),('WSS132','p23'),('WSS138','p23'),('WSS141','p23'),('WSS163','p23'),('WSS172','p23'),('WSS18','p23'),('WSS180','p23'),('WSS208','p23'),('WSS209','p23'),('WSS210','p23'),('WSS213','p23'),('WSS218','p23'),('WSS221','p23'),('WSS233','p23'),('WSS265','p23'),('WSS296','p23'),('WSS33','p23'),('WSS347','p23'),('WSS361','p23'),('WSS383','p23'),('WSS384','p23'),('WSS386','p23'),('WSS392','p23'),('WSS409','p23'),('WSS412','p23'),('WSS432','p23'),('WSS444','p23'),('WSS445','p23'),('WSS450','p23'),('WSS455','p23'),('WSS465','p23'),('WSS466','p23'),('WSS473','p23'),('WSS492','p23'),('WSS504','p23'),('WSS507','p23'),('WSS514','p23'),('WSS515','p23'),('WSS518','p23'),('WSS527','p23'),('WSS528','p23'),('WSS54','p23'),('WSS546','p23'),('WSS555','p23'),('WSS557','p23'),('WSS569','p23'),('WSS578','p23'),('WSS581','p23'),('WSS599','p23'),('WSS607','p23'),('WSS611','p23'),('WSS615','p23'),('WSS620','p23'),('WSS625','p23'),('WSS631','p23'),('WSS634','p23'),('WSS659','p23'),('WSS66','p23'),('WSS687','p23'),('WSS696','p23'),('WSS698','p23'),('WSS70','p23'),('WSS710','p23'),('WSS72','p23'),('WSS724','p23'),('WSS730','p23'),('WSS733','p23'),('WSS743','p23'),('WSS746','p23'),('WSS806','p23'),('WSS813','p23'),('WSS814','p23'),('WSS819','p23'),('WSS82','p23'),('WSS821','p23'),('WSS834','p23'),('WSS862','p23'),('WSS863','p23'),('WSS878','p23'),('WSS885','p23'),('WSS97','p23'),('WSS100','p24'),('WSS102','p24'),('WSS110','p24'),('WSS111','p24'),('WSS123','p24'),('WSS133','p24'),('WSS137','p24'),('WSS144','p24'),('WSS145','p24'),('WSS147','p24'),('WSS159','p24'),('WSS160','p24'),('WSS17','p24'),('WSS171','p24'),('WSS178','p24'),('WSS192','p24'),('WSS198','p24'),('WSS200','p24'),('WSS202','p24'),('WSS208','p24'),('WSS210','p24'),('WSS211','p24'),('WSS214','p24'),('WSS218','p24'),('WSS219','p24'),('WSS228','p24'),('WSS241','p24'),('WSS245','p24'),('WSS247','p24'),('WSS255','p24'),('WSS256','p24'),('WSS261','p24'),('WSS30','p24'),('WSS329','p24'),('WSS33','p24'),('WSS332','p24'),('WSS333','p24'),('WSS335','p24'),('WSS39','p24'),('WSS40','p24'),('WSS401','p24'),('WSS405','p24'),('WSS414','p24'),('WSS437','p24'),('WSS450','p24'),('WSS451','p24'),('WSS47','p24'),('WSS474','p24'),('WSS486','p24'),('WSS493','p24'),('WSS501','p24'),('WSS51','p24'),('WSS53','p24'),('WSS530','p24'),('WSS533','p24'),('WSS547','p24'),('WSS548','p24'),('WSS555','p24'),('WSS560','p24'),('WSS565','p24'),('WSS566','p24'),('WSS578','p24'),('WSS580','p24'),('WSS583','p24'),('WSS584','p24'),('WSS592','p24'),('WSS593','p24'),('WSS639','p24'),('WSS649','p24'),('WSS651','p24'),('WSS654','p24'),('WSS671','p24'),('WSS674','p24'),('WSS69','p24'),('WSS7','p24'),('WSS713','p24'),('WSS735','p24'),('WSS749','p24'),('WSS782','p24'),('WSS79','p24'),('WSS793','p24'),('WSS800','p24'),('WSS810','p24'),('WSS821','p24'),('WSS834','p24'),('WSS836','p24'),('WSS840','p24'),('WSS847','p24'),('WSS859','p24'),('WSS889','p24'),('WSS896','p24'),('WSS897','p24'),('WSS101','p25'),('WSS112','p25'),('WSS114','p25'),('WSS12','p25'),('WSS134','p25'),('WSS137','p25'),('WSS146','p25'),('WSS147','p25'),('WSS160','p25'),('WSS161','p25'),('WSS165','p25'),('WSS169','p25'),('WSS173','p25'),('WSS182','p25'),('WSS185','p25'),('WSS187','p25'),('WSS189','p25'),('WSS203','p25'),('WSS220','p25'),('WSS222','p25'),('WSS231','p25'),('WSS236','p25'),('WSS249','p25'),('WSS266','p25'),('WSS277','p25'),('WSS292','p25'),('WSS295','p25'),('WSS303','p25'),('WSS306','p25'),('WSS311','p25'),('WSS321','p25'),('WSS324','p25'),('WSS325','p25'),('WSS332','p25'),('WSS345','p25'),('WSS349','p25'),('WSS353','p25'),('WSS354','p25'),('WSS364','p25'),('WSS367','p25'),('WSS385','p25'),('WSS388','p25'),('WSS391','p25'),('WSS393','p25'),('WSS403','p25'),('WSS423','p25'),('WSS446','p25'),('WSS458','p25'),('WSS46','p25'),('WSS464','p25'),('WSS467','p25'),('WSS470','p25'),('WSS476','p25'),('WSS48','p25'),('WSS483','p25'),('WSS49','p25'),('WSS494','p25'),('WSS505','p25'),('WSS52','p25'),('WSS528','p25'),('WSS55','p25'),('WSS57','p25'),('WSS570','p25'),('WSS572','p25'),('WSS582','p25'),('WSS628','p25'),('WSS64','p25'),('WSS674','p25'),('WSS68','p25'),('WSS699','p25'),('WSS700','p25'),('WSS739','p25'),('WSS746','p25'),('WSS751','p25'),('WSS768','p25'),('WSS777','p25'),('WSS803','p25'),('WSS812','p25'),('WSS821','p25'),('WSS828','p25'),('WSS834','p25'),('WSS841','p25'),('WSS843','p25'),('WSS853','p25'),('WSS858','p25'),('WSS867','p25'),('WSS872','p25'),('WSS877','p25'),('WSS892','p25'),('WSS895','p25'),('WSS899','p25'),('WSS9','p25'),('WSS103','p26'),('WSS120','p26'),('WSS124','p26'),('WSS135','p26'),('WSS154','p26'),('WSS17','p26'),('WSS181','p26'),('WSS192','p26'),('WSS193','p26'),('WSS195','p26'),('WSS203','p26'),('WSS214','p26'),('WSS215','p26'),('WSS225','p26'),('WSS234','p26'),('WSS24','p26'),('WSS265','p26'),('WSS28','p26'),('WSS306','p26'),('WSS309','p26'),('WSS323','p26'),('WSS339','p26'),('WSS351','p26'),('WSS354','p26'),('WSS359','p26'),('WSS368','p26'),('WSS379','p26'),('WSS383','p26'),('WSS393','p26'),('WSS425','p26'),('WSS427','p26'),('WSS440','p26'),('WSS445','p26'),('WSS454','p26'),('WSS47','p26'),('WSS472','p26'),('WSS48','p26'),('WSS485','p26'),('WSS487','p26'),('WSS500','p26'),('WSS511','p26'),('WSS520','p26'),('WSS526','p26'),('WSS544','p26'),('WSS546','p26'),('WSS551','p26'),('WSS57','p26'),('WSS572','p26'),('WSS573','p26'),('WSS58','p26'),('WSS59','p26'),('WSS601','p26'),('WSS604','p26'),('WSS613','p26'),('WSS615','p26'),('WSS617','p26'),('WSS621','p26'),('WSS639','p26'),('WSS643','p26'),('WSS650','p26'),('WSS671','p26'),('WSS682','p26'),('WSS683','p26'),('WSS686','p26'),('WSS69','p26'),('WSS691','p26'),('WSS695','p26'),('WSS732','p26'),('WSS744','p26'),('WSS745','p26'),('WSS75','p26'),('WSS752','p26'),('WSS766','p26'),('WSS778','p26'),('WSS78','p26'),('WSS781','p26'),('WSS782','p26'),('WSS786','p26'),('WSS79','p26'),('WSS791','p26'),('WSS800','p26'),('WSS811','p26'),('WSS830','p26'),('WSS838','p26'),('WSS846','p26'),('WSS849','p26'),('WSS870','p26'),('WSS873','p26'),('WSS879','p26'),('WSS887','p26'),('WSS889','p26'),('WSS891','p26'),('WSS894','p26'),('WSS116','p27'),('WSS119','p27'),('WSS125','p27'),('WSS139','p27'),('WSS141','p27'),('WSS159','p27'),('WSS177','p27'),('WSS197','p27'),('WSS199','p27'),('WSS204','p27'),('WSS205','p27'),('WSS207','p27'),('WSS209','p27'),('WSS225','p27'),('WSS231','p27'),('WSS258','p27'),('WSS26','p27'),('WSS266','p27'),('WSS267','p27'),('WSS282','p27'),('WSS285','p27'),('WSS286','p27'),('WSS287','p27'),('WSS290','p27'),('WSS291','p27'),('WSS297','p27'),('WSS299','p27'),('WSS300','p27'),('WSS302','p27'),('WSS311','p27'),('WSS348','p27'),('WSS357','p27'),('WSS36','p27'),('WSS363','p27'),('WSS370','p27'),('WSS383','p27'),('WSS4','p27'),('WSS407','p27'),('WSS413','p27'),('WSS417','p27'),('WSS420','p27'),('WSS423','p27'),('WSS43','p27'),('WSS433','p27'),('WSS436','p27'),('WSS448','p27'),('WSS458','p27'),('WSS471','p27'),('WSS491','p27'),('WSS493','p27'),('WSS496','p27'),('WSS511','p27'),('WSS514','p27'),('WSS516','p27'),('WSS524','p27'),('WSS530','p27'),('WSS553','p27'),('WSS555','p27'),('WSS56','p27'),('WSS563','p27'),('WSS575','p27'),('WSS586','p27'),('WSS598','p27'),('WSS603','p27'),('WSS61','p27'),('WSS610','p27'),('WSS612','p27'),('WSS614','p27'),('WSS616','p27'),('WSS619','p27'),('WSS62','p27'),('WSS621','p27'),('WSS647','p27'),('WSS648','p27'),('WSS65','p27'),('WSS654','p27'),('WSS670','p27'),('WSS706','p27'),('WSS711','p27'),('WSS727','p27'),('WSS731','p27'),('WSS737','p27'),('WSS74','p27'),('WSS740','p27'),('WSS741','p27'),('WSS745','p27'),('WSS766','p27'),('WSS771','p27'),('WSS776','p27'),('WSS8','p27'),('WSS810','p27'),('WSS816','p27'),('WSS827','p27'),('WSS832','p27'),('WSS833','p27'),('WSS839','p27'),('WSS840','p27'),('WSS852','p27'),('WSS861','p27'),('WSS866','p27'),('WSS868','p27'),('WSS900','p27'),('WSS92','p27'),('WSS93','p27'),('WSS100','p28'),('WSS121','p28'),('WSS14','p28'),('WSS142','p28'),('WSS149','p28'),('WSS152','p28'),('WSS162','p28'),('WSS170','p28'),('WSS174','p28'),('WSS189','p28'),('WSS196','p28'),('WSS2','p28'),('WSS206','p28'),('WSS211','p28'),('WSS216','p28'),('WSS232','p28'),('WSS25','p28'),('WSS268','p28'),('WSS269','p28'),('WSS278','p28'),('WSS289','p28'),('WSS299','p28'),('WSS307','p28'),('WSS312','p28'),('WSS316','p28'),('WSS327','p28'),('WSS358','p28'),('WSS37','p28'),('WSS379','p28'),('WSS386','p28'),('WSS387','p28'),('WSS394','p28'),('WSS404','p28'),('WSS405','p28'),('WSS41','p28'),('WSS424','p28'),('WSS430','p28'),('WSS435','p28'),('WSS438','p28'),('WSS441','p28'),('WSS444','p28'),('WSS447','p28'),('WSS449','p28'),('WSS469','p28'),('WSS474','p28'),('WSS50','p28'),('WSS527','p28'),('WSS552','p28'),('WSS581','p28'),('WSS601','p28'),('WSS605','p28'),('WSS62','p28'),('WSS630','p28'),('WSS65','p28'),('WSS665','p28'),('WSS67','p28'),('WSS673','p28'),('WSS677','p28'),('WSS682','p28'),('WSS684','p28'),('WSS687','p28'),('WSS69','p28'),('WSS690','p28'),('WSS691','p28'),('WSS692','p28'),('WSS702','p28'),('WSS706','p28'),('WSS71','p28'),('WSS717','p28'),('WSS725','p28'),('WSS749','p28'),('WSS752','p28'),('WSS764','p28'),('WSS777','p28'),('WSS778','p28'),('WSS794','p28'),('WSS80','p28'),('WSS846','p28'),('WSS850','p28'),('WSS86','p28'),('WSS863','p28'),('WSS870','p28'),('WSS880','p28'),('WSS886','p28'),('WSS899','p28'),('WSS99','p28'),('WSS105','p29'),('WSS108','p29'),('WSS109','p29'),('WSS119','p29'),('WSS123','p29'),('WSS126','p29'),('WSS129','p29'),('WSS13','p29'),('WSS15','p29'),('WSS212','p29'),('WSS222','p29'),('WSS228','p29'),('WSS258','p29'),('WSS264','p29'),('WSS276','p29'),('WSS279','p29'),('WSS292','p29'),('WSS316','p29'),('WSS320','p29'),('WSS341','p29'),('WSS365','p29'),('WSS371','p29'),('WSS374','p29'),('WSS375','p29'),('WSS378','p29'),('WSS388','p29'),('WSS418','p29'),('WSS43','p29'),('WSS44','p29'),('WSS46','p29'),('WSS474','p29'),('WSS478','p29'),('WSS479','p29'),('WSS482','p29'),('WSS50','p29'),('WSS51','p29'),('WSS517','p29'),('WSS518','p29'),('WSS520','p29'),('WSS531','p29'),('WSS538','p29'),('WSS541','p29'),('WSS562','p29'),('WSS566','p29'),('WSS571','p29'),('WSS575','p29'),('WSS586','p29'),('WSS588','p29'),('WSS603','p29'),('WSS604','p29'),('WSS605','p29'),('WSS606','p29'),('WSS633','p29'),('WSS638','p29'),('WSS642','p29'),('WSS656','p29'),('WSS662','p29'),('WSS68','p29'),('WSS694','p29'),('WSS715','p29'),('WSS730','p29'),('WSS731','p29'),('WSS734','p29'),('WSS735','p29'),('WSS737','p29'),('WSS743','p29'),('WSS747','p29'),('WSS750','p29'),('WSS758','p29'),('WSS759','p29'),('WSS76','p29'),('WSS761','p29'),('WSS769','p29'),('WSS78','p29'),('WSS781','p29'),('WSS787','p29'),('WSS792','p29'),('WSS804','p29'),('WSS830','p29'),('WSS838','p29'),('WSS854','p29'),('WSS869','p29'),('WSS875','p29'),('WSS88','p29'),('WSS884','p29'),('WSS899','p29'),('WSS90','p29'),('WSS93','p29'),('WSS96','p29'),('WSS113','p3'),('WSS122','p3'),('WSS128','p3'),('WSS135','p3'),('WSS136','p3'),('WSS138','p3'),('WSS139','p3'),('WSS146','p3'),('WSS157','p3'),('WSS160','p3'),('WSS161','p3'),('WSS163','p3'),('WSS168','p3'),('WSS184','p3'),('WSS193','p3'),('WSS221','p3'),('WSS238','p3'),('WSS253','p3'),('WSS26','p3'),('WSS285','p3'),('WSS288','p3'),('WSS294','p3'),('WSS30','p3'),('WSS312','p3'),('WSS315','p3'),('WSS318','p3'),('WSS336','p3'),('WSS350','p3'),('WSS364','p3'),('WSS386','p3'),('WSS399','p3'),('WSS407','p3'),('WSS408','p3'),('WSS410','p3'),('WSS413','p3'),('WSS44','p3'),('WSS443','p3'),('WSS449','p3'),('WSS454','p3'),('WSS456','p3'),('WSS46','p3'),('WSS468','p3'),('WSS476','p3'),('WSS495','p3'),('WSS519','p3'),('WSS558','p3'),('WSS575','p3'),('WSS602','p3'),('WSS607','p3'),('WSS619','p3'),('WSS629','p3'),('WSS635','p3'),('WSS639','p3'),('WSS645','p3'),('WSS651','p3'),('WSS677','p3'),('WSS680','p3'),('WSS693','p3'),('WSS694','p3'),('WSS698','p3'),('WSS699','p3'),('WSS700','p3'),('WSS708','p3'),('WSS722','p3'),('WSS728','p3'),('WSS732','p3'),('WSS745','p3'),('WSS773','p3'),('WSS776','p3'),('WSS792','p3'),('WSS805','p3'),('WSS824','p3'),('WSS846','p3'),('WSS850','p3'),('WSS860','p3'),('WSS865','p3'),('WSS87','p3'),('WSS874','p3'),('WSS894','p3'),('WSS900','p3'),('WSS97','p3'),('WSS1','p30'),('WSS107','p30'),('WSS11','p30'),('WSS111','p30'),('WSS138','p30'),('WSS139','p30'),('WSS15','p30'),('WSS164','p30'),('WSS176','p30'),('WSS183','p30'),('WSS2','p30'),('WSS231','p30'),('WSS235','p30'),('WSS246','p30'),('WSS256','p30'),('WSS262','p30'),('WSS264','p30'),('WSS267','p30'),('WSS273','p30'),('WSS301','p30'),('WSS305','p30'),('WSS308','p30'),('WSS315','p30'),('WSS316','p30'),('WSS329','p30'),('WSS333','p30'),('WSS341','p30'),('WSS345','p30'),('WSS349','p30'),('WSS35','p30'),('WSS352','p30'),('WSS366','p30'),('WSS374','p30'),('WSS38','p30'),('WSS385','p30'),('WSS390','p30'),('WSS419','p30'),('WSS421','p30'),('WSS446','p30'),('WSS449','p30'),('WSS455','p30'),('WSS459','p30'),('WSS460','p30'),('WSS461','p30'),('WSS466','p30'),('WSS468','p30'),('WSS477','p30'),('WSS504','p30'),('WSS512','p30'),('WSS522','p30'),('WSS56','p30'),('WSS560','p30'),('WSS577','p30'),('WSS591','p30'),('WSS62','p30'),('WSS631','p30'),('WSS643','p30'),('WSS648','p30'),('WSS656','p30'),('WSS661','p30'),('WSS664','p30'),('WSS670','p30'),('WSS679','p30'),('WSS691','p30'),('WSS705','p30'),('WSS717','p30'),('WSS721','p30'),('WSS725','p30'),('WSS730','p30'),('WSS74','p30'),('WSS753','p30'),('WSS758','p30'),('WSS774','p30'),('WSS778','p30'),('WSS789','p30'),('WSS796','p30'),('WSS798','p30'),('WSS803','p30'),('WSS806','p30'),('WSS820','p30'),('WSS823','p30'),('WSS83','p30'),('WSS835','p30'),('WSS848','p30'),('WSS85','p30'),('WSS853','p30'),('WSS861','p30'),('WSS878','p30'),('WSS880','p30'),('WSS881','p30'),('WSS890','p30'),('WSS98','p30'),('WSS99','p30'),('WSS103','p4'),('WSS104','p4'),('WSS105','p4'),('WSS115','p4'),('WSS126','p4'),('WSS13','p4'),('WSS16','p4'),('WSS166','p4'),('WSS171','p4'),('WSS178','p4'),('WSS183','p4'),('WSS227','p4'),('WSS236','p4'),('WSS24','p4'),('WSS240','p4'),('WSS249','p4'),('WSS253','p4'),('WSS279','p4'),('WSS283','p4'),('WSS296','p4'),('WSS297','p4'),('WSS299','p4'),('WSS300','p4'),('WSS317','p4'),('WSS342','p4'),('WSS353','p4'),('WSS365','p4'),('WSS413','p4'),('WSS426','p4'),('WSS462','p4'),('WSS477','p4'),('WSS479','p4'),('WSS505','p4'),('WSS508','p4'),('WSS509','p4'),('WSS513','p4'),('WSS52','p4'),('WSS521','p4'),('WSS522','p4'),('WSS523','p4'),('WSS53','p4'),('WSS532','p4'),('WSS538','p4'),('WSS540','p4'),('WSS541','p4'),('WSS559','p4'),('WSS562','p4'),('WSS577','p4'),('WSS582','p4'),('WSS585','p4'),('WSS599','p4'),('WSS602','p4'),('WSS603','p4'),('WSS612','p4'),('WSS625','p4'),('WSS640','p4'),('WSS643','p4'),('WSS652','p4'),('WSS657','p4'),('WSS66','p4'),('WSS667','p4'),('WSS676','p4'),('WSS678','p4'),('WSS692','p4'),('WSS696','p4'),('WSS701','p4'),('WSS707','p4'),('WSS720','p4'),('WSS723','p4'),('WSS729','p4'),('WSS739','p4'),('WSS742','p4'),('WSS761','p4'),('WSS762','p4'),('WSS779','p4'),('WSS807','p4'),('WSS808','p4'),('WSS809','p4'),('WSS816','p4'),('WSS825','p4'),('WSS828','p4'),('WSS829','p4'),('WSS84','p4'),('WSS85','p4'),('WSS851','p4'),('WSS859','p4'),('WSS872','p4'),('WSS873','p4'),('WSS88','p4'),('WSS884','p4'),('WSS886','p4'),('WSS898','p4'),('WSS94','p4'),('WSS1','p5'),('WSS120','p5'),('WSS123','p5'),('WSS143','p5'),('WSS152','p5'),('WSS153','p5'),('WSS179','p5'),('WSS181','p5'),('WSS188','p5'),('WSS195','p5'),('WSS22','p5'),('WSS226','p5'),('WSS230','p5'),('WSS235','p5'),('WSS239','p5'),('WSS243','p5'),('WSS248','p5'),('WSS25','p5'),('WSS251','p5'),('WSS260','p5'),('WSS272','p5'),('WSS283','p5'),('WSS286','p5'),('WSS3','p5'),('WSS335','p5'),('WSS350','p5'),('WSS362','p5'),('WSS370','p5'),('WSS376','p5'),('WSS380','p5'),('WSS39','p5'),('WSS394','p5'),('WSS395','p5'),('WSS397','p5'),('WSS398','p5'),('WSS411','p5'),('WSS417','p5'),('WSS418','p5'),('WSS42','p5'),('WSS421','p5'),('WSS429','p5'),('WSS430','p5'),('WSS434','p5'),('WSS437','p5'),('WSS456','p5'),('WSS457','p5'),('WSS490','p5'),('WSS499','p5'),('WSS536','p5'),('WSS537','p5'),('WSS539','p5'),('WSS541','p5'),('WSS557','p5'),('WSS56','p5'),('WSS564','p5'),('WSS594','p5'),('WSS596','p5'),('WSS609','p5'),('WSS621','p5'),('WSS623','p5'),('WSS653','p5'),('WSS660','p5'),('WSS669','p5'),('WSS672','p5'),('WSS690','p5'),('WSS696','p5'),('WSS703','p5'),('WSS706','p5'),('WSS712','p5'),('WSS736','p5'),('WSS748','p5'),('WSS762','p5'),('WSS764','p5'),('WSS767','p5'),('WSS785','p5'),('WSS8','p5'),('WSS803','p5'),('WSS822','p5'),('WSS823','p5'),('WSS856','p5'),('WSS86','p5'),('WSS877','p5'),('WSS881','p5'),('WSS892','p5'),('WSS1','p6'),('WSS107','p6'),('WSS117','p6'),('WSS128','p6'),('WSS130','p6'),('WSS134','p6'),('WSS152','p6'),('WSS168','p6'),('WSS186','p6'),('WSS202','p6'),('WSS211','p6'),('WSS212','p6'),('WSS272','p6'),('WSS281','p6'),('WSS282','p6'),('WSS293','p6'),('WSS294','p6'),('WSS3','p6'),('WSS315','p6'),('WSS326','p6'),('WSS327','p6'),('WSS329','p6'),('WSS334','p6'),('WSS346','p6'),('WSS363','p6'),('WSS368','p6'),('WSS369','p6'),('WSS38','p6'),('WSS39','p6'),('WSS430','p6'),('WSS431','p6'),('WSS438','p6'),('WSS446','p6'),('WSS452','p6'),('WSS468','p6'),('WSS475','p6'),('WSS489','p6'),('WSS496','p6'),('WSS517','p6'),('WSS543','p6'),('WSS553','p6'),('WSS563','p6'),('WSS583','p6'),('WSS591','p6'),('WSS60','p6'),('WSS602','p6'),('WSS610','p6'),('WSS618','p6'),('WSS622','p6'),('WSS623','p6'),('WSS624','p6'),('WSS625','p6'),('WSS640','p6'),('WSS663','p6'),('WSS685','p6'),('WSS688','p6'),('WSS695','p6'),('WSS698','p6'),('WSS713','p6'),('WSS714','p6'),('WSS741','p6'),('WSS750','p6'),('WSS763','p6'),('WSS775','p6'),('WSS807','p6'),('WSS818','p6'),('WSS825','p6'),('WSS826','p6'),('WSS832','p6'),('WSS833','p6'),('WSS845','p6'),('WSS851','p6'),('WSS854','p6'),('WSS875','p6'),('WSS894','p6'),('WSS91','p6'),('WSS92','p6'),('WSS99','p6'),('WSS125','p7'),('WSS136','p7'),('WSS143','p7'),('WSS144','p7'),('WSS145','p7'),('WSS156','p7'),('WSS157','p7'),('WSS168','p7'),('WSS181','p7'),('WSS194','p7'),('WSS199','p7'),('WSS201','p7'),('WSS204','p7'),('WSS207','p7'),('WSS221','p7'),('WSS230','p7'),('WSS233','p7'),('WSS240','p7'),('WSS242','p7'),('WSS243','p7'),('WSS247','p7'),('WSS251','p7'),('WSS276','p7'),('WSS280','p7'),('WSS287','p7'),('WSS302','p7'),('WSS304','p7'),('WSS324','p7'),('WSS336','p7'),('WSS343','p7'),('WSS372','p7'),('WSS375','p7'),('WSS384','p7'),('WSS412','p7'),('WSS428','p7'),('WSS434','p7'),('WSS437','p7'),('WSS441','p7'),('WSS458','p7'),('WSS465','p7'),('WSS486','p7'),('WSS513','p7'),('WSS526','p7'),('WSS532','p7'),('WSS537','p7'),('WSS542','p7'),('WSS55','p7'),('WSS552','p7'),('WSS563','p7'),('WSS571','p7'),('WSS573','p7'),('WSS595','p7'),('WSS60','p7'),('WSS601','p7'),('WSS614','p7'),('WSS616','p7'),('WSS619','p7'),('WSS632','p7'),('WSS641','p7'),('WSS645','p7'),('WSS650','p7'),('WSS658','p7'),('WSS666','p7'),('WSS67','p7'),('WSS678','p7'),('WSS680','p7'),('WSS693','p7'),('WSS74','p7'),('WSS750','p7'),('WSS773','p7'),('WSS780','p7'),('WSS789','p7'),('WSS80','p7'),('WSS807','p7'),('WSS811','p7'),('WSS819','p7'),('WSS830','p7'),('WSS832','p7'),('WSS844','p7'),('WSS847','p7'),('WSS877','p7'),('WSS881','p7'),('WSS89','p7'),('WSS91','p7'),('WSS93','p7'),('WSS118','p8'),('WSS128','p8'),('WSS135','p8'),('WSS140','p8'),('WSS15','p8'),('WSS16','p8'),('WSS161','p8'),('WSS167','p8'),('WSS186','p8'),('WSS19','p8'),('WSS192','p8'),('WSS202','p8'),('WSS223','p8'),('WSS225','p8'),('WSS226','p8'),('WSS23','p8'),('WSS260','p8'),('WSS271','p8'),('WSS295','p8'),('WSS298','p8'),('WSS306','p8'),('WSS314','p8'),('WSS338','p8'),('WSS339','p8'),('WSS355','p8'),('WSS358','p8'),('WSS382','p8'),('WSS408','p8'),('WSS416','p8'),('WSS418','p8'),('WSS419','p8'),('WSS429','p8'),('WSS443','p8'),('WSS45','p8'),('WSS467','p8'),('WSS469','p8'),('WSS485','p8'),('WSS488','p8'),('WSS49','p8'),('WSS498','p8'),('WSS525','p8'),('WSS53','p8'),('WSS531','p8'),('WSS533','p8'),('WSS562','p8'),('WSS567','p8'),('WSS568','p8'),('WSS571','p8'),('WSS584','p8'),('WSS587','p8'),('WSS608','p8'),('WSS611','p8'),('WSS617','p8'),('WSS628','p8'),('WSS634','p8'),('WSS636','p8'),('WSS637','p8'),('WSS642','p8'),('WSS644','p8'),('WSS660','p8'),('WSS663','p8'),('WSS677','p8'),('WSS721','p8'),('WSS722','p8'),('WSS733','p8'),('WSS734','p8'),('WSS746','p8'),('WSS772','p8'),('WSS777','p8'),('WSS790','p8'),('WSS801','p8'),('WSS842','p8'),('WSS867','p8'),('WSS883','p8'),('WSS888','p8'),('WSS898','p8'),('WSS10','p9'),('WSS104','p9'),('WSS11','p9'),('WSS110','p9'),('WSS112','p9'),('WSS115','p9'),('WSS117','p9'),('WSS130','p9'),('WSS131','p9'),('WSS151','p9'),('WSS155','p9'),('WSS156','p9'),('WSS165','p9'),('WSS167','p9'),('WSS172','p9'),('WSS187','p9'),('WSS20','p9'),('WSS200','p9'),('WSS21','p9'),('WSS219','p9'),('WSS224','p9'),('WSS227','p9'),('WSS246','p9'),('WSS254','p9'),('WSS278','p9'),('WSS280','p9'),('WSS29','p9'),('WSS301','p9'),('WSS31','p9'),('WSS319','p9'),('WSS337','p9'),('WSS34','p9'),('WSS342','p9'),('WSS344','p9'),('WSS369','p9'),('WSS371','p9'),('WSS375','p9'),('WSS381','p9'),('WSS390','p9'),('WSS391','p9'),('WSS399','p9'),('WSS411','p9'),('WSS412','p9'),('WSS423','p9'),('WSS433','p9'),('WSS439','p9'),('WSS440','p9'),('WSS475','p9'),('WSS484','p9'),('WSS501','p9'),('WSS515','p9'),('WSS52','p9'),('WSS529','p9'),('WSS543','p9'),('WSS556','p9'),('WSS560','p9'),('WSS565','p9'),('WSS573','p9'),('WSS576','p9'),('WSS593','p9'),('WSS632','p9'),('WSS661','p9'),('WSS681','p9'),('WSS703','p9'),('WSS709','p9'),('WSS718','p9'),('WSS724','p9'),('WSS73','p9'),('WSS744','p9'),('WSS748','p9'),('WSS75','p9'),('WSS754','p9'),('WSS772','p9'),('WSS793','p9'),('WSS815','p9'),('WSS817','p9'),('WSS820','p9'),('WSS822','p9'),('WSS836','p9'),('WSS851','p9'),('WSS853','p9'),('WSS866','p9'),('WSS869','p9'),('WSS873','p9'),('WSS879','p9'),('WSS88','p9'),('WSS886','p9'),('WSS887','p9'),('WSS897','p9'),('WSS94','p9');
/*!40000 ALTER TABLE `inputparameter` ENABLE KEYS */;
UNLOCK TABLES;

--
-- Table structure for table `knowledgeforcareerpath`
--

DROP TABLE IF EXISTS `knowledgeforcareerpath`;
/*!40101 SET @saved_cs_client     = @@character_set_client */;
/*!50503 SET character_set_client = utf8mb4 */;
CREATE TABLE `knowledgeforcareerpath` (
  `careerPathID` char(4) NOT NULL,
  `knowledgeID` char(6) NOT NULL,
  PRIMARY KEY (`careerPathID`,`knowledgeID`)
) ENGINE=InnoDB DEFAULT CHARSET=latin1;
/*!40101 SET character_set_client = @saved_cs_client */;

--
-- Dumping data for table `knowledgeforcareerpath`
--

LOCK TABLES `knowledgeforcareerpath` WRITE;
/*!40000 ALTER TABLE `knowledgeforcareerpath` DISABLE KEYS */;
INSERT INTO `knowledgeforcareerpath` VALUES ('C100','k1C311'),('C100','k1C412'),('C100','k1C469'),('C100','k1C500');
/*!40000 ALTER TABLE `knowledgeforcareerpath` ENABLE KEYS */;
UNLOCK TABLES;

--
-- Table structure for table `lhs`
--

DROP TABLE IF EXISTS `lhs`;
/*!40101 SET @saved_cs_client     = @@character_set_client */;
/*!50503 SET character_set_client = utf8mb4 */;
CREATE TABLE `lhs` (
  `ruleid` int NOT NULL,
  `courseid` varchar(10) NOT NULL,
  PRIMARY KEY (`ruleid`,`courseid`)
) ENGINE=InnoDB DEFAULT CHARSET=latin1;
/*!40101 SET character_set_client = @saved_cs_client */;

--
-- Dumping data for table `lhs`
--

LOCK TABLES `lhs` WRITE;
/*!40000 ALTER TABLE `lhs` DISABLE KEYS */;
INSERT INTO `lhs` VALUES (1,'ICP006'),(2,'ICP006'),(3,'ICP006'),(4,'ICP110'),(5,'ICP110'),(6,'ICP311'),(7,'ICP006'),(7,'ICP110'),(8,'ICP006'),(8,'ICP110'),(9,'ICP006'),(9,'ICP311'),(10,'ICP110'),(10,'ICP311'),(11,'ICP006'),(11,'ICP110'),(11,'ICP311');
/*!40000 ALTER TABLE `lhs` ENABLE KEYS */;
UNLOCK TABLES;

--
-- Table structure for table `outputparameter`
--

DROP TABLE IF EXISTS `outputparameter`;
/*!40101 SET @saved_cs_client     = @@character_set_client */;
/*!50503 SET character_set_client = utf8mb4 */;
CREATE TABLE `outputparameter` (
  `webServiceID` varchar(10) NOT NULL,
  `parameterID` varchar(10) NOT NULL,
  PRIMARY KEY (`webServiceID`,`parameterID`),
  KEY `knowledgeID` (`parameterID`)
) ENGINE=InnoDB DEFAULT CHARSET=latin1;
/*!40101 SET character_set_client = @saved_cs_client */;

--
-- Dumping data for table `outputparameter`
--

LOCK TABLES `outputparameter` WRITE;
/*!40000 ALTER TABLE `outputparameter` DISABLE KEYS */;
INSERT INTO `outputparameter` VALUES ('WSS102','p1'),('WSS11','p1'),('WSS13','p1'),('WSS131','p1'),('WSS132','p1'),('WSS135','p1'),('WSS138','p1'),('WSS142','p1'),('WSS149','p1'),('WSS15','p1'),('WSS152','p1'),('WSS166','p1'),('WSS169','p1'),('WSS175','p1'),('WSS181','p1'),('WSS187','p1'),('WSS190','p1'),('WSS196','p1'),('WSS223','p1'),('WSS225','p1'),('WSS230','p1'),('WSS242','p1'),('WSS244','p1'),('WSS246','p1'),('WSS25','p1'),('WSS256','p1'),('WSS259','p1'),('WSS260','p1'),('WSS269','p1'),('WSS271','p1'),('WSS282','p1'),('WSS286','p1'),('WSS292','p1'),('WSS294','p1'),('WSS296','p1'),('WSS298','p1'),('WSS301','p1'),('WSS304','p1'),('WSS31','p1'),('WSS311','p1'),('WSS312','p1'),('WSS313','p1'),('WSS317','p1'),('WSS332','p1'),('WSS34','p1'),('WSS340','p1'),('WSS341','p1'),('WSS342','p1'),('WSS344','p1'),('WSS345','p1'),('WSS349','p1'),('WSS366','p1'),('WSS368','p1'),('WSS372','p1'),('WSS376','p1'),('WSS378','p1'),('WSS379','p1'),('WSS38','p1'),('WSS381','p1'),('WSS385','p1'),('WSS434','p1'),('WSS438','p1'),('WSS441','p1'),('WSS443','p1'),('WSS466','p1'),('WSS471','p1'),('WSS477','p1'),('WSS484','p1'),('WSS501','p1'),('WSS504','p1'),('WSS508','p1'),('WSS511','p1'),('WSS517','p1'),('WSS528','p1'),('WSS53','p1'),('WSS531','p1'),('WSS535','p1'),('WSS555','p1'),('WSS556','p1'),('WSS559','p1'),('WSS561','p1'),('WSS563','p1'),('WSS572','p1'),('WSS579','p1'),('WSS58','p1'),('WSS593','p1'),('WSS605','p1'),('WSS609','p1'),('WSS614','p1'),('WSS618','p1'),('WSS619','p1'),('WSS642','p1'),('WSS645','p1'),('WSS646','p1'),('WSS647','p1'),('WSS653','p1'),('WSS661','p1'),('WSS670','p1'),('WSS686','p1'),('WSS689','p1'),('WSS695','p1'),('WSS7','p1'),('WSS703','p1'),('WSS715','p1'),('WSS726','p1'),('WSS730','p1'),('WSS731','p1'),('WSS747','p1'),('WSS754','p1'),('WSS756','p1'),('WSS761','p1'),('WSS766','p1'),('WSS774','p1'),('WSS782','p1'),('WSS785','p1'),('WSS789','p1'),('WSS790','p1'),('WSS80','p1'),('WSS805','p1'),('WSS81','p1'),('WSS817','p1'),('WSS822','p1'),('WSS824','p1'),('WSS825','p1'),('WSS826','p1'),('WSS842','p1'),('WSS843','p1'),('WSS85','p1'),('WSS855','p1'),('WSS864','p1'),('WSS887','p1'),('WSS896','p1'),('WSS117','p10'),('WSS127','p10'),('WSS132','p10'),('WSS133','p10'),('WSS150','p10'),('WSS156','p10'),('WSS162','p10'),('WSS17','p10'),('WSS178','p10'),('WSS189','p10'),('WSS194','p10'),('WSS207','p10'),('WSS210','p10'),('WSS213','p10'),('WSS22','p10'),('WSS224','p10'),('WSS230','p10'),('WSS241','p10'),('WSS265','p10'),('WSS274','p10'),('WSS292','p10'),('WSS296','p10'),('WSS297','p10'),('WSS307','p10'),('WSS322','p10'),('WSS324','p10'),('WSS326','p10'),('WSS333','p10'),('WSS339','p10'),('WSS342','p10'),('WSS35','p10'),('WSS355','p10'),('WSS36','p10'),('WSS364','p10'),('WSS368','p10'),('WSS370','p10'),('WSS375','p10'),('WSS38','p10'),('WSS392','p10'),('WSS394','p10'),('WSS397','p10'),('WSS408','p10'),('WSS409','p10'),('WSS423','p10'),('WSS428','p10'),('WSS43','p10'),('WSS443','p10'),('WSS454','p10'),('WSS455','p10'),('WSS458','p10'),('WSS459','p10'),('WSS463','p10'),('WSS473','p10'),('WSS474','p10'),('WSS480','p10'),('WSS487','p10'),('WSS490','p10'),('WSS503','p10'),('WSS504','p10'),('WSS52','p10'),('WSS520','p10'),('WSS527','p10'),('WSS543','p10'),('WSS552','p10'),('WSS571','p10'),('WSS573','p10'),('WSS579','p10'),('WSS580','p10'),('WSS584','p10'),('WSS587','p10'),('WSS608','p10'),('WSS614','p10'),('WSS615','p10'),('WSS616','p10'),('WSS62','p10'),('WSS622','p10'),('WSS626','p10'),('WSS627','p10'),('WSS641','p10'),('WSS650','p10'),('WSS657','p10'),('WSS663','p10'),('WSS666','p10'),('WSS677','p10'),('WSS688','p10'),('WSS689','p10'),('WSS69','p10'),('WSS692','p10'),('WSS696','p10'),('WSS699','p10'),('WSS70','p10'),('WSS71','p10'),('WSS728','p10'),('WSS732','p10'),('WSS741','p10'),('WSS745','p10'),('WSS758','p10'),('WSS763','p10'),('WSS776','p10'),('WSS781','p10'),('WSS783','p10'),('WSS784','p10'),('WSS788','p10'),('WSS792','p10'),('WSS813','p10'),('WSS817','p10'),('WSS82','p10'),('WSS822','p10'),('WSS826','p10'),('WSS827','p10'),('WSS83','p10'),('WSS832','p10'),('WSS848','p10'),('WSS849','p10'),('WSS851','p10'),('WSS859','p10'),('WSS860','p10'),('WSS862','p10'),('WSS876','p10'),('WSS879','p10'),('WSS897','p10'),('WSS898','p10'),('WSS99','p10'),('WSS100','p11'),('WSS109','p11'),('WSS123','p11'),('WSS126','p11'),('WSS130','p11'),('WSS139','p11'),('WSS144','p11'),('WSS150','p11'),('WSS153','p11'),('WSS157','p11'),('WSS158','p11'),('WSS161','p11'),('WSS186','p11'),('WSS201','p11'),('WSS221','p11'),('WSS227','p11'),('WSS238','p11'),('WSS247','p11'),('WSS251','p11'),('WSS262','p11'),('WSS269','p11'),('WSS272','p11'),('WSS281','p11'),('WSS284','p11'),('WSS299','p11'),('WSS306','p11'),('WSS309','p11'),('WSS32','p11'),('WSS320','p11'),('WSS35','p11'),('WSS359','p11'),('WSS362','p11'),('WSS364','p11'),('WSS366','p11'),('WSS380','p11'),('WSS382','p11'),('WSS383','p11'),('WSS384','p11'),('WSS393','p11'),('WSS395','p11'),('WSS410','p11'),('WSS414','p11'),('WSS432','p11'),('WSS44','p11'),('WSS445','p11'),('WSS447','p11'),('WSS450','p11'),('WSS455','p11'),('WSS46','p11'),('WSS498','p11'),('WSS506','p11'),('WSS509','p11'),('WSS515','p11'),('WSS517','p11'),('WSS521','p11'),('WSS526','p11'),('WSS53','p11'),('WSS548','p11'),('WSS549','p11'),('WSS558','p11'),('WSS560','p11'),('WSS564','p11'),('WSS590','p11'),('WSS614','p11'),('WSS615','p11'),('WSS619','p11'),('WSS627','p11'),('WSS630','p11'),('WSS637','p11'),('WSS646','p11'),('WSS657','p11'),('WSS663','p11'),('WSS670','p11'),('WSS671','p11'),('WSS674','p11'),('WSS676','p11'),('WSS71','p11'),('WSS711','p11'),('WSS713','p11'),('WSS714','p11'),('WSS716','p11'),('WSS727','p11'),('WSS731','p11'),('WSS737','p11'),('WSS74','p11'),('WSS747','p11'),('WSS758','p11'),('WSS766','p11'),('WSS768','p11'),('WSS782','p11'),('WSS786','p11'),('WSS791','p11'),('WSS795','p11'),('WSS814','p11'),('WSS818','p11'),('WSS820','p11'),('WSS846','p11'),('WSS847','p11'),('WSS848','p11'),('WSS852','p11'),('WSS861','p11'),('WSS865','p11'),('WSS870','p11'),('WSS872','p11'),('WSS876','p11'),('WSS899','p11'),('WSS9','p11'),('WSS90','p11'),('WSS100','p12'),('WSS109','p12'),('WSS125','p12'),('WSS136','p12'),('WSS14','p12'),('WSS145','p12'),('WSS15','p12'),('WSS156','p12'),('WSS161','p12'),('WSS171','p12'),('WSS173','p12'),('WSS188','p12'),('WSS189','p12'),('WSS211','p12'),('WSS214','p12'),('WSS229','p12'),('WSS234','p12'),('WSS236','p12'),('WSS240','p12'),('WSS243','p12'),('WSS246','p12'),('WSS247','p12'),('WSS266','p12'),('WSS267','p12'),('WSS269','p12'),('WSS281','p12'),('WSS290','p12'),('WSS291','p12'),('WSS293','p12'),('WSS294','p12'),('WSS297','p12'),('WSS299','p12'),('WSS314','p12'),('WSS316','p12'),('WSS325','p12'),('WSS327','p12'),('WSS332','p12'),('WSS333','p12'),('WSS343','p12'),('WSS344','p12'),('WSS346','p12'),('WSS356','p12'),('WSS385','p12'),('WSS391','p12'),('WSS395','p12'),('WSS396','p12'),('WSS4','p12'),('WSS418','p12'),('WSS421','p12'),('WSS440','p12'),('WSS451','p12'),('WSS459','p12'),('WSS460','p12'),('WSS466','p12'),('WSS470','p12'),('WSS479','p12'),('WSS495','p12'),('WSS514','p12'),('WSS53','p12'),('WSS553','p12'),('WSS579','p12'),('WSS582','p12'),('WSS587','p12'),('WSS59','p12'),('WSS599','p12'),('WSS608','p12'),('WSS610','p12'),('WSS613','p12'),('WSS626','p12'),('WSS627','p12'),('WSS652','p12'),('WSS661','p12'),('WSS666','p12'),('WSS69','p12'),('WSS704','p12'),('WSS725','p12'),('WSS730','p12'),('WSS743','p12'),('WSS766','p12'),('WSS767','p12'),('WSS770','p12'),('WSS771','p12'),('WSS775','p12'),('WSS779','p12'),('WSS783','p12'),('WSS785','p12'),('WSS800','p12'),('WSS810','p12'),('WSS817','p12'),('WSS82','p12'),('WSS820','p12'),('WSS83','p12'),('WSS831','p12'),('WSS835','p12'),('WSS838','p12'),('WSS840','p12'),('WSS846','p12'),('WSS849','p12'),('WSS867','p12'),('WSS868','p12'),('WSS884','p12'),('WSS93','p12'),('WSS96','p12'),('WSS98','p12'),('WSS107','p13'),('WSS124','p13'),('WSS127','p13'),('WSS13','p13'),('WSS133','p13'),('WSS138','p13'),('WSS147','p13'),('WSS150','p13'),('WSS153','p13'),('WSS175','p13'),('WSS180','p13'),('WSS182','p13'),('WSS190','p13'),('WSS197','p13'),('WSS203','p13'),('WSS217','p13'),('WSS224','p13'),('WSS225','p13'),('WSS229','p13'),('WSS255','p13'),('WSS261','p13'),('WSS278','p13'),('WSS284','p13'),('WSS285','p13'),('WSS292','p13'),('WSS293','p13'),('WSS295','p13'),('WSS303','p13'),('WSS308','p13'),('WSS311','p13'),('WSS321','p13'),('WSS327','p13'),('WSS33','p13'),('WSS330','p13'),('WSS331','p13'),('WSS336','p13'),('WSS373','p13'),('WSS382','p13'),('WSS389','p13'),('WSS39','p13'),('WSS396','p13'),('WSS43','p13'),('WSS44','p13'),('WSS442','p13'),('WSS470','p13'),('WSS475','p13'),('WSS479','p13'),('WSS489','p13'),('WSS496','p13'),('WSS5','p13'),('WSS506','p13'),('WSS509','p13'),('WSS510','p13'),('WSS512','p13'),('WSS514','p13'),('WSS527','p13'),('WSS532','p13'),('WSS539','p13'),('WSS540','p13'),('WSS542','p13'),('WSS546','p13'),('WSS547','p13'),('WSS548','p13'),('WSS549','p13'),('WSS577','p13'),('WSS583','p13'),('WSS589','p13'),('WSS593','p13'),('WSS597','p13'),('WSS612','p13'),('WSS616','p13'),('WSS617','p13'),('WSS631','p13'),('WSS635','p13'),('WSS641','p13'),('WSS648','p13'),('WSS65','p13'),('WSS663','p13'),('WSS665','p13'),('WSS667','p13'),('WSS676','p13'),('WSS678','p13'),('WSS682','p13'),('WSS699','p13'),('WSS703','p13'),('WSS713','p13'),('WSS714','p13'),('WSS718','p13'),('WSS725','p13'),('WSS739','p13'),('WSS762','p13'),('WSS775','p13'),('WSS776','p13'),('WSS780','p13'),('WSS786','p13'),('WSS787','p13'),('WSS802','p13'),('WSS808','p13'),('WSS811','p13'),('WSS82','p13'),('WSS827','p13'),('WSS833','p13'),('WSS855','p13'),('WSS875','p13'),('WSS894','p13'),('WSS898','p13'),('WSS900','p13'),('WSS94','p13'),('WSS1','p14'),('WSS103','p14'),('WSS122','p14'),('WSS152','p14'),('WSS154','p14'),('WSS169','p14'),('WSS171','p14'),('WSS174','p14'),('WSS176','p14'),('WSS177','p14'),('WSS178','p14'),('WSS187','p14'),('WSS198','p14'),('WSS201','p14'),('WSS204','p14'),('WSS212','p14'),('WSS215','p14'),('WSS233','p14'),('WSS234','p14'),('WSS239','p14'),('WSS261','p14'),('WSS271','p14'),('WSS273','p14'),('WSS295','p14'),('WSS301','p14'),('WSS304','p14'),('WSS315','p14'),('WSS319','p14'),('WSS320','p14'),('WSS323','p14'),('WSS327','p14'),('WSS328','p14'),('WSS334','p14'),('WSS340','p14'),('WSS351','p14'),('WSS361','p14'),('WSS366','p14'),('WSS369','p14'),('WSS371','p14'),('WSS373','p14'),('WSS375','p14'),('WSS394','p14'),('WSS402','p14'),('WSS404','p14'),('WSS405','p14'),('WSS408','p14'),('WSS416','p14'),('WSS444','p14'),('WSS447','p14'),('WSS45','p14'),('WSS452','p14'),('WSS458','p14'),('WSS46','p14'),('WSS477','p14'),('WSS48','p14'),('WSS480','p14'),('WSS486','p14'),('WSS489','p14'),('WSS490','p14'),('WSS497','p14'),('WSS502','p14'),('WSS507','p14'),('WSS511','p14'),('WSS513','p14'),('WSS514','p14'),('WSS515','p14'),('WSS523','p14'),('WSS541','p14'),('WSS555','p14'),('WSS556','p14'),('WSS559','p14'),('WSS595','p14'),('WSS596','p14'),('WSS597','p14'),('WSS600','p14'),('WSS614','p14'),('WSS629','p14'),('WSS635','p14'),('WSS643','p14'),('WSS650','p14'),('WSS655','p14'),('WSS657','p14'),('WSS660','p14'),('WSS665','p14'),('WSS68','p14'),('WSS683','p14'),('WSS684','p14'),('WSS690','p14'),('WSS692','p14'),('WSS701','p14'),('WSS705','p14'),('WSS710','p14'),('WSS713','p14'),('WSS716','p14'),('WSS725','p14'),('WSS736','p14'),('WSS739','p14'),('WSS740','p14'),('WSS741','p14'),('WSS744','p14'),('WSS752','p14'),('WSS755','p14'),('WSS781','p14'),('WSS789','p14'),('WSS79','p14'),('WSS792','p14'),('WSS795','p14'),('WSS803','p14'),('WSS804','p14'),('WSS810','p14'),('WSS812','p14'),('WSS828','p14'),('WSS84','p14'),('WSS862','p14'),('WSS885','p14'),('WSS89','p14'),('WSS890','p14'),('WSS898','p14'),('WSS91','p14'),('WSS99','p14'),('WSS116','p15'),('WSS124','p15'),('WSS132','p15'),('WSS136','p15'),('WSS155','p15'),('WSS163','p15'),('WSS168','p15'),('WSS171','p15'),('WSS181','p15'),('WSS183','p15'),('WSS202','p15'),('WSS209','p15'),('WSS210','p15'),('WSS218','p15'),('WSS222','p15'),('WSS232','p15'),('WSS244','p15'),('WSS277','p15'),('WSS278','p15'),('WSS297','p15'),('WSS313','p15'),('WSS316','p15'),('WSS321','p15'),('WSS338','p15'),('WSS348','p15'),('WSS354','p15'),('WSS359','p15'),('WSS364','p15'),('WSS379','p15'),('WSS387','p15'),('WSS388','p15'),('WSS391','p15'),('WSS392','p15'),('WSS40','p15'),('WSS405','p15'),('WSS412','p15'),('WSS419','p15'),('WSS444','p15'),('WSS459','p15'),('WSS477','p15'),('WSS479','p15'),('WSS481','p15'),('WSS493','p15'),('WSS495','p15'),('WSS52','p15'),('WSS521','p15'),('WSS526','p15'),('WSS542','p15'),('WSS545','p15'),('WSS549','p15'),('WSS558','p15'),('WSS56','p15'),('WSS565','p15'),('WSS567','p15'),('WSS573','p15'),('WSS581','p15'),('WSS591','p15'),('WSS603','p15'),('WSS613','p15'),('WSS617','p15'),('WSS620','p15'),('WSS640','p15'),('WSS645','p15'),('WSS65','p15'),('WSS651','p15'),('WSS658','p15'),('WSS662','p15'),('WSS673','p15'),('WSS677','p15'),('WSS679','p15'),('WSS681','p15'),('WSS690','p15'),('WSS695','p15'),('WSS710','p15'),('WSS712','p15'),('WSS72','p15'),('WSS722','p15'),('WSS732','p15'),('WSS735','p15'),('WSS736','p15'),('WSS74','p15'),('WSS752','p15'),('WSS753','p15'),('WSS767','p15'),('WSS772','p15'),('WSS782','p15'),('WSS789','p15'),('WSS792','p15'),('WSS794','p15'),('WSS80','p15'),('WSS808','p15'),('WSS809','p15'),('WSS812','p15'),('WSS823','p15'),('WSS828','p15'),('WSS835','p15'),('WSS85','p15'),('WSS857','p15'),('WSS860','p15'),('WSS87','p15'),('WSS878','p15'),('WSS879','p15'),('WSS88','p15'),('WSS886','p15'),('WSS888','p15'),('WSS89','p15'),('WSS895','p15'),('WSS97','p15'),('WSS116','p16'),('WSS120','p16'),('WSS126','p16'),('WSS129','p16'),('WSS13','p16'),('WSS139','p16'),('WSS14','p16'),('WSS148','p16'),('WSS158','p16'),('WSS165','p16'),('WSS179','p16'),('WSS18','p16'),('WSS197','p16'),('WSS2','p16'),('WSS202','p16'),('WSS212','p16'),('WSS216','p16'),('WSS217','p16'),('WSS237','p16'),('WSS242','p16'),('WSS250','p16'),('WSS254','p16'),('WSS257','p16'),('WSS258','p16'),('WSS266','p16'),('WSS274','p16'),('WSS280','p16'),('WSS281','p16'),('WSS282','p16'),('WSS285','p16'),('WSS287','p16'),('WSS293','p16'),('WSS295','p16'),('WSS298','p16'),('WSS302','p16'),('WSS305','p16'),('WSS321','p16'),('WSS348','p16'),('WSS362','p16'),('WSS369','p16'),('WSS376','p16'),('WSS388','p16'),('WSS402','p16'),('WSS410','p16'),('WSS411','p16'),('WSS412','p16'),('WSS422','p16'),('WSS427','p16'),('WSS436','p16'),('WSS446','p16'),('WSS458','p16'),('WSS461','p16'),('WSS515','p16'),('WSS516','p16'),('WSS52','p16'),('WSS520','p16'),('WSS524','p16'),('WSS53','p16'),('WSS530','p16'),('WSS532','p16'),('WSS538','p16'),('WSS542','p16'),('WSS547','p16'),('WSS550','p16'),('WSS56','p16'),('WSS561','p16'),('WSS567','p16'),('WSS575','p16'),('WSS590','p16'),('WSS6','p16'),('WSS604','p16'),('WSS609','p16'),('WSS647','p16'),('WSS66','p16'),('WSS663','p16'),('WSS667','p16'),('WSS670','p16'),('WSS672','p16'),('WSS68','p16'),('WSS684','p16'),('WSS701','p16'),('WSS702','p16'),('WSS713','p16'),('WSS72','p16'),('WSS724','p16'),('WSS725','p16'),('WSS726','p16'),('WSS737','p16'),('WSS738','p16'),('WSS749','p16'),('WSS779','p16'),('WSS797','p16'),('WSS799','p16'),('WSS800','p16'),('WSS805','p16'),('WSS814','p16'),('WSS825','p16'),('WSS826','p16'),('WSS832','p16'),('WSS839','p16'),('WSS840','p16'),('WSS853','p16'),('WSS862','p16'),('WSS875','p16'),('WSS881','p16'),('WSS94','p16'),('WSS99','p16'),('WSS107','p17'),('WSS128','p17'),('WSS129','p17'),('WSS141','p17'),('WSS152','p17'),('WSS154','p17'),('WSS158','p17'),('WSS16','p17'),('WSS160','p17'),('WSS170','p17'),('WSS177','p17'),('WSS182','p17'),('WSS193','p17'),('WSS2','p17'),('WSS20','p17'),('WSS204','p17'),('WSS206','p17'),('WSS208','p17'),('WSS220','p17'),('WSS23','p17'),('WSS231','p17'),('WSS236','p17'),('WSS25','p17'),('WSS253','p17'),('WSS254','p17'),('WSS268','p17'),('WSS281','p17'),('WSS282','p17'),('WSS287','p17'),('WSS29','p17'),('WSS294','p17'),('WSS30','p17'),('WSS300','p17'),('WSS305','p17'),('WSS318','p17'),('WSS320','p17'),('WSS322','p17'),('WSS328','p17'),('WSS336','p17'),('WSS34','p17'),('WSS344','p17'),('WSS346','p17'),('WSS347','p17'),('WSS352','p17'),('WSS356','p17'),('WSS367','p17'),('WSS37','p17'),('WSS386','p17'),('WSS40','p17'),('WSS413','p17'),('WSS420','p17'),('WSS426','p17'),('WSS429','p17'),('WSS453','p17'),('WSS459','p17'),('WSS460','p17'),('WSS465','p17'),('WSS466','p17'),('WSS467','p17'),('WSS482','p17'),('WSS484','p17'),('WSS486','p17'),('WSS487','p17'),('WSS494','p17'),('WSS496','p17'),('WSS50','p17'),('WSS501','p17'),('WSS505','p17'),('WSS508','p17'),('WSS522','p17'),('WSS534','p17'),('WSS544','p17'),('WSS545','p17'),('WSS559','p17'),('WSS561','p17'),('WSS566','p17'),('WSS569','p17'),('WSS575','p17'),('WSS58','p17'),('WSS581','p17'),('WSS584','p17'),('WSS588','p17'),('WSS606','p17'),('WSS607','p17'),('WSS608','p17'),('WSS628','p17'),('WSS631','p17'),('WSS633','p17'),('WSS637','p17'),('WSS64','p17'),('WSS651','p17'),('WSS652','p17'),('WSS655','p17'),('WSS656','p17'),('WSS686','p17'),('WSS690','p17'),('WSS693','p17'),('WSS700','p17'),('WSS707','p17'),('WSS708','p17'),('WSS711','p17'),('WSS730','p17'),('WSS732','p17'),('WSS734','p17'),('WSS745','p17'),('WSS751','p17'),('WSS758','p17'),('WSS77','p17'),('WSS773','p17'),('WSS779','p17'),('WSS78','p17'),('WSS782','p17'),('WSS788','p17'),('WSS79','p17'),('WSS791','p17'),('WSS798','p17'),('WSS804','p17'),('WSS805','p17'),('WSS813','p17'),('WSS818','p17'),('WSS83','p17'),('WSS833','p17'),('WSS836','p17'),('WSS842','p17'),('WSS847','p17'),('WSS851','p17'),('WSS861','p17'),('WSS867','p17'),('WSS870','p17'),('WSS871','p17'),('WSS882','p17'),('WSS893','p17'),('WSS94','p17'),('WSS95','p17'),('WSS96','p17'),('WSS102','p18'),('WSS114','p18'),('WSS115','p18'),('WSS118','p18'),('WSS135','p18'),('WSS136','p18'),('WSS151','p18'),('WSS168','p18'),('WSS179','p18'),('WSS190','p18'),('WSS199','p18'),('WSS200','p18'),('WSS211','p18'),('WSS23','p18'),('WSS231','p18'),('WSS233','p18'),('WSS236','p18'),('WSS242','p18'),('WSS249','p18'),('WSS25','p18'),('WSS259','p18'),('WSS263','p18'),('WSS273','p18'),('WSS275','p18'),('WSS279','p18'),('WSS280','p18'),('WSS29','p18'),('WSS304','p18'),('WSS310','p18'),('WSS314','p18'),('WSS326','p18'),('WSS333','p18'),('WSS341','p18'),('WSS343','p18'),('WSS349','p18'),('WSS353','p18'),('WSS355','p18'),('WSS372','p18'),('WSS373','p18'),('WSS374','p18'),('WSS375','p18'),('WSS383','p18'),('WSS39','p18'),('WSS398','p18'),('WSS403','p18'),('WSS412','p18'),('WSS430','p18'),('WSS433','p18'),('WSS450','p18'),('WSS457','p18'),('WSS462','p18'),('WSS476','p18'),('WSS483','p18'),('WSS508','p18'),('WSS513','p18'),('WSS522','p18'),('WSS524','p18'),('WSS529','p18'),('WSS534','p18'),('WSS544','p18'),('WSS545','p18'),('WSS565','p18'),('WSS567','p18'),('WSS571','p18'),('WSS583','p18'),('WSS586','p18'),('WSS595','p18'),('WSS601','p18'),('WSS606','p18'),('WSS62','p18'),('WSS625','p18'),('WSS645','p18'),('WSS649','p18'),('WSS668','p18'),('WSS67','p18'),('WSS670','p18'),('WSS674','p18'),('WSS7','p18'),('WSS704','p18'),('WSS710','p18'),('WSS764','p18'),('WSS765','p18'),('WSS776','p18'),('WSS789','p18'),('WSS807','p18'),('WSS81','p18'),('WSS810','p18'),('WSS811','p18'),('WSS815','p18'),('WSS828','p18'),('WSS851','p18'),('WSS866','p18'),('WSS882','p18'),('WSS890','p18'),('WSS893','p18'),('WSS895','p18'),('WSS91','p18'),('WSS10','p19'),('WSS101','p19'),('WSS108','p19'),('WSS114','p19'),('WSS117','p19'),('WSS134','p19'),('WSS143','p19'),('WSS160','p19'),('WSS176','p19'),('WSS187','p19'),('WSS19','p19'),('WSS201','p19'),('WSS208','p19'),('WSS212','p19'),('WSS219','p19'),('WSS221','p19'),('WSS226','p19'),('WSS235','p19'),('WSS24','p19'),('WSS249','p19'),('WSS258','p19'),('WSS261','p19'),('WSS278','p19'),('WSS288','p19'),('WSS3','p19'),('WSS304','p19'),('WSS307','p19'),('WSS318','p19'),('WSS339','p19'),('WSS357','p19'),('WSS36','p19'),('WSS361','p19'),('WSS363','p19'),('WSS37','p19'),('WSS374','p19'),('WSS379','p19'),('WSS38','p19'),('WSS39','p19'),('WSS405','p19'),('WSS414','p19'),('WSS417','p19'),('WSS427','p19'),('WSS452','p19'),('WSS457','p19'),('WSS464','p19'),('WSS469','p19'),('WSS486','p19'),('WSS493','p19'),('WSS498','p19'),('WSS500','p19'),('WSS502','p19'),('WSS517','p19'),('WSS518','p19'),('WSS523','p19'),('WSS527','p19'),('WSS536','p19'),('WSS547','p19'),('WSS550','p19'),('WSS557','p19'),('WSS593','p19'),('WSS606','p19'),('WSS616','p19'),('WSS618','p19'),('WSS619','p19'),('WSS622','p19'),('WSS624','p19'),('WSS64','p19'),('WSS646','p19'),('WSS654','p19'),('WSS658','p19'),('WSS679','p19'),('WSS691','p19'),('WSS696','p19'),('WSS704','p19'),('WSS718','p19'),('WSS721','p19'),('WSS729','p19'),('WSS738','p19'),('WSS740','p19'),('WSS750','p19'),('WSS751','p19'),('WSS757','p19'),('WSS768','p19'),('WSS769','p19'),('WSS77','p19'),('WSS780','p19'),('WSS788','p19'),('WSS793','p19'),('WSS801','p19'),('WSS802','p19'),('WSS806','p19'),('WSS813','p19'),('WSS843','p19'),('WSS852','p19'),('WSS860','p19'),('WSS864','p19'),('WSS87','p19'),('WSS875','p19'),('WSS888','p19'),('WSS892','p19'),('WSS897','p19'),('WSS105','p2'),('WSS112','p2'),('WSS116','p2'),('WSS12','p2'),('WSS120','p2'),('WSS142','p2'),('WSS164','p2'),('WSS166','p2'),('WSS177','p2'),('WSS182','p2'),('WSS185','p2'),('WSS186','p2'),('WSS188','p2'),('WSS192','p2'),('WSS195','p2'),('WSS199','p2'),('WSS20','p2'),('WSS203','p2'),('WSS204','p2'),('WSS207','p2'),('WSS251','p2'),('WSS252','p2'),('WSS257','p2'),('WSS275','p2'),('WSS28','p2'),('WSS283','p2'),('WSS308','p2'),('WSS310','p2'),('WSS312','p2'),('WSS332','p2'),('WSS336','p2'),('WSS34','p2'),('WSS342','p2'),('WSS345','p2'),('WSS347','p2'),('WSS35','p2'),('WSS359','p2'),('WSS363','p2'),('WSS365','p2'),('WSS382','p2'),('WSS385','p2'),('WSS386','p2'),('WSS388','p2'),('WSS389','p2'),('WSS399','p2'),('WSS404','p2'),('WSS416','p2'),('WSS419','p2'),('WSS435','p2'),('WSS437','p2'),('WSS451','p2'),('WSS452','p2'),('WSS456','p2'),('WSS464','p2'),('WSS468','p2'),('WSS472','p2'),('WSS475','p2'),('WSS488','p2'),('WSS491','p2'),('WSS495','p2'),('WSS498','p2'),('WSS5','p2'),('WSS51','p2'),('WSS512','p2'),('WSS536','p2'),('WSS564','p2'),('WSS569','p2'),('WSS596','p2'),('WSS600','p2'),('WSS602','p2'),('WSS606','p2'),('WSS621','p2'),('WSS629','p2'),('WSS634','p2'),('WSS640','p2'),('WSS643','p2'),('WSS648','p2'),('WSS651','p2'),('WSS660','p2'),('WSS665','p2'),('WSS668','p2'),('WSS669','p2'),('WSS672','p2'),('WSS675','p2'),('WSS682','p2'),('WSS698','p2'),('WSS702','p2'),('WSS703','p2'),('WSS717','p2'),('WSS721','p2'),('WSS738','p2'),('WSS74','p2'),('WSS743','p2'),('WSS752','p2'),('WSS761','p2'),('WSS773','p2'),('WSS797','p2'),('WSS801','p2'),('WSS81','p2'),('WSS816','p2'),('WSS818','p2'),('WSS825','p2'),('WSS829','p2'),('WSS832','p2'),('WSS838','p2'),('WSS853','p2'),('WSS861','p2'),('WSS869','p2'),('WSS872','p2'),('WSS874','p2'),('WSS883','p2'),('WSS891','p2'),('WSS896','p2'),('WSS9','p2'),('WSS104','p20'),('WSS113','p20'),('WSS122','p20'),('WSS134','p20'),('WSS140','p20'),('WSS147','p20'),('WSS159','p20'),('WSS168','p20'),('WSS176','p20'),('WSS184','p20'),('WSS185','p20'),('WSS186','p20'),('WSS195','p20'),('WSS196','p20'),('WSS2','p20'),('WSS203','p20'),('WSS216','p20'),('WSS231','p20'),('WSS238','p20'),('WSS239','p20'),('WSS249','p20'),('WSS257','p20'),('WSS262','p20'),('WSS264','p20'),('WSS27','p20'),('WSS274','p20'),('WSS299','p20'),('WSS3','p20'),('WSS312','p20'),('WSS316','p20'),('WSS319','p20'),('WSS329','p20'),('WSS332','p20'),('WSS335','p20'),('WSS336','p20'),('WSS338','p20'),('WSS353','p20'),('WSS36','p20'),('WSS372','p20'),('WSS390','p20'),('WSS391','p20'),('WSS395','p20'),('WSS420','p20'),('WSS425','p20'),('WSS435','p20'),('WSS436','p20'),('WSS448','p20'),('WSS455','p20'),('WSS457','p20'),('WSS471','p20'),('WSS481','p20'),('WSS482','p20'),('WSS505','p20'),('WSS51','p20'),('WSS54','p20'),('WSS542','p20'),('WSS545','p20'),('WSS558','p20'),('WSS563','p20'),('WSS565','p20'),('WSS571','p20'),('WSS580','p20'),('WSS591','p20'),('WSS594','p20'),('WSS60','p20'),('WSS601','p20'),('WSS605','p20'),('WSS611','p20'),('WSS612','p20'),('WSS636','p20'),('WSS659','p20'),('WSS661','p20'),('WSS664','p20'),('WSS671','p20'),('WSS691','p20'),('WSS698','p20'),('WSS707','p20'),('WSS724','p20'),('WSS728','p20'),('WSS73','p20'),('WSS734','p20'),('WSS738','p20'),('WSS749','p20'),('WSS75','p20'),('WSS751','p20'),('WSS765','p20'),('WSS769','p20'),('WSS775','p20'),('WSS797','p20'),('WSS798','p20'),('WSS808','p20'),('WSS829','p20'),('WSS840','p20'),('WSS86','p20'),('WSS860','p20'),('WSS881','p20'),('WSS891','p20'),('WSS900','p20'),('WSS92','p20'),('WSS95','p20'),('WSS97','p20'),('WSS105','p21'),('WSS110','p21'),('WSS111','p21'),('WSS113','p21'),('WSS115','p21'),('WSS119','p21'),('WSS121','p21'),('WSS123','p21'),('WSS131','p21'),('WSS133','p21'),('WSS140','p21'),('WSS141','p21'),('WSS146','p21'),('WSS147','p21'),('WSS159','p21'),('WSS164','p21'),('WSS179','p21'),('WSS180','p21'),('WSS181','p21'),('WSS191','p21'),('WSS2','p21'),('WSS206','p21'),('WSS208','p21'),('WSS21','p21'),('WSS213','p21'),('WSS220','p21'),('WSS241','p21'),('WSS245','p21'),('WSS248','p21'),('WSS253','p21'),('WSS263','p21'),('WSS268','p21'),('WSS280','p21'),('WSS294','p21'),('WSS313','p21'),('WSS317','p21'),('WSS324','p21'),('WSS330','p21'),('WSS339','p21'),('WSS342','p21'),('WSS354','p21'),('WSS355','p21'),('WSS357','p21'),('WSS358','p21'),('WSS361','p21'),('WSS363','p21'),('WSS368','p21'),('WSS369','p21'),('WSS377','p21'),('WSS386','p21'),('WSS387','p21'),('WSS389','p21'),('WSS401','p21'),('WSS408','p21'),('WSS409','p21'),('WSS41','p21'),('WSS413','p21'),('WSS424','p21'),('WSS428','p21'),('WSS431','p21'),('WSS434','p21'),('WSS45','p21'),('WSS458','p21'),('WSS470','p21'),('WSS474','p21'),('WSS488','p21'),('WSS489','p21'),('WSS497','p21'),('WSS498','p21'),('WSS505','p21'),('WSS508','p21'),('WSS52','p21'),('WSS520','p21'),('WSS523','p21'),('WSS529','p21'),('WSS537','p21'),('WSS541','p21'),('WSS544','p21'),('WSS553','p21'),('WSS570','p21'),('WSS587','p21'),('WSS59','p21'),('WSS590','p21'),('WSS594','p21'),('WSS598','p21'),('WSS60','p21'),('WSS615','p21'),('WSS623','p21'),('WSS628','p21'),('WSS632','p21'),('WSS645','p21'),('WSS648','p21'),('WSS66','p21'),('WSS678','p21'),('WSS680','p21'),('WSS687','p21'),('WSS688','p21'),('WSS691','p21'),('WSS704','p21'),('WSS715','p21'),('WSS719','p21'),('WSS721','p21'),('WSS73','p21'),('WSS739','p21'),('WSS75','p21'),('WSS759','p21'),('WSS767','p21'),('WSS772','p21'),('WSS777','p21'),('WSS783','p21'),('WSS821','p21'),('WSS830','p21'),('WSS834','p21'),('WSS844','p21'),('WSS845','p21'),('WSS846','p21'),('WSS850','p21'),('WSS852','p21'),('WSS863','p21'),('WSS865','p21'),('WSS868','p21'),('WSS881','p21'),('WSS89','p21'),('WSS897','p21'),('WSS9','p21'),('WSS97','p21'),('WSS1','p22'),('WSS101','p22'),('WSS128','p22'),('WSS135','p22'),('WSS139','p22'),('WSS140','p22'),('WSS141','p22'),('WSS144','p22'),('WSS159','p22'),('WSS160','p22'),('WSS166','p22'),('WSS168','p22'),('WSS174','p22'),('WSS191','p22'),('WSS205','p22'),('WSS206','p22'),('WSS211','p22'),('WSS215','p22'),('WSS216','p22'),('WSS218','p22'),('WSS232','p22'),('WSS243','p22'),('WSS244','p22'),('WSS258','p22'),('WSS270','p22'),('WSS275','p22'),('WSS283','p22'),('WSS291','p22'),('WSS300','p22'),('WSS310','p22'),('WSS314','p22'),('WSS325','p22'),('WSS328','p22'),('WSS33','p22'),('WSS334','p22'),('WSS337','p22'),('WSS340','p22'),('WSS351','p22'),('WSS352','p22'),('WSS360','p22'),('WSS376','p22'),('WSS384','p22'),('WSS39','p22'),('WSS4','p22'),('WSS403','p22'),('WSS412','p22'),('WSS421','p22'),('WSS424','p22'),('WSS438','p22'),('WSS499','p22'),('WSS501','p22'),('WSS507','p22'),('WSS513','p22'),('WSS524','p22'),('WSS528','p22'),('WSS534','p22'),('WSS539','p22'),('WSS546','p22'),('WSS55','p22'),('WSS551','p22'),('WSS56','p22'),('WSS563','p22'),('WSS566','p22'),('WSS572','p22'),('WSS577','p22'),('WSS583','p22'),('WSS586','p22'),('WSS6','p22'),('WSS620','p22'),('WSS625','p22'),('WSS640','p22'),('WSS652','p22'),('WSS654','p22'),('WSS657','p22'),('WSS659','p22'),('WSS66','p22'),('WSS67','p22'),('WSS685','p22'),('WSS687','p22'),('WSS690','p22'),('WSS693','p22'),('WSS707','p22'),('WSS722','p22'),('WSS735','p22'),('WSS737','p22'),('WSS750','p22'),('WSS755','p22'),('WSS778','p22'),('WSS797','p22'),('WSS810','p22'),('WSS818','p22'),('WSS822','p22'),('WSS832','p22'),('WSS834','p22'),('WSS839','p22'),('WSS849','p22'),('WSS850','p22'),('WSS854','p22'),('WSS858','p22'),('WSS863','p22'),('WSS864','p22'),('WSS868','p22'),('WSS872','p22'),('WSS889','p22'),('WSS897','p22'),('WSS899','p22'),('WSS92','p22'),('WSS93','p22'),('WSS95','p22'),('WSS96','p22'),('WSS99','p22'),('WSS108','p23'),('WSS11','p23'),('WSS112','p23'),('WSS113','p23'),('WSS123','p23'),('WSS14','p23'),('WSS142','p23'),('WSS144','p23'),('WSS146','p23'),('WSS148','p23'),('WSS151','p23'),('WSS157','p23'),('WSS158','p23'),('WSS18','p23'),('WSS181','p23'),('WSS183','p23'),('WSS184','p23'),('WSS19','p23'),('WSS197','p23'),('WSS200','p23'),('WSS218','p23'),('WSS22','p23'),('WSS220','p23'),('WSS222','p23'),('WSS228','p23'),('WSS234','p23'),('WSS245','p23'),('WSS259','p23'),('WSS26','p23'),('WSS266','p23'),('WSS270','p23'),('WSS277','p23'),('WSS279','p23'),('WSS280','p23'),('WSS282','p23'),('WSS29','p23'),('WSS291','p23'),('WSS295','p23'),('WSS296','p23'),('WSS30','p23'),('WSS306','p23'),('WSS315','p23'),('WSS326','p23'),('WSS373','p23'),('WSS375','p23'),('WSS400','p23'),('WSS405','p23'),('WSS418','p23'),('WSS420','p23'),('WSS425','p23'),('WSS431','p23'),('WSS432','p23'),('WSS444','p23'),('WSS447','p23'),('WSS449','p23'),('WSS45','p23'),('WSS46','p23'),('WSS47','p23'),('WSS472','p23'),('WSS480','p23'),('WSS481','p23'),('WSS483','p23'),('WSS492','p23'),('WSS500','p23'),('WSS505','p23'),('WSS507','p23'),('WSS516','p23'),('WSS519','p23'),('WSS535','p23'),('WSS544','p23'),('WSS550','p23'),('WSS554','p23'),('WSS566','p23'),('WSS575','p23'),('WSS588','p23'),('WSS589','p23'),('WSS599','p23'),('WSS622','p23'),('WSS624','p23'),('WSS63','p23'),('WSS632','p23'),('WSS638','p23'),('WSS64','p23'),('WSS646','p23'),('WSS681','p23'),('WSS695','p23'),('WSS7','p23'),('WSS702','p23'),('WSS706','p23'),('WSS719','p23'),('WSS720','p23'),('WSS73','p23'),('WSS731','p23'),('WSS746','p23'),('WSS761','p23'),('WSS781','p23'),('WSS794','p23'),('WSS800','p23'),('WSS823','p23'),('WSS831','p23'),('WSS833','p23'),('WSS841','p23'),('WSS846','p23'),('WSS854','p23'),('WSS888','p23'),('WSS890','p23'),('WSS896','p23'),('WSS900','p23'),('WSS94','p23'),('WSS103','p24'),('WSS104','p24'),('WSS11','p24'),('WSS113','p24'),('WSS115','p24'),('WSS118','p24'),('WSS119','p24'),('WSS125','p24'),('WSS132','p24'),('WSS145','p24'),('WSS149','p24'),('WSS150','p24'),('WSS153','p24'),('WSS163','p24'),('WSS164','p24'),('WSS176','p24'),('WSS187','p24'),('WSS195','p24'),('WSS199','p24'),('WSS21','p24'),('WSS22','p24'),('WSS221','p24'),('WSS224','p24'),('WSS23','p24'),('WSS234','p24'),('WSS235','p24'),('WSS239','p24'),('WSS247','p24'),('WSS253','p24'),('WSS254','p24'),('WSS3','p24'),('WSS309','p24'),('WSS317','p24'),('WSS32','p24'),('WSS321','p24'),('WSS335','p24'),('WSS337','p24'),('WSS346','p24'),('WSS350','p24'),('WSS355','p24'),('WSS360','p24'),('WSS367','p24'),('WSS372','p24'),('WSS376','p24'),('WSS381','p24'),('WSS399','p24'),('WSS401','p24'),('WSS403','p24'),('WSS406','p24'),('WSS408','p24'),('WSS416','p24'),('WSS426','p24'),('WSS427','p24'),('WSS430','p24'),('WSS441','p24'),('WSS442','p24'),('WSS448','p24'),('WSS451','p24'),('WSS456','p24'),('WSS463','p24'),('WSS467','p24'),('WSS482','p24'),('WSS485','p24'),('WSS5','p24'),('WSS50','p24'),('WSS506','p24'),('WSS510','p24'),('WSS516','p24'),('WSS518','p24'),('WSS532','p24'),('WSS536','p24'),('WSS546','p24'),('WSS548','p24'),('WSS554','p24'),('WSS559','p24'),('WSS563','p24'),('WSS568','p24'),('WSS570','p24'),('WSS571','p24'),('WSS581','p24'),('WSS585','p24'),('WSS602','p24'),('WSS615','p24'),('WSS616','p24'),('WSS623','p24'),('WSS63','p24'),('WSS653','p24'),('WSS662','p24'),('WSS664','p24'),('WSS686','p24'),('WSS70','p24'),('WSS705','p24'),('WSS745','p24'),('WSS762','p24'),('WSS787','p24'),('WSS796','p24'),('WSS798','p24'),('WSS807','p24'),('WSS829','p24'),('WSS83','p24'),('WSS833','p24'),('WSS844','p24'),('WSS857','p24'),('WSS858','p24'),('WSS867','p24'),('WSS869','p24'),('WSS873','p24'),('WSS874','p24'),('WSS887','p24'),('WSS889','p24'),('WSS93','p24'),('WSS1','p25'),('WSS119','p25'),('WSS121','p25'),('WSS127','p25'),('WSS133','p25'),('WSS134','p25'),('WSS136','p25'),('WSS137','p25'),('WSS148','p25'),('WSS156','p25'),('WSS162','p25'),('WSS167','p25'),('WSS169','p25'),('WSS175','p25'),('WSS184','p25'),('WSS186','p25'),('WSS198','p25'),('WSS199','p25'),('WSS200','p25'),('WSS204','p25'),('WSS206','p25'),('WSS210','p25'),('WSS228','p25'),('WSS230','p25'),('WSS262','p25'),('WSS266','p25'),('WSS271','p25'),('WSS274','p25'),('WSS287','p25'),('WSS290','p25'),('WSS293','p25'),('WSS297','p25'),('WSS31','p25'),('WSS314','p25'),('WSS327','p25'),('WSS328','p25'),('WSS331','p25'),('WSS335','p25'),('WSS343','p25'),('WSS351','p25'),('WSS352','p25'),('WSS358','p25'),('WSS359','p25'),('WSS386','p25'),('WSS390','p25'),('WSS392','p25'),('WSS394','p25'),('WSS400','p25'),('WSS404','p25'),('WSS406','p25'),('WSS41','p25'),('WSS411','p25'),('WSS415','p25'),('WSS421','p25'),('WSS426','p25'),('WSS439','p25'),('WSS442','p25'),('WSS443','p25'),('WSS463','p25'),('WSS466','p25'),('WSS469','p25'),('WSS471','p25'),('WSS476','p25'),('WSS48','p25'),('WSS485','p25'),('WSS489','p25'),('WSS49','p25'),('WSS493','p25'),('WSS495','p25'),('WSS512','p25'),('WSS525','p25'),('WSS533','p25'),('WSS560','p25'),('WSS573','p25'),('WSS582','p25'),('WSS594','p25'),('WSS60','p25'),('WSS601','p25'),('WSS607','p25'),('WSS61','p25'),('WSS638','p25'),('WSS639','p25'),('WSS642','p25'),('WSS647','p25'),('WSS650','p25'),('WSS653','p25'),('WSS656','p25'),('WSS66','p25'),('WSS676','p25'),('WSS678','p25'),('WSS68','p25'),('WSS682','p25'),('WSS684','p25'),('WSS693','p25'),('WSS697','p25'),('WSS7','p25'),('WSS706','p25'),('WSS708','p25'),('WSS71','p25'),('WSS711','p25'),('WSS729','p25'),('WSS73','p25'),('WSS741','p25'),('WSS753','p25'),('WSS757','p25'),('WSS762','p25'),('WSS763','p25'),('WSS77','p25'),('WSS772','p25'),('WSS805','p25'),('WSS806','p25'),('WSS815','p25'),('WSS816','p25'),('WSS823','p25'),('WSS825','p25'),('WSS831','p25'),('WSS836','p25'),('WSS837','p25'),('WSS84','p25'),('WSS842','p25'),('WSS848','p25'),('WSS849','p25'),('WSS854','p25'),('WSS856','p25'),('WSS87','p25'),('WSS878','p25'),('WSS879','p25'),('WSS881','p25'),('WSS887','p25'),('WSS891','p25'),('WSS892','p25'),('WSS896','p25'),('WSS92','p25'),('WSS108','p26'),('WSS111','p26'),('WSS114','p26'),('WSS120','p26'),('WSS122','p26'),('WSS124','p26'),('WSS130','p26'),('WSS146','p26'),('WSS15','p26'),('WSS182','p26'),('WSS194','p26'),('WSS196','p26'),('WSS213','p26'),('WSS215','p26'),('WSS223','p26'),('WSS245','p26'),('WSS246','p26'),('WSS248','p26'),('WSS251','p26'),('WSS254','p26'),('WSS257','p26'),('WSS259','p26'),('WSS260','p26'),('WSS264','p26'),('WSS298','p26'),('WSS311','p26'),('WSS319','p26'),('WSS32','p26'),('WSS323','p26'),('WSS329','p26'),('WSS333','p26'),('WSS348','p26'),('WSS349','p26'),('WSS350','p26'),('WSS351','p26'),('WSS362','p26'),('WSS380','p26'),('WSS387','p26'),('WSS390','p26'),('WSS397','p26'),('WSS398','p26'),('WSS404','p26'),('WSS409','p26'),('WSS414','p26'),('WSS422','p26'),('WSS426','p26'),('WSS429','p26'),('WSS432','p26'),('WSS437','p26'),('WSS440','p26'),('WSS450','p26'),('WSS454','p26'),('WSS464','p26'),('WSS478','p26'),('WSS480','p26'),('WSS491','p26'),('WSS5','p26'),('WSS510','p26'),('WSS514','p26'),('WSS518','p26'),('WSS525','p26'),('WSS550','p26'),('WSS555','p26'),('WSS562','p26'),('WSS566','p26'),('WSS568','p26'),('WSS569','p26'),('WSS570','p26'),('WSS578','p26'),('WSS58','p26'),('WSS582','p26'),('WSS597','p26'),('WSS624','p26'),('WSS625','p26'),('WSS63','p26'),('WSS637','p26'),('WSS638','p26'),('WSS639','p26'),('WSS644','p26'),('WSS658','p26'),('WSS662','p26'),('WSS683','p26'),('WSS687','p26'),('WSS69','p26'),('WSS696','p26'),('WSS712','p26'),('WSS717','p26'),('WSS730','p26'),('WSS733','p26'),('WSS734','p26'),('WSS742','p26'),('WSS743','p26'),('WSS744','p26'),('WSS751','p26'),('WSS760','p26'),('WSS768','p26'),('WSS770','p26'),('WSS772','p26'),('WSS777','p26'),('WSS781','p26'),('WSS783','p26'),('WSS784','p26'),('WSS787','p26'),('WSS790','p26'),('WSS795','p26'),('WSS796','p26'),('WSS8','p26'),('WSS80','p26'),('WSS800','p26'),('WSS803','p26'),('WSS804','p26'),('WSS807','p26'),('WSS824','p26'),('WSS840','p26'),('WSS847','p26'),('WSS855','p26'),('WSS856','p26'),('WSS871','p26'),('WSS876','p26'),('WSS877','p26'),('WSS894','p26'),('WSS102','p27'),('WSS109','p27'),('WSS110','p27'),('WSS115','p27'),('WSS12','p27'),('WSS121','p27'),('WSS131','p27'),('WSS134','p27'),('WSS137','p27'),('WSS140','p27'),('WSS153','p27'),('WSS155','p27'),('WSS157','p27'),('WSS16','p27'),('WSS161','p27'),('WSS170','p27'),('WSS18','p27'),('WSS188','p27'),('WSS21','p27'),('WSS217','p27'),('WSS223','p27'),('WSS235','p27'),('WSS240','p27'),('WSS247','p27'),('WSS249','p27'),('WSS251','p27'),('WSS26','p27'),('WSS260','p27'),('WSS265','p27'),('WSS267','p27'),('WSS289','p27'),('WSS29','p27'),('WSS299','p27'),('WSS300','p27'),('WSS305','p27'),('WSS309','p27'),('WSS315','p27'),('WSS331','p27'),('WSS334','p27'),('WSS343','p27'),('WSS345','p27'),('WSS353','p27'),('WSS374','p27'),('WSS377','p27'),('WSS399','p27'),('WSS401','p27'),('WSS42','p27'),('WSS422','p27'),('WSS423','p27'),('WSS43','p27'),('WSS433','p27'),('WSS438','p27'),('WSS443','p27'),('WSS456','p27'),('WSS474','p27'),('WSS488','p27'),('WSS499','p27'),('WSS501','p27'),('WSS506','p27'),('WSS522','p27'),('WSS536','p27'),('WSS537','p27'),('WSS551','p27'),('WSS554','p27'),('WSS556','p27'),('WSS557','p27'),('WSS567','p27'),('WSS57','p27'),('WSS574','p27'),('WSS58','p27'),('WSS59','p27'),('WSS598','p27'),('WSS6','p27'),('WSS610','p27'),('WSS613','p27'),('WSS626','p27'),('WSS630','p27'),('WSS654','p27'),('WSS656','p27'),('WSS660','p27'),('WSS669','p27'),('WSS67','p27'),('WSS677','p27'),('WSS679','p27'),('WSS692','p27'),('WSS70','p27'),('WSS710','p27'),('WSS716','p27'),('WSS743','p27'),('WSS746','p27'),('WSS755','p27'),('WSS760','p27'),('WSS761','p27'),('WSS771','p27'),('WSS786','p27'),('WSS788','p27'),('WSS817','p27'),('WSS824','p27'),('WSS834','p27'),('WSS851','p27'),('WSS852','p27'),('WSS856','p27'),('WSS869','p27'),('WSS875','p27'),('WSS876','p27'),('WSS878','p27'),('WSS883','p27'),('WSS884','p27'),('WSS95','p27'),('WSS97','p27'),('WSS111','p28'),('WSS117','p28'),('WSS129','p28'),('WSS143','p28'),('WSS159','p28'),('WSS162','p28'),('WSS164','p28'),('WSS170','p28'),('WSS19','p28'),('WSS193','p28'),('WSS194','p28'),('WSS217','p28'),('WSS227','p28'),('WSS228','p28'),('WSS24','p28'),('WSS250','p28'),('WSS252','p28'),('WSS253','p28'),('WSS255','p28'),('WSS267','p28'),('WSS27','p28'),('WSS273','p28'),('WSS284','p28'),('WSS288','p28'),('WSS292','p28'),('WSS307','p28'),('WSS308','p28'),('WSS315','p28'),('WSS322','p28'),('WSS324','p28'),('WSS33','p28'),('WSS346','p28'),('WSS361','p28'),('WSS378','p28'),('WSS381','p28'),('WSS384','p28'),('WSS391','p28'),('WSS392','p28'),('WSS397','p28'),('WSS400','p28'),('WSS401','p28'),('WSS402','p28'),('WSS41','p28'),('WSS410','p28'),('WSS415','p28'),('WSS420','p28'),('WSS433','p28'),('WSS446','p28'),('WSS456','p28'),('WSS460','p28'),('WSS467','p28'),('WSS492','p28'),('WSS494','p28'),('WSS499','p28'),('WSS502','p28'),('WSS503','p28'),('WSS51','p28'),('WSS512','p28'),('WSS519','p28'),('WSS529','p28'),('WSS532','p28'),('WSS535','p28'),('WSS547','p28'),('WSS558','p28'),('WSS560','p28'),('WSS572','p28'),('WSS578','p28'),('WSS580','p28'),('WSS581','p28'),('WSS584','p28'),('WSS592','p28'),('WSS595','p28'),('WSS601','p28'),('WSS604','p28'),('WSS61','p28'),('WSS619','p28'),('WSS628','p28'),('WSS630','p28'),('WSS632','p28'),('WSS666','p28'),('WSS667','p28'),('WSS671','p28'),('WSS676','p28'),('WSS678','p28'),('WSS691','p28'),('WSS699','p28'),('WSS705','p28'),('WSS706','p28'),('WSS707','p28'),('WSS734','p28'),('WSS736','p28'),('WSS742','p28'),('WSS747','p28'),('WSS75','p28'),('WSS753','p28'),('WSS76','p28'),('WSS765','p28'),('WSS773','p28'),('WSS774','p28'),('WSS780','p28'),('WSS799','p28'),('WSS806','p28'),('WSS809','p28'),('WSS813','p28'),('WSS82','p28'),('WSS835','p28'),('WSS837','p28'),('WSS843','p28'),('WSS857','p28'),('WSS86','p28'),('WSS865','p28'),('WSS869','p28'),('WSS879','p28'),('WSS880','p28'),('WSS892','p28'),('WSS893','p28'),('WSS90','p28'),('WSS1','p29'),('WSS106','p29'),('WSS109','p29'),('WSS110','p29'),('WSS122','p29'),('WSS129','p29'),('WSS143','p29'),('WSS148','p29'),('WSS151','p29'),('WSS160','p29'),('WSS163','p29'),('WSS178','p29'),('WSS20','p29'),('WSS201','p29'),('WSS202','p29'),('WSS205','p29'),('WSS208','p29'),('WSS214','p29'),('WSS231','p29'),('WSS238','p29'),('WSS250','p29'),('WSS302','p29'),('WSS303','p29'),('WSS305','p29'),('WSS306','p29'),('WSS309','p29'),('WSS316','p29'),('WSS318','p29'),('WSS330','p29'),('WSS337','p29'),('WSS345','p29'),('WSS347','p29'),('WSS356','p29'),('WSS370','p29'),('WSS371','p29'),('WSS377','p29'),('WSS383','p29'),('WSS384','p29'),('WSS385','p29'),('WSS388','p29'),('WSS398','p29'),('WSS406','p29'),('WSS414','p29'),('WSS418','p29'),('WSS42','p29'),('WSS422','p29'),('WSS424','p29'),('WSS427','p29'),('WSS428','p29'),('WSS429','p29'),('WSS430','p29'),('WSS445','p29'),('WSS468','p29'),('WSS473','p29'),('WSS478','p29'),('WSS479','p29'),('WSS48','p29'),('WSS483','p29'),('WSS496','p29'),('WSS503','p29'),('WSS541','p29'),('WSS543','p29'),('WSS549','p29'),('WSS552','p29'),('WSS570','p29'),('WSS573','p29'),('WSS574','p29'),('WSS598','p29'),('WSS599','p29'),('WSS60','p29'),('WSS636','p29'),('WSS642','p29'),('WSS643','p29'),('WSS65','p29'),('WSS650','p29'),('WSS679','p29'),('WSS689','p29'),('WSS694','p29'),('WSS708','p29'),('WSS716','p29'),('WSS720','p29'),('WSS721','p29'),('WSS727','p29'),('WSS732','p29'),('WSS744','p29'),('WSS745','p29'),('WSS754','p29'),('WSS784','p29'),('WSS794','p29'),('WSS8','p29'),('WSS802','p29'),('WSS809','p29'),('WSS821','p29'),('WSS830','p29'),('WSS834','p29'),('WSS839','p29'),('WSS841','p29'),('WSS859','p29'),('WSS870','p29'),('WSS871','p29'),('WSS883','p29'),('WSS891','p29'),('WSS91','p29'),('WSS102','p3'),('WSS107','p3'),('WSS112','p3'),('WSS117','p3'),('WSS119','p3'),('WSS147','p3'),('WSS16','p3'),('WSS165','p3'),('WSS170','p3'),('WSS180','p3'),('WSS189','p3'),('WSS191','p3'),('WSS192','p3'),('WSS194','p3'),('WSS205','p3'),('WSS207','p3'),('WSS21','p3'),('WSS215','p3'),('WSS218','p3'),('WSS225','p3'),('WSS232','p3'),('WSS235','p3'),('WSS246','p3'),('WSS256','p3'),('WSS265','p3'),('WSS268','p3'),('WSS270','p3'),('WSS272','p3'),('WSS277','p3'),('WSS283','p3'),('WSS286','p3'),('WSS30','p3'),('WSS300','p3'),('WSS307','p3'),('WSS317','p3'),('WSS319','p3'),('WSS324','p3'),('WSS329','p3'),('WSS35','p3'),('WSS350','p3'),('WSS358','p3'),('WSS360','p3'),('WSS362','p3'),('WSS367','p3'),('WSS389','p3'),('WSS395','p3'),('WSS415','p3'),('WSS417','p3'),('WSS423','p3'),('WSS431','p3'),('WSS434','p3'),('WSS441','p3'),('WSS449','p3'),('WSS465','p3'),('WSS468','p3'),('WSS473','p3'),('WSS475','p3'),('WSS483','p3'),('WSS488','p3'),('WSS50','p3'),('WSS504','p3'),('WSS509','p3'),('WSS510','p3'),('WSS519','p3'),('WSS520','p3'),('WSS538','p3'),('WSS54','p3'),('WSS551','p3'),('WSS556','p3'),('WSS562','p3'),('WSS568','p3'),('WSS572','p3'),('WSS574','p3'),('WSS576','p3'),('WSS591','p3'),('WSS621','p3'),('WSS623','p3'),('WSS624','p3'),('WSS630','p3'),('WSS633','p3'),('WSS634','p3'),('WSS636','p3'),('WSS639','p3'),('WSS640','p3'),('WSS642','p3'),('WSS644','p3'),('WSS649','p3'),('WSS664','p3'),('WSS668','p3'),('WSS674','p3'),('WSS675','p3'),('WSS689','p3'),('WSS698','p3'),('WSS700','p3'),('WSS71','p3'),('WSS712','p3'),('WSS722','p3'),('WSS731','p3'),('WSS736','p3'),('WSS748','p3'),('WSS750','p3'),('WSS763','p3'),('WSS764','p3'),('WSS767','p3'),('WSS77','p3'),('WSS770','p3'),('WSS807','p3'),('WSS812','p3'),('WSS816','p3'),('WSS819','p3'),('WSS820','p3'),('WSS826','p3'),('WSS828','p3'),('WSS830','p3'),('WSS831','p3'),('WSS84','p3'),('WSS844','p3'),('WSS845','p3'),('WSS847','p3'),('WSS855','p3'),('WSS859','p3'),('WSS88','p3'),('WSS880','p3'),('WSS886','p3'),('WSS894','p3'),('WSS899','p3'),('WSS900','p3'),('WSS104','p30'),('WSS12','p30'),('WSS13','p30'),('WSS135','p30'),('WSS14','p30'),('WSS143','p30'),('WSS144','p30'),('WSS145','p30'),('WSS154','p30'),('WSS165','p30'),('WSS167','p30'),('WSS175','p30'),('WSS183','p30'),('WSS185','p30'),('WSS189','p30'),('WSS20','p30'),('WSS214','p30'),('WSS221','p30'),('WSS224','p30'),('WSS225','p30'),('WSS227','p30'),('WSS26','p30'),('WSS262','p30'),('WSS27','p30'),('WSS272','p30'),('WSS289','p30'),('WSS291','p30'),('WSS31','p30'),('WSS310','p30'),('WSS311','p30'),('WSS312','p30'),('WSS347','p30'),('WSS352','p30'),('WSS358','p30'),('WSS383','p30'),('WSS393','p30'),('WSS398','p30'),('WSS402','p30'),('WSS410','p30'),('WSS415','p30'),('WSS416','p30'),('WSS439','p30'),('WSS44','p30'),('WSS451','p30'),('WSS462','p30'),('WSS467','p30'),('WSS47','p30'),('WSS470','p30'),('WSS472','p30'),('WSS478','p30'),('WSS484','p30'),('WSS49','p30'),('WSS51','p30'),('WSS511','p30'),('WSS528','p30'),('WSS540','p30'),('WSS555','p30'),('WSS561','p30'),('WSS562','p30'),('WSS576','p30'),('WSS583','p30'),('WSS588','p30'),('WSS59','p30'),('WSS604','p30'),('WSS635','p30'),('WSS655','p30'),('WSS667','p30'),('WSS669','p30'),('WSS674','p30'),('WSS682','p30'),('WSS687','p30'),('WSS694','p30'),('WSS696','p30'),('WSS701','p30'),('WSS709','p30'),('WSS727','p30'),('WSS729','p30'),('WSS733','p30'),('WSS749','p30'),('WSS757','p30'),('WSS76','p30'),('WSS764','p30'),('WSS774','p30'),('WSS776','p30'),('WSS778','p30'),('WSS793','p30'),('WSS798','p30'),('WSS80','p30'),('WSS81','p30'),('WSS811','p30'),('WSS816','p30'),('WSS821','p30'),('WSS838','p30'),('WSS858','p30'),('WSS86','p30'),('WSS866','p30'),('WSS88','p30'),('WSS880','p30'),('WSS882','p30'),('WSS887','p30'),('WSS894','p30'),('WSS9','p30'),('WSS93','p30'),('WSS98','p30'),('WSS10','p4'),('WSS103','p4'),('WSS106','p4'),('WSS12','p4'),('WSS125','p4'),('WSS130','p4'),('WSS138','p4'),('WSS15','p4'),('WSS161','p4'),('WSS162','p4'),('WSS166','p4'),('WSS167','p4'),('WSS173','p4'),('WSS178','p4'),('WSS180','p4'),('WSS190','p4'),('WSS220','p4'),('WSS228','p4'),('WSS229','p4'),('WSS232','p4'),('WSS242','p4'),('WSS250','p4'),('WSS255','p4'),('WSS276','p4'),('WSS279','p4'),('WSS286','p4'),('WSS288','p4'),('WSS289','p4'),('WSS298','p4'),('WSS3','p4'),('WSS303','p4'),('WSS322','p4'),('WSS323','p4'),('WSS335','p4'),('WSS337','p4'),('WSS338','p4'),('WSS344','p4'),('WSS353','p4'),('WSS363','p4'),('WSS371','p4'),('WSS378','p4'),('WSS390','p4'),('WSS40','p4'),('WSS409','p4'),('WSS411','p4'),('WSS413','p4'),('WSS418','p4'),('WSS42','p4'),('WSS429','p4'),('WSS436','p4'),('WSS437','p4'),('WSS445','p4'),('WSS446','p4'),('WSS454','p4'),('WSS461','p4'),('WSS464','p4'),('WSS465','p4'),('WSS476','p4'),('WSS477','p4'),('WSS481','p4'),('WSS482','p4'),('WSS486','p4'),('WSS494','p4'),('WSS519','p4'),('WSS522','p4'),('WSS524','p4'),('WSS525','p4'),('WSS530','p4'),('WSS537','p4'),('WSS539','p4'),('WSS540','p4'),('WSS548','p4'),('WSS565','p4'),('WSS576','p4'),('WSS577','p4'),('WSS592','p4'),('WSS596','p4'),('WSS607','p4'),('WSS611','p4'),('WSS617','p4'),('WSS62','p4'),('WSS626','p4'),('WSS628','p4'),('WSS629','p4'),('WSS631','p4'),('WSS633','p4'),('WSS641','p4'),('WSS644','p4'),('WSS649','p4'),('WSS654','p4'),('WSS655','p4'),('WSS669','p4'),('WSS680','p4'),('WSS681','p4'),('WSS684','p4'),('WSS697','p4'),('WSS700','p4'),('WSS703','p4'),('WSS723','p4'),('WSS729','p4'),('WSS735','p4'),('WSS76','p4'),('WSS777','p4'),('WSS78','p4'),('WSS785','p4'),('WSS792','p4'),('WSS809','p4'),('WSS815','p4'),('WSS820','p4'),('WSS844','p4'),('WSS862','p4'),('WSS865','p4'),('WSS877','p4'),('WSS885','p4'),('WSS886','p4'),('WSS889','p4'),('WSS892','p4'),('WSS10','p5'),('WSS137','p5'),('WSS142','p5'),('WSS145','p5'),('WSS154','p5'),('WSS17','p5'),('WSS173','p5'),('WSS18','p5'),('WSS192','p5'),('WSS209','p5'),('WSS219','p5'),('WSS237','p5'),('WSS238','p5'),('WSS24','p5'),('WSS25','p5'),('WSS263','p5'),('WSS267','p5'),('WSS272','p5'),('WSS277','p5'),('WSS28','p5'),('WSS289','p5'),('WSS31','p5'),('WSS313','p5'),('WSS325','p5'),('WSS339','p5'),('WSS366','p5'),('WSS37','p5'),('WSS374','p5'),('WSS379','p5'),('WSS382','p5'),('WSS41','p5'),('WSS413','p5'),('WSS417','p5'),('WSS419','p5'),('WSS424','p5'),('WSS425','p5'),('WSS436','p5'),('WSS437','p5'),('WSS440','p5'),('WSS441','p5'),('WSS446','p5'),('WSS453','p5'),('WSS457','p5'),('WSS463','p5'),('WSS478','p5'),('WSS485','p5'),('WSS49','p5'),('WSS491','p5'),('WSS492','p5'),('WSS496','p5'),('WSS513','p5'),('WSS526','p5'),('WSS531','p5'),('WSS54','p5'),('WSS541','p5'),('WSS553','p5'),('WSS557','p5'),('WSS577','p5'),('WSS584','p5'),('WSS585','p5'),('WSS587','p5'),('WSS592','p5'),('WSS594','p5'),('WSS595','p5'),('WSS609','p5'),('WSS610','p5'),('WSS620','p5'),('WSS621','p5'),('WSS634','p5'),('WSS659','p5'),('WSS673','p5'),('WSS685','p5'),('WSS693','p5'),('WSS699','p5'),('WSS701','p5'),('WSS706','p5'),('WSS709','p5'),('WSS717','p5'),('WSS72','p5'),('WSS727','p5'),('WSS733','p5'),('WSS740','p5'),('WSS757','p5'),('WSS759','p5'),('WSS764','p5'),('WSS765','p5'),('WSS770','p5'),('WSS771','p5'),('WSS773','p5'),('WSS778','p5'),('WSS79','p5'),('WSS790','p5'),('WSS791','p5'),('WSS801','p5'),('WSS814','p5'),('WSS824','p5'),('WSS837','p5'),('WSS850','p5'),('WSS864','p5'),('WSS87','p5'),('WSS870','p5'),('WSS871','p5'),('WSS884','p5'),('WSS10','p6'),('WSS101','p6'),('WSS104','p6'),('WSS106','p6'),('WSS107','p6'),('WSS110','p6'),('WSS114','p6'),('WSS118','p6'),('WSS126','p6'),('WSS127','p6'),('WSS128','p6'),('WSS130','p6'),('WSS139','p6'),('WSS157','p6'),('WSS163','p6'),('WSS167','p6'),('WSS169','p6'),('WSS185','p6'),('WSS200','p6'),('WSS210','p6'),('WSS219','p6'),('WSS237','p6'),('WSS244','p6'),('WSS245','p6'),('WSS252','p6'),('WSS256','p6'),('WSS26','p6'),('WSS260','p6'),('WSS264','p6'),('WSS268','p6'),('WSS271','p6'),('WSS301','p6'),('WSS302','p6'),('WSS303','p6'),('WSS308','p6'),('WSS323','p6'),('WSS325','p6'),('WSS329','p6'),('WSS334','p6'),('WSS341','p6'),('WSS349','p6'),('WSS354','p6'),('WSS365','p6'),('WSS369','p6'),('WSS370','p6'),('WSS377','p6'),('WSS4','p6'),('WSS407','p6'),('WSS419','p6'),('WSS433','p6'),('WSS439','p6'),('WSS444','p6'),('WSS469','p6'),('WSS47','p6'),('WSS497','p6'),('WSS500','p6'),('WSS503','p6'),('WSS507','p6'),('WSS518','p6'),('WSS526','p6'),('WSS54','p6'),('WSS55','p6'),('WSS552','p6'),('WSS56','p6'),('WSS564','p6'),('WSS568','p6'),('WSS582','p6'),('WSS602','p6'),('WSS603','p6'),('WSS605','p6'),('WSS609','p6'),('WSS61','p6'),('WSS611','p6'),('WSS612','p6'),('WSS618','p6'),('WSS625','p6'),('WSS635','p6'),('WSS639','p6'),('WSS65','p6'),('WSS651','p6'),('WSS656','p6'),('WSS666','p6'),('WSS671','p6'),('WSS675','p6'),('WSS680','p6'),('WSS683','p6'),('WSS685','p6'),('WSS694','p6'),('WSS70','p6'),('WSS709','p6'),('WSS711','p6'),('WSS715','p6'),('WSS723','p6'),('WSS746','p6'),('WSS75','p6'),('WSS750','p6'),('WSS769','p6'),('WSS78','p6'),('WSS795','p6'),('WSS796','p6'),('WSS819','p6'),('WSS856','p6'),('WSS859','p6'),('WSS867','p6'),('WSS877','p6'),('WSS880','p6'),('WSS889','p6'),('WSS100','p7'),('WSS108','p7'),('WSS121','p7'),('WSS124','p7'),('WSS128','p7'),('WSS137','p7'),('WSS138','p7'),('WSS141','p7'),('WSS149','p7'),('WSS155','p7'),('WSS193','p7'),('WSS195','p7'),('WSS197','p7'),('WSS213','p7'),('WSS222','p7'),('WSS223','p7'),('WSS226','p7'),('WSS230','p7'),('WSS240','p7'),('WSS243','p7'),('WSS248','p7'),('WSS252','p7'),('WSS263','p7'),('WSS264','p7'),('WSS27','p7'),('WSS273','p7'),('WSS275','p7'),('WSS276','p7'),('WSS287','p7'),('WSS290','p7'),('WSS30','p7'),('WSS302','p7'),('WSS32','p7'),('WSS330','p7'),('WSS340','p7'),('WSS348','p7'),('WSS356','p7'),('WSS364','p7'),('WSS365','p7'),('WSS399','p7'),('WSS4','p7'),('WSS400','p7'),('WSS407','p7'),('WSS435','p7'),('WSS439','p7'),('WSS440','p7'),('WSS447','p7'),('WSS454','p7'),('WSS461','p7'),('WSS462','p7'),('WSS475','p7'),('WSS476','p7'),('WSS487','p7'),('WSS490','p7'),('WSS492','p7'),('WSS521','p7'),('WSS527','p7'),('WSS530','p7'),('WSS531','p7'),('WSS533','p7'),('WSS538','p7'),('WSS540','p7'),('WSS543','p7'),('WSS55','p7'),('WSS553','p7'),('WSS557','p7'),('WSS562','p7'),('WSS57','p7'),('WSS574','p7'),('WSS578','p7'),('WSS586','p7'),('WSS588','p7'),('WSS590','p7'),('WSS591','p7'),('WSS593','p7'),('WSS596','p7'),('WSS6','p7'),('WSS603','p7'),('WSS61','p7'),('WSS610','p7'),('WSS611','p7'),('WSS617','p7'),('WSS623','p7'),('WSS629','p7'),('WSS632','p7'),('WSS634','p7'),('WSS662','p7'),('WSS672','p7'),('WSS673','p7'),('WSS675','p7'),('WSS688','p7'),('WSS694','p7'),('WSS697','p7'),('WSS702','p7'),('WSS705','p7'),('WSS708','p7'),('WSS709','p7'),('WSS718','p7'),('WSS719','p7'),('WSS720','p7'),('WSS722','p7'),('WSS724','p7'),('WSS726','p7'),('WSS739','p7'),('WSS753','p7'),('WSS769','p7'),('WSS779','p7'),('WSS787','p7'),('WSS8','p7'),('WSS803','p7'),('WSS808','p7'),('WSS811','p7'),('WSS814','p7'),('WSS827','p7'),('WSS836','p7'),('WSS841','p7'),('WSS845','p7'),('WSS853','p7'),('WSS857','p7'),('WSS873','p7'),('WSS878','p7'),('WSS882','p7'),('WSS886','p7'),('WSS895','p7'),('WSS90','p7'),('WSS96','p7'),('WSS98','p7'),('WSS101','p8'),('WSS103','p8'),('WSS105','p8'),('WSS106','p8'),('WSS120','p8'),('WSS16','p8'),('WSS17','p8'),('WSS172','p8'),('WSS173','p8'),('WSS177','p8'),('WSS19','p8'),('WSS198','p8'),('WSS209','p8'),('WSS219','p8'),('WSS22','p8'),('WSS222','p8'),('WSS229','p8'),('WSS23','p8'),('WSS236','p8'),('WSS243','p8'),('WSS255','p8'),('WSS261','p8'),('WSS269','p8'),('WSS285','p8'),('WSS288','p8'),('WSS290','p8'),('WSS34','p8'),('WSS370','p8'),('WSS371','p8'),('WSS38','p8'),('WSS380','p8'),('WSS393','p8'),('WSS403','p8'),('WSS406','p8'),('WSS411','p8'),('WSS417','p8'),('WSS42','p8'),('WSS423','p8'),('WSS43','p8'),('WSS432','p8'),('WSS442','p8'),('WSS448','p8'),('WSS452','p8'),('WSS455','p8'),('WSS460','p8'),('WSS462','p8'),('WSS468','p8'),('WSS472','p8'),('WSS485','p8'),('WSS491','p8'),('WSS511','p8'),('WSS515','p8'),('WSS530','p8'),('WSS539','p8'),('WSS564','p8'),('WSS576','p8'),('WSS597','p8'),('WSS599','p8'),('WSS605','p8'),('WSS613','p8'),('WSS618','p8'),('WSS64','p8'),('WSS643','p8'),('WSS648','p8'),('WSS652','p8'),('WSS661','p8'),('WSS68','p8'),('WSS680','p8'),('WSS683','p8'),('WSS686','p8'),('WSS688','p8'),('WSS69','p8'),('WSS692','p8'),('WSS714','p8'),('WSS717','p8'),('WSS718','p8'),('WSS72','p8'),('WSS723','p8'),('WSS733','p8'),('WSS737','p8'),('WSS74','p8'),('WSS746','p8'),('WSS748','p8'),('WSS755','p8'),('WSS756','p8'),('WSS759','p8'),('WSS763','p8'),('WSS766','p8'),('WSS768','p8'),('WSS777','p8'),('WSS785','p8'),('WSS79','p8'),('WSS791','p8'),('WSS796','p8'),('WSS799','p8'),('WSS802','p8'),('WSS821','p8'),('WSS823','p8'),('WSS830','p8'),('WSS838','p8'),('WSS839','p8'),('WSS842','p8'),('WSS843','p8'),('WSS85','p8'),('WSS850','p8'),('WSS853','p8'),('WSS863','p8'),('WSS866','p8'),('WSS884','p8'),('WSS885','p8'),('WSS895','p8'),('WSS98','p8'),('WSS100','p9'),('WSS105','p9'),('WSS111','p9'),('WSS116','p9'),('WSS126','p9'),('WSS155','p9'),('WSS156','p9'),('WSS172','p9'),('WSS174','p9'),('WSS193','p9'),('WSS196','p9'),('WSS207','p9'),('WSS214','p9'),('WSS226','p9'),('WSS233','p9'),('WSS237','p9'),('WSS256','p9'),('WSS265','p9'),('WSS28','p9'),('WSS283','p9'),('WSS286','p9'),('WSS301','p9'),('WSS306','p9'),('WSS320','p9'),('WSS331','p9'),('WSS338','p9'),('WSS350','p9'),('WSS357','p9'),('WSS360','p9'),('WSS365','p9'),('WSS367','p9'),('WSS368','p9'),('WSS37','p9'),('WSS381','p9'),('WSS393','p9'),('WSS394','p9'),('WSS397','p9'),('WSS407','p9'),('WSS421','p9'),('WSS431','p9'),('WSS44','p9'),('WSS448','p9'),('WSS45','p9'),('WSS453','p9'),('WSS461','p9'),('WSS465','p9'),('WSS48','p9'),('WSS487','p9'),('WSS49','p9'),('WSS494','p9'),('WSS497','p9'),('WSS499','p9'),('WSS500','p9'),('WSS502','p9'),('WSS504','p9'),('WSS509','p9'),('WSS521','p9'),('WSS533','p9'),('WSS538','p9'),('WSS551','p9'),('WSS560','p9'),('WSS575','p9'),('WSS580','p9'),('WSS585','p9'),('WSS586','p9'),('WSS589','p9'),('WSS604','p9'),('WSS608','p9'),('WSS612','p9'),('WSS622','p9'),('WSS627','p9'),('WSS631','p9'),('WSS637','p9'),('WSS644','p9'),('WSS668','p9'),('WSS672','p9'),('WSS673','p9'),('WSS681','p9'),('WSS697','p9'),('WSS698','p9'),('WSS720','p9'),('WSS728','p9'),('WSS741','p9'),('WSS744','p9'),('WSS747','p9'),('WSS748','p9'),('WSS749','p9'),('WSS752','p9'),('WSS754','p9'),('WSS759','p9'),('WSS760','p9'),('WSS762','p9'),('WSS774','p9'),('WSS775','p9'),('WSS778','p9'),('WSS78','p9'),('WSS780','p9'),('WSS784','p9'),('WSS793','p9'),('WSS801','p9'),('WSS806','p9'),('WSS812','p9'),('WSS815','p9'),('WSS835','p9'),('WSS841','p9'),('WSS85','p9'),('WSS858','p9'),('WSS86','p9'),('WSS861','p9'),('WSS866','p9'),('WSS873','p9'),('WSS874','p9'),('WSS877','p9'),('WSS88','p9'),('WSS89','p9'),('WSS890','p9'),('WSS893','p9'),('WSS898','p9'),('WSS899','p9'),('WSS92','p9');
/*!40000 ALTER TABLE `outputparameter` ENABLE KEYS */;
UNLOCK TABLES;

--
-- Table structure for table `parameterhierarchy`
--

DROP TABLE IF EXISTS `parameterhierarchy`;
/*!40101 SET @saved_cs_client     = @@character_set_client */;
/*!50503 SET character_set_client = utf8mb4 */;
CREATE TABLE `parameterhierarchy` (
  `parentParameterID` varchar(10) NOT NULL,
  `childParameterID` varchar(10) NOT NULL,
  PRIMARY KEY (`parentParameterID`,`childParameterID`)
) ENGINE=InnoDB DEFAULT CHARSET=latin1;
/*!40101 SET character_set_client = @saved_cs_client */;

--
-- Dumping data for table `parameterhierarchy`
--

LOCK TABLES `parameterhierarchy` WRITE;
/*!40000 ALTER TABLE `parameterhierarchy` DISABLE KEYS */;
/*!40000 ALTER TABLE `parameterhierarchy` ENABLE KEYS */;
UNLOCK TABLES;

--
-- Table structure for table `parameterlist`
--

DROP TABLE IF EXISTS `parameterlist`;
/*!40101 SET @saved_cs_client     = @@character_set_client */;
/*!50503 SET character_set_client = utf8mb4 */;
CREATE TABLE `parameterlist` (
  `parameterID` varchar(10) NOT NULL,
  `parameterName` varchar(100) DEFAULT NULL,
  PRIMARY KEY (`parameterID`)
) ENGINE=InnoDB DEFAULT CHARSET=latin1;
/*!40101 SET character_set_client = @saved_cs_client */;

--
-- Dumping data for table `parameterlist`
--

LOCK TABLES `parameterlist` WRITE;
/*!40000 ALTER TABLE `parameterlist` DISABLE KEYS */;
INSERT INTO `parameterlist` VALUES ('p1','p1name'),('p10','p10name'),('p11','p11name'),('p12','p12name'),('p13','p13name'),('p14','p14name'),('p15','p15name'),('p16','p16name'),('p17','p17name'),('p18','p18name'),('p19','p19name'),('p2','p2name'),('p20','p20name'),('p21','p21name'),('p22','p22name'),('p23','p23name'),('p24','p24name'),('p25','p25name'),('p26','p26name'),('p27','p27name'),('p28','p28name'),('p29','p29name'),('p3','p3name'),('p30','p30name'),('p4','p4name'),('p5','p5name'),('p6','p6name'),('p7','p7name'),('p8','p8name'),('p9','p9name');
/*!40000 ALTER TABLE `parameterlist` ENABLE KEYS */;
UNLOCK TABLES;

--
-- Table structure for table `result`
--

DROP TABLE IF EXISTS `result`;
/*!40101 SET @saved_cs_client     = @@character_set_client */;
/*!50503 SET character_set_client = utf8mb4 */;
CREATE TABLE `result` (
  `transactionID` bigint NOT NULL,
  `stage` int NOT NULL,
  `webServiceID` varchar(10) NOT NULL,
  PRIMARY KEY (`transactionID`,`stage`,`webServiceID`)
) ENGINE=InnoDB DEFAULT CHARSET=latin1;
/*!40101 SET character_set_client = @saved_cs_client */;

--
-- Dumping data for table `result`
--

LOCK TABLES `result` WRITE;
/*!40000 ALTER TABLE `result` DISABLE KEYS */;
INSERT INTO `result` VALUES (1,1,'WSS732'),(1,2,'WSS224'),(2,1,'WSS712'),(2,2,'WSS890'),(3,1,'WSS517'),(3,2,'WSS561'),(4,1,'WSS303'),(4,2,'WSS198'),(5,1,'WSS370'),(5,2,'WSS66'),(6,1,'WSS536'),(6,2,'WSS400'),(7,1,'WSS94'),(7,2,'WSS732'),(8,1,'WSS743'),(8,2,'WSS291'),(9,1,'WSS757'),(9,2,'WSS774'),(10,1,'WSS525'),(10,2,'WSS232'),(11,1,'WSS806'),(11,2,'WSS84'),(12,1,'WSS21'),(12,1,'WSS248'),(13,1,'WSS289'),(13,2,'WSS275'),(14,1,'WSS756'),(14,2,'WSS44'),(15,1,'WSS510'),(15,2,'WSS283'),(16,1,'WSS278'),(16,2,'WSS288'),(17,1,'WSS573'),(17,2,'WSS39'),(18,1,'WSS127'),(18,2,'WSS288'),(19,1,'WSS743'),(19,2,'WSS736'),(20,1,'WSS30'),(20,2,'WSS83'),(21,1,'WSS265'),(21,2,'WSS246'),(22,1,'WSS232'),(22,2,'WSS283'),(23,1,'WSS708'),(23,2,'WSS756'),(23,3,'WSS409'),(24,1,'WSS743'),(24,2,'WSS574'),(25,1,'WSS37'),(25,2,'WSS826'),(26,1,'WSS798'),(26,2,'WSS821'),(27,1,'WSS206'),(27,2,'WSS85'),(28,1,'WSS545'),(28,2,'WSS701'),(29,1,'WSS598'),(29,2,'WSS727'),(30,1,'WSS886'),(30,2,'WSS177'),(1031,1,'ICP006'),(1031,1,'ICP110'),(1031,1,'ICP311'),(1031,2,'ICP500'),(1035,1,'ICP386'),(1035,2,'ICP466'),(1133,1,'ICP103'),(1133,2,'ICP341'),(1133,3,'ICP395'),(1136,1,'ICP110'),(1136,2,'ICP710'),(1141,1,'ICP311'),(1141,2,'ICP422'),(1288,1,'ICP001'),(1288,2,'ICP110'),(1291,1,'ICP110'),(1291,2,'ICP720'),(1293,1,'ICP110'),(1293,1,'ICP311'),(1293,2,'ICP500'),(1296,1,'ICP006'),(1296,1,'ICP103'),(1296,1,'ICP110'),(1296,1,'ICP311'),(1296,1,'ICP313'),(1296,2,'ICP341'),(1296,2,'ICP500'),(1296,3,'ICP395'),(1325,1,'ICP110'),(1325,2,'ICP680'),(1355,1,'ICP110'),(1355,2,'ICP469'),(1406,1,'ICP110'),(1435,1,'ICP006'),(1435,1,'ICP110'),(1435,1,'ICP311'),(1435,2,'ICP500'),(1509,1,'ICP001'),(1509,1,'ICP006'),(1509,2,'ICP002'),(1509,2,'ICP110'),(1509,3,'ICP311'),(1509,4,'ICP500'),(1572,1,'ICP103'),(1572,1,'ICP110'),(1572,1,'ICP386'),(1572,2,'ICP341'),(1572,2,'ICP395'),(1572,2,'ICP466'),(1572,2,'ICP620'),(1572,2,'ICP720'),(1572,3,'ICP445'),(1583,1,'ICP386'),(1583,2,'ICP466'),(1607,1,'ICP301'),(1607,1,'ICP341'),(1607,1,'ICP386'),(1607,2,'ICP481'),(1620,1,'ICP006'),(1620,1,'ICP110'),(1620,1,'ICP311'),(1620,2,'ICP500'),(1646,1,'ICP006'),(1646,1,'ICP110'),(1646,1,'ICP311'),(1646,2,'ICP469'),(1646,2,'ICP500'),(1733,1,'ICP311'),(1733,2,'ICP422'),(1797,1,'ICP386'),(1797,2,'ICP466'),(1851,1,'ICP003'),(1851,1,'ICP311'),(1851,2,'ICP313'),(1851,3,'ICP486'),(1981,1,'ICP110'),(1981,1,'ICP311'),(1981,2,'ICP500'),(2015,1,'ICP006'),(2015,1,'ICP110'),(2015,1,'ICP311'),(2015,2,'ICP500'),(2026,1,'ICP386'),(2026,2,'ICP466'),(2114,1,'ICP341'),(2114,2,'ICP395'),(2114,3,'ICP445'),(2280,1,'ICP103'),(2280,1,'ICP386'),(2280,2,'ICP341'),(2280,2,'ICP395'),(2280,2,'ICP466'),(2280,3,'ICP495'),(2317,1,'ICP313'),(2317,1,'ICP341'),(2317,1,'ICP680'),(2317,2,'ICP395'),(2317,3,'ICP445'),(2474,1,'ICP003'),(2474,1,'ICP311'),(2474,2,'ICP313'),(2474,3,'ICP486'),(2565,1,'ICP313'),(2565,1,'ICP341'),(2565,2,'ICP395'),(2565,3,'ICP445'),(2598,1,'ICP006'),(2598,1,'ICP110'),(2598,1,'ICP311'),(2598,1,'ICP313'),(2598,1,'ICP331'),(2598,2,'ICP500'),(2610,1,'ICP003'),(2610,1,'ICP311'),(2610,2,'ICP313'),(2610,3,'ICP486'),(2659,1,'ICP006'),(2659,1,'ICP110'),(2659,1,'ICP311'),(2659,2,'ICP469'),(2659,2,'ICP500'),(2675,1,'ICP386'),(2675,2,'ICP466'),(2711,1,'ICP103'),(2711,1,'ICP386'),(2711,2,'ICP341'),(2711,3,'ICP481'),(2779,1,'ICP003'),(2779,1,'ICP311'),(2779,2,'ICP313'),(2779,3,'ICP486'),(2985,1,'ICP103'),(3021,1,'ICP006'),(3021,1,'ICP110'),(3021,1,'ICP302'),(3021,2,'ICP500'),(3075,1,'ICP006'),(3075,1,'ICP110'),(3075,1,'ICP311'),(3075,2,'ICP500'),(3226,1,'ICP110'),(3226,2,'ICP818'),(3286,1,'ICP006'),(3286,1,'ICP110'),(3286,1,'ICP311'),(3286,2,'ICP500'),(3357,1,'ICP006'),(3357,1,'ICP110'),(3357,1,'ICP311'),(3357,2,'ICP500'),(3667,1,'ICP103'),(3667,1,'ICP301'),(3667,1,'ICP386'),(3667,2,'ICP341'),(3667,3,'ICP481'),(3668,1,'ICP103'),(3668,1,'ICP301'),(3668,1,'ICP386'),(3668,2,'ICP341'),(3668,3,'ICP481'),(3705,1,'ICP103'),(3705,1,'ICP301'),(3705,1,'ICP386'),(3705,2,'ICP341'),(3705,3,'ICP481'),(3718,1,'ICP001'),(3718,2,'ICP002'),(3718,2,'ICP110'),(3718,3,'ICP311'),(3718,4,'ICP819'),(3877,1,'ICP386'),(3948,1,'ICP006'),(3948,1,'ICP110'),(3948,1,'ICP311'),(3948,2,'ICP500'),(3969,1,'ICP301'),(3969,1,'ICP341'),(3969,1,'ICP386'),(3969,2,'ICP481'),(3971,1,'ICP386'),(3971,2,'ICP466'),(4112,1,'ICP006'),(4112,1,'ICP110'),(4112,1,'ICP311'),(4112,2,'ICP469'),(4112,2,'ICP500'),(4178,1,'ICP002'),(4178,1,'ICP110'),(4178,2,'ICP311'),(4178,3,'ICP819'),(4281,1,'ICP110'),(4281,2,'ICP469'),(4296,1,'ICP006'),(4296,1,'ICP110'),(4296,1,'ICP311'),(4296,2,'ICP469'),(4296,2,'ICP500'),(4375,1,'ICP003'),(4375,1,'ICP311'),(4375,2,'ICP313'),(4375,3,'ICP486'),(4589,1,'ICP006'),(4589,1,'ICP110'),(4589,1,'ICP311'),(4589,2,'ICP469'),(4589,2,'ICP500'),(4607,1,'ICP006'),(4607,1,'ICP110'),(4607,1,'ICP302'),(4607,2,'ICP500'),(4747,1,'ICP311'),(4747,1,'ICP313'),(4747,2,'ICP486'),(4775,1,'ICP110'),(4775,2,'ICP500'),(4934,1,'ICP103'),(4934,2,'ICP341'),(4978,1,'ICP103'),(4980,1,'ICP006'),(4980,1,'ICP110'),(4980,1,'ICP311'),(4980,2,'ICP469'),(4980,2,'ICP500'),(4980,2,'ICP720'),(4980,3,'ICP740'),(5049,1,'ICP006'),(5049,1,'ICP110'),(5049,1,'ICP311'),(5049,2,'ICP500'),(5417,1,'ICP301'),(5417,1,'ICP341'),(5417,1,'ICP386'),(5417,2,'ICP481'),(5448,1,'ICP386'),(5448,2,'ICP466'),(5450,1,'ICP103'),(5450,1,'ICP110'),(5450,1,'ICP386'),(5450,1,'ICP817'),(5450,2,'ICP341'),(5450,2,'ICP395'),(5450,2,'ICP466'),(5450,2,'ICP620'),(5450,2,'ICP720'),(5450,3,'ICP445'),(5450,3,'ICP815'),(5461,1,'ICP002'),(5461,1,'ICP006'),(5461,1,'ICP110'),(5461,1,'ICP302'),(5461,2,'ICP500'),(5461,2,'ICP720'),(5461,3,'ICP740'),(5472,1,'ICP110'),(5472,2,'ICP818'),(5497,1,'ICP103'),(5497,2,'ICP341'),(5569,1,'ICP386'),(5569,2,'ICP466'),(5571,1,'ICP103'),(5571,2,'ICP810'),(5757,1,'ICP386'),(5757,2,'ICP466'),(5779,1,'ICP006'),(5779,1,'ICP110'),(5779,1,'ICP302'),(5779,2,'ICP500'),(5814,1,'ICP006'),(5814,1,'ICP110'),(5814,1,'ICP311'),(5814,2,'ICP500'),(5897,1,'ICP110'),(5897,2,'ICP710'),(5966,1,'ICP103'),(5966,1,'ICP301'),(5966,1,'ICP386'),(5966,2,'ICP341'),(5966,3,'ICP481'),(6032,1,'ICP386'),(6032,2,'ICP466'),(6279,1,'ICP006'),(6279,1,'ICP110'),(6279,1,'ICP311'),(6279,2,'ICP469'),(6279,2,'ICP500'),(6294,1,'ICP006'),(6294,1,'ICP110'),(6294,1,'ICP311'),(6294,2,'ICP500'),(6325,1,'ICP002'),(6325,2,'ICP003'),(6363,1,'ICP006'),(6363,1,'ICP110'),(6363,1,'ICP311'),(6363,2,'ICP469'),(6363,2,'ICP500'),(6437,1,'ICP103'),(6437,1,'ICP301'),(6437,1,'ICP386'),(6437,2,'ICP341'),(6437,3,'ICP481'),(6533,1,'ICP006'),(6533,1,'ICP110'),(6533,1,'ICP311'),(6533,2,'ICP469'),(6533,2,'ICP500'),(6574,1,'ICP002'),(6574,1,'ICP110'),(6574,2,'ICP311'),(6574,3,'ICP819'),(6604,1,'ICP103'),(6604,1,'ICP386'),(6604,2,'ICP341'),(6604,3,'ICP481'),(6679,1,'ICP003'),(6679,1,'ICP311'),(6679,2,'ICP313'),(6679,3,'ICP486'),(6692,1,'ICP103'),(6692,1,'ICP386'),(6692,1,'ICP465'),(6692,2,'ICP341'),(6692,3,'ICP481'),(6874,1,'ICP467'),(6898,1,'ICP103'),(6898,1,'ICP386'),(6898,2,'ICP341'),(6898,3,'ICP481'),(6922,1,'ICP313'),(6922,1,'ICP341'),(6922,2,'ICP395'),(6974,1,'ICP110'),(6974,2,'ICP469'),(7056,1,'ICP006'),(7056,1,'ICP110'),(7056,1,'ICP311'),(7056,1,'ICP341'),(7056,2,'ICP395'),(7056,2,'ICP500'),(7056,2,'ICP720'),(7056,3,'ICP445'),(7056,3,'ICP740'),(7107,1,'ICP311'),(7107,1,'ICP313'),(7107,2,'ICP486'),(7159,1,'ICP311'),(7159,2,'ICP422'),(7196,1,'ICP103'),(7196,2,'ICP341'),(7196,2,'ICP395'),(7196,3,'ICP495'),(7227,1,'ICP103'),(7227,1,'ICP110'),(7227,1,'ICP301'),(7227,1,'ICP311'),(7227,1,'ICP386'),(7227,2,'ICP341'),(7227,2,'ICP500'),(7227,3,'ICP481'),(7297,1,'ICP386'),(7297,2,'ICP466'),(7326,1,'ICP006'),(7326,1,'ICP110'),(7326,1,'ICP311'),(7326,2,'ICP500'),(7398,1,'ICP002'),(7398,1,'ICP006'),(7398,1,'ICP103'),(7398,1,'ICP110'),(7398,2,'ICP311'),(7398,2,'ICP720'),(7398,2,'ICP810'),(7398,3,'ICP500'),(7398,3,'ICP819'),(7398,4,'ICP740'),(7420,1,'ICP006'),(7420,1,'ICP311'),(7420,2,'ICP500'),(7484,1,'ICP006'),(7484,1,'ICP110'),(7484,1,'ICP311'),(7484,2,'ICP469'),(7484,2,'ICP500'),(7515,1,'ICP006'),(7515,1,'ICP110'),(7515,1,'ICP311'),(7515,2,'ICP469'),(7515,2,'ICP500'),(7593,1,'ICP301'),(7593,1,'ICP341'),(7593,1,'ICP386'),(7593,2,'ICP481'),(7645,1,'ICP001'),(7645,1,'ICP006'),(7645,2,'ICP002'),(7645,2,'ICP110'),(7645,3,'ICP311'),(7645,4,'ICP500'),(7720,1,'ICP006'),(7720,1,'ICP311'),(7720,1,'ICP720'),(7720,2,'ICP500'),(7720,3,'ICP740'),(7769,1,'ICP103'),(7769,2,'ICP341'),(7797,1,'ICP006'),(7797,1,'ICP110'),(7797,1,'ICP302'),(7797,2,'ICP500'),(7797,2,'ICP720'),(7817,1,'ICP006'),(7817,1,'ICP311'),(7817,2,'ICP500'),(7821,1,'ICP006'),(7821,1,'ICP110'),(7821,1,'ICP311'),(7821,2,'ICP500'),(7831,1,'ICP006'),(7831,1,'ICP311'),(7831,2,'ICP500'),(7832,1,'ICP006'),(7832,1,'ICP110'),(7832,1,'ICP311'),(7832,2,'ICP500'),(8030,1,'ICP386'),(8030,2,'ICP466'),(8062,1,'ICP006'),(8062,1,'ICP110'),(8062,1,'ICP311'),(8062,2,'ICP500'),(8155,1,'ICP006'),(8155,1,'ICP110'),(8155,1,'ICP311'),(8155,2,'ICP469'),(8155,2,'ICP500'),(8306,1,'ICP006'),(8306,1,'ICP110'),(8306,1,'ICP311'),(8306,2,'ICP500'),(8509,1,'ICP467'),(8527,1,'ICP110'),(8527,2,'ICP500'),(8628,1,'ICP103'),(8628,1,'ICP301'),(8628,1,'ICP386'),(8628,2,'ICP341'),(8628,3,'ICP481'),(8647,1,'ICP103'),(8647,2,'ICP341'),(8688,1,'ICP103'),(8688,1,'ICP301'),(8688,1,'ICP386'),(8688,2,'ICP341'),(8688,3,'ICP481'),(8877,1,'ICP386'),(8877,2,'ICP466'),(8889,1,'ICP110'),(8889,2,'ICP620'),(8941,1,'ICP103'),(8941,2,'ICP341'),(8941,2,'ICP395'),(8941,3,'ICP495'),(8952,1,'ICP103'),(8952,1,'ICP386'),(8952,2,'ICP341'),(8952,3,'ICP481'),(8959,1,'ICP103'),(8959,2,'ICP341'),(9050,1,'ICP006'),(9050,1,'ICP110'),(9050,1,'ICP311'),(9050,2,'ICP500'),(9076,1,'ICP004'),(9076,2,'ICP005'),(9076,3,'ICP331'),(9117,1,'ICP110'),(9117,2,'ICP469'),(9185,1,'ICP341'),(9185,2,'ICP395'),(9185,3,'ICP445'),(9249,1,'ICP006'),(9249,1,'ICP110'),(9249,1,'ICP311'),(9249,2,'ICP500'),(9249,2,'ICP720'),(9306,1,'ICP006'),(9306,1,'ICP110'),(9306,1,'ICP302'),(9306,2,'ICP500'),(9325,1,'ICP386'),(9422,1,'ICP110'),(9422,2,'ICP469'),(9451,1,'ICP006'),(9451,1,'ICP110'),(9451,1,'ICP311'),(9451,1,'ICP341'),(9451,2,'ICP395'),(9451,2,'ICP500'),(9451,2,'ICP720'),(9451,3,'ICP445'),(9451,3,'ICP740'),(9524,1,'ICP001'),(9524,1,'ICP006'),(9524,2,'ICP002'),(9524,2,'ICP110'),(9524,3,'ICP311'),(9524,4,'ICP500'),(9784,1,'ICP110'),(9784,2,'ICP469'),(9797,1,'ICP103'),(9797,2,'ICP341'),(9812,1,'ICP311'),(9812,1,'ICP313'),(9812,2,'ICP486'),(9814,1,'ICP006'),(9814,1,'ICP110'),(9814,1,'ICP311'),(9814,2,'ICP500'),(9868,1,'ICP006'),(9868,1,'ICP110'),(9868,1,'ICP311'),(9868,2,'ICP500'),(9968,1,'ICP103'),(9968,1,'ICP301'),(9968,1,'ICP386'),(9968,2,'ICP341'),(9968,3,'ICP481'),(9978,1,'ICP311'),(9978,1,'ICP313'),(9978,2,'ICP486'),(111174351,1,'ICP001'),(111174351,2,'ICP002'),(111174351,3,'ICP003'),(111174351,3,'ICP311'),(111174351,4,'ICP313'),(111174351,5,'ICP486'),(112793854,1,'ICP006'),(112793854,1,'ICP110'),(112793854,1,'ICP311'),(112793854,2,'ICP500'),(125202274,1,'ICP001'),(125202274,1,'ICP103'),(125202274,2,'ICP301'),(125202274,2,'ICP341'),(125202274,2,'ICP386'),(125202274,3,'ICP481'),(137852438,1,'ICP006'),(137852438,1,'ICP110'),(137852438,1,'ICP311'),(137852438,2,'ICP500'),(141922012,1,'ICP002'),(141922012,2,'ICP003'),(141922012,2,'ICP311'),(141922012,3,'ICP313'),(141922012,4,'ICP486'),(164821430,1,'ICP001'),(164821430,2,'ICP002'),(164821430,3,'ICP003'),(164821430,3,'ICP311'),(164821430,4,'ICP313'),(164821430,5,'ICP486'),(166203121,1,'ICP001'),(166203121,1,'ICP006'),(166203121,1,'ICP200'),(166203121,2,'ICP002'),(166203121,2,'ICP110'),(166203121,2,'ICP720'),(166203121,3,'ICP311'),(166203121,4,'ICP500'),(166203121,4,'ICP819'),(166203121,5,'ICP740'),(178957047,1,'ICP110'),(178957047,2,'ICP469'),(192081592,1,'ICP006'),(192081592,1,'ICP200'),(192081592,1,'ICP311'),(192081592,2,'ICP500'),(192081592,2,'ICP720'),(192081592,3,'ICP740'),(196046272,1,'ICP002'),(196046272,1,'ICP006'),(196046272,1,'ICP110'),(196046272,2,'ICP311'),(196046272,2,'ICP469'),(196046272,3,'ICP500'),(222936116,1,'ICP006'),(222936116,1,'ICP200'),(222936116,1,'ICP311'),(222936116,2,'ICP500'),(222936116,2,'ICP720'),(222936116,2,'ICP819'),(222936116,3,'ICP740'),(258370250,1,'ICP006'),(258370250,1,'ICP200'),(258370250,1,'ICP311'),(258370250,2,'ICP500'),(258370250,2,'ICP720'),(258370250,2,'ICP818'),(258370250,2,'ICP819'),(258370250,3,'ICP740'),(285611992,1,'ICP006'),(285611992,1,'ICP110'),(285611992,1,'ICP200'),(285611992,1,'ICP311'),(285611992,2,'ICP500'),(285611992,2,'ICP720'),(285611992,3,'ICP740'),(287034437,1,'ICP006'),(287034437,1,'ICP200'),(287034437,1,'ICP311'),(287034437,2,'ICP500'),(287034437,2,'ICP720'),(287034437,2,'ICP819'),(287034437,3,'ICP740'),(291687847,1,'ICP006'),(291687847,1,'ICP200'),(291687847,1,'ICP311'),(291687847,2,'ICP500'),(291687847,2,'ICP720'),(291687847,2,'ICP819'),(291687847,3,'ICP740'),(292870227,1,'ICP001'),(292870227,1,'ICP006'),(292870227,1,'ICP720'),(292870227,2,'ICP002'),(292870227,2,'ICP110'),(292870227,3,'ICP311'),(292870227,4,'ICP500'),(292870227,5,'ICP740'),(316379525,1,'ICP110'),(316379525,1,'ICP311'),(316379525,2,'ICP361'),(316379525,3,'ICP461'),(324432052,1,'ICP001'),(324432052,2,'ICP002'),(324432052,3,'ICP003'),(324432052,3,'ICP311'),(324432052,4,'ICP313'),(324432052,5,'ICP486'),(348444351,1,'ICP311'),(348444351,1,'ICP313'),(348444351,2,'ICP486'),(356640298,1,'ICP469'),(356640298,1,'ICP818'),(356640298,2,'ICP660'),(362849335,1,'ICP006'),(362849335,1,'ICP200'),(362849335,1,'ICP311'),(362849335,2,'ICP500'),(362849335,2,'ICP720'),(362849335,2,'ICP818'),(362849335,3,'ICP740'),(370058038,1,'ICP006'),(370058038,1,'ICP110'),(370058038,1,'ICP311'),(370058038,2,'ICP469'),(370058038,2,'ICP500'),(410309476,1,'ICP001'),(410309476,1,'ICP006'),(410309476,1,'ICP200'),(410309476,2,'ICP002'),(410309476,2,'ICP720'),(410309476,3,'ICP311'),(410309476,4,'ICP500'),(410309476,4,'ICP819'),(410309476,5,'ICP740'),(411681300,1,'ICP006'),(411681300,1,'ICP200'),(411681300,1,'ICP311'),(411681300,2,'ICP500'),(411681300,2,'ICP720'),(411681300,2,'ICP819'),(411681300,3,'ICP740'),(413889315,1,'ICP002'),(413889315,2,'ICP003'),(413889315,2,'ICP311'),(413889315,3,'ICP313'),(413889315,4,'ICP486'),(435075950,1,'ICP002'),(435075950,1,'ICP006'),(435075950,1,'ICP110'),(435075950,1,'ICP720'),(435075950,2,'ICP311'),(435075950,3,'ICP500'),(435075950,4,'ICP740'),(442506203,1,'ICP006'),(442506203,1,'ICP110'),(442506203,1,'ICP311'),(442506203,2,'ICP469'),(442506203,2,'ICP500'),(448741355,1,'ICP001'),(448741355,2,'ICP002'),(448741355,3,'ICP003'),(448741355,3,'ICP311'),(448741355,4,'ICP313'),(448741355,5,'ICP486'),(452470039,1,'ICP006'),(452470039,1,'ICP110'),(452470039,1,'ICP311'),(452470039,2,'ICP500'),(495404878,1,'ICP006'),(495404878,1,'ICP110'),(495404878,1,'ICP200'),(495404878,1,'ICP302'),(495404878,2,'ICP500'),(495404878,2,'ICP720'),(495404878,3,'ICP740'),(496776246,1,'ICP103'),(496776246,2,'ICP341'),(496776246,3,'ICP403'),(497270695,1,'ICP001'),(497270695,1,'ICP103'),(497270695,2,'ICP301'),(497270695,2,'ICP341'),(497270695,2,'ICP386'),(497270695,3,'ICP481'),(506023024,1,'ICP680'),(516484914,1,'ICP006'),(516484914,1,'ICP200'),(516484914,1,'ICP311'),(516484914,2,'ICP500'),(516484914,2,'ICP720'),(516484914,3,'ICP740'),(524497078,1,'ICP006'),(524497078,1,'ICP200'),(524497078,1,'ICP311'),(524497078,2,'ICP500'),(524497078,2,'ICP720'),(524497078,2,'ICP819'),(524497078,3,'ICP740'),(532135187,1,'ICP200'),(532135187,2,'ICP720'),(532135187,3,'ICP811'),(532135187,4,'ICP813'),(561361210,1,'ICP006'),(561361210,1,'ICP200'),(561361210,1,'ICP311'),(561361210,2,'ICP500'),(561361210,2,'ICP720'),(561361210,2,'ICP819'),(561361210,3,'ICP740'),(578460210,1,'ICP110'),(578460210,2,'ICP469'),(601145152,1,'ICP006'),(601145152,1,'ICP200'),(601145152,1,'ICP311'),(601145152,2,'ICP500'),(601145152,2,'ICP720'),(601145152,2,'ICP819'),(601145152,3,'ICP740'),(630767823,1,'ICP006'),(630767823,1,'ICP200'),(630767823,1,'ICP311'),(630767823,2,'ICP500'),(630767823,2,'ICP720'),(630767823,2,'ICP819'),(630767823,3,'ICP740'),(658685554,1,'ICP006'),(658685554,1,'ICP200'),(658685554,1,'ICP311'),(658685554,2,'ICP500'),(658685554,2,'ICP720'),(658685554,3,'ICP740'),(659691843,1,'ICP006'),(659691843,1,'ICP200'),(659691843,1,'ICP311'),(659691843,2,'ICP500'),(659691843,2,'ICP720'),(659691843,3,'ICP740'),(664758087,1,'ICP006'),(664758087,1,'ICP200'),(664758087,1,'ICP311'),(664758087,2,'ICP500'),(664758087,2,'ICP720'),(664758087,2,'ICP819'),(664758087,3,'ICP740'),(669457938,1,'ICP006'),(669457938,1,'ICP200'),(669457938,1,'ICP311'),(669457938,2,'ICP500'),(669457938,2,'ICP720'),(669457938,3,'ICP740'),(683869712,1,'ICP006'),(683869712,1,'ICP200'),(683869712,1,'ICP311'),(683869712,2,'ICP500'),(683869712,2,'ICP720'),(683869712,2,'ICP819'),(683869712,3,'ICP740'),(716407017,1,'ICP006'),(716407017,1,'ICP110'),(716407017,1,'ICP311'),(716407017,1,'ICP720'),(716407017,2,'ICP500'),(716407017,2,'ICP811'),(716407017,3,'ICP813'),(726508464,1,'ICP006'),(726508464,1,'ICP110'),(726508464,1,'ICP311'),(726508464,2,'ICP469'),(726508464,2,'ICP500'),(739074091,1,'ICP006'),(739074091,1,'ICP200'),(739074091,1,'ICP311'),(739074091,2,'ICP500'),(739074091,2,'ICP720'),(739074091,3,'ICP740'),(739546796,1,'ICP006'),(739546796,1,'ICP200'),(739546796,1,'ICP311'),(739546796,2,'ICP500'),(739546796,2,'ICP720'),(739546796,3,'ICP740'),(742695516,1,'ICP001'),(742695516,2,'ICP110'),(742695516,2,'ICP302'),(742695516,3,'ICP500'),(749479466,1,'ICP103'),(749479466,1,'ICP301'),(749479466,1,'ICP386'),(749479466,2,'ICP341'),(749479466,3,'ICP481'),(759784803,1,'ICP001'),(759784803,1,'ICP006'),(759784803,2,'ICP110'),(759784803,2,'ICP302'),(759784803,3,'ICP500'),(784019298,1,'ICP001'),(784019298,1,'ICP103'),(784019298,2,'ICP301'),(784019298,2,'ICP341'),(784019298,2,'ICP386'),(784019298,3,'ICP481'),(809869431,1,'ICP006'),(809869431,1,'ICP110'),(809869431,1,'ICP311'),(809869431,2,'ICP500'),(833064024,1,'ICP001'),(833064024,1,'ICP006'),(833064024,1,'ICP720'),(833064024,2,'ICP002'),(833064024,2,'ICP110'),(833064024,3,'ICP311'),(833064024,4,'ICP500'),(833064024,5,'ICP740'),(882961008,1,'ICP006'),(882961008,1,'ICP110'),(882961008,1,'ICP311'),(882961008,2,'ICP500'),(916025637,1,'ICP001'),(916025637,2,'ICP110'),(916025637,3,'ICP469'),(960676621,1,'ICP006'),(960676621,1,'ICP200'),(960676621,1,'ICP311'),(960676621,2,'ICP500'),(960676621,2,'ICP720'),(960676621,3,'ICP740'),(971245096,1,'ICP006'),(971245096,1,'ICP110'),(971245096,1,'ICP311'),(971245096,2,'ICP469'),(971245096,2,'ICP500');
/*!40000 ALTER TABLE `result` ENABLE KEYS */;
UNLOCK TABLES;

--
-- Table structure for table `rhs`
--

DROP TABLE IF EXISTS `rhs`;
/*!40101 SET @saved_cs_client     = @@character_set_client */;
/*!50503 SET character_set_client = utf8mb4 */;
CREATE TABLE `rhs` (
  `ruleid` int NOT NULL,
  `courseid` varchar(10) NOT NULL,
  PRIMARY KEY (`ruleid`,`courseid`)
) ENGINE=InnoDB DEFAULT CHARSET=latin1;
/*!40101 SET character_set_client = @saved_cs_client */;

--
-- Dumping data for table `rhs`
--

LOCK TABLES `rhs` WRITE;
/*!40000 ALTER TABLE `rhs` DISABLE KEYS */;
INSERT INTO `rhs` VALUES (1,'ICP110'),(2,'ICP311'),(3,'ICP500'),(4,'ICP311'),(5,'ICP500'),(6,'ICP500'),(7,'ICP311'),(8,'ICP500'),(9,'ICP500'),(10,'ICP500'),(11,'ICP500');
/*!40000 ALTER TABLE `rhs` ENABLE KEYS */;
UNLOCK TABLES;

--
-- Table structure for table `ruleinfo`
--

DROP TABLE IF EXISTS `ruleinfo`;
/*!40101 SET @saved_cs_client     = @@character_set_client */;
/*!50503 SET character_set_client = utf8mb4 */;
CREATE TABLE `ruleinfo` (
  `ruleid` int NOT NULL,
  `support` float DEFAULT NULL,
  `confidence` float DEFAULT NULL,
  `lift` float DEFAULT NULL,
  `count` int DEFAULT NULL,
  PRIMARY KEY (`ruleid`)
) ENGINE=InnoDB DEFAULT CHARSET=latin1;
/*!40101 SET character_set_client = @saved_cs_client */;

--
-- Dumping data for table `ruleinfo`
--

LOCK TABLES `ruleinfo` WRITE;
/*!40000 ALTER TABLE `ruleinfo` DISABLE KEYS */;
INSERT INTO `ruleinfo` VALUES (1,0.2,0.719101,1.53765,3),(2,0.2,0.910112,1.69382,3),(3,0.2,1,2.11579,3),(4,0.2,0.670213,1.24734,3),(5,0.2,0.744681,1.57559,3),(6,0.2,0.777778,1.64561,3),(7,0.2,0.875,1.62847,3),(8,0.2,1,2.11579,3),(9,0.2,1,2.11579,3),(10,0.2,0.936508,1.98145,3),(11,0.2,1,2.11579,3);
/*!40000 ALTER TABLE `ruleinfo` ENABLE KEYS */;
UNLOCK TABLES;

--
-- Table structure for table `webservicelist`
--

DROP TABLE IF EXISTS `webservicelist`;
/*!40101 SET @saved_cs_client     = @@character_set_client */;
/*!50503 SET character_set_client = utf8mb4 */;
CREATE TABLE `webservicelist` (
  `webServiceID` varchar(10) NOT NULL,
  `webServiceName` varchar(100) DEFAULT NULL,
  `reputation` float DEFAULT NULL,
  `price` float DEFAULT NULL,
  `duration` int DEFAULT NULL,
  `provider` varchar(50) DEFAULT NULL,
  `url` varchar(100) DEFAULT NULL,
  PRIMARY KEY (`webServiceID`)
) ENGINE=InnoDB DEFAULT CHARSET=latin1;
/*!40101 SET character_set_client = @saved_cs_client */;

--
-- Dumping data for table `webservicelist`
--

LOCK TABLES `webservicelist` WRITE;
/*!40000 ALTER TABLE `webservicelist` DISABLE KEYS */;
INSERT INTO `webservicelist` VALUES ('WSS1','WSS1Name',3,1,3,'serviceprovider','https://serviceprovider.com'),('WSS10','WSS10Name',3,1,3,'serviceprovider','https://serviceprovider.com'),('WSS100','WSS100Name',3,1,3,'serviceprovider','https://serviceprovider.com'),('WSS101','WSS101Name',3,1,3,'serviceprovider','https://serviceprovider.com'),('WSS102','WSS102Name',3,1,3,'serviceprovider','https://serviceprovider.com'),('WSS103','WSS103Name',3,1,3,'serviceprovider','https://serviceprovider.com'),('WSS104','WSS104Name',3,1,3,'serviceprovider','https://serviceprovider.com'),('WSS105','WSS105Name',3,1,3,'serviceprovider','https://serviceprovider.com'),('WSS106','WSS106Name',3,1,3,'serviceprovider','https://serviceprovider.com'),('WSS107','WSS107Name',3,1,3,'serviceprovider','https://serviceprovider.com'),('WSS108','WSS108Name',3,1,3,'serviceprovider','https://serviceprovider.com'),('WSS109','WSS109Name',3,1,3,'serviceprovider','https://serviceprovider.com'),('WSS11','WSS11Name',3,1,3,'serviceprovider','https://serviceprovider.com'),('WSS110','WSS110Name',3,1,3,'serviceprovider','https://serviceprovider.com'),('WSS111','WSS111Name',3,1,3,'serviceprovider','https://serviceprovider.com'),('WSS112','WSS112Name',3,1,3,'serviceprovider','https://serviceprovider.com'),('WSS113','WSS113Name',3,1,3,'serviceprovider','https://serviceprovider.com'),('WSS114','WSS114Name',3,1,3,'serviceprovider','https://serviceprovider.com'),('WSS115','WSS115Name',3,1,3,'serviceprovider','https://serviceprovider.com'),('WSS116','WSS116Name',3,1,3,'serviceprovider','https://serviceprovider.com'),('WSS117','WSS117Name',3,1,3,'serviceprovider','https://serviceprovider.com'),('WSS118','WSS118Name',3,1,3,'serviceprovider','https://serviceprovider.com'),('WSS119','WSS119Name',3,1,3,'serviceprovider','https://serviceprovider.com'),('WSS12','WSS12Name',3,1,3,'serviceprovider','https://serviceprovider.com'),('WSS120','WSS120Name',3,1,3,'serviceprovider','https://serviceprovider.com'),('WSS121','WSS121Name',3,1,3,'serviceprovider','https://serviceprovider.com'),('WSS122','WSS122Name',3,1,3,'serviceprovider','https://serviceprovider.com'),('WSS123','WSS123Name',3,1,3,'serviceprovider','https://serviceprovider.com'),('WSS124','WSS124Name',3,1,3,'serviceprovider','https://serviceprovider.com'),('WSS125','WSS125Name',3,1,3,'serviceprovider','https://serviceprovider.com'),('WSS126','WSS126Name',3,1,3,'serviceprovider','https://serviceprovider.com'),('WSS127','WSS127Name',3,1,3,'serviceprovider','https://serviceprovider.com'),('WSS128','WSS128Name',3,1,3,'serviceprovider','https://serviceprovider.com'),('WSS129','WSS129Name',3,1,3,'serviceprovider','https://serviceprovider.com'),('WSS13','WSS13Name',3,1,3,'serviceprovider','https://serviceprovider.com'),('WSS130','WSS130Name',3,1,3,'serviceprovider','https://serviceprovider.com'),('WSS131','WSS131Name',3,1,3,'serviceprovider','https://serviceprovider.com'),('WSS132','WSS132Name',3,1,3,'serviceprovider','https://serviceprovider.com'),('WSS133','WSS133Name',3,1,3,'serviceprovider','https://serviceprovider.com'),('WSS134','WSS134Name',3,1,3,'serviceprovider','https://serviceprovider.com'),('WSS135','WSS135Name',3,1,3,'serviceprovider','https://serviceprovider.com'),('WSS136','WSS136Name',3,1,3,'serviceprovider','https://serviceprovider.com'),('WSS137','WSS137Name',3,1,3,'serviceprovider','https://serviceprovider.com'),('WSS138','WSS138Name',3,1,3,'serviceprovider','https://serviceprovider.com'),('WSS139','WSS139Name',3,1,3,'serviceprovider','https://serviceprovider.com'),('WSS14','WSS14Name',3,1,3,'serviceprovider','https://serviceprovider.com'),('WSS140','WSS140Name',3,1,3,'serviceprovider','https://serviceprovider.com'),('WSS141','WSS141Name',3,1,3,'serviceprovider','https://serviceprovider.com'),('WSS142','WSS142Name',3,1,3,'serviceprovider','https://serviceprovider.com'),('WSS143','WSS143Name',3,1,3,'serviceprovider','https://serviceprovider.com'),('WSS144','WSS144Name',3,1,3,'serviceprovider','https://serviceprovider.com'),('WSS145','WSS145Name',3,1,3,'serviceprovider','https://serviceprovider.com'),('WSS146','WSS146Name',3,1,3,'serviceprovider','https://serviceprovider.com'),('WSS147','WSS147Name',3,1,3,'serviceprovider','https://serviceprovider.com'),('WSS148','WSS148Name',3,1,3,'serviceprovider','https://serviceprovider.com'),('WSS149','WSS149Name',3,1,3,'serviceprovider','https://serviceprovider.com'),('WSS15','WSS15Name',3,1,3,'serviceprovider','https://serviceprovider.com'),('WSS150','WSS150Name',3,1,3,'serviceprovider','https://serviceprovider.com'),('WSS151','WSS151Name',3,1,3,'serviceprovider','https://serviceprovider.com'),('WSS152','WSS152Name',3,1,3,'serviceprovider','https://serviceprovider.com'),('WSS153','WSS153Name',3,1,3,'serviceprovider','https://serviceprovider.com'),('WSS154','WSS154Name',3,1,3,'serviceprovider','https://serviceprovider.com'),('WSS155','WSS155Name',3,1,3,'serviceprovider','https://serviceprovider.com'),('WSS156','WSS156Name',3,1,3,'serviceprovider','https://serviceprovider.com'),('WSS157','WSS157Name',3,1,3,'serviceprovider','https://serviceprovider.com'),('WSS158','WSS158Name',3,1,3,'serviceprovider','https://serviceprovider.com'),('WSS159','WSS159Name',3,1,3,'serviceprovider','https://serviceprovider.com'),('WSS16','WSS16Name',3,1,3,'serviceprovider','https://serviceprovider.com'),('WSS160','WSS160Name',3,1,3,'serviceprovider','https://serviceprovider.com'),('WSS161','WSS161Name',3,1,3,'serviceprovider','https://serviceprovider.com'),('WSS162','WSS162Name',3,1,3,'serviceprovider','https://serviceprovider.com'),('WSS163','WSS163Name',3,1,3,'serviceprovider','https://serviceprovider.com'),('WSS164','WSS164Name',3,1,3,'serviceprovider','https://serviceprovider.com'),('WSS165','WSS165Name',3,1,3,'serviceprovider','https://serviceprovider.com'),('WSS166','WSS166Name',3,1,3,'serviceprovider','https://serviceprovider.com'),('WSS167','WSS167Name',3,1,3,'serviceprovider','https://serviceprovider.com'),('WSS168','WSS168Name',3,1,3,'serviceprovider','https://serviceprovider.com'),('WSS169','WSS169Name',3,1,3,'serviceprovider','https://serviceprovider.com'),('WSS17','WSS17Name',3,1,3,'serviceprovider','https://serviceprovider.com'),('WSS170','WSS170Name',3,1,3,'serviceprovider','https://serviceprovider.com'),('WSS171','WSS171Name',3,1,3,'serviceprovider','https://serviceprovider.com'),('WSS172','WSS172Name',3,1,3,'serviceprovider','https://serviceprovider.com'),('WSS173','WSS173Name',3,1,3,'serviceprovider','https://serviceprovider.com'),('WSS174','WSS174Name',3,1,3,'serviceprovider','https://serviceprovider.com'),('WSS175','WSS175Name',3,1,3,'serviceprovider','https://serviceprovider.com'),('WSS176','WSS176Name',3,1,3,'serviceprovider','https://serviceprovider.com'),('WSS177','WSS177Name',3,1,3,'serviceprovider','https://serviceprovider.com'),('WSS178','WSS178Name',3,1,3,'serviceprovider','https://serviceprovider.com'),('WSS179','WSS179Name',3,1,3,'serviceprovider','https://serviceprovider.com'),('WSS18','WSS18Name',3,1,3,'serviceprovider','https://serviceprovider.com'),('WSS180','WSS180Name',3,1,3,'serviceprovider','https://serviceprovider.com'),('WSS181','WSS181Name',3,1,3,'serviceprovider','https://serviceprovider.com'),('WSS182','WSS182Name',3,1,3,'serviceprovider','https://serviceprovider.com'),('WSS183','WSS183Name',3,1,3,'serviceprovider','https://serviceprovider.com'),('WSS184','WSS184Name',3,1,3,'serviceprovider','https://serviceprovider.com'),('WSS185','WSS185Name',3,1,3,'serviceprovider','https://serviceprovider.com'),('WSS186','WSS186Name',3,1,3,'serviceprovider','https://serviceprovider.com'),('WSS187','WSS187Name',3,1,3,'serviceprovider','https://serviceprovider.com'),('WSS188','WSS188Name',3,1,3,'serviceprovider','https://serviceprovider.com'),('WSS189','WSS189Name',3,1,3,'serviceprovider','https://serviceprovider.com'),('WSS19','WSS19Name',3,1,3,'serviceprovider','https://serviceprovider.com'),('WSS190','WSS190Name',3,1,3,'serviceprovider','https://serviceprovider.com'),('WSS191','WSS191Name',3,1,3,'serviceprovider','https://serviceprovider.com'),('WSS192','WSS192Name',3,1,3,'serviceprovider','https://serviceprovider.com'),('WSS193','WSS193Name',3,1,3,'serviceprovider','https://serviceprovider.com'),('WSS194','WSS194Name',3,1,3,'serviceprovider','https://serviceprovider.com'),('WSS195','WSS195Name',3,1,3,'serviceprovider','https://serviceprovider.com'),('WSS196','WSS196Name',3,1,3,'serviceprovider','https://serviceprovider.com'),('WSS197','WSS197Name',3,1,3,'serviceprovider','https://serviceprovider.com'),('WSS198','WSS198Name',3,1,3,'serviceprovider','https://serviceprovider.com'),('WSS199','WSS199Name',3,1,3,'serviceprovider','https://serviceprovider.com'),('WSS2','WSS2Name',3,1,3,'serviceprovider','https://serviceprovider.com'),('WSS20','WSS20Name',3,1,3,'serviceprovider','https://serviceprovider.com'),('WSS200','WSS200Name',3,1,3,'serviceprovider','https://serviceprovider.com'),('WSS201','WSS201Name',3,1,3,'serviceprovider','https://serviceprovider.com'),('WSS202','WSS202Name',3,1,3,'serviceprovider','https://serviceprovider.com'),('WSS203','WSS203Name',3,1,3,'serviceprovider','https://serviceprovider.com'),('WSS204','WSS204Name',3,1,3,'serviceprovider','https://serviceprovider.com'),('WSS205','WSS205Name',3,1,3,'serviceprovider','https://serviceprovider.com'),('WSS206','WSS206Name',3,1,3,'serviceprovider','https://serviceprovider.com'),('WSS207','WSS207Name',3,1,3,'serviceprovider','https://serviceprovider.com'),('WSS208','WSS208Name',3,1,3,'serviceprovider','https://serviceprovider.com'),('WSS209','WSS209Name',3,1,3,'serviceprovider','https://serviceprovider.com'),('WSS21','WSS21Name',3,1,3,'serviceprovider','https://serviceprovider.com'),('WSS210','WSS210Name',3,1,3,'serviceprovider','https://serviceprovider.com'),('WSS211','WSS211Name',3,1,3,'serviceprovider','https://serviceprovider.com'),('WSS212','WSS212Name',3,1,3,'serviceprovider','https://serviceprovider.com'),('WSS213','WSS213Name',3,1,3,'serviceprovider','https://serviceprovider.com'),('WSS214','WSS214Name',3,1,3,'serviceprovider','https://serviceprovider.com'),('WSS215','WSS215Name',3,1,3,'serviceprovider','https://serviceprovider.com'),('WSS216','WSS216Name',3,1,3,'serviceprovider','https://serviceprovider.com'),('WSS217','WSS217Name',3,1,3,'serviceprovider','https://serviceprovider.com'),('WSS218','WSS218Name',3,1,3,'serviceprovider','https://serviceprovider.com'),('WSS219','WSS219Name',3,1,3,'serviceprovider','https://serviceprovider.com'),('WSS22','WSS22Name',3,1,3,'serviceprovider','https://serviceprovider.com'),('WSS220','WSS220Name',3,1,3,'serviceprovider','https://serviceprovider.com'),('WSS221','WSS221Name',3,1,3,'serviceprovider','https://serviceprovider.com'),('WSS222','WSS222Name',3,1,3,'serviceprovider','https://serviceprovider.com'),('WSS223','WSS223Name',3,1,3,'serviceprovider','https://serviceprovider.com'),('WSS224','WSS224Name',3,1,3,'serviceprovider','https://serviceprovider.com'),('WSS225','WSS225Name',3,1,3,'serviceprovider','https://serviceprovider.com'),('WSS226','WSS226Name',3,1,3,'serviceprovider','https://serviceprovider.com'),('WSS227','WSS227Name',3,1,3,'serviceprovider','https://serviceprovider.com'),('WSS228','WSS228Name',3,1,3,'serviceprovider','https://serviceprovider.com'),('WSS229','WSS229Name',3,1,3,'serviceprovider','https://serviceprovider.com'),('WSS23','WSS23Name',3,1,3,'serviceprovider','https://serviceprovider.com'),('WSS230','WSS230Name',3,1,3,'serviceprovider','https://serviceprovider.com'),('WSS231','WSS231Name',3,1,3,'serviceprovider','https://serviceprovider.com'),('WSS232','WSS232Name',3,1,3,'serviceprovider','https://serviceprovider.com'),('WSS233','WSS233Name',3,1,3,'serviceprovider','https://serviceprovider.com'),('WSS234','WSS234Name',3,1,3,'serviceprovider','https://serviceprovider.com'),('WSS235','WSS235Name',3,1,3,'serviceprovider','https://serviceprovider.com'),('WSS236','WSS236Name',3,1,3,'serviceprovider','https://serviceprovider.com'),('WSS237','WSS237Name',3,1,3,'serviceprovider','https://serviceprovider.com'),('WSS238','WSS238Name',3,1,3,'serviceprovider','https://serviceprovider.com'),('WSS239','WSS239Name',3,1,3,'serviceprovider','https://serviceprovider.com'),('WSS24','WSS24Name',3,1,3,'serviceprovider','https://serviceprovider.com'),('WSS240','WSS240Name',3,1,3,'serviceprovider','https://serviceprovider.com'),('WSS241','WSS241Name',3,1,3,'serviceprovider','https://serviceprovider.com'),('WSS242','WSS242Name',3,1,3,'serviceprovider','https://serviceprovider.com'),('WSS243','WSS243Name',3,1,3,'serviceprovider','https://serviceprovider.com'),('WSS244','WSS244Name',3,1,3,'serviceprovider','https://serviceprovider.com'),('WSS245','WSS245Name',3,1,3,'serviceprovider','https://serviceprovider.com'),('WSS246','WSS246Name',3,1,3,'serviceprovider','https://serviceprovider.com'),('WSS247','WSS247Name',3,1,3,'serviceprovider','https://serviceprovider.com'),('WSS248','WSS248Name',3,1,3,'serviceprovider','https://serviceprovider.com'),('WSS249','WSS249Name',3,1,3,'serviceprovider','https://serviceprovider.com'),('WSS25','WSS25Name',3,1,3,'serviceprovider','https://serviceprovider.com'),('WSS250','WSS250Name',3,1,3,'serviceprovider','https://serviceprovider.com'),('WSS251','WSS251Name',3,1,3,'serviceprovider','https://serviceprovider.com'),('WSS252','WSS252Name',3,1,3,'serviceprovider','https://serviceprovider.com'),('WSS253','WSS253Name',3,1,3,'serviceprovider','https://serviceprovider.com'),('WSS254','WSS254Name',3,1,3,'serviceprovider','https://serviceprovider.com'),('WSS255','WSS255Name',3,1,3,'serviceprovider','https://serviceprovider.com'),('WSS256','WSS256Name',3,1,3,'serviceprovider','https://serviceprovider.com'),('WSS257','WSS257Name',3,1,3,'serviceprovider','https://serviceprovider.com'),('WSS258','WSS258Name',3,1,3,'serviceprovider','https://serviceprovider.com'),('WSS259','WSS259Name',3,1,3,'serviceprovider','https://serviceprovider.com'),('WSS26','WSS26Name',3,1,3,'serviceprovider','https://serviceprovider.com'),('WSS260','WSS260Name',3,1,3,'serviceprovider','https://serviceprovider.com'),('WSS261','WSS261Name',3,1,3,'serviceprovider','https://serviceprovider.com'),('WSS262','WSS262Name',3,1,3,'serviceprovider','https://serviceprovider.com'),('WSS263','WSS263Name',3,1,3,'serviceprovider','https://serviceprovider.com'),('WSS264','WSS264Name',3,1,3,'serviceprovider','https://serviceprovider.com'),('WSS265','WSS265Name',3,1,3,'serviceprovider','https://serviceprovider.com'),('WSS266','WSS266Name',3,1,3,'serviceprovider','https://serviceprovider.com'),('WSS267','WSS267Name',3,1,3,'serviceprovider','https://serviceprovider.com'),('WSS268','WSS268Name',3,1,3,'serviceprovider','https://serviceprovider.com'),('WSS269','WSS269Name',3,1,3,'serviceprovider','https://serviceprovider.com'),('WSS27','WSS27Name',3,1,3,'serviceprovider','https://serviceprovider.com'),('WSS270','WSS270Name',3,1,3,'serviceprovider','https://serviceprovider.com'),('WSS271','WSS271Name',3,1,3,'serviceprovider','https://serviceprovider.com'),('WSS272','WSS272Name',3,1,3,'serviceprovider','https://serviceprovider.com'),('WSS273','WSS273Name',3,1,3,'serviceprovider','https://serviceprovider.com'),('WSS274','WSS274Name',3,1,3,'serviceprovider','https://serviceprovider.com'),('WSS275','WSS275Name',3,1,3,'serviceprovider','https://serviceprovider.com'),('WSS276','WSS276Name',3,1,3,'serviceprovider','https://serviceprovider.com'),('WSS277','WSS277Name',3,1,3,'serviceprovider','https://serviceprovider.com'),('WSS278','WSS278Name',3,1,3,'serviceprovider','https://serviceprovider.com'),('WSS279','WSS279Name',3,1,3,'serviceprovider','https://serviceprovider.com'),('WSS28','WSS28Name',3,1,3,'serviceprovider','https://serviceprovider.com'),('WSS280','WSS280Name',3,1,3,'serviceprovider','https://serviceprovider.com'),('WSS281','WSS281Name',3,1,3,'serviceprovider','https://serviceprovider.com'),('WSS282','WSS282Name',3,1,3,'serviceprovider','https://serviceprovider.com'),('WSS283','WSS283Name',3,1,3,'serviceprovider','https://serviceprovider.com'),('WSS284','WSS284Name',3,1,3,'serviceprovider','https://serviceprovider.com'),('WSS285','WSS285Name',3,1,3,'serviceprovider','https://serviceprovider.com'),('WSS286','WSS286Name',3,1,3,'serviceprovider','https://serviceprovider.com'),('WSS287','WSS287Name',3,1,3,'serviceprovider','https://serviceprovider.com'),('WSS288','WSS288Name',3,1,3,'serviceprovider','https://serviceprovider.com'),('WSS289','WSS289Name',3,1,3,'serviceprovider','https://serviceprovider.com'),('WSS29','WSS29Name',3,1,3,'serviceprovider','https://serviceprovider.com'),('WSS290','WSS290Name',3,1,3,'serviceprovider','https://serviceprovider.com'),('WSS291','WSS291Name',3,1,3,'serviceprovider','https://serviceprovider.com'),('WSS292','WSS292Name',3,1,3,'serviceprovider','https://serviceprovider.com'),('WSS293','WSS293Name',3,1,3,'serviceprovider','https://serviceprovider.com'),('WSS294','WSS294Name',3,1,3,'serviceprovider','https://serviceprovider.com'),('WSS295','WSS295Name',3,1,3,'serviceprovider','https://serviceprovider.com'),('WSS296','WSS296Name',3,1,3,'serviceprovider','https://serviceprovider.com'),('WSS297','WSS297Name',3,1,3,'serviceprovider','https://serviceprovider.com'),('WSS298','WSS298Name',3,1,3,'serviceprovider','https://serviceprovider.com'),('WSS299','WSS299Name',3,1,3,'serviceprovider','https://serviceprovider.com'),('WSS3','WSS3Name',3,1,3,'serviceprovider','https://serviceprovider.com'),('WSS30','WSS30Name',3,1,3,'serviceprovider','https://serviceprovider.com'),('WSS300','WSS300Name',3,1,3,'serviceprovider','https://serviceprovider.com'),('WSS301','WSS301Name',3,1,3,'serviceprovider','https://serviceprovider.com'),('WSS302','WSS302Name',3,1,3,'serviceprovider','https://serviceprovider.com'),('WSS303','WSS303Name',3,1,3,'serviceprovider','https://serviceprovider.com'),('WSS304','WSS304Name',3,1,3,'serviceprovider','https://serviceprovider.com'),('WSS305','WSS305Name',3,1,3,'serviceprovider','https://serviceprovider.com'),('WSS306','WSS306Name',3,1,3,'serviceprovider','https://serviceprovider.com'),('WSS307','WSS307Name',3,1,3,'serviceprovider','https://serviceprovider.com'),('WSS308','WSS308Name',3,1,3,'serviceprovider','https://serviceprovider.com'),('WSS309','WSS309Name',3,1,3,'serviceprovider','https://serviceprovider.com'),('WSS31','WSS31Name',3,1,3,'serviceprovider','https://serviceprovider.com'),('WSS310','WSS310Name',3,1,3,'serviceprovider','https://serviceprovider.com'),('WSS311','WSS311Name',3,1,3,'serviceprovider','https://serviceprovider.com'),('WSS312','WSS312Name',3,1,3,'serviceprovider','https://serviceprovider.com'),('WSS313','WSS313Name',3,1,3,'serviceprovider','https://serviceprovider.com'),('WSS314','WSS314Name',3,1,3,'serviceprovider','https://serviceprovider.com'),('WSS315','WSS315Name',3,1,3,'serviceprovider','https://serviceprovider.com'),('WSS316','WSS316Name',3,1,3,'serviceprovider','https://serviceprovider.com'),('WSS317','WSS317Name',3,1,3,'serviceprovider','https://serviceprovider.com'),('WSS318','WSS318Name',3,1,3,'serviceprovider','https://serviceprovider.com'),('WSS319','WSS319Name',3,1,3,'serviceprovider','https://serviceprovider.com'),('WSS32','WSS32Name',3,1,3,'serviceprovider','https://serviceprovider.com'),('WSS320','WSS320Name',3,1,3,'serviceprovider','https://serviceprovider.com'),('WSS321','WSS321Name',3,1,3,'serviceprovider','https://serviceprovider.com'),('WSS322','WSS322Name',3,1,3,'serviceprovider','https://serviceprovider.com'),('WSS323','WSS323Name',3,1,3,'serviceprovider','https://serviceprovider.com'),('WSS324','WSS324Name',3,1,3,'serviceprovider','https://serviceprovider.com'),('WSS325','WSS325Name',3,1,3,'serviceprovider','https://serviceprovider.com'),('WSS326','WSS326Name',3,1,3,'serviceprovider','https://serviceprovider.com'),('WSS327','WSS327Name',3,1,3,'serviceprovider','https://serviceprovider.com'),('WSS328','WSS328Name',3,1,3,'serviceprovider','https://serviceprovider.com'),('WSS329','WSS329Name',3,1,3,'serviceprovider','https://serviceprovider.com'),('WSS33','WSS33Name',3,1,3,'serviceprovider','https://serviceprovider.com'),('WSS330','WSS330Name',3,1,3,'serviceprovider','https://serviceprovider.com'),('WSS331','WSS331Name',3,1,3,'serviceprovider','https://serviceprovider.com'),('WSS332','WSS332Name',3,1,3,'serviceprovider','https://serviceprovider.com'),('WSS333','WSS333Name',3,1,3,'serviceprovider','https://serviceprovider.com'),('WSS334','WSS334Name',3,1,3,'serviceprovider','https://serviceprovider.com'),('WSS335','WSS335Name',3,1,3,'serviceprovider','https://serviceprovider.com'),('WSS336','WSS336Name',3,1,3,'serviceprovider','https://serviceprovider.com'),('WSS337','WSS337Name',3,1,3,'serviceprovider','https://serviceprovider.com'),('WSS338','WSS338Name',3,1,3,'serviceprovider','https://serviceprovider.com'),('WSS339','WSS339Name',3,1,3,'serviceprovider','https://serviceprovider.com'),('WSS34','WSS34Name',3,1,3,'serviceprovider','https://serviceprovider.com'),('WSS340','WSS340Name',3,1,3,'serviceprovider','https://serviceprovider.com'),('WSS341','WSS341Name',3,1,3,'serviceprovider','https://serviceprovider.com'),('WSS342','WSS342Name',3,1,3,'serviceprovider','https://serviceprovider.com'),('WSS343','WSS343Name',3,1,3,'serviceprovider','https://serviceprovider.com'),('WSS344','WSS344Name',3,1,3,'serviceprovider','https://serviceprovider.com'),('WSS345','WSS345Name',3,1,3,'serviceprovider','https://serviceprovider.com'),('WSS346','WSS346Name',3,1,3,'serviceprovider','https://serviceprovider.com'),('WSS347','WSS347Name',3,1,3,'serviceprovider','https://serviceprovider.com'),('WSS348','WSS348Name',3,1,3,'serviceprovider','https://serviceprovider.com'),('WSS349','WSS349Name',3,1,3,'serviceprovider','https://serviceprovider.com'),('WSS35','WSS35Name',3,1,3,'serviceprovider','https://serviceprovider.com'),('WSS350','WSS350Name',3,1,3,'serviceprovider','https://serviceprovider.com'),('WSS351','WSS351Name',3,1,3,'serviceprovider','https://serviceprovider.com'),('WSS352','WSS352Name',3,1,3,'serviceprovider','https://serviceprovider.com'),('WSS353','WSS353Name',3,1,3,'serviceprovider','https://serviceprovider.com'),('WSS354','WSS354Name',3,1,3,'serviceprovider','https://serviceprovider.com'),('WSS355','WSS355Name',3,1,3,'serviceprovider','https://serviceprovider.com'),('WSS356','WSS356Name',3,1,3,'serviceprovider','https://serviceprovider.com'),('WSS357','WSS357Name',3,1,3,'serviceprovider','https://serviceprovider.com'),('WSS358','WSS358Name',3,1,3,'serviceprovider','https://serviceprovider.com'),('WSS359','WSS359Name',3,1,3,'serviceprovider','https://serviceprovider.com'),('WSS36','WSS36Name',3,1,3,'serviceprovider','https://serviceprovider.com'),('WSS360','WSS360Name',3,1,3,'serviceprovider','https://serviceprovider.com'),('WSS361','WSS361Name',3,1,3,'serviceprovider','https://serviceprovider.com'),('WSS362','WSS362Name',3,1,3,'serviceprovider','https://serviceprovider.com'),('WSS363','WSS363Name',3,1,3,'serviceprovider','https://serviceprovider.com'),('WSS364','WSS364Name',3,1,3,'serviceprovider','https://serviceprovider.com'),('WSS365','WSS365Name',3,1,3,'serviceprovider','https://serviceprovider.com'),('WSS366','WSS366Name',3,1,3,'serviceprovider','https://serviceprovider.com'),('WSS367','WSS367Name',3,1,3,'serviceprovider','https://serviceprovider.com'),('WSS368','WSS368Name',3,1,3,'serviceprovider','https://serviceprovider.com'),('WSS369','WSS369Name',3,1,3,'serviceprovider','https://serviceprovider.com'),('WSS37','WSS37Name',3,1,3,'serviceprovider','https://serviceprovider.com'),('WSS370','WSS370Name',3,1,3,'serviceprovider','https://serviceprovider.com'),('WSS371','WSS371Name',3,1,3,'serviceprovider','https://serviceprovider.com'),('WSS372','WSS372Name',3,1,3,'serviceprovider','https://serviceprovider.com'),('WSS373','WSS373Name',3,1,3,'serviceprovider','https://serviceprovider.com'),('WSS374','WSS374Name',3,1,3,'serviceprovider','https://serviceprovider.com'),('WSS375','WSS375Name',3,1,3,'serviceprovider','https://serviceprovider.com'),('WSS376','WSS376Name',3,1,3,'serviceprovider','https://serviceprovider.com'),('WSS377','WSS377Name',3,1,3,'serviceprovider','https://serviceprovider.com'),('WSS378','WSS378Name',3,1,3,'serviceprovider','https://serviceprovider.com'),('WSS379','WSS379Name',3,1,3,'serviceprovider','https://serviceprovider.com'),('WSS38','WSS38Name',3,1,3,'serviceprovider','https://serviceprovider.com'),('WSS380','WSS380Name',3,1,3,'serviceprovider','https://serviceprovider.com'),('WSS381','WSS381Name',3,1,3,'serviceprovider','https://serviceprovider.com'),('WSS382','WSS382Name',3,1,3,'serviceprovider','https://serviceprovider.com'),('WSS383','WSS383Name',3,1,3,'serviceprovider','https://serviceprovider.com'),('WSS384','WSS384Name',3,1,3,'serviceprovider','https://serviceprovider.com'),('WSS385','WSS385Name',3,1,3,'serviceprovider','https://serviceprovider.com'),('WSS386','WSS386Name',3,1,3,'serviceprovider','https://serviceprovider.com'),('WSS387','WSS387Name',3,1,3,'serviceprovider','https://serviceprovider.com'),('WSS388','WSS388Name',3,1,3,'serviceprovider','https://serviceprovider.com'),('WSS389','WSS389Name',3,1,3,'serviceprovider','https://serviceprovider.com'),('WSS39','WSS39Name',3,1,3,'serviceprovider','https://serviceprovider.com'),('WSS390','WSS390Name',3,1,3,'serviceprovider','https://serviceprovider.com'),('WSS391','WSS391Name',3,1,3,'serviceprovider','https://serviceprovider.com'),('WSS392','WSS392Name',3,1,3,'serviceprovider','https://serviceprovider.com'),('WSS393','WSS393Name',3,1,3,'serviceprovider','https://serviceprovider.com'),('WSS394','WSS394Name',3,1,3,'serviceprovider','https://serviceprovider.com'),('WSS395','WSS395Name',3,1,3,'serviceprovider','https://serviceprovider.com'),('WSS396','WSS396Name',3,1,3,'serviceprovider','https://serviceprovider.com'),('WSS397','WSS397Name',3,1,3,'serviceprovider','https://serviceprovider.com'),('WSS398','WSS398Name',3,1,3,'serviceprovider','https://serviceprovider.com'),('WSS399','WSS399Name',3,1,3,'serviceprovider','https://serviceprovider.com'),('WSS4','WSS4Name',3,1,3,'serviceprovider','https://serviceprovider.com'),('WSS40','WSS40Name',3,1,3,'serviceprovider','https://serviceprovider.com'),('WSS400','WSS400Name',3,1,3,'serviceprovider','https://serviceprovider.com'),('WSS401','WSS401Name',3,1,3,'serviceprovider','https://serviceprovider.com'),('WSS402','WSS402Name',3,1,3,'serviceprovider','https://serviceprovider.com'),('WSS403','WSS403Name',3,1,3,'serviceprovider','https://serviceprovider.com'),('WSS404','WSS404Name',3,1,3,'serviceprovider','https://serviceprovider.com'),('WSS405','WSS405Name',3,1,3,'serviceprovider','https://serviceprovider.com'),('WSS406','WSS406Name',3,1,3,'serviceprovider','https://serviceprovider.com'),('WSS407','WSS407Name',3,1,3,'serviceprovider','https://serviceprovider.com'),('WSS408','WSS408Name',3,1,3,'serviceprovider','https://serviceprovider.com'),('WSS409','WSS409Name',3,1,3,'serviceprovider','https://serviceprovider.com'),('WSS41','WSS41Name',3,1,3,'serviceprovider','https://serviceprovider.com'),('WSS410','WSS410Name',3,1,3,'serviceprovider','https://serviceprovider.com'),('WSS411','WSS411Name',3,1,3,'serviceprovider','https://serviceprovider.com'),('WSS412','WSS412Name',3,1,3,'serviceprovider','https://serviceprovider.com'),('WSS413','WSS413Name',3,1,3,'serviceprovider','https://serviceprovider.com'),('WSS414','WSS414Name',3,1,3,'serviceprovider','https://serviceprovider.com'),('WSS415','WSS415Name',3,1,3,'serviceprovider','https://serviceprovider.com'),('WSS416','WSS416Name',3,1,3,'serviceprovider','https://serviceprovider.com'),('WSS417','WSS417Name',3,1,3,'serviceprovider','https://serviceprovider.com'),('WSS418','WSS418Name',3,1,3,'serviceprovider','https://serviceprovider.com'),('WSS419','WSS419Name',3,1,3,'serviceprovider','https://serviceprovider.com'),('WSS42','WSS42Name',3,1,3,'serviceprovider','https://serviceprovider.com'),('WSS420','WSS420Name',3,1,3,'serviceprovider','https://serviceprovider.com'),('WSS421','WSS421Name',3,1,3,'serviceprovider','https://serviceprovider.com'),('WSS422','WSS422Name',3,1,3,'serviceprovider','https://serviceprovider.com'),('WSS423','WSS423Name',3,1,3,'serviceprovider','https://serviceprovider.com'),('WSS424','WSS424Name',3,1,3,'serviceprovider','https://serviceprovider.com'),('WSS425','WSS425Name',3,1,3,'serviceprovider','https://serviceprovider.com'),('WSS426','WSS426Name',3,1,3,'serviceprovider','https://serviceprovider.com'),('WSS427','WSS427Name',3,1,3,'serviceprovider','https://serviceprovider.com'),('WSS428','WSS428Name',3,1,3,'serviceprovider','https://serviceprovider.com'),('WSS429','WSS429Name',3,1,3,'serviceprovider','https://serviceprovider.com'),('WSS43','WSS43Name',3,1,3,'serviceprovider','https://serviceprovider.com'),('WSS430','WSS430Name',3,1,3,'serviceprovider','https://serviceprovider.com'),('WSS431','WSS431Name',3,1,3,'serviceprovider','https://serviceprovider.com'),('WSS432','WSS432Name',3,1,3,'serviceprovider','https://serviceprovider.com'),('WSS433','WSS433Name',3,1,3,'serviceprovider','https://serviceprovider.com'),('WSS434','WSS434Name',3,1,3,'serviceprovider','https://serviceprovider.com'),('WSS435','WSS435Name',3,1,3,'serviceprovider','https://serviceprovider.com'),('WSS436','WSS436Name',3,1,3,'serviceprovider','https://serviceprovider.com'),('WSS437','WSS437Name',3,1,3,'serviceprovider','https://serviceprovider.com'),('WSS438','WSS438Name',3,1,3,'serviceprovider','https://serviceprovider.com'),('WSS439','WSS439Name',3,1,3,'serviceprovider','https://serviceprovider.com'),('WSS44','WSS44Name',3,1,3,'serviceprovider','https://serviceprovider.com'),('WSS440','WSS440Name',3,1,3,'serviceprovider','https://serviceprovider.com'),('WSS441','WSS441Name',3,1,3,'serviceprovider','https://serviceprovider.com'),('WSS442','WSS442Name',3,1,3,'serviceprovider','https://serviceprovider.com'),('WSS443','WSS443Name',3,1,3,'serviceprovider','https://serviceprovider.com'),('WSS444','WSS444Name',3,1,3,'serviceprovider','https://serviceprovider.com'),('WSS445','WSS445Name',3,1,3,'serviceprovider','https://serviceprovider.com'),('WSS446','WSS446Name',3,1,3,'serviceprovider','https://serviceprovider.com'),('WSS447','WSS447Name',3,1,3,'serviceprovider','https://serviceprovider.com'),('WSS448','WSS448Name',3,1,3,'serviceprovider','https://serviceprovider.com'),('WSS449','WSS449Name',3,1,3,'serviceprovider','https://serviceprovider.com'),('WSS45','WSS45Name',3,1,3,'serviceprovider','https://serviceprovider.com'),('WSS450','WSS450Name',3,1,3,'serviceprovider','https://serviceprovider.com'),('WSS451','WSS451Name',3,1,3,'serviceprovider','https://serviceprovider.com'),('WSS452','WSS452Name',3,1,3,'serviceprovider','https://serviceprovider.com'),('WSS453','WSS453Name',3,1,3,'serviceprovider','https://serviceprovider.com'),('WSS454','WSS454Name',3,1,3,'serviceprovider','https://serviceprovider.com'),('WSS455','WSS455Name',3,1,3,'serviceprovider','https://serviceprovider.com'),('WSS456','WSS456Name',3,1,3,'serviceprovider','https://serviceprovider.com'),('WSS457','WSS457Name',3,1,3,'serviceprovider','https://serviceprovider.com'),('WSS458','WSS458Name',3,1,3,'serviceprovider','https://serviceprovider.com'),('WSS459','WSS459Name',3,1,3,'serviceprovider','https://serviceprovider.com'),('WSS46','WSS46Name',3,1,3,'serviceprovider','https://serviceprovider.com'),('WSS460','WSS460Name',3,1,3,'serviceprovider','https://serviceprovider.com'),('WSS461','WSS461Name',3,1,3,'serviceprovider','https://serviceprovider.com'),('WSS462','WSS462Name',3,1,3,'serviceprovider','https://serviceprovider.com'),('WSS463','WSS463Name',3,1,3,'serviceprovider','https://serviceprovider.com'),('WSS464','WSS464Name',3,1,3,'serviceprovider','https://serviceprovider.com'),('WSS465','WSS465Name',3,1,3,'serviceprovider','https://serviceprovider.com'),('WSS466','WSS466Name',3,1,3,'serviceprovider','https://serviceprovider.com'),('WSS467','WSS467Name',3,1,3,'serviceprovider','https://serviceprovider.com'),('WSS468','WSS468Name',3,1,3,'serviceprovider','https://serviceprovider.com'),('WSS469','WSS469Name',3,1,3,'serviceprovider','https://serviceprovider.com'),('WSS47','WSS47Name',3,1,3,'serviceprovider','https://serviceprovider.com'),('WSS470','WSS470Name',3,1,3,'serviceprovider','https://serviceprovider.com'),('WSS471','WSS471Name',3,1,3,'serviceprovider','https://serviceprovider.com'),('WSS472','WSS472Name',3,1,3,'serviceprovider','https://serviceprovider.com'),('WSS473','WSS473Name',3,1,3,'serviceprovider','https://serviceprovider.com'),('WSS474','WSS474Name',3,1,3,'serviceprovider','https://serviceprovider.com'),('WSS475','WSS475Name',3,1,3,'serviceprovider','https://serviceprovider.com'),('WSS476','WSS476Name',3,1,3,'serviceprovider','https://serviceprovider.com'),('WSS477','WSS477Name',3,1,3,'serviceprovider','https://serviceprovider.com'),('WSS478','WSS478Name',3,1,3,'serviceprovider','https://serviceprovider.com'),('WSS479','WSS479Name',3,1,3,'serviceprovider','https://serviceprovider.com'),('WSS48','WSS48Name',3,1,3,'serviceprovider','https://serviceprovider.com'),('WSS480','WSS480Name',3,1,3,'serviceprovider','https://serviceprovider.com'),('WSS481','WSS481Name',3,1,3,'serviceprovider','https://serviceprovider.com'),('WSS482','WSS482Name',3,1,3,'serviceprovider','https://serviceprovider.com'),('WSS483','WSS483Name',3,1,3,'serviceprovider','https://serviceprovider.com'),('WSS484','WSS484Name',3,1,3,'serviceprovider','https://serviceprovider.com'),('WSS485','WSS485Name',3,1,3,'serviceprovider','https://serviceprovider.com'),('WSS486','WSS486Name',3,1,3,'serviceprovider','https://serviceprovider.com'),('WSS487','WSS487Name',3,1,3,'serviceprovider','https://serviceprovider.com'),('WSS488','WSS488Name',3,1,3,'serviceprovider','https://serviceprovider.com'),('WSS489','WSS489Name',3,1,3,'serviceprovider','https://serviceprovider.com'),('WSS49','WSS49Name',3,1,3,'serviceprovider','https://serviceprovider.com'),('WSS490','WSS490Name',3,1,3,'serviceprovider','https://serviceprovider.com'),('WSS491','WSS491Name',3,1,3,'serviceprovider','https://serviceprovider.com'),('WSS492','WSS492Name',3,1,3,'serviceprovider','https://serviceprovider.com'),('WSS493','WSS493Name',3,1,3,'serviceprovider','https://serviceprovider.com'),('WSS494','WSS494Name',3,1,3,'serviceprovider','https://serviceprovider.com'),('WSS495','WSS495Name',3,1,3,'serviceprovider','https://serviceprovider.com'),('WSS496','WSS496Name',3,1,3,'serviceprovider','https://serviceprovider.com'),('WSS497','WSS497Name',3,1,3,'serviceprovider','https://serviceprovider.com'),('WSS498','WSS498Name',3,1,3,'serviceprovider','https://serviceprovider.com'),('WSS499','WSS499Name',3,1,3,'serviceprovider','https://serviceprovider.com'),('WSS5','WSS5Name',3,1,3,'serviceprovider','https://serviceprovider.com'),('WSS50','WSS50Name',3,1,3,'serviceprovider','https://serviceprovider.com'),('WSS500','WSS500Name',3,1,3,'serviceprovider','https://serviceprovider.com'),('WSS501','WSS501Name',3,1,3,'serviceprovider','https://serviceprovider.com'),('WSS502','WSS502Name',3,1,3,'serviceprovider','https://serviceprovider.com'),('WSS503','WSS503Name',3,1,3,'serviceprovider','https://serviceprovider.com'),('WSS504','WSS504Name',3,1,3,'serviceprovider','https://serviceprovider.com'),('WSS505','WSS505Name',3,1,3,'serviceprovider','https://serviceprovider.com'),('WSS506','WSS506Name',3,1,3,'serviceprovider','https://serviceprovider.com'),('WSS507','WSS507Name',3,1,3,'serviceprovider','https://serviceprovider.com'),('WSS508','WSS508Name',3,1,3,'serviceprovider','https://serviceprovider.com'),('WSS509','WSS509Name',3,1,3,'serviceprovider','https://serviceprovider.com'),('WSS51','WSS51Name',3,1,3,'serviceprovider','https://serviceprovider.com'),('WSS510','WSS510Name',3,1,3,'serviceprovider','https://serviceprovider.com'),('WSS511','WSS511Name',3,1,3,'serviceprovider','https://serviceprovider.com'),('WSS512','WSS512Name',3,1,3,'serviceprovider','https://serviceprovider.com'),('WSS513','WSS513Name',3,1,3,'serviceprovider','https://serviceprovider.com'),('WSS514','WSS514Name',3,1,3,'serviceprovider','https://serviceprovider.com'),('WSS515','WSS515Name',3,1,3,'serviceprovider','https://serviceprovider.com'),('WSS516','WSS516Name',3,1,3,'serviceprovider','https://serviceprovider.com'),('WSS517','WSS517Name',3,1,3,'serviceprovider','https://serviceprovider.com'),('WSS518','WSS518Name',3,1,3,'serviceprovider','https://serviceprovider.com'),('WSS519','WSS519Name',3,1,3,'serviceprovider','https://serviceprovider.com'),('WSS52','WSS52Name',3,1,3,'serviceprovider','https://serviceprovider.com'),('WSS520','WSS520Name',3,1,3,'serviceprovider','https://serviceprovider.com'),('WSS521','WSS521Name',3,1,3,'serviceprovider','https://serviceprovider.com'),('WSS522','WSS522Name',3,1,3,'serviceprovider','https://serviceprovider.com'),('WSS523','WSS523Name',3,1,3,'serviceprovider','https://serviceprovider.com'),('WSS524','WSS524Name',3,1,3,'serviceprovider','https://serviceprovider.com'),('WSS525','WSS525Name',3,1,3,'serviceprovider','https://serviceprovider.com'),('WSS526','WSS526Name',3,1,3,'serviceprovider','https://serviceprovider.com'),('WSS527','WSS527Name',3,1,3,'serviceprovider','https://serviceprovider.com'),('WSS528','WSS528Name',3,1,3,'serviceprovider','https://serviceprovider.com'),('WSS529','WSS529Name',3,1,3,'serviceprovider','https://serviceprovider.com'),('WSS53','WSS53Name',3,1,3,'serviceprovider','https://serviceprovider.com'),('WSS530','WSS530Name',3,1,3,'serviceprovider','https://serviceprovider.com'),('WSS531','WSS531Name',3,1,3,'serviceprovider','https://serviceprovider.com'),('WSS532','WSS532Name',3,1,3,'serviceprovider','https://serviceprovider.com'),('WSS533','WSS533Name',3,1,3,'serviceprovider','https://serviceprovider.com'),('WSS534','WSS534Name',3,1,3,'serviceprovider','https://serviceprovider.com'),('WSS535','WSS535Name',3,1,3,'serviceprovider','https://serviceprovider.com'),('WSS536','WSS536Name',3,1,3,'serviceprovider','https://serviceprovider.com'),('WSS537','WSS537Name',3,1,3,'serviceprovider','https://serviceprovider.com'),('WSS538','WSS538Name',3,1,3,'serviceprovider','https://serviceprovider.com'),('WSS539','WSS539Name',3,1,3,'serviceprovider','https://serviceprovider.com'),('WSS54','WSS54Name',3,1,3,'serviceprovider','https://serviceprovider.com'),('WSS540','WSS540Name',3,1,3,'serviceprovider','https://serviceprovider.com'),('WSS541','WSS541Name',3,1,3,'serviceprovider','https://serviceprovider.com'),('WSS542','WSS542Name',3,1,3,'serviceprovider','https://serviceprovider.com'),('WSS543','WSS543Name',3,1,3,'serviceprovider','https://serviceprovider.com'),('WSS544','WSS544Name',3,1,3,'serviceprovider','https://serviceprovider.com'),('WSS545','WSS545Name',3,1,3,'serviceprovider','https://serviceprovider.com'),('WSS546','WSS546Name',3,1,3,'serviceprovider','https://serviceprovider.com'),('WSS547','WSS547Name',3,1,3,'serviceprovider','https://serviceprovider.com'),('WSS548','WSS548Name',3,1,3,'serviceprovider','https://serviceprovider.com'),('WSS549','WSS549Name',3,1,3,'serviceprovider','https://serviceprovider.com'),('WSS55','WSS55Name',3,1,3,'serviceprovider','https://serviceprovider.com'),('WSS550','WSS550Name',3,1,3,'serviceprovider','https://serviceprovider.com'),('WSS551','WSS551Name',3,1,3,'serviceprovider','https://serviceprovider.com'),('WSS552','WSS552Name',3,1,3,'serviceprovider','https://serviceprovider.com'),('WSS553','WSS553Name',3,1,3,'serviceprovider','https://serviceprovider.com'),('WSS554','WSS554Name',3,1,3,'serviceprovider','https://serviceprovider.com'),('WSS555','WSS555Name',3,1,3,'serviceprovider','https://serviceprovider.com'),('WSS556','WSS556Name',3,1,3,'serviceprovider','https://serviceprovider.com'),('WSS557','WSS557Name',3,1,3,'serviceprovider','https://serviceprovider.com'),('WSS558','WSS558Name',3,1,3,'serviceprovider','https://serviceprovider.com'),('WSS559','WSS559Name',3,1,3,'serviceprovider','https://serviceprovider.com'),('WSS56','WSS56Name',3,1,3,'serviceprovider','https://serviceprovider.com'),('WSS560','WSS560Name',3,1,3,'serviceprovider','https://serviceprovider.com'),('WSS561','WSS561Name',3,1,3,'serviceprovider','https://serviceprovider.com'),('WSS562','WSS562Name',3,1,3,'serviceprovider','https://serviceprovider.com'),('WSS563','WSS563Name',3,1,3,'serviceprovider','https://serviceprovider.com'),('WSS564','WSS564Name',3,1,3,'serviceprovider','https://serviceprovider.com'),('WSS565','WSS565Name',3,1,3,'serviceprovider','https://serviceprovider.com'),('WSS566','WSS566Name',3,1,3,'serviceprovider','https://serviceprovider.com'),('WSS567','WSS567Name',3,1,3,'serviceprovider','https://serviceprovider.com'),('WSS568','WSS568Name',3,1,3,'serviceprovider','https://serviceprovider.com'),('WSS569','WSS569Name',3,1,3,'serviceprovider','https://serviceprovider.com'),('WSS57','WSS57Name',3,1,3,'serviceprovider','https://serviceprovider.com'),('WSS570','WSS570Name',3,1,3,'serviceprovider','https://serviceprovider.com'),('WSS571','WSS571Name',3,1,3,'serviceprovider','https://serviceprovider.com'),('WSS572','WSS572Name',3,1,3,'serviceprovider','https://serviceprovider.com'),('WSS573','WSS573Name',3,1,3,'serviceprovider','https://serviceprovider.com'),('WSS574','WSS574Name',3,1,3,'serviceprovider','https://serviceprovider.com'),('WSS575','WSS575Name',3,1,3,'serviceprovider','https://serviceprovider.com'),('WSS576','WSS576Name',3,1,3,'serviceprovider','https://serviceprovider.com'),('WSS577','WSS577Name',3,1,3,'serviceprovider','https://serviceprovider.com'),('WSS578','WSS578Name',3,1,3,'serviceprovider','https://serviceprovider.com'),('WSS579','WSS579Name',3,1,3,'serviceprovider','https://serviceprovider.com'),('WSS58','WSS58Name',3,1,3,'serviceprovider','https://serviceprovider.com'),('WSS580','WSS580Name',3,1,3,'serviceprovider','https://serviceprovider.com'),('WSS581','WSS581Name',3,1,3,'serviceprovider','https://serviceprovider.com'),('WSS582','WSS582Name',3,1,3,'serviceprovider','https://serviceprovider.com'),('WSS583','WSS583Name',3,1,3,'serviceprovider','https://serviceprovider.com'),('WSS584','WSS584Name',3,1,3,'serviceprovider','https://serviceprovider.com'),('WSS585','WSS585Name',3,1,3,'serviceprovider','https://serviceprovider.com'),('WSS586','WSS586Name',3,1,3,'serviceprovider','https://serviceprovider.com'),('WSS587','WSS587Name',3,1,3,'serviceprovider','https://serviceprovider.com'),('WSS588','WSS588Name',3,1,3,'serviceprovider','https://serviceprovider.com'),('WSS589','WSS589Name',3,1,3,'serviceprovider','https://serviceprovider.com'),('WSS59','WSS59Name',3,1,3,'serviceprovider','https://serviceprovider.com'),('WSS590','WSS590Name',3,1,3,'serviceprovider','https://serviceprovider.com'),('WSS591','WSS591Name',3,1,3,'serviceprovider','https://serviceprovider.com'),('WSS592','WSS592Name',3,1,3,'serviceprovider','https://serviceprovider.com'),('WSS593','WSS593Name',3,1,3,'serviceprovider','https://serviceprovider.com'),('WSS594','WSS594Name',3,1,3,'serviceprovider','https://serviceprovider.com'),('WSS595','WSS595Name',3,1,3,'serviceprovider','https://serviceprovider.com'),('WSS596','WSS596Name',3,1,3,'serviceprovider','https://serviceprovider.com'),('WSS597','WSS597Name',3,1,3,'serviceprovider','https://serviceprovider.com'),('WSS598','WSS598Name',3,1,3,'serviceprovider','https://serviceprovider.com'),('WSS599','WSS599Name',3,1,3,'serviceprovider','https://serviceprovider.com'),('WSS6','WSS6Name',3,1,3,'serviceprovider','https://serviceprovider.com'),('WSS60','WSS60Name',3,1,3,'serviceprovider','https://serviceprovider.com'),('WSS600','WSS600Name',3,1,3,'serviceprovider','https://serviceprovider.com'),('WSS601','WSS601Name',3,1,3,'serviceprovider','https://serviceprovider.com'),('WSS602','WSS602Name',3,1,3,'serviceprovider','https://serviceprovider.com'),('WSS603','WSS603Name',3,1,3,'serviceprovider','https://serviceprovider.com'),('WSS604','WSS604Name',3,1,3,'serviceprovider','https://serviceprovider.com'),('WSS605','WSS605Name',3,1,3,'serviceprovider','https://serviceprovider.com'),('WSS606','WSS606Name',3,1,3,'serviceprovider','https://serviceprovider.com'),('WSS607','WSS607Name',3,1,3,'serviceprovider','https://serviceprovider.com'),('WSS608','WSS608Name',3,1,3,'serviceprovider','https://serviceprovider.com'),('WSS609','WSS609Name',3,1,3,'serviceprovider','https://serviceprovider.com'),('WSS61','WSS61Name',3,1,3,'serviceprovider','https://serviceprovider.com'),('WSS610','WSS610Name',3,1,3,'serviceprovider','https://serviceprovider.com'),('WSS611','WSS611Name',3,1,3,'serviceprovider','https://serviceprovider.com'),('WSS612','WSS612Name',3,1,3,'serviceprovider','https://serviceprovider.com'),('WSS613','WSS613Name',3,1,3,'serviceprovider','https://serviceprovider.com'),('WSS614','WSS614Name',3,1,3,'serviceprovider','https://serviceprovider.com'),('WSS615','WSS615Name',3,1,3,'serviceprovider','https://serviceprovider.com'),('WSS616','WSS616Name',3,1,3,'serviceprovider','https://serviceprovider.com'),('WSS617','WSS617Name',3,1,3,'serviceprovider','https://serviceprovider.com'),('WSS618','WSS618Name',3,1,3,'serviceprovider','https://serviceprovider.com'),('WSS619','WSS619Name',3,1,3,'serviceprovider','https://serviceprovider.com'),('WSS62','WSS62Name',3,1,3,'serviceprovider','https://serviceprovider.com'),('WSS620','WSS620Name',3,1,3,'serviceprovider','https://serviceprovider.com'),('WSS621','WSS621Name',3,1,3,'serviceprovider','https://serviceprovider.com'),('WSS622','WSS622Name',3,1,3,'serviceprovider','https://serviceprovider.com'),('WSS623','WSS623Name',3,1,3,'serviceprovider','https://serviceprovider.com'),('WSS624','WSS624Name',3,1,3,'serviceprovider','https://serviceprovider.com'),('WSS625','WSS625Name',3,1,3,'serviceprovider','https://serviceprovider.com'),('WSS626','WSS626Name',3,1,3,'serviceprovider','https://serviceprovider.com'),('WSS627','WSS627Name',3,1,3,'serviceprovider','https://serviceprovider.com'),('WSS628','WSS628Name',3,1,3,'serviceprovider','https://serviceprovider.com'),('WSS629','WSS629Name',3,1,3,'serviceprovider','https://serviceprovider.com'),('WSS63','WSS63Name',3,1,3,'serviceprovider','https://serviceprovider.com'),('WSS630','WSS630Name',3,1,3,'serviceprovider','https://serviceprovider.com'),('WSS631','WSS631Name',3,1,3,'serviceprovider','https://serviceprovider.com'),('WSS632','WSS632Name',3,1,3,'serviceprovider','https://serviceprovider.com'),('WSS633','WSS633Name',3,1,3,'serviceprovider','https://serviceprovider.com'),('WSS634','WSS634Name',3,1,3,'serviceprovider','https://serviceprovider.com'),('WSS635','WSS635Name',3,1,3,'serviceprovider','https://serviceprovider.com'),('WSS636','WSS636Name',3,1,3,'serviceprovider','https://serviceprovider.com'),('WSS637','WSS637Name',3,1,3,'serviceprovider','https://serviceprovider.com'),('WSS638','WSS638Name',3,1,3,'serviceprovider','https://serviceprovider.com'),('WSS639','WSS639Name',3,1,3,'serviceprovider','https://serviceprovider.com'),('WSS64','WSS64Name',3,1,3,'serviceprovider','https://serviceprovider.com'),('WSS640','WSS640Name',3,1,3,'serviceprovider','https://serviceprovider.com'),('WSS641','WSS641Name',3,1,3,'serviceprovider','https://serviceprovider.com'),('WSS642','WSS642Name',3,1,3,'serviceprovider','https://serviceprovider.com'),('WSS643','WSS643Name',3,1,3,'serviceprovider','https://serviceprovider.com'),('WSS644','WSS644Name',3,1,3,'serviceprovider','https://serviceprovider.com'),('WSS645','WSS645Name',3,1,3,'serviceprovider','https://serviceprovider.com'),('WSS646','WSS646Name',3,1,3,'serviceprovider','https://serviceprovider.com'),('WSS647','WSS647Name',3,1,3,'serviceprovider','https://serviceprovider.com'),('WSS648','WSS648Name',3,1,3,'serviceprovider','https://serviceprovider.com'),('WSS649','WSS649Name',3,1,3,'serviceprovider','https://serviceprovider.com'),('WSS65','WSS65Name',3,1,3,'serviceprovider','https://serviceprovider.com'),('WSS650','WSS650Name',3,1,3,'serviceprovider','https://serviceprovider.com'),('WSS651','WSS651Name',3,1,3,'serviceprovider','https://serviceprovider.com'),('WSS652','WSS652Name',3,1,3,'serviceprovider','https://serviceprovider.com'),('WSS653','WSS653Name',3,1,3,'serviceprovider','https://serviceprovider.com'),('WSS654','WSS654Name',3,1,3,'serviceprovider','https://serviceprovider.com'),('WSS655','WSS655Name',3,1,3,'serviceprovider','https://serviceprovider.com'),('WSS656','WSS656Name',3,1,3,'serviceprovider','https://serviceprovider.com'),('WSS657','WSS657Name',3,1,3,'serviceprovider','https://serviceprovider.com'),('WSS658','WSS658Name',3,1,3,'serviceprovider','https://serviceprovider.com'),('WSS659','WSS659Name',3,1,3,'serviceprovider','https://serviceprovider.com'),('WSS66','WSS66Name',3,1,3,'serviceprovider','https://serviceprovider.com'),('WSS660','WSS660Name',3,1,3,'serviceprovider','https://serviceprovider.com'),('WSS661','WSS661Name',3,1,3,'serviceprovider','https://serviceprovider.com'),('WSS662','WSS662Name',3,1,3,'serviceprovider','https://serviceprovider.com'),('WSS663','WSS663Name',3,1,3,'serviceprovider','https://serviceprovider.com'),('WSS664','WSS664Name',3,1,3,'serviceprovider','https://serviceprovider.com'),('WSS665','WSS665Name',3,1,3,'serviceprovider','https://serviceprovider.com'),('WSS666','WSS666Name',3,1,3,'serviceprovider','https://serviceprovider.com'),('WSS667','WSS667Name',3,1,3,'serviceprovider','https://serviceprovider.com'),('WSS668','WSS668Name',3,1,3,'serviceprovider','https://serviceprovider.com'),('WSS669','WSS669Name',3,1,3,'serviceprovider','https://serviceprovider.com'),('WSS67','WSS67Name',3,1,3,'serviceprovider','https://serviceprovider.com'),('WSS670','WSS670Name',3,1,3,'serviceprovider','https://serviceprovider.com'),('WSS671','WSS671Name',3,1,3,'serviceprovider','https://serviceprovider.com'),('WSS672','WSS672Name',3,1,3,'serviceprovider','https://serviceprovider.com'),('WSS673','WSS673Name',3,1,3,'serviceprovider','https://serviceprovider.com'),('WSS674','WSS674Name',3,1,3,'serviceprovider','https://serviceprovider.com'),('WSS675','WSS675Name',3,1,3,'serviceprovider','https://serviceprovider.com'),('WSS676','WSS676Name',3,1,3,'serviceprovider','https://serviceprovider.com'),('WSS677','WSS677Name',3,1,3,'serviceprovider','https://serviceprovider.com'),('WSS678','WSS678Name',3,1,3,'serviceprovider','https://serviceprovider.com'),('WSS679','WSS679Name',3,1,3,'serviceprovider','https://serviceprovider.com'),('WSS68','WSS68Name',3,1,3,'serviceprovider','https://serviceprovider.com'),('WSS680','WSS680Name',3,1,3,'serviceprovider','https://serviceprovider.com'),('WSS681','WSS681Name',3,1,3,'serviceprovider','https://serviceprovider.com'),('WSS682','WSS682Name',3,1,3,'serviceprovider','https://serviceprovider.com'),('WSS683','WSS683Name',3,1,3,'serviceprovider','https://serviceprovider.com'),('WSS684','WSS684Name',3,1,3,'serviceprovider','https://serviceprovider.com'),('WSS685','WSS685Name',3,1,3,'serviceprovider','https://serviceprovider.com'),('WSS686','WSS686Name',3,1,3,'serviceprovider','https://serviceprovider.com'),('WSS687','WSS687Name',3,1,3,'serviceprovider','https://serviceprovider.com'),('WSS688','WSS688Name',3,1,3,'serviceprovider','https://serviceprovider.com'),('WSS689','WSS689Name',3,1,3,'serviceprovider','https://serviceprovider.com'),('WSS69','WSS69Name',3,1,3,'serviceprovider','https://serviceprovider.com'),('WSS690','WSS690Name',3,1,3,'serviceprovider','https://serviceprovider.com'),('WSS691','WSS691Name',3,1,3,'serviceprovider','https://serviceprovider.com'),('WSS692','WSS692Name',3,1,3,'serviceprovider','https://serviceprovider.com'),('WSS693','WSS693Name',3,1,3,'serviceprovider','https://serviceprovider.com'),('WSS694','WSS694Name',3,1,3,'serviceprovider','https://serviceprovider.com'),('WSS695','WSS695Name',3,1,3,'serviceprovider','https://serviceprovider.com'),('WSS696','WSS696Name',3,1,3,'serviceprovider','https://serviceprovider.com'),('WSS697','WSS697Name',3,1,3,'serviceprovider','https://serviceprovider.com'),('WSS698','WSS698Name',3,1,3,'serviceprovider','https://serviceprovider.com'),('WSS699','WSS699Name',3,1,3,'serviceprovider','https://serviceprovider.com'),('WSS7','WSS7Name',3,1,3,'serviceprovider','https://serviceprovider.com'),('WSS70','WSS70Name',3,1,3,'serviceprovider','https://serviceprovider.com'),('WSS700','WSS700Name',3,1,3,'serviceprovider','https://serviceprovider.com'),('WSS701','WSS701Name',3,1,3,'serviceprovider','https://serviceprovider.com'),('WSS702','WSS702Name',3,1,3,'serviceprovider','https://serviceprovider.com'),('WSS703','WSS703Name',3,1,3,'serviceprovider','https://serviceprovider.com'),('WSS704','WSS704Name',3,1,3,'serviceprovider','https://serviceprovider.com'),('WSS705','WSS705Name',3,1,3,'serviceprovider','https://serviceprovider.com'),('WSS706','WSS706Name',3,1,3,'serviceprovider','https://serviceprovider.com'),('WSS707','WSS707Name',3,1,3,'serviceprovider','https://serviceprovider.com'),('WSS708','WSS708Name',3,1,3,'serviceprovider','https://serviceprovider.com'),('WSS709','WSS709Name',3,1,3,'serviceprovider','https://serviceprovider.com'),('WSS71','WSS71Name',3,1,3,'serviceprovider','https://serviceprovider.com'),('WSS710','WSS710Name',3,1,3,'serviceprovider','https://serviceprovider.com'),('WSS711','WSS711Name',3,1,3,'serviceprovider','https://serviceprovider.com'),('WSS712','WSS712Name',3,1,3,'serviceprovider','https://serviceprovider.com'),('WSS713','WSS713Name',3,1,3,'serviceprovider','https://serviceprovider.com'),('WSS714','WSS714Name',3,1,3,'serviceprovider','https://serviceprovider.com'),('WSS715','WSS715Name',3,1,3,'serviceprovider','https://serviceprovider.com'),('WSS716','WSS716Name',3,1,3,'serviceprovider','https://serviceprovider.com'),('WSS717','WSS717Name',3,1,3,'serviceprovider','https://serviceprovider.com'),('WSS718','WSS718Name',3,1,3,'serviceprovider','https://serviceprovider.com'),('WSS719','WSS719Name',3,1,3,'serviceprovider','https://serviceprovider.com'),('WSS72','WSS72Name',3,1,3,'serviceprovider','https://serviceprovider.com'),('WSS720','WSS720Name',3,1,3,'serviceprovider','https://serviceprovider.com'),('WSS721','WSS721Name',3,1,3,'serviceprovider','https://serviceprovider.com'),('WSS722','WSS722Name',3,1,3,'serviceprovider','https://serviceprovider.com'),('WSS723','WSS723Name',3,1,3,'serviceprovider','https://serviceprovider.com'),('WSS724','WSS724Name',3,1,3,'serviceprovider','https://serviceprovider.com'),('WSS725','WSS725Name',3,1,3,'serviceprovider','https://serviceprovider.com'),('WSS726','WSS726Name',3,1,3,'serviceprovider','https://serviceprovider.com'),('WSS727','WSS727Name',3,1,3,'serviceprovider','https://serviceprovider.com'),('WSS728','WSS728Name',3,1,3,'serviceprovider','https://serviceprovider.com'),('WSS729','WSS729Name',3,1,3,'serviceprovider','https://serviceprovider.com'),('WSS73','WSS73Name',3,1,3,'serviceprovider','https://serviceprovider.com'),('WSS730','WSS730Name',3,1,3,'serviceprovider','https://serviceprovider.com'),('WSS731','WSS731Name',3,1,3,'serviceprovider','https://serviceprovider.com'),('WSS732','WSS732Name',3,1,3,'serviceprovider','https://serviceprovider.com'),('WSS733','WSS733Name',3,1,3,'serviceprovider','https://serviceprovider.com'),('WSS734','WSS734Name',3,1,3,'serviceprovider','https://serviceprovider.com'),('WSS735','WSS735Name',3,1,3,'serviceprovider','https://serviceprovider.com'),('WSS736','WSS736Name',3,1,3,'serviceprovider','https://serviceprovider.com'),('WSS737','WSS737Name',3,1,3,'serviceprovider','https://serviceprovider.com'),('WSS738','WSS738Name',3,1,3,'serviceprovider','https://serviceprovider.com'),('WSS739','WSS739Name',3,1,3,'serviceprovider','https://serviceprovider.com'),('WSS74','WSS74Name',3,1,3,'serviceprovider','https://serviceprovider.com'),('WSS740','WSS740Name',3,1,3,'serviceprovider','https://serviceprovider.com'),('WSS741','WSS741Name',3,1,3,'serviceprovider','https://serviceprovider.com'),('WSS742','WSS742Name',3,1,3,'serviceprovider','https://serviceprovider.com'),('WSS743','WSS743Name',3,1,3,'serviceprovider','https://serviceprovider.com'),('WSS744','WSS744Name',3,1,3,'serviceprovider','https://serviceprovider.com'),('WSS745','WSS745Name',3,1,3,'serviceprovider','https://serviceprovider.com'),('WSS746','WSS746Name',3,1,3,'serviceprovider','https://serviceprovider.com'),('WSS747','WSS747Name',3,1,3,'serviceprovider','https://serviceprovider.com'),('WSS748','WSS748Name',3,1,3,'serviceprovider','https://serviceprovider.com'),('WSS749','WSS749Name',3,1,3,'serviceprovider','https://serviceprovider.com'),('WSS75','WSS75Name',3,1,3,'serviceprovider','https://serviceprovider.com'),('WSS750','WSS750Name',3,1,3,'serviceprovider','https://serviceprovider.com'),('WSS751','WSS751Name',3,1,3,'serviceprovider','https://serviceprovider.com'),('WSS752','WSS752Name',3,1,3,'serviceprovider','https://serviceprovider.com'),('WSS753','WSS753Name',3,1,3,'serviceprovider','https://serviceprovider.com'),('WSS754','WSS754Name',3,1,3,'serviceprovider','https://serviceprovider.com'),('WSS755','WSS755Name',3,1,3,'serviceprovider','https://serviceprovider.com'),('WSS756','WSS756Name',3,1,3,'serviceprovider','https://serviceprovider.com'),('WSS757','WSS757Name',3,1,3,'serviceprovider','https://serviceprovider.com'),('WSS758','WSS758Name',3,1,3,'serviceprovider','https://serviceprovider.com'),('WSS759','WSS759Name',3,1,3,'serviceprovider','https://serviceprovider.com'),('WSS76','WSS76Name',3,1,3,'serviceprovider','https://serviceprovider.com'),('WSS760','WSS760Name',3,1,3,'serviceprovider','https://serviceprovider.com'),('WSS761','WSS761Name',3,1,3,'serviceprovider','https://serviceprovider.com'),('WSS762','WSS762Name',3,1,3,'serviceprovider','https://serviceprovider.com'),('WSS763','WSS763Name',3,1,3,'serviceprovider','https://serviceprovider.com'),('WSS764','WSS764Name',3,1,3,'serviceprovider','https://serviceprovider.com'),('WSS765','WSS765Name',3,1,3,'serviceprovider','https://serviceprovider.com'),('WSS766','WSS766Name',3,1,3,'serviceprovider','https://serviceprovider.com'),('WSS767','WSS767Name',3,1,3,'serviceprovider','https://serviceprovider.com'),('WSS768','WSS768Name',3,1,3,'serviceprovider','https://serviceprovider.com'),('WSS769','WSS769Name',3,1,3,'serviceprovider','https://serviceprovider.com'),('WSS77','WSS77Name',3,1,3,'serviceprovider','https://serviceprovider.com'),('WSS770','WSS770Name',3,1,3,'serviceprovider','https://serviceprovider.com'),('WSS771','WSS771Name',3,1,3,'serviceprovider','https://serviceprovider.com'),('WSS772','WSS772Name',3,1,3,'serviceprovider','https://serviceprovider.com'),('WSS773','WSS773Name',3,1,3,'serviceprovider','https://serviceprovider.com'),('WSS774','WSS774Name',3,1,3,'serviceprovider','https://serviceprovider.com'),('WSS775','WSS775Name',3,1,3,'serviceprovider','https://serviceprovider.com'),('WSS776','WSS776Name',3,1,3,'serviceprovider','https://serviceprovider.com'),('WSS777','WSS777Name',3,1,3,'serviceprovider','https://serviceprovider.com'),('WSS778','WSS778Name',3,1,3,'serviceprovider','https://serviceprovider.com'),('WSS779','WSS779Name',3,1,3,'serviceprovider','https://serviceprovider.com'),('WSS78','WSS78Name',3,1,3,'serviceprovider','https://serviceprovider.com'),('WSS780','WSS780Name',3,1,3,'serviceprovider','https://serviceprovider.com'),('WSS781','WSS781Name',3,1,3,'serviceprovider','https://serviceprovider.com'),('WSS782','WSS782Name',3,1,3,'serviceprovider','https://serviceprovider.com'),('WSS783','WSS783Name',3,1,3,'serviceprovider','https://serviceprovider.com'),('WSS784','WSS784Name',3,1,3,'serviceprovider','https://serviceprovider.com'),('WSS785','WSS785Name',3,1,3,'serviceprovider','https://serviceprovider.com'),('WSS786','WSS786Name',3,1,3,'serviceprovider','https://serviceprovider.com'),('WSS787','WSS787Name',3,1,3,'serviceprovider','https://serviceprovider.com'),('WSS788','WSS788Name',3,1,3,'serviceprovider','https://serviceprovider.com'),('WSS789','WSS789Name',3,1,3,'serviceprovider','https://serviceprovider.com'),('WSS79','WSS79Name',3,1,3,'serviceprovider','https://serviceprovider.com'),('WSS790','WSS790Name',3,1,3,'serviceprovider','https://serviceprovider.com'),('WSS791','WSS791Name',3,1,3,'serviceprovider','https://serviceprovider.com'),('WSS792','WSS792Name',3,1,3,'serviceprovider','https://serviceprovider.com'),('WSS793','WSS793Name',3,1,3,'serviceprovider','https://serviceprovider.com'),('WSS794','WSS794Name',3,1,3,'serviceprovider','https://serviceprovider.com'),('WSS795','WSS795Name',3,1,3,'serviceprovider','https://serviceprovider.com'),('WSS796','WSS796Name',3,1,3,'serviceprovider','https://serviceprovider.com'),('WSS797','WSS797Name',3,1,3,'serviceprovider','https://serviceprovider.com'),('WSS798','WSS798Name',3,1,3,'serviceprovider','https://serviceprovider.com'),('WSS799','WSS799Name',3,1,3,'serviceprovider','https://serviceprovider.com'),('WSS8','WSS8Name',3,1,3,'serviceprovider','https://serviceprovider.com'),('WSS80','WSS80Name',3,1,3,'serviceprovider','https://serviceprovider.com'),('WSS800','WSS800Name',3,1,3,'serviceprovider','https://serviceprovider.com'),('WSS801','WSS801Name',3,1,3,'serviceprovider','https://serviceprovider.com'),('WSS802','WSS802Name',3,1,3,'serviceprovider','https://serviceprovider.com'),('WSS803','WSS803Name',3,1,3,'serviceprovider','https://serviceprovider.com'),('WSS804','WSS804Name',3,1,3,'serviceprovider','https://serviceprovider.com'),('WSS805','WSS805Name',3,1,3,'serviceprovider','https://serviceprovider.com'),('WSS806','WSS806Name',3,1,3,'serviceprovider','https://serviceprovider.com'),('WSS807','WSS807Name',3,1,3,'serviceprovider','https://serviceprovider.com'),('WSS808','WSS808Name',3,1,3,'serviceprovider','https://serviceprovider.com'),('WSS809','WSS809Name',3,1,3,'serviceprovider','https://serviceprovider.com'),('WSS81','WSS81Name',3,1,3,'serviceprovider','https://serviceprovider.com'),('WSS810','WSS810Name',3,1,3,'serviceprovider','https://serviceprovider.com'),('WSS811','WSS811Name',3,1,3,'serviceprovider','https://serviceprovider.com'),('WSS812','WSS812Name',3,1,3,'serviceprovider','https://serviceprovider.com'),('WSS813','WSS813Name',3,1,3,'serviceprovider','https://serviceprovider.com'),('WSS814','WSS814Name',3,1,3,'serviceprovider','https://serviceprovider.com'),('WSS815','WSS815Name',3,1,3,'serviceprovider','https://serviceprovider.com'),('WSS816','WSS816Name',3,1,3,'serviceprovider','https://serviceprovider.com'),('WSS817','WSS817Name',3,1,3,'serviceprovider','https://serviceprovider.com'),('WSS818','WSS818Name',3,1,3,'serviceprovider','https://serviceprovider.com'),('WSS819','WSS819Name',3,1,3,'serviceprovider','https://serviceprovider.com'),('WSS82','WSS82Name',3,1,3,'serviceprovider','https://serviceprovider.com'),('WSS820','WSS820Name',3,1,3,'serviceprovider','https://serviceprovider.com'),('WSS821','WSS821Name',3,1,3,'serviceprovider','https://serviceprovider.com'),('WSS822','WSS822Name',3,1,3,'serviceprovider','https://serviceprovider.com'),('WSS823','WSS823Name',3,1,3,'serviceprovider','https://serviceprovider.com'),('WSS824','WSS824Name',3,1,3,'serviceprovider','https://serviceprovider.com'),('WSS825','WSS825Name',3,1,3,'serviceprovider','https://serviceprovider.com'),('WSS826','WSS826Name',3,1,3,'serviceprovider','https://serviceprovider.com'),('WSS827','WSS827Name',3,1,3,'serviceprovider','https://serviceprovider.com'),('WSS828','WSS828Name',3,1,3,'serviceprovider','https://serviceprovider.com'),('WSS829','WSS829Name',3,1,3,'serviceprovider','https://serviceprovider.com'),('WSS83','WSS83Name',3,1,3,'serviceprovider','https://serviceprovider.com'),('WSS830','WSS830Name',3,1,3,'serviceprovider','https://serviceprovider.com'),('WSS831','WSS831Name',3,1,3,'serviceprovider','https://serviceprovider.com'),('WSS832','WSS832Name',3,1,3,'serviceprovider','https://serviceprovider.com'),('WSS833','WSS833Name',3,1,3,'serviceprovider','https://serviceprovider.com'),('WSS834','WSS834Name',3,1,3,'serviceprovider','https://serviceprovider.com'),('WSS835','WSS835Name',3,1,3,'serviceprovider','https://serviceprovider.com'),('WSS836','WSS836Name',3,1,3,'serviceprovider','https://serviceprovider.com'),('WSS837','WSS837Name',3,1,3,'serviceprovider','https://serviceprovider.com'),('WSS838','WSS838Name',3,1,3,'serviceprovider','https://serviceprovider.com'),('WSS839','WSS839Name',3,1,3,'serviceprovider','https://serviceprovider.com'),('WSS84','WSS84Name',3,1,3,'serviceprovider','https://serviceprovider.com'),('WSS840','WSS840Name',3,1,3,'serviceprovider','https://serviceprovider.com'),('WSS841','WSS841Name',3,1,3,'serviceprovider','https://serviceprovider.com'),('WSS842','WSS842Name',3,1,3,'serviceprovider','https://serviceprovider.com'),('WSS843','WSS843Name',3,1,3,'serviceprovider','https://serviceprovider.com'),('WSS844','WSS844Name',3,1,3,'serviceprovider','https://serviceprovider.com'),('WSS845','WSS845Name',3,1,3,'serviceprovider','https://serviceprovider.com'),('WSS846','WSS846Name',3,1,3,'serviceprovider','https://serviceprovider.com'),('WSS847','WSS847Name',3,1,3,'serviceprovider','https://serviceprovider.com'),('WSS848','WSS848Name',3,1,3,'serviceprovider','https://serviceprovider.com'),('WSS849','WSS849Name',3,1,3,'serviceprovider','https://serviceprovider.com'),('WSS85','WSS85Name',3,1,3,'serviceprovider','https://serviceprovider.com'),('WSS850','WSS850Name',3,1,3,'serviceprovider','https://serviceprovider.com'),('WSS851','WSS851Name',3,1,3,'serviceprovider','https://serviceprovider.com'),('WSS852','WSS852Name',3,1,3,'serviceprovider','https://serviceprovider.com'),('WSS853','WSS853Name',3,1,3,'serviceprovider','https://serviceprovider.com'),('WSS854','WSS854Name',3,1,3,'serviceprovider','https://serviceprovider.com'),('WSS855','WSS855Name',3,1,3,'serviceprovider','https://serviceprovider.com'),('WSS856','WSS856Name',3,1,3,'serviceprovider','https://serviceprovider.com'),('WSS857','WSS857Name',3,1,3,'serviceprovider','https://serviceprovider.com'),('WSS858','WSS858Name',3,1,3,'serviceprovider','https://serviceprovider.com'),('WSS859','WSS859Name',3,1,3,'serviceprovider','https://serviceprovider.com'),('WSS86','WSS86Name',3,1,3,'serviceprovider','https://serviceprovider.com'),('WSS860','WSS860Name',3,1,3,'serviceprovider','https://serviceprovider.com'),('WSS861','WSS861Name',3,1,3,'serviceprovider','https://serviceprovider.com'),('WSS862','WSS862Name',3,1,3,'serviceprovider','https://serviceprovider.com'),('WSS863','WSS863Name',3,1,3,'serviceprovider','https://serviceprovider.com'),('WSS864','WSS864Name',3,1,3,'serviceprovider','https://serviceprovider.com'),('WSS865','WSS865Name',3,1,3,'serviceprovider','https://serviceprovider.com'),('WSS866','WSS866Name',3,1,3,'serviceprovider','https://serviceprovider.com'),('WSS867','WSS867Name',3,1,3,'serviceprovider','https://serviceprovider.com'),('WSS868','WSS868Name',3,1,3,'serviceprovider','https://serviceprovider.com'),('WSS869','WSS869Name',3,1,3,'serviceprovider','https://serviceprovider.com'),('WSS87','WSS87Name',3,1,3,'serviceprovider','https://serviceprovider.com'),('WSS870','WSS870Name',3,1,3,'serviceprovider','https://serviceprovider.com'),('WSS871','WSS871Name',3,1,3,'serviceprovider','https://serviceprovider.com'),('WSS872','WSS872Name',3,1,3,'serviceprovider','https://serviceprovider.com'),('WSS873','WSS873Name',3,1,3,'serviceprovider','https://serviceprovider.com'),('WSS874','WSS874Name',3,1,3,'serviceprovider','https://serviceprovider.com'),('WSS875','WSS875Name',3,1,3,'serviceprovider','https://serviceprovider.com'),('WSS876','WSS876Name',3,1,3,'serviceprovider','https://serviceprovider.com'),('WSS877','WSS877Name',3,1,3,'serviceprovider','https://serviceprovider.com'),('WSS878','WSS878Name',3,1,3,'serviceprovider','https://serviceprovider.com'),('WSS879','WSS879Name',3,1,3,'serviceprovider','https://serviceprovider.com'),('WSS88','WSS88Name',3,1,3,'serviceprovider','https://serviceprovider.com'),('WSS880','WSS880Name',3,1,3,'serviceprovider','https://serviceprovider.com'),('WSS881','WSS881Name',3,1,3,'serviceprovider','https://serviceprovider.com'),('WSS882','WSS882Name',3,1,3,'serviceprovider','https://serviceprovider.com'),('WSS883','WSS883Name',3,1,3,'serviceprovider','https://serviceprovider.com'),('WSS884','WSS884Name',3,1,3,'serviceprovider','https://serviceprovider.com'),('WSS885','WSS885Name',3,1,3,'serviceprovider','https://serviceprovider.com'),('WSS886','WSS886Name',3,1,3,'serviceprovider','https://serviceprovider.com'),('WSS887','WSS887Name',3,1,3,'serviceprovider','https://serviceprovider.com'),('WSS888','WSS888Name',3,1,3,'serviceprovider','https://serviceprovider.com'),('WSS889','WSS889Name',3,1,3,'serviceprovider','https://serviceprovider.com'),('WSS89','WSS89Name',3,1,3,'serviceprovider','https://serviceprovider.com'),('WSS890','WSS890Name',3,1,3,'serviceprovider','https://serviceprovider.com'),('WSS891','WSS891Name',3,1,3,'serviceprovider','https://serviceprovider.com'),('WSS892','WSS892Name',3,1,3,'serviceprovider','https://serviceprovider.com'),('WSS893','WSS893Name',3,1,3,'serviceprovider','https://serviceprovider.com'),('WSS894','WSS894Name',3,1,3,'serviceprovider','https://serviceprovider.com'),('WSS895','WSS895Name',3,1,3,'serviceprovider','https://serviceprovider.com'),('WSS896','WSS896Name',3,1,3,'serviceprovider','https://serviceprovider.com'),('WSS897','WSS897Name',3,1,3,'serviceprovider','https://serviceprovider.com'),('WSS898','WSS898Name',3,1,3,'serviceprovider','https://serviceprovider.com'),('WSS899','WSS899Name',3,1,3,'serviceprovider','https://serviceprovider.com'),('WSS9','WSS9Name',3,1,3,'serviceprovider','https://serviceprovider.com'),('WSS90','WSS90Name',3,1,3,'serviceprovider','https://serviceprovider.com'),('WSS900','WSS900Name',3,1,3,'serviceprovider','https://serviceprovider.com'),('WSS91','WSS91Name',3,1,3,'serviceprovider','https://serviceprovider.com'),('WSS92','WSS92Name',3,1,3,'serviceprovider','https://serviceprovider.com'),('WSS93','WSS93Name',3,1,3,'serviceprovider','https://serviceprovider.com'),('WSS94','WSS94Name',3,1,3,'serviceprovider','https://serviceprovider.com'),('WSS95','WSS95Name',3,1,3,'serviceprovider','https://serviceprovider.com'),('WSS96','WSS96Name',3,1,3,'serviceprovider','https://serviceprovider.com'),('WSS97','WSS97Name',3,1,3,'serviceprovider','https://serviceprovider.com'),('WSS98','WSS98Name',3,1,3,'serviceprovider','https://serviceprovider.com'),('WSS99','WSS99Name',3,1,3,'serviceprovider','https://serviceprovider.com');
/*!40000 ALTER TABLE `webservicelist` ENABLE KEYS */;
UNLOCK TABLES;
/*!40103 SET TIME_ZONE=@OLD_TIME_ZONE */;

/*!40101 SET SQL_MODE=@OLD_SQL_MODE */;
/*!40014 SET FOREIGN_KEY_CHECKS=@OLD_FOREIGN_KEY_CHECKS */;
/*!40014 SET UNIQUE_CHECKS=@OLD_UNIQUE_CHECKS */;
/*!40101 SET CHARACTER_SET_CLIENT=@OLD_CHARACTER_SET_CLIENT */;
/*!40101 SET CHARACTER_SET_RESULTS=@OLD_CHARACTER_SET_RESULTS */;
/*!40101 SET COLLATION_CONNECTION=@OLD_COLLATION_CONNECTION */;
/*!40111 SET SQL_NOTES=@OLD_SQL_NOTES */;

-- Dump completed on 2023-07-07 11:00:42
