-- MySQL dump 10.13  Distrib 8.0.32, for Win64 (x86_64)
--
-- Host: localhost    Database: autowscs
-- ------------------------------------------------------
-- Server version	8.0.32

/*!40101 SET @OLD_CHARACTER_SET_CLIENT=@@CHARACTER_SET_CLIENT */;
/*!40101 SET @OLD_CHARACTER_SET_RESULTS=@@CHARACTER_SET_RESULTS */;
/*!40101 SET @OLD_COLLATION_CONNECTION=@@COLLATION_CONNECTION */;
/*!50503 SET NAMES utf8mb4 */;
/*!40103 SET @OLD_TIME_ZONE=@@TIME_ZONE */;
/*!40103 SET TIME_ZONE='+00:00' */;
/*!40014 SET @OLD_UNIQUE_CHECKS=@@UNIQUE_CHECKS, UNIQUE_CHECKS=0 */;
/*!40014 SET @OLD_FOREIGN_KEY_CHECKS=@@FOREIGN_KEY_CHECKS, FOREIGN_KEY_CHECKS=0 */;
/*!40101 SET @OLD_SQL_MODE=@@SQL_MODE, SQL_MODE='NO_AUTO_VALUE_ON_ZERO' */;
/*!40111 SET @OLD_SQL_NOTES=@@SQL_NOTES, SQL_NOTES=0 */;

--
-- Table structure for table `auth_group`
--

DROP TABLE IF EXISTS `auth_group`;
/*!40101 SET @saved_cs_client     = @@character_set_client */;
/*!50503 SET character_set_client = utf8mb4 */;
CREATE TABLE `auth_group` (
  `id` int NOT NULL AUTO_INCREMENT,
  `name` varchar(80) NOT NULL,
  PRIMARY KEY (`id`),
  UNIQUE KEY `name` (`name`)
) ENGINE=InnoDB DEFAULT CHARSET=latin1;
/*!40101 SET character_set_client = @saved_cs_client */;

--
-- Dumping data for table `auth_group`
--

LOCK TABLES `auth_group` WRITE;
/*!40000 ALTER TABLE `auth_group` DISABLE KEYS */;
/*!40000 ALTER TABLE `auth_group` ENABLE KEYS */;
UNLOCK TABLES;

--
-- Table structure for table `auth_group_permissions`
--

DROP TABLE IF EXISTS `auth_group_permissions`;
/*!40101 SET @saved_cs_client     = @@character_set_client */;
/*!50503 SET character_set_client = utf8mb4 */;
CREATE TABLE `auth_group_permissions` (
  `id` int NOT NULL AUTO_INCREMENT,
  `group_id` int NOT NULL,
  `permission_id` int NOT NULL,
  PRIMARY KEY (`id`),
  UNIQUE KEY `auth_group_permissions_group_id_permission_id_0cd325b0_uniq` (`group_id`,`permission_id`),
  KEY `auth_group_permissio_permission_id_84c5c92e_fk_auth_perm` (`permission_id`),
  CONSTRAINT `auth_group_permissio_permission_id_84c5c92e_fk_auth_perm` FOREIGN KEY (`permission_id`) REFERENCES `auth_permission` (`id`),
  CONSTRAINT `auth_group_permissions_group_id_b120cbf9_fk_auth_group_id` FOREIGN KEY (`group_id`) REFERENCES `auth_group` (`id`)
) ENGINE=InnoDB DEFAULT CHARSET=latin1;
/*!40101 SET character_set_client = @saved_cs_client */;

--
-- Dumping data for table `auth_group_permissions`
--

LOCK TABLES `auth_group_permissions` WRITE;
/*!40000 ALTER TABLE `auth_group_permissions` DISABLE KEYS */;
/*!40000 ALTER TABLE `auth_group_permissions` ENABLE KEYS */;
UNLOCK TABLES;

--
-- Table structure for table `auth_permission`
--

DROP TABLE IF EXISTS `auth_permission`;
/*!40101 SET @saved_cs_client     = @@character_set_client */;
/*!50503 SET character_set_client = utf8mb4 */;
CREATE TABLE `auth_permission` (
  `id` int NOT NULL AUTO_INCREMENT,
  `name` varchar(255) NOT NULL,
  `content_type_id` int NOT NULL,
  `codename` varchar(100) NOT NULL,
  PRIMARY KEY (`id`),
  UNIQUE KEY `auth_permission_content_type_id_codename_01ab375a_uniq` (`content_type_id`,`codename`),
  CONSTRAINT `auth_permission_content_type_id_2f476e4b_fk_django_co` FOREIGN KEY (`content_type_id`) REFERENCES `django_content_type` (`id`)
) ENGINE=InnoDB AUTO_INCREMENT=25 DEFAULT CHARSET=latin1;
/*!40101 SET character_set_client = @saved_cs_client */;

--
-- Dumping data for table `auth_permission`
--

LOCK TABLES `auth_permission` WRITE;
/*!40000 ALTER TABLE `auth_permission` DISABLE KEYS */;
INSERT INTO `auth_permission` VALUES (1,'Can add log entry',1,'add_logentry'),(2,'Can change log entry',1,'change_logentry'),(3,'Can delete log entry',1,'delete_logentry'),(4,'Can view log entry',1,'view_logentry'),(5,'Can add permission',2,'add_permission'),(6,'Can change permission',2,'change_permission'),(7,'Can delete permission',2,'delete_permission'),(8,'Can view permission',2,'view_permission'),(9,'Can add group',3,'add_group'),(10,'Can change group',3,'change_group'),(11,'Can delete group',3,'delete_group'),(12,'Can view group',3,'view_group'),(13,'Can add user',4,'add_user'),(14,'Can change user',4,'change_user'),(15,'Can delete user',4,'delete_user'),(16,'Can view user',4,'view_user'),(17,'Can add content type',5,'add_contenttype'),(18,'Can change content type',5,'change_contenttype'),(19,'Can delete content type',5,'delete_contenttype'),(20,'Can view content type',5,'view_contenttype'),(21,'Can add session',6,'add_session'),(22,'Can change session',6,'change_session'),(23,'Can delete session',6,'delete_session'),(24,'Can view session',6,'view_session');
/*!40000 ALTER TABLE `auth_permission` ENABLE KEYS */;
UNLOCK TABLES;

--
-- Table structure for table `auth_user`
--

DROP TABLE IF EXISTS `auth_user`;
/*!40101 SET @saved_cs_client     = @@character_set_client */;
/*!50503 SET character_set_client = utf8mb4 */;
CREATE TABLE `auth_user` (
  `id` int NOT NULL AUTO_INCREMENT,
  `password` varchar(128) NOT NULL,
  `last_login` datetime(6) DEFAULT NULL,
  `is_superuser` tinyint(1) NOT NULL,
  `username` varchar(150) NOT NULL,
  `first_name` varchar(30) NOT NULL,
  `last_name` varchar(150) NOT NULL,
  `email` varchar(254) NOT NULL,
  `is_staff` tinyint(1) NOT NULL,
  `is_active` tinyint(1) NOT NULL,
  `date_joined` datetime(6) NOT NULL,
  PRIMARY KEY (`id`),
  UNIQUE KEY `username` (`username`)
) ENGINE=InnoDB AUTO_INCREMENT=2 DEFAULT CHARSET=latin1;
/*!40101 SET character_set_client = @saved_cs_client */;

--
-- Dumping data for table `auth_user`
--

LOCK TABLES `auth_user` WRITE;
/*!40000 ALTER TABLE `auth_user` DISABLE KEYS */;
INSERT INTO `auth_user` VALUES (1,'pbkdf2_sha256$120000$t1PV0MeFrM2P$mdFVt5O/PMrM6U6PP4ei7LDjVNuN0OJi97bq+oRxpQg=','2020-10-19 22:21:14.385392',0,'kgayke','','','k2gaike@gmail.com',0,1,'2020-10-19 22:21:13.589791');
/*!40000 ALTER TABLE `auth_user` ENABLE KEYS */;
UNLOCK TABLES;

--
-- Table structure for table `auth_user_groups`
--

DROP TABLE IF EXISTS `auth_user_groups`;
/*!40101 SET @saved_cs_client     = @@character_set_client */;
/*!50503 SET character_set_client = utf8mb4 */;
CREATE TABLE `auth_user_groups` (
  `id` int NOT NULL AUTO_INCREMENT,
  `user_id` int NOT NULL,
  `group_id` int NOT NULL,
  PRIMARY KEY (`id`),
  UNIQUE KEY `auth_user_groups_user_id_group_id_94350c0c_uniq` (`user_id`,`group_id`),
  KEY `auth_user_groups_group_id_97559544_fk_auth_group_id` (`group_id`),
  CONSTRAINT `auth_user_groups_group_id_97559544_fk_auth_group_id` FOREIGN KEY (`group_id`) REFERENCES `auth_group` (`id`),
  CONSTRAINT `auth_user_groups_user_id_6a12ed8b_fk_auth_user_id` FOREIGN KEY (`user_id`) REFERENCES `auth_user` (`id`)
) ENGINE=InnoDB DEFAULT CHARSET=latin1;
/*!40101 SET character_set_client = @saved_cs_client */;

--
-- Dumping data for table `auth_user_groups`
--

LOCK TABLES `auth_user_groups` WRITE;
/*!40000 ALTER TABLE `auth_user_groups` DISABLE KEYS */;
/*!40000 ALTER TABLE `auth_user_groups` ENABLE KEYS */;
UNLOCK TABLES;

--
-- Table structure for table `auth_user_user_permissions`
--

DROP TABLE IF EXISTS `auth_user_user_permissions`;
/*!40101 SET @saved_cs_client     = @@character_set_client */;
/*!50503 SET character_set_client = utf8mb4 */;
CREATE TABLE `auth_user_user_permissions` (
  `id` int NOT NULL AUTO_INCREMENT,
  `user_id` int NOT NULL,
  `permission_id` int NOT NULL,
  PRIMARY KEY (`id`),
  UNIQUE KEY `auth_user_user_permissions_user_id_permission_id_14a6b632_uniq` (`user_id`,`permission_id`),
  KEY `auth_user_user_permi_permission_id_1fbb5f2c_fk_auth_perm` (`permission_id`),
  CONSTRAINT `auth_user_user_permi_permission_id_1fbb5f2c_fk_auth_perm` FOREIGN KEY (`permission_id`) REFERENCES `auth_permission` (`id`),
  CONSTRAINT `auth_user_user_permissions_user_id_a95ead1b_fk_auth_user_id` FOREIGN KEY (`user_id`) REFERENCES `auth_user` (`id`)
) ENGINE=InnoDB DEFAULT CHARSET=latin1;
/*!40101 SET character_set_client = @saved_cs_client */;

--
-- Dumping data for table `auth_user_user_permissions`
--

LOCK TABLES `auth_user_user_permissions` WRITE;
/*!40000 ALTER TABLE `auth_user_user_permissions` DISABLE KEYS */;
/*!40000 ALTER TABLE `auth_user_user_permissions` ENABLE KEYS */;
UNLOCK TABLES;

--
-- Table structure for table `careerpath`
--

DROP TABLE IF EXISTS `careerpath`;
/*!40101 SET @saved_cs_client     = @@character_set_client */;
/*!50503 SET character_set_client = utf8mb4 */;
CREATE TABLE `careerpath` (
  `careerPathID` char(4) NOT NULL,
  `careerPathName` varchar(50) DEFAULT NULL,
  PRIMARY KEY (`careerPathID`)
) ENGINE=InnoDB DEFAULT CHARSET=latin1;
/*!40101 SET character_set_client = @saved_cs_client */;

--
-- Dumping data for table `careerpath`
--

LOCK TABLES `careerpath` WRITE;
/*!40000 ALTER TABLE `careerpath` DISABLE KEYS */;
INSERT INTO `careerpath` VALUES ('C100','Data Analyst');
/*!40000 ALTER TABLE `careerpath` ENABLE KEYS */;
UNLOCK TABLES;

--
-- Table structure for table `django_admin_log`
--

DROP TABLE IF EXISTS `django_admin_log`;
/*!40101 SET @saved_cs_client     = @@character_set_client */;
/*!50503 SET character_set_client = utf8mb4 */;
CREATE TABLE `django_admin_log` (
  `id` int NOT NULL AUTO_INCREMENT,
  `action_time` datetime(6) NOT NULL,
  `object_id` longtext,
  `object_repr` varchar(200) NOT NULL,
  `action_flag` smallint unsigned NOT NULL,
  `change_message` longtext NOT NULL,
  `content_type_id` int DEFAULT NULL,
  `user_id` int NOT NULL,
  PRIMARY KEY (`id`),
  KEY `django_admin_log_content_type_id_c4bce8eb_fk_django_co` (`content_type_id`),
  KEY `django_admin_log_user_id_c564eba6_fk_auth_user_id` (`user_id`),
  CONSTRAINT `django_admin_log_content_type_id_c4bce8eb_fk_django_co` FOREIGN KEY (`content_type_id`) REFERENCES `django_content_type` (`id`),
  CONSTRAINT `django_admin_log_user_id_c564eba6_fk_auth_user_id` FOREIGN KEY (`user_id`) REFERENCES `auth_user` (`id`)
) ENGINE=InnoDB DEFAULT CHARSET=latin1;
/*!40101 SET character_set_client = @saved_cs_client */;

--
-- Dumping data for table `django_admin_log`
--

LOCK TABLES `django_admin_log` WRITE;
/*!40000 ALTER TABLE `django_admin_log` DISABLE KEYS */;
/*!40000 ALTER TABLE `django_admin_log` ENABLE KEYS */;
UNLOCK TABLES;

--
-- Table structure for table `django_content_type`
--

DROP TABLE IF EXISTS `django_content_type`;
/*!40101 SET @saved_cs_client     = @@character_set_client */;
/*!50503 SET character_set_client = utf8mb4 */;
CREATE TABLE `django_content_type` (
  `id` int NOT NULL AUTO_INCREMENT,
  `app_label` varchar(100) NOT NULL,
  `model` varchar(100) NOT NULL,
  PRIMARY KEY (`id`),
  UNIQUE KEY `django_content_type_app_label_model_76bd3d3b_uniq` (`app_label`,`model`)
) ENGINE=InnoDB AUTO_INCREMENT=7 DEFAULT CHARSET=latin1;
/*!40101 SET character_set_client = @saved_cs_client */;

--
-- Dumping data for table `django_content_type`
--

LOCK TABLES `django_content_type` WRITE;
/*!40000 ALTER TABLE `django_content_type` DISABLE KEYS */;
INSERT INTO `django_content_type` VALUES (1,'admin','logentry'),(3,'auth','group'),(2,'auth','permission'),(4,'auth','user'),(5,'contenttypes','contenttype'),(6,'sessions','session');
/*!40000 ALTER TABLE `django_content_type` ENABLE KEYS */;
UNLOCK TABLES;

--
-- Table structure for table `django_migrations`
--

DROP TABLE IF EXISTS `django_migrations`;
/*!40101 SET @saved_cs_client     = @@character_set_client */;
/*!50503 SET character_set_client = utf8mb4 */;
CREATE TABLE `django_migrations` (
  `id` int NOT NULL AUTO_INCREMENT,
  `app` varchar(255) NOT NULL,
  `name` varchar(255) NOT NULL,
  `applied` datetime(6) NOT NULL,
  PRIMARY KEY (`id`)
) ENGINE=InnoDB AUTO_INCREMENT=16 DEFAULT CHARSET=latin1;
/*!40101 SET character_set_client = @saved_cs_client */;

--
-- Dumping data for table `django_migrations`
--

LOCK TABLES `django_migrations` WRITE;
/*!40000 ALTER TABLE `django_migrations` DISABLE KEYS */;
INSERT INTO `django_migrations` VALUES (1,'contenttypes','0001_initial','2020-03-09 23:45:06.538733'),(2,'auth','0001_initial','2020-03-09 23:45:10.018233'),(3,'admin','0001_initial','2020-03-09 23:45:11.118233'),(4,'admin','0002_logentry_remove_auto_add','2020-03-09 23:45:11.139233'),(5,'admin','0003_logentry_add_action_flag_choices','2020-03-09 23:45:11.169233'),(6,'contenttypes','0002_remove_content_type_name','2020-03-09 23:45:11.498233'),(7,'auth','0002_alter_permission_name_max_length','2020-03-09 23:45:11.539233'),(8,'auth','0003_alter_user_email_max_length','2020-03-09 23:45:11.619233'),(9,'auth','0004_alter_user_username_opts','2020-03-09 23:45:11.629233'),(10,'auth','0005_alter_user_last_login_null','2020-03-09 23:45:11.770233'),(11,'auth','0006_require_contenttypes_0002','2020-03-09 23:45:11.810233'),(12,'auth','0007_alter_validators_add_error_messages','2020-03-09 23:45:11.820233'),(13,'auth','0008_alter_user_username_max_length','2020-03-09 23:45:11.831233'),(14,'auth','0009_alter_user_last_name_max_length','2020-03-09 23:45:11.949233'),(15,'sessions','0001_initial','2020-03-09 23:45:12.140233');
/*!40000 ALTER TABLE `django_migrations` ENABLE KEYS */;
UNLOCK TABLES;

--
-- Table structure for table `django_session`
--

DROP TABLE IF EXISTS `django_session`;
/*!40101 SET @saved_cs_client     = @@character_set_client */;
/*!50503 SET character_set_client = utf8mb4 */;
CREATE TABLE `django_session` (
  `session_key` varchar(40) NOT NULL,
  `session_data` longtext NOT NULL,
  `expire_date` datetime(6) NOT NULL,
  PRIMARY KEY (`session_key`),
  KEY `django_session_expire_date_a5c62663` (`expire_date`)
) ENGINE=InnoDB DEFAULT CHARSET=latin1;
/*!40101 SET character_set_client = @saved_cs_client */;

--
-- Dumping data for table `django_session`
--

LOCK TABLES `django_session` WRITE;
/*!40000 ALTER TABLE `django_session` DISABLE KEYS */;
INSERT INTO `django_session` VALUES ('tyl1c5xdi2x8x2jwg76rgv4m7k8zrh9f','Y2FhMTEwYWE3NTdhZjlkMTFkYzhlMDM0OGM4NTU4YzVjZGQwZDM0Njp7Il9hdXRoX3VzZXJfaWQiOiIxIiwiX2F1dGhfdXNlcl9iYWNrZW5kIjoiZGphbmdvLmNvbnRyaWIuYXV0aC5iYWNrZW5kcy5Nb2RlbEJhY2tlbmQiLCJfYXV0aF91c2VyX2hhc2giOiJmMzIyNjA4ZWY3OTQ5MWYwMTUwOGMyMDFlMDIzZmRjNjI3MTU4N2IzIn0=','2020-11-02 22:21:14.400992');
/*!40000 ALTER TABLE `django_session` ENABLE KEYS */;
UNLOCK TABLES;

--
-- Table structure for table `initialgoalparameter`
--

DROP TABLE IF EXISTS `initialgoalparameter`;
/*!40101 SET @saved_cs_client     = @@character_set_client */;
/*!50503 SET character_set_client = utf8mb4 */;
CREATE TABLE `initialgoalparameter` (
  `transactionID` bigint NOT NULL,
  `iorg` varchar(10) NOT NULL,
  `parameterID` varchar(10) NOT NULL,
  PRIMARY KEY (`transactionID`,`iorg`,`parameterID`),
  KEY `knowledgeID` (`parameterID`),
  CONSTRAINT `initialgoalparameter_ibfk_1` FOREIGN KEY (`parameterID`) REFERENCES `parameterlist` (`parameterID`)
) ENGINE=InnoDB DEFAULT CHARSET=latin1;
/*!40101 SET character_set_client = @saved_cs_client */;

--
-- Dumping data for table `initialgoalparameter`
--

LOCK TABLES `initialgoalparameter` WRITE;
/*!40000 ALTER TABLE `initialgoalparameter` DISABLE KEYS */;
INSERT INTO `initialgoalparameter` VALUES (2,'I','p1'),(3,'I','p1'),(7,'I','p1'),(8,'I','p1'),(11,'G','p1'),(12,'I','p1'),(13,'G','p1'),(14,'I','p1'),(19,'I','p1'),(20,'I','p1'),(24,'I','p1'),(29,'I','p1'),(2,'I','p10'),(4,'I','p10'),(6,'G','p10'),(10,'G','p10'),(13,'G','p10'),(14,'I','p10'),(15,'G','p10'),(17,'I','p10'),(18,'I','p10'),(25,'I','p10'),(26,'I','p10'),(27,'G','p10'),(28,'I','p10'),(29,'G','p10'),(1,'I','p11'),(2,'G','p11'),(3,'G','p11'),(5,'I','p11'),(8,'G','p11'),(9,'I','p11'),(10,'I','p11'),(13,'G','p11'),(14,'G','p11'),(16,'G','p11'),(18,'I','p11'),(19,'G','p11'),(23,'I','p11'),(24,'I','p11'),(27,'I','p11'),(28,'G','p11'),(1,'I','p12'),(4,'G','p12'),(6,'G','p12'),(7,'I','p12'),(8,'I','p12'),(9,'G','p12'),(10,'G','p12'),(11,'G','p12'),(18,'I','p12'),(19,'I','p12'),(20,'I','p12'),(24,'I','p12'),(25,'I','p12'),(26,'G','p12'),(27,'I','p12'),(28,'I','p12'),(29,'G','p12'),(30,'I','p12'),(1,'I','p13'),(3,'I','p13'),(4,'G','p13'),(5,'I','p13'),(6,'G','p13'),(8,'I','p13'),(11,'I','p13'),(15,'I','p13'),(16,'I','p13'),(19,'I','p13'),(20,'I','p13'),(21,'I','p13'),(22,'G','p13'),(24,'G','p13'),(26,'I','p13'),(28,'G','p13'),(30,'I','p13'),(1,'I','p14'),(3,'G','p14'),(9,'I','p14'),(10,'I','p14'),(11,'I','p14'),(12,'I','p14'),(13,'G','p14'),(14,'I','p14'),(15,'I','p14'),(16,'I','p14'),(17,'I','p14'),(18,'I','p14'),(24,'G','p14'),(27,'I','p14'),(30,'I','p14'),(1,'G','p15'),(3,'G','p15'),(5,'I','p15'),(6,'I','p15'),(7,'I','p15'),(9,'G','p15'),(13,'I','p15'),(16,'I','p15'),(17,'G','p15'),(18,'I','p15'),(19,'G','p15'),(22,'G','p15'),(23,'G','p15'),(26,'G','p15'),(28,'I','p15'),(2,'G','p16'),(7,'I','p16'),(9,'I','p16'),(10,'I','p16'),(14,'I','p16'),(16,'I','p16'),(19,'I','p16'),(20,'I','p16'),(21,'I','p16'),(28,'I','p16'),(29,'I','p16'),(30,'G','p16'),(2,'I','p17'),(4,'I','p17'),(7,'G','p17'),(8,'G','p17'),(9,'I','p17'),(10,'I','p17'),(11,'I','p17'),(12,'I','p17'),(15,'G','p17'),(16,'I','p17'),(23,'I','p17'),(24,'G','p17'),(25,'G','p17'),(2,'I','p18'),(5,'G','p18'),(6,'I','p18'),(7,'G','p18'),(8,'I','p18'),(9,'I','p18'),(16,'I','p18'),(17,'I','p18'),(18,'G','p18'),(20,'G','p18'),(22,'G','p18'),(24,'I','p18'),(28,'G','p18'),(2,'I','p19'),(4,'I','p19'),(5,'G','p19'),(14,'G','p19'),(18,'G','p19'),(20,'G','p19'),(22,'I','p19'),(24,'I','p19'),(25,'I','p19'),(27,'I','p19'),(29,'I','p19'),(1,'G','p2'),(2,'G','p2'),(3,'I','p2'),(4,'I','p2'),(6,'G','p2'),(9,'G','p2'),(11,'G','p2'),(12,'I','p2'),(15,'I','p2'),(18,'I','p2'),(20,'G','p2'),(21,'I','p2'),(22,'G','p2'),(23,'I','p2'),(27,'I','p2'),(28,'I','p2'),(30,'G','p2'),(5,'G','p20'),(7,'G','p20'),(9,'G','p20'),(11,'I','p20'),(12,'G','p20'),(13,'G','p20'),(22,'G','p20'),(24,'G','p20'),(26,'I','p20'),(27,'I','p20'),(30,'G','p20'),(5,'I','p21'),(6,'G','p21'),(8,'I','p21'),(9,'I','p21'),(11,'G','p21'),(12,'G','p21'),(13,'I','p21'),(18,'G','p21'),(19,'I','p21'),(22,'I','p21'),(23,'G','p21'),(24,'I','p21'),(28,'G','p21'),(1,'G','p22'),(4,'I','p22'),(5,'G','p22'),(6,'I','p22'),(18,'G','p22'),(19,'G','p22'),(20,'I','p22'),(21,'I','p22'),(22,'I','p22'),(23,'I','p22'),(25,'G','p22'),(26,'G','p22'),(29,'I','p22'),(30,'G','p22'),(4,'I','p23'),(5,'I','p23'),(17,'I','p23'),(19,'I','p23'),(21,'I','p23'),(24,'I','p23'),(25,'G','p23'),(2,'G','p24'),(10,'G','p24'),(11,'I','p24'),(15,'G','p24'),(17,'I','p24'),(21,'G','p24'),(25,'G','p24'),(2,'I','p25'),(3,'I','p25'),(7,'G','p25'),(10,'G','p25'),(12,'G','p25'),(15,'I','p25'),(16,'G','p25'),(17,'I','p25'),(23,'I','p25'),(1,'I','p26'),(3,'I','p26'),(6,'I','p26'),(7,'I','p26'),(8,'G','p26'),(9,'I','p26'),(11,'I','p26'),(13,'I','p26'),(14,'I','p26'),(15,'I','p26'),(21,'G','p26'),(22,'I','p26'),(25,'I','p26'),(26,'I','p26'),(27,'G','p26'),(29,'I','p26'),(30,'I','p26'),(3,'G','p27'),(4,'G','p27'),(5,'G','p27'),(6,'I','p27'),(7,'I','p27'),(9,'G','p27'),(12,'G','p27'),(17,'G','p27'),(18,'G','p27'),(20,'G','p27'),(22,'I','p27'),(23,'I','p27'),(25,'I','p27'),(26,'G','p27'),(28,'I','p27'),(30,'G','p27'),(1,'G','p28'),(2,'G','p28'),(3,'I','p28'),(14,'G','p28'),(15,'G','p28'),(16,'I','p28'),(20,'I','p28'),(21,'I','p28'),(25,'G','p28'),(26,'G','p28'),(27,'I','p28'),(29,'I','p28'),(30,'I','p28'),(1,'G','p29'),(4,'G','p29'),(5,'I','p29'),(10,'G','p29'),(12,'I','p29'),(13,'I','p29'),(17,'G','p29'),(19,'G','p29'),(21,'G','p29'),(22,'G','p29'),(23,'I','p29'),(26,'G','p29'),(28,'I','p29'),(29,'I','p29'),(1,'I','p3'),(4,'G','p3'),(6,'I','p3'),(8,'G','p3'),(10,'I','p3'),(11,'G','p3'),(14,'I','p3'),(15,'I','p3'),(18,'G','p3'),(19,'I','p3'),(20,'I','p3'),(21,'G','p3'),(22,'I','p3'),(23,'G','p3'),(26,'I','p3'),(3,'I','p30'),(4,'I','p30'),(7,'I','p30'),(8,'I','p30'),(9,'G','p30'),(11,'I','p30'),(12,'G','p30'),(13,'I','p30'),(15,'G','p30'),(16,'G','p30'),(17,'I','p30'),(18,'I','p30'),(19,'I','p30'),(20,'G','p30'),(23,'I','p30'),(24,'G','p30'),(27,'G','p30'),(30,'G','p30'),(2,'G','p4'),(3,'G','p4'),(4,'I','p4'),(8,'G','p4'),(9,'I','p4'),(12,'I','p4'),(14,'G','p4'),(15,'G','p4'),(16,'G','p4'),(17,'G','p4'),(20,'I','p4'),(21,'G','p4'),(25,'I','p4'),(26,'I','p4'),(29,'I','p4'),(1,'I','p5'),(4,'G','p5'),(6,'I','p5'),(7,'I','p5'),(10,'I','p5'),(12,'I','p5'),(13,'G','p5'),(14,'G','p5'),(17,'I','p5'),(19,'G','p5'),(20,'G','p5'),(21,'G','p5'),(23,'G','p5'),(24,'G','p5'),(25,'I','p5'),(27,'I','p5'),(28,'G','p5'),(29,'G','p5'),(1,'G','p6'),(2,'I','p6'),(5,'G','p6'),(6,'G','p6'),(7,'G','p6'),(10,'G','p6'),(11,'I','p6'),(14,'G','p6'),(16,'G','p6'),(19,'G','p6'),(22,'I','p6'),(27,'G','p6'),(28,'I','p6'),(29,'G','p6'),(30,'I','p6'),(3,'G','p7'),(5,'I','p7'),(7,'G','p7'),(8,'I','p7'),(10,'I','p7'),(12,'I','p7'),(13,'I','p7'),(14,'I','p7'),(16,'I','p7'),(21,'I','p7'),(23,'G','p7'),(24,'I','p7'),(25,'G','p7'),(27,'G','p7'),(28,'G','p7'),(29,'G','p7'),(1,'I','p8'),(3,'I','p8'),(5,'I','p8'),(6,'I','p8'),(8,'G','p8'),(11,'G','p8'),(12,'G','p8'),(13,'I','p8'),(14,'I','p8'),(15,'I','p8'),(17,'G','p8'),(18,'I','p8'),(21,'I','p8'),(22,'I','p8'),(23,'G','p8'),(26,'I','p8'),(27,'G','p8'),(29,'G','p8'),(30,'I','p8'),(2,'I','p9'),(8,'I','p9'),(10,'I','p9'),(13,'I','p9'),(15,'I','p9'),(16,'G','p9'),(17,'G','p9'),(25,'I','p9'),(26,'I','p9'),(30,'I','p9');
/*!40000 ALTER TABLE `initialgoalparameter` ENABLE KEYS */;
UNLOCK TABLES;

--
-- Table structure for table `inputparameter`
--

DROP TABLE IF EXISTS `inputparameter`;
/*!40101 SET @saved_cs_client     = @@character_set_client */;
/*!50503 SET character_set_client = utf8mb4 */;
CREATE TABLE `inputparameter` (
  `webServiceID` varchar(10) NOT NULL,
  `parameterID` varchar(10) NOT NULL,
  PRIMARY KEY (`webServiceID`,`parameterID`),
  KEY `knowledgeID` (`parameterID`)
) ENGINE=InnoDB DEFAULT CHARSET=latin1;
/*!40101 SET character_set_client = @saved_cs_client */;

--
-- Dumping data for table `inputparameter`
--

LOCK TABLES `inputparameter` WRITE;
/*!40000 ALTER TABLE `inputparameter` DISABLE KEYS */;
INSERT INTO `inputparameter` VALUES ('WSS121','p1'),('WSS140','p1'),('WSS185','p1'),('WSS187','p1'),('WSS215','p1'),('WSS247','p1'),('WSS253','p1'),('WSS266','p1'),('WSS273','p1'),('WSS289','p1'),('WSS295','p1'),('WSS320','p1'),('WSS347','p1'),('WSS360','p1'),('WSS384','p1'),('WSS427','p1'),('WSS434','p1'),('WSS438','p1'),('WSS451','p1'),('WSS455','p1'),('WSS457','p1'),('WSS466','p1'),('WSS47','p1'),('WSS48','p1'),('WSS493','p1'),('WSS494','p1'),('WSS83','p1'),('WSS9','p1'),('WSS90','p1'),('WSS153','p10'),('WSS184','p10'),('WSS186','p10'),('WSS192','p10'),('WSS196','p10'),('WSS197','p10'),('WSS202','p10'),('WSS209','p10'),('WSS23','p10'),('WSS236','p10'),('WSS240','p10'),('WSS244','p10'),('WSS286','p10'),('WSS303','p10'),('WSS313','p10'),('WSS322','p10'),('WSS343','p10'),('WSS348','p10'),('WSS357','p10'),('WSS364','p10'),('WSS373','p10'),('WSS38','p10'),('WSS407','p10'),('WSS417','p10'),('WSS420','p10'),('WSS425','p10'),('WSS435','p10'),('WSS441','p10'),('WSS449','p10'),('WSS464','p10'),('WSS51','p10'),('WSS52','p10'),('WSS70','p10'),('WSS9','p10'),('WSS98','p10'),('WSS100','p11'),('WSS101','p11'),('WSS105','p11'),('WSS14','p11'),('WSS160','p11'),('WSS181','p11'),('WSS183','p11'),('WSS19','p11'),('WSS191','p11'),('WSS198','p11'),('WSS208','p11'),('WSS232','p11'),('WSS279','p11'),('WSS280','p11'),('WSS301','p11'),('WSS351','p11'),('WSS363','p11'),('WSS375','p11'),('WSS385','p11'),('WSS391','p11'),('WSS414','p11'),('WSS438','p11'),('WSS498','p11'),('WSS68','p11'),('WSS71','p11'),('WSS109','p12'),('WSS155','p12'),('WSS17','p12'),('WSS173','p12'),('WSS206','p12'),('WSS211','p12'),('WSS215','p12'),('WSS252','p12'),('WSS26','p12'),('WSS290','p12'),('WSS293','p12'),('WSS327','p12'),('WSS350','p12'),('WSS355','p12'),('WSS366','p12'),('WSS398','p12'),('WSS419','p12'),('WSS462','p12'),('WSS491','p12'),('WSS496','p12'),('WSS67','p12'),('WSS78','p12'),('WSS79','p12'),('WSS88','p12'),('WSS89','p12'),('WSS103','p13'),('WSS104','p13'),('WSS114','p13'),('WSS130','p13'),('WSS168','p13'),('WSS172','p13'),('WSS2','p13'),('WSS202','p13'),('WSS204','p13'),('WSS234','p13'),('WSS25','p13'),('WSS251','p13'),('WSS26','p13'),('WSS260','p13'),('WSS283','p13'),('WSS292','p13'),('WSS318','p13'),('WSS338','p13'),('WSS352','p13'),('WSS371','p13'),('WSS408','p13'),('WSS435','p13'),('WSS442','p13'),('WSS456','p13'),('WSS470','p13'),('WSS476','p13'),('WSS488','p13'),('WSS497','p13'),('WSS81','p13'),('WSS92','p13'),('WSS119','p14'),('WSS126','p14'),('WSS158','p14'),('WSS19','p14'),('WSS198','p14'),('WSS20','p14'),('WSS21','p14'),('WSS218','p14'),('WSS224','p14'),('WSS230','p14'),('WSS267','p14'),('WSS269','p14'),('WSS272','p14'),('WSS284','p14'),('WSS289','p14'),('WSS344','p14'),('WSS357','p14'),('WSS358','p14'),('WSS359','p14'),('WSS373','p14'),('WSS379','p14'),('WSS405','p14'),('WSS412','p14'),('WSS417','p14'),('WSS445','p14'),('WSS469','p14'),('WSS473','p14'),('WSS480','p14'),('WSS491','p14'),('WSS54','p14'),('WSS58','p14'),('WSS6','p14'),('WSS84','p14'),('WSS87','p14'),('WSS10','p15'),('WSS117','p15'),('WSS13','p15'),('WSS159','p15'),('WSS174','p15'),('WSS216','p15'),('WSS219','p15'),('WSS221','p15'),('WSS227','p15'),('WSS237','p15'),('WSS245','p15'),('WSS248','p15'),('WSS249','p15'),('WSS268','p15'),('WSS274','p15'),('WSS303','p15'),('WSS305','p15'),('WSS329','p15'),('WSS363','p15'),('WSS369','p15'),('WSS382','p15'),('WSS383','p15'),('WSS388','p15'),('WSS39','p15'),('WSS394','p15'),('WSS400','p15'),('WSS418','p15'),('WSS429','p15'),('WSS459','p15'),('WSS485','p15'),('WSS492','p15'),('WSS74','p15'),('WSS76','p15'),('WSS94','p15'),('WSS95','p15'),('WSS105','p16'),('WSS107','p16'),('WSS110','p16'),('WSS146','p16'),('WSS150','p16'),('WSS172','p16'),('WSS178','p16'),('WSS187','p16'),('WSS188','p16'),('WSS253','p16'),('WSS254','p16'),('WSS257','p16'),('WSS259','p16'),('WSS262','p16'),('WSS282','p16'),('WSS299','p16'),('WSS3','p16'),('WSS301','p16'),('WSS321','p16'),('WSS329','p16'),('WSS330','p16'),('WSS332','p16'),('WSS376','p16'),('WSS38','p16'),('WSS39','p16'),('WSS390','p16'),('WSS440','p16'),('WSS445','p16'),('WSS467','p16'),('WSS486','p16'),('WSS489','p16'),('WSS53','p16'),('WSS61','p16'),('WSS67','p16'),('WSS87','p16'),('WSS101','p17'),('WSS109','p17'),('WSS110','p17'),('WSS112','p17'),('WSS116','p17'),('WSS124','p17'),('WSS134','p17'),('WSS15','p17'),('WSS162','p17'),('WSS166','p17'),('WSS201','p17'),('WSS203','p17'),('WSS206','p17'),('WSS22','p17'),('WSS257','p17'),('WSS272','p17'),('WSS28','p17'),('WSS288','p17'),('WSS305','p17'),('WSS308','p17'),('WSS313','p17'),('WSS315','p17'),('WSS320','p17'),('WSS322','p17'),('WSS324','p17'),('WSS336','p17'),('WSS339','p17'),('WSS342','p17'),('WSS355','p17'),('WSS368','p17'),('WSS37','p17'),('WSS370','p17'),('WSS372','p17'),('WSS387','p17'),('WSS397','p17'),('WSS402','p17'),('WSS421','p17'),('WSS429','p17'),('WSS432','p17'),('WSS437','p17'),('WSS446','p17'),('WSS457','p17'),('WSS459','p17'),('WSS476','p17'),('WSS483','p17'),('WSS485','p17'),('WSS495','p17'),('WSS50','p17'),('WSS86','p17'),('WSS94','p17'),('WSS118','p18'),('WSS149','p18'),('WSS151','p18'),('WSS152','p18'),('WSS170','p18'),('WSS190','p18'),('WSS205','p18'),('WSS222','p18'),('WSS239','p18'),('WSS252','p18'),('WSS274','p18'),('WSS275','p18'),('WSS298','p18'),('WSS323','p18'),('WSS324','p18'),('WSS328','p18'),('WSS338','p18'),('WSS341','p18'),('WSS352','p18'),('WSS421','p18'),('WSS431','p18'),('WSS437','p18'),('WSS439','p18'),('WSS63','p18'),('WSS66','p18'),('WSS75','p18'),('WSS82','p18'),('WSS83','p18'),('WSS123','p19'),('WSS140','p19'),('WSS149','p19'),('WSS17','p19'),('WSS176','p19'),('WSS200','p19'),('WSS203','p19'),('WSS205','p19'),('WSS223','p19'),('WSS276','p19'),('WSS293','p19'),('WSS294','p19'),('WSS302','p19'),('WSS330','p19'),('WSS361','p19'),('WSS365','p19'),('WSS368','p19'),('WSS379','p19'),('WSS386','p19'),('WSS392','p19'),('WSS395','p19'),('WSS40','p19'),('WSS422','p19'),('WSS454','p19'),('WSS462','p19'),('WSS463','p19'),('WSS481','p19'),('WSS50','p19'),('WSS7','p19'),('WSS102','p2'),('WSS107','p2'),('WSS129','p2'),('WSS133','p2'),('WSS138','p2'),('WSS182','p2'),('WSS184','p2'),('WSS189','p2'),('WSS194','p2'),('WSS211','p2'),('WSS24','p2'),('WSS249','p2'),('WSS255','p2'),('WSS263','p2'),('WSS284','p2'),('WSS317','p2'),('WSS34','p2'),('WSS341','p2'),('WSS353','p2'),('WSS356','p2'),('WSS36','p2'),('WSS360','p2'),('WSS37','p2'),('WSS383','p2'),('WSS389','p2'),('WSS401','p2'),('WSS434','p2'),('WSS443','p2'),('WSS444','p2'),('WSS468','p2'),('WSS60','p2'),('WSS65','p2'),('WSS93','p2'),('WSS96','p2'),('WSS99','p2'),('WSS10','p20'),('WSS123','p20'),('WSS127','p20'),('WSS13','p20'),('WSS131','p20'),('WSS132','p20'),('WSS156','p20'),('WSS163','p20'),('WSS167','p20'),('WSS18','p20'),('WSS190','p20'),('WSS201','p20'),('WSS208','p20'),('WSS212','p20'),('WSS232','p20'),('WSS245','p20'),('WSS250','p20'),('WSS258','p20'),('WSS261','p20'),('WSS279','p20'),('WSS286','p20'),('WSS297','p20'),('WSS30','p20'),('WSS359','p20'),('WSS387','p20'),('WSS395','p20'),('WSS413','p20'),('WSS433','p20'),('WSS450','p20'),('WSS471','p20'),('WSS473','p20'),('WSS475','p20'),('WSS486','p20'),('WSS125','p21'),('WSS177','p21'),('WSS199','p21'),('WSS235','p21'),('WSS243','p21'),('WSS246','p21'),('WSS282','p21'),('WSS297','p21'),('WSS30','p21'),('WSS31','p21'),('WSS310','p21'),('WSS312','p21'),('WSS327','p21'),('WSS33','p21'),('WSS346','p21'),('WSS353','p21'),('WSS362','p21'),('WSS385','p21'),('WSS407','p21'),('WSS41','p21'),('WSS410','p21'),('WSS454','p21'),('WSS479','p21'),('WSS499','p21'),('WSS500','p21'),('WSS90','p21'),('WSS96','p21'),('WSS119','p22'),('WSS12','p22'),('WSS131','p22'),('WSS143','p22'),('WSS157','p22'),('WSS166','p22'),('WSS175','p22'),('WSS20','p22'),('WSS207','p22'),('WSS226','p22'),('WSS242','p22'),('WSS25','p22'),('WSS260','p22'),('WSS265','p22'),('WSS288','p22'),('WSS310','p22'),('WSS316','p22'),('WSS328','p22'),('WSS33','p22'),('WSS333','p22'),('WSS34','p22'),('WSS378','p22'),('WSS396','p22'),('WSS412','p22'),('WSS415','p22'),('WSS424','p22'),('WSS433','p22'),('WSS436','p22'),('WSS446','p22'),('WSS465','p22'),('WSS480','p22'),('WSS490','p22'),('WSS495','p22'),('WSS95','p22'),('WSS1','p23'),('WSS115','p23'),('WSS116','p23'),('WSS139','p23'),('WSS144','p23'),('WSS148','p23'),('WSS175','p23'),('WSS181','p23'),('WSS209','p23'),('WSS225','p23'),('WSS227','p23'),('WSS229','p23'),('WSS231','p23'),('WSS236','p23'),('WSS248','p23'),('WSS251','p23'),('WSS271','p23'),('WSS287','p23'),('WSS29','p23'),('WSS291','p23'),('WSS292','p23'),('WSS294','p23'),('WSS295','p23'),('WSS306','p23'),('WSS318','p23'),('WSS326','p23'),('WSS331','p23'),('WSS335','p23'),('WSS397','p23'),('WSS4','p23'),('WSS425','p23'),('WSS430','p23'),('WSS451','p23'),('WSS472','p23'),('WSS478','p23'),('WSS482','p23'),('WSS59','p23'),('WSS6','p23'),('WSS71','p23'),('WSS102','p24'),('WSS141','p24'),('WSS144','p24'),('WSS145','p24'),('WSS15','p24'),('WSS153','p24'),('WSS199','p24'),('WSS220','p24'),('WSS240','p24'),('WSS270','p24'),('WSS277','p24'),('WSS28','p24'),('WSS302','p24'),('WSS32','p24'),('WSS343','p24'),('WSS345','p24'),('WSS347','p24'),('WSS366','p24'),('WSS371','p24'),('WSS377','p24'),('WSS396','p24'),('WSS406','p24'),('WSS411','p24'),('WSS479','p24'),('WSS484','p24'),('WSS51','p24'),('WSS74','p24'),('WSS92','p24'),('WSS97','p24'),('WSS98','p24'),('WSS136','p25'),('WSS138','p25'),('WSS148','p25'),('WSS164','p25'),('WSS167','p25'),('WSS173','p25'),('WSS188','p25'),('WSS195','p25'),('WSS22','p25'),('WSS226','p25'),('WSS250','p25'),('WSS264','p25'),('WSS269','p25'),('WSS275','p25'),('WSS281','p25'),('WSS3','p25'),('WSS304','p25'),('WSS311','p25'),('WSS356','p25'),('WSS386','p25'),('WSS393','p25'),('WSS404','p25'),('WSS409','p25'),('WSS41','p25'),('WSS423','p25'),('WSS44','p25'),('WSS447','p25'),('WSS45','p25'),('WSS461','p25'),('WSS466','p25'),('WSS468','p25'),('WSS477','p25'),('WSS5','p25'),('WSS54','p25'),('WSS55','p25'),('WSS70','p25'),('WSS84','p25'),('WSS93','p25'),('WSS118','p26'),('WSS128','p26'),('WSS134','p26'),('WSS142','p26'),('WSS147','p26'),('WSS150','p26'),('WSS16','p26'),('WSS161','p26'),('WSS168','p26'),('WSS169','p26'),('WSS176','p26'),('WSS177','p26'),('WSS200','p26'),('WSS204','p26'),('WSS213','p26'),('WSS217','p26'),('WSS234','p26'),('WSS296','p26'),('WSS317','p26'),('WSS319','p26'),('WSS336','p26'),('WSS349','p26'),('WSS369','p26'),('WSS382','p26'),('WSS400','p26'),('WSS401','p26'),('WSS403','p26'),('WSS416','p26'),('WSS424','p26'),('WSS43','p26'),('WSS439','p26'),('WSS452','p26'),('WSS487','p26'),('WSS488','p26'),('WSS55','p26'),('WSS69','p26'),('WSS72','p26'),('WSS80','p26'),('WSS86','p26'),('WSS106','p27'),('WSS120','p27'),('WSS128','p27'),('WSS135','p27'),('WSS137','p27'),('WSS141','p27'),('WSS147','p27'),('WSS158','p27'),('WSS165','p27'),('WSS214','p27'),('WSS223','p27'),('WSS225','p27'),('WSS23','p27'),('WSS254','p27'),('WSS267','p27'),('WSS299','p27'),('WSS304','p27'),('WSS307','p27'),('WSS31','p27'),('WSS314','p27'),('WSS32','p27'),('WSS334','p27'),('WSS346','p27'),('WSS361','p27'),('WSS367','p27'),('WSS380','p27'),('WSS428','p27'),('WSS441','p27'),('WSS45','p27'),('WSS481','p27'),('WSS483','p27'),('WSS490','p27'),('WSS500','p27'),('WSS62','p27'),('WSS63','p27'),('WSS64','p27'),('WSS80','p27'),('WSS88','p27'),('WSS117','p28'),('WSS121','p28'),('WSS135','p28'),('WSS162','p28'),('WSS165','p28'),('WSS170','p28'),('WSS171','p28'),('WSS178','p28'),('WSS18','p28'),('WSS207','p28'),('WSS221','p28'),('WSS243','p28'),('WSS281','p28'),('WSS296','p28'),('WSS306','p28'),('WSS362','p28'),('WSS384','p28'),('WSS389','p28'),('WSS399','p28'),('WSS40','p28'),('WSS415','p28'),('WSS42','p28'),('WSS460','p28'),('WSS464','p28'),('WSS497','p28'),('WSS57','p28'),('WSS69','p28'),('WSS7','p28'),('WSS89','p28'),('WSS91','p28'),('WSS108','p29'),('WSS11','p29'),('WSS120','p29'),('WSS122','p29'),('WSS125','p29'),('WSS129','p29'),('WSS136','p29'),('WSS14','p29'),('WSS145','p29'),('WSS146','p29'),('WSS159','p29'),('WSS195','p29'),('WSS2','p29'),('WSS21','p29'),('WSS217','p29'),('WSS235','p29'),('WSS238','p29'),('WSS258','p29'),('WSS326','p29'),('WSS332','p29'),('WSS344','p29'),('WSS354','p29'),('WSS405','p29'),('WSS409','p29'),('WSS410','p29'),('WSS413','p29'),('WSS42','p29'),('WSS422','p29'),('WSS440','p29'),('WSS442','p29'),('WSS458','p29'),('WSS465','p29'),('WSS470','p29'),('WSS474','p29'),('WSS478','p29'),('WSS492','p29'),('WSS66','p29'),('WSS73','p29'),('WSS77','p29'),('WSS79','p29'),('WSS103','p3'),('WSS12','p3'),('WSS122','p3'),('WSS152','p3'),('WSS169','p3'),('WSS183','p3'),('WSS193','p3'),('WSS218','p3'),('WSS230','p3'),('WSS238','p3'),('WSS241','p3'),('WSS266','p3'),('WSS280','p3'),('WSS309','p3'),('WSS333','p3'),('WSS374','p3'),('WSS392','p3'),('WSS426','p3'),('WSS44','p3'),('WSS444','p3'),('WSS448','p3'),('WSS449','p3'),('WSS467','p3'),('WSS47','p3'),('WSS77','p3'),('WSS1','p30'),('WSS104','p30'),('WSS108','p30'),('WSS114','p30'),('WSS127','p30'),('WSS139','p30'),('WSS154','p30'),('WSS163','p30'),('WSS179','p30'),('WSS186','p30'),('WSS213','p30'),('WSS222','p30'),('WSS231','p30'),('WSS237','p30'),('WSS242','p30'),('WSS247','p30'),('WSS29','p30'),('WSS307','p30'),('WSS308','p30'),('WSS325','p30'),('WSS331','p30'),('WSS334','p30'),('WSS335','p30'),('WSS337','p30'),('WSS340','p30'),('WSS342','p30'),('WSS351','p30'),('WSS365','p30'),('WSS402','p30'),('WSS406','p30'),('WSS436','p30'),('WSS477','p30'),('WSS494','p30'),('WSS499','p30'),('WSS56','p30'),('WSS58','p30'),('WSS68','p30'),('WSS8','p30'),('WSS97','p30'),('WSS155','p4'),('WSS179','p4'),('WSS191','p4'),('WSS192','p4'),('WSS229','p4'),('WSS312','p4'),('WSS314','p4'),('WSS319','p4'),('WSS323','p4'),('WSS345','p4'),('WSS349','p4'),('WSS35','p4'),('WSS36','p4'),('WSS398','p4'),('WSS403','p4'),('WSS418','p4'),('WSS427','p4'),('WSS447','p4'),('WSS482','p4'),('WSS49','p4'),('WSS65','p4'),('WSS78','p4'),('WSS81','p4'),('WSS82','p4'),('WSS100','p5'),('WSS111','p5'),('WSS112','p5'),('WSS113','p5'),('WSS143','p5'),('WSS156','p5'),('WSS180','p5'),('WSS196','p5'),('WSS210','p5'),('WSS259','p5'),('WSS263','p5'),('WSS264','p5'),('WSS265','p5'),('WSS27','p5'),('WSS283','p5'),('WSS285','p5'),('WSS298','p5'),('WSS339','p5'),('WSS348','p5'),('WSS350','p5'),('WSS358','p5'),('WSS372','p5'),('WSS378','p5'),('WSS390','p5'),('WSS394','p5'),('WSS399','p5'),('WSS411','p5'),('WSS414','p5'),('WSS453','p5'),('WSS455','p5'),('WSS46','p5'),('WSS471','p5'),('WSS472','p5'),('WSS475','p5'),('WSS484','p5'),('WSS53','p5'),('WSS57','p5'),('WSS60','p5'),('WSS85','p5'),('WSS106','p6'),('WSS111','p6'),('WSS132','p6'),('WSS137','p6'),('WSS142','p6'),('WSS174','p6'),('WSS185','p6'),('WSS189','p6'),('WSS193','p6'),('WSS214','p6'),('WSS224','p6'),('WSS255','p6'),('WSS27','p6'),('WSS276','p6'),('WSS278','p6'),('WSS285','p6'),('WSS290','p6'),('WSS309','p6'),('WSS316','p6'),('WSS364','p6'),('WSS367','p6'),('WSS375','p6'),('WSS380','p6'),('WSS381','p6'),('WSS393','p6'),('WSS426','p6'),('WSS43','p6'),('WSS431','p6'),('WSS453','p6'),('WSS458','p6'),('WSS460','p6'),('WSS76','p6'),('WSS11','p7'),('WSS113','p7'),('WSS115','p7'),('WSS126','p7'),('WSS157','p7'),('WSS194','p7'),('WSS197','p7'),('WSS244','p7'),('WSS246','p7'),('WSS256','p7'),('WSS300','p7'),('WSS321','p7'),('WSS325','p7'),('WSS35','p7'),('WSS354','p7'),('WSS376','p7'),('WSS391','p7'),('WSS4','p7'),('WSS404','p7'),('WSS416','p7'),('WSS423','p7'),('WSS428','p7'),('WSS430','p7'),('WSS432','p7'),('WSS46','p7'),('WSS52','p7'),('WSS61','p7'),('WSS64','p7'),('WSS72','p7'),('WSS73','p7'),('WSS124','p8'),('WSS151','p8'),('WSS154','p8'),('WSS16','p8'),('WSS180','p8'),('WSS220','p8'),('WSS228','p8'),('WSS239','p8'),('WSS24','p8'),('WSS261','p8'),('WSS268','p8'),('WSS270','p8'),('WSS271','p8'),('WSS277','p8'),('WSS278','p8'),('WSS337','p8'),('WSS340','p8'),('WSS381','p8'),('WSS419','p8'),('WSS420','p8'),('WSS448','p8'),('WSS450','p8'),('WSS452','p8'),('WSS474','p8'),('WSS487','p8'),('WSS489','p8'),('WSS493','p8'),('WSS496','p8'),('WSS498','p8'),('WSS62','p8'),('WSS91','p8'),('WSS99','p8'),('WSS130','p9'),('WSS161','p9'),('WSS164','p9'),('WSS171','p9'),('WSS210','p9'),('WSS212','p9'),('WSS219','p9'),('WSS233','p9'),('WSS241','p9'),('WSS256','p9'),('WSS262','p9'),('WSS273','p9'),('WSS291','p9'),('WSS300','p9'),('WSS311','p9'),('WSS315','p9'),('WSS370','p9'),('WSS374','p9'),('WSS408','p9'),('WSS443','p9'),('WSS461','p9'),('WSS463','p9'),('WSS469','p9'),('WSS5','p9'),('WSS59','p9'),('WSS75','p9'),('WSS8','p9');
/*!40000 ALTER TABLE `inputparameter` ENABLE KEYS */;
UNLOCK TABLES;

--
-- Table structure for table `knowledgeforcareerpath`
--

DROP TABLE IF EXISTS `knowledgeforcareerpath`;
/*!40101 SET @saved_cs_client     = @@character_set_client */;
/*!50503 SET character_set_client = utf8mb4 */;
CREATE TABLE `knowledgeforcareerpath` (
  `careerPathID` char(4) NOT NULL,
  `knowledgeID` char(6) NOT NULL,
  PRIMARY KEY (`careerPathID`,`knowledgeID`)
) ENGINE=InnoDB DEFAULT CHARSET=latin1;
/*!40101 SET character_set_client = @saved_cs_client */;

--
-- Dumping data for table `knowledgeforcareerpath`
--

LOCK TABLES `knowledgeforcareerpath` WRITE;
/*!40000 ALTER TABLE `knowledgeforcareerpath` DISABLE KEYS */;
INSERT INTO `knowledgeforcareerpath` VALUES ('C100','k1C311'),('C100','k1C412'),('C100','k1C469'),('C100','k1C500');
/*!40000 ALTER TABLE `knowledgeforcareerpath` ENABLE KEYS */;
UNLOCK TABLES;

--
-- Table structure for table `lhs`
--

DROP TABLE IF EXISTS `lhs`;
/*!40101 SET @saved_cs_client     = @@character_set_client */;
/*!50503 SET character_set_client = utf8mb4 */;
CREATE TABLE `lhs` (
  `ruleid` int NOT NULL,
  `courseid` varchar(10) NOT NULL,
  PRIMARY KEY (`ruleid`,`courseid`)
) ENGINE=InnoDB DEFAULT CHARSET=latin1;
/*!40101 SET character_set_client = @saved_cs_client */;

--
-- Dumping data for table `lhs`
--

LOCK TABLES `lhs` WRITE;
/*!40000 ALTER TABLE `lhs` DISABLE KEYS */;
INSERT INTO `lhs` VALUES (1,'ICP006'),(2,'ICP006'),(3,'ICP006'),(4,'ICP110'),(5,'ICP110'),(6,'ICP311'),(7,'ICP006'),(7,'ICP110'),(8,'ICP006'),(8,'ICP110'),(9,'ICP006'),(9,'ICP311'),(10,'ICP110'),(10,'ICP311'),(11,'ICP006'),(11,'ICP110'),(11,'ICP311');
/*!40000 ALTER TABLE `lhs` ENABLE KEYS */;
UNLOCK TABLES;

--
-- Table structure for table `outputparameter`
--

DROP TABLE IF EXISTS `outputparameter`;
/*!40101 SET @saved_cs_client     = @@character_set_client */;
/*!50503 SET character_set_client = utf8mb4 */;
CREATE TABLE `outputparameter` (
  `webServiceID` varchar(10) NOT NULL,
  `parameterID` varchar(10) NOT NULL,
  PRIMARY KEY (`webServiceID`,`parameterID`),
  KEY `knowledgeID` (`parameterID`)
) ENGINE=InnoDB DEFAULT CHARSET=latin1;
/*!40101 SET character_set_client = @saved_cs_client */;

--
-- Dumping data for table `outputparameter`
--

LOCK TABLES `outputparameter` WRITE;
/*!40000 ALTER TABLE `outputparameter` DISABLE KEYS */;
INSERT INTO `outputparameter` VALUES ('WSS100','p1'),('WSS104','p1'),('WSS107','p1'),('WSS109','p1'),('WSS114','p1'),('WSS12','p1'),('WSS125','p1'),('WSS126','p1'),('WSS128','p1'),('WSS129','p1'),('WSS130','p1'),('WSS137','p1'),('WSS140','p1'),('WSS144','p1'),('WSS150','p1'),('WSS153','p1'),('WSS157','p1'),('WSS159','p1'),('WSS16','p1'),('WSS174','p1'),('WSS177','p1'),('WSS181','p1'),('WSS186','p1'),('WSS190','p1'),('WSS191','p1'),('WSS193','p1'),('WSS196','p1'),('WSS2','p1'),('WSS202','p1'),('WSS206','p1'),('WSS208','p1'),('WSS210','p1'),('WSS211','p1'),('WSS217','p1'),('WSS218','p1'),('WSS22','p1'),('WSS222','p1'),('WSS227','p1'),('WSS229','p1'),('WSS231','p1'),('WSS233','p1'),('WSS236','p1'),('WSS24','p1'),('WSS242','p1'),('WSS243','p1'),('WSS247','p1'),('WSS25','p1'),('WSS253','p1'),('WSS254','p1'),('WSS256','p1'),('WSS257','p1'),('WSS265','p1'),('WSS266','p1'),('WSS272','p1'),('WSS275','p1'),('WSS277','p1'),('WSS28','p1'),('WSS288','p1'),('WSS289','p1'),('WSS298','p1'),('WSS3','p1'),('WSS306','p1'),('WSS313','p1'),('WSS315','p1'),('WSS317','p1'),('WSS319','p1'),('WSS323','p1'),('WSS325','p1'),('WSS329','p1'),('WSS340','p1'),('WSS345','p1'),('WSS349','p1'),('WSS350','p1'),('WSS360','p1'),('WSS362','p1'),('WSS367','p1'),('WSS368','p1'),('WSS370','p1'),('WSS374','p1'),('WSS376','p1'),('WSS381','p1'),('WSS382','p1'),('WSS383','p1'),('WSS390','p1'),('WSS396','p1'),('WSS398','p1'),('WSS40','p1'),('WSS404','p1'),('WSS407','p1'),('WSS408','p1'),('WSS410','p1'),('WSS411','p1'),('WSS422','p1'),('WSS432','p1'),('WSS435','p1'),('WSS440','p1'),('WSS441','p1'),('WSS443','p1'),('WSS444','p1'),('WSS450','p1'),('WSS453','p1'),('WSS462','p1'),('WSS464','p1'),('WSS469','p1'),('WSS471','p1'),('WSS483','p1'),('WSS486','p1'),('WSS49','p1'),('WSS490','p1'),('WSS491','p1'),('WSS493','p1'),('WSS53','p1'),('WSS55','p1'),('WSS58','p1'),('WSS60','p1'),('WSS66','p1'),('WSS7','p1'),('WSS73','p1'),('WSS82','p1'),('WSS83','p1'),('WSS93','p1'),('WSS96','p1'),('WSS97','p1'),('WSS1','p10'),('WSS108','p10'),('WSS111','p10'),('WSS112','p10'),('WSS113','p10'),('WSS123','p10'),('WSS125','p10'),('WSS13','p10'),('WSS14','p10'),('WSS142','p10'),('WSS144','p10'),('WSS145','p10'),('WSS16','p10'),('WSS161','p10'),('WSS165','p10'),('WSS172','p10'),('WSS176','p10'),('WSS187','p10'),('WSS192','p10'),('WSS20','p10'),('WSS201','p10'),('WSS204','p10'),('WSS205','p10'),('WSS209','p10'),('WSS213','p10'),('WSS215','p10'),('WSS217','p10'),('WSS220','p10'),('WSS225','p10'),('WSS227','p10'),('WSS23','p10'),('WSS230','p10'),('WSS236','p10'),('WSS241','p10'),('WSS242','p10'),('WSS243','p10'),('WSS252','p10'),('WSS253','p10'),('WSS257','p10'),('WSS258','p10'),('WSS267','p10'),('WSS270','p10'),('WSS272','p10'),('WSS273','p10'),('WSS276','p10'),('WSS280','p10'),('WSS283','p10'),('WSS286','p10'),('WSS293','p10'),('WSS30','p10'),('WSS301','p10'),('WSS302','p10'),('WSS308','p10'),('WSS31','p10'),('WSS314','p10'),('WSS317','p10'),('WSS319','p10'),('WSS321','p10'),('WSS330','p10'),('WSS331','p10'),('WSS333','p10'),('WSS335','p10'),('WSS338','p10'),('WSS340','p10'),('WSS364','p10'),('WSS368','p10'),('WSS371','p10'),('WSS372','p10'),('WSS377','p10'),('WSS383','p10'),('WSS384','p10'),('WSS387','p10'),('WSS392','p10'),('WSS394','p10'),('WSS4','p10'),('WSS402','p10'),('WSS403','p10'),('WSS406','p10'),('WSS408','p10'),('WSS411','p10'),('WSS413','p10'),('WSS418','p10'),('WSS423','p10'),('WSS426','p10'),('WSS431','p10'),('WSS434','p10'),('WSS438','p10'),('WSS442','p10'),('WSS448','p10'),('WSS45','p10'),('WSS450','p10'),('WSS451','p10'),('WSS460','p10'),('WSS463','p10'),('WSS464','p10'),('WSS468','p10'),('WSS475','p10'),('WSS477','p10'),('WSS479','p10'),('WSS481','p10'),('WSS488','p10'),('WSS492','p10'),('WSS494','p10'),('WSS495','p10'),('WSS497','p10'),('WSS499','p10'),('WSS5','p10'),('WSS50','p10'),('WSS500','p10'),('WSS52','p10'),('WSS53','p10'),('WSS56','p10'),('WSS57','p10'),('WSS59','p10'),('WSS60','p10'),('WSS61','p10'),('WSS7','p10'),('WSS75','p10'),('WSS78','p10'),('WSS79','p10'),('WSS8','p10'),('WSS82','p10'),('WSS84','p10'),('WSS86','p10'),('WSS90','p10'),('WSS91','p10'),('WSS95','p10'),('WSS103','p11'),('WSS106','p11'),('WSS107','p11'),('WSS113','p11'),('WSS115','p11'),('WSS117','p11'),('WSS12','p11'),('WSS120','p11'),('WSS122','p11'),('WSS13','p11'),('WSS130','p11'),('WSS134','p11'),('WSS136','p11'),('WSS143','p11'),('WSS152','p11'),('WSS155','p11'),('WSS157','p11'),('WSS161','p11'),('WSS164','p11'),('WSS167','p11'),('WSS173','p11'),('WSS174','p11'),('WSS177','p11'),('WSS185','p11'),('WSS197','p11'),('WSS199','p11'),('WSS20','p11'),('WSS200','p11'),('WSS201','p11'),('WSS203','p11'),('WSS212','p11'),('WSS217','p11'),('WSS221','p11'),('WSS222','p11'),('WSS235','p11'),('WSS240','p11'),('WSS252','p11'),('WSS253','p11'),('WSS258','p11'),('WSS263','p11'),('WSS267','p11'),('WSS268','p11'),('WSS292','p11'),('WSS293','p11'),('WSS294','p11'),('WSS3','p11'),('WSS300','p11'),('WSS302','p11'),('WSS315','p11'),('WSS316','p11'),('WSS323','p11'),('WSS329','p11'),('WSS33','p11'),('WSS338','p11'),('WSS339','p11'),('WSS341','p11'),('WSS343','p11'),('WSS344','p11'),('WSS353','p11'),('WSS358','p11'),('WSS36','p11'),('WSS361','p11'),('WSS364','p11'),('WSS365','p11'),('WSS379','p11'),('WSS381','p11'),('WSS383','p11'),('WSS388','p11'),('WSS39','p11'),('WSS390','p11'),('WSS392','p11'),('WSS393','p11'),('WSS398','p11'),('WSS4','p11'),('WSS402','p11'),('WSS404','p11'),('WSS415','p11'),('WSS426','p11'),('WSS428','p11'),('WSS431','p11'),('WSS435','p11'),('WSS437','p11'),('WSS438','p11'),('WSS441','p11'),('WSS442','p11'),('WSS444','p11'),('WSS445','p11'),('WSS446','p11'),('WSS452','p11'),('WSS453','p11'),('WSS462','p11'),('WSS464','p11'),('WSS475','p11'),('WSS476','p11'),('WSS477','p11'),('WSS481','p11'),('WSS485','p11'),('WSS491','p11'),('WSS494','p11'),('WSS497','p11'),('WSS55','p11'),('WSS57','p11'),('WSS59','p11'),('WSS81','p11'),('WSS85','p11'),('WSS9','p11'),('WSS97','p11'),('WSS100','p12'),('WSS102','p12'),('WSS103','p12'),('WSS107','p12'),('WSS110','p12'),('WSS117','p12'),('WSS124','p12'),('WSS131','p12'),('WSS133','p12'),('WSS141','p12'),('WSS142','p12'),('WSS148','p12'),('WSS157','p12'),('WSS158','p12'),('WSS16','p12'),('WSS176','p12'),('WSS18','p12'),('WSS180','p12'),('WSS182','p12'),('WSS188','p12'),('WSS195','p12'),('WSS197','p12'),('WSS202','p12'),('WSS205','p12'),('WSS206','p12'),('WSS210','p12'),('WSS214','p12'),('WSS217','p12'),('WSS225','p12'),('WSS226','p12'),('WSS235','p12'),('WSS243','p12'),('WSS249','p12'),('WSS25','p12'),('WSS256','p12'),('WSS265','p12'),('WSS266','p12'),('WSS267','p12'),('WSS272','p12'),('WSS273','p12'),('WSS274','p12'),('WSS276','p12'),('WSS278','p12'),('WSS279','p12'),('WSS280','p12'),('WSS282','p12'),('WSS283','p12'),('WSS287','p12'),('WSS293','p12'),('WSS302','p12'),('WSS304','p12'),('WSS307','p12'),('WSS309','p12'),('WSS311','p12'),('WSS315','p12'),('WSS320','p12'),('WSS324','p12'),('WSS325','p12'),('WSS335','p12'),('WSS343','p12'),('WSS345','p12'),('WSS350','p12'),('WSS354','p12'),('WSS360','p12'),('WSS368','p12'),('WSS376','p12'),('WSS377','p12'),('WSS378','p12'),('WSS38','p12'),('WSS390','p12'),('WSS397','p12'),('WSS398','p12'),('WSS402','p12'),('WSS41','p12'),('WSS410','p12'),('WSS413','p12'),('WSS415','p12'),('WSS419','p12'),('WSS42','p12'),('WSS423','p12'),('WSS426','p12'),('WSS43','p12'),('WSS439','p12'),('WSS449','p12'),('WSS45','p12'),('WSS457','p12'),('WSS459','p12'),('WSS46','p12'),('WSS462','p12'),('WSS463','p12'),('WSS465','p12'),('WSS469','p12'),('WSS470','p12'),('WSS486','p12'),('WSS490','p12'),('WSS492','p12'),('WSS494','p12'),('WSS50','p12'),('WSS57','p12'),('WSS6','p12'),('WSS63','p12'),('WSS64','p12'),('WSS69','p12'),('WSS7','p12'),('WSS77','p12'),('WSS84','p12'),('WSS85','p12'),('WSS88','p12'),('WSS94','p12'),('WSS95','p12'),('WSS96','p12'),('WSS101','p13'),('WSS104','p13'),('WSS106','p13'),('WSS108','p13'),('WSS109','p13'),('WSS11','p13'),('WSS111','p13'),('WSS114','p13'),('WSS115','p13'),('WSS118','p13'),('WSS119','p13'),('WSS12','p13'),('WSS121','p13'),('WSS123','p13'),('WSS128','p13'),('WSS130','p13'),('WSS134','p13'),('WSS145','p13'),('WSS15','p13'),('WSS153','p13'),('WSS154','p13'),('WSS16','p13'),('WSS160','p13'),('WSS167','p13'),('WSS169','p13'),('WSS184','p13'),('WSS188','p13'),('WSS190','p13'),('WSS193','p13'),('WSS199','p13'),('WSS202','p13'),('WSS211','p13'),('WSS215','p13'),('WSS216','p13'),('WSS220','p13'),('WSS229','p13'),('WSS23','p13'),('WSS231','p13'),('WSS251','p13'),('WSS252','p13'),('WSS26','p13'),('WSS262','p13'),('WSS264','p13'),('WSS266','p13'),('WSS267','p13'),('WSS27','p13'),('WSS272','p13'),('WSS278','p13'),('WSS280','p13'),('WSS287','p13'),('WSS289','p13'),('WSS296','p13'),('WSS298','p13'),('WSS300','p13'),('WSS301','p13'),('WSS306','p13'),('WSS321','p13'),('WSS325','p13'),('WSS327','p13'),('WSS33','p13'),('WSS332','p13'),('WSS335','p13'),('WSS339','p13'),('WSS346','p13'),('WSS35','p13'),('WSS352','p13'),('WSS353','p13'),('WSS356','p13'),('WSS361','p13'),('WSS369','p13'),('WSS370','p13'),('WSS374','p13'),('WSS378','p13'),('WSS379','p13'),('WSS381','p13'),('WSS382','p13'),('WSS39','p13'),('WSS395','p13'),('WSS397','p13'),('WSS40','p13'),('WSS400','p13'),('WSS405','p13'),('WSS406','p13'),('WSS41','p13'),('WSS410','p13'),('WSS413','p13'),('WSS414','p13'),('WSS416','p13'),('WSS420','p13'),('WSS422','p13'),('WSS424','p13'),('WSS425','p13'),('WSS439','p13'),('WSS44','p13'),('WSS443','p13'),('WSS445','p13'),('WSS446','p13'),('WSS45','p13'),('WSS450','p13'),('WSS458','p13'),('WSS462','p13'),('WSS466','p13'),('WSS469','p13'),('WSS476','p13'),('WSS484','p13'),('WSS488','p13'),('WSS495','p13'),('WSS53','p13'),('WSS56','p13'),('WSS62','p13'),('WSS64','p13'),('WSS68','p13'),('WSS70','p13'),('WSS77','p13'),('WSS78','p13'),('WSS8','p13'),('WSS88','p13'),('WSS91','p13'),('WSS101','p14'),('WSS102','p14'),('WSS119','p14'),('WSS122','p14'),('WSS128','p14'),('WSS13','p14'),('WSS131','p14'),('WSS137','p14'),('WSS139','p14'),('WSS14','p14'),('WSS145','p14'),('WSS147','p14'),('WSS149','p14'),('WSS155','p14'),('WSS156','p14'),('WSS158','p14'),('WSS159','p14'),('WSS16','p14'),('WSS167','p14'),('WSS176','p14'),('WSS178','p14'),('WSS207','p14'),('WSS212','p14'),('WSS214','p14'),('WSS222','p14'),('WSS225','p14'),('WSS228','p14'),('WSS23','p14'),('WSS234','p14'),('WSS237','p14'),('WSS238','p14'),('WSS24','p14'),('WSS245','p14'),('WSS251','p14'),('WSS258','p14'),('WSS26','p14'),('WSS263','p14'),('WSS27','p14'),('WSS270','p14'),('WSS274','p14'),('WSS29','p14'),('WSS290','p14'),('WSS292','p14'),('WSS294','p14'),('WSS295','p14'),('WSS302','p14'),('WSS303','p14'),('WSS315','p14'),('WSS318','p14'),('WSS323','p14'),('WSS325','p14'),('WSS326','p14'),('WSS328','p14'),('WSS333','p14'),('WSS338','p14'),('WSS339','p14'),('WSS34','p14'),('WSS342','p14'),('WSS344','p14'),('WSS347','p14'),('WSS35','p14'),('WSS351','p14'),('WSS355','p14'),('WSS357','p14'),('WSS36','p14'),('WSS360','p14'),('WSS362','p14'),('WSS369','p14'),('WSS372','p14'),('WSS377','p14'),('WSS380','p14'),('WSS389','p14'),('WSS390','p14'),('WSS396','p14'),('WSS4','p14'),('WSS401','p14'),('WSS405','p14'),('WSS408','p14'),('WSS410','p14'),('WSS413','p14'),('WSS42','p14'),('WSS421','p14'),('WSS424','p14'),('WSS426','p14'),('WSS431','p14'),('WSS433','p14'),('WSS436','p14'),('WSS439','p14'),('WSS44','p14'),('WSS443','p14'),('WSS444','p14'),('WSS448','p14'),('WSS456','p14'),('WSS458','p14'),('WSS46','p14'),('WSS467','p14'),('WSS469','p14'),('WSS475','p14'),('WSS48','p14'),('WSS495','p14'),('WSS499','p14'),('WSS51','p14'),('WSS55','p14'),('WSS6','p14'),('WSS68','p14'),('WSS69','p14'),('WSS70','p14'),('WSS74','p14'),('WSS78','p14'),('WSS8','p14'),('WSS80','p14'),('WSS82','p14'),('WSS85','p14'),('WSS86','p14'),('WSS1','p15'),('WSS10','p15'),('WSS102','p15'),('WSS105','p15'),('WSS109','p15'),('WSS116','p15'),('WSS121','p15'),('WSS124','p15'),('WSS129','p15'),('WSS13','p15'),('WSS133','p15'),('WSS135','p15'),('WSS140','p15'),('WSS145','p15'),('WSS150','p15'),('WSS153','p15'),('WSS159','p15'),('WSS164','p15'),('WSS165','p15'),('WSS167','p15'),('WSS168','p15'),('WSS169','p15'),('WSS174','p15'),('WSS175','p15'),('WSS178','p15'),('WSS185','p15'),('WSS190','p15'),('WSS199','p15'),('WSS203','p15'),('WSS210','p15'),('WSS213','p15'),('WSS215','p15'),('WSS216','p15'),('WSS219','p15'),('WSS227','p15'),('WSS228','p15'),('WSS229','p15'),('WSS239','p15'),('WSS243','p15'),('WSS246','p15'),('WSS252','p15'),('WSS253','p15'),('WSS256','p15'),('WSS260','p15'),('WSS264','p15'),('WSS268','p15'),('WSS274','p15'),('WSS286','p15'),('WSS289','p15'),('WSS290','p15'),('WSS291','p15'),('WSS297','p15'),('WSS3','p15'),('WSS301','p15'),('WSS303','p15'),('WSS31','p15'),('WSS313','p15'),('WSS315','p15'),('WSS316','p15'),('WSS326','p15'),('WSS328','p15'),('WSS331','p15'),('WSS341','p15'),('WSS342','p15'),('WSS343','p15'),('WSS347','p15'),('WSS348','p15'),('WSS349','p15'),('WSS35','p15'),('WSS351','p15'),('WSS352','p15'),('WSS356','p15'),('WSS359','p15'),('WSS363','p15'),('WSS369','p15'),('WSS37','p15'),('WSS376','p15'),('WSS377','p15'),('WSS381','p15'),('WSS389','p15'),('WSS394','p15'),('WSS4','p15'),('WSS40','p15'),('WSS406','p15'),('WSS407','p15'),('WSS414','p15'),('WSS417','p15'),('WSS418','p15'),('WSS422','p15'),('WSS425','p15'),('WSS427','p15'),('WSS439','p15'),('WSS440','p15'),('WSS444','p15'),('WSS447','p15'),('WSS450','p15'),('WSS461','p15'),('WSS464','p15'),('WSS467','p15'),('WSS468','p15'),('WSS469','p15'),('WSS47','p15'),('WSS472','p15'),('WSS474','p15'),('WSS478','p15'),('WSS479','p15'),('WSS483','p15'),('WSS484','p15'),('WSS486','p15'),('WSS490','p15'),('WSS492','p15'),('WSS494','p15'),('WSS497','p15'),('WSS498','p15'),('WSS55','p15'),('WSS63','p15'),('WSS7','p15'),('WSS72','p15'),('WSS74','p15'),('WSS8','p15'),('WSS80','p15'),('WSS87','p15'),('WSS88','p15'),('WSS91','p15'),('WSS92','p15'),('WSS93','p15'),('WSS94','p15'),('WSS98','p15'),('WSS100','p16'),('WSS101','p16'),('WSS103','p16'),('WSS104','p16'),('WSS108','p16'),('WSS109','p16'),('WSS11','p16'),('WSS111','p16'),('WSS113','p16'),('WSS114','p16'),('WSS120','p16'),('WSS126','p16'),('WSS127','p16'),('WSS129','p16'),('WSS136','p16'),('WSS139','p16'),('WSS140','p16'),('WSS141','p16'),('WSS151','p16'),('WSS152','p16'),('WSS153','p16'),('WSS154','p16'),('WSS155','p16'),('WSS158','p16'),('WSS161','p16'),('WSS164','p16'),('WSS169','p16'),('WSS179','p16'),('WSS180','p16'),('WSS181','p16'),('WSS184','p16'),('WSS19','p16'),('WSS195','p16'),('WSS196','p16'),('WSS20','p16'),('WSS201','p16'),('WSS203','p16'),('WSS204','p16'),('WSS206','p16'),('WSS208','p16'),('WSS21','p16'),('WSS216','p16'),('WSS22','p16'),('WSS224','p16'),('WSS23','p16'),('WSS234','p16'),('WSS236','p16'),('WSS238','p16'),('WSS241','p16'),('WSS242','p16'),('WSS244','p16'),('WSS246','p16'),('WSS248','p16'),('WSS252','p16'),('WSS255','p16'),('WSS256','p16'),('WSS257','p16'),('WSS260','p16'),('WSS265','p16'),('WSS267','p16'),('WSS268','p16'),('WSS269','p16'),('WSS27','p16'),('WSS274','p16'),('WSS276','p16'),('WSS279','p16'),('WSS28','p16'),('WSS285','p16'),('WSS286','p16'),('WSS289','p16'),('WSS291','p16'),('WSS293','p16'),('WSS295','p16'),('WSS296','p16'),('WSS30','p16'),('WSS309','p16'),('WSS310','p16'),('WSS316','p16'),('WSS317','p16'),('WSS318','p16'),('WSS323','p16'),('WSS331','p16'),('WSS333','p16'),('WSS334','p16'),('WSS341','p16'),('WSS343','p16'),('WSS35','p16'),('WSS353','p16'),('WSS355','p16'),('WSS356','p16'),('WSS361','p16'),('WSS363','p16'),('WSS364','p16'),('WSS365','p16'),('WSS370','p16'),('WSS379','p16'),('WSS381','p16'),('WSS386','p16'),('WSS387','p16'),('WSS388','p16'),('WSS39','p16'),('WSS399','p16'),('WSS401','p16'),('WSS403','p16'),('WSS406','p16'),('WSS408','p16'),('WSS418','p16'),('WSS419','p16'),('WSS423','p16'),('WSS429','p16'),('WSS430','p16'),('WSS432','p16'),('WSS438','p16'),('WSS44','p16'),('WSS442','p16'),('WSS446','p16'),('WSS452','p16'),('WSS453','p16'),('WSS458','p16'),('WSS460','p16'),('WSS467','p16'),('WSS474','p16'),('WSS482','p16'),('WSS486','p16'),('WSS487','p16'),('WSS491','p16'),('WSS494','p16'),('WSS5','p16'),('WSS52','p16'),('WSS54','p16'),('WSS58','p16'),('WSS60','p16'),('WSS65','p16'),('WSS68','p16'),('WSS74','p16'),('WSS75','p16'),('WSS81','p16'),('WSS86','p16'),('WSS95','p16'),('WSS10','p17'),('WSS101','p17'),('WSS112','p17'),('WSS113','p17'),('WSS117','p17'),('WSS118','p17'),('WSS121','p17'),('WSS130','p17'),('WSS132','p17'),('WSS139','p17'),('WSS14','p17'),('WSS144','p17'),('WSS146','p17'),('WSS155','p17'),('WSS165','p17'),('WSS168','p17'),('WSS169','p17'),('WSS177','p17'),('WSS179','p17'),('WSS182','p17'),('WSS184','p17'),('WSS187','p17'),('WSS188','p17'),('WSS189','p17'),('WSS196','p17'),('WSS198','p17'),('WSS205','p17'),('WSS208','p17'),('WSS210','p17'),('WSS211','p17'),('WSS212','p17'),('WSS216','p17'),('WSS223','p17'),('WSS224','p17'),('WSS226','p17'),('WSS231','p17'),('WSS238','p17'),('WSS244','p17'),('WSS246','p17'),('WSS247','p17'),('WSS248','p17'),('WSS249','p17'),('WSS250','p17'),('WSS253','p17'),('WSS259','p17'),('WSS26','p17'),('WSS264','p17'),('WSS266','p17'),('WSS270','p17'),('WSS272','p17'),('WSS280','p17'),('WSS282','p17'),('WSS287','p17'),('WSS295','p17'),('WSS296','p17'),('WSS3','p17'),('WSS300','p17'),('WSS306','p17'),('WSS321','p17'),('WSS326','p17'),('WSS327','p17'),('WSS33','p17'),('WSS330','p17'),('WSS334','p17'),('WSS336','p17'),('WSS348','p17'),('WSS354','p17'),('WSS355','p17'),('WSS356','p17'),('WSS363','p17'),('WSS373','p17'),('WSS374','p17'),('WSS383','p17'),('WSS387','p17'),('WSS388','p17'),('WSS39','p17'),('WSS392','p17'),('WSS4','p17'),('WSS41','p17'),('WSS420','p17'),('WSS428','p17'),('WSS440','p17'),('WSS444','p17'),('WSS445','p17'),('WSS448','p17'),('WSS450','p17'),('WSS455','p17'),('WSS456','p17'),('WSS458','p17'),('WSS46','p17'),('WSS463','p17'),('WSS480','p17'),('WSS482','p17'),('WSS485','p17'),('WSS486','p17'),('WSS488','p17'),('WSS489','p17'),('WSS491','p17'),('WSS492','p17'),('WSS494','p17'),('WSS5','p17'),('WSS52','p17'),('WSS54','p17'),('WSS57','p17'),('WSS61','p17'),('WSS65','p17'),('WSS67','p17'),('WSS70','p17'),('WSS72','p17'),('WSS74','p17'),('WSS79','p17'),('WSS8','p17'),('WSS81','p17'),('WSS89','p17'),('WSS91','p17'),('WSS93','p17'),('WSS104','p18'),('WSS105','p18'),('WSS106','p18'),('WSS107','p18'),('WSS124','p18'),('WSS132','p18'),('WSS134','p18'),('WSS135','p18'),('WSS143','p18'),('WSS146','p18'),('WSS149','p18'),('WSS152','p18'),('WSS153','p18'),('WSS155','p18'),('WSS157','p18'),('WSS158','p18'),('WSS168','p18'),('WSS169','p18'),('WSS171','p18'),('WSS178','p18'),('WSS181','p18'),('WSS194','p18'),('WSS202','p18'),('WSS206','p18'),('WSS207','p18'),('WSS214','p18'),('WSS217','p18'),('WSS218','p18'),('WSS22','p18'),('WSS231','p18'),('WSS248','p18'),('WSS249','p18'),('WSS255','p18'),('WSS262','p18'),('WSS264','p18'),('WSS268','p18'),('WSS272','p18'),('WSS28','p18'),('WSS283','p18'),('WSS287','p18'),('WSS29','p18'),('WSS292','p18'),('WSS308','p18'),('WSS311','p18'),('WSS322','p18'),('WSS327','p18'),('WSS330','p18'),('WSS335','p18'),('WSS340','p18'),('WSS341','p18'),('WSS345','p18'),('WSS348','p18'),('WSS361','p18'),('WSS368','p18'),('WSS372','p18'),('WSS375','p18'),('WSS377','p18'),('WSS380','p18'),('WSS382','p18'),('WSS385','p18'),('WSS386','p18'),('WSS388','p18'),('WSS389','p18'),('WSS390','p18'),('WSS398','p18'),('WSS416','p18'),('WSS418','p18'),('WSS426','p18'),('WSS428','p18'),('WSS432','p18'),('WSS435','p18'),('WSS437','p18'),('WSS439','p18'),('WSS441','p18'),('WSS443','p18'),('WSS454','p18'),('WSS457','p18'),('WSS459','p18'),('WSS472','p18'),('WSS473','p18'),('WSS475','p18'),('WSS476','p18'),('WSS481','p18'),('WSS485','p18'),('WSS488','p18'),('WSS489','p18'),('WSS497','p18'),('WSS499','p18'),('WSS5','p18'),('WSS51','p18'),('WSS56','p18'),('WSS59','p18'),('WSS61','p18'),('WSS67','p18'),('WSS68','p18'),('WSS71','p18'),('WSS75','p18'),('WSS77','p18'),('WSS81','p18'),('WSS87','p18'),('WSS89','p18'),('WSS90','p18'),('WSS96','p18'),('WSS100','p19'),('WSS102','p19'),('WSS103','p19'),('WSS104','p19'),('WSS105','p19'),('WSS106','p19'),('WSS110','p19'),('WSS112','p19'),('WSS116','p19'),('WSS118','p19'),('WSS126','p19'),('WSS127','p19'),('WSS129','p19'),('WSS132','p19'),('WSS140','p19'),('WSS144','p19'),('WSS149','p19'),('WSS15','p19'),('WSS156','p19'),('WSS157','p19'),('WSS158','p19'),('WSS16','p19'),('WSS162','p19'),('WSS165','p19'),('WSS168','p19'),('WSS172','p19'),('WSS173','p19'),('WSS178','p19'),('WSS180','p19'),('WSS185','p19'),('WSS192','p19'),('WSS194','p19'),('WSS198','p19'),('WSS2','p19'),('WSS203','p19'),('WSS205','p19'),('WSS209','p19'),('WSS214','p19'),('WSS215','p19'),('WSS218','p19'),('WSS219','p19'),('WSS225','p19'),('WSS226','p19'),('WSS227','p19'),('WSS231','p19'),('WSS233','p19'),('WSS234','p19'),('WSS237','p19'),('WSS24','p19'),('WSS240','p19'),('WSS251','p19'),('WSS265','p19'),('WSS271','p19'),('WSS273','p19'),('WSS282','p19'),('WSS29','p19'),('WSS296','p19'),('WSS298','p19'),('WSS30','p19'),('WSS310','p19'),('WSS330','p19'),('WSS336','p19'),('WSS34','p19'),('WSS340','p19'),('WSS348','p19'),('WSS35','p19'),('WSS354','p19'),('WSS359','p19'),('WSS362','p19'),('WSS363','p19'),('WSS373','p19'),('WSS375','p19'),('WSS378','p19'),('WSS383','p19'),('WSS384','p19'),('WSS386','p19'),('WSS389','p19'),('WSS391','p19'),('WSS403','p19'),('WSS404','p19'),('WSS405','p19'),('WSS408','p19'),('WSS409','p19'),('WSS414','p19'),('WSS415','p19'),('WSS428','p19'),('WSS429','p19'),('WSS43','p19'),('WSS442','p19'),('WSS454','p19'),('WSS455','p19'),('WSS465','p19'),('WSS47','p19'),('WSS470','p19'),('WSS473','p19'),('WSS474','p19'),('WSS476','p19'),('WSS481','p19'),('WSS489','p19'),('WSS490','p19'),('WSS495','p19'),('WSS496','p19'),('WSS497','p19'),('WSS50','p19'),('WSS51','p19'),('WSS55','p19'),('WSS56','p19'),('WSS59','p19'),('WSS6','p19'),('WSS63','p19'),('WSS69','p19'),('WSS72','p19'),('WSS73','p19'),('WSS86','p19'),('WSS97','p19'),('WSS99','p19'),('WSS108','p2'),('WSS116','p2'),('WSS117','p2'),('WSS12','p2'),('WSS123','p2'),('WSS124','p2'),('WSS125','p2'),('WSS129','p2'),('WSS130','p2'),('WSS131','p2'),('WSS135','p2'),('WSS143','p2'),('WSS151','p2'),('WSS156','p2'),('WSS160','p2'),('WSS167','p2'),('WSS171','p2'),('WSS176','p2'),('WSS179','p2'),('WSS182','p2'),('WSS186','p2'),('WSS190','p2'),('WSS209','p2'),('WSS21','p2'),('WSS23','p2'),('WSS230','p2'),('WSS238','p2'),('WSS244','p2'),('WSS245','p2'),('WSS247','p2'),('WSS259','p2'),('WSS260','p2'),('WSS261','p2'),('WSS266','p2'),('WSS270','p2'),('WSS28','p2'),('WSS280','p2'),('WSS281','p2'),('WSS287','p2'),('WSS29','p2'),('WSS298','p2'),('WSS299','p2'),('WSS303','p2'),('WSS308','p2'),('WSS32','p2'),('WSS330','p2'),('WSS338','p2'),('WSS34','p2'),('WSS340','p2'),('WSS347','p2'),('WSS348','p2'),('WSS35','p2'),('WSS351','p2'),('WSS352','p2'),('WSS359','p2'),('WSS37','p2'),('WSS371','p2'),('WSS378','p2'),('WSS384','p2'),('WSS385','p2'),('WSS387','p2'),('WSS389','p2'),('WSS390','p2'),('WSS393','p2'),('WSS398','p2'),('WSS399','p2'),('WSS402','p2'),('WSS403','p2'),('WSS41','p2'),('WSS418','p2'),('WSS419','p2'),('WSS42','p2'),('WSS427','p2'),('WSS429','p2'),('WSS432','p2'),('WSS435','p2'),('WSS437','p2'),('WSS438','p2'),('WSS440','p2'),('WSS443','p2'),('WSS453','p2'),('WSS454','p2'),('WSS458','p2'),('WSS461','p2'),('WSS470','p2'),('WSS479','p2'),('WSS480','p2'),('WSS482','p2'),('WSS483','p2'),('WSS49','p2'),('WSS493','p2'),('WSS499','p2'),('WSS56','p2'),('WSS58','p2'),('WSS60','p2'),('WSS63','p2'),('WSS66','p2'),('WSS73','p2'),('WSS74','p2'),('WSS76','p2'),('WSS81','p2'),('WSS93','p2'),('WSS107','p20'),('WSS11','p20'),('WSS111','p20'),('WSS112','p20'),('WSS120','p20'),('WSS127','p20'),('WSS136','p20'),('WSS138','p20'),('WSS141','p20'),('WSS146','p20'),('WSS149','p20'),('WSS151','p20'),('WSS152','p20'),('WSS167','p20'),('WSS17','p20'),('WSS172','p20'),('WSS176','p20'),('WSS180','p20'),('WSS184','p20'),('WSS193','p20'),('WSS195','p20'),('WSS198','p20'),('WSS20','p20'),('WSS203','p20'),('WSS206','p20'),('WSS216','p20'),('WSS217','p20'),('WSS219','p20'),('WSS221','p20'),('WSS222','p20'),('WSS225','p20'),('WSS23','p20'),('WSS230','p20'),('WSS237','p20'),('WSS241','p20'),('WSS244','p20'),('WSS245','p20'),('WSS248','p20'),('WSS250','p20'),('WSS253','p20'),('WSS255','p20'),('WSS256','p20'),('WSS259','p20'),('WSS261','p20'),('WSS262','p20'),('WSS265','p20'),('WSS270','p20'),('WSS276','p20'),('WSS277','p20'),('WSS279','p20'),('WSS281','p20'),('WSS284','p20'),('WSS286','p20'),('WSS290','p20'),('WSS291','p20'),('WSS293','p20'),('WSS294','p20'),('WSS297','p20'),('WSS305','p20'),('WSS312','p20'),('WSS318','p20'),('WSS319','p20'),('WSS325','p20'),('WSS33','p20'),('WSS332','p20'),('WSS34','p20'),('WSS346','p20'),('WSS349','p20'),('WSS35','p20'),('WSS350','p20'),('WSS352','p20'),('WSS359','p20'),('WSS36','p20'),('WSS360','p20'),('WSS37','p20'),('WSS374','p20'),('WSS38','p20'),('WSS380','p20'),('WSS391','p20'),('WSS4','p20'),('WSS402','p20'),('WSS404','p20'),('WSS410','p20'),('WSS412','p20'),('WSS415','p20'),('WSS417','p20'),('WSS42','p20'),('WSS424','p20'),('WSS427','p20'),('WSS430','p20'),('WSS441','p20'),('WSS446','p20'),('WSS453','p20'),('WSS46','p20'),('WSS469','p20'),('WSS476','p20'),('WSS48','p20'),('WSS481','p20'),('WSS482','p20'),('WSS486','p20'),('WSS496','p20'),('WSS499','p20'),('WSS5','p20'),('WSS53','p20'),('WSS57','p20'),('WSS6','p20'),('WSS64','p20'),('WSS67','p20'),('WSS68','p20'),('WSS76','p20'),('WSS88','p20'),('WSS92','p20'),('WSS96','p20'),('WSS114','p21'),('WSS122','p21'),('WSS126','p21'),('WSS13','p21'),('WSS132','p21'),('WSS133','p21'),('WSS134','p21'),('WSS136','p21'),('WSS137','p21'),('WSS144','p21'),('WSS146','p21'),('WSS147','p21'),('WSS164','p21'),('WSS165','p21'),('WSS170','p21'),('WSS175','p21'),('WSS176','p21'),('WSS177','p21'),('WSS185','p21'),('WSS189','p21'),('WSS191','p21'),('WSS193','p21'),('WSS196','p21'),('WSS197','p21'),('WSS199','p21'),('WSS20','p21'),('WSS201','p21'),('WSS208','p21'),('WSS210','p21'),('WSS22','p21'),('WSS221','p21'),('WSS223','p21'),('WSS228','p21'),('WSS232','p21'),('WSS233','p21'),('WSS236','p21'),('WSS239','p21'),('WSS242','p21'),('WSS250','p21'),('WSS253','p21'),('WSS254','p21'),('WSS271','p21'),('WSS272','p21'),('WSS281','p21'),('WSS282','p21'),('WSS284','p21'),('WSS288','p21'),('WSS290','p21'),('WSS293','p21'),('WSS296','p21'),('WSS30','p21'),('WSS301','p21'),('WSS310','p21'),('WSS322','p21'),('WSS327','p21'),('WSS33','p21'),('WSS330','p21'),('WSS333','p21'),('WSS337','p21'),('WSS343','p21'),('WSS352','p21'),('WSS357','p21'),('WSS36','p21'),('WSS365','p21'),('WSS366','p21'),('WSS369','p21'),('WSS374','p21'),('WSS376','p21'),('WSS386','p21'),('WSS388','p21'),('WSS392','p21'),('WSS407','p21'),('WSS408','p21'),('WSS41','p21'),('WSS410','p21'),('WSS412','p21'),('WSS414','p21'),('WSS415','p21'),('WSS423','p21'),('WSS425','p21'),('WSS427','p21'),('WSS428','p21'),('WSS43','p21'),('WSS432','p21'),('WSS433','p21'),('WSS434','p21'),('WSS438','p21'),('WSS443','p21'),('WSS446','p21'),('WSS447','p21'),('WSS449','p21'),('WSS456','p21'),('WSS460','p21'),('WSS474','p21'),('WSS496','p21'),('WSS498','p21'),('WSS50','p21'),('WSS54','p21'),('WSS55','p21'),('WSS56','p21'),('WSS58','p21'),('WSS60','p21'),('WSS67','p21'),('WSS70','p21'),('WSS72','p21'),('WSS75','p21'),('WSS77','p21'),('WSS79','p21'),('WSS85','p21'),('WSS9','p21'),('WSS90','p21'),('WSS96','p21'),('WSS102','p22'),('WSS108','p22'),('WSS112','p22'),('WSS113','p22'),('WSS115','p22'),('WSS12','p22'),('WSS120','p22'),('WSS121','p22'),('WSS128','p22'),('WSS133','p22'),('WSS134','p22'),('WSS136','p22'),('WSS14','p22'),('WSS15','p22'),('WSS150','p22'),('WSS151','p22'),('WSS154','p22'),('WSS159','p22'),('WSS162','p22'),('WSS165','p22'),('WSS17','p22'),('WSS174','p22'),('WSS178','p22'),('WSS180','p22'),('WSS185','p22'),('WSS188','p22'),('WSS189','p22'),('WSS197','p22'),('WSS200','p22'),('WSS202','p22'),('WSS203','p22'),('WSS205','p22'),('WSS207','p22'),('WSS215','p22'),('WSS224','p22'),('WSS237','p22'),('WSS248','p22'),('WSS25','p22'),('WSS256','p22'),('WSS258','p22'),('WSS260','p22'),('WSS261','p22'),('WSS265','p22'),('WSS274','p22'),('WSS276','p22'),('WSS279','p22'),('WSS281','p22'),('WSS288','p22'),('WSS290','p22'),('WSS296','p22'),('WSS299','p22'),('WSS30','p22'),('WSS302','p22'),('WSS304','p22'),('WSS307','p22'),('WSS309','p22'),('WSS31','p22'),('WSS312','p22'),('WSS315','p22'),('WSS316','p22'),('WSS317','p22'),('WSS318','p22'),('WSS319','p22'),('WSS320','p22'),('WSS324','p22'),('WSS325','p22'),('WSS326','p22'),('WSS333','p22'),('WSS34','p22'),('WSS348','p22'),('WSS360','p22'),('WSS366','p22'),('WSS367','p22'),('WSS374','p22'),('WSS375','p22'),('WSS38','p22'),('WSS381','p22'),('WSS384','p22'),('WSS400','p22'),('WSS418','p22'),('WSS421','p22'),('WSS428','p22'),('WSS429','p22'),('WSS431','p22'),('WSS432','p22'),('WSS433','p22'),('WSS434','p22'),('WSS435','p22'),('WSS436','p22'),('WSS446','p22'),('WSS447','p22'),('WSS448','p22'),('WSS45','p22'),('WSS451','p22'),('WSS456','p22'),('WSS463','p22'),('WSS464','p22'),('WSS470','p22'),('WSS474','p22'),('WSS477','p22'),('WSS478','p22'),('WSS479','p22'),('WSS493','p22'),('WSS52','p22'),('WSS53','p22'),('WSS62','p22'),('WSS63','p22'),('WSS69','p22'),('WSS79','p22'),('WSS82','p22'),('WSS83','p22'),('WSS85','p22'),('WSS9','p22'),('WSS94','p22'),('WSS99','p22'),('WSS1','p23'),('WSS10','p23'),('WSS110','p23'),('WSS116','p23'),('WSS119','p23'),('WSS12','p23'),('WSS121','p23'),('WSS13','p23'),('WSS139','p23'),('WSS140','p23'),('WSS142','p23'),('WSS145','p23'),('WSS147','p23'),('WSS150','p23'),('WSS156','p23'),('WSS160','p23'),('WSS162','p23'),('WSS169','p23'),('WSS170','p23'),('WSS175','p23'),('WSS176','p23'),('WSS18','p23'),('WSS187','p23'),('WSS19','p23'),('WSS192','p23'),('WSS195','p23'),('WSS20','p23'),('WSS200','p23'),('WSS206','p23'),('WSS209','p23'),('WSS218','p23'),('WSS222','p23'),('WSS228','p23'),('WSS232','p23'),('WSS234','p23'),('WSS24','p23'),('WSS240','p23'),('WSS242','p23'),('WSS246','p23'),('WSS247','p23'),('WSS249','p23'),('WSS25','p23'),('WSS250','p23'),('WSS255','p23'),('WSS256','p23'),('WSS260','p23'),('WSS264','p23'),('WSS265','p23'),('WSS271','p23'),('WSS273','p23'),('WSS285','p23'),('WSS288','p23'),('WSS294','p23'),('WSS298','p23'),('WSS303','p23'),('WSS306','p23'),('WSS307','p23'),('WSS32','p23'),('WSS322','p23'),('WSS324','p23'),('WSS325','p23'),('WSS326','p23'),('WSS327','p23'),('WSS331','p23'),('WSS333','p23'),('WSS336','p23'),('WSS337','p23'),('WSS338','p23'),('WSS346','p23'),('WSS347','p23'),('WSS350','p23'),('WSS353','p23'),('WSS355','p23'),('WSS382','p23'),('WSS383','p23'),('WSS393','p23'),('WSS398','p23'),('WSS403','p23'),('WSS408','p23'),('WSS410','p23'),('WSS412','p23'),('WSS418','p23'),('WSS42','p23'),('WSS421','p23'),('WSS422','p23'),('WSS423','p23'),('WSS430','p23'),('WSS431','p23'),('WSS438','p23'),('WSS440','p23'),('WSS442','p23'),('WSS459','p23'),('WSS461','p23'),('WSS465','p23'),('WSS466','p23'),('WSS467','p23'),('WSS470','p23'),('WSS471','p23'),('WSS480','p23'),('WSS484','p23'),('WSS488','p23'),('WSS489','p23'),('WSS490','p23'),('WSS495','p23'),('WSS50','p23'),('WSS500','p23'),('WSS64','p23'),('WSS65','p23'),('WSS67','p23'),('WSS7','p23'),('WSS72','p23'),('WSS74','p23'),('WSS82','p23'),('WSS86','p23'),('WSS108','p24'),('WSS109','p24'),('WSS129','p24'),('WSS137','p24'),('WSS141','p24'),('WSS142','p24'),('WSS144','p24'),('WSS15','p24'),('WSS150','p24'),('WSS155','p24'),('WSS162','p24'),('WSS166','p24'),('WSS174','p24'),('WSS180','p24'),('WSS183','p24'),('WSS184','p24'),('WSS200','p24'),('WSS203','p24'),('WSS207','p24'),('WSS208','p24'),('WSS21','p24'),('WSS211','p24'),('WSS212','p24'),('WSS214','p24'),('WSS218','p24'),('WSS219','p24'),('WSS22','p24'),('WSS222','p24'),('WSS227','p24'),('WSS239','p24'),('WSS247','p24'),('WSS258','p24'),('WSS261','p24'),('WSS263','p24'),('WSS266','p24'),('WSS268','p24'),('WSS271','p24'),('WSS274','p24'),('WSS275','p24'),('WSS277','p24'),('WSS279','p24'),('WSS280','p24'),('WSS282','p24'),('WSS284','p24'),('WSS285','p24'),('WSS29','p24'),('WSS291','p24'),('WSS292','p24'),('WSS301','p24'),('WSS303','p24'),('WSS306','p24'),('WSS31','p24'),('WSS311','p24'),('WSS312','p24'),('WSS314','p24'),('WSS316','p24'),('WSS317','p24'),('WSS320','p24'),('WSS321','p24'),('WSS324','p24'),('WSS328','p24'),('WSS329','p24'),('WSS33','p24'),('WSS339','p24'),('WSS340','p24'),('WSS342','p24'),('WSS343','p24'),('WSS348','p24'),('WSS349','p24'),('WSS364','p24'),('WSS377','p24'),('WSS379','p24'),('WSS380','p24'),('WSS382','p24'),('WSS386','p24'),('WSS392','p24'),('WSS394','p24'),('WSS396','p24'),('WSS399','p24'),('WSS404','p24'),('WSS406','p24'),('WSS407','p24'),('WSS41','p24'),('WSS413','p24'),('WSS417','p24'),('WSS428','p24'),('WSS430','p24'),('WSS431','p24'),('WSS433','p24'),('WSS436','p24'),('WSS444','p24'),('WSS445','p24'),('WSS453','p24'),('WSS458','p24'),('WSS466','p24'),('WSS467','p24'),('WSS469','p24'),('WSS471','p24'),('WSS477','p24'),('WSS478','p24'),('WSS479','p24'),('WSS48','p24'),('WSS485','p24'),('WSS486','p24'),('WSS490','p24'),('WSS492','p24'),('WSS50','p24'),('WSS500','p24'),('WSS53','p24'),('WSS54','p24'),('WSS57','p24'),('WSS59','p24'),('WSS64','p24'),('WSS66','p24'),('WSS69','p24'),('WSS70','p24'),('WSS72','p24'),('WSS78','p24'),('WSS80','p24'),('WSS83','p24'),('WSS90','p24'),('WSS95','p24'),('WSS103','p25'),('WSS107','p25'),('WSS110','p25'),('WSS114','p25'),('WSS115','p25'),('WSS120','p25'),('WSS123','p25'),('WSS124','p25'),('WSS125','p25'),('WSS138','p25'),('WSS139','p25'),('WSS141','p25'),('WSS149','p25'),('WSS152','p25'),('WSS154','p25'),('WSS160','p25'),('WSS163','p25'),('WSS164','p25'),('WSS168','p25'),('WSS173','p25'),('WSS181','p25'),('WSS187','p25'),('WSS188','p25'),('WSS189','p25'),('WSS19','p25'),('WSS191','p25'),('WSS194','p25'),('WSS196','p25'),('WSS198','p25'),('WSS20','p25'),('WSS207','p25'),('WSS21','p25'),('WSS214','p25'),('WSS221','p25'),('WSS223','p25'),('WSS228','p25'),('WSS229','p25'),('WSS238','p25'),('WSS240','p25'),('WSS259','p25'),('WSS26','p25'),('WSS273','p25'),('WSS276','p25'),('WSS277','p25'),('WSS279','p25'),('WSS281','p25'),('WSS283','p25'),('WSS284','p25'),('WSS285','p25'),('WSS287','p25'),('WSS289','p25'),('WSS29','p25'),('WSS297','p25'),('WSS303','p25'),('WSS309','p25'),('WSS31','p25'),('WSS314','p25'),('WSS315','p25'),('WSS316','p25'),('WSS320','p25'),('WSS324','p25'),('WSS332','p25'),('WSS334','p25'),('WSS337','p25'),('WSS340','p25'),('WSS356','p25'),('WSS357','p25'),('WSS364','p25'),('WSS369','p25'),('WSS370','p25'),('WSS371','p25'),('WSS375','p25'),('WSS377','p25'),('WSS378','p25'),('WSS386','p25'),('WSS387','p25'),('WSS388','p25'),('WSS389','p25'),('WSS394','p25'),('WSS396','p25'),('WSS397','p25'),('WSS404','p25'),('WSS405','p25'),('WSS411','p25'),('WSS419','p25'),('WSS420','p25'),('WSS423','p25'),('WSS424','p25'),('WSS43','p25'),('WSS430','p25'),('WSS431','p25'),('WSS433','p25'),('WSS435','p25'),('WSS445','p25'),('WSS449','p25'),('WSS45','p25'),('WSS452','p25'),('WSS46','p25'),('WSS460','p25'),('WSS461','p25'),('WSS463','p25'),('WSS466','p25'),('WSS468','p25'),('WSS470','p25'),('WSS473','p25'),('WSS480','p25'),('WSS491','p25'),('WSS497','p25'),('WSS499','p25'),('WSS5','p25'),('WSS51','p25'),('WSS56','p25'),('WSS65','p25'),('WSS66','p25'),('WSS67','p25'),('WSS68','p25'),('WSS72','p25'),('WSS75','p25'),('WSS76','p25'),('WSS78','p25'),('WSS80','p25'),('WSS82','p25'),('WSS86','p25'),('WSS89','p25'),('WSS91','p25'),('WSS93','p25'),('WSS98','p25'),('WSS99','p25'),('WSS1','p26'),('WSS116','p26'),('WSS122','p26'),('WSS127','p26'),('WSS132','p26'),('WSS136','p26'),('WSS137','p26'),('WSS14','p26'),('WSS144','p26'),('WSS148','p26'),('WSS153','p26'),('WSS156','p26'),('WSS158','p26'),('WSS161','p26'),('WSS166','p26'),('WSS170','p26'),('WSS172','p26'),('WSS176','p26'),('WSS178','p26'),('WSS179','p26'),('WSS18','p26'),('WSS181','p26'),('WSS182','p26'),('WSS183','p26'),('WSS184','p26'),('WSS186','p26'),('WSS194','p26'),('WSS195','p26'),('WSS196','p26'),('WSS201','p26'),('WSS22','p26'),('WSS221','p26'),('WSS228','p26'),('WSS230','p26'),('WSS234','p26'),('WSS236','p26'),('WSS238','p26'),('WSS243','p26'),('WSS244','p26'),('WSS246','p26'),('WSS247','p26'),('WSS250','p26'),('WSS251','p26'),('WSS259','p26'),('WSS261','p26'),('WSS262','p26'),('WSS27','p26'),('WSS270','p26'),('WSS273','p26'),('WSS278','p26'),('WSS293','p26'),('WSS299','p26'),('WSS3','p26'),('WSS301','p26'),('WSS304','p26'),('WSS312','p26'),('WSS320','p26'),('WSS322','p26'),('WSS323','p26'),('WSS326','p26'),('WSS328','p26'),('WSS33','p26'),('WSS331','p26'),('WSS34','p26'),('WSS348','p26'),('WSS35','p26'),('WSS350','p26'),('WSS351','p26'),('WSS354','p26'),('WSS367','p26'),('WSS370','p26'),('WSS371','p26'),('WSS376','p26'),('WSS380','p26'),('WSS384','p26'),('WSS386','p26'),('WSS39','p26'),('WSS391','p26'),('WSS393','p26'),('WSS396','p26'),('WSS400','p26'),('WSS403','p26'),('WSS41','p26'),('WSS416','p26'),('WSS419','p26'),('WSS422','p26'),('WSS424','p26'),('WSS427','p26'),('WSS430','p26'),('WSS433','p26'),('WSS435','p26'),('WSS437','p26'),('WSS438','p26'),('WSS439','p26'),('WSS441','p26'),('WSS444','p26'),('WSS447','p26'),('WSS448','p26'),('WSS45','p26'),('WSS451','p26'),('WSS452','p26'),('WSS454','p26'),('WSS46','p26'),('WSS466','p26'),('WSS468','p26'),('WSS471','p26'),('WSS479','p26'),('WSS482','p26'),('WSS485','p26'),('WSS487','p26'),('WSS498','p26'),('WSS499','p26'),('WSS61','p26'),('WSS63','p26'),('WSS66','p26'),('WSS71','p26'),('WSS73','p26'),('WSS76','p26'),('WSS78','p26'),('WSS80','p26'),('WSS83','p26'),('WSS84','p26'),('WSS87','p26'),('WSS89','p26'),('WSS9','p26'),('WSS91','p26'),('WSS92','p26'),('WSS95','p26'),('WSS98','p26'),('WSS1','p27'),('WSS105','p27'),('WSS109','p27'),('WSS113','p27'),('WSS118','p27'),('WSS119','p27'),('WSS120','p27'),('WSS123','p27'),('WSS128','p27'),('WSS13','p27'),('WSS131','p27'),('WSS138','p27'),('WSS14','p27'),('WSS143','p27'),('WSS148','p27'),('WSS156','p27'),('WSS163','p27'),('WSS170','p27'),('WSS171','p27'),('WSS175','p27'),('WSS178','p27'),('WSS179','p27'),('WSS182','p27'),('WSS187','p27'),('WSS192','p27'),('WSS194','p27'),('WSS197','p27'),('WSS201','p27'),('WSS204','p27'),('WSS21','p27'),('WSS212','p27'),('WSS219','p27'),('WSS220','p27'),('WSS223','p27'),('WSS226','p27'),('WSS232','p27'),('WSS235','p27'),('WSS250','p27'),('WSS254','p27'),('WSS256','p27'),('WSS26','p27'),('WSS263','p27'),('WSS264','p27'),('WSS274','p27'),('WSS275','p27'),('WSS276','p27'),('WSS277','p27'),('WSS280','p27'),('WSS283','p27'),('WSS286','p27'),('WSS29','p27'),('WSS294','p27'),('WSS305','p27'),('WSS306','p27'),('WSS308','p27'),('WSS32','p27'),('WSS322','p27'),('WSS323','p27'),('WSS326','p27'),('WSS33','p27'),('WSS334','p27'),('WSS337','p27'),('WSS342','p27'),('WSS344','p27'),('WSS346','p27'),('WSS354','p27'),('WSS361','p27'),('WSS364','p27'),('WSS37','p27'),('WSS373','p27'),('WSS375','p27'),('WSS378','p27'),('WSS384','p27'),('WSS385','p27'),('WSS395','p27'),('WSS397','p27'),('WSS398','p27'),('WSS40','p27'),('WSS401','p27'),('WSS403','p27'),('WSS407','p27'),('WSS416','p27'),('WSS420','p27'),('WSS436','p27'),('WSS449','p27'),('WSS450','p27'),('WSS451','p27'),('WSS455','p27'),('WSS456','p27'),('WSS464','p27'),('WSS465','p27'),('WSS468','p27'),('WSS471','p27'),('WSS472','p27'),('WSS478','p27'),('WSS487','p27'),('WSS49','p27'),('WSS491','p27'),('WSS492','p27'),('WSS496','p27'),('WSS51','p27'),('WSS58','p27'),('WSS6','p27'),('WSS64','p27'),('WSS71','p27'),('WSS77','p27'),('WSS80','p27'),('WSS84','p27'),('WSS85','p27'),('WSS87','p27'),('WSS88','p27'),('WSS92','p27'),('WSS97','p27'),('WSS98','p27'),('WSS99','p27'),('WSS10','p28'),('WSS105','p28'),('WSS108','p28'),('WSS113','p28'),('WSS125','p28'),('WSS130','p28'),('WSS131','p28'),('WSS133','p28'),('WSS135','p28'),('WSS142','p28'),('WSS147','p28'),('WSS148','p28'),('WSS154','p28'),('WSS160','p28'),('WSS168','p28'),('WSS17','p28'),('WSS171','p28'),('WSS175','p28'),('WSS183','p28'),('WSS190','p28'),('WSS192','p28'),('WSS2','p28'),('WSS200','p28'),('WSS207','p28'),('WSS21','p28'),('WSS210','p28'),('WSS211','p28'),('WSS212','p28'),('WSS213','p28'),('WSS220','p28'),('WSS224','p28'),('WSS228','p28'),('WSS23','p28'),('WSS232','p28'),('WSS233','p28'),('WSS237','p28'),('WSS249','p28'),('WSS250','p28'),('WSS252','p28'),('WSS253','p28'),('WSS254','p28'),('WSS255','p28'),('WSS259','p28'),('WSS26','p28'),('WSS267','p28'),('WSS270','p28'),('WSS274','p28'),('WSS278','p28'),('WSS280','p28'),('WSS286','p28'),('WSS288','p28'),('WSS297','p28'),('WSS299','p28'),('WSS30','p28'),('WSS300','p28'),('WSS308','p28'),('WSS312','p28'),('WSS314','p28'),('WSS316','p28'),('WSS319','p28'),('WSS321','p28'),('WSS322','p28'),('WSS327','p28'),('WSS329','p28'),('WSS350','p28'),('WSS365','p28'),('WSS366','p28'),('WSS367','p28'),('WSS374','p28'),('WSS380','p28'),('WSS388','p28'),('WSS389','p28'),('WSS39','p28'),('WSS395','p28'),('WSS404','p28'),('WSS405','p28'),('WSS407','p28'),('WSS409','p28'),('WSS411','p28'),('WSS42','p28'),('WSS442','p28'),('WSS448','p28'),('WSS452','p28'),('WSS453','p28'),('WSS455','p28'),('WSS456','p28'),('WSS458','p28'),('WSS459','p28'),('WSS461','p28'),('WSS466','p28'),('WSS468','p28'),('WSS478','p28'),('WSS48','p28'),('WSS480','p28'),('WSS493','p28'),('WSS497','p28'),('WSS498','p28'),('WSS500','p28'),('WSS52','p28'),('WSS55','p28'),('WSS59','p28'),('WSS6','p28'),('WSS60','p28'),('WSS62','p28'),('WSS7','p28'),('WSS75','p28'),('WSS78','p28'),('WSS8','p28'),('WSS81','p28'),('WSS83','p28'),('WSS84','p28'),('WSS85','p28'),('WSS92','p28'),('WSS96','p28'),('WSS97','p28'),('WSS99','p28'),('WSS100','p29'),('WSS101','p29'),('WSS106','p29'),('WSS11','p29'),('WSS110','p29'),('WSS112','p29'),('WSS117','p29'),('WSS119','p29'),('WSS121','p29'),('WSS125','p29'),('WSS127','p29'),('WSS132','p29'),('WSS140','p29'),('WSS147','p29'),('WSS148','p29'),('WSS150','p29'),('WSS159','p29'),('WSS163','p29'),('WSS164','p29'),('WSS169','p29'),('WSS171','p29'),('WSS172','p29'),('WSS173','p29'),('WSS177','p29'),('WSS179','p29'),('WSS181','p29'),('WSS186','p29'),('WSS189','p29'),('WSS190','p29'),('WSS192','p29'),('WSS196','p29'),('WSS197','p29'),('WSS2','p29'),('WSS209','p29'),('WSS216','p29'),('WSS217','p29'),('WSS218','p29'),('WSS223','p29'),('WSS225','p29'),('WSS226','p29'),('WSS227','p29'),('WSS230','p29'),('WSS234','p29'),('WSS236','p29'),('WSS239','p29'),('WSS240','p29'),('WSS241','p29'),('WSS245','p29'),('WSS257','p29'),('WSS26','p29'),('WSS261','p29'),('WSS266','p29'),('WSS270','p29'),('WSS281','p29'),('WSS286','p29'),('WSS287','p29'),('WSS291','p29'),('WSS294','p29'),('WSS296','p29'),('WSS298','p29'),('WSS299','p29'),('WSS303','p29'),('WSS304','p29'),('WSS307','p29'),('WSS309','p29'),('WSS311','p29'),('WSS313','p29'),('WSS314','p29'),('WSS316','p29'),('WSS319','p29'),('WSS320','p29'),('WSS321','p29'),('WSS324','p29'),('WSS334','p29'),('WSS336','p29'),('WSS346','p29'),('WSS347','p29'),('WSS356','p29'),('WSS358','p29'),('WSS359','p29'),('WSS361','p29'),('WSS366','p29'),('WSS368','p29'),('WSS372','p29'),('WSS379','p29'),('WSS385','p29'),('WSS395','p29'),('WSS397','p29'),('WSS399','p29'),('WSS400','p29'),('WSS404','p29'),('WSS406','p29'),('WSS413','p29'),('WSS414','p29'),('WSS417','p29'),('WSS42','p29'),('WSS422','p29'),('WSS428','p29'),('WSS429','p29'),('WSS433','p29'),('WSS434','p29'),('WSS449','p29'),('WSS451','p29'),('WSS454','p29'),('WSS455','p29'),('WSS457','p29'),('WSS461','p29'),('WSS472','p29'),('WSS478','p29'),('WSS48','p29'),('WSS481','p29'),('WSS484','p29'),('WSS485','p29'),('WSS487','p29'),('WSS491','p29'),('WSS492','p29'),('WSS493','p29'),('WSS50','p29'),('WSS54','p29'),('WSS68','p29'),('WSS69','p29'),('WSS7','p29'),('WSS70','p29'),('WSS71','p29'),('WSS8','p29'),('WSS89','p29'),('WSS9','p29'),('WSS98','p29'),('WSS102','p3'),('WSS104','p3'),('WSS11','p3'),('WSS110','p3'),('WSS114','p3'),('WSS115','p3'),('WSS120','p3'),('WSS123','p3'),('WSS127','p3'),('WSS135','p3'),('WSS143','p3'),('WSS15','p3'),('WSS159','p3'),('WSS161','p3'),('WSS163','p3'),('WSS17','p3'),('WSS173','p3'),('WSS174','p3'),('WSS181','p3'),('WSS186','p3'),('WSS19','p3'),('WSS194','p3'),('WSS197','p3'),('WSS199','p3'),('WSS2','p3'),('WSS204','p3'),('WSS206','p3'),('WSS209','p3'),('WSS212','p3'),('WSS213','p3'),('WSS216','p3'),('WSS220','p3'),('WSS224','p3'),('WSS225','p3'),('WSS227','p3'),('WSS232','p3'),('WSS233','p3'),('WSS235','p3'),('WSS24','p3'),('WSS240','p3'),('WSS241','p3'),('WSS25','p3'),('WSS252','p3'),('WSS254','p3'),('WSS255','p3'),('WSS263','p3'),('WSS269','p3'),('WSS273','p3'),('WSS277','p3'),('WSS282','p3'),('WSS285','p3'),('WSS288','p3'),('WSS293','p3'),('WSS294','p3'),('WSS295','p3'),('WSS296','p3'),('WSS298','p3'),('WSS302','p3'),('WSS306','p3'),('WSS308','p3'),('WSS309','p3'),('WSS311','p3'),('WSS318','p3'),('WSS32','p3'),('WSS324','p3'),('WSS325','p3'),('WSS328','p3'),('WSS330','p3'),('WSS332','p3'),('WSS337','p3'),('WSS338','p3'),('WSS342','p3'),('WSS344','p3'),('WSS345','p3'),('WSS349','p3'),('WSS350','p3'),('WSS353','p3'),('WSS357','p3'),('WSS360','p3'),('WSS363','p3'),('WSS367','p3'),('WSS368','p3'),('WSS370','p3'),('WSS372','p3'),('WSS373','p3'),('WSS385','p3'),('WSS394','p3'),('WSS396','p3'),('WSS399','p3'),('WSS4','p3'),('WSS412','p3'),('WSS415','p3'),('WSS421','p3'),('WSS425','p3'),('WSS43','p3'),('WSS441','p3'),('WSS451','p3'),('WSS459','p3'),('WSS460','p3'),('WSS465','p3'),('WSS468','p3'),('WSS471','p3'),('WSS472','p3'),('WSS474','p3'),('WSS475','p3'),('WSS48','p3'),('WSS487','p3'),('WSS489','p3'),('WSS491','p3'),('WSS498','p3'),('WSS5','p3'),('WSS59','p3'),('WSS6','p3'),('WSS60','p3'),('WSS65','p3'),('WSS66','p3'),('WSS70','p3'),('WSS75','p3'),('WSS77','p3'),('WSS83','p3'),('WSS86','p3'),('WSS87','p3'),('WSS9','p3'),('WSS94','p3'),('WSS99','p3'),('WSS100','p30'),('WSS101','p30'),('WSS117','p30'),('WSS118','p30'),('WSS127','p30'),('WSS128','p30'),('WSS129','p30'),('WSS131','p30'),('WSS133','p30'),('WSS135','p30'),('WSS139','p30'),('WSS141','p30'),('WSS145','p30'),('WSS157','p30'),('WSS16','p30'),('WSS160','p30'),('WSS161','p30'),('WSS162','p30'),('WSS166','p30'),('WSS172','p30'),('WSS173','p30'),('WSS18','p30'),('WSS181','p30'),('WSS186','p30'),('WSS19','p30'),('WSS190','p30'),('WSS193','p30'),('WSS195','p30'),('WSS196','p30'),('WSS198','p30'),('WSS200','p30'),('WSS204','p30'),('WSS208','p30'),('WSS209','p30'),('WSS22','p30'),('WSS220','p30'),('WSS224','p30'),('WSS227','p30'),('WSS229','p30'),('WSS233','p30'),('WSS240','p30'),('WSS248','p30'),('WSS249','p30'),('WSS25','p30'),('WSS250','p30'),('WSS251','p30'),('WSS27','p30'),('WSS271','p30'),('WSS276','p30'),('WSS284','p30'),('WSS290','p30'),('WSS291','p30'),('WSS305','p30'),('WSS308','p30'),('WSS313','p30'),('WSS317','p30'),('WSS329','p30'),('WSS332','p30'),('WSS333','p30'),('WSS335','p30'),('WSS342','p30'),('WSS344','p30'),('WSS345','p30'),('WSS353','p30'),('WSS359','p30'),('WSS36','p30'),('WSS363','p30'),('WSS365','p30'),('WSS366','p30'),('WSS367','p30'),('WSS370','p30'),('WSS371','p30'),('WSS387','p30'),('WSS397','p30'),('WSS399','p30'),('WSS40','p30'),('WSS406','p30'),('WSS420','p30'),('WSS425','p30'),('WSS427','p30'),('WSS432','p30'),('WSS433','p30'),('WSS436','p30'),('WSS446','p30'),('WSS449','p30'),('WSS452','p30'),('WSS454','p30'),('WSS455','p30'),('WSS458','p30'),('WSS460','p30'),('WSS467','p30'),('WSS47','p30'),('WSS472','p30'),('WSS476','p30'),('WSS483','p30'),('WSS484','p30'),('WSS487','p30'),('WSS49','p30'),('WSS494','p30'),('WSS498','p30'),('WSS499','p30'),('WSS500','p30'),('WSS60','p30'),('WSS61','p30'),('WSS67','p30'),('WSS73','p30'),('WSS82','p30'),('WSS87','p30'),('WSS109','p4'),('WSS110','p4'),('WSS111','p4'),('WSS116','p4'),('WSS12','p4'),('WSS120','p4'),('WSS122','p4'),('WSS131','p4'),('WSS134','p4'),('WSS136','p4'),('WSS140','p4'),('WSS142','p4'),('WSS144','p4'),('WSS148','p4'),('WSS161','p4'),('WSS163','p4'),('WSS17','p4'),('WSS175','p4'),('WSS177','p4'),('WSS180','p4'),('WSS19','p4'),('WSS191','p4'),('WSS197','p4'),('WSS201','p4'),('WSS207','p4'),('WSS213','p4'),('WSS215','p4'),('WSS216','p4'),('WSS218','p4'),('WSS221','p4'),('WSS230','p4'),('WSS231','p4'),('WSS236','p4'),('WSS240','p4'),('WSS241','p4'),('WSS242','p4'),('WSS243','p4'),('WSS251','p4'),('WSS254','p4'),('WSS255','p4'),('WSS26','p4'),('WSS269','p4'),('WSS272','p4'),('WSS278','p4'),('WSS279','p4'),('WSS285','p4'),('WSS290','p4'),('WSS295','p4'),('WSS297','p4'),('WSS300','p4'),('WSS304','p4'),('WSS305','p4'),('WSS311','p4'),('WSS318','p4'),('WSS32','p4'),('WSS321','p4'),('WSS330','p4'),('WSS331','p4'),('WSS338','p4'),('WSS339','p4'),('WSS344','p4'),('WSS349','p4'),('WSS351','p4'),('WSS355','p4'),('WSS358','p4'),('WSS36','p4'),('WSS360','p4'),('WSS361','p4'),('WSS366','p4'),('WSS368','p4'),('WSS37','p4'),('WSS372','p4'),('WSS378','p4'),('WSS385','p4'),('WSS39','p4'),('WSS393','p4'),('WSS396','p4'),('WSS400','p4'),('WSS401','p4'),('WSS411','p4'),('WSS412','p4'),('WSS416','p4'),('WSS417','p4'),('WSS419','p4'),('WSS43','p4'),('WSS431','p4'),('WSS435','p4'),('WSS437','p4'),('WSS447','p4'),('WSS454','p4'),('WSS455','p4'),('WSS459','p4'),('WSS46','p4'),('WSS468','p4'),('WSS473','p4'),('WSS475','p4'),('WSS477','p4'),('WSS481','p4'),('WSS484','p4'),('WSS494','p4'),('WSS497','p4'),('WSS498','p4'),('WSS5','p4'),('WSS54','p4'),('WSS58','p4'),('WSS59','p4'),('WSS62','p4'),('WSS71','p4'),('WSS76','p4'),('WSS88','p4'),('WSS91','p4'),('WSS95','p4'),('WSS97','p4'),('WSS98','p4'),('WSS10','p5'),('WSS107','p5'),('WSS110','p5'),('WSS111','p5'),('WSS117','p5'),('WSS124','p5'),('WSS130','p5'),('WSS133','p5'),('WSS138','p5'),('WSS139','p5'),('WSS141','p5'),('WSS145','p5'),('WSS147','p5'),('WSS151','p5'),('WSS156','p5'),('WSS157','p5'),('WSS158','p5'),('WSS16','p5'),('WSS162','p5'),('WSS166','p5'),('WSS171','p5'),('WSS172','p5'),('WSS174','p5'),('WSS178','p5'),('WSS179','p5'),('WSS18','p5'),('WSS183','p5'),('WSS186','p5'),('WSS187','p5'),('WSS188','p5'),('WSS189','p5'),('WSS192','p5'),('WSS194','p5'),('WSS198','p5'),('WSS2','p5'),('WSS202','p5'),('WSS203','p5'),('WSS207','p5'),('WSS210','p5'),('WSS211','p5'),('WSS214','p5'),('WSS225','p5'),('WSS226','p5'),('WSS229','p5'),('WSS230','p5'),('WSS232','p5'),('WSS235','p5'),('WSS241','p5'),('WSS245','p5'),('WSS246','p5'),('WSS25','p5'),('WSS255','p5'),('WSS262','p5'),('WSS263','p5'),('WSS267','p5'),('WSS269','p5'),('WSS27','p5'),('WSS284','p5'),('WSS286','p5'),('WSS292','p5'),('WSS3','p5'),('WSS300','p5'),('WSS301','p5'),('WSS302','p5'),('WSS304','p5'),('WSS305','p5'),('WSS309','p5'),('WSS31','p5'),('WSS310','p5'),('WSS313','p5'),('WSS318','p5'),('WSS319','p5'),('WSS32','p5'),('WSS321','p5'),('WSS337','p5'),('WSS34','p5'),('WSS341','p5'),('WSS345','p5'),('WSS347','p5'),('WSS350','p5'),('WSS352','p5'),('WSS353','p5'),('WSS355','p5'),('WSS362','p5'),('WSS365','p5'),('WSS369','p5'),('WSS373','p5'),('WSS375','p5'),('WSS38','p5'),('WSS389','p5'),('WSS392','p5'),('WSS4','p5'),('WSS401','p5'),('WSS403','p5'),('WSS409','p5'),('WSS412','p5'),('WSS422','p5'),('WSS423','p5'),('WSS425','p5'),('WSS426','p5'),('WSS432','p5'),('WSS44','p5'),('WSS445','p5'),('WSS449','p5'),('WSS450','p5'),('WSS452','p5'),('WSS456','p5'),('WSS457','p5'),('WSS462','p5'),('WSS465','p5'),('WSS466','p5'),('WSS47','p5'),('WSS472','p5'),('WSS475','p5'),('WSS48','p5'),('WSS482','p5'),('WSS483','p5'),('WSS485','p5'),('WSS492','p5'),('WSS496','p5'),('WSS500','p5'),('WSS65','p5'),('WSS69','p5'),('WSS7','p5'),('WSS74','p5'),('WSS76','p5'),('WSS77','p5'),('WSS85','p5'),('WSS89','p5'),('WSS92','p5'),('WSS94','p5'),('WSS95','p5'),('WSS10','p6'),('WSS104','p6'),('WSS108','p6'),('WSS11','p6'),('WSS112','p6'),('WSS115','p6'),('WSS116','p6'),('WSS126','p6'),('WSS127','p6'),('WSS128','p6'),('WSS135','p6'),('WSS137','p6'),('WSS143','p6'),('WSS146','p6'),('WSS15','p6'),('WSS153','p6'),('WSS154','p6'),('WSS161','p6'),('WSS162','p6'),('WSS166','p6'),('WSS18','p6'),('WSS19','p6'),('WSS190','p6'),('WSS191','p6'),('WSS195','p6'),('WSS204','p6'),('WSS205','p6'),('WSS211','p6'),('WSS212','p6'),('WSS22','p6'),('WSS222','p6'),('WSS223','p6'),('WSS232','p6'),('WSS244','p6'),('WSS245','p6'),('WSS248','p6'),('WSS249','p6'),('WSS254','p6'),('WSS275','p6'),('WSS278','p6'),('WSS28','p6'),('WSS281','p6'),('WSS283','p6'),('WSS29','p6'),('WSS291','p6'),('WSS292','p6'),('WSS30','p6'),('WSS302','p6'),('WSS304','p6'),('WSS305','p6'),('WSS307','p6'),('WSS313','p6'),('WSS32','p6'),('WSS323','p6'),('WSS329','p6'),('WSS332','p6'),('WSS334','p6'),('WSS340','p6'),('WSS341','p6'),('WSS351','p6'),('WSS355','p6'),('WSS356','p6'),('WSS363','p6'),('WSS364','p6'),('WSS366','p6'),('WSS371','p6'),('WSS382','p6'),('WSS383','p6'),('WSS384','p6'),('WSS391','p6'),('WSS394','p6'),('WSS395','p6'),('WSS399','p6'),('WSS400','p6'),('WSS402','p6'),('WSS409','p6'),('WSS412','p6'),('WSS417','p6'),('WSS420','p6'),('WSS421','p6'),('WSS424','p6'),('WSS425','p6'),('WSS427','p6'),('WSS434','p6'),('WSS437','p6'),('WSS439','p6'),('WSS440','p6'),('WSS442','p6'),('WSS445','p6'),('WSS447','p6'),('WSS450','p6'),('WSS457','p6'),('WSS463','p6'),('WSS464','p6'),('WSS465','p6'),('WSS466','p6'),('WSS467','p6'),('WSS469','p6'),('WSS47','p6'),('WSS471','p6'),('WSS479','p6'),('WSS48','p6'),('WSS482','p6'),('WSS488','p6'),('WSS493','p6'),('WSS63','p6'),('WSS65','p6'),('WSS70','p6'),('WSS73','p6'),('WSS8','p6'),('WSS80','p6'),('WSS82','p6'),('WSS86','p6'),('WSS87','p6'),('WSS90','p6'),('WSS97','p6'),('WSS98','p6'),('WSS1','p7'),('WSS100','p7'),('WSS101','p7'),('WSS106','p7'),('WSS111','p7'),('WSS116','p7'),('WSS119','p7'),('WSS122','p7'),('WSS123','p7'),('WSS124','p7'),('WSS134','p7'),('WSS140','p7'),('WSS149','p7'),('WSS151','p7'),('WSS163','p7'),('WSS166','p7'),('WSS170','p7'),('WSS172','p7'),('WSS174','p7'),('WSS183','p7'),('WSS185','p7'),('WSS19','p7'),('WSS194','p7'),('WSS206','p7'),('WSS208','p7'),('WSS21','p7'),('WSS213','p7'),('WSS219','p7'),('WSS221','p7'),('WSS226','p7'),('WSS23','p7'),('WSS230','p7'),('WSS239','p7'),('WSS241','p7'),('WSS246','p7'),('WSS259','p7'),('WSS260','p7'),('WSS262','p7'),('WSS266','p7'),('WSS268','p7'),('WSS269','p7'),('WSS275','p7'),('WSS278','p7'),('WSS28','p7'),('WSS282','p7'),('WSS289','p7'),('WSS297','p7'),('WSS31','p7'),('WSS310','p7'),('WSS312','p7'),('WSS313','p7'),('WSS317','p7'),('WSS32','p7'),('WSS322','p7'),('WSS327','p7'),('WSS334','p7'),('WSS336','p7'),('WSS339','p7'),('WSS341','p7'),('WSS344','p7'),('WSS346','p7'),('WSS357','p7'),('WSS361','p7'),('WSS364','p7'),('WSS367','p7'),('WSS370','p7'),('WSS373','p7'),('WSS379','p7'),('WSS38','p7'),('WSS381','p7'),('WSS382','p7'),('WSS384','p7'),('WSS391','p7'),('WSS393','p7'),('WSS398','p7'),('WSS407','p7'),('WSS408','p7'),('WSS409','p7'),('WSS411','p7'),('WSS414','p7'),('WSS416','p7'),('WSS418','p7'),('WSS419','p7'),('WSS429','p7'),('WSS430','p7'),('WSS44','p7'),('WSS440','p7'),('WSS446','p7'),('WSS455','p7'),('WSS456','p7'),('WSS457','p7'),('WSS462','p7'),('WSS465','p7'),('WSS47','p7'),('WSS473','p7'),('WSS477','p7'),('WSS478','p7'),('WSS480','p7'),('WSS481','p7'),('WSS486','p7'),('WSS49','p7'),('WSS490','p7'),('WSS495','p7'),('WSS496','p7'),('WSS500','p7'),('WSS51','p7'),('WSS53','p7'),('WSS61','p7'),('WSS65','p7'),('WSS73','p7'),('WSS74','p7'),('WSS87','p7'),('WSS91','p7'),('WSS97','p7'),('WSS1','p8'),('WSS105','p8'),('WSS113','p8'),('WSS126','p8'),('WSS131','p8'),('WSS136','p8'),('WSS138','p8'),('WSS152','p8'),('WSS159','p8'),('WSS160','p8'),('WSS162','p8'),('WSS166','p8'),('WSS167','p8'),('WSS170','p8'),('WSS175','p8'),('WSS177','p8'),('WSS183','p8'),('WSS199','p8'),('WSS201','p8'),('WSS204','p8'),('WSS208','p8'),('WSS213','p8'),('WSS218','p8'),('WSS229','p8'),('WSS235','p8'),('WSS236','p8'),('WSS238','p8'),('WSS239','p8'),('WSS24','p8'),('WSS245','p8'),('WSS257','p8'),('WSS258','p8'),('WSS259','p8'),('WSS263','p8'),('WSS278','p8'),('WSS28','p8'),('WSS281','p8'),('WSS284','p8'),('WSS288','p8'),('WSS291','p8'),('WSS294','p8'),('WSS30','p8'),('WSS300','p8'),('WSS307','p8'),('WSS308','p8'),('WSS31','p8'),('WSS314','p8'),('WSS318','p8'),('WSS319','p8'),('WSS322','p8'),('WSS327','p8'),('WSS328','p8'),('WSS332','p8'),('WSS336','p8'),('WSS338','p8'),('WSS345','p8'),('WSS349','p8'),('WSS351','p8'),('WSS356','p8'),('WSS358','p8'),('WSS359','p8'),('WSS362','p8'),('WSS369','p8'),('WSS37','p8'),('WSS371','p8'),('WSS372','p8'),('WSS374','p8'),('WSS379','p8'),('WSS382','p8'),('WSS395','p8'),('WSS397','p8'),('WSS399','p8'),('WSS40','p8'),('WSS400','p8'),('WSS401','p8'),('WSS402','p8'),('WSS409','p8'),('WSS412','p8'),('WSS415','p8'),('WSS416','p8'),('WSS424','p8'),('WSS425','p8'),('WSS441','p8'),('WSS442','p8'),('WSS452','p8'),('WSS463','p8'),('WSS473','p8'),('WSS474','p8'),('WSS476','p8'),('WSS477','p8'),('WSS483','p8'),('WSS484','p8'),('WSS489','p8'),('WSS49','p8'),('WSS493','p8'),('WSS495','p8'),('WSS51','p8'),('WSS54','p8'),('WSS56','p8'),('WSS58','p8'),('WSS62','p8'),('WSS66','p8'),('WSS76','p8'),('WSS81','p8'),('WSS83','p8'),('WSS89','p8'),('WSS90','p8'),('WSS98','p8'),('WSS99','p8'),('WSS102','p9'),('WSS106','p9'),('WSS121','p9'),('WSS122','p9'),('WSS123','p9'),('WSS125','p9'),('WSS129','p9'),('WSS137','p9'),('WSS143','p9'),('WSS147','p9'),('WSS154','p9'),('WSS155','p9'),('WSS156','p9'),('WSS157','p9'),('WSS165','p9'),('WSS168','p9'),('WSS170','p9'),('WSS171','p9'),('WSS18','p9'),('WSS182','p9'),('WSS184','p9'),('WSS189','p9'),('WSS191','p9'),('WSS192','p9'),('WSS193','p9'),('WSS195','p9'),('WSS204','p9'),('WSS205','p9'),('WSS222','p9'),('WSS223','p9'),('WSS224','p9'),('WSS232','p9'),('WSS233','p9'),('WSS235','p9'),('WSS237','p9'),('WSS239','p9'),('WSS243','p9'),('WSS244','p9'),('WSS246','p9'),('WSS247','p9'),('WSS249','p9'),('WSS260','p9'),('WSS263','p9'),('WSS267','p9'),('WSS271','p9'),('WSS275','p9'),('WSS279','p9'),('WSS28','p9'),('WSS287','p9'),('WSS288','p9'),('WSS289','p9'),('WSS295','p9'),('WSS298','p9'),('WSS304','p9'),('WSS305','p9'),('WSS307','p9'),('WSS309','p9'),('WSS310','p9'),('WSS315','p9'),('WSS328','p9'),('WSS329','p9'),('WSS331','p9'),('WSS339','p9'),('WSS342','p9'),('WSS343','p9'),('WSS344','p9'),('WSS345','p9'),('WSS352','p9'),('WSS357','p9'),('WSS358','p9'),('WSS362','p9'),('WSS363','p9'),('WSS367','p9'),('WSS372','p9'),('WSS373','p9'),('WSS376','p9'),('WSS38','p9'),('WSS385','p9'),('WSS387','p9'),('WSS390','p9'),('WSS391','p9'),('WSS40','p9'),('WSS401','p9'),('WSS414','p9'),('WSS420','p9'),('WSS426','p9'),('WSS427','p9'),('WSS434','p9'),('WSS439','p9'),('WSS44','p9'),('WSS443','p9'),('WSS444','p9'),('WSS445','p9'),('WSS448','p9'),('WSS45','p9'),('WSS451','p9'),('WSS461','p9'),('WSS463','p9'),('WSS47','p9'),('WSS470','p9'),('WSS472','p9'),('WSS476','p9'),('WSS479','p9'),('WSS483','p9'),('WSS485','p9'),('WSS487','p9'),('WSS488','p9'),('WSS49','p9'),('WSS490','p9'),('WSS52','p9'),('WSS62','p9'),('WSS64','p9'),('WSS69','p9'),('WSS88','p9'),('WSS89','p9'),('WSS90','p9'),('WSS93','p9'),('WSS94','p9');
/*!40000 ALTER TABLE `outputparameter` ENABLE KEYS */;
UNLOCK TABLES;

--
-- Table structure for table `parameterhierarchy`
--

DROP TABLE IF EXISTS `parameterhierarchy`;
/*!40101 SET @saved_cs_client     = @@character_set_client */;
/*!50503 SET character_set_client = utf8mb4 */;
CREATE TABLE `parameterhierarchy` (
  `parentParameterID` varchar(10) NOT NULL,
  `childParameterID` varchar(10) NOT NULL,
  PRIMARY KEY (`parentParameterID`,`childParameterID`)
) ENGINE=InnoDB DEFAULT CHARSET=latin1;
/*!40101 SET character_set_client = @saved_cs_client */;

--
-- Dumping data for table `parameterhierarchy`
--

LOCK TABLES `parameterhierarchy` WRITE;
/*!40000 ALTER TABLE `parameterhierarchy` DISABLE KEYS */;
/*!40000 ALTER TABLE `parameterhierarchy` ENABLE KEYS */;
UNLOCK TABLES;

--
-- Table structure for table `parameterlist`
--

DROP TABLE IF EXISTS `parameterlist`;
/*!40101 SET @saved_cs_client     = @@character_set_client */;
/*!50503 SET character_set_client = utf8mb4 */;
CREATE TABLE `parameterlist` (
  `parameterID` varchar(10) NOT NULL,
  `parameterName` varchar(100) DEFAULT NULL,
  PRIMARY KEY (`parameterID`)
) ENGINE=InnoDB DEFAULT CHARSET=latin1;
/*!40101 SET character_set_client = @saved_cs_client */;

--
-- Dumping data for table `parameterlist`
--

LOCK TABLES `parameterlist` WRITE;
/*!40000 ALTER TABLE `parameterlist` DISABLE KEYS */;
INSERT INTO `parameterlist` VALUES ('p1','p1name'),('p10','p10name'),('p11','p11name'),('p12','p12name'),('p13','p13name'),('p14','p14name'),('p15','p15name'),('p16','p16name'),('p17','p17name'),('p18','p18name'),('p19','p19name'),('p2','p2name'),('p20','p20name'),('p21','p21name'),('p22','p22name'),('p23','p23name'),('p24','p24name'),('p25','p25name'),('p26','p26name'),('p27','p27name'),('p28','p28name'),('p29','p29name'),('p3','p3name'),('p30','p30name'),('p4','p4name'),('p5','p5name'),('p6','p6name'),('p7','p7name'),('p8','p8name'),('p9','p9name');
/*!40000 ALTER TABLE `parameterlist` ENABLE KEYS */;
UNLOCK TABLES;

--
-- Table structure for table `result`
--

DROP TABLE IF EXISTS `result`;
/*!40101 SET @saved_cs_client     = @@character_set_client */;
/*!50503 SET character_set_client = utf8mb4 */;
CREATE TABLE `result` (
  `transactionID` bigint NOT NULL,
  `stage` int NOT NULL,
  `webServiceID` varchar(10) NOT NULL,
  PRIMARY KEY (`transactionID`,`stage`,`webServiceID`)
) ENGINE=InnoDB DEFAULT CHARSET=latin1;
/*!40101 SET character_set_client = @saved_cs_client */;

--
-- Dumping data for table `result`
--

LOCK TABLES `result` WRITE;
/*!40000 ALTER TABLE `result` DISABLE KEYS */;
INSERT INTO `result` VALUES (1,1,'WSS13'),(1,2,'WSS430'),(1,3,'WSS25'),(2,1,'WSS265'),(2,2,'WSS440'),(2,2,'WSS443'),(3,1,'WSS367'),(3,2,'WSS276'),(3,3,'WSS3'),(4,1,'WSS39'),(4,2,'WSS3'),(4,3,'WSS303'),(5,1,'WSS7'),(5,2,'WSS402'),(5,3,'WSS323'),(6,1,'WSS414'),(6,2,'WSS456'),(6,3,'WSS348'),(7,1,'WSS443'),(7,2,'WSS32'),(7,3,'WSS441'),(8,1,'WSS405'),(8,2,'WSS331'),(8,3,'WSS296'),(9,1,'WSS362'),(9,2,'WSS382'),(9,3,'WSS356'),(10,1,'WSS465'),(10,2,'WSS26'),(10,3,'WSS44'),(11,1,'WSS26'),(11,2,'WSS13'),(11,3,'WSS397'),(12,1,'WSS44'),(12,2,'WSS315'),(12,3,'WSS20'),(13,1,'WSS441'),(13,2,'WSS11'),(13,3,'WSS2'),(14,1,'WSS408'),(14,2,'WSS287'),(14,2,'WSS42'),(15,1,'WSS40'),(15,2,'WSS363'),(15,3,'WSS439'),(16,1,'WSS13'),(16,1,'WSS366'),(16,2,'WSS28'),(17,1,'WSS22'),(17,1,'WSS241'),(17,2,'WSS354'),(18,1,'WSS430'),(18,1,'WSS451'),(18,1,'WSS452'),(19,1,'WSS379'),(19,1,'WSS428'),(19,2,'WSS409'),(20,1,'WSS13'),(20,1,'WSS34'),(20,1,'WSS451'),(21,1,'WSS143'),(21,2,'WSS130'),(21,3,'WSS3'),(22,1,'WSS349'),(22,1,'WSS378'),(22,2,'WSS248'),(23,1,'WSS21'),(23,2,'WSS444'),(23,3,'WSS26'),(24,1,'WSS304'),(24,1,'WSS370'),(24,2,'WSS440'),(25,1,'WSS298'),(25,2,'WSS18'),(25,2,'WSS338'),(26,1,'WSS379'),(26,2,'WSS44'),(26,3,'WSS20'),(27,1,'WSS390'),(27,2,'WSS391'),(27,3,'WSS308'),(28,1,'WSS419'),(28,1,'WSS43'),(28,2,'WSS436'),(29,1,'WSS43'),(29,1,'WSS438'),(29,2,'WSS401'),(30,1,'WSS41'),(30,2,'WSS449'),(30,3,'WSS328'),(1031,1,'ICP006'),(1031,1,'ICP110'),(1031,1,'ICP311'),(1031,2,'ICP500'),(1035,1,'ICP386'),(1035,2,'ICP466'),(1133,1,'ICP103'),(1133,2,'ICP341'),(1133,3,'ICP395'),(1136,1,'ICP110'),(1136,2,'ICP710'),(1141,1,'ICP311'),(1141,2,'ICP422'),(1288,1,'ICP001'),(1288,2,'ICP110'),(1291,1,'ICP110'),(1291,2,'ICP720'),(1293,1,'ICP110'),(1293,1,'ICP311'),(1293,2,'ICP500'),(1296,1,'ICP006'),(1296,1,'ICP103'),(1296,1,'ICP110'),(1296,1,'ICP311'),(1296,1,'ICP313'),(1296,2,'ICP341'),(1296,2,'ICP500'),(1296,3,'ICP395'),(1325,1,'ICP110'),(1325,2,'ICP680'),(1355,1,'ICP110'),(1355,2,'ICP469'),(1406,1,'ICP110'),(1435,1,'ICP006'),(1435,1,'ICP110'),(1435,1,'ICP311'),(1435,2,'ICP500'),(1509,1,'ICP001'),(1509,1,'ICP006'),(1509,2,'ICP002'),(1509,2,'ICP110'),(1509,3,'ICP311'),(1509,4,'ICP500'),(1572,1,'ICP103'),(1572,1,'ICP110'),(1572,1,'ICP386'),(1572,2,'ICP341'),(1572,2,'ICP395'),(1572,2,'ICP466'),(1572,2,'ICP620'),(1572,2,'ICP720'),(1572,3,'ICP445'),(1583,1,'ICP386'),(1583,2,'ICP466'),(1607,1,'ICP301'),(1607,1,'ICP341'),(1607,1,'ICP386'),(1607,2,'ICP481'),(1620,1,'ICP006'),(1620,1,'ICP110'),(1620,1,'ICP311'),(1620,2,'ICP500'),(1646,1,'ICP006'),(1646,1,'ICP110'),(1646,1,'ICP311'),(1646,2,'ICP469'),(1646,2,'ICP500'),(1733,1,'ICP311'),(1733,2,'ICP422'),(1797,1,'ICP386'),(1797,2,'ICP466'),(1851,1,'ICP003'),(1851,1,'ICP311'),(1851,2,'ICP313'),(1851,3,'ICP486'),(1981,1,'ICP110'),(1981,1,'ICP311'),(1981,2,'ICP500'),(2015,1,'ICP006'),(2015,1,'ICP110'),(2015,1,'ICP311'),(2015,2,'ICP500'),(2026,1,'ICP386'),(2026,2,'ICP466'),(2114,1,'ICP341'),(2114,2,'ICP395'),(2114,3,'ICP445'),(2280,1,'ICP103'),(2280,1,'ICP386'),(2280,2,'ICP341'),(2280,2,'ICP395'),(2280,2,'ICP466'),(2280,3,'ICP495'),(2317,1,'ICP313'),(2317,1,'ICP341'),(2317,1,'ICP680'),(2317,2,'ICP395'),(2317,3,'ICP445'),(2474,1,'ICP003'),(2474,1,'ICP311'),(2474,2,'ICP313'),(2474,3,'ICP486'),(2565,1,'ICP313'),(2565,1,'ICP341'),(2565,2,'ICP395'),(2565,3,'ICP445'),(2598,1,'ICP006'),(2598,1,'ICP110'),(2598,1,'ICP311'),(2598,1,'ICP313'),(2598,1,'ICP331'),(2598,2,'ICP500'),(2610,1,'ICP003'),(2610,1,'ICP311'),(2610,2,'ICP313'),(2610,3,'ICP486'),(2659,1,'ICP006'),(2659,1,'ICP110'),(2659,1,'ICP311'),(2659,2,'ICP469'),(2659,2,'ICP500'),(2675,1,'ICP386'),(2675,2,'ICP466'),(2711,1,'ICP103'),(2711,1,'ICP386'),(2711,2,'ICP341'),(2711,3,'ICP481'),(2779,1,'ICP003'),(2779,1,'ICP311'),(2779,2,'ICP313'),(2779,3,'ICP486'),(2985,1,'ICP103'),(3021,1,'ICP006'),(3021,1,'ICP110'),(3021,1,'ICP302'),(3021,2,'ICP500'),(3075,1,'ICP006'),(3075,1,'ICP110'),(3075,1,'ICP311'),(3075,2,'ICP500'),(3226,1,'ICP110'),(3226,2,'ICP818'),(3286,1,'ICP006'),(3286,1,'ICP110'),(3286,1,'ICP311'),(3286,2,'ICP500'),(3357,1,'ICP006'),(3357,1,'ICP110'),(3357,1,'ICP311'),(3357,2,'ICP500'),(3667,1,'ICP103'),(3667,1,'ICP301'),(3667,1,'ICP386'),(3667,2,'ICP341'),(3667,3,'ICP481'),(3668,1,'ICP103'),(3668,1,'ICP301'),(3668,1,'ICP386'),(3668,2,'ICP341'),(3668,3,'ICP481'),(3705,1,'ICP103'),(3705,1,'ICP301'),(3705,1,'ICP386'),(3705,2,'ICP341'),(3705,3,'ICP481'),(3718,1,'ICP001'),(3718,2,'ICP002'),(3718,2,'ICP110'),(3718,3,'ICP311'),(3718,4,'ICP819'),(3877,1,'ICP386'),(3948,1,'ICP006'),(3948,1,'ICP110'),(3948,1,'ICP311'),(3948,2,'ICP500'),(3969,1,'ICP301'),(3969,1,'ICP341'),(3969,1,'ICP386'),(3969,2,'ICP481'),(3971,1,'ICP386'),(3971,2,'ICP466'),(4112,1,'ICP006'),(4112,1,'ICP110'),(4112,1,'ICP311'),(4112,2,'ICP469'),(4112,2,'ICP500'),(4178,1,'ICP002'),(4178,1,'ICP110'),(4178,2,'ICP311'),(4178,3,'ICP819'),(4281,1,'ICP110'),(4281,2,'ICP469'),(4296,1,'ICP006'),(4296,1,'ICP110'),(4296,1,'ICP311'),(4296,2,'ICP469'),(4296,2,'ICP500'),(4375,1,'ICP003'),(4375,1,'ICP311'),(4375,2,'ICP313'),(4375,3,'ICP486'),(4589,1,'ICP006'),(4589,1,'ICP110'),(4589,1,'ICP311'),(4589,2,'ICP469'),(4589,2,'ICP500'),(4607,1,'ICP006'),(4607,1,'ICP110'),(4607,1,'ICP302'),(4607,2,'ICP500'),(4747,1,'ICP311'),(4747,1,'ICP313'),(4747,2,'ICP486'),(4775,1,'ICP110'),(4775,2,'ICP500'),(4934,1,'ICP103'),(4934,2,'ICP341'),(4978,1,'ICP103'),(4980,1,'ICP006'),(4980,1,'ICP110'),(4980,1,'ICP311'),(4980,2,'ICP469'),(4980,2,'ICP500'),(4980,2,'ICP720'),(4980,3,'ICP740'),(5049,1,'ICP006'),(5049,1,'ICP110'),(5049,1,'ICP311'),(5049,2,'ICP500'),(5417,1,'ICP301'),(5417,1,'ICP341'),(5417,1,'ICP386'),(5417,2,'ICP481'),(5448,1,'ICP386'),(5448,2,'ICP466'),(5450,1,'ICP103'),(5450,1,'ICP110'),(5450,1,'ICP386'),(5450,1,'ICP817'),(5450,2,'ICP341'),(5450,2,'ICP395'),(5450,2,'ICP466'),(5450,2,'ICP620'),(5450,2,'ICP720'),(5450,3,'ICP445'),(5450,3,'ICP815'),(5461,1,'ICP002'),(5461,1,'ICP006'),(5461,1,'ICP110'),(5461,1,'ICP302'),(5461,2,'ICP500'),(5461,2,'ICP720'),(5461,3,'ICP740'),(5472,1,'ICP110'),(5472,2,'ICP818'),(5497,1,'ICP103'),(5497,2,'ICP341'),(5569,1,'ICP386'),(5569,2,'ICP466'),(5571,1,'ICP103'),(5571,2,'ICP810'),(5757,1,'ICP386'),(5757,2,'ICP466'),(5779,1,'ICP006'),(5779,1,'ICP110'),(5779,1,'ICP302'),(5779,2,'ICP500'),(5814,1,'ICP006'),(5814,1,'ICP110'),(5814,1,'ICP311'),(5814,2,'ICP500'),(5897,1,'ICP110'),(5897,2,'ICP710'),(5966,1,'ICP103'),(5966,1,'ICP301'),(5966,1,'ICP386'),(5966,2,'ICP341'),(5966,3,'ICP481'),(6032,1,'ICP386'),(6032,2,'ICP466'),(6279,1,'ICP006'),(6279,1,'ICP110'),(6279,1,'ICP311'),(6279,2,'ICP469'),(6279,2,'ICP500'),(6294,1,'ICP006'),(6294,1,'ICP110'),(6294,1,'ICP311'),(6294,2,'ICP500'),(6325,1,'ICP002'),(6325,2,'ICP003'),(6363,1,'ICP006'),(6363,1,'ICP110'),(6363,1,'ICP311'),(6363,2,'ICP469'),(6363,2,'ICP500'),(6437,1,'ICP103'),(6437,1,'ICP301'),(6437,1,'ICP386'),(6437,2,'ICP341'),(6437,3,'ICP481'),(6533,1,'ICP006'),(6533,1,'ICP110'),(6533,1,'ICP311'),(6533,2,'ICP469'),(6533,2,'ICP500'),(6574,1,'ICP002'),(6574,1,'ICP110'),(6574,2,'ICP311'),(6574,3,'ICP819'),(6604,1,'ICP103'),(6604,1,'ICP386'),(6604,2,'ICP341'),(6604,3,'ICP481'),(6679,1,'ICP003'),(6679,1,'ICP311'),(6679,2,'ICP313'),(6679,3,'ICP486'),(6692,1,'ICP103'),(6692,1,'ICP386'),(6692,1,'ICP465'),(6692,2,'ICP341'),(6692,3,'ICP481'),(6874,1,'ICP467'),(6898,1,'ICP103'),(6898,1,'ICP386'),(6898,2,'ICP341'),(6898,3,'ICP481'),(6922,1,'ICP313'),(6922,1,'ICP341'),(6922,2,'ICP395'),(6974,1,'ICP110'),(6974,2,'ICP469'),(7056,1,'ICP006'),(7056,1,'ICP110'),(7056,1,'ICP311'),(7056,1,'ICP341'),(7056,2,'ICP395'),(7056,2,'ICP500'),(7056,2,'ICP720'),(7056,3,'ICP445'),(7056,3,'ICP740'),(7107,1,'ICP311'),(7107,1,'ICP313'),(7107,2,'ICP486'),(7159,1,'ICP311'),(7159,2,'ICP422'),(7196,1,'ICP103'),(7196,2,'ICP341'),(7196,2,'ICP395'),(7196,3,'ICP495'),(7227,1,'ICP103'),(7227,1,'ICP110'),(7227,1,'ICP301'),(7227,1,'ICP311'),(7227,1,'ICP386'),(7227,2,'ICP341'),(7227,2,'ICP500'),(7227,3,'ICP481'),(7297,1,'ICP386'),(7297,2,'ICP466'),(7326,1,'ICP006'),(7326,1,'ICP110'),(7326,1,'ICP311'),(7326,2,'ICP500'),(7398,1,'ICP002'),(7398,1,'ICP006'),(7398,1,'ICP103'),(7398,1,'ICP110'),(7398,2,'ICP311'),(7398,2,'ICP720'),(7398,2,'ICP810'),(7398,3,'ICP500'),(7398,3,'ICP819'),(7398,4,'ICP740'),(7420,1,'ICP006'),(7420,1,'ICP311'),(7420,2,'ICP500'),(7484,1,'ICP006'),(7484,1,'ICP110'),(7484,1,'ICP311'),(7484,2,'ICP469'),(7484,2,'ICP500'),(7515,1,'ICP006'),(7515,1,'ICP110'),(7515,1,'ICP311'),(7515,2,'ICP469'),(7515,2,'ICP500'),(7593,1,'ICP301'),(7593,1,'ICP341'),(7593,1,'ICP386'),(7593,2,'ICP481'),(7645,1,'ICP001'),(7645,1,'ICP006'),(7645,2,'ICP002'),(7645,2,'ICP110'),(7645,3,'ICP311'),(7645,4,'ICP500'),(7720,1,'ICP006'),(7720,1,'ICP311'),(7720,1,'ICP720'),(7720,2,'ICP500'),(7720,3,'ICP740'),(7769,1,'ICP103'),(7769,2,'ICP341'),(7797,1,'ICP006'),(7797,1,'ICP110'),(7797,1,'ICP302'),(7797,2,'ICP500'),(7797,2,'ICP720'),(7817,1,'ICP006'),(7817,1,'ICP311'),(7817,2,'ICP500'),(7821,1,'ICP006'),(7821,1,'ICP110'),(7821,1,'ICP311'),(7821,2,'ICP500'),(7831,1,'ICP006'),(7831,1,'ICP311'),(7831,2,'ICP500'),(7832,1,'ICP006'),(7832,1,'ICP110'),(7832,1,'ICP311'),(7832,2,'ICP500'),(8030,1,'ICP386'),(8030,2,'ICP466'),(8062,1,'ICP006'),(8062,1,'ICP110'),(8062,1,'ICP311'),(8062,2,'ICP500'),(8155,1,'ICP006'),(8155,1,'ICP110'),(8155,1,'ICP311'),(8155,2,'ICP469'),(8155,2,'ICP500'),(8306,1,'ICP006'),(8306,1,'ICP110'),(8306,1,'ICP311'),(8306,2,'ICP500'),(8509,1,'ICP467'),(8527,1,'ICP110'),(8527,2,'ICP500'),(8628,1,'ICP103'),(8628,1,'ICP301'),(8628,1,'ICP386'),(8628,2,'ICP341'),(8628,3,'ICP481'),(8647,1,'ICP103'),(8647,2,'ICP341'),(8688,1,'ICP103'),(8688,1,'ICP301'),(8688,1,'ICP386'),(8688,2,'ICP341'),(8688,3,'ICP481'),(8877,1,'ICP386'),(8877,2,'ICP466'),(8889,1,'ICP110'),(8889,2,'ICP620'),(8941,1,'ICP103'),(8941,2,'ICP341'),(8941,2,'ICP395'),(8941,3,'ICP495'),(8952,1,'ICP103'),(8952,1,'ICP386'),(8952,2,'ICP341'),(8952,3,'ICP481'),(8959,1,'ICP103'),(8959,2,'ICP341'),(9050,1,'ICP006'),(9050,1,'ICP110'),(9050,1,'ICP311'),(9050,2,'ICP500'),(9076,1,'ICP004'),(9076,2,'ICP005'),(9076,3,'ICP331'),(9117,1,'ICP110'),(9117,2,'ICP469'),(9185,1,'ICP341'),(9185,2,'ICP395'),(9185,3,'ICP445'),(9249,1,'ICP006'),(9249,1,'ICP110'),(9249,1,'ICP311'),(9249,2,'ICP500'),(9249,2,'ICP720'),(9306,1,'ICP006'),(9306,1,'ICP110'),(9306,1,'ICP302'),(9306,2,'ICP500'),(9325,1,'ICP386'),(9422,1,'ICP110'),(9422,2,'ICP469'),(9451,1,'ICP006'),(9451,1,'ICP110'),(9451,1,'ICP311'),(9451,1,'ICP341'),(9451,2,'ICP395'),(9451,2,'ICP500'),(9451,2,'ICP720'),(9451,3,'ICP445'),(9451,3,'ICP740'),(9524,1,'ICP001'),(9524,1,'ICP006'),(9524,2,'ICP002'),(9524,2,'ICP110'),(9524,3,'ICP311'),(9524,4,'ICP500'),(9784,1,'ICP110'),(9784,2,'ICP469'),(9797,1,'ICP103'),(9797,2,'ICP341'),(9812,1,'ICP311'),(9812,1,'ICP313'),(9812,2,'ICP486'),(9814,1,'ICP006'),(9814,1,'ICP110'),(9814,1,'ICP311'),(9814,2,'ICP500'),(9868,1,'ICP006'),(9868,1,'ICP110'),(9868,1,'ICP311'),(9868,2,'ICP500'),(9968,1,'ICP103'),(9968,1,'ICP301'),(9968,1,'ICP386'),(9968,2,'ICP341'),(9968,3,'ICP481'),(9978,1,'ICP311'),(9978,1,'ICP313'),(9978,2,'ICP486'),(111174351,1,'ICP001'),(111174351,2,'ICP002'),(111174351,3,'ICP003'),(111174351,3,'ICP311'),(111174351,4,'ICP313'),(111174351,5,'ICP486'),(112793854,1,'ICP006'),(112793854,1,'ICP110'),(112793854,1,'ICP311'),(112793854,2,'ICP500'),(125202274,1,'ICP001'),(125202274,1,'ICP103'),(125202274,2,'ICP301'),(125202274,2,'ICP341'),(125202274,2,'ICP386'),(125202274,3,'ICP481'),(137852438,1,'ICP006'),(137852438,1,'ICP110'),(137852438,1,'ICP311'),(137852438,2,'ICP500'),(141922012,1,'ICP002'),(141922012,2,'ICP003'),(141922012,2,'ICP311'),(141922012,3,'ICP313'),(141922012,4,'ICP486'),(164821430,1,'ICP001'),(164821430,2,'ICP002'),(164821430,3,'ICP003'),(164821430,3,'ICP311'),(164821430,4,'ICP313'),(164821430,5,'ICP486'),(166203121,1,'ICP001'),(166203121,1,'ICP006'),(166203121,1,'ICP200'),(166203121,2,'ICP002'),(166203121,2,'ICP110'),(166203121,2,'ICP720'),(166203121,3,'ICP311'),(166203121,4,'ICP500'),(166203121,4,'ICP819'),(166203121,5,'ICP740'),(178957047,1,'ICP110'),(178957047,2,'ICP469'),(192081592,1,'ICP006'),(192081592,1,'ICP200'),(192081592,1,'ICP311'),(192081592,2,'ICP500'),(192081592,2,'ICP720'),(192081592,3,'ICP740'),(196046272,1,'ICP002'),(196046272,1,'ICP006'),(196046272,1,'ICP110'),(196046272,2,'ICP311'),(196046272,2,'ICP469'),(196046272,3,'ICP500'),(222936116,1,'ICP006'),(222936116,1,'ICP200'),(222936116,1,'ICP311'),(222936116,2,'ICP500'),(222936116,2,'ICP720'),(222936116,2,'ICP819'),(222936116,3,'ICP740'),(258370250,1,'ICP006'),(258370250,1,'ICP200'),(258370250,1,'ICP311'),(258370250,2,'ICP500'),(258370250,2,'ICP720'),(258370250,2,'ICP818'),(258370250,2,'ICP819'),(258370250,3,'ICP740'),(285611992,1,'ICP006'),(285611992,1,'ICP110'),(285611992,1,'ICP200'),(285611992,1,'ICP311'),(285611992,2,'ICP500'),(285611992,2,'ICP720'),(285611992,3,'ICP740'),(287034437,1,'ICP006'),(287034437,1,'ICP200'),(287034437,1,'ICP311'),(287034437,2,'ICP500'),(287034437,2,'ICP720'),(287034437,2,'ICP819'),(287034437,3,'ICP740'),(291687847,1,'ICP006'),(291687847,1,'ICP200'),(291687847,1,'ICP311'),(291687847,2,'ICP500'),(291687847,2,'ICP720'),(291687847,2,'ICP819'),(291687847,3,'ICP740'),(292870227,1,'ICP001'),(292870227,1,'ICP006'),(292870227,1,'ICP720'),(292870227,2,'ICP002'),(292870227,2,'ICP110'),(292870227,3,'ICP311'),(292870227,4,'ICP500'),(292870227,5,'ICP740'),(316379525,1,'ICP110'),(316379525,1,'ICP311'),(316379525,2,'ICP361'),(316379525,3,'ICP461'),(324432052,1,'ICP001'),(324432052,2,'ICP002'),(324432052,3,'ICP003'),(324432052,3,'ICP311'),(324432052,4,'ICP313'),(324432052,5,'ICP486'),(348444351,1,'ICP311'),(348444351,1,'ICP313'),(348444351,2,'ICP486'),(356640298,1,'ICP469'),(356640298,1,'ICP818'),(356640298,2,'ICP660'),(362849335,1,'ICP006'),(362849335,1,'ICP200'),(362849335,1,'ICP311'),(362849335,2,'ICP500'),(362849335,2,'ICP720'),(362849335,2,'ICP818'),(362849335,3,'ICP740'),(370058038,1,'ICP006'),(370058038,1,'ICP110'),(370058038,1,'ICP311'),(370058038,2,'ICP469'),(370058038,2,'ICP500'),(410309476,1,'ICP001'),(410309476,1,'ICP006'),(410309476,1,'ICP200'),(410309476,2,'ICP002'),(410309476,2,'ICP720'),(410309476,3,'ICP311'),(410309476,4,'ICP500'),(410309476,4,'ICP819'),(410309476,5,'ICP740'),(411681300,1,'ICP006'),(411681300,1,'ICP200'),(411681300,1,'ICP311'),(411681300,2,'ICP500'),(411681300,2,'ICP720'),(411681300,2,'ICP819'),(411681300,3,'ICP740'),(413889315,1,'ICP002'),(413889315,2,'ICP003'),(413889315,2,'ICP311'),(413889315,3,'ICP313'),(413889315,4,'ICP486'),(435075950,1,'ICP002'),(435075950,1,'ICP006'),(435075950,1,'ICP110'),(435075950,1,'ICP720'),(435075950,2,'ICP311'),(435075950,3,'ICP500'),(435075950,4,'ICP740'),(442506203,1,'ICP006'),(442506203,1,'ICP110'),(442506203,1,'ICP311'),(442506203,2,'ICP469'),(442506203,2,'ICP500'),(448741355,1,'ICP001'),(448741355,2,'ICP002'),(448741355,3,'ICP003'),(448741355,3,'ICP311'),(448741355,4,'ICP313'),(448741355,5,'ICP486'),(452470039,1,'ICP006'),(452470039,1,'ICP110'),(452470039,1,'ICP311'),(452470039,2,'ICP500'),(495404878,1,'ICP006'),(495404878,1,'ICP110'),(495404878,1,'ICP200'),(495404878,1,'ICP302'),(495404878,2,'ICP500'),(495404878,2,'ICP720'),(495404878,3,'ICP740'),(496776246,1,'ICP103'),(496776246,2,'ICP341'),(496776246,3,'ICP403'),(497270695,1,'ICP001'),(497270695,1,'ICP103'),(497270695,2,'ICP301'),(497270695,2,'ICP341'),(497270695,2,'ICP386'),(497270695,3,'ICP481'),(506023024,1,'ICP680'),(516484914,1,'ICP006'),(516484914,1,'ICP200'),(516484914,1,'ICP311'),(516484914,2,'ICP500'),(516484914,2,'ICP720'),(516484914,3,'ICP740'),(524497078,1,'ICP006'),(524497078,1,'ICP200'),(524497078,1,'ICP311'),(524497078,2,'ICP500'),(524497078,2,'ICP720'),(524497078,2,'ICP819'),(524497078,3,'ICP740'),(532135187,1,'ICP200'),(532135187,2,'ICP720'),(532135187,3,'ICP811'),(532135187,4,'ICP813'),(561361210,1,'ICP006'),(561361210,1,'ICP200'),(561361210,1,'ICP311'),(561361210,2,'ICP500'),(561361210,2,'ICP720'),(561361210,2,'ICP819'),(561361210,3,'ICP740'),(578460210,1,'ICP110'),(578460210,2,'ICP469'),(601145152,1,'ICP006'),(601145152,1,'ICP200'),(601145152,1,'ICP311'),(601145152,2,'ICP500'),(601145152,2,'ICP720'),(601145152,2,'ICP819'),(601145152,3,'ICP740'),(630767823,1,'ICP006'),(630767823,1,'ICP200'),(630767823,1,'ICP311'),(630767823,2,'ICP500'),(630767823,2,'ICP720'),(630767823,2,'ICP819'),(630767823,3,'ICP740'),(658685554,1,'ICP006'),(658685554,1,'ICP200'),(658685554,1,'ICP311'),(658685554,2,'ICP500'),(658685554,2,'ICP720'),(658685554,3,'ICP740'),(659691843,1,'ICP006'),(659691843,1,'ICP200'),(659691843,1,'ICP311'),(659691843,2,'ICP500'),(659691843,2,'ICP720'),(659691843,3,'ICP740'),(664758087,1,'ICP006'),(664758087,1,'ICP200'),(664758087,1,'ICP311'),(664758087,2,'ICP500'),(664758087,2,'ICP720'),(664758087,2,'ICP819'),(664758087,3,'ICP740'),(669457938,1,'ICP006'),(669457938,1,'ICP200'),(669457938,1,'ICP311'),(669457938,2,'ICP500'),(669457938,2,'ICP720'),(669457938,3,'ICP740'),(683869712,1,'ICP006'),(683869712,1,'ICP200'),(683869712,1,'ICP311'),(683869712,2,'ICP500'),(683869712,2,'ICP720'),(683869712,2,'ICP819'),(683869712,3,'ICP740'),(716407017,1,'ICP006'),(716407017,1,'ICP110'),(716407017,1,'ICP311'),(716407017,1,'ICP720'),(716407017,2,'ICP500'),(716407017,2,'ICP811'),(716407017,3,'ICP813'),(726508464,1,'ICP006'),(726508464,1,'ICP110'),(726508464,1,'ICP311'),(726508464,2,'ICP469'),(726508464,2,'ICP500'),(739074091,1,'ICP006'),(739074091,1,'ICP200'),(739074091,1,'ICP311'),(739074091,2,'ICP500'),(739074091,2,'ICP720'),(739074091,3,'ICP740'),(739546796,1,'ICP006'),(739546796,1,'ICP200'),(739546796,1,'ICP311'),(739546796,2,'ICP500'),(739546796,2,'ICP720'),(739546796,3,'ICP740'),(742695516,1,'ICP001'),(742695516,2,'ICP110'),(742695516,2,'ICP302'),(742695516,3,'ICP500'),(749479466,1,'ICP103'),(749479466,1,'ICP301'),(749479466,1,'ICP386'),(749479466,2,'ICP341'),(749479466,3,'ICP481'),(759784803,1,'ICP001'),(759784803,1,'ICP006'),(759784803,2,'ICP110'),(759784803,2,'ICP302'),(759784803,3,'ICP500'),(784019298,1,'ICP001'),(784019298,1,'ICP103'),(784019298,2,'ICP301'),(784019298,2,'ICP341'),(784019298,2,'ICP386'),(784019298,3,'ICP481'),(809869431,1,'ICP006'),(809869431,1,'ICP110'),(809869431,1,'ICP311'),(809869431,2,'ICP500'),(833064024,1,'ICP001'),(833064024,1,'ICP006'),(833064024,1,'ICP720'),(833064024,2,'ICP002'),(833064024,2,'ICP110'),(833064024,3,'ICP311'),(833064024,4,'ICP500'),(833064024,5,'ICP740'),(882961008,1,'ICP006'),(882961008,1,'ICP110'),(882961008,1,'ICP311'),(882961008,2,'ICP500'),(916025637,1,'ICP001'),(916025637,2,'ICP110'),(916025637,3,'ICP469'),(960676621,1,'ICP006'),(960676621,1,'ICP200'),(960676621,1,'ICP311'),(960676621,2,'ICP500'),(960676621,2,'ICP720'),(960676621,3,'ICP740'),(971245096,1,'ICP006'),(971245096,1,'ICP110'),(971245096,1,'ICP311'),(971245096,2,'ICP469'),(971245096,2,'ICP500');
/*!40000 ALTER TABLE `result` ENABLE KEYS */;
UNLOCK TABLES;

--
-- Table structure for table `rhs`
--

DROP TABLE IF EXISTS `rhs`;
/*!40101 SET @saved_cs_client     = @@character_set_client */;
/*!50503 SET character_set_client = utf8mb4 */;
CREATE TABLE `rhs` (
  `ruleid` int NOT NULL,
  `courseid` varchar(10) NOT NULL,
  PRIMARY KEY (`ruleid`,`courseid`)
) ENGINE=InnoDB DEFAULT CHARSET=latin1;
/*!40101 SET character_set_client = @saved_cs_client */;

--
-- Dumping data for table `rhs`
--

LOCK TABLES `rhs` WRITE;
/*!40000 ALTER TABLE `rhs` DISABLE KEYS */;
INSERT INTO `rhs` VALUES (1,'ICP110'),(2,'ICP311'),(3,'ICP500'),(4,'ICP311'),(5,'ICP500'),(6,'ICP500'),(7,'ICP311'),(8,'ICP500'),(9,'ICP500'),(10,'ICP500'),(11,'ICP500');
/*!40000 ALTER TABLE `rhs` ENABLE KEYS */;
UNLOCK TABLES;

--
-- Table structure for table `ruleinfo`
--

DROP TABLE IF EXISTS `ruleinfo`;
/*!40101 SET @saved_cs_client     = @@character_set_client */;
/*!50503 SET character_set_client = utf8mb4 */;
CREATE TABLE `ruleinfo` (
  `ruleid` int NOT NULL,
  `support` float DEFAULT NULL,
  `confidence` float DEFAULT NULL,
  `lift` float DEFAULT NULL,
  `count` int DEFAULT NULL,
  PRIMARY KEY (`ruleid`)
) ENGINE=InnoDB DEFAULT CHARSET=latin1;
/*!40101 SET character_set_client = @saved_cs_client */;

--
-- Dumping data for table `ruleinfo`
--

LOCK TABLES `ruleinfo` WRITE;
/*!40000 ALTER TABLE `ruleinfo` DISABLE KEYS */;
INSERT INTO `ruleinfo` VALUES (1,0.2,0.719101,1.53765,3),(2,0.2,0.910112,1.69382,3),(3,0.2,1,2.11579,3),(4,0.2,0.670213,1.24734,3),(5,0.2,0.744681,1.57559,3),(6,0.2,0.777778,1.64561,3),(7,0.2,0.875,1.62847,3),(8,0.2,1,2.11579,3),(9,0.2,1,2.11579,3),(10,0.2,0.936508,1.98145,3),(11,0.2,1,2.11579,3);
/*!40000 ALTER TABLE `ruleinfo` ENABLE KEYS */;
UNLOCK TABLES;

--
-- Table structure for table `webservicelist`
--

DROP TABLE IF EXISTS `webservicelist`;
/*!40101 SET @saved_cs_client     = @@character_set_client */;
/*!50503 SET character_set_client = utf8mb4 */;
CREATE TABLE `webservicelist` (
  `webServiceID` varchar(10) NOT NULL,
  `webServiceName` varchar(100) DEFAULT NULL,
  `reputation` float DEFAULT NULL,
  `price` float DEFAULT NULL,
  `duration` int DEFAULT NULL,
  `provider` varchar(50) DEFAULT NULL,
  `url` varchar(100) DEFAULT NULL,
  PRIMARY KEY (`webServiceID`)
) ENGINE=InnoDB DEFAULT CHARSET=latin1;
/*!40101 SET character_set_client = @saved_cs_client */;

--
-- Dumping data for table `webservicelist`
--

LOCK TABLES `webservicelist` WRITE;
/*!40000 ALTER TABLE `webservicelist` DISABLE KEYS */;
INSERT INTO `webservicelist` VALUES ('WSS1','WSS1Name',3,1,3,'serviceprovider','https://serviceprovider.com'),('WSS10','WSS10Name',3,1,3,'serviceprovider','https://serviceprovider.com'),('WSS100','WSS100Name',3,1,3,'serviceprovider','https://serviceprovider.com'),('WSS101','WSS101Name',3,1,3,'serviceprovider','https://serviceprovider.com'),('WSS102','WSS102Name',3,1,3,'serviceprovider','https://serviceprovider.com'),('WSS103','WSS103Name',3,1,3,'serviceprovider','https://serviceprovider.com'),('WSS104','WSS104Name',3,1,3,'serviceprovider','https://serviceprovider.com'),('WSS105','WSS105Name',3,1,3,'serviceprovider','https://serviceprovider.com'),('WSS106','WSS106Name',3,1,3,'serviceprovider','https://serviceprovider.com'),('WSS107','WSS107Name',3,1,3,'serviceprovider','https://serviceprovider.com'),('WSS108','WSS108Name',3,1,3,'serviceprovider','https://serviceprovider.com'),('WSS109','WSS109Name',3,1,3,'serviceprovider','https://serviceprovider.com'),('WSS11','WSS11Name',3,1,3,'serviceprovider','https://serviceprovider.com'),('WSS110','WSS110Name',3,1,3,'serviceprovider','https://serviceprovider.com'),('WSS111','WSS111Name',3,1,3,'serviceprovider','https://serviceprovider.com'),('WSS112','WSS112Name',3,1,3,'serviceprovider','https://serviceprovider.com'),('WSS113','WSS113Name',3,1,3,'serviceprovider','https://serviceprovider.com'),('WSS114','WSS114Name',3,1,3,'serviceprovider','https://serviceprovider.com'),('WSS115','WSS115Name',3,1,3,'serviceprovider','https://serviceprovider.com'),('WSS116','WSS116Name',3,1,3,'serviceprovider','https://serviceprovider.com'),('WSS117','WSS117Name',3,1,3,'serviceprovider','https://serviceprovider.com'),('WSS118','WSS118Name',3,1,3,'serviceprovider','https://serviceprovider.com'),('WSS119','WSS119Name',3,1,3,'serviceprovider','https://serviceprovider.com'),('WSS12','WSS12Name',3,1,3,'serviceprovider','https://serviceprovider.com'),('WSS120','WSS120Name',3,1,3,'serviceprovider','https://serviceprovider.com'),('WSS121','WSS121Name',3,1,3,'serviceprovider','https://serviceprovider.com'),('WSS122','WSS122Name',3,1,3,'serviceprovider','https://serviceprovider.com'),('WSS123','WSS123Name',3,1,3,'serviceprovider','https://serviceprovider.com'),('WSS124','WSS124Name',3,1,3,'serviceprovider','https://serviceprovider.com'),('WSS125','WSS125Name',3,1,3,'serviceprovider','https://serviceprovider.com'),('WSS126','WSS126Name',3,1,3,'serviceprovider','https://serviceprovider.com'),('WSS127','WSS127Name',3,1,3,'serviceprovider','https://serviceprovider.com'),('WSS128','WSS128Name',3,1,3,'serviceprovider','https://serviceprovider.com'),('WSS129','WSS129Name',3,1,3,'serviceprovider','https://serviceprovider.com'),('WSS13','WSS13Name',3,1,3,'serviceprovider','https://serviceprovider.com'),('WSS130','WSS130Name',3,1,3,'serviceprovider','https://serviceprovider.com'),('WSS131','WSS131Name',3,1,3,'serviceprovider','https://serviceprovider.com'),('WSS132','WSS132Name',3,1,3,'serviceprovider','https://serviceprovider.com'),('WSS133','WSS133Name',3,1,3,'serviceprovider','https://serviceprovider.com'),('WSS134','WSS134Name',3,1,3,'serviceprovider','https://serviceprovider.com'),('WSS135','WSS135Name',3,1,3,'serviceprovider','https://serviceprovider.com'),('WSS136','WSS136Name',3,1,3,'serviceprovider','https://serviceprovider.com'),('WSS137','WSS137Name',3,1,3,'serviceprovider','https://serviceprovider.com'),('WSS138','WSS138Name',3,1,3,'serviceprovider','https://serviceprovider.com'),('WSS139','WSS139Name',3,1,3,'serviceprovider','https://serviceprovider.com'),('WSS14','WSS14Name',3,1,3,'serviceprovider','https://serviceprovider.com'),('WSS140','WSS140Name',3,1,3,'serviceprovider','https://serviceprovider.com'),('WSS141','WSS141Name',3,1,3,'serviceprovider','https://serviceprovider.com'),('WSS142','WSS142Name',3,1,3,'serviceprovider','https://serviceprovider.com'),('WSS143','WSS143Name',3,1,3,'serviceprovider','https://serviceprovider.com'),('WSS144','WSS144Name',3,1,3,'serviceprovider','https://serviceprovider.com'),('WSS145','WSS145Name',3,1,3,'serviceprovider','https://serviceprovider.com'),('WSS146','WSS146Name',3,1,3,'serviceprovider','https://serviceprovider.com'),('WSS147','WSS147Name',3,1,3,'serviceprovider','https://serviceprovider.com'),('WSS148','WSS148Name',3,1,3,'serviceprovider','https://serviceprovider.com'),('WSS149','WSS149Name',3,1,3,'serviceprovider','https://serviceprovider.com'),('WSS15','WSS15Name',3,1,3,'serviceprovider','https://serviceprovider.com'),('WSS150','WSS150Name',3,1,3,'serviceprovider','https://serviceprovider.com'),('WSS151','WSS151Name',3,1,3,'serviceprovider','https://serviceprovider.com'),('WSS152','WSS152Name',3,1,3,'serviceprovider','https://serviceprovider.com'),('WSS153','WSS153Name',3,1,3,'serviceprovider','https://serviceprovider.com'),('WSS154','WSS154Name',3,1,3,'serviceprovider','https://serviceprovider.com'),('WSS155','WSS155Name',3,1,3,'serviceprovider','https://serviceprovider.com'),('WSS156','WSS156Name',3,1,3,'serviceprovider','https://serviceprovider.com'),('WSS157','WSS157Name',3,1,3,'serviceprovider','https://serviceprovider.com'),('WSS158','WSS158Name',3,1,3,'serviceprovider','https://serviceprovider.com'),('WSS159','WSS159Name',3,1,3,'serviceprovider','https://serviceprovider.com'),('WSS16','WSS16Name',3,1,3,'serviceprovider','https://serviceprovider.com'),('WSS160','WSS160Name',3,1,3,'serviceprovider','https://serviceprovider.com'),('WSS161','WSS161Name',3,1,3,'serviceprovider','https://serviceprovider.com'),('WSS162','WSS162Name',3,1,3,'serviceprovider','https://serviceprovider.com'),('WSS163','WSS163Name',3,1,3,'serviceprovider','https://serviceprovider.com'),('WSS164','WSS164Name',3,1,3,'serviceprovider','https://serviceprovider.com'),('WSS165','WSS165Name',3,1,3,'serviceprovider','https://serviceprovider.com'),('WSS166','WSS166Name',3,1,3,'serviceprovider','https://serviceprovider.com'),('WSS167','WSS167Name',3,1,3,'serviceprovider','https://serviceprovider.com'),('WSS168','WSS168Name',3,1,3,'serviceprovider','https://serviceprovider.com'),('WSS169','WSS169Name',3,1,3,'serviceprovider','https://serviceprovider.com'),('WSS17','WSS17Name',3,1,3,'serviceprovider','https://serviceprovider.com'),('WSS170','WSS170Name',3,1,3,'serviceprovider','https://serviceprovider.com'),('WSS171','WSS171Name',3,1,3,'serviceprovider','https://serviceprovider.com'),('WSS172','WSS172Name',3,1,3,'serviceprovider','https://serviceprovider.com'),('WSS173','WSS173Name',3,1,3,'serviceprovider','https://serviceprovider.com'),('WSS174','WSS174Name',3,1,3,'serviceprovider','https://serviceprovider.com'),('WSS175','WSS175Name',3,1,3,'serviceprovider','https://serviceprovider.com'),('WSS176','WSS176Name',3,1,3,'serviceprovider','https://serviceprovider.com'),('WSS177','WSS177Name',3,1,3,'serviceprovider','https://serviceprovider.com'),('WSS178','WSS178Name',3,1,3,'serviceprovider','https://serviceprovider.com'),('WSS179','WSS179Name',3,1,3,'serviceprovider','https://serviceprovider.com'),('WSS18','WSS18Name',3,1,3,'serviceprovider','https://serviceprovider.com'),('WSS180','WSS180Name',3,1,3,'serviceprovider','https://serviceprovider.com'),('WSS181','WSS181Name',3,1,3,'serviceprovider','https://serviceprovider.com'),('WSS182','WSS182Name',3,1,3,'serviceprovider','https://serviceprovider.com'),('WSS183','WSS183Name',3,1,3,'serviceprovider','https://serviceprovider.com'),('WSS184','WSS184Name',3,1,3,'serviceprovider','https://serviceprovider.com'),('WSS185','WSS185Name',3,1,3,'serviceprovider','https://serviceprovider.com'),('WSS186','WSS186Name',3,1,3,'serviceprovider','https://serviceprovider.com'),('WSS187','WSS187Name',3,1,3,'serviceprovider','https://serviceprovider.com'),('WSS188','WSS188Name',3,1,3,'serviceprovider','https://serviceprovider.com'),('WSS189','WSS189Name',3,1,3,'serviceprovider','https://serviceprovider.com'),('WSS19','WSS19Name',3,1,3,'serviceprovider','https://serviceprovider.com'),('WSS190','WSS190Name',3,1,3,'serviceprovider','https://serviceprovider.com'),('WSS191','WSS191Name',3,1,3,'serviceprovider','https://serviceprovider.com'),('WSS192','WSS192Name',3,1,3,'serviceprovider','https://serviceprovider.com'),('WSS193','WSS193Name',3,1,3,'serviceprovider','https://serviceprovider.com'),('WSS194','WSS194Name',3,1,3,'serviceprovider','https://serviceprovider.com'),('WSS195','WSS195Name',3,1,3,'serviceprovider','https://serviceprovider.com'),('WSS196','WSS196Name',3,1,3,'serviceprovider','https://serviceprovider.com'),('WSS197','WSS197Name',3,1,3,'serviceprovider','https://serviceprovider.com'),('WSS198','WSS198Name',3,1,3,'serviceprovider','https://serviceprovider.com'),('WSS199','WSS199Name',3,1,3,'serviceprovider','https://serviceprovider.com'),('WSS2','WSS2Name',3,1,3,'serviceprovider','https://serviceprovider.com'),('WSS20','WSS20Name',3,1,3,'serviceprovider','https://serviceprovider.com'),('WSS200','WSS200Name',3,1,3,'serviceprovider','https://serviceprovider.com'),('WSS201','WSS201Name',3,1,3,'serviceprovider','https://serviceprovider.com'),('WSS202','WSS202Name',3,1,3,'serviceprovider','https://serviceprovider.com'),('WSS203','WSS203Name',3,1,3,'serviceprovider','https://serviceprovider.com'),('WSS204','WSS204Name',3,1,3,'serviceprovider','https://serviceprovider.com'),('WSS205','WSS205Name',3,1,3,'serviceprovider','https://serviceprovider.com'),('WSS206','WSS206Name',3,1,3,'serviceprovider','https://serviceprovider.com'),('WSS207','WSS207Name',3,1,3,'serviceprovider','https://serviceprovider.com'),('WSS208','WSS208Name',3,1,3,'serviceprovider','https://serviceprovider.com'),('WSS209','WSS209Name',3,1,3,'serviceprovider','https://serviceprovider.com'),('WSS21','WSS21Name',3,1,3,'serviceprovider','https://serviceprovider.com'),('WSS210','WSS210Name',3,1,3,'serviceprovider','https://serviceprovider.com'),('WSS211','WSS211Name',3,1,3,'serviceprovider','https://serviceprovider.com'),('WSS212','WSS212Name',3,1,3,'serviceprovider','https://serviceprovider.com'),('WSS213','WSS213Name',3,1,3,'serviceprovider','https://serviceprovider.com'),('WSS214','WSS214Name',3,1,3,'serviceprovider','https://serviceprovider.com'),('WSS215','WSS215Name',3,1,3,'serviceprovider','https://serviceprovider.com'),('WSS216','WSS216Name',3,1,3,'serviceprovider','https://serviceprovider.com'),('WSS217','WSS217Name',3,1,3,'serviceprovider','https://serviceprovider.com'),('WSS218','WSS218Name',3,1,3,'serviceprovider','https://serviceprovider.com'),('WSS219','WSS219Name',3,1,3,'serviceprovider','https://serviceprovider.com'),('WSS22','WSS22Name',3,1,3,'serviceprovider','https://serviceprovider.com'),('WSS220','WSS220Name',3,1,3,'serviceprovider','https://serviceprovider.com'),('WSS221','WSS221Name',3,1,3,'serviceprovider','https://serviceprovider.com'),('WSS222','WSS222Name',3,1,3,'serviceprovider','https://serviceprovider.com'),('WSS223','WSS223Name',3,1,3,'serviceprovider','https://serviceprovider.com'),('WSS224','WSS224Name',3,1,3,'serviceprovider','https://serviceprovider.com'),('WSS225','WSS225Name',3,1,3,'serviceprovider','https://serviceprovider.com'),('WSS226','WSS226Name',3,1,3,'serviceprovider','https://serviceprovider.com'),('WSS227','WSS227Name',3,1,3,'serviceprovider','https://serviceprovider.com'),('WSS228','WSS228Name',3,1,3,'serviceprovider','https://serviceprovider.com'),('WSS229','WSS229Name',3,1,3,'serviceprovider','https://serviceprovider.com'),('WSS23','WSS23Name',3,1,3,'serviceprovider','https://serviceprovider.com'),('WSS230','WSS230Name',3,1,3,'serviceprovider','https://serviceprovider.com'),('WSS231','WSS231Name',3,1,3,'serviceprovider','https://serviceprovider.com'),('WSS232','WSS232Name',3,1,3,'serviceprovider','https://serviceprovider.com'),('WSS233','WSS233Name',3,1,3,'serviceprovider','https://serviceprovider.com'),('WSS234','WSS234Name',3,1,3,'serviceprovider','https://serviceprovider.com'),('WSS235','WSS235Name',3,1,3,'serviceprovider','https://serviceprovider.com'),('WSS236','WSS236Name',3,1,3,'serviceprovider','https://serviceprovider.com'),('WSS237','WSS237Name',3,1,3,'serviceprovider','https://serviceprovider.com'),('WSS238','WSS238Name',3,1,3,'serviceprovider','https://serviceprovider.com'),('WSS239','WSS239Name',3,1,3,'serviceprovider','https://serviceprovider.com'),('WSS24','WSS24Name',3,1,3,'serviceprovider','https://serviceprovider.com'),('WSS240','WSS240Name',3,1,3,'serviceprovider','https://serviceprovider.com'),('WSS241','WSS241Name',3,1,3,'serviceprovider','https://serviceprovider.com'),('WSS242','WSS242Name',3,1,3,'serviceprovider','https://serviceprovider.com'),('WSS243','WSS243Name',3,1,3,'serviceprovider','https://serviceprovider.com'),('WSS244','WSS244Name',3,1,3,'serviceprovider','https://serviceprovider.com'),('WSS245','WSS245Name',3,1,3,'serviceprovider','https://serviceprovider.com'),('WSS246','WSS246Name',3,1,3,'serviceprovider','https://serviceprovider.com'),('WSS247','WSS247Name',3,1,3,'serviceprovider','https://serviceprovider.com'),('WSS248','WSS248Name',3,1,3,'serviceprovider','https://serviceprovider.com'),('WSS249','WSS249Name',3,1,3,'serviceprovider','https://serviceprovider.com'),('WSS25','WSS25Name',3,1,3,'serviceprovider','https://serviceprovider.com'),('WSS250','WSS250Name',3,1,3,'serviceprovider','https://serviceprovider.com'),('WSS251','WSS251Name',3,1,3,'serviceprovider','https://serviceprovider.com'),('WSS252','WSS252Name',3,1,3,'serviceprovider','https://serviceprovider.com'),('WSS253','WSS253Name',3,1,3,'serviceprovider','https://serviceprovider.com'),('WSS254','WSS254Name',3,1,3,'serviceprovider','https://serviceprovider.com'),('WSS255','WSS255Name',3,1,3,'serviceprovider','https://serviceprovider.com'),('WSS256','WSS256Name',3,1,3,'serviceprovider','https://serviceprovider.com'),('WSS257','WSS257Name',3,1,3,'serviceprovider','https://serviceprovider.com'),('WSS258','WSS258Name',3,1,3,'serviceprovider','https://serviceprovider.com'),('WSS259','WSS259Name',3,1,3,'serviceprovider','https://serviceprovider.com'),('WSS26','WSS26Name',3,1,3,'serviceprovider','https://serviceprovider.com'),('WSS260','WSS260Name',3,1,3,'serviceprovider','https://serviceprovider.com'),('WSS261','WSS261Name',3,1,3,'serviceprovider','https://serviceprovider.com'),('WSS262','WSS262Name',3,1,3,'serviceprovider','https://serviceprovider.com'),('WSS263','WSS263Name',3,1,3,'serviceprovider','https://serviceprovider.com'),('WSS264','WSS264Name',3,1,3,'serviceprovider','https://serviceprovider.com'),('WSS265','WSS265Name',3,1,3,'serviceprovider','https://serviceprovider.com'),('WSS266','WSS266Name',3,1,3,'serviceprovider','https://serviceprovider.com'),('WSS267','WSS267Name',3,1,3,'serviceprovider','https://serviceprovider.com'),('WSS268','WSS268Name',3,1,3,'serviceprovider','https://serviceprovider.com'),('WSS269','WSS269Name',3,1,3,'serviceprovider','https://serviceprovider.com'),('WSS27','WSS27Name',3,1,3,'serviceprovider','https://serviceprovider.com'),('WSS270','WSS270Name',3,1,3,'serviceprovider','https://serviceprovider.com'),('WSS271','WSS271Name',3,1,3,'serviceprovider','https://serviceprovider.com'),('WSS272','WSS272Name',3,1,3,'serviceprovider','https://serviceprovider.com'),('WSS273','WSS273Name',3,1,3,'serviceprovider','https://serviceprovider.com'),('WSS274','WSS274Name',3,1,3,'serviceprovider','https://serviceprovider.com'),('WSS275','WSS275Name',3,1,3,'serviceprovider','https://serviceprovider.com'),('WSS276','WSS276Name',3,1,3,'serviceprovider','https://serviceprovider.com'),('WSS277','WSS277Name',3,1,3,'serviceprovider','https://serviceprovider.com'),('WSS278','WSS278Name',3,1,3,'serviceprovider','https://serviceprovider.com'),('WSS279','WSS279Name',3,1,3,'serviceprovider','https://serviceprovider.com'),('WSS28','WSS28Name',3,1,3,'serviceprovider','https://serviceprovider.com'),('WSS280','WSS280Name',3,1,3,'serviceprovider','https://serviceprovider.com'),('WSS281','WSS281Name',3,1,3,'serviceprovider','https://serviceprovider.com'),('WSS282','WSS282Name',3,1,3,'serviceprovider','https://serviceprovider.com'),('WSS283','WSS283Name',3,1,3,'serviceprovider','https://serviceprovider.com'),('WSS284','WSS284Name',3,1,3,'serviceprovider','https://serviceprovider.com'),('WSS285','WSS285Name',3,1,3,'serviceprovider','https://serviceprovider.com'),('WSS286','WSS286Name',3,1,3,'serviceprovider','https://serviceprovider.com'),('WSS287','WSS287Name',3,1,3,'serviceprovider','https://serviceprovider.com'),('WSS288','WSS288Name',3,1,3,'serviceprovider','https://serviceprovider.com'),('WSS289','WSS289Name',3,1,3,'serviceprovider','https://serviceprovider.com'),('WSS29','WSS29Name',3,1,3,'serviceprovider','https://serviceprovider.com'),('WSS290','WSS290Name',3,1,3,'serviceprovider','https://serviceprovider.com'),('WSS291','WSS291Name',3,1,3,'serviceprovider','https://serviceprovider.com'),('WSS292','WSS292Name',3,1,3,'serviceprovider','https://serviceprovider.com'),('WSS293','WSS293Name',3,1,3,'serviceprovider','https://serviceprovider.com'),('WSS294','WSS294Name',3,1,3,'serviceprovider','https://serviceprovider.com'),('WSS295','WSS295Name',3,1,3,'serviceprovider','https://serviceprovider.com'),('WSS296','WSS296Name',3,1,3,'serviceprovider','https://serviceprovider.com'),('WSS297','WSS297Name',3,1,3,'serviceprovider','https://serviceprovider.com'),('WSS298','WSS298Name',3,1,3,'serviceprovider','https://serviceprovider.com'),('WSS299','WSS299Name',3,1,3,'serviceprovider','https://serviceprovider.com'),('WSS3','WSS3Name',3,1,3,'serviceprovider','https://serviceprovider.com'),('WSS30','WSS30Name',3,1,3,'serviceprovider','https://serviceprovider.com'),('WSS300','WSS300Name',3,1,3,'serviceprovider','https://serviceprovider.com'),('WSS301','WSS301Name',3,1,3,'serviceprovider','https://serviceprovider.com'),('WSS302','WSS302Name',3,1,3,'serviceprovider','https://serviceprovider.com'),('WSS303','WSS303Name',3,1,3,'serviceprovider','https://serviceprovider.com'),('WSS304','WSS304Name',3,1,3,'serviceprovider','https://serviceprovider.com'),('WSS305','WSS305Name',3,1,3,'serviceprovider','https://serviceprovider.com'),('WSS306','WSS306Name',3,1,3,'serviceprovider','https://serviceprovider.com'),('WSS307','WSS307Name',3,1,3,'serviceprovider','https://serviceprovider.com'),('WSS308','WSS308Name',3,1,3,'serviceprovider','https://serviceprovider.com'),('WSS309','WSS309Name',3,1,3,'serviceprovider','https://serviceprovider.com'),('WSS31','WSS31Name',3,1,3,'serviceprovider','https://serviceprovider.com'),('WSS310','WSS310Name',3,1,3,'serviceprovider','https://serviceprovider.com'),('WSS311','WSS311Name',3,1,3,'serviceprovider','https://serviceprovider.com'),('WSS312','WSS312Name',3,1,3,'serviceprovider','https://serviceprovider.com'),('WSS313','WSS313Name',3,1,3,'serviceprovider','https://serviceprovider.com'),('WSS314','WSS314Name',3,1,3,'serviceprovider','https://serviceprovider.com'),('WSS315','WSS315Name',3,1,3,'serviceprovider','https://serviceprovider.com'),('WSS316','WSS316Name',3,1,3,'serviceprovider','https://serviceprovider.com'),('WSS317','WSS317Name',3,1,3,'serviceprovider','https://serviceprovider.com'),('WSS318','WSS318Name',3,1,3,'serviceprovider','https://serviceprovider.com'),('WSS319','WSS319Name',3,1,3,'serviceprovider','https://serviceprovider.com'),('WSS32','WSS32Name',3,1,3,'serviceprovider','https://serviceprovider.com'),('WSS320','WSS320Name',3,1,3,'serviceprovider','https://serviceprovider.com'),('WSS321','WSS321Name',3,1,3,'serviceprovider','https://serviceprovider.com'),('WSS322','WSS322Name',3,1,3,'serviceprovider','https://serviceprovider.com'),('WSS323','WSS323Name',3,1,3,'serviceprovider','https://serviceprovider.com'),('WSS324','WSS324Name',3,1,3,'serviceprovider','https://serviceprovider.com'),('WSS325','WSS325Name',3,1,3,'serviceprovider','https://serviceprovider.com'),('WSS326','WSS326Name',3,1,3,'serviceprovider','https://serviceprovider.com'),('WSS327','WSS327Name',3,1,3,'serviceprovider','https://serviceprovider.com'),('WSS328','WSS328Name',3,1,3,'serviceprovider','https://serviceprovider.com'),('WSS329','WSS329Name',3,1,3,'serviceprovider','https://serviceprovider.com'),('WSS33','WSS33Name',3,1,3,'serviceprovider','https://serviceprovider.com'),('WSS330','WSS330Name',3,1,3,'serviceprovider','https://serviceprovider.com'),('WSS331','WSS331Name',3,1,3,'serviceprovider','https://serviceprovider.com'),('WSS332','WSS332Name',3,1,3,'serviceprovider','https://serviceprovider.com'),('WSS333','WSS333Name',3,1,3,'serviceprovider','https://serviceprovider.com'),('WSS334','WSS334Name',3,1,3,'serviceprovider','https://serviceprovider.com'),('WSS335','WSS335Name',3,1,3,'serviceprovider','https://serviceprovider.com'),('WSS336','WSS336Name',3,1,3,'serviceprovider','https://serviceprovider.com'),('WSS337','WSS337Name',3,1,3,'serviceprovider','https://serviceprovider.com'),('WSS338','WSS338Name',3,1,3,'serviceprovider','https://serviceprovider.com'),('WSS339','WSS339Name',3,1,3,'serviceprovider','https://serviceprovider.com'),('WSS34','WSS34Name',3,1,3,'serviceprovider','https://serviceprovider.com'),('WSS340','WSS340Name',3,1,3,'serviceprovider','https://serviceprovider.com'),('WSS341','WSS341Name',3,1,3,'serviceprovider','https://serviceprovider.com'),('WSS342','WSS342Name',3,1,3,'serviceprovider','https://serviceprovider.com'),('WSS343','WSS343Name',3,1,3,'serviceprovider','https://serviceprovider.com'),('WSS344','WSS344Name',3,1,3,'serviceprovider','https://serviceprovider.com'),('WSS345','WSS345Name',3,1,3,'serviceprovider','https://serviceprovider.com'),('WSS346','WSS346Name',3,1,3,'serviceprovider','https://serviceprovider.com'),('WSS347','WSS347Name',3,1,3,'serviceprovider','https://serviceprovider.com'),('WSS348','WSS348Name',3,1,3,'serviceprovider','https://serviceprovider.com'),('WSS349','WSS349Name',3,1,3,'serviceprovider','https://serviceprovider.com'),('WSS35','WSS35Name',3,1,3,'serviceprovider','https://serviceprovider.com'),('WSS350','WSS350Name',3,1,3,'serviceprovider','https://serviceprovider.com'),('WSS351','WSS351Name',3,1,3,'serviceprovider','https://serviceprovider.com'),('WSS352','WSS352Name',3,1,3,'serviceprovider','https://serviceprovider.com'),('WSS353','WSS353Name',3,1,3,'serviceprovider','https://serviceprovider.com'),('WSS354','WSS354Name',3,1,3,'serviceprovider','https://serviceprovider.com'),('WSS355','WSS355Name',3,1,3,'serviceprovider','https://serviceprovider.com'),('WSS356','WSS356Name',3,1,3,'serviceprovider','https://serviceprovider.com'),('WSS357','WSS357Name',3,1,3,'serviceprovider','https://serviceprovider.com'),('WSS358','WSS358Name',3,1,3,'serviceprovider','https://serviceprovider.com'),('WSS359','WSS359Name',3,1,3,'serviceprovider','https://serviceprovider.com'),('WSS36','WSS36Name',3,1,3,'serviceprovider','https://serviceprovider.com'),('WSS360','WSS360Name',3,1,3,'serviceprovider','https://serviceprovider.com'),('WSS361','WSS361Name',3,1,3,'serviceprovider','https://serviceprovider.com'),('WSS362','WSS362Name',3,1,3,'serviceprovider','https://serviceprovider.com'),('WSS363','WSS363Name',3,1,3,'serviceprovider','https://serviceprovider.com'),('WSS364','WSS364Name',3,1,3,'serviceprovider','https://serviceprovider.com'),('WSS365','WSS365Name',3,1,3,'serviceprovider','https://serviceprovider.com'),('WSS366','WSS366Name',3,1,3,'serviceprovider','https://serviceprovider.com'),('WSS367','WSS367Name',3,1,3,'serviceprovider','https://serviceprovider.com'),('WSS368','WSS368Name',3,1,3,'serviceprovider','https://serviceprovider.com'),('WSS369','WSS369Name',3,1,3,'serviceprovider','https://serviceprovider.com'),('WSS37','WSS37Name',3,1,3,'serviceprovider','https://serviceprovider.com'),('WSS370','WSS370Name',3,1,3,'serviceprovider','https://serviceprovider.com'),('WSS371','WSS371Name',3,1,3,'serviceprovider','https://serviceprovider.com'),('WSS372','WSS372Name',3,1,3,'serviceprovider','https://serviceprovider.com'),('WSS373','WSS373Name',3,1,3,'serviceprovider','https://serviceprovider.com'),('WSS374','WSS374Name',3,1,3,'serviceprovider','https://serviceprovider.com'),('WSS375','WSS375Name',3,1,3,'serviceprovider','https://serviceprovider.com'),('WSS376','WSS376Name',3,1,3,'serviceprovider','https://serviceprovider.com'),('WSS377','WSS377Name',3,1,3,'serviceprovider','https://serviceprovider.com'),('WSS378','WSS378Name',3,1,3,'serviceprovider','https://serviceprovider.com'),('WSS379','WSS379Name',3,1,3,'serviceprovider','https://serviceprovider.com'),('WSS38','WSS38Name',3,1,3,'serviceprovider','https://serviceprovider.com'),('WSS380','WSS380Name',3,1,3,'serviceprovider','https://serviceprovider.com'),('WSS381','WSS381Name',3,1,3,'serviceprovider','https://serviceprovider.com'),('WSS382','WSS382Name',3,1,3,'serviceprovider','https://serviceprovider.com'),('WSS383','WSS383Name',3,1,3,'serviceprovider','https://serviceprovider.com'),('WSS384','WSS384Name',3,1,3,'serviceprovider','https://serviceprovider.com'),('WSS385','WSS385Name',3,1,3,'serviceprovider','https://serviceprovider.com'),('WSS386','WSS386Name',3,1,3,'serviceprovider','https://serviceprovider.com'),('WSS387','WSS387Name',3,1,3,'serviceprovider','https://serviceprovider.com'),('WSS388','WSS388Name',3,1,3,'serviceprovider','https://serviceprovider.com'),('WSS389','WSS389Name',3,1,3,'serviceprovider','https://serviceprovider.com'),('WSS39','WSS39Name',3,1,3,'serviceprovider','https://serviceprovider.com'),('WSS390','WSS390Name',3,1,3,'serviceprovider','https://serviceprovider.com'),('WSS391','WSS391Name',3,1,3,'serviceprovider','https://serviceprovider.com'),('WSS392','WSS392Name',3,1,3,'serviceprovider','https://serviceprovider.com'),('WSS393','WSS393Name',3,1,3,'serviceprovider','https://serviceprovider.com'),('WSS394','WSS394Name',3,1,3,'serviceprovider','https://serviceprovider.com'),('WSS395','WSS395Name',3,1,3,'serviceprovider','https://serviceprovider.com'),('WSS396','WSS396Name',3,1,3,'serviceprovider','https://serviceprovider.com'),('WSS397','WSS397Name',3,1,3,'serviceprovider','https://serviceprovider.com'),('WSS398','WSS398Name',3,1,3,'serviceprovider','https://serviceprovider.com'),('WSS399','WSS399Name',3,1,3,'serviceprovider','https://serviceprovider.com'),('WSS4','WSS4Name',3,1,3,'serviceprovider','https://serviceprovider.com'),('WSS40','WSS40Name',3,1,3,'serviceprovider','https://serviceprovider.com'),('WSS400','WSS400Name',3,1,3,'serviceprovider','https://serviceprovider.com'),('WSS401','WSS401Name',3,1,3,'serviceprovider','https://serviceprovider.com'),('WSS402','WSS402Name',3,1,3,'serviceprovider','https://serviceprovider.com'),('WSS403','WSS403Name',3,1,3,'serviceprovider','https://serviceprovider.com'),('WSS404','WSS404Name',3,1,3,'serviceprovider','https://serviceprovider.com'),('WSS405','WSS405Name',3,1,3,'serviceprovider','https://serviceprovider.com'),('WSS406','WSS406Name',3,1,3,'serviceprovider','https://serviceprovider.com'),('WSS407','WSS407Name',3,1,3,'serviceprovider','https://serviceprovider.com'),('WSS408','WSS408Name',3,1,3,'serviceprovider','https://serviceprovider.com'),('WSS409','WSS409Name',3,1,3,'serviceprovider','https://serviceprovider.com'),('WSS41','WSS41Name',3,1,3,'serviceprovider','https://serviceprovider.com'),('WSS410','WSS410Name',3,1,3,'serviceprovider','https://serviceprovider.com'),('WSS411','WSS411Name',3,1,3,'serviceprovider','https://serviceprovider.com'),('WSS412','WSS412Name',3,1,3,'serviceprovider','https://serviceprovider.com'),('WSS413','WSS413Name',3,1,3,'serviceprovider','https://serviceprovider.com'),('WSS414','WSS414Name',3,1,3,'serviceprovider','https://serviceprovider.com'),('WSS415','WSS415Name',3,1,3,'serviceprovider','https://serviceprovider.com'),('WSS416','WSS416Name',3,1,3,'serviceprovider','https://serviceprovider.com'),('WSS417','WSS417Name',3,1,3,'serviceprovider','https://serviceprovider.com'),('WSS418','WSS418Name',3,1,3,'serviceprovider','https://serviceprovider.com'),('WSS419','WSS419Name',3,1,3,'serviceprovider','https://serviceprovider.com'),('WSS42','WSS42Name',3,1,3,'serviceprovider','https://serviceprovider.com'),('WSS420','WSS420Name',3,1,3,'serviceprovider','https://serviceprovider.com'),('WSS421','WSS421Name',3,1,3,'serviceprovider','https://serviceprovider.com'),('WSS422','WSS422Name',3,1,3,'serviceprovider','https://serviceprovider.com'),('WSS423','WSS423Name',3,1,3,'serviceprovider','https://serviceprovider.com'),('WSS424','WSS424Name',3,1,3,'serviceprovider','https://serviceprovider.com'),('WSS425','WSS425Name',3,1,3,'serviceprovider','https://serviceprovider.com'),('WSS426','WSS426Name',3,1,3,'serviceprovider','https://serviceprovider.com'),('WSS427','WSS427Name',3,1,3,'serviceprovider','https://serviceprovider.com'),('WSS428','WSS428Name',3,1,3,'serviceprovider','https://serviceprovider.com'),('WSS429','WSS429Name',3,1,3,'serviceprovider','https://serviceprovider.com'),('WSS43','WSS43Name',3,1,3,'serviceprovider','https://serviceprovider.com'),('WSS430','WSS430Name',3,1,3,'serviceprovider','https://serviceprovider.com'),('WSS431','WSS431Name',3,1,3,'serviceprovider','https://serviceprovider.com'),('WSS432','WSS432Name',3,1,3,'serviceprovider','https://serviceprovider.com'),('WSS433','WSS433Name',3,1,3,'serviceprovider','https://serviceprovider.com'),('WSS434','WSS434Name',3,1,3,'serviceprovider','https://serviceprovider.com'),('WSS435','WSS435Name',3,1,3,'serviceprovider','https://serviceprovider.com'),('WSS436','WSS436Name',3,1,3,'serviceprovider','https://serviceprovider.com'),('WSS437','WSS437Name',3,1,3,'serviceprovider','https://serviceprovider.com'),('WSS438','WSS438Name',3,1,3,'serviceprovider','https://serviceprovider.com'),('WSS439','WSS439Name',3,1,3,'serviceprovider','https://serviceprovider.com'),('WSS44','WSS44Name',3,1,3,'serviceprovider','https://serviceprovider.com'),('WSS440','WSS440Name',3,1,3,'serviceprovider','https://serviceprovider.com'),('WSS441','WSS441Name',3,1,3,'serviceprovider','https://serviceprovider.com'),('WSS442','WSS442Name',3,1,3,'serviceprovider','https://serviceprovider.com'),('WSS443','WSS443Name',3,1,3,'serviceprovider','https://serviceprovider.com'),('WSS444','WSS444Name',3,1,3,'serviceprovider','https://serviceprovider.com'),('WSS445','WSS445Name',3,1,3,'serviceprovider','https://serviceprovider.com'),('WSS446','WSS446Name',3,1,3,'serviceprovider','https://serviceprovider.com'),('WSS447','WSS447Name',3,1,3,'serviceprovider','https://serviceprovider.com'),('WSS448','WSS448Name',3,1,3,'serviceprovider','https://serviceprovider.com'),('WSS449','WSS449Name',3,1,3,'serviceprovider','https://serviceprovider.com'),('WSS45','WSS45Name',3,1,3,'serviceprovider','https://serviceprovider.com'),('WSS450','WSS450Name',3,1,3,'serviceprovider','https://serviceprovider.com'),('WSS451','WSS451Name',3,1,3,'serviceprovider','https://serviceprovider.com'),('WSS452','WSS452Name',3,1,3,'serviceprovider','https://serviceprovider.com'),('WSS453','WSS453Name',3,1,3,'serviceprovider','https://serviceprovider.com'),('WSS454','WSS454Name',3,1,3,'serviceprovider','https://serviceprovider.com'),('WSS455','WSS455Name',3,1,3,'serviceprovider','https://serviceprovider.com'),('WSS456','WSS456Name',3,1,3,'serviceprovider','https://serviceprovider.com'),('WSS457','WSS457Name',3,1,3,'serviceprovider','https://serviceprovider.com'),('WSS458','WSS458Name',3,1,3,'serviceprovider','https://serviceprovider.com'),('WSS459','WSS459Name',3,1,3,'serviceprovider','https://serviceprovider.com'),('WSS46','WSS46Name',3,1,3,'serviceprovider','https://serviceprovider.com'),('WSS460','WSS460Name',3,1,3,'serviceprovider','https://serviceprovider.com'),('WSS461','WSS461Name',3,1,3,'serviceprovider','https://serviceprovider.com'),('WSS462','WSS462Name',3,1,3,'serviceprovider','https://serviceprovider.com'),('WSS463','WSS463Name',3,1,3,'serviceprovider','https://serviceprovider.com'),('WSS464','WSS464Name',3,1,3,'serviceprovider','https://serviceprovider.com'),('WSS465','WSS465Name',3,1,3,'serviceprovider','https://serviceprovider.com'),('WSS466','WSS466Name',3,1,3,'serviceprovider','https://serviceprovider.com'),('WSS467','WSS467Name',3,1,3,'serviceprovider','https://serviceprovider.com'),('WSS468','WSS468Name',3,1,3,'serviceprovider','https://serviceprovider.com'),('WSS469','WSS469Name',3,1,3,'serviceprovider','https://serviceprovider.com'),('WSS47','WSS47Name',3,1,3,'serviceprovider','https://serviceprovider.com'),('WSS470','WSS470Name',3,1,3,'serviceprovider','https://serviceprovider.com'),('WSS471','WSS471Name',3,1,3,'serviceprovider','https://serviceprovider.com'),('WSS472','WSS472Name',3,1,3,'serviceprovider','https://serviceprovider.com'),('WSS473','WSS473Name',3,1,3,'serviceprovider','https://serviceprovider.com'),('WSS474','WSS474Name',3,1,3,'serviceprovider','https://serviceprovider.com'),('WSS475','WSS475Name',3,1,3,'serviceprovider','https://serviceprovider.com'),('WSS476','WSS476Name',3,1,3,'serviceprovider','https://serviceprovider.com'),('WSS477','WSS477Name',3,1,3,'serviceprovider','https://serviceprovider.com'),('WSS478','WSS478Name',3,1,3,'serviceprovider','https://serviceprovider.com'),('WSS479','WSS479Name',3,1,3,'serviceprovider','https://serviceprovider.com'),('WSS48','WSS48Name',3,1,3,'serviceprovider','https://serviceprovider.com'),('WSS480','WSS480Name',3,1,3,'serviceprovider','https://serviceprovider.com'),('WSS481','WSS481Name',3,1,3,'serviceprovider','https://serviceprovider.com'),('WSS482','WSS482Name',3,1,3,'serviceprovider','https://serviceprovider.com'),('WSS483','WSS483Name',3,1,3,'serviceprovider','https://serviceprovider.com'),('WSS484','WSS484Name',3,1,3,'serviceprovider','https://serviceprovider.com'),('WSS485','WSS485Name',3,1,3,'serviceprovider','https://serviceprovider.com'),('WSS486','WSS486Name',3,1,3,'serviceprovider','https://serviceprovider.com'),('WSS487','WSS487Name',3,1,3,'serviceprovider','https://serviceprovider.com'),('WSS488','WSS488Name',3,1,3,'serviceprovider','https://serviceprovider.com'),('WSS489','WSS489Name',3,1,3,'serviceprovider','https://serviceprovider.com'),('WSS49','WSS49Name',3,1,3,'serviceprovider','https://serviceprovider.com'),('WSS490','WSS490Name',3,1,3,'serviceprovider','https://serviceprovider.com'),('WSS491','WSS491Name',3,1,3,'serviceprovider','https://serviceprovider.com'),('WSS492','WSS492Name',3,1,3,'serviceprovider','https://serviceprovider.com'),('WSS493','WSS493Name',3,1,3,'serviceprovider','https://serviceprovider.com'),('WSS494','WSS494Name',3,1,3,'serviceprovider','https://serviceprovider.com'),('WSS495','WSS495Name',3,1,3,'serviceprovider','https://serviceprovider.com'),('WSS496','WSS496Name',3,1,3,'serviceprovider','https://serviceprovider.com'),('WSS497','WSS497Name',3,1,3,'serviceprovider','https://serviceprovider.com'),('WSS498','WSS498Name',3,1,3,'serviceprovider','https://serviceprovider.com'),('WSS499','WSS499Name',3,1,3,'serviceprovider','https://serviceprovider.com'),('WSS5','WSS5Name',3,1,3,'serviceprovider','https://serviceprovider.com'),('WSS50','WSS50Name',3,1,3,'serviceprovider','https://serviceprovider.com'),('WSS500','WSS500Name',3,1,3,'serviceprovider','https://serviceprovider.com'),('WSS51','WSS51Name',3,1,3,'serviceprovider','https://serviceprovider.com'),('WSS52','WSS52Name',3,1,3,'serviceprovider','https://serviceprovider.com'),('WSS53','WSS53Name',3,1,3,'serviceprovider','https://serviceprovider.com'),('WSS54','WSS54Name',3,1,3,'serviceprovider','https://serviceprovider.com'),('WSS55','WSS55Name',3,1,3,'serviceprovider','https://serviceprovider.com'),('WSS56','WSS56Name',3,1,3,'serviceprovider','https://serviceprovider.com'),('WSS57','WSS57Name',3,1,3,'serviceprovider','https://serviceprovider.com'),('WSS58','WSS58Name',3,1,3,'serviceprovider','https://serviceprovider.com'),('WSS59','WSS59Name',3,1,3,'serviceprovider','https://serviceprovider.com'),('WSS6','WSS6Name',3,1,3,'serviceprovider','https://serviceprovider.com'),('WSS60','WSS60Name',3,1,3,'serviceprovider','https://serviceprovider.com'),('WSS61','WSS61Name',3,1,3,'serviceprovider','https://serviceprovider.com'),('WSS62','WSS62Name',3,1,3,'serviceprovider','https://serviceprovider.com'),('WSS63','WSS63Name',3,1,3,'serviceprovider','https://serviceprovider.com'),('WSS64','WSS64Name',3,1,3,'serviceprovider','https://serviceprovider.com'),('WSS65','WSS65Name',3,1,3,'serviceprovider','https://serviceprovider.com'),('WSS66','WSS66Name',3,1,3,'serviceprovider','https://serviceprovider.com'),('WSS67','WSS67Name',3,1,3,'serviceprovider','https://serviceprovider.com'),('WSS68','WSS68Name',3,1,3,'serviceprovider','https://serviceprovider.com'),('WSS69','WSS69Name',3,1,3,'serviceprovider','https://serviceprovider.com'),('WSS7','WSS7Name',3,1,3,'serviceprovider','https://serviceprovider.com'),('WSS70','WSS70Name',3,1,3,'serviceprovider','https://serviceprovider.com'),('WSS71','WSS71Name',3,1,3,'serviceprovider','https://serviceprovider.com'),('WSS72','WSS72Name',3,1,3,'serviceprovider','https://serviceprovider.com'),('WSS73','WSS73Name',3,1,3,'serviceprovider','https://serviceprovider.com'),('WSS74','WSS74Name',3,1,3,'serviceprovider','https://serviceprovider.com'),('WSS75','WSS75Name',3,1,3,'serviceprovider','https://serviceprovider.com'),('WSS76','WSS76Name',3,1,3,'serviceprovider','https://serviceprovider.com'),('WSS77','WSS77Name',3,1,3,'serviceprovider','https://serviceprovider.com'),('WSS78','WSS78Name',3,1,3,'serviceprovider','https://serviceprovider.com'),('WSS79','WSS79Name',3,1,3,'serviceprovider','https://serviceprovider.com'),('WSS8','WSS8Name',3,1,3,'serviceprovider','https://serviceprovider.com'),('WSS80','WSS80Name',3,1,3,'serviceprovider','https://serviceprovider.com'),('WSS81','WSS81Name',3,1,3,'serviceprovider','https://serviceprovider.com'),('WSS82','WSS82Name',3,1,3,'serviceprovider','https://serviceprovider.com'),('WSS83','WSS83Name',3,1,3,'serviceprovider','https://serviceprovider.com'),('WSS84','WSS84Name',3,1,3,'serviceprovider','https://serviceprovider.com'),('WSS85','WSS85Name',3,1,3,'serviceprovider','https://serviceprovider.com'),('WSS86','WSS86Name',3,1,3,'serviceprovider','https://serviceprovider.com'),('WSS87','WSS87Name',3,1,3,'serviceprovider','https://serviceprovider.com'),('WSS88','WSS88Name',3,1,3,'serviceprovider','https://serviceprovider.com'),('WSS89','WSS89Name',3,1,3,'serviceprovider','https://serviceprovider.com'),('WSS9','WSS9Name',3,1,3,'serviceprovider','https://serviceprovider.com'),('WSS90','WSS90Name',3,1,3,'serviceprovider','https://serviceprovider.com'),('WSS91','WSS91Name',3,1,3,'serviceprovider','https://serviceprovider.com'),('WSS92','WSS92Name',3,1,3,'serviceprovider','https://serviceprovider.com'),('WSS93','WSS93Name',3,1,3,'serviceprovider','https://serviceprovider.com'),('WSS94','WSS94Name',3,1,3,'serviceprovider','https://serviceprovider.com'),('WSS95','WSS95Name',3,1,3,'serviceprovider','https://serviceprovider.com'),('WSS96','WSS96Name',3,1,3,'serviceprovider','https://serviceprovider.com'),('WSS97','WSS97Name',3,1,3,'serviceprovider','https://serviceprovider.com'),('WSS98','WSS98Name',3,1,3,'serviceprovider','https://serviceprovider.com'),('WSS99','WSS99Name',3,1,3,'serviceprovider','https://serviceprovider.com');
/*!40000 ALTER TABLE `webservicelist` ENABLE KEYS */;
UNLOCK TABLES;
/*!40103 SET TIME_ZONE=@OLD_TIME_ZONE */;

/*!40101 SET SQL_MODE=@OLD_SQL_MODE */;
/*!40014 SET FOREIGN_KEY_CHECKS=@OLD_FOREIGN_KEY_CHECKS */;
/*!40014 SET UNIQUE_CHECKS=@OLD_UNIQUE_CHECKS */;
/*!40101 SET CHARACTER_SET_CLIENT=@OLD_CHARACTER_SET_CLIENT */;
/*!40101 SET CHARACTER_SET_RESULTS=@OLD_CHARACTER_SET_RESULTS */;
/*!40101 SET COLLATION_CONNECTION=@OLD_COLLATION_CONNECTION */;
/*!40111 SET SQL_NOTES=@OLD_SQL_NOTES */;

-- Dump completed on 2023-07-07  0:26:59
