-- MySQL dump 10.13  Distrib 8.0.32, for Win64 (x86_64)
--
-- Host: localhost    Database: autowscs
-- ------------------------------------------------------
-- Server version	8.0.32

/*!40101 SET @OLD_CHARACTER_SET_CLIENT=@@CHARACTER_SET_CLIENT */;
/*!40101 SET @OLD_CHARACTER_SET_RESULTS=@@CHARACTER_SET_RESULTS */;
/*!40101 SET @OLD_COLLATION_CONNECTION=@@COLLATION_CONNECTION */;
/*!50503 SET NAMES utf8mb4 */;
/*!40103 SET @OLD_TIME_ZONE=@@TIME_ZONE */;
/*!40103 SET TIME_ZONE='+00:00' */;
/*!40014 SET @OLD_UNIQUE_CHECKS=@@UNIQUE_CHECKS, UNIQUE_CHECKS=0 */;
/*!40014 SET @OLD_FOREIGN_KEY_CHECKS=@@FOREIGN_KEY_CHECKS, FOREIGN_KEY_CHECKS=0 */;
/*!40101 SET @OLD_SQL_MODE=@@SQL_MODE, SQL_MODE='NO_AUTO_VALUE_ON_ZERO' */;
/*!40111 SET @OLD_SQL_NOTES=@@SQL_NOTES, SQL_NOTES=0 */;

--
-- Table structure for table `auth_group`
--

DROP TABLE IF EXISTS `auth_group`;
/*!40101 SET @saved_cs_client     = @@character_set_client */;
/*!50503 SET character_set_client = utf8mb4 */;
CREATE TABLE `auth_group` (
  `id` int NOT NULL AUTO_INCREMENT,
  `name` varchar(80) NOT NULL,
  PRIMARY KEY (`id`),
  UNIQUE KEY `name` (`name`)
) ENGINE=InnoDB DEFAULT CHARSET=latin1;
/*!40101 SET character_set_client = @saved_cs_client */;

--
-- Dumping data for table `auth_group`
--

LOCK TABLES `auth_group` WRITE;
/*!40000 ALTER TABLE `auth_group` DISABLE KEYS */;
/*!40000 ALTER TABLE `auth_group` ENABLE KEYS */;
UNLOCK TABLES;

--
-- Table structure for table `auth_group_permissions`
--

DROP TABLE IF EXISTS `auth_group_permissions`;
/*!40101 SET @saved_cs_client     = @@character_set_client */;
/*!50503 SET character_set_client = utf8mb4 */;
CREATE TABLE `auth_group_permissions` (
  `id` int NOT NULL AUTO_INCREMENT,
  `group_id` int NOT NULL,
  `permission_id` int NOT NULL,
  PRIMARY KEY (`id`),
  UNIQUE KEY `auth_group_permissions_group_id_permission_id_0cd325b0_uniq` (`group_id`,`permission_id`),
  KEY `auth_group_permissio_permission_id_84c5c92e_fk_auth_perm` (`permission_id`),
  CONSTRAINT `auth_group_permissio_permission_id_84c5c92e_fk_auth_perm` FOREIGN KEY (`permission_id`) REFERENCES `auth_permission` (`id`),
  CONSTRAINT `auth_group_permissions_group_id_b120cbf9_fk_auth_group_id` FOREIGN KEY (`group_id`) REFERENCES `auth_group` (`id`)
) ENGINE=InnoDB DEFAULT CHARSET=latin1;
/*!40101 SET character_set_client = @saved_cs_client */;

--
-- Dumping data for table `auth_group_permissions`
--

LOCK TABLES `auth_group_permissions` WRITE;
/*!40000 ALTER TABLE `auth_group_permissions` DISABLE KEYS */;
/*!40000 ALTER TABLE `auth_group_permissions` ENABLE KEYS */;
UNLOCK TABLES;

--
-- Table structure for table `auth_permission`
--

DROP TABLE IF EXISTS `auth_permission`;
/*!40101 SET @saved_cs_client     = @@character_set_client */;
/*!50503 SET character_set_client = utf8mb4 */;
CREATE TABLE `auth_permission` (
  `id` int NOT NULL AUTO_INCREMENT,
  `name` varchar(255) NOT NULL,
  `content_type_id` int NOT NULL,
  `codename` varchar(100) NOT NULL,
  PRIMARY KEY (`id`),
  UNIQUE KEY `auth_permission_content_type_id_codename_01ab375a_uniq` (`content_type_id`,`codename`),
  CONSTRAINT `auth_permission_content_type_id_2f476e4b_fk_django_co` FOREIGN KEY (`content_type_id`) REFERENCES `django_content_type` (`id`)
) ENGINE=InnoDB AUTO_INCREMENT=25 DEFAULT CHARSET=latin1;
/*!40101 SET character_set_client = @saved_cs_client */;

--
-- Dumping data for table `auth_permission`
--

LOCK TABLES `auth_permission` WRITE;
/*!40000 ALTER TABLE `auth_permission` DISABLE KEYS */;
INSERT INTO `auth_permission` VALUES (1,'Can add log entry',1,'add_logentry'),(2,'Can change log entry',1,'change_logentry'),(3,'Can delete log entry',1,'delete_logentry'),(4,'Can view log entry',1,'view_logentry'),(5,'Can add permission',2,'add_permission'),(6,'Can change permission',2,'change_permission'),(7,'Can delete permission',2,'delete_permission'),(8,'Can view permission',2,'view_permission'),(9,'Can add group',3,'add_group'),(10,'Can change group',3,'change_group'),(11,'Can delete group',3,'delete_group'),(12,'Can view group',3,'view_group'),(13,'Can add user',4,'add_user'),(14,'Can change user',4,'change_user'),(15,'Can delete user',4,'delete_user'),(16,'Can view user',4,'view_user'),(17,'Can add content type',5,'add_contenttype'),(18,'Can change content type',5,'change_contenttype'),(19,'Can delete content type',5,'delete_contenttype'),(20,'Can view content type',5,'view_contenttype'),(21,'Can add session',6,'add_session'),(22,'Can change session',6,'change_session'),(23,'Can delete session',6,'delete_session'),(24,'Can view session',6,'view_session');
/*!40000 ALTER TABLE `auth_permission` ENABLE KEYS */;
UNLOCK TABLES;

--
-- Table structure for table `auth_user`
--

DROP TABLE IF EXISTS `auth_user`;
/*!40101 SET @saved_cs_client     = @@character_set_client */;
/*!50503 SET character_set_client = utf8mb4 */;
CREATE TABLE `auth_user` (
  `id` int NOT NULL AUTO_INCREMENT,
  `password` varchar(128) NOT NULL,
  `last_login` datetime(6) DEFAULT NULL,
  `is_superuser` tinyint(1) NOT NULL,
  `username` varchar(150) NOT NULL,
  `first_name` varchar(30) NOT NULL,
  `last_name` varchar(150) NOT NULL,
  `email` varchar(254) NOT NULL,
  `is_staff` tinyint(1) NOT NULL,
  `is_active` tinyint(1) NOT NULL,
  `date_joined` datetime(6) NOT NULL,
  PRIMARY KEY (`id`),
  UNIQUE KEY `username` (`username`)
) ENGINE=InnoDB AUTO_INCREMENT=2 DEFAULT CHARSET=latin1;
/*!40101 SET character_set_client = @saved_cs_client */;

--
-- Dumping data for table `auth_user`
--

LOCK TABLES `auth_user` WRITE;
/*!40000 ALTER TABLE `auth_user` DISABLE KEYS */;
INSERT INTO `auth_user` VALUES (1,'pbkdf2_sha256$120000$t1PV0MeFrM2P$mdFVt5O/PMrM6U6PP4ei7LDjVNuN0OJi97bq+oRxpQg=','2020-10-19 22:21:14.385392',0,'kgayke','','','k2gaike@gmail.com',0,1,'2020-10-19 22:21:13.589791');
/*!40000 ALTER TABLE `auth_user` ENABLE KEYS */;
UNLOCK TABLES;

--
-- Table structure for table `auth_user_groups`
--

DROP TABLE IF EXISTS `auth_user_groups`;
/*!40101 SET @saved_cs_client     = @@character_set_client */;
/*!50503 SET character_set_client = utf8mb4 */;
CREATE TABLE `auth_user_groups` (
  `id` int NOT NULL AUTO_INCREMENT,
  `user_id` int NOT NULL,
  `group_id` int NOT NULL,
  PRIMARY KEY (`id`),
  UNIQUE KEY `auth_user_groups_user_id_group_id_94350c0c_uniq` (`user_id`,`group_id`),
  KEY `auth_user_groups_group_id_97559544_fk_auth_group_id` (`group_id`),
  CONSTRAINT `auth_user_groups_group_id_97559544_fk_auth_group_id` FOREIGN KEY (`group_id`) REFERENCES `auth_group` (`id`),
  CONSTRAINT `auth_user_groups_user_id_6a12ed8b_fk_auth_user_id` FOREIGN KEY (`user_id`) REFERENCES `auth_user` (`id`)
) ENGINE=InnoDB DEFAULT CHARSET=latin1;
/*!40101 SET character_set_client = @saved_cs_client */;

--
-- Dumping data for table `auth_user_groups`
--

LOCK TABLES `auth_user_groups` WRITE;
/*!40000 ALTER TABLE `auth_user_groups` DISABLE KEYS */;
/*!40000 ALTER TABLE `auth_user_groups` ENABLE KEYS */;
UNLOCK TABLES;

--
-- Table structure for table `auth_user_user_permissions`
--

DROP TABLE IF EXISTS `auth_user_user_permissions`;
/*!40101 SET @saved_cs_client     = @@character_set_client */;
/*!50503 SET character_set_client = utf8mb4 */;
CREATE TABLE `auth_user_user_permissions` (
  `id` int NOT NULL AUTO_INCREMENT,
  `user_id` int NOT NULL,
  `permission_id` int NOT NULL,
  PRIMARY KEY (`id`),
  UNIQUE KEY `auth_user_user_permissions_user_id_permission_id_14a6b632_uniq` (`user_id`,`permission_id`),
  KEY `auth_user_user_permi_permission_id_1fbb5f2c_fk_auth_perm` (`permission_id`),
  CONSTRAINT `auth_user_user_permi_permission_id_1fbb5f2c_fk_auth_perm` FOREIGN KEY (`permission_id`) REFERENCES `auth_permission` (`id`),
  CONSTRAINT `auth_user_user_permissions_user_id_a95ead1b_fk_auth_user_id` FOREIGN KEY (`user_id`) REFERENCES `auth_user` (`id`)
) ENGINE=InnoDB DEFAULT CHARSET=latin1;
/*!40101 SET character_set_client = @saved_cs_client */;

--
-- Dumping data for table `auth_user_user_permissions`
--

LOCK TABLES `auth_user_user_permissions` WRITE;
/*!40000 ALTER TABLE `auth_user_user_permissions` DISABLE KEYS */;
/*!40000 ALTER TABLE `auth_user_user_permissions` ENABLE KEYS */;
UNLOCK TABLES;

--
-- Table structure for table `careerpath`
--

DROP TABLE IF EXISTS `careerpath`;
/*!40101 SET @saved_cs_client     = @@character_set_client */;
/*!50503 SET character_set_client = utf8mb4 */;
CREATE TABLE `careerpath` (
  `careerPathID` char(4) NOT NULL,
  `careerPathName` varchar(50) DEFAULT NULL,
  PRIMARY KEY (`careerPathID`)
) ENGINE=InnoDB DEFAULT CHARSET=latin1;
/*!40101 SET character_set_client = @saved_cs_client */;

--
-- Dumping data for table `careerpath`
--

LOCK TABLES `careerpath` WRITE;
/*!40000 ALTER TABLE `careerpath` DISABLE KEYS */;
INSERT INTO `careerpath` VALUES ('C100','Data Analyst');
/*!40000 ALTER TABLE `careerpath` ENABLE KEYS */;
UNLOCK TABLES;

--
-- Table structure for table `django_admin_log`
--

DROP TABLE IF EXISTS `django_admin_log`;
/*!40101 SET @saved_cs_client     = @@character_set_client */;
/*!50503 SET character_set_client = utf8mb4 */;
CREATE TABLE `django_admin_log` (
  `id` int NOT NULL AUTO_INCREMENT,
  `action_time` datetime(6) NOT NULL,
  `object_id` longtext,
  `object_repr` varchar(200) NOT NULL,
  `action_flag` smallint unsigned NOT NULL,
  `change_message` longtext NOT NULL,
  `content_type_id` int DEFAULT NULL,
  `user_id` int NOT NULL,
  PRIMARY KEY (`id`),
  KEY `django_admin_log_content_type_id_c4bce8eb_fk_django_co` (`content_type_id`),
  KEY `django_admin_log_user_id_c564eba6_fk_auth_user_id` (`user_id`),
  CONSTRAINT `django_admin_log_content_type_id_c4bce8eb_fk_django_co` FOREIGN KEY (`content_type_id`) REFERENCES `django_content_type` (`id`),
  CONSTRAINT `django_admin_log_user_id_c564eba6_fk_auth_user_id` FOREIGN KEY (`user_id`) REFERENCES `auth_user` (`id`)
) ENGINE=InnoDB DEFAULT CHARSET=latin1;
/*!40101 SET character_set_client = @saved_cs_client */;

--
-- Dumping data for table `django_admin_log`
--

LOCK TABLES `django_admin_log` WRITE;
/*!40000 ALTER TABLE `django_admin_log` DISABLE KEYS */;
/*!40000 ALTER TABLE `django_admin_log` ENABLE KEYS */;
UNLOCK TABLES;

--
-- Table structure for table `django_content_type`
--

DROP TABLE IF EXISTS `django_content_type`;
/*!40101 SET @saved_cs_client     = @@character_set_client */;
/*!50503 SET character_set_client = utf8mb4 */;
CREATE TABLE `django_content_type` (
  `id` int NOT NULL AUTO_INCREMENT,
  `app_label` varchar(100) NOT NULL,
  `model` varchar(100) NOT NULL,
  PRIMARY KEY (`id`),
  UNIQUE KEY `django_content_type_app_label_model_76bd3d3b_uniq` (`app_label`,`model`)
) ENGINE=InnoDB AUTO_INCREMENT=7 DEFAULT CHARSET=latin1;
/*!40101 SET character_set_client = @saved_cs_client */;

--
-- Dumping data for table `django_content_type`
--

LOCK TABLES `django_content_type` WRITE;
/*!40000 ALTER TABLE `django_content_type` DISABLE KEYS */;
INSERT INTO `django_content_type` VALUES (1,'admin','logentry'),(3,'auth','group'),(2,'auth','permission'),(4,'auth','user'),(5,'contenttypes','contenttype'),(6,'sessions','session');
/*!40000 ALTER TABLE `django_content_type` ENABLE KEYS */;
UNLOCK TABLES;

--
-- Table structure for table `django_migrations`
--

DROP TABLE IF EXISTS `django_migrations`;
/*!40101 SET @saved_cs_client     = @@character_set_client */;
/*!50503 SET character_set_client = utf8mb4 */;
CREATE TABLE `django_migrations` (
  `id` int NOT NULL AUTO_INCREMENT,
  `app` varchar(255) NOT NULL,
  `name` varchar(255) NOT NULL,
  `applied` datetime(6) NOT NULL,
  PRIMARY KEY (`id`)
) ENGINE=InnoDB AUTO_INCREMENT=16 DEFAULT CHARSET=latin1;
/*!40101 SET character_set_client = @saved_cs_client */;

--
-- Dumping data for table `django_migrations`
--

LOCK TABLES `django_migrations` WRITE;
/*!40000 ALTER TABLE `django_migrations` DISABLE KEYS */;
INSERT INTO `django_migrations` VALUES (1,'contenttypes','0001_initial','2020-03-09 23:45:06.538733'),(2,'auth','0001_initial','2020-03-09 23:45:10.018233'),(3,'admin','0001_initial','2020-03-09 23:45:11.118233'),(4,'admin','0002_logentry_remove_auto_add','2020-03-09 23:45:11.139233'),(5,'admin','0003_logentry_add_action_flag_choices','2020-03-09 23:45:11.169233'),(6,'contenttypes','0002_remove_content_type_name','2020-03-09 23:45:11.498233'),(7,'auth','0002_alter_permission_name_max_length','2020-03-09 23:45:11.539233'),(8,'auth','0003_alter_user_email_max_length','2020-03-09 23:45:11.619233'),(9,'auth','0004_alter_user_username_opts','2020-03-09 23:45:11.629233'),(10,'auth','0005_alter_user_last_login_null','2020-03-09 23:45:11.770233'),(11,'auth','0006_require_contenttypes_0002','2020-03-09 23:45:11.810233'),(12,'auth','0007_alter_validators_add_error_messages','2020-03-09 23:45:11.820233'),(13,'auth','0008_alter_user_username_max_length','2020-03-09 23:45:11.831233'),(14,'auth','0009_alter_user_last_name_max_length','2020-03-09 23:45:11.949233'),(15,'sessions','0001_initial','2020-03-09 23:45:12.140233');
/*!40000 ALTER TABLE `django_migrations` ENABLE KEYS */;
UNLOCK TABLES;

--
-- Table structure for table `django_session`
--

DROP TABLE IF EXISTS `django_session`;
/*!40101 SET @saved_cs_client     = @@character_set_client */;
/*!50503 SET character_set_client = utf8mb4 */;
CREATE TABLE `django_session` (
  `session_key` varchar(40) NOT NULL,
  `session_data` longtext NOT NULL,
  `expire_date` datetime(6) NOT NULL,
  PRIMARY KEY (`session_key`),
  KEY `django_session_expire_date_a5c62663` (`expire_date`)
) ENGINE=InnoDB DEFAULT CHARSET=latin1;
/*!40101 SET character_set_client = @saved_cs_client */;

--
-- Dumping data for table `django_session`
--

LOCK TABLES `django_session` WRITE;
/*!40000 ALTER TABLE `django_session` DISABLE KEYS */;
INSERT INTO `django_session` VALUES ('tyl1c5xdi2x8x2jwg76rgv4m7k8zrh9f','Y2FhMTEwYWE3NTdhZjlkMTFkYzhlMDM0OGM4NTU4YzVjZGQwZDM0Njp7Il9hdXRoX3VzZXJfaWQiOiIxIiwiX2F1dGhfdXNlcl9iYWNrZW5kIjoiZGphbmdvLmNvbnRyaWIuYXV0aC5iYWNrZW5kcy5Nb2RlbEJhY2tlbmQiLCJfYXV0aF91c2VyX2hhc2giOiJmMzIyNjA4ZWY3OTQ5MWYwMTUwOGMyMDFlMDIzZmRjNjI3MTU4N2IzIn0=','2020-11-02 22:21:14.400992');
/*!40000 ALTER TABLE `django_session` ENABLE KEYS */;
UNLOCK TABLES;

--
-- Table structure for table `initialgoalparameter`
--

DROP TABLE IF EXISTS `initialgoalparameter`;
/*!40101 SET @saved_cs_client     = @@character_set_client */;
/*!50503 SET character_set_client = utf8mb4 */;
CREATE TABLE `initialgoalparameter` (
  `transactionID` bigint NOT NULL,
  `iorg` varchar(10) NOT NULL,
  `parameterID` varchar(10) NOT NULL,
  PRIMARY KEY (`transactionID`,`iorg`,`parameterID`),
  KEY `knowledgeID` (`parameterID`),
  CONSTRAINT `initialgoalparameter_ibfk_1` FOREIGN KEY (`parameterID`) REFERENCES `parameterlist` (`parameterID`)
) ENGINE=InnoDB DEFAULT CHARSET=latin1;
/*!40101 SET character_set_client = @saved_cs_client */;

--
-- Dumping data for table `initialgoalparameter`
--

LOCK TABLES `initialgoalparameter` WRITE;
/*!40000 ALTER TABLE `initialgoalparameter` DISABLE KEYS */;
INSERT INTO `initialgoalparameter` VALUES (2,'G','p1'),(3,'G','p1'),(5,'G','p1'),(6,'G','p1'),(8,'I','p1'),(9,'I','p1'),(10,'G','p1'),(11,'I','p1'),(12,'G','p1'),(14,'G','p1'),(15,'I','p1'),(16,'I','p1'),(17,'G','p1'),(25,'I','p1'),(26,'G','p1'),(27,'G','p1'),(28,'G','p1'),(29,'G','p1'),(1,'G','p10'),(2,'I','p10'),(5,'G','p10'),(6,'G','p10'),(7,'G','p10'),(11,'G','p10'),(12,'G','p10'),(13,'I','p10'),(14,'G','p10'),(15,'G','p10'),(17,'I','p10'),(19,'G','p10'),(20,'I','p10'),(22,'I','p10'),(23,'G','p10'),(26,'I','p10'),(27,'G','p10'),(29,'I','p10'),(30,'G','p10'),(1,'I','p11'),(2,'G','p11'),(3,'I','p11'),(4,'G','p11'),(5,'G','p11'),(6,'G','p11'),(8,'G','p11'),(10,'I','p11'),(12,'G','p11'),(13,'G','p11'),(14,'G','p11'),(16,'G','p11'),(17,'G','p11'),(19,'G','p11'),(20,'G','p11'),(21,'I','p11'),(22,'I','p11'),(23,'I','p11'),(24,'G','p11'),(25,'G','p11'),(26,'I','p11'),(28,'G','p11'),(29,'G','p11'),(30,'G','p11'),(1,'G','p12'),(3,'G','p12'),(5,'I','p12'),(6,'I','p12'),(7,'G','p12'),(15,'I','p12'),(16,'G','p12'),(17,'I','p12'),(19,'G','p12'),(20,'G','p12'),(21,'I','p12'),(22,'G','p12'),(23,'I','p12'),(28,'I','p12'),(30,'G','p12'),(1,'I','p13'),(8,'I','p13'),(9,'G','p13'),(12,'G','p13'),(13,'G','p13'),(18,'G','p13'),(19,'G','p13'),(21,'G','p13'),(22,'I','p13'),(23,'I','p13'),(24,'G','p13'),(26,'G','p13'),(28,'G','p13'),(30,'G','p13'),(1,'G','p14'),(2,'G','p14'),(3,'G','p14'),(7,'I','p14'),(8,'G','p14'),(11,'G','p14'),(12,'G','p14'),(14,'G','p14'),(18,'G','p14'),(19,'I','p14'),(20,'I','p14'),(21,'G','p14'),(22,'G','p14'),(23,'G','p14'),(24,'G','p14'),(28,'I','p14'),(1,'I','p15'),(2,'G','p15'),(4,'G','p15'),(6,'G','p15'),(7,'G','p15'),(8,'I','p15'),(12,'I','p15'),(13,'I','p15'),(14,'G','p15'),(15,'I','p15'),(17,'G','p15'),(18,'I','p15'),(19,'G','p15'),(20,'I','p15'),(21,'G','p15'),(22,'G','p15'),(24,'I','p15'),(27,'I','p15'),(1,'G','p16'),(2,'G','p16'),(4,'I','p16'),(5,'G','p16'),(6,'G','p16'),(7,'G','p16'),(8,'G','p16'),(9,'G','p16'),(10,'G','p16'),(11,'G','p16'),(14,'I','p16'),(15,'G','p16'),(21,'G','p16'),(22,'G','p16'),(24,'G','p16'),(29,'G','p16'),(30,'I','p16'),(2,'G','p17'),(4,'G','p17'),(5,'G','p17'),(6,'G','p17'),(8,'I','p17'),(9,'G','p17'),(10,'I','p17'),(15,'G','p17'),(17,'I','p17'),(18,'G','p17'),(19,'I','p17'),(21,'G','p17'),(24,'I','p17'),(25,'G','p17'),(27,'G','p17'),(2,'I','p18'),(3,'I','p18'),(4,'I','p18'),(7,'I','p18'),(8,'G','p18'),(10,'G','p18'),(11,'G','p18'),(12,'G','p18'),(13,'G','p18'),(14,'G','p18'),(15,'G','p18'),(16,'G','p18'),(17,'G','p18'),(20,'G','p18'),(23,'G','p18'),(24,'G','p18'),(25,'G','p18'),(26,'I','p18'),(27,'I','p18'),(29,'G','p18'),(30,'I','p18'),(6,'I','p19'),(8,'G','p19'),(9,'G','p19'),(11,'G','p19'),(13,'I','p19'),(16,'G','p19'),(18,'G','p19'),(19,'G','p19'),(23,'I','p19'),(24,'I','p19'),(25,'I','p19'),(26,'G','p19'),(27,'G','p19'),(28,'G','p19'),(29,'I','p19'),(30,'G','p19'),(2,'G','p2'),(3,'I','p2'),(4,'G','p2'),(7,'G','p2'),(10,'G','p2'),(11,'G','p2'),(12,'I','p2'),(13,'G','p2'),(15,'G','p2'),(16,'I','p2'),(18,'I','p2'),(20,'G','p2'),(21,'G','p2'),(23,'G','p2'),(24,'G','p2'),(25,'G','p2'),(26,'G','p2'),(29,'G','p2'),(30,'G','p2'),(1,'G','p20'),(2,'G','p20'),(3,'G','p20'),(4,'G','p20'),(5,'I','p20'),(10,'G','p20'),(12,'I','p20'),(13,'G','p20'),(14,'I','p20'),(16,'G','p20'),(17,'G','p20'),(19,'I','p20'),(20,'G','p20'),(21,'G','p20'),(22,'G','p20'),(25,'G','p20'),(26,'G','p20'),(28,'I','p20'),(2,'I','p3'),(4,'I','p3'),(5,'G','p3'),(6,'G','p3'),(7,'G','p3'),(8,'G','p3'),(9,'I','p3'),(14,'I','p3'),(16,'I','p3'),(18,'G','p3'),(19,'I','p3'),(20,'G','p3'),(22,'G','p3'),(24,'G','p3'),(26,'G','p3'),(27,'G','p3'),(28,'G','p3'),(29,'G','p3'),(30,'I','p3'),(2,'I','p4'),(3,'G','p4'),(4,'G','p4'),(5,'G','p4'),(7,'I','p4'),(9,'G','p4'),(10,'I','p4'),(11,'I','p4'),(14,'G','p4'),(15,'G','p4'),(16,'I','p4'),(17,'I','p4'),(18,'G','p4'),(20,'I','p4'),(22,'G','p4'),(23,'G','p4'),(24,'G','p4'),(25,'G','p4'),(27,'G','p4'),(28,'G','p4'),(29,'G','p4'),(30,'G','p4'),(1,'G','p5'),(3,'G','p5'),(6,'I','p5'),(7,'G','p5'),(9,'I','p5'),(10,'I','p5'),(11,'I','p5'),(13,'I','p5'),(16,'G','p5'),(18,'G','p5'),(19,'G','p5'),(20,'G','p5'),(25,'I','p5'),(27,'I','p5'),(28,'G','p5'),(29,'I','p5'),(30,'I','p5'),(1,'G','p6'),(4,'G','p6'),(5,'G','p6'),(8,'G','p6'),(9,'G','p6'),(10,'G','p6'),(11,'I','p6'),(12,'G','p6'),(14,'G','p6'),(15,'G','p6'),(16,'G','p6'),(17,'G','p6'),(18,'I','p6'),(20,'G','p6'),(21,'I','p6'),(22,'I','p6'),(23,'G','p6'),(25,'G','p6'),(27,'G','p6'),(30,'G','p6'),(1,'G','p7'),(3,'I','p7'),(4,'I','p7'),(5,'I','p7'),(7,'G','p7'),(9,'G','p7'),(10,'G','p7'),(11,'G','p7'),(12,'G','p7'),(13,'G','p7'),(15,'G','p7'),(17,'G','p7'),(19,'G','p7'),(26,'G','p7'),(27,'I','p7'),(28,'I','p7'),(29,'I','p7'),(3,'G','p8'),(6,'I','p8'),(8,'G','p8'),(9,'G','p8'),(11,'G','p8'),(13,'G','p8'),(14,'I','p8'),(15,'I','p8'),(16,'G','p8'),(17,'G','p8'),(18,'I','p8'),(21,'I','p8'),(23,'G','p8'),(24,'I','p8'),(25,'I','p8'),(26,'I','p8'),(27,'G','p8'),(29,'G','p8'),(1,'I','p9'),(3,'G','p9'),(4,'G','p9'),(5,'I','p9'),(6,'G','p9'),(7,'I','p9'),(9,'I','p9'),(10,'G','p9'),(12,'I','p9'),(13,'G','p9'),(18,'G','p9'),(21,'G','p9'),(22,'G','p9'),(23,'G','p9'),(25,'G','p9'),(26,'G','p9'),(28,'G','p9');
/*!40000 ALTER TABLE `initialgoalparameter` ENABLE KEYS */;
UNLOCK TABLES;

--
-- Table structure for table `inputparameter`
--

DROP TABLE IF EXISTS `inputparameter`;
/*!40101 SET @saved_cs_client     = @@character_set_client */;
/*!50503 SET character_set_client = utf8mb4 */;
CREATE TABLE `inputparameter` (
  `webServiceID` varchar(10) NOT NULL,
  `parameterID` varchar(10) NOT NULL,
  PRIMARY KEY (`webServiceID`,`parameterID`),
  KEY `knowledgeID` (`parameterID`)
) ENGINE=InnoDB DEFAULT CHARSET=latin1;
/*!40101 SET character_set_client = @saved_cs_client */;

--
-- Dumping data for table `inputparameter`
--

LOCK TABLES `inputparameter` WRITE;
/*!40000 ALTER TABLE `inputparameter` DISABLE KEYS */;
INSERT INTO `inputparameter` VALUES ('WSS108','p1'),('WSS11','p1'),('WSS122','p1'),('WSS123','p1'),('WSS13','p1'),('WSS14','p1'),('WSS15','p1'),('WSS153','p1'),('WSS158','p1'),('WSS160','p1'),('WSS174','p1'),('WSS177','p1'),('WSS178','p1'),('WSS18','p1'),('WSS180','p1'),('WSS184','p1'),('WSS185','p1'),('WSS187','p1'),('WSS188','p1'),('WSS189','p1'),('WSS191','p1'),('WSS192','p1'),('WSS203','p1'),('WSS205','p1'),('WSS215','p1'),('WSS226','p1'),('WSS234','p1'),('WSS239','p1'),('WSS247','p1'),('WSS251','p1'),('WSS258','p1'),('WSS265','p1'),('WSS297','p1'),('WSS305','p1'),('WSS317','p1'),('WSS319','p1'),('WSS321','p1'),('WSS325','p1'),('WSS328','p1'),('WSS329','p1'),('WSS332','p1'),('WSS343','p1'),('WSS356','p1'),('WSS381','p1'),('WSS384','p1'),('WSS388','p1'),('WSS44','p1'),('WSS62','p1'),('WSS67','p1'),('WSS71','p1'),('WSS75','p1'),('WSS87','p1'),('WSS96','p1'),('WSS112','p10'),('WSS121','p10'),('WSS134','p10'),('WSS142','p10'),('WSS144','p10'),('WSS149','p10'),('WSS161','p10'),('WSS175','p10'),('WSS183','p10'),('WSS196','p10'),('WSS201','p10'),('WSS206','p10'),('WSS207','p10'),('WSS21','p10'),('WSS224','p10'),('WSS23','p10'),('WSS235','p10'),('WSS239','p10'),('WSS258','p10'),('WSS261','p10'),('WSS268','p10'),('WSS270','p10'),('WSS274','p10'),('WSS28','p10'),('WSS289','p10'),('WSS308','p10'),('WSS339','p10'),('WSS350','p10'),('WSS355','p10'),('WSS373','p10'),('WSS378','p10'),('WSS392','p10'),('WSS4','p10'),('WSS44','p10'),('WSS6','p10'),('WSS93','p10'),('WSS98','p10'),('WSS122','p11'),('WSS133','p11'),('WSS135','p11'),('WSS138','p11'),('WSS154','p11'),('WSS159','p11'),('WSS164','p11'),('WSS179','p11'),('WSS195','p11'),('WSS197','p11'),('WSS199','p11'),('WSS200','p11'),('WSS209','p11'),('WSS223','p11'),('WSS227','p11'),('WSS246','p11'),('WSS248','p11'),('WSS252','p11'),('WSS268','p11'),('WSS278','p11'),('WSS29','p11'),('WSS292','p11'),('WSS307','p11'),('WSS318','p11'),('WSS330','p11'),('WSS35','p11'),('WSS36','p11'),('WSS369','p11'),('WSS380','p11'),('WSS385','p11'),('WSS387','p11'),('WSS400','p11'),('WSS42','p11'),('WSS46','p11'),('WSS50','p11'),('WSS58','p11'),('WSS7','p11'),('WSS85','p11'),('WSS108','p12'),('WSS118','p12'),('WSS147','p12'),('WSS151','p12'),('WSS16','p12'),('WSS17','p12'),('WSS178','p12'),('WSS242','p12'),('WSS252','p12'),('WSS259','p12'),('WSS28','p12'),('WSS295','p12'),('WSS298','p12'),('WSS3','p12'),('WSS30','p12'),('WSS304','p12'),('WSS314','p12'),('WSS322','p12'),('WSS330','p12'),('WSS333','p12'),('WSS336','p12'),('WSS342','p12'),('WSS346','p12'),('WSS367','p12'),('WSS390','p12'),('WSS43','p12'),('WSS46','p12'),('WSS5','p12'),('WSS55','p12'),('WSS63','p12'),('WSS76','p12'),('WSS79','p12'),('WSS84','p12'),('WSS86','p12'),('WSS88','p12'),('WSS94','p12'),('WSS98','p12'),('WSS101','p13'),('WSS103','p13'),('WSS106','p13'),('WSS116','p13'),('WSS121','p13'),('WSS127','p13'),('WSS130','p13'),('WSS132','p13'),('WSS138','p13'),('WSS140','p13'),('WSS144','p13'),('WSS167','p13'),('WSS175','p13'),('WSS181','p13'),('WSS205','p13'),('WSS212','p13'),('WSS222','p13'),('WSS229','p13'),('WSS236','p13'),('WSS237','p13'),('WSS241','p13'),('WSS253','p13'),('WSS283','p13'),('WSS29','p13'),('WSS291','p13'),('WSS312','p13'),('WSS313','p13'),('WSS315','p13'),('WSS331','p13'),('WSS334','p13'),('WSS344','p13'),('WSS349','p13'),('WSS352','p13'),('WSS357','p13'),('WSS361','p13'),('WSS376','p13'),('WSS390','p13'),('WSS400','p13'),('WSS52','p13'),('WSS64','p13'),('WSS67','p13'),('WSS74','p13'),('WSS111','p14'),('WSS114','p14'),('WSS117','p14'),('WSS124','p14'),('WSS14','p14'),('WSS150','p14'),('WSS155','p14'),('WSS163','p14'),('WSS185','p14'),('WSS208','p14'),('WSS210','p14'),('WSS220','p14'),('WSS228','p14'),('WSS233','p14'),('WSS235','p14'),('WSS238','p14'),('WSS280','p14'),('WSS294','p14'),('WSS299','p14'),('WSS302','p14'),('WSS323','p14'),('WSS328','p14'),('WSS347','p14'),('WSS367','p14'),('WSS373','p14'),('WSS393','p14'),('WSS48','p14'),('WSS59','p14'),('WSS70','p14'),('WSS91','p14'),('WSS1','p15'),('WSS120','p15'),('WSS139','p15'),('WSS148','p15'),('WSS158','p15'),('WSS168','p15'),('WSS171','p15'),('WSS174','p15'),('WSS182','p15'),('WSS19','p15'),('WSS207','p15'),('WSS230','p15'),('WSS232','p15'),('WSS233','p15'),('WSS254','p15'),('WSS259','p15'),('WSS281','p15'),('WSS287','p15'),('WSS301','p15'),('WSS321','p15'),('WSS323','p15'),('WSS341','p15'),('WSS346','p15'),('WSS365','p15'),('WSS366','p15'),('WSS379','p15'),('WSS48','p15'),('WSS55','p15'),('WSS84','p15'),('WSS107','p16'),('WSS11','p16'),('WSS126','p16'),('WSS131','p16'),('WSS139','p16'),('WSS140','p16'),('WSS143','p16'),('WSS15','p16'),('WSS163','p16'),('WSS173','p16'),('WSS181','p16'),('WSS19','p16'),('WSS193','p16'),('WSS208','p16'),('WSS210','p16'),('WSS218','p16'),('WSS220','p16'),('WSS225','p16'),('WSS227','p16'),('WSS247','p16'),('WSS253','p16'),('WSS260','p16'),('WSS262','p16'),('WSS264','p16'),('WSS27','p16'),('WSS279','p16'),('WSS288','p16'),('WSS314','p16'),('WSS326','p16'),('WSS337','p16'),('WSS34','p16'),('WSS340','p16'),('WSS354','p16'),('WSS355','p16'),('WSS365','p16'),('WSS391','p16'),('WSS397','p16'),('WSS45','p16'),('WSS53','p16'),('WSS54','p16'),('WSS58','p16'),('WSS62','p16'),('WSS66','p16'),('WSS68','p16'),('WSS77','p16'),('WSS81','p16'),('WSS86','p16'),('WSS9','p16'),('WSS10','p17'),('WSS101','p17'),('WSS104','p17'),('WSS12','p17'),('WSS120','p17'),('WSS128','p17'),('WSS136','p17'),('WSS152','p17'),('WSS154','p17'),('WSS160','p17'),('WSS161','p17'),('WSS165','p17'),('WSS169','p17'),('WSS176','p17'),('WSS189','p17'),('WSS214','p17'),('WSS22','p17'),('WSS231','p17'),('WSS244','p17'),('WSS245','p17'),('WSS27','p17'),('WSS280','p17'),('WSS284','p17'),('WSS3','p17'),('WSS311','p17'),('WSS324','p17'),('WSS325','p17'),('WSS327','p17'),('WSS347','p17'),('WSS358','p17'),('WSS368','p17'),('WSS37','p17'),('WSS371','p17'),('WSS386','p17'),('WSS398','p17'),('WSS399','p17'),('WSS49','p17'),('WSS52','p17'),('WSS7','p17'),('WSS81','p17'),('WSS89','p17'),('WSS90','p17'),('WSS111','p18'),('WSS115','p18'),('WSS123','p18'),('WSS124','p18'),('WSS137','p18'),('WSS155','p18'),('WSS187','p18'),('WSS190','p18'),('WSS197','p18'),('WSS209','p18'),('WSS223','p18'),('WSS229','p18'),('WSS256','p18'),('WSS273','p18'),('WSS282','p18'),('WSS286','p18'),('WSS288','p18'),('WSS304','p18'),('WSS309','p18'),('WSS31','p18'),('WSS337','p18'),('WSS349','p18'),('WSS357','p18'),('WSS370','p18'),('WSS372','p18'),('WSS375','p18'),('WSS376','p18'),('WSS377','p18'),('WSS387','p18'),('WSS39','p18'),('WSS391','p18'),('WSS393','p18'),('WSS395','p18'),('WSS49','p18'),('WSS61','p18'),('WSS70','p18'),('WSS80','p18'),('WSS82','p18'),('WSS85','p18'),('WSS97','p18'),('WSS103','p19'),('WSS104','p19'),('WSS118','p19'),('WSS12','p19'),('WSS146','p19'),('WSS159','p19'),('WSS164','p19'),('WSS17','p19'),('WSS171','p19'),('WSS184','p19'),('WSS192','p19'),('WSS194','p19'),('WSS2','p19'),('WSS216','p19'),('WSS221','p19'),('WSS242','p19'),('WSS243','p19'),('WSS260','p19'),('WSS263','p19'),('WSS267','p19'),('WSS277','p19'),('WSS300','p19'),('WSS301','p19'),('WSS318','p19'),('WSS33','p19'),('WSS333','p19'),('WSS351','p19'),('WSS361','p19'),('WSS381','p19'),('WSS396','p19'),('WSS4','p19'),('WSS41','p19'),('WSS45','p19'),('WSS50','p19'),('WSS61','p19'),('WSS66','p19'),('WSS73','p19'),('WSS77','p19'),('WSS83','p19'),('WSS9','p19'),('WSS92','p19'),('WSS100','p2'),('WSS106','p2'),('WSS109','p2'),('WSS126','p2'),('WSS127','p2'),('WSS134','p2'),('WSS148','p2'),('WSS157','p2'),('WSS162','p2'),('WSS172','p2'),('WSS193','p2'),('WSS198','p2'),('WSS2','p2'),('WSS22','p2'),('WSS221','p2'),('WSS238','p2'),('WSS25','p2'),('WSS265','p2'),('WSS271','p2'),('WSS272','p2'),('WSS276','p2'),('WSS290','p2'),('WSS310','p2'),('WSS313','p2'),('WSS37','p2'),('WSS378','p2'),('WSS384','p2'),('WSS389','p2'),('WSS397','p2'),('WSS40','p2'),('WSS64','p2'),('WSS65','p2'),('WSS69','p2'),('WSS71','p2'),('WSS78','p2'),('WSS83','p2'),('WSS89','p2'),('WSS92','p2'),('WSS94','p2'),('WSS95','p2'),('WSS112','p20'),('WSS114','p20'),('WSS119','p20'),('WSS145','p20'),('WSS165','p20'),('WSS166','p20'),('WSS177','p20'),('WSS191','p20'),('WSS202','p20'),('WSS204','p20'),('WSS212','p20'),('WSS230','p20'),('WSS250','p20'),('WSS255','p20'),('WSS256','p20'),('WSS257','p20'),('WSS267','p20'),('WSS271','p20'),('WSS277','p20'),('WSS283','p20'),('WSS285','p20'),('WSS319','p20'),('WSS32','p20'),('WSS324','p20'),('WSS332','p20'),('WSS359','p20'),('WSS360','p20'),('WSS363','p20'),('WSS395','p20'),('WSS396','p20'),('WSS51','p20'),('WSS56','p20'),('WSS57','p20'),('WSS60','p20'),('WSS10','p3'),('WSS110','p3'),('WSS132','p3'),('WSS135','p3'),('WSS141','p3'),('WSS162','p3'),('WSS168','p3'),('WSS170','p3'),('WSS195','p3'),('WSS201','p3'),('WSS211','p3'),('WSS215','p3'),('WSS217','p3'),('WSS224','p3'),('WSS236','p3'),('WSS240','p3'),('WSS263','p3'),('WSS270','p3'),('WSS272','p3'),('WSS286','p3'),('WSS295','p3'),('WSS303','p3'),('WSS327','p3'),('WSS341','p3'),('WSS344','p3'),('WSS348','p3'),('WSS362','p3'),('WSS375','p3'),('WSS383','p3'),('WSS399','p3'),('WSS53','p3'),('WSS59','p3'),('WSS63','p3'),('WSS65','p3'),('WSS75','p3'),('WSS8','p3'),('WSS80','p3'),('WSS107','p4'),('WSS146','p4'),('WSS18','p4'),('WSS183','p4'),('WSS20','p4'),('WSS204','p4'),('WSS21','p4'),('WSS228','p4'),('WSS231','p4'),('WSS274','p4'),('WSS276','p4'),('WSS305','p4'),('WSS306','p4'),('WSS322','p4'),('WSS335','p4'),('WSS338','p4'),('WSS342','p4'),('WSS343','p4'),('WSS345','p4'),('WSS351','p4'),('WSS353','p4'),('WSS370','p4'),('WSS374','p4'),('WSS383','p4'),('WSS394','p4'),('WSS72','p4'),('WSS73','p4'),('WSS74','p4'),('WSS78','p4'),('WSS8','p4'),('WSS95','p4'),('WSS105','p5'),('WSS113','p5'),('WSS115','p5'),('WSS125','p5'),('WSS129','p5'),('WSS136','p5'),('WSS137','p5'),('WSS142','p5'),('WSS147','p5'),('WSS186','p5'),('WSS20','p5'),('WSS203','p5'),('WSS213','p5'),('WSS232','p5'),('WSS237','p5'),('WSS240','p5'),('WSS246','p5'),('WSS249','p5'),('WSS26','p5'),('WSS275','p5'),('WSS30','p5'),('WSS307','p5'),('WSS309','p5'),('WSS315','p5'),('WSS316','p5'),('WSS317','p5'),('WSS32','p5'),('WSS320','p5'),('WSS326','p5'),('WSS329','p5'),('WSS331','p5'),('WSS356','p5'),('WSS364','p5'),('WSS386','p5'),('WSS47','p5'),('WSS51','p5'),('WSS6','p5'),('WSS60','p5'),('WSS72','p5'),('WSS79','p5'),('WSS93','p5'),('WSS110','p6'),('WSS13','p6'),('WSS145','p6'),('WSS149','p6'),('WSS153','p6'),('WSS156','p6'),('WSS172','p6'),('WSS180','p6'),('WSS194','p6'),('WSS199','p6'),('WSS217','p6'),('WSS222','p6'),('WSS226','p6'),('WSS241','p6'),('WSS243','p6'),('WSS254','p6'),('WSS282','p6'),('WSS289','p6'),('WSS292','p6'),('WSS293','p6'),('WSS310','p6'),('WSS335','p6'),('WSS338','p6'),('WSS340','p6'),('WSS353','p6'),('WSS366','p6'),('WSS368','p6'),('WSS380','p6'),('WSS385','p6'),('WSS388','p6'),('WSS389','p6'),('WSS42','p6'),('WSS5','p6'),('WSS54','p6'),('WSS97','p6'),('WSS102','p7'),('WSS113','p7'),('WSS129','p7'),('WSS141','p7'),('WSS143','p7'),('WSS190','p7'),('WSS216','p7'),('WSS218','p7'),('WSS219','p7'),('WSS225','p7'),('WSS24','p7'),('WSS245','p7'),('WSS257','p7'),('WSS264','p7'),('WSS266','p7'),('WSS273','p7'),('WSS284','p7'),('WSS287','p7'),('WSS290','p7'),('WSS294','p7'),('WSS296','p7'),('WSS297','p7'),('WSS299','p7'),('WSS300','p7'),('WSS303','p7'),('WSS31','p7'),('WSS312','p7'),('WSS339','p7'),('WSS352','p7'),('WSS36','p7'),('WSS362','p7'),('WSS363','p7'),('WSS371','p7'),('WSS374','p7'),('WSS379','p7'),('WSS38','p7'),('WSS382','p7'),('WSS392','p7'),('WSS40','p7'),('WSS43','p7'),('WSS68','p7'),('WSS91','p7'),('WSS100','p8'),('WSS105','p8'),('WSS125','p8'),('WSS151','p8'),('WSS157','p8'),('WSS167','p8'),('WSS173','p8'),('WSS176','p8'),('WSS182','p8'),('WSS196','p8'),('WSS211','p8'),('WSS214','p8'),('WSS23','p8'),('WSS24','p8'),('WSS244','p8'),('WSS251','p8'),('WSS255','p8'),('WSS261','p8'),('WSS262','p8'),('WSS269','p8'),('WSS279','p8'),('WSS293','p8'),('WSS298','p8'),('WSS302','p8'),('WSS306','p8'),('WSS308','p8'),('WSS311','p8'),('WSS33','p8'),('WSS34','p8'),('WSS348','p8'),('WSS354','p8'),('WSS360','p8'),('WSS372','p8'),('WSS377','p8'),('WSS82','p8'),('WSS90','p8'),('WSS96','p8'),('WSS99','p8'),('WSS1','p9'),('WSS119','p9'),('WSS128','p9'),('WSS130','p9'),('WSS131','p9'),('WSS150','p9'),('WSS152','p9'),('WSS169','p9'),('WSS170','p9'),('WSS186','p9'),('WSS188','p9'),('WSS198','p9'),('WSS200','p9'),('WSS202','p9'),('WSS206','p9'),('WSS213','p9'),('WSS219','p9'),('WSS248','p9'),('WSS249','p9'),('WSS25','p9'),('WSS26','p9'),('WSS266','p9'),('WSS269','p9'),('WSS275','p9'),('WSS281','p9'),('WSS285','p9'),('WSS291','p9'),('WSS296','p9'),('WSS320','p9'),('WSS336','p9'),('WSS350','p9'),('WSS358','p9'),('WSS359','p9'),('WSS369','p9'),('WSS38','p9'),('WSS382','p9'),('WSS39','p9'),('WSS56','p9'),('WSS57','p9'),('WSS76','p9'),('WSS99','p9');
/*!40000 ALTER TABLE `inputparameter` ENABLE KEYS */;
UNLOCK TABLES;

--
-- Table structure for table `knowledgeforcareerpath`
--

DROP TABLE IF EXISTS `knowledgeforcareerpath`;
/*!40101 SET @saved_cs_client     = @@character_set_client */;
/*!50503 SET character_set_client = utf8mb4 */;
CREATE TABLE `knowledgeforcareerpath` (
  `careerPathID` char(4) NOT NULL,
  `knowledgeID` char(6) NOT NULL,
  PRIMARY KEY (`careerPathID`,`knowledgeID`)
) ENGINE=InnoDB DEFAULT CHARSET=latin1;
/*!40101 SET character_set_client = @saved_cs_client */;

--
-- Dumping data for table `knowledgeforcareerpath`
--

LOCK TABLES `knowledgeforcareerpath` WRITE;
/*!40000 ALTER TABLE `knowledgeforcareerpath` DISABLE KEYS */;
INSERT INTO `knowledgeforcareerpath` VALUES ('C100','k1C311'),('C100','k1C412'),('C100','k1C469'),('C100','k1C500');
/*!40000 ALTER TABLE `knowledgeforcareerpath` ENABLE KEYS */;
UNLOCK TABLES;

--
-- Table structure for table `lhs`
--

DROP TABLE IF EXISTS `lhs`;
/*!40101 SET @saved_cs_client     = @@character_set_client */;
/*!50503 SET character_set_client = utf8mb4 */;
CREATE TABLE `lhs` (
  `ruleid` int NOT NULL,
  `courseid` varchar(10) NOT NULL,
  PRIMARY KEY (`ruleid`,`courseid`)
) ENGINE=InnoDB DEFAULT CHARSET=latin1;
/*!40101 SET character_set_client = @saved_cs_client */;

--
-- Dumping data for table `lhs`
--

LOCK TABLES `lhs` WRITE;
/*!40000 ALTER TABLE `lhs` DISABLE KEYS */;
INSERT INTO `lhs` VALUES (1,'ICP006'),(2,'ICP006'),(3,'ICP006'),(4,'ICP110'),(5,'ICP110'),(6,'ICP311'),(7,'ICP006'),(7,'ICP110'),(8,'ICP006'),(8,'ICP110'),(9,'ICP006'),(9,'ICP311'),(10,'ICP110'),(10,'ICP311'),(11,'ICP006'),(11,'ICP110'),(11,'ICP311');
/*!40000 ALTER TABLE `lhs` ENABLE KEYS */;
UNLOCK TABLES;

--
-- Table structure for table `outputparameter`
--

DROP TABLE IF EXISTS `outputparameter`;
/*!40101 SET @saved_cs_client     = @@character_set_client */;
/*!50503 SET character_set_client = utf8mb4 */;
CREATE TABLE `outputparameter` (
  `webServiceID` varchar(10) NOT NULL,
  `parameterID` varchar(10) NOT NULL,
  PRIMARY KEY (`webServiceID`,`parameterID`),
  KEY `knowledgeID` (`parameterID`)
) ENGINE=InnoDB DEFAULT CHARSET=latin1;
/*!40101 SET character_set_client = @saved_cs_client */;

--
-- Dumping data for table `outputparameter`
--

LOCK TABLES `outputparameter` WRITE;
/*!40000 ALTER TABLE `outputparameter` DISABLE KEYS */;
INSERT INTO `outputparameter` VALUES ('WSS10','p1'),('WSS107','p1'),('WSS108','p1'),('WSS109','p1'),('WSS110','p1'),('WSS113','p1'),('WSS114','p1'),('WSS120','p1'),('WSS122','p1'),('WSS125','p1'),('WSS134','p1'),('WSS137','p1'),('WSS145','p1'),('WSS146','p1'),('WSS15','p1'),('WSS150','p1'),('WSS153','p1'),('WSS156','p1'),('WSS160','p1'),('WSS167','p1'),('WSS168','p1'),('WSS172','p1'),('WSS173','p1'),('WSS176','p1'),('WSS181','p1'),('WSS182','p1'),('WSS188','p1'),('WSS191','p1'),('WSS196','p1'),('WSS2','p1'),('WSS200','p1'),('WSS203','p1'),('WSS206','p1'),('WSS207','p1'),('WSS209','p1'),('WSS213','p1'),('WSS214','p1'),('WSS22','p1'),('WSS228','p1'),('WSS229','p1'),('WSS230','p1'),('WSS243','p1'),('WSS246','p1'),('WSS247','p1'),('WSS25','p1'),('WSS250','p1'),('WSS251','p1'),('WSS252','p1'),('WSS253','p1'),('WSS254','p1'),('WSS261','p1'),('WSS27','p1'),('WSS271','p1'),('WSS272','p1'),('WSS276','p1'),('WSS278','p1'),('WSS279','p1'),('WSS281','p1'),('WSS283','p1'),('WSS286','p1'),('WSS287','p1'),('WSS288','p1'),('WSS289','p1'),('WSS296','p1'),('WSS3','p1'),('WSS30','p1'),('WSS301','p1'),('WSS302','p1'),('WSS304','p1'),('WSS307','p1'),('WSS309','p1'),('WSS31','p1'),('WSS313','p1'),('WSS314','p1'),('WSS316','p1'),('WSS317','p1'),('WSS323','p1'),('WSS325','p1'),('WSS327','p1'),('WSS33','p1'),('WSS334','p1'),('WSS335','p1'),('WSS336','p1'),('WSS34','p1'),('WSS340','p1'),('WSS342','p1'),('WSS346','p1'),('WSS352','p1'),('WSS353','p1'),('WSS356','p1'),('WSS358','p1'),('WSS360','p1'),('WSS362','p1'),('WSS363','p1'),('WSS367','p1'),('WSS372','p1'),('WSS374','p1'),('WSS38','p1'),('WSS380','p1'),('WSS382','p1'),('WSS383','p1'),('WSS384','p1'),('WSS389','p1'),('WSS39','p1'),('WSS393','p1'),('WSS394','p1'),('WSS395','p1'),('WSS396','p1'),('WSS397','p1'),('WSS399','p1'),('WSS43','p1'),('WSS46','p1'),('WSS52','p1'),('WSS53','p1'),('WSS54','p1'),('WSS58','p1'),('WSS59','p1'),('WSS66','p1'),('WSS69','p1'),('WSS71','p1'),('WSS75','p1'),('WSS79','p1'),('WSS8','p1'),('WSS80','p1'),('WSS81','p1'),('WSS85','p1'),('WSS87','p1'),('WSS89','p1'),('WSS90','p1'),('WSS91','p1'),('WSS94','p1'),('WSS96','p1'),('WSS99','p1'),('WSS101','p10'),('WSS104','p10'),('WSS105','p10'),('WSS109','p10'),('WSS11','p10'),('WSS111','p10'),('WSS112','p10'),('WSS115','p10'),('WSS116','p10'),('WSS118','p10'),('WSS12','p10'),('WSS120','p10'),('WSS122','p10'),('WSS123','p10'),('WSS124','p10'),('WSS125','p10'),('WSS126','p10'),('WSS127','p10'),('WSS129','p10'),('WSS13','p10'),('WSS132','p10'),('WSS135','p10'),('WSS137','p10'),('WSS139','p10'),('WSS143','p10'),('WSS145','p10'),('WSS149','p10'),('WSS150','p10'),('WSS154','p10'),('WSS155','p10'),('WSS156','p10'),('WSS158','p10'),('WSS16','p10'),('WSS162','p10'),('WSS164','p10'),('WSS168','p10'),('WSS169','p10'),('WSS17','p10'),('WSS173','p10'),('WSS176','p10'),('WSS178','p10'),('WSS18','p10'),('WSS182','p10'),('WSS183','p10'),('WSS184','p10'),('WSS196','p10'),('WSS197','p10'),('WSS198','p10'),('WSS20','p10'),('WSS200','p10'),('WSS201','p10'),('WSS202','p10'),('WSS205','p10'),('WSS207','p10'),('WSS21','p10'),('WSS211','p10'),('WSS215','p10'),('WSS217','p10'),('WSS218','p10'),('WSS226','p10'),('WSS228','p10'),('WSS230','p10'),('WSS231','p10'),('WSS233','p10'),('WSS234','p10'),('WSS235','p10'),('WSS245','p10'),('WSS246','p10'),('WSS248','p10'),('WSS251','p10'),('WSS256','p10'),('WSS260','p10'),('WSS262','p10'),('WSS263','p10'),('WSS264','p10'),('WSS265','p10'),('WSS269','p10'),('WSS27','p10'),('WSS270','p10'),('WSS277','p10'),('WSS283','p10'),('WSS284','p10'),('WSS288','p10'),('WSS290','p10'),('WSS292','p10'),('WSS294','p10'),('WSS295','p10'),('WSS297','p10'),('WSS298','p10'),('WSS299','p10'),('WSS3','p10'),('WSS300','p10'),('WSS303','p10'),('WSS305','p10'),('WSS306','p10'),('WSS307','p10'),('WSS312','p10'),('WSS317','p10'),('WSS319','p10'),('WSS325','p10'),('WSS327','p10'),('WSS33','p10'),('WSS333','p10'),('WSS337','p10'),('WSS341','p10'),('WSS347','p10'),('WSS348','p10'),('WSS349','p10'),('WSS353','p10'),('WSS354','p10'),('WSS357','p10'),('WSS359','p10'),('WSS361','p10'),('WSS362','p10'),('WSS364','p10'),('WSS37','p10'),('WSS376','p10'),('WSS377','p10'),('WSS38','p10'),('WSS380','p10'),('WSS383','p10'),('WSS384','p10'),('WSS388','p10'),('WSS389','p10'),('WSS390','p10'),('WSS391','p10'),('WSS393','p10'),('WSS394','p10'),('WSS395','p10'),('WSS397','p10'),('WSS45','p10'),('WSS47','p10'),('WSS51','p10'),('WSS54','p10'),('WSS55','p10'),('WSS57','p10'),('WSS61','p10'),('WSS68','p10'),('WSS69','p10'),('WSS7','p10'),('WSS71','p10'),('WSS73','p10'),('WSS74','p10'),('WSS76','p10'),('WSS81','p10'),('WSS82','p10'),('WSS83','p10'),('WSS87','p10'),('WSS88','p10'),('WSS90','p10'),('WSS91','p10'),('WSS93','p10'),('WSS97','p10'),('WSS99','p10'),('WSS1','p11'),('WSS100','p11'),('WSS101','p11'),('WSS103','p11'),('WSS104','p11'),('WSS106','p11'),('WSS109','p11'),('WSS11','p11'),('WSS110','p11'),('WSS114','p11'),('WSS117','p11'),('WSS119','p11'),('WSS12','p11'),('WSS124','p11'),('WSS127','p11'),('WSS129','p11'),('WSS130','p11'),('WSS132','p11'),('WSS133','p11'),('WSS135','p11'),('WSS137','p11'),('WSS138','p11'),('WSS140','p11'),('WSS142','p11'),('WSS147','p11'),('WSS150','p11'),('WSS151','p11'),('WSS155','p11'),('WSS159','p11'),('WSS161','p11'),('WSS162','p11'),('WSS165','p11'),('WSS166','p11'),('WSS172','p11'),('WSS175','p11'),('WSS176','p11'),('WSS177','p11'),('WSS180','p11'),('WSS182','p11'),('WSS186','p11'),('WSS188','p11'),('WSS189','p11'),('WSS190','p11'),('WSS191','p11'),('WSS193','p11'),('WSS2','p11'),('WSS202','p11'),('WSS203','p11'),('WSS208','p11'),('WSS209','p11'),('WSS211','p11'),('WSS222','p11'),('WSS223','p11'),('WSS225','p11'),('WSS230','p11'),('WSS232','p11'),('WSS240','p11'),('WSS241','p11'),('WSS242','p11'),('WSS244','p11'),('WSS245','p11'),('WSS246','p11'),('WSS249','p11'),('WSS25','p11'),('WSS255','p11'),('WSS259','p11'),('WSS266','p11'),('WSS268','p11'),('WSS273','p11'),('WSS288','p11'),('WSS29','p11'),('WSS290','p11'),('WSS291','p11'),('WSS294','p11'),('WSS301','p11'),('WSS303','p11'),('WSS313','p11'),('WSS322','p11'),('WSS323','p11'),('WSS328','p11'),('WSS329','p11'),('WSS330','p11'),('WSS332','p11'),('WSS337','p11'),('WSS341','p11'),('WSS342','p11'),('WSS346','p11'),('WSS351','p11'),('WSS354','p11'),('WSS355','p11'),('WSS357','p11'),('WSS358','p11'),('WSS36','p11'),('WSS364','p11'),('WSS365','p11'),('WSS37','p11'),('WSS370','p11'),('WSS371','p11'),('WSS373','p11'),('WSS377','p11'),('WSS385','p11'),('WSS386','p11'),('WSS391','p11'),('WSS392','p11'),('WSS393','p11'),('WSS397','p11'),('WSS398','p11'),('WSS399','p11'),('WSS4','p11'),('WSS41','p11'),('WSS42','p11'),('WSS43','p11'),('WSS44','p11'),('WSS49','p11'),('WSS5','p11'),('WSS50','p11'),('WSS51','p11'),('WSS53','p11'),('WSS55','p11'),('WSS56','p11'),('WSS57','p11'),('WSS58','p11'),('WSS6','p11'),('WSS63','p11'),('WSS66','p11'),('WSS69','p11'),('WSS72','p11'),('WSS73','p11'),('WSS78','p11'),('WSS80','p11'),('WSS81','p11'),('WSS86','p11'),('WSS88','p11'),('WSS9','p11'),('WSS92','p11'),('WSS95','p11'),('WSS105','p12'),('WSS107','p12'),('WSS109','p12'),('WSS110','p12'),('WSS114','p12'),('WSS115','p12'),('WSS117','p12'),('WSS118','p12'),('WSS122','p12'),('WSS124','p12'),('WSS14','p12'),('WSS140','p12'),('WSS141','p12'),('WSS143','p12'),('WSS144','p12'),('WSS152','p12'),('WSS154','p12'),('WSS159','p12'),('WSS160','p12'),('WSS161','p12'),('WSS162','p12'),('WSS165','p12'),('WSS166','p12'),('WSS169','p12'),('WSS17','p12'),('WSS170','p12'),('WSS175','p12'),('WSS177','p12'),('WSS18','p12'),('WSS180','p12'),('WSS183','p12'),('WSS185','p12'),('WSS187','p12'),('WSS190','p12'),('WSS193','p12'),('WSS196','p12'),('WSS198','p12'),('WSS20','p12'),('WSS201','p12'),('WSS205','p12'),('WSS206','p12'),('WSS216','p12'),('WSS219','p12'),('WSS221','p12'),('WSS222','p12'),('WSS223','p12'),('WSS226','p12'),('WSS23','p12'),('WSS231','p12'),('WSS232','p12'),('WSS236','p12'),('WSS238','p12'),('WSS239','p12'),('WSS24','p12'),('WSS242','p12'),('WSS243','p12'),('WSS246','p12'),('WSS251','p12'),('WSS253','p12'),('WSS254','p12'),('WSS255','p12'),('WSS258','p12'),('WSS259','p12'),('WSS26','p12'),('WSS260','p12'),('WSS261','p12'),('WSS262','p12'),('WSS264','p12'),('WSS266','p12'),('WSS267','p12'),('WSS269','p12'),('WSS271','p12'),('WSS274','p12'),('WSS277','p12'),('WSS280','p12'),('WSS285','p12'),('WSS289','p12'),('WSS292','p12'),('WSS296','p12'),('WSS298','p12'),('WSS302','p12'),('WSS303','p12'),('WSS304','p12'),('WSS305','p12'),('WSS307','p12'),('WSS31','p12'),('WSS32','p12'),('WSS320','p12'),('WSS326','p12'),('WSS332','p12'),('WSS333','p12'),('WSS334','p12'),('WSS340','p12'),('WSS341','p12'),('WSS344','p12'),('WSS347','p12'),('WSS349','p12'),('WSS350','p12'),('WSS351','p12'),('WSS358','p12'),('WSS365','p12'),('WSS366','p12'),('WSS367','p12'),('WSS373','p12'),('WSS374','p12'),('WSS382','p12'),('WSS385','p12'),('WSS390','p12'),('WSS392','p12'),('WSS394','p12'),('WSS399','p12'),('WSS45','p12'),('WSS46','p12'),('WSS47','p12'),('WSS52','p12'),('WSS56','p12'),('WSS6','p12'),('WSS60','p12'),('WSS61','p12'),('WSS62','p12'),('WSS64','p12'),('WSS66','p12'),('WSS67','p12'),('WSS69','p12'),('WSS72','p12'),('WSS74','p12'),('WSS8','p12'),('WSS80','p12'),('WSS81','p12'),('WSS82','p12'),('WSS86','p12'),('WSS96','p12'),('WSS98','p12'),('WSS101','p13'),('WSS107','p13'),('WSS108','p13'),('WSS11','p13'),('WSS113','p13'),('WSS115','p13'),('WSS119','p13'),('WSS120','p13'),('WSS121','p13'),('WSS123','p13'),('WSS124','p13'),('WSS128','p13'),('WSS130','p13'),('WSS131','p13'),('WSS134','p13'),('WSS135','p13'),('WSS136','p13'),('WSS138','p13'),('WSS139','p13'),('WSS140','p13'),('WSS143','p13'),('WSS144','p13'),('WSS150','p13'),('WSS152','p13'),('WSS156','p13'),('WSS158','p13'),('WSS164','p13'),('WSS165','p13'),('WSS168','p13'),('WSS170','p13'),('WSS171','p13'),('WSS174','p13'),('WSS175','p13'),('WSS178','p13'),('WSS181','p13'),('WSS182','p13'),('WSS185','p13'),('WSS189','p13'),('WSS193','p13'),('WSS194','p13'),('WSS195','p13'),('WSS197','p13'),('WSS199','p13'),('WSS205','p13'),('WSS206','p13'),('WSS207','p13'),('WSS209','p13'),('WSS210','p13'),('WSS211','p13'),('WSS212','p13'),('WSS214','p13'),('WSS219','p13'),('WSS220','p13'),('WSS223','p13'),('WSS226','p13'),('WSS228','p13'),('WSS229','p13'),('WSS235','p13'),('WSS236','p13'),('WSS239','p13'),('WSS241','p13'),('WSS249','p13'),('WSS25','p13'),('WSS250','p13'),('WSS253','p13'),('WSS258','p13'),('WSS260','p13'),('WSS261','p13'),('WSS266','p13'),('WSS27','p13'),('WSS271','p13'),('WSS272','p13'),('WSS273','p13'),('WSS279','p13'),('WSS28','p13'),('WSS281','p13'),('WSS284','p13'),('WSS285','p13'),('WSS286','p13'),('WSS287','p13'),('WSS288','p13'),('WSS291','p13'),('WSS302','p13'),('WSS305','p13'),('WSS308','p13'),('WSS309','p13'),('WSS310','p13'),('WSS312','p13'),('WSS313','p13'),('WSS317','p13'),('WSS318','p13'),('WSS319','p13'),('WSS320','p13'),('WSS327','p13'),('WSS332','p13'),('WSS333','p13'),('WSS336','p13'),('WSS343','p13'),('WSS346','p13'),('WSS356','p13'),('WSS360','p13'),('WSS367','p13'),('WSS369','p13'),('WSS372','p13'),('WSS379','p13'),('WSS38','p13'),('WSS380','p13'),('WSS385','p13'),('WSS386','p13'),('WSS387','p13'),('WSS388','p13'),('WSS39','p13'),('WSS394','p13'),('WSS395','p13'),('WSS397','p13'),('WSS42','p13'),('WSS43','p13'),('WSS46','p13'),('WSS5','p13'),('WSS50','p13'),('WSS53','p13'),('WSS54','p13'),('WSS58','p13'),('WSS60','p13'),('WSS65','p13'),('WSS66','p13'),('WSS67','p13'),('WSS7','p13'),('WSS70','p13'),('WSS76','p13'),('WSS77','p13'),('WSS80','p13'),('WSS82','p13'),('WSS83','p13'),('WSS9','p13'),('WSS90','p13'),('WSS91','p13'),('WSS94','p13'),('WSS98','p13'),('WSS1','p14'),('WSS103','p14'),('WSS105','p14'),('WSS110','p14'),('WSS111','p14'),('WSS114','p14'),('WSS115','p14'),('WSS116','p14'),('WSS129','p14'),('WSS13','p14'),('WSS130','p14'),('WSS133','p14'),('WSS136','p14'),('WSS137','p14'),('WSS143','p14'),('WSS147','p14'),('WSS148','p14'),('WSS150','p14'),('WSS152','p14'),('WSS153','p14'),('WSS157','p14'),('WSS159','p14'),('WSS16','p14'),('WSS163','p14'),('WSS173','p14'),('WSS174','p14'),('WSS175','p14'),('WSS178','p14'),('WSS179','p14'),('WSS18','p14'),('WSS180','p14'),('WSS183','p14'),('WSS184','p14'),('WSS190','p14'),('WSS191','p14'),('WSS193','p14'),('WSS197','p14'),('WSS198','p14'),('WSS199','p14'),('WSS200','p14'),('WSS209','p14'),('WSS210','p14'),('WSS213','p14'),('WSS217','p14'),('WSS218','p14'),('WSS223','p14'),('WSS224','p14'),('WSS226','p14'),('WSS236','p14'),('WSS240','p14'),('WSS241','p14'),('WSS243','p14'),('WSS245','p14'),('WSS247','p14'),('WSS248','p14'),('WSS249','p14'),('WSS254','p14'),('WSS255','p14'),('WSS257','p14'),('WSS260','p14'),('WSS263','p14'),('WSS268','p14'),('WSS27','p14'),('WSS271','p14'),('WSS274','p14'),('WSS278','p14'),('WSS279','p14'),('WSS280','p14'),('WSS283','p14'),('WSS289','p14'),('WSS290','p14'),('WSS291','p14'),('WSS293','p14'),('WSS295','p14'),('WSS304','p14'),('WSS309','p14'),('WSS314','p14'),('WSS316','p14'),('WSS324','p14'),('WSS328','p14'),('WSS33','p14'),('WSS330','p14'),('WSS331','p14'),('WSS332','p14'),('WSS333','p14'),('WSS338','p14'),('WSS34','p14'),('WSS340','p14'),('WSS347','p14'),('WSS35','p14'),('WSS350','p14'),('WSS356','p14'),('WSS358','p14'),('WSS36','p14'),('WSS364','p14'),('WSS366','p14'),('WSS368','p14'),('WSS369','p14'),('WSS370','p14'),('WSS372','p14'),('WSS374','p14'),('WSS377','p14'),('WSS380','p14'),('WSS381','p14'),('WSS382','p14'),('WSS383','p14'),('WSS385','p14'),('WSS389','p14'),('WSS39','p14'),('WSS391','p14'),('WSS398','p14'),('WSS399','p14'),('WSS4','p14'),('WSS400','p14'),('WSS43','p14'),('WSS44','p14'),('WSS49','p14'),('WSS58','p14'),('WSS6','p14'),('WSS61','p14'),('WSS63','p14'),('WSS64','p14'),('WSS67','p14'),('WSS68','p14'),('WSS71','p14'),('WSS74','p14'),('WSS76','p14'),('WSS78','p14'),('WSS79','p14'),('WSS83','p14'),('WSS88','p14'),('WSS92','p14'),('WSS96','p14'),('WSS1','p15'),('WSS100','p15'),('WSS104','p15'),('WSS108','p15'),('WSS11','p15'),('WSS115','p15'),('WSS117','p15'),('WSS120','p15'),('WSS121','p15'),('WSS126','p15'),('WSS131','p15'),('WSS133','p15'),('WSS139','p15'),('WSS141','p15'),('WSS142','p15'),('WSS144','p15'),('WSS145','p15'),('WSS147','p15'),('WSS149','p15'),('WSS15','p15'),('WSS150','p15'),('WSS157','p15'),('WSS159','p15'),('WSS160','p15'),('WSS163','p15'),('WSS172','p15'),('WSS173','p15'),('WSS178','p15'),('WSS181','p15'),('WSS182','p15'),('WSS184','p15'),('WSS187','p15'),('WSS191','p15'),('WSS192','p15'),('WSS197','p15'),('WSS202','p15'),('WSS203','p15'),('WSS206','p15'),('WSS212','p15'),('WSS213','p15'),('WSS217','p15'),('WSS219','p15'),('WSS221','p15'),('WSS224','p15'),('WSS227','p15'),('WSS229','p15'),('WSS23','p15'),('WSS230','p15'),('WSS232','p15'),('WSS238','p15'),('WSS242','p15'),('WSS247','p15'),('WSS254','p15'),('WSS256','p15'),('WSS257','p15'),('WSS261','p15'),('WSS262','p15'),('WSS263','p15'),('WSS272','p15'),('WSS278','p15'),('WSS279','p15'),('WSS28','p15'),('WSS282','p15'),('WSS284','p15'),('WSS288','p15'),('WSS289','p15'),('WSS292','p15'),('WSS293','p15'),('WSS294','p15'),('WSS296','p15'),('WSS3','p15'),('WSS303','p15'),('WSS307','p15'),('WSS31','p15'),('WSS311','p15'),('WSS312','p15'),('WSS320','p15'),('WSS321','p15'),('WSS331','p15'),('WSS332','p15'),('WSS333','p15'),('WSS335','p15'),('WSS343','p15'),('WSS347','p15'),('WSS348','p15'),('WSS351','p15'),('WSS355','p15'),('WSS358','p15'),('WSS359','p15'),('WSS361','p15'),('WSS363','p15'),('WSS364','p15'),('WSS367','p15'),('WSS371','p15'),('WSS377','p15'),('WSS380','p15'),('WSS385','p15'),('WSS386','p15'),('WSS387','p15'),('WSS39','p15'),('WSS396','p15'),('WSS397','p15'),('WSS398','p15'),('WSS399','p15'),('WSS400','p15'),('WSS43','p15'),('WSS46','p15'),('WSS48','p15'),('WSS5','p15'),('WSS50','p15'),('WSS55','p15'),('WSS56','p15'),('WSS60','p15'),('WSS62','p15'),('WSS63','p15'),('WSS65','p15'),('WSS66','p15'),('WSS72','p15'),('WSS76','p15'),('WSS77','p15'),('WSS8','p15'),('WSS81','p15'),('WSS83','p15'),('WSS9','p15'),('WSS96','p15'),('WSS97','p15'),('WSS1','p16'),('WSS100','p16'),('WSS102','p16'),('WSS103','p16'),('WSS105','p16'),('WSS108','p16'),('WSS109','p16'),('WSS116','p16'),('WSS117','p16'),('WSS125','p16'),('WSS126','p16'),('WSS129','p16'),('WSS13','p16'),('WSS133','p16'),('WSS136','p16'),('WSS14','p16'),('WSS141','p16'),('WSS142','p16'),('WSS146','p16'),('WSS149','p16'),('WSS15','p16'),('WSS150','p16'),('WSS155','p16'),('WSS160','p16'),('WSS161','p16'),('WSS164','p16'),('WSS166','p16'),('WSS168','p16'),('WSS169','p16'),('WSS17','p16'),('WSS174','p16'),('WSS177','p16'),('WSS179','p16'),('WSS186','p16'),('WSS19','p16'),('WSS190','p16'),('WSS191','p16'),('WSS192','p16'),('WSS193','p16'),('WSS194','p16'),('WSS195','p16'),('WSS198','p16'),('WSS2','p16'),('WSS20','p16'),('WSS204','p16'),('WSS212','p16'),('WSS214','p16'),('WSS215','p16'),('WSS225','p16'),('WSS227','p16'),('WSS228','p16'),('WSS230','p16'),('WSS233','p16'),('WSS239','p16'),('WSS240','p16'),('WSS241','p16'),('WSS242','p16'),('WSS243','p16'),('WSS245','p16'),('WSS247','p16'),('WSS25','p16'),('WSS252','p16'),('WSS257','p16'),('WSS259','p16'),('WSS26','p16'),('WSS261','p16'),('WSS263','p16'),('WSS269','p16'),('WSS275','p16'),('WSS280','p16'),('WSS281','p16'),('WSS29','p16'),('WSS292','p16'),('WSS293','p16'),('WSS295','p16'),('WSS297','p16'),('WSS299','p16'),('WSS3','p16'),('WSS303','p16'),('WSS304','p16'),('WSS305','p16'),('WSS307','p16'),('WSS313','p16'),('WSS319','p16'),('WSS32','p16'),('WSS321','p16'),('WSS322','p16'),('WSS325','p16'),('WSS327','p16'),('WSS329','p16'),('WSS33','p16'),('WSS333','p16'),('WSS338','p16'),('WSS34','p16'),('WSS341','p16'),('WSS345','p16'),('WSS346','p16'),('WSS349','p16'),('WSS35','p16'),('WSS355','p16'),('WSS36','p16'),('WSS362','p16'),('WSS363','p16'),('WSS368','p16'),('WSS37','p16'),('WSS370','p16'),('WSS371','p16'),('WSS373','p16'),('WSS374','p16'),('WSS378','p16'),('WSS380','p16'),('WSS384','p16'),('WSS386','p16'),('WSS390','p16'),('WSS391','p16'),('WSS393','p16'),('WSS396','p16'),('WSS398','p16'),('WSS399','p16'),('WSS400','p16'),('WSS41','p16'),('WSS43','p16'),('WSS44','p16'),('WSS48','p16'),('WSS50','p16'),('WSS52','p16'),('WSS57','p16'),('WSS59','p16'),('WSS60','p16'),('WSS63','p16'),('WSS66','p16'),('WSS69','p16'),('WSS70','p16'),('WSS71','p16'),('WSS74','p16'),('WSS78','p16'),('WSS79','p16'),('WSS84','p16'),('WSS87','p16'),('WSS89','p16'),('WSS90','p16'),('WSS92','p16'),('WSS95','p16'),('WSS97','p16'),('WSS98','p16'),('WSS100','p17'),('WSS106','p17'),('WSS108','p17'),('WSS111','p17'),('WSS112','p17'),('WSS118','p17'),('WSS119','p17'),('WSS12','p17'),('WSS120','p17'),('WSS129','p17'),('WSS132','p17'),('WSS134','p17'),('WSS139','p17'),('WSS141','p17'),('WSS145','p17'),('WSS148','p17'),('WSS15','p17'),('WSS150','p17'),('WSS156','p17'),('WSS157','p17'),('WSS16','p17'),('WSS161','p17'),('WSS162','p17'),('WSS165','p17'),('WSS166','p17'),('WSS174','p17'),('WSS175','p17'),('WSS180','p17'),('WSS185','p17'),('WSS187','p17'),('WSS190','p17'),('WSS192','p17'),('WSS195','p17'),('WSS196','p17'),('WSS201','p17'),('WSS202','p17'),('WSS207','p17'),('WSS21','p17'),('WSS210','p17'),('WSS212','p17'),('WSS214','p17'),('WSS215','p17'),('WSS220','p17'),('WSS222','p17'),('WSS224','p17'),('WSS225','p17'),('WSS227','p17'),('WSS228','p17'),('WSS229','p17'),('WSS232','p17'),('WSS234','p17'),('WSS237','p17'),('WSS241','p17'),('WSS242','p17'),('WSS243','p17'),('WSS244','p17'),('WSS246','p17'),('WSS248','p17'),('WSS25','p17'),('WSS253','p17'),('WSS255','p17'),('WSS259','p17'),('WSS262','p17'),('WSS263','p17'),('WSS264','p17'),('WSS267','p17'),('WSS268','p17'),('WSS271','p17'),('WSS274','p17'),('WSS275','p17'),('WSS276','p17'),('WSS281','p17'),('WSS282','p17'),('WSS283','p17'),('WSS285','p17'),('WSS287','p17'),('WSS289','p17'),('WSS290','p17'),('WSS292','p17'),('WSS296','p17'),('WSS298','p17'),('WSS30','p17'),('WSS303','p17'),('WSS304','p17'),('WSS307','p17'),('WSS308','p17'),('WSS313','p17'),('WSS315','p17'),('WSS318','p17'),('WSS320','p17'),('WSS321','p17'),('WSS325','p17'),('WSS326','p17'),('WSS327','p17'),('WSS328','p17'),('WSS329','p17'),('WSS331','p17'),('WSS335','p17'),('WSS339','p17'),('WSS348','p17'),('WSS349','p17'),('WSS352','p17'),('WSS355','p17'),('WSS356','p17'),('WSS359','p17'),('WSS36','p17'),('WSS363','p17'),('WSS364','p17'),('WSS366','p17'),('WSS373','p17'),('WSS375','p17'),('WSS376','p17'),('WSS378','p17'),('WSS379','p17'),('WSS382','p17'),('WSS385','p17'),('WSS387','p17'),('WSS391','p17'),('WSS392','p17'),('WSS397','p17'),('WSS398','p17'),('WSS42','p17'),('WSS50','p17'),('WSS54','p17'),('WSS57','p17'),('WSS6','p17'),('WSS64','p17'),('WSS68','p17'),('WSS69','p17'),('WSS7','p17'),('WSS74','p17'),('WSS75','p17'),('WSS8','p17'),('WSS84','p17'),('WSS85','p17'),('WSS86','p17'),('WSS92','p17'),('WSS94','p17'),('WSS99','p17'),('WSS1','p18'),('WSS10','p18'),('WSS102','p18'),('WSS103','p18'),('WSS104','p18'),('WSS105','p18'),('WSS108','p18'),('WSS110','p18'),('WSS115','p18'),('WSS117','p18'),('WSS124','p18'),('WSS125','p18'),('WSS126','p18'),('WSS128','p18'),('WSS134','p18'),('WSS138','p18'),('WSS143','p18'),('WSS153','p18'),('WSS157','p18'),('WSS160','p18'),('WSS166','p18'),('WSS169','p18'),('WSS179','p18'),('WSS18','p18'),('WSS187','p18'),('WSS189','p18'),('WSS19','p18'),('WSS195','p18'),('WSS197','p18'),('WSS20','p18'),('WSS201','p18'),('WSS203','p18'),('WSS205','p18'),('WSS209','p18'),('WSS210','p18'),('WSS216','p18'),('WSS219','p18'),('WSS220','p18'),('WSS222','p18'),('WSS223','p18'),('WSS224','p18'),('WSS225','p18'),('WSS226','p18'),('WSS227','p18'),('WSS228','p18'),('WSS231','p18'),('WSS233','p18'),('WSS234','p18'),('WSS235','p18'),('WSS237','p18'),('WSS239','p18'),('WSS241','p18'),('WSS245','p18'),('WSS260','p18'),('WSS262','p18'),('WSS267','p18'),('WSS271','p18'),('WSS278','p18'),('WSS28','p18'),('WSS282','p18'),('WSS284','p18'),('WSS291','p18'),('WSS294','p18'),('WSS298','p18'),('WSS299','p18'),('WSS30','p18'),('WSS300','p18'),('WSS301','p18'),('WSS302','p18'),('WSS306','p18'),('WSS31','p18'),('WSS310','p18'),('WSS315','p18'),('WSS319','p18'),('WSS32','p18'),('WSS322','p18'),('WSS324','p18'),('WSS328','p18'),('WSS332','p18'),('WSS339','p18'),('WSS34','p18'),('WSS347','p18'),('WSS349','p18'),('WSS350','p18'),('WSS351','p18'),('WSS354','p18'),('WSS357','p18'),('WSS361','p18'),('WSS362','p18'),('WSS363','p18'),('WSS368','p18'),('WSS369','p18'),('WSS370','p18'),('WSS377','p18'),('WSS379','p18'),('WSS381','p18'),('WSS383','p18'),('WSS384','p18'),('WSS386','p18'),('WSS389','p18'),('WSS399','p18'),('WSS400','p18'),('WSS49','p18'),('WSS50','p18'),('WSS52','p18'),('WSS54','p18'),('WSS55','p18'),('WSS60','p18'),('WSS64','p18'),('WSS67','p18'),('WSS70','p18'),('WSS74','p18'),('WSS78','p18'),('WSS79','p18'),('WSS82','p18'),('WSS89','p18'),('WSS91','p18'),('WSS95','p18'),('WSS1','p19'),('WSS10','p19'),('WSS104','p19'),('WSS106','p19'),('WSS107','p19'),('WSS111','p19'),('WSS112','p19'),('WSS113','p19'),('WSS116','p19'),('WSS119','p19'),('WSS120','p19'),('WSS126','p19'),('WSS128','p19'),('WSS129','p19'),('WSS13','p19'),('WSS131','p19'),('WSS132','p19'),('WSS134','p19'),('WSS137','p19'),('WSS138','p19'),('WSS14','p19'),('WSS147','p19'),('WSS148','p19'),('WSS152','p19'),('WSS153','p19'),('WSS155','p19'),('WSS16','p19'),('WSS160','p19'),('WSS166','p19'),('WSS168','p19'),('WSS171','p19'),('WSS172','p19'),('WSS178','p19'),('WSS180','p19'),('WSS182','p19'),('WSS183','p19'),('WSS184','p19'),('WSS187','p19'),('WSS195','p19'),('WSS198','p19'),('WSS199','p19'),('WSS2','p19'),('WSS200','p19'),('WSS202','p19'),('WSS206','p19'),('WSS210','p19'),('WSS218','p19'),('WSS219','p19'),('WSS224','p19'),('WSS229','p19'),('WSS23','p19'),('WSS234','p19'),('WSS236','p19'),('WSS237','p19'),('WSS239','p19'),('WSS240','p19'),('WSS244','p19'),('WSS249','p19'),('WSS252','p19'),('WSS253','p19'),('WSS254','p19'),('WSS257','p19'),('WSS260','p19'),('WSS265','p19'),('WSS266','p19'),('WSS268','p19'),('WSS269','p19'),('WSS270','p19'),('WSS272','p19'),('WSS276','p19'),('WSS278','p19'),('WSS284','p19'),('WSS286','p19'),('WSS287','p19'),('WSS29','p19'),('WSS293','p19'),('WSS295','p19'),('WSS299','p19'),('WSS3','p19'),('WSS30','p19'),('WSS308','p19'),('WSS311','p19'),('WSS314','p19'),('WSS315','p19'),('WSS316','p19'),('WSS32','p19'),('WSS321','p19'),('WSS322','p19'),('WSS326','p19'),('WSS337','p19'),('WSS339','p19'),('WSS342','p19'),('WSS345','p19'),('WSS35','p19'),('WSS351','p19'),('WSS352','p19'),('WSS355','p19'),('WSS360','p19'),('WSS366','p19'),('WSS370','p19'),('WSS371','p19'),('WSS372','p19'),('WSS374','p19'),('WSS378','p19'),('WSS381','p19'),('WSS385','p19'),('WSS39','p19'),('WSS390','p19'),('WSS391','p19'),('WSS392','p19'),('WSS393','p19'),('WSS4','p19'),('WSS40','p19'),('WSS41','p19'),('WSS42','p19'),('WSS46','p19'),('WSS49','p19'),('WSS51','p19'),('WSS57','p19'),('WSS59','p19'),('WSS62','p19'),('WSS64','p19'),('WSS67','p19'),('WSS68','p19'),('WSS69','p19'),('WSS70','p19'),('WSS77','p19'),('WSS84','p19'),('WSS86','p19'),('WSS88','p19'),('WSS94','p19'),('WSS97','p19'),('WSS1','p2'),('WSS10','p2'),('WSS106','p2'),('WSS108','p2'),('WSS112','p2'),('WSS113','p2'),('WSS114','p2'),('WSS118','p2'),('WSS119','p2'),('WSS125','p2'),('WSS127','p2'),('WSS131','p2'),('WSS132','p2'),('WSS133','p2'),('WSS137','p2'),('WSS138','p2'),('WSS141','p2'),('WSS142','p2'),('WSS151','p2'),('WSS152','p2'),('WSS154','p2'),('WSS156','p2'),('WSS157','p2'),('WSS160','p2'),('WSS165','p2'),('WSS167','p2'),('WSS169','p2'),('WSS171','p2'),('WSS175','p2'),('WSS176','p2'),('WSS177','p2'),('WSS179','p2'),('WSS180','p2'),('WSS192','p2'),('WSS194','p2'),('WSS20','p2'),('WSS204','p2'),('WSS206','p2'),('WSS208','p2'),('WSS21','p2'),('WSS210','p2'),('WSS215','p2'),('WSS216','p2'),('WSS217','p2'),('WSS219','p2'),('WSS223','p2'),('WSS228','p2'),('WSS229','p2'),('WSS23','p2'),('WSS235','p2'),('WSS239','p2'),('WSS24','p2'),('WSS242','p2'),('WSS247','p2'),('WSS251','p2'),('WSS252','p2'),('WSS258','p2'),('WSS261','p2'),('WSS263','p2'),('WSS265','p2'),('WSS267','p2'),('WSS272','p2'),('WSS273','p2'),('WSS278','p2'),('WSS28','p2'),('WSS280','p2'),('WSS291','p2'),('WSS293','p2'),('WSS294','p2'),('WSS296','p2'),('WSS30','p2'),('WSS300','p2'),('WSS302','p2'),('WSS308','p2'),('WSS311','p2'),('WSS313','p2'),('WSS314','p2'),('WSS316','p2'),('WSS317','p2'),('WSS323','p2'),('WSS326','p2'),('WSS328','p2'),('WSS33','p2'),('WSS334','p2'),('WSS335','p2'),('WSS336','p2'),('WSS338','p2'),('WSS339','p2'),('WSS34','p2'),('WSS341','p2'),('WSS342','p2'),('WSS345','p2'),('WSS35','p2'),('WSS352','p2'),('WSS354','p2'),('WSS355','p2'),('WSS36','p2'),('WSS363','p2'),('WSS364','p2'),('WSS365','p2'),('WSS370','p2'),('WSS371','p2'),('WSS374','p2'),('WSS379','p2'),('WSS38','p2'),('WSS381','p2'),('WSS382','p2'),('WSS386','p2'),('WSS389','p2'),('WSS396','p2'),('WSS398','p2'),('WSS4','p2'),('WSS41','p2'),('WSS47','p2'),('WSS48','p2'),('WSS50','p2'),('WSS51','p2'),('WSS52','p2'),('WSS55','p2'),('WSS63','p2'),('WSS64','p2'),('WSS65','p2'),('WSS68','p2'),('WSS73','p2'),('WSS75','p2'),('WSS80','p2'),('WSS81','p2'),('WSS83','p2'),('WSS84','p2'),('WSS87','p2'),('WSS88','p2'),('WSS91','p2'),('WSS94','p2'),('WSS101','p20'),('WSS103','p20'),('WSS104','p20'),('WSS105','p20'),('WSS109','p20'),('WSS112','p20'),('WSS113','p20'),('WSS118','p20'),('WSS12','p20'),('WSS121','p20'),('WSS123','p20'),('WSS128','p20'),('WSS13','p20'),('WSS130','p20'),('WSS132','p20'),('WSS135','p20'),('WSS136','p20'),('WSS139','p20'),('WSS14','p20'),('WSS140','p20'),('WSS142','p20'),('WSS144','p20'),('WSS147','p20'),('WSS15','p20'),('WSS154','p20'),('WSS157','p20'),('WSS158','p20'),('WSS160','p20'),('WSS161','p20'),('WSS163','p20'),('WSS167','p20'),('WSS17','p20'),('WSS174','p20'),('WSS179','p20'),('WSS181','p20'),('WSS185','p20'),('WSS19','p20'),('WSS195','p20'),('WSS196','p20'),('WSS200','p20'),('WSS207','p20'),('WSS215','p20'),('WSS217','p20'),('WSS219','p20'),('WSS22','p20'),('WSS221','p20'),('WSS227','p20'),('WSS237','p20'),('WSS240','p20'),('WSS244','p20'),('WSS248','p20'),('WSS252','p20'),('WSS256','p20'),('WSS26','p20'),('WSS265','p20'),('WSS266','p20'),('WSS268','p20'),('WSS269','p20'),('WSS27','p20'),('WSS270','p20'),('WSS273','p20'),('WSS276','p20'),('WSS277','p20'),('WSS278','p20'),('WSS28','p20'),('WSS280','p20'),('WSS282','p20'),('WSS284','p20'),('WSS287','p20'),('WSS29','p20'),('WSS291','p20'),('WSS297','p20'),('WSS299','p20'),('WSS30','p20'),('WSS300','p20'),('WSS301','p20'),('WSS302','p20'),('WSS304','p20'),('WSS305','p20'),('WSS313','p20'),('WSS32','p20'),('WSS324','p20'),('WSS325','p20'),('WSS327','p20'),('WSS328','p20'),('WSS330','p20'),('WSS331','p20'),('WSS336','p20'),('WSS344','p20'),('WSS345','p20'),('WSS347','p20'),('WSS350','p20'),('WSS351','p20'),('WSS353','p20'),('WSS361','p20'),('WSS365','p20'),('WSS367','p20'),('WSS370','p20'),('WSS371','p20'),('WSS373','p20'),('WSS374','p20'),('WSS375','p20'),('WSS378','p20'),('WSS382','p20'),('WSS387','p20'),('WSS388','p20'),('WSS394','p20'),('WSS395','p20'),('WSS4','p20'),('WSS40','p20'),('WSS45','p20'),('WSS48','p20'),('WSS49','p20'),('WSS51','p20'),('WSS52','p20'),('WSS56','p20'),('WSS6','p20'),('WSS60','p20'),('WSS62','p20'),('WSS68','p20'),('WSS7','p20'),('WSS70','p20'),('WSS71','p20'),('WSS72','p20'),('WSS73','p20'),('WSS76','p20'),('WSS77','p20'),('WSS8','p20'),('WSS80','p20'),('WSS82','p20'),('WSS83','p20'),('WSS86','p20'),('WSS89','p20'),('WSS9','p20'),('WSS90','p20'),('WSS91','p20'),('WSS95','p20'),('WSS99','p20'),('WSS10','p3'),('WSS102','p3'),('WSS106','p3'),('WSS107','p3'),('WSS108','p3'),('WSS110','p3'),('WSS119','p3'),('WSS13','p3'),('WSS130','p3'),('WSS132','p3'),('WSS136','p3'),('WSS139','p3'),('WSS14','p3'),('WSS140','p3'),('WSS141','p3'),('WSS142','p3'),('WSS146','p3'),('WSS148','p3'),('WSS151','p3'),('WSS154','p3'),('WSS163','p3'),('WSS164','p3'),('WSS169','p3'),('WSS170','p3'),('WSS171','p3'),('WSS175','p3'),('WSS177','p3'),('WSS179','p3'),('WSS185','p3'),('WSS187','p3'),('WSS188','p3'),('WSS19','p3'),('WSS192','p3'),('WSS193','p3'),('WSS196','p3'),('WSS199','p3'),('WSS2','p3'),('WSS200','p3'),('WSS202','p3'),('WSS206','p3'),('WSS208','p3'),('WSS209','p3'),('WSS213','p3'),('WSS215','p3'),('WSS217','p3'),('WSS218','p3'),('WSS220','p3'),('WSS222','p3'),('WSS227','p3'),('WSS230','p3'),('WSS232','p3'),('WSS233','p3'),('WSS235','p3'),('WSS241','p3'),('WSS243','p3'),('WSS248','p3'),('WSS25','p3'),('WSS250','p3'),('WSS251','p3'),('WSS252','p3'),('WSS254','p3'),('WSS255','p3'),('WSS258','p3'),('WSS26','p3'),('WSS264','p3'),('WSS269','p3'),('WSS27','p3'),('WSS270','p3'),('WSS273','p3'),('WSS277','p3'),('WSS28','p3'),('WSS280','p3'),('WSS283','p3'),('WSS284','p3'),('WSS285','p3'),('WSS286','p3'),('WSS290','p3'),('WSS294','p3'),('WSS295','p3'),('WSS297','p3'),('WSS298','p3'),('WSS3','p3'),('WSS300','p3'),('WSS301','p3'),('WSS303','p3'),('WSS304','p3'),('WSS31','p3'),('WSS310','p3'),('WSS314','p3'),('WSS315','p3'),('WSS318','p3'),('WSS319','p3'),('WSS320','p3'),('WSS321','p3'),('WSS329','p3'),('WSS334','p3'),('WSS344','p3'),('WSS345','p3'),('WSS347','p3'),('WSS351','p3'),('WSS359','p3'),('WSS360','p3'),('WSS362','p3'),('WSS365','p3'),('WSS366','p3'),('WSS37','p3'),('WSS373','p3'),('WSS374','p3'),('WSS380','p3'),('WSS386','p3'),('WSS390','p3'),('WSS391','p3'),('WSS392','p3'),('WSS4','p3'),('WSS40','p3'),('WSS47','p3'),('WSS51','p3'),('WSS57','p3'),('WSS58','p3'),('WSS6','p3'),('WSS60','p3'),('WSS61','p3'),('WSS62','p3'),('WSS64','p3'),('WSS65','p3'),('WSS68','p3'),('WSS7','p3'),('WSS72','p3'),('WSS75','p3'),('WSS76','p3'),('WSS77','p3'),('WSS78','p3'),('WSS79','p3'),('WSS84','p3'),('WSS85','p3'),('WSS86','p3'),('WSS88','p3'),('WSS92','p3'),('WSS93','p3'),('WSS94','p3'),('WSS96','p3'),('WSS97','p3'),('WSS102','p4'),('WSS109','p4'),('WSS113','p4'),('WSS116','p4'),('WSS121','p4'),('WSS122','p4'),('WSS123','p4'),('WSS126','p4'),('WSS127','p4'),('WSS128','p4'),('WSS13','p4'),('WSS14','p4'),('WSS145','p4'),('WSS146','p4'),('WSS151','p4'),('WSS152','p4'),('WSS154','p4'),('WSS155','p4'),('WSS158','p4'),('WSS162','p4'),('WSS163','p4'),('WSS167','p4'),('WSS168','p4'),('WSS171','p4'),('WSS172','p4'),('WSS175','p4'),('WSS176','p4'),('WSS182','p4'),('WSS183','p4'),('WSS184','p4'),('WSS185','p4'),('WSS186','p4'),('WSS188','p4'),('WSS189','p4'),('WSS190','p4'),('WSS20','p4'),('WSS201','p4'),('WSS205','p4'),('WSS206','p4'),('WSS21','p4'),('WSS211','p4'),('WSS215','p4'),('WSS218','p4'),('WSS22','p4'),('WSS221','p4'),('WSS223','p4'),('WSS225','p4'),('WSS226','p4'),('WSS230','p4'),('WSS234','p4'),('WSS24','p4'),('WSS251','p4'),('WSS252','p4'),('WSS254','p4'),('WSS256','p4'),('WSS257','p4'),('WSS258','p4'),('WSS259','p4'),('WSS264','p4'),('WSS265','p4'),('WSS268','p4'),('WSS270','p4'),('WSS274','p4'),('WSS277','p4'),('WSS279','p4'),('WSS282','p4'),('WSS287','p4'),('WSS29','p4'),('WSS290','p4'),('WSS292','p4'),('WSS293','p4'),('WSS296','p4'),('WSS30','p4'),('WSS308','p4'),('WSS309','p4'),('WSS310','p4'),('WSS317','p4'),('WSS318','p4'),('WSS322','p4'),('WSS323','p4'),('WSS326','p4'),('WSS329','p4'),('WSS33','p4'),('WSS333','p4'),('WSS334','p4'),('WSS337','p4'),('WSS340','p4'),('WSS341','p4'),('WSS343','p4'),('WSS345','p4'),('WSS346','p4'),('WSS350','p4'),('WSS36','p4'),('WSS360','p4'),('WSS362','p4'),('WSS364','p4'),('WSS368','p4'),('WSS369','p4'),('WSS372','p4'),('WSS378','p4'),('WSS379','p4'),('WSS381','p4'),('WSS386','p4'),('WSS388','p4'),('WSS389','p4'),('WSS39','p4'),('WSS399','p4'),('WSS40','p4'),('WSS41','p4'),('WSS43','p4'),('WSS47','p4'),('WSS48','p4'),('WSS49','p4'),('WSS50','p4'),('WSS51','p4'),('WSS53','p4'),('WSS54','p4'),('WSS55','p4'),('WSS59','p4'),('WSS63','p4'),('WSS67','p4'),('WSS68','p4'),('WSS75','p4'),('WSS76','p4'),('WSS78','p4'),('WSS82','p4'),('WSS85','p4'),('WSS89','p4'),('WSS90','p4'),('WSS93','p4'),('WSS94','p4'),('WSS97','p4'),('WSS99','p4'),('WSS10','p5'),('WSS100','p5'),('WSS101','p5'),('WSS104','p5'),('WSS111','p5'),('WSS112','p5'),('WSS115','p5'),('WSS116','p5'),('WSS117','p5'),('WSS118','p5'),('WSS12','p5'),('WSS127','p5'),('WSS128','p5'),('WSS129','p5'),('WSS13','p5'),('WSS131','p5'),('WSS135','p5'),('WSS14','p5'),('WSS141','p5'),('WSS144','p5'),('WSS147','p5'),('WSS149','p5'),('WSS154','p5'),('WSS157','p5'),('WSS158','p5'),('WSS16','p5'),('WSS161','p5'),('WSS164','p5'),('WSS165','p5'),('WSS167','p5'),('WSS168','p5'),('WSS170','p5'),('WSS173','p5'),('WSS18','p5'),('WSS181','p5'),('WSS183','p5'),('WSS186','p5'),('WSS19','p5'),('WSS192','p5'),('WSS193','p5'),('WSS197','p5'),('WSS198','p5'),('WSS2','p5'),('WSS202','p5'),('WSS204','p5'),('WSS207','p5'),('WSS208','p5'),('WSS21','p5'),('WSS211','p5'),('WSS212','p5'),('WSS218','p5'),('WSS22','p5'),('WSS224','p5'),('WSS225','p5'),('WSS229','p5'),('WSS231','p5'),('WSS234','p5'),('WSS235','p5'),('WSS237','p5'),('WSS238','p5'),('WSS239','p5'),('WSS24','p5'),('WSS244','p5'),('WSS246','p5'),('WSS251','p5'),('WSS255','p5'),('WSS257','p5'),('WSS259','p5'),('WSS26','p5'),('WSS260','p5'),('WSS263','p5'),('WSS264','p5'),('WSS267','p5'),('WSS272','p5'),('WSS275','p5'),('WSS277','p5'),('WSS28','p5'),('WSS280','p5'),('WSS283','p5'),('WSS286','p5'),('WSS289','p5'),('WSS305','p5'),('WSS309','p5'),('WSS311','p5'),('WSS312','p5'),('WSS316','p5'),('WSS317','p5'),('WSS32','p5'),('WSS323','p5'),('WSS324','p5'),('WSS327','p5'),('WSS328','p5'),('WSS329','p5'),('WSS330','p5'),('WSS332','p5'),('WSS334','p5'),('WSS335','p5'),('WSS336','p5'),('WSS338','p5'),('WSS339','p5'),('WSS342','p5'),('WSS344','p5'),('WSS345','p5'),('WSS347','p5'),('WSS348','p5'),('WSS349','p5'),('WSS350','p5'),('WSS353','p5'),('WSS356','p5'),('WSS359','p5'),('WSS361','p5'),('WSS37','p5'),('WSS375','p5'),('WSS377','p5'),('WSS378','p5'),('WSS38','p5'),('WSS383','p5'),('WSS395','p5'),('WSS396','p5'),('WSS4','p5'),('WSS42','p5'),('WSS43','p5'),('WSS45','p5'),('WSS47','p5'),('WSS5','p5'),('WSS53','p5'),('WSS56','p5'),('WSS58','p5'),('WSS59','p5'),('WSS60','p5'),('WSS61','p5'),('WSS65','p5'),('WSS7','p5'),('WSS70','p5'),('WSS71','p5'),('WSS75','p5'),('WSS77','p5'),('WSS79','p5'),('WSS8','p5'),('WSS85','p5'),('WSS9','p5'),('WSS93','p5'),('WSS98','p5'),('WSS99','p5'),('WSS100','p6'),('WSS102','p6'),('WSS105','p6'),('WSS107','p6'),('WSS111','p6'),('WSS112','p6'),('WSS117','p6'),('WSS121','p6'),('WSS128','p6'),('WSS133','p6'),('WSS134','p6'),('WSS135','p6'),('WSS137','p6'),('WSS143','p6'),('WSS144','p6'),('WSS146','p6'),('WSS149','p6'),('WSS153','p6'),('WSS155','p6'),('WSS156','p6'),('WSS157','p6'),('WSS158','p6'),('WSS159','p6'),('WSS163','p6'),('WSS164','p6'),('WSS167','p6'),('WSS17','p6'),('WSS171','p6'),('WSS178','p6'),('WSS179','p6'),('WSS18','p6'),('WSS180','p6'),('WSS184','p6'),('WSS186','p6'),('WSS189','p6'),('WSS196','p6'),('WSS2','p6'),('WSS204','p6'),('WSS21','p6'),('WSS210','p6'),('WSS216','p6'),('WSS220','p6'),('WSS221','p6'),('WSS231','p6'),('WSS235','p6'),('WSS236','p6'),('WSS24','p6'),('WSS242','p6'),('WSS245','p6'),('WSS249','p6'),('WSS250','p6'),('WSS255','p6'),('WSS270','p6'),('WSS272','p6'),('WSS273','p6'),('WSS274','p6'),('WSS276','p6'),('WSS279','p6'),('WSS281','p6'),('WSS285','p6'),('WSS289','p6'),('WSS292','p6'),('WSS295','p6'),('WSS298','p6'),('WSS300','p6'),('WSS302','p6'),('WSS306','p6'),('WSS312','p6'),('WSS313','p6'),('WSS316','p6'),('WSS323','p6'),('WSS324','p6'),('WSS325','p6'),('WSS328','p6'),('WSS329','p6'),('WSS334','p6'),('WSS335','p6'),('WSS336','p6'),('WSS338','p6'),('WSS342','p6'),('WSS346','p6'),('WSS348','p6'),('WSS349','p6'),('WSS35','p6'),('WSS350','p6'),('WSS352','p6'),('WSS353','p6'),('WSS357','p6'),('WSS359','p6'),('WSS36','p6'),('WSS360','p6'),('WSS364','p6'),('WSS366','p6'),('WSS367','p6'),('WSS368','p6'),('WSS371','p6'),('WSS376','p6'),('WSS380','p6'),('WSS387','p6'),('WSS389','p6'),('WSS390','p6'),('WSS394','p6'),('WSS44','p6'),('WSS45','p6'),('WSS46','p6'),('WSS48','p6'),('WSS49','p6'),('WSS52','p6'),('WSS54','p6'),('WSS58','p6'),('WSS6','p6'),('WSS62','p6'),('WSS63','p6'),('WSS67','p6'),('WSS74','p6'),('WSS82','p6'),('WSS83','p6'),('WSS84','p6'),('WSS87','p6'),('WSS89','p6'),('WSS9','p6'),('WSS95','p6'),('WSS96','p6'),('WSS10','p7'),('WSS102','p7'),('WSS111','p7'),('WSS113','p7'),('WSS118','p7'),('WSS122','p7'),('WSS123','p7'),('WSS124','p7'),('WSS125','p7'),('WSS129','p7'),('WSS133','p7'),('WSS135','p7'),('WSS148','p7'),('WSS151','p7'),('WSS153','p7'),('WSS163','p7'),('WSS164','p7'),('WSS165','p7'),('WSS166','p7'),('WSS169','p7'),('WSS17','p7'),('WSS177','p7'),('WSS178','p7'),('WSS180','p7'),('WSS183','p7'),('WSS184','p7'),('WSS188','p7'),('WSS194','p7'),('WSS198','p7'),('WSS199','p7'),('WSS200','p7'),('WSS202','p7'),('WSS203','p7'),('WSS204','p7'),('WSS205','p7'),('WSS207','p7'),('WSS21','p7'),('WSS211','p7'),('WSS216','p7'),('WSS217','p7'),('WSS22','p7'),('WSS232','p7'),('WSS233','p7'),('WSS237','p7'),('WSS24','p7'),('WSS240','p7'),('WSS242','p7'),('WSS245','p7'),('WSS25','p7'),('WSS250','p7'),('WSS256','p7'),('WSS26','p7'),('WSS261','p7'),('WSS264','p7'),('WSS265','p7'),('WSS266','p7'),('WSS269','p7'),('WSS274','p7'),('WSS275','p7'),('WSS276','p7'),('WSS286','p7'),('WSS287','p7'),('WSS289','p7'),('WSS29','p7'),('WSS295','p7'),('WSS3','p7'),('WSS300','p7'),('WSS301','p7'),('WSS305','p7'),('WSS306','p7'),('WSS307','p7'),('WSS308','p7'),('WSS309','p7'),('WSS310','p7'),('WSS311','p7'),('WSS319','p7'),('WSS32','p7'),('WSS320','p7'),('WSS322','p7'),('WSS324','p7'),('WSS325','p7'),('WSS330','p7'),('WSS331','p7'),('WSS337','p7'),('WSS339','p7'),('WSS340','p7'),('WSS342','p7'),('WSS343','p7'),('WSS349','p7'),('WSS35','p7'),('WSS353','p7'),('WSS354','p7'),('WSS356','p7'),('WSS357','p7'),('WSS359','p7'),('WSS36','p7'),('WSS361','p7'),('WSS362','p7'),('WSS365','p7'),('WSS368','p7'),('WSS369','p7'),('WSS371','p7'),('WSS373','p7'),('WSS375','p7'),('WSS378','p7'),('WSS38','p7'),('WSS383','p7'),('WSS384','p7'),('WSS387','p7'),('WSS388','p7'),('WSS39','p7'),('WSS391','p7'),('WSS395','p7'),('WSS396','p7'),('WSS397','p7'),('WSS398','p7'),('WSS40','p7'),('WSS42','p7'),('WSS44','p7'),('WSS48','p7'),('WSS5','p7'),('WSS54','p7'),('WSS56','p7'),('WSS57','p7'),('WSS59','p7'),('WSS75','p7'),('WSS76','p7'),('WSS87','p7'),('WSS92','p7'),('WSS93','p7'),('WSS94','p7'),('WSS96','p7'),('WSS101','p8'),('WSS106','p8'),('WSS110','p8'),('WSS111','p8'),('WSS114','p8'),('WSS120','p8'),('WSS125','p8'),('WSS126','p8'),('WSS130','p8'),('WSS131','p8'),('WSS132','p8'),('WSS134','p8'),('WSS138','p8'),('WSS140','p8'),('WSS142','p8'),('WSS145','p8'),('WSS146','p8'),('WSS147','p8'),('WSS148','p8'),('WSS15','p8'),('WSS151','p8'),('WSS161','p8'),('WSS162','p8'),('WSS165','p8'),('WSS167','p8'),('WSS170','p8'),('WSS172','p8'),('WSS189','p8'),('WSS19','p8'),('WSS194','p8'),('WSS199','p8'),('WSS2','p8'),('WSS20','p8'),('WSS201','p8'),('WSS204','p8'),('WSS205','p8'),('WSS208','p8'),('WSS209','p8'),('WSS210','p8'),('WSS211','p8'),('WSS212','p8'),('WSS219','p8'),('WSS22','p8'),('WSS222','p8'),('WSS226','p8'),('WSS23','p8'),('WSS236','p8'),('WSS241','p8'),('WSS243','p8'),('WSS246','p8'),('WSS247','p8'),('WSS25','p8'),('WSS253','p8'),('WSS255','p8'),('WSS256','p8'),('WSS259','p8'),('WSS265','p8'),('WSS267','p8'),('WSS271','p8'),('WSS275','p8'),('WSS277','p8'),('WSS28','p8'),('WSS282','p8'),('WSS283','p8'),('WSS285','p8'),('WSS286','p8'),('WSS288','p8'),('WSS294','p8'),('WSS296','p8'),('WSS297','p8'),('WSS299','p8'),('WSS3','p8'),('WSS30','p8'),('WSS301','p8'),('WSS303','p8'),('WSS305','p8'),('WSS306','p8'),('WSS31','p8'),('WSS315','p8'),('WSS317','p8'),('WSS318','p8'),('WSS319','p8'),('WSS320','p8'),('WSS321','p8'),('WSS323','p8'),('WSS326','p8'),('WSS33','p8'),('WSS331','p8'),('WSS337','p8'),('WSS339','p8'),('WSS340','p8'),('WSS341','p8'),('WSS343','p8'),('WSS344','p8'),('WSS348','p8'),('WSS35','p8'),('WSS352','p8'),('WSS356','p8'),('WSS361','p8'),('WSS363','p8'),('WSS376','p8'),('WSS38','p8'),('WSS381','p8'),('WSS383','p8'),('WSS385','p8'),('WSS387','p8'),('WSS392','p8'),('WSS397','p8'),('WSS40','p8'),('WSS42','p8'),('WSS44','p8'),('WSS45','p8'),('WSS46','p8'),('WSS5','p8'),('WSS55','p8'),('WSS56','p8'),('WSS61','p8'),('WSS73','p8'),('WSS77','p8'),('WSS78','p8'),('WSS79','p8'),('WSS8','p8'),('WSS84','p8'),('WSS87','p8'),('WSS90','p8'),('WSS91','p8'),('WSS92','p8'),('WSS93','p8'),('WSS95','p8'),('WSS98','p8'),('WSS100','p9'),('WSS101','p9'),('WSS103','p9'),('WSS11','p9'),('WSS114','p9'),('WSS116','p9'),('WSS12','p9'),('WSS121','p9'),('WSS122','p9'),('WSS124','p9'),('WSS138','p9'),('WSS139','p9'),('WSS140','p9'),('WSS143','p9'),('WSS144','p9'),('WSS148','p9'),('WSS149','p9'),('WSS152','p9'),('WSS158','p9'),('WSS159','p9'),('WSS16','p9'),('WSS17','p9'),('WSS172','p9'),('WSS176','p9'),('WSS18','p9'),('WSS181','p9'),('WSS185','p9'),('WSS194','p9'),('WSS197','p9'),('WSS203','p9'),('WSS204','p9'),('WSS205','p9'),('WSS208','p9'),('WSS209','p9'),('WSS215','p9'),('WSS216','p9'),('WSS221','p9'),('WSS222','p9'),('WSS227','p9'),('WSS23','p9'),('WSS231','p9'),('WSS232','p9'),('WSS234','p9'),('WSS237','p9'),('WSS238','p9'),('WSS239','p9'),('WSS247','p9'),('WSS248','p9'),('WSS250','p9'),('WSS253','p9'),('WSS257','p9'),('WSS258','p9'),('WSS27','p9'),('WSS270','p9'),('WSS278','p9'),('WSS283','p9'),('WSS285','p9'),('WSS287','p9'),('WSS288','p9'),('WSS291','p9'),('WSS296','p9'),('WSS297','p9'),('WSS306','p9'),('WSS317','p9'),('WSS320','p9'),('WSS322','p9'),('WSS324','p9'),('WSS325','p9'),('WSS326','p9'),('WSS330','p9'),('WSS332','p9'),('WSS337','p9'),('WSS341','p9'),('WSS343','p9'),('WSS344','p9'),('WSS351','p9'),('WSS356','p9'),('WSS358','p9'),('WSS362','p9'),('WSS365','p9'),('WSS367','p9'),('WSS37','p9'),('WSS372','p9'),('WSS373','p9'),('WSS375','p9'),('WSS376','p9'),('WSS379','p9'),('WSS381','p9'),('WSS384','p9'),('WSS388','p9'),('WSS393','p9'),('WSS398','p9'),('WSS400','p9'),('WSS47','p9'),('WSS5','p9'),('WSS53','p9'),('WSS59','p9'),('WSS65','p9'),('WSS70','p9'),('WSS71','p9'),('WSS75','p9'),('WSS81','p9'),('WSS85','p9'),('WSS86','p9'),('WSS88','p9'),('WSS89','p9'),('WSS9','p9'),('WSS91','p9'),('WSS92','p9'),('WSS95','p9'),('WSS96','p9'),('WSS98','p9'),('WSS99','p9');
/*!40000 ALTER TABLE `outputparameter` ENABLE KEYS */;
UNLOCK TABLES;

--
-- Table structure for table `parameterhierarchy`
--

DROP TABLE IF EXISTS `parameterhierarchy`;
/*!40101 SET @saved_cs_client     = @@character_set_client */;
/*!50503 SET character_set_client = utf8mb4 */;
CREATE TABLE `parameterhierarchy` (
  `parentParameterID` varchar(10) NOT NULL,
  `childParameterID` varchar(10) NOT NULL,
  PRIMARY KEY (`parentParameterID`,`childParameterID`)
) ENGINE=InnoDB DEFAULT CHARSET=latin1;
/*!40101 SET character_set_client = @saved_cs_client */;

--
-- Dumping data for table `parameterhierarchy`
--

LOCK TABLES `parameterhierarchy` WRITE;
/*!40000 ALTER TABLE `parameterhierarchy` DISABLE KEYS */;
/*!40000 ALTER TABLE `parameterhierarchy` ENABLE KEYS */;
UNLOCK TABLES;

--
-- Table structure for table `parameterlist`
--

DROP TABLE IF EXISTS `parameterlist`;
/*!40101 SET @saved_cs_client     = @@character_set_client */;
/*!50503 SET character_set_client = utf8mb4 */;
CREATE TABLE `parameterlist` (
  `parameterID` varchar(10) NOT NULL,
  `parameterName` varchar(100) DEFAULT NULL,
  PRIMARY KEY (`parameterID`)
) ENGINE=InnoDB DEFAULT CHARSET=latin1;
/*!40101 SET character_set_client = @saved_cs_client */;

--
-- Dumping data for table `parameterlist`
--

LOCK TABLES `parameterlist` WRITE;
/*!40000 ALTER TABLE `parameterlist` DISABLE KEYS */;
INSERT INTO `parameterlist` VALUES ('p1','p1name'),('p10','p10name'),('p11','p11name'),('p12','p12name'),('p13','p13name'),('p14','p14name'),('p15','p15name'),('p16','p16name'),('p17','p17name'),('p18','p18name'),('p19','p19name'),('p2','p2name'),('p20','p20name'),('p3','p3name'),('p4','p4name'),('p5','p5name'),('p6','p6name'),('p7','p7name'),('p8','p8name'),('p9','p9name');
/*!40000 ALTER TABLE `parameterlist` ENABLE KEYS */;
UNLOCK TABLES;

--
-- Table structure for table `result`
--

DROP TABLE IF EXISTS `result`;
/*!40101 SET @saved_cs_client     = @@character_set_client */;
/*!50503 SET character_set_client = utf8mb4 */;
CREATE TABLE `result` (
  `transactionID` bigint NOT NULL,
  `stage` int NOT NULL,
  `webServiceID` varchar(10) NOT NULL,
  PRIMARY KEY (`transactionID`,`stage`,`webServiceID`)
) ENGINE=InnoDB DEFAULT CHARSET=latin1;
/*!40101 SET character_set_client = @saved_cs_client */;

--
-- Dumping data for table `result`
--

LOCK TABLES `result` WRITE;
/*!40000 ALTER TABLE `result` DISABLE KEYS */;
INSERT INTO `result` VALUES (1,1,'WSS40'),(1,2,'WSS282'),(1,2,'WSS335'),(2,1,'WSS103'),(2,2,'WSS397'),(2,3,'WSS44'),(3,1,'WSS41'),(3,2,'WSS42'),(4,1,'WSS106'),(4,2,'WSS397'),(4,3,'WSS33'),(5,1,'WSS42'),(5,2,'WSS49'),(5,3,'WSS106'),(6,1,'WSS384'),(6,2,'WSS387'),(6,3,'WSS20'),(7,1,'WSS120'),(7,2,'WSS136'),(8,1,'WSS383'),(8,2,'WSS45'),(8,3,'WSS35'),(9,1,'WSS42'),(9,2,'WSS49'),(9,3,'WSS37'),(10,1,'WSS349'),(10,2,'WSS264'),(11,1,'WSS41'),(11,2,'WSS39'),(11,2,'WSS42'),(12,1,'WSS319'),(12,2,'WSS106'),(12,3,'WSS394'),(13,1,'WSS371'),(13,2,'WSS342'),(13,3,'WSS367'),(14,1,'WSS106'),(14,2,'WSS395'),(14,3,'WSS15'),(15,1,'WSS42'),(15,2,'WSS16'),(15,2,'WSS33'),(16,1,'WSS106'),(16,2,'WSS360'),(17,1,'WSS22'),(17,2,'WSS101'),(17,2,'WSS106'),(18,1,'WSS250'),(18,2,'WSS43'),(19,1,'WSS39'),(19,2,'WSS45'),(19,3,'WSS35'),(20,1,'WSS381'),(20,2,'WSS41'),(20,2,'WSS42'),(21,1,'WSS33'),(21,2,'WSS48'),(21,3,'WSS49'),(22,1,'WSS42'),(22,2,'WSS102'),(22,3,'WSS24'),(23,1,'WSS336'),(23,2,'WSS370'),(24,1,'WSS43'),(24,2,'WSS103'),(24,2,'WSS42'),(25,1,'WSS106'),(25,2,'WSS395'),(25,3,'WSS43'),(26,1,'WSS13'),(26,2,'WSS105'),(26,3,'WSS46'),(27,1,'WSS265'),(27,2,'WSS361'),(28,1,'WSS35'),(28,2,'WSS37'),(28,3,'WSS103'),(29,1,'WSS359'),(29,2,'WSS103'),(29,3,'WSS15'),(30,1,'WSS225'),(30,2,'WSS103'),(1031,1,'ICP006'),(1031,1,'ICP110'),(1031,1,'ICP311'),(1031,2,'ICP500'),(1035,1,'ICP386'),(1035,2,'ICP466'),(1133,1,'ICP103'),(1133,2,'ICP341'),(1133,3,'ICP395'),(1136,1,'ICP110'),(1136,2,'ICP710'),(1141,1,'ICP311'),(1141,2,'ICP422'),(1288,1,'ICP001'),(1288,2,'ICP110'),(1291,1,'ICP110'),(1291,2,'ICP720'),(1293,1,'ICP110'),(1293,1,'ICP311'),(1293,2,'ICP500'),(1296,1,'ICP006'),(1296,1,'ICP103'),(1296,1,'ICP110'),(1296,1,'ICP311'),(1296,1,'ICP313'),(1296,2,'ICP341'),(1296,2,'ICP500'),(1296,3,'ICP395'),(1325,1,'ICP110'),(1325,2,'ICP680'),(1355,1,'ICP110'),(1355,2,'ICP469'),(1406,1,'ICP110'),(1435,1,'ICP006'),(1435,1,'ICP110'),(1435,1,'ICP311'),(1435,2,'ICP500'),(1509,1,'ICP001'),(1509,1,'ICP006'),(1509,2,'ICP002'),(1509,2,'ICP110'),(1509,3,'ICP311'),(1509,4,'ICP500'),(1572,1,'ICP103'),(1572,1,'ICP110'),(1572,1,'ICP386'),(1572,2,'ICP341'),(1572,2,'ICP395'),(1572,2,'ICP466'),(1572,2,'ICP620'),(1572,2,'ICP720'),(1572,3,'ICP445'),(1583,1,'ICP386'),(1583,2,'ICP466'),(1607,1,'ICP301'),(1607,1,'ICP341'),(1607,1,'ICP386'),(1607,2,'ICP481'),(1620,1,'ICP006'),(1620,1,'ICP110'),(1620,1,'ICP311'),(1620,2,'ICP500'),(1646,1,'ICP006'),(1646,1,'ICP110'),(1646,1,'ICP311'),(1646,2,'ICP469'),(1646,2,'ICP500'),(1733,1,'ICP311'),(1733,2,'ICP422'),(1797,1,'ICP386'),(1797,2,'ICP466'),(1851,1,'ICP003'),(1851,1,'ICP311'),(1851,2,'ICP313'),(1851,3,'ICP486'),(1981,1,'ICP110'),(1981,1,'ICP311'),(1981,2,'ICP500'),(2015,1,'ICP006'),(2015,1,'ICP110'),(2015,1,'ICP311'),(2015,2,'ICP500'),(2026,1,'ICP386'),(2026,2,'ICP466'),(2114,1,'ICP341'),(2114,2,'ICP395'),(2114,3,'ICP445'),(2280,1,'ICP103'),(2280,1,'ICP386'),(2280,2,'ICP341'),(2280,2,'ICP395'),(2280,2,'ICP466'),(2280,3,'ICP495'),(2317,1,'ICP313'),(2317,1,'ICP341'),(2317,1,'ICP680'),(2317,2,'ICP395'),(2317,3,'ICP445'),(2474,1,'ICP003'),(2474,1,'ICP311'),(2474,2,'ICP313'),(2474,3,'ICP486'),(2565,1,'ICP313'),(2565,1,'ICP341'),(2565,2,'ICP395'),(2565,3,'ICP445'),(2598,1,'ICP006'),(2598,1,'ICP110'),(2598,1,'ICP311'),(2598,1,'ICP313'),(2598,1,'ICP331'),(2598,2,'ICP500'),(2610,1,'ICP003'),(2610,1,'ICP311'),(2610,2,'ICP313'),(2610,3,'ICP486'),(2659,1,'ICP006'),(2659,1,'ICP110'),(2659,1,'ICP311'),(2659,2,'ICP469'),(2659,2,'ICP500'),(2675,1,'ICP386'),(2675,2,'ICP466'),(2711,1,'ICP103'),(2711,1,'ICP386'),(2711,2,'ICP341'),(2711,3,'ICP481'),(2779,1,'ICP003'),(2779,1,'ICP311'),(2779,2,'ICP313'),(2779,3,'ICP486'),(2985,1,'ICP103'),(3021,1,'ICP006'),(3021,1,'ICP110'),(3021,1,'ICP302'),(3021,2,'ICP500'),(3075,1,'ICP006'),(3075,1,'ICP110'),(3075,1,'ICP311'),(3075,2,'ICP500'),(3226,1,'ICP110'),(3226,2,'ICP818'),(3286,1,'ICP006'),(3286,1,'ICP110'),(3286,1,'ICP311'),(3286,2,'ICP500'),(3357,1,'ICP006'),(3357,1,'ICP110'),(3357,1,'ICP311'),(3357,2,'ICP500'),(3667,1,'ICP103'),(3667,1,'ICP301'),(3667,1,'ICP386'),(3667,2,'ICP341'),(3667,3,'ICP481'),(3668,1,'ICP103'),(3668,1,'ICP301'),(3668,1,'ICP386'),(3668,2,'ICP341'),(3668,3,'ICP481'),(3705,1,'ICP103'),(3705,1,'ICP301'),(3705,1,'ICP386'),(3705,2,'ICP341'),(3705,3,'ICP481'),(3718,1,'ICP001'),(3718,2,'ICP002'),(3718,2,'ICP110'),(3718,3,'ICP311'),(3718,4,'ICP819'),(3877,1,'ICP386'),(3948,1,'ICP006'),(3948,1,'ICP110'),(3948,1,'ICP311'),(3948,2,'ICP500'),(3969,1,'ICP301'),(3969,1,'ICP341'),(3969,1,'ICP386'),(3969,2,'ICP481'),(3971,1,'ICP386'),(3971,2,'ICP466'),(4112,1,'ICP006'),(4112,1,'ICP110'),(4112,1,'ICP311'),(4112,2,'ICP469'),(4112,2,'ICP500'),(4178,1,'ICP002'),(4178,1,'ICP110'),(4178,2,'ICP311'),(4178,3,'ICP819'),(4281,1,'ICP110'),(4281,2,'ICP469'),(4296,1,'ICP006'),(4296,1,'ICP110'),(4296,1,'ICP311'),(4296,2,'ICP469'),(4296,2,'ICP500'),(4375,1,'ICP003'),(4375,1,'ICP311'),(4375,2,'ICP313'),(4375,3,'ICP486'),(4589,1,'ICP006'),(4589,1,'ICP110'),(4589,1,'ICP311'),(4589,2,'ICP469'),(4589,2,'ICP500'),(4607,1,'ICP006'),(4607,1,'ICP110'),(4607,1,'ICP302'),(4607,2,'ICP500'),(4747,1,'ICP311'),(4747,1,'ICP313'),(4747,2,'ICP486'),(4775,1,'ICP110'),(4775,2,'ICP500'),(4934,1,'ICP103'),(4934,2,'ICP341'),(4978,1,'ICP103'),(4980,1,'ICP006'),(4980,1,'ICP110'),(4980,1,'ICP311'),(4980,2,'ICP469'),(4980,2,'ICP500'),(4980,2,'ICP720'),(4980,3,'ICP740'),(5049,1,'ICP006'),(5049,1,'ICP110'),(5049,1,'ICP311'),(5049,2,'ICP500'),(5417,1,'ICP301'),(5417,1,'ICP341'),(5417,1,'ICP386'),(5417,2,'ICP481'),(5448,1,'ICP386'),(5448,2,'ICP466'),(5450,1,'ICP103'),(5450,1,'ICP110'),(5450,1,'ICP386'),(5450,1,'ICP817'),(5450,2,'ICP341'),(5450,2,'ICP395'),(5450,2,'ICP466'),(5450,2,'ICP620'),(5450,2,'ICP720'),(5450,3,'ICP445'),(5450,3,'ICP815'),(5461,1,'ICP002'),(5461,1,'ICP006'),(5461,1,'ICP110'),(5461,1,'ICP302'),(5461,2,'ICP500'),(5461,2,'ICP720'),(5461,3,'ICP740'),(5472,1,'ICP110'),(5472,2,'ICP818'),(5497,1,'ICP103'),(5497,2,'ICP341'),(5569,1,'ICP386'),(5569,2,'ICP466'),(5571,1,'ICP103'),(5571,2,'ICP810'),(5757,1,'ICP386'),(5757,2,'ICP466'),(5779,1,'ICP006'),(5779,1,'ICP110'),(5779,1,'ICP302'),(5779,2,'ICP500'),(5814,1,'ICP006'),(5814,1,'ICP110'),(5814,1,'ICP311'),(5814,2,'ICP500'),(5897,1,'ICP110'),(5897,2,'ICP710'),(5966,1,'ICP103'),(5966,1,'ICP301'),(5966,1,'ICP386'),(5966,2,'ICP341'),(5966,3,'ICP481'),(6032,1,'ICP386'),(6032,2,'ICP466'),(6279,1,'ICP006'),(6279,1,'ICP110'),(6279,1,'ICP311'),(6279,2,'ICP469'),(6279,2,'ICP500'),(6294,1,'ICP006'),(6294,1,'ICP110'),(6294,1,'ICP311'),(6294,2,'ICP500'),(6325,1,'ICP002'),(6325,2,'ICP003'),(6363,1,'ICP006'),(6363,1,'ICP110'),(6363,1,'ICP311'),(6363,2,'ICP469'),(6363,2,'ICP500'),(6437,1,'ICP103'),(6437,1,'ICP301'),(6437,1,'ICP386'),(6437,2,'ICP341'),(6437,3,'ICP481'),(6533,1,'ICP006'),(6533,1,'ICP110'),(6533,1,'ICP311'),(6533,2,'ICP469'),(6533,2,'ICP500'),(6574,1,'ICP002'),(6574,1,'ICP110'),(6574,2,'ICP311'),(6574,3,'ICP819'),(6604,1,'ICP103'),(6604,1,'ICP386'),(6604,2,'ICP341'),(6604,3,'ICP481'),(6679,1,'ICP003'),(6679,1,'ICP311'),(6679,2,'ICP313'),(6679,3,'ICP486'),(6692,1,'ICP103'),(6692,1,'ICP386'),(6692,1,'ICP465'),(6692,2,'ICP341'),(6692,3,'ICP481'),(6874,1,'ICP467'),(6898,1,'ICP103'),(6898,1,'ICP386'),(6898,2,'ICP341'),(6898,3,'ICP481'),(6922,1,'ICP313'),(6922,1,'ICP341'),(6922,2,'ICP395'),(6974,1,'ICP110'),(6974,2,'ICP469'),(7056,1,'ICP006'),(7056,1,'ICP110'),(7056,1,'ICP311'),(7056,1,'ICP341'),(7056,2,'ICP395'),(7056,2,'ICP500'),(7056,2,'ICP720'),(7056,3,'ICP445'),(7056,3,'ICP740'),(7107,1,'ICP311'),(7107,1,'ICP313'),(7107,2,'ICP486'),(7159,1,'ICP311'),(7159,2,'ICP422'),(7196,1,'ICP103'),(7196,2,'ICP341'),(7196,2,'ICP395'),(7196,3,'ICP495'),(7227,1,'ICP103'),(7227,1,'ICP110'),(7227,1,'ICP301'),(7227,1,'ICP311'),(7227,1,'ICP386'),(7227,2,'ICP341'),(7227,2,'ICP500'),(7227,3,'ICP481'),(7297,1,'ICP386'),(7297,2,'ICP466'),(7326,1,'ICP006'),(7326,1,'ICP110'),(7326,1,'ICP311'),(7326,2,'ICP500'),(7398,1,'ICP002'),(7398,1,'ICP006'),(7398,1,'ICP103'),(7398,1,'ICP110'),(7398,2,'ICP311'),(7398,2,'ICP720'),(7398,2,'ICP810'),(7398,3,'ICP500'),(7398,3,'ICP819'),(7398,4,'ICP740'),(7420,1,'ICP006'),(7420,1,'ICP311'),(7420,2,'ICP500'),(7484,1,'ICP006'),(7484,1,'ICP110'),(7484,1,'ICP311'),(7484,2,'ICP469'),(7484,2,'ICP500'),(7515,1,'ICP006'),(7515,1,'ICP110'),(7515,1,'ICP311'),(7515,2,'ICP469'),(7515,2,'ICP500'),(7593,1,'ICP301'),(7593,1,'ICP341'),(7593,1,'ICP386'),(7593,2,'ICP481'),(7645,1,'ICP001'),(7645,1,'ICP006'),(7645,2,'ICP002'),(7645,2,'ICP110'),(7645,3,'ICP311'),(7645,4,'ICP500'),(7720,1,'ICP006'),(7720,1,'ICP311'),(7720,1,'ICP720'),(7720,2,'ICP500'),(7720,3,'ICP740'),(7769,1,'ICP103'),(7769,2,'ICP341'),(7797,1,'ICP006'),(7797,1,'ICP110'),(7797,1,'ICP302'),(7797,2,'ICP500'),(7797,2,'ICP720'),(7817,1,'ICP006'),(7817,1,'ICP311'),(7817,2,'ICP500'),(7821,1,'ICP006'),(7821,1,'ICP110'),(7821,1,'ICP311'),(7821,2,'ICP500'),(7831,1,'ICP006'),(7831,1,'ICP311'),(7831,2,'ICP500'),(7832,1,'ICP006'),(7832,1,'ICP110'),(7832,1,'ICP311'),(7832,2,'ICP500'),(8030,1,'ICP386'),(8030,2,'ICP466'),(8062,1,'ICP006'),(8062,1,'ICP110'),(8062,1,'ICP311'),(8062,2,'ICP500'),(8155,1,'ICP006'),(8155,1,'ICP110'),(8155,1,'ICP311'),(8155,2,'ICP469'),(8155,2,'ICP500'),(8306,1,'ICP006'),(8306,1,'ICP110'),(8306,1,'ICP311'),(8306,2,'ICP500'),(8509,1,'ICP467'),(8527,1,'ICP110'),(8527,2,'ICP500'),(8628,1,'ICP103'),(8628,1,'ICP301'),(8628,1,'ICP386'),(8628,2,'ICP341'),(8628,3,'ICP481'),(8647,1,'ICP103'),(8647,2,'ICP341'),(8688,1,'ICP103'),(8688,1,'ICP301'),(8688,1,'ICP386'),(8688,2,'ICP341'),(8688,3,'ICP481'),(8877,1,'ICP386'),(8877,2,'ICP466'),(8889,1,'ICP110'),(8889,2,'ICP620'),(8941,1,'ICP103'),(8941,2,'ICP341'),(8941,2,'ICP395'),(8941,3,'ICP495'),(8952,1,'ICP103'),(8952,1,'ICP386'),(8952,2,'ICP341'),(8952,3,'ICP481'),(8959,1,'ICP103'),(8959,2,'ICP341'),(9050,1,'ICP006'),(9050,1,'ICP110'),(9050,1,'ICP311'),(9050,2,'ICP500'),(9076,1,'ICP004'),(9076,2,'ICP005'),(9076,3,'ICP331'),(9117,1,'ICP110'),(9117,2,'ICP469'),(9185,1,'ICP341'),(9185,2,'ICP395'),(9185,3,'ICP445'),(9249,1,'ICP006'),(9249,1,'ICP110'),(9249,1,'ICP311'),(9249,2,'ICP500'),(9249,2,'ICP720'),(9306,1,'ICP006'),(9306,1,'ICP110'),(9306,1,'ICP302'),(9306,2,'ICP500'),(9325,1,'ICP386'),(9422,1,'ICP110'),(9422,2,'ICP469'),(9451,1,'ICP006'),(9451,1,'ICP110'),(9451,1,'ICP311'),(9451,1,'ICP341'),(9451,2,'ICP395'),(9451,2,'ICP500'),(9451,2,'ICP720'),(9451,3,'ICP445'),(9451,3,'ICP740'),(9524,1,'ICP001'),(9524,1,'ICP006'),(9524,2,'ICP002'),(9524,2,'ICP110'),(9524,3,'ICP311'),(9524,4,'ICP500'),(9784,1,'ICP110'),(9784,2,'ICP469'),(9797,1,'ICP103'),(9797,2,'ICP341'),(9812,1,'ICP311'),(9812,1,'ICP313'),(9812,2,'ICP486'),(9814,1,'ICP006'),(9814,1,'ICP110'),(9814,1,'ICP311'),(9814,2,'ICP500'),(9868,1,'ICP006'),(9868,1,'ICP110'),(9868,1,'ICP311'),(9868,2,'ICP500'),(9968,1,'ICP103'),(9968,1,'ICP301'),(9968,1,'ICP386'),(9968,2,'ICP341'),(9968,3,'ICP481'),(9978,1,'ICP311'),(9978,1,'ICP313'),(9978,2,'ICP486'),(111174351,1,'ICP001'),(111174351,2,'ICP002'),(111174351,3,'ICP003'),(111174351,3,'ICP311'),(111174351,4,'ICP313'),(111174351,5,'ICP486'),(112793854,1,'ICP006'),(112793854,1,'ICP110'),(112793854,1,'ICP311'),(112793854,2,'ICP500'),(125202274,1,'ICP001'),(125202274,1,'ICP103'),(125202274,2,'ICP301'),(125202274,2,'ICP341'),(125202274,2,'ICP386'),(125202274,3,'ICP481'),(137852438,1,'ICP006'),(137852438,1,'ICP110'),(137852438,1,'ICP311'),(137852438,2,'ICP500'),(141922012,1,'ICP002'),(141922012,2,'ICP003'),(141922012,2,'ICP311'),(141922012,3,'ICP313'),(141922012,4,'ICP486'),(164821430,1,'ICP001'),(164821430,2,'ICP002'),(164821430,3,'ICP003'),(164821430,3,'ICP311'),(164821430,4,'ICP313'),(164821430,5,'ICP486'),(166203121,1,'ICP001'),(166203121,1,'ICP006'),(166203121,1,'ICP200'),(166203121,2,'ICP002'),(166203121,2,'ICP110'),(166203121,2,'ICP720'),(166203121,3,'ICP311'),(166203121,4,'ICP500'),(166203121,4,'ICP819'),(166203121,5,'ICP740'),(178957047,1,'ICP110'),(178957047,2,'ICP469'),(192081592,1,'ICP006'),(192081592,1,'ICP200'),(192081592,1,'ICP311'),(192081592,2,'ICP500'),(192081592,2,'ICP720'),(192081592,3,'ICP740'),(196046272,1,'ICP002'),(196046272,1,'ICP006'),(196046272,1,'ICP110'),(196046272,2,'ICP311'),(196046272,2,'ICP469'),(196046272,3,'ICP500'),(222936116,1,'ICP006'),(222936116,1,'ICP200'),(222936116,1,'ICP311'),(222936116,2,'ICP500'),(222936116,2,'ICP720'),(222936116,2,'ICP819'),(222936116,3,'ICP740'),(258370250,1,'ICP006'),(258370250,1,'ICP200'),(258370250,1,'ICP311'),(258370250,2,'ICP500'),(258370250,2,'ICP720'),(258370250,2,'ICP818'),(258370250,2,'ICP819'),(258370250,3,'ICP740'),(285611992,1,'ICP006'),(285611992,1,'ICP110'),(285611992,1,'ICP200'),(285611992,1,'ICP311'),(285611992,2,'ICP500'),(285611992,2,'ICP720'),(285611992,3,'ICP740'),(287034437,1,'ICP006'),(287034437,1,'ICP200'),(287034437,1,'ICP311'),(287034437,2,'ICP500'),(287034437,2,'ICP720'),(287034437,2,'ICP819'),(287034437,3,'ICP740'),(291687847,1,'ICP006'),(291687847,1,'ICP200'),(291687847,1,'ICP311'),(291687847,2,'ICP500'),(291687847,2,'ICP720'),(291687847,2,'ICP819'),(291687847,3,'ICP740'),(292870227,1,'ICP001'),(292870227,1,'ICP006'),(292870227,1,'ICP720'),(292870227,2,'ICP002'),(292870227,2,'ICP110'),(292870227,3,'ICP311'),(292870227,4,'ICP500'),(292870227,5,'ICP740'),(316379525,1,'ICP110'),(316379525,1,'ICP311'),(316379525,2,'ICP361'),(316379525,3,'ICP461'),(324432052,1,'ICP001'),(324432052,2,'ICP002'),(324432052,3,'ICP003'),(324432052,3,'ICP311'),(324432052,4,'ICP313'),(324432052,5,'ICP486'),(348444351,1,'ICP311'),(348444351,1,'ICP313'),(348444351,2,'ICP486'),(356640298,1,'ICP469'),(356640298,1,'ICP818'),(356640298,2,'ICP660'),(362849335,1,'ICP006'),(362849335,1,'ICP200'),(362849335,1,'ICP311'),(362849335,2,'ICP500'),(362849335,2,'ICP720'),(362849335,2,'ICP818'),(362849335,3,'ICP740'),(370058038,1,'ICP006'),(370058038,1,'ICP110'),(370058038,1,'ICP311'),(370058038,2,'ICP469'),(370058038,2,'ICP500'),(410309476,1,'ICP001'),(410309476,1,'ICP006'),(410309476,1,'ICP200'),(410309476,2,'ICP002'),(410309476,2,'ICP720'),(410309476,3,'ICP311'),(410309476,4,'ICP500'),(410309476,4,'ICP819'),(410309476,5,'ICP740'),(411681300,1,'ICP006'),(411681300,1,'ICP200'),(411681300,1,'ICP311'),(411681300,2,'ICP500'),(411681300,2,'ICP720'),(411681300,2,'ICP819'),(411681300,3,'ICP740'),(413889315,1,'ICP002'),(413889315,2,'ICP003'),(413889315,2,'ICP311'),(413889315,3,'ICP313'),(413889315,4,'ICP486'),(435075950,1,'ICP002'),(435075950,1,'ICP006'),(435075950,1,'ICP110'),(435075950,1,'ICP720'),(435075950,2,'ICP311'),(435075950,3,'ICP500'),(435075950,4,'ICP740'),(442506203,1,'ICP006'),(442506203,1,'ICP110'),(442506203,1,'ICP311'),(442506203,2,'ICP469'),(442506203,2,'ICP500'),(448741355,1,'ICP001'),(448741355,2,'ICP002'),(448741355,3,'ICP003'),(448741355,3,'ICP311'),(448741355,4,'ICP313'),(448741355,5,'ICP486'),(452470039,1,'ICP006'),(452470039,1,'ICP110'),(452470039,1,'ICP311'),(452470039,2,'ICP500'),(495404878,1,'ICP006'),(495404878,1,'ICP110'),(495404878,1,'ICP200'),(495404878,1,'ICP302'),(495404878,2,'ICP500'),(495404878,2,'ICP720'),(495404878,3,'ICP740'),(496776246,1,'ICP103'),(496776246,2,'ICP341'),(496776246,3,'ICP403'),(497270695,1,'ICP001'),(497270695,1,'ICP103'),(497270695,2,'ICP301'),(497270695,2,'ICP341'),(497270695,2,'ICP386'),(497270695,3,'ICP481'),(506023024,1,'ICP680'),(516484914,1,'ICP006'),(516484914,1,'ICP200'),(516484914,1,'ICP311'),(516484914,2,'ICP500'),(516484914,2,'ICP720'),(516484914,3,'ICP740'),(524497078,1,'ICP006'),(524497078,1,'ICP200'),(524497078,1,'ICP311'),(524497078,2,'ICP500'),(524497078,2,'ICP720'),(524497078,2,'ICP819'),(524497078,3,'ICP740'),(532135187,1,'ICP200'),(532135187,2,'ICP720'),(532135187,3,'ICP811'),(532135187,4,'ICP813'),(561361210,1,'ICP006'),(561361210,1,'ICP200'),(561361210,1,'ICP311'),(561361210,2,'ICP500'),(561361210,2,'ICP720'),(561361210,2,'ICP819'),(561361210,3,'ICP740'),(578460210,1,'ICP110'),(578460210,2,'ICP469'),(601145152,1,'ICP006'),(601145152,1,'ICP200'),(601145152,1,'ICP311'),(601145152,2,'ICP500'),(601145152,2,'ICP720'),(601145152,2,'ICP819'),(601145152,3,'ICP740'),(630767823,1,'ICP006'),(630767823,1,'ICP200'),(630767823,1,'ICP311'),(630767823,2,'ICP500'),(630767823,2,'ICP720'),(630767823,2,'ICP819'),(630767823,3,'ICP740'),(658685554,1,'ICP006'),(658685554,1,'ICP200'),(658685554,1,'ICP311'),(658685554,2,'ICP500'),(658685554,2,'ICP720'),(658685554,3,'ICP740'),(659691843,1,'ICP006'),(659691843,1,'ICP200'),(659691843,1,'ICP311'),(659691843,2,'ICP500'),(659691843,2,'ICP720'),(659691843,3,'ICP740'),(664758087,1,'ICP006'),(664758087,1,'ICP200'),(664758087,1,'ICP311'),(664758087,2,'ICP500'),(664758087,2,'ICP720'),(664758087,2,'ICP819'),(664758087,3,'ICP740'),(669457938,1,'ICP006'),(669457938,1,'ICP200'),(669457938,1,'ICP311'),(669457938,2,'ICP500'),(669457938,2,'ICP720'),(669457938,3,'ICP740'),(683869712,1,'ICP006'),(683869712,1,'ICP200'),(683869712,1,'ICP311'),(683869712,2,'ICP500'),(683869712,2,'ICP720'),(683869712,2,'ICP819'),(683869712,3,'ICP740'),(716407017,1,'ICP006'),(716407017,1,'ICP110'),(716407017,1,'ICP311'),(716407017,1,'ICP720'),(716407017,2,'ICP500'),(716407017,2,'ICP811'),(716407017,3,'ICP813'),(726508464,1,'ICP006'),(726508464,1,'ICP110'),(726508464,1,'ICP311'),(726508464,2,'ICP469'),(726508464,2,'ICP500'),(739074091,1,'ICP006'),(739074091,1,'ICP200'),(739074091,1,'ICP311'),(739074091,2,'ICP500'),(739074091,2,'ICP720'),(739074091,3,'ICP740'),(739546796,1,'ICP006'),(739546796,1,'ICP200'),(739546796,1,'ICP311'),(739546796,2,'ICP500'),(739546796,2,'ICP720'),(739546796,3,'ICP740'),(742695516,1,'ICP001'),(742695516,2,'ICP110'),(742695516,2,'ICP302'),(742695516,3,'ICP500'),(749479466,1,'ICP103'),(749479466,1,'ICP301'),(749479466,1,'ICP386'),(749479466,2,'ICP341'),(749479466,3,'ICP481'),(759784803,1,'ICP001'),(759784803,1,'ICP006'),(759784803,2,'ICP110'),(759784803,2,'ICP302'),(759784803,3,'ICP500'),(784019298,1,'ICP001'),(784019298,1,'ICP103'),(784019298,2,'ICP301'),(784019298,2,'ICP341'),(784019298,2,'ICP386'),(784019298,3,'ICP481'),(809869431,1,'ICP006'),(809869431,1,'ICP110'),(809869431,1,'ICP311'),(809869431,2,'ICP500'),(833064024,1,'ICP001'),(833064024,1,'ICP006'),(833064024,1,'ICP720'),(833064024,2,'ICP002'),(833064024,2,'ICP110'),(833064024,3,'ICP311'),(833064024,4,'ICP500'),(833064024,5,'ICP740'),(882961008,1,'ICP006'),(882961008,1,'ICP110'),(882961008,1,'ICP311'),(882961008,2,'ICP500'),(916025637,1,'ICP001'),(916025637,2,'ICP110'),(916025637,3,'ICP469'),(960676621,1,'ICP006'),(960676621,1,'ICP200'),(960676621,1,'ICP311'),(960676621,2,'ICP500'),(960676621,2,'ICP720'),(960676621,3,'ICP740'),(971245096,1,'ICP006'),(971245096,1,'ICP110'),(971245096,1,'ICP311'),(971245096,2,'ICP469'),(971245096,2,'ICP500');
/*!40000 ALTER TABLE `result` ENABLE KEYS */;
UNLOCK TABLES;

--
-- Table structure for table `rhs`
--

DROP TABLE IF EXISTS `rhs`;
/*!40101 SET @saved_cs_client     = @@character_set_client */;
/*!50503 SET character_set_client = utf8mb4 */;
CREATE TABLE `rhs` (
  `ruleid` int NOT NULL,
  `courseid` varchar(10) NOT NULL,
  PRIMARY KEY (`ruleid`,`courseid`)
) ENGINE=InnoDB DEFAULT CHARSET=latin1;
/*!40101 SET character_set_client = @saved_cs_client */;

--
-- Dumping data for table `rhs`
--

LOCK TABLES `rhs` WRITE;
/*!40000 ALTER TABLE `rhs` DISABLE KEYS */;
INSERT INTO `rhs` VALUES (1,'ICP110'),(2,'ICP311'),(3,'ICP500'),(4,'ICP311'),(5,'ICP500'),(6,'ICP500'),(7,'ICP311'),(8,'ICP500'),(9,'ICP500'),(10,'ICP500'),(11,'ICP500');
/*!40000 ALTER TABLE `rhs` ENABLE KEYS */;
UNLOCK TABLES;

--
-- Table structure for table `ruleinfo`
--

DROP TABLE IF EXISTS `ruleinfo`;
/*!40101 SET @saved_cs_client     = @@character_set_client */;
/*!50503 SET character_set_client = utf8mb4 */;
CREATE TABLE `ruleinfo` (
  `ruleid` int NOT NULL,
  `support` float DEFAULT NULL,
  `confidence` float DEFAULT NULL,
  `lift` float DEFAULT NULL,
  `count` int DEFAULT NULL,
  PRIMARY KEY (`ruleid`)
) ENGINE=InnoDB DEFAULT CHARSET=latin1;
/*!40101 SET character_set_client = @saved_cs_client */;

--
-- Dumping data for table `ruleinfo`
--

LOCK TABLES `ruleinfo` WRITE;
/*!40000 ALTER TABLE `ruleinfo` DISABLE KEYS */;
INSERT INTO `ruleinfo` VALUES (1,0.2,0.719101,1.53765,3),(2,0.2,0.910112,1.69382,3),(3,0.2,1,2.11579,3),(4,0.2,0.670213,1.24734,3),(5,0.2,0.744681,1.57559,3),(6,0.2,0.777778,1.64561,3),(7,0.2,0.875,1.62847,3),(8,0.2,1,2.11579,3),(9,0.2,1,2.11579,3),(10,0.2,0.936508,1.98145,3),(11,0.2,1,2.11579,3);
/*!40000 ALTER TABLE `ruleinfo` ENABLE KEYS */;
UNLOCK TABLES;

--
-- Table structure for table `webservicelist`
--

DROP TABLE IF EXISTS `webservicelist`;
/*!40101 SET @saved_cs_client     = @@character_set_client */;
/*!50503 SET character_set_client = utf8mb4 */;
CREATE TABLE `webservicelist` (
  `webServiceID` varchar(10) NOT NULL,
  `webServiceName` varchar(100) DEFAULT NULL,
  `reputation` float DEFAULT NULL,
  `price` float DEFAULT NULL,
  `duration` int DEFAULT NULL,
  `provider` varchar(50) DEFAULT NULL,
  `url` varchar(100) DEFAULT NULL,
  PRIMARY KEY (`webServiceID`)
) ENGINE=InnoDB DEFAULT CHARSET=latin1;
/*!40101 SET character_set_client = @saved_cs_client */;

--
-- Dumping data for table `webservicelist`
--

LOCK TABLES `webservicelist` WRITE;
/*!40000 ALTER TABLE `webservicelist` DISABLE KEYS */;
INSERT INTO `webservicelist` VALUES ('WSS1','WSS1Name',3,1,3,'serviceprovider','https://serviceprovider.com'),('WSS10','WSS10Name',3,1,3,'serviceprovider','https://serviceprovider.com'),('WSS100','WSS100Name',3,1,3,'serviceprovider','https://serviceprovider.com'),('WSS101','WSS101Name',3,1,3,'serviceprovider','https://serviceprovider.com'),('WSS102','WSS102Name',3,1,3,'serviceprovider','https://serviceprovider.com'),('WSS103','WSS103Name',3,1,3,'serviceprovider','https://serviceprovider.com'),('WSS104','WSS104Name',3,1,3,'serviceprovider','https://serviceprovider.com'),('WSS105','WSS105Name',3,1,3,'serviceprovider','https://serviceprovider.com'),('WSS106','WSS106Name',3,1,3,'serviceprovider','https://serviceprovider.com'),('WSS107','WSS107Name',3,1,3,'serviceprovider','https://serviceprovider.com'),('WSS108','WSS108Name',3,1,3,'serviceprovider','https://serviceprovider.com'),('WSS109','WSS109Name',3,1,3,'serviceprovider','https://serviceprovider.com'),('WSS11','WSS11Name',3,1,3,'serviceprovider','https://serviceprovider.com'),('WSS110','WSS110Name',3,1,3,'serviceprovider','https://serviceprovider.com'),('WSS111','WSS111Name',3,1,3,'serviceprovider','https://serviceprovider.com'),('WSS112','WSS112Name',3,1,3,'serviceprovider','https://serviceprovider.com'),('WSS113','WSS113Name',3,1,3,'serviceprovider','https://serviceprovider.com'),('WSS114','WSS114Name',3,1,3,'serviceprovider','https://serviceprovider.com'),('WSS115','WSS115Name',3,1,3,'serviceprovider','https://serviceprovider.com'),('WSS116','WSS116Name',3,1,3,'serviceprovider','https://serviceprovider.com'),('WSS117','WSS117Name',3,1,3,'serviceprovider','https://serviceprovider.com'),('WSS118','WSS118Name',3,1,3,'serviceprovider','https://serviceprovider.com'),('WSS119','WSS119Name',3,1,3,'serviceprovider','https://serviceprovider.com'),('WSS12','WSS12Name',3,1,3,'serviceprovider','https://serviceprovider.com'),('WSS120','WSS120Name',3,1,3,'serviceprovider','https://serviceprovider.com'),('WSS121','WSS121Name',3,1,3,'serviceprovider','https://serviceprovider.com'),('WSS122','WSS122Name',3,1,3,'serviceprovider','https://serviceprovider.com'),('WSS123','WSS123Name',3,1,3,'serviceprovider','https://serviceprovider.com'),('WSS124','WSS124Name',3,1,3,'serviceprovider','https://serviceprovider.com'),('WSS125','WSS125Name',3,1,3,'serviceprovider','https://serviceprovider.com'),('WSS126','WSS126Name',3,1,3,'serviceprovider','https://serviceprovider.com'),('WSS127','WSS127Name',3,1,3,'serviceprovider','https://serviceprovider.com'),('WSS128','WSS128Name',3,1,3,'serviceprovider','https://serviceprovider.com'),('WSS129','WSS129Name',3,1,3,'serviceprovider','https://serviceprovider.com'),('WSS13','WSS13Name',3,1,3,'serviceprovider','https://serviceprovider.com'),('WSS130','WSS130Name',3,1,3,'serviceprovider','https://serviceprovider.com'),('WSS131','WSS131Name',3,1,3,'serviceprovider','https://serviceprovider.com'),('WSS132','WSS132Name',3,1,3,'serviceprovider','https://serviceprovider.com'),('WSS133','WSS133Name',3,1,3,'serviceprovider','https://serviceprovider.com'),('WSS134','WSS134Name',3,1,3,'serviceprovider','https://serviceprovider.com'),('WSS135','WSS135Name',3,1,3,'serviceprovider','https://serviceprovider.com'),('WSS136','WSS136Name',3,1,3,'serviceprovider','https://serviceprovider.com'),('WSS137','WSS137Name',3,1,3,'serviceprovider','https://serviceprovider.com'),('WSS138','WSS138Name',3,1,3,'serviceprovider','https://serviceprovider.com'),('WSS139','WSS139Name',3,1,3,'serviceprovider','https://serviceprovider.com'),('WSS14','WSS14Name',3,1,3,'serviceprovider','https://serviceprovider.com'),('WSS140','WSS140Name',3,1,3,'serviceprovider','https://serviceprovider.com'),('WSS141','WSS141Name',3,1,3,'serviceprovider','https://serviceprovider.com'),('WSS142','WSS142Name',3,1,3,'serviceprovider','https://serviceprovider.com'),('WSS143','WSS143Name',3,1,3,'serviceprovider','https://serviceprovider.com'),('WSS144','WSS144Name',3,1,3,'serviceprovider','https://serviceprovider.com'),('WSS145','WSS145Name',3,1,3,'serviceprovider','https://serviceprovider.com'),('WSS146','WSS146Name',3,1,3,'serviceprovider','https://serviceprovider.com'),('WSS147','WSS147Name',3,1,3,'serviceprovider','https://serviceprovider.com'),('WSS148','WSS148Name',3,1,3,'serviceprovider','https://serviceprovider.com'),('WSS149','WSS149Name',3,1,3,'serviceprovider','https://serviceprovider.com'),('WSS15','WSS15Name',3,1,3,'serviceprovider','https://serviceprovider.com'),('WSS150','WSS150Name',3,1,3,'serviceprovider','https://serviceprovider.com'),('WSS151','WSS151Name',3,1,3,'serviceprovider','https://serviceprovider.com'),('WSS152','WSS152Name',3,1,3,'serviceprovider','https://serviceprovider.com'),('WSS153','WSS153Name',3,1,3,'serviceprovider','https://serviceprovider.com'),('WSS154','WSS154Name',3,1,3,'serviceprovider','https://serviceprovider.com'),('WSS155','WSS155Name',3,1,3,'serviceprovider','https://serviceprovider.com'),('WSS156','WSS156Name',3,1,3,'serviceprovider','https://serviceprovider.com'),('WSS157','WSS157Name',3,1,3,'serviceprovider','https://serviceprovider.com'),('WSS158','WSS158Name',3,1,3,'serviceprovider','https://serviceprovider.com'),('WSS159','WSS159Name',3,1,3,'serviceprovider','https://serviceprovider.com'),('WSS16','WSS16Name',3,1,3,'serviceprovider','https://serviceprovider.com'),('WSS160','WSS160Name',3,1,3,'serviceprovider','https://serviceprovider.com'),('WSS161','WSS161Name',3,1,3,'serviceprovider','https://serviceprovider.com'),('WSS162','WSS162Name',3,1,3,'serviceprovider','https://serviceprovider.com'),('WSS163','WSS163Name',3,1,3,'serviceprovider','https://serviceprovider.com'),('WSS164','WSS164Name',3,1,3,'serviceprovider','https://serviceprovider.com'),('WSS165','WSS165Name',3,1,3,'serviceprovider','https://serviceprovider.com'),('WSS166','WSS166Name',3,1,3,'serviceprovider','https://serviceprovider.com'),('WSS167','WSS167Name',3,1,3,'serviceprovider','https://serviceprovider.com'),('WSS168','WSS168Name',3,1,3,'serviceprovider','https://serviceprovider.com'),('WSS169','WSS169Name',3,1,3,'serviceprovider','https://serviceprovider.com'),('WSS17','WSS17Name',3,1,3,'serviceprovider','https://serviceprovider.com'),('WSS170','WSS170Name',3,1,3,'serviceprovider','https://serviceprovider.com'),('WSS171','WSS171Name',3,1,3,'serviceprovider','https://serviceprovider.com'),('WSS172','WSS172Name',3,1,3,'serviceprovider','https://serviceprovider.com'),('WSS173','WSS173Name',3,1,3,'serviceprovider','https://serviceprovider.com'),('WSS174','WSS174Name',3,1,3,'serviceprovider','https://serviceprovider.com'),('WSS175','WSS175Name',3,1,3,'serviceprovider','https://serviceprovider.com'),('WSS176','WSS176Name',3,1,3,'serviceprovider','https://serviceprovider.com'),('WSS177','WSS177Name',3,1,3,'serviceprovider','https://serviceprovider.com'),('WSS178','WSS178Name',3,1,3,'serviceprovider','https://serviceprovider.com'),('WSS179','WSS179Name',3,1,3,'serviceprovider','https://serviceprovider.com'),('WSS18','WSS18Name',3,1,3,'serviceprovider','https://serviceprovider.com'),('WSS180','WSS180Name',3,1,3,'serviceprovider','https://serviceprovider.com'),('WSS181','WSS181Name',3,1,3,'serviceprovider','https://serviceprovider.com'),('WSS182','WSS182Name',3,1,3,'serviceprovider','https://serviceprovider.com'),('WSS183','WSS183Name',3,1,3,'serviceprovider','https://serviceprovider.com'),('WSS184','WSS184Name',3,1,3,'serviceprovider','https://serviceprovider.com'),('WSS185','WSS185Name',3,1,3,'serviceprovider','https://serviceprovider.com'),('WSS186','WSS186Name',3,1,3,'serviceprovider','https://serviceprovider.com'),('WSS187','WSS187Name',3,1,3,'serviceprovider','https://serviceprovider.com'),('WSS188','WSS188Name',3,1,3,'serviceprovider','https://serviceprovider.com'),('WSS189','WSS189Name',3,1,3,'serviceprovider','https://serviceprovider.com'),('WSS19','WSS19Name',3,1,3,'serviceprovider','https://serviceprovider.com'),('WSS190','WSS190Name',3,1,3,'serviceprovider','https://serviceprovider.com'),('WSS191','WSS191Name',3,1,3,'serviceprovider','https://serviceprovider.com'),('WSS192','WSS192Name',3,1,3,'serviceprovider','https://serviceprovider.com'),('WSS193','WSS193Name',3,1,3,'serviceprovider','https://serviceprovider.com'),('WSS194','WSS194Name',3,1,3,'serviceprovider','https://serviceprovider.com'),('WSS195','WSS195Name',3,1,3,'serviceprovider','https://serviceprovider.com'),('WSS196','WSS196Name',3,1,3,'serviceprovider','https://serviceprovider.com'),('WSS197','WSS197Name',3,1,3,'serviceprovider','https://serviceprovider.com'),('WSS198','WSS198Name',3,1,3,'serviceprovider','https://serviceprovider.com'),('WSS199','WSS199Name',3,1,3,'serviceprovider','https://serviceprovider.com'),('WSS2','WSS2Name',3,1,3,'serviceprovider','https://serviceprovider.com'),('WSS20','WSS20Name',3,1,3,'serviceprovider','https://serviceprovider.com'),('WSS200','WSS200Name',3,1,3,'serviceprovider','https://serviceprovider.com'),('WSS201','WSS201Name',3,1,3,'serviceprovider','https://serviceprovider.com'),('WSS202','WSS202Name',3,1,3,'serviceprovider','https://serviceprovider.com'),('WSS203','WSS203Name',3,1,3,'serviceprovider','https://serviceprovider.com'),('WSS204','WSS204Name',3,1,3,'serviceprovider','https://serviceprovider.com'),('WSS205','WSS205Name',3,1,3,'serviceprovider','https://serviceprovider.com'),('WSS206','WSS206Name',3,1,3,'serviceprovider','https://serviceprovider.com'),('WSS207','WSS207Name',3,1,3,'serviceprovider','https://serviceprovider.com'),('WSS208','WSS208Name',3,1,3,'serviceprovider','https://serviceprovider.com'),('WSS209','WSS209Name',3,1,3,'serviceprovider','https://serviceprovider.com'),('WSS21','WSS21Name',3,1,3,'serviceprovider','https://serviceprovider.com'),('WSS210','WSS210Name',3,1,3,'serviceprovider','https://serviceprovider.com'),('WSS211','WSS211Name',3,1,3,'serviceprovider','https://serviceprovider.com'),('WSS212','WSS212Name',3,1,3,'serviceprovider','https://serviceprovider.com'),('WSS213','WSS213Name',3,1,3,'serviceprovider','https://serviceprovider.com'),('WSS214','WSS214Name',3,1,3,'serviceprovider','https://serviceprovider.com'),('WSS215','WSS215Name',3,1,3,'serviceprovider','https://serviceprovider.com'),('WSS216','WSS216Name',3,1,3,'serviceprovider','https://serviceprovider.com'),('WSS217','WSS217Name',3,1,3,'serviceprovider','https://serviceprovider.com'),('WSS218','WSS218Name',3,1,3,'serviceprovider','https://serviceprovider.com'),('WSS219','WSS219Name',3,1,3,'serviceprovider','https://serviceprovider.com'),('WSS22','WSS22Name',3,1,3,'serviceprovider','https://serviceprovider.com'),('WSS220','WSS220Name',3,1,3,'serviceprovider','https://serviceprovider.com'),('WSS221','WSS221Name',3,1,3,'serviceprovider','https://serviceprovider.com'),('WSS222','WSS222Name',3,1,3,'serviceprovider','https://serviceprovider.com'),('WSS223','WSS223Name',3,1,3,'serviceprovider','https://serviceprovider.com'),('WSS224','WSS224Name',3,1,3,'serviceprovider','https://serviceprovider.com'),('WSS225','WSS225Name',3,1,3,'serviceprovider','https://serviceprovider.com'),('WSS226','WSS226Name',3,1,3,'serviceprovider','https://serviceprovider.com'),('WSS227','WSS227Name',3,1,3,'serviceprovider','https://serviceprovider.com'),('WSS228','WSS228Name',3,1,3,'serviceprovider','https://serviceprovider.com'),('WSS229','WSS229Name',3,1,3,'serviceprovider','https://serviceprovider.com'),('WSS23','WSS23Name',3,1,3,'serviceprovider','https://serviceprovider.com'),('WSS230','WSS230Name',3,1,3,'serviceprovider','https://serviceprovider.com'),('WSS231','WSS231Name',3,1,3,'serviceprovider','https://serviceprovider.com'),('WSS232','WSS232Name',3,1,3,'serviceprovider','https://serviceprovider.com'),('WSS233','WSS233Name',3,1,3,'serviceprovider','https://serviceprovider.com'),('WSS234','WSS234Name',3,1,3,'serviceprovider','https://serviceprovider.com'),('WSS235','WSS235Name',3,1,3,'serviceprovider','https://serviceprovider.com'),('WSS236','WSS236Name',3,1,3,'serviceprovider','https://serviceprovider.com'),('WSS237','WSS237Name',3,1,3,'serviceprovider','https://serviceprovider.com'),('WSS238','WSS238Name',3,1,3,'serviceprovider','https://serviceprovider.com'),('WSS239','WSS239Name',3,1,3,'serviceprovider','https://serviceprovider.com'),('WSS24','WSS24Name',3,1,3,'serviceprovider','https://serviceprovider.com'),('WSS240','WSS240Name',3,1,3,'serviceprovider','https://serviceprovider.com'),('WSS241','WSS241Name',3,1,3,'serviceprovider','https://serviceprovider.com'),('WSS242','WSS242Name',3,1,3,'serviceprovider','https://serviceprovider.com'),('WSS243','WSS243Name',3,1,3,'serviceprovider','https://serviceprovider.com'),('WSS244','WSS244Name',3,1,3,'serviceprovider','https://serviceprovider.com'),('WSS245','WSS245Name',3,1,3,'serviceprovider','https://serviceprovider.com'),('WSS246','WSS246Name',3,1,3,'serviceprovider','https://serviceprovider.com'),('WSS247','WSS247Name',3,1,3,'serviceprovider','https://serviceprovider.com'),('WSS248','WSS248Name',3,1,3,'serviceprovider','https://serviceprovider.com'),('WSS249','WSS249Name',3,1,3,'serviceprovider','https://serviceprovider.com'),('WSS25','WSS25Name',3,1,3,'serviceprovider','https://serviceprovider.com'),('WSS250','WSS250Name',3,1,3,'serviceprovider','https://serviceprovider.com'),('WSS251','WSS251Name',3,1,3,'serviceprovider','https://serviceprovider.com'),('WSS252','WSS252Name',3,1,3,'serviceprovider','https://serviceprovider.com'),('WSS253','WSS253Name',3,1,3,'serviceprovider','https://serviceprovider.com'),('WSS254','WSS254Name',3,1,3,'serviceprovider','https://serviceprovider.com'),('WSS255','WSS255Name',3,1,3,'serviceprovider','https://serviceprovider.com'),('WSS256','WSS256Name',3,1,3,'serviceprovider','https://serviceprovider.com'),('WSS257','WSS257Name',3,1,3,'serviceprovider','https://serviceprovider.com'),('WSS258','WSS258Name',3,1,3,'serviceprovider','https://serviceprovider.com'),('WSS259','WSS259Name',3,1,3,'serviceprovider','https://serviceprovider.com'),('WSS26','WSS26Name',3,1,3,'serviceprovider','https://serviceprovider.com'),('WSS260','WSS260Name',3,1,3,'serviceprovider','https://serviceprovider.com'),('WSS261','WSS261Name',3,1,3,'serviceprovider','https://serviceprovider.com'),('WSS262','WSS262Name',3,1,3,'serviceprovider','https://serviceprovider.com'),('WSS263','WSS263Name',3,1,3,'serviceprovider','https://serviceprovider.com'),('WSS264','WSS264Name',3,1,3,'serviceprovider','https://serviceprovider.com'),('WSS265','WSS265Name',3,1,3,'serviceprovider','https://serviceprovider.com'),('WSS266','WSS266Name',3,1,3,'serviceprovider','https://serviceprovider.com'),('WSS267','WSS267Name',3,1,3,'serviceprovider','https://serviceprovider.com'),('WSS268','WSS268Name',3,1,3,'serviceprovider','https://serviceprovider.com'),('WSS269','WSS269Name',3,1,3,'serviceprovider','https://serviceprovider.com'),('WSS27','WSS27Name',3,1,3,'serviceprovider','https://serviceprovider.com'),('WSS270','WSS270Name',3,1,3,'serviceprovider','https://serviceprovider.com'),('WSS271','WSS271Name',3,1,3,'serviceprovider','https://serviceprovider.com'),('WSS272','WSS272Name',3,1,3,'serviceprovider','https://serviceprovider.com'),('WSS273','WSS273Name',3,1,3,'serviceprovider','https://serviceprovider.com'),('WSS274','WSS274Name',3,1,3,'serviceprovider','https://serviceprovider.com'),('WSS275','WSS275Name',3,1,3,'serviceprovider','https://serviceprovider.com'),('WSS276','WSS276Name',3,1,3,'serviceprovider','https://serviceprovider.com'),('WSS277','WSS277Name',3,1,3,'serviceprovider','https://serviceprovider.com'),('WSS278','WSS278Name',3,1,3,'serviceprovider','https://serviceprovider.com'),('WSS279','WSS279Name',3,1,3,'serviceprovider','https://serviceprovider.com'),('WSS28','WSS28Name',3,1,3,'serviceprovider','https://serviceprovider.com'),('WSS280','WSS280Name',3,1,3,'serviceprovider','https://serviceprovider.com'),('WSS281','WSS281Name',3,1,3,'serviceprovider','https://serviceprovider.com'),('WSS282','WSS282Name',3,1,3,'serviceprovider','https://serviceprovider.com'),('WSS283','WSS283Name',3,1,3,'serviceprovider','https://serviceprovider.com'),('WSS284','WSS284Name',3,1,3,'serviceprovider','https://serviceprovider.com'),('WSS285','WSS285Name',3,1,3,'serviceprovider','https://serviceprovider.com'),('WSS286','WSS286Name',3,1,3,'serviceprovider','https://serviceprovider.com'),('WSS287','WSS287Name',3,1,3,'serviceprovider','https://serviceprovider.com'),('WSS288','WSS288Name',3,1,3,'serviceprovider','https://serviceprovider.com'),('WSS289','WSS289Name',3,1,3,'serviceprovider','https://serviceprovider.com'),('WSS29','WSS29Name',3,1,3,'serviceprovider','https://serviceprovider.com'),('WSS290','WSS290Name',3,1,3,'serviceprovider','https://serviceprovider.com'),('WSS291','WSS291Name',3,1,3,'serviceprovider','https://serviceprovider.com'),('WSS292','WSS292Name',3,1,3,'serviceprovider','https://serviceprovider.com'),('WSS293','WSS293Name',3,1,3,'serviceprovider','https://serviceprovider.com'),('WSS294','WSS294Name',3,1,3,'serviceprovider','https://serviceprovider.com'),('WSS295','WSS295Name',3,1,3,'serviceprovider','https://serviceprovider.com'),('WSS296','WSS296Name',3,1,3,'serviceprovider','https://serviceprovider.com'),('WSS297','WSS297Name',3,1,3,'serviceprovider','https://serviceprovider.com'),('WSS298','WSS298Name',3,1,3,'serviceprovider','https://serviceprovider.com'),('WSS299','WSS299Name',3,1,3,'serviceprovider','https://serviceprovider.com'),('WSS3','WSS3Name',3,1,3,'serviceprovider','https://serviceprovider.com'),('WSS30','WSS30Name',3,1,3,'serviceprovider','https://serviceprovider.com'),('WSS300','WSS300Name',3,1,3,'serviceprovider','https://serviceprovider.com'),('WSS301','WSS301Name',3,1,3,'serviceprovider','https://serviceprovider.com'),('WSS302','WSS302Name',3,1,3,'serviceprovider','https://serviceprovider.com'),('WSS303','WSS303Name',3,1,3,'serviceprovider','https://serviceprovider.com'),('WSS304','WSS304Name',3,1,3,'serviceprovider','https://serviceprovider.com'),('WSS305','WSS305Name',3,1,3,'serviceprovider','https://serviceprovider.com'),('WSS306','WSS306Name',3,1,3,'serviceprovider','https://serviceprovider.com'),('WSS307','WSS307Name',3,1,3,'serviceprovider','https://serviceprovider.com'),('WSS308','WSS308Name',3,1,3,'serviceprovider','https://serviceprovider.com'),('WSS309','WSS309Name',3,1,3,'serviceprovider','https://serviceprovider.com'),('WSS31','WSS31Name',3,1,3,'serviceprovider','https://serviceprovider.com'),('WSS310','WSS310Name',3,1,3,'serviceprovider','https://serviceprovider.com'),('WSS311','WSS311Name',3,1,3,'serviceprovider','https://serviceprovider.com'),('WSS312','WSS312Name',3,1,3,'serviceprovider','https://serviceprovider.com'),('WSS313','WSS313Name',3,1,3,'serviceprovider','https://serviceprovider.com'),('WSS314','WSS314Name',3,1,3,'serviceprovider','https://serviceprovider.com'),('WSS315','WSS315Name',3,1,3,'serviceprovider','https://serviceprovider.com'),('WSS316','WSS316Name',3,1,3,'serviceprovider','https://serviceprovider.com'),('WSS317','WSS317Name',3,1,3,'serviceprovider','https://serviceprovider.com'),('WSS318','WSS318Name',3,1,3,'serviceprovider','https://serviceprovider.com'),('WSS319','WSS319Name',3,1,3,'serviceprovider','https://serviceprovider.com'),('WSS32','WSS32Name',3,1,3,'serviceprovider','https://serviceprovider.com'),('WSS320','WSS320Name',3,1,3,'serviceprovider','https://serviceprovider.com'),('WSS321','WSS321Name',3,1,3,'serviceprovider','https://serviceprovider.com'),('WSS322','WSS322Name',3,1,3,'serviceprovider','https://serviceprovider.com'),('WSS323','WSS323Name',3,1,3,'serviceprovider','https://serviceprovider.com'),('WSS324','WSS324Name',3,1,3,'serviceprovider','https://serviceprovider.com'),('WSS325','WSS325Name',3,1,3,'serviceprovider','https://serviceprovider.com'),('WSS326','WSS326Name',3,1,3,'serviceprovider','https://serviceprovider.com'),('WSS327','WSS327Name',3,1,3,'serviceprovider','https://serviceprovider.com'),('WSS328','WSS328Name',3,1,3,'serviceprovider','https://serviceprovider.com'),('WSS329','WSS329Name',3,1,3,'serviceprovider','https://serviceprovider.com'),('WSS33','WSS33Name',3,1,3,'serviceprovider','https://serviceprovider.com'),('WSS330','WSS330Name',3,1,3,'serviceprovider','https://serviceprovider.com'),('WSS331','WSS331Name',3,1,3,'serviceprovider','https://serviceprovider.com'),('WSS332','WSS332Name',3,1,3,'serviceprovider','https://serviceprovider.com'),('WSS333','WSS333Name',3,1,3,'serviceprovider','https://serviceprovider.com'),('WSS334','WSS334Name',3,1,3,'serviceprovider','https://serviceprovider.com'),('WSS335','WSS335Name',3,1,3,'serviceprovider','https://serviceprovider.com'),('WSS336','WSS336Name',3,1,3,'serviceprovider','https://serviceprovider.com'),('WSS337','WSS337Name',3,1,3,'serviceprovider','https://serviceprovider.com'),('WSS338','WSS338Name',3,1,3,'serviceprovider','https://serviceprovider.com'),('WSS339','WSS339Name',3,1,3,'serviceprovider','https://serviceprovider.com'),('WSS34','WSS34Name',3,1,3,'serviceprovider','https://serviceprovider.com'),('WSS340','WSS340Name',3,1,3,'serviceprovider','https://serviceprovider.com'),('WSS341','WSS341Name',3,1,3,'serviceprovider','https://serviceprovider.com'),('WSS342','WSS342Name',3,1,3,'serviceprovider','https://serviceprovider.com'),('WSS343','WSS343Name',3,1,3,'serviceprovider','https://serviceprovider.com'),('WSS344','WSS344Name',3,1,3,'serviceprovider','https://serviceprovider.com'),('WSS345','WSS345Name',3,1,3,'serviceprovider','https://serviceprovider.com'),('WSS346','WSS346Name',3,1,3,'serviceprovider','https://serviceprovider.com'),('WSS347','WSS347Name',3,1,3,'serviceprovider','https://serviceprovider.com'),('WSS348','WSS348Name',3,1,3,'serviceprovider','https://serviceprovider.com'),('WSS349','WSS349Name',3,1,3,'serviceprovider','https://serviceprovider.com'),('WSS35','WSS35Name',3,1,3,'serviceprovider','https://serviceprovider.com'),('WSS350','WSS350Name',3,1,3,'serviceprovider','https://serviceprovider.com'),('WSS351','WSS351Name',3,1,3,'serviceprovider','https://serviceprovider.com'),('WSS352','WSS352Name',3,1,3,'serviceprovider','https://serviceprovider.com'),('WSS353','WSS353Name',3,1,3,'serviceprovider','https://serviceprovider.com'),('WSS354','WSS354Name',3,1,3,'serviceprovider','https://serviceprovider.com'),('WSS355','WSS355Name',3,1,3,'serviceprovider','https://serviceprovider.com'),('WSS356','WSS356Name',3,1,3,'serviceprovider','https://serviceprovider.com'),('WSS357','WSS357Name',3,1,3,'serviceprovider','https://serviceprovider.com'),('WSS358','WSS358Name',3,1,3,'serviceprovider','https://serviceprovider.com'),('WSS359','WSS359Name',3,1,3,'serviceprovider','https://serviceprovider.com'),('WSS36','WSS36Name',3,1,3,'serviceprovider','https://serviceprovider.com'),('WSS360','WSS360Name',3,1,3,'serviceprovider','https://serviceprovider.com'),('WSS361','WSS361Name',3,1,3,'serviceprovider','https://serviceprovider.com'),('WSS362','WSS362Name',3,1,3,'serviceprovider','https://serviceprovider.com'),('WSS363','WSS363Name',3,1,3,'serviceprovider','https://serviceprovider.com'),('WSS364','WSS364Name',3,1,3,'serviceprovider','https://serviceprovider.com'),('WSS365','WSS365Name',3,1,3,'serviceprovider','https://serviceprovider.com'),('WSS366','WSS366Name',3,1,3,'serviceprovider','https://serviceprovider.com'),('WSS367','WSS367Name',3,1,3,'serviceprovider','https://serviceprovider.com'),('WSS368','WSS368Name',3,1,3,'serviceprovider','https://serviceprovider.com'),('WSS369','WSS369Name',3,1,3,'serviceprovider','https://serviceprovider.com'),('WSS37','WSS37Name',3,1,3,'serviceprovider','https://serviceprovider.com'),('WSS370','WSS370Name',3,1,3,'serviceprovider','https://serviceprovider.com'),('WSS371','WSS371Name',3,1,3,'serviceprovider','https://serviceprovider.com'),('WSS372','WSS372Name',3,1,3,'serviceprovider','https://serviceprovider.com'),('WSS373','WSS373Name',3,1,3,'serviceprovider','https://serviceprovider.com'),('WSS374','WSS374Name',3,1,3,'serviceprovider','https://serviceprovider.com'),('WSS375','WSS375Name',3,1,3,'serviceprovider','https://serviceprovider.com'),('WSS376','WSS376Name',3,1,3,'serviceprovider','https://serviceprovider.com'),('WSS377','WSS377Name',3,1,3,'serviceprovider','https://serviceprovider.com'),('WSS378','WSS378Name',3,1,3,'serviceprovider','https://serviceprovider.com'),('WSS379','WSS379Name',3,1,3,'serviceprovider','https://serviceprovider.com'),('WSS38','WSS38Name',3,1,3,'serviceprovider','https://serviceprovider.com'),('WSS380','WSS380Name',3,1,3,'serviceprovider','https://serviceprovider.com'),('WSS381','WSS381Name',3,1,3,'serviceprovider','https://serviceprovider.com'),('WSS382','WSS382Name',3,1,3,'serviceprovider','https://serviceprovider.com'),('WSS383','WSS383Name',3,1,3,'serviceprovider','https://serviceprovider.com'),('WSS384','WSS384Name',3,1,3,'serviceprovider','https://serviceprovider.com'),('WSS385','WSS385Name',3,1,3,'serviceprovider','https://serviceprovider.com'),('WSS386','WSS386Name',3,1,3,'serviceprovider','https://serviceprovider.com'),('WSS387','WSS387Name',3,1,3,'serviceprovider','https://serviceprovider.com'),('WSS388','WSS388Name',3,1,3,'serviceprovider','https://serviceprovider.com'),('WSS389','WSS389Name',3,1,3,'serviceprovider','https://serviceprovider.com'),('WSS39','WSS39Name',3,1,3,'serviceprovider','https://serviceprovider.com'),('WSS390','WSS390Name',3,1,3,'serviceprovider','https://serviceprovider.com'),('WSS391','WSS391Name',3,1,3,'serviceprovider','https://serviceprovider.com'),('WSS392','WSS392Name',3,1,3,'serviceprovider','https://serviceprovider.com'),('WSS393','WSS393Name',3,1,3,'serviceprovider','https://serviceprovider.com'),('WSS394','WSS394Name',3,1,3,'serviceprovider','https://serviceprovider.com'),('WSS395','WSS395Name',3,1,3,'serviceprovider','https://serviceprovider.com'),('WSS396','WSS396Name',3,1,3,'serviceprovider','https://serviceprovider.com'),('WSS397','WSS397Name',3,1,3,'serviceprovider','https://serviceprovider.com'),('WSS398','WSS398Name',3,1,3,'serviceprovider','https://serviceprovider.com'),('WSS399','WSS399Name',3,1,3,'serviceprovider','https://serviceprovider.com'),('WSS4','WSS4Name',3,1,3,'serviceprovider','https://serviceprovider.com'),('WSS40','WSS40Name',3,1,3,'serviceprovider','https://serviceprovider.com'),('WSS400','WSS400Name',3,1,3,'serviceprovider','https://serviceprovider.com'),('WSS41','WSS41Name',3,1,3,'serviceprovider','https://serviceprovider.com'),('WSS42','WSS42Name',3,1,3,'serviceprovider','https://serviceprovider.com'),('WSS43','WSS43Name',3,1,3,'serviceprovider','https://serviceprovider.com'),('WSS44','WSS44Name',3,1,3,'serviceprovider','https://serviceprovider.com'),('WSS45','WSS45Name',3,1,3,'serviceprovider','https://serviceprovider.com'),('WSS46','WSS46Name',3,1,3,'serviceprovider','https://serviceprovider.com'),('WSS47','WSS47Name',3,1,3,'serviceprovider','https://serviceprovider.com'),('WSS48','WSS48Name',3,1,3,'serviceprovider','https://serviceprovider.com'),('WSS49','WSS49Name',3,1,3,'serviceprovider','https://serviceprovider.com'),('WSS5','WSS5Name',3,1,3,'serviceprovider','https://serviceprovider.com'),('WSS50','WSS50Name',3,1,3,'serviceprovider','https://serviceprovider.com'),('WSS51','WSS51Name',3,1,3,'serviceprovider','https://serviceprovider.com'),('WSS52','WSS52Name',3,1,3,'serviceprovider','https://serviceprovider.com'),('WSS53','WSS53Name',3,1,3,'serviceprovider','https://serviceprovider.com'),('WSS54','WSS54Name',3,1,3,'serviceprovider','https://serviceprovider.com'),('WSS55','WSS55Name',3,1,3,'serviceprovider','https://serviceprovider.com'),('WSS56','WSS56Name',3,1,3,'serviceprovider','https://serviceprovider.com'),('WSS57','WSS57Name',3,1,3,'serviceprovider','https://serviceprovider.com'),('WSS58','WSS58Name',3,1,3,'serviceprovider','https://serviceprovider.com'),('WSS59','WSS59Name',3,1,3,'serviceprovider','https://serviceprovider.com'),('WSS6','WSS6Name',3,1,3,'serviceprovider','https://serviceprovider.com'),('WSS60','WSS60Name',3,1,3,'serviceprovider','https://serviceprovider.com'),('WSS61','WSS61Name',3,1,3,'serviceprovider','https://serviceprovider.com'),('WSS62','WSS62Name',3,1,3,'serviceprovider','https://serviceprovider.com'),('WSS63','WSS63Name',3,1,3,'serviceprovider','https://serviceprovider.com'),('WSS64','WSS64Name',3,1,3,'serviceprovider','https://serviceprovider.com'),('WSS65','WSS65Name',3,1,3,'serviceprovider','https://serviceprovider.com'),('WSS66','WSS66Name',3,1,3,'serviceprovider','https://serviceprovider.com'),('WSS67','WSS67Name',3,1,3,'serviceprovider','https://serviceprovider.com'),('WSS68','WSS68Name',3,1,3,'serviceprovider','https://serviceprovider.com'),('WSS69','WSS69Name',3,1,3,'serviceprovider','https://serviceprovider.com'),('WSS7','WSS7Name',3,1,3,'serviceprovider','https://serviceprovider.com'),('WSS70','WSS70Name',3,1,3,'serviceprovider','https://serviceprovider.com'),('WSS71','WSS71Name',3,1,3,'serviceprovider','https://serviceprovider.com'),('WSS72','WSS72Name',3,1,3,'serviceprovider','https://serviceprovider.com'),('WSS73','WSS73Name',3,1,3,'serviceprovider','https://serviceprovider.com'),('WSS74','WSS74Name',3,1,3,'serviceprovider','https://serviceprovider.com'),('WSS75','WSS75Name',3,1,3,'serviceprovider','https://serviceprovider.com'),('WSS76','WSS76Name',3,1,3,'serviceprovider','https://serviceprovider.com'),('WSS77','WSS77Name',3,1,3,'serviceprovider','https://serviceprovider.com'),('WSS78','WSS78Name',3,1,3,'serviceprovider','https://serviceprovider.com'),('WSS79','WSS79Name',3,1,3,'serviceprovider','https://serviceprovider.com'),('WSS8','WSS8Name',3,1,3,'serviceprovider','https://serviceprovider.com'),('WSS80','WSS80Name',3,1,3,'serviceprovider','https://serviceprovider.com'),('WSS81','WSS81Name',3,1,3,'serviceprovider','https://serviceprovider.com'),('WSS82','WSS82Name',3,1,3,'serviceprovider','https://serviceprovider.com'),('WSS83','WSS83Name',3,1,3,'serviceprovider','https://serviceprovider.com'),('WSS84','WSS84Name',3,1,3,'serviceprovider','https://serviceprovider.com'),('WSS85','WSS85Name',3,1,3,'serviceprovider','https://serviceprovider.com'),('WSS86','WSS86Name',3,1,3,'serviceprovider','https://serviceprovider.com'),('WSS87','WSS87Name',3,1,3,'serviceprovider','https://serviceprovider.com'),('WSS88','WSS88Name',3,1,3,'serviceprovider','https://serviceprovider.com'),('WSS89','WSS89Name',3,1,3,'serviceprovider','https://serviceprovider.com'),('WSS9','WSS9Name',3,1,3,'serviceprovider','https://serviceprovider.com'),('WSS90','WSS90Name',3,1,3,'serviceprovider','https://serviceprovider.com'),('WSS91','WSS91Name',3,1,3,'serviceprovider','https://serviceprovider.com'),('WSS92','WSS92Name',3,1,3,'serviceprovider','https://serviceprovider.com'),('WSS93','WSS93Name',3,1,3,'serviceprovider','https://serviceprovider.com'),('WSS94','WSS94Name',3,1,3,'serviceprovider','https://serviceprovider.com'),('WSS95','WSS95Name',3,1,3,'serviceprovider','https://serviceprovider.com'),('WSS96','WSS96Name',3,1,3,'serviceprovider','https://serviceprovider.com'),('WSS97','WSS97Name',3,1,3,'serviceprovider','https://serviceprovider.com'),('WSS98','WSS98Name',3,1,3,'serviceprovider','https://serviceprovider.com'),('WSS99','WSS99Name',3,1,3,'serviceprovider','https://serviceprovider.com');
/*!40000 ALTER TABLE `webservicelist` ENABLE KEYS */;
UNLOCK TABLES;
/*!40103 SET TIME_ZONE=@OLD_TIME_ZONE */;

/*!40101 SET SQL_MODE=@OLD_SQL_MODE */;
/*!40014 SET FOREIGN_KEY_CHECKS=@OLD_FOREIGN_KEY_CHECKS */;
/*!40014 SET UNIQUE_CHECKS=@OLD_UNIQUE_CHECKS */;
/*!40101 SET CHARACTER_SET_CLIENT=@OLD_CHARACTER_SET_CLIENT */;
/*!40101 SET CHARACTER_SET_RESULTS=@OLD_CHARACTER_SET_RESULTS */;
/*!40101 SET COLLATION_CONNECTION=@OLD_COLLATION_CONNECTION */;
/*!40111 SET SQL_NOTES=@OLD_SQL_NOTES */;

-- Dump completed on 2023-07-07  0:09:55
