-- MySQL dump 10.13  Distrib 8.0.32, for Win64 (x86_64)
--
-- Host: localhost    Database: autowscs
-- ------------------------------------------------------
-- Server version	8.0.32

/*!40101 SET @OLD_CHARACTER_SET_CLIENT=@@CHARACTER_SET_CLIENT */;
/*!40101 SET @OLD_CHARACTER_SET_RESULTS=@@CHARACTER_SET_RESULTS */;
/*!40101 SET @OLD_COLLATION_CONNECTION=@@COLLATION_CONNECTION */;
/*!50503 SET NAMES utf8mb4 */;
/*!40103 SET @OLD_TIME_ZONE=@@TIME_ZONE */;
/*!40103 SET TIME_ZONE='+00:00' */;
/*!40014 SET @OLD_UNIQUE_CHECKS=@@UNIQUE_CHECKS, UNIQUE_CHECKS=0 */;
/*!40014 SET @OLD_FOREIGN_KEY_CHECKS=@@FOREIGN_KEY_CHECKS, FOREIGN_KEY_CHECKS=0 */;
/*!40101 SET @OLD_SQL_MODE=@@SQL_MODE, SQL_MODE='NO_AUTO_VALUE_ON_ZERO' */;
/*!40111 SET @OLD_SQL_NOTES=@@SQL_NOTES, SQL_NOTES=0 */;

--
-- Table structure for table `auth_group`
--

DROP TABLE IF EXISTS `auth_group`;
/*!40101 SET @saved_cs_client     = @@character_set_client */;
/*!50503 SET character_set_client = utf8mb4 */;
CREATE TABLE `auth_group` (
  `id` int NOT NULL AUTO_INCREMENT,
  `name` varchar(80) NOT NULL,
  PRIMARY KEY (`id`),
  UNIQUE KEY `name` (`name`)
) ENGINE=InnoDB DEFAULT CHARSET=latin1;
/*!40101 SET character_set_client = @saved_cs_client */;

--
-- Dumping data for table `auth_group`
--

LOCK TABLES `auth_group` WRITE;
/*!40000 ALTER TABLE `auth_group` DISABLE KEYS */;
/*!40000 ALTER TABLE `auth_group` ENABLE KEYS */;
UNLOCK TABLES;

--
-- Table structure for table `auth_group_permissions`
--

DROP TABLE IF EXISTS `auth_group_permissions`;
/*!40101 SET @saved_cs_client     = @@character_set_client */;
/*!50503 SET character_set_client = utf8mb4 */;
CREATE TABLE `auth_group_permissions` (
  `id` int NOT NULL AUTO_INCREMENT,
  `group_id` int NOT NULL,
  `permission_id` int NOT NULL,
  PRIMARY KEY (`id`),
  UNIQUE KEY `auth_group_permissions_group_id_permission_id_0cd325b0_uniq` (`group_id`,`permission_id`),
  KEY `auth_group_permissio_permission_id_84c5c92e_fk_auth_perm` (`permission_id`),
  CONSTRAINT `auth_group_permissio_permission_id_84c5c92e_fk_auth_perm` FOREIGN KEY (`permission_id`) REFERENCES `auth_permission` (`id`),
  CONSTRAINT `auth_group_permissions_group_id_b120cbf9_fk_auth_group_id` FOREIGN KEY (`group_id`) REFERENCES `auth_group` (`id`)
) ENGINE=InnoDB DEFAULT CHARSET=latin1;
/*!40101 SET character_set_client = @saved_cs_client */;

--
-- Dumping data for table `auth_group_permissions`
--

LOCK TABLES `auth_group_permissions` WRITE;
/*!40000 ALTER TABLE `auth_group_permissions` DISABLE KEYS */;
/*!40000 ALTER TABLE `auth_group_permissions` ENABLE KEYS */;
UNLOCK TABLES;

--
-- Table structure for table `auth_permission`
--

DROP TABLE IF EXISTS `auth_permission`;
/*!40101 SET @saved_cs_client     = @@character_set_client */;
/*!50503 SET character_set_client = utf8mb4 */;
CREATE TABLE `auth_permission` (
  `id` int NOT NULL AUTO_INCREMENT,
  `name` varchar(255) NOT NULL,
  `content_type_id` int NOT NULL,
  `codename` varchar(100) NOT NULL,
  PRIMARY KEY (`id`),
  UNIQUE KEY `auth_permission_content_type_id_codename_01ab375a_uniq` (`content_type_id`,`codename`),
  CONSTRAINT `auth_permission_content_type_id_2f476e4b_fk_django_co` FOREIGN KEY (`content_type_id`) REFERENCES `django_content_type` (`id`)
) ENGINE=InnoDB AUTO_INCREMENT=25 DEFAULT CHARSET=latin1;
/*!40101 SET character_set_client = @saved_cs_client */;

--
-- Dumping data for table `auth_permission`
--

LOCK TABLES `auth_permission` WRITE;
/*!40000 ALTER TABLE `auth_permission` DISABLE KEYS */;
INSERT INTO `auth_permission` VALUES (1,'Can add log entry',1,'add_logentry'),(2,'Can change log entry',1,'change_logentry'),(3,'Can delete log entry',1,'delete_logentry'),(4,'Can view log entry',1,'view_logentry'),(5,'Can add permission',2,'add_permission'),(6,'Can change permission',2,'change_permission'),(7,'Can delete permission',2,'delete_permission'),(8,'Can view permission',2,'view_permission'),(9,'Can add group',3,'add_group'),(10,'Can change group',3,'change_group'),(11,'Can delete group',3,'delete_group'),(12,'Can view group',3,'view_group'),(13,'Can add user',4,'add_user'),(14,'Can change user',4,'change_user'),(15,'Can delete user',4,'delete_user'),(16,'Can view user',4,'view_user'),(17,'Can add content type',5,'add_contenttype'),(18,'Can change content type',5,'change_contenttype'),(19,'Can delete content type',5,'delete_contenttype'),(20,'Can view content type',5,'view_contenttype'),(21,'Can add session',6,'add_session'),(22,'Can change session',6,'change_session'),(23,'Can delete session',6,'delete_session'),(24,'Can view session',6,'view_session');
/*!40000 ALTER TABLE `auth_permission` ENABLE KEYS */;
UNLOCK TABLES;

--
-- Table structure for table `auth_user`
--

DROP TABLE IF EXISTS `auth_user`;
/*!40101 SET @saved_cs_client     = @@character_set_client */;
/*!50503 SET character_set_client = utf8mb4 */;
CREATE TABLE `auth_user` (
  `id` int NOT NULL AUTO_INCREMENT,
  `password` varchar(128) NOT NULL,
  `last_login` datetime(6) DEFAULT NULL,
  `is_superuser` tinyint(1) NOT NULL,
  `username` varchar(150) NOT NULL,
  `first_name` varchar(30) NOT NULL,
  `last_name` varchar(150) NOT NULL,
  `email` varchar(254) NOT NULL,
  `is_staff` tinyint(1) NOT NULL,
  `is_active` tinyint(1) NOT NULL,
  `date_joined` datetime(6) NOT NULL,
  PRIMARY KEY (`id`),
  UNIQUE KEY `username` (`username`)
) ENGINE=InnoDB AUTO_INCREMENT=2 DEFAULT CHARSET=latin1;
/*!40101 SET character_set_client = @saved_cs_client */;

--
-- Dumping data for table `auth_user`
--

LOCK TABLES `auth_user` WRITE;
/*!40000 ALTER TABLE `auth_user` DISABLE KEYS */;
INSERT INTO `auth_user` VALUES (1,'pbkdf2_sha256$120000$t1PV0MeFrM2P$mdFVt5O/PMrM6U6PP4ei7LDjVNuN0OJi97bq+oRxpQg=','2020-10-19 22:21:14.385392',0,'kgayke','','','k2gaike@gmail.com',0,1,'2020-10-19 22:21:13.589791');
/*!40000 ALTER TABLE `auth_user` ENABLE KEYS */;
UNLOCK TABLES;

--
-- Table structure for table `auth_user_groups`
--

DROP TABLE IF EXISTS `auth_user_groups`;
/*!40101 SET @saved_cs_client     = @@character_set_client */;
/*!50503 SET character_set_client = utf8mb4 */;
CREATE TABLE `auth_user_groups` (
  `id` int NOT NULL AUTO_INCREMENT,
  `user_id` int NOT NULL,
  `group_id` int NOT NULL,
  PRIMARY KEY (`id`),
  UNIQUE KEY `auth_user_groups_user_id_group_id_94350c0c_uniq` (`user_id`,`group_id`),
  KEY `auth_user_groups_group_id_97559544_fk_auth_group_id` (`group_id`),
  CONSTRAINT `auth_user_groups_group_id_97559544_fk_auth_group_id` FOREIGN KEY (`group_id`) REFERENCES `auth_group` (`id`),
  CONSTRAINT `auth_user_groups_user_id_6a12ed8b_fk_auth_user_id` FOREIGN KEY (`user_id`) REFERENCES `auth_user` (`id`)
) ENGINE=InnoDB DEFAULT CHARSET=latin1;
/*!40101 SET character_set_client = @saved_cs_client */;

--
-- Dumping data for table `auth_user_groups`
--

LOCK TABLES `auth_user_groups` WRITE;
/*!40000 ALTER TABLE `auth_user_groups` DISABLE KEYS */;
/*!40000 ALTER TABLE `auth_user_groups` ENABLE KEYS */;
UNLOCK TABLES;

--
-- Table structure for table `auth_user_user_permissions`
--

DROP TABLE IF EXISTS `auth_user_user_permissions`;
/*!40101 SET @saved_cs_client     = @@character_set_client */;
/*!50503 SET character_set_client = utf8mb4 */;
CREATE TABLE `auth_user_user_permissions` (
  `id` int NOT NULL AUTO_INCREMENT,
  `user_id` int NOT NULL,
  `permission_id` int NOT NULL,
  PRIMARY KEY (`id`),
  UNIQUE KEY `auth_user_user_permissions_user_id_permission_id_14a6b632_uniq` (`user_id`,`permission_id`),
  KEY `auth_user_user_permi_permission_id_1fbb5f2c_fk_auth_perm` (`permission_id`),
  CONSTRAINT `auth_user_user_permi_permission_id_1fbb5f2c_fk_auth_perm` FOREIGN KEY (`permission_id`) REFERENCES `auth_permission` (`id`),
  CONSTRAINT `auth_user_user_permissions_user_id_a95ead1b_fk_auth_user_id` FOREIGN KEY (`user_id`) REFERENCES `auth_user` (`id`)
) ENGINE=InnoDB DEFAULT CHARSET=latin1;
/*!40101 SET character_set_client = @saved_cs_client */;

--
-- Dumping data for table `auth_user_user_permissions`
--

LOCK TABLES `auth_user_user_permissions` WRITE;
/*!40000 ALTER TABLE `auth_user_user_permissions` DISABLE KEYS */;
/*!40000 ALTER TABLE `auth_user_user_permissions` ENABLE KEYS */;
UNLOCK TABLES;

--
-- Table structure for table `careerpath`
--

DROP TABLE IF EXISTS `careerpath`;
/*!40101 SET @saved_cs_client     = @@character_set_client */;
/*!50503 SET character_set_client = utf8mb4 */;
CREATE TABLE `careerpath` (
  `careerPathID` char(4) NOT NULL,
  `careerPathName` varchar(50) DEFAULT NULL,
  PRIMARY KEY (`careerPathID`)
) ENGINE=InnoDB DEFAULT CHARSET=latin1;
/*!40101 SET character_set_client = @saved_cs_client */;

--
-- Dumping data for table `careerpath`
--

LOCK TABLES `careerpath` WRITE;
/*!40000 ALTER TABLE `careerpath` DISABLE KEYS */;
INSERT INTO `careerpath` VALUES ('C100','Data Analyst');
/*!40000 ALTER TABLE `careerpath` ENABLE KEYS */;
UNLOCK TABLES;

--
-- Table structure for table `django_admin_log`
--

DROP TABLE IF EXISTS `django_admin_log`;
/*!40101 SET @saved_cs_client     = @@character_set_client */;
/*!50503 SET character_set_client = utf8mb4 */;
CREATE TABLE `django_admin_log` (
  `id` int NOT NULL AUTO_INCREMENT,
  `action_time` datetime(6) NOT NULL,
  `object_id` longtext,
  `object_repr` varchar(200) NOT NULL,
  `action_flag` smallint unsigned NOT NULL,
  `change_message` longtext NOT NULL,
  `content_type_id` int DEFAULT NULL,
  `user_id` int NOT NULL,
  PRIMARY KEY (`id`),
  KEY `django_admin_log_content_type_id_c4bce8eb_fk_django_co` (`content_type_id`),
  KEY `django_admin_log_user_id_c564eba6_fk_auth_user_id` (`user_id`),
  CONSTRAINT `django_admin_log_content_type_id_c4bce8eb_fk_django_co` FOREIGN KEY (`content_type_id`) REFERENCES `django_content_type` (`id`),
  CONSTRAINT `django_admin_log_user_id_c564eba6_fk_auth_user_id` FOREIGN KEY (`user_id`) REFERENCES `auth_user` (`id`)
) ENGINE=InnoDB DEFAULT CHARSET=latin1;
/*!40101 SET character_set_client = @saved_cs_client */;

--
-- Dumping data for table `django_admin_log`
--

LOCK TABLES `django_admin_log` WRITE;
/*!40000 ALTER TABLE `django_admin_log` DISABLE KEYS */;
/*!40000 ALTER TABLE `django_admin_log` ENABLE KEYS */;
UNLOCK TABLES;

--
-- Table structure for table `django_content_type`
--

DROP TABLE IF EXISTS `django_content_type`;
/*!40101 SET @saved_cs_client     = @@character_set_client */;
/*!50503 SET character_set_client = utf8mb4 */;
CREATE TABLE `django_content_type` (
  `id` int NOT NULL AUTO_INCREMENT,
  `app_label` varchar(100) NOT NULL,
  `model` varchar(100) NOT NULL,
  PRIMARY KEY (`id`),
  UNIQUE KEY `django_content_type_app_label_model_76bd3d3b_uniq` (`app_label`,`model`)
) ENGINE=InnoDB AUTO_INCREMENT=7 DEFAULT CHARSET=latin1;
/*!40101 SET character_set_client = @saved_cs_client */;

--
-- Dumping data for table `django_content_type`
--

LOCK TABLES `django_content_type` WRITE;
/*!40000 ALTER TABLE `django_content_type` DISABLE KEYS */;
INSERT INTO `django_content_type` VALUES (1,'admin','logentry'),(3,'auth','group'),(2,'auth','permission'),(4,'auth','user'),(5,'contenttypes','contenttype'),(6,'sessions','session');
/*!40000 ALTER TABLE `django_content_type` ENABLE KEYS */;
UNLOCK TABLES;

--
-- Table structure for table `django_migrations`
--

DROP TABLE IF EXISTS `django_migrations`;
/*!40101 SET @saved_cs_client     = @@character_set_client */;
/*!50503 SET character_set_client = utf8mb4 */;
CREATE TABLE `django_migrations` (
  `id` int NOT NULL AUTO_INCREMENT,
  `app` varchar(255) NOT NULL,
  `name` varchar(255) NOT NULL,
  `applied` datetime(6) NOT NULL,
  PRIMARY KEY (`id`)
) ENGINE=InnoDB AUTO_INCREMENT=16 DEFAULT CHARSET=latin1;
/*!40101 SET character_set_client = @saved_cs_client */;

--
-- Dumping data for table `django_migrations`
--

LOCK TABLES `django_migrations` WRITE;
/*!40000 ALTER TABLE `django_migrations` DISABLE KEYS */;
INSERT INTO `django_migrations` VALUES (1,'contenttypes','0001_initial','2020-03-09 23:45:06.538733'),(2,'auth','0001_initial','2020-03-09 23:45:10.018233'),(3,'admin','0001_initial','2020-03-09 23:45:11.118233'),(4,'admin','0002_logentry_remove_auto_add','2020-03-09 23:45:11.139233'),(5,'admin','0003_logentry_add_action_flag_choices','2020-03-09 23:45:11.169233'),(6,'contenttypes','0002_remove_content_type_name','2020-03-09 23:45:11.498233'),(7,'auth','0002_alter_permission_name_max_length','2020-03-09 23:45:11.539233'),(8,'auth','0003_alter_user_email_max_length','2020-03-09 23:45:11.619233'),(9,'auth','0004_alter_user_username_opts','2020-03-09 23:45:11.629233'),(10,'auth','0005_alter_user_last_login_null','2020-03-09 23:45:11.770233'),(11,'auth','0006_require_contenttypes_0002','2020-03-09 23:45:11.810233'),(12,'auth','0007_alter_validators_add_error_messages','2020-03-09 23:45:11.820233'),(13,'auth','0008_alter_user_username_max_length','2020-03-09 23:45:11.831233'),(14,'auth','0009_alter_user_last_name_max_length','2020-03-09 23:45:11.949233'),(15,'sessions','0001_initial','2020-03-09 23:45:12.140233');
/*!40000 ALTER TABLE `django_migrations` ENABLE KEYS */;
UNLOCK TABLES;

--
-- Table structure for table `django_session`
--

DROP TABLE IF EXISTS `django_session`;
/*!40101 SET @saved_cs_client     = @@character_set_client */;
/*!50503 SET character_set_client = utf8mb4 */;
CREATE TABLE `django_session` (
  `session_key` varchar(40) NOT NULL,
  `session_data` longtext NOT NULL,
  `expire_date` datetime(6) NOT NULL,
  PRIMARY KEY (`session_key`),
  KEY `django_session_expire_date_a5c62663` (`expire_date`)
) ENGINE=InnoDB DEFAULT CHARSET=latin1;
/*!40101 SET character_set_client = @saved_cs_client */;

--
-- Dumping data for table `django_session`
--

LOCK TABLES `django_session` WRITE;
/*!40000 ALTER TABLE `django_session` DISABLE KEYS */;
INSERT INTO `django_session` VALUES ('tyl1c5xdi2x8x2jwg76rgv4m7k8zrh9f','Y2FhMTEwYWE3NTdhZjlkMTFkYzhlMDM0OGM4NTU4YzVjZGQwZDM0Njp7Il9hdXRoX3VzZXJfaWQiOiIxIiwiX2F1dGhfdXNlcl9iYWNrZW5kIjoiZGphbmdvLmNvbnRyaWIuYXV0aC5iYWNrZW5kcy5Nb2RlbEJhY2tlbmQiLCJfYXV0aF91c2VyX2hhc2giOiJmMzIyNjA4ZWY3OTQ5MWYwMTUwOGMyMDFlMDIzZmRjNjI3MTU4N2IzIn0=','2020-11-02 22:21:14.400992');
/*!40000 ALTER TABLE `django_session` ENABLE KEYS */;
UNLOCK TABLES;

--
-- Table structure for table `initialgoalparameter`
--

DROP TABLE IF EXISTS `initialgoalparameter`;
/*!40101 SET @saved_cs_client     = @@character_set_client */;
/*!50503 SET character_set_client = utf8mb4 */;
CREATE TABLE `initialgoalparameter` (
  `transactionID` bigint NOT NULL,
  `iorg` varchar(10) NOT NULL,
  `parameterID` varchar(10) NOT NULL,
  PRIMARY KEY (`transactionID`,`iorg`,`parameterID`),
  KEY `knowledgeID` (`parameterID`),
  CONSTRAINT `initialgoalparameter_ibfk_1` FOREIGN KEY (`parameterID`) REFERENCES `parameterlist` (`parameterID`)
) ENGINE=InnoDB DEFAULT CHARSET=latin1;
/*!40101 SET character_set_client = @saved_cs_client */;

--
-- Dumping data for table `initialgoalparameter`
--

LOCK TABLES `initialgoalparameter` WRITE;
/*!40000 ALTER TABLE `initialgoalparameter` DISABLE KEYS */;
INSERT INTO `initialgoalparameter` VALUES (1,'G','p1'),(4,'G','p1'),(5,'I','p1'),(6,'G','p1'),(7,'I','p1'),(9,'G','p1'),(10,'I','p1'),(11,'I','p1'),(13,'I','p1'),(14,'G','p1'),(19,'I','p1'),(24,'I','p1'),(28,'I','p1'),(29,'I','p1'),(30,'I','p1'),(2,'I','p10'),(3,'I','p10'),(4,'I','p10'),(6,'I','p10'),(10,'I','p10'),(18,'I','p10'),(19,'I','p10'),(20,'I','p10'),(21,'I','p10'),(23,'G','p10'),(25,'I','p10'),(26,'G','p10'),(29,'G','p10'),(30,'G','p10'),(1,'G','p11'),(3,'I','p11'),(5,'G','p11'),(9,'I','p11'),(15,'I','p11'),(17,'I','p11'),(19,'I','p11'),(23,'I','p11'),(27,'I','p11'),(1,'I','p12'),(2,'I','p12'),(7,'I','p12'),(8,'I','p12'),(10,'I','p12'),(12,'I','p12'),(13,'I','p12'),(17,'I','p12'),(19,'G','p12'),(20,'G','p12'),(22,'I','p12'),(24,'I','p12'),(25,'I','p12'),(2,'I','p13'),(5,'I','p13'),(9,'I','p13'),(11,'I','p13'),(13,'I','p13'),(16,'I','p13'),(18,'I','p13'),(22,'I','p13'),(23,'I','p13'),(24,'G','p13'),(30,'I','p13'),(1,'I','p14'),(3,'I','p14'),(5,'I','p14'),(7,'I','p14'),(8,'G','p14'),(12,'G','p14'),(14,'G','p14'),(16,'G','p14'),(18,'I','p14'),(19,'I','p14'),(21,'I','p14'),(25,'I','p14'),(26,'I','p14'),(27,'G','p14'),(28,'I','p14'),(29,'G','p14'),(1,'G','p15'),(2,'I','p15'),(3,'I','p15'),(6,'G','p15'),(7,'I','p15'),(11,'I','p15'),(15,'G','p15'),(16,'I','p15'),(20,'I','p15'),(21,'G','p15'),(23,'I','p15'),(27,'G','p15'),(30,'G','p15'),(2,'I','p16'),(3,'I','p16'),(4,'G','p16'),(10,'I','p16'),(11,'I','p16'),(12,'I','p16'),(13,'I','p16'),(15,'I','p16'),(18,'I','p16'),(22,'I','p16'),(25,'I','p16'),(27,'G','p16'),(9,'I','p17'),(10,'I','p17'),(15,'G','p17'),(16,'I','p17'),(17,'I','p17'),(19,'I','p17'),(20,'I','p17'),(21,'G','p17'),(24,'I','p17'),(25,'G','p17'),(28,'G','p17'),(29,'I','p17'),(5,'G','p18'),(12,'I','p18'),(13,'G','p18'),(15,'I','p18'),(16,'I','p18'),(17,'G','p18'),(19,'I','p18'),(20,'I','p18'),(24,'I','p18'),(29,'G','p18'),(4,'I','p19'),(6,'I','p19'),(8,'I','p19'),(10,'I','p19'),(11,'I','p19'),(14,'G','p19'),(17,'I','p19'),(18,'I','p19'),(23,'G','p19'),(24,'G','p19'),(25,'I','p19'),(27,'G','p19'),(1,'G','p2'),(2,'G','p2'),(3,'I','p2'),(4,'I','p2'),(6,'I','p2'),(7,'G','p2'),(11,'I','p2'),(15,'I','p2'),(16,'I','p2'),(17,'I','p2'),(29,'G','p2'),(2,'G','p20'),(3,'I','p20'),(4,'G','p20'),(6,'I','p20'),(7,'G','p20'),(11,'G','p20'),(13,'I','p20'),(15,'I','p20'),(18,'I','p20'),(20,'G','p20'),(25,'I','p20'),(26,'G','p20'),(30,'I','p20'),(6,'I','p21'),(7,'I','p21'),(8,'G','p21'),(10,'I','p21'),(12,'G','p21'),(14,'G','p21'),(19,'I','p21'),(22,'I','p21'),(23,'G','p21'),(24,'I','p21'),(25,'G','p21'),(26,'I','p21'),(30,'G','p21'),(4,'I','p22'),(5,'I','p22'),(6,'I','p22'),(7,'I','p22'),(10,'G','p22'),(12,'G','p22'),(14,'G','p22'),(15,'G','p22'),(18,'G','p22'),(23,'G','p22'),(25,'I','p22'),(27,'I','p22'),(28,'G','p22'),(4,'I','p23'),(5,'G','p23'),(6,'G','p23'),(7,'I','p23'),(8,'G','p23'),(9,'G','p23'),(12,'I','p23'),(13,'I','p23'),(14,'I','p23'),(15,'I','p23'),(18,'I','p23'),(22,'I','p23'),(25,'G','p23'),(27,'G','p23'),(28,'I','p23'),(29,'I','p23'),(3,'I','p24'),(4,'I','p24'),(5,'I','p24'),(6,'I','p24'),(9,'I','p24'),(11,'I','p24'),(12,'G','p24'),(14,'I','p24'),(17,'G','p24'),(19,'I','p24'),(20,'G','p24'),(21,'I','p24'),(22,'G','p24'),(26,'I','p24'),(28,'I','p24'),(29,'G','p24'),(1,'I','p25'),(2,'G','p25'),(3,'I','p25'),(4,'G','p25'),(8,'I','p25'),(9,'I','p25'),(10,'G','p25'),(14,'I','p25'),(26,'I','p25'),(27,'I','p25'),(28,'G','p25'),(1,'I','p26'),(3,'I','p26'),(7,'G','p26'),(9,'I','p26'),(10,'I','p26'),(11,'I','p26'),(14,'I','p26'),(15,'G','p26'),(16,'I','p26'),(19,'I','p26'),(21,'I','p26'),(27,'I','p26'),(28,'G','p26'),(30,'I','p26'),(2,'G','p27'),(6,'G','p27'),(9,'I','p27'),(16,'I','p27'),(17,'G','p27'),(20,'I','p27'),(23,'I','p27'),(26,'G','p27'),(30,'I','p27'),(2,'G','p28'),(3,'G','p28'),(4,'I','p28'),(9,'I','p28'),(12,'G','p28'),(13,'G','p28'),(15,'I','p28'),(16,'I','p28'),(20,'I','p28'),(21,'G','p28'),(23,'I','p28'),(28,'I','p28'),(29,'G','p28'),(30,'I','p28'),(5,'G','p29'),(11,'G','p29'),(12,'G','p29'),(14,'G','p29'),(17,'I','p29'),(18,'I','p29'),(21,'I','p29'),(23,'I','p29'),(26,'I','p29'),(27,'I','p29'),(29,'I','p29'),(30,'I','p29'),(13,'G','p3'),(14,'G','p3'),(19,'I','p3'),(21,'I','p3'),(22,'I','p3'),(23,'I','p3'),(25,'I','p3'),(30,'I','p3'),(1,'I','p30'),(2,'I','p30'),(3,'G','p30'),(4,'I','p30'),(7,'G','p30'),(10,'G','p30'),(17,'G','p30'),(20,'I','p30'),(22,'G','p30'),(26,'G','p30'),(30,'I','p30'),(1,'I','p31'),(2,'I','p31'),(3,'I','p31'),(6,'I','p31'),(10,'I','p31'),(12,'I','p31'),(16,'I','p31'),(17,'G','p31'),(18,'G','p31'),(20,'I','p31'),(23,'I','p31'),(29,'I','p31'),(1,'I','p32'),(3,'I','p32'),(7,'I','p32'),(9,'I','p32'),(11,'I','p32'),(13,'I','p32'),(18,'G','p32'),(23,'I','p32'),(26,'I','p32'),(27,'I','p32'),(28,'G','p32'),(3,'G','p33'),(5,'I','p33'),(8,'G','p33'),(11,'I','p33'),(12,'G','p33'),(14,'I','p33'),(16,'G','p33'),(17,'I','p33'),(18,'G','p33'),(20,'I','p33'),(24,'G','p33'),(25,'G','p33'),(29,'I','p33'),(1,'I','p34'),(2,'G','p34'),(3,'G','p34'),(5,'G','p34'),(7,'I','p34'),(8,'I','p34'),(9,'I','p34'),(14,'I','p34'),(15,'G','p34'),(16,'I','p34'),(18,'I','p34'),(21,'I','p34'),(23,'G','p34'),(25,'I','p34'),(27,'I','p34'),(30,'G','p34'),(3,'I','p35'),(4,'G','p35'),(5,'I','p35'),(8,'I','p35'),(9,'I','p35'),(10,'I','p35'),(11,'G','p35'),(13,'G','p35'),(14,'I','p35'),(19,'G','p35'),(22,'G','p35'),(25,'G','p35'),(2,'I','p36'),(4,'I','p36'),(7,'I','p36'),(8,'I','p36'),(10,'G','p36'),(13,'I','p36'),(15,'I','p36'),(16,'G','p36'),(18,'I','p36'),(25,'G','p36'),(30,'I','p36'),(2,'I','p37'),(3,'I','p37'),(9,'G','p37'),(12,'I','p37'),(13,'I','p37'),(17,'G','p37'),(19,'G','p37'),(23,'I','p37'),(28,'I','p37'),(30,'I','p37'),(1,'G','p38'),(4,'I','p38'),(5,'G','p38'),(6,'G','p38'),(9,'G','p38'),(10,'I','p38'),(11,'I','p38'),(12,'I','p38'),(13,'G','p38'),(17,'G','p38'),(19,'I','p38'),(20,'I','p38'),(21,'G','p38'),(22,'I','p38'),(23,'I','p38'),(25,'G','p38'),(28,'I','p38'),(1,'I','p39'),(2,'I','p39'),(5,'I','p39'),(6,'I','p39'),(7,'G','p39'),(14,'I','p39'),(17,'I','p39'),(20,'G','p39'),(21,'I','p39'),(22,'G','p39'),(23,'I','p39'),(26,'I','p39'),(27,'I','p39'),(2,'I','p4'),(8,'I','p4'),(11,'I','p4'),(12,'G','p4'),(13,'I','p4'),(14,'I','p4'),(15,'I','p4'),(17,'I','p4'),(18,'I','p4'),(19,'G','p4'),(26,'G','p4'),(27,'I','p4'),(29,'I','p4'),(30,'I','p4'),(1,'G','p40'),(2,'I','p40'),(4,'I','p40'),(8,'G','p40'),(12,'G','p40'),(13,'I','p40'),(16,'G','p40'),(17,'I','p40'),(18,'I','p40'),(21,'G','p40'),(25,'I','p40'),(26,'G','p40'),(27,'I','p40'),(28,'I','p40'),(1,'I','p41'),(4,'I','p41'),(5,'I','p41'),(6,'I','p41'),(7,'I','p41'),(8,'I','p41'),(10,'G','p41'),(11,'I','p41'),(12,'I','p41'),(13,'G','p41'),(14,'I','p41'),(15,'G','p41'),(16,'G','p41'),(21,'I','p41'),(23,'I','p41'),(26,'I','p41'),(27,'G','p41'),(28,'G','p41'),(1,'I','p42'),(4,'I','p42'),(5,'I','p42'),(6,'G','p42'),(7,'I','p42'),(8,'I','p42'),(9,'I','p42'),(10,'G','p42'),(11,'G','p42'),(12,'I','p42'),(20,'I','p42'),(22,'I','p42'),(23,'I','p42'),(28,'I','p42'),(29,'G','p42'),(30,'I','p42'),(1,'G','p43'),(2,'G','p43'),(6,'I','p43'),(7,'I','p43'),(8,'I','p43'),(12,'I','p43'),(13,'I','p43'),(15,'I','p43'),(17,'I','p43'),(21,'G','p43'),(23,'G','p43'),(24,'I','p43'),(26,'G','p43'),(29,'I','p43'),(4,'I','p44'),(6,'I','p44'),(8,'I','p44'),(9,'G','p44'),(11,'G','p44'),(12,'I','p44'),(14,'I','p44'),(15,'I','p44'),(16,'G','p44'),(18,'I','p44'),(20,'I','p44'),(22,'G','p44'),(24,'I','p44'),(25,'I','p44'),(26,'I','p44'),(27,'I','p44'),(29,'I','p44'),(3,'G','p45'),(4,'I','p45'),(8,'G','p45'),(9,'G','p45'),(16,'G','p45'),(19,'I','p45'),(21,'I','p45'),(22,'I','p45'),(24,'I','p45'),(25,'I','p45'),(26,'G','p45'),(1,'I','p46'),(4,'I','p46'),(11,'I','p46'),(14,'I','p46'),(15,'G','p46'),(18,'G','p46'),(19,'I','p46'),(21,'I','p46'),(22,'I','p46'),(24,'I','p46'),(25,'I','p46'),(26,'I','p46'),(28,'I','p46'),(4,'I','p47'),(6,'G','p47'),(15,'G','p47'),(16,'I','p47'),(18,'I','p47'),(24,'I','p47'),(27,'I','p47'),(28,'I','p47'),(5,'I','p48'),(7,'I','p48'),(8,'G','p48'),(9,'I','p48'),(13,'I','p48'),(16,'I','p48'),(20,'I','p48'),(21,'I','p48'),(22,'I','p48'),(28,'G','p48'),(29,'I','p48'),(1,'I','p49'),(2,'I','p49'),(3,'G','p49'),(5,'G','p49'),(10,'I','p49'),(11,'G','p49'),(13,'I','p49'),(17,'I','p49'),(19,'G','p49'),(20,'G','p49'),(21,'I','p49'),(22,'I','p49'),(24,'I','p49'),(26,'I','p49'),(27,'I','p49'),(28,'I','p49'),(30,'G','p49'),(4,'I','p5'),(5,'I','p5'),(7,'G','p5'),(9,'I','p5'),(10,'G','p5'),(11,'G','p5'),(16,'I','p5'),(19,'G','p5'),(20,'G','p5'),(22,'I','p5'),(23,'I','p5'),(24,'G','p5'),(27,'I','p5'),(28,'G','p5'),(30,'I','p5'),(1,'I','p50'),(9,'I','p50'),(19,'G','p50'),(20,'I','p50'),(21,'G','p50'),(23,'I','p50'),(24,'G','p50'),(26,'I','p50'),(27,'I','p50'),(28,'I','p50'),(2,'I','p51'),(3,'I','p51'),(5,'I','p51'),(7,'I','p51'),(14,'I','p51'),(15,'I','p51'),(16,'I','p51'),(17,'I','p51'),(18,'I','p51'),(19,'I','p51'),(21,'I','p51'),(22,'I','p51'),(25,'G','p51'),(26,'I','p51'),(27,'G','p51'),(29,'I','p51'),(30,'I','p51'),(2,'I','p52'),(6,'I','p52'),(7,'G','p52'),(12,'I','p52'),(15,'I','p52'),(16,'G','p52'),(18,'I','p52'),(20,'I','p52'),(22,'I','p52'),(26,'I','p52'),(27,'G','p52'),(28,'I','p52'),(30,'G','p52'),(3,'G','p53'),(5,'G','p53'),(8,'I','p53'),(9,'I','p53'),(10,'I','p53'),(12,'I','p53'),(14,'G','p53'),(15,'I','p53'),(21,'G','p53'),(24,'G','p53'),(26,'G','p53'),(28,'G','p53'),(29,'I','p53'),(30,'I','p53'),(3,'G','p54'),(5,'I','p54'),(7,'G','p54'),(9,'I','p54'),(10,'I','p54'),(13,'I','p54'),(14,'G','p54'),(16,'I','p54'),(17,'G','p54'),(18,'G','p54'),(23,'G','p54'),(24,'I','p54'),(28,'I','p54'),(30,'G','p54'),(4,'G','p55'),(7,'I','p55'),(8,'G','p55'),(11,'I','p55'),(13,'I','p55'),(14,'I','p55'),(15,'I','p55'),(17,'I','p55'),(18,'G','p55'),(23,'I','p55'),(24,'G','p55'),(25,'I','p55'),(26,'I','p55'),(27,'I','p55'),(29,'I','p55'),(1,'I','p56'),(2,'G','p56'),(3,'G','p56'),(7,'I','p56'),(8,'I','p56'),(10,'I','p56'),(12,'I','p56'),(16,'G','p56'),(18,'I','p56'),(24,'I','p56'),(25,'I','p56'),(27,'G','p56'),(29,'I','p56'),(30,'G','p56'),(4,'I','p57'),(6,'I','p57'),(9,'G','p57'),(10,'G','p57'),(11,'G','p57'),(12,'I','p57'),(13,'I','p57'),(19,'I','p57'),(20,'I','p57'),(21,'I','p57'),(22,'I','p57'),(9,'G','p58'),(13,'G','p58'),(14,'I','p58'),(15,'G','p58'),(19,'I','p58'),(29,'I','p58'),(1,'G','p59'),(2,'G','p59'),(3,'I','p59'),(4,'G','p59'),(6,'I','p59'),(7,'G','p59'),(12,'I','p59'),(15,'I','p59'),(16,'I','p59'),(17,'I','p59'),(18,'G','p59'),(19,'G','p59'),(22,'I','p59'),(24,'I','p59'),(26,'I','p59'),(5,'G','p6'),(6,'G','p6'),(9,'G','p6'),(10,'I','p6'),(16,'G','p6'),(17,'I','p6'),(18,'G','p6'),(19,'I','p6'),(20,'I','p6'),(22,'I','p6'),(25,'I','p6'),(30,'G','p6'),(1,'I','p60'),(3,'I','p60'),(5,'I','p60'),(7,'G','p60'),(9,'I','p60'),(10,'I','p60'),(14,'I','p60'),(16,'I','p60'),(20,'I','p60'),(22,'G','p60'),(26,'I','p60'),(27,'I','p60'),(29,'I','p60'),(4,'G','p61'),(5,'I','p61'),(14,'I','p61'),(17,'I','p61'),(18,'I','p61'),(19,'I','p61'),(20,'I','p61'),(21,'I','p61'),(23,'I','p61'),(27,'G','p61'),(28,'I','p61'),(30,'I','p61'),(2,'I','p62'),(4,'I','p62'),(8,'I','p62'),(11,'I','p62'),(13,'I','p62'),(15,'I','p62'),(18,'I','p62'),(24,'I','p62'),(29,'I','p62'),(30,'I','p62'),(1,'I','p63'),(6,'G','p63'),(8,'I','p63'),(10,'I','p63'),(11,'I','p63'),(13,'I','p63'),(17,'G','p63'),(19,'G','p63'),(21,'G','p63'),(22,'G','p63'),(23,'G','p63'),(24,'G','p63'),(25,'G','p63'),(26,'I','p63'),(29,'I','p63'),(2,'I','p64'),(3,'I','p64'),(5,'G','p64'),(6,'I','p64'),(7,'I','p64'),(10,'I','p64'),(11,'I','p64'),(12,'I','p64'),(14,'G','p64'),(17,'I','p64'),(19,'I','p64'),(20,'G','p64'),(21,'I','p64'),(23,'G','p64'),(26,'G','p64'),(27,'I','p64'),(28,'G','p64'),(2,'I','p65'),(5,'I','p65'),(6,'G','p65'),(8,'I','p65'),(10,'I','p65'),(11,'G','p65'),(13,'G','p65'),(16,'I','p65'),(21,'G','p65'),(22,'G','p65'),(25,'I','p65'),(26,'I','p65'),(27,'I','p65'),(28,'I','p65'),(29,'I','p65'),(30,'I','p65'),(8,'G','p66'),(9,'I','p66'),(18,'I','p66'),(23,'I','p66'),(24,'G','p66'),(30,'I','p66'),(1,'G','p67'),(5,'I','p67'),(9,'I','p67'),(10,'G','p67'),(13,'I','p67'),(17,'G','p67'),(20,'G','p67'),(22,'G','p67'),(23,'I','p67'),(24,'I','p67'),(26,'I','p67'),(1,'G','p68'),(3,'I','p68'),(6,'I','p68'),(8,'G','p68'),(12,'I','p68'),(13,'G','p68'),(14,'I','p68'),(24,'G','p68'),(25,'I','p68'),(29,'G','p68'),(1,'I','p69'),(2,'I','p69'),(14,'I','p69'),(15,'I','p69'),(17,'I','p69'),(20,'I','p69'),(21,'I','p69'),(24,'I','p69'),(29,'G','p69'),(1,'I','p7'),(5,'I','p7'),(6,'I','p7'),(7,'I','p7'),(8,'I','p7'),(11,'G','p7'),(12,'I','p7'),(15,'I','p7'),(16,'I','p7'),(17,'I','p7'),(22,'G','p7'),(24,'I','p7'),(25,'I','p7'),(27,'I','p7'),(28,'I','p7'),(2,'I','p70'),(3,'I','p70'),(4,'G','p70'),(6,'I','p70'),(8,'I','p70'),(11,'I','p70'),(15,'I','p70'),(20,'G','p70'),(21,'I','p70'),(24,'I','p70'),(29,'I','p70'),(6,'I','p8'),(7,'I','p8'),(8,'I','p8'),(9,'G','p8'),(12,'I','p8'),(13,'G','p8'),(14,'I','p8'),(16,'I','p8'),(19,'I','p8'),(20,'G','p8'),(21,'I','p8'),(22,'I','p8'),(25,'I','p8'),(28,'I','p8'),(30,'G','p8'),(1,'I','p9'),(2,'G','p9'),(3,'G','p9'),(4,'G','p9'),(5,'I','p9'),(8,'I','p9'),(10,'G','p9'),(11,'I','p9'),(12,'G','p9'),(15,'G','p9'),(18,'G','p9'),(19,'G','p9'),(22,'I','p9'),(23,'G','p9'),(24,'I','p9'),(25,'G','p9'),(28,'I','p9'),(29,'G','p9');
/*!40000 ALTER TABLE `initialgoalparameter` ENABLE KEYS */;
UNLOCK TABLES;

--
-- Table structure for table `inputparameter`
--

DROP TABLE IF EXISTS `inputparameter`;
/*!40101 SET @saved_cs_client     = @@character_set_client */;
/*!50503 SET character_set_client = utf8mb4 */;
CREATE TABLE `inputparameter` (
  `webServiceID` varchar(10) NOT NULL,
  `parameterID` varchar(10) NOT NULL,
  PRIMARY KEY (`webServiceID`,`parameterID`),
  KEY `knowledgeID` (`parameterID`)
) ENGINE=InnoDB DEFAULT CHARSET=latin1;
/*!40101 SET character_set_client = @saved_cs_client */;

--
-- Dumping data for table `inputparameter`
--

LOCK TABLES `inputparameter` WRITE;
/*!40000 ALTER TABLE `inputparameter` DISABLE KEYS */;
INSERT INTO `inputparameter` VALUES ('WSS108','p1'),('WSS230','p1'),('WSS286','p1'),('WSS32','p1'),('WSS372','p1'),('WSS375','p1'),('WSS388','p1'),('WSS41','p1'),('WSS418','p1'),('WSS44','p1'),('WSS467','p1'),('WSS478','p1'),('WSS492','p1'),('WSS512','p1'),('WSS533','p1'),('WSS535','p1'),('WSS537','p1'),('WSS549','p1'),('WSS552','p1'),('WSS610','p1'),('WSS620','p1'),('WSS633','p1'),('WSS644','p1'),('WSS646','p1'),('WSS647','p1'),('WSS662','p1'),('WSS724','p1'),('WSS754','p1'),('WSS805','p1'),('WSS806','p1'),('WSS81','p1'),('WSS814','p1'),('WSS82','p1'),('WSS828','p1'),('WSS831','p1'),('WSS834','p1'),('WSS837','p1'),('WSS891','p1'),('WSS903','p1'),('WSS931','p1'),('WSS964','p1'),('WSS967','p1'),('WSS987','p1'),('WSS995','p1'),('WSS1','p10'),('WSS105','p10'),('WSS114','p10'),('WSS124','p10'),('WSS13','p10'),('WSS152','p10'),('WSS194','p10'),('WSS236','p10'),('WSS25','p10'),('WSS305','p10'),('WSS306','p10'),('WSS310','p10'),('WSS313','p10'),('WSS338','p10'),('WSS372','p10'),('WSS38','p10'),('WSS393','p10'),('WSS407','p10'),('WSS425','p10'),('WSS435','p10'),('WSS445','p10'),('WSS448','p10'),('WSS475','p10'),('WSS483','p10'),('WSS515','p10'),('WSS628','p10'),('WSS676','p10'),('WSS69','p10'),('WSS701','p10'),('WSS702','p10'),('WSS733','p10'),('WSS739','p10'),('WSS756','p10'),('WSS774','p10'),('WSS779','p10'),('WSS780','p10'),('WSS817','p10'),('WSS818','p10'),('WSS865','p10'),('WSS909','p10'),('WSS917','p10'),('WSS949','p10'),('WSS972','p10'),('WSS978','p10'),('WSS985','p10'),('WSS110','p11'),('WSS118','p11'),('WSS120','p11'),('WSS135','p11'),('WSS143','p11'),('WSS147','p11'),('WSS167','p11'),('WSS190','p11'),('WSS235','p11'),('WSS271','p11'),('WSS273','p11'),('WSS28','p11'),('WSS287','p11'),('WSS29','p11'),('WSS296','p11'),('WSS297','p11'),('WSS323','p11'),('WSS334','p11'),('WSS352','p11'),('WSS364','p11'),('WSS391','p11'),('WSS398','p11'),('WSS40','p11'),('WSS412','p11'),('WSS422','p11'),('WSS465','p11'),('WSS474','p11'),('WSS491','p11'),('WSS521','p11'),('WSS531','p11'),('WSS548','p11'),('WSS60','p11'),('WSS643','p11'),('WSS651','p11'),('WSS662','p11'),('WSS67','p11'),('WSS690','p11'),('WSS708','p11'),('WSS71','p11'),('WSS732','p11'),('WSS745','p11'),('WSS769','p11'),('WSS772','p11'),('WSS810','p11'),('WSS83','p11'),('WSS838','p11'),('WSS863','p11'),('WSS87','p11'),('WSS887','p11'),('WSS894','p11'),('WSS941','p11'),('WSS953','p11'),('WSS981','p11'),('WSS169','p12'),('WSS194','p12'),('WSS212','p12'),('WSS232','p12'),('WSS254','p12'),('WSS266','p12'),('WSS278','p12'),('WSS312','p12'),('WSS329','p12'),('WSS369','p12'),('WSS37','p12'),('WSS395','p12'),('WSS397','p12'),('WSS428','p12'),('WSS452','p12'),('WSS457','p12'),('WSS472','p12'),('WSS487','p12'),('WSS5','p12'),('WSS500','p12'),('WSS510','p12'),('WSS521','p12'),('WSS526','p12'),('WSS527','p12'),('WSS545','p12'),('WSS563','p12'),('WSS618','p12'),('WSS65','p12'),('WSS650','p12'),('WSS687','p12'),('WSS693','p12'),('WSS775','p12'),('WSS8','p12'),('WSS811','p12'),('WSS824','p12'),('WSS910','p12'),('WSS914','p12'),('WSS122','p13'),('WSS13','p13'),('WSS133','p13'),('WSS158','p13'),('WSS246','p13'),('WSS252','p13'),('WSS279','p13'),('WSS305','p13'),('WSS311','p13'),('WSS313','p13'),('WSS319','p13'),('WSS321','p13'),('WSS33','p13'),('WSS332','p13'),('WSS384','p13'),('WSS400','p13'),('WSS475','p13'),('WSS540','p13'),('WSS566','p13'),('WSS580','p13'),('WSS660','p13'),('WSS674','p13'),('WSS689','p13'),('WSS691','p13'),('WSS70','p13'),('WSS719','p13'),('WSS741','p13'),('WSS77','p13'),('WSS804','p13'),('WSS836','p13'),('WSS842','p13'),('WSS844','p13'),('WSS924','p13'),('WSS950','p13'),('WSS952','p13'),('WSS967','p13'),('WSS115','p14'),('WSS124','p14'),('WSS140','p14'),('WSS177','p14'),('WSS187','p14'),('WSS202','p14'),('WSS21','p14'),('WSS211','p14'),('WSS28','p14'),('WSS280','p14'),('WSS349','p14'),('WSS393','p14'),('WSS399','p14'),('WSS403','p14'),('WSS427','p14'),('WSS431','p14'),('WSS437','p14'),('WSS440','p14'),('WSS454','p14'),('WSS487','p14'),('WSS50','p14'),('WSS535','p14'),('WSS55','p14'),('WSS556','p14'),('WSS581','p14'),('WSS609','p14'),('WSS626','p14'),('WSS644','p14'),('WSS664','p14'),('WSS683','p14'),('WSS690','p14'),('WSS698','p14'),('WSS744','p14'),('WSS746','p14'),('WSS785','p14'),('WSS82','p14'),('WSS862','p14'),('WSS868','p14'),('WSS883','p14'),('WSS899','p14'),('WSS900','p14'),('WSS905','p14'),('WSS939','p14'),('WSS971','p14'),('WSS994','p14'),('WSS997','p14'),('WSS12','p15'),('WSS123','p15'),('WSS161','p15'),('WSS175','p15'),('WSS19','p15'),('WSS204','p15'),('WSS210','p15'),('WSS227','p15'),('WSS247','p15'),('WSS25','p15'),('WSS255','p15'),('WSS273','p15'),('WSS301','p15'),('WSS302','p15'),('WSS310','p15'),('WSS329','p15'),('WSS379','p15'),('WSS385','p15'),('WSS426','p15'),('WSS430','p15'),('WSS449','p15'),('WSS460','p15'),('WSS483','p15'),('WSS605','p15'),('WSS620','p15'),('WSS64','p15'),('WSS650','p15'),('WSS66','p15'),('WSS708','p15'),('WSS747','p15'),('WSS751','p15'),('WSS789','p15'),('WSS79','p15'),('WSS841','p15'),('WSS901','p15'),('WSS917','p15'),('WSS937','p15'),('WSS941','p15'),('WSS943','p15'),('WSS949','p15'),('WSS970','p15'),('WSS974','p15'),('WSS1','p16'),('WSS122','p16'),('WSS127','p16'),('WSS144','p16'),('WSS161','p16'),('WSS175','p16'),('WSS182','p16'),('WSS197','p16'),('WSS207','p16'),('WSS216','p16'),('WSS228','p16'),('WSS242','p16'),('WSS317','p16'),('WSS330','p16'),('WSS341','p16'),('WSS357','p16'),('WSS370','p16'),('WSS384','p16'),('WSS394','p16'),('WSS400','p16'),('WSS410','p16'),('WSS493','p16'),('WSS506','p16'),('WSS550','p16'),('WSS57','p16'),('WSS570','p16'),('WSS658','p16'),('WSS664','p16'),('WSS670','p16'),('WSS671','p16'),('WSS696','p16'),('WSS761','p16'),('WSS775','p16'),('WSS783','p16'),('WSS799','p16'),('WSS832','p16'),('WSS840','p16'),('WSS844','p16'),('WSS872','p16'),('WSS876','p16'),('WSS884','p16'),('WSS920','p16'),('WSS930','p16'),('WSS981','p16'),('WSS114','p17'),('WSS126','p17'),('WSS150','p17'),('WSS170','p17'),('WSS200','p17'),('WSS212','p17'),('WSS215','p17'),('WSS218','p17'),('WSS231','p17'),('WSS238','p17'),('WSS248','p17'),('WSS26','p17'),('WSS272','p17'),('WSS273','p17'),('WSS330','p17'),('WSS376','p17'),('WSS391','p17'),('WSS406','p17'),('WSS432','p17'),('WSS447','p17'),('WSS464','p17'),('WSS530','p17'),('WSS539','p17'),('WSS571','p17'),('WSS577','p17'),('WSS607','p17'),('WSS612','p17'),('WSS622','p17'),('WSS634','p17'),('WSS677','p17'),('WSS698','p17'),('WSS735','p17'),('WSS794','p17'),('WSS808','p17'),('WSS836','p17'),('WSS862','p17'),('WSS921','p17'),('WSS943','p17'),('WSS957','p17'),('WSS999','p17'),('WSS121','p18'),('WSS150','p18'),('WSS173','p18'),('WSS197','p18'),('WSS200','p18'),('WSS217','p18'),('WSS274','p18'),('WSS333','p18'),('WSS337','p18'),('WSS347','p18'),('WSS352','p18'),('WSS436','p18'),('WSS449','p18'),('WSS451','p18'),('WSS46','p18'),('WSS476','p18'),('WSS486','p18'),('WSS496','p18'),('WSS500','p18'),('WSS506','p18'),('WSS522','p18'),('WSS537','p18'),('WSS579','p18'),('WSS587','p18'),('WSS651','p18'),('WSS717','p18'),('WSS73','p18'),('WSS778','p18'),('WSS80','p18'),('WSS825','p18'),('WSS85','p18'),('WSS850','p18'),('WSS854','p18'),('WSS856','p18'),('WSS871','p18'),('WSS877','p18'),('WSS91','p18'),('WSS923','p18'),('WSS93','p18'),('WSS932','p18'),('WSS935','p18'),('WSS938','p18'),('WSS951','p18'),('WSS997','p18'),('WSS109','p19'),('WSS155','p19'),('WSS165','p19'),('WSS166','p19'),('WSS168','p19'),('WSS259','p19'),('WSS335','p19'),('WSS350','p19'),('WSS352','p19'),('WSS365','p19'),('WSS367','p19'),('WSS401','p19'),('WSS453','p19'),('WSS473','p19'),('WSS483','p19'),('WSS491','p19'),('WSS514','p19'),('WSS515','p19'),('WSS566','p19'),('WSS581','p19'),('WSS589','p19'),('WSS609','p19'),('WSS615','p19'),('WSS661','p19'),('WSS667','p19'),('WSS699','p19'),('WSS771','p19'),('WSS777','p19'),('WSS794','p19'),('WSS804','p19'),('WSS821','p19'),('WSS827','p19'),('WSS88','p19'),('WSS898','p19'),('WSS901','p19'),('WSS934','p19'),('WSS953','p19'),('WSS970','p19'),('WSS989','p19'),('WSS995','p19'),('WSS106','p2'),('WSS109','p2'),('WSS170','p2'),('WSS213','p2'),('WSS23','p2'),('WSS236','p2'),('WSS256','p2'),('WSS269','p2'),('WSS301','p2'),('WSS335','p2'),('WSS378','p2'),('WSS429','p2'),('WSS432','p2'),('WSS440','p2'),('WSS482','p2'),('WSS489','p2'),('WSS498','p2'),('WSS501','p2'),('WSS549','p2'),('WSS554','p2'),('WSS578','p2'),('WSS597','p2'),('WSS635','p2'),('WSS680','p2'),('WSS699','p2'),('WSS765','p2'),('WSS818','p2'),('WSS832','p2'),('WSS836','p2'),('WSS859','p2'),('WSS871','p2'),('WSS878','p2'),('WSS918','p2'),('WSS944','p2'),('WSS963','p2'),('WSS975','p2'),('WSS980','p2'),('WSS103','p20'),('WSS128','p20'),('WSS130','p20'),('WSS140','p20'),('WSS239','p20'),('WSS299','p20'),('WSS328','p20'),('WSS363','p20'),('WSS393','p20'),('WSS406','p20'),('WSS41','p20'),('WSS428','p20'),('WSS435','p20'),('WSS465','p20'),('WSS494','p20'),('WSS503','p20'),('WSS518','p20'),('WSS540','p20'),('WSS554','p20'),('WSS58','p20'),('WSS602','p20'),('WSS637','p20'),('WSS65','p20'),('WSS658','p20'),('WSS670','p20'),('WSS672','p20'),('WSS731','p20'),('WSS754','p20'),('WSS757','p20'),('WSS759','p20'),('WSS793','p20'),('WSS799','p20'),('WSS858','p20'),('WSS880','p20'),('WSS884','p20'),('WSS922','p20'),('WSS926','p20'),('WSS934','p20'),('WSS102','p21'),('WSS15','p21'),('WSS156','p21'),('WSS162','p21'),('WSS163','p21'),('WSS19','p21'),('WSS193','p21'),('WSS203','p21'),('WSS205','p21'),('WSS206','p21'),('WSS219','p21'),('WSS223','p21'),('WSS225','p21'),('WSS232','p21'),('WSS357','p21'),('WSS359','p21'),('WSS374','p21'),('WSS377','p21'),('WSS378','p21'),('WSS396','p21'),('WSS398','p21'),('WSS441','p21'),('WSS459','p21'),('WSS479','p21'),('WSS488','p21'),('WSS542','p21'),('WSS568','p21'),('WSS569','p21'),('WSS579','p21'),('WSS582','p21'),('WSS590','p21'),('WSS597','p21'),('WSS598','p21'),('WSS600','p21'),('WSS634','p21'),('WSS716','p21'),('WSS752','p21'),('WSS758','p21'),('WSS776','p21'),('WSS785','p21'),('WSS793','p21'),('WSS816','p21'),('WSS87','p21'),('WSS921','p21'),('WSS926','p21'),('WSS947','p21'),('WSS961','p21'),('WSS975','p21'),('WSS989','p21'),('WSS125','p22'),('WSS138','p22'),('WSS174','p22'),('WSS188','p22'),('WSS194','p22'),('WSS211','p22'),('WSS217','p22'),('WSS222','p22'),('WSS287','p22'),('WSS309','p22'),('WSS317','p22'),('WSS327','p22'),('WSS33','p22'),('WSS333','p22'),('WSS365','p22'),('WSS42','p22'),('WSS452','p22'),('WSS528','p22'),('WSS544','p22'),('WSS569','p22'),('WSS630','p22'),('WSS641','p22'),('WSS674','p22'),('WSS704','p22'),('WSS709','p22'),('WSS726','p22'),('WSS731','p22'),('WSS764','p22'),('WSS771','p22'),('WSS776','p22'),('WSS781','p22'),('WSS805','p22'),('WSS816','p22'),('WSS848','p22'),('WSS877','p22'),('WSS895','p22'),('WSS960','p22'),('WSS996','p22'),('WSS113','p23'),('WSS119','p23'),('WSS128','p23'),('WSS143','p23'),('WSS160','p23'),('WSS182','p23'),('WSS183','p23'),('WSS185','p23'),('WSS210','p23'),('WSS214','p23'),('WSS24','p23'),('WSS303','p23'),('WSS320','p23'),('WSS323','p23'),('WSS359','p23'),('WSS418','p23'),('WSS434','p23'),('WSS438','p23'),('WSS467','p23'),('WSS506','p23'),('WSS51','p23'),('WSS533','p23'),('WSS538','p23'),('WSS539','p23'),('WSS553','p23'),('WSS562','p23'),('WSS603','p23'),('WSS614','p23'),('WSS622','p23'),('WSS627','p23'),('WSS685','p23'),('WSS689','p23'),('WSS719','p23'),('WSS739','p23'),('WSS741','p23'),('WSS745','p23'),('WSS78','p23'),('WSS792','p23'),('WSS801','p23'),('WSS844','p23'),('WSS847','p23'),('WSS849','p23'),('WSS857','p23'),('WSS860','p23'),('WSS863','p23'),('WSS912','p23'),('WSS937','p23'),('WSS949','p23'),('WSS959','p23'),('WSS988','p23'),('WSS989','p23'),('WSS107','p24'),('WSS135','p24'),('WSS144','p24'),('WSS147','p24'),('WSS166','p24'),('WSS170','p24'),('WSS221','p24'),('WSS224','p24'),('WSS241','p24'),('WSS267','p24'),('WSS289','p24'),('WSS292','p24'),('WSS331','p24'),('WSS36','p24'),('WSS421','p24'),('WSS423','p24'),('WSS431','p24'),('WSS45','p24'),('WSS456','p24'),('WSS473','p24'),('WSS485','p24'),('WSS498','p24'),('WSS519','p24'),('WSS525','p24'),('WSS549','p24'),('WSS578','p24'),('WSS582','p24'),('WSS583','p24'),('WSS588','p24'),('WSS598','p24'),('WSS617','p24'),('WSS655','p24'),('WSS681','p24'),('WSS688','p24'),('WSS702','p24'),('WSS711','p24'),('WSS723','p24'),('WSS733','p24'),('WSS775','p24'),('WSS788','p24'),('WSS796','p24'),('WSS812','p24'),('WSS829','p24'),('WSS852','p24'),('WSS865','p24'),('WSS919','p24'),('WSS965','p24'),('WSS995','p24'),('WSS14','p25'),('WSS148','p25'),('WSS154','p25'),('WSS164','p25'),('WSS183','p25'),('WSS219','p25'),('WSS262','p25'),('WSS27','p25'),('WSS296','p25'),('WSS324','p25'),('WSS337','p25'),('WSS346','p25'),('WSS35','p25'),('WSS360','p25'),('WSS381','p25'),('WSS39','p25'),('WSS404','p25'),('WSS439','p25'),('WSS443','p25'),('WSS447','p25'),('WSS453','p25'),('WSS459','p25'),('WSS462','p25'),('WSS56','p25'),('WSS576','p25'),('WSS591','p25'),('WSS600','p25'),('WSS639','p25'),('WSS7','p25'),('WSS72','p25'),('WSS726','p25'),('WSS792','p25'),('WSS825','p25'),('WSS857','p25'),('WSS867','p25'),('WSS906','p25'),('WSS908','p25'),('WSS931','p25'),('WSS955','p25'),('WSS962','p25'),('WSS980','p25'),('WSS990','p25'),('WSS12','p26'),('WSS136','p26'),('WSS143','p26'),('WSS17','p26'),('WSS182','p26'),('WSS192','p26'),('WSS196','p26'),('WSS2','p26'),('WSS211','p26'),('WSS221','p26'),('WSS240','p26'),('WSS253','p26'),('WSS3','p26'),('WSS304','p26'),('WSS31','p26'),('WSS339','p26'),('WSS34','p26'),('WSS386','p26'),('WSS390','p26'),('WSS415','p26'),('WSS417','p26'),('WSS459','p26'),('WSS501','p26'),('WSS567','p26'),('WSS614','p26'),('WSS638','p26'),('WSS686','p26'),('WSS7','p26'),('WSS703','p26'),('WSS721','p26'),('WSS75','p26'),('WSS807','p26'),('WSS866','p26'),('WSS873','p26'),('WSS915','p26'),('WSS92','p26'),('WSS927','p26'),('WSS952','p26'),('WSS954','p26'),('WSS97','p26'),('WSS106','p27'),('WSS11','p27'),('WSS121','p27'),('WSS126','p27'),('WSS160','p27'),('WSS189','p27'),('WSS257','p27'),('WSS260','p27'),('WSS283','p27'),('WSS289','p27'),('WSS31','p27'),('WSS334','p27'),('WSS415','p27'),('WSS42','p27'),('WSS427','p27'),('WSS430','p27'),('WSS478','p27'),('WSS519','p27'),('WSS520','p27'),('WSS523','p27'),('WSS539','p27'),('WSS546','p27'),('WSS548','p27'),('WSS562','p27'),('WSS584','p27'),('WSS619','p27'),('WSS653','p27'),('WSS656','p27'),('WSS663','p27'),('WSS685','p27'),('WSS69','p27'),('WSS728','p27'),('WSS749','p27'),('WSS800','p27'),('WSS820','p27'),('WSS826','p27'),('WSS843','p27'),('WSS855','p27'),('WSS861','p27'),('WSS893','p27'),('WSS907','p27'),('WSS947','p27'),('WSS954','p27'),('WSS972','p27'),('WSS985','p27'),('WSS179','p28'),('WSS190','p28'),('WSS201','p28'),('WSS250','p28'),('WSS282','p28'),('WSS288','p28'),('WSS29','p28'),('WSS307','p28'),('WSS314','p28'),('WSS324','p28'),('WSS355','p28'),('WSS370','p28'),('WSS38','p28'),('WSS382','p28'),('WSS413','p28'),('WSS426','p28'),('WSS441','p28'),('WSS448','p28'),('WSS451','p28'),('WSS455','p28'),('WSS467','p28'),('WSS471','p28'),('WSS472','p28'),('WSS484','p28'),('WSS488','p28'),('WSS516','p28'),('WSS522','p28'),('WSS524','p28'),('WSS534','p28'),('WSS567','p28'),('WSS586','p28'),('WSS599','p28'),('WSS628','p28'),('WSS63','p28'),('WSS631','p28'),('WSS666','p28'),('WSS675','p28'),('WSS686','p28'),('WSS734','p28'),('WSS767','p28'),('WSS78','p28'),('WSS784','p28'),('WSS802','p28'),('WSS823','p28'),('WSS839','p28'),('WSS849','p28'),('WSS868','p28'),('WSS890','p28'),('WSS970','p28'),('WSS986','p28'),('WSS117','p29'),('WSS168','p29'),('WSS173','p29'),('WSS179','p29'),('WSS191','p29'),('WSS195','p29'),('WSS232','p29'),('WSS254','p29'),('WSS277','p29'),('WSS280','p29'),('WSS309','p29'),('WSS341','p29'),('WSS35','p29'),('WSS437','p29'),('WSS454','p29'),('WSS46','p29'),('WSS468','p29'),('WSS474','p29'),('WSS496','p29'),('WSS52','p29'),('WSS571','p29'),('WSS572','p29'),('WSS591','p29'),('WSS596','p29'),('WSS610','p29'),('WSS616','p29'),('WSS621','p29'),('WSS624','p29'),('WSS626','p29'),('WSS679','p29'),('WSS694','p29'),('WSS707','p29'),('WSS730','p29'),('WSS736','p29'),('WSS738','p29'),('WSS74','p29'),('WSS786','p29'),('WSS787','p29'),('WSS950','p29'),('WSS958','p29'),('WSS967','p29'),('WSS99','p29'),('WSS108','p3'),('WSS131','p3'),('WSS216','p3'),('WSS220','p3'),('WSS223','p3'),('WSS23','p3'),('WSS242','p3'),('WSS291','p3'),('WSS368','p3'),('WSS37','p3'),('WSS400','p3'),('WSS405','p3'),('WSS41','p3'),('WSS432','p3'),('WSS443','p3'),('WSS450','p3'),('WSS468','p3'),('WSS507','p3'),('WSS509','p3'),('WSS510','p3'),('WSS528','p3'),('WSS559','p3'),('WSS560','p3'),('WSS57','p3'),('WSS573','p3'),('WSS576','p3'),('WSS582','p3'),('WSS604','p3'),('WSS611','p3'),('WSS642','p3'),('WSS66','p3'),('WSS663','p3'),('WSS691','p3'),('WSS706','p3'),('WSS718','p3'),('WSS833','p3'),('WSS847','p3'),('WSS862','p3'),('WSS876','p3'),('WSS878','p3'),('WSS882','p3'),('WSS977','p3'),('WSS110','p30'),('WSS150','p30'),('WSS159','p30'),('WSS199','p30'),('WSS213','p30'),('WSS252','p30'),('WSS258','p30'),('WSS315','p30'),('WSS329','p30'),('WSS347','p30'),('WSS349','p30'),('WSS363','p30'),('WSS40','p30'),('WSS405','p30'),('WSS471','p30'),('WSS497','p30'),('WSS509','p30'),('WSS51','p30'),('WSS518','p30'),('WSS519','p30'),('WSS532','p30'),('WSS543','p30'),('WSS602','p30'),('WSS615','p30'),('WSS619','p30'),('WSS628','p30'),('WSS645','p30'),('WSS648','p30'),('WSS697','p30'),('WSS750','p30'),('WSS781','p30'),('WSS799','p30'),('WSS811','p30'),('WSS819','p30'),('WSS821','p30'),('WSS830','p30'),('WSS857','p30'),('WSS859','p30'),('WSS898','p30'),('WSS930','p30'),('WSS934','p30'),('WSS951','p30'),('WSS130','p31'),('WSS139','p31'),('WSS231','p31'),('WSS233','p31'),('WSS277','p31'),('WSS290','p31'),('WSS292','p31'),('WSS30','p31'),('WSS311','p31'),('WSS401','p31'),('WSS433','p31'),('WSS450','p31'),('WSS486','p31'),('WSS502','p31'),('WSS558','p31'),('WSS564','p31'),('WSS579','p31'),('WSS606','p31'),('WSS613','p31'),('WSS64','p31'),('WSS692','p31'),('WSS728','p31'),('WSS729','p31'),('WSS734','p31'),('WSS746','p31'),('WSS774','p31'),('WSS789','p31'),('WSS817','p31'),('WSS820','p31'),('WSS829','p31'),('WSS876','p31'),('WSS885','p31'),('WSS900','p31'),('WSS906','p31'),('WSS920','p31'),('WSS993','p31'),('WSS103','p32'),('WSS112','p32'),('WSS151','p32'),('WSS171','p32'),('WSS199','p32'),('WSS269','p32'),('WSS270','p32'),('WSS279','p32'),('WSS299','p32'),('WSS30','p32'),('WSS355','p32'),('WSS419','p32'),('WSS420','p32'),('WSS421','p32'),('WSS43','p32'),('WSS455','p32'),('WSS474','p32'),('WSS530','p32'),('WSS592','p32'),('WSS623','p32'),('WSS637','p32'),('WSS649','p32'),('WSS671','p32'),('WSS690','p32'),('WSS714','p32'),('WSS76','p32'),('WSS763','p32'),('WSS769','p32'),('WSS770','p32'),('WSS800','p32'),('WSS872','p32'),('WSS88','p32'),('WSS894','p32'),('WSS895','p32'),('WSS914','p32'),('WSS915','p32'),('WSS117','p33'),('WSS154','p33'),('WSS162','p33'),('WSS226','p33'),('WSS248','p33'),('WSS252','p33'),('WSS265','p33'),('WSS267','p33'),('WSS278','p33'),('WSS294','p33'),('WSS307','p33'),('WSS327','p33'),('WSS355','p33'),('WSS396','p33'),('WSS434','p33'),('WSS477','p33'),('WSS533','p33'),('WSS534','p33'),('WSS542','p33'),('WSS558','p33'),('WSS559','p33'),('WSS56','p33'),('WSS565','p33'),('WSS568','p33'),('WSS586','p33'),('WSS643','p33'),('WSS655','p33'),('WSS668','p33'),('WSS695','p33'),('WSS697','p33'),('WSS720','p33'),('WSS724','p33'),('WSS770','p33'),('WSS808','p33'),('WSS819','p33'),('WSS840','p33'),('WSS845','p33'),('WSS846','p33'),('WSS89','p33'),('WSS913','p33'),('WSS927','p33'),('WSS942','p33'),('WSS944','p33'),('WSS95','p33'),('WSS959','p33'),('WSS961','p33'),('WSS969','p33'),('WSS979','p33'),('WSS99','p33'),('WSS992','p33'),('WSS142','p34'),('WSS15','p34'),('WSS151','p34'),('WSS157','p34'),('WSS215','p34'),('WSS219','p34'),('WSS221','p34'),('WSS25','p34'),('WSS264','p34'),('WSS270','p34'),('WSS295','p34'),('WSS316','p34'),('WSS34','p34'),('WSS389','p34'),('WSS433','p34'),('WSS457','p34'),('WSS504','p34'),('WSS538','p34'),('WSS540','p34'),('WSS555','p34'),('WSS57','p34'),('WSS577','p34'),('WSS60','p34'),('WSS640','p34'),('WSS69','p34'),('WSS693','p34'),('WSS702','p34'),('WSS707','p34'),('WSS713','p34'),('WSS721','p34'),('WSS723','p34'),('WSS835','p34'),('WSS841','p34'),('WSS842','p34'),('WSS852','p34'),('WSS864','p34'),('WSS929','p34'),('WSS931','p34'),('WSS956','p34'),('WSS98','p34'),('WSS134','p35'),('WSS152','p35'),('WSS234','p35'),('WSS236','p35'),('WSS255','p35'),('WSS272','p35'),('WSS332','p35'),('WSS398','p35'),('WSS444','p35'),('WSS463','p35'),('WSS473','p35'),('WSS494','p35'),('WSS560','p35'),('WSS566','p35'),('WSS573','p35'),('WSS575','p35'),('WSS61','p35'),('WSS635','p35'),('WSS639','p35'),('WSS652','p35'),('WSS654','p35'),('WSS675','p35'),('WSS738','p35'),('WSS748','p35'),('WSS75','p35'),('WSS777','p35'),('WSS778','p35'),('WSS801','p35'),('WSS825','p35'),('WSS881','p35'),('WSS888','p35'),('WSS889','p35'),('WSS899','p35'),('WSS917','p35'),('WSS950','p35'),('WSS1','p36'),('WSS137','p36'),('WSS176','p36'),('WSS177','p36'),('WSS178','p36'),('WSS248','p36'),('WSS274','p36'),('WSS303','p36'),('WSS313','p36'),('WSS340','p36'),('WSS361','p36'),('WSS381','p36'),('WSS492','p36'),('WSS516','p36'),('WSS543','p36'),('WSS570','p36'),('WSS574','p36'),('WSS616','p36'),('WSS617','p36'),('WSS631','p36'),('WSS637','p36'),('WSS666','p36'),('WSS717','p36'),('WSS722','p36'),('WSS752','p36'),('WSS759','p36'),('WSS786','p36'),('WSS792','p36'),('WSS801','p36'),('WSS845','p36'),('WSS923','p36'),('WSS95','p36'),('WSS959','p36'),('WSS965','p36'),('WSS982','p36'),('WSS107','p37'),('WSS111','p37'),('WSS130','p37'),('WSS156','p37'),('WSS214','p37'),('WSS235','p37'),('WSS24','p37'),('WSS245','p37'),('WSS247','p37'),('WSS274','p37'),('WSS282','p37'),('WSS297','p37'),('WSS331','p37'),('WSS36','p37'),('WSS361','p37'),('WSS364','p37'),('WSS403','p37'),('WSS462','p37'),('WSS469','p37'),('WSS48','p37'),('WSS575','p37'),('WSS631','p37'),('WSS633','p37'),('WSS646','p37'),('WSS681','p37'),('WSS684','p37'),('WSS706','p37'),('WSS726','p37'),('WSS742','p37'),('WSS769','p37'),('WSS784','p37'),('WSS805','p37'),('WSS841','p37'),('WSS908','p37'),('WSS912','p37'),('WSS96','p37'),('WSS97','p37'),('WSS990','p37'),('WSS991','p37'),('WSS994','p37'),('WSS135','p38'),('WSS139','p38'),('WSS198','p38'),('WSS2','p38'),('WSS202','p38'),('WSS233','p38'),('WSS244','p38'),('WSS250','p38'),('WSS285','p38'),('WSS349','p38'),('WSS360','p38'),('WSS390','p38'),('WSS4','p38'),('WSS422','p38'),('WSS449','p38'),('WSS470','p38'),('WSS495','p38'),('WSS499','p38'),('WSS525','p38'),('WSS550','p38'),('WSS594','p38'),('WSS608','p38'),('WSS629','p38'),('WSS636','p38'),('WSS640','p38'),('WSS674','p38'),('WSS704','p38'),('WSS710','p38'),('WSS714','p38'),('WSS721','p38'),('WSS762','p38'),('WSS796','p38'),('WSS817','p38'),('WSS820','p38'),('WSS835','p38'),('WSS884','p38'),('WSS889','p38'),('WSS895','p38'),('WSS904','p38'),('WSS91','p38'),('WSS914','p38'),('WSS925','p38'),('WSS941','p38'),('WSS948','p38'),('WSS963','p38'),('WSS998','p38'),('WSS134','p39'),('WSS149','p39'),('WSS157','p39'),('WSS174','p39'),('WSS187','p39'),('WSS256','p39'),('WSS314','p39'),('WSS321','p39'),('WSS376','p39'),('WSS382','p39'),('WSS386','p39'),('WSS420','p39'),('WSS441','p39'),('WSS445','p39'),('WSS47','p39'),('WSS470','p39'),('WSS49','p39'),('WSS505','p39'),('WSS511','p39'),('WSS518','p39'),('WSS537','p39'),('WSS541','p39'),('WSS600','p39'),('WSS613','p39'),('WSS630','p39'),('WSS641','p39'),('WSS643','p39'),('WSS66','p39'),('WSS686','p39'),('WSS720','p39'),('WSS758','p39'),('WSS787','p39'),('WSS789','p39'),('WSS790','p39'),('WSS821','p39'),('WSS823','p39'),('WSS843','p39'),('WSS869','p39'),('WSS905','p39'),('WSS924','p39'),('WSS927','p39'),('WSS928','p39'),('WSS936','p39'),('WSS982','p39'),('WSS1000','p4'),('WSS12','p4'),('WSS153','p4'),('WSS166','p4'),('WSS2','p4'),('WSS225','p4'),('WSS268','p4'),('WSS288','p4'),('WSS319','p4'),('WSS345','p4'),('WSS358','p4'),('WSS365','p4'),('WSS379','p4'),('WSS397','p4'),('WSS402','p4'),('WSS419','p4'),('WSS461','p4'),('WSS49','p4'),('WSS5','p4'),('WSS547','p4'),('WSS568','p4'),('WSS62','p4'),('WSS632','p4'),('WSS669','p4'),('WSS675','p4'),('WSS687','p4'),('WSS691','p4'),('WSS724','p4'),('WSS732','p4'),('WSS736','p4'),('WSS747','p4'),('WSS780','p4'),('WSS790','p4'),('WSS791','p4'),('WSS819','p4'),('WSS826','p4'),('WSS842','p4'),('WSS853','p4'),('WSS896','p4'),('WSS910','p4'),('WSS922','p4'),('WSS937','p4'),('WSS976','p4'),('WSS987','p4'),('WSS999','p4'),('WSS129','p40'),('WSS14','p40'),('WSS141','p40'),('WSS15','p40'),('WSS155','p40'),('WSS164','p40'),('WSS17','p40'),('WSS188','p40'),('WSS235','p40'),('WSS237','p40'),('WSS269','p40'),('WSS286','p40'),('WSS325','p40'),('WSS362','p40'),('WSS392','p40'),('WSS458','p40'),('WSS460','p40'),('WSS461','p40'),('WSS471','p40'),('WSS476','p40'),('WSS61','p40'),('WSS661','p40'),('WSS697','p40'),('WSS712','p40'),('WSS72','p40'),('WSS725','p40'),('WSS740','p40'),('WSS824','p40'),('WSS827','p40'),('WSS86','p40'),('WSS870','p40'),('WSS881','p40'),('WSS892','p40'),('WSS893','p40'),('WSS902','p40'),('WSS93','p40'),('WSS964','p40'),('WSS966','p40'),('WSS997','p40'),('WSS100','p41'),('WSS112','p41'),('WSS127','p41'),('WSS151','p41'),('WSS159','p41'),('WSS164','p41'),('WSS165','p41'),('WSS169','p41'),('WSS180','p41'),('WSS203','p41'),('WSS287','p41'),('WSS306','p41'),('WSS345','p41'),('WSS380','p41'),('WSS409','p41'),('WSS429','p41'),('WSS440','p41'),('WSS46','p41'),('WSS514','p41'),('WSS564','p41'),('WSS572','p41'),('WSS609','p41'),('WSS63','p41'),('WSS632','p41'),('WSS645','p41'),('WSS678','p41'),('WSS722','p41'),('WSS811','p41'),('WSS847','p41'),('WSS851','p41'),('WSS867','p41'),('WSS879','p41'),('WSS880','p41'),('WSS888','p41'),('WSS922','p41'),('WSS925','p41'),('WSS933','p41'),('WSS966','p41'),('WSS968','p41'),('WSS975','p41'),('WSS138','p42'),('WSS217','p42'),('WSS243','p42'),('WSS245','p42'),('WSS282','p42'),('WSS338','p42'),('WSS342','p42'),('WSS358','p42'),('WSS375','p42'),('WSS380','p42'),('WSS394','p42'),('WSS411','p42'),('WSS44','p42'),('WSS475','p42'),('WSS494','p42'),('WSS497','p42'),('WSS505','p42'),('WSS510','p42'),('WSS594','p42'),('WSS597','p42'),('WSS603','p42'),('WSS659','p42'),('WSS660','p42'),('WSS718','p42'),('WSS8','p42'),('WSS806','p42'),('WSS807','p42'),('WSS853','p42'),('WSS864','p42'),('WSS887','p42'),('WSS90','p42'),('WSS926','p42'),('WSS932','p42'),('WSS933','p42'),('WSS94','p42'),('WSS977','p42'),('WSS101','p43'),('WSS119','p43'),('WSS158','p43'),('WSS16','p43'),('WSS167','p43'),('WSS181','p43'),('WSS201','p43'),('WSS212','p43'),('WSS224','p43'),('WSS24','p43'),('WSS243','p43'),('WSS277','p43'),('WSS316','p43'),('WSS321','p43'),('WSS378','p43'),('WSS384','p43'),('WSS407','p43'),('WSS453','p43'),('WSS508','p43'),('WSS520','p43'),('WSS536','p43'),('WSS561','p43'),('WSS563','p43'),('WSS585','p43'),('WSS59','p43'),('WSS595','p43'),('WSS61','p43'),('WSS610','p43'),('WSS648','p43'),('WSS669','p43'),('WSS700','p43'),('WSS735','p43'),('WSS74','p43'),('WSS782','p43'),('WSS831','p43'),('WSS835','p43'),('WSS912','p43'),('WSS918','p43'),('WSS928','p43'),('WSS940','p43'),('WSS964','p43'),('WSS978','p43'),('WSS100','p44'),('WSS121','p44'),('WSS163','p44'),('WSS18','p44'),('WSS22','p44'),('WSS261','p44'),('WSS271','p44'),('WSS293','p44'),('WSS308','p44'),('WSS312','p44'),('WSS325','p44'),('WSS336','p44'),('WSS348','p44'),('WSS350','p44'),('WSS362','p44'),('WSS4','p44'),('WSS414','p44'),('WSS427','p44'),('WSS429','p44'),('WSS437','p44'),('WSS490','p44'),('WSS499','p44'),('WSS5','p44'),('WSS516','p44'),('WSS554','p44'),('WSS593','p44'),('WSS595','p44'),('WSS629','p44'),('WSS655','p44'),('WSS663','p44'),('WSS680','p44'),('WSS695','p44'),('WSS728','p44'),('WSS737','p44'),('WSS77','p44'),('WSS80','p44'),('WSS823','p44'),('WSS885','p44'),('WSS900','p44'),('WSS916','p44'),('WSS947','p44'),('WSS95','p44'),('WSS973','p44'),('WSS101','p45'),('WSS123','p45'),('WSS154','p45'),('WSS181','p45'),('WSS187','p45'),('WSS202','p45'),('WSS204','p45'),('WSS205','p45'),('WSS286','p45'),('WSS295','p45'),('WSS297','p45'),('WSS318','p45'),('WSS356','p45'),('WSS367','p45'),('WSS374','p45'),('WSS399','p45'),('WSS434','p45'),('WSS465','p45'),('WSS480','p45'),('WSS520','p45'),('WSS541','p45'),('WSS58','p45'),('WSS594','p45'),('WSS618','p45'),('WSS630','p45'),('WSS683','p45'),('WSS709','p45'),('WSS734','p45'),('WSS744','p45'),('WSS75','p45'),('WSS76','p45'),('WSS760','p45'),('WSS767','p45'),('WSS773','p45'),('WSS798','p45'),('WSS80','p45'),('WSS802','p45'),('WSS803','p45'),('WSS815','p45'),('WSS833','p45'),('WSS84','p45'),('WSS883','p45'),('WSS885','p45'),('WSS924','p45'),('WSS944','p45'),('WSS946','p45'),('WSS955','p45'),('WSS969','p45'),('WSS981','p45'),('WSS988','p45'),('WSS11','p46'),('WSS157','p46'),('WSS160','p46'),('WSS173','p46'),('WSS179','p46'),('WSS185','p46'),('WSS215','p46'),('WSS249','p46'),('WSS26','p46'),('WSS359','p46'),('WSS372','p46'),('WSS377','p46'),('WSS379','p46'),('WSS394','p46'),('WSS404','p46'),('WSS513','p46'),('WSS588','p46'),('WSS606','p46'),('WSS607','p46'),('WSS634','p46'),('WSS665','p46'),('WSS669','p46'),('WSS67','p46'),('WSS671','p46'),('WSS677','p46'),('WSS68','p46'),('WSS692','p46'),('WSS703','p46'),('WSS761','p46'),('WSS803','p46'),('WSS846','p46'),('WSS882','p46'),('WSS888','p46'),('WSS892','p46'),('WSS904','p46'),('WSS953','p46'),('WSS969','p46'),('WSS972','p46'),('WSS105','p47'),('WSS122','p47'),('WSS131','p47'),('WSS132','p47'),('WSS149','p47'),('WSS153','p47'),('WSS186','p47'),('WSS193','p47'),('WSS201','p47'),('WSS21','p47'),('WSS218','p47'),('WSS26','p47'),('WSS308','p47'),('WSS31','p47'),('WSS354','p47'),('WSS369','p47'),('WSS380','p47'),('WSS423','p47'),('WSS460','p47'),('WSS468','p47'),('WSS479','p47'),('WSS51','p47'),('WSS529','p47'),('WSS535','p47'),('WSS556','p47'),('WSS6','p47'),('WSS625','p47'),('WSS693','p47'),('WSS70','p47'),('WSS725','p47'),('WSS733','p47'),('WSS743','p47'),('WSS765','p47'),('WSS787','p47'),('WSS81','p47'),('WSS818','p47'),('WSS860','p47'),('WSS870','p47'),('WSS910','p47'),('WSS930','p47'),('WSS943','p47'),('WSS968','p47'),('WSS97','p47'),('WSS971','p47'),('WSS974','p47'),('WSS98','p47'),('WSS982','p47'),('WSS983','p47'),('WSS99','p47'),('WSS998','p47'),('WSS153','p48'),('WSS159','p48'),('WSS184','p48'),('WSS228','p48'),('WSS230','p48'),('WSS281','p48'),('WSS310','p48'),('WSS322','p48'),('WSS337','p48'),('WSS36','p48'),('WSS373','p48'),('WSS40','p48'),('WSS416','p48'),('WSS424','p48'),('WSS426','p48'),('WSS438','p48'),('WSS47','p48'),('WSS492','p48'),('WSS517','p48'),('WSS55','p48'),('WSS557','p48'),('WSS559','p48'),('WSS633','p48'),('WSS651','p48'),('WSS707','p48'),('WSS746','p48'),('WSS768','p48'),('WSS783','p48'),('WSS786','p48'),('WSS788','p48'),('WSS798','p48'),('WSS837','p48'),('WSS874','p48'),('WSS942','p48'),('WSS973','p48'),('WSS991','p48'),('WSS180','p49'),('WSS19','p49'),('WSS228','p49'),('WSS229','p49'),('WSS239','p49'),('WSS291','p49'),('WSS294','p49'),('WSS3','p49'),('WSS30','p49'),('WSS309','p49'),('WSS311','p49'),('WSS326','p49'),('WSS39','p49'),('WSS481','p49'),('WSS502','p49'),('WSS524','p49'),('WSS531','p49'),('WSS536','p49'),('WSS55','p49'),('WSS550','p49'),('WSS59','p49'),('WSS592','p49'),('WSS595','p49'),('WSS6','p49'),('WSS606','p49'),('WSS607','p49'),('WSS645','p49'),('WSS657','p49'),('WSS709','p49'),('WSS710','p49'),('WSS715','p49'),('WSS742','p49'),('WSS753','p49'),('WSS785','p49'),('WSS815','p49'),('WSS854','p49'),('WSS858','p49'),('WSS879','p49'),('WSS896','p49'),('WSS902','p49'),('WSS908','p49'),('WSS935','p49'),('WSS958','p49'),('WSS984','p49'),('WSS136','p5'),('WSS206','p5'),('WSS218','p5'),('WSS251','p5'),('WSS279','p5'),('WSS305','p5'),('WSS306','p5'),('WSS324','p5'),('WSS418','p5'),('WSS54','p5'),('WSS551','p5'),('WSS563','p5'),('WSS612','p5'),('WSS616','p5'),('WSS622','p5'),('WSS673','p5'),('WSS695','p5'),('WSS793','p5'),('WSS828','p5'),('WSS832','p5'),('WSS838','p5'),('WSS850','p5'),('WSS859','p5'),('WSS886','p5'),('WSS887','p5'),('WSS896','p5'),('WSS929','p5'),('WSS986','p5'),('WSS10','p50'),('WSS124','p50'),('WSS132','p50'),('WSS152','p50'),('WSS172','p50'),('WSS183','p50'),('WSS185','p50'),('WSS186','p50'),('WSS198','p50'),('WSS208','p50'),('WSS209','p50'),('WSS226','p50'),('WSS290','p50'),('WSS308','p50'),('WSS344','p50'),('WSS354','p50'),('WSS383','p50'),('WSS413','p50'),('WSS436','p50'),('WSS438','p50'),('WSS482','p50'),('WSS54','p50'),('WSS56','p50'),('WSS620','p50'),('WSS682','p50'),('WSS704','p50'),('WSS72','p50'),('WSS742','p50'),('WSS747','p50'),('WSS751','p50'),('WSS795','p50'),('WSS798','p50'),('WSS802','p50'),('WSS858','p50'),('WSS860','p50'),('WSS894','p50'),('WSS916','p50'),('WSS921','p50'),('WSS925','p50'),('WSS93','p50'),('WSS935','p50'),('WSS940','p50'),('WSS963','p50'),('WSS966','p50'),('WSS968','p50'),('WSS973','p50'),('WSS976','p50'),('WSS119','p51'),('WSS142','p51'),('WSS196','p51'),('WSS207','p51'),('WSS239','p51'),('WSS262','p51'),('WSS275','p51'),('WSS276','p51'),('WSS300','p51'),('WSS302','p51'),('WSS303','p51'),('WSS318','p51'),('WSS342','p51'),('WSS363','p51'),('WSS391','p51'),('WSS409','p51'),('WSS463','p51'),('WSS553','p51'),('WSS557','p51'),('WSS59','p51'),('WSS592','p51'),('WSS636','p51'),('WSS652','p51'),('WSS662','p51'),('WSS672','p51'),('WSS70','p51'),('WSS79','p51'),('WSS88','p51'),('WSS89','p51'),('WSS897','p51'),('WSS9','p51'),('WSS954','p51'),('WSS177','p52'),('WSS276','p52'),('WSS280','p52'),('WSS295','p52'),('WSS300','p52'),('WSS344','p52'),('WSS361','p52'),('WSS369','p52'),('WSS401','p52'),('WSS402','p52'),('WSS412','p52'),('WSS413','p52'),('WSS422','p52'),('WSS445','p52'),('WSS477','p52'),('WSS486','p52'),('WSS53','p52'),('WSS599','p52'),('WSS617','p52'),('WSS656','p52'),('WSS660','p52'),('WSS682','p52'),('WSS696','p52'),('WSS717','p52'),('WSS731','p52'),('WSS74','p52'),('WSS745','p52'),('WSS752','p52'),('WSS757','p52'),('WSS759','p52'),('WSS782','p52'),('WSS822','p52'),('WSS843','p52'),('WSS85','p52'),('WSS855','p52'),('WSS911','p52'),('WSS988','p52'),('WSS990','p52'),('WSS100','p53'),('WSS1000','p53'),('WSS118','p53'),('WSS16','p53'),('WSS175','p53'),('WSS222','p53'),('WSS249','p53'),('WSS281','p53'),('WSS300','p53'),('WSS312','p53'),('WSS315','p53'),('WSS336','p53'),('WSS342','p53'),('WSS345','p53'),('WSS385','p53'),('WSS399','p53'),('WSS412','p53'),('WSS420','p53'),('WSS425','p53'),('WSS452','p53'),('WSS491','p53'),('WSS498','p53'),('WSS522','p53'),('WSS546','p53'),('WSS548','p53'),('WSS561','p53'),('WSS565','p53'),('WSS629','p53'),('WSS642','p53'),('WSS668','p53'),('WSS683','p53'),('WSS685','p53'),('WSS71','p53'),('WSS713','p53'),('WSS727','p53'),('WSS732','p53'),('WSS750','p53'),('WSS772','p53'),('WSS773','p53'),('WSS791','p53'),('WSS831','p53'),('WSS833','p53'),('WSS913','p53'),('WSS936','p53'),('WSS945','p53'),('WSS951','p53'),('WSS986','p53'),('WSS120','p54'),('WSS14','p54'),('WSS146','p54'),('WSS17','p54'),('WSS171','p54'),('WSS214','p54'),('WSS233','p54'),('WSS240','p54'),('WSS298','p54'),('WSS301','p54'),('WSS395','p54'),('WSS455','p54'),('WSS469','p54'),('WSS480','p54'),('WSS503','p54'),('WSS523','p54'),('WSS529','p54'),('WSS555','p54'),('WSS571','p54'),('WSS596','p54'),('WSS6','p54'),('WSS618','p54'),('WSS624','p54'),('WSS635','p54'),('WSS654','p54'),('WSS656','p54'),('WSS688','p54'),('WSS713','p54'),('WSS716','p54'),('WSS753','p54'),('WSS796','p54'),('WSS809','p54'),('WSS816','p54'),('WSS856','p54'),('WSS880','p54'),('WSS905','p54'),('WSS911','p54'),('WSS112','p55'),('WSS114','p55'),('WSS116','p55'),('WSS241','p55'),('WSS263','p55'),('WSS266','p55'),('WSS27','p55'),('WSS284','p55'),('WSS346','p55'),('WSS360','p55'),('WSS368','p55'),('WSS370','p55'),('WSS371','p55'),('WSS377','p55'),('WSS395','p55'),('WSS416','p55'),('WSS448','p55'),('WSS464','p55'),('WSS479','p55'),('WSS48','p55'),('WSS481','p55'),('WSS517','p55'),('WSS52','p55'),('WSS527','p55'),('WSS543','p55'),('WSS556','p55'),('WSS625','p55'),('WSS679','p55'),('WSS705','p55'),('WSS71','p55'),('WSS718','p55'),('WSS729','p55'),('WSS738','p55'),('WSS748','p55'),('WSS791','p55'),('WSS8','p55'),('WSS85','p55'),('WSS882','p55'),('WSS898','p55'),('WSS902','p55'),('WSS907','p55'),('WSS929','p55'),('WSS940','p55'),('WSS979','p55'),('WSS985','p55'),('WSS103','p56'),('WSS111','p56'),('WSS113','p56'),('WSS129','p56'),('WSS163','p56'),('WSS209','p56'),('WSS224','p56'),('WSS234','p56'),('WSS246','p56'),('WSS262','p56'),('WSS266','p56'),('WSS268','p56'),('WSS3','p56'),('WSS331','p56'),('WSS4','p56'),('WSS424','p56'),('WSS462','p56'),('WSS472','p56'),('WSS478','p56'),('WSS547','p56'),('WSS574','p56'),('WSS576','p56'),('WSS58','p56'),('WSS580','p56'),('WSS60','p56'),('WSS640','p56'),('WSS650','p56'),('WSS667','p56'),('WSS684','p56'),('WSS714','p56'),('WSS727','p56'),('WSS736','p56'),('WSS782','p56'),('WSS809','p56'),('WSS826','p56'),('WSS830','p56'),('WSS855','p56'),('WSS875','p56'),('WSS907','p56'),('WSS920','p56'),('WSS957','p56'),('WSS980','p56'),('WSS109','p57'),('WSS11','p57'),('WSS110','p57'),('WSS117','p57'),('WSS126','p57'),('WSS133','p57'),('WSS147','p57'),('WSS190','p57'),('WSS229','p57'),('WSS254','p57'),('WSS284','p57'),('WSS302','p57'),('WSS322','p57'),('WSS339','p57'),('WSS374','p57'),('WSS381','p57'),('WSS385','p57'),('WSS397','p57'),('WSS446','p57'),('WSS463','p57'),('WSS469','p57'),('WSS517','p57'),('WSS524','p57'),('WSS53','p57'),('WSS546','p57'),('WSS581','p57'),('WSS611','p57'),('WSS679','p57'),('WSS719','p57'),('WSS76','p57'),('WSS760','p57'),('WSS765','p57'),('WSS766','p57'),('WSS78','p57'),('WSS790','p57'),('WSS830','p57'),('WSS91','p57'),('WSS945','p57'),('WSS111','p58'),('WSS125','p58'),('WSS129','p58'),('WSS138','p58'),('WSS145','p58'),('WSS148','p58'),('WSS156','p58'),('WSS174','p58'),('WSS213','p58'),('WSS216','p58'),('WSS259','p58'),('WSS265','p58'),('WSS319','p58'),('WSS322','p58'),('WSS351','p58'),('WSS366','p58'),('WSS388','p58'),('WSS390','p58'),('WSS495','p58'),('WSS499','p58'),('WSS508','p58'),('WSS509','p58'),('WSS525','p58'),('WSS575','p58'),('WSS585','p58'),('WSS623','p58'),('WSS657','p58'),('WSS692','p58'),('WSS715','p58'),('WSS739','p58'),('WSS761','p58'),('WSS762','p58'),('WSS797','p58'),('WSS840','p58'),('WSS853','p58'),('WSS86','p58'),('WSS872','p58'),('WSS913','p58'),('WSS938','p58'),('WSS977','p58'),('WSS128','p59'),('WSS146','p59'),('WSS197','p59'),('WSS206','p59'),('WSS241','p59'),('WSS255','p59'),('WSS284','p59'),('WSS285','p59'),('WSS304','p59'),('WSS314','p59'),('WSS357','p59'),('WSS366','p59'),('WSS37','p59'),('WSS386','p59'),('WSS403','p59'),('WSS414','p59'),('WSS451','p59'),('WSS454','p59'),('WSS500','p59'),('WSS514','p59'),('WSS521','p59'),('WSS526','p59'),('WSS54','p59'),('WSS551','p59'),('WSS590','p59'),('WSS593','p59'),('WSS615','p59'),('WSS626','p59'),('WSS63','p59'),('WSS647','p59'),('WSS735','p59'),('WSS737','p59'),('WSS77','p59'),('WSS773','p59'),('WSS777','p59'),('WSS778','p59'),('WSS795','p59'),('WSS814','p59'),('WSS827','p59'),('WSS850','p59'),('WSS861','p59'),('WSS870','p59'),('WSS877','p59'),('WSS92','p59'),('WSS958','p59'),('WSS961','p59'),('WSS978','p59'),('WSS102','p6'),('WSS115','p6'),('WSS155','p6'),('WSS158','p6'),('WSS16','p6'),('WSS189','p6'),('WSS227','p6'),('WSS231','p6'),('WSS237','p6'),('WSS257','p6'),('WSS353','p6'),('WSS375','p6'),('WSS389','p6'),('WSS419','p6'),('WSS428','p6'),('WSS43','p6'),('WSS439','p6'),('WSS484','p6'),('WSS503','p6'),('WSS527','p6'),('WSS528','p6'),('WSS572','p6'),('WSS574','p6'),('WSS583','p6'),('WSS654','p6'),('WSS670','p6'),('WSS673','p6'),('WSS703','p6'),('WSS749','p6'),('WSS875','p6'),('WSS883','p6'),('WSS939','p6'),('WSS946','p6'),('WSS104','p60'),('WSS137','p60'),('WSS181','p60'),('WSS191','p60'),('WSS230','p60'),('WSS251','p60'),('WSS256','p60'),('WSS264','p60'),('WSS283','p60'),('WSS327','p60'),('WSS387','p60'),('WSS433','p60'),('WSS447','p60'),('WSS482','p60'),('WSS502','p60'),('WSS504','p60'),('WSS530','p60'),('WSS544','p60'),('WSS553','p60'),('WSS557','p60'),('WSS612','p60'),('WSS627','p60'),('WSS636','p60'),('WSS639','p60'),('WSS68','p60'),('WSS7','p60'),('WSS700','p60'),('WSS705','p60'),('WSS740','p60'),('WSS755','p60'),('WSS779','p60'),('WSS788','p60'),('WSS803','p60'),('WSS839','p60'),('WSS916','p60'),('WSS94','p60'),('WSS957','p60'),('WSS983','p60'),('WSS106','p61'),('WSS107','p61'),('WSS192','p61'),('WSS195','p61'),('WSS21','p61'),('WSS223','p61'),('WSS229','p61'),('WSS237','p61'),('WSS238','p61'),('WSS251','p61'),('WSS258','p61'),('WSS27','p61'),('WSS275','p61'),('WSS317','p61'),('WSS343','p61'),('WSS353','p61'),('WSS415','p61'),('WSS490','p61'),('WSS523','p61'),('WSS532','p61'),('WSS544','p61'),('WSS561','p61'),('WSS590','p61'),('WSS598','p61'),('WSS603','p61'),('WSS605','p61'),('WSS625','p61'),('WSS638','p61'),('WSS641','p61'),('WSS720','p61'),('WSS73','p61'),('WSS81','p61'),('WSS810','p61'),('WSS815','p61'),('WSS839','p61'),('WSS861','p61'),('WSS866','p61'),('WSS879','p61'),('WSS891','p61'),('WSS903','p61'),('WSS904','p61'),('WSS909','p61'),('WSS92','p61'),('WSS923','p61'),('WSS932','p61'),('WSS939','p61'),('WSS984','p61'),('WSS105','p62'),('WSS116','p62'),('WSS140','p62'),('WSS169','p62'),('WSS200','p62'),('WSS203','p62'),('WSS220','p62'),('WSS226','p62'),('WSS243','p62'),('WSS244','p62'),('WSS260','p62'),('WSS32','p62'),('WSS34','p62'),('WSS348','p62'),('WSS358','p62'),('WSS423','p62'),('WSS457','p62'),('WSS466','p62'),('WSS512','p62'),('WSS536','p62'),('WSS596','p62'),('WSS730','p62'),('WSS748','p62'),('WSS757','p62'),('WSS776','p62'),('WSS813','p62'),('WSS837','p62'),('WSS849','p62'),('WSS933','p62'),('WSS945','p62'),('WSS946','p62'),('WSS955','p62'),('WSS965','p62'),('WSS991','p62'),('WSS993','p62'),('WSS102','p63'),('WSS131','p63'),('WSS145','p63'),('WSS184','p63'),('WSS205','p63'),('WSS247','p63'),('WSS278','p63'),('WSS293','p63'),('WSS294','p63'),('WSS328','p63'),('WSS341','p63'),('WSS373','p63'),('WSS376','p63'),('WSS408','p63'),('WSS411','p63'),('WSS458','p63'),('WSS47','p63'),('WSS470','p63'),('WSS493','p63'),('WSS505','p63'),('WSS511','p63'),('WSS513','p63'),('WSS552','p63'),('WSS558','p63'),('WSS565','p63'),('WSS573','p63'),('WSS577','p63'),('WSS583','p63'),('WSS587','p63'),('WSS608','p63'),('WSS64','p63'),('WSS673','p63'),('WSS676','p63'),('WSS687','p63'),('WSS730','p63'),('WSS743','p63'),('WSS806','p63'),('WSS845','p63'),('WSS848','p63'),('WSS852','p63'),('WSS869','p63'),('WSS918','p63'),('WSS956','p63'),('WSS10','p64'),('WSS116','p64'),('WSS146','p64'),('WSS168','p64'),('WSS176','p64'),('WSS208','p64'),('WSS210','p64'),('WSS220','p64'),('WSS238','p64'),('WSS246','p64'),('WSS250','p64'),('WSS263','p64'),('WSS264','p64'),('WSS296','p64'),('WSS33','p64'),('WSS332','p64'),('WSS371','p64'),('WSS387','p64'),('WSS39','p64'),('WSS435','p64'),('WSS443','p64'),('WSS446','p64'),('WSS450','p64'),('WSS480','p64'),('WSS507','p64'),('WSS538','p64'),('WSS588','p64'),('WSS591','p64'),('WSS604','p64'),('WSS605','p64'),('WSS638','p64'),('WSS652','p64'),('WSS661','p64'),('WSS677','p64'),('WSS678','p64'),('WSS680','p64'),('WSS684','p64'),('WSS701','p64'),('WSS73','p64'),('WSS770','p64'),('WSS846','p64'),('WSS851','p64'),('WSS854','p64'),('WSS87','p64'),('WSS873','p64'),('WSS881','p64'),('WSS89','p64'),('WSS897','p64'),('WSS936','p64'),('WSS960','p64'),('WSS962','p64'),('WSS979','p64'),('WSS992','p64'),('WSS996','p64'),('WSS10','p65'),('WSS139','p65'),('WSS161','p65'),('WSS178','p65'),('WSS186','p65'),('WSS22','p65'),('WSS234','p65'),('WSS245','p65'),('WSS249','p65'),('WSS270','p65'),('WSS283','p65'),('WSS335','p65'),('WSS347','p65'),('WSS368','p65'),('WSS371','p65'),('WSS373','p65'),('WSS407','p65'),('WSS410','p65'),('WSS417','p65'),('WSS430','p65'),('WSS45','p65'),('WSS456','p65'),('WSS534','p65'),('WSS547','p65'),('WSS551','p65'),('WSS560','p65'),('WSS589','p65'),('WSS621','p65'),('WSS648','p65'),('WSS659','p65'),('WSS700','p65'),('WSS712','p65'),('WSS755','p65'),('WSS760','p65'),('WSS768','p65'),('WSS774','p65'),('WSS794','p65'),('WSS797','p65'),('WSS809','p65'),('WSS813','p65'),('WSS838','p65'),('WSS84','p65'),('WSS856','p65'),('WSS865','p65'),('WSS897','p65'),('WSS9','p65'),('WSS942','p65'),('WSS998','p65'),('WSS123','p66'),('WSS134','p66'),('WSS204','p66'),('WSS240','p66'),('WSS244','p66'),('WSS258','p66'),('WSS260','p66'),('WSS267','p66'),('WSS275','p66'),('WSS328','p66'),('WSS333','p66'),('WSS343','p66'),('WSS38','p66'),('WSS382','p66'),('WSS383','p66'),('WSS387','p66'),('WSS411','p66'),('WSS417','p66'),('WSS456','p66'),('WSS466','p66'),('WSS48','p66'),('WSS488','p66'),('WSS490','p66'),('WSS512','p66'),('WSS580','p66'),('WSS586','p66'),('WSS593','p66'),('WSS599','p66'),('WSS601','p66'),('WSS621','p66'),('WSS646','p66'),('WSS664','p66'),('WSS672','p66'),('WSS678','p66'),('WSS682','p66'),('WSS694','p66'),('WSS699','p66'),('WSS711','p66'),('WSS727','p66'),('WSS737','p66'),('WSS795','p66'),('WSS874','p66'),('WSS875','p66'),('WSS878','p66'),('WSS906','p66'),('WSS928','p66'),('WSS948','p66'),('WSS996','p66'),('WSS104','p67'),('WSS113','p67'),('WSS13','p67'),('WSS132','p67'),('WSS136','p67'),('WSS167','p67'),('WSS189','p67'),('WSS276','p67'),('WSS290','p67'),('WSS292','p67'),('WSS336','p67'),('WSS340','p67'),('WSS424','p67'),('WSS43','p67'),('WSS442','p67'),('WSS466','p67'),('WSS476','p67'),('WSS497','p67'),('WSS513','p67'),('WSS542','p67'),('WSS567','p67'),('WSS585','p67'),('WSS644','p67'),('WSS694','p67'),('WSS701','p67'),('WSS706','p67'),('WSS722','p67'),('WSS729','p67'),('WSS740','p67'),('WSS751','p67'),('WSS812','p67'),('WSS814','p67'),('WSS828','p67'),('WSS851','p67'),('WSS86','p67'),('WSS864','p67'),('WSS886','p67'),('WSS889','p67'),('WSS899','p67'),('WSS90','p67'),('WSS915','p67'),('WSS948','p67'),('WSS952','p67'),('WSS992','p67'),('WSS994','p67'),('WSS999','p67'),('WSS1000','p68'),('WSS127','p68'),('WSS165','p68'),('WSS171','p68'),('WSS178','p68'),('WSS180','p68'),('WSS188','p68'),('WSS253','p68'),('WSS28','p68'),('WSS293','p68'),('WSS325','p68'),('WSS326','p68'),('WSS350','p68'),('WSS353','p68'),('WSS356','p68'),('WSS364','p68'),('WSS464','p68'),('WSS489','p68'),('WSS529','p68'),('WSS578','p68'),('WSS589','p68'),('WSS611','p68'),('WSS62','p68'),('WSS624','p68'),('WSS653','p68'),('WSS657','p68'),('WSS67','p68'),('WSS698','p68'),('WSS710','p68'),('WSS716','p68'),('WSS744','p68'),('WSS754','p68'),('WSS756','p68'),('WSS764','p68'),('WSS767','p68'),('WSS863','p68'),('WSS890','p68'),('WSS891','p68'),('WSS90','p68'),('WSS909','p68'),('WSS108','p69'),('WSS118','p69'),('WSS125','p69'),('WSS133','p69'),('WSS137','p69'),('WSS141','p69'),('WSS184','p69'),('WSS195','p69'),('WSS20','p69'),('WSS227','p69'),('WSS242','p69'),('WSS259','p69'),('WSS268','p69'),('WSS272','p69'),('WSS281','p69'),('WSS318','p69'),('WSS323','p69'),('WSS35','p69'),('WSS389','p69'),('WSS396','p69'),('WSS406','p69'),('WSS408','p69'),('WSS421','p69'),('WSS436','p69'),('WSS444','p69'),('WSS461','p69'),('WSS484','p69'),('WSS489','p69'),('WSS495','p69'),('WSS504','p69'),('WSS552','p69'),('WSS584','p69'),('WSS613','p69'),('WSS632','p69'),('WSS649','p69'),('WSS659','p69'),('WSS696','p69'),('WSS712','p69'),('WSS725','p69'),('WSS763','p69'),('WSS808','p69'),('WSS822','p69'),('WSS829','p69'),('WSS866','p69'),('WSS869','p69'),('WSS919','p69'),('WSS938','p69'),('WSS96','p69'),('WSS971','p69'),('WSS993','p69'),('WSS162','p7'),('WSS172','p7'),('WSS196','p7'),('WSS20','p7'),('WSS209','p7'),('WSS23','p7'),('WSS326','p7'),('WSS343','p7'),('WSS366','p7'),('WSS446','p7'),('WSS45','p7'),('WSS493','p7'),('WSS52','p7'),('WSS53','p7'),('WSS545','p7'),('WSS564','p7'),('WSS608','p7'),('WSS619','p7'),('WSS642','p7'),('WSS65','p7'),('WSS68','p7'),('WSS741','p7'),('WSS749','p7'),('WSS758','p7'),('WSS780','p7'),('WSS784','p7'),('WSS79','p7'),('WSS810','p7'),('WSS871','p7'),('WSS892','p7'),('WSS903','p7'),('WSS919','p7'),('WSS115','p70'),('WSS120','p70'),('WSS141','p70'),('WSS172','p70'),('WSS176','p70'),('WSS192','p70'),('WSS20','p70'),('WSS253','p70'),('WSS261','p70'),('WSS263','p70'),('WSS271','p70'),('WSS288','p70'),('WSS289','p70'),('WSS298','p70'),('WSS299','p70'),('WSS320','p70'),('WSS338','p70'),('WSS339','p70'),('WSS354','p70'),('WSS367','p70'),('WSS383','p70'),('WSS388','p70'),('WSS392','p70'),('WSS402','p70'),('WSS442','p70'),('WSS487','p70'),('WSS496','p70'),('WSS501','p70'),('WSS507','p70'),('WSS562','p70'),('WSS601','p70'),('WSS614','p70'),('WSS665','p70'),('WSS667','p70'),('WSS676','p70'),('WSS681','p70'),('WSS689','p70'),('WSS705','p70'),('WSS768','p70'),('WSS779','p70'),('WSS807','p70'),('WSS822','p70'),('WSS824','p70'),('WSS834','p70'),('WSS84','p70'),('WSS867','p70'),('WSS893','p70'),('WSS901','p70'),('WSS94','p70'),('WSS96','p70'),('WSS976','p70'),('WSS98','p70'),('WSS104','p8'),('WSS144','p8'),('WSS22','p8'),('WSS257','p8'),('WSS261','p8'),('WSS285','p8'),('WSS304','p8'),('WSS32','p8'),('WSS330','p8'),('WSS348','p8'),('WSS356','p8'),('WSS416','p8'),('WSS44','p8'),('WSS442','p8'),('WSS458','p8'),('WSS477','p8'),('WSS485','p8'),('WSS49','p8'),('WSS50','p8'),('WSS508','p8'),('WSS570','p8'),('WSS601','p8'),('WSS62','p8'),('WSS653','p8'),('WSS665','p8'),('WSS666','p8'),('WSS668','p8'),('WSS688','p8'),('WSS711','p8'),('WSS750','p8'),('WSS766','p8'),('WSS771','p8'),('WSS781','p8'),('WSS783','p8'),('WSS804','p8'),('WSS813','p8'),('WSS82','p8'),('WSS834','p8'),('WSS848','p8'),('WSS873','p8'),('WSS874','p8'),('WSS911','p8'),('WSS974','p8'),('WSS983','p8'),('WSS101','p9'),('WSS145','p9'),('WSS18','p9'),('WSS198','p9'),('WSS208','p9'),('WSS265','p9'),('WSS307','p9'),('WSS320','p9'),('WSS334','p9'),('WSS346','p9'),('WSS351','p9'),('WSS362','p9'),('WSS392','p9'),('WSS404','p9'),('WSS405','p9'),('WSS409','p9'),('WSS410','p9'),('WSS414','p9'),('WSS425','p9'),('WSS444','p9'),('WSS515','p9'),('WSS532','p9'),('WSS541','p9'),('WSS555','p9'),('WSS602','p9'),('WSS647','p9'),('WSS658','p9'),('WSS708','p9'),('WSS723','p9'),('WSS743','p9'),('WSS755','p9'),('WSS762','p9'),('WSS763','p9'),('WSS766','p9'),('WSS800','p9'),('WSS83','p9'),('WSS868','p9'),('WSS886','p9'),('WSS890','p9'),('WSS9','p9'),('WSS956','p9'),('WSS962','p9');
/*!40000 ALTER TABLE `inputparameter` ENABLE KEYS */;
UNLOCK TABLES;

--
-- Table structure for table `knowledgeforcareerpath`
--

DROP TABLE IF EXISTS `knowledgeforcareerpath`;
/*!40101 SET @saved_cs_client     = @@character_set_client */;
/*!50503 SET character_set_client = utf8mb4 */;
CREATE TABLE `knowledgeforcareerpath` (
  `careerPathID` char(4) NOT NULL,
  `knowledgeID` char(6) NOT NULL,
  PRIMARY KEY (`careerPathID`,`knowledgeID`)
) ENGINE=InnoDB DEFAULT CHARSET=latin1;
/*!40101 SET character_set_client = @saved_cs_client */;

--
-- Dumping data for table `knowledgeforcareerpath`
--

LOCK TABLES `knowledgeforcareerpath` WRITE;
/*!40000 ALTER TABLE `knowledgeforcareerpath` DISABLE KEYS */;
INSERT INTO `knowledgeforcareerpath` VALUES ('C100','k1C311'),('C100','k1C412'),('C100','k1C469'),('C100','k1C500');
/*!40000 ALTER TABLE `knowledgeforcareerpath` ENABLE KEYS */;
UNLOCK TABLES;

--
-- Table structure for table `lhs`
--

DROP TABLE IF EXISTS `lhs`;
/*!40101 SET @saved_cs_client     = @@character_set_client */;
/*!50503 SET character_set_client = utf8mb4 */;
CREATE TABLE `lhs` (
  `ruleid` int NOT NULL,
  `courseid` varchar(10) NOT NULL,
  PRIMARY KEY (`ruleid`,`courseid`)
) ENGINE=InnoDB DEFAULT CHARSET=latin1;
/*!40101 SET character_set_client = @saved_cs_client */;

--
-- Dumping data for table `lhs`
--

LOCK TABLES `lhs` WRITE;
/*!40000 ALTER TABLE `lhs` DISABLE KEYS */;
INSERT INTO `lhs` VALUES (1,'ICP006'),(2,'ICP006'),(3,'ICP006'),(4,'ICP110'),(5,'ICP110'),(6,'ICP311'),(7,'ICP006'),(7,'ICP110'),(8,'ICP006'),(8,'ICP110'),(9,'ICP006'),(9,'ICP311'),(10,'ICP110'),(10,'ICP311'),(11,'ICP006'),(11,'ICP110'),(11,'ICP311');
/*!40000 ALTER TABLE `lhs` ENABLE KEYS */;
UNLOCK TABLES;

--
-- Table structure for table `outputparameter`
--

DROP TABLE IF EXISTS `outputparameter`;
/*!40101 SET @saved_cs_client     = @@character_set_client */;
/*!50503 SET character_set_client = utf8mb4 */;
CREATE TABLE `outputparameter` (
  `webServiceID` varchar(10) NOT NULL,
  `parameterID` varchar(10) NOT NULL,
  PRIMARY KEY (`webServiceID`,`parameterID`),
  KEY `knowledgeID` (`parameterID`)
) ENGINE=InnoDB DEFAULT CHARSET=latin1;
/*!40101 SET character_set_client = @saved_cs_client */;

--
-- Dumping data for table `outputparameter`
--

LOCK TABLES `outputparameter` WRITE;
/*!40000 ALTER TABLE `outputparameter` DISABLE KEYS */;
INSERT INTO `outputparameter` VALUES ('WSS116','p1'),('WSS136','p1'),('WSS138','p1'),('WSS156','p1'),('WSS163','p1'),('WSS172','p1'),('WSS177','p1'),('WSS179','p1'),('WSS180','p1'),('WSS182','p1'),('WSS192','p1'),('WSS200','p1'),('WSS227','p1'),('WSS234','p1'),('WSS262','p1'),('WSS265','p1'),('WSS27','p1'),('WSS271','p1'),('WSS277','p1'),('WSS298','p1'),('WSS299','p1'),('WSS306','p1'),('WSS331','p1'),('WSS346','p1'),('WSS354','p1'),('WSS360','p1'),('WSS367','p1'),('WSS371','p1'),('WSS384','p1'),('WSS400','p1'),('WSS410','p1'),('WSS416','p1'),('WSS42','p1'),('WSS420','p1'),('WSS421','p1'),('WSS439','p1'),('WSS445','p1'),('WSS447','p1'),('WSS464','p1'),('WSS529','p1'),('WSS531','p1'),('WSS568','p1'),('WSS57','p1'),('WSS572','p1'),('WSS584','p1'),('WSS606','p1'),('WSS607','p1'),('WSS616','p1'),('WSS644','p1'),('WSS669','p1'),('WSS67','p1'),('WSS686','p1'),('WSS693','p1'),('WSS697','p1'),('WSS704','p1'),('WSS708','p1'),('WSS710','p1'),('WSS711','p1'),('WSS713','p1'),('WSS752','p1'),('WSS777','p1'),('WSS781','p1'),('WSS815','p1'),('WSS823','p1'),('WSS829','p1'),('WSS834','p1'),('WSS841','p1'),('WSS870','p1'),('WSS883','p1'),('WSS888','p1'),('WSS896','p1'),('WSS9','p1'),('WSS902','p1'),('WSS904','p1'),('WSS913','p1'),('WSS920','p1'),('WSS946','p1'),('WSS947','p1'),('WSS951','p1'),('WSS959','p1'),('WSS966','p1'),('WSS967','p1'),('WSS968','p1'),('WSS99','p1'),('WSS999','p1'),('WSS110','p10'),('WSS112','p10'),('WSS133','p10'),('WSS144','p10'),('WSS149','p10'),('WSS162','p10'),('WSS173','p10'),('WSS217','p10'),('WSS220','p10'),('WSS221','p10'),('WSS232','p10'),('WSS236','p10'),('WSS244','p10'),('WSS254','p10'),('WSS260','p10'),('WSS280','p10'),('WSS291','p10'),('WSS310','p10'),('WSS314','p10'),('WSS320','p10'),('WSS351','p10'),('WSS36','p10'),('WSS387','p10'),('WSS394','p10'),('WSS397','p10'),('WSS447','p10'),('WSS448','p10'),('WSS454','p10'),('WSS466','p10'),('WSS470','p10'),('WSS472','p10'),('WSS485','p10'),('WSS487','p10'),('WSS49','p10'),('WSS507','p10'),('WSS531','p10'),('WSS540','p10'),('WSS57','p10'),('WSS578','p10'),('WSS582','p10'),('WSS588','p10'),('WSS594','p10'),('WSS607','p10'),('WSS609','p10'),('WSS617','p10'),('WSS622','p10'),('WSS635','p10'),('WSS649','p10'),('WSS678','p10'),('WSS696','p10'),('WSS706','p10'),('WSS716','p10'),('WSS718','p10'),('WSS737','p10'),('WSS755','p10'),('WSS762','p10'),('WSS767','p10'),('WSS769','p10'),('WSS799','p10'),('WSS804','p10'),('WSS810','p10'),('WSS820','p10'),('WSS828','p10'),('WSS833','p10'),('WSS834','p10'),('WSS835','p10'),('WSS837','p10'),('WSS86','p10'),('WSS875','p10'),('WSS877','p10'),('WSS882','p10'),('WSS905','p10'),('WSS925','p10'),('WSS931','p10'),('WSS933','p10'),('WSS937','p10'),('WSS951','p10'),('WSS960','p10'),('WSS971','p10'),('WSS972','p10'),('WSS975','p10'),('WSS977','p10'),('WSS978','p10'),('WSS98','p10'),('WSS982','p10'),('WSS988','p10'),('WSS995','p10'),('WSS102','p11'),('WSS117','p11'),('WSS121','p11'),('WSS123','p11'),('WSS124','p11'),('WSS125','p11'),('WSS144','p11'),('WSS146','p11'),('WSS159','p11'),('WSS185','p11'),('WSS235','p11'),('WSS245','p11'),('WSS246','p11'),('WSS255','p11'),('WSS262','p11'),('WSS28','p11'),('WSS281','p11'),('WSS283','p11'),('WSS285','p11'),('WSS293','p11'),('WSS31','p11'),('WSS311','p11'),('WSS332','p11'),('WSS342','p11'),('WSS343','p11'),('WSS352','p11'),('WSS362','p11'),('WSS386','p11'),('WSS413','p11'),('WSS428','p11'),('WSS43','p11'),('WSS430','p11'),('WSS439','p11'),('WSS441','p11'),('WSS445','p11'),('WSS451','p11'),('WSS456','p11'),('WSS458','p11'),('WSS460','p11'),('WSS48','p11'),('WSS490','p11'),('WSS494','p11'),('WSS508','p11'),('WSS517','p11'),('WSS521','p11'),('WSS53','p11'),('WSS573','p11'),('WSS58','p11'),('WSS585','p11'),('WSS587','p11'),('WSS591','p11'),('WSS593','p11'),('WSS598','p11'),('WSS599','p11'),('WSS61','p11'),('WSS613','p11'),('WSS617','p11'),('WSS627','p11'),('WSS64','p11'),('WSS656','p11'),('WSS662','p11'),('WSS675','p11'),('WSS707','p11'),('WSS721','p11'),('WSS725','p11'),('WSS734','p11'),('WSS74','p11'),('WSS741','p11'),('WSS752','p11'),('WSS771','p11'),('WSS802','p11'),('WSS810','p11'),('WSS816','p11'),('WSS820','p11'),('WSS822','p11'),('WSS83','p11'),('WSS832','p11'),('WSS852','p11'),('WSS853','p11'),('WSS854','p11'),('WSS871','p11'),('WSS883','p11'),('WSS888','p11'),('WSS891','p11'),('WSS896','p11'),('WSS901','p11'),('WSS91','p11'),('WSS936','p11'),('WSS939','p11'),('WSS963','p11'),('WSS967','p11'),('WSS973','p11'),('WSS978','p11'),('WSS981','p11'),('WSS989','p11'),('WSS99','p11'),('WSS1','p12'),('WSS106','p12'),('WSS114','p12'),('WSS115','p12'),('WSS125','p12'),('WSS14','p12'),('WSS16','p12'),('WSS169','p12'),('WSS204','p12'),('WSS213','p12'),('WSS222','p12'),('WSS23','p12'),('WSS243','p12'),('WSS25','p12'),('WSS262','p12'),('WSS282','p12'),('WSS290','p12'),('WSS310','p12'),('WSS316','p12'),('WSS321','p12'),('WSS356','p12'),('WSS365','p12'),('WSS383','p12'),('WSS39','p12'),('WSS393','p12'),('WSS40','p12'),('WSS405','p12'),('WSS422','p12'),('WSS434','p12'),('WSS44','p12'),('WSS440','p12'),('WSS468','p12'),('WSS47','p12'),('WSS474','p12'),('WSS483','p12'),('WSS488','p12'),('WSS499','p12'),('WSS500','p12'),('WSS505','p12'),('WSS511','p12'),('WSS512','p12'),('WSS514','p12'),('WSS516','p12'),('WSS523','p12'),('WSS524','p12'),('WSS526','p12'),('WSS53','p12'),('WSS533','p12'),('WSS54','p12'),('WSS546','p12'),('WSS555','p12'),('WSS56','p12'),('WSS590','p12'),('WSS601','p12'),('WSS626','p12'),('WSS637','p12'),('WSS660','p12'),('WSS663','p12'),('WSS667','p12'),('WSS701','p12'),('WSS719','p12'),('WSS72','p12'),('WSS722','p12'),('WSS725','p12'),('WSS727','p12'),('WSS743','p12'),('WSS754','p12'),('WSS761','p12'),('WSS770','p12'),('WSS792','p12'),('WSS796','p12'),('WSS807','p12'),('WSS821','p12'),('WSS825','p12'),('WSS856','p12'),('WSS868','p12'),('WSS872','p12'),('WSS874','p12'),('WSS877','p12'),('WSS893','p12'),('WSS903','p12'),('WSS921','p12'),('WSS934','p12'),('WSS940','p12'),('WSS944','p12'),('WSS95','p12'),('WSS987','p12'),('WSS102','p13'),('WSS11','p13'),('WSS121','p13'),('WSS129','p13'),('WSS171','p13'),('WSS184','p13'),('WSS191','p13'),('WSS2','p13'),('WSS203','p13'),('WSS204','p13'),('WSS209','p13'),('WSS216','p13'),('WSS224','p13'),('WSS232','p13'),('WSS240','p13'),('WSS255','p13'),('WSS264','p13'),('WSS265','p13'),('WSS272','p13'),('WSS278','p13'),('WSS280','p13'),('WSS288','p13'),('WSS308','p13'),('WSS321','p13'),('WSS323','p13'),('WSS34','p13'),('WSS351','p13'),('WSS352','p13'),('WSS361','p13'),('WSS373','p13'),('WSS376','p13'),('WSS377','p13'),('WSS392','p13'),('WSS40','p13'),('WSS404','p13'),('WSS408','p13'),('WSS421','p13'),('WSS423','p13'),('WSS426','p13'),('WSS427','p13'),('WSS437','p13'),('WSS458','p13'),('WSS459','p13'),('WSS464','p13'),('WSS52','p13'),('WSS539','p13'),('WSS55','p13'),('WSS556','p13'),('WSS569','p13'),('WSS570','p13'),('WSS579','p13'),('WSS589','p13'),('WSS592','p13'),('WSS593','p13'),('WSS609','p13'),('WSS611','p13'),('WSS62','p13'),('WSS629','p13'),('WSS643','p13'),('WSS648','p13'),('WSS662','p13'),('WSS665','p13'),('WSS67','p13'),('WSS713','p13'),('WSS716','p13'),('WSS728','p13'),('WSS733','p13'),('WSS74','p13'),('WSS753','p13'),('WSS756','p13'),('WSS761','p13'),('WSS773','p13'),('WSS780','p13'),('WSS804','p13'),('WSS82','p13'),('WSS830','p13'),('WSS836','p13'),('WSS847','p13'),('WSS895','p13'),('WSS899','p13'),('WSS902','p13'),('WSS908','p13'),('WSS926','p13'),('WSS94','p13'),('WSS950','p13'),('WSS956','p13'),('WSS972','p13'),('WSS979','p13'),('WSS988','p13'),('WSS997','p13'),('WSS103','p14'),('WSS118','p14'),('WSS120','p14'),('WSS13','p14'),('WSS136','p14'),('WSS14','p14'),('WSS140','p14'),('WSS142','p14'),('WSS151','p14'),('WSS154','p14'),('WSS161','p14'),('WSS169','p14'),('WSS178','p14'),('WSS179','p14'),('WSS214','p14'),('WSS238','p14'),('WSS253','p14'),('WSS258','p14'),('WSS259','p14'),('WSS26','p14'),('WSS273','p14'),('WSS284','p14'),('WSS323','p14'),('WSS34','p14'),('WSS365','p14'),('WSS374','p14'),('WSS382','p14'),('WSS407','p14'),('WSS425','p14'),('WSS43','p14'),('WSS44','p14'),('WSS441','p14'),('WSS451','p14'),('WSS491','p14'),('WSS494','p14'),('WSS498','p14'),('WSS499','p14'),('WSS524','p14'),('WSS525','p14'),('WSS536','p14'),('WSS537','p14'),('WSS552','p14'),('WSS565','p14'),('WSS577','p14'),('WSS591','p14'),('WSS598','p14'),('WSS605','p14'),('WSS61','p14'),('WSS620','p14'),('WSS634','p14'),('WSS64','p14'),('WSS640','p14'),('WSS66','p14'),('WSS668','p14'),('WSS680','p14'),('WSS702','p14'),('WSS723','p14'),('WSS733','p14'),('WSS740','p14'),('WSS745','p14'),('WSS746','p14'),('WSS775','p14'),('WSS781','p14'),('WSS784','p14'),('WSS786','p14'),('WSS795','p14'),('WSS799','p14'),('WSS809','p14'),('WSS81','p14'),('WSS832','p14'),('WSS835','p14'),('WSS856','p14'),('WSS863','p14'),('WSS876','p14'),('WSS935','p14'),('WSS964','p14'),('WSS965','p14'),('WSS966','p14'),('WSS973','p14'),('WSS996','p14'),('WSS121','p15'),('WSS124','p15'),('WSS127','p15'),('WSS139','p15'),('WSS144','p15'),('WSS149','p15'),('WSS154','p15'),('WSS157','p15'),('WSS167','p15'),('WSS174','p15'),('WSS183','p15'),('WSS194','p15'),('WSS2','p15'),('WSS221','p15'),('WSS231','p15'),('WSS254','p15'),('WSS262','p15'),('WSS267','p15'),('WSS269','p15'),('WSS29','p15'),('WSS297','p15'),('WSS303','p15'),('WSS311','p15'),('WSS317','p15'),('WSS334','p15'),('WSS34','p15'),('WSS359','p15'),('WSS370','p15'),('WSS372','p15'),('WSS38','p15'),('WSS381','p15'),('WSS416','p15'),('WSS423','p15'),('WSS424','p15'),('WSS444','p15'),('WSS451','p15'),('WSS489','p15'),('WSS491','p15'),('WSS507','p15'),('WSS533','p15'),('WSS538','p15'),('WSS572','p15'),('WSS591','p15'),('WSS603','p15'),('WSS607','p15'),('WSS612','p15'),('WSS625','p15'),('WSS627','p15'),('WSS642','p15'),('WSS653','p15'),('WSS654','p15'),('WSS699','p15'),('WSS72','p15'),('WSS739','p15'),('WSS74','p15'),('WSS752','p15'),('WSS779','p15'),('WSS784','p15'),('WSS792','p15'),('WSS794','p15'),('WSS796','p15'),('WSS799','p15'),('WSS80','p15'),('WSS820','p15'),('WSS821','p15'),('WSS825','p15'),('WSS826','p15'),('WSS839','p15'),('WSS84','p15'),('WSS851','p15'),('WSS885','p15'),('WSS917','p15'),('WSS922','p15'),('WSS943','p15'),('WSS947','p15'),('WSS949','p15'),('WSS954','p15'),('WSS96','p15'),('WSS983','p15'),('WSS993','p15'),('WSS101','p16'),('WSS104','p16'),('WSS105','p16'),('WSS113','p16'),('WSS131','p16'),('WSS156','p16'),('WSS161','p16'),('WSS171','p16'),('WSS184','p16'),('WSS205','p16'),('WSS224','p16'),('WSS225','p16'),('WSS256','p16'),('WSS268','p16'),('WSS28','p16'),('WSS298','p16'),('WSS303','p16'),('WSS318','p16'),('WSS339','p16'),('WSS341','p16'),('WSS342','p16'),('WSS349','p16'),('WSS355','p16'),('WSS359','p16'),('WSS362','p16'),('WSS369','p16'),('WSS374','p16'),('WSS381','p16'),('WSS388','p16'),('WSS430','p16'),('WSS435','p16'),('WSS517','p16'),('WSS528','p16'),('WSS545','p16'),('WSS551','p16'),('WSS554','p16'),('WSS579','p16'),('WSS595','p16'),('WSS6','p16'),('WSS602','p16'),('WSS605','p16'),('WSS613','p16'),('WSS626','p16'),('WSS632','p16'),('WSS647','p16'),('WSS649','p16'),('WSS664','p16'),('WSS677','p16'),('WSS69','p16'),('WSS690','p16'),('WSS694','p16'),('WSS700','p16'),('WSS709','p16'),('WSS72','p16'),('WSS726','p16'),('WSS734','p16'),('WSS735','p16'),('WSS743','p16'),('WSS755','p16'),('WSS768','p16'),('WSS780','p16'),('WSS787','p16'),('WSS801','p16'),('WSS808','p16'),('WSS826','p16'),('WSS828','p16'),('WSS831','p16'),('WSS871','p16'),('WSS875','p16'),('WSS879','p16'),('WSS888','p16'),('WSS89','p16'),('WSS91','p16'),('WSS935','p16'),('WSS945','p16'),('WSS95','p16'),('WSS955','p16'),('WSS957','p16'),('WSS958','p16'),('WSS974','p16'),('WSS976','p16'),('WSS998','p16'),('WSS108','p17'),('WSS110','p17'),('WSS111','p17'),('WSS128','p17'),('WSS141','p17'),('WSS143','p17'),('WSS165','p17'),('WSS166','p17'),('WSS168','p17'),('WSS194','p17'),('WSS208','p17'),('WSS211','p17'),('WSS23','p17'),('WSS250','p17'),('WSS271','p17'),('WSS283','p17'),('WSS286','p17'),('WSS293','p17'),('WSS294','p17'),('WSS315','p17'),('WSS317','p17'),('WSS329','p17'),('WSS340','p17'),('WSS345','p17'),('WSS353','p17'),('WSS402','p17'),('WSS42','p17'),('WSS430','p17'),('WSS457','p17'),('WSS497','p17'),('WSS498','p17'),('WSS510','p17'),('WSS532','p17'),('WSS564','p17'),('WSS565','p17'),('WSS569','p17'),('WSS572','p17'),('WSS576','p17'),('WSS588','p17'),('WSS638','p17'),('WSS641','p17'),('WSS644','p17'),('WSS65','p17'),('WSS651','p17'),('WSS694','p17'),('WSS703','p17'),('WSS711','p17'),('WSS714','p17'),('WSS747','p17'),('WSS750','p17'),('WSS757','p17'),('WSS768','p17'),('WSS783','p17'),('WSS811','p17'),('WSS833','p17'),('WSS843','p17'),('WSS851','p17'),('WSS858','p17'),('WSS859','p17'),('WSS860','p17'),('WSS901','p17'),('WSS902','p17'),('WSS904','p17'),('WSS913','p17'),('WSS935','p17'),('WSS939','p17'),('WSS958','p17'),('WSS967','p17'),('WSS99','p17'),('WSS992','p17'),('WSS108','p18'),('WSS136','p18'),('WSS145','p18'),('WSS152','p18'),('WSS185','p18'),('WSS186','p18'),('WSS196','p18'),('WSS204','p18'),('WSS228','p18'),('WSS229','p18'),('WSS240','p18'),('WSS260','p18'),('WSS267','p18'),('WSS287','p18'),('WSS3','p18'),('WSS328','p18'),('WSS331','p18'),('WSS338','p18'),('WSS339','p18'),('WSS340','p18'),('WSS354','p18'),('WSS362','p18'),('WSS375','p18'),('WSS38','p18'),('WSS402','p18'),('WSS417','p18'),('WSS419','p18'),('WSS420','p18'),('WSS423','p18'),('WSS428','p18'),('WSS447','p18'),('WSS462','p18'),('WSS479','p18'),('WSS496','p18'),('WSS501','p18'),('WSS529','p18'),('WSS53','p18'),('WSS553','p18'),('WSS555','p18'),('WSS557','p18'),('WSS582','p18'),('WSS595','p18'),('WSS624','p18'),('WSS625','p18'),('WSS638','p18'),('WSS659','p18'),('WSS67','p18'),('WSS687','p18'),('WSS716','p18'),('WSS743','p18'),('WSS747','p18'),('WSS751','p18'),('WSS759','p18'),('WSS76','p18'),('WSS765','p18'),('WSS778','p18'),('WSS78','p18'),('WSS789','p18'),('WSS803','p18'),('WSS81','p18'),('WSS812','p18'),('WSS815','p18'),('WSS829','p18'),('WSS835','p18'),('WSS853','p18'),('WSS864','p18'),('WSS869','p18'),('WSS873','p18'),('WSS879','p18'),('WSS887','p18'),('WSS93','p18'),('WSS930','p18'),('WSS94','p18'),('WSS945','p18'),('WSS998','p18'),('WSS105','p19'),('WSS108','p19'),('WSS132','p19'),('WSS139','p19'),('WSS146','p19'),('WSS153','p19'),('WSS174','p19'),('WSS188','p19'),('WSS191','p19'),('WSS226','p19'),('WSS254','p19'),('WSS255','p19'),('WSS28','p19'),('WSS290','p19'),('WSS291','p19'),('WSS295','p19'),('WSS32','p19'),('WSS332','p19'),('WSS341','p19'),('WSS345','p19'),('WSS347','p19'),('WSS358','p19'),('WSS368','p19'),('WSS404','p19'),('WSS410','p19'),('WSS412','p19'),('WSS43','p19'),('WSS446','p19'),('WSS461','p19'),('WSS469','p19'),('WSS477','p19'),('WSS492','p19'),('WSS504','p19'),('WSS534','p19'),('WSS550','p19'),('WSS552','p19'),('WSS570','p19'),('WSS571','p19'),('WSS573','p19'),('WSS574','p19'),('WSS598','p19'),('WSS610','p19'),('WSS614','p19'),('WSS634','p19'),('WSS653','p19'),('WSS656','p19'),('WSS662','p19'),('WSS681','p19'),('WSS698','p19'),('WSS723','p19'),('WSS725','p19'),('WSS727','p19'),('WSS737','p19'),('WSS757','p19'),('WSS834','p19'),('WSS853','p19'),('WSS855','p19'),('WSS866','p19'),('WSS893','p19'),('WSS894','p19'),('WSS905','p19'),('WSS917','p19'),('WSS927','p19'),('WSS935','p19'),('WSS943','p19'),('WSS981','p19'),('WSS1000','p2'),('WSS102','p2'),('WSS127','p2'),('WSS128','p2'),('WSS134','p2'),('WSS149','p2'),('WSS15','p2'),('WSS154','p2'),('WSS157','p2'),('WSS186','p2'),('WSS194','p2'),('WSS196','p2'),('WSS199','p2'),('WSS217','p2'),('WSS219','p2'),('WSS229','p2'),('WSS230','p2'),('WSS234','p2'),('WSS236','p2'),('WSS237','p2'),('WSS252','p2'),('WSS254','p2'),('WSS258','p2'),('WSS259','p2'),('WSS260','p2'),('WSS265','p2'),('WSS270','p2'),('WSS284','p2'),('WSS289','p2'),('WSS3','p2'),('WSS304','p2'),('WSS305','p2'),('WSS318','p2'),('WSS324','p2'),('WSS340','p2'),('WSS358','p2'),('WSS37','p2'),('WSS378','p2'),('WSS380','p2'),('WSS39','p2'),('WSS4','p2'),('WSS40','p2'),('WSS411','p2'),('WSS413','p2'),('WSS453','p2'),('WSS459','p2'),('WSS463','p2'),('WSS471','p2'),('WSS495','p2'),('WSS51','p2'),('WSS514','p2'),('WSS58','p2'),('WSS590','p2'),('WSS608','p2'),('WSS618','p2'),('WSS625','p2'),('WSS638','p2'),('WSS643','p2'),('WSS647','p2'),('WSS663','p2'),('WSS67','p2'),('WSS673','p2'),('WSS685','p2'),('WSS728','p2'),('WSS73','p2'),('WSS732','p2'),('WSS738','p2'),('WSS747','p2'),('WSS765','p2'),('WSS769','p2'),('WSS775','p2'),('WSS798','p2'),('WSS801','p2'),('WSS840','p2'),('WSS843','p2'),('WSS875','p2'),('WSS882','p2'),('WSS929','p2'),('WSS93','p2'),('WSS944','p2'),('WSS954','p2'),('WSS969','p2'),('WSS978','p2'),('WSS987','p2'),('WSS991','p2'),('WSS101','p20'),('WSS126','p20'),('WSS128','p20'),('WSS145','p20'),('WSS151','p20'),('WSS170','p20'),('WSS172','p20'),('WSS179','p20'),('WSS191','p20'),('WSS193','p20'),('WSS200','p20'),('WSS207','p20'),('WSS216','p20'),('WSS229','p20'),('WSS249','p20'),('WSS283','p20'),('WSS293','p20'),('WSS314','p20'),('WSS33','p20'),('WSS370','p20'),('WSS376','p20'),('WSS385','p20'),('WSS388','p20'),('WSS391','p20'),('WSS392','p20'),('WSS400','p20'),('WSS413','p20'),('WSS422','p20'),('WSS434','p20'),('WSS441','p20'),('WSS454','p20'),('WSS478','p20'),('WSS481','p20'),('WSS495','p20'),('WSS496','p20'),('WSS499','p20'),('WSS50','p20'),('WSS503','p20'),('WSS529','p20'),('WSS530','p20'),('WSS536','p20'),('WSS545','p20'),('WSS549','p20'),('WSS560','p20'),('WSS566','p20'),('WSS589','p20'),('WSS613','p20'),('WSS617','p20'),('WSS623','p20'),('WSS628','p20'),('WSS642','p20'),('WSS645','p20'),('WSS654','p20'),('WSS655','p20'),('WSS66','p20'),('WSS68','p20'),('WSS697','p20'),('WSS705','p20'),('WSS749','p20'),('WSS757','p20'),('WSS767','p20'),('WSS780','p20'),('WSS783','p20'),('WSS795','p20'),('WSS805','p20'),('WSS814','p20'),('WSS817','p20'),('WSS821','p20'),('WSS822','p20'),('WSS823','p20'),('WSS836','p20'),('WSS839','p20'),('WSS848','p20'),('WSS870','p20'),('WSS876','p20'),('WSS886','p20'),('WSS952','p20'),('WSS97','p20'),('WSS972','p20'),('WSS993','p20'),('WSS999','p20'),('WSS107','p21'),('WSS14','p21'),('WSS176','p21'),('WSS178','p21'),('WSS18','p21'),('WSS191','p21'),('WSS192','p21'),('WSS193','p21'),('WSS197','p21'),('WSS222','p21'),('WSS233','p21'),('WSS249','p21'),('WSS256','p21'),('WSS278','p21'),('WSS313','p21'),('WSS322','p21'),('WSS323','p21'),('WSS344','p21'),('WSS346','p21'),('WSS371','p21'),('WSS379','p21'),('WSS393','p21'),('WSS422','p21'),('WSS429','p21'),('WSS436','p21'),('WSS452','p21'),('WSS466','p21'),('WSS468','p21'),('WSS491','p21'),('WSS513','p21'),('WSS539','p21'),('WSS54','p21'),('WSS55','p21'),('WSS553','p21'),('WSS555','p21'),('WSS561','p21'),('WSS567','p21'),('WSS575','p21'),('WSS585','p21'),('WSS591','p21'),('WSS606','p21'),('WSS612','p21'),('WSS619','p21'),('WSS621','p21'),('WSS631','p21'),('WSS635','p21'),('WSS674','p21'),('WSS685','p21'),('WSS722','p21'),('WSS740','p21'),('WSS775','p21'),('WSS784','p21'),('WSS788','p21'),('WSS827','p21'),('WSS840','p21'),('WSS842','p21'),('WSS865','p21'),('WSS878','p21'),('WSS881','p21'),('WSS889','p21'),('WSS891','p21'),('WSS917','p21'),('WSS919','p21'),('WSS920','p21'),('WSS921','p21'),('WSS925','p21'),('WSS954','p21'),('WSS955','p21'),('WSS959','p21'),('WSS964','p21'),('WSS1','p22'),('WSS101','p22'),('WSS111','p22'),('WSS126','p22'),('WSS131','p22'),('WSS155','p22'),('WSS160','p22'),('WSS168','p22'),('WSS18','p22'),('WSS199','p22'),('WSS2','p22'),('WSS223','p22'),('WSS242','p22'),('WSS267','p22'),('WSS274','p22'),('WSS276','p22'),('WSS308','p22'),('WSS317','p22'),('WSS375','p22'),('WSS377','p22'),('WSS380','p22'),('WSS387','p22'),('WSS405','p22'),('WSS432','p22'),('WSS436','p22'),('WSS439','p22'),('WSS455','p22'),('WSS456','p22'),('WSS463','p22'),('WSS469','p22'),('WSS476','p22'),('WSS488','p22'),('WSS49','p22'),('WSS5','p22'),('WSS50','p22'),('WSS522','p22'),('WSS548','p22'),('WSS560','p22'),('WSS57','p22'),('WSS578','p22'),('WSS584','p22'),('WSS591','p22'),('WSS593','p22'),('WSS595','p22'),('WSS599','p22'),('WSS601','p22'),('WSS602','p22'),('WSS62','p22'),('WSS657','p22'),('WSS660','p22'),('WSS676','p22'),('WSS688','p22'),('WSS695','p22'),('WSS696','p22'),('WSS708','p22'),('WSS709','p22'),('WSS710','p22'),('WSS715','p22'),('WSS717','p22'),('WSS719','p22'),('WSS741','p22'),('WSS754','p22'),('WSS773','p22'),('WSS774','p22'),('WSS779','p22'),('WSS807','p22'),('WSS81','p22'),('WSS835','p22'),('WSS846','p22'),('WSS868','p22'),('WSS88','p22'),('WSS887','p22'),('WSS891','p22'),('WSS917','p22'),('WSS922','p22'),('WSS925','p22'),('WSS935','p22'),('WSS936','p22'),('WSS944','p22'),('WSS961','p22'),('WSS964','p22'),('WSS111','p23'),('WSS117','p23'),('WSS12','p23'),('WSS120','p23'),('WSS134','p23'),('WSS140','p23'),('WSS141','p23'),('WSS142','p23'),('WSS148','p23'),('WSS153','p23'),('WSS163','p23'),('WSS167','p23'),('WSS17','p23'),('WSS181','p23'),('WSS196','p23'),('WSS201','p23'),('WSS206','p23'),('WSS212','p23'),('WSS225','p23'),('WSS242','p23'),('WSS256','p23'),('WSS266','p23'),('WSS278','p23'),('WSS281','p23'),('WSS300','p23'),('WSS304','p23'),('WSS31','p23'),('WSS317','p23'),('WSS329','p23'),('WSS343','p23'),('WSS384','p23'),('WSS393','p23'),('WSS394','p23'),('WSS406','p23'),('WSS408','p23'),('WSS424','p23'),('WSS445','p23'),('WSS46','p23'),('WSS462','p23'),('WSS465','p23'),('WSS466','p23'),('WSS467','p23'),('WSS475','p23'),('WSS484','p23'),('WSS490','p23'),('WSS496','p23'),('WSS498','p23'),('WSS499','p23'),('WSS50','p23'),('WSS513','p23'),('WSS535','p23'),('WSS541','p23'),('WSS546','p23'),('WSS575','p23'),('WSS584','p23'),('WSS616','p23'),('WSS628','p23'),('WSS634','p23'),('WSS652','p23'),('WSS659','p23'),('WSS666','p23'),('WSS67','p23'),('WSS71','p23'),('WSS716','p23'),('WSS73','p23'),('WSS734','p23'),('WSS742','p23'),('WSS750','p23'),('WSS761','p23'),('WSS782','p23'),('WSS787','p23'),('WSS802','p23'),('WSS805','p23'),('WSS815','p23'),('WSS819','p23'),('WSS83','p23'),('WSS831','p23'),('WSS845','p23'),('WSS882','p23'),('WSS89','p23'),('WSS892','p23'),('WSS911','p23'),('WSS913','p23'),('WSS933','p23'),('WSS935','p23'),('WSS974','p23'),('WSS989','p23'),('WSS997','p23'),('WSS999','p23'),('WSS109','p24'),('WSS149','p24'),('WSS160','p24'),('WSS162','p24'),('WSS163','p24'),('WSS185','p24'),('WSS206','p24'),('WSS221','p24'),('WSS227','p24'),('WSS240','p24'),('WSS246','p24'),('WSS248','p24'),('WSS261','p24'),('WSS265','p24'),('WSS268','p24'),('WSS27','p24'),('WSS294','p24'),('WSS299','p24'),('WSS301','p24'),('WSS308','p24'),('WSS312','p24'),('WSS325','p24'),('WSS335','p24'),('WSS35','p24'),('WSS36','p24'),('WSS363','p24'),('WSS371','p24'),('WSS372','p24'),('WSS375','p24'),('WSS389','p24'),('WSS397','p24'),('WSS399','p24'),('WSS4','p24'),('WSS428','p24'),('WSS433','p24'),('WSS438','p24'),('WSS444','p24'),('WSS450','p24'),('WSS469','p24'),('WSS470','p24'),('WSS471','p24'),('WSS479','p24'),('WSS487','p24'),('WSS506','p24'),('WSS512','p24'),('WSS52','p24'),('WSS525','p24'),('WSS544','p24'),('WSS545','p24'),('WSS548','p24'),('WSS56','p24'),('WSS568','p24'),('WSS584','p24'),('WSS592','p24'),('WSS599','p24'),('WSS600','p24'),('WSS610','p24'),('WSS621','p24'),('WSS645','p24'),('WSS653','p24'),('WSS664','p24'),('WSS667','p24'),('WSS678','p24'),('WSS680','p24'),('WSS692','p24'),('WSS693','p24'),('WSS708','p24'),('WSS714','p24'),('WSS722','p24'),('WSS724','p24'),('WSS727','p24'),('WSS732','p24'),('WSS737','p24'),('WSS760','p24'),('WSS764','p24'),('WSS765','p24'),('WSS777','p24'),('WSS779','p24'),('WSS805','p24'),('WSS816','p24'),('WSS850','p24'),('WSS852','p24'),('WSS862','p24'),('WSS868','p24'),('WSS891','p24'),('WSS895','p24'),('WSS906','p24'),('WSS908','p24'),('WSS909','p24'),('WSS913','p24'),('WSS916','p24'),('WSS930','p24'),('WSS941','p24'),('WSS943','p24'),('WSS963','p24'),('WSS965','p24'),('WSS992','p24'),('WSS10','p25'),('WSS111','p25'),('WSS122','p25'),('WSS124','p25'),('WSS13','p25'),('WSS144','p25'),('WSS152','p25'),('WSS168','p25'),('WSS17','p25'),('WSS170','p25'),('WSS176','p25'),('WSS227','p25'),('WSS24','p25'),('WSS25','p25'),('WSS257','p25'),('WSS270','p25'),('WSS272','p25'),('WSS287','p25'),('WSS305','p25'),('WSS311','p25'),('WSS329','p25'),('WSS330','p25'),('WSS333','p25'),('WSS335','p25'),('WSS339','p25'),('WSS342','p25'),('WSS352','p25'),('WSS359','p25'),('WSS38','p25'),('WSS416','p25'),('WSS423','p25'),('WSS446','p25'),('WSS457','p25'),('WSS46','p25'),('WSS464','p25'),('WSS474','p25'),('WSS478','p25'),('WSS48','p25'),('WSS486','p25'),('WSS500','p25'),('WSS504','p25'),('WSS509','p25'),('WSS512','p25'),('WSS514','p25'),('WSS594','p25'),('WSS616','p25'),('WSS62','p25'),('WSS627','p25'),('WSS636','p25'),('WSS64','p25'),('WSS65','p25'),('WSS650','p25'),('WSS666','p25'),('WSS703','p25'),('WSS709','p25'),('WSS713','p25'),('WSS714','p25'),('WSS725','p25'),('WSS759','p25'),('WSS765','p25'),('WSS779','p25'),('WSS785','p25'),('WSS789','p25'),('WSS79','p25'),('WSS798','p25'),('WSS809','p25'),('WSS842','p25'),('WSS854','p25'),('WSS861','p25'),('WSS867','p25'),('WSS910','p25'),('WSS911','p25'),('WSS937','p25'),('WSS951','p25'),('WSS97','p25'),('WSS977','p25'),('WSS984','p25'),('WSS993','p25'),('WSS996','p25'),('WSS10','p26'),('WSS100','p26'),('WSS109','p26'),('WSS129','p26'),('WSS143','p26'),('WSS144','p26'),('WSS165','p26'),('WSS187','p26'),('WSS198','p26'),('WSS20','p26'),('WSS208','p26'),('WSS216','p26'),('WSS218','p26'),('WSS219','p26'),('WSS22','p26'),('WSS224','p26'),('WSS232','p26'),('WSS248','p26'),('WSS313','p26'),('WSS314','p26'),('WSS322','p26'),('WSS328','p26'),('WSS33','p26'),('WSS334','p26'),('WSS341','p26'),('WSS372','p26'),('WSS384','p26'),('WSS391','p26'),('WSS401','p26'),('WSS406','p26'),('WSS412','p26'),('WSS442','p26'),('WSS451','p26'),('WSS462','p26'),('WSS484','p26'),('WSS486','p26'),('WSS488','p26'),('WSS50','p26'),('WSS514','p26'),('WSS567','p26'),('WSS572','p26'),('WSS588','p26'),('WSS600','p26'),('WSS622','p26'),('WSS63','p26'),('WSS635','p26'),('WSS642','p26'),('WSS651','p26'),('WSS683','p26'),('WSS692','p26'),('WSS697','p26'),('WSS717','p26'),('WSS731','p26'),('WSS739','p26'),('WSS747','p26'),('WSS791','p26'),('WSS793','p26'),('WSS799','p26'),('WSS812','p26'),('WSS813','p26'),('WSS823','p26'),('WSS825','p26'),('WSS830','p26'),('WSS838','p26'),('WSS841','p26'),('WSS85','p26'),('WSS860','p26'),('WSS865','p26'),('WSS880','p26'),('WSS903','p26'),('WSS913','p26'),('WSS92','p26'),('WSS931','p26'),('WSS938','p26'),('WSS955','p26'),('WSS96','p26'),('WSS971','p26'),('WSS980','p26'),('WSS981','p26'),('WSS128','p27'),('WSS131','p27'),('WSS137','p27'),('WSS153','p27'),('WSS154','p27'),('WSS175','p27'),('WSS183','p27'),('WSS187','p27'),('WSS221','p27'),('WSS224','p27'),('WSS273','p27'),('WSS302','p27'),('WSS317','p27'),('WSS32','p27'),('WSS33','p27'),('WSS343','p27'),('WSS348','p27'),('WSS350','p27'),('WSS354','p27'),('WSS364','p27'),('WSS366','p27'),('WSS370','p27'),('WSS371','p27'),('WSS392','p27'),('WSS399','p27'),('WSS405','p27'),('WSS466','p27'),('WSS490','p27'),('WSS495','p27'),('WSS517','p27'),('WSS528','p27'),('WSS539','p27'),('WSS54','p27'),('WSS547','p27'),('WSS558','p27'),('WSS566','p27'),('WSS61','p27'),('WSS631','p27'),('WSS649','p27'),('WSS680','p27'),('WSS684','p27'),('WSS692','p27'),('WSS695','p27'),('WSS700','p27'),('WSS715','p27'),('WSS730','p27'),('WSS741','p27'),('WSS753','p27'),('WSS76','p27'),('WSS769','p27'),('WSS779','p27'),('WSS789','p27'),('WSS796','p27'),('WSS807','p27'),('WSS815','p27'),('WSS816','p27'),('WSS85','p27'),('WSS851','p27'),('WSS90','p27'),('WSS93','p27'),('WSS932','p27'),('WSS949','p27'),('WSS970','p27'),('WSS982','p27'),('WSS983','p27'),('WSS984','p27'),('WSS987','p27'),('WSS993','p27'),('WSS995','p27'),('WSS1','p28'),('WSS15','p28'),('WSS152','p28'),('WSS164','p28'),('WSS17','p28'),('WSS172','p28'),('WSS189','p28'),('WSS209','p28'),('WSS21','p28'),('WSS214','p28'),('WSS232','p28'),('WSS243','p28'),('WSS244','p28'),('WSS249','p28'),('WSS25','p28'),('WSS250','p28'),('WSS255','p28'),('WSS26','p28'),('WSS29','p28'),('WSS295','p28'),('WSS296','p28'),('WSS299','p28'),('WSS301','p28'),('WSS306','p28'),('WSS336','p28'),('WSS337','p28'),('WSS34','p28'),('WSS341','p28'),('WSS353','p28'),('WSS360','p28'),('WSS363','p28'),('WSS367','p28'),('WSS379','p28'),('WSS385','p28'),('WSS403','p28'),('WSS404','p28'),('WSS41','p28'),('WSS42','p28'),('WSS45','p28'),('WSS452','p28'),('WSS473','p28'),('WSS480','p28'),('WSS492','p28'),('WSS502','p28'),('WSS506','p28'),('WSS508','p28'),('WSS509','p28'),('WSS527','p28'),('WSS56','p28'),('WSS562','p28'),('WSS566','p28'),('WSS568','p28'),('WSS596','p28'),('WSS601','p28'),('WSS604','p28'),('WSS63','p28'),('WSS632','p28'),('WSS652','p28'),('WSS661','p28'),('WSS670','p28'),('WSS68','p28'),('WSS685','p28'),('WSS693','p28'),('WSS695','p28'),('WSS698','p28'),('WSS700','p28'),('WSS704','p28'),('WSS720','p28'),('WSS738','p28'),('WSS742','p28'),('WSS760','p28'),('WSS772','p28'),('WSS795','p28'),('WSS811','p28'),('WSS819','p28'),('WSS83','p28'),('WSS830','p28'),('WSS831','p28'),('WSS837','p28'),('WSS841','p28'),('WSS849','p28'),('WSS885','p28'),('WSS892','p28'),('WSS898','p28'),('WSS909','p28'),('WSS922','p28'),('WSS932','p28'),('WSS934','p28'),('WSS94','p28'),('WSS942','p28'),('WSS944','p28'),('WSS959','p28'),('WSS991','p28'),('WSS120','p29'),('WSS121','p29'),('WSS123','p29'),('WSS125','p29'),('WSS129','p29'),('WSS142','p29'),('WSS152','p29'),('WSS19','p29'),('WSS190','p29'),('WSS195','p29'),('WSS238','p29'),('WSS239','p29'),('WSS260','p29'),('WSS302','p29'),('WSS307','p29'),('WSS308','p29'),('WSS312','p29'),('WSS315','p29'),('WSS323','p29'),('WSS327','p29'),('WSS347','p29'),('WSS349','p29'),('WSS362','p29'),('WSS369','p29'),('WSS370','p29'),('WSS371','p29'),('WSS373','p29'),('WSS388','p29'),('WSS397','p29'),('WSS407','p29'),('WSS422','p29'),('WSS433','p29'),('WSS442','p29'),('WSS457','p29'),('WSS466','p29'),('WSS481','p29'),('WSS488','p29'),('WSS492','p29'),('WSS537','p29'),('WSS547','p29'),('WSS562','p29'),('WSS570','p29'),('WSS571','p29'),('WSS575','p29'),('WSS603','p29'),('WSS632','p29'),('WSS634','p29'),('WSS639','p29'),('WSS641','p29'),('WSS643','p29'),('WSS645','p29'),('WSS670','p29'),('WSS675','p29'),('WSS679','p29'),('WSS685','p29'),('WSS69','p29'),('WSS7','p29'),('WSS71','p29'),('WSS723','p29'),('WSS738','p29'),('WSS760','p29'),('WSS762','p29'),('WSS771','p29'),('WSS780','p29'),('WSS790','p29'),('WSS803','p29'),('WSS808','p29'),('WSS812','p29'),('WSS819','p29'),('WSS822','p29'),('WSS842','p29'),('WSS846','p29'),('WSS857','p29'),('WSS883','p29'),('WSS895','p29'),('WSS919','p29'),('WSS928','p29'),('WSS939','p29'),('WSS960','p29'),('WSS964','p29'),('WSS973','p29'),('WSS990','p29'),('WSS994','p29'),('WSS995','p29'),('WSS1','p3'),('WSS131','p3'),('WSS143','p3'),('WSS156','p3'),('WSS166','p3'),('WSS195','p3'),('WSS203','p3'),('WSS207','p3'),('WSS209','p3'),('WSS21','p3'),('WSS23','p3'),('WSS26','p3'),('WSS271','p3'),('WSS286','p3'),('WSS290','p3'),('WSS301','p3'),('WSS311','p3'),('WSS315','p3'),('WSS316','p3'),('WSS324','p3'),('WSS336','p3'),('WSS350','p3'),('WSS355','p3'),('WSS358','p3'),('WSS364','p3'),('WSS389','p3'),('WSS41','p3'),('WSS413','p3'),('WSS42','p3'),('WSS420','p3'),('WSS426','p3'),('WSS427','p3'),('WSS437','p3'),('WSS440','p3'),('WSS442','p3'),('WSS443','p3'),('WSS486','p3'),('WSS504','p3'),('WSS509','p3'),('WSS517','p3'),('WSS522','p3'),('WSS523','p3'),('WSS538','p3'),('WSS543','p3'),('WSS552','p3'),('WSS564','p3'),('WSS565','p3'),('WSS581','p3'),('WSS594','p3'),('WSS61','p3'),('WSS629','p3'),('WSS646','p3'),('WSS658','p3'),('WSS682','p3'),('WSS718','p3'),('WSS73','p3'),('WSS731','p3'),('WSS741','p3'),('WSS744','p3'),('WSS767','p3'),('WSS770','p3'),('WSS79','p3'),('WSS792','p3'),('WSS816','p3'),('WSS817','p3'),('WSS818','p3'),('WSS842','p3'),('WSS88','p3'),('WSS895','p3'),('WSS896','p3'),('WSS898','p3'),('WSS916','p3'),('WSS936','p3'),('WSS942','p3'),('WSS971','p3'),('WSS989','p3'),('WSS101','p30'),('WSS115','p30'),('WSS118','p30'),('WSS125','p30'),('WSS156','p30'),('WSS160','p30'),('WSS164','p30'),('WSS170','p30'),('WSS174','p30'),('WSS188','p30'),('WSS193','p30'),('WSS202','p30'),('WSS204','p30'),('WSS216','p30'),('WSS254','p30'),('WSS265','p30'),('WSS269','p30'),('WSS287','p30'),('WSS301','p30'),('WSS307','p30'),('WSS31','p30'),('WSS315','p30'),('WSS319','p30'),('WSS332','p30'),('WSS333','p30'),('WSS34','p30'),('WSS357','p30'),('WSS358','p30'),('WSS364','p30'),('WSS391','p30'),('WSS457','p30'),('WSS470','p30'),('WSS486','p30'),('WSS489','p30'),('WSS522','p30'),('WSS526','p30'),('WSS543','p30'),('WSS545','p30'),('WSS557','p30'),('WSS577','p30'),('WSS61','p30'),('WSS612','p30'),('WSS614','p30'),('WSS615','p30'),('WSS637','p30'),('WSS658','p30'),('WSS673','p30'),('WSS676','p30'),('WSS734','p30'),('WSS745','p30'),('WSS749','p30'),('WSS755','p30'),('WSS767','p30'),('WSS784','p30'),('WSS787','p30'),('WSS80','p30'),('WSS800','p30'),('WSS801','p30'),('WSS805','p30'),('WSS806','p30'),('WSS827','p30'),('WSS847','p30'),('WSS848','p30'),('WSS857','p30'),('WSS859','p30'),('WSS863','p30'),('WSS878','p30'),('WSS89','p30'),('WSS893','p30'),('WSS900','p30'),('WSS923','p30'),('WSS948','p30'),('WSS950','p30'),('WSS963','p30'),('WSS984','p30'),('WSS101','p31'),('WSS109','p31'),('WSS139','p31'),('WSS140','p31'),('WSS141','p31'),('WSS143','p31'),('WSS145','p31'),('WSS177','p31'),('WSS190','p31'),('WSS193','p31'),('WSS196','p31'),('WSS198','p31'),('WSS203','p31'),('WSS206','p31'),('WSS220','p31'),('WSS248','p31'),('WSS253','p31'),('WSS258','p31'),('WSS28','p31'),('WSS288','p31'),('WSS291','p31'),('WSS293','p31'),('WSS310','p31'),('WSS320','p31'),('WSS349','p31'),('WSS357','p31'),('WSS388','p31'),('WSS405','p31'),('WSS42','p31'),('WSS436','p31'),('WSS448','p31'),('WSS460','p31'),('WSS5','p31'),('WSS524','p31'),('WSS526','p31'),('WSS528','p31'),('WSS530','p31'),('WSS540','p31'),('WSS541','p31'),('WSS543','p31'),('WSS549','p31'),('WSS563','p31'),('WSS565','p31'),('WSS566','p31'),('WSS59','p31'),('WSS594','p31'),('WSS627','p31'),('WSS63','p31'),('WSS654','p31'),('WSS664','p31'),('WSS684','p31'),('WSS699','p31'),('WSS708','p31'),('WSS733','p31'),('WSS748','p31'),('WSS753','p31'),('WSS754','p31'),('WSS761','p31'),('WSS763','p31'),('WSS766','p31'),('WSS769','p31'),('WSS796','p31'),('WSS797','p31'),('WSS803','p31'),('WSS814','p31'),('WSS828','p31'),('WSS849','p31'),('WSS85','p31'),('WSS856','p31'),('WSS857','p31'),('WSS859','p31'),('WSS864','p31'),('WSS870','p31'),('WSS876','p31'),('WSS88','p31'),('WSS884','p31'),('WSS885','p31'),('WSS887','p31'),('WSS912','p31'),('WSS925','p31'),('WSS940','p31'),('WSS965','p31'),('WSS966','p31'),('WSS968','p31'),('WSS976','p31'),('WSS978','p31'),('WSS109','p32'),('WSS112','p32'),('WSS113','p32'),('WSS114','p32'),('WSS127','p32'),('WSS130','p32'),('WSS134','p32'),('WSS140','p32'),('WSS141','p32'),('WSS162','p32'),('WSS167','p32'),('WSS172','p32'),('WSS177','p32'),('WSS18','p32'),('WSS182','p32'),('WSS184','p32'),('WSS188','p32'),('WSS195','p32'),('WSS197','p32'),('WSS21','p32'),('WSS214','p32'),('WSS219','p32'),('WSS235','p32'),('WSS239','p32'),('WSS259','p32'),('WSS280','p32'),('WSS299','p32'),('WSS302','p32'),('WSS306','p32'),('WSS318','p32'),('WSS375','p32'),('WSS379','p32'),('WSS390','p32'),('WSS391','p32'),('WSS395','p32'),('WSS401','p32'),('WSS434','p32'),('WSS443','p32'),('WSS444','p32'),('WSS459','p32'),('WSS474','p32'),('WSS480','p32'),('WSS483','p32'),('WSS50','p32'),('WSS511','p32'),('WSS512','p32'),('WSS517','p32'),('WSS523','p32'),('WSS524','p32'),('WSS53','p32'),('WSS561','p32'),('WSS571','p32'),('WSS577','p32'),('WSS578','p32'),('WSS583','p32'),('WSS586','p32'),('WSS601','p32'),('WSS609','p32'),('WSS614','p32'),('WSS615','p32'),('WSS616','p32'),('WSS624','p32'),('WSS627','p32'),('WSS636','p32'),('WSS640','p32'),('WSS65','p32'),('WSS657','p32'),('WSS662','p32'),('WSS663','p32'),('WSS676','p32'),('WSS681','p32'),('WSS692','p32'),('WSS693','p32'),('WSS706','p32'),('WSS708','p32'),('WSS721','p32'),('WSS729','p32'),('WSS733','p32'),('WSS749','p32'),('WSS756','p32'),('WSS76','p32'),('WSS764','p32'),('WSS774','p32'),('WSS776','p32'),('WSS803','p32'),('WSS805','p32'),('WSS812','p32'),('WSS819','p32'),('WSS849','p32'),('WSS854','p32'),('WSS87','p32'),('WSS877','p32'),('WSS889','p32'),('WSS893','p32'),('WSS898','p32'),('WSS906','p32'),('WSS918','p32'),('WSS924','p32'),('WSS928','p32'),('WSS961','p32'),('WSS985','p32'),('WSS990','p32'),('WSS993','p32'),('WSS10','p33'),('WSS123','p33'),('WSS13','p33'),('WSS133','p33'),('WSS134','p33'),('WSS153','p33'),('WSS17','p33'),('WSS177','p33'),('WSS194','p33'),('WSS197','p33'),('WSS199','p33'),('WSS2','p33'),('WSS232','p33'),('WSS237','p33'),('WSS242','p33'),('WSS267','p33'),('WSS275','p33'),('WSS285','p33'),('WSS290','p33'),('WSS297','p33'),('WSS301','p33'),('WSS333','p33'),('WSS348','p33'),('WSS368','p33'),('WSS370','p33'),('WSS377','p33'),('WSS378','p33'),('WSS399','p33'),('WSS40','p33'),('WSS414','p33'),('WSS415','p33'),('WSS436','p33'),('WSS443','p33'),('WSS446','p33'),('WSS497','p33'),('WSS502','p33'),('WSS568','p33'),('WSS571','p33'),('WSS588','p33'),('WSS608','p33'),('WSS611','p33'),('WSS629','p33'),('WSS634','p33'),('WSS65','p33'),('WSS665','p33'),('WSS669','p33'),('WSS683','p33'),('WSS70','p33'),('WSS707','p33'),('WSS724','p33'),('WSS732','p33'),('WSS742','p33'),('WSS745','p33'),('WSS749','p33'),('WSS810','p33'),('WSS817','p33'),('WSS821','p33'),('WSS852','p33'),('WSS861','p33'),('WSS865','p33'),('WSS874','p33'),('WSS878','p33'),('WSS893','p33'),('WSS9','p33'),('WSS915','p33'),('WSS926','p33'),('WSS927','p33'),('WSS933','p33'),('WSS938','p33'),('WSS954','p33'),('WSS955','p33'),('WSS960','p33'),('WSS963','p33'),('WSS965','p33'),('WSS970','p33'),('WSS98','p33'),('WSS985','p33'),('WSS990','p33'),('WSS992','p33'),('WSS994','p33'),('WSS108','p34'),('WSS115','p34'),('WSS130','p34'),('WSS132','p34'),('WSS133','p34'),('WSS137','p34'),('WSS159','p34'),('WSS164','p34'),('WSS176','p34'),('WSS177','p34'),('WSS178','p34'),('WSS181','p34'),('WSS182','p34'),('WSS183','p34'),('WSS186','p34'),('WSS190','p34'),('WSS208','p34'),('WSS213','p34'),('WSS220','p34'),('WSS230','p34'),('WSS234','p34'),('WSS236','p34'),('WSS240','p34'),('WSS243','p34'),('WSS249','p34'),('WSS251','p34'),('WSS26','p34'),('WSS261','p34'),('WSS264','p34'),('WSS269','p34'),('WSS27','p34'),('WSS279','p34'),('WSS304','p34'),('WSS334','p34'),('WSS359','p34'),('WSS364','p34'),('WSS366','p34'),('WSS372','p34'),('WSS382','p34'),('WSS399','p34'),('WSS403','p34'),('WSS408','p34'),('WSS409','p34'),('WSS416','p34'),('WSS434','p34'),('WSS448','p34'),('WSS461','p34'),('WSS487','p34'),('WSS518','p34'),('WSS525','p34'),('WSS526','p34'),('WSS536','p34'),('WSS542','p34'),('WSS547','p34'),('WSS550','p34'),('WSS570','p34'),('WSS586','p34'),('WSS595','p34'),('WSS602','p34'),('WSS603','p34'),('WSS626','p34'),('WSS64','p34'),('WSS645','p34'),('WSS653','p34'),('WSS666','p34'),('WSS668','p34'),('WSS69','p34'),('WSS691','p34'),('WSS692','p34'),('WSS702','p34'),('WSS730','p34'),('WSS765','p34'),('WSS768','p34'),('WSS772','p34'),('WSS777','p34'),('WSS78','p34'),('WSS803','p34'),('WSS808','p34'),('WSS813','p34'),('WSS826','p34'),('WSS83','p34'),('WSS84','p34'),('WSS859','p34'),('WSS89','p34'),('WSS926','p34'),('WSS942','p34'),('WSS943','p34'),('WSS959','p34'),('WSS976','p34'),('WSS984','p34'),('WSS996','p34'),('WSS999','p34'),('WSS1','p35'),('WSS102','p35'),('WSS104','p35'),('WSS105','p35'),('WSS113','p35'),('WSS119','p35'),('WSS135','p35'),('WSS145','p35'),('WSS171','p35'),('WSS182','p35'),('WSS189','p35'),('WSS202','p35'),('WSS205','p35'),('WSS207','p35'),('WSS22','p35'),('WSS237','p35'),('WSS25','p35'),('WSS257','p35'),('WSS266','p35'),('WSS294','p35'),('WSS297','p35'),('WSS298','p35'),('WSS310','p35'),('WSS313','p35'),('WSS325','p35'),('WSS333','p35'),('WSS343','p35'),('WSS372','p35'),('WSS381','p35'),('WSS400','p35'),('WSS405','p35'),('WSS429','p35'),('WSS434','p35'),('WSS442','p35'),('WSS443','p35'),('WSS453','p35'),('WSS470','p35'),('WSS477','p35'),('WSS48','p35'),('WSS49','p35'),('WSS490','p35'),('WSS541','p35'),('WSS544','p35'),('WSS546','p35'),('WSS552','p35'),('WSS574','p35'),('WSS575','p35'),('WSS577','p35'),('WSS580','p35'),('WSS60','p35'),('WSS613','p35'),('WSS632','p35'),('WSS638','p35'),('WSS647','p35'),('WSS65','p35'),('WSS669','p35'),('WSS70','p35'),('WSS71','p35'),('WSS723','p35'),('WSS728','p35'),('WSS734','p35'),('WSS774','p35'),('WSS776','p35'),('WSS778','p35'),('WSS782','p35'),('WSS791','p35'),('WSS792','p35'),('WSS831','p35'),('WSS838','p35'),('WSS84','p35'),('WSS843','p35'),('WSS864','p35'),('WSS879','p35'),('WSS88','p35'),('WSS892','p35'),('WSS90','p35'),('WSS900','p35'),('WSS907','p35'),('WSS910','p35'),('WSS920','p35'),('WSS924','p35'),('WSS934','p35'),('WSS942','p35'),('WSS95','p35'),('WSS962','p35'),('WSS977','p35'),('WSS986','p35'),('WSS997','p35'),('WSS998','p35'),('WSS126','p36'),('WSS135','p36'),('WSS148','p36'),('WSS155','p36'),('WSS158','p36'),('WSS187','p36'),('WSS189','p36'),('WSS192','p36'),('WSS195','p36'),('WSS204','p36'),('WSS22','p36'),('WSS262','p36'),('WSS266','p36'),('WSS271','p36'),('WSS292','p36'),('WSS295','p36'),('WSS307','p36'),('WSS319','p36'),('WSS326','p36'),('WSS344','p36'),('WSS347','p36'),('WSS353','p36'),('WSS388','p36'),('WSS390','p36'),('WSS393','p36'),('WSS41','p36'),('WSS443','p36'),('WSS445','p36'),('WSS450','p36'),('WSS46','p36'),('WSS465','p36'),('WSS548','p36'),('WSS656','p36'),('WSS669','p36'),('WSS683','p36'),('WSS687','p36'),('WSS691','p36'),('WSS697','p36'),('WSS707','p36'),('WSS761','p36'),('WSS763','p36'),('WSS785','p36'),('WSS797','p36'),('WSS829','p36'),('WSS83','p36'),('WSS852','p36'),('WSS862','p36'),('WSS874','p36'),('WSS885','p36'),('WSS887','p36'),('WSS889','p36'),('WSS915','p36'),('WSS920','p36'),('WSS952','p36'),('WSS959','p36'),('WSS967','p36'),('WSS969','p36'),('WSS97','p36'),('WSS972','p36'),('WSS979','p36'),('WSS985','p36'),('WSS991','p36'),('WSS103','p37'),('WSS124','p37'),('WSS128','p37'),('WSS129','p37'),('WSS139','p37'),('WSS148','p37'),('WSS16','p37'),('WSS160','p37'),('WSS198','p37'),('WSS200','p37'),('WSS203','p37'),('WSS252','p37'),('WSS271','p37'),('WSS277','p37'),('WSS284','p37'),('WSS289','p37'),('WSS292','p37'),('WSS32','p37'),('WSS330','p37'),('WSS335','p37'),('WSS337','p37'),('WSS338','p37'),('WSS339','p37'),('WSS35','p37'),('WSS350','p37'),('WSS351','p37'),('WSS383','p37'),('WSS398','p37'),('WSS418','p37'),('WSS425','p37'),('WSS431','p37'),('WSS435','p37'),('WSS447','p37'),('WSS449','p37'),('WSS459','p37'),('WSS462','p37'),('WSS471','p37'),('WSS489','p37'),('WSS494','p37'),('WSS507','p37'),('WSS510','p37'),('WSS550','p37'),('WSS554','p37'),('WSS559','p37'),('WSS560','p37'),('WSS561','p37'),('WSS562','p37'),('WSS573','p37'),('WSS579','p37'),('WSS581','p37'),('WSS606','p37'),('WSS617','p37'),('WSS624','p37'),('WSS631','p37'),('WSS670','p37'),('WSS671','p37'),('WSS698','p37'),('WSS7','p37'),('WSS70','p37'),('WSS704','p37'),('WSS714','p37'),('WSS741','p37'),('WSS75','p37'),('WSS751','p37'),('WSS771','p37'),('WSS793','p37'),('WSS803','p37'),('WSS811','p37'),('WSS82','p37'),('WSS824','p37'),('WSS836','p37'),('WSS84','p37'),('WSS844','p37'),('WSS860','p37'),('WSS862','p37'),('WSS881','p37'),('WSS887','p37'),('WSS91','p37'),('WSS914','p37'),('WSS919','p37'),('WSS925','p37'),('WSS926','p37'),('WSS942','p37'),('WSS946','p37'),('WSS951','p37'),('WSS982','p37'),('WSS991','p37'),('WSS112','p38'),('WSS120','p38'),('WSS123','p38'),('WSS126','p38'),('WSS15','p38'),('WSS151','p38'),('WSS154','p38'),('WSS155','p38'),('WSS162','p38'),('WSS176','p38'),('WSS182','p38'),('WSS189','p38'),('WSS210','p38'),('WSS22','p38'),('WSS231','p38'),('WSS258','p38'),('WSS266','p38'),('WSS275','p38'),('WSS293','p38'),('WSS300','p38'),('WSS336','p38'),('WSS365','p38'),('WSS384','p38'),('WSS387','p38'),('WSS410','p38'),('WSS411','p38'),('WSS414','p38'),('WSS416','p38'),('WSS428','p38'),('WSS459','p38'),('WSS467','p38'),('WSS470','p38'),('WSS474','p38'),('WSS493','p38'),('WSS494','p38'),('WSS5','p38'),('WSS519','p38'),('WSS52','p38'),('WSS520','p38'),('WSS527','p38'),('WSS55','p38'),('WSS550','p38'),('WSS554','p38'),('WSS561','p38'),('WSS562','p38'),('WSS585','p38'),('WSS596','p38'),('WSS621','p38'),('WSS622','p38'),('WSS633','p38'),('WSS665','p38'),('WSS670','p38'),('WSS672','p38'),('WSS678','p38'),('WSS688','p38'),('WSS689','p38'),('WSS7','p38'),('WSS703','p38'),('WSS705','p38'),('WSS707','p38'),('WSS713','p38'),('WSS729','p38'),('WSS735','p38'),('WSS78','p38'),('WSS781','p38'),('WSS786','p38'),('WSS787','p38'),('WSS790','p38'),('WSS8','p38'),('WSS800','p38'),('WSS809','p38'),('WSS824','p38'),('WSS851','p38'),('WSS884','p38'),('WSS908','p38'),('WSS916','p38'),('WSS920','p38'),('WSS938','p38'),('WSS941','p38'),('WSS946','p38'),('WSS947','p38'),('WSS954','p38'),('WSS97','p38'),('WSS980','p38'),('WSS986','p38'),('WSS992','p38'),('WSS105','p39'),('WSS111','p39'),('WSS114','p39'),('WSS146','p39'),('WSS157','p39'),('WSS166','p39'),('WSS18','p39'),('WSS190','p39'),('WSS20','p39'),('WSS202','p39'),('WSS218','p39'),('WSS223','p39'),('WSS225','p39'),('WSS242','p39'),('WSS261','p39'),('WSS276','p39'),('WSS277','p39'),('WSS288','p39'),('WSS291','p39'),('WSS305','p39'),('WSS313','p39'),('WSS35','p39'),('WSS361','p39'),('WSS379','p39'),('WSS385','p39'),('WSS386','p39'),('WSS417','p39'),('WSS449','p39'),('WSS463','p39'),('WSS468','p39'),('WSS474','p39'),('WSS489','p39'),('WSS490','p39'),('WSS497','p39'),('WSS501','p39'),('WSS503','p39'),('WSS510','p39'),('WSS512','p39'),('WSS513','p39'),('WSS540','p39'),('WSS573','p39'),('WSS576','p39'),('WSS579','p39'),('WSS587','p39'),('WSS603','p39'),('WSS63','p39'),('WSS631','p39'),('WSS650','p39'),('WSS651','p39'),('WSS661','p39'),('WSS662','p39'),('WSS679','p39'),('WSS680','p39'),('WSS697','p39'),('WSS72','p39'),('WSS725','p39'),('WSS728','p39'),('WSS730','p39'),('WSS737','p39'),('WSS744','p39'),('WSS75','p39'),('WSS751','p39'),('WSS766','p39'),('WSS77','p39'),('WSS773','p39'),('WSS798','p39'),('WSS804','p39'),('WSS828','p39'),('WSS844','p39'),('WSS850','p39'),('WSS860','p39'),('WSS865','p39'),('WSS884','p39'),('WSS897','p39'),('WSS900','p39'),('WSS903','p39'),('WSS909','p39'),('WSS921','p39'),('WSS938','p39'),('WSS943','p39'),('WSS958','p39'),('WSS973','p39'),('WSS974','p39'),('WSS976','p39'),('WSS978','p39'),('WSS106','p4'),('WSS11','p4'),('WSS112','p4'),('WSS130','p4'),('WSS154','p4'),('WSS159','p4'),('WSS164','p4'),('WSS187','p4'),('WSS192','p4'),('WSS194','p4'),('WSS20','p4'),('WSS207','p4'),('WSS209','p4'),('WSS218','p4'),('WSS235','p4'),('WSS236','p4'),('WSS251','p4'),('WSS268','p4'),('WSS29','p4'),('WSS292','p4'),('WSS302','p4'),('WSS314','p4'),('WSS316','p4'),('WSS330','p4'),('WSS335','p4'),('WSS338','p4'),('WSS342','p4'),('WSS346','p4'),('WSS349','p4'),('WSS351','p4'),('WSS359','p4'),('WSS366','p4'),('WSS37','p4'),('WSS375','p4'),('WSS39','p4'),('WSS421','p4'),('WSS430','p4'),('WSS457','p4'),('WSS469','p4'),('WSS476','p4'),('WSS493','p4'),('WSS496','p4'),('WSS499','p4'),('WSS502','p4'),('WSS518','p4'),('WSS527','p4'),('WSS557','p4'),('WSS559','p4'),('WSS57','p4'),('WSS573','p4'),('WSS578','p4'),('WSS598','p4'),('WSS611','p4'),('WSS616','p4'),('WSS617','p4'),('WSS620','p4'),('WSS624','p4'),('WSS627','p4'),('WSS64','p4'),('WSS640','p4'),('WSS645','p4'),('WSS655','p4'),('WSS671','p4'),('WSS68','p4'),('WSS683','p4'),('WSS690','p4'),('WSS70','p4'),('WSS701','p4'),('WSS750','p4'),('WSS755','p4'),('WSS756','p4'),('WSS774','p4'),('WSS780','p4'),('WSS782','p4'),('WSS786','p4'),('WSS800','p4'),('WSS802','p4'),('WSS808','p4'),('WSS813','p4'),('WSS829','p4'),('WSS838','p4'),('WSS839','p4'),('WSS841','p4'),('WSS845','p4'),('WSS85','p4'),('WSS851','p4'),('WSS855','p4'),('WSS858','p4'),('WSS877','p4'),('WSS886','p4'),('WSS895','p4'),('WSS903','p4'),('WSS911','p4'),('WSS947','p4'),('WSS952','p4'),('WSS957','p4'),('WSS970','p4'),('WSS984','p4'),('WSS998','p4'),('WSS999','p4'),('WSS100','p40'),('WSS103','p40'),('WSS104','p40'),('WSS12','p40'),('WSS137','p40'),('WSS159','p40'),('WSS16','p40'),('WSS164','p40'),('WSS209','p40'),('WSS218','p40'),('WSS22','p40'),('WSS229','p40'),('WSS23','p40'),('WSS247','p40'),('WSS252','p40'),('WSS264','p40'),('WSS273','p40'),('WSS309','p40'),('WSS327','p40'),('WSS333','p40'),('WSS341','p40'),('WSS347','p40'),('WSS35','p40'),('WSS353','p40'),('WSS361','p40'),('WSS394','p40'),('WSS396','p40'),('WSS404','p40'),('WSS427','p40'),('WSS44','p40'),('WSS45','p40'),('WSS454','p40'),('WSS457','p40'),('WSS458','p40'),('WSS47','p40'),('WSS475','p40'),('WSS479','p40'),('WSS500','p40'),('WSS502','p40'),('WSS503','p40'),('WSS505','p40'),('WSS535','p40'),('WSS536','p40'),('WSS541','p40'),('WSS542','p40'),('WSS543','p40'),('WSS544','p40'),('WSS547','p40'),('WSS550','p40'),('WSS551','p40'),('WSS572','p40'),('WSS599','p40'),('WSS6','p40'),('WSS602','p40'),('WSS618','p40'),('WSS619','p40'),('WSS655','p40'),('WSS670','p40'),('WSS671','p40'),('WSS674','p40'),('WSS683','p40'),('WSS689','p40'),('WSS699','p40'),('WSS706','p40'),('WSS71','p40'),('WSS717','p40'),('WSS721','p40'),('WSS74','p40'),('WSS743','p40'),('WSS746','p40'),('WSS75','p40'),('WSS768','p40'),('WSS773','p40'),('WSS800','p40'),('WSS806','p40'),('WSS811','p40'),('WSS860','p40'),('WSS863','p40'),('WSS880','p40'),('WSS881','p40'),('WSS886','p40'),('WSS888','p40'),('WSS90','p40'),('WSS902','p40'),('WSS91','p40'),('WSS912','p40'),('WSS915','p40'),('WSS926','p40'),('WSS928','p40'),('WSS929','p40'),('WSS937','p40'),('WSS94','p40'),('WSS962','p40'),('WSS967','p40'),('WSS98','p40'),('WSS983','p40'),('WSS987','p40'),('WSS10','p41'),('WSS1000','p41'),('WSS11','p41'),('WSS112','p41'),('WSS14','p41'),('WSS15','p41'),('WSS150','p41'),('WSS185','p41'),('WSS200','p41'),('WSS201','p41'),('WSS205','p41'),('WSS21','p41'),('WSS211','p41'),('WSS213','p41'),('WSS220','p41'),('WSS226','p41'),('WSS247','p41'),('WSS260','p41'),('WSS261','p41'),('WSS263','p41'),('WSS278','p41'),('WSS279','p41'),('WSS285','p41'),('WSS286','p41'),('WSS297','p41'),('WSS307','p41'),('WSS318','p41'),('WSS344','p41'),('WSS345','p41'),('WSS355','p41'),('WSS357','p41'),('WSS36','p41'),('WSS363','p41'),('WSS411','p41'),('WSS415','p41'),('WSS418','p41'),('WSS432','p41'),('WSS435','p41'),('WSS440','p41'),('WSS441','p41'),('WSS449','p41'),('WSS454','p41'),('WSS456','p41'),('WSS47','p41'),('WSS487','p41'),('WSS50','p41'),('WSS515','p41'),('WSS521','p41'),('WSS532','p41'),('WSS538','p41'),('WSS560','p41'),('WSS563','p41'),('WSS576','p41'),('WSS59','p41'),('WSS604','p41'),('WSS639','p41'),('WSS649','p41'),('WSS660','p41'),('WSS668','p41'),('WSS672','p41'),('WSS675','p41'),('WSS689','p41'),('WSS696','p41'),('WSS746','p41'),('WSS748','p41'),('WSS811','p41'),('WSS817','p41'),('WSS820','p41'),('WSS837','p41'),('WSS870','p41'),('WSS903','p41'),('WSS904','p41'),('WSS907','p41'),('WSS916','p41'),('WSS917','p41'),('WSS934','p41'),('WSS959','p41'),('WSS966','p41'),('WSS975','p41'),('WSS988','p41'),('WSS992','p41'),('WSS100','p42'),('WSS1000','p42'),('WSS106','p42'),('WSS107','p42'),('WSS139','p42'),('WSS146','p42'),('WSS15','p42'),('WSS161','p42'),('WSS163','p42'),('WSS168','p42'),('WSS171','p42'),('WSS18','p42'),('WSS197','p42'),('WSS20','p42'),('WSS205','p42'),('WSS215','p42'),('WSS222','p42'),('WSS223','p42'),('WSS236','p42'),('WSS265','p42'),('WSS271','p42'),('WSS281','p42'),('WSS314','p42'),('WSS320','p42'),('WSS331','p42'),('WSS360','p42'),('WSS361','p42'),('WSS389','p42'),('WSS396','p42'),('WSS398','p42'),('WSS399','p42'),('WSS4','p42'),('WSS403','p42'),('WSS409','p42'),('WSS423','p42'),('WSS426','p42'),('WSS452','p42'),('WSS47','p42'),('WSS473','p42'),('WSS482','p42'),('WSS483','p42'),('WSS495','p42'),('WSS501','p42'),('WSS505','p42'),('WSS516','p42'),('WSS518','p42'),('WSS52','p42'),('WSS527','p42'),('WSS56','p42'),('WSS567','p42'),('WSS597','p42'),('WSS599','p42'),('WSS608','p42'),('WSS612','p42'),('WSS620','p42'),('WSS636','p42'),('WSS651','p42'),('WSS66','p42'),('WSS663','p42'),('WSS667','p42'),('WSS678','p42'),('WSS679','p42'),('WSS703','p42'),('WSS724','p42'),('WSS743','p42'),('WSS76','p42'),('WSS762','p42'),('WSS766','p42'),('WSS770','p42'),('WSS778','p42'),('WSS790','p42'),('WSS80','p42'),('WSS815','p42'),('WSS844','p42'),('WSS848','p42'),('WSS865','p42'),('WSS883','p42'),('WSS889','p42'),('WSS893','p42'),('WSS894','p42'),('WSS905','p42'),('WSS918','p42'),('WSS930','p42'),('WSS932','p42'),('WSS94','p42'),('WSS948','p42'),('WSS953','p42'),('WSS96','p42'),('WSS979','p42'),('WSS982','p42'),('WSS100','p43'),('WSS102','p43'),('WSS104','p43'),('WSS108','p43'),('WSS116','p43'),('WSS12','p43'),('WSS133','p43'),('WSS156','p43'),('WSS159','p43'),('WSS162','p43'),('WSS173','p43'),('WSS180','p43'),('WSS188','p43'),('WSS189','p43'),('WSS212','p43'),('WSS221','p43'),('WSS230','p43'),('WSS239','p43'),('WSS245','p43'),('WSS273','p43'),('WSS294','p43'),('WSS32','p43'),('WSS324','p43'),('WSS325','p43'),('WSS361','p43'),('WSS377','p43'),('WSS407','p43'),('WSS408','p43'),('WSS419','p43'),('WSS424','p43'),('WSS444','p43'),('WSS462','p43'),('WSS465','p43'),('WSS479','p43'),('WSS498','p43'),('WSS506','p43'),('WSS511','p43'),('WSS55','p43'),('WSS551','p43'),('WSS555','p43'),('WSS590','p43'),('WSS601','p43'),('WSS606','p43'),('WSS618','p43'),('WSS622','p43'),('WSS639','p43'),('WSS661','p43'),('WSS664','p43'),('WSS691','p43'),('WSS692','p43'),('WSS740','p43'),('WSS767','p43'),('WSS788','p43'),('WSS792','p43'),('WSS8','p43'),('WSS824','p43'),('WSS848','p43'),('WSS849','p43'),('WSS855','p43'),('WSS858','p43'),('WSS875','p43'),('WSS882','p43'),('WSS892','p43'),('WSS911','p43'),('WSS918','p43'),('WSS921','p43'),('WSS927','p43'),('WSS931','p43'),('WSS950','p43'),('WSS975','p43'),('WSS980','p43'),('WSS998','p43'),('WSS124','p44'),('WSS135','p44'),('WSS14','p44'),('WSS164','p44'),('WSS174','p44'),('WSS184','p44'),('WSS198','p44'),('WSS207','p44'),('WSS211','p44'),('WSS217','p44'),('WSS228','p44'),('WSS23','p44'),('WSS230','p44'),('WSS239','p44'),('WSS241','p44'),('WSS244','p44'),('WSS28','p44'),('WSS30','p44'),('WSS313','p44'),('WSS321','p44'),('WSS334','p44'),('WSS350','p44'),('WSS367','p44'),('WSS373','p44'),('WSS374','p44'),('WSS383','p44'),('WSS389','p44'),('WSS390','p44'),('WSS397','p44'),('WSS415','p44'),('WSS418','p44'),('WSS440','p44'),('WSS447','p44'),('WSS458','p44'),('WSS471','p44'),('WSS486','p44'),('WSS498','p44'),('WSS5','p44'),('WSS504','p44'),('WSS518','p44'),('WSS519','p44'),('WSS531','p44'),('WSS534','p44'),('WSS535','p44'),('WSS572','p44'),('WSS574','p44'),('WSS576','p44'),('WSS584','p44'),('WSS596','p44'),('WSS600','p44'),('WSS602','p44'),('WSS61','p44'),('WSS650','p44'),('WSS661','p44'),('WSS669','p44'),('WSS676','p44'),('WSS689','p44'),('WSS701','p44'),('WSS704','p44'),('WSS724','p44'),('WSS726','p44'),('WSS739','p44'),('WSS742','p44'),('WSS778','p44'),('WSS783','p44'),('WSS788','p44'),('WSS79','p44'),('WSS812','p44'),('WSS814','p44'),('WSS820','p44'),('WSS842','p44'),('WSS856','p44'),('WSS865','p44'),('WSS873','p44'),('WSS876','p44'),('WSS880','p44'),('WSS882','p44'),('WSS885','p44'),('WSS89','p44'),('WSS890','p44'),('WSS896','p44'),('WSS9','p44'),('WSS901','p44'),('WSS905','p44'),('WSS915','p44'),('WSS930','p44'),('WSS931','p44'),('WSS960','p44'),('WSS961','p44'),('WSS968','p44'),('WSS969','p44'),('WSS979','p44'),('WSS994','p44'),('WSS126','p45'),('WSS144','p45'),('WSS158','p45'),('WSS182','p45'),('WSS186','p45'),('WSS205','p45'),('WSS206','p45'),('WSS212','p45'),('WSS230','p45'),('WSS24','p45'),('WSS252','p45'),('WSS262','p45'),('WSS3','p45'),('WSS328','p45'),('WSS336','p45'),('WSS343','p45'),('WSS345','p45'),('WSS357','p45'),('WSS366','p45'),('WSS369','p45'),('WSS376','p45'),('WSS382','p45'),('WSS402','p45'),('WSS403','p45'),('WSS412','p45'),('WSS442','p45'),('WSS452','p45'),('WSS470','p45'),('WSS472','p45'),('WSS479','p45'),('WSS482','p45'),('WSS484','p45'),('WSS498','p45'),('WSS511','p45'),('WSS515','p45'),('WSS546','p45'),('WSS559','p45'),('WSS600','p45'),('WSS615','p45'),('WSS621','p45'),('WSS633','p45'),('WSS635','p45'),('WSS639','p45'),('WSS65','p45'),('WSS653','p45'),('WSS656','p45'),('WSS659','p45'),('WSS673','p45'),('WSS723','p45'),('WSS729','p45'),('WSS763','p45'),('WSS78','p45'),('WSS782','p45'),('WSS783','p45'),('WSS8','p45'),('WSS804','p45'),('WSS81','p45'),('WSS814','p45'),('WSS815','p45'),('WSS817','p45'),('WSS818','p45'),('WSS824','p45'),('WSS825','p45'),('WSS84','p45'),('WSS840','p45'),('WSS867','p45'),('WSS869','p45'),('WSS87','p45'),('WSS877','p45'),('WSS906','p45'),('WSS916','p45'),('WSS92','p45'),('WSS930','p45'),('WSS940','p45'),('WSS957','p45'),('WSS960','p45'),('WSS968','p45'),('WSS973','p45'),('WSS975','p45'),('WSS118','p46'),('WSS121','p46'),('WSS122','p46'),('WSS138','p46'),('WSS147','p46'),('WSS150','p46'),('WSS157','p46'),('WSS160','p46'),('WSS166','p46'),('WSS167','p46'),('WSS178','p46'),('WSS179','p46'),('WSS18','p46'),('WSS193','p46'),('WSS198','p46'),('WSS20','p46'),('WSS206','p46'),('WSS229','p46'),('WSS244','p46'),('WSS257','p46'),('WSS26','p46'),('WSS31','p46'),('WSS32','p46'),('WSS328','p46'),('WSS342','p46'),('WSS351','p46'),('WSS356','p46'),('WSS372','p46'),('WSS402','p46'),('WSS426','p46'),('WSS429','p46'),('WSS433','p46'),('WSS438','p46'),('WSS461','p46'),('WSS472','p46'),('WSS48','p46'),('WSS485','p46'),('WSS506','p46'),('WSS534','p46'),('WSS537','p46'),('WSS548','p46'),('WSS583','p46'),('WSS596','p46'),('WSS606','p46'),('WSS609','p46'),('WSS665','p46'),('WSS670','p46'),('WSS686','p46'),('WSS711','p46'),('WSS714','p46'),('WSS719','p46'),('WSS746','p46'),('WSS764','p46'),('WSS77','p46'),('WSS775','p46'),('WSS786','p46'),('WSS791','p46'),('WSS795','p46'),('WSS818','p46'),('WSS827','p46'),('WSS830','p46'),('WSS841','p46'),('WSS850','p46'),('WSS856','p46'),('WSS859','p46'),('WSS862','p46'),('WSS875','p46'),('WSS891','p46'),('WSS905','p46'),('WSS915','p46'),('WSS939','p46'),('WSS965','p46'),('WSS978','p46'),('WSS98','p46'),('WSS983','p46'),('WSS991','p46'),('WSS117','p47'),('WSS129','p47'),('WSS142','p47'),('WSS148','p47'),('WSS151','p47'),('WSS190','p47'),('WSS222','p47'),('WSS235','p47'),('WSS238','p47'),('WSS247','p47'),('WSS251','p47'),('WSS270','p47'),('WSS274','p47'),('WSS332','p47'),('WSS353','p47'),('WSS378','p47'),('WSS381','p47'),('WSS395','p47'),('WSS411','p47'),('WSS413','p47'),('WSS425','p47'),('WSS438','p47'),('WSS46','p47'),('WSS481','p47'),('WSS493','p47'),('WSS531','p47'),('WSS545','p47'),('WSS592','p47'),('WSS6','p47'),('WSS60','p47'),('WSS609','p47'),('WSS611','p47'),('WSS614','p47'),('WSS63','p47'),('WSS640','p47'),('WSS641','p47'),('WSS646','p47'),('WSS648','p47'),('WSS655','p47'),('WSS666','p47'),('WSS669','p47'),('WSS672','p47'),('WSS68','p47'),('WSS695','p47'),('WSS696','p47'),('WSS700','p47'),('WSS715','p47'),('WSS720','p47'),('WSS724','p47'),('WSS760','p47'),('WSS762','p47'),('WSS779','p47'),('WSS796','p47'),('WSS801','p47'),('WSS826','p47'),('WSS834','p47'),('WSS839','p47'),('WSS843','p47'),('WSS867','p47'),('WSS868','p47'),('WSS873','p47'),('WSS897','p47'),('WSS90','p47'),('WSS900','p47'),('WSS910','p47'),('WSS917','p47'),('WSS923','p47'),('WSS934','p47'),('WSS957','p47'),('WSS960','p47'),('WSS963','p47'),('WSS970','p47'),('WSS131','p48'),('WSS132','p48'),('WSS147','p48'),('WSS165','p48'),('WSS173','p48'),('WSS181','p48'),('WSS185','p48'),('WSS19','p48'),('WSS210','p48'),('WSS215','p48'),('WSS216','p48'),('WSS263','p48'),('WSS281','p48'),('WSS283','p48'),('WSS287','p48'),('WSS296','p48'),('WSS298','p48'),('WSS30','p48'),('WSS31','p48'),('WSS312','p48'),('WSS326','p48'),('WSS340','p48'),('WSS348','p48'),('WSS357','p48'),('WSS380','p48'),('WSS392','p48'),('WSS431','p48'),('WSS438','p48'),('WSS439','p48'),('WSS450','p48'),('WSS468','p48'),('WSS476','p48'),('WSS483','p48'),('WSS488','p48'),('WSS490','p48'),('WSS501','p48'),('WSS515','p48'),('WSS538','p48'),('WSS552','p48'),('WSS554','p48'),('WSS564','p48'),('WSS573','p48'),('WSS578','p48'),('WSS58','p48'),('WSS583','p48'),('WSS590','p48'),('WSS593','p48'),('WSS607','p48'),('WSS612','p48'),('WSS629','p48'),('WSS638','p48'),('WSS644','p48'),('WSS652','p48'),('WSS658','p48'),('WSS661','p48'),('WSS672','p48'),('WSS676','p48'),('WSS695','p48'),('WSS698','p48'),('WSS710','p48'),('WSS726','p48'),('WSS727','p48'),('WSS736','p48'),('WSS751','p48'),('WSS757','p48'),('WSS773','p48'),('WSS790','p48'),('WSS817','p48'),('WSS821','p48'),('WSS829','p48'),('WSS833','p48'),('WSS838','p48'),('WSS843','p48'),('WSS869','p48'),('WSS890','p48'),('WSS894','p48'),('WSS943','p48'),('WSS948','p48'),('WSS953','p48'),('WSS994','p48'),('WSS106','p49'),('WSS127','p49'),('WSS166','p49'),('WSS169','p49'),('WSS174','p49'),('WSS188','p49'),('WSS189','p49'),('WSS209','p49'),('WSS211','p49'),('WSS224','p49'),('WSS226','p49'),('WSS227','p49'),('WSS238','p49'),('WSS269','p49'),('WSS280','p49'),('WSS281','p49'),('WSS298','p49'),('WSS318','p49'),('WSS319','p49'),('WSS327','p49'),('WSS350','p49'),('WSS356','p49'),('WSS373','p49'),('WSS378','p49'),('WSS4','p49'),('WSS412','p49'),('WSS420','p49'),('WSS424','p49'),('WSS437','p49'),('WSS438','p49'),('WSS448','p49'),('WSS505','p49'),('WSS517','p49'),('WSS526','p49'),('WSS54','p49'),('WSS540','p49'),('WSS544','p49'),('WSS556','p49'),('WSS562','p49'),('WSS568','p49'),('WSS592','p49'),('WSS593','p49'),('WSS60','p49'),('WSS600','p49'),('WSS619','p49'),('WSS636','p49'),('WSS637','p49'),('WSS639','p49'),('WSS658','p49'),('WSS66','p49'),('WSS681','p49'),('WSS682','p49'),('WSS701','p49'),('WSS702','p49'),('WSS713','p49'),('WSS720','p49'),('WSS725','p49'),('WSS727','p49'),('WSS736','p49'),('WSS750','p49'),('WSS754','p49'),('WSS759','p49'),('WSS76','p49'),('WSS77','p49'),('WSS777','p49'),('WSS785','p49'),('WSS798','p49'),('WSS802','p49'),('WSS819','p49'),('WSS822','p49'),('WSS86','p49'),('WSS863','p49'),('WSS874','p49'),('WSS890','p49'),('WSS897','p49'),('WSS908','p49'),('WSS927','p49'),('WSS932','p49'),('WSS941','p49'),('WSS95','p49'),('WSS974','p49'),('WSS983','p49'),('WSS987','p49'),('WSS995','p49'),('WSS10','p5'),('WSS100','p5'),('WSS107','p5'),('WSS11','p5'),('WSS115','p5'),('WSS118','p5'),('WSS119','p5'),('WSS12','p5'),('WSS131','p5'),('WSS143','p5'),('WSS156','p5'),('WSS158','p5'),('WSS176','p5'),('WSS191','p5'),('WSS201','p5'),('WSS223','p5'),('WSS233','p5'),('WSS251','p5'),('WSS253','p5'),('WSS261','p5'),('WSS287','p5'),('WSS309','p5'),('WSS31','p5'),('WSS312','p5'),('WSS335','p5'),('WSS345','p5'),('WSS355','p5'),('WSS359','p5'),('WSS395','p5'),('WSS396','p5'),('WSS398','p5'),('WSS403','p5'),('WSS409','p5'),('WSS419','p5'),('WSS43','p5'),('WSS444','p5'),('WSS481','p5'),('WSS482','p5'),('WSS494','p5'),('WSS519','p5'),('WSS522','p5'),('WSS526','p5'),('WSS546','p5'),('WSS564','p5'),('WSS569','p5'),('WSS574','p5'),('WSS587','p5'),('WSS599','p5'),('WSS6','p5'),('WSS607','p5'),('WSS615','p5'),('WSS620','p5'),('WSS631','p5'),('WSS651','p5'),('WSS652','p5'),('WSS684','p5'),('WSS694','p5'),('WSS702','p5'),('WSS712','p5'),('WSS739','p5'),('WSS744','p5'),('WSS749','p5'),('WSS750','p5'),('WSS753','p5'),('WSS785','p5'),('WSS788','p5'),('WSS797','p5'),('WSS831','p5'),('WSS832','p5'),('WSS833','p5'),('WSS851','p5'),('WSS866','p5'),('WSS868','p5'),('WSS881','p5'),('WSS891','p5'),('WSS897','p5'),('WSS899','p5'),('WSS91','p5'),('WSS914','p5'),('WSS931','p5'),('WSS945','p5'),('WSS966','p5'),('WSS986','p5'),('WSS996','p5'),('WSS102','p50'),('WSS121','p50'),('WSS132','p50'),('WSS135','p50'),('WSS141','p50'),('WSS155','p50'),('WSS167','p50'),('WSS214','p50'),('WSS229','p50'),('WSS233','p50'),('WSS238','p50'),('WSS245','p50'),('WSS264','p50'),('WSS275','p50'),('WSS294','p50'),('WSS298','p50'),('WSS300','p50'),('WSS306','p50'),('WSS309','p50'),('WSS320','p50'),('WSS325','p50'),('WSS326','p50'),('WSS327','p50'),('WSS346','p50'),('WSS361','p50'),('WSS363','p50'),('WSS381','p50'),('WSS400','p50'),('WSS406','p50'),('WSS421','p50'),('WSS432','p50'),('WSS455','p50'),('WSS460','p50'),('WSS464','p50'),('WSS472','p50'),('WSS478','p50'),('WSS484','p50'),('WSS510','p50'),('WSS524','p50'),('WSS570','p50'),('WSS580','p50'),('WSS581','p50'),('WSS582','p50'),('WSS585','p50'),('WSS586','p50'),('WSS59','p50'),('WSS598','p50'),('WSS605','p50'),('WSS62','p50'),('WSS637','p50'),('WSS647','p50'),('WSS654','p50'),('WSS678','p50'),('WSS684','p50'),('WSS685','p50'),('WSS689','p50'),('WSS691','p50'),('WSS73','p50'),('WSS735','p50'),('WSS740','p50'),('WSS744','p50'),('WSS748','p50'),('WSS749','p50'),('WSS758','p50'),('WSS763','p50'),('WSS772','p50'),('WSS78','p50'),('WSS787','p50'),('WSS80','p50'),('WSS806','p50'),('WSS814','p50'),('WSS822','p50'),('WSS825','p50'),('WSS832','p50'),('WSS840','p50'),('WSS848','p50'),('WSS860','p50'),('WSS861','p50'),('WSS883','p50'),('WSS890','p50'),('WSS906','p50'),('WSS908','p50'),('WSS93','p50'),('WSS933','p50'),('WSS937','p50'),('WSS94','p50'),('WSS975','p50'),('WSS980','p50'),('WSS981','p50'),('WSS111','p51'),('WSS114','p51'),('WSS119','p51'),('WSS136','p51'),('WSS175','p51'),('WSS178','p51'),('WSS180','p51'),('WSS20','p51'),('WSS208','p51'),('WSS226','p51'),('WSS238','p51'),('WSS241','p51'),('WSS256','p51'),('WSS274','p51'),('WSS287','p51'),('WSS292','p51'),('WSS30','p51'),('WSS316','p51'),('WSS318','p51'),('WSS327','p51'),('WSS337','p51'),('WSS338','p51'),('WSS37','p51'),('WSS377','p51'),('WSS382','p51'),('WSS394','p51'),('WSS396','p51'),('WSS407','p51'),('WSS408','p51'),('WSS426','p51'),('WSS431','p51'),('WSS444','p51'),('WSS449','p51'),('WSS453','p51'),('WSS456','p51'),('WSS463','p51'),('WSS464','p51'),('WSS466','p51'),('WSS478','p51'),('WSS511','p51'),('WSS513','p51'),('WSS516','p51'),('WSS525','p51'),('WSS533','p51'),('WSS540','p51'),('WSS55','p51'),('WSS557','p51'),('WSS566','p51'),('WSS567','p51'),('WSS587','p51'),('WSS597','p51'),('WSS614','p51'),('WSS62','p51'),('WSS640','p51'),('WSS656','p51'),('WSS66','p51'),('WSS682','p51'),('WSS694','p51'),('WSS718','p51'),('WSS719','p51'),('WSS722','p51'),('WSS729','p51'),('WSS744','p51'),('WSS746','p51'),('WSS747','p51'),('WSS75','p51'),('WSS751','p51'),('WSS763','p51'),('WSS786','p51'),('WSS794','p51'),('WSS809','p51'),('WSS827','p51'),('WSS828','p51'),('WSS837','p51'),('WSS845','p51'),('WSS866','p51'),('WSS869','p51'),('WSS872','p51'),('WSS874','p51'),('WSS879','p51'),('WSS88','p51'),('WSS884','p51'),('WSS9','p51'),('WSS932','p51'),('WSS933','p51'),('WSS946','p51'),('WSS949','p51'),('WSS961','p51'),('WSS962','p51'),('WSS967','p51'),('WSS969','p51'),('WSS983','p51'),('WSS997','p51'),('WSS109','p52'),('WSS125','p52'),('WSS157','p52'),('WSS184','p52'),('WSS215','p52'),('WSS232','p52'),('WSS235','p52'),('WSS241','p52'),('WSS250','p52'),('WSS255','p52'),('WSS259','p52'),('WSS278','p52'),('WSS30','p52'),('WSS309','p52'),('WSS310','p52'),('WSS320','p52'),('WSS322','p52'),('WSS328','p52'),('WSS329','p52'),('WSS352','p52'),('WSS371','p52'),('WSS383','p52'),('WSS387','p52'),('WSS391','p52'),('WSS399','p52'),('WSS405','p52'),('WSS414','p52'),('WSS418','p52'),('WSS43','p52'),('WSS431','p52'),('WSS475','p52'),('WSS48','p52'),('WSS485','p52'),('WSS486','p52'),('WSS496','p52'),('WSS508','p52'),('WSS51','p52'),('WSS521','p52'),('WSS534','p52'),('WSS552','p52'),('WSS558','p52'),('WSS570','p52'),('WSS578','p52'),('WSS579','p52'),('WSS581','p52'),('WSS603','p52'),('WSS62','p52'),('WSS625','p52'),('WSS626','p52'),('WSS668','p52'),('WSS677','p52'),('WSS696','p52'),('WSS698','p52'),('WSS704','p52'),('WSS709','p52'),('WSS717','p52'),('WSS742','p52'),('WSS771','p52'),('WSS792','p52'),('WSS794','p52'),('WSS804','p52'),('WSS807','p52'),('WSS808','p52'),('WSS818','p52'),('WSS826','p52'),('WSS838','p52'),('WSS839','p52'),('WSS871','p52'),('WSS909','p52'),('WSS922','p52'),('WSS947','p52'),('WSS970','p52'),('WSS974','p52'),('WSS977','p52'),('WSS996','p52'),('WSS110','p53'),('WSS114','p53'),('WSS116','p53'),('WSS117','p53'),('WSS139','p53'),('WSS149','p53'),('WSS153','p53'),('WSS165','p53'),('WSS166','p53'),('WSS169','p53'),('WSS171','p53'),('WSS175','p53'),('WSS230','p53'),('WSS231','p53'),('WSS234','p53'),('WSS237','p53'),('WSS24','p53'),('WSS263','p53'),('WSS268','p53'),('WSS277','p53'),('WSS283','p53'),('WSS288','p53'),('WSS319','p53'),('WSS325','p53'),('WSS349','p53'),('WSS358','p53'),('WSS360','p53'),('WSS380','p53'),('WSS418','p53'),('WSS433','p53'),('WSS458','p53'),('WSS46','p53'),('WSS465','p53'),('WSS468','p53'),('WSS484','p53'),('WSS487','p53'),('WSS506','p53'),('WSS515','p53'),('WSS520','p53'),('WSS533','p53'),('WSS539','p53'),('WSS547','p53'),('WSS551','p53'),('WSS554','p53'),('WSS574','p53'),('WSS58','p53'),('WSS581','p53'),('WSS583','p53'),('WSS589','p53'),('WSS605','p53'),('WSS608','p53'),('WSS610','p53'),('WSS641','p53'),('WSS675','p53'),('WSS688','p53'),('WSS689','p53'),('WSS691','p53'),('WSS694','p53'),('WSS703','p53'),('WSS722','p53'),('WSS73','p53'),('WSS739','p53'),('WSS753','p53'),('WSS776','p53'),('WSS777','p53'),('WSS794','p53'),('WSS80','p53'),('WSS810','p53'),('WSS822','p53'),('WSS832','p53'),('WSS855','p53'),('WSS864','p53'),('WSS873','p53'),('WSS874','p53'),('WSS879','p53'),('WSS881','p53'),('WSS886','p53'),('WSS90','p53'),('WSS922','p53'),('WSS930','p53'),('WSS95','p53'),('WSS969','p53'),('WSS971','p53'),('WSS977','p53'),('WSS997','p53'),('WSS113','p54'),('WSS115','p54'),('WSS117','p54'),('WSS122','p54'),('WSS173','p54'),('WSS180','p54'),('WSS183','p54'),('WSS202','p54'),('WSS203','p54'),('WSS205','p54'),('WSS215','p54'),('WSS242','p54'),('WSS247','p54'),('WSS275','p54'),('WSS276','p54'),('WSS277','p54'),('WSS285','p54'),('WSS303','p54'),('WSS321','p54'),('WSS344','p54'),('WSS358','p54'),('WSS365','p54'),('WSS396','p54'),('WSS407','p54'),('WSS448','p54'),('WSS472','p54'),('WSS483','p54'),('WSS500','p54'),('WSS503','p54'),('WSS505','p54'),('WSS509','p54'),('WSS53','p54'),('WSS537','p54'),('WSS544','p54'),('WSS545','p54'),('WSS569','p54'),('WSS576','p54'),('WSS58','p54'),('WSS582','p54'),('WSS602','p54'),('WSS613','p54'),('WSS619','p54'),('WSS620','p54'),('WSS623','p54'),('WSS657','p54'),('WSS678','p54'),('WSS68','p54'),('WSS690','p54'),('WSS719','p54'),('WSS720','p54'),('WSS730','p54'),('WSS732','p54'),('WSS756','p54'),('WSS758','p54'),('WSS759','p54'),('WSS776','p54'),('WSS783','p54'),('WSS793','p54'),('WSS797','p54'),('WSS800','p54'),('WSS813','p54'),('WSS835','p54'),('WSS854','p54'),('WSS857','p54'),('WSS863','p54'),('WSS899','p54'),('WSS911','p54'),('WSS92','p54'),('WSS929','p54'),('WSS940','p54'),('WSS945','p54'),('WSS948','p54'),('WSS965','p54'),('WSS989','p54'),('WSS110','p55'),('WSS124','p55'),('WSS135','p55'),('WSS147','p55'),('WSS148','p55'),('WSS16','p55'),('WSS162','p55'),('WSS169','p55'),('WSS188','p55'),('WSS208','p55'),('WSS225','p55'),('WSS228','p55'),('WSS233','p55'),('WSS25','p55'),('WSS250','p55'),('WSS263','p55'),('WSS27','p55'),('WSS273','p55'),('WSS286','p55'),('WSS311','p55'),('WSS33','p55'),('WSS336','p55'),('WSS350','p55'),('WSS368','p55'),('WSS430','p55'),('WSS435','p55'),('WSS44','p55'),('WSS463','p55'),('WSS465','p55'),('WSS467','p55'),('WSS476','p55'),('WSS489','p55'),('WSS507','p55'),('WSS51','p55'),('WSS527','p55'),('WSS533','p55'),('WSS535','p55'),('WSS538','p55'),('WSS553','p55'),('WSS559','p55'),('WSS580','p55'),('WSS589','p55'),('WSS6','p55'),('WSS600','p55'),('WSS604','p55'),('WSS619','p55'),('WSS633','p55'),('WSS635','p55'),('WSS64','p55'),('WSS649','p55'),('WSS657','p55'),('WSS658','p55'),('WSS673','p55'),('WSS7','p55'),('WSS709','p55'),('WSS718','p55'),('WSS745','p55'),('WSS760','p55'),('WSS766','p55'),('WSS782','p55'),('WSS809','p55'),('WSS843','p55'),('WSS850','p55'),('WSS857','p55'),('WSS87','p55'),('WSS871','p55'),('WSS909','p55'),('WSS912','p55'),('WSS940','p55'),('WSS956','p55'),('WSS96','p55'),('WSS1','p56'),('WSS11','p56'),('WSS110','p56'),('WSS116','p56'),('WSS13','p56'),('WSS137','p56'),('WSS150','p56'),('WSS163','p56'),('WSS172','p56'),('WSS180','p56'),('WSS197','p56'),('WSS201','p56'),('WSS211','p56'),('WSS212','p56'),('WSS213','p56'),('WSS241','p56'),('WSS244','p56'),('WSS246','p56'),('WSS250','p56'),('WSS259','p56'),('WSS274','p56'),('WSS285','p56'),('WSS290','p56'),('WSS302','p56'),('WSS320','p56'),('WSS326','p56'),('WSS331','p56'),('WSS339','p56'),('WSS376','p56'),('WSS391','p56'),('WSS395','p56'),('WSS4','p56'),('WSS417','p56'),('WSS428','p56'),('WSS449','p56'),('WSS453','p56'),('WSS459','p56'),('WSS464','p56'),('WSS467','p56'),('WSS473','p56'),('WSS481','p56'),('WSS482','p56'),('WSS497','p56'),('WSS509','p56'),('WSS516','p56'),('WSS518','p56'),('WSS519','p56'),('WSS52','p56'),('WSS523','p56'),('WSS536','p56'),('WSS539','p56'),('WSS546','p56'),('WSS553','p56'),('WSS555','p56'),('WSS557','p56'),('WSS565','p56'),('WSS567','p56'),('WSS581','p56'),('WSS59','p56'),('WSS592','p56'),('WSS610','p56'),('WSS625','p56'),('WSS63','p56'),('WSS636','p56'),('WSS651','p56'),('WSS657','p56'),('WSS660','p56'),('WSS695','p56'),('WSS7','p56'),('WSS718','p56'),('WSS736','p56'),('WSS745','p56'),('WSS752','p56'),('WSS765','p56'),('WSS768','p56'),('WSS769','p56'),('WSS772','p56'),('WSS775','p56'),('WSS780','p56'),('WSS793','p56'),('WSS799','p56'),('WSS808','p56'),('WSS831','p56'),('WSS834','p56'),('WSS836','p56'),('WSS847','p56'),('WSS889','p56'),('WSS904','p56'),('WSS92','p56'),('WSS923','p56'),('WSS961','p56'),('WSS98','p56'),('WSS108','p57'),('WSS114','p57'),('WSS116','p57'),('WSS120','p57'),('WSS145','p57'),('WSS165','p57'),('WSS170','p57'),('WSS199','p57'),('WSS221','p57'),('WSS226','p57'),('WSS241','p57'),('WSS243','p57'),('WSS251','p57'),('WSS257','p57'),('WSS258','p57'),('WSS263','p57'),('WSS267','p57'),('WSS272','p57'),('WSS286','p57'),('WSS301','p57'),('WSS311','p57'),('WSS313','p57'),('WSS326','p57'),('WSS332','p57'),('WSS338','p57'),('WSS355','p57'),('WSS381','p57'),('WSS424','p57'),('WSS432','p57'),('WSS440','p57'),('WSS452','p57'),('WSS453','p57'),('WSS461','p57'),('WSS477','p57'),('WSS485','p57'),('WSS495','p57'),('WSS503','p57'),('WSS507','p57'),('WSS538','p57'),('WSS542','p57'),('WSS549','p57'),('WSS55','p57'),('WSS554','p57'),('WSS563','p57'),('WSS564','p57'),('WSS568','p57'),('WSS569','p57'),('WSS582','p57'),('WSS583','p57'),('WSS604','p57'),('WSS618','p57'),('WSS620','p57'),('WSS659','p57'),('WSS660','p57'),('WSS663','p57'),('WSS665','p57'),('WSS666','p57'),('WSS686','p57'),('WSS703','p57'),('WSS720','p57'),('WSS733','p57'),('WSS739','p57'),('WSS759','p57'),('WSS786','p57'),('WSS789','p57'),('WSS790','p57'),('WSS809','p57'),('WSS816','p57'),('WSS820','p57'),('WSS825','p57'),('WSS83','p57'),('WSS841','p57'),('WSS870','p57'),('WSS872','p57'),('WSS873','p57'),('WSS876','p57'),('WSS886','p57'),('WSS900','p57'),('WSS901','p57'),('WSS914','p57'),('WSS918','p57'),('WSS919','p57'),('WSS926','p57'),('WSS93','p57'),('WSS953','p57'),('WSS986','p57'),('WSS988','p57'),('WSS99','p57'),('WSS994','p57'),('WSS105','p58'),('WSS12','p58'),('WSS122','p58'),('WSS133','p58'),('WSS137','p58'),('WSS138','p58'),('WSS152','p58'),('WSS155','p58'),('WSS171','p58'),('WSS175','p58'),('WSS197','p58'),('WSS214','p58'),('WSS215','p58'),('WSS217','p58'),('WSS24','p58'),('WSS248','p58'),('WSS253','p58'),('WSS276','p58'),('WSS299','p58'),('WSS300','p58'),('WSS302','p58'),('WSS303','p58'),('WSS304','p58'),('WSS322','p58'),('WSS330','p58'),('WSS354','p58'),('WSS370','p58'),('WSS400','p58'),('WSS419','p58'),('WSS425','p58'),('WSS43','p58'),('WSS44','p58'),('WSS45','p58'),('WSS501','p58'),('WSS504','p58'),('WSS529','p58'),('WSS53','p58'),('WSS615','p58'),('WSS640','p58'),('WSS648','p58'),('WSS650','p58'),('WSS661','p58'),('WSS675','p58'),('WSS679','p58'),('WSS687','p58'),('WSS688','p58'),('WSS698','p58'),('WSS71','p58'),('WSS72','p58'),('WSS729','p58'),('WSS738','p58'),('WSS753','p58'),('WSS754','p58'),('WSS755','p58'),('WSS757','p58'),('WSS762','p58'),('WSS769','p58'),('WSS79','p58'),('WSS807','p58'),('WSS816','p58'),('WSS836','p58'),('WSS840','p58'),('WSS845','p58'),('WSS850','p58'),('WSS855','p58'),('WSS924','p58'),('WSS929','p58'),('WSS934','p58'),('WSS938','p58'),('WSS942','p58'),('WSS944','p58'),('WSS951','p58'),('WSS962','p58'),('WSS982','p58'),('WSS985','p58'),('WSS994','p58'),('WSS104','p59'),('WSS115','p59'),('WSS150','p59'),('WSS151','p59'),('WSS155','p59'),('WSS161','p59'),('WSS175','p59'),('WSS194','p59'),('WSS202','p59'),('WSS210','p59'),('WSS219','p59'),('WSS242','p59'),('WSS251','p59'),('WSS272','p59'),('WSS284','p59'),('WSS295','p59'),('WSS322','p59'),('WSS330','p59'),('WSS333','p59'),('WSS337','p59'),('WSS348','p59'),('WSS35','p59'),('WSS36','p59'),('WSS362','p59'),('WSS364','p59'),('WSS37','p59'),('WSS376','p59'),('WSS386','p59'),('WSS4','p59'),('WSS400','p59'),('WSS406','p59'),('WSS45','p59'),('WSS451','p59'),('WSS455','p59'),('WSS458','p59'),('WSS460','p59'),('WSS475','p59'),('WSS478','p59'),('WSS479','p59'),('WSS500','p59'),('WSS504','p59'),('WSS511','p59'),('WSS514','p59'),('WSS515','p59'),('WSS520','p59'),('WSS529','p59'),('WSS542','p59'),('WSS543','p59'),('WSS575','p59'),('WSS59','p59'),('WSS592','p59'),('WSS597','p59'),('WSS598','p59'),('WSS605','p59'),('WSS623','p59'),('WSS624','p59'),('WSS647','p59'),('WSS650','p59'),('WSS709','p59'),('WSS714','p59'),('WSS741','p59'),('WSS745','p59'),('WSS763','p59'),('WSS79','p59'),('WSS794','p59'),('WSS795','p59'),('WSS81','p59'),('WSS813','p59'),('WSS818','p59'),('WSS849','p59'),('WSS86','p59'),('WSS861','p59'),('WSS880','p59'),('WSS894','p59'),('WSS899','p59'),('WSS909','p59'),('WSS912','p59'),('WSS914','p59'),('WSS924','p59'),('WSS928','p59'),('WSS933','p59'),('WSS936','p59'),('WSS958','p59'),('WSS961','p59'),('WSS995','p59'),('WSS13','p6'),('WSS148','p6'),('WSS157','p6'),('WSS16','p6'),('WSS183','p6'),('WSS22','p6'),('WSS222','p6'),('WSS234','p6'),('WSS245','p6'),('WSS270','p6'),('WSS295','p6'),('WSS297','p6'),('WSS309','p6'),('WSS329','p6'),('WSS334','p6'),('WSS352','p6'),('WSS379','p6'),('WSS385','p6'),('WSS411','p6'),('WSS414','p6'),('WSS421','p6'),('WSS439','p6'),('WSS446','p6'),('WSS450','p6'),('WSS454','p6'),('WSS46','p6'),('WSS460','p6'),('WSS475','p6'),('WSS477','p6'),('WSS495','p6'),('WSS51','p6'),('WSS583','p6'),('WSS585','p6'),('WSS588','p6'),('WSS589','p6'),('WSS590','p6'),('WSS596','p6'),('WSS60','p6'),('WSS605','p6'),('WSS608','p6'),('WSS633','p6'),('WSS667','p6'),('WSS674','p6'),('WSS682','p6'),('WSS687','p6'),('WSS696','p6'),('WSS70','p6'),('WSS715','p6'),('WSS730','p6'),('WSS758','p6'),('WSS761','p6'),('WSS776','p6'),('WSS791','p6'),('WSS821','p6'),('WSS844','p6'),('WSS858','p6'),('WSS87','p6'),('WSS878','p6'),('WSS879','p6'),('WSS896','p6'),('WSS898','p6'),('WSS901','p6'),('WSS91','p6'),('WSS952','p6'),('WSS964','p6'),('WSS973','p6'),('WSS101','p60'),('WSS113','p60'),('WSS117','p60'),('WSS128','p60'),('WSS146','p60'),('WSS147','p60'),('WSS179','p60'),('WSS187','p60'),('WSS190','p60'),('WSS200','p60'),('WSS220','p60'),('WSS23','p60'),('WSS237','p60'),('WSS240','p60'),('WSS247','p60'),('WSS269','p60'),('WSS282','p60'),('WSS286','p60'),('WSS289','p60'),('WSS292','p60'),('WSS325','p60'),('WSS332','p60'),('WSS336','p60'),('WSS344','p60'),('WSS363','p60'),('WSS37','p60'),('WSS38','p60'),('WSS39','p60'),('WSS409','p60'),('WSS425','p60'),('WSS428','p60'),('WSS433','p60'),('WSS435','p60'),('WSS448','p60'),('WSS467','p60'),('WSS47','p60'),('WSS489','p60'),('WSS493','p60'),('WSS508','p60'),('WSS520','p60'),('WSS523','p60'),('WSS54','p60'),('WSS540','p60'),('WSS577','p60'),('WSS58','p60'),('WSS580','p60'),('WSS630','p60'),('WSS637','p60'),('WSS643','p60'),('WSS644','p60'),('WSS646','p60'),('WSS664','p60'),('WSS683','p60'),('WSS690','p60'),('WSS700','p60'),('WSS728','p60'),('WSS729','p60'),('WSS748','p60'),('WSS758','p60'),('WSS777','p60'),('WSS781','p60'),('WSS789','p60'),('WSS790','p60'),('WSS8','p60'),('WSS802','p60'),('WSS811','p60'),('WSS836','p60'),('WSS855','p60'),('WSS895','p60'),('WSS912','p60'),('WSS928','p60'),('WSS929','p60'),('WSS962','p60'),('WSS981','p60'),('WSS992','p60'),('WSS104','p61'),('WSS122','p61'),('WSS132','p61'),('WSS152','p61'),('WSS158','p61'),('WSS172','p61'),('WSS173','p61'),('WSS174','p61'),('WSS187','p61'),('WSS201','p61'),('WSS215','p61'),('WSS237','p61'),('WSS254','p61'),('WSS279','p61'),('WSS29','p61'),('WSS296','p61'),('WSS306','p61'),('WSS319','p61'),('WSS32','p61'),('WSS328','p61'),('WSS357','p61'),('WSS369','p61'),('WSS389','p61'),('WSS422','p61'),('WSS425','p61'),('WSS427','p61'),('WSS433','p61'),('WSS436','p61'),('WSS437','p61'),('WSS442','p61'),('WSS467','p61'),('WSS480','p61'),('WSS524','p61'),('WSS534','p61'),('WSS548','p61'),('WSS556','p61'),('WSS560','p61'),('WSS565','p61'),('WSS57','p61'),('WSS585','p61'),('WSS59','p61'),('WSS60','p61'),('WSS606','p61'),('WSS621','p61'),('WSS631','p61'),('WSS636','p61'),('WSS637','p61'),('WSS648','p61'),('WSS652','p61'),('WSS668','p61'),('WSS671','p61'),('WSS673','p61'),('WSS674','p61'),('WSS677','p61'),('WSS684','p61'),('WSS691','p61'),('WSS71','p61'),('WSS712','p61'),('WSS717','p61'),('WSS721','p61'),('WSS740','p61'),('WSS742','p61'),('WSS748','p61'),('WSS750','p61'),('WSS772','p61'),('WSS773','p61'),('WSS778','p61'),('WSS784','p61'),('WSS789','p61'),('WSS797','p61'),('WSS802','p61'),('WSS823','p61'),('WSS85','p61'),('WSS861','p61'),('WSS871','p61'),('WSS932','p61'),('WSS949','p61'),('WSS95','p61'),('WSS950','p61'),('WSS955','p61'),('WSS958','p61'),('WSS97','p61'),('WSS981','p61'),('WSS982','p61'),('WSS989','p61'),('WSS995','p61'),('WSS997','p61'),('WSS112','p62'),('WSS119','p62'),('WSS127','p62'),('WSS130','p62'),('WSS141','p62'),('WSS149','p62'),('WSS158','p62'),('WSS161','p62'),('WSS199','p62'),('WSS225','p62'),('WSS261','p62'),('WSS276','p62'),('WSS280','p62'),('WSS282','p62'),('WSS289','p62'),('WSS291','p62'),('WSS293','p62'),('WSS3','p62'),('WSS307','p62'),('WSS33','p62'),('WSS344','p62'),('WSS349','p62'),('WSS368','p62'),('WSS374','p62'),('WSS38','p62'),('WSS383','p62'),('WSS386','p62'),('WSS390','p62'),('WSS401','p62'),('WSS411','p62'),('WSS412','p62'),('WSS419','p62'),('WSS450','p62'),('WSS472','p62'),('WSS480','p62'),('WSS482','p62'),('WSS494','p62'),('WSS5','p62'),('WSS537','p62'),('WSS539','p62'),('WSS567','p62'),('WSS576','p62'),('WSS579','p62'),('WSS597','p62'),('WSS604','p62'),('WSS624','p62'),('WSS630','p62'),('WSS641','p62'),('WSS646','p62'),('WSS658','p62'),('WSS686','p62'),('WSS69','p62'),('WSS711','p62'),('WSS72','p62'),('WSS731','p62'),('WSS743','p62'),('WSS752','p62'),('WSS759','p62'),('WSS764','p62'),('WSS766','p62'),('WSS770','p62'),('WSS771','p62'),('WSS791','p62'),('WSS795','p62'),('WSS796','p62'),('WSS810','p62'),('WSS830','p62'),('WSS846','p62'),('WSS858','p62'),('WSS862','p62'),('WSS867','p62'),('WSS875','p62'),('WSS876','p62'),('WSS887','p62'),('WSS899','p62'),('WSS923','p62'),('WSS929','p62'),('WSS939','p62'),('WSS956','p62'),('WSS957','p62'),('WSS969','p62'),('WSS97','p62'),('WSS971','p62'),('WSS972','p62'),('WSS985','p62'),('WSS986','p62'),('WSS12','p63'),('WSS120','p63'),('WSS13','p63'),('WSS196','p63'),('WSS228','p63'),('WSS239','p63'),('WSS24','p63'),('WSS268','p63'),('WSS275','p63'),('WSS277','p63'),('WSS279','p63'),('WSS305','p63'),('WSS331','p63'),('WSS341','p63'),('WSS345','p63'),('WSS347','p63'),('WSS356','p63'),('WSS36','p63'),('WSS37','p63'),('WSS375','p63'),('WSS398','p63'),('WSS420','p63'),('WSS44','p63'),('WSS449','p63'),('WSS450','p63'),('WSS471','p63'),('WSS476','p63'),('WSS478','p63'),('WSS497','p63'),('WSS520','p63'),('WSS532','p63'),('WSS543','p63'),('WSS551','p63'),('WSS556','p63'),('WSS566','p63'),('WSS571','p63'),('WSS577','p63'),('WSS580','p63'),('WSS607','p63'),('WSS622','p63'),('WSS628','p63'),('WSS630','p63'),('WSS645','p63'),('WSS679','p63'),('WSS680','p63'),('WSS705','p63'),('WSS713','p63'),('WSS736','p63'),('WSS751','p63'),('WSS760','p63'),('WSS764','p63'),('WSS814','p63'),('WSS839','p63'),('WSS848','p63'),('WSS857','p63'),('WSS884','p63'),('WSS886','p63'),('WSS888','p63'),('WSS890','p63'),('WSS899','p63'),('WSS910','p63'),('WSS912','p63'),('WSS919','p63'),('WSS927','p63'),('WSS941','p63'),('WSS945','p63'),('WSS947','p63'),('WSS951','p63'),('WSS968','p63'),('WSS99','p63'),('WSS107','p64'),('WSS127','p64'),('WSS133','p64'),('WSS136','p64'),('WSS137','p64'),('WSS167','p64'),('WSS17','p64'),('WSS173','p64'),('WSS179','p64'),('WSS195','p64'),('WSS204','p64'),('WSS207','p64'),('WSS210','p64'),('WSS227','p64'),('WSS241','p64'),('WSS248','p64'),('WSS249','p64'),('WSS253','p64'),('WSS260','p64'),('WSS264','p64'),('WSS268','p64'),('WSS274','p64'),('WSS282','p64'),('WSS285','p64'),('WSS288','p64'),('WSS289','p64'),('WSS29','p64'),('WSS296','p64'),('WSS317','p64'),('WSS324','p64'),('WSS331','p64'),('WSS352','p64'),('WSS36','p64'),('WSS367','p64'),('WSS374','p64'),('WSS398','p64'),('WSS404','p64'),('WSS406','p64'),('WSS410','p64'),('WSS414','p64'),('WSS426','p64'),('WSS429','p64'),('WSS443','p64'),('WSS446','p64'),('WSS447','p64'),('WSS455','p64'),('WSS47','p64'),('WSS473','p64'),('WSS480','p64'),('WSS492','p64'),('WSS502','p64'),('WSS513','p64'),('WSS516','p64'),('WSS519','p64'),('WSS561','p64'),('WSS608','p64'),('WSS611','p64'),('WSS630','p64'),('WSS632','p64'),('WSS633','p64'),('WSS639','p64'),('WSS656','p64'),('WSS66','p64'),('WSS666','p64'),('WSS693','p64'),('WSS702','p64'),('WSS711','p64'),('WSS712','p64'),('WSS721','p64'),('WSS726','p64'),('WSS73','p64'),('WSS744','p64'),('WSS778','p64'),('WSS806','p64'),('WSS82','p64'),('WSS826','p64'),('WSS846','p64'),('WSS86','p64'),('WSS864','p64'),('WSS872','p64'),('WSS880','p64'),('WSS885','p64'),('WSS894','p64'),('WSS898','p64'),('WSS900','p64'),('WSS902','p64'),('WSS907','p64'),('WSS910','p64'),('WSS921','p64'),('WSS927','p64'),('WSS948','p64'),('WSS950','p64'),('WSS958','p64'),('WSS989','p64'),('WSS1000','p65'),('WSS105','p65'),('WSS107','p65'),('WSS132','p65'),('WSS136','p65'),('WSS145','p65'),('WSS153','p65'),('WSS170','p65'),('WSS201','p65'),('WSS210','p65'),('WSS218','p65'),('WSS223','p65'),('WSS239','p65'),('WSS248','p65'),('WSS252','p65'),('WSS264','p65'),('WSS274','p65'),('WSS289','p65'),('WSS291','p65'),('WSS3','p65'),('WSS316','p65'),('WSS321','p65'),('WSS322','p65'),('WSS337','p65'),('WSS34','p65'),('WSS346','p65'),('WSS369','p65'),('WSS378','p65'),('WSS380','p65'),('WSS382','p65'),('WSS386','p65'),('WSS401','p65'),('WSS404','p65'),('WSS415','p65'),('WSS417','p65'),('WSS431','p65'),('WSS435','p65'),('WSS454','p65'),('WSS469','p65'),('WSS496','p65'),('WSS521','p65'),('WSS553','p65'),('WSS561','p65'),('WSS590','p65'),('WSS596','p65'),('WSS597','p65'),('WSS601','p65'),('WSS604','p65'),('WSS614','p65'),('WSS623','p65'),('WSS635','p65'),('WSS642','p65'),('WSS654','p65'),('WSS665','p65'),('WSS672','p65'),('WSS677','p65'),('WSS69','p65'),('WSS712','p65'),('WSS716','p65'),('WSS717','p65'),('WSS735','p65'),('WSS737','p65'),('WSS738','p65'),('WSS74','p65'),('WSS755','p65'),('WSS758','p65'),('WSS764','p65'),('WSS771','p65'),('WSS781','p65'),('WSS800','p65'),('WSS806','p65'),('WSS813','p65'),('WSS827','p65'),('WSS830','p65'),('WSS832','p65'),('WSS833','p65'),('WSS834','p65'),('WSS835','p65'),('WSS842','p65'),('WSS846','p65'),('WSS866','p65'),('WSS870','p65'),('WSS88','p65'),('WSS890','p65'),('WSS897','p65'),('WSS902','p65'),('WSS903','p65'),('WSS92','p65'),('WSS921','p65'),('WSS925','p65'),('WSS941','p65'),('WSS945','p65'),('WSS949','p65'),('WSS952','p65'),('WSS953','p65'),('WSS962','p65'),('WSS964','p65'),('WSS110','p66'),('WSS118','p66'),('WSS138','p66'),('WSS143','p66'),('WSS17','p66'),('WSS192','p66'),('WSS199','p66'),('WSS206','p66'),('WSS212','p66'),('WSS231','p66'),('WSS27','p66'),('WSS321','p66'),('WSS346','p66'),('WSS347','p66'),('WSS354','p66'),('WSS360','p66'),('WSS374','p66'),('WSS376','p66'),('WSS384','p66'),('WSS403','p66'),('WSS410','p66'),('WSS438','p66'),('WSS451','p66'),('WSS460','p66'),('WSS463','p66'),('WSS469','p66'),('WSS474','p66'),('WSS487','p66'),('WSS491','p66'),('WSS506','p66'),('WSS509','p66'),('WSS510','p66'),('WSS512','p66'),('WSS514','p66'),('WSS520','p66'),('WSS525','p66'),('WSS532','p66'),('WSS542','p66'),('WSS549','p66'),('WSS562','p66'),('WSS563','p66'),('WSS57','p66'),('WSS587','p66'),('WSS593','p66'),('WSS594','p66'),('WSS628','p66'),('WSS630','p66'),('WSS632','p66'),('WSS646','p66'),('WSS652','p66'),('WSS662','p66'),('WSS690','p66'),('WSS710','p66'),('WSS721','p66'),('WSS724','p66'),('WSS735','p66'),('WSS746','p66'),('WSS762','p66'),('WSS77','p66'),('WSS793','p66'),('WSS845','p66'),('WSS852','p66'),('WSS861','p66'),('WSS869','p66'),('WSS906','p66'),('WSS920','p66'),('WSS924','p66'),('WSS93','p66'),('WSS936','p66'),('WSS937','p66'),('WSS938','p66'),('WSS946','p66'),('WSS949','p66'),('WSS956','p66'),('WSS979','p66'),('WSS984','p66'),('WSS987','p66'),('WSS988','p66'),('WSS990','p66'),('WSS998','p66'),('WSS118','p67'),('WSS134','p67'),('WSS140','p67'),('WSS151','p67'),('WSS168','p67'),('WSS186','p67'),('WSS19','p67'),('WSS210','p67'),('WSS211','p67'),('WSS213','p67'),('WSS214','p67'),('WSS236','p67'),('WSS244','p67'),('WSS245','p67'),('WSS249','p67'),('WSS263','p67'),('WSS28','p67'),('WSS29','p67'),('WSS342','p67'),('WSS348','p67'),('WSS351','p67'),('WSS356','p67'),('WSS387','p67'),('WSS390','p67'),('WSS41','p67'),('WSS441','p67'),('WSS462','p67'),('WSS473','p67'),('WSS476','p67'),('WSS483','p67'),('WSS49','p67'),('WSS492','p67'),('WSS51','p67'),('WSS532','p67'),('WSS536','p67'),('WSS560','p67'),('WSS615','p67'),('WSS617','p67'),('WSS641','p67'),('WSS644','p67'),('WSS654','p67'),('WSS655','p67'),('WSS663','p67'),('WSS668','p67'),('WSS676','p67'),('WSS686','p67'),('WSS699','p67'),('WSS781','p67'),('WSS785','p67'),('WSS788','p67'),('WSS8','p67'),('WSS801','p67'),('WSS805','p67'),('WSS807','p67'),('WSS819','p67'),('WSS824','p67'),('WSS847','p67'),('WSS850','p67'),('WSS854','p67'),('WSS901','p67'),('WSS923','p67'),('WSS985','p67'),('WSS10','p68'),('WSS100','p68'),('WSS113','p68'),('WSS116','p68'),('WSS123','p68'),('WSS150','p68'),('WSS178','p68'),('WSS181','p68'),('WSS195','p68'),('WSS223','p68'),('WSS266','p68'),('WSS278','p68'),('WSS310','p68'),('WSS327','p68'),('WSS340','p68'),('WSS365','p68'),('WSS366','p68'),('WSS39','p68'),('WSS397','p68'),('WSS402','p68'),('WSS413','p68'),('WSS415','p68'),('WSS42','p68'),('WSS424','p68'),('WSS427','p68'),('WSS437','p68'),('WSS441','p68'),('WSS452','p68'),('WSS453','p68'),('WSS471','p68'),('WSS475','p68'),('WSS482','p68'),('WSS484','p68'),('WSS488','p68'),('WSS491','p68'),('WSS503','p68'),('WSS515','p68'),('WSS521','p68'),('WSS530','p68'),('WSS531','p68'),('WSS549','p68'),('WSS6','p68'),('WSS621','p68'),('WSS650','p68'),('WSS664','p68'),('WSS680','p68'),('WSS684','p68'),('WSS715','p68'),('WSS716','p68'),('WSS718','p68'),('WSS723','p68'),('WSS734','p68'),('WSS75','p68'),('WSS77','p68'),('WSS774','p68'),('WSS798','p68'),('WSS823','p68'),('WSS840','p68'),('WSS844','p68'),('WSS847','p68'),('WSS853','p68'),('WSS866','p68'),('WSS87','p68'),('WSS877','p68'),('WSS880','p68'),('WSS881','p68'),('WSS882','p68'),('WSS892','p68'),('WSS913','p68'),('WSS922','p68'),('WSS924','p68'),('WSS953','p68'),('WSS96','p68'),('WSS103','p69'),('WSS126','p69'),('WSS140','p69'),('WSS15','p69'),('WSS181','p69'),('WSS2','p69'),('WSS21','p69'),('WSS217','p69'),('WSS233','p69'),('WSS246','p69'),('WSS256','p69'),('WSS258','p69'),('WSS26','p69'),('WSS281','p69'),('WSS290','p69'),('WSS296','p69'),('WSS303','p69'),('WSS385','p69'),('WSS388','p69'),('WSS394','p69'),('WSS40','p69'),('WSS401','p69'),('WSS406','p69'),('WSS416','p69'),('WSS417','p69'),('WSS455','p69'),('WSS468','p69'),('WSS473','p69'),('WSS477','p69'),('WSS481','p69'),('WSS493','p69'),('WSS497','p69'),('WSS502','p69'),('WSS507','p69'),('WSS516','p69'),('WSS525','p69'),('WSS529','p69'),('WSS530','p69'),('WSS54','p69'),('WSS541','p69'),('WSS551','p69'),('WSS559','p69'),('WSS56','p69'),('WSS571','p69'),('WSS584','p69'),('WSS586','p69'),('WSS589','p69'),('WSS595','p69'),('WSS60','p69'),('WSS609','p69'),('WSS646','p69'),('WSS672','p69'),('WSS674','p69'),('WSS685','p69'),('WSS687','p69'),('WSS688','p69'),('WSS690','p69'),('WSS700','p69'),('WSS701','p69'),('WSS702','p69'),('WSS704','p69'),('WSS705','p69'),('WSS707','p69'),('WSS719','p69'),('WSS730','p69'),('WSS731','p69'),('WSS732','p69'),('WSS75','p69'),('WSS77','p69'),('WSS78','p69'),('WSS798','p69'),('WSS799','p69'),('WSS80','p69'),('WSS82','p69'),('WSS823','p69'),('WSS824','p69'),('WSS838','p69'),('WSS853','p69'),('WSS859','p69'),('WSS86','p69'),('WSS867','p69'),('WSS904','p69'),('WSS907','p69'),('WSS923','p69'),('WSS931','p69'),('WSS939','p69'),('WSS940','p69'),('WSS941','p69'),('WSS956','p69'),('WSS96','p69'),('WSS963','p69'),('WSS974','p69'),('WSS106','p7'),('WSS11','p7'),('WSS119','p7'),('WSS135','p7'),('WSS147','p7'),('WSS158','p7'),('WSS160','p7'),('WSS170','p7'),('WSS192','p7'),('WSS2','p7'),('WSS226','p7'),('WSS243','p7'),('WSS250','p7'),('WSS255','p7'),('WSS257','p7'),('WSS266','p7'),('WSS288','p7'),('WSS309','p7'),('WSS314','p7'),('WSS316','p7'),('WSS323','p7'),('WSS324','p7'),('WSS329','p7'),('WSS363','p7'),('WSS373','p7'),('WSS379','p7'),('WSS38','p7'),('WSS392','p7'),('WSS445','p7'),('WSS461','p7'),('WSS485','p7'),('WSS491','p7'),('WSS52','p7'),('WSS521','p7'),('WSS528','p7'),('WSS548','p7'),('WSS549','p7'),('WSS558','p7'),('WSS559','p7'),('WSS56','p7'),('WSS563','p7'),('WSS569','p7'),('WSS575','p7'),('WSS612','p7'),('WSS618','p7'),('WSS623','p7'),('WSS626','p7'),('WSS629','p7'),('WSS648','p7'),('WSS659','p7'),('WSS671','p7'),('WSS677','p7'),('WSS710','p7'),('WSS720','p7'),('WSS722','p7'),('WSS726','p7'),('WSS731','p7'),('WSS733','p7'),('WSS737','p7'),('WSS740','p7'),('WSS748','p7'),('WSS758','p7'),('WSS766','p7'),('WSS768','p7'),('WSS774','p7'),('WSS787','p7'),('WSS794','p7'),('WSS806','p7'),('WSS818','p7'),('WSS82','p7'),('WSS837','p7'),('WSS84','p7'),('WSS845','p7'),('WSS862','p7'),('WSS863','p7'),('WSS873','p7'),('WSS884','p7'),('WSS896','p7'),('WSS9','p7'),('WSS906','p7'),('WSS916','p7'),('WSS937','p7'),('WSS968','p7'),('WSS977','p7'),('WSS106','p70'),('WSS130','p70'),('WSS142','p70'),('WSS146','p70'),('WSS177','p70'),('WSS186','p70'),('WSS19','p70'),('WSS217','p70'),('WSS219','p70'),('WSS231','p70'),('WSS246','p70'),('WSS247','p70'),('WSS270','p70'),('WSS279','p70'),('WSS280','p70'),('WSS305','p70'),('WSS308','p70'),('WSS33','p70'),('WSS334','p70'),('WSS335','p70'),('WSS337','p70'),('WSS354','p70'),('WSS368','p70'),('WSS383','p70'),('WSS389','p70'),('WSS393','p70'),('WSS394','p70'),('WSS395','p70'),('WSS401','p70'),('WSS407','p70'),('WSS408','p70'),('WSS412','p70'),('WSS417','p70'),('WSS418','p70'),('WSS429','p70'),('WSS431','p70'),('WSS434','p70'),('WSS439','p70'),('WSS48','p70'),('WSS480','p70'),('WSS485','p70'),('WSS49','p70'),('WSS492','p70'),('WSS499','p70'),('WSS501','p70'),('WSS523','p70'),('WSS532','p70'),('WSS547','p70'),('WSS558','p70'),('WSS564','p70'),('WSS582','p70'),('WSS595','p70'),('WSS597','p70'),('WSS616','p70'),('WSS618','p70'),('WSS626','p70'),('WSS644','p70'),('WSS657','p70'),('WSS687','p70'),('WSS688','p70'),('WSS710','p70'),('WSS712','p70'),('WSS715','p70'),('WSS726','p70'),('WSS732','p70'),('WSS736','p70'),('WSS752','p70'),('WSS756','p70'),('WSS772','p70'),('WSS797','p70'),('WSS810','p70'),('WSS837','p70'),('WSS847','p70'),('WSS86','p70'),('WSS889','p70'),('WSS894','p70'),('WSS897','p70'),('WSS952','p70'),('WSS972','p70'),('WSS980','p70'),('WSS1000','p8'),('WSS103','p8'),('WSS107','p8'),('WSS119','p8'),('WSS122','p8'),('WSS147','p8'),('WSS161','p8'),('WSS175','p8'),('WSS180','p8'),('WSS193','p8'),('WSS200','p8'),('WSS203','p8'),('WSS21','p8'),('WSS218','p8'),('WSS219','p8'),('WSS224','p8'),('WSS227','p8'),('WSS228','p8'),('WSS253','p8'),('WSS256','p8'),('WSS267','p8'),('WSS27','p8'),('WSS272','p8'),('WSS282','p8'),('WSS284','p8'),('WSS292','p8'),('WSS303','p8'),('WSS305','p8'),('WSS312','p8'),('WSS339','p8'),('WSS353','p8'),('WSS366','p8'),('WSS367','p8'),('WSS373','p8'),('WSS377','p8'),('WSS384','p8'),('WSS39','p8'),('WSS396','p8'),('WSS398','p8'),('WSS40','p8'),('WSS402','p8'),('WSS409','p8'),('WSS410','p8'),('WSS432','p8'),('WSS440','p8'),('WSS45','p8'),('WSS500','p8'),('WSS508','p8'),('WSS519','p8'),('WSS522','p8'),('WSS527','p8'),('WSS534','p8'),('WSS557','p8'),('WSS558','p8'),('WSS586','p8'),('WSS588','p8'),('WSS591','p8'),('WSS610','p8'),('WSS613','p8'),('WSS628','p8'),('WSS630','p8'),('WSS633','p8'),('WSS667','p8'),('WSS673','p8'),('WSS675','p8'),('WSS681','p8'),('WSS697','p8'),('WSS705','p8'),('WSS728','p8'),('WSS74','p8'),('WSS747','p8'),('WSS757','p8'),('WSS782','p8'),('WSS804','p8'),('WSS81','p8'),('WSS812','p8'),('WSS827','p8'),('WSS85','p8'),('WSS858','p8'),('WSS866','p8'),('WSS868','p8'),('WSS871','p8'),('WSS872','p8'),('WSS89','p8'),('WSS907','p8'),('WSS911','p8'),('WSS918','p8'),('WSS936','p8'),('WSS966','p8'),('WSS970','p8'),('WSS980','p8'),('WSS999','p8'),('WSS103','p9'),('WSS109','p9'),('WSS123','p9'),('WSS159','p9'),('WSS176','p9'),('WSS19','p9'),('WSS191','p9'),('WSS196','p9'),('WSS198','p9'),('WSS202','p9'),('WSS208','p9'),('WSS213','p9'),('WSS222','p9'),('WSS24','p9'),('WSS240','p9'),('WSS257','p9'),('WSS269','p9'),('WSS272','p9'),('WSS276','p9'),('WSS297','p9'),('WSS299','p9'),('WSS30','p9'),('WSS300','p9'),('WSS324','p9'),('WSS338','p9'),('WSS340','p9'),('WSS348','p9'),('WSS356','p9'),('WSS369','p9'),('WSS386','p9'),('WSS41','p9'),('WSS420','p9'),('WSS421','p9'),('WSS429','p9'),('WSS436','p9'),('WSS455','p9'),('WSS456','p9'),('WSS477','p9'),('WSS5','p9'),('WSS508','p9'),('WSS51','p9'),('WSS522','p9'),('WSS528','p9'),('WSS530','p9'),('WSS535','p9'),('WSS537','p9'),('WSS553','p9'),('WSS555','p9'),('WSS563','p9'),('WSS574','p9'),('WSS580','p9'),('WSS586','p9'),('WSS611','p9'),('WSS642','p9'),('WSS647','p9'),('WSS648','p9'),('WSS660','p9'),('WSS667','p9'),('WSS671','p9'),('WSS679','p9'),('WSS682','p9'),('WSS686','p9'),('WSS69','p9'),('WSS699','p9'),('WSS701','p9'),('WSS706','p9'),('WSS712','p9'),('WSS735','p9'),('WSS738','p9'),('WSS754','p9'),('WSS767','p9'),('WSS775','p9'),('WSS784','p9'),('WSS785','p9'),('WSS788','p9'),('WSS791','p9'),('WSS793','p9'),('WSS833','p9'),('WSS87','p9'),('WSS878','p9'),('WSS888','p9'),('WSS9','p9'),('WSS918','p9'),('WSS919','p9'),('WSS944','p9'),('WSS946','p9'),('WSS950','p9'),('WSS957','p9'),('WSS986','p9'),('WSS993','p9');
/*!40000 ALTER TABLE `outputparameter` ENABLE KEYS */;
UNLOCK TABLES;

--
-- Table structure for table `parameterhierarchy`
--

DROP TABLE IF EXISTS `parameterhierarchy`;
/*!40101 SET @saved_cs_client     = @@character_set_client */;
/*!50503 SET character_set_client = utf8mb4 */;
CREATE TABLE `parameterhierarchy` (
  `parentParameterID` varchar(10) NOT NULL,
  `childParameterID` varchar(10) NOT NULL,
  PRIMARY KEY (`parentParameterID`,`childParameterID`)
) ENGINE=InnoDB DEFAULT CHARSET=latin1;
/*!40101 SET character_set_client = @saved_cs_client */;

--
-- Dumping data for table `parameterhierarchy`
--

LOCK TABLES `parameterhierarchy` WRITE;
/*!40000 ALTER TABLE `parameterhierarchy` DISABLE KEYS */;
/*!40000 ALTER TABLE `parameterhierarchy` ENABLE KEYS */;
UNLOCK TABLES;

--
-- Table structure for table `parameterlist`
--

DROP TABLE IF EXISTS `parameterlist`;
/*!40101 SET @saved_cs_client     = @@character_set_client */;
/*!50503 SET character_set_client = utf8mb4 */;
CREATE TABLE `parameterlist` (
  `parameterID` varchar(10) NOT NULL,
  `parameterName` varchar(100) DEFAULT NULL,
  PRIMARY KEY (`parameterID`)
) ENGINE=InnoDB DEFAULT CHARSET=latin1;
/*!40101 SET character_set_client = @saved_cs_client */;

--
-- Dumping data for table `parameterlist`
--

LOCK TABLES `parameterlist` WRITE;
/*!40000 ALTER TABLE `parameterlist` DISABLE KEYS */;
INSERT INTO `parameterlist` VALUES ('p1','p1name'),('p10','p10name'),('p11','p11name'),('p12','p12name'),('p13','p13name'),('p14','p14name'),('p15','p15name'),('p16','p16name'),('p17','p17name'),('p18','p18name'),('p19','p19name'),('p2','p2name'),('p20','p20name'),('p21','p21name'),('p22','p22name'),('p23','p23name'),('p24','p24name'),('p25','p25name'),('p26','p26name'),('p27','p27name'),('p28','p28name'),('p29','p29name'),('p3','p3name'),('p30','p30name'),('p31','p31name'),('p32','p32name'),('p33','p33name'),('p34','p34name'),('p35','p35name'),('p36','p36name'),('p37','p37name'),('p38','p38name'),('p39','p39name'),('p4','p4name'),('p40','p40name'),('p41','p41name'),('p42','p42name'),('p43','p43name'),('p44','p44name'),('p45','p45name'),('p46','p46name'),('p47','p47name'),('p48','p48name'),('p49','p49name'),('p5','p5name'),('p50','p50name'),('p51','p51name'),('p52','p52name'),('p53','p53name'),('p54','p54name'),('p55','p55name'),('p56','p56name'),('p57','p57name'),('p58','p58name'),('p59','p59name'),('p6','p6name'),('p60','p60name'),('p61','p61name'),('p62','p62name'),('p63','p63name'),('p64','p64name'),('p65','p65name'),('p66','p66name'),('p67','p67name'),('p68','p68name'),('p69','p69name'),('p7','p7name'),('p70','p70name'),('p8','p8name'),('p9','p9name');
/*!40000 ALTER TABLE `parameterlist` ENABLE KEYS */;
UNLOCK TABLES;

--
-- Table structure for table `result`
--

DROP TABLE IF EXISTS `result`;
/*!40101 SET @saved_cs_client     = @@character_set_client */;
/*!50503 SET character_set_client = utf8mb4 */;
CREATE TABLE `result` (
  `transactionID` bigint NOT NULL,
  `stage` int NOT NULL,
  `webServiceID` varchar(10) NOT NULL,
  PRIMARY KEY (`transactionID`,`stage`,`webServiceID`)
) ENGINE=InnoDB DEFAULT CHARSET=latin1;
/*!40101 SET character_set_client = @saved_cs_client */;

--
-- Dumping data for table `result`
--

LOCK TABLES `result` WRITE;
/*!40000 ALTER TABLE `result` DISABLE KEYS */;
INSERT INTO `result` VALUES (1,1,'WSS69'),(1,1,'WSS885'),(1,2,'WSS434'),(1,3,'WSS443'),(2,1,'WSS170'),(2,2,'WSS142'),(2,3,'WSS106'),(2,4,'WSS733'),(3,1,'WSS529'),(3,2,'WSS546'),(3,2,'WSS833'),(3,3,'WSS450'),(3,3,'WSS848'),(4,1,'WSS619'),(4,2,'WSS897'),(4,3,'WSS351'),(4,4,'WSS248'),(5,1,'WSS19'),(5,2,'WSS697'),(5,3,'WSS476'),(5,4,'WSS691'),(6,1,'WSS139'),(6,2,'WSS639'),(6,3,'WSS351'),(6,3,'WSS501'),(7,1,'WSS315'),(7,1,'WSS91'),(7,2,'WSS631'),(7,2,'WSS948'),(8,1,'WSS232'),(8,2,'WSS364'),(8,3,'WSS858'),(8,4,'WSS946'),(9,1,'WSS84'),(9,2,'WSS574'),(9,3,'WSS275'),(9,3,'WSS355'),(10,1,'WSS400'),(10,2,'WSS25'),(10,2,'WSS313'),(10,3,'WSS7'),(11,1,'WSS543'),(11,1,'WSS787'),(11,2,'WSS269'),(11,3,'WSS151'),(12,1,'WSS441'),(12,2,'WSS475'),(12,2,'WSS487'),(12,3,'WSS414'),(13,1,'WSS593'),(13,2,'WSS63'),(13,2,'WSS926'),(13,3,'WSS369'),(14,1,'WSS330'),(14,1,'WSS837'),(14,2,'WSS872'),(14,2,'WSS988'),(14,3,'WSS391'),(15,1,'WSS720'),(15,2,'WSS363'),(15,2,'WSS40'),(15,3,'WSS876'),(16,1,'WSS398'),(16,2,'WSS896'),(16,3,'WSS728'),(16,4,'WSS257'),(17,1,'WSS300'),(17,1,'WSS669'),(17,2,'WSS562'),(17,3,'WSS810'),(18,1,'WSS668'),(18,2,'WSS800'),(18,3,'WSS543'),(18,4,'WSS526'),(19,1,'WSS195'),(19,1,'WSS265'),(19,2,'WSS356'),(19,2,'WSS99'),(19,3,'WSS16'),(20,1,'WSS642'),(20,2,'WSS789'),(20,3,'WSS380'),(20,4,'WSS738'),(21,1,'WSS468'),(21,1,'WSS722'),(21,2,'WSS710'),(21,2,'WSS955'),(22,1,'WSS830'),(22,2,'WSS14'),(22,2,'WSS209'),(22,2,'WSS427'),(22,2,'WSS835'),(23,1,'WSS113'),(23,1,'WSS398'),(23,2,'WSS31'),(23,3,'WSS251'),(24,1,'WSS544'),(24,1,'WSS792'),(24,2,'WSS199'),(24,2,'WSS975'),(25,1,'WSS197'),(25,1,'WSS977'),(25,2,'WSS340'),(25,3,'WSS712'),(26,1,'WSS245'),(26,1,'WSS642'),(26,2,'WSS805'),(26,3,'WSS157'),(27,1,'WSS228'),(27,1,'WSS816'),(27,2,'WSS398'),(27,2,'WSS767'),(27,3,'WSS512'),(28,1,'WSS297'),(28,1,'WSS413'),(28,2,'WSS646'),(28,3,'WSS578'),(29,1,'WSS590'),(29,2,'WSS63'),(29,3,'WSS507'),(29,3,'WSS765'),(30,1,'WSS341'),(30,2,'WSS320'),(30,3,'WSS99'),(30,4,'WSS70'),(1031,1,'ICP006'),(1031,1,'ICP110'),(1031,1,'ICP311'),(1031,2,'ICP500'),(1035,1,'ICP386'),(1035,2,'ICP466'),(1133,1,'ICP103'),(1133,2,'ICP341'),(1133,3,'ICP395'),(1136,1,'ICP110'),(1136,2,'ICP710'),(1141,1,'ICP311'),(1141,2,'ICP422'),(1288,1,'ICP001'),(1288,2,'ICP110'),(1291,1,'ICP110'),(1291,2,'ICP720'),(1293,1,'ICP110'),(1293,1,'ICP311'),(1293,2,'ICP500'),(1296,1,'ICP006'),(1296,1,'ICP103'),(1296,1,'ICP110'),(1296,1,'ICP311'),(1296,1,'ICP313'),(1296,2,'ICP341'),(1296,2,'ICP500'),(1296,3,'ICP395'),(1325,1,'ICP110'),(1325,2,'ICP680'),(1355,1,'ICP110'),(1355,2,'ICP469'),(1406,1,'ICP110'),(1435,1,'ICP006'),(1435,1,'ICP110'),(1435,1,'ICP311'),(1435,2,'ICP500'),(1509,1,'ICP001'),(1509,1,'ICP006'),(1509,2,'ICP002'),(1509,2,'ICP110'),(1509,3,'ICP311'),(1509,4,'ICP500'),(1572,1,'ICP103'),(1572,1,'ICP110'),(1572,1,'ICP386'),(1572,2,'ICP341'),(1572,2,'ICP395'),(1572,2,'ICP466'),(1572,2,'ICP620'),(1572,2,'ICP720'),(1572,3,'ICP445'),(1583,1,'ICP386'),(1583,2,'ICP466'),(1607,1,'ICP301'),(1607,1,'ICP341'),(1607,1,'ICP386'),(1607,2,'ICP481'),(1620,1,'ICP006'),(1620,1,'ICP110'),(1620,1,'ICP311'),(1620,2,'ICP500'),(1646,1,'ICP006'),(1646,1,'ICP110'),(1646,1,'ICP311'),(1646,2,'ICP469'),(1646,2,'ICP500'),(1733,1,'ICP311'),(1733,2,'ICP422'),(1797,1,'ICP386'),(1797,2,'ICP466'),(1851,1,'ICP003'),(1851,1,'ICP311'),(1851,2,'ICP313'),(1851,3,'ICP486'),(1981,1,'ICP110'),(1981,1,'ICP311'),(1981,2,'ICP500'),(2015,1,'ICP006'),(2015,1,'ICP110'),(2015,1,'ICP311'),(2015,2,'ICP500'),(2026,1,'ICP386'),(2026,2,'ICP466'),(2114,1,'ICP341'),(2114,2,'ICP395'),(2114,3,'ICP445'),(2280,1,'ICP103'),(2280,1,'ICP386'),(2280,2,'ICP341'),(2280,2,'ICP395'),(2280,2,'ICP466'),(2280,3,'ICP495'),(2317,1,'ICP313'),(2317,1,'ICP341'),(2317,1,'ICP680'),(2317,2,'ICP395'),(2317,3,'ICP445'),(2474,1,'ICP003'),(2474,1,'ICP311'),(2474,2,'ICP313'),(2474,3,'ICP486'),(2565,1,'ICP313'),(2565,1,'ICP341'),(2565,2,'ICP395'),(2565,3,'ICP445'),(2598,1,'ICP006'),(2598,1,'ICP110'),(2598,1,'ICP311'),(2598,1,'ICP313'),(2598,1,'ICP331'),(2598,2,'ICP500'),(2610,1,'ICP003'),(2610,1,'ICP311'),(2610,2,'ICP313'),(2610,3,'ICP486'),(2659,1,'ICP006'),(2659,1,'ICP110'),(2659,1,'ICP311'),(2659,2,'ICP469'),(2659,2,'ICP500'),(2675,1,'ICP386'),(2675,2,'ICP466'),(2711,1,'ICP103'),(2711,1,'ICP386'),(2711,2,'ICP341'),(2711,3,'ICP481'),(2779,1,'ICP003'),(2779,1,'ICP311'),(2779,2,'ICP313'),(2779,3,'ICP486'),(2985,1,'ICP103'),(3021,1,'ICP006'),(3021,1,'ICP110'),(3021,1,'ICP302'),(3021,2,'ICP500'),(3075,1,'ICP006'),(3075,1,'ICP110'),(3075,1,'ICP311'),(3075,2,'ICP500'),(3226,1,'ICP110'),(3226,2,'ICP818'),(3286,1,'ICP006'),(3286,1,'ICP110'),(3286,1,'ICP311'),(3286,2,'ICP500'),(3357,1,'ICP006'),(3357,1,'ICP110'),(3357,1,'ICP311'),(3357,2,'ICP500'),(3667,1,'ICP103'),(3667,1,'ICP301'),(3667,1,'ICP386'),(3667,2,'ICP341'),(3667,3,'ICP481'),(3668,1,'ICP103'),(3668,1,'ICP301'),(3668,1,'ICP386'),(3668,2,'ICP341'),(3668,3,'ICP481'),(3705,1,'ICP103'),(3705,1,'ICP301'),(3705,1,'ICP386'),(3705,2,'ICP341'),(3705,3,'ICP481'),(3718,1,'ICP001'),(3718,2,'ICP002'),(3718,2,'ICP110'),(3718,3,'ICP311'),(3718,4,'ICP819'),(3877,1,'ICP386'),(3948,1,'ICP006'),(3948,1,'ICP110'),(3948,1,'ICP311'),(3948,2,'ICP500'),(3969,1,'ICP301'),(3969,1,'ICP341'),(3969,1,'ICP386'),(3969,2,'ICP481'),(3971,1,'ICP386'),(3971,2,'ICP466'),(4112,1,'ICP006'),(4112,1,'ICP110'),(4112,1,'ICP311'),(4112,2,'ICP469'),(4112,2,'ICP500'),(4178,1,'ICP002'),(4178,1,'ICP110'),(4178,2,'ICP311'),(4178,3,'ICP819'),(4281,1,'ICP110'),(4281,2,'ICP469'),(4296,1,'ICP006'),(4296,1,'ICP110'),(4296,1,'ICP311'),(4296,2,'ICP469'),(4296,2,'ICP500'),(4375,1,'ICP003'),(4375,1,'ICP311'),(4375,2,'ICP313'),(4375,3,'ICP486'),(4589,1,'ICP006'),(4589,1,'ICP110'),(4589,1,'ICP311'),(4589,2,'ICP469'),(4589,2,'ICP500'),(4607,1,'ICP006'),(4607,1,'ICP110'),(4607,1,'ICP302'),(4607,2,'ICP500'),(4747,1,'ICP311'),(4747,1,'ICP313'),(4747,2,'ICP486'),(4775,1,'ICP110'),(4775,2,'ICP500'),(4934,1,'ICP103'),(4934,2,'ICP341'),(4978,1,'ICP103'),(4980,1,'ICP006'),(4980,1,'ICP110'),(4980,1,'ICP311'),(4980,2,'ICP469'),(4980,2,'ICP500'),(4980,2,'ICP720'),(4980,3,'ICP740'),(5049,1,'ICP006'),(5049,1,'ICP110'),(5049,1,'ICP311'),(5049,2,'ICP500'),(5417,1,'ICP301'),(5417,1,'ICP341'),(5417,1,'ICP386'),(5417,2,'ICP481'),(5448,1,'ICP386'),(5448,2,'ICP466'),(5450,1,'ICP103'),(5450,1,'ICP110'),(5450,1,'ICP386'),(5450,1,'ICP817'),(5450,2,'ICP341'),(5450,2,'ICP395'),(5450,2,'ICP466'),(5450,2,'ICP620'),(5450,2,'ICP720'),(5450,3,'ICP445'),(5450,3,'ICP815'),(5461,1,'ICP002'),(5461,1,'ICP006'),(5461,1,'ICP110'),(5461,1,'ICP302'),(5461,2,'ICP500'),(5461,2,'ICP720'),(5461,3,'ICP740'),(5472,1,'ICP110'),(5472,2,'ICP818'),(5497,1,'ICP103'),(5497,2,'ICP341'),(5569,1,'ICP386'),(5569,2,'ICP466'),(5571,1,'ICP103'),(5571,2,'ICP810'),(5757,1,'ICP386'),(5757,2,'ICP466'),(5779,1,'ICP006'),(5779,1,'ICP110'),(5779,1,'ICP302'),(5779,2,'ICP500'),(5814,1,'ICP006'),(5814,1,'ICP110'),(5814,1,'ICP311'),(5814,2,'ICP500'),(5897,1,'ICP110'),(5897,2,'ICP710'),(5966,1,'ICP103'),(5966,1,'ICP301'),(5966,1,'ICP386'),(5966,2,'ICP341'),(5966,3,'ICP481'),(6032,1,'ICP386'),(6032,2,'ICP466'),(6279,1,'ICP006'),(6279,1,'ICP110'),(6279,1,'ICP311'),(6279,2,'ICP469'),(6279,2,'ICP500'),(6294,1,'ICP006'),(6294,1,'ICP110'),(6294,1,'ICP311'),(6294,2,'ICP500'),(6325,1,'ICP002'),(6325,2,'ICP003'),(6363,1,'ICP006'),(6363,1,'ICP110'),(6363,1,'ICP311'),(6363,2,'ICP469'),(6363,2,'ICP500'),(6437,1,'ICP103'),(6437,1,'ICP301'),(6437,1,'ICP386'),(6437,2,'ICP341'),(6437,3,'ICP481'),(6533,1,'ICP006'),(6533,1,'ICP110'),(6533,1,'ICP311'),(6533,2,'ICP469'),(6533,2,'ICP500'),(6574,1,'ICP002'),(6574,1,'ICP110'),(6574,2,'ICP311'),(6574,3,'ICP819'),(6604,1,'ICP103'),(6604,1,'ICP386'),(6604,2,'ICP341'),(6604,3,'ICP481'),(6679,1,'ICP003'),(6679,1,'ICP311'),(6679,2,'ICP313'),(6679,3,'ICP486'),(6692,1,'ICP103'),(6692,1,'ICP386'),(6692,1,'ICP465'),(6692,2,'ICP341'),(6692,3,'ICP481'),(6874,1,'ICP467'),(6898,1,'ICP103'),(6898,1,'ICP386'),(6898,2,'ICP341'),(6898,3,'ICP481'),(6922,1,'ICP313'),(6922,1,'ICP341'),(6922,2,'ICP395'),(6974,1,'ICP110'),(6974,2,'ICP469'),(7056,1,'ICP006'),(7056,1,'ICP110'),(7056,1,'ICP311'),(7056,1,'ICP341'),(7056,2,'ICP395'),(7056,2,'ICP500'),(7056,2,'ICP720'),(7056,3,'ICP445'),(7056,3,'ICP740'),(7107,1,'ICP311'),(7107,1,'ICP313'),(7107,2,'ICP486'),(7159,1,'ICP311'),(7159,2,'ICP422'),(7196,1,'ICP103'),(7196,2,'ICP341'),(7196,2,'ICP395'),(7196,3,'ICP495'),(7227,1,'ICP103'),(7227,1,'ICP110'),(7227,1,'ICP301'),(7227,1,'ICP311'),(7227,1,'ICP386'),(7227,2,'ICP341'),(7227,2,'ICP500'),(7227,3,'ICP481'),(7297,1,'ICP386'),(7297,2,'ICP466'),(7326,1,'ICP006'),(7326,1,'ICP110'),(7326,1,'ICP311'),(7326,2,'ICP500'),(7398,1,'ICP002'),(7398,1,'ICP006'),(7398,1,'ICP103'),(7398,1,'ICP110'),(7398,2,'ICP311'),(7398,2,'ICP720'),(7398,2,'ICP810'),(7398,3,'ICP500'),(7398,3,'ICP819'),(7398,4,'ICP740'),(7420,1,'ICP006'),(7420,1,'ICP311'),(7420,2,'ICP500'),(7484,1,'ICP006'),(7484,1,'ICP110'),(7484,1,'ICP311'),(7484,2,'ICP469'),(7484,2,'ICP500'),(7515,1,'ICP006'),(7515,1,'ICP110'),(7515,1,'ICP311'),(7515,2,'ICP469'),(7515,2,'ICP500'),(7593,1,'ICP301'),(7593,1,'ICP341'),(7593,1,'ICP386'),(7593,2,'ICP481'),(7645,1,'ICP001'),(7645,1,'ICP006'),(7645,2,'ICP002'),(7645,2,'ICP110'),(7645,3,'ICP311'),(7645,4,'ICP500'),(7720,1,'ICP006'),(7720,1,'ICP311'),(7720,1,'ICP720'),(7720,2,'ICP500'),(7720,3,'ICP740'),(7769,1,'ICP103'),(7769,2,'ICP341'),(7797,1,'ICP006'),(7797,1,'ICP110'),(7797,1,'ICP302'),(7797,2,'ICP500'),(7797,2,'ICP720'),(7817,1,'ICP006'),(7817,1,'ICP311'),(7817,2,'ICP500'),(7821,1,'ICP006'),(7821,1,'ICP110'),(7821,1,'ICP311'),(7821,2,'ICP500'),(7831,1,'ICP006'),(7831,1,'ICP311'),(7831,2,'ICP500'),(7832,1,'ICP006'),(7832,1,'ICP110'),(7832,1,'ICP311'),(7832,2,'ICP500'),(8030,1,'ICP386'),(8030,2,'ICP466'),(8062,1,'ICP006'),(8062,1,'ICP110'),(8062,1,'ICP311'),(8062,2,'ICP500'),(8155,1,'ICP006'),(8155,1,'ICP110'),(8155,1,'ICP311'),(8155,2,'ICP469'),(8155,2,'ICP500'),(8306,1,'ICP006'),(8306,1,'ICP110'),(8306,1,'ICP311'),(8306,2,'ICP500'),(8509,1,'ICP467'),(8527,1,'ICP110'),(8527,2,'ICP500'),(8628,1,'ICP103'),(8628,1,'ICP301'),(8628,1,'ICP386'),(8628,2,'ICP341'),(8628,3,'ICP481'),(8647,1,'ICP103'),(8647,2,'ICP341'),(8688,1,'ICP103'),(8688,1,'ICP301'),(8688,1,'ICP386'),(8688,2,'ICP341'),(8688,3,'ICP481'),(8877,1,'ICP386'),(8877,2,'ICP466'),(8889,1,'ICP110'),(8889,2,'ICP620'),(8941,1,'ICP103'),(8941,2,'ICP341'),(8941,2,'ICP395'),(8941,3,'ICP495'),(8952,1,'ICP103'),(8952,1,'ICP386'),(8952,2,'ICP341'),(8952,3,'ICP481'),(8959,1,'ICP103'),(8959,2,'ICP341'),(9050,1,'ICP006'),(9050,1,'ICP110'),(9050,1,'ICP311'),(9050,2,'ICP500'),(9076,1,'ICP004'),(9076,2,'ICP005'),(9076,3,'ICP331'),(9117,1,'ICP110'),(9117,2,'ICP469'),(9185,1,'ICP341'),(9185,2,'ICP395'),(9185,3,'ICP445'),(9249,1,'ICP006'),(9249,1,'ICP110'),(9249,1,'ICP311'),(9249,2,'ICP500'),(9249,2,'ICP720'),(9306,1,'ICP006'),(9306,1,'ICP110'),(9306,1,'ICP302'),(9306,2,'ICP500'),(9325,1,'ICP386'),(9422,1,'ICP110'),(9422,2,'ICP469'),(9451,1,'ICP006'),(9451,1,'ICP110'),(9451,1,'ICP311'),(9451,1,'ICP341'),(9451,2,'ICP395'),(9451,2,'ICP500'),(9451,2,'ICP720'),(9451,3,'ICP445'),(9451,3,'ICP740'),(9524,1,'ICP001'),(9524,1,'ICP006'),(9524,2,'ICP002'),(9524,2,'ICP110'),(9524,3,'ICP311'),(9524,4,'ICP500'),(9784,1,'ICP110'),(9784,2,'ICP469'),(9797,1,'ICP103'),(9797,2,'ICP341'),(9812,1,'ICP311'),(9812,1,'ICP313'),(9812,2,'ICP486'),(9814,1,'ICP006'),(9814,1,'ICP110'),(9814,1,'ICP311'),(9814,2,'ICP500'),(9868,1,'ICP006'),(9868,1,'ICP110'),(9868,1,'ICP311'),(9868,2,'ICP500'),(9968,1,'ICP103'),(9968,1,'ICP301'),(9968,1,'ICP386'),(9968,2,'ICP341'),(9968,3,'ICP481'),(9978,1,'ICP311'),(9978,1,'ICP313'),(9978,2,'ICP486'),(111174351,1,'ICP001'),(111174351,2,'ICP002'),(111174351,3,'ICP003'),(111174351,3,'ICP311'),(111174351,4,'ICP313'),(111174351,5,'ICP486'),(112793854,1,'ICP006'),(112793854,1,'ICP110'),(112793854,1,'ICP311'),(112793854,2,'ICP500'),(125202274,1,'ICP001'),(125202274,1,'ICP103'),(125202274,2,'ICP301'),(125202274,2,'ICP341'),(125202274,2,'ICP386'),(125202274,3,'ICP481'),(137852438,1,'ICP006'),(137852438,1,'ICP110'),(137852438,1,'ICP311'),(137852438,2,'ICP500'),(141922012,1,'ICP002'),(141922012,2,'ICP003'),(141922012,2,'ICP311'),(141922012,3,'ICP313'),(141922012,4,'ICP486'),(164821430,1,'ICP001'),(164821430,2,'ICP002'),(164821430,3,'ICP003'),(164821430,3,'ICP311'),(164821430,4,'ICP313'),(164821430,5,'ICP486'),(166203121,1,'ICP001'),(166203121,1,'ICP006'),(166203121,1,'ICP200'),(166203121,2,'ICP002'),(166203121,2,'ICP110'),(166203121,2,'ICP720'),(166203121,3,'ICP311'),(166203121,4,'ICP500'),(166203121,4,'ICP819'),(166203121,5,'ICP740'),(178957047,1,'ICP110'),(178957047,2,'ICP469'),(192081592,1,'ICP006'),(192081592,1,'ICP200'),(192081592,1,'ICP311'),(192081592,2,'ICP500'),(192081592,2,'ICP720'),(192081592,3,'ICP740'),(196046272,1,'ICP002'),(196046272,1,'ICP006'),(196046272,1,'ICP110'),(196046272,2,'ICP311'),(196046272,2,'ICP469'),(196046272,3,'ICP500'),(222936116,1,'ICP006'),(222936116,1,'ICP200'),(222936116,1,'ICP311'),(222936116,2,'ICP500'),(222936116,2,'ICP720'),(222936116,2,'ICP819'),(222936116,3,'ICP740'),(258370250,1,'ICP006'),(258370250,1,'ICP200'),(258370250,1,'ICP311'),(258370250,2,'ICP500'),(258370250,2,'ICP720'),(258370250,2,'ICP818'),(258370250,2,'ICP819'),(258370250,3,'ICP740'),(285611992,1,'ICP006'),(285611992,1,'ICP110'),(285611992,1,'ICP200'),(285611992,1,'ICP311'),(285611992,2,'ICP500'),(285611992,2,'ICP720'),(285611992,3,'ICP740'),(287034437,1,'ICP006'),(287034437,1,'ICP200'),(287034437,1,'ICP311'),(287034437,2,'ICP500'),(287034437,2,'ICP720'),(287034437,2,'ICP819'),(287034437,3,'ICP740'),(291687847,1,'ICP006'),(291687847,1,'ICP200'),(291687847,1,'ICP311'),(291687847,2,'ICP500'),(291687847,2,'ICP720'),(291687847,2,'ICP819'),(291687847,3,'ICP740'),(292870227,1,'ICP001'),(292870227,1,'ICP006'),(292870227,1,'ICP720'),(292870227,2,'ICP002'),(292870227,2,'ICP110'),(292870227,3,'ICP311'),(292870227,4,'ICP500'),(292870227,5,'ICP740'),(316379525,1,'ICP110'),(316379525,1,'ICP311'),(316379525,2,'ICP361'),(316379525,3,'ICP461'),(324432052,1,'ICP001'),(324432052,2,'ICP002'),(324432052,3,'ICP003'),(324432052,3,'ICP311'),(324432052,4,'ICP313'),(324432052,5,'ICP486'),(348444351,1,'ICP311'),(348444351,1,'ICP313'),(348444351,2,'ICP486'),(356640298,1,'ICP469'),(356640298,1,'ICP818'),(356640298,2,'ICP660'),(362849335,1,'ICP006'),(362849335,1,'ICP200'),(362849335,1,'ICP311'),(362849335,2,'ICP500'),(362849335,2,'ICP720'),(362849335,2,'ICP818'),(362849335,3,'ICP740'),(370058038,1,'ICP006'),(370058038,1,'ICP110'),(370058038,1,'ICP311'),(370058038,2,'ICP469'),(370058038,2,'ICP500'),(410309476,1,'ICP001'),(410309476,1,'ICP006'),(410309476,1,'ICP200'),(410309476,2,'ICP002'),(410309476,2,'ICP720'),(410309476,3,'ICP311'),(410309476,4,'ICP500'),(410309476,4,'ICP819'),(410309476,5,'ICP740'),(411681300,1,'ICP006'),(411681300,1,'ICP200'),(411681300,1,'ICP311'),(411681300,2,'ICP500'),(411681300,2,'ICP720'),(411681300,2,'ICP819'),(411681300,3,'ICP740'),(413889315,1,'ICP002'),(413889315,2,'ICP003'),(413889315,2,'ICP311'),(413889315,3,'ICP313'),(413889315,4,'ICP486'),(435075950,1,'ICP002'),(435075950,1,'ICP006'),(435075950,1,'ICP110'),(435075950,1,'ICP720'),(435075950,2,'ICP311'),(435075950,3,'ICP500'),(435075950,4,'ICP740'),(442506203,1,'ICP006'),(442506203,1,'ICP110'),(442506203,1,'ICP311'),(442506203,2,'ICP469'),(442506203,2,'ICP500'),(448741355,1,'ICP001'),(448741355,2,'ICP002'),(448741355,3,'ICP003'),(448741355,3,'ICP311'),(448741355,4,'ICP313'),(448741355,5,'ICP486'),(452470039,1,'ICP006'),(452470039,1,'ICP110'),(452470039,1,'ICP311'),(452470039,2,'ICP500'),(495404878,1,'ICP006'),(495404878,1,'ICP110'),(495404878,1,'ICP200'),(495404878,1,'ICP302'),(495404878,2,'ICP500'),(495404878,2,'ICP720'),(495404878,3,'ICP740'),(496776246,1,'ICP103'),(496776246,2,'ICP341'),(496776246,3,'ICP403'),(497270695,1,'ICP001'),(497270695,1,'ICP103'),(497270695,2,'ICP301'),(497270695,2,'ICP341'),(497270695,2,'ICP386'),(497270695,3,'ICP481'),(506023024,1,'ICP680'),(516484914,1,'ICP006'),(516484914,1,'ICP200'),(516484914,1,'ICP311'),(516484914,2,'ICP500'),(516484914,2,'ICP720'),(516484914,3,'ICP740'),(524497078,1,'ICP006'),(524497078,1,'ICP200'),(524497078,1,'ICP311'),(524497078,2,'ICP500'),(524497078,2,'ICP720'),(524497078,2,'ICP819'),(524497078,3,'ICP740'),(532135187,1,'ICP200'),(532135187,2,'ICP720'),(532135187,3,'ICP811'),(532135187,4,'ICP813'),(561361210,1,'ICP006'),(561361210,1,'ICP200'),(561361210,1,'ICP311'),(561361210,2,'ICP500'),(561361210,2,'ICP720'),(561361210,2,'ICP819'),(561361210,3,'ICP740'),(578460210,1,'ICP110'),(578460210,2,'ICP469'),(601145152,1,'ICP006'),(601145152,1,'ICP200'),(601145152,1,'ICP311'),(601145152,2,'ICP500'),(601145152,2,'ICP720'),(601145152,2,'ICP819'),(601145152,3,'ICP740'),(630767823,1,'ICP006'),(630767823,1,'ICP200'),(630767823,1,'ICP311'),(630767823,2,'ICP500'),(630767823,2,'ICP720'),(630767823,2,'ICP819'),(630767823,3,'ICP740'),(658685554,1,'ICP006'),(658685554,1,'ICP200'),(658685554,1,'ICP311'),(658685554,2,'ICP500'),(658685554,2,'ICP720'),(658685554,3,'ICP740'),(659691843,1,'ICP006'),(659691843,1,'ICP200'),(659691843,1,'ICP311'),(659691843,2,'ICP500'),(659691843,2,'ICP720'),(659691843,3,'ICP740'),(664758087,1,'ICP006'),(664758087,1,'ICP200'),(664758087,1,'ICP311'),(664758087,2,'ICP500'),(664758087,2,'ICP720'),(664758087,2,'ICP819'),(664758087,3,'ICP740'),(669457938,1,'ICP006'),(669457938,1,'ICP200'),(669457938,1,'ICP311'),(669457938,2,'ICP500'),(669457938,2,'ICP720'),(669457938,3,'ICP740'),(683869712,1,'ICP006'),(683869712,1,'ICP200'),(683869712,1,'ICP311'),(683869712,2,'ICP500'),(683869712,2,'ICP720'),(683869712,2,'ICP819'),(683869712,3,'ICP740'),(716407017,1,'ICP006'),(716407017,1,'ICP110'),(716407017,1,'ICP311'),(716407017,1,'ICP720'),(716407017,2,'ICP500'),(716407017,2,'ICP811'),(716407017,3,'ICP813'),(726508464,1,'ICP006'),(726508464,1,'ICP110'),(726508464,1,'ICP311'),(726508464,2,'ICP469'),(726508464,2,'ICP500'),(739074091,1,'ICP006'),(739074091,1,'ICP200'),(739074091,1,'ICP311'),(739074091,2,'ICP500'),(739074091,2,'ICP720'),(739074091,3,'ICP740'),(739546796,1,'ICP006'),(739546796,1,'ICP200'),(739546796,1,'ICP311'),(739546796,2,'ICP500'),(739546796,2,'ICP720'),(739546796,3,'ICP740'),(742695516,1,'ICP001'),(742695516,2,'ICP110'),(742695516,2,'ICP302'),(742695516,3,'ICP500'),(749479466,1,'ICP103'),(749479466,1,'ICP301'),(749479466,1,'ICP386'),(749479466,2,'ICP341'),(749479466,3,'ICP481'),(759784803,1,'ICP001'),(759784803,1,'ICP006'),(759784803,2,'ICP110'),(759784803,2,'ICP302'),(759784803,3,'ICP500'),(784019298,1,'ICP001'),(784019298,1,'ICP103'),(784019298,2,'ICP301'),(784019298,2,'ICP341'),(784019298,2,'ICP386'),(784019298,3,'ICP481'),(809869431,1,'ICP006'),(809869431,1,'ICP110'),(809869431,1,'ICP311'),(809869431,2,'ICP500'),(833064024,1,'ICP001'),(833064024,1,'ICP006'),(833064024,1,'ICP720'),(833064024,2,'ICP002'),(833064024,2,'ICP110'),(833064024,3,'ICP311'),(833064024,4,'ICP500'),(833064024,5,'ICP740'),(882961008,1,'ICP006'),(882961008,1,'ICP110'),(882961008,1,'ICP311'),(882961008,2,'ICP500'),(916025637,1,'ICP001'),(916025637,2,'ICP110'),(916025637,3,'ICP469'),(960676621,1,'ICP006'),(960676621,1,'ICP200'),(960676621,1,'ICP311'),(960676621,2,'ICP500'),(960676621,2,'ICP720'),(960676621,3,'ICP740'),(971245096,1,'ICP006'),(971245096,1,'ICP110'),(971245096,1,'ICP311'),(971245096,2,'ICP469'),(971245096,2,'ICP500');
/*!40000 ALTER TABLE `result` ENABLE KEYS */;
UNLOCK TABLES;

--
-- Table structure for table `rhs`
--

DROP TABLE IF EXISTS `rhs`;
/*!40101 SET @saved_cs_client     = @@character_set_client */;
/*!50503 SET character_set_client = utf8mb4 */;
CREATE TABLE `rhs` (
  `ruleid` int NOT NULL,
  `courseid` varchar(10) NOT NULL,
  PRIMARY KEY (`ruleid`,`courseid`)
) ENGINE=InnoDB DEFAULT CHARSET=latin1;
/*!40101 SET character_set_client = @saved_cs_client */;

--
-- Dumping data for table `rhs`
--

LOCK TABLES `rhs` WRITE;
/*!40000 ALTER TABLE `rhs` DISABLE KEYS */;
INSERT INTO `rhs` VALUES (1,'ICP110'),(2,'ICP311'),(3,'ICP500'),(4,'ICP311'),(5,'ICP500'),(6,'ICP500'),(7,'ICP311'),(8,'ICP500'),(9,'ICP500'),(10,'ICP500'),(11,'ICP500');
/*!40000 ALTER TABLE `rhs` ENABLE KEYS */;
UNLOCK TABLES;

--
-- Table structure for table `ruleinfo`
--

DROP TABLE IF EXISTS `ruleinfo`;
/*!40101 SET @saved_cs_client     = @@character_set_client */;
/*!50503 SET character_set_client = utf8mb4 */;
CREATE TABLE `ruleinfo` (
  `ruleid` int NOT NULL,
  `support` float DEFAULT NULL,
  `confidence` float DEFAULT NULL,
  `lift` float DEFAULT NULL,
  `count` int DEFAULT NULL,
  PRIMARY KEY (`ruleid`)
) ENGINE=InnoDB DEFAULT CHARSET=latin1;
/*!40101 SET character_set_client = @saved_cs_client */;

--
-- Dumping data for table `ruleinfo`
--

LOCK TABLES `ruleinfo` WRITE;
/*!40000 ALTER TABLE `ruleinfo` DISABLE KEYS */;
INSERT INTO `ruleinfo` VALUES (1,0.2,0.719101,1.53765,3),(2,0.2,0.910112,1.69382,3),(3,0.2,1,2.11579,3),(4,0.2,0.670213,1.24734,3),(5,0.2,0.744681,1.57559,3),(6,0.2,0.777778,1.64561,3),(7,0.2,0.875,1.62847,3),(8,0.2,1,2.11579,3),(9,0.2,1,2.11579,3),(10,0.2,0.936508,1.98145,3),(11,0.2,1,2.11579,3);
/*!40000 ALTER TABLE `ruleinfo` ENABLE KEYS */;
UNLOCK TABLES;

--
-- Table structure for table `webservicelist`
--

DROP TABLE IF EXISTS `webservicelist`;
/*!40101 SET @saved_cs_client     = @@character_set_client */;
/*!50503 SET character_set_client = utf8mb4 */;
CREATE TABLE `webservicelist` (
  `webServiceID` varchar(10) NOT NULL,
  `webServiceName` varchar(100) DEFAULT NULL,
  `reputation` float DEFAULT NULL,
  `price` float DEFAULT NULL,
  `duration` int DEFAULT NULL,
  `provider` varchar(50) DEFAULT NULL,
  `url` varchar(100) DEFAULT NULL,
  PRIMARY KEY (`webServiceID`)
) ENGINE=InnoDB DEFAULT CHARSET=latin1;
/*!40101 SET character_set_client = @saved_cs_client */;

--
-- Dumping data for table `webservicelist`
--

LOCK TABLES `webservicelist` WRITE;
/*!40000 ALTER TABLE `webservicelist` DISABLE KEYS */;
INSERT INTO `webservicelist` VALUES ('WSS1','WSS1Name',3,1,3,'serviceprovider','https://serviceprovider.com'),('WSS10','WSS10Name',3,1,3,'serviceprovider','https://serviceprovider.com'),('WSS100','WSS100Name',3,1,3,'serviceprovider','https://serviceprovider.com'),('WSS1000','WSS1000Name',3,1,3,'serviceprovider','https://serviceprovider.com'),('WSS101','WSS101Name',3,1,3,'serviceprovider','https://serviceprovider.com'),('WSS102','WSS102Name',3,1,3,'serviceprovider','https://serviceprovider.com'),('WSS103','WSS103Name',3,1,3,'serviceprovider','https://serviceprovider.com'),('WSS104','WSS104Name',3,1,3,'serviceprovider','https://serviceprovider.com'),('WSS105','WSS105Name',3,1,3,'serviceprovider','https://serviceprovider.com'),('WSS106','WSS106Name',3,1,3,'serviceprovider','https://serviceprovider.com'),('WSS107','WSS107Name',3,1,3,'serviceprovider','https://serviceprovider.com'),('WSS108','WSS108Name',3,1,3,'serviceprovider','https://serviceprovider.com'),('WSS109','WSS109Name',3,1,3,'serviceprovider','https://serviceprovider.com'),('WSS11','WSS11Name',3,1,3,'serviceprovider','https://serviceprovider.com'),('WSS110','WSS110Name',3,1,3,'serviceprovider','https://serviceprovider.com'),('WSS111','WSS111Name',3,1,3,'serviceprovider','https://serviceprovider.com'),('WSS112','WSS112Name',3,1,3,'serviceprovider','https://serviceprovider.com'),('WSS113','WSS113Name',3,1,3,'serviceprovider','https://serviceprovider.com'),('WSS114','WSS114Name',3,1,3,'serviceprovider','https://serviceprovider.com'),('WSS115','WSS115Name',3,1,3,'serviceprovider','https://serviceprovider.com'),('WSS116','WSS116Name',3,1,3,'serviceprovider','https://serviceprovider.com'),('WSS117','WSS117Name',3,1,3,'serviceprovider','https://serviceprovider.com'),('WSS118','WSS118Name',3,1,3,'serviceprovider','https://serviceprovider.com'),('WSS119','WSS119Name',3,1,3,'serviceprovider','https://serviceprovider.com'),('WSS12','WSS12Name',3,1,3,'serviceprovider','https://serviceprovider.com'),('WSS120','WSS120Name',3,1,3,'serviceprovider','https://serviceprovider.com'),('WSS121','WSS121Name',3,1,3,'serviceprovider','https://serviceprovider.com'),('WSS122','WSS122Name',3,1,3,'serviceprovider','https://serviceprovider.com'),('WSS123','WSS123Name',3,1,3,'serviceprovider','https://serviceprovider.com'),('WSS124','WSS124Name',3,1,3,'serviceprovider','https://serviceprovider.com'),('WSS125','WSS125Name',3,1,3,'serviceprovider','https://serviceprovider.com'),('WSS126','WSS126Name',3,1,3,'serviceprovider','https://serviceprovider.com'),('WSS127','WSS127Name',3,1,3,'serviceprovider','https://serviceprovider.com'),('WSS128','WSS128Name',3,1,3,'serviceprovider','https://serviceprovider.com'),('WSS129','WSS129Name',3,1,3,'serviceprovider','https://serviceprovider.com'),('WSS13','WSS13Name',3,1,3,'serviceprovider','https://serviceprovider.com'),('WSS130','WSS130Name',3,1,3,'serviceprovider','https://serviceprovider.com'),('WSS131','WSS131Name',3,1,3,'serviceprovider','https://serviceprovider.com'),('WSS132','WSS132Name',3,1,3,'serviceprovider','https://serviceprovider.com'),('WSS133','WSS133Name',3,1,3,'serviceprovider','https://serviceprovider.com'),('WSS134','WSS134Name',3,1,3,'serviceprovider','https://serviceprovider.com'),('WSS135','WSS135Name',3,1,3,'serviceprovider','https://serviceprovider.com'),('WSS136','WSS136Name',3,1,3,'serviceprovider','https://serviceprovider.com'),('WSS137','WSS137Name',3,1,3,'serviceprovider','https://serviceprovider.com'),('WSS138','WSS138Name',3,1,3,'serviceprovider','https://serviceprovider.com'),('WSS139','WSS139Name',3,1,3,'serviceprovider','https://serviceprovider.com'),('WSS14','WSS14Name',3,1,3,'serviceprovider','https://serviceprovider.com'),('WSS140','WSS140Name',3,1,3,'serviceprovider','https://serviceprovider.com'),('WSS141','WSS141Name',3,1,3,'serviceprovider','https://serviceprovider.com'),('WSS142','WSS142Name',3,1,3,'serviceprovider','https://serviceprovider.com'),('WSS143','WSS143Name',3,1,3,'serviceprovider','https://serviceprovider.com'),('WSS144','WSS144Name',3,1,3,'serviceprovider','https://serviceprovider.com'),('WSS145','WSS145Name',3,1,3,'serviceprovider','https://serviceprovider.com'),('WSS146','WSS146Name',3,1,3,'serviceprovider','https://serviceprovider.com'),('WSS147','WSS147Name',3,1,3,'serviceprovider','https://serviceprovider.com'),('WSS148','WSS148Name',3,1,3,'serviceprovider','https://serviceprovider.com'),('WSS149','WSS149Name',3,1,3,'serviceprovider','https://serviceprovider.com'),('WSS15','WSS15Name',3,1,3,'serviceprovider','https://serviceprovider.com'),('WSS150','WSS150Name',3,1,3,'serviceprovider','https://serviceprovider.com'),('WSS151','WSS151Name',3,1,3,'serviceprovider','https://serviceprovider.com'),('WSS152','WSS152Name',3,1,3,'serviceprovider','https://serviceprovider.com'),('WSS153','WSS153Name',3,1,3,'serviceprovider','https://serviceprovider.com'),('WSS154','WSS154Name',3,1,3,'serviceprovider','https://serviceprovider.com'),('WSS155','WSS155Name',3,1,3,'serviceprovider','https://serviceprovider.com'),('WSS156','WSS156Name',3,1,3,'serviceprovider','https://serviceprovider.com'),('WSS157','WSS157Name',3,1,3,'serviceprovider','https://serviceprovider.com'),('WSS158','WSS158Name',3,1,3,'serviceprovider','https://serviceprovider.com'),('WSS159','WSS159Name',3,1,3,'serviceprovider','https://serviceprovider.com'),('WSS16','WSS16Name',3,1,3,'serviceprovider','https://serviceprovider.com'),('WSS160','WSS160Name',3,1,3,'serviceprovider','https://serviceprovider.com'),('WSS161','WSS161Name',3,1,3,'serviceprovider','https://serviceprovider.com'),('WSS162','WSS162Name',3,1,3,'serviceprovider','https://serviceprovider.com'),('WSS163','WSS163Name',3,1,3,'serviceprovider','https://serviceprovider.com'),('WSS164','WSS164Name',3,1,3,'serviceprovider','https://serviceprovider.com'),('WSS165','WSS165Name',3,1,3,'serviceprovider','https://serviceprovider.com'),('WSS166','WSS166Name',3,1,3,'serviceprovider','https://serviceprovider.com'),('WSS167','WSS167Name',3,1,3,'serviceprovider','https://serviceprovider.com'),('WSS168','WSS168Name',3,1,3,'serviceprovider','https://serviceprovider.com'),('WSS169','WSS169Name',3,1,3,'serviceprovider','https://serviceprovider.com'),('WSS17','WSS17Name',3,1,3,'serviceprovider','https://serviceprovider.com'),('WSS170','WSS170Name',3,1,3,'serviceprovider','https://serviceprovider.com'),('WSS171','WSS171Name',3,1,3,'serviceprovider','https://serviceprovider.com'),('WSS172','WSS172Name',3,1,3,'serviceprovider','https://serviceprovider.com'),('WSS173','WSS173Name',3,1,3,'serviceprovider','https://serviceprovider.com'),('WSS174','WSS174Name',3,1,3,'serviceprovider','https://serviceprovider.com'),('WSS175','WSS175Name',3,1,3,'serviceprovider','https://serviceprovider.com'),('WSS176','WSS176Name',3,1,3,'serviceprovider','https://serviceprovider.com'),('WSS177','WSS177Name',3,1,3,'serviceprovider','https://serviceprovider.com'),('WSS178','WSS178Name',3,1,3,'serviceprovider','https://serviceprovider.com'),('WSS179','WSS179Name',3,1,3,'serviceprovider','https://serviceprovider.com'),('WSS18','WSS18Name',3,1,3,'serviceprovider','https://serviceprovider.com'),('WSS180','WSS180Name',3,1,3,'serviceprovider','https://serviceprovider.com'),('WSS181','WSS181Name',3,1,3,'serviceprovider','https://serviceprovider.com'),('WSS182','WSS182Name',3,1,3,'serviceprovider','https://serviceprovider.com'),('WSS183','WSS183Name',3,1,3,'serviceprovider','https://serviceprovider.com'),('WSS184','WSS184Name',3,1,3,'serviceprovider','https://serviceprovider.com'),('WSS185','WSS185Name',3,1,3,'serviceprovider','https://serviceprovider.com'),('WSS186','WSS186Name',3,1,3,'serviceprovider','https://serviceprovider.com'),('WSS187','WSS187Name',3,1,3,'serviceprovider','https://serviceprovider.com'),('WSS188','WSS188Name',3,1,3,'serviceprovider','https://serviceprovider.com'),('WSS189','WSS189Name',3,1,3,'serviceprovider','https://serviceprovider.com'),('WSS19','WSS19Name',3,1,3,'serviceprovider','https://serviceprovider.com'),('WSS190','WSS190Name',3,1,3,'serviceprovider','https://serviceprovider.com'),('WSS191','WSS191Name',3,1,3,'serviceprovider','https://serviceprovider.com'),('WSS192','WSS192Name',3,1,3,'serviceprovider','https://serviceprovider.com'),('WSS193','WSS193Name',3,1,3,'serviceprovider','https://serviceprovider.com'),('WSS194','WSS194Name',3,1,3,'serviceprovider','https://serviceprovider.com'),('WSS195','WSS195Name',3,1,3,'serviceprovider','https://serviceprovider.com'),('WSS196','WSS196Name',3,1,3,'serviceprovider','https://serviceprovider.com'),('WSS197','WSS197Name',3,1,3,'serviceprovider','https://serviceprovider.com'),('WSS198','WSS198Name',3,1,3,'serviceprovider','https://serviceprovider.com'),('WSS199','WSS199Name',3,1,3,'serviceprovider','https://serviceprovider.com'),('WSS2','WSS2Name',3,1,3,'serviceprovider','https://serviceprovider.com'),('WSS20','WSS20Name',3,1,3,'serviceprovider','https://serviceprovider.com'),('WSS200','WSS200Name',3,1,3,'serviceprovider','https://serviceprovider.com'),('WSS201','WSS201Name',3,1,3,'serviceprovider','https://serviceprovider.com'),('WSS202','WSS202Name',3,1,3,'serviceprovider','https://serviceprovider.com'),('WSS203','WSS203Name',3,1,3,'serviceprovider','https://serviceprovider.com'),('WSS204','WSS204Name',3,1,3,'serviceprovider','https://serviceprovider.com'),('WSS205','WSS205Name',3,1,3,'serviceprovider','https://serviceprovider.com'),('WSS206','WSS206Name',3,1,3,'serviceprovider','https://serviceprovider.com'),('WSS207','WSS207Name',3,1,3,'serviceprovider','https://serviceprovider.com'),('WSS208','WSS208Name',3,1,3,'serviceprovider','https://serviceprovider.com'),('WSS209','WSS209Name',3,1,3,'serviceprovider','https://serviceprovider.com'),('WSS21','WSS21Name',3,1,3,'serviceprovider','https://serviceprovider.com'),('WSS210','WSS210Name',3,1,3,'serviceprovider','https://serviceprovider.com'),('WSS211','WSS211Name',3,1,3,'serviceprovider','https://serviceprovider.com'),('WSS212','WSS212Name',3,1,3,'serviceprovider','https://serviceprovider.com'),('WSS213','WSS213Name',3,1,3,'serviceprovider','https://serviceprovider.com'),('WSS214','WSS214Name',3,1,3,'serviceprovider','https://serviceprovider.com'),('WSS215','WSS215Name',3,1,3,'serviceprovider','https://serviceprovider.com'),('WSS216','WSS216Name',3,1,3,'serviceprovider','https://serviceprovider.com'),('WSS217','WSS217Name',3,1,3,'serviceprovider','https://serviceprovider.com'),('WSS218','WSS218Name',3,1,3,'serviceprovider','https://serviceprovider.com'),('WSS219','WSS219Name',3,1,3,'serviceprovider','https://serviceprovider.com'),('WSS22','WSS22Name',3,1,3,'serviceprovider','https://serviceprovider.com'),('WSS220','WSS220Name',3,1,3,'serviceprovider','https://serviceprovider.com'),('WSS221','WSS221Name',3,1,3,'serviceprovider','https://serviceprovider.com'),('WSS222','WSS222Name',3,1,3,'serviceprovider','https://serviceprovider.com'),('WSS223','WSS223Name',3,1,3,'serviceprovider','https://serviceprovider.com'),('WSS224','WSS224Name',3,1,3,'serviceprovider','https://serviceprovider.com'),('WSS225','WSS225Name',3,1,3,'serviceprovider','https://serviceprovider.com'),('WSS226','WSS226Name',3,1,3,'serviceprovider','https://serviceprovider.com'),('WSS227','WSS227Name',3,1,3,'serviceprovider','https://serviceprovider.com'),('WSS228','WSS228Name',3,1,3,'serviceprovider','https://serviceprovider.com'),('WSS229','WSS229Name',3,1,3,'serviceprovider','https://serviceprovider.com'),('WSS23','WSS23Name',3,1,3,'serviceprovider','https://serviceprovider.com'),('WSS230','WSS230Name',3,1,3,'serviceprovider','https://serviceprovider.com'),('WSS231','WSS231Name',3,1,3,'serviceprovider','https://serviceprovider.com'),('WSS232','WSS232Name',3,1,3,'serviceprovider','https://serviceprovider.com'),('WSS233','WSS233Name',3,1,3,'serviceprovider','https://serviceprovider.com'),('WSS234','WSS234Name',3,1,3,'serviceprovider','https://serviceprovider.com'),('WSS235','WSS235Name',3,1,3,'serviceprovider','https://serviceprovider.com'),('WSS236','WSS236Name',3,1,3,'serviceprovider','https://serviceprovider.com'),('WSS237','WSS237Name',3,1,3,'serviceprovider','https://serviceprovider.com'),('WSS238','WSS238Name',3,1,3,'serviceprovider','https://serviceprovider.com'),('WSS239','WSS239Name',3,1,3,'serviceprovider','https://serviceprovider.com'),('WSS24','WSS24Name',3,1,3,'serviceprovider','https://serviceprovider.com'),('WSS240','WSS240Name',3,1,3,'serviceprovider','https://serviceprovider.com'),('WSS241','WSS241Name',3,1,3,'serviceprovider','https://serviceprovider.com'),('WSS242','WSS242Name',3,1,3,'serviceprovider','https://serviceprovider.com'),('WSS243','WSS243Name',3,1,3,'serviceprovider','https://serviceprovider.com'),('WSS244','WSS244Name',3,1,3,'serviceprovider','https://serviceprovider.com'),('WSS245','WSS245Name',3,1,3,'serviceprovider','https://serviceprovider.com'),('WSS246','WSS246Name',3,1,3,'serviceprovider','https://serviceprovider.com'),('WSS247','WSS247Name',3,1,3,'serviceprovider','https://serviceprovider.com'),('WSS248','WSS248Name',3,1,3,'serviceprovider','https://serviceprovider.com'),('WSS249','WSS249Name',3,1,3,'serviceprovider','https://serviceprovider.com'),('WSS25','WSS25Name',3,1,3,'serviceprovider','https://serviceprovider.com'),('WSS250','WSS250Name',3,1,3,'serviceprovider','https://serviceprovider.com'),('WSS251','WSS251Name',3,1,3,'serviceprovider','https://serviceprovider.com'),('WSS252','WSS252Name',3,1,3,'serviceprovider','https://serviceprovider.com'),('WSS253','WSS253Name',3,1,3,'serviceprovider','https://serviceprovider.com'),('WSS254','WSS254Name',3,1,3,'serviceprovider','https://serviceprovider.com'),('WSS255','WSS255Name',3,1,3,'serviceprovider','https://serviceprovider.com'),('WSS256','WSS256Name',3,1,3,'serviceprovider','https://serviceprovider.com'),('WSS257','WSS257Name',3,1,3,'serviceprovider','https://serviceprovider.com'),('WSS258','WSS258Name',3,1,3,'serviceprovider','https://serviceprovider.com'),('WSS259','WSS259Name',3,1,3,'serviceprovider','https://serviceprovider.com'),('WSS26','WSS26Name',3,1,3,'serviceprovider','https://serviceprovider.com'),('WSS260','WSS260Name',3,1,3,'serviceprovider','https://serviceprovider.com'),('WSS261','WSS261Name',3,1,3,'serviceprovider','https://serviceprovider.com'),('WSS262','WSS262Name',3,1,3,'serviceprovider','https://serviceprovider.com'),('WSS263','WSS263Name',3,1,3,'serviceprovider','https://serviceprovider.com'),('WSS264','WSS264Name',3,1,3,'serviceprovider','https://serviceprovider.com'),('WSS265','WSS265Name',3,1,3,'serviceprovider','https://serviceprovider.com'),('WSS266','WSS266Name',3,1,3,'serviceprovider','https://serviceprovider.com'),('WSS267','WSS267Name',3,1,3,'serviceprovider','https://serviceprovider.com'),('WSS268','WSS268Name',3,1,3,'serviceprovider','https://serviceprovider.com'),('WSS269','WSS269Name',3,1,3,'serviceprovider','https://serviceprovider.com'),('WSS27','WSS27Name',3,1,3,'serviceprovider','https://serviceprovider.com'),('WSS270','WSS270Name',3,1,3,'serviceprovider','https://serviceprovider.com'),('WSS271','WSS271Name',3,1,3,'serviceprovider','https://serviceprovider.com'),('WSS272','WSS272Name',3,1,3,'serviceprovider','https://serviceprovider.com'),('WSS273','WSS273Name',3,1,3,'serviceprovider','https://serviceprovider.com'),('WSS274','WSS274Name',3,1,3,'serviceprovider','https://serviceprovider.com'),('WSS275','WSS275Name',3,1,3,'serviceprovider','https://serviceprovider.com'),('WSS276','WSS276Name',3,1,3,'serviceprovider','https://serviceprovider.com'),('WSS277','WSS277Name',3,1,3,'serviceprovider','https://serviceprovider.com'),('WSS278','WSS278Name',3,1,3,'serviceprovider','https://serviceprovider.com'),('WSS279','WSS279Name',3,1,3,'serviceprovider','https://serviceprovider.com'),('WSS28','WSS28Name',3,1,3,'serviceprovider','https://serviceprovider.com'),('WSS280','WSS280Name',3,1,3,'serviceprovider','https://serviceprovider.com'),('WSS281','WSS281Name',3,1,3,'serviceprovider','https://serviceprovider.com'),('WSS282','WSS282Name',3,1,3,'serviceprovider','https://serviceprovider.com'),('WSS283','WSS283Name',3,1,3,'serviceprovider','https://serviceprovider.com'),('WSS284','WSS284Name',3,1,3,'serviceprovider','https://serviceprovider.com'),('WSS285','WSS285Name',3,1,3,'serviceprovider','https://serviceprovider.com'),('WSS286','WSS286Name',3,1,3,'serviceprovider','https://serviceprovider.com'),('WSS287','WSS287Name',3,1,3,'serviceprovider','https://serviceprovider.com'),('WSS288','WSS288Name',3,1,3,'serviceprovider','https://serviceprovider.com'),('WSS289','WSS289Name',3,1,3,'serviceprovider','https://serviceprovider.com'),('WSS29','WSS29Name',3,1,3,'serviceprovider','https://serviceprovider.com'),('WSS290','WSS290Name',3,1,3,'serviceprovider','https://serviceprovider.com'),('WSS291','WSS291Name',3,1,3,'serviceprovider','https://serviceprovider.com'),('WSS292','WSS292Name',3,1,3,'serviceprovider','https://serviceprovider.com'),('WSS293','WSS293Name',3,1,3,'serviceprovider','https://serviceprovider.com'),('WSS294','WSS294Name',3,1,3,'serviceprovider','https://serviceprovider.com'),('WSS295','WSS295Name',3,1,3,'serviceprovider','https://serviceprovider.com'),('WSS296','WSS296Name',3,1,3,'serviceprovider','https://serviceprovider.com'),('WSS297','WSS297Name',3,1,3,'serviceprovider','https://serviceprovider.com'),('WSS298','WSS298Name',3,1,3,'serviceprovider','https://serviceprovider.com'),('WSS299','WSS299Name',3,1,3,'serviceprovider','https://serviceprovider.com'),('WSS3','WSS3Name',3,1,3,'serviceprovider','https://serviceprovider.com'),('WSS30','WSS30Name',3,1,3,'serviceprovider','https://serviceprovider.com'),('WSS300','WSS300Name',3,1,3,'serviceprovider','https://serviceprovider.com'),('WSS301','WSS301Name',3,1,3,'serviceprovider','https://serviceprovider.com'),('WSS302','WSS302Name',3,1,3,'serviceprovider','https://serviceprovider.com'),('WSS303','WSS303Name',3,1,3,'serviceprovider','https://serviceprovider.com'),('WSS304','WSS304Name',3,1,3,'serviceprovider','https://serviceprovider.com'),('WSS305','WSS305Name',3,1,3,'serviceprovider','https://serviceprovider.com'),('WSS306','WSS306Name',3,1,3,'serviceprovider','https://serviceprovider.com'),('WSS307','WSS307Name',3,1,3,'serviceprovider','https://serviceprovider.com'),('WSS308','WSS308Name',3,1,3,'serviceprovider','https://serviceprovider.com'),('WSS309','WSS309Name',3,1,3,'serviceprovider','https://serviceprovider.com'),('WSS31','WSS31Name',3,1,3,'serviceprovider','https://serviceprovider.com'),('WSS310','WSS310Name',3,1,3,'serviceprovider','https://serviceprovider.com'),('WSS311','WSS311Name',3,1,3,'serviceprovider','https://serviceprovider.com'),('WSS312','WSS312Name',3,1,3,'serviceprovider','https://serviceprovider.com'),('WSS313','WSS313Name',3,1,3,'serviceprovider','https://serviceprovider.com'),('WSS314','WSS314Name',3,1,3,'serviceprovider','https://serviceprovider.com'),('WSS315','WSS315Name',3,1,3,'serviceprovider','https://serviceprovider.com'),('WSS316','WSS316Name',3,1,3,'serviceprovider','https://serviceprovider.com'),('WSS317','WSS317Name',3,1,3,'serviceprovider','https://serviceprovider.com'),('WSS318','WSS318Name',3,1,3,'serviceprovider','https://serviceprovider.com'),('WSS319','WSS319Name',3,1,3,'serviceprovider','https://serviceprovider.com'),('WSS32','WSS32Name',3,1,3,'serviceprovider','https://serviceprovider.com'),('WSS320','WSS320Name',3,1,3,'serviceprovider','https://serviceprovider.com'),('WSS321','WSS321Name',3,1,3,'serviceprovider','https://serviceprovider.com'),('WSS322','WSS322Name',3,1,3,'serviceprovider','https://serviceprovider.com'),('WSS323','WSS323Name',3,1,3,'serviceprovider','https://serviceprovider.com'),('WSS324','WSS324Name',3,1,3,'serviceprovider','https://serviceprovider.com'),('WSS325','WSS325Name',3,1,3,'serviceprovider','https://serviceprovider.com'),('WSS326','WSS326Name',3,1,3,'serviceprovider','https://serviceprovider.com'),('WSS327','WSS327Name',3,1,3,'serviceprovider','https://serviceprovider.com'),('WSS328','WSS328Name',3,1,3,'serviceprovider','https://serviceprovider.com'),('WSS329','WSS329Name',3,1,3,'serviceprovider','https://serviceprovider.com'),('WSS33','WSS33Name',3,1,3,'serviceprovider','https://serviceprovider.com'),('WSS330','WSS330Name',3,1,3,'serviceprovider','https://serviceprovider.com'),('WSS331','WSS331Name',3,1,3,'serviceprovider','https://serviceprovider.com'),('WSS332','WSS332Name',3,1,3,'serviceprovider','https://serviceprovider.com'),('WSS333','WSS333Name',3,1,3,'serviceprovider','https://serviceprovider.com'),('WSS334','WSS334Name',3,1,3,'serviceprovider','https://serviceprovider.com'),('WSS335','WSS335Name',3,1,3,'serviceprovider','https://serviceprovider.com'),('WSS336','WSS336Name',3,1,3,'serviceprovider','https://serviceprovider.com'),('WSS337','WSS337Name',3,1,3,'serviceprovider','https://serviceprovider.com'),('WSS338','WSS338Name',3,1,3,'serviceprovider','https://serviceprovider.com'),('WSS339','WSS339Name',3,1,3,'serviceprovider','https://serviceprovider.com'),('WSS34','WSS34Name',3,1,3,'serviceprovider','https://serviceprovider.com'),('WSS340','WSS340Name',3,1,3,'serviceprovider','https://serviceprovider.com'),('WSS341','WSS341Name',3,1,3,'serviceprovider','https://serviceprovider.com'),('WSS342','WSS342Name',3,1,3,'serviceprovider','https://serviceprovider.com'),('WSS343','WSS343Name',3,1,3,'serviceprovider','https://serviceprovider.com'),('WSS344','WSS344Name',3,1,3,'serviceprovider','https://serviceprovider.com'),('WSS345','WSS345Name',3,1,3,'serviceprovider','https://serviceprovider.com'),('WSS346','WSS346Name',3,1,3,'serviceprovider','https://serviceprovider.com'),('WSS347','WSS347Name',3,1,3,'serviceprovider','https://serviceprovider.com'),('WSS348','WSS348Name',3,1,3,'serviceprovider','https://serviceprovider.com'),('WSS349','WSS349Name',3,1,3,'serviceprovider','https://serviceprovider.com'),('WSS35','WSS35Name',3,1,3,'serviceprovider','https://serviceprovider.com'),('WSS350','WSS350Name',3,1,3,'serviceprovider','https://serviceprovider.com'),('WSS351','WSS351Name',3,1,3,'serviceprovider','https://serviceprovider.com'),('WSS352','WSS352Name',3,1,3,'serviceprovider','https://serviceprovider.com'),('WSS353','WSS353Name',3,1,3,'serviceprovider','https://serviceprovider.com'),('WSS354','WSS354Name',3,1,3,'serviceprovider','https://serviceprovider.com'),('WSS355','WSS355Name',3,1,3,'serviceprovider','https://serviceprovider.com'),('WSS356','WSS356Name',3,1,3,'serviceprovider','https://serviceprovider.com'),('WSS357','WSS357Name',3,1,3,'serviceprovider','https://serviceprovider.com'),('WSS358','WSS358Name',3,1,3,'serviceprovider','https://serviceprovider.com'),('WSS359','WSS359Name',3,1,3,'serviceprovider','https://serviceprovider.com'),('WSS36','WSS36Name',3,1,3,'serviceprovider','https://serviceprovider.com'),('WSS360','WSS360Name',3,1,3,'serviceprovider','https://serviceprovider.com'),('WSS361','WSS361Name',3,1,3,'serviceprovider','https://serviceprovider.com'),('WSS362','WSS362Name',3,1,3,'serviceprovider','https://serviceprovider.com'),('WSS363','WSS363Name',3,1,3,'serviceprovider','https://serviceprovider.com'),('WSS364','WSS364Name',3,1,3,'serviceprovider','https://serviceprovider.com'),('WSS365','WSS365Name',3,1,3,'serviceprovider','https://serviceprovider.com'),('WSS366','WSS366Name',3,1,3,'serviceprovider','https://serviceprovider.com'),('WSS367','WSS367Name',3,1,3,'serviceprovider','https://serviceprovider.com'),('WSS368','WSS368Name',3,1,3,'serviceprovider','https://serviceprovider.com'),('WSS369','WSS369Name',3,1,3,'serviceprovider','https://serviceprovider.com'),('WSS37','WSS37Name',3,1,3,'serviceprovider','https://serviceprovider.com'),('WSS370','WSS370Name',3,1,3,'serviceprovider','https://serviceprovider.com'),('WSS371','WSS371Name',3,1,3,'serviceprovider','https://serviceprovider.com'),('WSS372','WSS372Name',3,1,3,'serviceprovider','https://serviceprovider.com'),('WSS373','WSS373Name',3,1,3,'serviceprovider','https://serviceprovider.com'),('WSS374','WSS374Name',3,1,3,'serviceprovider','https://serviceprovider.com'),('WSS375','WSS375Name',3,1,3,'serviceprovider','https://serviceprovider.com'),('WSS376','WSS376Name',3,1,3,'serviceprovider','https://serviceprovider.com'),('WSS377','WSS377Name',3,1,3,'serviceprovider','https://serviceprovider.com'),('WSS378','WSS378Name',3,1,3,'serviceprovider','https://serviceprovider.com'),('WSS379','WSS379Name',3,1,3,'serviceprovider','https://serviceprovider.com'),('WSS38','WSS38Name',3,1,3,'serviceprovider','https://serviceprovider.com'),('WSS380','WSS380Name',3,1,3,'serviceprovider','https://serviceprovider.com'),('WSS381','WSS381Name',3,1,3,'serviceprovider','https://serviceprovider.com'),('WSS382','WSS382Name',3,1,3,'serviceprovider','https://serviceprovider.com'),('WSS383','WSS383Name',3,1,3,'serviceprovider','https://serviceprovider.com'),('WSS384','WSS384Name',3,1,3,'serviceprovider','https://serviceprovider.com'),('WSS385','WSS385Name',3,1,3,'serviceprovider','https://serviceprovider.com'),('WSS386','WSS386Name',3,1,3,'serviceprovider','https://serviceprovider.com'),('WSS387','WSS387Name',3,1,3,'serviceprovider','https://serviceprovider.com'),('WSS388','WSS388Name',3,1,3,'serviceprovider','https://serviceprovider.com'),('WSS389','WSS389Name',3,1,3,'serviceprovider','https://serviceprovider.com'),('WSS39','WSS39Name',3,1,3,'serviceprovider','https://serviceprovider.com'),('WSS390','WSS390Name',3,1,3,'serviceprovider','https://serviceprovider.com'),('WSS391','WSS391Name',3,1,3,'serviceprovider','https://serviceprovider.com'),('WSS392','WSS392Name',3,1,3,'serviceprovider','https://serviceprovider.com'),('WSS393','WSS393Name',3,1,3,'serviceprovider','https://serviceprovider.com'),('WSS394','WSS394Name',3,1,3,'serviceprovider','https://serviceprovider.com'),('WSS395','WSS395Name',3,1,3,'serviceprovider','https://serviceprovider.com'),('WSS396','WSS396Name',3,1,3,'serviceprovider','https://serviceprovider.com'),('WSS397','WSS397Name',3,1,3,'serviceprovider','https://serviceprovider.com'),('WSS398','WSS398Name',3,1,3,'serviceprovider','https://serviceprovider.com'),('WSS399','WSS399Name',3,1,3,'serviceprovider','https://serviceprovider.com'),('WSS4','WSS4Name',3,1,3,'serviceprovider','https://serviceprovider.com'),('WSS40','WSS40Name',3,1,3,'serviceprovider','https://serviceprovider.com'),('WSS400','WSS400Name',3,1,3,'serviceprovider','https://serviceprovider.com'),('WSS401','WSS401Name',3,1,3,'serviceprovider','https://serviceprovider.com'),('WSS402','WSS402Name',3,1,3,'serviceprovider','https://serviceprovider.com'),('WSS403','WSS403Name',3,1,3,'serviceprovider','https://serviceprovider.com'),('WSS404','WSS404Name',3,1,3,'serviceprovider','https://serviceprovider.com'),('WSS405','WSS405Name',3,1,3,'serviceprovider','https://serviceprovider.com'),('WSS406','WSS406Name',3,1,3,'serviceprovider','https://serviceprovider.com'),('WSS407','WSS407Name',3,1,3,'serviceprovider','https://serviceprovider.com'),('WSS408','WSS408Name',3,1,3,'serviceprovider','https://serviceprovider.com'),('WSS409','WSS409Name',3,1,3,'serviceprovider','https://serviceprovider.com'),('WSS41','WSS41Name',3,1,3,'serviceprovider','https://serviceprovider.com'),('WSS410','WSS410Name',3,1,3,'serviceprovider','https://serviceprovider.com'),('WSS411','WSS411Name',3,1,3,'serviceprovider','https://serviceprovider.com'),('WSS412','WSS412Name',3,1,3,'serviceprovider','https://serviceprovider.com'),('WSS413','WSS413Name',3,1,3,'serviceprovider','https://serviceprovider.com'),('WSS414','WSS414Name',3,1,3,'serviceprovider','https://serviceprovider.com'),('WSS415','WSS415Name',3,1,3,'serviceprovider','https://serviceprovider.com'),('WSS416','WSS416Name',3,1,3,'serviceprovider','https://serviceprovider.com'),('WSS417','WSS417Name',3,1,3,'serviceprovider','https://serviceprovider.com'),('WSS418','WSS418Name',3,1,3,'serviceprovider','https://serviceprovider.com'),('WSS419','WSS419Name',3,1,3,'serviceprovider','https://serviceprovider.com'),('WSS42','WSS42Name',3,1,3,'serviceprovider','https://serviceprovider.com'),('WSS420','WSS420Name',3,1,3,'serviceprovider','https://serviceprovider.com'),('WSS421','WSS421Name',3,1,3,'serviceprovider','https://serviceprovider.com'),('WSS422','WSS422Name',3,1,3,'serviceprovider','https://serviceprovider.com'),('WSS423','WSS423Name',3,1,3,'serviceprovider','https://serviceprovider.com'),('WSS424','WSS424Name',3,1,3,'serviceprovider','https://serviceprovider.com'),('WSS425','WSS425Name',3,1,3,'serviceprovider','https://serviceprovider.com'),('WSS426','WSS426Name',3,1,3,'serviceprovider','https://serviceprovider.com'),('WSS427','WSS427Name',3,1,3,'serviceprovider','https://serviceprovider.com'),('WSS428','WSS428Name',3,1,3,'serviceprovider','https://serviceprovider.com'),('WSS429','WSS429Name',3,1,3,'serviceprovider','https://serviceprovider.com'),('WSS43','WSS43Name',3,1,3,'serviceprovider','https://serviceprovider.com'),('WSS430','WSS430Name',3,1,3,'serviceprovider','https://serviceprovider.com'),('WSS431','WSS431Name',3,1,3,'serviceprovider','https://serviceprovider.com'),('WSS432','WSS432Name',3,1,3,'serviceprovider','https://serviceprovider.com'),('WSS433','WSS433Name',3,1,3,'serviceprovider','https://serviceprovider.com'),('WSS434','WSS434Name',3,1,3,'serviceprovider','https://serviceprovider.com'),('WSS435','WSS435Name',3,1,3,'serviceprovider','https://serviceprovider.com'),('WSS436','WSS436Name',3,1,3,'serviceprovider','https://serviceprovider.com'),('WSS437','WSS437Name',3,1,3,'serviceprovider','https://serviceprovider.com'),('WSS438','WSS438Name',3,1,3,'serviceprovider','https://serviceprovider.com'),('WSS439','WSS439Name',3,1,3,'serviceprovider','https://serviceprovider.com'),('WSS44','WSS44Name',3,1,3,'serviceprovider','https://serviceprovider.com'),('WSS440','WSS440Name',3,1,3,'serviceprovider','https://serviceprovider.com'),('WSS441','WSS441Name',3,1,3,'serviceprovider','https://serviceprovider.com'),('WSS442','WSS442Name',3,1,3,'serviceprovider','https://serviceprovider.com'),('WSS443','WSS443Name',3,1,3,'serviceprovider','https://serviceprovider.com'),('WSS444','WSS444Name',3,1,3,'serviceprovider','https://serviceprovider.com'),('WSS445','WSS445Name',3,1,3,'serviceprovider','https://serviceprovider.com'),('WSS446','WSS446Name',3,1,3,'serviceprovider','https://serviceprovider.com'),('WSS447','WSS447Name',3,1,3,'serviceprovider','https://serviceprovider.com'),('WSS448','WSS448Name',3,1,3,'serviceprovider','https://serviceprovider.com'),('WSS449','WSS449Name',3,1,3,'serviceprovider','https://serviceprovider.com'),('WSS45','WSS45Name',3,1,3,'serviceprovider','https://serviceprovider.com'),('WSS450','WSS450Name',3,1,3,'serviceprovider','https://serviceprovider.com'),('WSS451','WSS451Name',3,1,3,'serviceprovider','https://serviceprovider.com'),('WSS452','WSS452Name',3,1,3,'serviceprovider','https://serviceprovider.com'),('WSS453','WSS453Name',3,1,3,'serviceprovider','https://serviceprovider.com'),('WSS454','WSS454Name',3,1,3,'serviceprovider','https://serviceprovider.com'),('WSS455','WSS455Name',3,1,3,'serviceprovider','https://serviceprovider.com'),('WSS456','WSS456Name',3,1,3,'serviceprovider','https://serviceprovider.com'),('WSS457','WSS457Name',3,1,3,'serviceprovider','https://serviceprovider.com'),('WSS458','WSS458Name',3,1,3,'serviceprovider','https://serviceprovider.com'),('WSS459','WSS459Name',3,1,3,'serviceprovider','https://serviceprovider.com'),('WSS46','WSS46Name',3,1,3,'serviceprovider','https://serviceprovider.com'),('WSS460','WSS460Name',3,1,3,'serviceprovider','https://serviceprovider.com'),('WSS461','WSS461Name',3,1,3,'serviceprovider','https://serviceprovider.com'),('WSS462','WSS462Name',3,1,3,'serviceprovider','https://serviceprovider.com'),('WSS463','WSS463Name',3,1,3,'serviceprovider','https://serviceprovider.com'),('WSS464','WSS464Name',3,1,3,'serviceprovider','https://serviceprovider.com'),('WSS465','WSS465Name',3,1,3,'serviceprovider','https://serviceprovider.com'),('WSS466','WSS466Name',3,1,3,'serviceprovider','https://serviceprovider.com'),('WSS467','WSS467Name',3,1,3,'serviceprovider','https://serviceprovider.com'),('WSS468','WSS468Name',3,1,3,'serviceprovider','https://serviceprovider.com'),('WSS469','WSS469Name',3,1,3,'serviceprovider','https://serviceprovider.com'),('WSS47','WSS47Name',3,1,3,'serviceprovider','https://serviceprovider.com'),('WSS470','WSS470Name',3,1,3,'serviceprovider','https://serviceprovider.com'),('WSS471','WSS471Name',3,1,3,'serviceprovider','https://serviceprovider.com'),('WSS472','WSS472Name',3,1,3,'serviceprovider','https://serviceprovider.com'),('WSS473','WSS473Name',3,1,3,'serviceprovider','https://serviceprovider.com'),('WSS474','WSS474Name',3,1,3,'serviceprovider','https://serviceprovider.com'),('WSS475','WSS475Name',3,1,3,'serviceprovider','https://serviceprovider.com'),('WSS476','WSS476Name',3,1,3,'serviceprovider','https://serviceprovider.com'),('WSS477','WSS477Name',3,1,3,'serviceprovider','https://serviceprovider.com'),('WSS478','WSS478Name',3,1,3,'serviceprovider','https://serviceprovider.com'),('WSS479','WSS479Name',3,1,3,'serviceprovider','https://serviceprovider.com'),('WSS48','WSS48Name',3,1,3,'serviceprovider','https://serviceprovider.com'),('WSS480','WSS480Name',3,1,3,'serviceprovider','https://serviceprovider.com'),('WSS481','WSS481Name',3,1,3,'serviceprovider','https://serviceprovider.com'),('WSS482','WSS482Name',3,1,3,'serviceprovider','https://serviceprovider.com'),('WSS483','WSS483Name',3,1,3,'serviceprovider','https://serviceprovider.com'),('WSS484','WSS484Name',3,1,3,'serviceprovider','https://serviceprovider.com'),('WSS485','WSS485Name',3,1,3,'serviceprovider','https://serviceprovider.com'),('WSS486','WSS486Name',3,1,3,'serviceprovider','https://serviceprovider.com'),('WSS487','WSS487Name',3,1,3,'serviceprovider','https://serviceprovider.com'),('WSS488','WSS488Name',3,1,3,'serviceprovider','https://serviceprovider.com'),('WSS489','WSS489Name',3,1,3,'serviceprovider','https://serviceprovider.com'),('WSS49','WSS49Name',3,1,3,'serviceprovider','https://serviceprovider.com'),('WSS490','WSS490Name',3,1,3,'serviceprovider','https://serviceprovider.com'),('WSS491','WSS491Name',3,1,3,'serviceprovider','https://serviceprovider.com'),('WSS492','WSS492Name',3,1,3,'serviceprovider','https://serviceprovider.com'),('WSS493','WSS493Name',3,1,3,'serviceprovider','https://serviceprovider.com'),('WSS494','WSS494Name',3,1,3,'serviceprovider','https://serviceprovider.com'),('WSS495','WSS495Name',3,1,3,'serviceprovider','https://serviceprovider.com'),('WSS496','WSS496Name',3,1,3,'serviceprovider','https://serviceprovider.com'),('WSS497','WSS497Name',3,1,3,'serviceprovider','https://serviceprovider.com'),('WSS498','WSS498Name',3,1,3,'serviceprovider','https://serviceprovider.com'),('WSS499','WSS499Name',3,1,3,'serviceprovider','https://serviceprovider.com'),('WSS5','WSS5Name',3,1,3,'serviceprovider','https://serviceprovider.com'),('WSS50','WSS50Name',3,1,3,'serviceprovider','https://serviceprovider.com'),('WSS500','WSS500Name',3,1,3,'serviceprovider','https://serviceprovider.com'),('WSS501','WSS501Name',3,1,3,'serviceprovider','https://serviceprovider.com'),('WSS502','WSS502Name',3,1,3,'serviceprovider','https://serviceprovider.com'),('WSS503','WSS503Name',3,1,3,'serviceprovider','https://serviceprovider.com'),('WSS504','WSS504Name',3,1,3,'serviceprovider','https://serviceprovider.com'),('WSS505','WSS505Name',3,1,3,'serviceprovider','https://serviceprovider.com'),('WSS506','WSS506Name',3,1,3,'serviceprovider','https://serviceprovider.com'),('WSS507','WSS507Name',3,1,3,'serviceprovider','https://serviceprovider.com'),('WSS508','WSS508Name',3,1,3,'serviceprovider','https://serviceprovider.com'),('WSS509','WSS509Name',3,1,3,'serviceprovider','https://serviceprovider.com'),('WSS51','WSS51Name',3,1,3,'serviceprovider','https://serviceprovider.com'),('WSS510','WSS510Name',3,1,3,'serviceprovider','https://serviceprovider.com'),('WSS511','WSS511Name',3,1,3,'serviceprovider','https://serviceprovider.com'),('WSS512','WSS512Name',3,1,3,'serviceprovider','https://serviceprovider.com'),('WSS513','WSS513Name',3,1,3,'serviceprovider','https://serviceprovider.com'),('WSS514','WSS514Name',3,1,3,'serviceprovider','https://serviceprovider.com'),('WSS515','WSS515Name',3,1,3,'serviceprovider','https://serviceprovider.com'),('WSS516','WSS516Name',3,1,3,'serviceprovider','https://serviceprovider.com'),('WSS517','WSS517Name',3,1,3,'serviceprovider','https://serviceprovider.com'),('WSS518','WSS518Name',3,1,3,'serviceprovider','https://serviceprovider.com'),('WSS519','WSS519Name',3,1,3,'serviceprovider','https://serviceprovider.com'),('WSS52','WSS52Name',3,1,3,'serviceprovider','https://serviceprovider.com'),('WSS520','WSS520Name',3,1,3,'serviceprovider','https://serviceprovider.com'),('WSS521','WSS521Name',3,1,3,'serviceprovider','https://serviceprovider.com'),('WSS522','WSS522Name',3,1,3,'serviceprovider','https://serviceprovider.com'),('WSS523','WSS523Name',3,1,3,'serviceprovider','https://serviceprovider.com'),('WSS524','WSS524Name',3,1,3,'serviceprovider','https://serviceprovider.com'),('WSS525','WSS525Name',3,1,3,'serviceprovider','https://serviceprovider.com'),('WSS526','WSS526Name',3,1,3,'serviceprovider','https://serviceprovider.com'),('WSS527','WSS527Name',3,1,3,'serviceprovider','https://serviceprovider.com'),('WSS528','WSS528Name',3,1,3,'serviceprovider','https://serviceprovider.com'),('WSS529','WSS529Name',3,1,3,'serviceprovider','https://serviceprovider.com'),('WSS53','WSS53Name',3,1,3,'serviceprovider','https://serviceprovider.com'),('WSS530','WSS530Name',3,1,3,'serviceprovider','https://serviceprovider.com'),('WSS531','WSS531Name',3,1,3,'serviceprovider','https://serviceprovider.com'),('WSS532','WSS532Name',3,1,3,'serviceprovider','https://serviceprovider.com'),('WSS533','WSS533Name',3,1,3,'serviceprovider','https://serviceprovider.com'),('WSS534','WSS534Name',3,1,3,'serviceprovider','https://serviceprovider.com'),('WSS535','WSS535Name',3,1,3,'serviceprovider','https://serviceprovider.com'),('WSS536','WSS536Name',3,1,3,'serviceprovider','https://serviceprovider.com'),('WSS537','WSS537Name',3,1,3,'serviceprovider','https://serviceprovider.com'),('WSS538','WSS538Name',3,1,3,'serviceprovider','https://serviceprovider.com'),('WSS539','WSS539Name',3,1,3,'serviceprovider','https://serviceprovider.com'),('WSS54','WSS54Name',3,1,3,'serviceprovider','https://serviceprovider.com'),('WSS540','WSS540Name',3,1,3,'serviceprovider','https://serviceprovider.com'),('WSS541','WSS541Name',3,1,3,'serviceprovider','https://serviceprovider.com'),('WSS542','WSS542Name',3,1,3,'serviceprovider','https://serviceprovider.com'),('WSS543','WSS543Name',3,1,3,'serviceprovider','https://serviceprovider.com'),('WSS544','WSS544Name',3,1,3,'serviceprovider','https://serviceprovider.com'),('WSS545','WSS545Name',3,1,3,'serviceprovider','https://serviceprovider.com'),('WSS546','WSS546Name',3,1,3,'serviceprovider','https://serviceprovider.com'),('WSS547','WSS547Name',3,1,3,'serviceprovider','https://serviceprovider.com'),('WSS548','WSS548Name',3,1,3,'serviceprovider','https://serviceprovider.com'),('WSS549','WSS549Name',3,1,3,'serviceprovider','https://serviceprovider.com'),('WSS55','WSS55Name',3,1,3,'serviceprovider','https://serviceprovider.com'),('WSS550','WSS550Name',3,1,3,'serviceprovider','https://serviceprovider.com'),('WSS551','WSS551Name',3,1,3,'serviceprovider','https://serviceprovider.com'),('WSS552','WSS552Name',3,1,3,'serviceprovider','https://serviceprovider.com'),('WSS553','WSS553Name',3,1,3,'serviceprovider','https://serviceprovider.com'),('WSS554','WSS554Name',3,1,3,'serviceprovider','https://serviceprovider.com'),('WSS555','WSS555Name',3,1,3,'serviceprovider','https://serviceprovider.com'),('WSS556','WSS556Name',3,1,3,'serviceprovider','https://serviceprovider.com'),('WSS557','WSS557Name',3,1,3,'serviceprovider','https://serviceprovider.com'),('WSS558','WSS558Name',3,1,3,'serviceprovider','https://serviceprovider.com'),('WSS559','WSS559Name',3,1,3,'serviceprovider','https://serviceprovider.com'),('WSS56','WSS56Name',3,1,3,'serviceprovider','https://serviceprovider.com'),('WSS560','WSS560Name',3,1,3,'serviceprovider','https://serviceprovider.com'),('WSS561','WSS561Name',3,1,3,'serviceprovider','https://serviceprovider.com'),('WSS562','WSS562Name',3,1,3,'serviceprovider','https://serviceprovider.com'),('WSS563','WSS563Name',3,1,3,'serviceprovider','https://serviceprovider.com'),('WSS564','WSS564Name',3,1,3,'serviceprovider','https://serviceprovider.com'),('WSS565','WSS565Name',3,1,3,'serviceprovider','https://serviceprovider.com'),('WSS566','WSS566Name',3,1,3,'serviceprovider','https://serviceprovider.com'),('WSS567','WSS567Name',3,1,3,'serviceprovider','https://serviceprovider.com'),('WSS568','WSS568Name',3,1,3,'serviceprovider','https://serviceprovider.com'),('WSS569','WSS569Name',3,1,3,'serviceprovider','https://serviceprovider.com'),('WSS57','WSS57Name',3,1,3,'serviceprovider','https://serviceprovider.com'),('WSS570','WSS570Name',3,1,3,'serviceprovider','https://serviceprovider.com'),('WSS571','WSS571Name',3,1,3,'serviceprovider','https://serviceprovider.com'),('WSS572','WSS572Name',3,1,3,'serviceprovider','https://serviceprovider.com'),('WSS573','WSS573Name',3,1,3,'serviceprovider','https://serviceprovider.com'),('WSS574','WSS574Name',3,1,3,'serviceprovider','https://serviceprovider.com'),('WSS575','WSS575Name',3,1,3,'serviceprovider','https://serviceprovider.com'),('WSS576','WSS576Name',3,1,3,'serviceprovider','https://serviceprovider.com'),('WSS577','WSS577Name',3,1,3,'serviceprovider','https://serviceprovider.com'),('WSS578','WSS578Name',3,1,3,'serviceprovider','https://serviceprovider.com'),('WSS579','WSS579Name',3,1,3,'serviceprovider','https://serviceprovider.com'),('WSS58','WSS58Name',3,1,3,'serviceprovider','https://serviceprovider.com'),('WSS580','WSS580Name',3,1,3,'serviceprovider','https://serviceprovider.com'),('WSS581','WSS581Name',3,1,3,'serviceprovider','https://serviceprovider.com'),('WSS582','WSS582Name',3,1,3,'serviceprovider','https://serviceprovider.com'),('WSS583','WSS583Name',3,1,3,'serviceprovider','https://serviceprovider.com'),('WSS584','WSS584Name',3,1,3,'serviceprovider','https://serviceprovider.com'),('WSS585','WSS585Name',3,1,3,'serviceprovider','https://serviceprovider.com'),('WSS586','WSS586Name',3,1,3,'serviceprovider','https://serviceprovider.com'),('WSS587','WSS587Name',3,1,3,'serviceprovider','https://serviceprovider.com'),('WSS588','WSS588Name',3,1,3,'serviceprovider','https://serviceprovider.com'),('WSS589','WSS589Name',3,1,3,'serviceprovider','https://serviceprovider.com'),('WSS59','WSS59Name',3,1,3,'serviceprovider','https://serviceprovider.com'),('WSS590','WSS590Name',3,1,3,'serviceprovider','https://serviceprovider.com'),('WSS591','WSS591Name',3,1,3,'serviceprovider','https://serviceprovider.com'),('WSS592','WSS592Name',3,1,3,'serviceprovider','https://serviceprovider.com'),('WSS593','WSS593Name',3,1,3,'serviceprovider','https://serviceprovider.com'),('WSS594','WSS594Name',3,1,3,'serviceprovider','https://serviceprovider.com'),('WSS595','WSS595Name',3,1,3,'serviceprovider','https://serviceprovider.com'),('WSS596','WSS596Name',3,1,3,'serviceprovider','https://serviceprovider.com'),('WSS597','WSS597Name',3,1,3,'serviceprovider','https://serviceprovider.com'),('WSS598','WSS598Name',3,1,3,'serviceprovider','https://serviceprovider.com'),('WSS599','WSS599Name',3,1,3,'serviceprovider','https://serviceprovider.com'),('WSS6','WSS6Name',3,1,3,'serviceprovider','https://serviceprovider.com'),('WSS60','WSS60Name',3,1,3,'serviceprovider','https://serviceprovider.com'),('WSS600','WSS600Name',3,1,3,'serviceprovider','https://serviceprovider.com'),('WSS601','WSS601Name',3,1,3,'serviceprovider','https://serviceprovider.com'),('WSS602','WSS602Name',3,1,3,'serviceprovider','https://serviceprovider.com'),('WSS603','WSS603Name',3,1,3,'serviceprovider','https://serviceprovider.com'),('WSS604','WSS604Name',3,1,3,'serviceprovider','https://serviceprovider.com'),('WSS605','WSS605Name',3,1,3,'serviceprovider','https://serviceprovider.com'),('WSS606','WSS606Name',3,1,3,'serviceprovider','https://serviceprovider.com'),('WSS607','WSS607Name',3,1,3,'serviceprovider','https://serviceprovider.com'),('WSS608','WSS608Name',3,1,3,'serviceprovider','https://serviceprovider.com'),('WSS609','WSS609Name',3,1,3,'serviceprovider','https://serviceprovider.com'),('WSS61','WSS61Name',3,1,3,'serviceprovider','https://serviceprovider.com'),('WSS610','WSS610Name',3,1,3,'serviceprovider','https://serviceprovider.com'),('WSS611','WSS611Name',3,1,3,'serviceprovider','https://serviceprovider.com'),('WSS612','WSS612Name',3,1,3,'serviceprovider','https://serviceprovider.com'),('WSS613','WSS613Name',3,1,3,'serviceprovider','https://serviceprovider.com'),('WSS614','WSS614Name',3,1,3,'serviceprovider','https://serviceprovider.com'),('WSS615','WSS615Name',3,1,3,'serviceprovider','https://serviceprovider.com'),('WSS616','WSS616Name',3,1,3,'serviceprovider','https://serviceprovider.com'),('WSS617','WSS617Name',3,1,3,'serviceprovider','https://serviceprovider.com'),('WSS618','WSS618Name',3,1,3,'serviceprovider','https://serviceprovider.com'),('WSS619','WSS619Name',3,1,3,'serviceprovider','https://serviceprovider.com'),('WSS62','WSS62Name',3,1,3,'serviceprovider','https://serviceprovider.com'),('WSS620','WSS620Name',3,1,3,'serviceprovider','https://serviceprovider.com'),('WSS621','WSS621Name',3,1,3,'serviceprovider','https://serviceprovider.com'),('WSS622','WSS622Name',3,1,3,'serviceprovider','https://serviceprovider.com'),('WSS623','WSS623Name',3,1,3,'serviceprovider','https://serviceprovider.com'),('WSS624','WSS624Name',3,1,3,'serviceprovider','https://serviceprovider.com'),('WSS625','WSS625Name',3,1,3,'serviceprovider','https://serviceprovider.com'),('WSS626','WSS626Name',3,1,3,'serviceprovider','https://serviceprovider.com'),('WSS627','WSS627Name',3,1,3,'serviceprovider','https://serviceprovider.com'),('WSS628','WSS628Name',3,1,3,'serviceprovider','https://serviceprovider.com'),('WSS629','WSS629Name',3,1,3,'serviceprovider','https://serviceprovider.com'),('WSS63','WSS63Name',3,1,3,'serviceprovider','https://serviceprovider.com'),('WSS630','WSS630Name',3,1,3,'serviceprovider','https://serviceprovider.com'),('WSS631','WSS631Name',3,1,3,'serviceprovider','https://serviceprovider.com'),('WSS632','WSS632Name',3,1,3,'serviceprovider','https://serviceprovider.com'),('WSS633','WSS633Name',3,1,3,'serviceprovider','https://serviceprovider.com'),('WSS634','WSS634Name',3,1,3,'serviceprovider','https://serviceprovider.com'),('WSS635','WSS635Name',3,1,3,'serviceprovider','https://serviceprovider.com'),('WSS636','WSS636Name',3,1,3,'serviceprovider','https://serviceprovider.com'),('WSS637','WSS637Name',3,1,3,'serviceprovider','https://serviceprovider.com'),('WSS638','WSS638Name',3,1,3,'serviceprovider','https://serviceprovider.com'),('WSS639','WSS639Name',3,1,3,'serviceprovider','https://serviceprovider.com'),('WSS64','WSS64Name',3,1,3,'serviceprovider','https://serviceprovider.com'),('WSS640','WSS640Name',3,1,3,'serviceprovider','https://serviceprovider.com'),('WSS641','WSS641Name',3,1,3,'serviceprovider','https://serviceprovider.com'),('WSS642','WSS642Name',3,1,3,'serviceprovider','https://serviceprovider.com'),('WSS643','WSS643Name',3,1,3,'serviceprovider','https://serviceprovider.com'),('WSS644','WSS644Name',3,1,3,'serviceprovider','https://serviceprovider.com'),('WSS645','WSS645Name',3,1,3,'serviceprovider','https://serviceprovider.com'),('WSS646','WSS646Name',3,1,3,'serviceprovider','https://serviceprovider.com'),('WSS647','WSS647Name',3,1,3,'serviceprovider','https://serviceprovider.com'),('WSS648','WSS648Name',3,1,3,'serviceprovider','https://serviceprovider.com'),('WSS649','WSS649Name',3,1,3,'serviceprovider','https://serviceprovider.com'),('WSS65','WSS65Name',3,1,3,'serviceprovider','https://serviceprovider.com'),('WSS650','WSS650Name',3,1,3,'serviceprovider','https://serviceprovider.com'),('WSS651','WSS651Name',3,1,3,'serviceprovider','https://serviceprovider.com'),('WSS652','WSS652Name',3,1,3,'serviceprovider','https://serviceprovider.com'),('WSS653','WSS653Name',3,1,3,'serviceprovider','https://serviceprovider.com'),('WSS654','WSS654Name',3,1,3,'serviceprovider','https://serviceprovider.com'),('WSS655','WSS655Name',3,1,3,'serviceprovider','https://serviceprovider.com'),('WSS656','WSS656Name',3,1,3,'serviceprovider','https://serviceprovider.com'),('WSS657','WSS657Name',3,1,3,'serviceprovider','https://serviceprovider.com'),('WSS658','WSS658Name',3,1,3,'serviceprovider','https://serviceprovider.com'),('WSS659','WSS659Name',3,1,3,'serviceprovider','https://serviceprovider.com'),('WSS66','WSS66Name',3,1,3,'serviceprovider','https://serviceprovider.com'),('WSS660','WSS660Name',3,1,3,'serviceprovider','https://serviceprovider.com'),('WSS661','WSS661Name',3,1,3,'serviceprovider','https://serviceprovider.com'),('WSS662','WSS662Name',3,1,3,'serviceprovider','https://serviceprovider.com'),('WSS663','WSS663Name',3,1,3,'serviceprovider','https://serviceprovider.com'),('WSS664','WSS664Name',3,1,3,'serviceprovider','https://serviceprovider.com'),('WSS665','WSS665Name',3,1,3,'serviceprovider','https://serviceprovider.com'),('WSS666','WSS666Name',3,1,3,'serviceprovider','https://serviceprovider.com'),('WSS667','WSS667Name',3,1,3,'serviceprovider','https://serviceprovider.com'),('WSS668','WSS668Name',3,1,3,'serviceprovider','https://serviceprovider.com'),('WSS669','WSS669Name',3,1,3,'serviceprovider','https://serviceprovider.com'),('WSS67','WSS67Name',3,1,3,'serviceprovider','https://serviceprovider.com'),('WSS670','WSS670Name',3,1,3,'serviceprovider','https://serviceprovider.com'),('WSS671','WSS671Name',3,1,3,'serviceprovider','https://serviceprovider.com'),('WSS672','WSS672Name',3,1,3,'serviceprovider','https://serviceprovider.com'),('WSS673','WSS673Name',3,1,3,'serviceprovider','https://serviceprovider.com'),('WSS674','WSS674Name',3,1,3,'serviceprovider','https://serviceprovider.com'),('WSS675','WSS675Name',3,1,3,'serviceprovider','https://serviceprovider.com'),('WSS676','WSS676Name',3,1,3,'serviceprovider','https://serviceprovider.com'),('WSS677','WSS677Name',3,1,3,'serviceprovider','https://serviceprovider.com'),('WSS678','WSS678Name',3,1,3,'serviceprovider','https://serviceprovider.com'),('WSS679','WSS679Name',3,1,3,'serviceprovider','https://serviceprovider.com'),('WSS68','WSS68Name',3,1,3,'serviceprovider','https://serviceprovider.com'),('WSS680','WSS680Name',3,1,3,'serviceprovider','https://serviceprovider.com'),('WSS681','WSS681Name',3,1,3,'serviceprovider','https://serviceprovider.com'),('WSS682','WSS682Name',3,1,3,'serviceprovider','https://serviceprovider.com'),('WSS683','WSS683Name',3,1,3,'serviceprovider','https://serviceprovider.com'),('WSS684','WSS684Name',3,1,3,'serviceprovider','https://serviceprovider.com'),('WSS685','WSS685Name',3,1,3,'serviceprovider','https://serviceprovider.com'),('WSS686','WSS686Name',3,1,3,'serviceprovider','https://serviceprovider.com'),('WSS687','WSS687Name',3,1,3,'serviceprovider','https://serviceprovider.com'),('WSS688','WSS688Name',3,1,3,'serviceprovider','https://serviceprovider.com'),('WSS689','WSS689Name',3,1,3,'serviceprovider','https://serviceprovider.com'),('WSS69','WSS69Name',3,1,3,'serviceprovider','https://serviceprovider.com'),('WSS690','WSS690Name',3,1,3,'serviceprovider','https://serviceprovider.com'),('WSS691','WSS691Name',3,1,3,'serviceprovider','https://serviceprovider.com'),('WSS692','WSS692Name',3,1,3,'serviceprovider','https://serviceprovider.com'),('WSS693','WSS693Name',3,1,3,'serviceprovider','https://serviceprovider.com'),('WSS694','WSS694Name',3,1,3,'serviceprovider','https://serviceprovider.com'),('WSS695','WSS695Name',3,1,3,'serviceprovider','https://serviceprovider.com'),('WSS696','WSS696Name',3,1,3,'serviceprovider','https://serviceprovider.com'),('WSS697','WSS697Name',3,1,3,'serviceprovider','https://serviceprovider.com'),('WSS698','WSS698Name',3,1,3,'serviceprovider','https://serviceprovider.com'),('WSS699','WSS699Name',3,1,3,'serviceprovider','https://serviceprovider.com'),('WSS7','WSS7Name',3,1,3,'serviceprovider','https://serviceprovider.com'),('WSS70','WSS70Name',3,1,3,'serviceprovider','https://serviceprovider.com'),('WSS700','WSS700Name',3,1,3,'serviceprovider','https://serviceprovider.com'),('WSS701','WSS701Name',3,1,3,'serviceprovider','https://serviceprovider.com'),('WSS702','WSS702Name',3,1,3,'serviceprovider','https://serviceprovider.com'),('WSS703','WSS703Name',3,1,3,'serviceprovider','https://serviceprovider.com'),('WSS704','WSS704Name',3,1,3,'serviceprovider','https://serviceprovider.com'),('WSS705','WSS705Name',3,1,3,'serviceprovider','https://serviceprovider.com'),('WSS706','WSS706Name',3,1,3,'serviceprovider','https://serviceprovider.com'),('WSS707','WSS707Name',3,1,3,'serviceprovider','https://serviceprovider.com'),('WSS708','WSS708Name',3,1,3,'serviceprovider','https://serviceprovider.com'),('WSS709','WSS709Name',3,1,3,'serviceprovider','https://serviceprovider.com'),('WSS71','WSS71Name',3,1,3,'serviceprovider','https://serviceprovider.com'),('WSS710','WSS710Name',3,1,3,'serviceprovider','https://serviceprovider.com'),('WSS711','WSS711Name',3,1,3,'serviceprovider','https://serviceprovider.com'),('WSS712','WSS712Name',3,1,3,'serviceprovider','https://serviceprovider.com'),('WSS713','WSS713Name',3,1,3,'serviceprovider','https://serviceprovider.com'),('WSS714','WSS714Name',3,1,3,'serviceprovider','https://serviceprovider.com'),('WSS715','WSS715Name',3,1,3,'serviceprovider','https://serviceprovider.com'),('WSS716','WSS716Name',3,1,3,'serviceprovider','https://serviceprovider.com'),('WSS717','WSS717Name',3,1,3,'serviceprovider','https://serviceprovider.com'),('WSS718','WSS718Name',3,1,3,'serviceprovider','https://serviceprovider.com'),('WSS719','WSS719Name',3,1,3,'serviceprovider','https://serviceprovider.com'),('WSS72','WSS72Name',3,1,3,'serviceprovider','https://serviceprovider.com'),('WSS720','WSS720Name',3,1,3,'serviceprovider','https://serviceprovider.com'),('WSS721','WSS721Name',3,1,3,'serviceprovider','https://serviceprovider.com'),('WSS722','WSS722Name',3,1,3,'serviceprovider','https://serviceprovider.com'),('WSS723','WSS723Name',3,1,3,'serviceprovider','https://serviceprovider.com'),('WSS724','WSS724Name',3,1,3,'serviceprovider','https://serviceprovider.com'),('WSS725','WSS725Name',3,1,3,'serviceprovider','https://serviceprovider.com'),('WSS726','WSS726Name',3,1,3,'serviceprovider','https://serviceprovider.com'),('WSS727','WSS727Name',3,1,3,'serviceprovider','https://serviceprovider.com'),('WSS728','WSS728Name',3,1,3,'serviceprovider','https://serviceprovider.com'),('WSS729','WSS729Name',3,1,3,'serviceprovider','https://serviceprovider.com'),('WSS73','WSS73Name',3,1,3,'serviceprovider','https://serviceprovider.com'),('WSS730','WSS730Name',3,1,3,'serviceprovider','https://serviceprovider.com'),('WSS731','WSS731Name',3,1,3,'serviceprovider','https://serviceprovider.com'),('WSS732','WSS732Name',3,1,3,'serviceprovider','https://serviceprovider.com'),('WSS733','WSS733Name',3,1,3,'serviceprovider','https://serviceprovider.com'),('WSS734','WSS734Name',3,1,3,'serviceprovider','https://serviceprovider.com'),('WSS735','WSS735Name',3,1,3,'serviceprovider','https://serviceprovider.com'),('WSS736','WSS736Name',3,1,3,'serviceprovider','https://serviceprovider.com'),('WSS737','WSS737Name',3,1,3,'serviceprovider','https://serviceprovider.com'),('WSS738','WSS738Name',3,1,3,'serviceprovider','https://serviceprovider.com'),('WSS739','WSS739Name',3,1,3,'serviceprovider','https://serviceprovider.com'),('WSS74','WSS74Name',3,1,3,'serviceprovider','https://serviceprovider.com'),('WSS740','WSS740Name',3,1,3,'serviceprovider','https://serviceprovider.com'),('WSS741','WSS741Name',3,1,3,'serviceprovider','https://serviceprovider.com'),('WSS742','WSS742Name',3,1,3,'serviceprovider','https://serviceprovider.com'),('WSS743','WSS743Name',3,1,3,'serviceprovider','https://serviceprovider.com'),('WSS744','WSS744Name',3,1,3,'serviceprovider','https://serviceprovider.com'),('WSS745','WSS745Name',3,1,3,'serviceprovider','https://serviceprovider.com'),('WSS746','WSS746Name',3,1,3,'serviceprovider','https://serviceprovider.com'),('WSS747','WSS747Name',3,1,3,'serviceprovider','https://serviceprovider.com'),('WSS748','WSS748Name',3,1,3,'serviceprovider','https://serviceprovider.com'),('WSS749','WSS749Name',3,1,3,'serviceprovider','https://serviceprovider.com'),('WSS75','WSS75Name',3,1,3,'serviceprovider','https://serviceprovider.com'),('WSS750','WSS750Name',3,1,3,'serviceprovider','https://serviceprovider.com'),('WSS751','WSS751Name',3,1,3,'serviceprovider','https://serviceprovider.com'),('WSS752','WSS752Name',3,1,3,'serviceprovider','https://serviceprovider.com'),('WSS753','WSS753Name',3,1,3,'serviceprovider','https://serviceprovider.com'),('WSS754','WSS754Name',3,1,3,'serviceprovider','https://serviceprovider.com'),('WSS755','WSS755Name',3,1,3,'serviceprovider','https://serviceprovider.com'),('WSS756','WSS756Name',3,1,3,'serviceprovider','https://serviceprovider.com'),('WSS757','WSS757Name',3,1,3,'serviceprovider','https://serviceprovider.com'),('WSS758','WSS758Name',3,1,3,'serviceprovider','https://serviceprovider.com'),('WSS759','WSS759Name',3,1,3,'serviceprovider','https://serviceprovider.com'),('WSS76','WSS76Name',3,1,3,'serviceprovider','https://serviceprovider.com'),('WSS760','WSS760Name',3,1,3,'serviceprovider','https://serviceprovider.com'),('WSS761','WSS761Name',3,1,3,'serviceprovider','https://serviceprovider.com'),('WSS762','WSS762Name',3,1,3,'serviceprovider','https://serviceprovider.com'),('WSS763','WSS763Name',3,1,3,'serviceprovider','https://serviceprovider.com'),('WSS764','WSS764Name',3,1,3,'serviceprovider','https://serviceprovider.com'),('WSS765','WSS765Name',3,1,3,'serviceprovider','https://serviceprovider.com'),('WSS766','WSS766Name',3,1,3,'serviceprovider','https://serviceprovider.com'),('WSS767','WSS767Name',3,1,3,'serviceprovider','https://serviceprovider.com'),('WSS768','WSS768Name',3,1,3,'serviceprovider','https://serviceprovider.com'),('WSS769','WSS769Name',3,1,3,'serviceprovider','https://serviceprovider.com'),('WSS77','WSS77Name',3,1,3,'serviceprovider','https://serviceprovider.com'),('WSS770','WSS770Name',3,1,3,'serviceprovider','https://serviceprovider.com'),('WSS771','WSS771Name',3,1,3,'serviceprovider','https://serviceprovider.com'),('WSS772','WSS772Name',3,1,3,'serviceprovider','https://serviceprovider.com'),('WSS773','WSS773Name',3,1,3,'serviceprovider','https://serviceprovider.com'),('WSS774','WSS774Name',3,1,3,'serviceprovider','https://serviceprovider.com'),('WSS775','WSS775Name',3,1,3,'serviceprovider','https://serviceprovider.com'),('WSS776','WSS776Name',3,1,3,'serviceprovider','https://serviceprovider.com'),('WSS777','WSS777Name',3,1,3,'serviceprovider','https://serviceprovider.com'),('WSS778','WSS778Name',3,1,3,'serviceprovider','https://serviceprovider.com'),('WSS779','WSS779Name',3,1,3,'serviceprovider','https://serviceprovider.com'),('WSS78','WSS78Name',3,1,3,'serviceprovider','https://serviceprovider.com'),('WSS780','WSS780Name',3,1,3,'serviceprovider','https://serviceprovider.com'),('WSS781','WSS781Name',3,1,3,'serviceprovider','https://serviceprovider.com'),('WSS782','WSS782Name',3,1,3,'serviceprovider','https://serviceprovider.com'),('WSS783','WSS783Name',3,1,3,'serviceprovider','https://serviceprovider.com'),('WSS784','WSS784Name',3,1,3,'serviceprovider','https://serviceprovider.com'),('WSS785','WSS785Name',3,1,3,'serviceprovider','https://serviceprovider.com'),('WSS786','WSS786Name',3,1,3,'serviceprovider','https://serviceprovider.com'),('WSS787','WSS787Name',3,1,3,'serviceprovider','https://serviceprovider.com'),('WSS788','WSS788Name',3,1,3,'serviceprovider','https://serviceprovider.com'),('WSS789','WSS789Name',3,1,3,'serviceprovider','https://serviceprovider.com'),('WSS79','WSS79Name',3,1,3,'serviceprovider','https://serviceprovider.com'),('WSS790','WSS790Name',3,1,3,'serviceprovider','https://serviceprovider.com'),('WSS791','WSS791Name',3,1,3,'serviceprovider','https://serviceprovider.com'),('WSS792','WSS792Name',3,1,3,'serviceprovider','https://serviceprovider.com'),('WSS793','WSS793Name',3,1,3,'serviceprovider','https://serviceprovider.com'),('WSS794','WSS794Name',3,1,3,'serviceprovider','https://serviceprovider.com'),('WSS795','WSS795Name',3,1,3,'serviceprovider','https://serviceprovider.com'),('WSS796','WSS796Name',3,1,3,'serviceprovider','https://serviceprovider.com'),('WSS797','WSS797Name',3,1,3,'serviceprovider','https://serviceprovider.com'),('WSS798','WSS798Name',3,1,3,'serviceprovider','https://serviceprovider.com'),('WSS799','WSS799Name',3,1,3,'serviceprovider','https://serviceprovider.com'),('WSS8','WSS8Name',3,1,3,'serviceprovider','https://serviceprovider.com'),('WSS80','WSS80Name',3,1,3,'serviceprovider','https://serviceprovider.com'),('WSS800','WSS800Name',3,1,3,'serviceprovider','https://serviceprovider.com'),('WSS801','WSS801Name',3,1,3,'serviceprovider','https://serviceprovider.com'),('WSS802','WSS802Name',3,1,3,'serviceprovider','https://serviceprovider.com'),('WSS803','WSS803Name',3,1,3,'serviceprovider','https://serviceprovider.com'),('WSS804','WSS804Name',3,1,3,'serviceprovider','https://serviceprovider.com'),('WSS805','WSS805Name',3,1,3,'serviceprovider','https://serviceprovider.com'),('WSS806','WSS806Name',3,1,3,'serviceprovider','https://serviceprovider.com'),('WSS807','WSS807Name',3,1,3,'serviceprovider','https://serviceprovider.com'),('WSS808','WSS808Name',3,1,3,'serviceprovider','https://serviceprovider.com'),('WSS809','WSS809Name',3,1,3,'serviceprovider','https://serviceprovider.com'),('WSS81','WSS81Name',3,1,3,'serviceprovider','https://serviceprovider.com'),('WSS810','WSS810Name',3,1,3,'serviceprovider','https://serviceprovider.com'),('WSS811','WSS811Name',3,1,3,'serviceprovider','https://serviceprovider.com'),('WSS812','WSS812Name',3,1,3,'serviceprovider','https://serviceprovider.com'),('WSS813','WSS813Name',3,1,3,'serviceprovider','https://serviceprovider.com'),('WSS814','WSS814Name',3,1,3,'serviceprovider','https://serviceprovider.com'),('WSS815','WSS815Name',3,1,3,'serviceprovider','https://serviceprovider.com'),('WSS816','WSS816Name',3,1,3,'serviceprovider','https://serviceprovider.com'),('WSS817','WSS817Name',3,1,3,'serviceprovider','https://serviceprovider.com'),('WSS818','WSS818Name',3,1,3,'serviceprovider','https://serviceprovider.com'),('WSS819','WSS819Name',3,1,3,'serviceprovider','https://serviceprovider.com'),('WSS82','WSS82Name',3,1,3,'serviceprovider','https://serviceprovider.com'),('WSS820','WSS820Name',3,1,3,'serviceprovider','https://serviceprovider.com'),('WSS821','WSS821Name',3,1,3,'serviceprovider','https://serviceprovider.com'),('WSS822','WSS822Name',3,1,3,'serviceprovider','https://serviceprovider.com'),('WSS823','WSS823Name',3,1,3,'serviceprovider','https://serviceprovider.com'),('WSS824','WSS824Name',3,1,3,'serviceprovider','https://serviceprovider.com'),('WSS825','WSS825Name',3,1,3,'serviceprovider','https://serviceprovider.com'),('WSS826','WSS826Name',3,1,3,'serviceprovider','https://serviceprovider.com'),('WSS827','WSS827Name',3,1,3,'serviceprovider','https://serviceprovider.com'),('WSS828','WSS828Name',3,1,3,'serviceprovider','https://serviceprovider.com'),('WSS829','WSS829Name',3,1,3,'serviceprovider','https://serviceprovider.com'),('WSS83','WSS83Name',3,1,3,'serviceprovider','https://serviceprovider.com'),('WSS830','WSS830Name',3,1,3,'serviceprovider','https://serviceprovider.com'),('WSS831','WSS831Name',3,1,3,'serviceprovider','https://serviceprovider.com'),('WSS832','WSS832Name',3,1,3,'serviceprovider','https://serviceprovider.com'),('WSS833','WSS833Name',3,1,3,'serviceprovider','https://serviceprovider.com'),('WSS834','WSS834Name',3,1,3,'serviceprovider','https://serviceprovider.com'),('WSS835','WSS835Name',3,1,3,'serviceprovider','https://serviceprovider.com'),('WSS836','WSS836Name',3,1,3,'serviceprovider','https://serviceprovider.com'),('WSS837','WSS837Name',3,1,3,'serviceprovider','https://serviceprovider.com'),('WSS838','WSS838Name',3,1,3,'serviceprovider','https://serviceprovider.com'),('WSS839','WSS839Name',3,1,3,'serviceprovider','https://serviceprovider.com'),('WSS84','WSS84Name',3,1,3,'serviceprovider','https://serviceprovider.com'),('WSS840','WSS840Name',3,1,3,'serviceprovider','https://serviceprovider.com'),('WSS841','WSS841Name',3,1,3,'serviceprovider','https://serviceprovider.com'),('WSS842','WSS842Name',3,1,3,'serviceprovider','https://serviceprovider.com'),('WSS843','WSS843Name',3,1,3,'serviceprovider','https://serviceprovider.com'),('WSS844','WSS844Name',3,1,3,'serviceprovider','https://serviceprovider.com'),('WSS845','WSS845Name',3,1,3,'serviceprovider','https://serviceprovider.com'),('WSS846','WSS846Name',3,1,3,'serviceprovider','https://serviceprovider.com'),('WSS847','WSS847Name',3,1,3,'serviceprovider','https://serviceprovider.com'),('WSS848','WSS848Name',3,1,3,'serviceprovider','https://serviceprovider.com'),('WSS849','WSS849Name',3,1,3,'serviceprovider','https://serviceprovider.com'),('WSS85','WSS85Name',3,1,3,'serviceprovider','https://serviceprovider.com'),('WSS850','WSS850Name',3,1,3,'serviceprovider','https://serviceprovider.com'),('WSS851','WSS851Name',3,1,3,'serviceprovider','https://serviceprovider.com'),('WSS852','WSS852Name',3,1,3,'serviceprovider','https://serviceprovider.com'),('WSS853','WSS853Name',3,1,3,'serviceprovider','https://serviceprovider.com'),('WSS854','WSS854Name',3,1,3,'serviceprovider','https://serviceprovider.com'),('WSS855','WSS855Name',3,1,3,'serviceprovider','https://serviceprovider.com'),('WSS856','WSS856Name',3,1,3,'serviceprovider','https://serviceprovider.com'),('WSS857','WSS857Name',3,1,3,'serviceprovider','https://serviceprovider.com'),('WSS858','WSS858Name',3,1,3,'serviceprovider','https://serviceprovider.com'),('WSS859','WSS859Name',3,1,3,'serviceprovider','https://serviceprovider.com'),('WSS86','WSS86Name',3,1,3,'serviceprovider','https://serviceprovider.com'),('WSS860','WSS860Name',3,1,3,'serviceprovider','https://serviceprovider.com'),('WSS861','WSS861Name',3,1,3,'serviceprovider','https://serviceprovider.com'),('WSS862','WSS862Name',3,1,3,'serviceprovider','https://serviceprovider.com'),('WSS863','WSS863Name',3,1,3,'serviceprovider','https://serviceprovider.com'),('WSS864','WSS864Name',3,1,3,'serviceprovider','https://serviceprovider.com'),('WSS865','WSS865Name',3,1,3,'serviceprovider','https://serviceprovider.com'),('WSS866','WSS866Name',3,1,3,'serviceprovider','https://serviceprovider.com'),('WSS867','WSS867Name',3,1,3,'serviceprovider','https://serviceprovider.com'),('WSS868','WSS868Name',3,1,3,'serviceprovider','https://serviceprovider.com'),('WSS869','WSS869Name',3,1,3,'serviceprovider','https://serviceprovider.com'),('WSS87','WSS87Name',3,1,3,'serviceprovider','https://serviceprovider.com'),('WSS870','WSS870Name',3,1,3,'serviceprovider','https://serviceprovider.com'),('WSS871','WSS871Name',3,1,3,'serviceprovider','https://serviceprovider.com'),('WSS872','WSS872Name',3,1,3,'serviceprovider','https://serviceprovider.com'),('WSS873','WSS873Name',3,1,3,'serviceprovider','https://serviceprovider.com'),('WSS874','WSS874Name',3,1,3,'serviceprovider','https://serviceprovider.com'),('WSS875','WSS875Name',3,1,3,'serviceprovider','https://serviceprovider.com'),('WSS876','WSS876Name',3,1,3,'serviceprovider','https://serviceprovider.com'),('WSS877','WSS877Name',3,1,3,'serviceprovider','https://serviceprovider.com'),('WSS878','WSS878Name',3,1,3,'serviceprovider','https://serviceprovider.com'),('WSS879','WSS879Name',3,1,3,'serviceprovider','https://serviceprovider.com'),('WSS88','WSS88Name',3,1,3,'serviceprovider','https://serviceprovider.com'),('WSS880','WSS880Name',3,1,3,'serviceprovider','https://serviceprovider.com'),('WSS881','WSS881Name',3,1,3,'serviceprovider','https://serviceprovider.com'),('WSS882','WSS882Name',3,1,3,'serviceprovider','https://serviceprovider.com'),('WSS883','WSS883Name',3,1,3,'serviceprovider','https://serviceprovider.com'),('WSS884','WSS884Name',3,1,3,'serviceprovider','https://serviceprovider.com'),('WSS885','WSS885Name',3,1,3,'serviceprovider','https://serviceprovider.com'),('WSS886','WSS886Name',3,1,3,'serviceprovider','https://serviceprovider.com'),('WSS887','WSS887Name',3,1,3,'serviceprovider','https://serviceprovider.com'),('WSS888','WSS888Name',3,1,3,'serviceprovider','https://serviceprovider.com'),('WSS889','WSS889Name',3,1,3,'serviceprovider','https://serviceprovider.com'),('WSS89','WSS89Name',3,1,3,'serviceprovider','https://serviceprovider.com'),('WSS890','WSS890Name',3,1,3,'serviceprovider','https://serviceprovider.com'),('WSS891','WSS891Name',3,1,3,'serviceprovider','https://serviceprovider.com'),('WSS892','WSS892Name',3,1,3,'serviceprovider','https://serviceprovider.com'),('WSS893','WSS893Name',3,1,3,'serviceprovider','https://serviceprovider.com'),('WSS894','WSS894Name',3,1,3,'serviceprovider','https://serviceprovider.com'),('WSS895','WSS895Name',3,1,3,'serviceprovider','https://serviceprovider.com'),('WSS896','WSS896Name',3,1,3,'serviceprovider','https://serviceprovider.com'),('WSS897','WSS897Name',3,1,3,'serviceprovider','https://serviceprovider.com'),('WSS898','WSS898Name',3,1,3,'serviceprovider','https://serviceprovider.com'),('WSS899','WSS899Name',3,1,3,'serviceprovider','https://serviceprovider.com'),('WSS9','WSS9Name',3,1,3,'serviceprovider','https://serviceprovider.com'),('WSS90','WSS90Name',3,1,3,'serviceprovider','https://serviceprovider.com'),('WSS900','WSS900Name',3,1,3,'serviceprovider','https://serviceprovider.com'),('WSS901','WSS901Name',3,1,3,'serviceprovider','https://serviceprovider.com'),('WSS902','WSS902Name',3,1,3,'serviceprovider','https://serviceprovider.com'),('WSS903','WSS903Name',3,1,3,'serviceprovider','https://serviceprovider.com'),('WSS904','WSS904Name',3,1,3,'serviceprovider','https://serviceprovider.com'),('WSS905','WSS905Name',3,1,3,'serviceprovider','https://serviceprovider.com'),('WSS906','WSS906Name',3,1,3,'serviceprovider','https://serviceprovider.com'),('WSS907','WSS907Name',3,1,3,'serviceprovider','https://serviceprovider.com'),('WSS908','WSS908Name',3,1,3,'serviceprovider','https://serviceprovider.com'),('WSS909','WSS909Name',3,1,3,'serviceprovider','https://serviceprovider.com'),('WSS91','WSS91Name',3,1,3,'serviceprovider','https://serviceprovider.com'),('WSS910','WSS910Name',3,1,3,'serviceprovider','https://serviceprovider.com'),('WSS911','WSS911Name',3,1,3,'serviceprovider','https://serviceprovider.com'),('WSS912','WSS912Name',3,1,3,'serviceprovider','https://serviceprovider.com'),('WSS913','WSS913Name',3,1,3,'serviceprovider','https://serviceprovider.com'),('WSS914','WSS914Name',3,1,3,'serviceprovider','https://serviceprovider.com'),('WSS915','WSS915Name',3,1,3,'serviceprovider','https://serviceprovider.com'),('WSS916','WSS916Name',3,1,3,'serviceprovider','https://serviceprovider.com'),('WSS917','WSS917Name',3,1,3,'serviceprovider','https://serviceprovider.com'),('WSS918','WSS918Name',3,1,3,'serviceprovider','https://serviceprovider.com'),('WSS919','WSS919Name',3,1,3,'serviceprovider','https://serviceprovider.com'),('WSS92','WSS92Name',3,1,3,'serviceprovider','https://serviceprovider.com'),('WSS920','WSS920Name',3,1,3,'serviceprovider','https://serviceprovider.com'),('WSS921','WSS921Name',3,1,3,'serviceprovider','https://serviceprovider.com'),('WSS922','WSS922Name',3,1,3,'serviceprovider','https://serviceprovider.com'),('WSS923','WSS923Name',3,1,3,'serviceprovider','https://serviceprovider.com'),('WSS924','WSS924Name',3,1,3,'serviceprovider','https://serviceprovider.com'),('WSS925','WSS925Name',3,1,3,'serviceprovider','https://serviceprovider.com'),('WSS926','WSS926Name',3,1,3,'serviceprovider','https://serviceprovider.com'),('WSS927','WSS927Name',3,1,3,'serviceprovider','https://serviceprovider.com'),('WSS928','WSS928Name',3,1,3,'serviceprovider','https://serviceprovider.com'),('WSS929','WSS929Name',3,1,3,'serviceprovider','https://serviceprovider.com'),('WSS93','WSS93Name',3,1,3,'serviceprovider','https://serviceprovider.com'),('WSS930','WSS930Name',3,1,3,'serviceprovider','https://serviceprovider.com'),('WSS931','WSS931Name',3,1,3,'serviceprovider','https://serviceprovider.com'),('WSS932','WSS932Name',3,1,3,'serviceprovider','https://serviceprovider.com'),('WSS933','WSS933Name',3,1,3,'serviceprovider','https://serviceprovider.com'),('WSS934','WSS934Name',3,1,3,'serviceprovider','https://serviceprovider.com'),('WSS935','WSS935Name',3,1,3,'serviceprovider','https://serviceprovider.com'),('WSS936','WSS936Name',3,1,3,'serviceprovider','https://serviceprovider.com'),('WSS937','WSS937Name',3,1,3,'serviceprovider','https://serviceprovider.com'),('WSS938','WSS938Name',3,1,3,'serviceprovider','https://serviceprovider.com'),('WSS939','WSS939Name',3,1,3,'serviceprovider','https://serviceprovider.com'),('WSS94','WSS94Name',3,1,3,'serviceprovider','https://serviceprovider.com'),('WSS940','WSS940Name',3,1,3,'serviceprovider','https://serviceprovider.com'),('WSS941','WSS941Name',3,1,3,'serviceprovider','https://serviceprovider.com'),('WSS942','WSS942Name',3,1,3,'serviceprovider','https://serviceprovider.com'),('WSS943','WSS943Name',3,1,3,'serviceprovider','https://serviceprovider.com'),('WSS944','WSS944Name',3,1,3,'serviceprovider','https://serviceprovider.com'),('WSS945','WSS945Name',3,1,3,'serviceprovider','https://serviceprovider.com'),('WSS946','WSS946Name',3,1,3,'serviceprovider','https://serviceprovider.com'),('WSS947','WSS947Name',3,1,3,'serviceprovider','https://serviceprovider.com'),('WSS948','WSS948Name',3,1,3,'serviceprovider','https://serviceprovider.com'),('WSS949','WSS949Name',3,1,3,'serviceprovider','https://serviceprovider.com'),('WSS95','WSS95Name',3,1,3,'serviceprovider','https://serviceprovider.com'),('WSS950','WSS950Name',3,1,3,'serviceprovider','https://serviceprovider.com'),('WSS951','WSS951Name',3,1,3,'serviceprovider','https://serviceprovider.com'),('WSS952','WSS952Name',3,1,3,'serviceprovider','https://serviceprovider.com'),('WSS953','WSS953Name',3,1,3,'serviceprovider','https://serviceprovider.com'),('WSS954','WSS954Name',3,1,3,'serviceprovider','https://serviceprovider.com'),('WSS955','WSS955Name',3,1,3,'serviceprovider','https://serviceprovider.com'),('WSS956','WSS956Name',3,1,3,'serviceprovider','https://serviceprovider.com'),('WSS957','WSS957Name',3,1,3,'serviceprovider','https://serviceprovider.com'),('WSS958','WSS958Name',3,1,3,'serviceprovider','https://serviceprovider.com'),('WSS959','WSS959Name',3,1,3,'serviceprovider','https://serviceprovider.com'),('WSS96','WSS96Name',3,1,3,'serviceprovider','https://serviceprovider.com'),('WSS960','WSS960Name',3,1,3,'serviceprovider','https://serviceprovider.com'),('WSS961','WSS961Name',3,1,3,'serviceprovider','https://serviceprovider.com'),('WSS962','WSS962Name',3,1,3,'serviceprovider','https://serviceprovider.com'),('WSS963','WSS963Name',3,1,3,'serviceprovider','https://serviceprovider.com'),('WSS964','WSS964Name',3,1,3,'serviceprovider','https://serviceprovider.com'),('WSS965','WSS965Name',3,1,3,'serviceprovider','https://serviceprovider.com'),('WSS966','WSS966Name',3,1,3,'serviceprovider','https://serviceprovider.com'),('WSS967','WSS967Name',3,1,3,'serviceprovider','https://serviceprovider.com'),('WSS968','WSS968Name',3,1,3,'serviceprovider','https://serviceprovider.com'),('WSS969','WSS969Name',3,1,3,'serviceprovider','https://serviceprovider.com'),('WSS97','WSS97Name',3,1,3,'serviceprovider','https://serviceprovider.com'),('WSS970','WSS970Name',3,1,3,'serviceprovider','https://serviceprovider.com'),('WSS971','WSS971Name',3,1,3,'serviceprovider','https://serviceprovider.com'),('WSS972','WSS972Name',3,1,3,'serviceprovider','https://serviceprovider.com'),('WSS973','WSS973Name',3,1,3,'serviceprovider','https://serviceprovider.com'),('WSS974','WSS974Name',3,1,3,'serviceprovider','https://serviceprovider.com'),('WSS975','WSS975Name',3,1,3,'serviceprovider','https://serviceprovider.com'),('WSS976','WSS976Name',3,1,3,'serviceprovider','https://serviceprovider.com'),('WSS977','WSS977Name',3,1,3,'serviceprovider','https://serviceprovider.com'),('WSS978','WSS978Name',3,1,3,'serviceprovider','https://serviceprovider.com'),('WSS979','WSS979Name',3,1,3,'serviceprovider','https://serviceprovider.com'),('WSS98','WSS98Name',3,1,3,'serviceprovider','https://serviceprovider.com'),('WSS980','WSS980Name',3,1,3,'serviceprovider','https://serviceprovider.com'),('WSS981','WSS981Name',3,1,3,'serviceprovider','https://serviceprovider.com'),('WSS982','WSS982Name',3,1,3,'serviceprovider','https://serviceprovider.com'),('WSS983','WSS983Name',3,1,3,'serviceprovider','https://serviceprovider.com'),('WSS984','WSS984Name',3,1,3,'serviceprovider','https://serviceprovider.com'),('WSS985','WSS985Name',3,1,3,'serviceprovider','https://serviceprovider.com'),('WSS986','WSS986Name',3,1,3,'serviceprovider','https://serviceprovider.com'),('WSS987','WSS987Name',3,1,3,'serviceprovider','https://serviceprovider.com'),('WSS988','WSS988Name',3,1,3,'serviceprovider','https://serviceprovider.com'),('WSS989','WSS989Name',3,1,3,'serviceprovider','https://serviceprovider.com'),('WSS99','WSS99Name',3,1,3,'serviceprovider','https://serviceprovider.com'),('WSS990','WSS990Name',3,1,3,'serviceprovider','https://serviceprovider.com'),('WSS991','WSS991Name',3,1,3,'serviceprovider','https://serviceprovider.com'),('WSS992','WSS992Name',3,1,3,'serviceprovider','https://serviceprovider.com'),('WSS993','WSS993Name',3,1,3,'serviceprovider','https://serviceprovider.com'),('WSS994','WSS994Name',3,1,3,'serviceprovider','https://serviceprovider.com'),('WSS995','WSS995Name',3,1,3,'serviceprovider','https://serviceprovider.com'),('WSS996','WSS996Name',3,1,3,'serviceprovider','https://serviceprovider.com'),('WSS997','WSS997Name',3,1,3,'serviceprovider','https://serviceprovider.com'),('WSS998','WSS998Name',3,1,3,'serviceprovider','https://serviceprovider.com'),('WSS999','WSS999Name',3,1,3,'serviceprovider','https://serviceprovider.com');
/*!40000 ALTER TABLE `webservicelist` ENABLE KEYS */;
UNLOCK TABLES;
/*!40103 SET TIME_ZONE=@OLD_TIME_ZONE */;

/*!40101 SET SQL_MODE=@OLD_SQL_MODE */;
/*!40014 SET FOREIGN_KEY_CHECKS=@OLD_FOREIGN_KEY_CHECKS */;
/*!40014 SET UNIQUE_CHECKS=@OLD_UNIQUE_CHECKS */;
/*!40101 SET CHARACTER_SET_CLIENT=@OLD_CHARACTER_SET_CLIENT */;
/*!40101 SET CHARACTER_SET_RESULTS=@OLD_CHARACTER_SET_RESULTS */;
/*!40101 SET COLLATION_CONNECTION=@OLD_COLLATION_CONNECTION */;
/*!40111 SET SQL_NOTES=@OLD_SQL_NOTES */;

-- Dump completed on 2023-07-04 11:58:55
