-- MySQL dump 10.13  Distrib 8.0.32, for Win64 (x86_64)
--
-- Host: localhost    Database: autowscs
-- ------------------------------------------------------
-- Server version	8.0.32

/*!40101 SET @OLD_CHARACTER_SET_CLIENT=@@CHARACTER_SET_CLIENT */;
/*!40101 SET @OLD_CHARACTER_SET_RESULTS=@@CHARACTER_SET_RESULTS */;
/*!40101 SET @OLD_COLLATION_CONNECTION=@@COLLATION_CONNECTION */;
/*!50503 SET NAMES utf8mb4 */;
/*!40103 SET @OLD_TIME_ZONE=@@TIME_ZONE */;
/*!40103 SET TIME_ZONE='+00:00' */;
/*!40014 SET @OLD_UNIQUE_CHECKS=@@UNIQUE_CHECKS, UNIQUE_CHECKS=0 */;
/*!40014 SET @OLD_FOREIGN_KEY_CHECKS=@@FOREIGN_KEY_CHECKS, FOREIGN_KEY_CHECKS=0 */;
/*!40101 SET @OLD_SQL_MODE=@@SQL_MODE, SQL_MODE='NO_AUTO_VALUE_ON_ZERO' */;
/*!40111 SET @OLD_SQL_NOTES=@@SQL_NOTES, SQL_NOTES=0 */;

--
-- Table structure for table `auth_group`
--

DROP TABLE IF EXISTS `auth_group`;
/*!40101 SET @saved_cs_client     = @@character_set_client */;
/*!50503 SET character_set_client = utf8mb4 */;
CREATE TABLE `auth_group` (
  `id` int NOT NULL AUTO_INCREMENT,
  `name` varchar(80) NOT NULL,
  PRIMARY KEY (`id`),
  UNIQUE KEY `name` (`name`)
) ENGINE=InnoDB DEFAULT CHARSET=latin1;
/*!40101 SET character_set_client = @saved_cs_client */;

--
-- Dumping data for table `auth_group`
--

LOCK TABLES `auth_group` WRITE;
/*!40000 ALTER TABLE `auth_group` DISABLE KEYS */;
/*!40000 ALTER TABLE `auth_group` ENABLE KEYS */;
UNLOCK TABLES;

--
-- Table structure for table `auth_group_permissions`
--

DROP TABLE IF EXISTS `auth_group_permissions`;
/*!40101 SET @saved_cs_client     = @@character_set_client */;
/*!50503 SET character_set_client = utf8mb4 */;
CREATE TABLE `auth_group_permissions` (
  `id` int NOT NULL AUTO_INCREMENT,
  `group_id` int NOT NULL,
  `permission_id` int NOT NULL,
  PRIMARY KEY (`id`),
  UNIQUE KEY `auth_group_permissions_group_id_permission_id_0cd325b0_uniq` (`group_id`,`permission_id`),
  KEY `auth_group_permissio_permission_id_84c5c92e_fk_auth_perm` (`permission_id`),
  CONSTRAINT `auth_group_permissio_permission_id_84c5c92e_fk_auth_perm` FOREIGN KEY (`permission_id`) REFERENCES `auth_permission` (`id`),
  CONSTRAINT `auth_group_permissions_group_id_b120cbf9_fk_auth_group_id` FOREIGN KEY (`group_id`) REFERENCES `auth_group` (`id`)
) ENGINE=InnoDB DEFAULT CHARSET=latin1;
/*!40101 SET character_set_client = @saved_cs_client */;

--
-- Dumping data for table `auth_group_permissions`
--

LOCK TABLES `auth_group_permissions` WRITE;
/*!40000 ALTER TABLE `auth_group_permissions` DISABLE KEYS */;
/*!40000 ALTER TABLE `auth_group_permissions` ENABLE KEYS */;
UNLOCK TABLES;

--
-- Table structure for table `auth_permission`
--

DROP TABLE IF EXISTS `auth_permission`;
/*!40101 SET @saved_cs_client     = @@character_set_client */;
/*!50503 SET character_set_client = utf8mb4 */;
CREATE TABLE `auth_permission` (
  `id` int NOT NULL AUTO_INCREMENT,
  `name` varchar(255) NOT NULL,
  `content_type_id` int NOT NULL,
  `codename` varchar(100) NOT NULL,
  PRIMARY KEY (`id`),
  UNIQUE KEY `auth_permission_content_type_id_codename_01ab375a_uniq` (`content_type_id`,`codename`),
  CONSTRAINT `auth_permission_content_type_id_2f476e4b_fk_django_co` FOREIGN KEY (`content_type_id`) REFERENCES `django_content_type` (`id`)
) ENGINE=InnoDB AUTO_INCREMENT=25 DEFAULT CHARSET=latin1;
/*!40101 SET character_set_client = @saved_cs_client */;

--
-- Dumping data for table `auth_permission`
--

LOCK TABLES `auth_permission` WRITE;
/*!40000 ALTER TABLE `auth_permission` DISABLE KEYS */;
INSERT INTO `auth_permission` VALUES (1,'Can add log entry',1,'add_logentry'),(2,'Can change log entry',1,'change_logentry'),(3,'Can delete log entry',1,'delete_logentry'),(4,'Can view log entry',1,'view_logentry'),(5,'Can add permission',2,'add_permission'),(6,'Can change permission',2,'change_permission'),(7,'Can delete permission',2,'delete_permission'),(8,'Can view permission',2,'view_permission'),(9,'Can add group',3,'add_group'),(10,'Can change group',3,'change_group'),(11,'Can delete group',3,'delete_group'),(12,'Can view group',3,'view_group'),(13,'Can add user',4,'add_user'),(14,'Can change user',4,'change_user'),(15,'Can delete user',4,'delete_user'),(16,'Can view user',4,'view_user'),(17,'Can add content type',5,'add_contenttype'),(18,'Can change content type',5,'change_contenttype'),(19,'Can delete content type',5,'delete_contenttype'),(20,'Can view content type',5,'view_contenttype'),(21,'Can add session',6,'add_session'),(22,'Can change session',6,'change_session'),(23,'Can delete session',6,'delete_session'),(24,'Can view session',6,'view_session');
/*!40000 ALTER TABLE `auth_permission` ENABLE KEYS */;
UNLOCK TABLES;

--
-- Table structure for table `auth_user`
--

DROP TABLE IF EXISTS `auth_user`;
/*!40101 SET @saved_cs_client     = @@character_set_client */;
/*!50503 SET character_set_client = utf8mb4 */;
CREATE TABLE `auth_user` (
  `id` int NOT NULL AUTO_INCREMENT,
  `password` varchar(128) NOT NULL,
  `last_login` datetime(6) DEFAULT NULL,
  `is_superuser` tinyint(1) NOT NULL,
  `username` varchar(150) NOT NULL,
  `first_name` varchar(30) NOT NULL,
  `last_name` varchar(150) NOT NULL,
  `email` varchar(254) NOT NULL,
  `is_staff` tinyint(1) NOT NULL,
  `is_active` tinyint(1) NOT NULL,
  `date_joined` datetime(6) NOT NULL,
  PRIMARY KEY (`id`),
  UNIQUE KEY `username` (`username`)
) ENGINE=InnoDB AUTO_INCREMENT=2 DEFAULT CHARSET=latin1;
/*!40101 SET character_set_client = @saved_cs_client */;

--
-- Dumping data for table `auth_user`
--

LOCK TABLES `auth_user` WRITE;
/*!40000 ALTER TABLE `auth_user` DISABLE KEYS */;
INSERT INTO `auth_user` VALUES (1,'pbkdf2_sha256$120000$t1PV0MeFrM2P$mdFVt5O/PMrM6U6PP4ei7LDjVNuN0OJi97bq+oRxpQg=','2020-10-19 22:21:14.385392',0,'kgayke','','','k2gaike@gmail.com',0,1,'2020-10-19 22:21:13.589791');
/*!40000 ALTER TABLE `auth_user` ENABLE KEYS */;
UNLOCK TABLES;

--
-- Table structure for table `auth_user_groups`
--

DROP TABLE IF EXISTS `auth_user_groups`;
/*!40101 SET @saved_cs_client     = @@character_set_client */;
/*!50503 SET character_set_client = utf8mb4 */;
CREATE TABLE `auth_user_groups` (
  `id` int NOT NULL AUTO_INCREMENT,
  `user_id` int NOT NULL,
  `group_id` int NOT NULL,
  PRIMARY KEY (`id`),
  UNIQUE KEY `auth_user_groups_user_id_group_id_94350c0c_uniq` (`user_id`,`group_id`),
  KEY `auth_user_groups_group_id_97559544_fk_auth_group_id` (`group_id`),
  CONSTRAINT `auth_user_groups_group_id_97559544_fk_auth_group_id` FOREIGN KEY (`group_id`) REFERENCES `auth_group` (`id`),
  CONSTRAINT `auth_user_groups_user_id_6a12ed8b_fk_auth_user_id` FOREIGN KEY (`user_id`) REFERENCES `auth_user` (`id`)
) ENGINE=InnoDB DEFAULT CHARSET=latin1;
/*!40101 SET character_set_client = @saved_cs_client */;

--
-- Dumping data for table `auth_user_groups`
--

LOCK TABLES `auth_user_groups` WRITE;
/*!40000 ALTER TABLE `auth_user_groups` DISABLE KEYS */;
/*!40000 ALTER TABLE `auth_user_groups` ENABLE KEYS */;
UNLOCK TABLES;

--
-- Table structure for table `auth_user_user_permissions`
--

DROP TABLE IF EXISTS `auth_user_user_permissions`;
/*!40101 SET @saved_cs_client     = @@character_set_client */;
/*!50503 SET character_set_client = utf8mb4 */;
CREATE TABLE `auth_user_user_permissions` (
  `id` int NOT NULL AUTO_INCREMENT,
  `user_id` int NOT NULL,
  `permission_id` int NOT NULL,
  PRIMARY KEY (`id`),
  UNIQUE KEY `auth_user_user_permissions_user_id_permission_id_14a6b632_uniq` (`user_id`,`permission_id`),
  KEY `auth_user_user_permi_permission_id_1fbb5f2c_fk_auth_perm` (`permission_id`),
  CONSTRAINT `auth_user_user_permi_permission_id_1fbb5f2c_fk_auth_perm` FOREIGN KEY (`permission_id`) REFERENCES `auth_permission` (`id`),
  CONSTRAINT `auth_user_user_permissions_user_id_a95ead1b_fk_auth_user_id` FOREIGN KEY (`user_id`) REFERENCES `auth_user` (`id`)
) ENGINE=InnoDB DEFAULT CHARSET=latin1;
/*!40101 SET character_set_client = @saved_cs_client */;

--
-- Dumping data for table `auth_user_user_permissions`
--

LOCK TABLES `auth_user_user_permissions` WRITE;
/*!40000 ALTER TABLE `auth_user_user_permissions` DISABLE KEYS */;
/*!40000 ALTER TABLE `auth_user_user_permissions` ENABLE KEYS */;
UNLOCK TABLES;

--
-- Table structure for table `careerpath`
--

DROP TABLE IF EXISTS `careerpath`;
/*!40101 SET @saved_cs_client     = @@character_set_client */;
/*!50503 SET character_set_client = utf8mb4 */;
CREATE TABLE `careerpath` (
  `careerPathID` char(4) NOT NULL,
  `careerPathName` varchar(50) DEFAULT NULL,
  PRIMARY KEY (`careerPathID`)
) ENGINE=InnoDB DEFAULT CHARSET=latin1;
/*!40101 SET character_set_client = @saved_cs_client */;

--
-- Dumping data for table `careerpath`
--

LOCK TABLES `careerpath` WRITE;
/*!40000 ALTER TABLE `careerpath` DISABLE KEYS */;
INSERT INTO `careerpath` VALUES ('C100','Data Analyst');
/*!40000 ALTER TABLE `careerpath` ENABLE KEYS */;
UNLOCK TABLES;

--
-- Table structure for table `django_admin_log`
--

DROP TABLE IF EXISTS `django_admin_log`;
/*!40101 SET @saved_cs_client     = @@character_set_client */;
/*!50503 SET character_set_client = utf8mb4 */;
CREATE TABLE `django_admin_log` (
  `id` int NOT NULL AUTO_INCREMENT,
  `action_time` datetime(6) NOT NULL,
  `object_id` longtext,
  `object_repr` varchar(200) NOT NULL,
  `action_flag` smallint unsigned NOT NULL,
  `change_message` longtext NOT NULL,
  `content_type_id` int DEFAULT NULL,
  `user_id` int NOT NULL,
  PRIMARY KEY (`id`),
  KEY `django_admin_log_content_type_id_c4bce8eb_fk_django_co` (`content_type_id`),
  KEY `django_admin_log_user_id_c564eba6_fk_auth_user_id` (`user_id`),
  CONSTRAINT `django_admin_log_content_type_id_c4bce8eb_fk_django_co` FOREIGN KEY (`content_type_id`) REFERENCES `django_content_type` (`id`),
  CONSTRAINT `django_admin_log_user_id_c564eba6_fk_auth_user_id` FOREIGN KEY (`user_id`) REFERENCES `auth_user` (`id`)
) ENGINE=InnoDB DEFAULT CHARSET=latin1;
/*!40101 SET character_set_client = @saved_cs_client */;

--
-- Dumping data for table `django_admin_log`
--

LOCK TABLES `django_admin_log` WRITE;
/*!40000 ALTER TABLE `django_admin_log` DISABLE KEYS */;
/*!40000 ALTER TABLE `django_admin_log` ENABLE KEYS */;
UNLOCK TABLES;

--
-- Table structure for table `django_content_type`
--

DROP TABLE IF EXISTS `django_content_type`;
/*!40101 SET @saved_cs_client     = @@character_set_client */;
/*!50503 SET character_set_client = utf8mb4 */;
CREATE TABLE `django_content_type` (
  `id` int NOT NULL AUTO_INCREMENT,
  `app_label` varchar(100) NOT NULL,
  `model` varchar(100) NOT NULL,
  PRIMARY KEY (`id`),
  UNIQUE KEY `django_content_type_app_label_model_76bd3d3b_uniq` (`app_label`,`model`)
) ENGINE=InnoDB AUTO_INCREMENT=7 DEFAULT CHARSET=latin1;
/*!40101 SET character_set_client = @saved_cs_client */;

--
-- Dumping data for table `django_content_type`
--

LOCK TABLES `django_content_type` WRITE;
/*!40000 ALTER TABLE `django_content_type` DISABLE KEYS */;
INSERT INTO `django_content_type` VALUES (1,'admin','logentry'),(3,'auth','group'),(2,'auth','permission'),(4,'auth','user'),(5,'contenttypes','contenttype'),(6,'sessions','session');
/*!40000 ALTER TABLE `django_content_type` ENABLE KEYS */;
UNLOCK TABLES;

--
-- Table structure for table `django_migrations`
--

DROP TABLE IF EXISTS `django_migrations`;
/*!40101 SET @saved_cs_client     = @@character_set_client */;
/*!50503 SET character_set_client = utf8mb4 */;
CREATE TABLE `django_migrations` (
  `id` int NOT NULL AUTO_INCREMENT,
  `app` varchar(255) NOT NULL,
  `name` varchar(255) NOT NULL,
  `applied` datetime(6) NOT NULL,
  PRIMARY KEY (`id`)
) ENGINE=InnoDB AUTO_INCREMENT=16 DEFAULT CHARSET=latin1;
/*!40101 SET character_set_client = @saved_cs_client */;

--
-- Dumping data for table `django_migrations`
--

LOCK TABLES `django_migrations` WRITE;
/*!40000 ALTER TABLE `django_migrations` DISABLE KEYS */;
INSERT INTO `django_migrations` VALUES (1,'contenttypes','0001_initial','2020-03-09 23:45:06.538733'),(2,'auth','0001_initial','2020-03-09 23:45:10.018233'),(3,'admin','0001_initial','2020-03-09 23:45:11.118233'),(4,'admin','0002_logentry_remove_auto_add','2020-03-09 23:45:11.139233'),(5,'admin','0003_logentry_add_action_flag_choices','2020-03-09 23:45:11.169233'),(6,'contenttypes','0002_remove_content_type_name','2020-03-09 23:45:11.498233'),(7,'auth','0002_alter_permission_name_max_length','2020-03-09 23:45:11.539233'),(8,'auth','0003_alter_user_email_max_length','2020-03-09 23:45:11.619233'),(9,'auth','0004_alter_user_username_opts','2020-03-09 23:45:11.629233'),(10,'auth','0005_alter_user_last_login_null','2020-03-09 23:45:11.770233'),(11,'auth','0006_require_contenttypes_0002','2020-03-09 23:45:11.810233'),(12,'auth','0007_alter_validators_add_error_messages','2020-03-09 23:45:11.820233'),(13,'auth','0008_alter_user_username_max_length','2020-03-09 23:45:11.831233'),(14,'auth','0009_alter_user_last_name_max_length','2020-03-09 23:45:11.949233'),(15,'sessions','0001_initial','2020-03-09 23:45:12.140233');
/*!40000 ALTER TABLE `django_migrations` ENABLE KEYS */;
UNLOCK TABLES;

--
-- Table structure for table `django_session`
--

DROP TABLE IF EXISTS `django_session`;
/*!40101 SET @saved_cs_client     = @@character_set_client */;
/*!50503 SET character_set_client = utf8mb4 */;
CREATE TABLE `django_session` (
  `session_key` varchar(40) NOT NULL,
  `session_data` longtext NOT NULL,
  `expire_date` datetime(6) NOT NULL,
  PRIMARY KEY (`session_key`),
  KEY `django_session_expire_date_a5c62663` (`expire_date`)
) ENGINE=InnoDB DEFAULT CHARSET=latin1;
/*!40101 SET character_set_client = @saved_cs_client */;

--
-- Dumping data for table `django_session`
--

LOCK TABLES `django_session` WRITE;
/*!40000 ALTER TABLE `django_session` DISABLE KEYS */;
INSERT INTO `django_session` VALUES ('tyl1c5xdi2x8x2jwg76rgv4m7k8zrh9f','Y2FhMTEwYWE3NTdhZjlkMTFkYzhlMDM0OGM4NTU4YzVjZGQwZDM0Njp7Il9hdXRoX3VzZXJfaWQiOiIxIiwiX2F1dGhfdXNlcl9iYWNrZW5kIjoiZGphbmdvLmNvbnRyaWIuYXV0aC5iYWNrZW5kcy5Nb2RlbEJhY2tlbmQiLCJfYXV0aF91c2VyX2hhc2giOiJmMzIyNjA4ZWY3OTQ5MWYwMTUwOGMyMDFlMDIzZmRjNjI3MTU4N2IzIn0=','2020-11-02 22:21:14.400992');
/*!40000 ALTER TABLE `django_session` ENABLE KEYS */;
UNLOCK TABLES;

--
-- Table structure for table `initialgoalparameter`
--

DROP TABLE IF EXISTS `initialgoalparameter`;
/*!40101 SET @saved_cs_client     = @@character_set_client */;
/*!50503 SET character_set_client = utf8mb4 */;
CREATE TABLE `initialgoalparameter` (
  `transactionID` bigint NOT NULL,
  `iorg` varchar(10) NOT NULL,
  `parameterID` varchar(10) NOT NULL,
  PRIMARY KEY (`transactionID`,`iorg`,`parameterID`),
  KEY `knowledgeID` (`parameterID`),
  CONSTRAINT `initialgoalparameter_ibfk_1` FOREIGN KEY (`parameterID`) REFERENCES `parameterlist` (`parameterID`)
) ENGINE=InnoDB DEFAULT CHARSET=latin1;
/*!40101 SET character_set_client = @saved_cs_client */;

--
-- Dumping data for table `initialgoalparameter`
--

LOCK TABLES `initialgoalparameter` WRITE;
/*!40000 ALTER TABLE `initialgoalparameter` DISABLE KEYS */;
INSERT INTO `initialgoalparameter` VALUES (1,'I','p1'),(4,'G','p1'),(6,'I','p1'),(7,'I','p1'),(10,'I','p1'),(11,'I','p1'),(12,'I','p1'),(13,'I','p1'),(17,'I','p1'),(19,'I','p1'),(22,'I','p1'),(25,'G','p1'),(27,'G','p1'),(28,'I','p1'),(30,'G','p1'),(1,'I','p10'),(3,'I','p10'),(5,'G','p10'),(6,'I','p10'),(8,'I','p10'),(12,'G','p10'),(14,'G','p10'),(16,'I','p10'),(17,'G','p10'),(18,'I','p10'),(19,'G','p10'),(21,'I','p10'),(22,'I','p10'),(24,'I','p10'),(28,'G','p10'),(29,'G','p10'),(1,'I','p11'),(3,'I','p11'),(4,'I','p11'),(6,'G','p11'),(8,'I','p11'),(11,'I','p11'),(13,'I','p11'),(14,'G','p11'),(16,'G','p11'),(22,'I','p11'),(24,'I','p11'),(29,'I','p11'),(30,'I','p11'),(1,'G','p12'),(2,'I','p12'),(3,'I','p12'),(4,'G','p12'),(7,'I','p12'),(8,'G','p12'),(14,'I','p12'),(19,'G','p12'),(22,'I','p12'),(23,'I','p12'),(24,'I','p12'),(26,'I','p12'),(28,'G','p12'),(29,'I','p12'),(1,'G','p13'),(3,'I','p13'),(4,'G','p13'),(6,'G','p13'),(8,'I','p13'),(12,'G','p13'),(13,'G','p13'),(15,'I','p13'),(16,'G','p13'),(17,'G','p13'),(18,'G','p13'),(21,'I','p13'),(22,'G','p13'),(23,'I','p13'),(25,'G','p13'),(27,'I','p13'),(28,'I','p13'),(30,'I','p13'),(1,'I','p14'),(2,'I','p14'),(3,'G','p14'),(9,'G','p14'),(11,'G','p14'),(15,'I','p14'),(17,'G','p14'),(19,'I','p14'),(22,'G','p14'),(25,'I','p14'),(27,'I','p14'),(29,'I','p14'),(30,'G','p14'),(7,'I','p15'),(9,'I','p15'),(11,'I','p15'),(17,'I','p15'),(18,'I','p15'),(19,'G','p15'),(22,'G','p15'),(25,'G','p15'),(27,'I','p15'),(30,'G','p15'),(1,'I','p16'),(2,'I','p16'),(3,'G','p16'),(4,'I','p16'),(5,'I','p16'),(6,'G','p16'),(12,'G','p16'),(13,'G','p16'),(15,'I','p16'),(16,'I','p16'),(17,'I','p16'),(18,'I','p16'),(21,'I','p16'),(28,'I','p16'),(29,'G','p16'),(30,'G','p16'),(1,'I','p17'),(3,'G','p17'),(5,'I','p17'),(6,'I','p17'),(7,'G','p17'),(8,'I','p17'),(10,'I','p17'),(11,'I','p17'),(13,'I','p17'),(15,'I','p17'),(16,'I','p17'),(20,'I','p17'),(21,'I','p17'),(24,'G','p17'),(25,'I','p17'),(26,'I','p17'),(27,'G','p17'),(29,'I','p17'),(2,'G','p18'),(3,'I','p18'),(4,'I','p18'),(6,'I','p18'),(9,'I','p18'),(14,'I','p18'),(15,'I','p18'),(16,'I','p18'),(17,'I','p18'),(21,'I','p18'),(23,'I','p18'),(25,'G','p18'),(26,'I','p18'),(27,'G','p18'),(3,'I','p19'),(5,'G','p19'),(9,'I','p19'),(10,'G','p19'),(11,'I','p19'),(15,'G','p19'),(16,'I','p19'),(17,'G','p19'),(20,'I','p19'),(22,'I','p19'),(23,'I','p19'),(24,'G','p19'),(1,'G','p2'),(4,'G','p2'),(5,'I','p2'),(10,'I','p2'),(15,'G','p2'),(17,'I','p2'),(20,'I','p2'),(22,'I','p2'),(23,'I','p2'),(24,'I','p2'),(26,'G','p2'),(2,'G','p20'),(3,'G','p20'),(5,'G','p20'),(6,'I','p20'),(7,'I','p20'),(8,'I','p20'),(10,'I','p20'),(11,'I','p20'),(13,'I','p20'),(14,'I','p20'),(15,'I','p20'),(16,'I','p20'),(19,'I','p20'),(21,'G','p20'),(22,'G','p20'),(24,'I','p20'),(26,'I','p20'),(28,'G','p20'),(30,'I','p20'),(1,'I','p21'),(2,'I','p21'),(4,'I','p21'),(6,'I','p21'),(10,'I','p21'),(15,'I','p21'),(18,'I','p21'),(19,'I','p21'),(22,'G','p21'),(23,'G','p21'),(26,'I','p21'),(27,'I','p21'),(28,'I','p21'),(30,'I','p21'),(1,'I','p22'),(3,'I','p22'),(5,'G','p22'),(6,'G','p22'),(7,'I','p22'),(10,'I','p22'),(12,'G','p22'),(14,'I','p22'),(22,'I','p22'),(23,'G','p22'),(24,'I','p22'),(27,'G','p22'),(30,'I','p22'),(3,'I','p23'),(9,'I','p23'),(14,'G','p23'),(15,'I','p23'),(20,'G','p23'),(21,'G','p23'),(22,'G','p23'),(23,'I','p23'),(27,'G','p23'),(29,'I','p23'),(30,'I','p23'),(1,'I','p24'),(2,'I','p24'),(4,'I','p24'),(5,'I','p24'),(6,'G','p24'),(7,'I','p24'),(8,'G','p24'),(11,'I','p24'),(14,'I','p24'),(15,'I','p24'),(16,'G','p24'),(18,'I','p24'),(24,'G','p24'),(29,'G','p24'),(1,'G','p25'),(2,'I','p25'),(3,'I','p25'),(4,'I','p25'),(7,'G','p25'),(10,'I','p25'),(11,'G','p25'),(15,'G','p25'),(18,'I','p25'),(19,'I','p25'),(23,'G','p25'),(25,'G','p25'),(27,'I','p25'),(29,'G','p25'),(3,'I','p26'),(6,'G','p26'),(9,'I','p26'),(12,'I','p26'),(15,'G','p26'),(16,'G','p26'),(17,'I','p26'),(18,'G','p26'),(19,'I','p26'),(20,'I','p26'),(23,'I','p26'),(28,'I','p26'),(3,'I','p27'),(4,'I','p27'),(7,'I','p27'),(10,'G','p27'),(12,'I','p27'),(13,'I','p27'),(15,'I','p27'),(16,'I','p27'),(17,'I','p27'),(22,'I','p27'),(24,'I','p27'),(25,'I','p27'),(26,'I','p27'),(27,'I','p27'),(29,'G','p27'),(30,'G','p27'),(1,'I','p28'),(5,'I','p28'),(7,'G','p28'),(8,'I','p28'),(9,'I','p28'),(13,'I','p28'),(14,'I','p28'),(15,'I','p28'),(16,'I','p28'),(17,'G','p28'),(20,'I','p28'),(21,'I','p28'),(24,'G','p28'),(26,'I','p28'),(27,'I','p28'),(29,'G','p28'),(2,'I','p29'),(5,'I','p29'),(6,'G','p29'),(10,'G','p29'),(16,'G','p29'),(19,'I','p29'),(21,'G','p29'),(22,'I','p29'),(24,'I','p29'),(25,'I','p29'),(27,'I','p29'),(28,'G','p29'),(29,'I','p29'),(30,'G','p29'),(2,'I','p3'),(3,'G','p3'),(4,'I','p3'),(7,'G','p3'),(10,'G','p3'),(12,'G','p3'),(13,'I','p3'),(14,'I','p3'),(15,'I','p3'),(18,'I','p3'),(21,'I','p3'),(22,'G','p3'),(23,'G','p3'),(24,'I','p3'),(25,'G','p3'),(26,'G','p3'),(27,'I','p3'),(28,'G','p3'),(30,'G','p3'),(1,'I','p30'),(2,'G','p30'),(5,'I','p30'),(6,'I','p30'),(7,'I','p30'),(8,'I','p30'),(10,'I','p30'),(13,'I','p30'),(14,'I','p30'),(15,'I','p30'),(18,'G','p30'),(20,'I','p30'),(24,'I','p30'),(25,'I','p30'),(27,'I','p30'),(30,'I','p30'),(4,'I','p31'),(7,'G','p31'),(10,'I','p31'),(11,'I','p31'),(12,'G','p31'),(13,'G','p31'),(16,'I','p31'),(18,'G','p31'),(19,'G','p31'),(23,'I','p31'),(25,'I','p31'),(27,'G','p31'),(8,'I','p32'),(9,'I','p32'),(13,'I','p32'),(14,'I','p32'),(16,'I','p32'),(17,'I','p32'),(19,'I','p32'),(20,'I','p32'),(21,'G','p32'),(23,'I','p32'),(25,'I','p32'),(27,'I','p32'),(28,'I','p32'),(29,'G','p32'),(30,'I','p32'),(7,'I','p33'),(11,'G','p33'),(12,'I','p33'),(16,'G','p33'),(20,'G','p33'),(25,'G','p33'),(28,'I','p33'),(1,'G','p34'),(7,'I','p34'),(8,'I','p34'),(10,'I','p34'),(16,'G','p34'),(18,'I','p34'),(21,'I','p34'),(23,'I','p34'),(28,'I','p34'),(29,'I','p34'),(2,'G','p35'),(3,'G','p35'),(4,'I','p35'),(8,'I','p35'),(11,'I','p35'),(12,'I','p35'),(13,'G','p35'),(14,'I','p35'),(18,'I','p35'),(19,'I','p35'),(20,'G','p35'),(24,'G','p35'),(25,'I','p35'),(28,'I','p35'),(4,'I','p36'),(5,'G','p36'),(9,'I','p36'),(11,'I','p36'),(12,'I','p36'),(14,'I','p36'),(18,'I','p36'),(19,'G','p36'),(23,'G','p36'),(27,'G','p36'),(28,'I','p36'),(29,'G','p36'),(5,'G','p37'),(6,'I','p37'),(7,'G','p37'),(9,'G','p37'),(10,'I','p37'),(13,'G','p37'),(15,'I','p37'),(18,'I','p37'),(20,'I','p37'),(21,'G','p37'),(25,'I','p37'),(26,'G','p37'),(29,'I','p37'),(30,'I','p37'),(2,'I','p38'),(3,'G','p38'),(7,'I','p38'),(8,'I','p38'),(10,'I','p38'),(12,'I','p38'),(14,'I','p38'),(15,'G','p38'),(16,'I','p38'),(23,'I','p38'),(26,'G','p38'),(29,'I','p38'),(30,'I','p38'),(2,'I','p39'),(4,'I','p39'),(8,'G','p39'),(11,'I','p39'),(14,'I','p39'),(17,'I','p39'),(18,'I','p39'),(21,'I','p39'),(22,'I','p39'),(23,'I','p39'),(24,'G','p39'),(25,'I','p39'),(26,'I','p39'),(27,'I','p39'),(28,'I','p39'),(30,'I','p39'),(1,'I','p4'),(6,'I','p4'),(8,'G','p4'),(9,'G','p4'),(11,'I','p4'),(12,'G','p4'),(19,'I','p4'),(20,'I','p4'),(21,'I','p4'),(27,'I','p4'),(1,'I','p40'),(3,'I','p40'),(4,'G','p40'),(5,'I','p40'),(6,'I','p40'),(8,'I','p40'),(9,'I','p40'),(15,'I','p40'),(16,'G','p40'),(17,'G','p40'),(19,'I','p40'),(20,'I','p40'),(22,'I','p40'),(26,'I','p40'),(27,'G','p40'),(28,'I','p40'),(3,'I','p41'),(4,'I','p41'),(5,'I','p41'),(6,'I','p41'),(8,'I','p41'),(9,'I','p41'),(10,'I','p41'),(12,'I','p41'),(13,'I','p41'),(15,'I','p41'),(18,'I','p41'),(22,'I','p41'),(23,'I','p41'),(24,'G','p41'),(25,'I','p41'),(26,'G','p41'),(28,'I','p41'),(29,'I','p41'),(30,'I','p41'),(1,'I','p42'),(5,'I','p42'),(8,'I','p42'),(9,'I','p42'),(11,'I','p42'),(12,'I','p42'),(13,'G','p42'),(14,'I','p42'),(15,'G','p42'),(17,'I','p42'),(18,'I','p42'),(20,'I','p42'),(22,'I','p42'),(23,'I','p42'),(24,'I','p42'),(25,'I','p42'),(2,'G','p43'),(4,'G','p43'),(5,'I','p43'),(6,'I','p43'),(8,'G','p43'),(10,'I','p43'),(11,'G','p43'),(13,'I','p43'),(16,'I','p43'),(17,'I','p43'),(18,'G','p43'),(19,'I','p43'),(25,'I','p43'),(26,'G','p43'),(4,'I','p44'),(7,'I','p44'),(8,'G','p44'),(9,'I','p44'),(13,'G','p44'),(18,'I','p44'),(20,'I','p44'),(22,'I','p44'),(26,'I','p44'),(30,'I','p44'),(2,'I','p45'),(3,'I','p45'),(4,'I','p45'),(9,'I','p45'),(10,'G','p45'),(12,'I','p45'),(16,'I','p45'),(19,'G','p45'),(20,'G','p45'),(23,'I','p45'),(24,'I','p45'),(26,'G','p45'),(28,'G','p45'),(29,'I','p45'),(2,'I','p46'),(4,'I','p46'),(8,'G','p46'),(9,'I','p46'),(12,'I','p46'),(13,'I','p46'),(24,'I','p46'),(27,'I','p46'),(28,'I','p46'),(1,'I','p47'),(2,'I','p47'),(3,'I','p47'),(4,'G','p47'),(5,'I','p47'),(7,'G','p47'),(8,'I','p47'),(13,'I','p47'),(17,'G','p47'),(18,'G','p47'),(21,'G','p47'),(23,'G','p47'),(26,'I','p47'),(28,'I','p47'),(1,'G','p48'),(2,'G','p48'),(4,'G','p48'),(5,'I','p48'),(8,'I','p48'),(9,'G','p48'),(10,'I','p48'),(11,'I','p48'),(12,'I','p48'),(14,'G','p48'),(17,'I','p48'),(20,'I','p48'),(21,'I','p48'),(24,'I','p48'),(26,'I','p48'),(27,'I','p48'),(28,'I','p48'),(29,'I','p48'),(30,'G','p48'),(2,'G','p49'),(3,'I','p49'),(8,'G','p49'),(10,'G','p49'),(14,'G','p49'),(16,'I','p49'),(18,'I','p49'),(24,'I','p49'),(25,'I','p49'),(27,'I','p49'),(28,'I','p49'),(1,'G','p5'),(3,'G','p5'),(4,'G','p5'),(5,'G','p5'),(7,'I','p5'),(9,'I','p5'),(10,'I','p5'),(11,'I','p5'),(13,'I','p5'),(14,'G','p5'),(18,'G','p5'),(20,'G','p5'),(22,'G','p5'),(30,'I','p5'),(2,'G','p50'),(3,'I','p50'),(5,'G','p50'),(6,'I','p50'),(10,'I','p50'),(12,'G','p50'),(14,'G','p50'),(16,'I','p50'),(17,'G','p50'),(20,'I','p50'),(22,'I','p50'),(23,'I','p50'),(24,'I','p50'),(27,'I','p50'),(4,'I','p51'),(5,'I','p51'),(6,'I','p51'),(7,'I','p51'),(11,'G','p51'),(12,'I','p51'),(16,'G','p51'),(19,'G','p51'),(20,'G','p51'),(23,'G','p51'),(25,'G','p51'),(26,'G','p51'),(27,'G','p51'),(28,'I','p51'),(29,'I','p51'),(30,'I','p51'),(3,'G','p52'),(5,'I','p52'),(6,'I','p52'),(7,'G','p52'),(11,'G','p52'),(14,'I','p52'),(17,'I','p52'),(19,'I','p52'),(20,'I','p52'),(24,'I','p52'),(26,'I','p52'),(2,'I','p53'),(3,'G','p53'),(12,'I','p53'),(17,'I','p53'),(18,'I','p53'),(19,'I','p53'),(20,'I','p53'),(21,'I','p53'),(22,'I','p53'),(26,'I','p53'),(28,'G','p53'),(30,'I','p53'),(3,'I','p54'),(5,'I','p54'),(6,'I','p54'),(7,'I','p54'),(8,'G','p54'),(9,'G','p54'),(11,'I','p54'),(12,'I','p54'),(15,'G','p54'),(17,'G','p54'),(25,'I','p54'),(26,'I','p54'),(29,'I','p54'),(5,'I','p55'),(10,'G','p55'),(11,'G','p55'),(12,'G','p55'),(13,'I','p55'),(14,'I','p55'),(15,'G','p55'),(19,'G','p55'),(21,'I','p55'),(22,'I','p55'),(23,'G','p55'),(25,'G','p55'),(26,'I','p55'),(29,'G','p55'),(30,'G','p55'),(1,'G','p56'),(2,'G','p56'),(7,'I','p56'),(9,'I','p56'),(13,'I','p56'),(15,'I','p56'),(18,'I','p56'),(20,'I','p56'),(21,'I','p56'),(24,'G','p56'),(27,'G','p56'),(29,'I','p56'),(1,'I','p57'),(2,'I','p57'),(6,'G','p57'),(7,'I','p57'),(8,'I','p57'),(12,'I','p57'),(16,'G','p57'),(17,'I','p57'),(18,'G','p57'),(19,'G','p57'),(21,'I','p57'),(23,'G','p57'),(24,'I','p57'),(26,'G','p57'),(27,'I','p57'),(30,'I','p57'),(3,'I','p58'),(6,'I','p58'),(8,'I','p58'),(9,'I','p58'),(10,'G','p58'),(14,'I','p58'),(19,'I','p58'),(20,'G','p58'),(21,'I','p58'),(23,'I','p58'),(25,'G','p58'),(28,'I','p58'),(29,'I','p58'),(4,'I','p59'),(6,'G','p59'),(9,'G','p59'),(11,'I','p59'),(13,'I','p59'),(14,'I','p59'),(15,'I','p59'),(17,'I','p59'),(18,'I','p59'),(20,'G','p59'),(21,'I','p59'),(25,'I','p59'),(26,'G','p59'),(27,'I','p59'),(29,'I','p59'),(3,'I','p6'),(9,'G','p6'),(10,'I','p6'),(12,'I','p6'),(16,'I','p6'),(20,'I','p6'),(21,'G','p6'),(22,'G','p6'),(24,'I','p6'),(26,'I','p6'),(30,'G','p6'),(1,'I','p60'),(5,'G','p60'),(7,'I','p60'),(9,'G','p60'),(11,'I','p60'),(12,'I','p60'),(13,'G','p60'),(14,'G','p60'),(18,'I','p60'),(19,'I','p60'),(21,'G','p60'),(22,'I','p60'),(29,'I','p60'),(1,'I','p61'),(2,'I','p61'),(4,'I','p61'),(6,'I','p61'),(9,'G','p61'),(16,'I','p61'),(17,'G','p61'),(19,'G','p61'),(21,'I','p61'),(23,'I','p61'),(25,'I','p61'),(27,'I','p61'),(28,'G','p61'),(30,'I','p61'),(1,'G','p62'),(2,'I','p62'),(4,'I','p62'),(5,'I','p62'),(6,'I','p62'),(7,'G','p62'),(9,'I','p62'),(13,'I','p62'),(16,'I','p62'),(17,'I','p62'),(20,'I','p62'),(21,'I','p62'),(25,'I','p62'),(26,'I','p62'),(28,'G','p62'),(29,'I','p62'),(2,'I','p63'),(5,'I','p63'),(6,'G','p63'),(7,'G','p63'),(8,'I','p63'),(9,'I','p63'),(10,'G','p63'),(11,'G','p63'),(13,'G','p63'),(17,'I','p63'),(20,'I','p63'),(21,'G','p63'),(22,'G','p63'),(24,'G','p63'),(26,'I','p63'),(28,'G','p63'),(29,'G','p63'),(1,'I','p64'),(4,'G','p64'),(8,'G','p64'),(9,'G','p64'),(10,'I','p64'),(11,'G','p64'),(13,'G','p64'),(14,'G','p64'),(15,'G','p64'),(17,'I','p64'),(18,'G','p64'),(19,'I','p64'),(21,'G','p64'),(22,'I','p64'),(23,'I','p64'),(28,'I','p64'),(30,'I','p64'),(5,'G','p65'),(12,'G','p65'),(13,'I','p65'),(14,'I','p65'),(15,'I','p65'),(19,'I','p65'),(20,'G','p65'),(22,'I','p65'),(24,'G','p65'),(25,'I','p65'),(29,'I','p65'),(2,'I','p7'),(7,'I','p7'),(11,'I','p7'),(12,'I','p7'),(14,'I','p7'),(15,'I','p7'),(16,'I','p7'),(17,'I','p7'),(23,'I','p7'),(26,'I','p7'),(30,'I','p7'),(1,'G','p8'),(2,'I','p8'),(5,'I','p8'),(10,'G','p8'),(11,'G','p8'),(12,'I','p8'),(14,'G','p8'),(15,'G','p8'),(18,'G','p8'),(19,'I','p8'),(23,'G','p8'),(24,'I','p8'),(1,'I','p9'),(2,'G','p9'),(6,'I','p9'),(7,'I','p9'),(8,'I','p9'),(9,'I','p9'),(10,'I','p9'),(11,'I','p9'),(13,'I','p9'),(16,'I','p9'),(19,'I','p9'),(20,'G','p9'),(21,'I','p9'),(25,'I','p9');
/*!40000 ALTER TABLE `initialgoalparameter` ENABLE KEYS */;
UNLOCK TABLES;

--
-- Table structure for table `inputparameter`
--

DROP TABLE IF EXISTS `inputparameter`;
/*!40101 SET @saved_cs_client     = @@character_set_client */;
/*!50503 SET character_set_client = utf8mb4 */;
CREATE TABLE `inputparameter` (
  `webServiceID` varchar(10) NOT NULL,
  `parameterID` varchar(10) NOT NULL,
  PRIMARY KEY (`webServiceID`,`parameterID`),
  KEY `knowledgeID` (`parameterID`)
) ENGINE=InnoDB DEFAULT CHARSET=latin1;
/*!40101 SET character_set_client = @saved_cs_client */;

--
-- Dumping data for table `inputparameter`
--

LOCK TABLES `inputparameter` WRITE;
/*!40000 ALTER TABLE `inputparameter` DISABLE KEYS */;
INSERT INTO `inputparameter` VALUES ('WSS127','p1'),('WSS14','p1'),('WSS141','p1'),('WSS155','p1'),('WSS265','p1'),('WSS273','p1'),('WSS284','p1'),('WSS300','p1'),('WSS305','p1'),('WSS314','p1'),('WSS322','p1'),('WSS333','p1'),('WSS346','p1'),('WSS350','p1'),('WSS423','p1'),('WSS450','p1'),('WSS459','p1'),('WSS46','p1'),('WSS515','p1'),('WSS519','p1'),('WSS571','p1'),('WSS595','p1'),('WSS600','p1'),('WSS607','p1'),('WSS686','p1'),('WSS70','p1'),('WSS725','p1'),('WSS731','p1'),('WSS773','p1'),('WSS776','p1'),('WSS778','p1'),('WSS781','p1'),('WSS810','p1'),('WSS812','p1'),('WSS814','p1'),('WSS83','p1'),('WSS850','p1'),('WSS867','p1'),('WSS898','p1'),('WSS905','p1'),('WSS935','p1'),('WSS940','p1'),('WSS948','p1'),('WSS952','p1'),('WSS954','p1'),('WSS107','p10'),('WSS150','p10'),('WSS178','p10'),('WSS179','p10'),('WSS181','p10'),('WSS189','p10'),('WSS215','p10'),('WSS234','p10'),('WSS254','p10'),('WSS272','p10'),('WSS277','p10'),('WSS29','p10'),('WSS291','p10'),('WSS317','p10'),('WSS328','p10'),('WSS334','p10'),('WSS345','p10'),('WSS350','p10'),('WSS37','p10'),('WSS391','p10'),('WSS412','p10'),('WSS44','p10'),('WSS458','p10'),('WSS476','p10'),('WSS50','p10'),('WSS524','p10'),('WSS529','p10'),('WSS558','p10'),('WSS588','p10'),('WSS601','p10'),('WSS617','p10'),('WSS627','p10'),('WSS633','p10'),('WSS640','p10'),('WSS644','p10'),('WSS690','p10'),('WSS70','p10'),('WSS702','p10'),('WSS706','p10'),('WSS743','p10'),('WSS75','p10'),('WSS79','p10'),('WSS809','p10'),('WSS821','p10'),('WSS830','p10'),('WSS87','p10'),('WSS871','p10'),('WSS896','p10'),('WSS900','p10'),('WSS917','p10'),('WSS923','p10'),('WSS930','p10'),('WSS978','p10'),('WSS983','p10'),('WSS996','p10'),('WSS102','p11'),('WSS115','p11'),('WSS140','p11'),('WSS184','p11'),('WSS204','p11'),('WSS219','p11'),('WSS22','p11'),('WSS255','p11'),('WSS261','p11'),('WSS277','p11'),('WSS289','p11'),('WSS291','p11'),('WSS331','p11'),('WSS341','p11'),('WSS354','p11'),('WSS366','p11'),('WSS374','p11'),('WSS39','p11'),('WSS529','p11'),('WSS533','p11'),('WSS551','p11'),('WSS580','p11'),('WSS586','p11'),('WSS598','p11'),('WSS63','p11'),('WSS643','p11'),('WSS646','p11'),('WSS69','p11'),('WSS750','p11'),('WSS755','p11'),('WSS792','p11'),('WSS807','p11'),('WSS820','p11'),('WSS845','p11'),('WSS920','p11'),('WSS926','p11'),('WSS944','p11'),('WSS947','p11'),('WSS988','p11'),('WSS119','p12'),('WSS141','p12'),('WSS161','p12'),('WSS199','p12'),('WSS21','p12'),('WSS234','p12'),('WSS238','p12'),('WSS251','p12'),('WSS283','p12'),('WSS3','p12'),('WSS305','p12'),('WSS322','p12'),('WSS327','p12'),('WSS342','p12'),('WSS371','p12'),('WSS373','p12'),('WSS38','p12'),('WSS408','p12'),('WSS415','p12'),('WSS42','p12'),('WSS425','p12'),('WSS430','p12'),('WSS478','p12'),('WSS503','p12'),('WSS505','p12'),('WSS526','p12'),('WSS546','p12'),('WSS551','p12'),('WSS56','p12'),('WSS569','p12'),('WSS575','p12'),('WSS576','p12'),('WSS581','p12'),('WSS587','p12'),('WSS595','p12'),('WSS596','p12'),('WSS611','p12'),('WSS634','p12'),('WSS700','p12'),('WSS764','p12'),('WSS790','p12'),('WSS837','p12'),('WSS844','p12'),('WSS869','p12'),('WSS893','p12'),('WSS91','p12'),('WSS944','p12'),('WSS95','p12'),('WSS952','p12'),('WSS953','p12'),('WSS966','p12'),('WSS996','p12'),('WSS11','p13'),('WSS113','p13'),('WSS126','p13'),('WSS160','p13'),('WSS186','p13'),('WSS201','p13'),('WSS205','p13'),('WSS226','p13'),('WSS228','p13'),('WSS242','p13'),('WSS25','p13'),('WSS253','p13'),('WSS27','p13'),('WSS31','p13'),('WSS313','p13'),('WSS324','p13'),('WSS351','p13'),('WSS358','p13'),('WSS369','p13'),('WSS384','p13'),('WSS410','p13'),('WSS424','p13'),('WSS431','p13'),('WSS434','p13'),('WSS437','p13'),('WSS481','p13'),('WSS501','p13'),('WSS557','p13'),('WSS604','p13'),('WSS605','p13'),('WSS649','p13'),('WSS652','p13'),('WSS666','p13'),('WSS689','p13'),('WSS697','p13'),('WSS733','p13'),('WSS739','p13'),('WSS768','p13'),('WSS770','p13'),('WSS816','p13'),('WSS899','p13'),('WSS912','p13'),('WSS938','p13'),('WSS991','p13'),('WSS1000','p14'),('WSS121','p14'),('WSS152','p14'),('WSS191','p14'),('WSS205','p14'),('WSS206','p14'),('WSS21','p14'),('WSS24','p14'),('WSS343','p14'),('WSS37','p14'),('WSS383','p14'),('WSS397','p14'),('WSS404','p14'),('WSS416','p14'),('WSS418','p14'),('WSS513','p14'),('WSS545','p14'),('WSS566','p14'),('WSS590','p14'),('WSS628','p14'),('WSS634','p14'),('WSS701','p14'),('WSS768','p14'),('WSS770','p14'),('WSS80','p14'),('WSS810','p14'),('WSS815','p14'),('WSS816','p14'),('WSS833','p14'),('WSS841','p14'),('WSS890','p14'),('WSS902','p14'),('WSS919','p14'),('WSS926','p14'),('WSS929','p14'),('WSS942','p14'),('WSS963','p14'),('WSS978','p14'),('WSS990','p14'),('WSS999','p14'),('WSS1','p15'),('WSS110','p15'),('WSS155','p15'),('WSS171','p15'),('WSS192','p15'),('WSS2','p15'),('WSS204','p15'),('WSS217','p15'),('WSS259','p15'),('WSS272','p15'),('WSS29','p15'),('WSS290','p15'),('WSS321','p15'),('WSS325','p15'),('WSS333','p15'),('WSS336','p15'),('WSS346','p15'),('WSS349','p15'),('WSS359','p15'),('WSS368','p15'),('WSS422','p15'),('WSS442','p15'),('WSS465','p15'),('WSS477','p15'),('WSS518','p15'),('WSS526','p15'),('WSS541','p15'),('WSS586','p15'),('WSS599','p15'),('WSS613','p15'),('WSS625','p15'),('WSS651','p15'),('WSS652','p15'),('WSS655','p15'),('WSS669','p15'),('WSS676','p15'),('WSS729','p15'),('WSS76','p15'),('WSS769','p15'),('WSS796','p15'),('WSS799','p15'),('WSS800','p15'),('WSS863','p15'),('WSS869','p15'),('WSS88','p15'),('WSS890','p15'),('WSS903','p15'),('WSS921','p15'),('WSS986','p15'),('WSS997','p15'),('WSS130','p16'),('WSS159','p16'),('WSS160','p16'),('WSS167','p16'),('WSS17','p16'),('WSS177','p16'),('WSS189','p16'),('WSS19','p16'),('WSS224','p16'),('WSS266','p16'),('WSS309','p16'),('WSS372','p16'),('WSS377','p16'),('WSS38','p16'),('WSS401','p16'),('WSS426','p16'),('WSS429','p16'),('WSS436','p16'),('WSS477','p16'),('WSS479','p16'),('WSS480','p16'),('WSS484','p16'),('WSS485','p16'),('WSS5','p16'),('WSS53','p16'),('WSS537','p16'),('WSS541','p16'),('WSS550','p16'),('WSS555','p16'),('WSS559','p16'),('WSS560','p16'),('WSS581','p16'),('WSS584','p16'),('WSS602','p16'),('WSS617','p16'),('WSS639','p16'),('WSS661','p16'),('WSS663','p16'),('WSS687','p16'),('WSS69','p16'),('WSS698','p16'),('WSS71','p16'),('WSS713','p16'),('WSS716','p16'),('WSS720','p16'),('WSS73','p16'),('WSS757','p16'),('WSS822','p16'),('WSS846','p16'),('WSS865','p16'),('WSS891','p16'),('WSS9','p16'),('WSS927','p16'),('WSS938','p16'),('WSS973','p16'),('WSS103','p17'),('WSS197','p17'),('WSS233','p17'),('WSS240','p17'),('WSS25','p17'),('WSS3','p17'),('WSS337','p17'),('WSS35','p17'),('WSS36','p17'),('WSS366','p17'),('WSS367','p17'),('WSS4','p17'),('WSS418','p17'),('WSS428','p17'),('WSS438','p17'),('WSS455','p17'),('WSS466','p17'),('WSS467','p17'),('WSS472','p17'),('WSS481','p17'),('WSS513','p17'),('WSS537','p17'),('WSS568','p17'),('WSS590','p17'),('WSS596','p17'),('WSS611','p17'),('WSS64','p17'),('WSS642','p17'),('WSS643','p17'),('WSS671','p17'),('WSS689','p17'),('WSS693','p17'),('WSS703','p17'),('WSS813','p17'),('WSS829','p17'),('WSS852','p17'),('WSS867','p17'),('WSS887','p17'),('WSS902','p17'),('WSS912','p17'),('WSS926','p17'),('WSS935','p17'),('WSS96','p17'),('WSS961','p17'),('WSS971','p17'),('WSS972','p17'),('WSS114','p18'),('WSS119','p18'),('WSS165','p18'),('WSS175','p18'),('WSS180','p18'),('WSS184','p18'),('WSS186','p18'),('WSS202','p18'),('WSS216','p18'),('WSS23','p18'),('WSS250','p18'),('WSS259','p18'),('WSS26','p18'),('WSS349','p18'),('WSS359','p18'),('WSS367','p18'),('WSS382','p18'),('WSS40','p18'),('WSS423','p18'),('WSS426','p18'),('WSS450','p18'),('WSS492','p18'),('WSS498','p18'),('WSS536','p18'),('WSS57','p18'),('WSS594','p18'),('WSS6','p18'),('WSS619','p18'),('WSS630','p18'),('WSS655','p18'),('WSS670','p18'),('WSS679','p18'),('WSS680','p18'),('WSS696','p18'),('WSS725','p18'),('WSS758','p18'),('WSS763','p18'),('WSS797','p18'),('WSS826','p18'),('WSS827','p18'),('WSS84','p18'),('WSS849','p18'),('WSS867','p18'),('WSS908','p18'),('WSS916','p18'),('WSS972','p18'),('WSS122','p19'),('WSS136','p19'),('WSS168','p19'),('WSS175','p19'),('WSS212','p19'),('WSS225','p19'),('WSS229','p19'),('WSS231','p19'),('WSS254','p19'),('WSS257','p19'),('WSS270','p19'),('WSS299','p19'),('WSS334','p19'),('WSS370','p19'),('WSS382','p19'),('WSS427','p19'),('WSS433','p19'),('WSS457','p19'),('WSS490','p19'),('WSS509','p19'),('WSS541','p19'),('WSS553','p19'),('WSS561','p19'),('WSS563','p19'),('WSS576','p19'),('WSS578','p19'),('WSS58','p19'),('WSS638','p19'),('WSS68','p19'),('WSS697','p19'),('WSS716','p19'),('WSS726','p19'),('WSS730','p19'),('WSS735','p19'),('WSS741','p19'),('WSS754','p19'),('WSS764','p19'),('WSS785','p19'),('WSS788','p19'),('WSS790','p19'),('WSS804','p19'),('WSS810','p19'),('WSS819','p19'),('WSS925','p19'),('WSS928','p19'),('WSS938','p19'),('WSS956','p19'),('WSS968','p19'),('WSS97','p19'),('WSS110','p2'),('WSS115','p2'),('WSS117','p2'),('WSS156','p2'),('WSS188','p2'),('WSS19','p2'),('WSS212','p2'),('WSS223','p2'),('WSS25','p2'),('WSS257','p2'),('WSS267','p2'),('WSS27','p2'),('WSS281','p2'),('WSS300','p2'),('WSS306','p2'),('WSS33','p2'),('WSS372','p2'),('WSS388','p2'),('WSS407','p2'),('WSS435','p2'),('WSS458','p2'),('WSS465','p2'),('WSS467','p2'),('WSS472','p2'),('WSS473','p2'),('WSS502','p2'),('WSS517','p2'),('WSS518','p2'),('WSS523','p2'),('WSS560','p2'),('WSS570','p2'),('WSS598','p2'),('WSS616','p2'),('WSS641','p2'),('WSS653','p2'),('WSS71','p2'),('WSS724','p2'),('WSS743','p2'),('WSS753','p2'),('WSS771','p2'),('WSS774','p2'),('WSS802','p2'),('WSS81','p2'),('WSS815','p2'),('WSS834','p2'),('WSS854','p2'),('WSS868','p2'),('WSS875','p2'),('WSS878','p2'),('WSS893','p2'),('WSS910','p2'),('WSS936','p2'),('WSS94','p2'),('WSS952','p2'),('WSS101','p20'),('WSS112','p20'),('WSS163','p20'),('WSS255','p20'),('WSS283','p20'),('WSS287','p20'),('WSS317','p20'),('WSS324','p20'),('WSS361','p20'),('WSS394','p20'),('WSS40','p20'),('WSS454','p20'),('WSS487','p20'),('WSS494','p20'),('WSS504','p20'),('WSS516','p20'),('WSS52','p20'),('WSS531','p20'),('WSS54','p20'),('WSS572','p20'),('WSS577','p20'),('WSS608','p20'),('WSS618','p20'),('WSS623','p20'),('WSS632','p20'),('WSS633','p20'),('WSS656','p20'),('WSS66','p20'),('WSS682','p20'),('WSS691','p20'),('WSS703','p20'),('WSS709','p20'),('WSS71','p20'),('WSS712','p20'),('WSS713','p20'),('WSS732','p20'),('WSS759','p20'),('WSS782','p20'),('WSS783','p20'),('WSS787','p20'),('WSS828','p20'),('WSS836','p20'),('WSS852','p20'),('WSS859','p20'),('WSS895','p20'),('WSS943','p20'),('WSS949','p20'),('WSS968','p20'),('WSS152','p21'),('WSS170','p21'),('WSS20','p21'),('WSS207','p21'),('WSS249','p21'),('WSS251','p21'),('WSS252','p21'),('WSS290','p21'),('WSS327','p21'),('WSS342','p21'),('WSS351','p21'),('WSS356','p21'),('WSS375','p21'),('WSS391','p21'),('WSS395','p21'),('WSS4','p21'),('WSS400','p21'),('WSS404','p21'),('WSS420','p21'),('WSS451','p21'),('WSS462','p21'),('WSS464','p21'),('WSS478','p21'),('WSS481','p21'),('WSS494','p21'),('WSS510','p21'),('WSS515','p21'),('WSS575','p21'),('WSS592','p21'),('WSS594','p21'),('WSS619','p21'),('WSS639','p21'),('WSS659','p21'),('WSS664','p21'),('WSS668','p21'),('WSS717','p21'),('WSS724','p21'),('WSS73','p21'),('WSS805','p21'),('WSS834','p21'),('WSS847','p21'),('WSS855','p21'),('WSS882','p21'),('WSS912','p21'),('WSS931','p21'),('WSS129','p22'),('WSS173','p22'),('WSS203','p22'),('WSS229','p22'),('WSS236','p22'),('WSS247','p22'),('WSS263','p22'),('WSS288','p22'),('WSS293','p22'),('WSS303','p22'),('WSS312','p22'),('WSS339','p22'),('WSS354','p22'),('WSS357','p22'),('WSS37','p22'),('WSS4','p22'),('WSS416','p22'),('WSS427','p22'),('WSS469','p22'),('WSS493','p22'),('WSS527','p22'),('WSS544','p22'),('WSS546','p22'),('WSS565','p22'),('WSS566','p22'),('WSS584','p22'),('WSS592','p22'),('WSS605','p22'),('WSS640','p22'),('WSS648','p22'),('WSS706','p22'),('WSS719','p22'),('WSS734','p22'),('WSS777','p22'),('WSS78','p22'),('WSS780','p22'),('WSS796','p22'),('WSS833','p22'),('WSS848','p22'),('WSS9','p22'),('WSS910','p22'),('WSS930','p22'),('WSS939','p22'),('WSS949','p22'),('WSS976','p22'),('WSS1','p23'),('WSS160','p23'),('WSS175','p23'),('WSS217','p23'),('WSS267','p23'),('WSS268','p23'),('WSS275','p23'),('WSS281','p23'),('WSS285','p23'),('WSS319','p23'),('WSS331','p23'),('WSS355','p23'),('WSS365','p23'),('WSS370','p23'),('WSS373','p23'),('WSS389','p23'),('WSS392','p23'),('WSS421','p23'),('WSS478','p23'),('WSS485','p23'),('WSS489','p23'),('WSS531','p23'),('WSS574','p23'),('WSS582','p23'),('WSS602','p23'),('WSS64','p23'),('WSS683','p23'),('WSS693','p23'),('WSS709','p23'),('WSS710','p23'),('WSS736','p23'),('WSS761','p23'),('WSS778','p23'),('WSS807','p23'),('WSS812','p23'),('WSS818','p23'),('WSS824','p23'),('WSS838','p23'),('WSS84','p23'),('WSS860','p23'),('WSS899','p23'),('WSS908','p23'),('WSS914','p23'),('WSS920','p23'),('WSS944','p23'),('WSS960','p23'),('WSS964','p23'),('WSS104','p24'),('WSS129','p24'),('WSS142','p24'),('WSS230','p24'),('WSS238','p24'),('WSS239','p24'),('WSS294','p24'),('WSS332','p24'),('WSS363','p24'),('WSS374','p24'),('WSS384','p24'),('WSS388','p24'),('WSS39','p24'),('WSS393','p24'),('WSS409','p24'),('WSS443','p24'),('WSS453','p24'),('WSS491','p24'),('WSS492','p24'),('WSS512','p24'),('WSS516','p24'),('WSS535','p24'),('WSS587','p24'),('WSS646','p24'),('WSS664','p24'),('WSS677','p24'),('WSS685','p24'),('WSS688','p24'),('WSS718','p24'),('WSS72','p24'),('WSS741','p24'),('WSS742','p24'),('WSS795','p24'),('WSS818','p24'),('WSS827','p24'),('WSS850','p24'),('WSS855','p24'),('WSS900','p24'),('WSS935','p24'),('WSS950','p24'),('WSS144','p25'),('WSS146','p25'),('WSS192','p25'),('WSS208','p25'),('WSS230','p25'),('WSS280','p25'),('WSS282','p25'),('WSS344','p25'),('WSS362','p25'),('WSS367','p25'),('WSS466','p25'),('WSS470','p25'),('WSS51','p25'),('WSS513','p25'),('WSS528','p25'),('WSS564','p25'),('WSS573','p25'),('WSS58','p25'),('WSS647','p25'),('WSS666','p25'),('WSS670','p25'),('WSS684','p25'),('WSS702','p25'),('WSS748','p25'),('WSS749','p25'),('WSS754','p25'),('WSS794','p25'),('WSS844','p25'),('WSS856','p25'),('WSS892','p25'),('WSS903','p25'),('WSS907','p25'),('WSS914','p25'),('WSS917','p25'),('WSS928','p25'),('WSS932','p25'),('WSS934','p25'),('WSS959','p25'),('WSS980','p25'),('WSS995','p25'),('WSS122','p26'),('WSS132','p26'),('WSS151','p26'),('WSS219','p26'),('WSS266','p26'),('WSS280','p26'),('WSS29','p26'),('WSS309','p26'),('WSS347','p26'),('WSS383','p26'),('WSS422','p26'),('WSS437','p26'),('WSS441','p26'),('WSS448','p26'),('WSS471','p26'),('WSS558','p26'),('WSS589','p26'),('WSS60','p26'),('WSS606','p26'),('WSS626','p26'),('WSS645','p26'),('WSS72','p26'),('WSS723','p26'),('WSS743','p26'),('WSS782','p26'),('WSS789','p26'),('WSS793','p26'),('WSS806','p26'),('WSS807','p26'),('WSS814','p26'),('WSS82','p26'),('WSS831','p26'),('WSS843','p26'),('WSS851','p26'),('WSS909','p26'),('WSS932','p26'),('WSS933','p26'),('WSS937','p26'),('WSS973','p26'),('WSS981','p26'),('WSS128','p27'),('WSS162','p27'),('WSS164','p27'),('WSS193','p27'),('WSS194','p27'),('WSS213','p27'),('WSS214','p27'),('WSS215','p27'),('WSS244','p27'),('WSS245','p27'),('WSS296','p27'),('WSS300','p27'),('WSS305','p27'),('WSS333','p27'),('WSS345','p27'),('WSS348','p27'),('WSS357','p27'),('WSS362','p27'),('WSS394','p27'),('WSS406','p27'),('WSS47','p27'),('WSS489','p27'),('WSS512','p27'),('WSS556','p27'),('WSS56','p27'),('WSS562','p27'),('WSS588','p27'),('WSS592','p27'),('WSS600','p27'),('WSS616','p27'),('WSS660','p27'),('WSS68','p27'),('WSS683','p27'),('WSS737','p27'),('WSS745','p27'),('WSS802','p27'),('WSS820','p27'),('WSS824','p27'),('WSS835','p27'),('WSS847','p27'),('WSS851','p27'),('WSS878','p27'),('WSS888','p27'),('WSS902','p27'),('WSS925','p27'),('WSS942','p27'),('WSS958','p27'),('WSS980','p27'),('WSS102','p28'),('WSS164','p28'),('WSS165','p28'),('WSS172','p28'),('WSS182','p28'),('WSS190','p28'),('WSS233','p28'),('WSS243','p28'),('WSS249','p28'),('WSS256','p28'),('WSS311','p28'),('WSS325','p28'),('WSS327','p28'),('WSS337','p28'),('WSS343','p28'),('WSS355','p28'),('WSS404','p28'),('WSS427','p28'),('WSS463','p28'),('WSS48','p28'),('WSS504','p28'),('WSS510','p28'),('WSS517','p28'),('WSS55','p28'),('WSS556','p28'),('WSS563','p28'),('WSS567','p28'),('WSS620','p28'),('WSS622','p28'),('WSS676','p28'),('WSS702','p28'),('WSS708','p28'),('WSS710','p28'),('WSS736','p28'),('WSS756','p28'),('WSS806','p28'),('WSS819','p28'),('WSS835','p28'),('WSS837','p28'),('WSS879','p28'),('WSS885','p28'),('WSS887','p28'),('WSS970','p28'),('WSS108','p29'),('WSS111','p29'),('WSS136','p29'),('WSS16','p29'),('WSS195','p29'),('WSS198','p29'),('WSS235','p29'),('WSS246','p29'),('WSS27','p29'),('WSS273','p29'),('WSS306','p29'),('WSS348','p29'),('WSS386','p29'),('WSS409','p29'),('WSS446','p29'),('WSS452','p29'),('WSS470','p29'),('WSS499','p29'),('WSS510','p29'),('WSS520','p29'),('WSS532','p29'),('WSS55','p29'),('WSS559','p29'),('WSS636','p29'),('WSS648','p29'),('WSS656','p29'),('WSS737','p29'),('WSS786','p29'),('WSS842','p29'),('WSS859','p29'),('WSS86','p29'),('WSS865','p29'),('WSS870','p29'),('WSS879','p29'),('WSS899','p29'),('WSS921','p29'),('WSS923','p29'),('WSS924','p29'),('WSS934','p29'),('WSS941','p29'),('WSS956','p29'),('WSS963','p29'),('WSS967','p29'),('WSS992','p29'),('WSS125','p3'),('WSS133','p3'),('WSS137','p3'),('WSS150','p3'),('WSS156','p3'),('WSS16','p3'),('WSS17','p3'),('WSS180','p3'),('WSS190','p3'),('WSS221','p3'),('WSS240','p3'),('WSS243','p3'),('WSS273','p3'),('WSS274','p3'),('WSS309','p3'),('WSS312','p3'),('WSS330','p3'),('WSS357','p3'),('WSS396','p3'),('WSS417','p3'),('WSS442','p3'),('WSS461','p3'),('WSS475','p3'),('WSS500','p3'),('WSS511','p3'),('WSS544','p3'),('WSS547','p3'),('WSS557','p3'),('WSS576','p3'),('WSS658','p3'),('WSS676','p3'),('WSS678','p3'),('WSS679','p3'),('WSS704','p3'),('WSS746','p3'),('WSS771','p3'),('WSS780','p3'),('WSS792','p3'),('WSS799','p3'),('WSS805','p3'),('WSS852','p3'),('WSS877','p3'),('WSS889','p3'),('WSS897','p3'),('WSS901','p3'),('WSS918','p3'),('WSS958','p3'),('WSS964','p3'),('WSS982','p3'),('WSS990','p3'),('WSS993','p3'),('WSS102','p30'),('WSS112','p30'),('WSS135','p30'),('WSS151','p30'),('WSS174','p30'),('WSS193','p30'),('WSS243','p30'),('WSS247','p30'),('WSS261','p30'),('WSS269','p30'),('WSS287','p30'),('WSS323','p30'),('WSS33','p30'),('WSS372','p30'),('WSS376','p30'),('WSS430','p30'),('WSS437','p30'),('WSS485','p30'),('WSS497','p30'),('WSS506','p30'),('WSS524','p30'),('WSS550','p30'),('WSS555','p30'),('WSS585','p30'),('WSS599','p30'),('WSS624','p30'),('WSS629','p30'),('WSS665','p30'),('WSS672','p30'),('WSS685','p30'),('WSS686','p30'),('WSS691','p30'),('WSS798','p30'),('WSS803','p30'),('WSS814','p30'),('WSS817','p30'),('WSS828','p30'),('WSS83','p30'),('WSS853','p30'),('WSS916','p30'),('WSS92','p30'),('WSS922','p30'),('WSS953','p30'),('WSS105','p31'),('WSS147','p31'),('WSS15','p31'),('WSS180','p31'),('WSS237','p31'),('WSS26','p31'),('WSS270','p31'),('WSS278','p31'),('WSS33','p31'),('WSS331','p31'),('WSS36','p31'),('WSS379','p31'),('WSS383','p31'),('WSS424','p31'),('WSS433','p31'),('WSS44','p31'),('WSS45','p31'),('WSS474','p31'),('WSS51','p31'),('WSS534','p31'),('WSS538','p31'),('WSS597','p31'),('WSS600','p31'),('WSS612','p31'),('WSS620','p31'),('WSS631','p31'),('WSS644','p31'),('WSS647','p31'),('WSS653','p31'),('WSS728','p31'),('WSS765','p31'),('WSS766','p31'),('WSS774','p31'),('WSS825','p31'),('WSS829','p31'),('WSS838','p31'),('WSS841','p31'),('WSS871','p31'),('WSS876','p31'),('WSS898','p31'),('WSS901','p31'),('WSS911','p31'),('WSS914','p31'),('WSS933','p31'),('WSS967','p31'),('WSS969','p31'),('WSS104','p32'),('WSS12','p32'),('WSS123','p32'),('WSS125','p32'),('WSS130','p32'),('WSS177','p32'),('WSS194','p32'),('WSS211','p32'),('WSS233','p32'),('WSS265','p32'),('WSS338','p32'),('WSS352','p32'),('WSS369','p32'),('WSS380','p32'),('WSS394','p32'),('WSS405','p32'),('WSS421','p32'),('WSS440','p32'),('WSS464','p32'),('WSS486','p32'),('WSS490','p32'),('WSS508','p32'),('WSS553','p32'),('WSS559','p32'),('WSS562','p32'),('WSS573','p32'),('WSS575','p32'),('WSS59','p32'),('WSS597','p32'),('WSS598','p32'),('WSS706','p32'),('WSS749','p32'),('WSS768','p32'),('WSS77','p32'),('WSS808','p32'),('WSS81','p32'),('WSS811','p32'),('WSS84','p32'),('WSS854','p32'),('WSS870','p32'),('WSS896','p32'),('WSS919','p32'),('WSS986','p32'),('WSS988','p32'),('WSS110','p33'),('WSS138','p33'),('WSS143','p33'),('WSS150','p33'),('WSS171','p33'),('WSS18','p33'),('WSS194','p33'),('WSS223','p33'),('WSS231','p33'),('WSS239','p33'),('WSS241','p33'),('WSS275','p33'),('WSS28','p33'),('WSS292','p33'),('WSS314','p33'),('WSS335','p33'),('WSS375','p33'),('WSS378','p33'),('WSS385','p33'),('WSS387','p33'),('WSS401','p33'),('WSS440','p33'),('WSS479','p33'),('WSS480','p33'),('WSS528','p33'),('WSS540','p33'),('WSS548','p33'),('WSS572','p33'),('WSS574','p33'),('WSS579','p33'),('WSS58','p33'),('WSS59','p33'),('WSS621','p33'),('WSS631','p33'),('WSS653','p33'),('WSS657','p33'),('WSS687','p33'),('WSS698','p33'),('WSS705','p33'),('WSS723','p33'),('WSS733','p33'),('WSS735','p33'),('WSS748','p33'),('WSS777','p33'),('WSS785','p33'),('WSS793','p33'),('WSS836','p33'),('WSS861','p33'),('WSS865','p33'),('WSS894','p33'),('WSS937','p33'),('WSS939','p33'),('WSS951','p33'),('WSS974','p33'),('WSS985','p33'),('WSS995','p33'),('WSS107','p34'),('WSS145','p34'),('WSS148','p34'),('WSS177','p34'),('WSS181','p34'),('WSS262','p34'),('WSS274','p34'),('WSS280','p34'),('WSS288','p34'),('WSS289','p34'),('WSS302','p34'),('WSS312','p34'),('WSS315','p34'),('WSS335','p34'),('WSS345','p34'),('WSS420','p34'),('WSS438','p34'),('WSS439','p34'),('WSS443','p34'),('WSS446','p34'),('WSS451','p34'),('WSS500','p34'),('WSS505','p34'),('WSS508','p34'),('WSS515','p34'),('WSS520','p34'),('WSS528','p34'),('WSS545','p34'),('WSS590','p34'),('WSS635','p34'),('WSS66','p34'),('WSS668','p34'),('WSS680','p34'),('WSS711','p34'),('WSS744','p34'),('WSS762','p34'),('WSS763','p34'),('WSS777','p34'),('WSS796','p34'),('WSS815','p34'),('WSS840','p34'),('WSS855','p34'),('WSS860','p34'),('WSS866','p34'),('WSS89','p34'),('WSS978','p34'),('WSS106','p35'),('WSS123','p35'),('WSS127','p35'),('WSS13','p35'),('WSS143','p35'),('WSS154','p35'),('WSS185','p35'),('WSS196','p35'),('WSS199','p35'),('WSS236','p35'),('WSS246','p35'),('WSS301','p35'),('WSS311','p35'),('WSS329','p35'),('WSS349','p35'),('WSS378','p35'),('WSS405','p35'),('WSS445','p35'),('WSS45','p35'),('WSS464','p35'),('WSS493','p35'),('WSS495','p35'),('WSS519','p35'),('WSS540','p35'),('WSS565','p35'),('WSS595','p35'),('WSS637','p35'),('WSS707','p35'),('WSS714','p35'),('WSS726','p35'),('WSS762','p35'),('WSS801','p35'),('WSS82','p35'),('WSS85','p35'),('WSS857','p35'),('WSS911','p35'),('WSS918','p35'),('WSS929','p35'),('WSS936','p35'),('WSS939','p35'),('WSS965','p35'),('WSS971','p35'),('WSS977','p35'),('WSS98','p35'),('WSS990','p35'),('WSS100','p36'),('WSS124','p36'),('WSS147','p36'),('WSS152','p36'),('WSS157','p36'),('WSS158','p36'),('WSS169','p36'),('WSS203','p36'),('WSS205','p36'),('WSS206','p36'),('WSS222','p36'),('WSS284','p36'),('WSS321','p36'),('WSS441','p36'),('WSS447','p36'),('WSS458','p36'),('WSS46','p36'),('WSS466','p36'),('WSS475','p36'),('WSS497','p36'),('WSS542','p36'),('WSS587','p36'),('WSS604','p36'),('WSS611','p36'),('WSS632','p36'),('WSS649','p36'),('WSS709','p36'),('WSS712','p36'),('WSS715','p36'),('WSS717','p36'),('WSS750','p36'),('WSS77','p36'),('WSS78','p36'),('WSS806','p36'),('WSS895','p36'),('WSS984','p36'),('WSS994','p36'),('WSS201','p37'),('WSS209','p37'),('WSS22','p37'),('WSS236','p37'),('WSS267','p37'),('WSS286','p37'),('WSS293','p37'),('WSS308','p37'),('WSS322','p37'),('WSS347','p37'),('WSS358','p37'),('WSS411','p37'),('WSS415','p37'),('WSS425','p37'),('WSS501','p37'),('WSS522','p37'),('WSS535','p37'),('WSS585','p37'),('WSS591','p37'),('WSS6','p37'),('WSS613','p37'),('WSS636','p37'),('WSS65','p37'),('WSS672','p37'),('WSS674','p37'),('WSS705','p37'),('WSS723','p37'),('WSS729','p37'),('WSS741','p37'),('WSS784','p37'),('WSS801','p37'),('WSS823','p37'),('WSS840','p37'),('WSS90','p37'),('WSS904','p37'),('WSS933','p37'),('WSS940','p37'),('WSS955','p37'),('WSS966','p37'),('WSS981','p37'),('WSS101','p38'),('WSS116','p38'),('WSS118','p38'),('WSS128','p38'),('WSS138','p38'),('WSS146','p38'),('WSS159','p38'),('WSS165','p38'),('WSS166','p38'),('WSS176','p38'),('WSS181','p38'),('WSS202','p38'),('WSS203','p38'),('WSS242','p38'),('WSS287','p38'),('WSS294','p38'),('WSS306','p38'),('WSS32','p38'),('WSS373','p38'),('WSS398','p38'),('WSS428','p38'),('WSS49','p38'),('WSS492','p38'),('WSS547','p38'),('WSS564','p38'),('WSS566','p38'),('WSS608','p38'),('WSS622','p38'),('WSS65','p38'),('WSS685','p38'),('WSS695','p38'),('WSS74','p38'),('WSS767','p38'),('WSS783','p38'),('WSS79','p38'),('WSS797','p38'),('WSS798','p38'),('WSS826','p38'),('WSS839','p38'),('WSS88','p38'),('WSS91','p38'),('WSS913','p38'),('WSS95','p38'),('WSS999','p38'),('WSS116','p39'),('WSS133','p39'),('WSS151','p39'),('WSS196','p39'),('WSS212','p39'),('WSS215','p39'),('WSS217','p39'),('WSS24','p39'),('WSS252','p39'),('WSS278','p39'),('WSS281','p39'),('WSS285','p39'),('WSS299','p39'),('WSS31','p39'),('WSS341','p39'),('WSS399','p39'),('WSS43','p39'),('WSS444','p39'),('WSS468','p39'),('WSS496','p39'),('WSS52','p39'),('WSS530','p39'),('WSS543','p39'),('WSS578','p39'),('WSS597','p39'),('WSS609','p39'),('WSS675','p39'),('WSS689','p39'),('WSS692','p39'),('WSS739','p39'),('WSS745','p39'),('WSS747','p39'),('WSS756','p39'),('WSS811','p39'),('WSS813','p39'),('WSS897','p39'),('WSS904','p39'),('WSS941','p39'),('WSS954','p39'),('WSS974','p39'),('WSS103','p4'),('WSS118','p4'),('WSS138','p4'),('WSS161','p4'),('WSS166','p4'),('WSS168','p4'),('WSS200','p4'),('WSS264','p4'),('WSS265','p4'),('WSS28','p4'),('WSS307','p4'),('WSS323','p4'),('WSS329','p4'),('WSS337','p4'),('WSS339','p4'),('WSS44','p4'),('WSS47','p4'),('WSS473','p4'),('WSS49','p4'),('WSS50','p4'),('WSS548','p4'),('WSS62','p4'),('WSS630','p4'),('WSS632','p4'),('WSS647','p4'),('WSS675','p4'),('WSS718','p4'),('WSS719','p4'),('WSS742','p4'),('WSS744','p4'),('WSS757','p4'),('WSS773','p4'),('WSS787','p4'),('WSS885','p4'),('WSS888','p4'),('WSS898','p4'),('WSS909','p4'),('WSS919','p4'),('WSS924','p4'),('WSS976','p4'),('WSS103','p40'),('WSS139','p40'),('WSS2','p40'),('WSS20','p40'),('WSS210','p40'),('WSS227','p40'),('WSS232','p40'),('WSS237','p40'),('WSS262','p40'),('WSS301','p40'),('WSS308','p40'),('WSS338','p40'),('WSS364','p40'),('WSS392','p40'),('WSS412','p40'),('WSS423','p40'),('WSS43','p40'),('WSS457','p40'),('WSS491','p40'),('WSS499','p40'),('WSS512','p40'),('WSS530','p40'),('WSS535','p40'),('WSS540','p40'),('WSS561','p40'),('WSS601','p40'),('WSS607','p40'),('WSS651','p40'),('WSS657','p40'),('WSS666','p40'),('WSS682','p40'),('WSS700','p40'),('WSS759','p40'),('WSS823','p40'),('WSS832','p40'),('WSS858','p40'),('WSS860','p40'),('WSS873','p40'),('WSS881','p40'),('WSS905','p40'),('WSS946','p40'),('WSS979','p40'),('WSS98','p40'),('WSS989','p40'),('WSS998','p40'),('WSS128','p41'),('WSS131','p41'),('WSS137','p41'),('WSS174','p41'),('WSS178','p41'),('WSS182','p41'),('WSS19','p41'),('WSS227','p41'),('WSS248','p41'),('WSS274','p41'),('WSS289','p41'),('WSS307','p41'),('WSS311','p41'),('WSS313','p41'),('WSS34','p41'),('WSS359','p41'),('WSS366','p41'),('WSS380','p41'),('WSS390','p41'),('WSS417','p41'),('WSS432','p41'),('WSS441','p41'),('WSS442','p41'),('WSS471','p41'),('WSS475','p41'),('WSS488','p41'),('WSS49','p41'),('WSS500','p41'),('WSS509','p41'),('WSS556','p41'),('WSS607','p41'),('WSS680','p41'),('WSS686','p41'),('WSS711','p41'),('WSS73','p41'),('WSS797','p41'),('WSS830','p41'),('WSS835','p41'),('WSS845','p41'),('WSS894','p41'),('WSS932','p41'),('WSS95','p41'),('WSS979','p41'),('WSS989','p41'),('WSS113','p42'),('WSS126','p42'),('WSS127','p42'),('WSS148','p42'),('WSS162','p42'),('WSS164','p42'),('WSS169','p42'),('WSS197','p42'),('WSS221','p42'),('WSS260','p42'),('WSS348','p42'),('WSS389','p42'),('WSS480','p42'),('WSS502','p42'),('WSS509','p42'),('WSS532','p42'),('WSS548','p42'),('WSS614','p42'),('WSS629','p42'),('WSS640','p42'),('WSS667','p42'),('WSS67','p42'),('WSS692','p42'),('WSS697','p42'),('WSS699','p42'),('WSS715','p42'),('WSS732','p42'),('WSS753','p42'),('WSS76','p42'),('WSS783','p42'),('WSS794','p42'),('WSS804','p42'),('WSS832','p42'),('WSS848','p42'),('WSS893','p42'),('WSS915','p42'),('WSS927','p42'),('WSS945','p42'),('WSS949','p42'),('WSS982','p42'),('WSS999','p42'),('WSS105','p43'),('WSS136','p43'),('WSS139','p43'),('WSS142','p43'),('WSS184','p43'),('WSS190','p43'),('WSS197','p43'),('WSS198','p43'),('WSS223','p43'),('WSS225','p43'),('WSS244','p43'),('WSS251','p43'),('WSS276','p43'),('WSS30','p43'),('WSS339','p43'),('WSS402','p43'),('WSS426','p43'),('WSS432','p43'),('WSS474','p43'),('WSS486','p43'),('WSS497','p43'),('WSS503','p43'),('WSS521','p43'),('WSS549','p43'),('WSS580','p43'),('WSS591','p43'),('WSS603','p43'),('WSS609','p43'),('WSS616','p43'),('WSS618','p43'),('WSS620','p43'),('WSS673','p43'),('WSS677','p43'),('WSS710','p43'),('WSS725','p43'),('WSS732','p43'),('WSS752','p43'),('WSS772','p43'),('WSS774','p43'),('WSS779','p43'),('WSS874','p43'),('WSS903','p43'),('WSS910','p43'),('WSS918','p43'),('WSS957','p43'),('WSS979','p43'),('WSS998','p43'),('WSS118','p44'),('WSS147','p44'),('WSS17','p44'),('WSS198','p44'),('WSS206','p44'),('WSS229','p44'),('WSS231','p44'),('WSS286','p44'),('WSS308','p44'),('WSS320','p44'),('WSS332','p44'),('WSS344','p44'),('WSS395','p44'),('WSS397','p44'),('WSS41','p44'),('WSS456','p44'),('WSS483','p44'),('WSS507','p44'),('WSS522','p44'),('WSS53','p44'),('WSS539','p44'),('WSS621','p44'),('WSS641','p44'),('WSS656','p44'),('WSS674','p44'),('WSS678','p44'),('WSS688','p44'),('WSS694','p44'),('WSS704','p44'),('WSS75','p44'),('WSS761','p44'),('WSS779','p44'),('WSS785','p44'),('WSS844','p44'),('WSS846','p44'),('WSS869','p44'),('WSS874','p44'),('WSS889','p44'),('WSS89','p44'),('WSS921','p44'),('WSS940','p44'),('WSS947','p44'),('WSS971','p44'),('WSS995','p44'),('WSS113','p45'),('WSS13','p45'),('WSS153','p45'),('WSS176','p45'),('WSS188','p45'),('WSS200','p45'),('WSS207','p45'),('WSS227','p45'),('WSS256','p45'),('WSS268','p45'),('WSS295','p45'),('WSS353','p45'),('WSS358','p45'),('WSS365','p45'),('WSS40','p45'),('WSS436','p45'),('WSS463','p45'),('WSS488','p45'),('WSS495','p45'),('WSS52','p45'),('WSS539','p45'),('WSS558','p45'),('WSS641','p45'),('WSS691','p45'),('WSS733','p45'),('WSS745','p45'),('WSS749','p45'),('WSS751','p45'),('WSS758','p45'),('WSS790','p45'),('WSS794','p45'),('WSS839','p45'),('WSS874','p45'),('WSS880','p45'),('WSS89','p45'),('WSS987','p45'),('WSS100','p46'),('WSS141','p46'),('WSS170','p46'),('WSS171','p46'),('WSS18','p46'),('WSS193','p46'),('WSS200','p46'),('WSS208','p46'),('WSS295','p46'),('WSS332','p46'),('WSS336','p46'),('WSS342','p46'),('WSS408','p46'),('WSS411','p46'),('WSS416','p46'),('WSS417','p46'),('WSS454','p46'),('WSS470','p46'),('WSS477','p46'),('WSS484','p46'),('WSS486','p46'),('WSS487','p46'),('WSS496','p46'),('WSS506','p46'),('WSS552','p46'),('WSS567','p46'),('WSS568','p46'),('WSS591','p46'),('WSS593','p46'),('WSS61','p46'),('WSS62','p46'),('WSS634','p46'),('WSS683','p46'),('WSS695','p46'),('WSS70','p46'),('WSS708','p46'),('WSS717','p46'),('WSS736','p46'),('WSS748','p46'),('WSS755','p46'),('WSS800','p46'),('WSS812','p46'),('WSS822','p46'),('WSS853','p46'),('WSS862','p46'),('WSS890','p46'),('WSS93','p46'),('WSS961','p46'),('WSS970','p46'),('WSS1','p47'),('WSS109','p47'),('WSS111','p47'),('WSS135','p47'),('WSS142','p47'),('WSS153','p47'),('WSS218','p47'),('WSS245','p47'),('WSS253','p47'),('WSS293','p47'),('WSS304','p47'),('WSS319','p47'),('WSS365','p47'),('WSS415','p47'),('WSS488','p47'),('WSS504','p47'),('WSS520','p47'),('WSS523','p47'),('WSS525','p47'),('WSS534','p47'),('WSS568','p47'),('WSS59','p47'),('WSS615','p47'),('WSS625','p47'),('WSS631','p47'),('WSS650','p47'),('WSS675','p47'),('WSS735','p47'),('WSS74','p47'),('WSS747','p47'),('WSS75','p47'),('WSS771','p47'),('WSS80','p47'),('WSS825','p47'),('WSS840','p47'),('WSS850','p47'),('WSS878','p47'),('WSS882','p47'),('WSS885','p47'),('WSS920','p47'),('WSS936','p47'),('WSS959','p47'),('WSS968','p47'),('WSS117','p48'),('WSS154','p48'),('WSS158','p48'),('WSS159','p48'),('WSS167','p48'),('WSS182','p48'),('WSS183','p48'),('WSS189','p48'),('WSS202','p48'),('WSS23','p48'),('WSS234','p48'),('WSS246','p48'),('WSS260','p48'),('WSS270','p48'),('WSS275','p48'),('WSS276','p48'),('WSS279','p48'),('WSS317','p48'),('WSS371','p48'),('WSS375','p48'),('WSS390','p48'),('WSS403','p48'),('WSS41','p48'),('WSS414','p48'),('WSS432','p48'),('WSS451','p48'),('WSS454','p48'),('WSS456','p48'),('WSS496','p48'),('WSS498','p48'),('WSS533','p48'),('WSS536','p48'),('WSS543','p48'),('WSS550','p48'),('WSS552','p48'),('WSS570','p48'),('WSS627','p48'),('WSS63','p48'),('WSS669','p48'),('WSS696','p48'),('WSS7','p48'),('WSS722','p48'),('WSS746','p48'),('WSS765','p48'),('WSS788','p48'),('WSS82','p48'),('WSS851','p48'),('WSS875','p48'),('WSS884','p48'),('WSS891','p48'),('WSS905','p48'),('WSS907','p48'),('WSS908','p48'),('WSS928','p48'),('WSS954','p48'),('WSS975','p48'),('WSS129','p49'),('WSS162','p49'),('WSS168','p49'),('WSS178','p49'),('WSS2','p49'),('WSS208','p49'),('WSS226','p49'),('WSS247','p49'),('WSS260','p49'),('WSS297','p49'),('WSS310','p49'),('WSS326','p49'),('WSS344','p49'),('WSS361','p49'),('WSS364','p49'),('WSS374','p49'),('WSS42','p49'),('WSS425','p49'),('WSS429','p49'),('WSS435','p49'),('WSS438','p49'),('WSS444','p49'),('WSS472','p49'),('WSS48','p49'),('WSS529','p49'),('WSS542','p49'),('WSS552','p49'),('WSS57','p49'),('WSS573','p49'),('WSS579','p49'),('WSS589','p49'),('WSS596','p49'),('WSS60','p49'),('WSS606','p49'),('WSS636','p49'),('WSS643','p49'),('WSS654','p49'),('WSS662','p49'),('WSS668','p49'),('WSS727','p49'),('WSS757','p49'),('WSS767','p49'),('WSS819','p49'),('WSS821','p49'),('WSS859','p49'),('WSS875','p49'),('WSS901','p49'),('WSS93','p49'),('WSS943','p49'),('WSS962','p49'),('WSS975','p49'),('WSS980','p49'),('WSS987','p49'),('WSS12','p5'),('WSS140','p5'),('WSS145','p5'),('WSS146','p5'),('WSS155','p5'),('WSS174','p5'),('WSS226','p5'),('WSS255','p5'),('WSS269','p5'),('WSS272','p5'),('WSS295','p5'),('WSS313','p5'),('WSS318','p5'),('WSS32','p5'),('WSS328','p5'),('WSS341','p5'),('WSS35','p5'),('WSS360','p5'),('WSS377','p5'),('WSS385','p5'),('WSS403','p5'),('WSS424','p5'),('WSS43','p5'),('WSS443','p5'),('WSS448','p5'),('WSS462','p5'),('WSS482','p5'),('WSS511','p5'),('WSS567','p5'),('WSS581','p5'),('WSS586','p5'),('WSS615','p5'),('WSS617','p5'),('WSS624','p5'),('WSS637','p5'),('WSS660','p5'),('WSS711','p5'),('WSS716','p5'),('WSS751','p5'),('WSS786','p5'),('WSS8','p5'),('WSS808','p5'),('WSS872','p5'),('WSS884','p5'),('WSS897','p5'),('WSS90','p5'),('WSS911','p5'),('WSS960','p5'),('WSS974','p5'),('WSS993','p5'),('WSS10','p50'),('WSS114','p50'),('WSS120','p50'),('WSS123','p50'),('WSS149','p50'),('WSS161','p50'),('WSS166','p50'),('WSS221','p50'),('WSS235','p50'),('WSS261','p50'),('WSS262','p50'),('WSS30','p50'),('WSS326','p50'),('WSS329','p50'),('WSS36','p50'),('WSS377','p50'),('WSS381','p50'),('WSS388','p50'),('WSS407','p50'),('WSS419','p50'),('WSS422','p50'),('WSS429','p50'),('WSS445','p50'),('WSS532','p50'),('WSS544','p50'),('WSS551','p50'),('WSS6','p50'),('WSS625','p50'),('WSS645','p50'),('WSS707','p50'),('WSS731','p50'),('WSS738','p50'),('WSS739','p50'),('WSS789','p50'),('WSS8','p50'),('WSS803','p50'),('WSS833','p50'),('WSS86','p50'),('WSS877','p50'),('WSS88','p50'),('WSS881','p50'),('WSS927','p50'),('WSS942','p50'),('WSS956','p50'),('WSS981','p50'),('WSS111','p51'),('WSS13','p51'),('WSS167','p51'),('WSS183','p51'),('WSS187','p51'),('WSS188','p51'),('WSS225','p51'),('WSS24','p51'),('WSS258','p51'),('WSS271','p51'),('WSS278','p51'),('WSS297','p51'),('WSS321','p51'),('WSS350','p51'),('WSS378','p51'),('WSS413','p51'),('WSS428','p51'),('WSS453','p51'),('WSS473','p51'),('WSS487','p51'),('WSS5','p51'),('WSS538','p51'),('WSS547','p51'),('WSS56','p51'),('WSS584','p51'),('WSS623','p51'),('WSS624','p51'),('WSS635','p51'),('WSS637','p51'),('WSS699','p51'),('WSS712','p51'),('WSS714','p51'),('WSS734','p51'),('WSS760','p51'),('WSS789','p51'),('WSS793','p51'),('WSS853','p51'),('WSS863','p51'),('WSS873','p51'),('WSS896','p51'),('WSS916','p51'),('WSS948','p51'),('WSS957','p51'),('WSS970','p51'),('WSS109','p52'),('WSS125','p52'),('WSS133','p52'),('WSS135','p52'),('WSS173','p52'),('WSS179','p52'),('WSS213','p52'),('WSS214','p52'),('WSS245','p52'),('WSS258','p52'),('WSS277','p52'),('WSS307','p52'),('WSS324','p52'),('WSS330','p52'),('WSS38','p52'),('WSS381','p52'),('WSS409','p52'),('WSS412','p52'),('WSS447','p52'),('WSS45','p52'),('WSS459','p52'),('WSS460','p52'),('WSS461','p52'),('WSS47','p52'),('WSS471','p52'),('WSS490','p52'),('WSS491','p52'),('WSS503','p52'),('WSS526','p52'),('WSS537','p52'),('WSS638','p52'),('WSS639','p52'),('WSS661','p52'),('WSS665','p52'),('WSS714','p52'),('WSS721','p52'),('WSS74','p52'),('WSS750','p52'),('WSS758','p52'),('WSS77','p52'),('WSS770','p52'),('WSS836','p52'),('WSS858','p52'),('WSS895','p52'),('WSS900','p52'),('WSS931','p52'),('WSS948','p52'),('WSS950','p52'),('WSS104','p53'),('WSS109','p53'),('WSS222','p53'),('WSS26','p53'),('WSS264','p53'),('WSS276','p53'),('WSS399','p53'),('WSS447','p53'),('WSS462','p53'),('WSS468','p53'),('WSS469','p53'),('WSS514','p53'),('WSS518','p53'),('WSS538','p53'),('WSS54','p53'),('WSS555','p53'),('WSS572','p53'),('WSS601','p53'),('WSS614','p53'),('WSS626','p53'),('WSS655','p53'),('WSS658','p53'),('WSS659','p53'),('WSS66','p53'),('WSS663','p53'),('WSS67','p53'),('WSS692','p53'),('WSS701','p53'),('WSS713','p53'),('WSS734','p53'),('WSS747','p53'),('WSS759','p53'),('WSS760','p53'),('WSS79','p53'),('WSS811','p53'),('WSS830','p53'),('WSS85','p53'),('WSS857','p53'),('WSS864','p53'),('WSS868','p53'),('WSS90','p53'),('WSS906','p53'),('WSS907','p53'),('WSS945','p53'),('WSS955','p53'),('WSS962','p53'),('WSS99','p53'),('WSS997','p53'),('WSS100','p54'),('WSS172','p54'),('WSS196','p54'),('WSS220','p54'),('WSS269','p54'),('WSS315','p54'),('WSS316','p54'),('WSS323','p54'),('WSS369','p54'),('WSS379','p54'),('WSS430','p54'),('WSS431','p54'),('WSS446','p54'),('WSS482','p54'),('WSS514','p54'),('WSS525','p54'),('WSS531','p54'),('WSS560','p54'),('WSS562','p54'),('WSS571','p54'),('WSS579','p54'),('WSS610','p54'),('WSS612','p54'),('WSS613','p54'),('WSS659','p54'),('WSS678','p54'),('WSS727','p54'),('WSS751','p54'),('WSS78','p54'),('WSS809','p54'),('WSS820','p54'),('WSS839','p54'),('WSS846','p54'),('WSS847','p54'),('WSS856','p54'),('WSS861','p54'),('WSS864','p54'),('WSS923','p54'),('WSS930','p54'),('WSS94','p54'),('WSS943','p54'),('WSS959','p54'),('WSS985','p54'),('WSS986','p54'),('WSS10','p55'),('WSS122','p55'),('WSS143','p55'),('WSS157','p55'),('WSS176','p55'),('WSS187','p55'),('WSS220','p55'),('WSS241','p55'),('WSS253','p55'),('WSS254','p55'),('WSS259','p55'),('WSS304','p55'),('WSS316','p55'),('WSS326','p55'),('WSS328','p55'),('WSS330','p55'),('WSS34','p55'),('WSS360','p55'),('WSS368','p55'),('WSS381','p55'),('WSS414','p55'),('WSS42','p55'),('WSS431','p55'),('WSS433','p55'),('WSS439','p55'),('WSS449','p55'),('WSS450','p55'),('WSS474','p55'),('WSS495','p55'),('WSS516','p55'),('WSS53','p55'),('WSS546','p55'),('WSS554','p55'),('WSS603','p55'),('WSS604','p55'),('WSS608','p55'),('WSS63','p55'),('WSS667','p55'),('WSS677','p55'),('WSS682','p55'),('WSS690','p55'),('WSS722','p55'),('WSS798','p55'),('WSS80','p55'),('WSS825','p55'),('WSS828','p55'),('WSS834','p55'),('WSS837','p55'),('WSS843','p55'),('WSS886','p55'),('WSS892','p55'),('WSS9','p55'),('WSS969','p55'),('WSS99','p55'),('WSS994','p55'),('WSS158','p56'),('WSS240','p56'),('WSS266','p56'),('WSS28','p56'),('WSS294','p56'),('WSS296','p56'),('WSS299','p56'),('WSS30','p56'),('WSS302','p56'),('WSS315','p56'),('WSS318','p56'),('WSS396','p56'),('WSS397','p56'),('WSS402','p56'),('WSS411','p56'),('WSS493','p56'),('WSS505','p56'),('WSS521','p56'),('WSS530','p56'),('WSS536','p56'),('WSS549','p56'),('WSS554','p56'),('WSS574','p56'),('WSS61','p56'),('WSS612','p56'),('WSS629','p56'),('WSS64','p56'),('WSS684','p56'),('WSS722','p56'),('WSS730','p56'),('WSS773','p56'),('WSS786','p56'),('WSS791','p56'),('WSS866','p56'),('WSS872','p56'),('WSS876','p56'),('WSS880','p56'),('WSS915','p56'),('WSS934','p56'),('WSS965','p56'),('WSS969','p56'),('WSS97','p56'),('WSS973','p56'),('WSS10','p57'),('WSS132','p57'),('WSS148','p57'),('WSS156','p57'),('WSS163','p57'),('WSS187','p57'),('WSS288','p57'),('WSS292','p57'),('WSS361','p57'),('WSS376','p57'),('WSS384','p57'),('WSS410','p57'),('WSS420','p57'),('WSS467','p57'),('WSS499','p57'),('WSS501','p57'),('WSS519','p57'),('WSS557','p57'),('WSS582','p57'),('WSS583','p57'),('WSS605','p57'),('WSS622','p57'),('WSS627','p57'),('WSS696','p57'),('WSS775','p57'),('WSS781','p57'),('WSS808','p57'),('WSS842','p57'),('WSS858','p57'),('WSS86','p57'),('WSS861','p57'),('WSS864','p57'),('WSS880','p57'),('WSS913','p57'),('WSS924','p57'),('WSS96','p57'),('WSS992','p57'),('WSS112','p58'),('WSS121','p58'),('WSS134','p58'),('WSS210','p58'),('WSS211','p58'),('WSS230','p58'),('WSS232','p58'),('WSS237','p58'),('WSS242','p58'),('WSS249','p58'),('WSS250','p58'),('WSS297','p58'),('WSS340','p58'),('WSS352','p58'),('WSS364','p58'),('WSS371','p58'),('WSS439','p58'),('WSS449','p58'),('WSS494','p58'),('WSS507','p58'),('WSS511','p58'),('WSS570','p58'),('WSS585','p58'),('WSS651','p58'),('WSS661','p58'),('WSS663','p58'),('WSS664','p58'),('WSS67','p58'),('WSS673','p58'),('WSS700','p58'),('WSS715','p58'),('WSS72','p58'),('WSS740','p58'),('WSS755','p58'),('WSS762','p58'),('WSS769','p58'),('WSS775','p58'),('WSS788','p58'),('WSS841','p58'),('WSS906','p58'),('WSS93','p58'),('WSS950','p58'),('WSS962','p58'),('WSS997','p58'),('WSS140','p59'),('WSS15','p59'),('WSS191','p59'),('WSS201','p59'),('WSS218','p59'),('WSS224','p59'),('WSS228','p59'),('WSS263','p59'),('WSS264','p59'),('WSS271','p59'),('WSS302','p59'),('WSS343','p59'),('WSS351','p59'),('WSS353','p59'),('WSS387','p59'),('WSS407','p59'),('WSS445','p59'),('WSS461','p59'),('WSS483','p59'),('WSS523','p59'),('WSS533','p59'),('WSS539','p59'),('WSS542','p59'),('WSS543','p59'),('WSS563','p59'),('WSS57','p59'),('WSS626','p59'),('WSS650','p59'),('WSS654','p59'),('WSS662','p59'),('WSS688','p59'),('WSS703','p59'),('WSS720','p59'),('WSS727','p59'),('WSS776','p59'),('WSS799','p59'),('WSS816','p59'),('WSS822','p59'),('WSS827','p59'),('WSS849','p59'),('WSS857','p59'),('WSS862','p59'),('WSS879','p59'),('WSS882','p59'),('WSS922','p59'),('WSS925','p59'),('WSS966','p59'),('WSS98','p59'),('WSS983','p59'),('WSS11','p6'),('WSS114','p6'),('WSS120','p6'),('WSS124','p6'),('WSS21','p6'),('WSS216','p6'),('WSS252','p6'),('WSS257','p6'),('WSS271','p6'),('WSS291','p6'),('WSS303','p6'),('WSS316','p6'),('WSS32','p6'),('WSS353','p6'),('WSS356','p6'),('WSS360','p6'),('WSS385','p6'),('WSS386','p6'),('WSS406','p6'),('WSS418','p6'),('WSS440','p6'),('WSS448','p6'),('WSS463','p6'),('WSS5','p6'),('WSS506','p6'),('WSS578','p6'),('WSS610','p6'),('WSS621','p6'),('WSS642','p6'),('WSS649','p6'),('WSS654','p6'),('WSS671','p6'),('WSS693','p6'),('WSS698','p6'),('WSS738','p6'),('WSS761','p6'),('WSS764','p6'),('WSS772','p6'),('WSS776','p6'),('WSS778','p6'),('WSS802','p6'),('WSS809','p6'),('WSS829','p6'),('WSS856','p6'),('WSS886','p6'),('WSS904','p6'),('WSS946','p6'),('WSS964','p6'),('WSS965','p6'),('WSS984','p6'),('WSS115','p60'),('WSS119','p60'),('WSS126','p60'),('WSS144','p60'),('WSS195','p60'),('WSS209','p60'),('WSS211','p60'),('WSS256','p60'),('WSS292','p60'),('WSS296','p60'),('WSS335','p60'),('WSS346','p60'),('WSS376','p60'),('WSS382','p60'),('WSS393','p60'),('WSS434','p60'),('WSS502','p60'),('WSS527','p60'),('WSS569','p60'),('WSS687','p60'),('WSS7','p60'),('WSS718','p60'),('WSS719','p60'),('WSS737','p60'),('WSS766','p60'),('WSS769','p60'),('WSS795','p60'),('WSS8','p60'),('WSS817','p60'),('WSS824','p60'),('WSS854','p60'),('WSS877','p60'),('WSS881','p60'),('WSS889','p60'),('WSS11','p61'),('WSS139','p61'),('WSS149','p61'),('WSS163','p61'),('WSS179','p61'),('WSS263','p61'),('WSS310','p61'),('WSS318','p61'),('WSS336','p61'),('WSS34','p61'),('WSS379','p61'),('WSS449','p61'),('WSS465','p61'),('WSS468','p61'),('WSS554','p61'),('WSS583','p61'),('WSS602','p61'),('WSS628','p61'),('WSS665','p61'),('WSS674','p61'),('WSS728','p61'),('WSS76','p61'),('WSS760','p61'),('WSS766','p61'),('WSS767','p61'),('WSS782','p61'),('WSS791','p61'),('WSS803','p61'),('WSS813','p61'),('WSS826','p61'),('WSS831','p61'),('WSS868','p61'),('WSS872','p61'),('WSS913','p61'),('WSS917','p61'),('WSS922','p61'),('WSS937','p61'),('WSS977','p61'),('WSS988','p61'),('WSS991','p61'),('WSS992','p61'),('WSS105','p62'),('WSS12','p62'),('WSS132','p62'),('WSS169','p62'),('WSS207','p62'),('WSS239','p62'),('WSS244','p62'),('WSS268','p62'),('WSS286','p62'),('WSS340','p62'),('WSS368','p62'),('WSS401','p62'),('WSS421','p62'),('WSS482','p62'),('WSS483','p62'),('WSS489','p62'),('WSS527','p62'),('WSS561','p62'),('WSS589','p62'),('WSS593','p62'),('WSS609','p62'),('WSS619','p62'),('WSS645','p62'),('WSS669','p62'),('WSS679','p62'),('WSS68','p62'),('WSS681','p62'),('WSS695','p62'),('WSS705','p62'),('WSS752','p62'),('WSS754','p62'),('WSS763','p62'),('WSS791','p62'),('WSS805','p62'),('WSS81','p62'),('WSS85','p62'),('WSS876','p62'),('WSS906','p62'),('WSS92','p62'),('WSS931','p62'),('WSS982','p62'),('WSS984','p62'),('WSS1000','p63'),('WSS107','p63'),('WSS117','p63'),('WSS130','p63'),('WSS153','p63'),('WSS16','p63'),('WSS172','p63'),('WSS224','p63'),('WSS232','p63'),('WSS248','p63'),('WSS283','p63'),('WSS285','p63'),('WSS301','p63'),('WSS303','p63'),('WSS352','p63'),('WSS444','p63'),('WSS452','p63'),('WSS469','p63'),('WSS476','p63'),('WSS498','p63'),('WSS507','p63'),('WSS553','p63'),('WSS571','p63'),('WSS577','p63'),('WSS644','p63'),('WSS681','p63'),('WSS690','p63'),('WSS694','p63'),('WSS752','p63'),('WSS832','p63'),('WSS848','p63'),('WSS87','p63'),('WSS892','p63'),('WSS947','p63'),('WSS951','p63'),('WSS953','p63'),('WSS958','p63'),('WSS134','p64'),('WSS144','p64'),('WSS18','p64'),('WSS185','p64'),('WSS204','p64'),('WSS279','p64'),('WSS282','p64'),('WSS284','p64'),('WSS290','p64'),('WSS304','p64'),('WSS319','p64'),('WSS320','p64'),('WSS334','p64'),('WSS338','p64'),('WSS355','p64'),('WSS386','p64'),('WSS395','p64'),('WSS402','p64'),('WSS41','p64'),('WSS413','p64'),('WSS419','p64'),('WSS457','p64'),('WSS514','p64'),('WSS54','p64'),('WSS583','p64'),('WSS60','p64'),('WSS630','p64'),('WSS662','p64'),('WSS667','p64'),('WSS681','p64'),('WSS694','p64'),('WSS726','p64'),('WSS738','p64'),('WSS740','p64'),('WSS753','p64'),('WSS780','p64'),('WSS817','p64'),('WSS849','p64'),('WSS883','p64'),('WSS894','p64'),('WSS94','p64'),('WSS960','p64'),('WSS967','p64'),('WSS972','p64'),('WSS99','p64'),('WSS991','p64'),('WSS108','p65'),('WSS14','p65'),('WSS145','p65'),('WSS173','p65'),('WSS214','p65'),('WSS216','p65'),('WSS222','p65'),('WSS23','p65'),('WSS282','p65'),('WSS298','p65'),('WSS31','p65'),('WSS320','p65'),('WSS325','p65'),('WSS347','p65'),('WSS35','p65'),('WSS362','p65'),('WSS363','p65'),('WSS370','p65'),('WSS389','p65'),('WSS396','p65'),('WSS410','p65'),('WSS414','p65'),('WSS453','p65'),('WSS456','p65'),('WSS46','p65'),('WSS508','p65'),('WSS517','p65'),('WSS549','p65'),('WSS55','p65'),('WSS580','p65'),('WSS599','p65'),('WSS61','p65'),('WSS638','p65'),('WSS648','p65'),('WSS721','p65'),('WSS730','p65'),('WSS740','p65'),('WSS775','p65'),('WSS795','p65'),('WSS801','p65'),('WSS818','p65'),('WSS883','p65'),('WSS915','p65'),('WSS941','p65'),('WSS961','p65'),('WSS985','p65'),('WSS993','p65'),('WSS121','p7'),('WSS131','p7'),('WSS154','p7'),('WSS199','p7'),('WSS210','p7'),('WSS238','p7'),('WSS241','p7'),('WSS298','p7'),('WSS314','p7'),('WSS39','p7'),('WSS393','p7'),('WSS399','p7'),('WSS408','p7'),('WSS435','p7'),('WSS436','p7'),('WSS48','p7'),('WSS51','p7'),('WSS524','p7'),('WSS534','p7'),('WSS569','p7'),('WSS603','p7'),('WSS635','p7'),('WSS650','p7'),('WSS652','p7'),('WSS670','p7'),('WSS671','p7'),('WSS684','p7'),('WSS704','p7'),('WSS720','p7'),('WSS724','p7'),('WSS787','p7'),('WSS804','p7'),('WSS842','p7'),('WSS863','p7'),('WSS866','p7'),('WSS887','p7'),('WSS909','p7'),('WSS92','p7'),('WSS955','p7'),('WSS96','p7'),('WSS97','p7'),('WSS975','p7'),('WSS998','p7'),('WSS101','p8'),('WSS106','p8'),('WSS116','p8'),('WSS120','p8'),('WSS149','p8'),('WSS157','p8'),('WSS170','p8'),('WSS192','p8'),('WSS213','p8'),('WSS219','p8'),('WSS220','p8'),('WSS258','p8'),('WSS279','p8'),('WSS3','p8'),('WSS354','p8'),('WSS356','p8'),('WSS363','p8'),('WSS390','p8'),('WSS391','p8'),('WSS392','p8'),('WSS405','p8'),('WSS452','p8'),('WSS455','p8'),('WSS459','p8'),('WSS460','p8'),('WSS476','p8'),('WSS50','p8'),('WSS521','p8'),('WSS525','p8'),('WSS577','p8'),('WSS606','p8'),('WSS614','p8'),('WSS618','p8'),('WSS62','p8'),('WSS633','p8'),('WSS658','p8'),('WSS673','p8'),('WSS721','p8'),('WSS728','p8'),('WSS729','p8'),('WSS731','p8'),('WSS772','p8'),('WSS781','p8'),('WSS792','p8'),('WSS823','p8'),('WSS845','p8'),('WSS862','p8'),('WSS870','p8'),('WSS873','p8'),('WSS891','p8'),('WSS929','p8'),('WSS108','p9'),('WSS134','p9'),('WSS14','p9'),('WSS183','p9'),('WSS185','p9'),('WSS186','p9'),('WSS20','p9'),('WSS209','p9'),('WSS22','p9'),('WSS235','p9'),('WSS250','p9'),('WSS298','p9'),('WSS310','p9'),('WSS380','p9'),('WSS387','p9'),('WSS400','p9'),('WSS419','p9'),('WSS434','p9'),('WSS455','p9'),('WSS484','p9'),('WSS593','p9'),('WSS594','p9'),('WSS623','p9'),('WSS628','p9'),('WSS646','p9'),('WSS672','p9'),('WSS701','p9'),('WSS746','p9'),('WSS765','p9'),('WSS784','p9'),('WSS821','p9'),('WSS831','p9'),('WSS843','p9'),('WSS871','p9'),('WSS886','p9'),('WSS888','p9'),('WSS91','p9'),('WSS945','p9'),('WSS946','p9'),('WSS951','p9'),('WSS987','p9'),('WSS989','p9'),('WSS996','p9');
/*!40000 ALTER TABLE `inputparameter` ENABLE KEYS */;
UNLOCK TABLES;

--
-- Table structure for table `knowledgeforcareerpath`
--

DROP TABLE IF EXISTS `knowledgeforcareerpath`;
/*!40101 SET @saved_cs_client     = @@character_set_client */;
/*!50503 SET character_set_client = utf8mb4 */;
CREATE TABLE `knowledgeforcareerpath` (
  `careerPathID` char(4) NOT NULL,
  `knowledgeID` char(6) NOT NULL,
  PRIMARY KEY (`careerPathID`,`knowledgeID`)
) ENGINE=InnoDB DEFAULT CHARSET=latin1;
/*!40101 SET character_set_client = @saved_cs_client */;

--
-- Dumping data for table `knowledgeforcareerpath`
--

LOCK TABLES `knowledgeforcareerpath` WRITE;
/*!40000 ALTER TABLE `knowledgeforcareerpath` DISABLE KEYS */;
INSERT INTO `knowledgeforcareerpath` VALUES ('C100','k1C311'),('C100','k1C412'),('C100','k1C469'),('C100','k1C500');
/*!40000 ALTER TABLE `knowledgeforcareerpath` ENABLE KEYS */;
UNLOCK TABLES;

--
-- Table structure for table `lhs`
--

DROP TABLE IF EXISTS `lhs`;
/*!40101 SET @saved_cs_client     = @@character_set_client */;
/*!50503 SET character_set_client = utf8mb4 */;
CREATE TABLE `lhs` (
  `ruleid` int NOT NULL,
  `courseid` varchar(10) NOT NULL,
  PRIMARY KEY (`ruleid`,`courseid`)
) ENGINE=InnoDB DEFAULT CHARSET=latin1;
/*!40101 SET character_set_client = @saved_cs_client */;

--
-- Dumping data for table `lhs`
--

LOCK TABLES `lhs` WRITE;
/*!40000 ALTER TABLE `lhs` DISABLE KEYS */;
INSERT INTO `lhs` VALUES (1,'ICP006'),(2,'ICP006'),(3,'ICP006'),(4,'ICP110'),(5,'ICP110'),(6,'ICP311'),(7,'ICP006'),(7,'ICP110'),(8,'ICP006'),(8,'ICP110'),(9,'ICP006'),(9,'ICP311'),(10,'ICP110'),(10,'ICP311'),(11,'ICP006'),(11,'ICP110'),(11,'ICP311');
/*!40000 ALTER TABLE `lhs` ENABLE KEYS */;
UNLOCK TABLES;

--
-- Table structure for table `outputparameter`
--

DROP TABLE IF EXISTS `outputparameter`;
/*!40101 SET @saved_cs_client     = @@character_set_client */;
/*!50503 SET character_set_client = utf8mb4 */;
CREATE TABLE `outputparameter` (
  `webServiceID` varchar(10) NOT NULL,
  `parameterID` varchar(10) NOT NULL,
  PRIMARY KEY (`webServiceID`,`parameterID`),
  KEY `knowledgeID` (`parameterID`)
) ENGINE=InnoDB DEFAULT CHARSET=latin1;
/*!40101 SET character_set_client = @saved_cs_client */;

--
-- Dumping data for table `outputparameter`
--

LOCK TABLES `outputparameter` WRITE;
/*!40000 ALTER TABLE `outputparameter` DISABLE KEYS */;
INSERT INTO `outputparameter` VALUES ('WSS104','p1'),('WSS122','p1'),('WSS124','p1'),('WSS161','p1'),('WSS163','p1'),('WSS194','p1'),('WSS203','p1'),('WSS218','p1'),('WSS233','p1'),('WSS238','p1'),('WSS248','p1'),('WSS257','p1'),('WSS262','p1'),('WSS280','p1'),('WSS304','p1'),('WSS307','p1'),('WSS320','p1'),('WSS325','p1'),('WSS327','p1'),('WSS329','p1'),('WSS347','p1'),('WSS363','p1'),('WSS37','p1'),('WSS374','p1'),('WSS379','p1'),('WSS394','p1'),('WSS412','p1'),('WSS416','p1'),('WSS463','p1'),('WSS47','p1'),('WSS51','p1'),('WSS512','p1'),('WSS525','p1'),('WSS536','p1'),('WSS539','p1'),('WSS559','p1'),('WSS56','p1'),('WSS586','p1'),('WSS587','p1'),('WSS59','p1'),('WSS598','p1'),('WSS608','p1'),('WSS626','p1'),('WSS648','p1'),('WSS649','p1'),('WSS656','p1'),('WSS657','p1'),('WSS703','p1'),('WSS708','p1'),('WSS711','p1'),('WSS718','p1'),('WSS723','p1'),('WSS724','p1'),('WSS734','p1'),('WSS753','p1'),('WSS757','p1'),('WSS762','p1'),('WSS792','p1'),('WSS810','p1'),('WSS818','p1'),('WSS833','p1'),('WSS866','p1'),('WSS878','p1'),('WSS879','p1'),('WSS888','p1'),('WSS937','p1'),('WSS943','p1'),('WSS945','p1'),('WSS949','p1'),('WSS977','p1'),('WSS986','p1'),('WSS988','p1'),('WSS991','p1'),('WSS103','p10'),('WSS105','p10'),('WSS114','p10'),('WSS116','p10'),('WSS119','p10'),('WSS125','p10'),('WSS126','p10'),('WSS127','p10'),('WSS129','p10'),('WSS159','p10'),('WSS172','p10'),('WSS179','p10'),('WSS192','p10'),('WSS208','p10'),('WSS215','p10'),('WSS220','p10'),('WSS226','p10'),('WSS238','p10'),('WSS253','p10'),('WSS26','p10'),('WSS267','p10'),('WSS287','p10'),('WSS330','p10'),('WSS336','p10'),('WSS341','p10'),('WSS349','p10'),('WSS356','p10'),('WSS358','p10'),('WSS36','p10'),('WSS366','p10'),('WSS367','p10'),('WSS369','p10'),('WSS379','p10'),('WSS386','p10'),('WSS388','p10'),('WSS4','p10'),('WSS409','p10'),('WSS414','p10'),('WSS417','p10'),('WSS422','p10'),('WSS425','p10'),('WSS431','p10'),('WSS458','p10'),('WSS462','p10'),('WSS471','p10'),('WSS481','p10'),('WSS489','p10'),('WSS492','p10'),('WSS523','p10'),('WSS526','p10'),('WSS540','p10'),('WSS542','p10'),('WSS56','p10'),('WSS563','p10'),('WSS575','p10'),('WSS578','p10'),('WSS582','p10'),('WSS599','p10'),('WSS600','p10'),('WSS616','p10'),('WSS62','p10'),('WSS624','p10'),('WSS626','p10'),('WSS63','p10'),('WSS638','p10'),('WSS642','p10'),('WSS645','p10'),('WSS652','p10'),('WSS667','p10'),('WSS680','p10'),('WSS696','p10'),('WSS697','p10'),('WSS739','p10'),('WSS743','p10'),('WSS752','p10'),('WSS758','p10'),('WSS76','p10'),('WSS766','p10'),('WSS78','p10'),('WSS802','p10'),('WSS809','p10'),('WSS81','p10'),('WSS810','p10'),('WSS814','p10'),('WSS815','p10'),('WSS819','p10'),('WSS85','p10'),('WSS852','p10'),('WSS856','p10'),('WSS86','p10'),('WSS860','p10'),('WSS868','p10'),('WSS87','p10'),('WSS872','p10'),('WSS874','p10'),('WSS886','p10'),('WSS890','p10'),('WSS915','p10'),('WSS922','p10'),('WSS948','p10'),('WSS950','p10'),('WSS952','p10'),('WSS962','p10'),('WSS963','p10'),('WSS965','p10'),('WSS966','p10'),('WSS970','p10'),('WSS971','p10'),('WSS989','p10'),('WSS1000','p11'),('WSS114','p11'),('WSS116','p11'),('WSS125','p11'),('WSS132','p11'),('WSS136','p11'),('WSS143','p11'),('WSS163','p11'),('WSS173','p11'),('WSS19','p11'),('WSS190','p11'),('WSS193','p11'),('WSS195','p11'),('WSS206','p11'),('WSS229','p11'),('WSS235','p11'),('WSS239','p11'),('WSS258','p11'),('WSS262','p11'),('WSS270','p11'),('WSS279','p11'),('WSS28','p11'),('WSS282','p11'),('WSS296','p11'),('WSS300','p11'),('WSS319','p11'),('WSS344','p11'),('WSS345','p11'),('WSS35','p11'),('WSS369','p11'),('WSS377','p11'),('WSS381','p11'),('WSS392','p11'),('WSS402','p11'),('WSS408','p11'),('WSS413','p11'),('WSS422','p11'),('WSS429','p11'),('WSS438','p11'),('WSS478','p11'),('WSS480','p11'),('WSS494','p11'),('WSS496','p11'),('WSS507','p11'),('WSS515','p11'),('WSS521','p11'),('WSS522','p11'),('WSS547','p11'),('WSS572','p11'),('WSS602','p11'),('WSS617','p11'),('WSS639','p11'),('WSS640','p11'),('WSS66','p11'),('WSS665','p11'),('WSS678','p11'),('WSS68','p11'),('WSS681','p11'),('WSS717','p11'),('WSS728','p11'),('WSS736','p11'),('WSS76','p11'),('WSS778','p11'),('WSS785','p11'),('WSS789','p11'),('WSS791','p11'),('WSS793','p11'),('WSS80','p11'),('WSS803','p11'),('WSS83','p11'),('WSS835','p11'),('WSS837','p11'),('WSS840','p11'),('WSS846','p11'),('WSS850','p11'),('WSS872','p11'),('WSS883','p11'),('WSS89','p11'),('WSS899','p11'),('WSS913','p11'),('WSS921','p11'),('WSS929','p11'),('WSS937','p11'),('WSS966','p11'),('WSS97','p11'),('WSS996','p11'),('WSS997','p11'),('WSS106','p12'),('WSS111','p12'),('WSS112','p12'),('WSS131','p12'),('WSS132','p12'),('WSS154','p12'),('WSS16','p12'),('WSS165','p12'),('WSS172','p12'),('WSS184','p12'),('WSS196','p12'),('WSS211','p12'),('WSS214','p12'),('WSS217','p12'),('WSS225','p12'),('WSS233','p12'),('WSS261','p12'),('WSS262','p12'),('WSS267','p12'),('WSS268','p12'),('WSS284','p12'),('WSS289','p12'),('WSS29','p12'),('WSS291','p12'),('WSS294','p12'),('WSS304','p12'),('WSS318','p12'),('WSS325','p12'),('WSS334','p12'),('WSS339','p12'),('WSS346','p12'),('WSS348','p12'),('WSS367','p12'),('WSS376','p12'),('WSS383','p12'),('WSS395','p12'),('WSS413','p12'),('WSS425','p12'),('WSS442','p12'),('WSS451','p12'),('WSS454','p12'),('WSS465','p12'),('WSS468','p12'),('WSS480','p12'),('WSS506','p12'),('WSS507','p12'),('WSS54','p12'),('WSS543','p12'),('WSS549','p12'),('WSS555','p12'),('WSS571','p12'),('WSS582','p12'),('WSS585','p12'),('WSS587','p12'),('WSS611','p12'),('WSS614','p12'),('WSS619','p12'),('WSS630','p12'),('WSS632','p12'),('WSS633','p12'),('WSS634','p12'),('WSS635','p12'),('WSS641','p12'),('WSS653','p12'),('WSS663','p12'),('WSS69','p12'),('WSS699','p12'),('WSS714','p12'),('WSS716','p12'),('WSS743','p12'),('WSS784','p12'),('WSS807','p12'),('WSS826','p12'),('WSS827','p12'),('WSS830','p12'),('WSS852','p12'),('WSS853','p12'),('WSS861','p12'),('WSS880','p12'),('WSS882','p12'),('WSS885','p12'),('WSS905','p12'),('WSS912','p12'),('WSS915','p12'),('WSS916','p12'),('WSS930','p12'),('WSS934','p12'),('WSS946','p12'),('WSS95','p12'),('WSS985','p12'),('WSS103','p13'),('WSS106','p13'),('WSS11','p13'),('WSS148','p13'),('WSS168','p13'),('WSS183','p13'),('WSS189','p13'),('WSS19','p13'),('WSS197','p13'),('WSS203','p13'),('WSS211','p13'),('WSS216','p13'),('WSS23','p13'),('WSS257','p13'),('WSS274','p13'),('WSS276','p13'),('WSS289','p13'),('WSS292','p13'),('WSS301','p13'),('WSS316','p13'),('WSS342','p13'),('WSS357','p13'),('WSS391','p13'),('WSS394','p13'),('WSS399','p13'),('WSS400','p13'),('WSS424','p13'),('WSS432','p13'),('WSS443','p13'),('WSS449','p13'),('WSS457','p13'),('WSS467','p13'),('WSS474','p13'),('WSS487','p13'),('WSS505','p13'),('WSS511','p13'),('WSS513','p13'),('WSS524','p13'),('WSS526','p13'),('WSS529','p13'),('WSS531','p13'),('WSS535','p13'),('WSS559','p13'),('WSS561','p13'),('WSS582','p13'),('WSS603','p13'),('WSS613','p13'),('WSS627','p13'),('WSS639','p13'),('WSS669','p13'),('WSS678','p13'),('WSS685','p13'),('WSS687','p13'),('WSS69','p13'),('WSS705','p13'),('WSS726','p13'),('WSS732','p13'),('WSS79','p13'),('WSS801','p13'),('WSS83','p13'),('WSS835','p13'),('WSS87','p13'),('WSS888','p13'),('WSS894','p13'),('WSS897','p13'),('WSS918','p13'),('WSS925','p13'),('WSS926','p13'),('WSS936','p13'),('WSS940','p13'),('WSS947','p13'),('WSS964','p13'),('WSS973','p13'),('WSS975','p13'),('WSS980','p13'),('WSS984','p13'),('WSS986','p13'),('WSS987','p13'),('WSS992','p13'),('WSS995','p13'),('WSS103','p14'),('WSS125','p14'),('WSS15','p14'),('WSS153','p14'),('WSS155','p14'),('WSS190','p14'),('WSS2','p14'),('WSS205','p14'),('WSS239','p14'),('WSS267','p14'),('WSS269','p14'),('WSS277','p14'),('WSS285','p14'),('WSS300','p14'),('WSS306','p14'),('WSS31','p14'),('WSS314','p14'),('WSS32','p14'),('WSS320','p14'),('WSS323','p14'),('WSS333','p14'),('WSS339','p14'),('WSS349','p14'),('WSS357','p14'),('WSS373','p14'),('WSS381','p14'),('WSS41','p14'),('WSS414','p14'),('WSS415','p14'),('WSS416','p14'),('WSS480','p14'),('WSS481','p14'),('WSS500','p14'),('WSS520','p14'),('WSS529','p14'),('WSS538','p14'),('WSS541','p14'),('WSS559','p14'),('WSS56','p14'),('WSS562','p14'),('WSS566','p14'),('WSS585','p14'),('WSS593','p14'),('WSS6','p14'),('WSS61','p14'),('WSS640','p14'),('WSS648','p14'),('WSS678','p14'),('WSS695','p14'),('WSS697','p14'),('WSS727','p14'),('WSS734','p14'),('WSS756','p14'),('WSS772','p14'),('WSS808','p14'),('WSS814','p14'),('WSS82','p14'),('WSS825','p14'),('WSS83','p14'),('WSS830','p14'),('WSS834','p14'),('WSS84','p14'),('WSS851','p14'),('WSS860','p14'),('WSS868','p14'),('WSS889','p14'),('WSS892','p14'),('WSS9','p14'),('WSS902','p14'),('WSS929','p14'),('WSS95','p14'),('WSS951','p14'),('WSS953','p14'),('WSS956','p14'),('WSS114','p15'),('WSS115','p15'),('WSS124','p15'),('WSS135','p15'),('WSS138','p15'),('WSS15','p15'),('WSS17','p15'),('WSS176','p15'),('WSS180','p15'),('WSS183','p15'),('WSS198','p15'),('WSS2','p15'),('WSS206','p15'),('WSS213','p15'),('WSS238','p15'),('WSS240','p15'),('WSS241','p15'),('WSS255','p15'),('WSS284','p15'),('WSS292','p15'),('WSS298','p15'),('WSS30','p15'),('WSS303','p15'),('WSS308','p15'),('WSS311','p15'),('WSS314','p15'),('WSS327','p15'),('WSS340','p15'),('WSS343','p15'),('WSS350','p15'),('WSS412','p15'),('WSS427','p15'),('WSS438','p15'),('WSS445','p15'),('WSS451','p15'),('WSS454','p15'),('WSS469','p15'),('WSS470','p15'),('WSS477','p15'),('WSS491','p15'),('WSS516','p15'),('WSS521','p15'),('WSS528','p15'),('WSS533','p15'),('WSS549','p15'),('WSS552','p15'),('WSS558','p15'),('WSS566','p15'),('WSS588','p15'),('WSS598','p15'),('WSS604','p15'),('WSS614','p15'),('WSS621','p15'),('WSS622','p15'),('WSS635','p15'),('WSS638','p15'),('WSS640','p15'),('WSS641','p15'),('WSS660','p15'),('WSS663','p15'),('WSS668','p15'),('WSS679','p15'),('WSS68','p15'),('WSS691','p15'),('WSS693','p15'),('WSS701','p15'),('WSS708','p15'),('WSS723','p15'),('WSS741','p15'),('WSS745','p15'),('WSS758','p15'),('WSS825','p15'),('WSS836','p15'),('WSS85','p15'),('WSS880','p15'),('WSS882','p15'),('WSS903','p15'),('WSS908','p15'),('WSS924','p15'),('WSS94','p15'),('WSS964','p15'),('WSS970','p15'),('WSS978','p15'),('WSS99','p15'),('WSS990','p15'),('WSS115','p16'),('WSS120','p16'),('WSS123','p16'),('WSS139','p16'),('WSS159','p16'),('WSS179','p16'),('WSS182','p16'),('WSS186','p16'),('WSS191','p16'),('WSS206','p16'),('WSS224','p16'),('WSS245','p16'),('WSS263','p16'),('WSS290','p16'),('WSS294','p16'),('WSS303','p16'),('WSS305','p16'),('WSS316','p16'),('WSS317','p16'),('WSS320','p16'),('WSS324','p16'),('WSS333','p16'),('WSS336','p16'),('WSS355','p16'),('WSS37','p16'),('WSS375','p16'),('WSS39','p16'),('WSS392','p16'),('WSS408','p16'),('WSS417','p16'),('WSS421','p16'),('WSS449','p16'),('WSS462','p16'),('WSS463','p16'),('WSS464','p16'),('WSS467','p16'),('WSS471','p16'),('WSS475','p16'),('WSS488','p16'),('WSS493','p16'),('WSS54','p16'),('WSS544','p16'),('WSS546','p16'),('WSS55','p16'),('WSS557','p16'),('WSS559','p16'),('WSS564','p16'),('WSS568','p16'),('WSS591','p16'),('WSS592','p16'),('WSS63','p16'),('WSS633','p16'),('WSS641','p16'),('WSS660','p16'),('WSS750','p16'),('WSS756','p16'),('WSS757','p16'),('WSS770','p16'),('WSS775','p16'),('WSS777','p16'),('WSS785','p16'),('WSS822','p16'),('WSS846','p16'),('WSS849','p16'),('WSS85','p16'),('WSS850','p16'),('WSS854','p16'),('WSS858','p16'),('WSS859','p16'),('WSS895','p16'),('WSS897','p16'),('WSS903','p16'),('WSS905','p16'),('WSS914','p16'),('WSS924','p16'),('WSS927','p16'),('WSS930','p16'),('WSS943','p16'),('WSS954','p16'),('WSS964','p16'),('WSS114','p17'),('WSS159','p17'),('WSS163','p17'),('WSS166','p17'),('WSS174','p17'),('WSS184','p17'),('WSS199','p17'),('WSS212','p17'),('WSS228','p17'),('WSS235','p17'),('WSS269','p17'),('WSS273','p17'),('WSS306','p17'),('WSS326','p17'),('WSS328','p17'),('WSS337','p17'),('WSS354','p17'),('WSS366','p17'),('WSS374','p17'),('WSS376','p17'),('WSS377','p17'),('WSS381','p17'),('WSS385','p17'),('WSS395','p17'),('WSS399','p17'),('WSS41','p17'),('WSS427','p17'),('WSS437','p17'),('WSS443','p17'),('WSS450','p17'),('WSS462','p17'),('WSS513','p17'),('WSS520','p17'),('WSS540','p17'),('WSS547','p17'),('WSS55','p17'),('WSS589','p17'),('WSS610','p17'),('WSS611','p17'),('WSS617','p17'),('WSS632','p17'),('WSS642','p17'),('WSS643','p17'),('WSS650','p17'),('WSS656','p17'),('WSS658','p17'),('WSS677','p17'),('WSS696','p17'),('WSS698','p17'),('WSS701','p17'),('WSS703','p17'),('WSS704','p17'),('WSS706','p17'),('WSS714','p17'),('WSS716','p17'),('WSS73','p17'),('WSS733','p17'),('WSS742','p17'),('WSS745','p17'),('WSS747','p17'),('WSS761','p17'),('WSS769','p17'),('WSS772','p17'),('WSS791','p17'),('WSS8','p17'),('WSS820','p17'),('WSS823','p17'),('WSS826','p17'),('WSS828','p17'),('WSS83','p17'),('WSS838','p17'),('WSS841','p17'),('WSS851','p17'),('WSS852','p17'),('WSS855','p17'),('WSS860','p17'),('WSS870','p17'),('WSS879','p17'),('WSS899','p17'),('WSS92','p17'),('WSS93','p17'),('WSS937','p17'),('WSS948','p17'),('WSS972','p17'),('WSS980','p17'),('WSS996','p17'),('WSS998','p17'),('WSS10','p18'),('WSS142','p18'),('WSS154','p18'),('WSS16','p18'),('WSS17','p18'),('WSS180','p18'),('WSS224','p18'),('WSS227','p18'),('WSS246','p18'),('WSS261','p18'),('WSS275','p18'),('WSS283','p18'),('WSS288','p18'),('WSS314','p18'),('WSS321','p18'),('WSS324','p18'),('WSS354','p18'),('WSS365','p18'),('WSS370','p18'),('WSS38','p18'),('WSS384','p18'),('WSS395','p18'),('WSS410','p18'),('WSS419','p18'),('WSS421','p18'),('WSS423','p18'),('WSS435','p18'),('WSS465','p18'),('WSS469','p18'),('WSS472','p18'),('WSS474','p18'),('WSS477','p18'),('WSS488','p18'),('WSS489','p18'),('WSS493','p18'),('WSS497','p18'),('WSS5','p18'),('WSS502','p18'),('WSS512','p18'),('WSS53','p18'),('WSS531','p18'),('WSS548','p18'),('WSS569','p18'),('WSS571','p18'),('WSS576','p18'),('WSS597','p18'),('WSS601','p18'),('WSS635','p18'),('WSS637','p18'),('WSS661','p18'),('WSS667','p18'),('WSS677','p18'),('WSS678','p18'),('WSS679','p18'),('WSS701','p18'),('WSS712','p18'),('WSS73','p18'),('WSS754','p18'),('WSS756','p18'),('WSS799','p18'),('WSS815','p18'),('WSS817','p18'),('WSS819','p18'),('WSS822','p18'),('WSS840','p18'),('WSS862','p18'),('WSS884','p18'),('WSS901','p18'),('WSS907','p18'),('WSS919','p18'),('WSS932','p18'),('WSS951','p18'),('WSS98','p18'),('WSS983','p18'),('WSS985','p18'),('WSS998','p18'),('WSS13','p19'),('WSS141','p19'),('WSS147','p19'),('WSS155','p19'),('WSS167','p19'),('WSS188','p19'),('WSS19','p19'),('WSS198','p19'),('WSS208','p19'),('WSS216','p19'),('WSS233','p19'),('WSS247','p19'),('WSS249','p19'),('WSS250','p19'),('WSS271','p19'),('WSS279','p19'),('WSS281','p19'),('WSS293','p19'),('WSS295','p19'),('WSS302','p19'),('WSS313','p19'),('WSS321','p19'),('WSS322','p19'),('WSS326','p19'),('WSS332','p19'),('WSS335','p19'),('WSS35','p19'),('WSS363','p19'),('WSS372','p19'),('WSS378','p19'),('WSS397','p19'),('WSS400','p19'),('WSS406','p19'),('WSS423','p19'),('WSS43','p19'),('WSS434','p19'),('WSS440','p19'),('WSS442','p19'),('WSS448','p19'),('WSS463','p19'),('WSS466','p19'),('WSS47','p19'),('WSS470','p19'),('WSS476','p19'),('WSS49','p19'),('WSS520','p19'),('WSS524','p19'),('WSS534','p19'),('WSS556','p19'),('WSS562','p19'),('WSS565','p19'),('WSS567','p19'),('WSS570','p19'),('WSS620','p19'),('WSS636','p19'),('WSS646','p19'),('WSS665','p19'),('WSS666','p19'),('WSS670','p19'),('WSS673','p19'),('WSS707','p19'),('WSS71','p19'),('WSS715','p19'),('WSS724','p19'),('WSS732','p19'),('WSS742','p19'),('WSS747','p19'),('WSS773','p19'),('WSS781','p19'),('WSS792','p19'),('WSS801','p19'),('WSS803','p19'),('WSS804','p19'),('WSS819','p19'),('WSS829','p19'),('WSS839','p19'),('WSS841','p19'),('WSS857','p19'),('WSS859','p19'),('WSS867','p19'),('WSS886','p19'),('WSS887','p19'),('WSS894','p19'),('WSS9','p19'),('WSS91','p19'),('WSS921','p19'),('WSS939','p19'),('WSS967','p19'),('WSS969','p19'),('WSS990','p19'),('WSS118','p2'),('WSS130','p2'),('WSS141','p2'),('WSS147','p2'),('WSS148','p2'),('WSS152','p2'),('WSS169','p2'),('WSS181','p2'),('WSS187','p2'),('WSS194','p2'),('WSS2','p2'),('WSS214','p2'),('WSS217','p2'),('WSS222','p2'),('WSS227','p2'),('WSS237','p2'),('WSS238','p2'),('WSS242','p2'),('WSS28','p2'),('WSS281','p2'),('WSS30','p2'),('WSS306','p2'),('WSS328','p2'),('WSS329','p2'),('WSS33','p2'),('WSS330','p2'),('WSS348','p2'),('WSS362','p2'),('WSS386','p2'),('WSS39','p2'),('WSS393','p2'),('WSS412','p2'),('WSS421','p2'),('WSS426','p2'),('WSS432','p2'),('WSS443','p2'),('WSS45','p2'),('WSS453','p2'),('WSS457','p2'),('WSS478','p2'),('WSS481','p2'),('WSS483','p2'),('WSS484','p2'),('WSS498','p2'),('WSS508','p2'),('WSS511','p2'),('WSS531','p2'),('WSS549','p2'),('WSS553','p2'),('WSS561','p2'),('WSS564','p2'),('WSS571','p2'),('WSS579','p2'),('WSS584','p2'),('WSS587','p2'),('WSS588','p2'),('WSS603','p2'),('WSS619','p2'),('WSS620','p2'),('WSS642','p2'),('WSS647','p2'),('WSS664','p2'),('WSS672','p2'),('WSS693','p2'),('WSS698','p2'),('WSS707','p2'),('WSS708','p2'),('WSS711','p2'),('WSS728','p2'),('WSS734','p2'),('WSS750','p2'),('WSS751','p2'),('WSS753','p2'),('WSS760','p2'),('WSS80','p2'),('WSS819','p2'),('WSS83','p2'),('WSS836','p2'),('WSS838','p2'),('WSS868','p2'),('WSS876','p2'),('WSS887','p2'),('WSS9','p2'),('WSS91','p2'),('WSS927','p2'),('WSS928','p2'),('WSS932','p2'),('WSS943','p2'),('WSS953','p2'),('WSS960','p2'),('WSS998','p2'),('WSS106','p20'),('WSS114','p20'),('WSS125','p20'),('WSS129','p20'),('WSS133','p20'),('WSS15','p20'),('WSS150','p20'),('WSS159','p20'),('WSS168','p20'),('WSS197','p20'),('WSS200','p20'),('WSS202','p20'),('WSS212','p20'),('WSS215','p20'),('WSS224','p20'),('WSS23','p20'),('WSS232','p20'),('WSS255','p20'),('WSS260','p20'),('WSS27','p20'),('WSS270','p20'),('WSS274','p20'),('WSS286','p20'),('WSS287','p20'),('WSS301','p20'),('WSS319','p20'),('WSS333','p20'),('WSS340','p20'),('WSS344','p20'),('WSS356','p20'),('WSS373','p20'),('WSS389','p20'),('WSS393','p20'),('WSS396','p20'),('WSS427','p20'),('WSS441','p20'),('WSS450','p20'),('WSS452','p20'),('WSS461','p20'),('WSS462','p20'),('WSS465','p20'),('WSS473','p20'),('WSS476','p20'),('WSS483','p20'),('WSS497','p20'),('WSS517','p20'),('WSS520','p20'),('WSS521','p20'),('WSS53','p20'),('WSS538','p20'),('WSS54','p20'),('WSS540','p20'),('WSS554','p20'),('WSS557','p20'),('WSS560','p20'),('WSS577','p20'),('WSS578','p20'),('WSS582','p20'),('WSS59','p20'),('WSS591','p20'),('WSS616','p20'),('WSS618','p20'),('WSS649','p20'),('WSS666','p20'),('WSS68','p20'),('WSS681','p20'),('WSS694','p20'),('WSS695','p20'),('WSS705','p20'),('WSS706','p20'),('WSS726','p20'),('WSS727','p20'),('WSS73','p20'),('WSS75','p20'),('WSS762','p20'),('WSS783','p20'),('WSS808','p20'),('WSS829','p20'),('WSS845','p20'),('WSS847','p20'),('WSS857','p20'),('WSS859','p20'),('WSS861','p20'),('WSS862','p20'),('WSS865','p20'),('WSS885','p20'),('WSS887','p20'),('WSS89','p20'),('WSS897','p20'),('WSS902','p20'),('WSS909','p20'),('WSS912','p20'),('WSS924','p20'),('WSS928','p20'),('WSS936','p20'),('WSS939','p20'),('WSS955','p20'),('WSS958','p20'),('WSS97','p20'),('WSS973','p20'),('WSS979','p20'),('WSS982','p20'),('WSS987','p20'),('WSS990','p20'),('WSS991','p20'),('WSS992','p20'),('WSS113','p21'),('WSS12','p21'),('WSS181','p21'),('WSS182','p21'),('WSS200','p21'),('WSS208','p21'),('WSS209','p21'),('WSS21','p21'),('WSS219','p21'),('WSS22','p21'),('WSS223','p21'),('WSS23','p21'),('WSS230','p21'),('WSS235','p21'),('WSS24','p21'),('WSS241','p21'),('WSS26','p21'),('WSS263','p21'),('WSS268','p21'),('WSS278','p21'),('WSS296','p21'),('WSS297','p21'),('WSS298','p21'),('WSS310','p21'),('WSS32','p21'),('WSS332','p21'),('WSS338','p21'),('WSS345','p21'),('WSS36','p21'),('WSS37','p21'),('WSS371','p21'),('WSS386','p21'),('WSS388','p21'),('WSS39','p21'),('WSS394','p21'),('WSS4','p21'),('WSS406','p21'),('WSS454','p21'),('WSS461','p21'),('WSS476','p21'),('WSS482','p21'),('WSS487','p21'),('WSS508','p21'),('WSS525','p21'),('WSS535','p21'),('WSS545','p21'),('WSS555','p21'),('WSS56','p21'),('WSS567','p21'),('WSS569','p21'),('WSS575','p21'),('WSS6','p21'),('WSS605','p21'),('WSS615','p21'),('WSS618','p21'),('WSS628','p21'),('WSS638','p21'),('WSS65','p21'),('WSS657','p21'),('WSS700','p21'),('WSS720','p21'),('WSS724','p21'),('WSS738','p21'),('WSS757','p21'),('WSS773','p21'),('WSS782','p21'),('WSS797','p21'),('WSS812','p21'),('WSS827','p21'),('WSS829','p21'),('WSS842','p21'),('WSS843','p21'),('WSS856','p21'),('WSS887','p21'),('WSS893','p21'),('WSS904','p21'),('WSS923','p21'),('WSS928','p21'),('WSS93','p21'),('WSS933','p21'),('WSS957','p21'),('WSS962','p21'),('WSS974','p21'),('WSS988','p21'),('WSS99','p21'),('WSS107','p22'),('WSS113','p22'),('WSS132','p22'),('WSS139','p22'),('WSS144','p22'),('WSS157','p22'),('WSS164','p22'),('WSS175','p22'),('WSS181','p22'),('WSS20','p22'),('WSS201','p22'),('WSS222','p22'),('WSS237','p22'),('WSS250','p22'),('WSS252','p22'),('WSS259','p22'),('WSS263','p22'),('WSS276','p22'),('WSS290','p22'),('WSS294','p22'),('WSS300','p22'),('WSS302','p22'),('WSS303','p22'),('WSS307','p22'),('WSS336','p22'),('WSS341','p22'),('WSS345','p22'),('WSS359','p22'),('WSS411','p22'),('WSS444','p22'),('WSS448','p22'),('WSS453','p22'),('WSS46','p22'),('WSS464','p22'),('WSS475','p22'),('WSS482','p22'),('WSS496','p22'),('WSS497','p22'),('WSS50','p22'),('WSS509','p22'),('WSS512','p22'),('WSS518','p22'),('WSS519','p22'),('WSS533','p22'),('WSS539','p22'),('WSS541','p22'),('WSS561','p22'),('WSS580','p22'),('WSS590','p22'),('WSS594','p22'),('WSS595','p22'),('WSS601','p22'),('WSS605','p22'),('WSS644','p22'),('WSS649','p22'),('WSS665','p22'),('WSS667','p22'),('WSS67','p22'),('WSS672','p22'),('WSS691','p22'),('WSS701','p22'),('WSS73','p22'),('WSS730','p22'),('WSS731','p22'),('WSS732','p22'),('WSS747','p22'),('WSS748','p22'),('WSS75','p22'),('WSS752','p22'),('WSS754','p22'),('WSS755','p22'),('WSS758','p22'),('WSS764','p22'),('WSS782','p22'),('WSS796','p22'),('WSS816','p22'),('WSS817','p22'),('WSS821','p22'),('WSS822','p22'),('WSS832','p22'),('WSS842','p22'),('WSS861','p22'),('WSS881','p22'),('WSS882','p22'),('WSS891','p22'),('WSS893','p22'),('WSS922','p22'),('WSS933','p22'),('WSS936','p22'),('WSS937','p22'),('WSS938','p22'),('WSS964','p22'),('WSS976','p22'),('WSS981','p22'),('WSS996','p22'),('WSS101','p23'),('WSS117','p23'),('WSS130','p23'),('WSS139','p23'),('WSS143','p23'),('WSS18','p23'),('WSS187','p23'),('WSS189','p23'),('WSS20','p23'),('WSS210','p23'),('WSS222','p23'),('WSS229','p23'),('WSS230','p23'),('WSS24','p23'),('WSS265','p23'),('WSS279','p23'),('WSS28','p23'),('WSS309','p23'),('WSS323','p23'),('WSS324','p23'),('WSS331','p23'),('WSS338','p23'),('WSS339','p23'),('WSS353','p23'),('WSS367','p23'),('WSS387','p23'),('WSS396','p23'),('WSS420','p23'),('WSS429','p23'),('WSS459','p23'),('WSS472','p23'),('WSS474','p23'),('WSS478','p23'),('WSS482','p23'),('WSS489','p23'),('WSS49','p23'),('WSS494','p23'),('WSS495','p23'),('WSS505','p23'),('WSS512','p23'),('WSS515','p23'),('WSS542','p23'),('WSS548','p23'),('WSS565','p23'),('WSS573','p23'),('WSS594','p23'),('WSS6','p23'),('WSS612','p23'),('WSS628','p23'),('WSS654','p23'),('WSS664','p23'),('WSS666','p23'),('WSS674','p23'),('WSS689','p23'),('WSS694','p23'),('WSS697','p23'),('WSS718','p23'),('WSS721','p23'),('WSS722','p23'),('WSS733','p23'),('WSS738','p23'),('WSS740','p23'),('WSS743','p23'),('WSS755','p23'),('WSS770','p23'),('WSS772','p23'),('WSS779','p23'),('WSS790','p23'),('WSS81','p23'),('WSS818','p23'),('WSS824','p23'),('WSS826','p23'),('WSS835','p23'),('WSS837','p23'),('WSS844','p23'),('WSS846','p23'),('WSS847','p23'),('WSS859','p23'),('WSS887','p23'),('WSS9','p23'),('WSS903','p23'),('WSS905','p23'),('WSS909','p23'),('WSS915','p23'),('WSS921','p23'),('WSS922','p23'),('WSS926','p23'),('WSS930','p23'),('WSS934','p23'),('WSS954','p23'),('WSS98','p23'),('WSS980','p23'),('WSS987','p23'),('WSS988','p23'),('WSS989','p23'),('WSS990','p23'),('WSS121','p24'),('WSS122','p24'),('WSS141','p24'),('WSS149','p24'),('WSS160','p24'),('WSS183','p24'),('WSS198','p24'),('WSS199','p24'),('WSS211','p24'),('WSS241','p24'),('WSS256','p24'),('WSS274','p24'),('WSS275','p24'),('WSS297','p24'),('WSS299','p24'),('WSS3','p24'),('WSS316','p24'),('WSS33','p24'),('WSS371','p24'),('WSS375','p24'),('WSS379','p24'),('WSS393','p24'),('WSS40','p24'),('WSS411','p24'),('WSS415','p24'),('WSS423','p24'),('WSS435','p24'),('WSS447','p24'),('WSS46','p24'),('WSS492','p24'),('WSS5','p24'),('WSS501','p24'),('WSS503','p24'),('WSS509','p24'),('WSS519','p24'),('WSS520','p24'),('WSS527','p24'),('WSS528','p24'),('WSS545','p24'),('WSS549','p24'),('WSS554','p24'),('WSS577','p24'),('WSS589','p24'),('WSS59','p24'),('WSS595','p24'),('WSS61','p24'),('WSS613','p24'),('WSS62','p24'),('WSS621','p24'),('WSS625','p24'),('WSS627','p24'),('WSS647','p24'),('WSS662','p24'),('WSS667','p24'),('WSS682','p24'),('WSS690','p24'),('WSS708','p24'),('WSS710','p24'),('WSS711','p24'),('WSS717','p24'),('WSS719','p24'),('WSS721','p24'),('WSS723','p24'),('WSS728','p24'),('WSS731','p24'),('WSS740','p24'),('WSS746','p24'),('WSS754','p24'),('WSS760','p24'),('WSS765','p24'),('WSS767','p24'),('WSS773','p24'),('WSS802','p24'),('WSS81','p24'),('WSS812','p24'),('WSS832','p24'),('WSS84','p24'),('WSS849','p24'),('WSS858','p24'),('WSS88','p24'),('WSS905','p24'),('WSS907','p24'),('WSS916','p24'),('WSS929','p24'),('WSS934','p24'),('WSS935','p24'),('WSS942','p24'),('WSS985','p24'),('WSS100','p25'),('WSS1000','p25'),('WSS117','p25'),('WSS118','p25'),('WSS128','p25'),('WSS130','p25'),('WSS136','p25'),('WSS15','p25'),('WSS158','p25'),('WSS167','p25'),('WSS186','p25'),('WSS189','p25'),('WSS204','p25'),('WSS212','p25'),('WSS213','p25'),('WSS226','p25'),('WSS228','p25'),('WSS236','p25'),('WSS251','p25'),('WSS256','p25'),('WSS261','p25'),('WSS270','p25'),('WSS283','p25'),('WSS286','p25'),('WSS316','p25'),('WSS334','p25'),('WSS339','p25'),('WSS352','p25'),('WSS359','p25'),('WSS370','p25'),('WSS375','p25'),('WSS381','p25'),('WSS384','p25'),('WSS39','p25'),('WSS390','p25'),('WSS406','p25'),('WSS422','p25'),('WSS430','p25'),('WSS436','p25'),('WSS443','p25'),('WSS46','p25'),('WSS470','p25'),('WSS483','p25'),('WSS487','p25'),('WSS493','p25'),('WSS497','p25'),('WSS499','p25'),('WSS50','p25'),('WSS507','p25'),('WSS514','p25'),('WSS516','p25'),('WSS534','p25'),('WSS546','p25'),('WSS547','p25'),('WSS566','p25'),('WSS57','p25'),('WSS570','p25'),('WSS572','p25'),('WSS578','p25'),('WSS579','p25'),('WSS584','p25'),('WSS599','p25'),('WSS601','p25'),('WSS61','p25'),('WSS615','p25'),('WSS619','p25'),('WSS627','p25'),('WSS631','p25'),('WSS632','p25'),('WSS634','p25'),('WSS636','p25'),('WSS640','p25'),('WSS651','p25'),('WSS657','p25'),('WSS664','p25'),('WSS674','p25'),('WSS716','p25'),('WSS720','p25'),('WSS746','p25'),('WSS750','p25'),('WSS787','p25'),('WSS795','p25'),('WSS810','p25'),('WSS829','p25'),('WSS853','p25'),('WSS857','p25'),('WSS870','p25'),('WSS879','p25'),('WSS883','p25'),('WSS888','p25'),('WSS902','p25'),('WSS906','p25'),('WSS931','p25'),('WSS951','p25'),('WSS953','p25'),('WSS965','p25'),('WSS966','p25'),('WSS977','p25'),('WSS104','p26'),('WSS117','p26'),('WSS128','p26'),('WSS144','p26'),('WSS150','p26'),('WSS152','p26'),('WSS172','p26'),('WSS188','p26'),('WSS189','p26'),('WSS195','p26'),('WSS217','p26'),('WSS224','p26'),('WSS239','p26'),('WSS242','p26'),('WSS246','p26'),('WSS266','p26'),('WSS269','p26'),('WSS273','p26'),('WSS275','p26'),('WSS281','p26'),('WSS289','p26'),('WSS30','p26'),('WSS349','p26'),('WSS351','p26'),('WSS352','p26'),('WSS360','p26'),('WSS373','p26'),('WSS381','p26'),('WSS382','p26'),('WSS392','p26'),('WSS405','p26'),('WSS411','p26'),('WSS429','p26'),('WSS434','p26'),('WSS447','p26'),('WSS456','p26'),('WSS49','p26'),('WSS5','p26'),('WSS506','p26'),('WSS514','p26'),('WSS526','p26'),('WSS552','p26'),('WSS568','p26'),('WSS57','p26'),('WSS593','p26'),('WSS615','p26'),('WSS617','p26'),('WSS638','p26'),('WSS64','p26'),('WSS649','p26'),('WSS687','p26'),('WSS693','p26'),('WSS7','p26'),('WSS70','p26'),('WSS700','p26'),('WSS709','p26'),('WSS71','p26'),('WSS712','p26'),('WSS718','p26'),('WSS73','p26'),('WSS756','p26'),('WSS775','p26'),('WSS781','p26'),('WSS818','p26'),('WSS826','p26'),('WSS869','p26'),('WSS876','p26'),('WSS880','p26'),('WSS883','p26'),('WSS896','p26'),('WSS902','p26'),('WSS904','p26'),('WSS913','p26'),('WSS920','p26'),('WSS924','p26'),('WSS925','p26'),('WSS933','p26'),('WSS94','p26'),('WSS940','p26'),('WSS957','p26'),('WSS979','p26'),('WSS993','p26'),('WSS109','p27'),('WSS110','p27'),('WSS123','p27'),('WSS127','p27'),('WSS135','p27'),('WSS145','p27'),('WSS152','p27'),('WSS156','p27'),('WSS164','p27'),('WSS166','p27'),('WSS216','p27'),('WSS23','p27'),('WSS25','p27'),('WSS250','p27'),('WSS252','p27'),('WSS260','p27'),('WSS265','p27'),('WSS294','p27'),('WSS311','p27'),('WSS32','p27'),('WSS328','p27'),('WSS378','p27'),('WSS417','p27'),('WSS428','p27'),('WSS45','p27'),('WSS459','p27'),('WSS462','p27'),('WSS463','p27'),('WSS464','p27'),('WSS47','p27'),('WSS507','p27'),('WSS536','p27'),('WSS545','p27'),('WSS547','p27'),('WSS548','p27'),('WSS564','p27'),('WSS570','p27'),('WSS597','p27'),('WSS610','p27'),('WSS617','p27'),('WSS618','p27'),('WSS627','p27'),('WSS637','p27'),('WSS676','p27'),('WSS682','p27'),('WSS694','p27'),('WSS70','p27'),('WSS729','p27'),('WSS731','p27'),('WSS748','p27'),('WSS768','p27'),('WSS778','p27'),('WSS79','p27'),('WSS811','p27'),('WSS813','p27'),('WSS831','p27'),('WSS885','p27'),('WSS891','p27'),('WSS900','p27'),('WSS912','p27'),('WSS914','p27'),('WSS923','p27'),('WSS924','p27'),('WSS933','p27'),('WSS947','p27'),('WSS96','p27'),('WSS967','p27'),('WSS969','p27'),('WSS994','p27'),('WSS999','p27'),('WSS1000','p28'),('WSS110','p28'),('WSS112','p28'),('WSS115','p28'),('WSS121','p28'),('WSS144','p28'),('WSS150','p28'),('WSS178','p28'),('WSS184','p28'),('WSS191','p28'),('WSS192','p28'),('WSS202','p28'),('WSS222','p28'),('WSS229','p28'),('WSS231','p28'),('WSS240','p28'),('WSS241','p28'),('WSS266','p28'),('WSS270','p28'),('WSS279','p28'),('WSS285','p28'),('WSS304','p28'),('WSS311','p28'),('WSS312','p28'),('WSS317','p28'),('WSS321','p28'),('WSS322','p28'),('WSS325','p28'),('WSS334','p28'),('WSS350','p28'),('WSS357','p28'),('WSS382','p28'),('WSS393','p28'),('WSS402','p28'),('WSS404','p28'),('WSS412','p28'),('WSS417','p28'),('WSS445','p28'),('WSS469','p28'),('WSS484','p28'),('WSS494','p28'),('WSS497','p28'),('WSS508','p28'),('WSS535','p28'),('WSS550','p28'),('WSS562','p28'),('WSS576','p28'),('WSS590','p28'),('WSS606','p28'),('WSS607','p28'),('WSS617','p28'),('WSS621','p28'),('WSS632','p28'),('WSS651','p28'),('WSS687','p28'),('WSS689','p28'),('WSS742','p28'),('WSS749','p28'),('WSS758','p28'),('WSS762','p28'),('WSS771','p28'),('WSS784','p28'),('WSS788','p28'),('WSS795','p28'),('WSS830','p28'),('WSS832','p28'),('WSS843','p28'),('WSS845','p28'),('WSS859','p28'),('WSS888','p28'),('WSS892','p28'),('WSS92','p28'),('WSS925','p28'),('WSS935','p28'),('WSS948','p28'),('WSS955','p28'),('WSS960','p28'),('WSS961','p28'),('WSS972','p28'),('WSS975','p28'),('WSS983','p28'),('WSS10','p29'),('WSS116','p29'),('WSS118','p29'),('WSS126','p29'),('WSS134','p29'),('WSS150','p29'),('WSS154','p29'),('WSS170','p29'),('WSS18','p29'),('WSS192','p29'),('WSS194','p29'),('WSS196','p29'),('WSS197','p29'),('WSS220','p29'),('WSS221','p29'),('WSS227','p29'),('WSS234','p29'),('WSS240','p29'),('WSS25','p29'),('WSS257','p29'),('WSS32','p29'),('WSS320','p29'),('WSS325','p29'),('WSS329','p29'),('WSS360','p29'),('WSS361','p29'),('WSS367','p29'),('WSS383','p29'),('WSS409','p29'),('WSS410','p29'),('WSS436','p29'),('WSS458','p29'),('WSS467','p29'),('WSS468','p29'),('WSS473','p29'),('WSS474','p29'),('WSS501','p29'),('WSS506','p29'),('WSS51','p29'),('WSS517','p29'),('WSS518','p29'),('WSS529','p29'),('WSS53','p29'),('WSS539','p29'),('WSS58','p29'),('WSS582','p29'),('WSS592','p29'),('WSS6','p29'),('WSS606','p29'),('WSS616','p29'),('WSS619','p29'),('WSS624','p29'),('WSS630','p29'),('WSS643','p29'),('WSS646','p29'),('WSS649','p29'),('WSS65','p29'),('WSS653','p29'),('WSS671','p29'),('WSS680','p29'),('WSS683','p29'),('WSS694','p29'),('WSS705','p29'),('WSS710','p29'),('WSS737','p29'),('WSS739','p29'),('WSS744','p29'),('WSS753','p29'),('WSS760','p29'),('WSS764','p29'),('WSS779','p29'),('WSS790','p29'),('WSS799','p29'),('WSS805','p29'),('WSS807','p29'),('WSS821','p29'),('WSS847','p29'),('WSS848','p29'),('WSS853','p29'),('WSS854','p29'),('WSS862','p29'),('WSS866','p29'),('WSS880','p29'),('WSS912','p29'),('WSS952','p29'),('WSS983','p29'),('WSS984','p29'),('WSS986','p29'),('WSS990','p29'),('WSS994','p29'),('WSS997','p29'),('WSS998','p29'),('WSS10','p3'),('WSS103','p3'),('WSS110','p3'),('WSS112','p3'),('WSS120','p3'),('WSS136','p3'),('WSS137','p3'),('WSS149','p3'),('WSS165','p3'),('WSS168','p3'),('WSS180','p3'),('WSS185','p3'),('WSS187','p3'),('WSS191','p3'),('WSS192','p3'),('WSS209','p3'),('WSS219','p3'),('WSS240','p3'),('WSS245','p3'),('WSS246','p3'),('WSS251','p3'),('WSS262','p3'),('WSS273','p3'),('WSS281','p3'),('WSS296','p3'),('WSS298','p3'),('WSS313','p3'),('WSS328','p3'),('WSS33','p3'),('WSS349','p3'),('WSS351','p3'),('WSS355','p3'),('WSS356','p3'),('WSS358','p3'),('WSS36','p3'),('WSS369','p3'),('WSS396','p3'),('WSS414','p3'),('WSS425','p3'),('WSS427','p3'),('WSS435','p3'),('WSS441','p3'),('WSS453','p3'),('WSS455','p3'),('WSS479','p3'),('WSS482','p3'),('WSS491','p3'),('WSS509','p3'),('WSS538','p3'),('WSS546','p3'),('WSS554','p3'),('WSS570','p3'),('WSS571','p3'),('WSS583','p3'),('WSS612','p3'),('WSS625','p3'),('WSS631','p3'),('WSS646','p3'),('WSS649','p3'),('WSS668','p3'),('WSS69','p3'),('WSS695','p3'),('WSS698','p3'),('WSS699','p3'),('WSS70','p3'),('WSS706','p3'),('WSS712','p3'),('WSS721','p3'),('WSS744','p3'),('WSS748','p3'),('WSS752','p3'),('WSS76','p3'),('WSS772','p3'),('WSS786','p3'),('WSS80','p3'),('WSS800','p3'),('WSS802','p3'),('WSS82','p3'),('WSS822','p3'),('WSS841','p3'),('WSS85','p3'),('WSS862','p3'),('WSS865','p3'),('WSS88','p3'),('WSS883','p3'),('WSS921','p3'),('WSS93','p3'),('WSS945','p3'),('WSS954','p3'),('WSS958','p3'),('WSS975','p3'),('WSS981','p3'),('WSS111','p30'),('WSS139','p30'),('WSS14','p30'),('WSS142','p30'),('WSS147','p30'),('WSS154','p30'),('WSS160','p30'),('WSS161','p30'),('WSS166','p30'),('WSS171','p30'),('WSS179','p30'),('WSS183','p30'),('WSS200','p30'),('WSS230','p30'),('WSS27','p30'),('WSS272','p30'),('WSS301','p30'),('WSS302','p30'),('WSS304','p30'),('WSS331','p30'),('WSS334','p30'),('WSS335','p30'),('WSS34','p30'),('WSS350','p30'),('WSS356','p30'),('WSS357','p30'),('WSS371','p30'),('WSS388','p30'),('WSS4','p30'),('WSS415','p30'),('WSS417','p30'),('WSS424','p30'),('WSS451','p30'),('WSS454','p30'),('WSS46','p30'),('WSS464','p30'),('WSS469','p30'),('WSS473','p30'),('WSS478','p30'),('WSS484','p30'),('WSS488','p30'),('WSS498','p30'),('WSS500','p30'),('WSS524','p30'),('WSS530','p30'),('WSS543','p30'),('WSS599','p30'),('WSS607','p30'),('WSS609','p30'),('WSS621','p30'),('WSS631','p30'),('WSS659','p30'),('WSS67','p30'),('WSS691','p30'),('WSS702','p30'),('WSS703','p30'),('WSS706','p30'),('WSS715','p30'),('WSS72','p30'),('WSS729','p30'),('WSS750','p30'),('WSS751','p30'),('WSS761','p30'),('WSS766','p30'),('WSS776','p30'),('WSS794','p30'),('WSS80','p30'),('WSS800','p30'),('WSS811','p30'),('WSS813','p30'),('WSS818','p30'),('WSS821','p30'),('WSS831','p30'),('WSS836','p30'),('WSS84','p30'),('WSS846','p30'),('WSS86','p30'),('WSS861','p30'),('WSS877','p30'),('WSS881','p30'),('WSS899','p30'),('WSS908','p30'),('WSS909','p30'),('WSS929','p30'),('WSS943','p30'),('WSS944','p30'),('WSS949','p30'),('WSS961','p30'),('WSS98','p30'),('WSS99','p30'),('WSS999','p30'),('WSS102','p31'),('WSS106','p31'),('WSS108','p31'),('WSS135','p31'),('WSS137','p31'),('WSS148','p31'),('WSS16','p31'),('WSS161','p31'),('WSS185','p31'),('WSS206','p31'),('WSS207','p31'),('WSS243','p31'),('WSS27','p31'),('WSS272','p31'),('WSS280','p31'),('WSS295','p31'),('WSS3','p31'),('WSS304','p31'),('WSS310','p31'),('WSS315','p31'),('WSS317','p31'),('WSS328','p31'),('WSS337','p31'),('WSS347','p31'),('WSS359','p31'),('WSS361','p31'),('WSS38','p31'),('WSS385','p31'),('WSS397','p31'),('WSS398','p31'),('WSS40','p31'),('WSS423','p31'),('WSS428','p31'),('WSS434','p31'),('WSS44','p31'),('WSS441','p31'),('WSS443','p31'),('WSS465','p31'),('WSS498','p31'),('WSS500','p31'),('WSS515','p31'),('WSS517','p31'),('WSS52','p31'),('WSS522','p31'),('WSS525','p31'),('WSS528','p31'),('WSS548','p31'),('WSS561','p31'),('WSS592','p31'),('WSS594','p31'),('WSS595','p31'),('WSS611','p31'),('WSS63','p31'),('WSS632','p31'),('WSS636','p31'),('WSS647','p31'),('WSS659','p31'),('WSS66','p31'),('WSS660','p31'),('WSS662','p31'),('WSS707','p31'),('WSS712','p31'),('WSS741','p31'),('WSS742','p31'),('WSS760','p31'),('WSS763','p31'),('WSS764','p31'),('WSS769','p31'),('WSS77','p31'),('WSS775','p31'),('WSS78','p31'),('WSS794','p31'),('WSS797','p31'),('WSS800','p31'),('WSS801','p31'),('WSS855','p31'),('WSS862','p31'),('WSS866','p31'),('WSS878','p31'),('WSS906','p31'),('WSS907','p31'),('WSS931','p31'),('WSS944','p31'),('WSS959','p31'),('WSS981','p31'),('WSS986','p31'),('WSS109','p32'),('WSS110','p32'),('WSS118','p32'),('WSS128','p32'),('WSS147','p32'),('WSS153','p32'),('WSS18','p32'),('WSS188','p32'),('WSS208','p32'),('WSS22','p32'),('WSS220','p32'),('WSS232','p32'),('WSS235','p32'),('WSS251','p32'),('WSS269','p32'),('WSS290','p32'),('WSS318','p32'),('WSS338','p32'),('WSS341','p32'),('WSS360','p32'),('WSS372','p32'),('WSS386','p32'),('WSS389','p32'),('WSS392','p32'),('WSS4','p32'),('WSS405','p32'),('WSS408','p32'),('WSS418','p32'),('WSS425','p32'),('WSS433','p32'),('WSS440','p32'),('WSS446','p32'),('WSS455','p32'),('WSS470','p32'),('WSS477','p32'),('WSS515','p32'),('WSS522','p32'),('WSS527','p32'),('WSS535','p32'),('WSS552','p32'),('WSS568','p32'),('WSS572','p32'),('WSS58','p32'),('WSS587','p32'),('WSS603','p32'),('WSS605','p32'),('WSS62','p32'),('WSS633','p32'),('WSS64','p32'),('WSS659','p32'),('WSS667','p32'),('WSS675','p32'),('WSS686','p32'),('WSS700','p32'),('WSS708','p32'),('WSS725','p32'),('WSS728','p32'),('WSS752','p32'),('WSS754','p32'),('WSS765','p32'),('WSS768','p32'),('WSS777','p32'),('WSS779','p32'),('WSS789','p32'),('WSS794','p32'),('WSS806','p32'),('WSS817','p32'),('WSS827','p32'),('WSS828','p32'),('WSS831','p32'),('WSS84','p32'),('WSS843','p32'),('WSS853','p32'),('WSS855','p32'),('WSS856','p32'),('WSS881','p32'),('WSS882','p32'),('WSS886','p32'),('WSS893','p32'),('WSS906','p32'),('WSS931','p32'),('WSS936','p32'),('WSS937','p32'),('WSS944','p32'),('WSS951','p32'),('WSS955','p32'),('WSS956','p32'),('WSS977','p32'),('WSS983','p32'),('WSS990','p32'),('WSS103','p33'),('WSS11','p33'),('WSS119','p33'),('WSS129','p33'),('WSS130','p33'),('WSS134','p33'),('WSS135','p33'),('WSS137','p33'),('WSS138','p33'),('WSS142','p33'),('WSS149','p33'),('WSS172','p33'),('WSS174','p33'),('WSS182','p33'),('WSS190','p33'),('WSS201','p33'),('WSS223','p33'),('WSS227','p33'),('WSS243','p33'),('WSS249','p33'),('WSS254','p33'),('WSS259','p33'),('WSS261','p33'),('WSS280','p33'),('WSS297','p33'),('WSS302','p33'),('WSS310','p33'),('WSS339','p33'),('WSS342','p33'),('WSS347','p33'),('WSS351','p33'),('WSS371','p33'),('WSS385','p33'),('WSS388','p33'),('WSS397','p33'),('WSS411','p33'),('WSS442','p33'),('WSS446','p33'),('WSS466','p33'),('WSS47','p33'),('WSS48','p33'),('WSS482','p33'),('WSS495','p33'),('WSS498','p33'),('WSS504','p33'),('WSS522','p33'),('WSS523','p33'),('WSS545','p33'),('WSS552','p33'),('WSS554','p33'),('WSS555','p33'),('WSS557','p33'),('WSS573','p33'),('WSS574','p33'),('WSS585','p33'),('WSS587','p33'),('WSS593','p33'),('WSS60','p33'),('WSS627','p33'),('WSS628','p33'),('WSS642','p33'),('WSS644','p33'),('WSS651','p33'),('WSS671','p33'),('WSS672','p33'),('WSS675','p33'),('WSS679','p33'),('WSS682','p33'),('WSS7','p33'),('WSS712','p33'),('WSS713','p33'),('WSS735','p33'),('WSS77','p33'),('WSS771','p33'),('WSS774','p33'),('WSS782','p33'),('WSS783','p33'),('WSS787','p33'),('WSS793','p33'),('WSS799','p33'),('WSS816','p33'),('WSS820','p33'),('WSS836','p33'),('WSS84','p33'),('WSS894','p33'),('WSS896','p33'),('WSS9','p33'),('WSS90','p33'),('WSS929','p33'),('WSS950','p33'),('WSS955','p33'),('WSS960','p33'),('WSS972','p33'),('WSS974','p33'),('WSS983','p33'),('WSS991','p33'),('WSS105','p34'),('WSS107','p34'),('WSS113','p34'),('WSS115','p34'),('WSS12','p34'),('WSS123','p34'),('WSS15','p34'),('WSS155','p34'),('WSS174','p34'),('WSS185','p34'),('WSS207','p34'),('WSS218','p34'),('WSS235','p34'),('WSS236','p34'),('WSS243','p34'),('WSS247','p34'),('WSS260','p34'),('WSS266','p34'),('WSS276','p34'),('WSS277','p34'),('WSS298','p34'),('WSS315','p34'),('WSS335','p34'),('WSS343','p34'),('WSS380','p34'),('WSS384','p34'),('WSS385','p34'),('WSS400','p34'),('WSS422','p34'),('WSS428','p34'),('WSS438','p34'),('WSS439','p34'),('WSS468','p34'),('WSS473','p34'),('WSS479','p34'),('WSS48','p34'),('WSS485','p34'),('WSS492','p34'),('WSS498','p34'),('WSS503','p34'),('WSS505','p34'),('WSS51','p34'),('WSS510','p34'),('WSS530','p34'),('WSS536','p34'),('WSS538','p34'),('WSS574','p34'),('WSS583','p34'),('WSS589','p34'),('WSS604','p34'),('WSS605','p34'),('WSS608','p34'),('WSS610','p34'),('WSS624','p34'),('WSS645','p34'),('WSS65','p34'),('WSS67','p34'),('WSS680','p34'),('WSS682','p34'),('WSS687','p34'),('WSS707','p34'),('WSS724','p34'),('WSS753','p34'),('WSS754','p34'),('WSS761','p34'),('WSS771','p34'),('WSS776','p34'),('WSS78','p34'),('WSS787','p34'),('WSS801','p34'),('WSS811','p34'),('WSS821','p34'),('WSS846','p34'),('WSS855','p34'),('WSS856','p34'),('WSS885','p34'),('WSS891','p34'),('WSS892','p34'),('WSS896','p34'),('WSS900','p34'),('WSS902','p34'),('WSS908','p34'),('WSS91','p34'),('WSS914','p34'),('WSS949','p34'),('WSS968','p34'),('WSS973','p34'),('WSS977','p34'),('WSS978','p34'),('WSS1','p35'),('WSS100','p35'),('WSS105','p35'),('WSS142','p35'),('WSS143','p35'),('WSS145','p35'),('WSS158','p35'),('WSS167','p35'),('WSS175','p35'),('WSS180','p35'),('WSS189','p35'),('WSS216','p35'),('WSS218','p35'),('WSS221','p35'),('WSS223','p35'),('WSS233','p35'),('WSS234','p35'),('WSS239','p35'),('WSS247','p35'),('WSS250','p35'),('WSS252','p35'),('WSS254','p35'),('WSS293','p35'),('WSS301','p35'),('WSS321','p35'),('WSS329','p35'),('WSS348','p35'),('WSS35','p35'),('WSS376','p35'),('WSS383','p35'),('WSS384','p35'),('WSS430','p35'),('WSS455','p35'),('WSS459','p35'),('WSS460','p35'),('WSS463','p35'),('WSS466','p35'),('WSS469','p35'),('WSS472','p35'),('WSS473','p35'),('WSS507','p35'),('WSS508','p35'),('WSS523','p35'),('WSS525','p35'),('WSS534','p35'),('WSS546','p35'),('WSS554','p35'),('WSS562','p35'),('WSS563','p35'),('WSS565','p35'),('WSS569','p35'),('WSS571','p35'),('WSS58','p35'),('WSS596','p35'),('WSS611','p35'),('WSS623','p35'),('WSS658','p35'),('WSS661','p35'),('WSS662','p35'),('WSS711','p35'),('WSS72','p35'),('WSS724','p35'),('WSS738','p35'),('WSS750','p35'),('WSS766','p35'),('WSS771','p35'),('WSS774','p35'),('WSS785','p35'),('WSS79','p35'),('WSS792','p35'),('WSS817','p35'),('WSS867','p35'),('WSS878','p35'),('WSS896','p35'),('WSS899','p35'),('WSS903','p35'),('WSS911','p35'),('WSS916','p35'),('WSS917','p35'),('WSS920','p35'),('WSS926','p35'),('WSS934','p35'),('WSS942','p35'),('WSS95','p35'),('WSS953','p35'),('WSS963','p35'),('WSS970','p35'),('WSS982','p35'),('WSS1','p36'),('WSS112','p36'),('WSS119','p36'),('WSS12','p36'),('WSS158','p36'),('WSS162','p36'),('WSS171','p36'),('WSS181','p36'),('WSS191','p36'),('WSS199','p36'),('WSS208','p36'),('WSS230','p36'),('WSS251','p36'),('WSS259','p36'),('WSS269','p36'),('WSS289','p36'),('WSS29','p36'),('WSS312','p36'),('WSS317','p36'),('WSS319','p36'),('WSS322','p36'),('WSS330','p36'),('WSS340','p36'),('WSS341','p36'),('WSS383','p36'),('WSS387','p36'),('WSS414','p36'),('WSS426','p36'),('WSS444','p36'),('WSS477','p36'),('WSS494','p36'),('WSS496','p36'),('WSS509','p36'),('WSS542','p36'),('WSS551','p36'),('WSS56','p36'),('WSS599','p36'),('WSS60','p36'),('WSS609','p36'),('WSS615','p36'),('WSS62','p36'),('WSS633','p36'),('WSS650','p36'),('WSS655','p36'),('WSS666','p36'),('WSS670','p36'),('WSS685','p36'),('WSS689','p36'),('WSS697','p36'),('WSS71','p36'),('WSS736','p36'),('WSS741','p36'),('WSS765','p36'),('WSS767','p36'),('WSS771','p36'),('WSS778','p36'),('WSS8','p36'),('WSS805','p36'),('WSS808','p36'),('WSS815','p36'),('WSS825','p36'),('WSS828','p36'),('WSS842','p36'),('WSS854','p36'),('WSS867','p36'),('WSS869','p36'),('WSS874','p36'),('WSS88','p36'),('WSS886','p36'),('WSS890','p36'),('WSS895','p36'),('WSS912','p36'),('WSS923','p36'),('WSS929','p36'),('WSS93','p36'),('WSS935','p36'),('WSS962','p36'),('WSS965','p36'),('WSS99','p36'),('WSS995','p36'),('WSS998','p36'),('WSS999','p36'),('WSS111','p37'),('WSS112','p37'),('WSS122','p37'),('WSS124','p37'),('WSS145','p37'),('WSS157','p37'),('WSS175','p37'),('WSS207','p37'),('WSS227','p37'),('WSS228','p37'),('WSS229','p37'),('WSS232','p37'),('WSS234','p37'),('WSS239','p37'),('WSS24','p37'),('WSS262','p37'),('WSS271','p37'),('WSS272','p37'),('WSS275','p37'),('WSS276','p37'),('WSS294','p37'),('WSS301','p37'),('WSS306','p37'),('WSS350','p37'),('WSS354','p37'),('WSS365','p37'),('WSS369','p37'),('WSS390','p37'),('WSS405','p37'),('WSS418','p37'),('WSS435','p37'),('WSS438','p37'),('WSS447','p37'),('WSS456','p37'),('WSS467','p37'),('WSS483','p37'),('WSS489','p37'),('WSS490','p37'),('WSS493','p37'),('WSS496','p37'),('WSS519','p37'),('WSS52','p37'),('WSS53','p37'),('WSS540','p37'),('WSS541','p37'),('WSS547','p37'),('WSS552','p37'),('WSS556','p37'),('WSS58','p37'),('WSS585','p37'),('WSS586','p37'),('WSS591','p37'),('WSS613','p37'),('WSS622','p37'),('WSS630','p37'),('WSS64','p37'),('WSS65','p37'),('WSS650','p37'),('WSS671','p37'),('WSS674','p37'),('WSS680','p37'),('WSS691','p37'),('WSS722','p37'),('WSS744','p37'),('WSS75','p37'),('WSS759','p37'),('WSS763','p37'),('WSS779','p37'),('WSS786','p37'),('WSS793','p37'),('WSS805','p37'),('WSS806','p37'),('WSS825','p37'),('WSS830','p37'),('WSS833','p37'),('WSS856','p37'),('WSS86','p37'),('WSS867','p37'),('WSS873','p37'),('WSS877','p37'),('WSS90','p37'),('WSS907','p37'),('WSS91','p37'),('WSS916','p37'),('WSS922','p37'),('WSS939','p37'),('WSS946','p37'),('WSS947','p37'),('WSS971','p37'),('WSS978','p37'),('WSS98','p37'),('WSS980','p37'),('WSS136','p38'),('WSS17','p38'),('WSS186','p38'),('WSS193','p38'),('WSS198','p38'),('WSS201','p38'),('WSS210','p38'),('WSS216','p38'),('WSS217','p38'),('WSS225','p38'),('WSS231','p38'),('WSS245','p38'),('WSS252','p38'),('WSS253','p38'),('WSS256','p38'),('WSS258','p38'),('WSS26','p38'),('WSS268','p38'),('WSS271','p38'),('WSS276','p38'),('WSS296','p38'),('WSS305','p38'),('WSS309','p38'),('WSS329','p38'),('WSS331','p38'),('WSS345','p38'),('WSS346','p38'),('WSS354','p38'),('WSS363','p38'),('WSS394','p38'),('WSS400','p38'),('WSS401','p38'),('WSS408','p38'),('WSS409','p38'),('WSS424','p38'),('WSS439','p38'),('WSS44','p38'),('WSS450','p38'),('WSS452','p38'),('WSS454','p38'),('WSS461','p38'),('WSS474','p38'),('WSS490','p38'),('WSS505','p38'),('WSS511','p38'),('WSS513','p38'),('WSS514','p38'),('WSS526','p38'),('WSS545','p38'),('WSS558','p38'),('WSS560','p38'),('WSS614','p38'),('WSS626','p38'),('WSS641','p38'),('WSS643','p38'),('WSS672','p38'),('WSS673','p38'),('WSS675','p38'),('WSS684','p38'),('WSS701','p38'),('WSS739','p38'),('WSS756','p38'),('WSS759','p38'),('WSS774','p38'),('WSS786','p38'),('WSS790','p38'),('WSS804','p38'),('WSS816','p38'),('WSS817','p38'),('WSS842','p38'),('WSS845','p38'),('WSS867','p38'),('WSS909','p38'),('WSS924','p38'),('WSS930','p38'),('WSS936','p38'),('WSS963','p38'),('WSS976','p38'),('WSS986','p38'),('WSS102','p39'),('WSS131','p39'),('WSS134','p39'),('WSS14','p39'),('WSS15','p39'),('WSS156','p39'),('WSS165','p39'),('WSS173','p39'),('WSS176','p39'),('WSS177','p39'),('WSS18','p39'),('WSS184','p39'),('WSS19','p39'),('WSS199','p39'),('WSS2','p39'),('WSS20','p39'),('WSS216','p39'),('WSS224','p39'),('WSS242','p39'),('WSS243','p39'),('WSS244','p39'),('WSS249','p39'),('WSS268','p39'),('WSS282','p39'),('WSS285','p39'),('WSS29','p39'),('WSS292','p39'),('WSS30','p39'),('WSS315','p39'),('WSS336','p39'),('WSS343','p39'),('WSS346','p39'),('WSS353','p39'),('WSS361','p39'),('WSS37','p39'),('WSS373','p39'),('WSS379','p39'),('WSS38','p39'),('WSS395','p39'),('WSS407','p39'),('WSS423','p39'),('WSS430','p39'),('WSS437','p39'),('WSS439','p39'),('WSS457','p39'),('WSS47','p39'),('WSS499','p39'),('WSS501','p39'),('WSS503','p39'),('WSS511','p39'),('WSS54','p39'),('WSS548','p39'),('WSS553','p39'),('WSS56','p39'),('WSS566','p39'),('WSS60','p39'),('WSS608','p39'),('WSS61','p39'),('WSS613','p39'),('WSS648','p39'),('WSS655','p39'),('WSS657','p39'),('WSS658','p39'),('WSS659','p39'),('WSS660','p39'),('WSS670','p39'),('WSS676','p39'),('WSS683','p39'),('WSS700','p39'),('WSS705','p39'),('WSS739','p39'),('WSS767','p39'),('WSS783','p39'),('WSS808','p39'),('WSS814','p39'),('WSS824','p39'),('WSS839','p39'),('WSS842','p39'),('WSS847','p39'),('WSS85','p39'),('WSS850','p39'),('WSS852','p39'),('WSS863','p39'),('WSS875','p39'),('WSS877','p39'),('WSS882','p39'),('WSS889','p39'),('WSS89','p39'),('WSS90','p39'),('WSS918','p39'),('WSS92','p39'),('WSS923','p39'),('WSS927','p39'),('WSS946','p39'),('WSS961','p39'),('WSS97','p39'),('WSS976','p39'),('WSS999','p39'),('WSS1','p4'),('WSS110','p4'),('WSS118','p4'),('WSS119','p4'),('WSS132','p4'),('WSS143','p4'),('WSS144','p4'),('WSS154','p4'),('WSS185','p4'),('WSS212','p4'),('WSS221','p4'),('WSS223','p4'),('WSS226','p4'),('WSS232','p4'),('WSS280','p4'),('WSS284','p4'),('WSS295','p4'),('WSS314','p4'),('WSS343','p4'),('WSS347','p4'),('WSS395','p4'),('WSS404','p4'),('WSS407','p4'),('WSS408','p4'),('WSS414','p4'),('WSS430','p4'),('WSS431','p4'),('WSS440','p4'),('WSS445','p4'),('WSS45','p4'),('WSS46','p4'),('WSS465','p4'),('WSS489','p4'),('WSS532','p4'),('WSS563','p4'),('WSS573','p4'),('WSS574','p4'),('WSS589','p4'),('WSS623','p4'),('WSS624','p4'),('WSS629','p4'),('WSS631','p4'),('WSS632','p4'),('WSS633','p4'),('WSS637','p4'),('WSS653','p4'),('WSS656','p4'),('WSS671','p4'),('WSS697','p4'),('WSS709','p4'),('WSS716','p4'),('WSS731','p4'),('WSS741','p4'),('WSS759','p4'),('WSS764','p4'),('WSS783','p4'),('WSS794','p4'),('WSS795','p4'),('WSS815','p4'),('WSS816','p4'),('WSS844','p4'),('WSS866','p4'),('WSS87','p4'),('WSS893','p4'),('WSS901','p4'),('WSS915','p4'),('WSS965','p4'),('WSS101','p40'),('WSS133','p40'),('WSS135','p40'),('WSS137','p40'),('WSS140','p40'),('WSS145','p40'),('WSS155','p40'),('WSS159','p40'),('WSS165','p40'),('WSS177','p40'),('WSS178','p40'),('WSS192','p40'),('WSS204','p40'),('WSS210','p40'),('WSS215','p40'),('WSS231','p40'),('WSS248','p40'),('WSS261','p40'),('WSS288','p40'),('WSS292','p40'),('WSS303','p40'),('WSS315','p40'),('WSS318','p40'),('WSS33','p40'),('WSS333','p40'),('WSS340','p40'),('WSS342','p40'),('WSS348','p40'),('WSS363','p40'),('WSS368','p40'),('WSS398','p40'),('WSS399','p40'),('WSS410','p40'),('WSS428','p40'),('WSS430','p40'),('WSS478','p40'),('WSS49','p40'),('WSS490','p40'),('WSS50','p40'),('WSS534','p40'),('WSS548','p40'),('WSS581','p40'),('WSS583','p40'),('WSS597','p40'),('WSS601','p40'),('WSS620','p40'),('WSS629','p40'),('WSS67','p40'),('WSS684','p40'),('WSS688','p40'),('WSS699','p40'),('WSS715','p40'),('WSS719','p40'),('WSS752','p40'),('WSS763','p40'),('WSS78','p40'),('WSS801','p40'),('WSS803','p40'),('WSS804','p40'),('WSS807','p40'),('WSS810','p40'),('WSS820','p40'),('WSS844','p40'),('WSS861','p40'),('WSS864','p40'),('WSS883','p40'),('WSS918','p40'),('WSS939','p40'),('WSS941','p40'),('WSS964','p40'),('WSS967','p40'),('WSS981','p40'),('WSS982','p40'),('WSS989','p40'),('WSS1','p41'),('WSS102','p41'),('WSS107','p41'),('WSS108','p41'),('WSS11','p41'),('WSS121','p41'),('WSS13','p41'),('WSS17','p41'),('WSS179','p41'),('WSS210','p41'),('WSS211','p41'),('WSS221','p41'),('WSS225','p41'),('WSS246','p41'),('WSS257','p41'),('WSS264','p41'),('WSS282','p41'),('WSS294','p41'),('WSS306','p41'),('WSS327','p41'),('WSS332','p41'),('WSS359','p41'),('WSS360','p41'),('WSS362','p41'),('WSS372','p41'),('WSS376','p41'),('WSS383','p41'),('WSS387','p41'),('WSS388','p41'),('WSS406','p41'),('WSS416','p41'),('WSS42','p41'),('WSS427','p41'),('WSS43','p41'),('WSS433','p41'),('WSS44','p41'),('WSS454','p41'),('WSS465','p41'),('WSS475','p41'),('WSS490','p41'),('WSS503','p41'),('WSS532','p41'),('WSS537','p41'),('WSS540','p41'),('WSS544','p41'),('WSS559','p41'),('WSS575','p41'),('WSS596','p41'),('WSS600','p41'),('WSS604','p41'),('WSS620','p41'),('WSS623','p41'),('WSS624','p41'),('WSS633','p41'),('WSS642','p41'),('WSS652','p41'),('WSS656','p41'),('WSS657','p41'),('WSS661','p41'),('WSS663','p41'),('WSS67','p41'),('WSS673','p41'),('WSS688','p41'),('WSS711','p41'),('WSS724','p41'),('WSS735','p41'),('WSS742','p41'),('WSS768','p41'),('WSS773','p41'),('WSS788','p41'),('WSS796','p41'),('WSS812','p41'),('WSS821','p41'),('WSS822','p41'),('WSS827','p41'),('WSS83','p41'),('WSS836','p41'),('WSS850','p41'),('WSS851','p41'),('WSS857','p41'),('WSS892','p41'),('WSS906','p41'),('WSS911','p41'),('WSS944','p41'),('WSS963','p41'),('WSS972','p41'),('WSS975','p41'),('WSS978','p41'),('WSS984','p41'),('WSS992','p41'),('WSS101','p42'),('WSS117','p42'),('WSS126','p42'),('WSS149','p42'),('WSS162','p42'),('WSS17','p42'),('WSS200','p42'),('WSS214','p42'),('WSS218','p42'),('WSS226','p42'),('WSS23','p42'),('WSS241','p42'),('WSS286','p42'),('WSS287','p42'),('WSS302','p42'),('WSS310','p42'),('WSS312','p42'),('WSS316','p42'),('WSS328','p42'),('WSS331','p42'),('WSS36','p42'),('WSS363','p42'),('WSS379','p42'),('WSS38','p42'),('WSS400','p42'),('WSS401','p42'),('WSS416','p42'),('WSS42','p42'),('WSS433','p42'),('WSS460','p42'),('WSS481','p42'),('WSS483','p42'),('WSS485','p42'),('WSS489','p42'),('WSS49','p42'),('WSS501','p42'),('WSS512','p42'),('WSS518','p42'),('WSS532','p42'),('WSS539','p42'),('WSS553','p42'),('WSS598','p42'),('WSS607','p42'),('WSS612','p42'),('WSS615','p42'),('WSS63','p42'),('WSS641','p42'),('WSS647','p42'),('WSS652','p42'),('WSS654','p42'),('WSS66','p42'),('WSS672','p42'),('WSS689','p42'),('WSS695','p42'),('WSS71','p42'),('WSS72','p42'),('WSS727','p42'),('WSS729','p42'),('WSS730','p42'),('WSS756','p42'),('WSS761','p42'),('WSS783','p42'),('WSS784','p42'),('WSS793','p42'),('WSS8','p42'),('WSS806','p42'),('WSS807','p42'),('WSS809','p42'),('WSS811','p42'),('WSS833','p42'),('WSS857','p42'),('WSS864','p42'),('WSS87','p42'),('WSS870','p42'),('WSS872','p42'),('WSS873','p42'),('WSS889','p42'),('WSS923','p42'),('WSS974','p42'),('WSS995','p42'),('WSS996','p42'),('WSS108','p43'),('WSS114','p43'),('WSS131','p43'),('WSS151','p43'),('WSS157','p43'),('WSS164','p43'),('WSS170','p43'),('WSS183','p43'),('WSS204','p43'),('WSS210','p43'),('WSS219','p43'),('WSS228','p43'),('WSS237','p43'),('WSS240','p43'),('WSS246','p43'),('WSS27','p43'),('WSS299','p43'),('WSS307','p43'),('WSS31','p43'),('WSS311','p43'),('WSS321','p43'),('WSS322','p43'),('WSS337','p43'),('WSS338','p43'),('WSS34','p43'),('WSS349','p43'),('WSS353','p43'),('WSS373','p43'),('WSS375','p43'),('WSS389','p43'),('WSS393','p43'),('WSS407','p43'),('WSS424','p43'),('WSS429','p43'),('WSS432','p43'),('WSS436','p43'),('WSS438','p43'),('WSS447','p43'),('WSS449','p43'),('WSS464','p43'),('WSS468','p43'),('WSS475','p43'),('WSS5','p43'),('WSS505','p43'),('WSS52','p43'),('WSS526','p43'),('WSS54','p43'),('WSS542','p43'),('WSS544','p43'),('WSS558','p43'),('WSS568','p43'),('WSS57','p43'),('WSS577','p43'),('WSS596','p43'),('WSS597','p43'),('WSS621','p43'),('WSS658','p43'),('WSS681','p43'),('WSS683','p43'),('WSS691','p43'),('WSS709','p43'),('WSS716','p43'),('WSS717','p43'),('WSS719','p43'),('WSS72','p43'),('WSS720','p43'),('WSS726','p43'),('WSS732','p43'),('WSS733','p43'),('WSS734','p43'),('WSS737','p43'),('WSS738','p43'),('WSS751','p43'),('WSS774','p43'),('WSS782','p43'),('WSS786','p43'),('WSS789','p43'),('WSS792','p43'),('WSS793','p43'),('WSS796','p43'),('WSS798','p43'),('WSS80','p43'),('WSS853','p43'),('WSS863','p43'),('WSS867','p43'),('WSS878','p43'),('WSS884','p43'),('WSS894','p43'),('WSS897','p43'),('WSS903','p43'),('WSS915','p43'),('WSS935','p43'),('WSS946','p43'),('WSS953','p43'),('WSS955','p43'),('WSS972','p43'),('WSS981','p43'),('WSS100','p44'),('WSS101','p44'),('WSS132','p44'),('WSS144','p44'),('WSS172','p44'),('WSS173','p44'),('WSS176','p44'),('WSS178','p44'),('WSS203','p44'),('WSS209','p44'),('WSS212','p44'),('WSS213','p44'),('WSS219','p44'),('WSS22','p44'),('WSS238','p44'),('WSS249','p44'),('WSS253','p44'),('WSS296','p44'),('WSS305','p44'),('WSS326','p44'),('WSS332','p44'),('WSS344','p44'),('WSS370','p44'),('WSS374','p44'),('WSS399','p44'),('WSS402','p44'),('WSS404','p44'),('WSS407','p44'),('WSS412','p44'),('WSS415','p44'),('WSS427','p44'),('WSS43','p44'),('WSS439','p44'),('WSS457','p44'),('WSS471','p44'),('WSS486','p44'),('WSS496','p44'),('WSS517','p44'),('WSS52','p44'),('WSS543','p44'),('WSS545','p44'),('WSS553','p44'),('WSS558','p44'),('WSS579','p44'),('WSS590','p44'),('WSS592','p44'),('WSS600','p44'),('WSS608','p44'),('WSS610','p44'),('WSS611','p44'),('WSS62','p44'),('WSS628','p44'),('WSS634','p44'),('WSS637','p44'),('WSS638','p44'),('WSS648','p44'),('WSS655','p44'),('WSS658','p44'),('WSS683','p44'),('WSS685','p44'),('WSS718','p44'),('WSS728','p44'),('WSS729','p44'),('WSS731','p44'),('WSS735','p44'),('WSS74','p44'),('WSS765','p44'),('WSS781','p44'),('WSS789','p44'),('WSS809','p44'),('WSS813','p44'),('WSS820','p44'),('WSS823','p44'),('WSS86','p44'),('WSS861','p44'),('WSS870','p44'),('WSS875','p44'),('WSS904','p44'),('WSS919','p44'),('WSS926','p44'),('WSS946','p44'),('WSS953','p44'),('WSS957','p44'),('WSS968','p44'),('WSS971','p44'),('WSS987','p44'),('WSS10','p45'),('WSS11','p45'),('WSS117','p45'),('WSS131','p45'),('WSS134','p45'),('WSS136','p45'),('WSS146','p45'),('WSS148','p45'),('WSS153','p45'),('WSS182','p45'),('WSS187','p45'),('WSS195','p45'),('WSS2','p45'),('WSS243','p45'),('WSS245','p45'),('WSS253','p45'),('WSS259','p45'),('WSS283','p45'),('WSS285','p45'),('WSS287','p45'),('WSS288','p45'),('WSS30','p45'),('WSS307','p45'),('WSS31','p45'),('WSS313','p45'),('WSS321','p45'),('WSS326','p45'),('WSS330','p45'),('WSS332','p45'),('WSS338','p45'),('WSS350','p45'),('WSS356','p45'),('WSS362','p45'),('WSS364','p45'),('WSS368','p45'),('WSS37','p45'),('WSS371','p45'),('WSS38','p45'),('WSS382','p45'),('WSS39','p45'),('WSS401','p45'),('WSS403','p45'),('WSS413','p45'),('WSS428','p45'),('WSS476','p45'),('WSS481','p45'),('WSS485','p45'),('WSS499','p45'),('WSS503','p45'),('WSS512','p45'),('WSS519','p45'),('WSS529','p45'),('WSS530','p45'),('WSS547','p45'),('WSS572','p45'),('WSS573','p45'),('WSS58','p45'),('WSS586','p45'),('WSS591','p45'),('WSS601','p45'),('WSS605','p45'),('WSS606','p45'),('WSS613','p45'),('WSS616','p45'),('WSS625','p45'),('WSS626','p45'),('WSS628','p45'),('WSS629','p45'),('WSS634','p45'),('WSS639','p45'),('WSS654','p45'),('WSS661','p45'),('WSS675','p45'),('WSS715','p45'),('WSS717','p45'),('WSS720','p45'),('WSS721','p45'),('WSS738','p45'),('WSS75','p45'),('WSS753','p45'),('WSS762','p45'),('WSS765','p45'),('WSS777','p45'),('WSS782','p45'),('WSS795','p45'),('WSS796','p45'),('WSS802','p45'),('WSS816','p45'),('WSS824','p45'),('WSS826','p45'),('WSS832','p45'),('WSS839','p45'),('WSS842','p45'),('WSS858','p45'),('WSS859','p45'),('WSS863','p45'),('WSS868','p45'),('WSS877','p45'),('WSS886','p45'),('WSS888','p45'),('WSS89','p45'),('WSS899','p45'),('WSS927','p45'),('WSS931','p45'),('WSS947','p45'),('WSS982','p45'),('WSS996','p45'),('WSS10','p46'),('WSS104','p46'),('WSS107','p46'),('WSS108','p46'),('WSS116','p46'),('WSS120','p46'),('WSS133','p46'),('WSS171','p46'),('WSS180','p46'),('WSS184','p46'),('WSS190','p46'),('WSS201','p46'),('WSS203','p46'),('WSS205','p46'),('WSS21','p46'),('WSS229','p46'),('WSS23','p46'),('WSS243','p46'),('WSS277','p46'),('WSS33','p46'),('WSS358','p46'),('WSS391','p46'),('WSS398','p46'),('WSS401','p46'),('WSS407','p46'),('WSS409','p46'),('WSS418','p46'),('WSS426','p46'),('WSS479','p46'),('WSS504','p46'),('WSS533','p46'),('WSS551','p46'),('WSS561','p46'),('WSS568','p46'),('WSS575','p46'),('WSS576','p46'),('WSS6','p46'),('WSS616','p46'),('WSS659','p46'),('WSS668','p46'),('WSS677','p46'),('WSS686','p46'),('WSS7','p46'),('WSS717','p46'),('WSS730','p46'),('WSS732','p46'),('WSS74','p46'),('WSS775','p46'),('WSS779','p46'),('WSS784','p46'),('WSS808','p46'),('WSS81','p46'),('WSS835','p46'),('WSS841','p46'),('WSS854','p46'),('WSS858','p46'),('WSS876','p46'),('WSS881','p46'),('WSS891','p46'),('WSS897','p46'),('WSS909','p46'),('WSS92','p46'),('WSS932','p46'),('WSS938','p46'),('WSS947','p46'),('WSS949','p46'),('WSS956','p46'),('WSS974','p46'),('WSS988','p46'),('WSS99','p46'),('WSS994','p46'),('WSS109','p47'),('WSS12','p47'),('WSS126','p47'),('WSS127','p47'),('WSS134','p47'),('WSS149','p47'),('WSS155','p47'),('WSS157','p47'),('WSS162','p47'),('WSS164','p47'),('WSS173','p47'),('WSS177','p47'),('WSS182','p47'),('WSS191','p47'),('WSS194','p47'),('WSS207','p47'),('WSS21','p47'),('WSS213','p47'),('WSS233','p47'),('WSS264','p47'),('WSS265','p47'),('WSS272','p47'),('WSS300','p47'),('WSS305','p47'),('WSS31','p47'),('WSS315','p47'),('WSS330','p47'),('WSS333','p47'),('WSS336','p47'),('WSS351','p47'),('WSS359','p47'),('WSS365','p47'),('WSS367','p47'),('WSS374','p47'),('WSS377','p47'),('WSS378','p47'),('WSS396','p47'),('WSS406','p47'),('WSS432','p47'),('WSS437','p47'),('WSS468','p47'),('WSS470','p47'),('WSS481','p47'),('WSS496','p47'),('WSS50','p47'),('WSS510','p47'),('WSS532','p47'),('WSS544','p47'),('WSS553','p47'),('WSS576','p47'),('WSS581','p47'),('WSS596','p47'),('WSS601','p47'),('WSS605','p47'),('WSS607','p47'),('WSS609','p47'),('WSS61','p47'),('WSS610','p47'),('WSS620','p47'),('WSS626','p47'),('WSS652','p47'),('WSS664','p47'),('WSS668','p47'),('WSS673','p47'),('WSS674','p47'),('WSS68','p47'),('WSS684','p47'),('WSS685','p47'),('WSS686','p47'),('WSS688','p47'),('WSS696','p47'),('WSS702','p47'),('WSS713','p47'),('WSS730','p47'),('WSS736','p47'),('WSS762','p47'),('WSS787','p47'),('WSS788','p47'),('WSS798','p47'),('WSS8','p47'),('WSS825','p47'),('WSS833','p47'),('WSS838','p47'),('WSS848','p47'),('WSS86','p47'),('WSS874','p47'),('WSS883','p47'),('WSS886','p47'),('WSS895','p47'),('WSS900','p47'),('WSS918','p47'),('WSS921','p47'),('WSS940','p47'),('WSS966','p47'),('WSS989','p47'),('WSS113','p48'),('WSS12','p48'),('WSS136','p48'),('WSS142','p48'),('WSS147','p48'),('WSS152','p48'),('WSS166','p48'),('WSS184','p48'),('WSS188','p48'),('WSS193','p48'),('WSS197','p48'),('WSS198','p48'),('WSS218','p48'),('WSS221','p48'),('WSS231','p48'),('WSS248','p48'),('WSS258','p48'),('WSS260','p48'),('WSS264','p48'),('WSS265','p48'),('WSS274','p48'),('WSS276','p48'),('WSS291','p48'),('WSS297','p48'),('WSS300','p48'),('WSS304','p48'),('WSS319','p48'),('WSS327','p48'),('WSS343','p48'),('WSS344','p48'),('WSS35','p48'),('WSS361','p48'),('WSS411','p48'),('WSS420','p48'),('WSS423','p48'),('WSS429','p48'),('WSS434','p48'),('WSS458','p48'),('WSS476','p48'),('WSS491','p48'),('WSS495','p48'),('WSS50','p48'),('WSS508','p48'),('WSS533','p48'),('WSS546','p48'),('WSS556','p48'),('WSS574','p48'),('WSS583','p48'),('WSS589','p48'),('WSS593','p48'),('WSS598','p48'),('WSS622','p48'),('WSS631','p48'),('WSS651','p48'),('WSS673','p48'),('WSS690','p48'),('WSS693','p48'),('WSS70','p48'),('WSS704','p48'),('WSS706','p48'),('WSS712','p48'),('WSS714','p48'),('WSS718','p48'),('WSS757','p48'),('WSS761','p48'),('WSS765','p48'),('WSS774','p48'),('WSS776','p48'),('WSS78','p48'),('WSS79','p48'),('WSS800','p48'),('WSS812','p48'),('WSS828','p48'),('WSS830','p48'),('WSS839','p48'),('WSS849','p48'),('WSS850','p48'),('WSS854','p48'),('WSS857','p48'),('WSS872','p48'),('WSS900','p48'),('WSS932','p48'),('WSS933','p48'),('WSS952','p48'),('WSS958','p48'),('WSS96','p48'),('WSS973','p48'),('WSS981','p48'),('WSS100','p49'),('WSS101','p49'),('WSS105','p49'),('WSS106','p49'),('WSS112','p49'),('WSS115','p49'),('WSS138','p49'),('WSS174','p49'),('WSS176','p49'),('WSS178','p49'),('WSS179','p49'),('WSS193','p49'),('WSS232','p49'),('WSS255','p49'),('WSS268','p49'),('WSS292','p49'),('WSS3','p49'),('WSS31','p49'),('WSS322','p49'),('WSS323','p49'),('WSS33','p49'),('WSS358','p49'),('WSS385','p49'),('WSS391','p49'),('WSS396','p49'),('WSS409','p49'),('WSS438','p49'),('WSS445','p49'),('WSS457','p49'),('WSS46','p49'),('WSS495','p49'),('WSS506','p49'),('WSS511','p49'),('WSS518','p49'),('WSS527','p49'),('WSS534','p49'),('WSS550','p49'),('WSS558','p49'),('WSS569','p49'),('WSS578','p49'),('WSS62','p49'),('WSS635','p49'),('WSS64','p49'),('WSS640','p49'),('WSS643','p49'),('WSS648','p49'),('WSS658','p49'),('WSS7','p49'),('WSS710','p49'),('WSS736','p49'),('WSS737','p49'),('WSS764','p49'),('WSS769','p49'),('WSS801','p49'),('WSS809','p49'),('WSS811','p49'),('WSS819','p49'),('WSS828','p49'),('WSS838','p49'),('WSS851','p49'),('WSS871','p49'),('WSS881','p49'),('WSS899','p49'),('WSS90','p49'),('WSS911','p49'),('WSS912','p49'),('WSS914','p49'),('WSS917','p49'),('WSS94','p49'),('WSS940','p49'),('WSS948','p49'),('WSS96','p49'),('WSS968','p49'),('WSS970','p49'),('WSS976','p49'),('WSS994','p49'),('WSS995','p49'),('WSS102','p5'),('WSS11','p5'),('WSS126','p5'),('WSS14','p5'),('WSS142','p5'),('WSS151','p5'),('WSS152','p5'),('WSS153','p5'),('WSS161','p5'),('WSS167','p5'),('WSS170','p5'),('WSS20','p5'),('WSS204','p5'),('WSS205','p5'),('WSS22','p5'),('WSS231','p5'),('WSS233','p5'),('WSS242','p5'),('WSS284','p5'),('WSS330','p5'),('WSS346','p5'),('WSS365','p5'),('WSS400','p5'),('WSS403','p5'),('WSS41','p5'),('WSS434','p5'),('WSS442','p5'),('WSS452','p5'),('WSS459','p5'),('WSS472','p5'),('WSS480','p5'),('WSS484','p5'),('WSS486','p5'),('WSS49','p5'),('WSS491','p5'),('WSS501','p5'),('WSS55','p5'),('WSS562','p5'),('WSS564','p5'),('WSS581','p5'),('WSS590','p5'),('WSS619','p5'),('WSS657','p5'),('WSS664','p5'),('WSS668','p5'),('WSS674','p5'),('WSS678','p5'),('WSS694','p5'),('WSS697','p5'),('WSS708','p5'),('WSS734','p5'),('WSS744','p5'),('WSS755','p5'),('WSS762','p5'),('WSS77','p5'),('WSS773','p5'),('WSS780','p5'),('WSS787','p5'),('WSS789','p5'),('WSS79','p5'),('WSS796','p5'),('WSS810','p5'),('WSS829','p5'),('WSS848','p5'),('WSS849','p5'),('WSS865','p5'),('WSS871','p5'),('WSS872','p5'),('WSS875','p5'),('WSS898','p5'),('WSS901','p5'),('WSS913','p5'),('WSS928','p5'),('WSS931','p5'),('WSS936','p5'),('WSS946','p5'),('WSS949','p5'),('WSS950','p5'),('WSS958','p5'),('WSS985','p5'),('WSS997','p5'),('WSS120','p50'),('WSS122','p50'),('WSS138','p50'),('WSS143','p50'),('WSS152','p50'),('WSS160','p50'),('WSS164','p50'),('WSS170','p50'),('WSS171','p50'),('WSS175','p50'),('WSS209','p50'),('WSS212','p50'),('WSS218','p50'),('WSS229','p50'),('WSS252','p50'),('WSS255','p50'),('WSS272','p50'),('WSS288','p50'),('WSS293','p50'),('WSS3','p50'),('WSS326','p50'),('WSS336','p50'),('WSS342','p50'),('WSS378','p50'),('WSS391','p50'),('WSS402','p50'),('WSS406','p50'),('WSS419','p50'),('WSS420','p50'),('WSS421','p50'),('WSS428','p50'),('WSS430','p50'),('WSS433','p50'),('WSS45','p50'),('WSS450','p50'),('WSS459','p50'),('WSS460','p50'),('WSS476','p50'),('WSS487','p50'),('WSS488','p50'),('WSS499','p50'),('WSS51','p50'),('WSS510','p50'),('WSS521','p50'),('WSS524','p50'),('WSS560','p50'),('WSS579','p50'),('WSS58','p50'),('WSS583','p50'),('WSS59','p50'),('WSS591','p50'),('WSS593','p50'),('WSS598','p50'),('WSS624','p50'),('WSS625','p50'),('WSS656','p50'),('WSS663','p50'),('WSS671','p50'),('WSS675','p50'),('WSS694','p50'),('WSS702','p50'),('WSS718','p50'),('WSS719','p50'),('WSS720','p50'),('WSS725','p50'),('WSS743','p50'),('WSS748','p50'),('WSS770','p50'),('WSS780','p50'),('WSS788','p50'),('WSS806','p50'),('WSS810','p50'),('WSS863','p50'),('WSS864','p50'),('WSS865','p50'),('WSS868','p50'),('WSS879','p50'),('WSS898','p50'),('WSS900','p50'),('WSS910','p50'),('WSS911','p50'),('WSS917','p50'),('WSS919','p50'),('WSS94','p50'),('WSS944','p50'),('WSS963','p50'),('WSS969','p50'),('WSS977','p50'),('WSS979','p50'),('WSS999','p50'),('WSS104','p51'),('WSS113','p51'),('WSS117','p51'),('WSS119','p51'),('WSS120','p51'),('WSS122','p51'),('WSS139','p51'),('WSS151','p51'),('WSS154','p51'),('WSS16','p51'),('WSS163','p51'),('WSS164','p51'),('WSS170','p51'),('WSS197','p51'),('WSS219','p51'),('WSS236','p51'),('WSS238','p51'),('WSS257','p51'),('WSS268','p51'),('WSS274','p51'),('WSS278','p51'),('WSS290','p51'),('WSS293','p51'),('WSS316','p51'),('WSS323','p51'),('WSS337','p51'),('WSS338','p51'),('WSS353','p51'),('WSS357','p51'),('WSS36','p51'),('WSS366','p51'),('WSS368','p51'),('WSS378','p51'),('WSS398','p51'),('WSS4','p51'),('WSS403','p51'),('WSS414','p51'),('WSS422','p51'),('WSS431','p51'),('WSS449','p51'),('WSS466','p51'),('WSS472','p51'),('WSS477','p51'),('WSS479','p51'),('WSS486','p51'),('WSS500','p51'),('WSS504','p51'),('WSS513','p51'),('WSS516','p51'),('WSS549','p51'),('WSS556','p51'),('WSS570','p51'),('WSS596','p51'),('WSS617','p51'),('WSS636','p51'),('WSS642','p51'),('WSS644','p51'),('WSS650','p51'),('WSS654','p51'),('WSS674','p51'),('WSS676','p51'),('WSS684','p51'),('WSS692','p51'),('WSS693','p51'),('WSS695','p51'),('WSS699','p51'),('WSS721','p51'),('WSS722','p51'),('WSS738','p51'),('WSS739','p51'),('WSS740','p51'),('WSS744','p51'),('WSS75','p51'),('WSS751','p51'),('WSS755','p51'),('WSS77','p51'),('WSS774','p51'),('WSS776','p51'),('WSS778','p51'),('WSS781','p51'),('WSS788','p51'),('WSS864','p51'),('WSS870','p51'),('WSS871','p51'),('WSS911','p51'),('WSS916','p51'),('WSS918','p51'),('WSS930','p51'),('WSS94','p51'),('WSS954','p51'),('WSS962','p51'),('WSS97','p51'),('WSS99','p51'),('WSS997','p51'),('WSS10','p52'),('WSS101','p52'),('WSS108','p52'),('WSS125','p52'),('WSS127','p52'),('WSS133','p52'),('WSS14','p52'),('WSS149','p52'),('WSS158','p52'),('WSS161','p52'),('WSS18','p52'),('WSS186','p52'),('WSS196','p52'),('WSS214','p52'),('WSS215','p52'),('WSS230','p52'),('WSS234','p52'),('WSS245','p52'),('WSS282','p52'),('WSS289','p52'),('WSS292','p52'),('WSS309','p52'),('WSS331','p52'),('WSS339','p52'),('WSS342','p52'),('WSS348','p52'),('WSS354','p52'),('WSS364','p52'),('WSS382','p52'),('WSS383','p52'),('WSS396','p52'),('WSS404','p52'),('WSS421','p52'),('WSS451','p52'),('WSS455','p52'),('WSS457','p52'),('WSS459','p52'),('WSS461','p52'),('WSS500','p52'),('WSS518','p52'),('WSS532','p52'),('WSS537','p52'),('WSS538','p52'),('WSS542','p52'),('WSS543','p52'),('WSS55','p52'),('WSS557','p52'),('WSS567','p52'),('WSS586','p52'),('WSS6','p52'),('WSS60','p52'),('WSS602','p52'),('WSS606','p52'),('WSS616','p52'),('WSS626','p52'),('WSS653','p52'),('WSS654','p52'),('WSS661','p52'),('WSS669','p52'),('WSS686','p52'),('WSS696','p52'),('WSS698','p52'),('WSS705','p52'),('WSS709','p52'),('WSS713','p52'),('WSS714','p52'),('WSS736','p52'),('WSS737','p52'),('WSS745','p52'),('WSS749','p52'),('WSS75','p52'),('WSS752','p52'),('WSS763','p52'),('WSS766','p52'),('WSS769','p52'),('WSS770','p52'),('WSS776','p52'),('WSS777','p52'),('WSS780','p52'),('WSS791','p52'),('WSS799','p52'),('WSS804','p52'),('WSS809','p52'),('WSS811','p52'),('WSS815','p52'),('WSS824','p52'),('WSS834','p52'),('WSS838','p52'),('WSS848','p52'),('WSS852','p52'),('WSS866','p52'),('WSS87','p52'),('WSS878','p52'),('WSS880','p52'),('WSS91','p52'),('WSS915','p52'),('WSS920','p52'),('WSS935','p52'),('WSS95','p52'),('WSS951','p52'),('WSS955','p52'),('WSS96','p52'),('WSS966','p52'),('WSS97','p52'),('WSS973','p52'),('WSS976','p52'),('WSS994','p52'),('WSS118','p53'),('WSS125','p53'),('WSS128','p53'),('WSS129','p53'),('WSS13','p53'),('WSS131','p53'),('WSS146','p53'),('WSS151','p53'),('WSS173','p53'),('WSS185','p53'),('WSS195','p53'),('WSS222','p53'),('WSS24','p53'),('WSS255','p53'),('WSS27','p53'),('WSS29','p53'),('WSS291','p53'),('WSS299','p53'),('WSS342','p53'),('WSS35','p53'),('WSS361','p53'),('WSS366','p53'),('WSS37','p53'),('WSS405','p53'),('WSS409','p53'),('WSS41','p53'),('WSS410','p53'),('WSS42','p53'),('WSS440','p53'),('WSS444','p53'),('WSS447','p53'),('WSS450','p53'),('WSS451','p53'),('WSS461','p53'),('WSS466','p53'),('WSS48','p53'),('WSS483','p53'),('WSS485','p53'),('WSS494','p53'),('WSS497','p53'),('WSS503','p53'),('WSS506','p53'),('WSS516','p53'),('WSS519','p53'),('WSS521','p53'),('WSS522','p53'),('WSS534','p53'),('WSS541','p53'),('WSS542','p53'),('WSS553','p53'),('WSS555','p53'),('WSS556','p53'),('WSS587','p53'),('WSS594','p53'),('WSS604','p53'),('WSS614','p53'),('WSS622','p53'),('WSS644','p53'),('WSS646','p53'),('WSS65','p53'),('WSS681','p53'),('WSS686','p53'),('WSS689','p53'),('WSS70','p53'),('WSS700','p53'),('WSS701','p53'),('WSS713','p53'),('WSS715','p53'),('WSS721','p53'),('WSS722','p53'),('WSS725','p53'),('WSS74','p53'),('WSS740','p53'),('WSS743','p53'),('WSS778','p53'),('WSS780','p53'),('WSS784','p53'),('WSS788','p53'),('WSS795','p53'),('WSS823','p53'),('WSS824','p53'),('WSS826','p53'),('WSS833','p53'),('WSS846','p53'),('WSS847','p53'),('WSS882','p53'),('WSS887','p53'),('WSS890','p53'),('WSS905','p53'),('WSS910','p53'),('WSS925','p53'),('WSS960','p53'),('WSS967','p53'),('WSS98','p53'),('WSS992','p53'),('WSS129','p54'),('WSS14','p54'),('WSS148','p54'),('WSS153','p54'),('WSS165','p54'),('WSS169','p54'),('WSS172','p54'),('WSS178','p54'),('WSS179','p54'),('WSS183','p54'),('WSS187','p54'),('WSS217','p54'),('WSS224','p54'),('WSS225','p54'),('WSS226','p54'),('WSS244','p54'),('WSS255','p54'),('WSS278','p54'),('WSS285','p54'),('WSS295','p54'),('WSS299','p54'),('WSS309','p54'),('WSS344','p54'),('WSS355','p54'),('WSS364','p54'),('WSS375','p54'),('WSS377','p54'),('WSS382','p54'),('WSS384','p54'),('WSS389','p54'),('WSS40','p54'),('WSS412','p54'),('WSS417','p54'),('WSS418','p54'),('WSS425','p54'),('WSS429','p54'),('WSS431','p54'),('WSS436','p54'),('WSS463','p54'),('WSS467','p54'),('WSS471','p54'),('WSS488','p54'),('WSS491','p54'),('WSS511','p54'),('WSS527','p54'),('WSS530','p54'),('WSS570','p54'),('WSS588','p54'),('WSS60','p54'),('WSS602','p54'),('WSS606','p54'),('WSS619','p54'),('WSS636','p54'),('WSS652','p54'),('WSS669','p54'),('WSS677','p54'),('WSS678','p54'),('WSS679','p54'),('WSS681','p54'),('WSS689','p54'),('WSS726','p54'),('WSS735','p54'),('WSS776','p54'),('WSS797','p54'),('WSS802','p54'),('WSS806','p54'),('WSS821','p54'),('WSS831','p54'),('WSS832','p54'),('WSS840','p54'),('WSS85','p54'),('WSS851','p54'),('WSS869','p54'),('WSS874','p54'),('WSS877','p54'),('WSS889','p54'),('WSS898','p54'),('WSS901','p54'),('WSS92','p54'),('WSS926','p54'),('WSS927','p54'),('WSS940','p54'),('WSS941','p54'),('WSS942','p54'),('WSS947','p54'),('WSS980','p54'),('WSS985','p54'),('WSS991','p54'),('WSS1000','p55'),('WSS111','p55'),('WSS115','p55'),('WSS13','p55'),('WSS131','p55'),('WSS134','p55'),('WSS146','p55'),('WSS151','p55'),('WSS160','p55'),('WSS162','p55'),('WSS168','p55'),('WSS169','p55'),('WSS196','p55'),('WSS202','p55'),('WSS21','p55'),('WSS221','p55'),('WSS237','p55'),('WSS240','p55'),('WSS241','p55'),('WSS250','p55'),('WSS251','p55'),('WSS265','p55'),('WSS271','p55'),('WSS274','p55'),('WSS279','p55'),('WSS28','p55'),('WSS29','p55'),('WSS3','p55'),('WSS309','p55'),('WSS313','p55'),('WSS314','p55'),('WSS320','p55'),('WSS340','p55'),('WSS372','p55'),('WSS387','p55'),('WSS397','p55'),('WSS40','p55'),('WSS403','p55'),('WSS405','p55'),('WSS413','p55'),('WSS415','p55'),('WSS42','p55'),('WSS424','p55'),('WSS426','p55'),('WSS435','p55'),('WSS439','p55'),('WSS440','p55'),('WSS446','p55'),('WSS458','p55'),('WSS475','p55'),('WSS485','p55'),('WSS487','p55'),('WSS491','p55'),('WSS492','p55'),('WSS499','p55'),('WSS51','p55'),('WSS514','p55'),('WSS515','p55'),('WSS523','p55'),('WSS529','p55'),('WSS537','p55'),('WSS560','p55'),('WSS59','p55'),('WSS590','p55'),('WSS623','p55'),('WSS637','p55'),('WSS66','p55'),('WSS670','p55'),('WSS677','p55'),('WSS702','p55'),('WSS703','p55'),('WSS711','p55'),('WSS716','p55'),('WSS725','p55'),('WSS746','p55'),('WSS748','p55'),('WSS76','p55'),('WSS769','p55'),('WSS772','p55'),('WSS781','p55'),('WSS797','p55'),('WSS831','p55'),('WSS835','p55'),('WSS844','p55'),('WSS848','p55'),('WSS863','p55'),('WSS864','p55'),('WSS874','p55'),('WSS879','p55'),('WSS890','p55'),('WSS904','p55'),('WSS906','p55'),('WSS917','p55'),('WSS919','p55'),('WSS927','p55'),('WSS934','p55'),('WSS935','p55'),('WSS941','p55'),('WSS950','p55'),('WSS959','p55'),('WSS962','p55'),('WSS970','p55'),('WSS993','p55'),('WSS1','p56'),('WSS102','p56'),('WSS105','p56'),('WSS124','p56'),('WSS155','p56'),('WSS159','p56'),('WSS165','p56'),('WSS169','p56'),('WSS176','p56'),('WSS178','p56'),('WSS198','p56'),('WSS20','p56'),('WSS213','p56'),('WSS215','p56'),('WSS228','p56'),('WSS242','p56'),('WSS245','p56'),('WSS258','p56'),('WSS261','p56'),('WSS272','p56'),('WSS273','p56'),('WSS277','p56'),('WSS308','p56'),('WSS309','p56'),('WSS319','p56'),('WSS32','p56'),('WSS337','p56'),('WSS346','p56'),('WSS347','p56'),('WSS362','p56'),('WSS401','p56'),('WSS422','p56'),('WSS443','p56'),('WSS448','p56'),('WSS48','p56'),('WSS484','p56'),('WSS51','p56'),('WSS520','p56'),('WSS521','p56'),('WSS527','p56'),('WSS528','p56'),('WSS532','p56'),('WSS555','p56'),('WSS567','p56'),('WSS574','p56'),('WSS575','p56'),('WSS579','p56'),('WSS599','p56'),('WSS600','p56'),('WSS604','p56'),('WSS611','p56'),('WSS625','p56'),('WSS637','p56'),('WSS652','p56'),('WSS682','p56'),('WSS688','p56'),('WSS73','p56'),('WSS733','p56'),('WSS735','p56'),('WSS744','p56'),('WSS757','p56'),('WSS759','p56'),('WSS760','p56'),('WSS780','p56'),('WSS786','p56'),('WSS796','p56'),('WSS798','p56'),('WSS802','p56'),('WSS814','p56'),('WSS82','p56'),('WSS820','p56'),('WSS823','p56'),('WSS837','p56'),('WSS843','p56'),('WSS866','p56'),('WSS911','p56'),('WSS938','p56'),('WSS941','p56'),('WSS943','p56'),('WSS957','p56'),('WSS969','p56'),('WSS974','p56'),('WSS975','p56'),('WSS982','p56'),('WSS984','p56'),('WSS993','p56'),('WSS995','p56'),('WSS102','p57'),('WSS103','p57'),('WSS12','p57'),('WSS122','p57'),('WSS13','p57'),('WSS140','p57'),('WSS141','p57'),('WSS156','p57'),('WSS163','p57'),('WSS168','p57'),('WSS180','p57'),('WSS195','p57'),('WSS223','p57'),('WSS227','p57'),('WSS244','p57'),('WSS249','p57'),('WSS263','p57'),('WSS264','p57'),('WSS270','p57'),('WSS273','p57'),('WSS279','p57'),('WSS291','p57'),('WSS31','p57'),('WSS310','p57'),('WSS312','p57'),('WSS323','p57'),('WSS334','p57'),('WSS361','p57'),('WSS368','p57'),('WSS374','p57'),('WSS375','p57'),('WSS38','p57'),('WSS387','p57'),('WSS390','p57'),('WSS402','p57'),('WSS41','p57'),('WSS42','p57'),('WSS452','p57'),('WSS453','p57'),('WSS47','p57'),('WSS473','p57'),('WSS474','p57'),('WSS493','p57'),('WSS494','p57'),('WSS504','p57'),('WSS510','p57'),('WSS524','p57'),('WSS525','p57'),('WSS556','p57'),('WSS557','p57'),('WSS565','p57'),('WSS567','p57'),('WSS573','p57'),('WSS580','p57'),('WSS595','p57'),('WSS602','p57'),('WSS613','p57'),('WSS629','p57'),('WSS631','p57'),('WSS638','p57'),('WSS639','p57'),('WSS640','p57'),('WSS650','p57'),('WSS659','p57'),('WSS67','p57'),('WSS676','p57'),('WSS686','p57'),('WSS690','p57'),('WSS692','p57'),('WSS707','p57'),('WSS722','p57'),('WSS730','p57'),('WSS732','p57'),('WSS740','p57'),('WSS755','p57'),('WSS77','p57'),('WSS770','p57'),('WSS800','p57'),('WSS805','p57'),('WSS817','p57'),('WSS834','p57'),('WSS836','p57'),('WSS839','p57'),('WSS840','p57'),('WSS844','p57'),('WSS869','p57'),('WSS876','p57'),('WSS877','p57'),('WSS881','p57'),('WSS896','p57'),('WSS898','p57'),('WSS901','p57'),('WSS908','p57'),('WSS910','p57'),('WSS926','p57'),('WSS938','p57'),('WSS945','p57'),('WSS95','p57'),('WSS956','p57'),('WSS959','p57'),('WSS980','p57'),('WSS991','p57'),('WSS999','p57'),('WSS123','p58'),('WSS129','p58'),('WSS138','p58'),('WSS144','p58'),('WSS153','p58'),('WSS16','p58'),('WSS167','p58'),('WSS171','p58'),('WSS186','p58'),('WSS197','p58'),('WSS204','p58'),('WSS237','p58'),('WSS247','p58'),('WSS248','p58'),('WSS259','p58'),('WSS265','p58'),('WSS267','p58'),('WSS281','p58'),('WSS283','p58'),('WSS284','p58'),('WSS286','p58'),('WSS305','p58'),('WSS341','p58'),('WSS352','p58'),('WSS367','p58'),('WSS380','p58'),('WSS397','p58'),('WSS407','p58'),('WSS41','p58'),('WSS413','p58'),('WSS426','p58'),('WSS433','p58'),('WSS452','p58'),('WSS464','p58'),('WSS475','p58'),('WSS486','p58'),('WSS531','p58'),('WSS536','p58'),('WSS565','p58'),('WSS580','p58'),('WSS581','p58'),('WSS586','p58'),('WSS591','p58'),('WSS595','p58'),('WSS598','p58'),('WSS603','p58'),('WSS644','p58'),('WSS655','p58'),('WSS669','p58'),('WSS683','p58'),('WSS7','p58'),('WSS714','p58'),('WSS745','p58'),('WSS746','p58'),('WSS751','p58'),('WSS76','p58'),('WSS764','p58'),('WSS798','p58'),('WSS800','p58'),('WSS803','p58'),('WSS813','p58'),('WSS818','p58'),('WSS865','p58'),('WSS88','p58'),('WSS884','p58'),('WSS891','p58'),('WSS910','p58'),('WSS914','p58'),('WSS916','p58'),('WSS917','p58'),('WSS92','p58'),('WSS922','p58'),('WSS925','p58'),('WSS938','p58'),('WSS942','p58'),('WSS945','p58'),('WSS952','p58'),('WSS959','p58'),('WSS965','p58'),('WSS968','p58'),('WSS119','p59'),('WSS121','p59'),('WSS124','p59'),('WSS139','p59'),('WSS157','p59'),('WSS160','p59'),('WSS17','p59'),('WSS176','p59'),('WSS200','p59'),('WSS201','p59'),('WSS208','p59'),('WSS220','p59'),('WSS234','p59'),('WSS24','p59'),('WSS275','p59'),('WSS325','p59'),('WSS34','p59'),('WSS345','p59'),('WSS346','p59'),('WSS354','p59'),('WSS365','p59'),('WSS366','p59'),('WSS377','p59'),('WSS380','p59'),('WSS389','p59'),('WSS392','p59'),('WSS399','p59'),('WSS415','p59'),('WSS436','p59'),('WSS445','p59'),('WSS455','p59'),('WSS456','p59'),('WSS477','p59'),('WSS486','p59'),('WSS508','p59'),('WSS533','p59'),('WSS550','p59'),('WSS551','p59'),('WSS565','p59'),('WSS568','p59'),('WSS609','p59'),('WSS612','p59'),('WSS614','p59'),('WSS618','p59'),('WSS622','p59'),('WSS651','p59'),('WSS654','p59'),('WSS665','p59'),('WSS666','p59'),('WSS669','p59'),('WSS670','p59'),('WSS682','p59'),('WSS692','p59'),('WSS693','p59'),('WSS703','p59'),('WSS705','p59'),('WSS740','p59'),('WSS746','p59'),('WSS747','p59'),('WSS768','p59'),('WSS775','p59'),('WSS790','p59'),('WSS797','p59'),('WSS805','p59'),('WSS813','p59'),('WSS820','p59'),('WSS822','p59'),('WSS827','p59'),('WSS829','p59'),('WSS839','p59'),('WSS849','p59'),('WSS854','p59'),('WSS892','p59'),('WSS941','p59'),('WSS95','p59'),('WSS956','p59'),('WSS957','p59'),('WSS964','p59'),('WSS97','p59'),('WSS976','p59'),('WSS993','p59'),('WSS994','p59'),('WSS121','p6'),('WSS14','p6'),('WSS143','p6'),('WSS146','p6'),('WSS169','p6'),('WSS177','p6'),('WSS187','p6'),('WSS189','p6'),('WSS19','p6'),('WSS194','p6'),('WSS195','p6'),('WSS220','p6'),('WSS226','p6'),('WSS230','p6'),('WSS237','p6'),('WSS239','p6'),('WSS262','p6'),('WSS267','p6'),('WSS280','p6'),('WSS306','p6'),('WSS307','p6'),('WSS313','p6'),('WSS315','p6'),('WSS350','p6'),('WSS353','p6'),('WSS366','p6'),('WSS379','p6'),('WSS380','p6'),('WSS42','p6'),('WSS43','p6'),('WSS434','p6'),('WSS455','p6'),('WSS458','p6'),('WSS479','p6'),('WSS487','p6'),('WSS495','p6'),('WSS516','p6'),('WSS52','p6'),('WSS53','p6'),('WSS533','p6'),('WSS536','p6'),('WSS550','p6'),('WSS563','p6'),('WSS577','p6'),('WSS590','p6'),('WSS592','p6'),('WSS596','p6'),('WSS625','p6'),('WSS635','p6'),('WSS646','p6'),('WSS660','p6'),('WSS661','p6'),('WSS667','p6'),('WSS671','p6'),('WSS673','p6'),('WSS70','p6'),('WSS710','p6'),('WSS719','p6'),('WSS725','p6'),('WSS731','p6'),('WSS736','p6'),('WSS737','p6'),('WSS74','p6'),('WSS741','p6'),('WSS747','p6'),('WSS751','p6'),('WSS766','p6'),('WSS768','p6'),('WSS772','p6'),('WSS775','p6'),('WSS792','p6'),('WSS823','p6'),('WSS84','p6'),('WSS858','p6'),('WSS868','p6'),('WSS870','p6'),('WSS871','p6'),('WSS884','p6'),('WSS888','p6'),('WSS897','p6'),('WSS925','p6'),('WSS939','p6'),('WSS950','p6'),('WSS952','p6'),('WSS961','p6'),('WSS970','p6'),('WSS979','p6'),('WSS993','p6'),('WSS995','p6'),('WSS109','p60'),('WSS123','p60'),('WSS132','p60'),('WSS146','p60'),('WSS181','p60'),('WSS185','p60'),('WSS188','p60'),('WSS202','p60'),('WSS205','p60'),('WSS214','p60'),('WSS215','p60'),('WSS22','p60'),('WSS220','p60'),('WSS225','p60'),('WSS231','p60'),('WSS25','p60'),('WSS258','p60'),('WSS275','p60'),('WSS290','p60'),('WSS295','p60'),('WSS299','p60'),('WSS302','p60'),('WSS308','p60'),('WSS314','p60'),('WSS32','p60'),('WSS326','p60'),('WSS335','p60'),('WSS352','p60'),('WSS362','p60'),('WSS365','p60'),('WSS369','p60'),('WSS371','p60'),('WSS373','p60'),('WSS376','p60'),('WSS391','p60'),('WSS418','p60'),('WSS420','p60'),('WSS431','p60'),('WSS437','p60'),('WSS441','p60'),('WSS442','p60'),('WSS445','p60'),('WSS45','p60'),('WSS480','p60'),('WSS482','p60'),('WSS488','p60'),('WSS5','p60'),('WSS519','p60'),('WSS531','p60'),('WSS537','p60'),('WSS538','p60'),('WSS539','p60'),('WSS557','p60'),('WSS594','p60'),('WSS627','p60'),('WSS64','p60'),('WSS641','p60'),('WSS647','p60'),('WSS662','p60'),('WSS665','p60'),('WSS68','p60'),('WSS690','p60'),('WSS691','p60'),('WSS710','p60'),('WSS72','p60'),('WSS725','p60'),('WSS733','p60'),('WSS748','p60'),('WSS763','p60'),('WSS777','p60'),('WSS778','p60'),('WSS780','p60'),('WSS785','p60'),('WSS794','p60'),('WSS798','p60'),('WSS799','p60'),('WSS80','p60'),('WSS81','p60'),('WSS812','p60'),('WSS816','p60'),('WSS833','p60'),('WSS837','p60'),('WSS844','p60'),('WSS845','p60'),('WSS848','p60'),('WSS88','p60'),('WSS890','p60'),('WSS907','p60'),('WSS944','p60'),('WSS959','p60'),('WSS96','p60'),('WSS967','p60'),('WSS971','p60'),('WSS973','p60'),('WSS984','p60'),('WSS998','p60'),('WSS104','p61'),('WSS107','p61'),('WSS126','p61'),('WSS130','p61'),('WSS150','p61'),('WSS156','p61'),('WSS16','p61'),('WSS163','p61'),('WSS168','p61'),('WSS171','p61'),('WSS192','p61'),('WSS200','p61'),('WSS22','p61'),('WSS25','p61'),('WSS256','p61'),('WSS257','p61'),('WSS258','p61'),('WSS26','p61'),('WSS260','p61'),('WSS27','p61'),('WSS278','p61'),('WSS286','p61'),('WSS291','p61'),('WSS300','p61'),('WSS312','p61'),('WSS324','p61'),('WSS331','p61'),('WSS347','p61'),('WSS355','p61'),('WSS370','p61'),('WSS387','p61'),('WSS389','p61'),('WSS39','p61'),('WSS420','p61'),('WSS43','p61'),('WSS446','p61'),('WSS448','p61'),('WSS453','p61'),('WSS460','p61'),('WSS50','p61'),('WSS501','p61'),('WSS516','p61'),('WSS517','p61'),('WSS523','p61'),('WSS537','p61'),('WSS54','p61'),('WSS551','p61'),('WSS560','p61'),('WSS578','p61'),('WSS589','p61'),('WSS59','p61'),('WSS597','p61'),('WSS60','p61'),('WSS610','p61'),('WSS630','p61'),('WSS643','p61'),('WSS651','p61'),('WSS653','p61'),('WSS655','p61'),('WSS662','p61'),('WSS69','p61'),('WSS698','p61'),('WSS704','p61'),('WSS707','p61'),('WSS728','p61'),('WSS735','p61'),('WSS739','p61'),('WSS749','p61'),('WSS758','p61'),('WSS76','p61'),('WSS760','p61'),('WSS771','p61'),('WSS773','p61'),('WSS786','p61'),('WSS823','p61'),('WSS837','p61'),('WSS840','p61'),('WSS852','p61'),('WSS864','p61'),('WSS871','p61'),('WSS874','p61'),('WSS889','p61'),('WSS89','p61'),('WSS892','p61'),('WSS904','p61'),('WSS906','p61'),('WSS913','p61'),('WSS933','p61'),('WSS954','p61'),('WSS96','p61'),('WSS977','p61'),('WSS987','p61'),('WSS988','p61'),('WSS992','p61'),('WSS100','p62'),('WSS1000','p62'),('WSS113','p62'),('WSS116','p62'),('WSS124','p62'),('WSS127','p62'),('WSS137','p62'),('WSS140','p62'),('WSS166','p62'),('WSS167','p62'),('WSS182','p62'),('WSS201','p62'),('WSS213','p62'),('WSS214','p62'),('WSS219','p62'),('WSS236','p62'),('WSS252','p62'),('WSS260','p62'),('WSS270','p62'),('WSS303','p62'),('WSS320','p62'),('WSS332','p62'),('WSS352','p62'),('WSS390','p62'),('WSS4','p62'),('WSS40','p62'),('WSS403','p62'),('WSS425','p62'),('WSS44','p62'),('WSS452','p62'),('WSS460','p62'),('WSS490','p62'),('WSS502','p62'),('WSS507','p62'),('WSS510','p62'),('WSS543','p62'),('WSS550','p62'),('WSS563','p62'),('WSS569','p62'),('WSS57','p62'),('WSS612','p62'),('WSS646','p62'),('WSS664','p62'),('WSS68','p62'),('WSS687','p62'),('WSS69','p62'),('WSS692','p62'),('WSS696','p62'),('WSS723','p62'),('WSS729','p62'),('WSS74','p62'),('WSS767','p62'),('WSS799','p62'),('WSS825','p62'),('WSS827','p62'),('WSS834','p62'),('WSS841','p62'),('WSS855','p62'),('WSS858','p62'),('WSS860','p62'),('WSS862','p62'),('WSS875','p62'),('WSS879','p62'),('WSS890','p62'),('WSS891','p62'),('WSS900','p62'),('WSS903','p62'),('WSS913','p62'),('WSS921','p62'),('WSS932','p62'),('WSS939','p62'),('WSS942','p62'),('WSS948','p62'),('WSS958','p62'),('WSS965','p62'),('WSS971','p62'),('WSS979','p62'),('WSS983','p62'),('WSS985','p62'),('WSS106','p63'),('WSS137','p63'),('WSS147','p63'),('WSS151','p63'),('WSS157','p63'),('WSS170','p63'),('WSS177','p63'),('WSS181','p63'),('WSS190','p63'),('WSS199','p63'),('WSS209','p63'),('WSS211','p63'),('WSS222','p63'),('WSS236','p63'),('WSS25','p63'),('WSS254','p63'),('WSS264','p63'),('WSS277','p63'),('WSS282','p63'),('WSS283','p63'),('WSS289','p63'),('WSS293','p63'),('WSS297','p63'),('WSS298','p63'),('WSS301','p63'),('WSS337','p63'),('WSS349','p63'),('WSS351','p63'),('WSS356','p63'),('WSS364','p63'),('WSS370','p63'),('WSS372','p63'),('WSS374','p63'),('WSS376','p63'),('WSS381','p63'),('WSS390','p63'),('WSS394','p63'),('WSS401','p63'),('WSS403','p63'),('WSS410','p63'),('WSS416','p63'),('WSS419','p63'),('WSS421','p63'),('WSS433','p63'),('WSS437','p63'),('WSS44','p63'),('WSS453','p63'),('WSS472','p63'),('WSS492','p63'),('WSS504','p63'),('WSS523','p63'),('WSS529','p63'),('WSS530','p63'),('WSS551','p63'),('WSS563','p63'),('WSS585','p63'),('WSS586','p63'),('WSS602','p63'),('WSS628','p63'),('WSS63','p63'),('WSS677','p63'),('WSS687','p63'),('WSS699','p63'),('WSS704','p63'),('WSS722','p63'),('WSS723','p63'),('WSS727','p63'),('WSS742','p63'),('WSS749','p63'),('WSS754','p63'),('WSS758','p63'),('WSS766','p63'),('WSS804','p63'),('WSS808','p63'),('WSS832','p63'),('WSS86','p63'),('WSS873','p63'),('WSS895','p63'),('WSS902','p63'),('WSS919','p63'),('WSS932','p63'),('WSS948','p63'),('WSS962','p63'),('WSS974','p63'),('WSS986','p63'),('WSS989','p63'),('WSS111','p64'),('WSS140','p64'),('WSS162','p64'),('WSS211','p64'),('WSS232','p64'),('WSS235','p64'),('WSS236','p64'),('WSS247','p64'),('WSS248','p64'),('WSS256','p64'),('WSS259','p64'),('WSS271','p64'),('WSS28','p64'),('WSS280','p64'),('WSS282','p64'),('WSS283','p64'),('WSS288','p64'),('WSS290','p64'),('WSS298','p64'),('WSS30','p64'),('WSS307','p64'),('WSS308','p64'),('WSS310','p64'),('WSS311','p64'),('WSS322','p64'),('WSS34','p64'),('WSS343','p64'),('WSS352','p64'),('WSS353','p64'),('WSS355','p64'),('WSS358','p64'),('WSS36','p64'),('WSS363','p64'),('WSS364','p64'),('WSS369','p64'),('WSS378','p64'),('WSS380','p64'),('WSS394','p64'),('WSS40','p64'),('WSS404','p64'),('WSS419','p64'),('WSS440','p64'),('WSS444','p64'),('WSS456','p64'),('WSS467','p64'),('WSS480','p64'),('WSS493','p64'),('WSS5','p64'),('WSS502','p64'),('WSS510','p64'),('WSS514','p64'),('WSS52','p64'),('WSS524','p64'),('WSS528','p64'),('WSS543','p64'),('WSS544','p64'),('WSS567','p64'),('WSS573','p64'),('WSS574','p64'),('WSS575','p64'),('WSS581','p64'),('WSS588','p64'),('WSS599','p64'),('WSS600','p64'),('WSS608','p64'),('WSS629','p64'),('WSS639','p64'),('WSS645','p64'),('WSS700','p64'),('WSS709','p64'),('WSS710','p64'),('WSS72','p64'),('WSS743','p64'),('WSS753','p64'),('WSS768','p64'),('WSS783','p64'),('WSS787','p64'),('WSS791','p64'),('WSS8','p64'),('WSS82','p64'),('WSS834','p64'),('WSS849','p64'),('WSS850','p64'),('WSS871','p64'),('WSS872','p64'),('WSS880','p64'),('WSS91','p64'),('WSS959','p64'),('WSS960','p64'),('WSS961','p64'),('WSS963','p64'),('WSS967','p64'),('WSS972','p64'),('WSS978','p64'),('WSS98','p64'),('WSS996','p64'),('WSS997','p64'),('WSS111','p65'),('WSS116','p65'),('WSS121','p65'),('WSS127','p65'),('WSS128','p65'),('WSS158','p65'),('WSS19','p65'),('WSS196','p65'),('WSS202','p65'),('WSS246','p65'),('WSS249','p65'),('WSS25','p65'),('WSS263','p65'),('WSS266','p65'),('WSS271','p65'),('WSS286','p65'),('WSS293','p65'),('WSS3','p65'),('WSS325','p65'),('WSS335','p65'),('WSS34','p65'),('WSS341','p65'),('WSS344','p65'),('WSS355','p65'),('WSS358','p65'),('WSS360','p65'),('WSS364','p65'),('WSS380','p65'),('WSS384','p65'),('WSS393','p65'),('WSS397','p65'),('WSS398','p65'),('WSS432','p65'),('WSS441','p65'),('WSS449','p65'),('WSS451','p65'),('WSS461','p65'),('WSS471','p65'),('WSS478','p65'),('WSS48','p65'),('WSS515','p65'),('WSS540','p65'),('WSS544','p65'),('WSS55','p65'),('WSS552','p65'),('WSS560','p65'),('WSS566','p65'),('WSS57','p65'),('WSS572','p65'),('WSS584','p65'),('WSS588','p65'),('WSS593','p65'),('WSS603','p65'),('WSS609','p65'),('WSS647','p65'),('WSS648','p65'),('WSS653','p65'),('WSS679','p65'),('WSS680','p65'),('WSS683','p65'),('WSS685','p65'),('WSS696','p65'),('WSS71','p65'),('WSS713','p65'),('WSS745','p65'),('WSS746','p65'),('WSS747','p65'),('WSS750','p65'),('WSS761','p65'),('WSS77','p65'),('WSS777','p65'),('WSS791','p65'),('WSS793','p65'),('WSS794','p65'),('WSS798','p65'),('WSS8','p65'),('WSS803','p65'),('WSS843','p65'),('WSS847','p65'),('WSS869','p65'),('WSS889','p65'),('WSS905','p65'),('WSS908','p65'),('WSS920','p65'),('WSS937','p65'),('WSS938','p65'),('WSS940','p65'),('WSS951','p65'),('WSS952','p65'),('WSS954','p65'),('WSS960','p65'),('WSS968','p65'),('WSS105','p7'),('WSS108','p7'),('WSS123','p7'),('WSS133','p7'),('WSS135','p7'),('WSS148','p7'),('WSS173','p7'),('WSS177','p7'),('WSS191','p7'),('WSS193','p7'),('WSS2','p7'),('WSS207','p7'),('WSS217','p7'),('WSS254','p7'),('WSS26','p7'),('WSS266','p7'),('WSS278','p7'),('WSS29','p7'),('WSS308','p7'),('WSS311','p7'),('WSS313','p7'),('WSS317','p7'),('WSS324','p7'),('WSS329','p7'),('WSS360','p7'),('WSS398','p7'),('WSS419','p7'),('WSS431','p7'),('WSS432','p7'),('WSS435','p7'),('WSS441','p7'),('WSS446','p7'),('WSS45','p7'),('WSS450','p7'),('WSS458','p7'),('WSS468','p7'),('WSS470','p7'),('WSS490','p7'),('WSS492','p7'),('WSS495','p7'),('WSS513','p7'),('WSS517','p7'),('WSS526','p7'),('WSS530','p7'),('WSS539','p7'),('WSS541','p7'),('WSS559','p7'),('WSS564','p7'),('WSS57','p7'),('WSS576','p7'),('WSS584','p7'),('WSS594','p7'),('WSS609','p7'),('WSS61','p7'),('WSS612','p7'),('WSS639','p7'),('WSS645','p7'),('WSS665','p7'),('WSS666','p7'),('WSS679','p7'),('WSS681','p7'),('WSS69','p7'),('WSS692','p7'),('WSS704','p7'),('WSS706','p7'),('WSS726','p7'),('WSS727','p7'),('WSS729','p7'),('WSS755','p7'),('WSS767','p7'),('WSS784','p7'),('WSS785','p7'),('WSS790','p7'),('WSS791','p7'),('WSS792','p7'),('WSS818','p7'),('WSS82','p7'),('WSS841','p7'),('WSS843','p7'),('WSS856','p7'),('WSS860','p7'),('WSS865','p7'),('WSS873','p7'),('WSS875','p7'),('WSS895','p7'),('WSS898','p7'),('WSS90','p7'),('WSS908','p7'),('WSS910','p7'),('WSS914','p7'),('WSS93','p7'),('WSS934','p7'),('WSS945','p7'),('WSS950','p7'),('WSS958','p7'),('WSS961','p7'),('WSS966','p7'),('WSS969','p7'),('WSS991','p7'),('WSS1','p8'),('WSS13','p8'),('WSS140','p8'),('WSS141','p8'),('WSS161','p8'),('WSS166','p8'),('WSS199','p8'),('WSS20','p8'),('WSS205','p8'),('WSS251','p8'),('WSS267','p8'),('WSS269','p8'),('WSS285','p8'),('WSS287','p8'),('WSS296','p8'),('WSS308','p8'),('WSS317','p8'),('WSS333','p8'),('WSS35','p8'),('WSS386','p8'),('WSS405','p8'),('WSS408','p8'),('WSS418','p8'),('WSS449','p8'),('WSS456','p8'),('WSS471','p8'),('WSS485','p8'),('WSS502','p8'),('WSS505','p8'),('WSS509','p8'),('WSS518','p8'),('WSS522','p8'),('WSS527','p8'),('WSS528','p8'),('WSS535','p8'),('WSS546','p8'),('WSS549','p8'),('WSS562','p8'),('WSS572','p8'),('WSS577','p8'),('WSS580','p8'),('WSS582','p8'),('WSS595','p8'),('WSS606','p8'),('WSS607','p8'),('WSS623','p8'),('WSS629','p8'),('WSS630','p8'),('WSS645','p8'),('WSS655','p8'),('WSS656','p8'),('WSS668','p8'),('WSS688','p8'),('WSS699','p8'),('WSS7','p8'),('WSS703','p8'),('WSS704','p8'),('WSS713','p8'),('WSS720','p8'),('WSS745','p8'),('WSS749','p8'),('WSS759','p8'),('WSS782','p8'),('WSS785','p8'),('WSS79','p8'),('WSS790','p8'),('WSS805','p8'),('WSS806','p8'),('WSS807','p8'),('WSS812','p8'),('WSS814','p8'),('WSS845','p8'),('WSS876','p8'),('WSS884','p8'),('WSS885','p8'),('WSS896','p8'),('WSS922','p8'),('WSS923','p8'),('WSS93','p8'),('WSS943','p8'),('WSS979','p8'),('WSS988','p8'),('WSS100','p9'),('WSS140','p9'),('WSS145','p9'),('WSS150','p9'),('WSS160','p9'),('WSS18','p9'),('WSS188','p9'),('WSS194','p9'),('WSS196','p9'),('WSS203','p9'),('WSS205','p9'),('WSS223','p9'),('WSS225','p9'),('WSS234','p9'),('WSS244','p9'),('WSS254','p9'),('WSS273','p9'),('WSS28','p9'),('WSS281','p9'),('WSS284','p9'),('WSS291','p9'),('WSS297','p9'),('WSS303','p9'),('WSS318','p9'),('WSS327','p9'),('WSS359','p9'),('WSS368','p9'),('WSS382','p9'),('WSS392','p9'),('WSS395','p9'),('WSS410','p9'),('WSS413','p9'),('WSS437','p9'),('WSS448','p9'),('WSS460','p9'),('WSS469','p9'),('WSS479','p9'),('WSS499','p9'),('WSS502','p9'),('WSS555','p9'),('WSS561','p9'),('WSS569','p9'),('WSS584','p9'),('WSS585','p9'),('WSS588','p9'),('WSS618','p9'),('WSS621','p9'),('WSS622','p9'),('WSS63','p9'),('WSS634','p9'),('WSS644','p9'),('WSS645','p9'),('WSS65','p9'),('WSS660','p9'),('WSS663','p9'),('WSS670','p9'),('WSS672','p9'),('WSS676','p9'),('WSS680','p9'),('WSS688','p9'),('WSS698','p9'),('WSS715','p9'),('WSS730','p9'),('WSS733','p9'),('WSS737','p9'),('WSS74','p9'),('WSS741','p9'),('WSS757','p9'),('WSS779','p9'),('WSS789','p9'),('WSS807','p9'),('WSS813','p9'),('WSS814','p9'),('WSS819','p9'),('WSS830','p9'),('WSS835','p9'),('WSS837','p9'),('WSS845','p9'),('WSS853','p9'),('WSS855','p9'),('WSS87','p9'),('WSS873','p9'),('WSS875','p9'),('WSS885','p9'),('WSS895','p9'),('WSS909','p9'),('WSS920','p9'),('WSS94','p9'),('WSS941','p9'),('WSS945','p9'),('WSS969','p9'),('WSS975','p9');
/*!40000 ALTER TABLE `outputparameter` ENABLE KEYS */;
UNLOCK TABLES;

--
-- Table structure for table `parameterhierarchy`
--

DROP TABLE IF EXISTS `parameterhierarchy`;
/*!40101 SET @saved_cs_client     = @@character_set_client */;
/*!50503 SET character_set_client = utf8mb4 */;
CREATE TABLE `parameterhierarchy` (
  `parentParameterID` varchar(10) NOT NULL,
  `childParameterID` varchar(10) NOT NULL,
  PRIMARY KEY (`parentParameterID`,`childParameterID`)
) ENGINE=InnoDB DEFAULT CHARSET=latin1;
/*!40101 SET character_set_client = @saved_cs_client */;

--
-- Dumping data for table `parameterhierarchy`
--

LOCK TABLES `parameterhierarchy` WRITE;
/*!40000 ALTER TABLE `parameterhierarchy` DISABLE KEYS */;
/*!40000 ALTER TABLE `parameterhierarchy` ENABLE KEYS */;
UNLOCK TABLES;

--
-- Table structure for table `parameterlist`
--

DROP TABLE IF EXISTS `parameterlist`;
/*!40101 SET @saved_cs_client     = @@character_set_client */;
/*!50503 SET character_set_client = utf8mb4 */;
CREATE TABLE `parameterlist` (
  `parameterID` varchar(10) NOT NULL,
  `parameterName` varchar(100) DEFAULT NULL,
  PRIMARY KEY (`parameterID`)
) ENGINE=InnoDB DEFAULT CHARSET=latin1;
/*!40101 SET character_set_client = @saved_cs_client */;

--
-- Dumping data for table `parameterlist`
--

LOCK TABLES `parameterlist` WRITE;
/*!40000 ALTER TABLE `parameterlist` DISABLE KEYS */;
INSERT INTO `parameterlist` VALUES ('p1','p1name'),('p10','p10name'),('p11','p11name'),('p12','p12name'),('p13','p13name'),('p14','p14name'),('p15','p15name'),('p16','p16name'),('p17','p17name'),('p18','p18name'),('p19','p19name'),('p2','p2name'),('p20','p20name'),('p21','p21name'),('p22','p22name'),('p23','p23name'),('p24','p24name'),('p25','p25name'),('p26','p26name'),('p27','p27name'),('p28','p28name'),('p29','p29name'),('p3','p3name'),('p30','p30name'),('p31','p31name'),('p32','p32name'),('p33','p33name'),('p34','p34name'),('p35','p35name'),('p36','p36name'),('p37','p37name'),('p38','p38name'),('p39','p39name'),('p4','p4name'),('p40','p40name'),('p41','p41name'),('p42','p42name'),('p43','p43name'),('p44','p44name'),('p45','p45name'),('p46','p46name'),('p47','p47name'),('p48','p48name'),('p49','p49name'),('p5','p5name'),('p50','p50name'),('p51','p51name'),('p52','p52name'),('p53','p53name'),('p54','p54name'),('p55','p55name'),('p56','p56name'),('p57','p57name'),('p58','p58name'),('p59','p59name'),('p6','p6name'),('p60','p60name'),('p61','p61name'),('p62','p62name'),('p63','p63name'),('p64','p64name'),('p65','p65name'),('p7','p7name'),('p8','p8name'),('p9','p9name');
/*!40000 ALTER TABLE `parameterlist` ENABLE KEYS */;
UNLOCK TABLES;

--
-- Table structure for table `result`
--

DROP TABLE IF EXISTS `result`;
/*!40101 SET @saved_cs_client     = @@character_set_client */;
/*!50503 SET character_set_client = utf8mb4 */;
CREATE TABLE `result` (
  `transactionID` bigint NOT NULL,
  `stage` int NOT NULL,
  `webServiceID` varchar(10) NOT NULL,
  PRIMARY KEY (`transactionID`,`stage`,`webServiceID`)
) ENGINE=InnoDB DEFAULT CHARSET=latin1;
/*!40101 SET character_set_client = @saved_cs_client */;

--
-- Dumping data for table `result`
--

LOCK TABLES `result` WRITE;
/*!40000 ALTER TABLE `result` DISABLE KEYS */;
INSERT INTO `result` VALUES (1,1,'WSS395'),(1,2,'WSS481'),(1,2,'WSS961'),(1,3,'WSS775'),(2,1,'WSS560'),(2,2,'WSS290'),(2,2,'WSS669'),(2,3,'WSS166'),(2,3,'WSS766'),(3,1,'WSS45'),(3,2,'WSS226'),(3,2,'WSS269'),(3,3,'WSS414'),(4,1,'WSS264'),(4,2,'WSS986'),(4,3,'WSS32'),(4,3,'WSS729'),(5,1,'WSS473'),(5,2,'WSS512'),(5,2,'WSS923'),(5,3,'WSS559'),(6,1,'WSS200'),(6,1,'WSS334'),(6,2,'WSS156'),(6,2,'WSS554'),(7,1,'WSS115'),(7,2,'WSS79'),(7,3,'WSS494'),(7,4,'WSS645'),(8,1,'WSS638'),(8,2,'WSS223'),(8,3,'WSS501'),(8,4,'WSS628'),(9,1,'WSS196'),(9,2,'WSS263'),(9,3,'WSS681'),(9,4,'WSS43'),(10,1,'WSS403'),(10,1,'WSS605'),(10,1,'WSS843'),(10,1,'WSS922'),(11,1,'WSS346'),(11,1,'WSS551'),(11,1,'WSS768'),(11,2,'WSS399'),(12,1,'WSS148'),(12,1,'WSS648'),(12,2,'WSS347'),(12,3,'WSS753'),(13,1,'WSS3'),(13,1,'WSS309'),(13,2,'WSS533'),(13,2,'WSS615'),(14,1,'WSS543'),(14,1,'WSS862'),(14,2,'WSS712'),(14,3,'WSS734'),(15,1,'WSS727'),(15,2,'WSS514'),(15,3,'WSS495'),(15,4,'WSS148'),(16,1,'WSS247'),(16,1,'WSS720'),(16,1,'WSS795'),(16,2,'WSS152'),(17,1,'WSS741'),(17,2,'WSS262'),(17,2,'WSS840'),(17,3,'WSS618'),(18,1,'WSS197'),(18,2,'WSS744'),(18,3,'WSS208'),(18,4,'WSS75'),(19,1,'WSS625'),(19,2,'WSS168'),(19,3,'WSS176'),(19,3,'WSS836'),(20,1,'WSS70'),(20,2,'WSS830'),(20,2,'WSS959'),(20,3,'WSS314'),(21,1,'WSS80'),(21,2,'WSS155'),(21,3,'WSS466'),(21,4,'WSS704'),(22,1,'WSS723'),(22,2,'WSS545'),(22,2,'WSS695'),(22,3,'WSS370'),(23,1,'WSS355'),(23,1,'WSS721'),(23,2,'WSS819'),(23,3,'WSS235'),(24,1,'WSS274'),(24,1,'WSS600'),(24,1,'WSS758'),(24,2,'WSS752'),(25,1,'WSS230'),(25,1,'WSS418'),(25,2,'WSS128'),(25,2,'WSS510'),(25,2,'WSS750'),(26,1,'WSS510'),(26,2,'WSS626'),(26,3,'WSS13'),(26,3,'WSS819'),(27,1,'WSS176'),(27,2,'WSS144'),(27,3,'WSS786'),(27,4,'WSS397'),(28,1,'WSS213'),(28,1,'WSS266'),(28,1,'WSS351'),(28,2,'WSS4'),(29,1,'WSS119'),(29,1,'WSS280'),(29,1,'WSS443'),(29,1,'WSS59'),(30,1,'WSS471'),(30,1,'WSS772'),(30,2,'WSS688'),(30,3,'WSS44'),(1031,1,'ICP006'),(1031,1,'ICP110'),(1031,1,'ICP311'),(1031,2,'ICP500'),(1035,1,'ICP386'),(1035,2,'ICP466'),(1133,1,'ICP103'),(1133,2,'ICP341'),(1133,3,'ICP395'),(1136,1,'ICP110'),(1136,2,'ICP710'),(1141,1,'ICP311'),(1141,2,'ICP422'),(1288,1,'ICP001'),(1288,2,'ICP110'),(1291,1,'ICP110'),(1291,2,'ICP720'),(1293,1,'ICP110'),(1293,1,'ICP311'),(1293,2,'ICP500'),(1296,1,'ICP006'),(1296,1,'ICP103'),(1296,1,'ICP110'),(1296,1,'ICP311'),(1296,1,'ICP313'),(1296,2,'ICP341'),(1296,2,'ICP500'),(1296,3,'ICP395'),(1325,1,'ICP110'),(1325,2,'ICP680'),(1355,1,'ICP110'),(1355,2,'ICP469'),(1406,1,'ICP110'),(1435,1,'ICP006'),(1435,1,'ICP110'),(1435,1,'ICP311'),(1435,2,'ICP500'),(1509,1,'ICP001'),(1509,1,'ICP006'),(1509,2,'ICP002'),(1509,2,'ICP110'),(1509,3,'ICP311'),(1509,4,'ICP500'),(1572,1,'ICP103'),(1572,1,'ICP110'),(1572,1,'ICP386'),(1572,2,'ICP341'),(1572,2,'ICP395'),(1572,2,'ICP466'),(1572,2,'ICP620'),(1572,2,'ICP720'),(1572,3,'ICP445'),(1583,1,'ICP386'),(1583,2,'ICP466'),(1607,1,'ICP301'),(1607,1,'ICP341'),(1607,1,'ICP386'),(1607,2,'ICP481'),(1620,1,'ICP006'),(1620,1,'ICP110'),(1620,1,'ICP311'),(1620,2,'ICP500'),(1646,1,'ICP006'),(1646,1,'ICP110'),(1646,1,'ICP311'),(1646,2,'ICP469'),(1646,2,'ICP500'),(1733,1,'ICP311'),(1733,2,'ICP422'),(1797,1,'ICP386'),(1797,2,'ICP466'),(1851,1,'ICP003'),(1851,1,'ICP311'),(1851,2,'ICP313'),(1851,3,'ICP486'),(1981,1,'ICP110'),(1981,1,'ICP311'),(1981,2,'ICP500'),(2015,1,'ICP006'),(2015,1,'ICP110'),(2015,1,'ICP311'),(2015,2,'ICP500'),(2026,1,'ICP386'),(2026,2,'ICP466'),(2114,1,'ICP341'),(2114,2,'ICP395'),(2114,3,'ICP445'),(2280,1,'ICP103'),(2280,1,'ICP386'),(2280,2,'ICP341'),(2280,2,'ICP395'),(2280,2,'ICP466'),(2280,3,'ICP495'),(2317,1,'ICP313'),(2317,1,'ICP341'),(2317,1,'ICP680'),(2317,2,'ICP395'),(2317,3,'ICP445'),(2474,1,'ICP003'),(2474,1,'ICP311'),(2474,2,'ICP313'),(2474,3,'ICP486'),(2565,1,'ICP313'),(2565,1,'ICP341'),(2565,2,'ICP395'),(2565,3,'ICP445'),(2598,1,'ICP006'),(2598,1,'ICP110'),(2598,1,'ICP311'),(2598,1,'ICP313'),(2598,1,'ICP331'),(2598,2,'ICP500'),(2610,1,'ICP003'),(2610,1,'ICP311'),(2610,2,'ICP313'),(2610,3,'ICP486'),(2659,1,'ICP006'),(2659,1,'ICP110'),(2659,1,'ICP311'),(2659,2,'ICP469'),(2659,2,'ICP500'),(2675,1,'ICP386'),(2675,2,'ICP466'),(2711,1,'ICP103'),(2711,1,'ICP386'),(2711,2,'ICP341'),(2711,3,'ICP481'),(2779,1,'ICP003'),(2779,1,'ICP311'),(2779,2,'ICP313'),(2779,3,'ICP486'),(2985,1,'ICP103'),(3021,1,'ICP006'),(3021,1,'ICP110'),(3021,1,'ICP302'),(3021,2,'ICP500'),(3075,1,'ICP006'),(3075,1,'ICP110'),(3075,1,'ICP311'),(3075,2,'ICP500'),(3226,1,'ICP110'),(3226,2,'ICP818'),(3286,1,'ICP006'),(3286,1,'ICP110'),(3286,1,'ICP311'),(3286,2,'ICP500'),(3357,1,'ICP006'),(3357,1,'ICP110'),(3357,1,'ICP311'),(3357,2,'ICP500'),(3667,1,'ICP103'),(3667,1,'ICP301'),(3667,1,'ICP386'),(3667,2,'ICP341'),(3667,3,'ICP481'),(3668,1,'ICP103'),(3668,1,'ICP301'),(3668,1,'ICP386'),(3668,2,'ICP341'),(3668,3,'ICP481'),(3705,1,'ICP103'),(3705,1,'ICP301'),(3705,1,'ICP386'),(3705,2,'ICP341'),(3705,3,'ICP481'),(3718,1,'ICP001'),(3718,2,'ICP002'),(3718,2,'ICP110'),(3718,3,'ICP311'),(3718,4,'ICP819'),(3877,1,'ICP386'),(3948,1,'ICP006'),(3948,1,'ICP110'),(3948,1,'ICP311'),(3948,2,'ICP500'),(3969,1,'ICP301'),(3969,1,'ICP341'),(3969,1,'ICP386'),(3969,2,'ICP481'),(3971,1,'ICP386'),(3971,2,'ICP466'),(4112,1,'ICP006'),(4112,1,'ICP110'),(4112,1,'ICP311'),(4112,2,'ICP469'),(4112,2,'ICP500'),(4178,1,'ICP002'),(4178,1,'ICP110'),(4178,2,'ICP311'),(4178,3,'ICP819'),(4281,1,'ICP110'),(4281,2,'ICP469'),(4296,1,'ICP006'),(4296,1,'ICP110'),(4296,1,'ICP311'),(4296,2,'ICP469'),(4296,2,'ICP500'),(4375,1,'ICP003'),(4375,1,'ICP311'),(4375,2,'ICP313'),(4375,3,'ICP486'),(4589,1,'ICP006'),(4589,1,'ICP110'),(4589,1,'ICP311'),(4589,2,'ICP469'),(4589,2,'ICP500'),(4607,1,'ICP006'),(4607,1,'ICP110'),(4607,1,'ICP302'),(4607,2,'ICP500'),(4747,1,'ICP311'),(4747,1,'ICP313'),(4747,2,'ICP486'),(4775,1,'ICP110'),(4775,2,'ICP500'),(4934,1,'ICP103'),(4934,2,'ICP341'),(4978,1,'ICP103'),(4980,1,'ICP006'),(4980,1,'ICP110'),(4980,1,'ICP311'),(4980,2,'ICP469'),(4980,2,'ICP500'),(4980,2,'ICP720'),(4980,3,'ICP740'),(5049,1,'ICP006'),(5049,1,'ICP110'),(5049,1,'ICP311'),(5049,2,'ICP500'),(5417,1,'ICP301'),(5417,1,'ICP341'),(5417,1,'ICP386'),(5417,2,'ICP481'),(5448,1,'ICP386'),(5448,2,'ICP466'),(5450,1,'ICP103'),(5450,1,'ICP110'),(5450,1,'ICP386'),(5450,1,'ICP817'),(5450,2,'ICP341'),(5450,2,'ICP395'),(5450,2,'ICP466'),(5450,2,'ICP620'),(5450,2,'ICP720'),(5450,3,'ICP445'),(5450,3,'ICP815'),(5461,1,'ICP002'),(5461,1,'ICP006'),(5461,1,'ICP110'),(5461,1,'ICP302'),(5461,2,'ICP500'),(5461,2,'ICP720'),(5461,3,'ICP740'),(5472,1,'ICP110'),(5472,2,'ICP818'),(5497,1,'ICP103'),(5497,2,'ICP341'),(5569,1,'ICP386'),(5569,2,'ICP466'),(5571,1,'ICP103'),(5571,2,'ICP810'),(5757,1,'ICP386'),(5757,2,'ICP466'),(5779,1,'ICP006'),(5779,1,'ICP110'),(5779,1,'ICP302'),(5779,2,'ICP500'),(5814,1,'ICP006'),(5814,1,'ICP110'),(5814,1,'ICP311'),(5814,2,'ICP500'),(5897,1,'ICP110'),(5897,2,'ICP710'),(5966,1,'ICP103'),(5966,1,'ICP301'),(5966,1,'ICP386'),(5966,2,'ICP341'),(5966,3,'ICP481'),(6032,1,'ICP386'),(6032,2,'ICP466'),(6279,1,'ICP006'),(6279,1,'ICP110'),(6279,1,'ICP311'),(6279,2,'ICP469'),(6279,2,'ICP500'),(6294,1,'ICP006'),(6294,1,'ICP110'),(6294,1,'ICP311'),(6294,2,'ICP500'),(6325,1,'ICP002'),(6325,2,'ICP003'),(6363,1,'ICP006'),(6363,1,'ICP110'),(6363,1,'ICP311'),(6363,2,'ICP469'),(6363,2,'ICP500'),(6437,1,'ICP103'),(6437,1,'ICP301'),(6437,1,'ICP386'),(6437,2,'ICP341'),(6437,3,'ICP481'),(6533,1,'ICP006'),(6533,1,'ICP110'),(6533,1,'ICP311'),(6533,2,'ICP469'),(6533,2,'ICP500'),(6574,1,'ICP002'),(6574,1,'ICP110'),(6574,2,'ICP311'),(6574,3,'ICP819'),(6604,1,'ICP103'),(6604,1,'ICP386'),(6604,2,'ICP341'),(6604,3,'ICP481'),(6679,1,'ICP003'),(6679,1,'ICP311'),(6679,2,'ICP313'),(6679,3,'ICP486'),(6692,1,'ICP103'),(6692,1,'ICP386'),(6692,1,'ICP465'),(6692,2,'ICP341'),(6692,3,'ICP481'),(6874,1,'ICP467'),(6898,1,'ICP103'),(6898,1,'ICP386'),(6898,2,'ICP341'),(6898,3,'ICP481'),(6922,1,'ICP313'),(6922,1,'ICP341'),(6922,2,'ICP395'),(6974,1,'ICP110'),(6974,2,'ICP469'),(7056,1,'ICP006'),(7056,1,'ICP110'),(7056,1,'ICP311'),(7056,1,'ICP341'),(7056,2,'ICP395'),(7056,2,'ICP500'),(7056,2,'ICP720'),(7056,3,'ICP445'),(7056,3,'ICP740'),(7107,1,'ICP311'),(7107,1,'ICP313'),(7107,2,'ICP486'),(7159,1,'ICP311'),(7159,2,'ICP422'),(7196,1,'ICP103'),(7196,2,'ICP341'),(7196,2,'ICP395'),(7196,3,'ICP495'),(7227,1,'ICP103'),(7227,1,'ICP110'),(7227,1,'ICP301'),(7227,1,'ICP311'),(7227,1,'ICP386'),(7227,2,'ICP341'),(7227,2,'ICP500'),(7227,3,'ICP481'),(7297,1,'ICP386'),(7297,2,'ICP466'),(7326,1,'ICP006'),(7326,1,'ICP110'),(7326,1,'ICP311'),(7326,2,'ICP500'),(7398,1,'ICP002'),(7398,1,'ICP006'),(7398,1,'ICP103'),(7398,1,'ICP110'),(7398,2,'ICP311'),(7398,2,'ICP720'),(7398,2,'ICP810'),(7398,3,'ICP500'),(7398,3,'ICP819'),(7398,4,'ICP740'),(7420,1,'ICP006'),(7420,1,'ICP311'),(7420,2,'ICP500'),(7484,1,'ICP006'),(7484,1,'ICP110'),(7484,1,'ICP311'),(7484,2,'ICP469'),(7484,2,'ICP500'),(7515,1,'ICP006'),(7515,1,'ICP110'),(7515,1,'ICP311'),(7515,2,'ICP469'),(7515,2,'ICP500'),(7593,1,'ICP301'),(7593,1,'ICP341'),(7593,1,'ICP386'),(7593,2,'ICP481'),(7645,1,'ICP001'),(7645,1,'ICP006'),(7645,2,'ICP002'),(7645,2,'ICP110'),(7645,3,'ICP311'),(7645,4,'ICP500'),(7720,1,'ICP006'),(7720,1,'ICP311'),(7720,1,'ICP720'),(7720,2,'ICP500'),(7720,3,'ICP740'),(7769,1,'ICP103'),(7769,2,'ICP341'),(7797,1,'ICP006'),(7797,1,'ICP110'),(7797,1,'ICP302'),(7797,2,'ICP500'),(7797,2,'ICP720'),(7817,1,'ICP006'),(7817,1,'ICP311'),(7817,2,'ICP500'),(7821,1,'ICP006'),(7821,1,'ICP110'),(7821,1,'ICP311'),(7821,2,'ICP500'),(7831,1,'ICP006'),(7831,1,'ICP311'),(7831,2,'ICP500'),(7832,1,'ICP006'),(7832,1,'ICP110'),(7832,1,'ICP311'),(7832,2,'ICP500'),(8030,1,'ICP386'),(8030,2,'ICP466'),(8062,1,'ICP006'),(8062,1,'ICP110'),(8062,1,'ICP311'),(8062,2,'ICP500'),(8155,1,'ICP006'),(8155,1,'ICP110'),(8155,1,'ICP311'),(8155,2,'ICP469'),(8155,2,'ICP500'),(8306,1,'ICP006'),(8306,1,'ICP110'),(8306,1,'ICP311'),(8306,2,'ICP500'),(8509,1,'ICP467'),(8527,1,'ICP110'),(8527,2,'ICP500'),(8628,1,'ICP103'),(8628,1,'ICP301'),(8628,1,'ICP386'),(8628,2,'ICP341'),(8628,3,'ICP481'),(8647,1,'ICP103'),(8647,2,'ICP341'),(8688,1,'ICP103'),(8688,1,'ICP301'),(8688,1,'ICP386'),(8688,2,'ICP341'),(8688,3,'ICP481'),(8877,1,'ICP386'),(8877,2,'ICP466'),(8889,1,'ICP110'),(8889,2,'ICP620'),(8941,1,'ICP103'),(8941,2,'ICP341'),(8941,2,'ICP395'),(8941,3,'ICP495'),(8952,1,'ICP103'),(8952,1,'ICP386'),(8952,2,'ICP341'),(8952,3,'ICP481'),(8959,1,'ICP103'),(8959,2,'ICP341'),(9050,1,'ICP006'),(9050,1,'ICP110'),(9050,1,'ICP311'),(9050,2,'ICP500'),(9076,1,'ICP004'),(9076,2,'ICP005'),(9076,3,'ICP331'),(9117,1,'ICP110'),(9117,2,'ICP469'),(9185,1,'ICP341'),(9185,2,'ICP395'),(9185,3,'ICP445'),(9249,1,'ICP006'),(9249,1,'ICP110'),(9249,1,'ICP311'),(9249,2,'ICP500'),(9249,2,'ICP720'),(9306,1,'ICP006'),(9306,1,'ICP110'),(9306,1,'ICP302'),(9306,2,'ICP500'),(9325,1,'ICP386'),(9422,1,'ICP110'),(9422,2,'ICP469'),(9451,1,'ICP006'),(9451,1,'ICP110'),(9451,1,'ICP311'),(9451,1,'ICP341'),(9451,2,'ICP395'),(9451,2,'ICP500'),(9451,2,'ICP720'),(9451,3,'ICP445'),(9451,3,'ICP740'),(9524,1,'ICP001'),(9524,1,'ICP006'),(9524,2,'ICP002'),(9524,2,'ICP110'),(9524,3,'ICP311'),(9524,4,'ICP500'),(9784,1,'ICP110'),(9784,2,'ICP469'),(9797,1,'ICP103'),(9797,2,'ICP341'),(9812,1,'ICP311'),(9812,1,'ICP313'),(9812,2,'ICP486'),(9814,1,'ICP006'),(9814,1,'ICP110'),(9814,1,'ICP311'),(9814,2,'ICP500'),(9868,1,'ICP006'),(9868,1,'ICP110'),(9868,1,'ICP311'),(9868,2,'ICP500'),(9968,1,'ICP103'),(9968,1,'ICP301'),(9968,1,'ICP386'),(9968,2,'ICP341'),(9968,3,'ICP481'),(9978,1,'ICP311'),(9978,1,'ICP313'),(9978,2,'ICP486'),(111174351,1,'ICP001'),(111174351,2,'ICP002'),(111174351,3,'ICP003'),(111174351,3,'ICP311'),(111174351,4,'ICP313'),(111174351,5,'ICP486'),(112793854,1,'ICP006'),(112793854,1,'ICP110'),(112793854,1,'ICP311'),(112793854,2,'ICP500'),(125202274,1,'ICP001'),(125202274,1,'ICP103'),(125202274,2,'ICP301'),(125202274,2,'ICP341'),(125202274,2,'ICP386'),(125202274,3,'ICP481'),(137852438,1,'ICP006'),(137852438,1,'ICP110'),(137852438,1,'ICP311'),(137852438,2,'ICP500'),(141922012,1,'ICP002'),(141922012,2,'ICP003'),(141922012,2,'ICP311'),(141922012,3,'ICP313'),(141922012,4,'ICP486'),(164821430,1,'ICP001'),(164821430,2,'ICP002'),(164821430,3,'ICP003'),(164821430,3,'ICP311'),(164821430,4,'ICP313'),(164821430,5,'ICP486'),(166203121,1,'ICP001'),(166203121,1,'ICP006'),(166203121,1,'ICP200'),(166203121,2,'ICP002'),(166203121,2,'ICP110'),(166203121,2,'ICP720'),(166203121,3,'ICP311'),(166203121,4,'ICP500'),(166203121,4,'ICP819'),(166203121,5,'ICP740'),(178957047,1,'ICP110'),(178957047,2,'ICP469'),(192081592,1,'ICP006'),(192081592,1,'ICP200'),(192081592,1,'ICP311'),(192081592,2,'ICP500'),(192081592,2,'ICP720'),(192081592,3,'ICP740'),(196046272,1,'ICP002'),(196046272,1,'ICP006'),(196046272,1,'ICP110'),(196046272,2,'ICP311'),(196046272,2,'ICP469'),(196046272,3,'ICP500'),(222936116,1,'ICP006'),(222936116,1,'ICP200'),(222936116,1,'ICP311'),(222936116,2,'ICP500'),(222936116,2,'ICP720'),(222936116,2,'ICP819'),(222936116,3,'ICP740'),(258370250,1,'ICP006'),(258370250,1,'ICP200'),(258370250,1,'ICP311'),(258370250,2,'ICP500'),(258370250,2,'ICP720'),(258370250,2,'ICP818'),(258370250,2,'ICP819'),(258370250,3,'ICP740'),(285611992,1,'ICP006'),(285611992,1,'ICP110'),(285611992,1,'ICP200'),(285611992,1,'ICP311'),(285611992,2,'ICP500'),(285611992,2,'ICP720'),(285611992,3,'ICP740'),(287034437,1,'ICP006'),(287034437,1,'ICP200'),(287034437,1,'ICP311'),(287034437,2,'ICP500'),(287034437,2,'ICP720'),(287034437,2,'ICP819'),(287034437,3,'ICP740'),(291687847,1,'ICP006'),(291687847,1,'ICP200'),(291687847,1,'ICP311'),(291687847,2,'ICP500'),(291687847,2,'ICP720'),(291687847,2,'ICP819'),(291687847,3,'ICP740'),(292870227,1,'ICP001'),(292870227,1,'ICP006'),(292870227,1,'ICP720'),(292870227,2,'ICP002'),(292870227,2,'ICP110'),(292870227,3,'ICP311'),(292870227,4,'ICP500'),(292870227,5,'ICP740'),(316379525,1,'ICP110'),(316379525,1,'ICP311'),(316379525,2,'ICP361'),(316379525,3,'ICP461'),(324432052,1,'ICP001'),(324432052,2,'ICP002'),(324432052,3,'ICP003'),(324432052,3,'ICP311'),(324432052,4,'ICP313'),(324432052,5,'ICP486'),(348444351,1,'ICP311'),(348444351,1,'ICP313'),(348444351,2,'ICP486'),(356640298,1,'ICP469'),(356640298,1,'ICP818'),(356640298,2,'ICP660'),(362849335,1,'ICP006'),(362849335,1,'ICP200'),(362849335,1,'ICP311'),(362849335,2,'ICP500'),(362849335,2,'ICP720'),(362849335,2,'ICP818'),(362849335,3,'ICP740'),(370058038,1,'ICP006'),(370058038,1,'ICP110'),(370058038,1,'ICP311'),(370058038,2,'ICP469'),(370058038,2,'ICP500'),(410309476,1,'ICP001'),(410309476,1,'ICP006'),(410309476,1,'ICP200'),(410309476,2,'ICP002'),(410309476,2,'ICP720'),(410309476,3,'ICP311'),(410309476,4,'ICP500'),(410309476,4,'ICP819'),(410309476,5,'ICP740'),(411681300,1,'ICP006'),(411681300,1,'ICP200'),(411681300,1,'ICP311'),(411681300,2,'ICP500'),(411681300,2,'ICP720'),(411681300,2,'ICP819'),(411681300,3,'ICP740'),(413889315,1,'ICP002'),(413889315,2,'ICP003'),(413889315,2,'ICP311'),(413889315,3,'ICP313'),(413889315,4,'ICP486'),(435075950,1,'ICP002'),(435075950,1,'ICP006'),(435075950,1,'ICP110'),(435075950,1,'ICP720'),(435075950,2,'ICP311'),(435075950,3,'ICP500'),(435075950,4,'ICP740'),(442506203,1,'ICP006'),(442506203,1,'ICP110'),(442506203,1,'ICP311'),(442506203,2,'ICP469'),(442506203,2,'ICP500'),(448741355,1,'ICP001'),(448741355,2,'ICP002'),(448741355,3,'ICP003'),(448741355,3,'ICP311'),(448741355,4,'ICP313'),(448741355,5,'ICP486'),(452470039,1,'ICP006'),(452470039,1,'ICP110'),(452470039,1,'ICP311'),(452470039,2,'ICP500'),(495404878,1,'ICP006'),(495404878,1,'ICP110'),(495404878,1,'ICP200'),(495404878,1,'ICP302'),(495404878,2,'ICP500'),(495404878,2,'ICP720'),(495404878,3,'ICP740'),(496776246,1,'ICP103'),(496776246,2,'ICP341'),(496776246,3,'ICP403'),(497270695,1,'ICP001'),(497270695,1,'ICP103'),(497270695,2,'ICP301'),(497270695,2,'ICP341'),(497270695,2,'ICP386'),(497270695,3,'ICP481'),(506023024,1,'ICP680'),(516484914,1,'ICP006'),(516484914,1,'ICP200'),(516484914,1,'ICP311'),(516484914,2,'ICP500'),(516484914,2,'ICP720'),(516484914,3,'ICP740'),(524497078,1,'ICP006'),(524497078,1,'ICP200'),(524497078,1,'ICP311'),(524497078,2,'ICP500'),(524497078,2,'ICP720'),(524497078,2,'ICP819'),(524497078,3,'ICP740'),(532135187,1,'ICP200'),(532135187,2,'ICP720'),(532135187,3,'ICP811'),(532135187,4,'ICP813'),(561361210,1,'ICP006'),(561361210,1,'ICP200'),(561361210,1,'ICP311'),(561361210,2,'ICP500'),(561361210,2,'ICP720'),(561361210,2,'ICP819'),(561361210,3,'ICP740'),(578460210,1,'ICP110'),(578460210,2,'ICP469'),(601145152,1,'ICP006'),(601145152,1,'ICP200'),(601145152,1,'ICP311'),(601145152,2,'ICP500'),(601145152,2,'ICP720'),(601145152,2,'ICP819'),(601145152,3,'ICP740'),(630767823,1,'ICP006'),(630767823,1,'ICP200'),(630767823,1,'ICP311'),(630767823,2,'ICP500'),(630767823,2,'ICP720'),(630767823,2,'ICP819'),(630767823,3,'ICP740'),(658685554,1,'ICP006'),(658685554,1,'ICP200'),(658685554,1,'ICP311'),(658685554,2,'ICP500'),(658685554,2,'ICP720'),(658685554,3,'ICP740'),(659691843,1,'ICP006'),(659691843,1,'ICP200'),(659691843,1,'ICP311'),(659691843,2,'ICP500'),(659691843,2,'ICP720'),(659691843,3,'ICP740'),(664758087,1,'ICP006'),(664758087,1,'ICP200'),(664758087,1,'ICP311'),(664758087,2,'ICP500'),(664758087,2,'ICP720'),(664758087,2,'ICP819'),(664758087,3,'ICP740'),(669457938,1,'ICP006'),(669457938,1,'ICP200'),(669457938,1,'ICP311'),(669457938,2,'ICP500'),(669457938,2,'ICP720'),(669457938,3,'ICP740'),(683869712,1,'ICP006'),(683869712,1,'ICP200'),(683869712,1,'ICP311'),(683869712,2,'ICP500'),(683869712,2,'ICP720'),(683869712,2,'ICP819'),(683869712,3,'ICP740'),(716407017,1,'ICP006'),(716407017,1,'ICP110'),(716407017,1,'ICP311'),(716407017,1,'ICP720'),(716407017,2,'ICP500'),(716407017,2,'ICP811'),(716407017,3,'ICP813'),(726508464,1,'ICP006'),(726508464,1,'ICP110'),(726508464,1,'ICP311'),(726508464,2,'ICP469'),(726508464,2,'ICP500'),(739074091,1,'ICP006'),(739074091,1,'ICP200'),(739074091,1,'ICP311'),(739074091,2,'ICP500'),(739074091,2,'ICP720'),(739074091,3,'ICP740'),(739546796,1,'ICP006'),(739546796,1,'ICP200'),(739546796,1,'ICP311'),(739546796,2,'ICP500'),(739546796,2,'ICP720'),(739546796,3,'ICP740'),(742695516,1,'ICP001'),(742695516,2,'ICP110'),(742695516,2,'ICP302'),(742695516,3,'ICP500'),(749479466,1,'ICP103'),(749479466,1,'ICP301'),(749479466,1,'ICP386'),(749479466,2,'ICP341'),(749479466,3,'ICP481'),(759784803,1,'ICP001'),(759784803,1,'ICP006'),(759784803,2,'ICP110'),(759784803,2,'ICP302'),(759784803,3,'ICP500'),(784019298,1,'ICP001'),(784019298,1,'ICP103'),(784019298,2,'ICP301'),(784019298,2,'ICP341'),(784019298,2,'ICP386'),(784019298,3,'ICP481'),(809869431,1,'ICP006'),(809869431,1,'ICP110'),(809869431,1,'ICP311'),(809869431,2,'ICP500'),(833064024,1,'ICP001'),(833064024,1,'ICP006'),(833064024,1,'ICP720'),(833064024,2,'ICP002'),(833064024,2,'ICP110'),(833064024,3,'ICP311'),(833064024,4,'ICP500'),(833064024,5,'ICP740'),(882961008,1,'ICP006'),(882961008,1,'ICP110'),(882961008,1,'ICP311'),(882961008,2,'ICP500'),(916025637,1,'ICP001'),(916025637,2,'ICP110'),(916025637,3,'ICP469'),(960676621,1,'ICP006'),(960676621,1,'ICP200'),(960676621,1,'ICP311'),(960676621,2,'ICP500'),(960676621,2,'ICP720'),(960676621,3,'ICP740'),(971245096,1,'ICP006'),(971245096,1,'ICP110'),(971245096,1,'ICP311'),(971245096,2,'ICP469'),(971245096,2,'ICP500');
/*!40000 ALTER TABLE `result` ENABLE KEYS */;
UNLOCK TABLES;

--
-- Table structure for table `rhs`
--

DROP TABLE IF EXISTS `rhs`;
/*!40101 SET @saved_cs_client     = @@character_set_client */;
/*!50503 SET character_set_client = utf8mb4 */;
CREATE TABLE `rhs` (
  `ruleid` int NOT NULL,
  `courseid` varchar(10) NOT NULL,
  PRIMARY KEY (`ruleid`,`courseid`)
) ENGINE=InnoDB DEFAULT CHARSET=latin1;
/*!40101 SET character_set_client = @saved_cs_client */;

--
-- Dumping data for table `rhs`
--

LOCK TABLES `rhs` WRITE;
/*!40000 ALTER TABLE `rhs` DISABLE KEYS */;
INSERT INTO `rhs` VALUES (1,'ICP110'),(2,'ICP311'),(3,'ICP500'),(4,'ICP311'),(5,'ICP500'),(6,'ICP500'),(7,'ICP311'),(8,'ICP500'),(9,'ICP500'),(10,'ICP500'),(11,'ICP500');
/*!40000 ALTER TABLE `rhs` ENABLE KEYS */;
UNLOCK TABLES;

--
-- Table structure for table `ruleinfo`
--

DROP TABLE IF EXISTS `ruleinfo`;
/*!40101 SET @saved_cs_client     = @@character_set_client */;
/*!50503 SET character_set_client = utf8mb4 */;
CREATE TABLE `ruleinfo` (
  `ruleid` int NOT NULL,
  `support` float DEFAULT NULL,
  `confidence` float DEFAULT NULL,
  `lift` float DEFAULT NULL,
  `count` int DEFAULT NULL,
  PRIMARY KEY (`ruleid`)
) ENGINE=InnoDB DEFAULT CHARSET=latin1;
/*!40101 SET character_set_client = @saved_cs_client */;

--
-- Dumping data for table `ruleinfo`
--

LOCK TABLES `ruleinfo` WRITE;
/*!40000 ALTER TABLE `ruleinfo` DISABLE KEYS */;
INSERT INTO `ruleinfo` VALUES (1,0.2,0.719101,1.53765,3),(2,0.2,0.910112,1.69382,3),(3,0.2,1,2.11579,3),(4,0.2,0.670213,1.24734,3),(5,0.2,0.744681,1.57559,3),(6,0.2,0.777778,1.64561,3),(7,0.2,0.875,1.62847,3),(8,0.2,1,2.11579,3),(9,0.2,1,2.11579,3),(10,0.2,0.936508,1.98145,3),(11,0.2,1,2.11579,3);
/*!40000 ALTER TABLE `ruleinfo` ENABLE KEYS */;
UNLOCK TABLES;

--
-- Table structure for table `webservicelist`
--

DROP TABLE IF EXISTS `webservicelist`;
/*!40101 SET @saved_cs_client     = @@character_set_client */;
/*!50503 SET character_set_client = utf8mb4 */;
CREATE TABLE `webservicelist` (
  `webServiceID` varchar(10) NOT NULL,
  `webServiceName` varchar(100) DEFAULT NULL,
  `reputation` float DEFAULT NULL,
  `price` float DEFAULT NULL,
  `duration` int DEFAULT NULL,
  `provider` varchar(50) DEFAULT NULL,
  `url` varchar(100) DEFAULT NULL,
  PRIMARY KEY (`webServiceID`)
) ENGINE=InnoDB DEFAULT CHARSET=latin1;
/*!40101 SET character_set_client = @saved_cs_client */;

--
-- Dumping data for table `webservicelist`
--

LOCK TABLES `webservicelist` WRITE;
/*!40000 ALTER TABLE `webservicelist` DISABLE KEYS */;
INSERT INTO `webservicelist` VALUES ('WSS1','WSS1Name',3,1,3,'serviceprovider','https://serviceprovider.com'),('WSS10','WSS10Name',3,1,3,'serviceprovider','https://serviceprovider.com'),('WSS100','WSS100Name',3,1,3,'serviceprovider','https://serviceprovider.com'),('WSS1000','WSS1000Name',3,1,3,'serviceprovider','https://serviceprovider.com'),('WSS101','WSS101Name',3,1,3,'serviceprovider','https://serviceprovider.com'),('WSS102','WSS102Name',3,1,3,'serviceprovider','https://serviceprovider.com'),('WSS103','WSS103Name',3,1,3,'serviceprovider','https://serviceprovider.com'),('WSS104','WSS104Name',3,1,3,'serviceprovider','https://serviceprovider.com'),('WSS105','WSS105Name',3,1,3,'serviceprovider','https://serviceprovider.com'),('WSS106','WSS106Name',3,1,3,'serviceprovider','https://serviceprovider.com'),('WSS107','WSS107Name',3,1,3,'serviceprovider','https://serviceprovider.com'),('WSS108','WSS108Name',3,1,3,'serviceprovider','https://serviceprovider.com'),('WSS109','WSS109Name',3,1,3,'serviceprovider','https://serviceprovider.com'),('WSS11','WSS11Name',3,1,3,'serviceprovider','https://serviceprovider.com'),('WSS110','WSS110Name',3,1,3,'serviceprovider','https://serviceprovider.com'),('WSS111','WSS111Name',3,1,3,'serviceprovider','https://serviceprovider.com'),('WSS112','WSS112Name',3,1,3,'serviceprovider','https://serviceprovider.com'),('WSS113','WSS113Name',3,1,3,'serviceprovider','https://serviceprovider.com'),('WSS114','WSS114Name',3,1,3,'serviceprovider','https://serviceprovider.com'),('WSS115','WSS115Name',3,1,3,'serviceprovider','https://serviceprovider.com'),('WSS116','WSS116Name',3,1,3,'serviceprovider','https://serviceprovider.com'),('WSS117','WSS117Name',3,1,3,'serviceprovider','https://serviceprovider.com'),('WSS118','WSS118Name',3,1,3,'serviceprovider','https://serviceprovider.com'),('WSS119','WSS119Name',3,1,3,'serviceprovider','https://serviceprovider.com'),('WSS12','WSS12Name',3,1,3,'serviceprovider','https://serviceprovider.com'),('WSS120','WSS120Name',3,1,3,'serviceprovider','https://serviceprovider.com'),('WSS121','WSS121Name',3,1,3,'serviceprovider','https://serviceprovider.com'),('WSS122','WSS122Name',3,1,3,'serviceprovider','https://serviceprovider.com'),('WSS123','WSS123Name',3,1,3,'serviceprovider','https://serviceprovider.com'),('WSS124','WSS124Name',3,1,3,'serviceprovider','https://serviceprovider.com'),('WSS125','WSS125Name',3,1,3,'serviceprovider','https://serviceprovider.com'),('WSS126','WSS126Name',3,1,3,'serviceprovider','https://serviceprovider.com'),('WSS127','WSS127Name',3,1,3,'serviceprovider','https://serviceprovider.com'),('WSS128','WSS128Name',3,1,3,'serviceprovider','https://serviceprovider.com'),('WSS129','WSS129Name',3,1,3,'serviceprovider','https://serviceprovider.com'),('WSS13','WSS13Name',3,1,3,'serviceprovider','https://serviceprovider.com'),('WSS130','WSS130Name',3,1,3,'serviceprovider','https://serviceprovider.com'),('WSS131','WSS131Name',3,1,3,'serviceprovider','https://serviceprovider.com'),('WSS132','WSS132Name',3,1,3,'serviceprovider','https://serviceprovider.com'),('WSS133','WSS133Name',3,1,3,'serviceprovider','https://serviceprovider.com'),('WSS134','WSS134Name',3,1,3,'serviceprovider','https://serviceprovider.com'),('WSS135','WSS135Name',3,1,3,'serviceprovider','https://serviceprovider.com'),('WSS136','WSS136Name',3,1,3,'serviceprovider','https://serviceprovider.com'),('WSS137','WSS137Name',3,1,3,'serviceprovider','https://serviceprovider.com'),('WSS138','WSS138Name',3,1,3,'serviceprovider','https://serviceprovider.com'),('WSS139','WSS139Name',3,1,3,'serviceprovider','https://serviceprovider.com'),('WSS14','WSS14Name',3,1,3,'serviceprovider','https://serviceprovider.com'),('WSS140','WSS140Name',3,1,3,'serviceprovider','https://serviceprovider.com'),('WSS141','WSS141Name',3,1,3,'serviceprovider','https://serviceprovider.com'),('WSS142','WSS142Name',3,1,3,'serviceprovider','https://serviceprovider.com'),('WSS143','WSS143Name',3,1,3,'serviceprovider','https://serviceprovider.com'),('WSS144','WSS144Name',3,1,3,'serviceprovider','https://serviceprovider.com'),('WSS145','WSS145Name',3,1,3,'serviceprovider','https://serviceprovider.com'),('WSS146','WSS146Name',3,1,3,'serviceprovider','https://serviceprovider.com'),('WSS147','WSS147Name',3,1,3,'serviceprovider','https://serviceprovider.com'),('WSS148','WSS148Name',3,1,3,'serviceprovider','https://serviceprovider.com'),('WSS149','WSS149Name',3,1,3,'serviceprovider','https://serviceprovider.com'),('WSS15','WSS15Name',3,1,3,'serviceprovider','https://serviceprovider.com'),('WSS150','WSS150Name',3,1,3,'serviceprovider','https://serviceprovider.com'),('WSS151','WSS151Name',3,1,3,'serviceprovider','https://serviceprovider.com'),('WSS152','WSS152Name',3,1,3,'serviceprovider','https://serviceprovider.com'),('WSS153','WSS153Name',3,1,3,'serviceprovider','https://serviceprovider.com'),('WSS154','WSS154Name',3,1,3,'serviceprovider','https://serviceprovider.com'),('WSS155','WSS155Name',3,1,3,'serviceprovider','https://serviceprovider.com'),('WSS156','WSS156Name',3,1,3,'serviceprovider','https://serviceprovider.com'),('WSS157','WSS157Name',3,1,3,'serviceprovider','https://serviceprovider.com'),('WSS158','WSS158Name',3,1,3,'serviceprovider','https://serviceprovider.com'),('WSS159','WSS159Name',3,1,3,'serviceprovider','https://serviceprovider.com'),('WSS16','WSS16Name',3,1,3,'serviceprovider','https://serviceprovider.com'),('WSS160','WSS160Name',3,1,3,'serviceprovider','https://serviceprovider.com'),('WSS161','WSS161Name',3,1,3,'serviceprovider','https://serviceprovider.com'),('WSS162','WSS162Name',3,1,3,'serviceprovider','https://serviceprovider.com'),('WSS163','WSS163Name',3,1,3,'serviceprovider','https://serviceprovider.com'),('WSS164','WSS164Name',3,1,3,'serviceprovider','https://serviceprovider.com'),('WSS165','WSS165Name',3,1,3,'serviceprovider','https://serviceprovider.com'),('WSS166','WSS166Name',3,1,3,'serviceprovider','https://serviceprovider.com'),('WSS167','WSS167Name',3,1,3,'serviceprovider','https://serviceprovider.com'),('WSS168','WSS168Name',3,1,3,'serviceprovider','https://serviceprovider.com'),('WSS169','WSS169Name',3,1,3,'serviceprovider','https://serviceprovider.com'),('WSS17','WSS17Name',3,1,3,'serviceprovider','https://serviceprovider.com'),('WSS170','WSS170Name',3,1,3,'serviceprovider','https://serviceprovider.com'),('WSS171','WSS171Name',3,1,3,'serviceprovider','https://serviceprovider.com'),('WSS172','WSS172Name',3,1,3,'serviceprovider','https://serviceprovider.com'),('WSS173','WSS173Name',3,1,3,'serviceprovider','https://serviceprovider.com'),('WSS174','WSS174Name',3,1,3,'serviceprovider','https://serviceprovider.com'),('WSS175','WSS175Name',3,1,3,'serviceprovider','https://serviceprovider.com'),('WSS176','WSS176Name',3,1,3,'serviceprovider','https://serviceprovider.com'),('WSS177','WSS177Name',3,1,3,'serviceprovider','https://serviceprovider.com'),('WSS178','WSS178Name',3,1,3,'serviceprovider','https://serviceprovider.com'),('WSS179','WSS179Name',3,1,3,'serviceprovider','https://serviceprovider.com'),('WSS18','WSS18Name',3,1,3,'serviceprovider','https://serviceprovider.com'),('WSS180','WSS180Name',3,1,3,'serviceprovider','https://serviceprovider.com'),('WSS181','WSS181Name',3,1,3,'serviceprovider','https://serviceprovider.com'),('WSS182','WSS182Name',3,1,3,'serviceprovider','https://serviceprovider.com'),('WSS183','WSS183Name',3,1,3,'serviceprovider','https://serviceprovider.com'),('WSS184','WSS184Name',3,1,3,'serviceprovider','https://serviceprovider.com'),('WSS185','WSS185Name',3,1,3,'serviceprovider','https://serviceprovider.com'),('WSS186','WSS186Name',3,1,3,'serviceprovider','https://serviceprovider.com'),('WSS187','WSS187Name',3,1,3,'serviceprovider','https://serviceprovider.com'),('WSS188','WSS188Name',3,1,3,'serviceprovider','https://serviceprovider.com'),('WSS189','WSS189Name',3,1,3,'serviceprovider','https://serviceprovider.com'),('WSS19','WSS19Name',3,1,3,'serviceprovider','https://serviceprovider.com'),('WSS190','WSS190Name',3,1,3,'serviceprovider','https://serviceprovider.com'),('WSS191','WSS191Name',3,1,3,'serviceprovider','https://serviceprovider.com'),('WSS192','WSS192Name',3,1,3,'serviceprovider','https://serviceprovider.com'),('WSS193','WSS193Name',3,1,3,'serviceprovider','https://serviceprovider.com'),('WSS194','WSS194Name',3,1,3,'serviceprovider','https://serviceprovider.com'),('WSS195','WSS195Name',3,1,3,'serviceprovider','https://serviceprovider.com'),('WSS196','WSS196Name',3,1,3,'serviceprovider','https://serviceprovider.com'),('WSS197','WSS197Name',3,1,3,'serviceprovider','https://serviceprovider.com'),('WSS198','WSS198Name',3,1,3,'serviceprovider','https://serviceprovider.com'),('WSS199','WSS199Name',3,1,3,'serviceprovider','https://serviceprovider.com'),('WSS2','WSS2Name',3,1,3,'serviceprovider','https://serviceprovider.com'),('WSS20','WSS20Name',3,1,3,'serviceprovider','https://serviceprovider.com'),('WSS200','WSS200Name',3,1,3,'serviceprovider','https://serviceprovider.com'),('WSS201','WSS201Name',3,1,3,'serviceprovider','https://serviceprovider.com'),('WSS202','WSS202Name',3,1,3,'serviceprovider','https://serviceprovider.com'),('WSS203','WSS203Name',3,1,3,'serviceprovider','https://serviceprovider.com'),('WSS204','WSS204Name',3,1,3,'serviceprovider','https://serviceprovider.com'),('WSS205','WSS205Name',3,1,3,'serviceprovider','https://serviceprovider.com'),('WSS206','WSS206Name',3,1,3,'serviceprovider','https://serviceprovider.com'),('WSS207','WSS207Name',3,1,3,'serviceprovider','https://serviceprovider.com'),('WSS208','WSS208Name',3,1,3,'serviceprovider','https://serviceprovider.com'),('WSS209','WSS209Name',3,1,3,'serviceprovider','https://serviceprovider.com'),('WSS21','WSS21Name',3,1,3,'serviceprovider','https://serviceprovider.com'),('WSS210','WSS210Name',3,1,3,'serviceprovider','https://serviceprovider.com'),('WSS211','WSS211Name',3,1,3,'serviceprovider','https://serviceprovider.com'),('WSS212','WSS212Name',3,1,3,'serviceprovider','https://serviceprovider.com'),('WSS213','WSS213Name',3,1,3,'serviceprovider','https://serviceprovider.com'),('WSS214','WSS214Name',3,1,3,'serviceprovider','https://serviceprovider.com'),('WSS215','WSS215Name',3,1,3,'serviceprovider','https://serviceprovider.com'),('WSS216','WSS216Name',3,1,3,'serviceprovider','https://serviceprovider.com'),('WSS217','WSS217Name',3,1,3,'serviceprovider','https://serviceprovider.com'),('WSS218','WSS218Name',3,1,3,'serviceprovider','https://serviceprovider.com'),('WSS219','WSS219Name',3,1,3,'serviceprovider','https://serviceprovider.com'),('WSS22','WSS22Name',3,1,3,'serviceprovider','https://serviceprovider.com'),('WSS220','WSS220Name',3,1,3,'serviceprovider','https://serviceprovider.com'),('WSS221','WSS221Name',3,1,3,'serviceprovider','https://serviceprovider.com'),('WSS222','WSS222Name',3,1,3,'serviceprovider','https://serviceprovider.com'),('WSS223','WSS223Name',3,1,3,'serviceprovider','https://serviceprovider.com'),('WSS224','WSS224Name',3,1,3,'serviceprovider','https://serviceprovider.com'),('WSS225','WSS225Name',3,1,3,'serviceprovider','https://serviceprovider.com'),('WSS226','WSS226Name',3,1,3,'serviceprovider','https://serviceprovider.com'),('WSS227','WSS227Name',3,1,3,'serviceprovider','https://serviceprovider.com'),('WSS228','WSS228Name',3,1,3,'serviceprovider','https://serviceprovider.com'),('WSS229','WSS229Name',3,1,3,'serviceprovider','https://serviceprovider.com'),('WSS23','WSS23Name',3,1,3,'serviceprovider','https://serviceprovider.com'),('WSS230','WSS230Name',3,1,3,'serviceprovider','https://serviceprovider.com'),('WSS231','WSS231Name',3,1,3,'serviceprovider','https://serviceprovider.com'),('WSS232','WSS232Name',3,1,3,'serviceprovider','https://serviceprovider.com'),('WSS233','WSS233Name',3,1,3,'serviceprovider','https://serviceprovider.com'),('WSS234','WSS234Name',3,1,3,'serviceprovider','https://serviceprovider.com'),('WSS235','WSS235Name',3,1,3,'serviceprovider','https://serviceprovider.com'),('WSS236','WSS236Name',3,1,3,'serviceprovider','https://serviceprovider.com'),('WSS237','WSS237Name',3,1,3,'serviceprovider','https://serviceprovider.com'),('WSS238','WSS238Name',3,1,3,'serviceprovider','https://serviceprovider.com'),('WSS239','WSS239Name',3,1,3,'serviceprovider','https://serviceprovider.com'),('WSS24','WSS24Name',3,1,3,'serviceprovider','https://serviceprovider.com'),('WSS240','WSS240Name',3,1,3,'serviceprovider','https://serviceprovider.com'),('WSS241','WSS241Name',3,1,3,'serviceprovider','https://serviceprovider.com'),('WSS242','WSS242Name',3,1,3,'serviceprovider','https://serviceprovider.com'),('WSS243','WSS243Name',3,1,3,'serviceprovider','https://serviceprovider.com'),('WSS244','WSS244Name',3,1,3,'serviceprovider','https://serviceprovider.com'),('WSS245','WSS245Name',3,1,3,'serviceprovider','https://serviceprovider.com'),('WSS246','WSS246Name',3,1,3,'serviceprovider','https://serviceprovider.com'),('WSS247','WSS247Name',3,1,3,'serviceprovider','https://serviceprovider.com'),('WSS248','WSS248Name',3,1,3,'serviceprovider','https://serviceprovider.com'),('WSS249','WSS249Name',3,1,3,'serviceprovider','https://serviceprovider.com'),('WSS25','WSS25Name',3,1,3,'serviceprovider','https://serviceprovider.com'),('WSS250','WSS250Name',3,1,3,'serviceprovider','https://serviceprovider.com'),('WSS251','WSS251Name',3,1,3,'serviceprovider','https://serviceprovider.com'),('WSS252','WSS252Name',3,1,3,'serviceprovider','https://serviceprovider.com'),('WSS253','WSS253Name',3,1,3,'serviceprovider','https://serviceprovider.com'),('WSS254','WSS254Name',3,1,3,'serviceprovider','https://serviceprovider.com'),('WSS255','WSS255Name',3,1,3,'serviceprovider','https://serviceprovider.com'),('WSS256','WSS256Name',3,1,3,'serviceprovider','https://serviceprovider.com'),('WSS257','WSS257Name',3,1,3,'serviceprovider','https://serviceprovider.com'),('WSS258','WSS258Name',3,1,3,'serviceprovider','https://serviceprovider.com'),('WSS259','WSS259Name',3,1,3,'serviceprovider','https://serviceprovider.com'),('WSS26','WSS26Name',3,1,3,'serviceprovider','https://serviceprovider.com'),('WSS260','WSS260Name',3,1,3,'serviceprovider','https://serviceprovider.com'),('WSS261','WSS261Name',3,1,3,'serviceprovider','https://serviceprovider.com'),('WSS262','WSS262Name',3,1,3,'serviceprovider','https://serviceprovider.com'),('WSS263','WSS263Name',3,1,3,'serviceprovider','https://serviceprovider.com'),('WSS264','WSS264Name',3,1,3,'serviceprovider','https://serviceprovider.com'),('WSS265','WSS265Name',3,1,3,'serviceprovider','https://serviceprovider.com'),('WSS266','WSS266Name',3,1,3,'serviceprovider','https://serviceprovider.com'),('WSS267','WSS267Name',3,1,3,'serviceprovider','https://serviceprovider.com'),('WSS268','WSS268Name',3,1,3,'serviceprovider','https://serviceprovider.com'),('WSS269','WSS269Name',3,1,3,'serviceprovider','https://serviceprovider.com'),('WSS27','WSS27Name',3,1,3,'serviceprovider','https://serviceprovider.com'),('WSS270','WSS270Name',3,1,3,'serviceprovider','https://serviceprovider.com'),('WSS271','WSS271Name',3,1,3,'serviceprovider','https://serviceprovider.com'),('WSS272','WSS272Name',3,1,3,'serviceprovider','https://serviceprovider.com'),('WSS273','WSS273Name',3,1,3,'serviceprovider','https://serviceprovider.com'),('WSS274','WSS274Name',3,1,3,'serviceprovider','https://serviceprovider.com'),('WSS275','WSS275Name',3,1,3,'serviceprovider','https://serviceprovider.com'),('WSS276','WSS276Name',3,1,3,'serviceprovider','https://serviceprovider.com'),('WSS277','WSS277Name',3,1,3,'serviceprovider','https://serviceprovider.com'),('WSS278','WSS278Name',3,1,3,'serviceprovider','https://serviceprovider.com'),('WSS279','WSS279Name',3,1,3,'serviceprovider','https://serviceprovider.com'),('WSS28','WSS28Name',3,1,3,'serviceprovider','https://serviceprovider.com'),('WSS280','WSS280Name',3,1,3,'serviceprovider','https://serviceprovider.com'),('WSS281','WSS281Name',3,1,3,'serviceprovider','https://serviceprovider.com'),('WSS282','WSS282Name',3,1,3,'serviceprovider','https://serviceprovider.com'),('WSS283','WSS283Name',3,1,3,'serviceprovider','https://serviceprovider.com'),('WSS284','WSS284Name',3,1,3,'serviceprovider','https://serviceprovider.com'),('WSS285','WSS285Name',3,1,3,'serviceprovider','https://serviceprovider.com'),('WSS286','WSS286Name',3,1,3,'serviceprovider','https://serviceprovider.com'),('WSS287','WSS287Name',3,1,3,'serviceprovider','https://serviceprovider.com'),('WSS288','WSS288Name',3,1,3,'serviceprovider','https://serviceprovider.com'),('WSS289','WSS289Name',3,1,3,'serviceprovider','https://serviceprovider.com'),('WSS29','WSS29Name',3,1,3,'serviceprovider','https://serviceprovider.com'),('WSS290','WSS290Name',3,1,3,'serviceprovider','https://serviceprovider.com'),('WSS291','WSS291Name',3,1,3,'serviceprovider','https://serviceprovider.com'),('WSS292','WSS292Name',3,1,3,'serviceprovider','https://serviceprovider.com'),('WSS293','WSS293Name',3,1,3,'serviceprovider','https://serviceprovider.com'),('WSS294','WSS294Name',3,1,3,'serviceprovider','https://serviceprovider.com'),('WSS295','WSS295Name',3,1,3,'serviceprovider','https://serviceprovider.com'),('WSS296','WSS296Name',3,1,3,'serviceprovider','https://serviceprovider.com'),('WSS297','WSS297Name',3,1,3,'serviceprovider','https://serviceprovider.com'),('WSS298','WSS298Name',3,1,3,'serviceprovider','https://serviceprovider.com'),('WSS299','WSS299Name',3,1,3,'serviceprovider','https://serviceprovider.com'),('WSS3','WSS3Name',3,1,3,'serviceprovider','https://serviceprovider.com'),('WSS30','WSS30Name',3,1,3,'serviceprovider','https://serviceprovider.com'),('WSS300','WSS300Name',3,1,3,'serviceprovider','https://serviceprovider.com'),('WSS301','WSS301Name',3,1,3,'serviceprovider','https://serviceprovider.com'),('WSS302','WSS302Name',3,1,3,'serviceprovider','https://serviceprovider.com'),('WSS303','WSS303Name',3,1,3,'serviceprovider','https://serviceprovider.com'),('WSS304','WSS304Name',3,1,3,'serviceprovider','https://serviceprovider.com'),('WSS305','WSS305Name',3,1,3,'serviceprovider','https://serviceprovider.com'),('WSS306','WSS306Name',3,1,3,'serviceprovider','https://serviceprovider.com'),('WSS307','WSS307Name',3,1,3,'serviceprovider','https://serviceprovider.com'),('WSS308','WSS308Name',3,1,3,'serviceprovider','https://serviceprovider.com'),('WSS309','WSS309Name',3,1,3,'serviceprovider','https://serviceprovider.com'),('WSS31','WSS31Name',3,1,3,'serviceprovider','https://serviceprovider.com'),('WSS310','WSS310Name',3,1,3,'serviceprovider','https://serviceprovider.com'),('WSS311','WSS311Name',3,1,3,'serviceprovider','https://serviceprovider.com'),('WSS312','WSS312Name',3,1,3,'serviceprovider','https://serviceprovider.com'),('WSS313','WSS313Name',3,1,3,'serviceprovider','https://serviceprovider.com'),('WSS314','WSS314Name',3,1,3,'serviceprovider','https://serviceprovider.com'),('WSS315','WSS315Name',3,1,3,'serviceprovider','https://serviceprovider.com'),('WSS316','WSS316Name',3,1,3,'serviceprovider','https://serviceprovider.com'),('WSS317','WSS317Name',3,1,3,'serviceprovider','https://serviceprovider.com'),('WSS318','WSS318Name',3,1,3,'serviceprovider','https://serviceprovider.com'),('WSS319','WSS319Name',3,1,3,'serviceprovider','https://serviceprovider.com'),('WSS32','WSS32Name',3,1,3,'serviceprovider','https://serviceprovider.com'),('WSS320','WSS320Name',3,1,3,'serviceprovider','https://serviceprovider.com'),('WSS321','WSS321Name',3,1,3,'serviceprovider','https://serviceprovider.com'),('WSS322','WSS322Name',3,1,3,'serviceprovider','https://serviceprovider.com'),('WSS323','WSS323Name',3,1,3,'serviceprovider','https://serviceprovider.com'),('WSS324','WSS324Name',3,1,3,'serviceprovider','https://serviceprovider.com'),('WSS325','WSS325Name',3,1,3,'serviceprovider','https://serviceprovider.com'),('WSS326','WSS326Name',3,1,3,'serviceprovider','https://serviceprovider.com'),('WSS327','WSS327Name',3,1,3,'serviceprovider','https://serviceprovider.com'),('WSS328','WSS328Name',3,1,3,'serviceprovider','https://serviceprovider.com'),('WSS329','WSS329Name',3,1,3,'serviceprovider','https://serviceprovider.com'),('WSS33','WSS33Name',3,1,3,'serviceprovider','https://serviceprovider.com'),('WSS330','WSS330Name',3,1,3,'serviceprovider','https://serviceprovider.com'),('WSS331','WSS331Name',3,1,3,'serviceprovider','https://serviceprovider.com'),('WSS332','WSS332Name',3,1,3,'serviceprovider','https://serviceprovider.com'),('WSS333','WSS333Name',3,1,3,'serviceprovider','https://serviceprovider.com'),('WSS334','WSS334Name',3,1,3,'serviceprovider','https://serviceprovider.com'),('WSS335','WSS335Name',3,1,3,'serviceprovider','https://serviceprovider.com'),('WSS336','WSS336Name',3,1,3,'serviceprovider','https://serviceprovider.com'),('WSS337','WSS337Name',3,1,3,'serviceprovider','https://serviceprovider.com'),('WSS338','WSS338Name',3,1,3,'serviceprovider','https://serviceprovider.com'),('WSS339','WSS339Name',3,1,3,'serviceprovider','https://serviceprovider.com'),('WSS34','WSS34Name',3,1,3,'serviceprovider','https://serviceprovider.com'),('WSS340','WSS340Name',3,1,3,'serviceprovider','https://serviceprovider.com'),('WSS341','WSS341Name',3,1,3,'serviceprovider','https://serviceprovider.com'),('WSS342','WSS342Name',3,1,3,'serviceprovider','https://serviceprovider.com'),('WSS343','WSS343Name',3,1,3,'serviceprovider','https://serviceprovider.com'),('WSS344','WSS344Name',3,1,3,'serviceprovider','https://serviceprovider.com'),('WSS345','WSS345Name',3,1,3,'serviceprovider','https://serviceprovider.com'),('WSS346','WSS346Name',3,1,3,'serviceprovider','https://serviceprovider.com'),('WSS347','WSS347Name',3,1,3,'serviceprovider','https://serviceprovider.com'),('WSS348','WSS348Name',3,1,3,'serviceprovider','https://serviceprovider.com'),('WSS349','WSS349Name',3,1,3,'serviceprovider','https://serviceprovider.com'),('WSS35','WSS35Name',3,1,3,'serviceprovider','https://serviceprovider.com'),('WSS350','WSS350Name',3,1,3,'serviceprovider','https://serviceprovider.com'),('WSS351','WSS351Name',3,1,3,'serviceprovider','https://serviceprovider.com'),('WSS352','WSS352Name',3,1,3,'serviceprovider','https://serviceprovider.com'),('WSS353','WSS353Name',3,1,3,'serviceprovider','https://serviceprovider.com'),('WSS354','WSS354Name',3,1,3,'serviceprovider','https://serviceprovider.com'),('WSS355','WSS355Name',3,1,3,'serviceprovider','https://serviceprovider.com'),('WSS356','WSS356Name',3,1,3,'serviceprovider','https://serviceprovider.com'),('WSS357','WSS357Name',3,1,3,'serviceprovider','https://serviceprovider.com'),('WSS358','WSS358Name',3,1,3,'serviceprovider','https://serviceprovider.com'),('WSS359','WSS359Name',3,1,3,'serviceprovider','https://serviceprovider.com'),('WSS36','WSS36Name',3,1,3,'serviceprovider','https://serviceprovider.com'),('WSS360','WSS360Name',3,1,3,'serviceprovider','https://serviceprovider.com'),('WSS361','WSS361Name',3,1,3,'serviceprovider','https://serviceprovider.com'),('WSS362','WSS362Name',3,1,3,'serviceprovider','https://serviceprovider.com'),('WSS363','WSS363Name',3,1,3,'serviceprovider','https://serviceprovider.com'),('WSS364','WSS364Name',3,1,3,'serviceprovider','https://serviceprovider.com'),('WSS365','WSS365Name',3,1,3,'serviceprovider','https://serviceprovider.com'),('WSS366','WSS366Name',3,1,3,'serviceprovider','https://serviceprovider.com'),('WSS367','WSS367Name',3,1,3,'serviceprovider','https://serviceprovider.com'),('WSS368','WSS368Name',3,1,3,'serviceprovider','https://serviceprovider.com'),('WSS369','WSS369Name',3,1,3,'serviceprovider','https://serviceprovider.com'),('WSS37','WSS37Name',3,1,3,'serviceprovider','https://serviceprovider.com'),('WSS370','WSS370Name',3,1,3,'serviceprovider','https://serviceprovider.com'),('WSS371','WSS371Name',3,1,3,'serviceprovider','https://serviceprovider.com'),('WSS372','WSS372Name',3,1,3,'serviceprovider','https://serviceprovider.com'),('WSS373','WSS373Name',3,1,3,'serviceprovider','https://serviceprovider.com'),('WSS374','WSS374Name',3,1,3,'serviceprovider','https://serviceprovider.com'),('WSS375','WSS375Name',3,1,3,'serviceprovider','https://serviceprovider.com'),('WSS376','WSS376Name',3,1,3,'serviceprovider','https://serviceprovider.com'),('WSS377','WSS377Name',3,1,3,'serviceprovider','https://serviceprovider.com'),('WSS378','WSS378Name',3,1,3,'serviceprovider','https://serviceprovider.com'),('WSS379','WSS379Name',3,1,3,'serviceprovider','https://serviceprovider.com'),('WSS38','WSS38Name',3,1,3,'serviceprovider','https://serviceprovider.com'),('WSS380','WSS380Name',3,1,3,'serviceprovider','https://serviceprovider.com'),('WSS381','WSS381Name',3,1,3,'serviceprovider','https://serviceprovider.com'),('WSS382','WSS382Name',3,1,3,'serviceprovider','https://serviceprovider.com'),('WSS383','WSS383Name',3,1,3,'serviceprovider','https://serviceprovider.com'),('WSS384','WSS384Name',3,1,3,'serviceprovider','https://serviceprovider.com'),('WSS385','WSS385Name',3,1,3,'serviceprovider','https://serviceprovider.com'),('WSS386','WSS386Name',3,1,3,'serviceprovider','https://serviceprovider.com'),('WSS387','WSS387Name',3,1,3,'serviceprovider','https://serviceprovider.com'),('WSS388','WSS388Name',3,1,3,'serviceprovider','https://serviceprovider.com'),('WSS389','WSS389Name',3,1,3,'serviceprovider','https://serviceprovider.com'),('WSS39','WSS39Name',3,1,3,'serviceprovider','https://serviceprovider.com'),('WSS390','WSS390Name',3,1,3,'serviceprovider','https://serviceprovider.com'),('WSS391','WSS391Name',3,1,3,'serviceprovider','https://serviceprovider.com'),('WSS392','WSS392Name',3,1,3,'serviceprovider','https://serviceprovider.com'),('WSS393','WSS393Name',3,1,3,'serviceprovider','https://serviceprovider.com'),('WSS394','WSS394Name',3,1,3,'serviceprovider','https://serviceprovider.com'),('WSS395','WSS395Name',3,1,3,'serviceprovider','https://serviceprovider.com'),('WSS396','WSS396Name',3,1,3,'serviceprovider','https://serviceprovider.com'),('WSS397','WSS397Name',3,1,3,'serviceprovider','https://serviceprovider.com'),('WSS398','WSS398Name',3,1,3,'serviceprovider','https://serviceprovider.com'),('WSS399','WSS399Name',3,1,3,'serviceprovider','https://serviceprovider.com'),('WSS4','WSS4Name',3,1,3,'serviceprovider','https://serviceprovider.com'),('WSS40','WSS40Name',3,1,3,'serviceprovider','https://serviceprovider.com'),('WSS400','WSS400Name',3,1,3,'serviceprovider','https://serviceprovider.com'),('WSS401','WSS401Name',3,1,3,'serviceprovider','https://serviceprovider.com'),('WSS402','WSS402Name',3,1,3,'serviceprovider','https://serviceprovider.com'),('WSS403','WSS403Name',3,1,3,'serviceprovider','https://serviceprovider.com'),('WSS404','WSS404Name',3,1,3,'serviceprovider','https://serviceprovider.com'),('WSS405','WSS405Name',3,1,3,'serviceprovider','https://serviceprovider.com'),('WSS406','WSS406Name',3,1,3,'serviceprovider','https://serviceprovider.com'),('WSS407','WSS407Name',3,1,3,'serviceprovider','https://serviceprovider.com'),('WSS408','WSS408Name',3,1,3,'serviceprovider','https://serviceprovider.com'),('WSS409','WSS409Name',3,1,3,'serviceprovider','https://serviceprovider.com'),('WSS41','WSS41Name',3,1,3,'serviceprovider','https://serviceprovider.com'),('WSS410','WSS410Name',3,1,3,'serviceprovider','https://serviceprovider.com'),('WSS411','WSS411Name',3,1,3,'serviceprovider','https://serviceprovider.com'),('WSS412','WSS412Name',3,1,3,'serviceprovider','https://serviceprovider.com'),('WSS413','WSS413Name',3,1,3,'serviceprovider','https://serviceprovider.com'),('WSS414','WSS414Name',3,1,3,'serviceprovider','https://serviceprovider.com'),('WSS415','WSS415Name',3,1,3,'serviceprovider','https://serviceprovider.com'),('WSS416','WSS416Name',3,1,3,'serviceprovider','https://serviceprovider.com'),('WSS417','WSS417Name',3,1,3,'serviceprovider','https://serviceprovider.com'),('WSS418','WSS418Name',3,1,3,'serviceprovider','https://serviceprovider.com'),('WSS419','WSS419Name',3,1,3,'serviceprovider','https://serviceprovider.com'),('WSS42','WSS42Name',3,1,3,'serviceprovider','https://serviceprovider.com'),('WSS420','WSS420Name',3,1,3,'serviceprovider','https://serviceprovider.com'),('WSS421','WSS421Name',3,1,3,'serviceprovider','https://serviceprovider.com'),('WSS422','WSS422Name',3,1,3,'serviceprovider','https://serviceprovider.com'),('WSS423','WSS423Name',3,1,3,'serviceprovider','https://serviceprovider.com'),('WSS424','WSS424Name',3,1,3,'serviceprovider','https://serviceprovider.com'),('WSS425','WSS425Name',3,1,3,'serviceprovider','https://serviceprovider.com'),('WSS426','WSS426Name',3,1,3,'serviceprovider','https://serviceprovider.com'),('WSS427','WSS427Name',3,1,3,'serviceprovider','https://serviceprovider.com'),('WSS428','WSS428Name',3,1,3,'serviceprovider','https://serviceprovider.com'),('WSS429','WSS429Name',3,1,3,'serviceprovider','https://serviceprovider.com'),('WSS43','WSS43Name',3,1,3,'serviceprovider','https://serviceprovider.com'),('WSS430','WSS430Name',3,1,3,'serviceprovider','https://serviceprovider.com'),('WSS431','WSS431Name',3,1,3,'serviceprovider','https://serviceprovider.com'),('WSS432','WSS432Name',3,1,3,'serviceprovider','https://serviceprovider.com'),('WSS433','WSS433Name',3,1,3,'serviceprovider','https://serviceprovider.com'),('WSS434','WSS434Name',3,1,3,'serviceprovider','https://serviceprovider.com'),('WSS435','WSS435Name',3,1,3,'serviceprovider','https://serviceprovider.com'),('WSS436','WSS436Name',3,1,3,'serviceprovider','https://serviceprovider.com'),('WSS437','WSS437Name',3,1,3,'serviceprovider','https://serviceprovider.com'),('WSS438','WSS438Name',3,1,3,'serviceprovider','https://serviceprovider.com'),('WSS439','WSS439Name',3,1,3,'serviceprovider','https://serviceprovider.com'),('WSS44','WSS44Name',3,1,3,'serviceprovider','https://serviceprovider.com'),('WSS440','WSS440Name',3,1,3,'serviceprovider','https://serviceprovider.com'),('WSS441','WSS441Name',3,1,3,'serviceprovider','https://serviceprovider.com'),('WSS442','WSS442Name',3,1,3,'serviceprovider','https://serviceprovider.com'),('WSS443','WSS443Name',3,1,3,'serviceprovider','https://serviceprovider.com'),('WSS444','WSS444Name',3,1,3,'serviceprovider','https://serviceprovider.com'),('WSS445','WSS445Name',3,1,3,'serviceprovider','https://serviceprovider.com'),('WSS446','WSS446Name',3,1,3,'serviceprovider','https://serviceprovider.com'),('WSS447','WSS447Name',3,1,3,'serviceprovider','https://serviceprovider.com'),('WSS448','WSS448Name',3,1,3,'serviceprovider','https://serviceprovider.com'),('WSS449','WSS449Name',3,1,3,'serviceprovider','https://serviceprovider.com'),('WSS45','WSS45Name',3,1,3,'serviceprovider','https://serviceprovider.com'),('WSS450','WSS450Name',3,1,3,'serviceprovider','https://serviceprovider.com'),('WSS451','WSS451Name',3,1,3,'serviceprovider','https://serviceprovider.com'),('WSS452','WSS452Name',3,1,3,'serviceprovider','https://serviceprovider.com'),('WSS453','WSS453Name',3,1,3,'serviceprovider','https://serviceprovider.com'),('WSS454','WSS454Name',3,1,3,'serviceprovider','https://serviceprovider.com'),('WSS455','WSS455Name',3,1,3,'serviceprovider','https://serviceprovider.com'),('WSS456','WSS456Name',3,1,3,'serviceprovider','https://serviceprovider.com'),('WSS457','WSS457Name',3,1,3,'serviceprovider','https://serviceprovider.com'),('WSS458','WSS458Name',3,1,3,'serviceprovider','https://serviceprovider.com'),('WSS459','WSS459Name',3,1,3,'serviceprovider','https://serviceprovider.com'),('WSS46','WSS46Name',3,1,3,'serviceprovider','https://serviceprovider.com'),('WSS460','WSS460Name',3,1,3,'serviceprovider','https://serviceprovider.com'),('WSS461','WSS461Name',3,1,3,'serviceprovider','https://serviceprovider.com'),('WSS462','WSS462Name',3,1,3,'serviceprovider','https://serviceprovider.com'),('WSS463','WSS463Name',3,1,3,'serviceprovider','https://serviceprovider.com'),('WSS464','WSS464Name',3,1,3,'serviceprovider','https://serviceprovider.com'),('WSS465','WSS465Name',3,1,3,'serviceprovider','https://serviceprovider.com'),('WSS466','WSS466Name',3,1,3,'serviceprovider','https://serviceprovider.com'),('WSS467','WSS467Name',3,1,3,'serviceprovider','https://serviceprovider.com'),('WSS468','WSS468Name',3,1,3,'serviceprovider','https://serviceprovider.com'),('WSS469','WSS469Name',3,1,3,'serviceprovider','https://serviceprovider.com'),('WSS47','WSS47Name',3,1,3,'serviceprovider','https://serviceprovider.com'),('WSS470','WSS470Name',3,1,3,'serviceprovider','https://serviceprovider.com'),('WSS471','WSS471Name',3,1,3,'serviceprovider','https://serviceprovider.com'),('WSS472','WSS472Name',3,1,3,'serviceprovider','https://serviceprovider.com'),('WSS473','WSS473Name',3,1,3,'serviceprovider','https://serviceprovider.com'),('WSS474','WSS474Name',3,1,3,'serviceprovider','https://serviceprovider.com'),('WSS475','WSS475Name',3,1,3,'serviceprovider','https://serviceprovider.com'),('WSS476','WSS476Name',3,1,3,'serviceprovider','https://serviceprovider.com'),('WSS477','WSS477Name',3,1,3,'serviceprovider','https://serviceprovider.com'),('WSS478','WSS478Name',3,1,3,'serviceprovider','https://serviceprovider.com'),('WSS479','WSS479Name',3,1,3,'serviceprovider','https://serviceprovider.com'),('WSS48','WSS48Name',3,1,3,'serviceprovider','https://serviceprovider.com'),('WSS480','WSS480Name',3,1,3,'serviceprovider','https://serviceprovider.com'),('WSS481','WSS481Name',3,1,3,'serviceprovider','https://serviceprovider.com'),('WSS482','WSS482Name',3,1,3,'serviceprovider','https://serviceprovider.com'),('WSS483','WSS483Name',3,1,3,'serviceprovider','https://serviceprovider.com'),('WSS484','WSS484Name',3,1,3,'serviceprovider','https://serviceprovider.com'),('WSS485','WSS485Name',3,1,3,'serviceprovider','https://serviceprovider.com'),('WSS486','WSS486Name',3,1,3,'serviceprovider','https://serviceprovider.com'),('WSS487','WSS487Name',3,1,3,'serviceprovider','https://serviceprovider.com'),('WSS488','WSS488Name',3,1,3,'serviceprovider','https://serviceprovider.com'),('WSS489','WSS489Name',3,1,3,'serviceprovider','https://serviceprovider.com'),('WSS49','WSS49Name',3,1,3,'serviceprovider','https://serviceprovider.com'),('WSS490','WSS490Name',3,1,3,'serviceprovider','https://serviceprovider.com'),('WSS491','WSS491Name',3,1,3,'serviceprovider','https://serviceprovider.com'),('WSS492','WSS492Name',3,1,3,'serviceprovider','https://serviceprovider.com'),('WSS493','WSS493Name',3,1,3,'serviceprovider','https://serviceprovider.com'),('WSS494','WSS494Name',3,1,3,'serviceprovider','https://serviceprovider.com'),('WSS495','WSS495Name',3,1,3,'serviceprovider','https://serviceprovider.com'),('WSS496','WSS496Name',3,1,3,'serviceprovider','https://serviceprovider.com'),('WSS497','WSS497Name',3,1,3,'serviceprovider','https://serviceprovider.com'),('WSS498','WSS498Name',3,1,3,'serviceprovider','https://serviceprovider.com'),('WSS499','WSS499Name',3,1,3,'serviceprovider','https://serviceprovider.com'),('WSS5','WSS5Name',3,1,3,'serviceprovider','https://serviceprovider.com'),('WSS50','WSS50Name',3,1,3,'serviceprovider','https://serviceprovider.com'),('WSS500','WSS500Name',3,1,3,'serviceprovider','https://serviceprovider.com'),('WSS501','WSS501Name',3,1,3,'serviceprovider','https://serviceprovider.com'),('WSS502','WSS502Name',3,1,3,'serviceprovider','https://serviceprovider.com'),('WSS503','WSS503Name',3,1,3,'serviceprovider','https://serviceprovider.com'),('WSS504','WSS504Name',3,1,3,'serviceprovider','https://serviceprovider.com'),('WSS505','WSS505Name',3,1,3,'serviceprovider','https://serviceprovider.com'),('WSS506','WSS506Name',3,1,3,'serviceprovider','https://serviceprovider.com'),('WSS507','WSS507Name',3,1,3,'serviceprovider','https://serviceprovider.com'),('WSS508','WSS508Name',3,1,3,'serviceprovider','https://serviceprovider.com'),('WSS509','WSS509Name',3,1,3,'serviceprovider','https://serviceprovider.com'),('WSS51','WSS51Name',3,1,3,'serviceprovider','https://serviceprovider.com'),('WSS510','WSS510Name',3,1,3,'serviceprovider','https://serviceprovider.com'),('WSS511','WSS511Name',3,1,3,'serviceprovider','https://serviceprovider.com'),('WSS512','WSS512Name',3,1,3,'serviceprovider','https://serviceprovider.com'),('WSS513','WSS513Name',3,1,3,'serviceprovider','https://serviceprovider.com'),('WSS514','WSS514Name',3,1,3,'serviceprovider','https://serviceprovider.com'),('WSS515','WSS515Name',3,1,3,'serviceprovider','https://serviceprovider.com'),('WSS516','WSS516Name',3,1,3,'serviceprovider','https://serviceprovider.com'),('WSS517','WSS517Name',3,1,3,'serviceprovider','https://serviceprovider.com'),('WSS518','WSS518Name',3,1,3,'serviceprovider','https://serviceprovider.com'),('WSS519','WSS519Name',3,1,3,'serviceprovider','https://serviceprovider.com'),('WSS52','WSS52Name',3,1,3,'serviceprovider','https://serviceprovider.com'),('WSS520','WSS520Name',3,1,3,'serviceprovider','https://serviceprovider.com'),('WSS521','WSS521Name',3,1,3,'serviceprovider','https://serviceprovider.com'),('WSS522','WSS522Name',3,1,3,'serviceprovider','https://serviceprovider.com'),('WSS523','WSS523Name',3,1,3,'serviceprovider','https://serviceprovider.com'),('WSS524','WSS524Name',3,1,3,'serviceprovider','https://serviceprovider.com'),('WSS525','WSS525Name',3,1,3,'serviceprovider','https://serviceprovider.com'),('WSS526','WSS526Name',3,1,3,'serviceprovider','https://serviceprovider.com'),('WSS527','WSS527Name',3,1,3,'serviceprovider','https://serviceprovider.com'),('WSS528','WSS528Name',3,1,3,'serviceprovider','https://serviceprovider.com'),('WSS529','WSS529Name',3,1,3,'serviceprovider','https://serviceprovider.com'),('WSS53','WSS53Name',3,1,3,'serviceprovider','https://serviceprovider.com'),('WSS530','WSS530Name',3,1,3,'serviceprovider','https://serviceprovider.com'),('WSS531','WSS531Name',3,1,3,'serviceprovider','https://serviceprovider.com'),('WSS532','WSS532Name',3,1,3,'serviceprovider','https://serviceprovider.com'),('WSS533','WSS533Name',3,1,3,'serviceprovider','https://serviceprovider.com'),('WSS534','WSS534Name',3,1,3,'serviceprovider','https://serviceprovider.com'),('WSS535','WSS535Name',3,1,3,'serviceprovider','https://serviceprovider.com'),('WSS536','WSS536Name',3,1,3,'serviceprovider','https://serviceprovider.com'),('WSS537','WSS537Name',3,1,3,'serviceprovider','https://serviceprovider.com'),('WSS538','WSS538Name',3,1,3,'serviceprovider','https://serviceprovider.com'),('WSS539','WSS539Name',3,1,3,'serviceprovider','https://serviceprovider.com'),('WSS54','WSS54Name',3,1,3,'serviceprovider','https://serviceprovider.com'),('WSS540','WSS540Name',3,1,3,'serviceprovider','https://serviceprovider.com'),('WSS541','WSS541Name',3,1,3,'serviceprovider','https://serviceprovider.com'),('WSS542','WSS542Name',3,1,3,'serviceprovider','https://serviceprovider.com'),('WSS543','WSS543Name',3,1,3,'serviceprovider','https://serviceprovider.com'),('WSS544','WSS544Name',3,1,3,'serviceprovider','https://serviceprovider.com'),('WSS545','WSS545Name',3,1,3,'serviceprovider','https://serviceprovider.com'),('WSS546','WSS546Name',3,1,3,'serviceprovider','https://serviceprovider.com'),('WSS547','WSS547Name',3,1,3,'serviceprovider','https://serviceprovider.com'),('WSS548','WSS548Name',3,1,3,'serviceprovider','https://serviceprovider.com'),('WSS549','WSS549Name',3,1,3,'serviceprovider','https://serviceprovider.com'),('WSS55','WSS55Name',3,1,3,'serviceprovider','https://serviceprovider.com'),('WSS550','WSS550Name',3,1,3,'serviceprovider','https://serviceprovider.com'),('WSS551','WSS551Name',3,1,3,'serviceprovider','https://serviceprovider.com'),('WSS552','WSS552Name',3,1,3,'serviceprovider','https://serviceprovider.com'),('WSS553','WSS553Name',3,1,3,'serviceprovider','https://serviceprovider.com'),('WSS554','WSS554Name',3,1,3,'serviceprovider','https://serviceprovider.com'),('WSS555','WSS555Name',3,1,3,'serviceprovider','https://serviceprovider.com'),('WSS556','WSS556Name',3,1,3,'serviceprovider','https://serviceprovider.com'),('WSS557','WSS557Name',3,1,3,'serviceprovider','https://serviceprovider.com'),('WSS558','WSS558Name',3,1,3,'serviceprovider','https://serviceprovider.com'),('WSS559','WSS559Name',3,1,3,'serviceprovider','https://serviceprovider.com'),('WSS56','WSS56Name',3,1,3,'serviceprovider','https://serviceprovider.com'),('WSS560','WSS560Name',3,1,3,'serviceprovider','https://serviceprovider.com'),('WSS561','WSS561Name',3,1,3,'serviceprovider','https://serviceprovider.com'),('WSS562','WSS562Name',3,1,3,'serviceprovider','https://serviceprovider.com'),('WSS563','WSS563Name',3,1,3,'serviceprovider','https://serviceprovider.com'),('WSS564','WSS564Name',3,1,3,'serviceprovider','https://serviceprovider.com'),('WSS565','WSS565Name',3,1,3,'serviceprovider','https://serviceprovider.com'),('WSS566','WSS566Name',3,1,3,'serviceprovider','https://serviceprovider.com'),('WSS567','WSS567Name',3,1,3,'serviceprovider','https://serviceprovider.com'),('WSS568','WSS568Name',3,1,3,'serviceprovider','https://serviceprovider.com'),('WSS569','WSS569Name',3,1,3,'serviceprovider','https://serviceprovider.com'),('WSS57','WSS57Name',3,1,3,'serviceprovider','https://serviceprovider.com'),('WSS570','WSS570Name',3,1,3,'serviceprovider','https://serviceprovider.com'),('WSS571','WSS571Name',3,1,3,'serviceprovider','https://serviceprovider.com'),('WSS572','WSS572Name',3,1,3,'serviceprovider','https://serviceprovider.com'),('WSS573','WSS573Name',3,1,3,'serviceprovider','https://serviceprovider.com'),('WSS574','WSS574Name',3,1,3,'serviceprovider','https://serviceprovider.com'),('WSS575','WSS575Name',3,1,3,'serviceprovider','https://serviceprovider.com'),('WSS576','WSS576Name',3,1,3,'serviceprovider','https://serviceprovider.com'),('WSS577','WSS577Name',3,1,3,'serviceprovider','https://serviceprovider.com'),('WSS578','WSS578Name',3,1,3,'serviceprovider','https://serviceprovider.com'),('WSS579','WSS579Name',3,1,3,'serviceprovider','https://serviceprovider.com'),('WSS58','WSS58Name',3,1,3,'serviceprovider','https://serviceprovider.com'),('WSS580','WSS580Name',3,1,3,'serviceprovider','https://serviceprovider.com'),('WSS581','WSS581Name',3,1,3,'serviceprovider','https://serviceprovider.com'),('WSS582','WSS582Name',3,1,3,'serviceprovider','https://serviceprovider.com'),('WSS583','WSS583Name',3,1,3,'serviceprovider','https://serviceprovider.com'),('WSS584','WSS584Name',3,1,3,'serviceprovider','https://serviceprovider.com'),('WSS585','WSS585Name',3,1,3,'serviceprovider','https://serviceprovider.com'),('WSS586','WSS586Name',3,1,3,'serviceprovider','https://serviceprovider.com'),('WSS587','WSS587Name',3,1,3,'serviceprovider','https://serviceprovider.com'),('WSS588','WSS588Name',3,1,3,'serviceprovider','https://serviceprovider.com'),('WSS589','WSS589Name',3,1,3,'serviceprovider','https://serviceprovider.com'),('WSS59','WSS59Name',3,1,3,'serviceprovider','https://serviceprovider.com'),('WSS590','WSS590Name',3,1,3,'serviceprovider','https://serviceprovider.com'),('WSS591','WSS591Name',3,1,3,'serviceprovider','https://serviceprovider.com'),('WSS592','WSS592Name',3,1,3,'serviceprovider','https://serviceprovider.com'),('WSS593','WSS593Name',3,1,3,'serviceprovider','https://serviceprovider.com'),('WSS594','WSS594Name',3,1,3,'serviceprovider','https://serviceprovider.com'),('WSS595','WSS595Name',3,1,3,'serviceprovider','https://serviceprovider.com'),('WSS596','WSS596Name',3,1,3,'serviceprovider','https://serviceprovider.com'),('WSS597','WSS597Name',3,1,3,'serviceprovider','https://serviceprovider.com'),('WSS598','WSS598Name',3,1,3,'serviceprovider','https://serviceprovider.com'),('WSS599','WSS599Name',3,1,3,'serviceprovider','https://serviceprovider.com'),('WSS6','WSS6Name',3,1,3,'serviceprovider','https://serviceprovider.com'),('WSS60','WSS60Name',3,1,3,'serviceprovider','https://serviceprovider.com'),('WSS600','WSS600Name',3,1,3,'serviceprovider','https://serviceprovider.com'),('WSS601','WSS601Name',3,1,3,'serviceprovider','https://serviceprovider.com'),('WSS602','WSS602Name',3,1,3,'serviceprovider','https://serviceprovider.com'),('WSS603','WSS603Name',3,1,3,'serviceprovider','https://serviceprovider.com'),('WSS604','WSS604Name',3,1,3,'serviceprovider','https://serviceprovider.com'),('WSS605','WSS605Name',3,1,3,'serviceprovider','https://serviceprovider.com'),('WSS606','WSS606Name',3,1,3,'serviceprovider','https://serviceprovider.com'),('WSS607','WSS607Name',3,1,3,'serviceprovider','https://serviceprovider.com'),('WSS608','WSS608Name',3,1,3,'serviceprovider','https://serviceprovider.com'),('WSS609','WSS609Name',3,1,3,'serviceprovider','https://serviceprovider.com'),('WSS61','WSS61Name',3,1,3,'serviceprovider','https://serviceprovider.com'),('WSS610','WSS610Name',3,1,3,'serviceprovider','https://serviceprovider.com'),('WSS611','WSS611Name',3,1,3,'serviceprovider','https://serviceprovider.com'),('WSS612','WSS612Name',3,1,3,'serviceprovider','https://serviceprovider.com'),('WSS613','WSS613Name',3,1,3,'serviceprovider','https://serviceprovider.com'),('WSS614','WSS614Name',3,1,3,'serviceprovider','https://serviceprovider.com'),('WSS615','WSS615Name',3,1,3,'serviceprovider','https://serviceprovider.com'),('WSS616','WSS616Name',3,1,3,'serviceprovider','https://serviceprovider.com'),('WSS617','WSS617Name',3,1,3,'serviceprovider','https://serviceprovider.com'),('WSS618','WSS618Name',3,1,3,'serviceprovider','https://serviceprovider.com'),('WSS619','WSS619Name',3,1,3,'serviceprovider','https://serviceprovider.com'),('WSS62','WSS62Name',3,1,3,'serviceprovider','https://serviceprovider.com'),('WSS620','WSS620Name',3,1,3,'serviceprovider','https://serviceprovider.com'),('WSS621','WSS621Name',3,1,3,'serviceprovider','https://serviceprovider.com'),('WSS622','WSS622Name',3,1,3,'serviceprovider','https://serviceprovider.com'),('WSS623','WSS623Name',3,1,3,'serviceprovider','https://serviceprovider.com'),('WSS624','WSS624Name',3,1,3,'serviceprovider','https://serviceprovider.com'),('WSS625','WSS625Name',3,1,3,'serviceprovider','https://serviceprovider.com'),('WSS626','WSS626Name',3,1,3,'serviceprovider','https://serviceprovider.com'),('WSS627','WSS627Name',3,1,3,'serviceprovider','https://serviceprovider.com'),('WSS628','WSS628Name',3,1,3,'serviceprovider','https://serviceprovider.com'),('WSS629','WSS629Name',3,1,3,'serviceprovider','https://serviceprovider.com'),('WSS63','WSS63Name',3,1,3,'serviceprovider','https://serviceprovider.com'),('WSS630','WSS630Name',3,1,3,'serviceprovider','https://serviceprovider.com'),('WSS631','WSS631Name',3,1,3,'serviceprovider','https://serviceprovider.com'),('WSS632','WSS632Name',3,1,3,'serviceprovider','https://serviceprovider.com'),('WSS633','WSS633Name',3,1,3,'serviceprovider','https://serviceprovider.com'),('WSS634','WSS634Name',3,1,3,'serviceprovider','https://serviceprovider.com'),('WSS635','WSS635Name',3,1,3,'serviceprovider','https://serviceprovider.com'),('WSS636','WSS636Name',3,1,3,'serviceprovider','https://serviceprovider.com'),('WSS637','WSS637Name',3,1,3,'serviceprovider','https://serviceprovider.com'),('WSS638','WSS638Name',3,1,3,'serviceprovider','https://serviceprovider.com'),('WSS639','WSS639Name',3,1,3,'serviceprovider','https://serviceprovider.com'),('WSS64','WSS64Name',3,1,3,'serviceprovider','https://serviceprovider.com'),('WSS640','WSS640Name',3,1,3,'serviceprovider','https://serviceprovider.com'),('WSS641','WSS641Name',3,1,3,'serviceprovider','https://serviceprovider.com'),('WSS642','WSS642Name',3,1,3,'serviceprovider','https://serviceprovider.com'),('WSS643','WSS643Name',3,1,3,'serviceprovider','https://serviceprovider.com'),('WSS644','WSS644Name',3,1,3,'serviceprovider','https://serviceprovider.com'),('WSS645','WSS645Name',3,1,3,'serviceprovider','https://serviceprovider.com'),('WSS646','WSS646Name',3,1,3,'serviceprovider','https://serviceprovider.com'),('WSS647','WSS647Name',3,1,3,'serviceprovider','https://serviceprovider.com'),('WSS648','WSS648Name',3,1,3,'serviceprovider','https://serviceprovider.com'),('WSS649','WSS649Name',3,1,3,'serviceprovider','https://serviceprovider.com'),('WSS65','WSS65Name',3,1,3,'serviceprovider','https://serviceprovider.com'),('WSS650','WSS650Name',3,1,3,'serviceprovider','https://serviceprovider.com'),('WSS651','WSS651Name',3,1,3,'serviceprovider','https://serviceprovider.com'),('WSS652','WSS652Name',3,1,3,'serviceprovider','https://serviceprovider.com'),('WSS653','WSS653Name',3,1,3,'serviceprovider','https://serviceprovider.com'),('WSS654','WSS654Name',3,1,3,'serviceprovider','https://serviceprovider.com'),('WSS655','WSS655Name',3,1,3,'serviceprovider','https://serviceprovider.com'),('WSS656','WSS656Name',3,1,3,'serviceprovider','https://serviceprovider.com'),('WSS657','WSS657Name',3,1,3,'serviceprovider','https://serviceprovider.com'),('WSS658','WSS658Name',3,1,3,'serviceprovider','https://serviceprovider.com'),('WSS659','WSS659Name',3,1,3,'serviceprovider','https://serviceprovider.com'),('WSS66','WSS66Name',3,1,3,'serviceprovider','https://serviceprovider.com'),('WSS660','WSS660Name',3,1,3,'serviceprovider','https://serviceprovider.com'),('WSS661','WSS661Name',3,1,3,'serviceprovider','https://serviceprovider.com'),('WSS662','WSS662Name',3,1,3,'serviceprovider','https://serviceprovider.com'),('WSS663','WSS663Name',3,1,3,'serviceprovider','https://serviceprovider.com'),('WSS664','WSS664Name',3,1,3,'serviceprovider','https://serviceprovider.com'),('WSS665','WSS665Name',3,1,3,'serviceprovider','https://serviceprovider.com'),('WSS666','WSS666Name',3,1,3,'serviceprovider','https://serviceprovider.com'),('WSS667','WSS667Name',3,1,3,'serviceprovider','https://serviceprovider.com'),('WSS668','WSS668Name',3,1,3,'serviceprovider','https://serviceprovider.com'),('WSS669','WSS669Name',3,1,3,'serviceprovider','https://serviceprovider.com'),('WSS67','WSS67Name',3,1,3,'serviceprovider','https://serviceprovider.com'),('WSS670','WSS670Name',3,1,3,'serviceprovider','https://serviceprovider.com'),('WSS671','WSS671Name',3,1,3,'serviceprovider','https://serviceprovider.com'),('WSS672','WSS672Name',3,1,3,'serviceprovider','https://serviceprovider.com'),('WSS673','WSS673Name',3,1,3,'serviceprovider','https://serviceprovider.com'),('WSS674','WSS674Name',3,1,3,'serviceprovider','https://serviceprovider.com'),('WSS675','WSS675Name',3,1,3,'serviceprovider','https://serviceprovider.com'),('WSS676','WSS676Name',3,1,3,'serviceprovider','https://serviceprovider.com'),('WSS677','WSS677Name',3,1,3,'serviceprovider','https://serviceprovider.com'),('WSS678','WSS678Name',3,1,3,'serviceprovider','https://serviceprovider.com'),('WSS679','WSS679Name',3,1,3,'serviceprovider','https://serviceprovider.com'),('WSS68','WSS68Name',3,1,3,'serviceprovider','https://serviceprovider.com'),('WSS680','WSS680Name',3,1,3,'serviceprovider','https://serviceprovider.com'),('WSS681','WSS681Name',3,1,3,'serviceprovider','https://serviceprovider.com'),('WSS682','WSS682Name',3,1,3,'serviceprovider','https://serviceprovider.com'),('WSS683','WSS683Name',3,1,3,'serviceprovider','https://serviceprovider.com'),('WSS684','WSS684Name',3,1,3,'serviceprovider','https://serviceprovider.com'),('WSS685','WSS685Name',3,1,3,'serviceprovider','https://serviceprovider.com'),('WSS686','WSS686Name',3,1,3,'serviceprovider','https://serviceprovider.com'),('WSS687','WSS687Name',3,1,3,'serviceprovider','https://serviceprovider.com'),('WSS688','WSS688Name',3,1,3,'serviceprovider','https://serviceprovider.com'),('WSS689','WSS689Name',3,1,3,'serviceprovider','https://serviceprovider.com'),('WSS69','WSS69Name',3,1,3,'serviceprovider','https://serviceprovider.com'),('WSS690','WSS690Name',3,1,3,'serviceprovider','https://serviceprovider.com'),('WSS691','WSS691Name',3,1,3,'serviceprovider','https://serviceprovider.com'),('WSS692','WSS692Name',3,1,3,'serviceprovider','https://serviceprovider.com'),('WSS693','WSS693Name',3,1,3,'serviceprovider','https://serviceprovider.com'),('WSS694','WSS694Name',3,1,3,'serviceprovider','https://serviceprovider.com'),('WSS695','WSS695Name',3,1,3,'serviceprovider','https://serviceprovider.com'),('WSS696','WSS696Name',3,1,3,'serviceprovider','https://serviceprovider.com'),('WSS697','WSS697Name',3,1,3,'serviceprovider','https://serviceprovider.com'),('WSS698','WSS698Name',3,1,3,'serviceprovider','https://serviceprovider.com'),('WSS699','WSS699Name',3,1,3,'serviceprovider','https://serviceprovider.com'),('WSS7','WSS7Name',3,1,3,'serviceprovider','https://serviceprovider.com'),('WSS70','WSS70Name',3,1,3,'serviceprovider','https://serviceprovider.com'),('WSS700','WSS700Name',3,1,3,'serviceprovider','https://serviceprovider.com'),('WSS701','WSS701Name',3,1,3,'serviceprovider','https://serviceprovider.com'),('WSS702','WSS702Name',3,1,3,'serviceprovider','https://serviceprovider.com'),('WSS703','WSS703Name',3,1,3,'serviceprovider','https://serviceprovider.com'),('WSS704','WSS704Name',3,1,3,'serviceprovider','https://serviceprovider.com'),('WSS705','WSS705Name',3,1,3,'serviceprovider','https://serviceprovider.com'),('WSS706','WSS706Name',3,1,3,'serviceprovider','https://serviceprovider.com'),('WSS707','WSS707Name',3,1,3,'serviceprovider','https://serviceprovider.com'),('WSS708','WSS708Name',3,1,3,'serviceprovider','https://serviceprovider.com'),('WSS709','WSS709Name',3,1,3,'serviceprovider','https://serviceprovider.com'),('WSS71','WSS71Name',3,1,3,'serviceprovider','https://serviceprovider.com'),('WSS710','WSS710Name',3,1,3,'serviceprovider','https://serviceprovider.com'),('WSS711','WSS711Name',3,1,3,'serviceprovider','https://serviceprovider.com'),('WSS712','WSS712Name',3,1,3,'serviceprovider','https://serviceprovider.com'),('WSS713','WSS713Name',3,1,3,'serviceprovider','https://serviceprovider.com'),('WSS714','WSS714Name',3,1,3,'serviceprovider','https://serviceprovider.com'),('WSS715','WSS715Name',3,1,3,'serviceprovider','https://serviceprovider.com'),('WSS716','WSS716Name',3,1,3,'serviceprovider','https://serviceprovider.com'),('WSS717','WSS717Name',3,1,3,'serviceprovider','https://serviceprovider.com'),('WSS718','WSS718Name',3,1,3,'serviceprovider','https://serviceprovider.com'),('WSS719','WSS719Name',3,1,3,'serviceprovider','https://serviceprovider.com'),('WSS72','WSS72Name',3,1,3,'serviceprovider','https://serviceprovider.com'),('WSS720','WSS720Name',3,1,3,'serviceprovider','https://serviceprovider.com'),('WSS721','WSS721Name',3,1,3,'serviceprovider','https://serviceprovider.com'),('WSS722','WSS722Name',3,1,3,'serviceprovider','https://serviceprovider.com'),('WSS723','WSS723Name',3,1,3,'serviceprovider','https://serviceprovider.com'),('WSS724','WSS724Name',3,1,3,'serviceprovider','https://serviceprovider.com'),('WSS725','WSS725Name',3,1,3,'serviceprovider','https://serviceprovider.com'),('WSS726','WSS726Name',3,1,3,'serviceprovider','https://serviceprovider.com'),('WSS727','WSS727Name',3,1,3,'serviceprovider','https://serviceprovider.com'),('WSS728','WSS728Name',3,1,3,'serviceprovider','https://serviceprovider.com'),('WSS729','WSS729Name',3,1,3,'serviceprovider','https://serviceprovider.com'),('WSS73','WSS73Name',3,1,3,'serviceprovider','https://serviceprovider.com'),('WSS730','WSS730Name',3,1,3,'serviceprovider','https://serviceprovider.com'),('WSS731','WSS731Name',3,1,3,'serviceprovider','https://serviceprovider.com'),('WSS732','WSS732Name',3,1,3,'serviceprovider','https://serviceprovider.com'),('WSS733','WSS733Name',3,1,3,'serviceprovider','https://serviceprovider.com'),('WSS734','WSS734Name',3,1,3,'serviceprovider','https://serviceprovider.com'),('WSS735','WSS735Name',3,1,3,'serviceprovider','https://serviceprovider.com'),('WSS736','WSS736Name',3,1,3,'serviceprovider','https://serviceprovider.com'),('WSS737','WSS737Name',3,1,3,'serviceprovider','https://serviceprovider.com'),('WSS738','WSS738Name',3,1,3,'serviceprovider','https://serviceprovider.com'),('WSS739','WSS739Name',3,1,3,'serviceprovider','https://serviceprovider.com'),('WSS74','WSS74Name',3,1,3,'serviceprovider','https://serviceprovider.com'),('WSS740','WSS740Name',3,1,3,'serviceprovider','https://serviceprovider.com'),('WSS741','WSS741Name',3,1,3,'serviceprovider','https://serviceprovider.com'),('WSS742','WSS742Name',3,1,3,'serviceprovider','https://serviceprovider.com'),('WSS743','WSS743Name',3,1,3,'serviceprovider','https://serviceprovider.com'),('WSS744','WSS744Name',3,1,3,'serviceprovider','https://serviceprovider.com'),('WSS745','WSS745Name',3,1,3,'serviceprovider','https://serviceprovider.com'),('WSS746','WSS746Name',3,1,3,'serviceprovider','https://serviceprovider.com'),('WSS747','WSS747Name',3,1,3,'serviceprovider','https://serviceprovider.com'),('WSS748','WSS748Name',3,1,3,'serviceprovider','https://serviceprovider.com'),('WSS749','WSS749Name',3,1,3,'serviceprovider','https://serviceprovider.com'),('WSS75','WSS75Name',3,1,3,'serviceprovider','https://serviceprovider.com'),('WSS750','WSS750Name',3,1,3,'serviceprovider','https://serviceprovider.com'),('WSS751','WSS751Name',3,1,3,'serviceprovider','https://serviceprovider.com'),('WSS752','WSS752Name',3,1,3,'serviceprovider','https://serviceprovider.com'),('WSS753','WSS753Name',3,1,3,'serviceprovider','https://serviceprovider.com'),('WSS754','WSS754Name',3,1,3,'serviceprovider','https://serviceprovider.com'),('WSS755','WSS755Name',3,1,3,'serviceprovider','https://serviceprovider.com'),('WSS756','WSS756Name',3,1,3,'serviceprovider','https://serviceprovider.com'),('WSS757','WSS757Name',3,1,3,'serviceprovider','https://serviceprovider.com'),('WSS758','WSS758Name',3,1,3,'serviceprovider','https://serviceprovider.com'),('WSS759','WSS759Name',3,1,3,'serviceprovider','https://serviceprovider.com'),('WSS76','WSS76Name',3,1,3,'serviceprovider','https://serviceprovider.com'),('WSS760','WSS760Name',3,1,3,'serviceprovider','https://serviceprovider.com'),('WSS761','WSS761Name',3,1,3,'serviceprovider','https://serviceprovider.com'),('WSS762','WSS762Name',3,1,3,'serviceprovider','https://serviceprovider.com'),('WSS763','WSS763Name',3,1,3,'serviceprovider','https://serviceprovider.com'),('WSS764','WSS764Name',3,1,3,'serviceprovider','https://serviceprovider.com'),('WSS765','WSS765Name',3,1,3,'serviceprovider','https://serviceprovider.com'),('WSS766','WSS766Name',3,1,3,'serviceprovider','https://serviceprovider.com'),('WSS767','WSS767Name',3,1,3,'serviceprovider','https://serviceprovider.com'),('WSS768','WSS768Name',3,1,3,'serviceprovider','https://serviceprovider.com'),('WSS769','WSS769Name',3,1,3,'serviceprovider','https://serviceprovider.com'),('WSS77','WSS77Name',3,1,3,'serviceprovider','https://serviceprovider.com'),('WSS770','WSS770Name',3,1,3,'serviceprovider','https://serviceprovider.com'),('WSS771','WSS771Name',3,1,3,'serviceprovider','https://serviceprovider.com'),('WSS772','WSS772Name',3,1,3,'serviceprovider','https://serviceprovider.com'),('WSS773','WSS773Name',3,1,3,'serviceprovider','https://serviceprovider.com'),('WSS774','WSS774Name',3,1,3,'serviceprovider','https://serviceprovider.com'),('WSS775','WSS775Name',3,1,3,'serviceprovider','https://serviceprovider.com'),('WSS776','WSS776Name',3,1,3,'serviceprovider','https://serviceprovider.com'),('WSS777','WSS777Name',3,1,3,'serviceprovider','https://serviceprovider.com'),('WSS778','WSS778Name',3,1,3,'serviceprovider','https://serviceprovider.com'),('WSS779','WSS779Name',3,1,3,'serviceprovider','https://serviceprovider.com'),('WSS78','WSS78Name',3,1,3,'serviceprovider','https://serviceprovider.com'),('WSS780','WSS780Name',3,1,3,'serviceprovider','https://serviceprovider.com'),('WSS781','WSS781Name',3,1,3,'serviceprovider','https://serviceprovider.com'),('WSS782','WSS782Name',3,1,3,'serviceprovider','https://serviceprovider.com'),('WSS783','WSS783Name',3,1,3,'serviceprovider','https://serviceprovider.com'),('WSS784','WSS784Name',3,1,3,'serviceprovider','https://serviceprovider.com'),('WSS785','WSS785Name',3,1,3,'serviceprovider','https://serviceprovider.com'),('WSS786','WSS786Name',3,1,3,'serviceprovider','https://serviceprovider.com'),('WSS787','WSS787Name',3,1,3,'serviceprovider','https://serviceprovider.com'),('WSS788','WSS788Name',3,1,3,'serviceprovider','https://serviceprovider.com'),('WSS789','WSS789Name',3,1,3,'serviceprovider','https://serviceprovider.com'),('WSS79','WSS79Name',3,1,3,'serviceprovider','https://serviceprovider.com'),('WSS790','WSS790Name',3,1,3,'serviceprovider','https://serviceprovider.com'),('WSS791','WSS791Name',3,1,3,'serviceprovider','https://serviceprovider.com'),('WSS792','WSS792Name',3,1,3,'serviceprovider','https://serviceprovider.com'),('WSS793','WSS793Name',3,1,3,'serviceprovider','https://serviceprovider.com'),('WSS794','WSS794Name',3,1,3,'serviceprovider','https://serviceprovider.com'),('WSS795','WSS795Name',3,1,3,'serviceprovider','https://serviceprovider.com'),('WSS796','WSS796Name',3,1,3,'serviceprovider','https://serviceprovider.com'),('WSS797','WSS797Name',3,1,3,'serviceprovider','https://serviceprovider.com'),('WSS798','WSS798Name',3,1,3,'serviceprovider','https://serviceprovider.com'),('WSS799','WSS799Name',3,1,3,'serviceprovider','https://serviceprovider.com'),('WSS8','WSS8Name',3,1,3,'serviceprovider','https://serviceprovider.com'),('WSS80','WSS80Name',3,1,3,'serviceprovider','https://serviceprovider.com'),('WSS800','WSS800Name',3,1,3,'serviceprovider','https://serviceprovider.com'),('WSS801','WSS801Name',3,1,3,'serviceprovider','https://serviceprovider.com'),('WSS802','WSS802Name',3,1,3,'serviceprovider','https://serviceprovider.com'),('WSS803','WSS803Name',3,1,3,'serviceprovider','https://serviceprovider.com'),('WSS804','WSS804Name',3,1,3,'serviceprovider','https://serviceprovider.com'),('WSS805','WSS805Name',3,1,3,'serviceprovider','https://serviceprovider.com'),('WSS806','WSS806Name',3,1,3,'serviceprovider','https://serviceprovider.com'),('WSS807','WSS807Name',3,1,3,'serviceprovider','https://serviceprovider.com'),('WSS808','WSS808Name',3,1,3,'serviceprovider','https://serviceprovider.com'),('WSS809','WSS809Name',3,1,3,'serviceprovider','https://serviceprovider.com'),('WSS81','WSS81Name',3,1,3,'serviceprovider','https://serviceprovider.com'),('WSS810','WSS810Name',3,1,3,'serviceprovider','https://serviceprovider.com'),('WSS811','WSS811Name',3,1,3,'serviceprovider','https://serviceprovider.com'),('WSS812','WSS812Name',3,1,3,'serviceprovider','https://serviceprovider.com'),('WSS813','WSS813Name',3,1,3,'serviceprovider','https://serviceprovider.com'),('WSS814','WSS814Name',3,1,3,'serviceprovider','https://serviceprovider.com'),('WSS815','WSS815Name',3,1,3,'serviceprovider','https://serviceprovider.com'),('WSS816','WSS816Name',3,1,3,'serviceprovider','https://serviceprovider.com'),('WSS817','WSS817Name',3,1,3,'serviceprovider','https://serviceprovider.com'),('WSS818','WSS818Name',3,1,3,'serviceprovider','https://serviceprovider.com'),('WSS819','WSS819Name',3,1,3,'serviceprovider','https://serviceprovider.com'),('WSS82','WSS82Name',3,1,3,'serviceprovider','https://serviceprovider.com'),('WSS820','WSS820Name',3,1,3,'serviceprovider','https://serviceprovider.com'),('WSS821','WSS821Name',3,1,3,'serviceprovider','https://serviceprovider.com'),('WSS822','WSS822Name',3,1,3,'serviceprovider','https://serviceprovider.com'),('WSS823','WSS823Name',3,1,3,'serviceprovider','https://serviceprovider.com'),('WSS824','WSS824Name',3,1,3,'serviceprovider','https://serviceprovider.com'),('WSS825','WSS825Name',3,1,3,'serviceprovider','https://serviceprovider.com'),('WSS826','WSS826Name',3,1,3,'serviceprovider','https://serviceprovider.com'),('WSS827','WSS827Name',3,1,3,'serviceprovider','https://serviceprovider.com'),('WSS828','WSS828Name',3,1,3,'serviceprovider','https://serviceprovider.com'),('WSS829','WSS829Name',3,1,3,'serviceprovider','https://serviceprovider.com'),('WSS83','WSS83Name',3,1,3,'serviceprovider','https://serviceprovider.com'),('WSS830','WSS830Name',3,1,3,'serviceprovider','https://serviceprovider.com'),('WSS831','WSS831Name',3,1,3,'serviceprovider','https://serviceprovider.com'),('WSS832','WSS832Name',3,1,3,'serviceprovider','https://serviceprovider.com'),('WSS833','WSS833Name',3,1,3,'serviceprovider','https://serviceprovider.com'),('WSS834','WSS834Name',3,1,3,'serviceprovider','https://serviceprovider.com'),('WSS835','WSS835Name',3,1,3,'serviceprovider','https://serviceprovider.com'),('WSS836','WSS836Name',3,1,3,'serviceprovider','https://serviceprovider.com'),('WSS837','WSS837Name',3,1,3,'serviceprovider','https://serviceprovider.com'),('WSS838','WSS838Name',3,1,3,'serviceprovider','https://serviceprovider.com'),('WSS839','WSS839Name',3,1,3,'serviceprovider','https://serviceprovider.com'),('WSS84','WSS84Name',3,1,3,'serviceprovider','https://serviceprovider.com'),('WSS840','WSS840Name',3,1,3,'serviceprovider','https://serviceprovider.com'),('WSS841','WSS841Name',3,1,3,'serviceprovider','https://serviceprovider.com'),('WSS842','WSS842Name',3,1,3,'serviceprovider','https://serviceprovider.com'),('WSS843','WSS843Name',3,1,3,'serviceprovider','https://serviceprovider.com'),('WSS844','WSS844Name',3,1,3,'serviceprovider','https://serviceprovider.com'),('WSS845','WSS845Name',3,1,3,'serviceprovider','https://serviceprovider.com'),('WSS846','WSS846Name',3,1,3,'serviceprovider','https://serviceprovider.com'),('WSS847','WSS847Name',3,1,3,'serviceprovider','https://serviceprovider.com'),('WSS848','WSS848Name',3,1,3,'serviceprovider','https://serviceprovider.com'),('WSS849','WSS849Name',3,1,3,'serviceprovider','https://serviceprovider.com'),('WSS85','WSS85Name',3,1,3,'serviceprovider','https://serviceprovider.com'),('WSS850','WSS850Name',3,1,3,'serviceprovider','https://serviceprovider.com'),('WSS851','WSS851Name',3,1,3,'serviceprovider','https://serviceprovider.com'),('WSS852','WSS852Name',3,1,3,'serviceprovider','https://serviceprovider.com'),('WSS853','WSS853Name',3,1,3,'serviceprovider','https://serviceprovider.com'),('WSS854','WSS854Name',3,1,3,'serviceprovider','https://serviceprovider.com'),('WSS855','WSS855Name',3,1,3,'serviceprovider','https://serviceprovider.com'),('WSS856','WSS856Name',3,1,3,'serviceprovider','https://serviceprovider.com'),('WSS857','WSS857Name',3,1,3,'serviceprovider','https://serviceprovider.com'),('WSS858','WSS858Name',3,1,3,'serviceprovider','https://serviceprovider.com'),('WSS859','WSS859Name',3,1,3,'serviceprovider','https://serviceprovider.com'),('WSS86','WSS86Name',3,1,3,'serviceprovider','https://serviceprovider.com'),('WSS860','WSS860Name',3,1,3,'serviceprovider','https://serviceprovider.com'),('WSS861','WSS861Name',3,1,3,'serviceprovider','https://serviceprovider.com'),('WSS862','WSS862Name',3,1,3,'serviceprovider','https://serviceprovider.com'),('WSS863','WSS863Name',3,1,3,'serviceprovider','https://serviceprovider.com'),('WSS864','WSS864Name',3,1,3,'serviceprovider','https://serviceprovider.com'),('WSS865','WSS865Name',3,1,3,'serviceprovider','https://serviceprovider.com'),('WSS866','WSS866Name',3,1,3,'serviceprovider','https://serviceprovider.com'),('WSS867','WSS867Name',3,1,3,'serviceprovider','https://serviceprovider.com'),('WSS868','WSS868Name',3,1,3,'serviceprovider','https://serviceprovider.com'),('WSS869','WSS869Name',3,1,3,'serviceprovider','https://serviceprovider.com'),('WSS87','WSS87Name',3,1,3,'serviceprovider','https://serviceprovider.com'),('WSS870','WSS870Name',3,1,3,'serviceprovider','https://serviceprovider.com'),('WSS871','WSS871Name',3,1,3,'serviceprovider','https://serviceprovider.com'),('WSS872','WSS872Name',3,1,3,'serviceprovider','https://serviceprovider.com'),('WSS873','WSS873Name',3,1,3,'serviceprovider','https://serviceprovider.com'),('WSS874','WSS874Name',3,1,3,'serviceprovider','https://serviceprovider.com'),('WSS875','WSS875Name',3,1,3,'serviceprovider','https://serviceprovider.com'),('WSS876','WSS876Name',3,1,3,'serviceprovider','https://serviceprovider.com'),('WSS877','WSS877Name',3,1,3,'serviceprovider','https://serviceprovider.com'),('WSS878','WSS878Name',3,1,3,'serviceprovider','https://serviceprovider.com'),('WSS879','WSS879Name',3,1,3,'serviceprovider','https://serviceprovider.com'),('WSS88','WSS88Name',3,1,3,'serviceprovider','https://serviceprovider.com'),('WSS880','WSS880Name',3,1,3,'serviceprovider','https://serviceprovider.com'),('WSS881','WSS881Name',3,1,3,'serviceprovider','https://serviceprovider.com'),('WSS882','WSS882Name',3,1,3,'serviceprovider','https://serviceprovider.com'),('WSS883','WSS883Name',3,1,3,'serviceprovider','https://serviceprovider.com'),('WSS884','WSS884Name',3,1,3,'serviceprovider','https://serviceprovider.com'),('WSS885','WSS885Name',3,1,3,'serviceprovider','https://serviceprovider.com'),('WSS886','WSS886Name',3,1,3,'serviceprovider','https://serviceprovider.com'),('WSS887','WSS887Name',3,1,3,'serviceprovider','https://serviceprovider.com'),('WSS888','WSS888Name',3,1,3,'serviceprovider','https://serviceprovider.com'),('WSS889','WSS889Name',3,1,3,'serviceprovider','https://serviceprovider.com'),('WSS89','WSS89Name',3,1,3,'serviceprovider','https://serviceprovider.com'),('WSS890','WSS890Name',3,1,3,'serviceprovider','https://serviceprovider.com'),('WSS891','WSS891Name',3,1,3,'serviceprovider','https://serviceprovider.com'),('WSS892','WSS892Name',3,1,3,'serviceprovider','https://serviceprovider.com'),('WSS893','WSS893Name',3,1,3,'serviceprovider','https://serviceprovider.com'),('WSS894','WSS894Name',3,1,3,'serviceprovider','https://serviceprovider.com'),('WSS895','WSS895Name',3,1,3,'serviceprovider','https://serviceprovider.com'),('WSS896','WSS896Name',3,1,3,'serviceprovider','https://serviceprovider.com'),('WSS897','WSS897Name',3,1,3,'serviceprovider','https://serviceprovider.com'),('WSS898','WSS898Name',3,1,3,'serviceprovider','https://serviceprovider.com'),('WSS899','WSS899Name',3,1,3,'serviceprovider','https://serviceprovider.com'),('WSS9','WSS9Name',3,1,3,'serviceprovider','https://serviceprovider.com'),('WSS90','WSS90Name',3,1,3,'serviceprovider','https://serviceprovider.com'),('WSS900','WSS900Name',3,1,3,'serviceprovider','https://serviceprovider.com'),('WSS901','WSS901Name',3,1,3,'serviceprovider','https://serviceprovider.com'),('WSS902','WSS902Name',3,1,3,'serviceprovider','https://serviceprovider.com'),('WSS903','WSS903Name',3,1,3,'serviceprovider','https://serviceprovider.com'),('WSS904','WSS904Name',3,1,3,'serviceprovider','https://serviceprovider.com'),('WSS905','WSS905Name',3,1,3,'serviceprovider','https://serviceprovider.com'),('WSS906','WSS906Name',3,1,3,'serviceprovider','https://serviceprovider.com'),('WSS907','WSS907Name',3,1,3,'serviceprovider','https://serviceprovider.com'),('WSS908','WSS908Name',3,1,3,'serviceprovider','https://serviceprovider.com'),('WSS909','WSS909Name',3,1,3,'serviceprovider','https://serviceprovider.com'),('WSS91','WSS91Name',3,1,3,'serviceprovider','https://serviceprovider.com'),('WSS910','WSS910Name',3,1,3,'serviceprovider','https://serviceprovider.com'),('WSS911','WSS911Name',3,1,3,'serviceprovider','https://serviceprovider.com'),('WSS912','WSS912Name',3,1,3,'serviceprovider','https://serviceprovider.com'),('WSS913','WSS913Name',3,1,3,'serviceprovider','https://serviceprovider.com'),('WSS914','WSS914Name',3,1,3,'serviceprovider','https://serviceprovider.com'),('WSS915','WSS915Name',3,1,3,'serviceprovider','https://serviceprovider.com'),('WSS916','WSS916Name',3,1,3,'serviceprovider','https://serviceprovider.com'),('WSS917','WSS917Name',3,1,3,'serviceprovider','https://serviceprovider.com'),('WSS918','WSS918Name',3,1,3,'serviceprovider','https://serviceprovider.com'),('WSS919','WSS919Name',3,1,3,'serviceprovider','https://serviceprovider.com'),('WSS92','WSS92Name',3,1,3,'serviceprovider','https://serviceprovider.com'),('WSS920','WSS920Name',3,1,3,'serviceprovider','https://serviceprovider.com'),('WSS921','WSS921Name',3,1,3,'serviceprovider','https://serviceprovider.com'),('WSS922','WSS922Name',3,1,3,'serviceprovider','https://serviceprovider.com'),('WSS923','WSS923Name',3,1,3,'serviceprovider','https://serviceprovider.com'),('WSS924','WSS924Name',3,1,3,'serviceprovider','https://serviceprovider.com'),('WSS925','WSS925Name',3,1,3,'serviceprovider','https://serviceprovider.com'),('WSS926','WSS926Name',3,1,3,'serviceprovider','https://serviceprovider.com'),('WSS927','WSS927Name',3,1,3,'serviceprovider','https://serviceprovider.com'),('WSS928','WSS928Name',3,1,3,'serviceprovider','https://serviceprovider.com'),('WSS929','WSS929Name',3,1,3,'serviceprovider','https://serviceprovider.com'),('WSS93','WSS93Name',3,1,3,'serviceprovider','https://serviceprovider.com'),('WSS930','WSS930Name',3,1,3,'serviceprovider','https://serviceprovider.com'),('WSS931','WSS931Name',3,1,3,'serviceprovider','https://serviceprovider.com'),('WSS932','WSS932Name',3,1,3,'serviceprovider','https://serviceprovider.com'),('WSS933','WSS933Name',3,1,3,'serviceprovider','https://serviceprovider.com'),('WSS934','WSS934Name',3,1,3,'serviceprovider','https://serviceprovider.com'),('WSS935','WSS935Name',3,1,3,'serviceprovider','https://serviceprovider.com'),('WSS936','WSS936Name',3,1,3,'serviceprovider','https://serviceprovider.com'),('WSS937','WSS937Name',3,1,3,'serviceprovider','https://serviceprovider.com'),('WSS938','WSS938Name',3,1,3,'serviceprovider','https://serviceprovider.com'),('WSS939','WSS939Name',3,1,3,'serviceprovider','https://serviceprovider.com'),('WSS94','WSS94Name',3,1,3,'serviceprovider','https://serviceprovider.com'),('WSS940','WSS940Name',3,1,3,'serviceprovider','https://serviceprovider.com'),('WSS941','WSS941Name',3,1,3,'serviceprovider','https://serviceprovider.com'),('WSS942','WSS942Name',3,1,3,'serviceprovider','https://serviceprovider.com'),('WSS943','WSS943Name',3,1,3,'serviceprovider','https://serviceprovider.com'),('WSS944','WSS944Name',3,1,3,'serviceprovider','https://serviceprovider.com'),('WSS945','WSS945Name',3,1,3,'serviceprovider','https://serviceprovider.com'),('WSS946','WSS946Name',3,1,3,'serviceprovider','https://serviceprovider.com'),('WSS947','WSS947Name',3,1,3,'serviceprovider','https://serviceprovider.com'),('WSS948','WSS948Name',3,1,3,'serviceprovider','https://serviceprovider.com'),('WSS949','WSS949Name',3,1,3,'serviceprovider','https://serviceprovider.com'),('WSS95','WSS95Name',3,1,3,'serviceprovider','https://serviceprovider.com'),('WSS950','WSS950Name',3,1,3,'serviceprovider','https://serviceprovider.com'),('WSS951','WSS951Name',3,1,3,'serviceprovider','https://serviceprovider.com'),('WSS952','WSS952Name',3,1,3,'serviceprovider','https://serviceprovider.com'),('WSS953','WSS953Name',3,1,3,'serviceprovider','https://serviceprovider.com'),('WSS954','WSS954Name',3,1,3,'serviceprovider','https://serviceprovider.com'),('WSS955','WSS955Name',3,1,3,'serviceprovider','https://serviceprovider.com'),('WSS956','WSS956Name',3,1,3,'serviceprovider','https://serviceprovider.com'),('WSS957','WSS957Name',3,1,3,'serviceprovider','https://serviceprovider.com'),('WSS958','WSS958Name',3,1,3,'serviceprovider','https://serviceprovider.com'),('WSS959','WSS959Name',3,1,3,'serviceprovider','https://serviceprovider.com'),('WSS96','WSS96Name',3,1,3,'serviceprovider','https://serviceprovider.com'),('WSS960','WSS960Name',3,1,3,'serviceprovider','https://serviceprovider.com'),('WSS961','WSS961Name',3,1,3,'serviceprovider','https://serviceprovider.com'),('WSS962','WSS962Name',3,1,3,'serviceprovider','https://serviceprovider.com'),('WSS963','WSS963Name',3,1,3,'serviceprovider','https://serviceprovider.com'),('WSS964','WSS964Name',3,1,3,'serviceprovider','https://serviceprovider.com'),('WSS965','WSS965Name',3,1,3,'serviceprovider','https://serviceprovider.com'),('WSS966','WSS966Name',3,1,3,'serviceprovider','https://serviceprovider.com'),('WSS967','WSS967Name',3,1,3,'serviceprovider','https://serviceprovider.com'),('WSS968','WSS968Name',3,1,3,'serviceprovider','https://serviceprovider.com'),('WSS969','WSS969Name',3,1,3,'serviceprovider','https://serviceprovider.com'),('WSS97','WSS97Name',3,1,3,'serviceprovider','https://serviceprovider.com'),('WSS970','WSS970Name',3,1,3,'serviceprovider','https://serviceprovider.com'),('WSS971','WSS971Name',3,1,3,'serviceprovider','https://serviceprovider.com'),('WSS972','WSS972Name',3,1,3,'serviceprovider','https://serviceprovider.com'),('WSS973','WSS973Name',3,1,3,'serviceprovider','https://serviceprovider.com'),('WSS974','WSS974Name',3,1,3,'serviceprovider','https://serviceprovider.com'),('WSS975','WSS975Name',3,1,3,'serviceprovider','https://serviceprovider.com'),('WSS976','WSS976Name',3,1,3,'serviceprovider','https://serviceprovider.com'),('WSS977','WSS977Name',3,1,3,'serviceprovider','https://serviceprovider.com'),('WSS978','WSS978Name',3,1,3,'serviceprovider','https://serviceprovider.com'),('WSS979','WSS979Name',3,1,3,'serviceprovider','https://serviceprovider.com'),('WSS98','WSS98Name',3,1,3,'serviceprovider','https://serviceprovider.com'),('WSS980','WSS980Name',3,1,3,'serviceprovider','https://serviceprovider.com'),('WSS981','WSS981Name',3,1,3,'serviceprovider','https://serviceprovider.com'),('WSS982','WSS982Name',3,1,3,'serviceprovider','https://serviceprovider.com'),('WSS983','WSS983Name',3,1,3,'serviceprovider','https://serviceprovider.com'),('WSS984','WSS984Name',3,1,3,'serviceprovider','https://serviceprovider.com'),('WSS985','WSS985Name',3,1,3,'serviceprovider','https://serviceprovider.com'),('WSS986','WSS986Name',3,1,3,'serviceprovider','https://serviceprovider.com'),('WSS987','WSS987Name',3,1,3,'serviceprovider','https://serviceprovider.com'),('WSS988','WSS988Name',3,1,3,'serviceprovider','https://serviceprovider.com'),('WSS989','WSS989Name',3,1,3,'serviceprovider','https://serviceprovider.com'),('WSS99','WSS99Name',3,1,3,'serviceprovider','https://serviceprovider.com'),('WSS990','WSS990Name',3,1,3,'serviceprovider','https://serviceprovider.com'),('WSS991','WSS991Name',3,1,3,'serviceprovider','https://serviceprovider.com'),('WSS992','WSS992Name',3,1,3,'serviceprovider','https://serviceprovider.com'),('WSS993','WSS993Name',3,1,3,'serviceprovider','https://serviceprovider.com'),('WSS994','WSS994Name',3,1,3,'serviceprovider','https://serviceprovider.com'),('WSS995','WSS995Name',3,1,3,'serviceprovider','https://serviceprovider.com'),('WSS996','WSS996Name',3,1,3,'serviceprovider','https://serviceprovider.com'),('WSS997','WSS997Name',3,1,3,'serviceprovider','https://serviceprovider.com'),('WSS998','WSS998Name',3,1,3,'serviceprovider','https://serviceprovider.com'),('WSS999','WSS999Name',3,1,3,'serviceprovider','https://serviceprovider.com');
/*!40000 ALTER TABLE `webservicelist` ENABLE KEYS */;
UNLOCK TABLES;
/*!40103 SET TIME_ZONE=@OLD_TIME_ZONE */;

/*!40101 SET SQL_MODE=@OLD_SQL_MODE */;
/*!40014 SET FOREIGN_KEY_CHECKS=@OLD_FOREIGN_KEY_CHECKS */;
/*!40014 SET UNIQUE_CHECKS=@OLD_UNIQUE_CHECKS */;
/*!40101 SET CHARACTER_SET_CLIENT=@OLD_CHARACTER_SET_CLIENT */;
/*!40101 SET CHARACTER_SET_RESULTS=@OLD_CHARACTER_SET_RESULTS */;
/*!40101 SET COLLATION_CONNECTION=@OLD_COLLATION_CONNECTION */;
/*!40111 SET SQL_NOTES=@OLD_SQL_NOTES */;

-- Dump completed on 2023-07-04 11:15:56
